signal_timestamp,entry_timestamp,exit_timestamp,long_count,short_count,gross_exposure,net_exposure,entry_notional,exit_notional,executed_round_trip_turnover,holding_bars,holding_minutes,previous_signal_timestamp,absolute_weight_change,one_way_turnover,opened_notional,closed_notional,flipped_notional,unchanged_notional
2026-06-10 09:20:00+05:30,2026-06-10 09:25:00+05:30,2026-06-10 09:25:00+05:30,10,9,1.0,5.551115123125783e-17,1.0,1.0,2.0,1,5.0,,,,,,,
2026-06-10 09:25:00+05:30,2026-06-10 09:30:00+05:30,2026-06-10 09:30:00+05:30,10,9,1.0,5.551115123125783e-17,1.0,1.0,2.0,1,5.0,2026-06-10 09:20:00+05:30,0.8444444444444443,0.42222222222222217,0.0,0.0,0.8444444444444443,0.5777777777777778
2026-06-10 09:30:00+05:30,2026-06-10 09:35:00+05:30,2026-06-10 09:35:00+05:30,9,10,1.0,-4.163336342344337e-17,1.0,1.0,2.0,1,5.0,2026-06-10 09:25:00+05:30,1.2000000000000002,0.6000000000000001,0.0,0.0,1.1555555555555557,0.4222222222222222
2026-06-10 09:35:00+05:30,2026-06-10 09:40:00+05:30,2026-06-10 09:40:00+05:30,9,10,1.0000000000000002,-4.163336342344337e-17,1.0,1.0,2.0,1,5.0,2026-06-10 09:30:00+05:30,1.2666666666666668,0.6333333333333334,0.0,0.0,1.2666666666666668,0.36666666666666664
2026-06-10 09:40:00+05:30,2026-06-10 09:45:00+05:30,2026-06-10 09:45:00+05:30,9,10,1.0,-5.551115123125783e-17,1.0,1.0,2.0,1,5.0,2026-06-10 09:35:00+05:30,0.8444444444444443,0.42222222222222217,0.0,0.0,0.8444444444444443,0.5777777777777777
2026-06-10 09:45:00+05:30,2026-06-10 09:50:00+05:30,2026-06-10 09:50:00+05:30,10,9,1.0,5.551115123125783e-17,1.0,1.0,2.0,1,5.0,2026-06-10 09:40:00+05:30,0.8,0.4,0.0,0.0,0.7333333333333334,0.6333333333333334
2026-06-10 09:50:00+05:30,2026-06-10 09:55:00+05:30,2026-06-10 09:55:00+05:30,13,6,0.9999999999999999,5.551115123125783e-17,1.0,1.0,2.0,1,5.0,2026-06-10 09:45:00+05:30,0.752136752136752,0.376068376068376,0.0,0.0,0.5094017094017094,0.7628205128205128
2026-06-10 09:55:00+05:30,2026-06-10 10:00:00+05:30,2026-06-10 10:00:00+05:30,11,8,1.0,2.7755575615628914e-17,1.0,1.0,2.0,1,5.0,2026-06-10 09:50:00+05:30,1.4134615384615388,0.7067307692307694,0.0,0.0,1.3506701631701632,0.33522727272727276
2026-06-10 10:00:00+05:30,2026-06-10 10:05:00+05:30,2026-06-10 10:05:00+05:30,8,11,1.0,-2.7755575615628914e-17,1.0,1.0,2.0,1,5.0,2026-06-10 09:55:00+05:30,1.2727272727272727,0.6363636363636364,0.0,0.0,1.1363636363636362,0.4318181818181818
2026-06-10 10:05:00+05:30,2026-06-10 10:10:00+05:30,2026-06-10 10:10:00+05:30,13,6,1.0000000000000002,5.551115123125783e-17,1.0,1.0,2.0,1,5.0,2026-06-10 10:00:00+05:30,1.0069930069930069,0.5034965034965034,0.0,0.0,0.6493298368298368,0.6858974358974359
2026-06-10 10:10:00+05:30,2026-06-10 10:15:00+05:30,2026-06-10 10:15:00+05:30,9,10,1.0,-4.163336342344337e-17,1.0,1.0,2.0,1,5.0,2026-06-10 10:05:00+05:30,1.0615384615384613,0.5307692307692307,0.0,0.0,0.8085470085470086,0.5888888888888889
2026-06-10 10:15:00+05:30,2026-06-10 10:20:00+05:30,2026-06-10 10:20:00+05:30,10,9,1.0,5.551115123125783e-17,1.0,1.0,2.0,1,5.0,2026-06-10 10:10:00+05:30,1.4000000000000001,0.7000000000000001,0.0,0.0,1.3666666666666667,0.31666666666666665
2026-06-10 10:20:00+05:30,2026-06-10 10:25:00+05:30,2026-06-10 10:25:00+05:30,7,12,0.9999999999999998,1.3877787807814457e-17,1.0,1.0,2.0,1,5.0,2026-06-10 10:15:00+05:30,1.2833333333333332,0.6416666666666666,0.0,0.0,1.1496031746031745,0.42261904761904767
2026-06-10 10:25:00+05:30,2026-06-10 10:30:00+05:30,2026-06-10 10:30:00+05:30,9,10,1.0,-4.163336342344337e-17,1.0,1.0,2.0,1,5.0,2026-06-10 10:20:00+05:30,0.9722222222222221,0.48611111111111105,0.0,0.0,0.8503968253968254,0.5722222222222223
2026-06-10 10:30:00+05:30,2026-06-10 10:35:00+05:30,2026-06-10 10:35:00+05:30,11,8,1.0,1.3877787807814457e-17,1.0,1.0,2.0,1,5.0,2026-06-10 10:25:00+05:30,1.1454545454545453,0.5727272727272726,0.0,0.0,1.044949494949495,0.4772727272727273
2026-06-10 10:35:00+05:30,2026-06-10 10:40:00+05:30,2026-06-10 10:40:00+05:30,9,10,1.0,-5.551115123125783e-17,1.0,1.0,2.0,1,5.0,2026-06-10 10:30:00+05:30,0.9545454545454545,0.47727272727272724,0.0,0.0,0.831439393939394,0.5833333333333334
2026-06-10 10:40:00+05:30,2026-06-10 10:45:00+05:30,2026-06-10 10:45:00+05:30,12,7,0.9999999999999998,0.0,1.0,1.0,2.0,1,5.0,2026-06-10 10:35:00+05:30,1.2833333333333332,0.6416666666666666,0.0,0.0,1.1496031746031745,0.4226190476190476
2026-06-10 10:45:00+05:30,2026-06-10 10:50:00+05:30,2026-06-10 10:50:00+05:30,11,8,1.0,2.7755575615628914e-17,1.0,1.0,2.0,1,5.0,2026-06-10 10:40:00+05:30,0.8333333333333333,0.41666666666666663,0.0,0.0,0.7673160173160173,0.6136363636363636
2026-06-10 10:50:00+05:30,2026-06-10 10:55:00+05:30,2026-06-10 10:55:00+05:30,9,10,1.0,-5.551115123125783e-17,1.0,1.0,2.0,1,5.0,2026-06-10 10:45:00+05:30,0.9545454545454545,0.47727272727272724,0.0,0.0,0.831439393939394,0.5833333333333334
2026-06-10 10:55:00+05:30,2026-06-10 11:00:00+05:30,2026-06-10 11:00:00+05:30,11,8,0.9999999999999999,4.163336342344337e-17,1.0,1.0,2.0,1,5.0,2026-06-10 10:50:00+05:30,0.9545454545454544,0.4772727272727272,0.0,0.0,0.831439393939394,0.5852272727272727
2026-06-10 11:00:00+05:30,2026-06-10 11:05:00+05:30,2026-06-10 11:05:00+05:30,12,7,0.9999999999999998,0.0,1.0,1.0,2.0,1,5.0,2026-06-10 10:55:00+05:30,1.0416666666666667,0.5208333333333334,0.0,0.0,0.9883658008658008,0.5059523809523809
2026-06-10 11:05:00+05:30,2026-06-10 11:10:00+05:30,2026-06-10 11:10:00+05:30,11,8,1.0,1.3877787807814457e-17,1.0,1.0,2.0,1,5.0,2026-06-10 11:00:00+05:30,1.0416666666666667,0.5208333333333334,0.0,0.0,0.9883658008658008,0.5056818181818182
2026-06-10 11:10:00+05:30,2026-06-10 11:15:00+05:30,2026-06-10 11:15:00+05:30,9,10,1.0,-5.551115123125783e-17,1.0,1.0,2.0,1,5.0,2026-06-10 11:05:00+05:30,0.9545454545454544,0.4772727272727272,0.0,0.0,0.831439393939394,0.5833333333333334
2026-06-10 11:15:00+05:30,2026-06-10 11:20:00+05:30,2026-06-10 11:20:00+05:30,10,9,1.0,5.551115123125783e-17,1.0,1.0,2.0,1,5.0,2026-06-10 11:10:00+05:30,0.9999999999999999,0.49999999999999994,0.0,0.0,0.9444444444444445,0.5277777777777778
2026-06-10 11:20:00+05:30,2026-06-10 11:25:00+05:30,2026-06-10 11:25:00+05:30,10,9,1.0,5.551115123125783e-17,1.0,1.0,2.0,1,5.0,2026-06-10 11:15:00+05:30,1.477777777777778,0.738888888888889,0.0,0.0,1.477777777777778,0.2611111111111111
2026-06-10 11:25:00+05:30,2026-06-10 11:30:00+05:30,2026-06-10 11:30:00+05:30,14,5,1.0,-5.551115123125783e-17,1.0,1.0,2.0,1,5.0,2026-06-10 11:20:00+05:30,1.277777777777778,0.638888888888889,0.0,0.0,1.088888888888889,0.44999999999999996
2026-06-10 11:30:00+05:30,2026-06-10 11:35:00+05:30,2026-06-10 11:35:00+05:30,11,8,1.0,2.7755575615628914e-17,1.0,1.0,2.0,1,5.0,2026-06-10 11:25:00+05:30,1.1785714285714286,0.5892857142857143,0.0,0.0,1.0256493506493507,0.48863636363636365
2026-06-10 11:35:00+05:30,2026-06-10 11:40:00+05:30,2026-06-10 11:40:00+05:30,11,8,1.0,0.0,1.0,1.0,2.0,1,5.0,2026-06-10 11:30:00+05:30,0.8636363636363635,0.43181818181818177,0.0,0.0,0.8636363636363635,0.5681818181818181
2026-06-10 11:40:00+05:30,2026-06-10 11:45:00+05:30,2026-06-10 11:45:00+05:30,11,8,1.0,1.3877787807814457e-17,1.0,1.0,2.0,1,5.0,2026-06-10 11:35:00+05:30,0.6477272727272727,0.32386363636363635,0.0,0.0,0.6477272727272727,0.6761363636363635
2026-06-10 11:45:00+05:30,2026-06-10 11:50:00+05:30,2026-06-10 11:50:00+05:30,7,12,0.9999999999999998,1.3877787807814457e-17,1.0,1.0,2.0,1,5.0,2026-06-10 11:40:00+05:30,1.0454545454545454,0.5227272727272727,0.0,0.0,0.7905844155844157,0.6071428571428571
2026-06-10 11:50:00+05:30,2026-06-10 11:55:00+05:30,2026-06-10 11:55:00+05:30,7,12,0.9999999999999998,1.3877787807814457e-17,1.0,1.0,2.0,1,5.0,2026-06-10 11:45:00+05:30,1.357142857142857,0.6785714285714285,0.0,0.0,1.357142857142857,0.3214285714285714
2026-06-10 11:55:00+05:30,2026-06-10 12:00:00+05:30,2026-06-10 12:00:00+05:30,11,8,1.0,1.3877787807814457e-17,1.0,1.0,2.0,1,5.0,2026-06-10 11:50:00+05:30,1.0454545454545454,0.5227272727272727,0.0,0.0,0.7905844155844157,0.6022727272727273
2026-06-10 12:00:00+05:30,2026-06-10 12:05:00+05:30,2026-06-10 12:05:00+05:30,8,11,1.0,-2.7755575615628914e-17,1.0,1.0,2.0,1,5.0,2026-06-10 11:55:00+05:30,1.2727272727272727,0.6363636363636364,0.0,0.0,1.1363636363636362,0.4318181818181819
2026-06-10 12:05:00+05:30,2026-06-10 12:10:00+05:30,2026-06-10 12:10:00+05:30,10,9,1.0,4.163336342344337e-17,1.0,1.0,2.0,1,5.0,2026-06-10 12:00:00+05:30,0.9545454545454545,0.47727272727272724,0.0,0.0,0.831439393939394,0.5833333333333334
2026-06-10 12:10:00+05:30,2026-06-10 12:15:00+05:30,2026-06-10 12:15:00+05:30,11,8,0.9999999999999999,0.0,1.0,1.0,2.0,1,5.0,2026-06-10 12:05:00+05:30,1.2121212121212122,0.6060606060606061,0.0,0.0,1.1685606060606062,0.4147727272727273
2026-06-10 12:15:00+05:30,2026-06-10 12:20:00+05:30,2026-06-10 12:20:00+05:30,13,6,1.0,5.551115123125783e-17,1.0,1.0,2.0,1,5.0,2026-06-10 12:10:00+05:30,1.2115384615384617,0.6057692307692308,0.0,0.0,1.120920745920746,0.4358974358974359
2026-06-10 12:20:00+05:30,2026-06-10 12:25:00+05:30,2026-06-10 12:25:00+05:30,8,11,0.9999999999999999,-1.3877787807814457e-17,1.0,1.0,2.0,1,5.0,2026-06-10 12:15:00+05:30,1.3426573426573427,0.6713286713286714,0.0,0.0,1.1088286713286712,0.4488636363636364
2026-06-10 12:25:00+05:30,2026-06-10 12:30:00+05:30,2026-06-10 12:30:00+05:30,11,8,0.9999999999999999,0.0,1.0,1.0,2.0,1,5.0,2026-06-10 12:20:00+05:30,1.4545454545454546,0.7272727272727273,0.0,0.0,1.352272727272727,0.32386363636363635
2026-06-10 12:30:00+05:30,2026-06-10 12:35:00+05:30,2026-06-10 12:35:00+05:30,9,10,1.0,-4.163336342344337e-17,1.0,1.0,2.0,1,5.0,2026-06-10 12:25:00+05:30,1.1454545454545455,0.5727272727272728,0.0,0.0,1.044949494949495,0.4777777777777778
2026-06-10 12:35:00+05:30,2026-06-10 12:40:00+05:30,2026-06-10 12:40:00+05:30,10,9,1.0,5.551115123125783e-17,1.0,1.0,2.0,1,5.0,2026-06-10 12:30:00+05:30,1.2000000000000002,0.6000000000000001,0.0,0.0,1.1555555555555557,0.42222222222222217
2026-06-10 12:40:00+05:30,2026-06-10 12:45:00+05:30,2026-06-10 12:45:00+05:30,9,10,1.0,-5.551115123125783e-17,1.0,1.0,2.0,1,5.0,2026-06-10 12:35:00+05:30,1.4000000000000001,0.7000000000000001,0.0,0.0,1.3666666666666667,0.31666666666666665
2026-06-10 12:45:00+05:30,2026-06-10 12:50:00+05:30,2026-06-10 12:50:00+05:30,10,9,1.0,4.163336342344337e-17,1.0,1.0,2.0,1,5.0,2026-06-10 12:40:00+05:30,1.2000000000000002,0.6000000000000001,0.0,0.0,1.1555555555555557,0.4222222222222222
2026-06-10 12:50:00+05:30,2026-06-10 12:55:00+05:30,2026-06-10 12:55:00+05:30,10,9,1.0,4.163336342344337e-17,1.0,1.0,2.0,1,5.0,2026-06-10 12:45:00+05:30,0.8444444444444443,0.42222222222222217,0.0,0.0,0.8444444444444443,0.5777777777777777
2026-06-10 12:55:00+05:30,2026-06-10 13:00:00+05:30,2026-06-10 13:00:00+05:30,9,10,1.0,-4.163336342344337e-17,1.0,1.0,2.0,1,5.0,2026-06-10 12:50:00+05:30,0.7999999999999999,0.39999999999999997,0.0,0.0,0.7333333333333333,0.6333333333333334
2026-06-10 13:00:00+05:30,2026-06-10 13:05:00+05:30,2026-06-10 13:05:00+05:30,10,9,1.0,4.163336342344337e-17,1.0,1.0,2.0,1,5.0,2026-06-10 12:55:00+05:30,0.9999999999999999,0.49999999999999994,0.0,0.0,0.9444444444444444,0.5277777777777778
2026-06-10 13:05:00+05:30,2026-06-10 13:10:00+05:30,2026-06-10 13:10:00+05:30,13,6,0.9999999999999999,5.551115123125783e-17,1.0,1.0,2.0,1,5.0,2026-06-10 13:00:00+05:30,1.128205128205128,0.564102564102564,0.0,0.0,0.9641025641025641,0.5192307692307692
2026-06-10 13:10:00+05:30,2026-06-10 13:15:00+05:30,2026-06-10 13:15:00+05:30,10,9,1.0,5.551115123125783e-17,1.0,1.0,2.0,1,5.0,2026-06-10 13:05:00+05:30,0.94017094017094,0.47008547008547,0.0,0.0,0.7367521367521367,0.6222222222222223
2026-06-10 13:15:00+05:30,2026-06-10 13:20:00+05:30,2026-06-10 13:20:00+05:30,8,11,1.0,-1.3877787807814457e-17,1.0,1.0,2.0,1,5.0,2026-06-10 13:10:00+05:30,0.9545454545454545,0.47727272727272724,0.0,0.0,0.831439393939394,0.5852272727272727
2026-06-10 13:20:00+05:30,2026-06-10 13:25:00+05:30,2026-06-10 13:25:00+05:30,11,8,1.0,0.0,1.0,1.0,2.0,1,5.0,2026-06-10 13:15:00+05:30,1.4545454545454546,0.7272727272727273,0.0,0.0,1.3522727272727273,0.32386363636363635
2026-06-10 13:25:00+05:30,2026-06-10 13:30:00+05:30,2026-06-10 13:30:00+05:30,11,8,0.9999999999999999,4.163336342344337e-17,1.0,1.0,2.0,1,5.0,2026-06-10 13:20:00+05:30,1.2954545454545454,0.6477272727272727,0.0,0.0,1.2954545454545454,0.3522727272727273
2026-06-10 13:30:00+05:30,2026-06-10 13:35:00+05:30,2026-06-10 13:35:00+05:30,8,11,1.0,0.0,1.0,1.0,2.0,1,5.0,2026-06-10 13:25:00+05:30,0.9090909090909092,0.4545454545454546,0.0,0.0,0.7045454545454546,0.6477272727272727
2026-06-10 13:35:00+05:30,2026-06-10 13:40:00+05:30,2026-06-10 13:40:00+05:30,10,9,1.0,5.551115123125783e-17,1.0,1.0,2.0,1,5.0,2026-06-10 13:30:00+05:30,1.3363636363636362,0.6681818181818181,0.0,0.0,1.2584595959595961,0.37222222222222223
2026-06-10 13:40:00+05:30,2026-06-10 13:45:00+05:30,2026-06-10 13:45:00+05:30,9,10,1.0,-6.938893903907228e-17,1.0,1.0,2.0,1,5.0,2026-06-10 13:35:00+05:30,1.2000000000000002,0.6000000000000001,0.0,0.0,1.1555555555555557,0.4222222222222222
2026-06-10 13:45:00+05:30,2026-06-10 13:50:00+05:30,2026-06-10 13:50:00+05:30,7,12,0.9999999999999998,1.3877787807814457e-17,1.0,1.0,2.0,1,5.0,2026-06-10 13:40:00+05:30,1.1666666666666665,0.5833333333333333,0.0,0.0,1.069047619047619,0.4642857142857143
2026-06-10 13:50:00+05:30,2026-06-10 13:55:00+05:30,2026-06-10 13:55:00+05:30,9,10,1.0,-5.551115123125783e-17,1.0,1.0,2.0,1,5.0,2026-06-10 13:45:00+05:30,1.1666666666666665,0.5833333333333333,0.0,0.0,1.069047619047619,0.4666666666666666
2026-06-10 13:55:00+05:30,2026-06-10 14:00:00+05:30,2026-06-10 14:00:00+05:30,11,8,0.9999999999999999,2.7755575615628914e-17,1.0,1.0,2.0,1,5.0,2026-06-10 13:50:00+05:30,1.3363636363636364,0.6681818181818182,0.0,0.0,1.258459595959596,0.3693181818181818
2026-06-10 14:00:00+05:30,2026-06-10 14:05:00+05:30,2026-06-10 14:05:00+05:30,7,12,0.9999999999999998,1.3877787807814457e-17,1.0,1.0,2.0,1,5.0,2026-06-10 13:55:00+05:30,1.3939393939393938,0.6969696969696969,0.0,0.0,1.2326839826839828,0.38095238095238093
2026-06-10 14:05:00+05:30,2026-06-10 14:10:00+05:30,2026-06-10 14:10:00+05:30,11,8,0.9999999999999999,4.163336342344337e-17,1.0,1.0,2.0,1,5.0,2026-06-10 14:00:00+05:30,1.5681818181818183,0.7840909090909092,0.0,0.0,1.4537337662337664,0.27840909090909094
2026-06-10 14:10:00+05:30,2026-06-10 14:15:00+05:30,2026-06-10 14:15:00+05:30,8,11,1.0,-1.3877787807814457e-17,1.0,1.0,2.0,1,5.0,2026-06-10 14:05:00+05:30,0.9090909090909092,0.4545454545454546,0.0,0.0,0.7045454545454546,0.6477272727272727
2026-06-10 14:15:00+05:30,2026-06-10 14:20:00+05:30,2026-06-10 14:20:00+05:30,11,8,1.0,1.3877787807814457e-17,1.0,1.0,2.0,1,5.0,2026-06-10 14:10:00+05:30,1.272727272727273,0.6363636363636365,0.0,0.0,1.1363636363636362,0.4318181818181818
2026-06-10 14:20:00+05:30,2026-06-10 14:25:00+05:30,2026-06-10 14:25:00+05:30,12,7,0.9999999999999998,-1.3877787807814457e-17,1.0,1.0,2.0,1,5.0,2026-06-10 14:15:00+05:30,0.8333333333333333,0.41666666666666663,0.0,0.0,0.7673160173160172,0.619047619047619
2026-06-10 14:25:00+05:30,2026-06-10 14:30:00+05:30,2026-06-10 14:30:00+05:30,11,8,1.0,2.7755575615628914e-17,1.0,1.0,2.0,1,5.0,2026-06-10 14:20:00+05:30,1.0416666666666667,0.5208333333333334,0.0,0.0,0.9883658008658007,0.5056818181818181
2026-06-10 14:30:00+05:30,2026-06-10 14:35:00+05:30,2026-06-10 14:35:00+05:30,9,10,1.0,-5.551115123125783e-17,1.0,1.0,2.0,1,5.0,2026-06-10 14:25:00+05:30,1.3363636363636364,0.6681818181818182,0.0,0.0,1.2584595959595961,0.3722222222222222
2026-06-10 14:35:00+05:30,2026-06-10 14:40:00+05:30,2026-06-10 14:40:00+05:30,8,11,1.0,-1.3877787807814457e-17,1.0,1.0,2.0,1,5.0,2026-06-10 14:30:00+05:30,1.2121212121212122,0.6060606060606061,0.0,0.0,1.1685606060606062,0.4147727272727273
2026-06-10 14:40:00+05:30,2026-06-10 14:45:00+05:30,2026-06-10 14:45:00+05:30,10,9,1.0,5.551115123125783e-17,1.0,1.0,2.0,1,5.0,2026-06-10 14:35:00+05:30,1.3363636363636362,0.6681818181818181,0.0,0.0,1.2584595959595961,0.3722222222222222
2026-06-10 14:45:00+05:30,2026-06-10 14:50:00+05:30,2026-06-10 14:50:00+05:30,10,9,1.0,4.163336342344337e-17,1.0,1.0,2.0,1,5.0,2026-06-10 14:40:00+05:30,1.0555555555555556,0.5277777777777778,0.0,0.0,1.0555555555555556,0.47222222222222215
2026-06-10 14:50:00+05:30,2026-06-10 14:55:00+05:30,2026-06-10 14:55:00+05:30,13,6,1.0,5.551115123125783e-17,1.0,1.0,2.0,1,5.0,2026-06-10 14:45:00+05:30,1.316239316239316,0.658119658119658,0.0,0.0,1.1914529914529917,0.39743589743589747
2026-06-10 14:55:00+05:30,2026-06-10 15:00:00+05:30,2026-06-10 15:00:00+05:30,10,9,1.0,5.551115123125783e-17,1.0,1.0,2.0,1,5.0,2026-06-10 14:50:00+05:30,1.5042735042735043,0.7521367521367521,0.0,0.0,1.4188034188034186,0.3055555555555555
2026-06-10 15:00:00+05:30,2026-06-10 15:05:00+05:30,2026-06-10 15:05:00+05:30,9,10,1.0,-4.163336342344337e-17,1.0,1.0,2.0,1,5.0,2026-06-10 14:55:00+05:30,1.4000000000000001,0.7000000000000001,0.0,0.0,1.3666666666666667,0.31666666666666665
2026-06-10 15:05:00+05:30,2026-06-10 15:10:00+05:30,2026-06-10 15:10:00+05:30,7,12,0.9999999999999998,0.0,1.0,1.0,2.0,1,5.0,2026-06-10 15:00:00+05:30,1.3611111111111112,0.6805555555555556,0.0,0.0,1.2876984126984126,0.35119047619047616
2026-06-10 15:10:00+05:30,2026-06-10 15:15:00+05:30,2026-06-10 15:15:00+05:30,8,11,0.9999999999999999,-2.7755575615628914e-17,1.0,1.0,2.0,1,5.0,2026-06-10 15:05:00+05:30,0.8333333333333333,0.41666666666666663,0.0,0.0,0.7673160173160173,0.6136363636363635
2026-06-10 15:15:00+05:30,2026-06-10 15:20:00+05:30,2026-06-10 15:20:00+05:30,9,10,1.0,-5.551115123125783e-17,1.0,1.0,2.0,1,5.0,2026-06-10 15:10:00+05:30,1.2121212121212122,0.6060606060606061,0.0,0.0,1.1685606060606062,0.41666666666666674
2026-06-10 15:20:00+05:30,2026-06-10 15:25:00+05:30,2026-06-10 15:25:00+05:30,8,11,1.0,0.0,1.0,1.0,2.0,1,5.0,2026-06-10 15:15:00+05:30,0.808080808080808,0.404040404040404,0.0,0.0,0.7415404040404041,0.6306818181818181
2026-06-11 09:15:00+05:30,2026-06-11 09:20:00+05:30,2026-06-11 09:20:00+05:30,6,13,0.9999999999999999,-5.551115123125783e-17,1.0,1.0,2.0,1,5.0,2026-06-10 15:20:00+05:30,1.2115384615384617,0.6057692307692308,0.0,0.0,1.120920745920746,0.4358974358974359
2026-06-11 09:20:00+05:30,2026-06-11 09:25:00+05:30,2026-06-11 09:25:00+05:30,10,9,1.0,5.551115123125783e-17,1.0,1.0,2.0,1,5.0,2026-06-11 09:15:00+05:30,1.2384615384615383,0.6192307692307691,0.0,0.0,1.035897435897436,0.4833333333333334
2026-06-11 09:25:00+05:30,2026-06-11 09:30:00+05:30,2026-06-11 09:30:00+05:30,12,7,0.9999999999999998,-1.3877787807814457e-17,1.0,1.0,2.0,1,5.0,2026-06-11 09:20:00+05:30,1.5555555555555558,0.7777777777777779,0.0,0.0,1.5063492063492068,0.23809523809523805
2026-06-11 09:30:00+05:30,2026-06-11 09:35:00+05:30,2026-06-11 09:35:00+05:30,8,11,1.0,-2.7755575615628914e-17,1.0,1.0,2.0,1,5.0,2026-06-11 09:25:00+05:30,1.3939393939393938,0.6969696969696969,0.0,0.0,1.2326839826839828,0.38636363636363635
2026-06-11 09:35:00+05:30,2026-06-11 09:40:00+05:30,2026-06-11 09:40:00+05:30,9,10,1.0,-4.163336342344337e-17,1.0,1.0,2.0,1,5.0,2026-06-11 09:30:00+05:30,1.2121212121212122,0.6060606060606061,0.0,0.0,1.1685606060606062,0.41666666666666663
2026-06-11 09:40:00+05:30,2026-06-11 09:45:00+05:30,2026-06-11 09:45:00+05:30,8,11,0.9999999999999999,-2.7755575615628914e-17,1.0,1.0,2.0,1,5.0,2026-06-11 09:35:00+05:30,1.0101010101010102,0.5050505050505051,0.0,0.0,0.955050505050505,0.5227272727272727
2026-06-11 09:45:00+05:30,2026-06-11 09:50:00+05:30,2026-06-11 09:50:00+05:30,8,11,1.0,0.0,1.0,1.0,2.0,1,5.0,2026-06-11 09:40:00+05:30,1.2954545454545454,0.6477272727272727,0.0,0.0,1.2954545454545454,0.3522727272727273
2026-06-11 09:50:00+05:30,2026-06-11 09:55:00+05:30,2026-06-11 09:55:00+05:30,9,10,1.0,-5.551115123125783e-17,1.0,1.0,2.0,1,5.0,2026-06-11 09:45:00+05:30,0.8080808080808082,0.4040404040404041,0.0,0.0,0.7415404040404041,0.6277777777777778
2026-06-11 09:55:00+05:30,2026-06-11 10:00:00+05:30,2026-06-11 10:00:00+05:30,8,11,1.0,-1.3877787807814457e-17,1.0,1.0,2.0,1,5.0,2026-06-11 09:50:00+05:30,1.4141414141414141,0.7070707070707071,0.0,0.0,1.3820707070707072,0.3068181818181818
2026-06-11 10:00:00+05:30,2026-06-11 10:05:00+05:30,2026-06-11 10:05:00+05:30,9,10,1.0000000000000002,-4.163336342344337e-17,1.0,1.0,2.0,1,5.0,2026-06-11 09:55:00+05:30,1.4141414141414144,0.7070707070707072,0.0,0.0,1.3820707070707072,0.3111111111111111
2026-06-11 10:05:00+05:30,2026-06-11 10:10:00+05:30,2026-06-11 10:10:00+05:30,8,11,1.0,-4.163336342344337e-17,1.0,1.0,2.0,1,5.0,2026-06-11 10:00:00+05:30,1.4141414141414144,0.7070707070707072,0.0,0.0,1.3820707070707072,0.3068181818181818
2026-06-11 10:10:00+05:30,2026-06-11 10:15:00+05:30,2026-06-11 10:15:00+05:30,8,11,0.9999999999999999,-1.3877787807814457e-17,1.0,1.0,2.0,1,5.0,2026-06-11 10:05:00+05:30,1.2954545454545454,0.6477272727272727,0.0,0.0,1.2954545454545454,0.3522727272727273
2026-06-11 10:15:00+05:30,2026-06-11 10:20:00+05:30,2026-06-11 10:20:00+05:30,11,8,1.0,2.7755575615628914e-17,1.0,1.0,2.0,1,5.0,2026-06-11 10:10:00+05:30,1.2727272727272725,0.6363636363636362,0.0,0.0,1.1363636363636362,0.4318181818181818
2026-06-11 10:20:00+05:30,2026-06-11 10:25:00+05:30,2026-06-11 10:25:00+05:30,12,7,0.9999999999999998,0.0,1.0,1.0,2.0,1,5.0,2026-06-11 10:15:00+05:30,1.25,0.625,0.0,0.0,1.2094155844155843,0.3928571428571428
2026-06-11 10:25:00+05:30,2026-06-11 10:30:00+05:30,2026-06-11 10:30:00+05:30,12,7,0.9999999999999998,0.0,1.0,1.0,2.0,1,5.0,2026-06-11 10:20:00+05:30,1.130952380952381,0.5654761904761905,0.0,0.0,1.130952380952381,0.43452380952380953
2026-06-11 10:30:00+05:30,2026-06-11 10:35:00+05:30,2026-06-11 10:35:00+05:30,11,8,0.9999999999999999,1.3877787807814457e-17,1.0,1.0,2.0,1,5.0,2026-06-11 10:25:00+05:30,1.0416666666666667,0.5208333333333334,0.0,0.0,0.9883658008658008,0.5056818181818182
2026-06-11 10:35:00+05:30,2026-06-11 10:40:00+05:30,2026-06-11 10:40:00+05:30,7,12,0.9999999999999998,0.0,1.0,1.0,2.0,1,5.0,2026-06-11 10:30:00+05:30,1.0454545454545454,0.5227272727272727,0.0,0.0,0.7905844155844157,0.607142857142857
2026-06-11 10:40:00+05:30,2026-06-11 10:45:00+05:30,2026-06-11 10:45:00+05:30,11,8,0.9999999999999999,2.7755575615628914e-17,1.0,1.0,2.0,1,5.0,2026-06-11 10:35:00+05:30,1.5681818181818181,0.7840909090909091,0.0,0.0,1.4537337662337662,0.27840909090909094
2026-06-11 10:45:00+05:30,2026-06-11 10:50:00+05:30,2026-06-11 10:50:00+05:30,9,10,1.0,-5.551115123125783e-17,1.0,1.0,2.0,1,5.0,2026-06-11 10:40:00+05:30,1.1454545454545455,0.5727272727272728,0.0,0.0,1.0449494949494949,0.47777777777777775
2026-06-11 10:50:00+05:30,2026-06-11 10:55:00+05:30,2026-06-11 10:55:00+05:30,10,9,1.0,4.163336342344337e-17,1.0,1.0,2.0,1,5.0,2026-06-11 10:45:00+05:30,1.2000000000000002,0.6000000000000001,0.0,0.0,1.1555555555555557,0.4222222222222222
2026-06-11 10:55:00+05:30,2026-06-11 11:00:00+05:30,2026-06-11 11:00:00+05:30,12,7,0.9999999999999998,6.938893903907228e-18,1.0,1.0,2.0,1,5.0,2026-06-11 10:50:00+05:30,1.3611111111111112,0.6805555555555556,0.0,0.0,1.2876984126984126,0.3511904761904762
2026-06-11 11:00:00+05:30,2026-06-11 11:05:00+05:30,2026-06-11 11:05:00+05:30,11,8,0.9999999999999999,1.3877787807814457e-17,1.0,1.0,2.0,1,5.0,2026-06-11 10:55:00+05:30,1.0416666666666667,0.5208333333333334,0.0,0.0,0.988365800865801,0.5056818181818182
2026-06-11 11:05:00+05:30,2026-06-11 11:10:00+05:30,2026-06-11 11:10:00+05:30,12,7,0.9999999999999998,-1.3877787807814457e-17,1.0,1.0,2.0,1,5.0,2026-06-11 11:00:00+05:30,0.8333333333333334,0.4166666666666667,0.0,0.0,0.7673160173160172,0.6190476190476188
2026-06-11 11:10:00+05:30,2026-06-11 11:15:00+05:30,2026-06-11 11:15:00+05:30,8,11,1.0,-1.3877787807814457e-17,1.0,1.0,2.0,1,5.0,2026-06-11 11:05:00+05:30,1.3939393939393938,0.6969696969696969,0.0,0.0,1.2326839826839828,0.38636363636363635
2026-06-11 11:15:00+05:30,2026-06-11 11:20:00+05:30,2026-06-11 11:20:00+05:30,11,8,1.0,1.3877787807814457e-17,1.0,1.0,2.0,1,5.0,2026-06-11 11:10:00+05:30,1.2727272727272727,0.6363636363636364,0.0,0.0,1.1363636363636362,0.4318181818181818
2026-06-11 11:20:00+05:30,2026-06-11 11:25:00+05:30,2026-06-11 11:25:00+05:30,9,10,1.0,-5.551115123125783e-17,1.0,1.0,2.0,1,5.0,2026-06-11 11:15:00+05:30,1.5272727272727276,0.7636363636363638,0.0,0.0,1.4719696969696972,0.26666666666666666
2026-06-11 11:25:00+05:30,2026-06-11 11:30:00+05:30,2026-06-11 11:30:00+05:30,10,9,1.0,5.551115123125783e-17,1.0,1.0,2.0,1,5.0,2026-06-11 11:20:00+05:30,0.8,0.4,0.0,0.0,0.7333333333333334,0.6333333333333333
2026-06-11 11:30:00+05:30,2026-06-11 11:35:00+05:30,2026-06-11 11:35:00+05:30,12,7,0.9999999999999998,0.0,1.0,1.0,2.0,1,5.0,2026-06-11 11:25:00+05:30,1.1666666666666665,0.5833333333333333,0.0,0.0,1.069047619047619,0.4642857142857143
2026-06-11 11:35:00+05:30,2026-06-11 11:40:00+05:30,2026-06-11 11:40:00+05:30,10,9,1.0,5.551115123125783e-17,1.0,1.0,2.0,1,5.0,2026-06-11 11:30:00+05:30,1.1666666666666665,0.5833333333333333,0.0,0.0,1.069047619047619,0.4666666666666667
2026-06-11 11:40:00+05:30,2026-06-11 11:45:00+05:30,2026-06-11 11:45:00+05:30,12,7,0.9999999999999998,0.0,1.0,1.0,2.0,1,5.0,2026-06-11 11:35:00+05:30,0.9722222222222222,0.4861111111111111,0.0,0.0,0.8503968253968254,0.5773809523809522
2026-06-11 11:45:00+05:30,2026-06-11 11:50:00+05:30,2026-06-11 11:50:00+05:30,11,8,1.0,2.7755575615628914e-17,1.0,1.0,2.0,1,5.0,2026-06-11 11:40:00+05:30,1.0416666666666665,0.5208333333333333,0.0,0.0,0.9883658008658007,0.5056818181818181
2026-06-11 11:50:00+05:30,2026-06-11 11:55:00+05:30,2026-06-11 11:55:00+05:30,12,7,0.9999999999999998,-1.3877787807814457e-17,1.0,1.0,2.0,1,5.0,2026-06-11 11:45:00+05:30,1.0416666666666667,0.5208333333333334,0.0,0.0,0.9883658008658008,0.5059523809523809
2026-06-11 11:55:00+05:30,2026-06-11 12:00:00+05:30,2026-06-11 12:00:00+05:30,7,12,0.9999999999999998,0.0,1.0,1.0,2.0,1,5.0,2026-06-11 11:50:00+05:30,1.333333333333333,0.6666666666666665,0.0,0.0,1.0952380952380951,0.45238095238095233
2026-06-11 12:00:00+05:30,2026-06-11 12:05:00+05:30,2026-06-11 12:05:00+05:30,11,8,1.0,1.3877787807814457e-17,1.0,1.0,2.0,1,5.0,2026-06-11 11:55:00+05:30,1.393939393939394,0.696969696969697,0.0,0.0,1.2326839826839828,0.3863636363636364
2026-06-11 12:05:00+05:30,2026-06-11 12:10:00+05:30,2026-06-11 12:10:00+05:30,9,10,1.0,-5.551115123125783e-17,1.0,1.0,2.0,1,5.0,2026-06-11 12:00:00+05:30,1.1454545454545453,0.5727272727272726,0.0,0.0,1.044949494949495,0.47777777777777775
2026-06-11 12:10:00+05:30,2026-06-11 12:15:00+05:30,2026-06-11 12:15:00+05:30,13,6,0.9999999999999999,6.938893903907228e-17,1.0,1.0,2.0,1,5.0,2026-06-11 12:05:00+05:30,0.8846153846153846,0.4423076923076923,0.0,0.0,0.5811965811965812,0.7243589743589742
2026-06-11 12:15:00+05:30,2026-06-11 12:20:00+05:30,2026-06-11 12:20:00+05:30,10,9,1.0,5.551115123125783e-17,1.0,1.0,2.0,1,5.0,2026-06-11 12:10:00+05:30,1.5042735042735043,0.7521367521367521,0.0,0.0,1.418803418803419,0.3055555555555555
2026-06-11 12:20:00+05:30,2026-06-11 12:25:00+05:30,2026-06-11 12:25:00+05:30,9,10,1.0,-4.163336342344337e-17,1.0,1.0,2.0,1,5.0,2026-06-11 12:15:00+05:30,1.2,0.6,0.0,0.0,1.1555555555555557,0.4222222222222222
2026-06-11 12:25:00+05:30,2026-06-11 12:30:00+05:30,2026-06-11 12:30:00+05:30,14,5,1.0,-6.938893903907228e-17,1.0,1.0,2.0,1,5.0,2026-06-11 12:20:00+05:30,1.3714285714285712,0.6857142857142856,0.0,0.0,1.1523809523809523,0.41428571428571426
2026-06-11 12:30:00+05:30,2026-06-11 12:35:00+05:30,2026-06-11 12:35:00+05:30,9,10,1.0,-5.551115123125783e-17,1.0,1.0,2.0,1,5.0,2026-06-11 12:25:00+05:30,1.0285714285714285,0.5142857142857142,0.0,0.0,0.6698412698412698,0.6444444444444445
2026-06-11 12:35:00+05:30,2026-06-11 12:40:00+05:30,2026-06-11 12:40:00+05:30,6,13,1.0,-4.163336342344337e-17,1.0,1.0,2.0,1,5.0,2026-06-11 12:30:00+05:30,0.94017094017094,0.47008547008547,0.0,0.0,0.7367521367521367,0.641025641025641
2026-06-11 12:40:00+05:30,2026-06-11 12:45:00+05:30,2026-06-11 12:45:00+05:30,6,13,1.0,-5.551115123125783e-17,1.0,1.0,2.0,1,5.0,2026-06-11 12:35:00+05:30,1.2179487179487178,0.6089743589743589,0.0,0.0,1.2179487179487178,0.391025641025641
2026-06-11 12:45:00+05:30,2026-06-11 12:50:00+05:30,2026-06-11 12:50:00+05:30,9,10,1.0,-5.551115123125783e-17,1.0,1.0,2.0,1,5.0,2026-06-11 12:40:00+05:30,0.94017094017094,0.47008547008547,0.0,0.0,0.7367521367521367,0.6222222222222223
2026-06-11 12:50:00+05:30,2026-06-11 12:55:00+05:30,2026-06-11 12:55:00+05:30,10,9,1.0,5.551115123125783e-17,1.0,1.0,2.0,1,5.0,2026-06-11 12:45:00+05:30,0.9999999999999999,0.49999999999999994,0.0,0.0,0.9444444444444444,0.5277777777777778
2026-06-11 12:55:00+05:30,2026-06-11 13:00:00+05:30,2026-06-11 13:00:00+05:30,11,8,1.0,2.7755575615628914e-17,1.0,1.0,2.0,1,5.0,2026-06-11 12:50:00+05:30,0.8080808080808081,0.40404040404040403,0.0,0.0,0.7415404040404041,0.6306818181818181
2026-06-11 13:00:00+05:30,2026-06-11 13:05:00+05:30,2026-06-11 13:05:00+05:30,9,10,1.0000000000000002,-4.163336342344337e-17,1.0,1.0,2.0,1,5.0,2026-06-11 12:55:00+05:30,1.3363636363636362,0.6681818181818181,0.0,0.0,1.258459595959596,0.3722222222222222
2026-06-11 13:05:00+05:30,2026-06-11 13:10:00+05:30,2026-06-11 13:10:00+05:30,7,12,0.9999999999999998,0.0,1.0,1.0,2.0,1,5.0,2026-06-11 13:00:00+05:30,0.9722222222222221,0.48611111111111105,0.0,0.0,0.8503968253968254,0.5773809523809523
2026-06-11 13:10:00+05:30,2026-06-11 13:15:00+05:30,2026-06-11 13:15:00+05:30,11,8,0.9999999999999999,1.3877787807814457e-17,1.0,1.0,2.0,1,5.0,2026-06-11 13:05:00+05:30,1.0454545454545454,0.5227272727272727,0.0,0.0,0.7905844155844156,0.6022727272727272
2026-06-11 13:15:00+05:30,2026-06-11 13:20:00+05:30,2026-06-11 13:20:00+05:30,7,12,0.9999999999999998,1.3877787807814457e-17,1.0,1.0,2.0,1,5.0,2026-06-11 13:10:00+05:30,0.8712121212121213,0.43560606060606066,0.0,0.0,0.5695346320346321,0.7202380952380951
2026-06-11 13:20:00+05:30,2026-06-11 13:25:00+05:30,2026-06-11 13:25:00+05:30,12,7,0.9999999999999998,0.0,1.0,1.0,2.0,1,5.0,2026-06-11 13:15:00+05:30,1.1666666666666663,0.5833333333333331,0.0,0.0,0.869047619047619,0.5654761904761905
2026-06-11 13:25:00+05:30,2026-06-11 13:30:00+05:30,2026-06-11 13:30:00+05:30,10,9,1.0,5.551115123125783e-17,1.0,1.0,2.0,1,5.0,2026-06-11 13:20:00+05:30,1.1666666666666665,0.5833333333333333,0.0,0.0,1.069047619047619,0.4666666666666667
2026-06-11 13:30:00+05:30,2026-06-11 13:35:00+05:30,2026-06-11 13:35:00+05:30,10,9,1.0,5.551115123125783e-17,1.0,1.0,2.0,1,5.0,2026-06-11 13:25:00+05:30,1.0555555555555556,0.5277777777777778,0.0,0.0,1.0555555555555556,0.4722222222222222
2026-06-11 13:35:00+05:30,2026-06-11 13:40:00+05:30,2026-06-11 13:40:00+05:30,8,11,1.0,-1.3877787807814457e-17,1.0,1.0,2.0,1,5.0,2026-06-11 13:30:00+05:30,1.3363636363636362,0.6681818181818181,0.0,0.0,1.2584595959595961,0.3693181818181818
2026-06-11 13:40:00+05:30,2026-06-11 13:45:00+05:30,2026-06-11 13:45:00+05:30,10,9,1.0,5.551115123125783e-17,1.0,1.0,2.0,1,5.0,2026-06-11 13:35:00+05:30,1.3363636363636364,0.6681818181818182,0.0,0.0,1.2584595959595961,0.37222222222222223
2026-06-11 13:45:00+05:30,2026-06-11 13:50:00+05:30,2026-06-11 13:50:00+05:30,9,10,1.0,-5.551115123125783e-17,1.0,1.0,2.0,1,5.0,2026-06-11 13:40:00+05:30,1.2,0.6,0.0,0.0,1.1555555555555557,0.4222222222222222
2026-06-11 13:50:00+05:30,2026-06-11 13:55:00+05:30,2026-06-11 13:55:00+05:30,9,10,1.0,-4.163336342344337e-17,1.0,1.0,2.0,1,5.0,2026-06-11 13:45:00+05:30,1.4777777777777779,0.7388888888888889,0.0,0.0,1.4777777777777779,0.2611111111111111
2026-06-11 13:55:00+05:30,2026-06-11 14:00:00+05:30,2026-06-11 14:00:00+05:30,9,10,1.0,-5.551115123125783e-17,1.0,1.0,2.0,1,5.0,2026-06-11 13:50:00+05:30,1.2666666666666668,0.6333333333333334,0.0,0.0,1.2666666666666668,0.3666666666666667
2026-06-11 14:00:00+05:30,2026-06-11 14:05:00+05:30,2026-06-11 14:05:00+05:30,9,10,1.0,-4.163336342344337e-17,1.0,1.0,2.0,1,5.0,2026-06-11 13:55:00+05:30,1.0555555555555556,0.5277777777777778,0.0,0.0,1.0555555555555556,0.47222222222222227
2026-06-11 14:05:00+05:30,2026-06-11 14:10:00+05:30,2026-06-11 14:10:00+05:30,8,11,1.0,-2.7755575615628914e-17,1.0,1.0,2.0,1,5.0,2026-06-11 14:00:00+05:30,1.2121212121212122,0.6060606060606061,0.0,0.0,1.1685606060606062,0.4147727272727273
2026-06-11 14:10:00+05:30,2026-06-11 14:15:00+05:30,2026-06-11 14:15:00+05:30,11,8,1.0,2.7755575615628914e-17,1.0,1.0,2.0,1,5.0,2026-06-11 14:05:00+05:30,1.6363636363636362,0.8181818181818181,0.0,0.0,1.5681818181818181,0.21590909090909094
2026-06-11 14:15:00+05:30,2026-06-11 14:20:00+05:30,2026-06-11 14:20:00+05:30,8,11,1.0,0.0,1.0,1.0,2.0,1,5.0,2026-06-11 14:10:00+05:30,1.0909090909090908,0.5454545454545454,0.0,0.0,0.9204545454545455,0.5397727272727273
2026-06-11 14:20:00+05:30,2026-06-11 14:25:00+05:30,2026-06-11 14:25:00+05:30,8,11,1.0,-1.3877787807814457e-17,1.0,1.0,2.0,1,5.0,2026-06-11 14:15:00+05:30,1.2954545454545454,0.6477272727272727,0.0,0.0,1.2954545454545454,0.3522727272727273
2026-06-11 14:25:00+05:30,2026-06-11 14:30:00+05:30,2026-06-11 14:30:00+05:30,9,10,1.0000000000000002,-4.163336342344337e-17,1.0,1.0,2.0,1,5.0,2026-06-11 14:20:00+05:30,1.2121212121212124,0.6060606060606062,0.0,0.0,1.1685606060606062,0.41666666666666663
2026-06-11 14:30:00+05:30,2026-06-11 14:35:00+05:30,2026-06-11 14:35:00+05:30,8,11,1.0,-2.7755575615628914e-17,1.0,1.0,2.0,1,5.0,2026-06-11 14:25:00+05:30,1.2121212121212122,0.6060606060606061,0.0,0.0,1.1685606060606062,0.41477272727272735
2026-06-11 14:35:00+05:30,2026-06-11 14:40:00+05:30,2026-06-11 14:40:00+05:30,11,8,0.9999999999999999,2.7755575615628914e-17,1.0,1.0,2.0,1,5.0,2026-06-11 14:30:00+05:30,1.4545454545454546,0.7272727272727273,0.0,0.0,1.352272727272727,0.3238636363636364
2026-06-11 14:40:00+05:30,2026-06-11 14:45:00+05:30,2026-06-11 14:45:00+05:30,9,10,1.0,-5.551115123125783e-17,1.0,1.0,2.0,1,5.0,2026-06-11 14:35:00+05:30,1.1454545454545455,0.5727272727272728,0.0,0.0,1.044949494949495,0.47777777777777775
2026-06-11 14:45:00+05:30,2026-06-11 14:50:00+05:30,2026-06-11 14:50:00+05:30,7,12,0.9999999999999998,-6.938893903907228e-18,1.0,1.0,2.0,1,5.0,2026-06-11 14:40:00+05:30,1.1666666666666665,0.5833333333333333,0.0,0.0,1.069047619047619,0.46428571428571425
2026-06-11 14:50:00+05:30,2026-06-11 14:55:00+05:30,2026-06-11 14:55:00+05:30,7,12,0.9999999999999998,0.0,1.0,1.0,2.0,1,5.0,2026-06-11 14:45:00+05:30,1.130952380952381,0.5654761904761905,0.0,0.0,1.130952380952381,0.4345238095238095
2026-06-11 14:55:00+05:30,2026-06-11 15:00:00+05:30,2026-06-11 15:00:00+05:30,10,9,1.0,5.551115123125783e-17,1.0,1.0,2.0,1,5.0,2026-06-11 14:50:00+05:30,1.4666666666666668,0.7333333333333334,0.0,0.0,1.3682539682539683,0.32222222222222224
2026-06-11 15:00:00+05:30,2026-06-11 15:05:00+05:30,2026-06-11 15:05:00+05:30,8,11,0.9999999999999999,-1.3877787807814457e-17,1.0,1.0,2.0,1,5.0,2026-06-11 14:55:00+05:30,1.1454545454545453,0.5727272727272726,0.0,0.0,1.044949494949495,0.4772727272727273
2026-06-11 15:05:00+05:30,2026-06-11 15:10:00+05:30,2026-06-11 15:10:00+05:30,10,9,1.0000000000000002,4.163336342344337e-17,1.0,1.0,2.0,1,5.0,2026-06-11 15:00:00+05:30,1.5272727272727271,0.7636363636363636,0.0,0.0,1.471969696969697,0.26666666666666666
2026-06-11 15:10:00+05:30,2026-06-11 15:15:00+05:30,2026-06-11 15:15:00+05:30,11,8,1.0,2.7755575615628914e-17,1.0,1.0,2.0,1,5.0,2026-06-11 15:05:00+05:30,0.8080808080808081,0.40404040404040403,0.0,0.0,0.7415404040404041,0.6306818181818181
2026-06-11 15:15:00+05:30,2026-06-11 15:20:00+05:30,2026-06-11 15:20:00+05:30,9,10,1.0,-5.551115123125783e-17,1.0,1.0,2.0,1,5.0,2026-06-11 15:10:00+05:30,1.1454545454545453,0.5727272727272726,0.0,0.0,1.044949494949495,0.4777777777777778
2026-06-11 15:20:00+05:30,2026-06-11 15:25:00+05:30,2026-06-11 15:25:00+05:30,11,8,0.9999999999999999,1.3877787807814457e-17,1.0,1.0,2.0,1,5.0,2026-06-11 15:15:00+05:30,0.9545454545454545,0.47727272727272724,0.0,0.0,0.831439393939394,0.5852272727272727
2026-06-12 09:15:00+05:30,2026-06-12 09:20:00+05:30,2026-06-12 09:20:00+05:30,9,10,1.0,-5.551115123125783e-17,1.0,1.0,2.0,1,5.0,2026-06-11 15:20:00+05:30,1.1454545454545455,0.5727272727272728,0.0,0.0,1.044949494949495,0.47777777777777786
2026-06-12 09:20:00+05:30,2026-06-12 09:25:00+05:30,2026-06-12 09:25:00+05:30,7,12,0.9999999999999998,1.3877787807814457e-17,1.0,1.0,2.0,1,5.0,2026-06-12 09:15:00+05:30,0.7777777777777777,0.38888888888888884,0.0,0.0,0.6317460317460317,0.6904761904761904
2026-06-12 09:25:00+05:30,2026-06-12 09:30:00+05:30,2026-06-12 09:30:00+05:30,8,11,1.0,-2.7755575615628914e-17,1.0,1.0,2.0,1,5.0,2026-06-12 09:20:00+05:30,0.8333333333333333,0.41666666666666663,0.0,0.0,0.7673160173160173,0.6136363636363635
2026-06-12 09:30:00+05:30,2026-06-12 09:35:00+05:30,2026-06-12 09:35:00+05:30,12,7,0.9999999999999998,0.0,1.0,1.0,2.0,1,5.0,2026-06-12 09:25:00+05:30,1.2196969696969697,0.6098484848484849,0.0,0.0,1.0116341991341993,0.494047619047619
2026-06-12 09:35:00+05:30,2026-06-12 09:40:00+05:30,2026-06-12 09:40:00+05:30,9,10,1.0000000000000002,-4.163336342344337e-17,1.0,1.0,2.0,1,5.0,2026-06-12 09:30:00+05:30,1.2833333333333337,0.6416666666666668,0.0,0.0,1.1496031746031745,0.42777777777777776
2026-06-12 09:40:00+05:30,2026-06-12 09:45:00+05:30,2026-06-12 09:45:00+05:30,8,11,0.9999999999999999,0.0,1.0,1.0,2.0,1,5.0,2026-06-12 09:35:00+05:30,1.0101010101010102,0.5050505050505051,0.0,0.0,0.955050505050505,0.5227272727272727
2026-06-12 09:45:00+05:30,2026-06-12 09:50:00+05:30,2026-06-12 09:50:00+05:30,8,11,1.0,-1.3877787807814457e-17,1.0,1.0,2.0,1,5.0,2026-06-12 09:40:00+05:30,0.8636363636363636,0.4318181818181818,0.0,0.0,0.8636363636363636,0.5681818181818181
2026-06-12 09:50:00+05:30,2026-06-12 09:55:00+05:30,2026-06-12 09:55:00+05:30,9,10,1.0,-5.551115123125783e-17,1.0,1.0,2.0,1,5.0,2026-06-12 09:45:00+05:30,1.0101010101010102,0.5050505050505051,0.0,0.0,0.9550505050505051,0.5222222222222223
2026-06-12 09:55:00+05:30,2026-06-12 10:00:00+05:30,2026-06-12 10:00:00+05:30,7,12,0.9999999999999998,0.0,1.0,1.0,2.0,1,5.0,2026-06-12 09:50:00+05:30,0.9722222222222222,0.4861111111111111,0.0,0.0,0.8503968253968254,0.5773809523809522
2026-06-12 10:00:00+05:30,2026-06-12 10:05:00+05:30,2026-06-12 10:05:00+05:30,11,8,1.0,2.7755575615628914e-17,1.0,1.0,2.0,1,5.0,2026-06-12 09:55:00+05:30,1.3939393939393938,0.6969696969696969,0.0,0.0,1.2326839826839828,0.38636363636363635
2026-06-12 10:05:00+05:30,2026-06-12 10:10:00+05:30,2026-06-12 10:10:00+05:30,11,8,1.0,1.3877787807814457e-17,1.0,1.0,2.0,1,5.0,2026-06-12 10:00:00+05:30,1.0795454545454544,0.5397727272727272,0.0,0.0,1.0795454545454544,0.4602272727272727
2026-06-12 10:10:00+05:30,2026-06-12 10:15:00+05:30,2026-06-12 10:15:00+05:30,6,13,1.0,-5.551115123125783e-17,1.0,1.0,2.0,1,5.0,2026-06-12 10:05:00+05:30,1.5104895104895102,0.7552447552447551,0.0,0.0,1.3385780885780887,0.3205128205128205
2026-06-12 10:15:00+05:30,2026-06-12 10:20:00+05:30,2026-06-12 10:20:00+05:30,9,10,1.0,-5.551115123125783e-17,1.0,1.0,2.0,1,5.0,2026-06-12 10:10:00+05:30,0.9401709401709402,0.4700854700854701,0.0,0.0,0.7367521367521367,0.6222222222222222
2026-06-12 10:20:00+05:30,2026-06-12 10:25:00+05:30,2026-06-12 10:25:00+05:30,11,8,1.0,1.3877787807814457e-17,1.0,1.0,2.0,1,5.0,2026-06-12 10:15:00+05:30,1.1454545454545455,0.5727272727272728,0.0,0.0,1.044949494949495,0.4772727272727273
2026-06-12 10:25:00+05:30,2026-06-12 10:30:00+05:30,2026-06-12 10:30:00+05:30,8,11,1.0,-2.7755575615628914e-17,1.0,1.0,2.0,1,5.0,2026-06-12 10:20:00+05:30,1.2727272727272727,0.6363636363636364,0.0,0.0,1.1363636363636362,0.4318181818181818
2026-06-12 10:30:00+05:30,2026-06-12 10:35:00+05:30,2026-06-12 10:35:00+05:30,10,9,1.0,4.163336342344337e-17,1.0,1.0,2.0,1,5.0,2026-06-12 10:25:00+05:30,1.1454545454545455,0.5727272727272728,0.0,0.0,1.044949494949495,0.4777777777777778
2026-06-12 10:35:00+05:30,2026-06-12 10:40:00+05:30,2026-06-12 10:40:00+05:30,10,9,1.0,4.163336342344337e-17,1.0,1.0,2.0,1,5.0,2026-06-12 10:30:00+05:30,1.2666666666666666,0.6333333333333333,0.0,0.0,1.2666666666666666,0.36666666666666664
2026-06-12 10:40:00+05:30,2026-06-12 10:45:00+05:30,2026-06-12 10:45:00+05:30,10,9,1.0,4.163336342344337e-17,1.0,1.0,2.0,1,5.0,2026-06-12 10:35:00+05:30,0.6333333333333333,0.31666666666666665,0.0,0.0,0.6333333333333333,0.6833333333333335
2026-06-12 10:45:00+05:30,2026-06-12 10:50:00+05:30,2026-06-12 10:50:00+05:30,10,9,1.0,5.551115123125783e-17,1.0,1.0,2.0,1,5.0,2026-06-12 10:40:00+05:30,0.8444444444444443,0.42222222222222217,0.0,0.0,0.8444444444444443,0.5777777777777777
2026-06-12 10:50:00+05:30,2026-06-12 10:55:00+05:30,2026-06-12 10:55:00+05:30,11,8,1.0,2.7755575615628914e-17,1.0,1.0,2.0,1,5.0,2026-06-12 10:45:00+05:30,1.2121212121212122,0.6060606060606061,0.0,0.0,1.1685606060606062,0.4147727272727273
2026-06-12 10:55:00+05:30,2026-06-12 11:00:00+05:30,2026-06-12 11:00:00+05:30,8,11,1.0,-1.3877787807814457e-17,1.0,1.0,2.0,1,5.0,2026-06-12 10:50:00+05:30,1.2727272727272727,0.6363636363636364,0.0,0.0,1.1363636363636362,0.4318181818181818
2026-06-12 11:00:00+05:30,2026-06-12 11:05:00+05:30,2026-06-12 11:05:00+05:30,8,11,1.0,-1.3877787807814457e-17,1.0,1.0,2.0,1,5.0,2026-06-12 10:55:00+05:30,1.0795454545454546,0.5397727272727273,0.0,0.0,1.0795454545454546,0.46022727272727276
2026-06-12 11:05:00+05:30,2026-06-12 11:10:00+05:30,2026-06-12 11:10:00+05:30,13,6,0.9999999999999999,6.938893903907228e-17,1.0,1.0,2.0,1,5.0,2026-06-12 11:00:00+05:30,1.006993006993007,0.5034965034965035,0.0,0.0,0.6493298368298369,0.6858974358974359
2026-06-12 11:10:00+05:30,2026-06-12 11:15:00+05:30,2026-06-12 11:15:00+05:30,10,9,1.0,5.551115123125783e-17,1.0,1.0,2.0,1,5.0,2026-06-12 11:05:00+05:30,1.6923076923076925,0.8461538461538463,0.0,0.0,1.6461538461538465,0.2
2026-06-12 11:15:00+05:30,2026-06-12 11:20:00+05:30,2026-06-12 11:20:00+05:30,10,9,1.0000000000000002,4.163336342344337e-17,1.0,1.0,2.0,1,5.0,2026-06-12 11:10:00+05:30,1.0555555555555556,0.5277777777777778,0.0,0.0,1.0555555555555556,0.4722222222222222
2026-06-12 11:20:00+05:30,2026-06-12 11:25:00+05:30,2026-06-12 11:25:00+05:30,11,8,1.0,0.0,1.0,1.0,2.0,1,5.0,2026-06-12 11:15:00+05:30,1.01010101010101,0.505050505050505,0.0,0.0,0.9550505050505051,0.5227272727272727
2026-06-12 11:25:00+05:30,2026-06-12 11:30:00+05:30,2026-06-12 11:30:00+05:30,8,11,1.0,-2.7755575615628914e-17,1.0,1.0,2.0,1,5.0,2026-06-12 11:20:00+05:30,0.7272727272727273,0.36363636363636365,0.0,0.0,0.48863636363636365,0.7556818181818181
2026-06-12 11:30:00+05:30,2026-06-12 11:35:00+05:30,2026-06-12 11:35:00+05:30,11,8,1.0,4.163336342344337e-17,1.0,1.0,2.0,1,5.0,2026-06-12 11:25:00+05:30,1.0909090909090908,0.5454545454545454,0.0,0.0,0.9204545454545455,0.5397727272727273
2026-06-12 11:35:00+05:30,2026-06-12 11:40:00+05:30,2026-06-12 11:40:00+05:30,12,7,0.9999999999999998,0.0,1.0,1.0,2.0,1,5.0,2026-06-12 11:30:00+05:30,0.625,0.3125,0.0,0.0,0.5462662337662337,0.732142857142857
2026-06-12 11:40:00+05:30,2026-06-12 11:45:00+05:30,2026-06-12 11:45:00+05:30,12,7,0.9999999999999998,-1.3877787807814457e-17,1.0,1.0,2.0,1,5.0,2026-06-12 11:35:00+05:30,1.1309523809523807,0.5654761904761904,0.0,0.0,1.1309523809523807,0.4345238095238096
2026-06-12 11:45:00+05:30,2026-06-12 11:50:00+05:30,2026-06-12 11:50:00+05:30,8,11,1.0,0.0,1.0,1.0,2.0,1,5.0,2026-06-12 11:40:00+05:30,1.5681818181818181,0.7840909090909091,0.0,0.0,1.4537337662337662,0.27840909090909094
2026-06-12 11:50:00+05:30,2026-06-12 11:55:00+05:30,2026-06-12 11:55:00+05:30,9,10,1.0,-4.163336342344337e-17,1.0,1.0,2.0,1,5.0,2026-06-12 11:45:00+05:30,1.4141414141414141,0.7070707070707071,0.0,0.0,1.382070707070707,0.3111111111111111
2026-06-12 11:55:00+05:30,2026-06-12 12:00:00+05:30,2026-06-12 12:00:00+05:30,8,11,1.0,-2.7755575615628914e-17,1.0,1.0,2.0,1,5.0,2026-06-12 11:50:00+05:30,1.2121212121212122,0.6060606060606061,0.0,0.0,1.1685606060606062,0.4147727272727273
2026-06-12 12:00:00+05:30,2026-06-12 12:05:00+05:30,2026-06-12 12:05:00+05:30,11,8,1.0,2.7755575615628914e-17,1.0,1.0,2.0,1,5.0,2026-06-12 11:55:00+05:30,1.2727272727272727,0.6363636363636364,0.0,0.0,1.1363636363636362,0.4318181818181818
2026-06-12 12:05:00+05:30,2026-06-12 12:10:00+05:30,2026-06-12 12:10:00+05:30,7,12,0.9999999999999998,0.0,1.0,1.0,2.0,1,5.0,2026-06-12 12:00:00+05:30,1.5681818181818181,0.7840909090909091,0.0,0.0,1.4537337662337662,0.2678571428571428
2026-06-12 12:10:00+05:30,2026-06-12 12:15:00+05:30,2026-06-12 12:15:00+05:30,8,11,1.0,-1.3877787807814457e-17,1.0,1.0,2.0,1,5.0,2026-06-12 12:05:00+05:30,0.8333333333333333,0.41666666666666663,0.0,0.0,0.7673160173160173,0.6136363636363636
2026-06-12 12:15:00+05:30,2026-06-12 12:20:00+05:30,2026-06-12 12:20:00+05:30,9,10,1.0,-4.163336342344337e-17,1.0,1.0,2.0,1,5.0,2026-06-12 12:10:00+05:30,1.2121212121212122,0.6060606060606061,0.0,0.0,1.1685606060606062,0.4166666666666667
2026-06-12 12:20:00+05:30,2026-06-12 12:25:00+05:30,2026-06-12 12:25:00+05:30,12,7,0.9999999999999998,0.0,1.0,1.0,2.0,1,5.0,2026-06-12 12:15:00+05:30,1.0999999999999999,0.5499999999999999,0.0,0.0,0.930952380952381,0.5357142857142857
2026-06-12 12:25:00+05:30,2026-06-12 12:30:00+05:30,2026-06-12 12:30:00+05:30,8,11,1.0,0.0,1.0,1.0,2.0,1,5.0,2026-06-12 12:20:00+05:30,1.3939393939393938,0.6969696969696969,0.0,0.0,1.2326839826839828,0.38636363636363635
2026-06-12 12:30:00+05:30,2026-06-12 12:35:00+05:30,2026-06-12 12:35:00+05:30,9,10,1.0,-5.551115123125783e-17,1.0,1.0,2.0,1,5.0,2026-06-12 12:25:00+05:30,0.8080808080808081,0.40404040404040403,0.0,0.0,0.7415404040404041,0.6277777777777779
2026-06-12 12:35:00+05:30,2026-06-12 12:40:00+05:30,2026-06-12 12:40:00+05:30,6,13,1.0,-5.551115123125783e-17,1.0,1.0,2.0,1,5.0,2026-06-12 12:30:00+05:30,0.9401709401709402,0.4700854700854701,0.0,0.0,0.7367521367521367,0.6410256410256411
2026-06-12 12:40:00+05:30,2026-06-12 12:45:00+05:30,2026-06-12 12:45:00+05:30,10,9,1.0,4.163336342344337e-17,1.0,1.0,2.0,1,5.0,2026-06-12 12:35:00+05:30,1.238461538461538,0.619230769230769,0.0,0.0,1.0358974358974358,0.48333333333333334
2026-06-12 12:45:00+05:30,2026-06-12 12:50:00+05:30,2026-06-12 12:50:00+05:30,8,11,1.0,-1.3877787807814457e-17,1.0,1.0,2.0,1,5.0,2026-06-12 12:40:00+05:30,0.9545454545454544,0.4772727272727272,0.0,0.0,0.831439393939394,0.5852272727272727
2026-06-12 12:50:00+05:30,2026-06-12 12:55:00+05:30,2026-06-12 12:55:00+05:30,10,9,1.0,4.163336342344337e-17,1.0,1.0,2.0,1,5.0,2026-06-12 12:45:00+05:30,1.1454545454545455,0.5727272727272728,0.0,0.0,1.044949494949495,0.47777777777777786
2026-06-12 12:55:00+05:30,2026-06-12 13:00:00+05:30,2026-06-12 13:00:00+05:30,6,13,0.9999999999999999,-5.551115123125783e-17,1.0,1.0,2.0,1,5.0,2026-06-12 12:50:00+05:30,1.2384615384615383,0.6192307692307691,0.0,0.0,1.035897435897436,0.4807692307692307
2026-06-12 13:00:00+05:30,2026-06-12 13:05:00+05:30,2026-06-12 13:05:00+05:30,8,11,0.9999999999999999,0.0,1.0,1.0,2.0,1,5.0,2026-06-12 12:55:00+05:30,1.4134615384615388,0.7067307692307694,0.0,0.0,1.3506701631701632,0.33522727272727276
2026-06-12 13:05:00+05:30,2026-06-12 13:10:00+05:30,2026-06-12 13:10:00+05:30,10,9,1.0,5.551115123125783e-17,1.0,1.0,2.0,1,5.0,2026-06-12 13:00:00+05:30,1.3363636363636364,0.6681818181818182,0.0,0.0,1.258459595959596,0.3722222222222221
2026-06-12 13:10:00+05:30,2026-06-12 13:15:00+05:30,2026-06-12 13:15:00+05:30,9,10,1.0000000000000002,-4.163336342344337e-17,1.0,1.0,2.0,1,5.0,2026-06-12 13:05:00+05:30,0.7999999999999999,0.39999999999999997,0.0,0.0,0.7333333333333333,0.6333333333333333
2026-06-12 13:15:00+05:30,2026-06-12 13:20:00+05:30,2026-06-12 13:20:00+05:30,10,9,1.0,5.551115123125783e-17,1.0,1.0,2.0,1,5.0,2026-06-12 13:10:00+05:30,1.2000000000000002,0.6000000000000001,0.0,0.0,1.1555555555555557,0.42222222222222217
2026-06-12 13:20:00+05:30,2026-06-12 13:25:00+05:30,2026-06-12 13:25:00+05:30,11,8,1.0,0.0,1.0,1.0,2.0,1,5.0,2026-06-12 13:15:00+05:30,1.2121212121212122,0.6060606060606061,0.0,0.0,1.1685606060606062,0.4147727272727273
2026-06-12 13:25:00+05:30,2026-06-12 13:30:00+05:30,2026-06-12 13:30:00+05:30,7,12,0.9999999999999998,0.0,1.0,1.0,2.0,1,5.0,2026-06-12 13:20:00+05:30,1.0454545454545454,0.5227272727272727,0.0,0.0,0.7905844155844156,0.6071428571428571
2026-06-12 13:30:00+05:30,2026-06-12 13:35:00+05:30,2026-06-12 13:35:00+05:30,11,8,1.0,2.7755575615628914e-17,1.0,1.0,2.0,1,5.0,2026-06-12 13:25:00+05:30,0.8712121212121213,0.43560606060606066,0.0,0.0,0.5695346320346321,0.7102272727272727
2026-06-12 13:35:00+05:30,2026-06-12 13:40:00+05:30,2026-06-12 13:40:00+05:30,10,9,1.0,4.163336342344337e-17,1.0,1.0,2.0,1,5.0,2026-06-12 13:30:00+05:30,1.2121212121212124,0.6060606060606062,0.0,0.0,1.1685606060606062,0.41666666666666663
2026-06-12 13:40:00+05:30,2026-06-12 13:45:00+05:30,2026-06-12 13:45:00+05:30,10,9,1.0,5.551115123125783e-17,1.0,1.0,2.0,1,5.0,2026-06-12 13:35:00+05:30,1.0555555555555556,0.5277777777777778,0.0,0.0,1.0555555555555556,0.4722222222222222
2026-06-12 13:45:00+05:30,2026-06-12 13:50:00+05:30,2026-06-12 13:50:00+05:30,8,11,1.0,0.0,1.0,1.0,2.0,1,5.0,2026-06-12 13:40:00+05:30,1.1454545454545453,0.5727272727272726,0.0,0.0,1.044949494949495,0.4772727272727273
2026-06-12 13:50:00+05:30,2026-06-12 13:55:00+05:30,2026-06-12 13:55:00+05:30,12,7,0.9999999999999998,0.0,1.0,1.0,2.0,1,5.0,2026-06-12 13:45:00+05:30,1.2196969696969697,0.6098484848484849,0.0,0.0,1.011634199134199,0.494047619047619
2026-06-12 13:55:00+05:30,2026-06-12 14:00:00+05:30,2026-06-12 14:00:00+05:30,12,7,0.9999999999999998,-1.3877787807814457e-17,1.0,1.0,2.0,1,5.0,2026-06-12 13:50:00+05:30,1.130952380952381,0.5654761904761905,0.0,0.0,1.130952380952381,0.4345238095238095
2026-06-12 14:00:00+05:30,2026-06-12 14:05:00+05:30,2026-06-12 14:05:00+05:30,11,8,1.0,2.7755575615628914e-17,1.0,1.0,2.0,1,5.0,2026-06-12 13:55:00+05:30,0.8333333333333333,0.41666666666666663,0.0,0.0,0.7673160173160173,0.6136363636363635
2026-06-12 14:05:00+05:30,2026-06-12 14:10:00+05:30,2026-06-12 14:10:00+05:30,9,10,1.0,-4.163336342344337e-17,1.0,1.0,2.0,1,5.0,2026-06-12 14:00:00+05:30,1.1454545454545453,0.5727272727272726,0.0,0.0,1.044949494949495,0.47777777777777775
2026-06-12 14:10:00+05:30,2026-06-12 14:15:00+05:30,2026-06-12 14:15:00+05:30,12,7,0.9999999999999998,0.0,1.0,1.0,2.0,1,5.0,2026-06-12 14:05:00+05:30,1.4666666666666668,0.7333333333333334,0.0,0.0,1.3682539682539683,0.3095238095238095
2026-06-12 14:15:00+05:30,2026-06-12 14:20:00+05:30,2026-06-12 14:20:00+05:30,10,9,1.0,4.163336342344337e-17,1.0,1.0,2.0,1,5.0,2026-06-12 14:10:00+05:30,0.7777777777777777,0.38888888888888884,0.0,0.0,0.6317460317460317,0.6777777777777778
2026-06-12 14:20:00+05:30,2026-06-12 14:25:00+05:30,2026-06-12 14:25:00+05:30,10,9,1.0,4.163336342344337e-17,1.0,1.0,2.0,1,5.0,2026-06-12 14:15:00+05:30,1.0555555555555556,0.5277777777777778,0.0,0.0,1.0555555555555556,0.4722222222222222
2026-06-12 14:25:00+05:30,2026-06-12 14:30:00+05:30,2026-06-12 14:30:00+05:30,9,10,1.0,-5.551115123125783e-17,1.0,1.0,2.0,1,5.0,2026-06-12 14:20:00+05:30,0.7999999999999998,0.3999999999999999,0.0,0.0,0.7333333333333332,0.6333333333333333
2026-06-12 14:30:00+05:30,2026-06-12 14:35:00+05:30,2026-06-12 14:35:00+05:30,11,8,0.9999999999999999,1.3877787807814457e-17,1.0,1.0,2.0,1,5.0,2026-06-12 14:25:00+05:30,0.7636363636363634,0.3818181818181817,0.0,0.0,0.617929292929293,0.6931818181818181
2026-06-12 14:35:00+05:30,2026-06-12 14:40:00+05:30,2026-06-12 14:40:00+05:30,12,7,0.9999999999999998,-1.3877787807814457e-17,1.0,1.0,2.0,1,5.0,2026-06-12 14:30:00+05:30,1.0416666666666667,0.5208333333333334,0.0,0.0,0.9883658008658008,0.5059523809523809
2026-06-12 14:40:00+05:30,2026-06-12 14:45:00+05:30,2026-06-12 14:45:00+05:30,7,12,0.9999999999999998,1.3877787807814457e-17,1.0,1.0,2.0,1,5.0,2026-06-12 14:35:00+05:30,1.6666666666666663,0.8333333333333331,0.0,0.0,1.5476190476190472,0.22619047619047616
2026-06-12 14:45:00+05:30,2026-06-12 14:50:00+05:30,2026-06-12 14:50:00+05:30,9,10,1.0,-5.551115123125783e-17,1.0,1.0,2.0,1,5.0,2026-06-12 14:40:00+05:30,1.1666666666666665,0.5833333333333333,0.0,0.0,1.069047619047619,0.4666666666666667
2026-06-12 14:50:00+05:30,2026-06-12 14:55:00+05:30,2026-06-12 14:55:00+05:30,11,8,1.0,1.3877787807814457e-17,1.0,1.0,2.0,1,5.0,2026-06-12 14:45:00+05:30,1.1454545454545455,0.5727272727272728,0.0,0.0,1.044949494949495,0.4772727272727273
2026-06-12 14:55:00+05:30,2026-06-12 15:00:00+05:30,2026-06-12 15:00:00+05:30,9,10,1.0,-5.551115123125783e-17,1.0,1.0,2.0,1,5.0,2026-06-12 14:50:00+05:30,1.3363636363636364,0.6681818181818182,0.0,0.0,1.2584595959595961,0.37222222222222223
2026-06-12 15:00:00+05:30,2026-06-12 15:05:00+05:30,2026-06-12 15:05:00+05:30,8,11,0.9999999999999999,-1.3877787807814457e-17,1.0,1.0,2.0,1,5.0,2026-06-12 14:55:00+05:30,1.2121212121212122,0.6060606060606061,0.0,0.0,1.1685606060606062,0.4147727272727273
2026-06-12 15:05:00+05:30,2026-06-12 15:10:00+05:30,2026-06-12 15:10:00+05:30,11,8,1.0,1.3877787807814457e-17,1.0,1.0,2.0,1,5.0,2026-06-12 15:00:00+05:30,0.9090909090909092,0.4545454545454546,0.0,0.0,0.7045454545454546,0.6477272727272727
2026-06-12 15:10:00+05:30,2026-06-12 15:15:00+05:30,2026-06-12 15:15:00+05:30,10,9,1.0,5.551115123125783e-17,1.0,1.0,2.0,1,5.0,2026-06-12 15:05:00+05:30,1.4141414141414141,0.7070707070707071,0.0,0.0,1.382070707070707,0.3111111111111111
2026-06-12 15:15:00+05:30,2026-06-12 15:20:00+05:30,2026-06-12 15:20:00+05:30,7,12,0.9999999999999998,0.0,1.0,1.0,2.0,1,5.0,2026-06-12 15:10:00+05:30,1.1,0.55,0.0,0.0,0.930952380952381,0.5357142857142857
2026-06-12 15:20:00+05:30,2026-06-12 15:25:00+05:30,2026-06-12 15:25:00+05:30,8,11,1.0,-1.3877787807814457e-17,1.0,1.0,2.0,1,5.0,2026-06-12 15:15:00+05:30,1.0416666666666665,0.5208333333333333,0.0,0.0,0.9883658008658007,0.5056818181818181
2026-06-15 09:15:00+05:30,2026-06-15 09:20:00+05:30,2026-06-15 09:20:00+05:30,13,6,0.9999999999999999,6.938893903907228e-17,1.0,1.0,2.0,1,5.0,2026-06-12 15:20:00+05:30,1.3426573426573427,0.6713286713286714,0.0,0.0,1.1088286713286712,0.4423076923076923
2026-06-15 09:20:00+05:30,2026-06-15 09:25:00+05:30,2026-06-15 09:25:00+05:30,11,8,1.0,2.7755575615628914e-17,1.0,1.0,2.0,1,5.0,2026-06-15 09:15:00+05:30,1.413461538461539,0.7067307692307695,0.0,0.0,1.3506701631701632,0.33522727272727276
2026-06-15 09:25:00+05:30,2026-06-15 09:30:00+05:30,2026-06-15 09:30:00+05:30,12,7,0.9999999999999998,0.0,1.0,1.0,2.0,1,5.0,2026-06-15 09:20:00+05:30,1.2499999999999998,0.6249999999999999,0.0,0.0,1.2094155844155843,0.3928571428571428
2026-06-15 09:30:00+05:30,2026-06-15 09:35:00+05:30,2026-06-15 09:35:00+05:30,10,9,1.0,5.551115123125783e-17,1.0,1.0,2.0,1,5.0,2026-06-15 09:25:00+05:30,0.9722222222222221,0.48611111111111105,0.0,0.0,0.8503968253968254,0.5722222222222222
2026-06-15 09:35:00+05:30,2026-06-15 09:40:00+05:30,2026-06-15 09:40:00+05:30,9,10,1.0,-4.163336342344337e-17,1.0,1.0,2.0,1,5.0,2026-06-15 09:30:00+05:30,1.2,0.6,0.0,0.0,1.1555555555555557,0.4222222222222222
2026-06-15 09:40:00+05:30,2026-06-15 09:45:00+05:30,2026-06-15 09:45:00+05:30,9,10,1.0,-2.7755575615628914e-17,1.0,1.0,2.0,1,5.0,2026-06-15 09:35:00+05:30,1.2666666666666668,0.6333333333333334,0.0,0.0,1.2666666666666668,0.36666666666666664
2026-06-15 09:45:00+05:30,2026-06-15 09:50:00+05:30,2026-06-15 09:50:00+05:30,10,9,1.0,5.551115123125783e-17,1.0,1.0,2.0,1,5.0,2026-06-15 09:40:00+05:30,1.2000000000000002,0.6000000000000001,0.0,0.0,1.1555555555555554,0.42222222222222217
2026-06-15 09:50:00+05:30,2026-06-15 09:55:00+05:30,2026-06-15 09:55:00+05:30,11,8,1.0,1.3877787807814457e-17,1.0,1.0,2.0,1,5.0,2026-06-15 09:45:00+05:30,1.2121212121212124,0.6060606060606062,0.0,0.0,1.1685606060606062,0.4147727272727273
2026-06-15 09:55:00+05:30,2026-06-15 10:00:00+05:30,2026-06-15 10:00:00+05:30,10,9,1.0,5.551115123125783e-17,1.0,1.0,2.0,1,5.0,2026-06-15 09:50:00+05:30,1.0101010101010102,0.5050505050505051,0.0,0.0,0.9550505050505051,0.5222222222222223
2026-06-15 10:00:00+05:30,2026-06-15 10:05:00+05:30,2026-06-15 10:05:00+05:30,10,9,1.0,4.163336342344337e-17,1.0,1.0,2.0,1,5.0,2026-06-15 09:55:00+05:30,1.2666666666666668,0.6333333333333334,0.0,0.0,1.2666666666666668,0.36666666666666664
2026-06-15 10:05:00+05:30,2026-06-15 10:10:00+05:30,2026-06-15 10:10:00+05:30,9,10,1.0,-5.551115123125783e-17,1.0,1.0,2.0,1,5.0,2026-06-15 10:00:00+05:30,1.2,0.6,0.0,0.0,1.1555555555555554,0.4222222222222223
2026-06-15 10:10:00+05:30,2026-06-15 10:15:00+05:30,2026-06-15 10:15:00+05:30,9,10,1.0,-4.163336342344337e-17,1.0,1.0,2.0,1,5.0,2026-06-15 10:05:00+05:30,1.2666666666666668,0.6333333333333334,0.0,0.0,1.2666666666666668,0.36666666666666664
2026-06-15 10:15:00+05:30,2026-06-15 10:20:00+05:30,2026-06-15 10:20:00+05:30,11,8,1.0,2.7755575615628914e-17,1.0,1.0,2.0,1,5.0,2026-06-15 10:10:00+05:30,1.3363636363636364,0.6681818181818182,0.0,0.0,1.2584595959595961,0.3693181818181818
2026-06-15 10:20:00+05:30,2026-06-15 10:25:00+05:30,2026-06-15 10:25:00+05:30,10,9,1.0,5.551115123125783e-17,1.0,1.0,2.0,1,5.0,2026-06-15 10:15:00+05:30,0.808080808080808,0.404040404040404,0.0,0.0,0.7415404040404041,0.6277777777777779
2026-06-15 10:25:00+05:30,2026-06-15 10:30:00+05:30,2026-06-15 10:30:00+05:30,11,8,0.9999999999999999,1.3877787807814457e-17,1.0,1.0,2.0,1,5.0,2026-06-15 10:20:00+05:30,1.2121212121212122,0.6060606060606061,0.0,0.0,1.1685606060606062,0.4147727272727273
2026-06-15 10:30:00+05:30,2026-06-15 10:35:00+05:30,2026-06-15 10:35:00+05:30,10,9,1.0,4.163336342344337e-17,1.0,1.0,2.0,1,5.0,2026-06-15 10:25:00+05:30,0.8080808080808081,0.40404040404040403,0.0,0.0,0.741540404040404,0.6277777777777779
2026-06-15 10:35:00+05:30,2026-06-15 10:40:00+05:30,2026-06-15 10:40:00+05:30,11,8,1.0,2.7755575615628914e-17,1.0,1.0,2.0,1,5.0,2026-06-15 10:30:00+05:30,1.2121212121212122,0.6060606060606061,0.0,0.0,1.168560606060606,0.4147727272727273
2026-06-15 10:40:00+05:30,2026-06-15 10:45:00+05:30,2026-06-15 10:45:00+05:30,8,11,0.9999999999999999,-2.7755575615628914e-17,1.0,1.0,2.0,1,5.0,2026-06-15 10:35:00+05:30,1.2727272727272725,0.6363636363636362,0.0,0.0,1.1363636363636362,0.4318181818181818
2026-06-15 10:45:00+05:30,2026-06-15 10:50:00+05:30,2026-06-15 10:50:00+05:30,12,7,0.9999999999999998,0.0,1.0,1.0,2.0,1,5.0,2026-06-15 10:40:00+05:30,1.0454545454545454,0.5227272727272727,0.0,0.0,0.7905844155844155,0.6071428571428571
2026-06-15 10:50:00+05:30,2026-06-15 10:55:00+05:30,2026-06-15 10:55:00+05:30,12,7,0.9999999999999998,0.0,1.0,1.0,2.0,1,5.0,2026-06-15 10:45:00+05:30,1.5833333333333335,0.7916666666666667,0.0,0.0,1.5833333333333335,0.20833333333333331
2026-06-15 10:55:00+05:30,2026-06-15 11:00:00+05:30,2026-06-15 11:00:00+05:30,16,3,0.9999999999999999,2.7755575615628914e-17,1.0,1.0,2.0,1,5.0,2026-06-15 10:50:00+05:30,0.8214285714285712,0.4107142857142856,0.0,0.0,0.4107142857142857,0.875
2026-06-15 11:00:00+05:30,2026-06-15 11:05:00+05:30,2026-06-15 11:05:00+05:30,9,10,1.0,-5.551115123125783e-17,1.0,1.0,2.0,1,5.0,2026-06-15 10:55:00+05:30,1.4625000000000001,0.7312500000000001,0.0,0.0,1.1756944444444444,0.4388888888888889
2026-06-15 11:05:00+05:30,2026-06-15 11:10:00+05:30,2026-06-15 11:10:00+05:30,13,6,1.0,5.551115123125783e-17,1.0,1.0,2.0,1,5.0,2026-06-15 11:00:00+05:30,1.4153846153846152,0.7076923076923076,0.0,0.0,1.2632478632478632,0.358974358974359
2026-06-15 11:10:00+05:30,2026-06-15 11:15:00+05:30,2026-06-15 11:15:00+05:30,10,9,1.0000000000000002,4.163336342344337e-17,1.0,1.0,2.0,1,5.0,2026-06-15 11:05:00+05:30,0.7521367521367519,0.37606837606837595,0.0,0.0,0.5094017094017094,0.7277777777777779
2026-06-15 11:15:00+05:30,2026-06-15 11:20:00+05:30,2026-06-15 11:20:00+05:30,8,11,0.9999999999999999,-1.3877787807814457e-17,1.0,1.0,2.0,1,5.0,2026-06-15 11:10:00+05:30,1.3363636363636362,0.6681818181818181,0.0,0.0,1.2584595959595961,0.3693181818181818
2026-06-15 11:20:00+05:30,2026-06-15 11:25:00+05:30,2026-06-15 11:25:00+05:30,11,8,1.0,0.0,1.0,1.0,2.0,1,5.0,2026-06-15 11:15:00+05:30,0.9090909090909093,0.45454545454545464,0.0,0.0,0.7045454545454546,0.6477272727272727
2026-06-15 11:25:00+05:30,2026-06-15 11:30:00+05:30,2026-06-15 11:30:00+05:30,9,10,1.0,-5.551115123125783e-17,1.0,1.0,2.0,1,5.0,2026-06-15 11:20:00+05:30,1.3363636363636364,0.6681818181818182,0.0,0.0,1.2584595959595961,0.37222222222222223
2026-06-15 11:30:00+05:30,2026-06-15 11:35:00+05:30,2026-06-15 11:35:00+05:30,9,10,1.0,-5.551115123125783e-17,1.0,1.0,2.0,1,5.0,2026-06-15 11:25:00+05:30,0.8444444444444444,0.4222222222222222,0.0,0.0,0.8444444444444444,0.5777777777777777
2026-06-15 11:35:00+05:30,2026-06-15 11:40:00+05:30,2026-06-15 11:40:00+05:30,11,8,1.0,0.0,1.0,1.0,2.0,1,5.0,2026-06-15 11:30:00+05:30,1.5272727272727273,0.7636363636363637,0.0,0.0,1.4719696969696972,0.26136363636363635
2026-06-15 11:40:00+05:30,2026-06-15 11:45:00+05:30,2026-06-15 11:45:00+05:30,8,11,0.9999999999999999,-2.7755575615628914e-17,1.0,1.0,2.0,1,5.0,2026-06-15 11:35:00+05:30,1.090909090909091,0.5454545454545455,0.0,0.0,0.9204545454545454,0.5397727272727273
2026-06-15 11:45:00+05:30,2026-06-15 11:50:00+05:30,2026-06-15 11:50:00+05:30,13,6,0.9999999999999999,5.551115123125783e-17,1.0,1.0,2.0,1,5.0,2026-06-15 11:40:00+05:30,1.3426573426573427,0.6713286713286714,0.0,0.0,1.1088286713286712,0.4423076923076923
2026-06-15 11:50:00+05:30,2026-06-15 11:55:00+05:30,2026-06-15 11:55:00+05:30,12,7,0.9999999999999998,0.0,1.0,1.0,2.0,1,5.0,2026-06-15 11:45:00+05:30,1.098901098901099,0.5494505494505495,0.0,0.0,1.0494505494505495,0.47619047619047616
2026-06-15 11:55:00+05:30,2026-06-15 12:00:00+05:30,2026-06-15 12:00:00+05:30,12,7,0.9999999999999998,0.0,1.0,1.0,2.0,1,5.0,2026-06-15 11:50:00+05:30,1.130952380952381,0.5654761904761905,0.0,0.0,1.130952380952381,0.4345238095238094
2026-06-15 12:00:00+05:30,2026-06-15 12:05:00+05:30,2026-06-15 12:05:00+05:30,9,10,1.0,-5.551115123125783e-17,1.0,1.0,2.0,1,5.0,2026-06-15 11:55:00+05:30,1.2833333333333332,0.6416666666666666,0.0,0.0,1.1496031746031745,0.42777777777777776
2026-06-15 12:05:00+05:30,2026-06-15 12:10:00+05:30,2026-06-15 12:10:00+05:30,9,10,1.0,-5.551115123125783e-17,1.0,1.0,2.0,1,5.0,2026-06-15 12:00:00+05:30,0.8444444444444444,0.4222222222222222,0.0,0.0,0.8444444444444444,0.5777777777777778
2026-06-15 12:10:00+05:30,2026-06-15 12:15:00+05:30,2026-06-15 12:15:00+05:30,8,11,1.0,-2.7755575615628914e-17,1.0,1.0,2.0,1,5.0,2026-06-15 12:05:00+05:30,1.2121212121212122,0.6060606060606061,0.0,0.0,1.1685606060606062,0.4147727272727273
2026-06-15 12:15:00+05:30,2026-06-15 12:20:00+05:30,2026-06-15 12:20:00+05:30,12,7,0.9999999999999998,-1.3877787807814457e-17,1.0,1.0,2.0,1,5.0,2026-06-15 12:10:00+05:30,1.2196969696969695,0.6098484848484848,0.0,0.0,1.011634199134199,0.494047619047619
2026-06-15 12:20:00+05:30,2026-06-15 12:25:00+05:30,2026-06-15 12:25:00+05:30,11,8,1.0,0.0,1.0,1.0,2.0,1,5.0,2026-06-15 12:15:00+05:30,1.0416666666666667,0.5208333333333334,0.0,0.0,0.9883658008658008,0.5056818181818181
2026-06-15 12:25:00+05:30,2026-06-15 12:30:00+05:30,2026-06-15 12:30:00+05:30,10,9,1.0,5.551115123125783e-17,1.0,1.0,2.0,1,5.0,2026-06-15 12:20:00+05:30,1.0101010101010102,0.5050505050505051,0.0,0.0,0.9550505050505051,0.5222222222222223
2026-06-15 12:30:00+05:30,2026-06-15 12:35:00+05:30,2026-06-15 12:35:00+05:30,11,8,0.9999999999999999,4.163336342344337e-17,1.0,1.0,2.0,1,5.0,2026-06-15 12:25:00+05:30,1.2121212121212122,0.6060606060606061,0.0,0.0,1.1685606060606062,0.4147727272727273
2026-06-15 12:35:00+05:30,2026-06-15 12:40:00+05:30,2026-06-15 12:40:00+05:30,11,8,0.9999999999999999,1.3877787807814457e-17,1.0,1.0,2.0,1,5.0,2026-06-15 12:30:00+05:30,0.6477272727272727,0.32386363636363635,0.0,0.0,0.6477272727272727,0.6761363636363635
2026-06-15 12:40:00+05:30,2026-06-15 12:45:00+05:30,2026-06-15 12:45:00+05:30,9,10,1.0,-4.163336342344337e-17,1.0,1.0,2.0,1,5.0,2026-06-15 12:35:00+05:30,1.1454545454545455,0.5727272727272728,0.0,0.0,1.044949494949495,0.47777777777777775
2026-06-15 12:45:00+05:30,2026-06-15 12:50:00+05:30,2026-06-15 12:50:00+05:30,8,11,1.0,-1.3877787807814457e-17,1.0,1.0,2.0,1,5.0,2026-06-15 12:40:00+05:30,1.2121212121212122,0.6060606060606061,0.0,0.0,1.1685606060606062,0.4147727272727273
2026-06-15 12:50:00+05:30,2026-06-15 12:55:00+05:30,2026-06-15 12:55:00+05:30,12,7,0.9999999999999998,-1.3877787807814457e-17,1.0,1.0,2.0,1,5.0,2026-06-15 12:45:00+05:30,1.0454545454545456,0.5227272727272728,0.0,0.0,0.7905844155844157,0.607142857142857
2026-06-15 12:55:00+05:30,2026-06-15 13:00:00+05:30,2026-06-15 13:00:00+05:30,8,11,0.9999999999999999,-1.3877787807814457e-17,1.0,1.0,2.0,1,5.0,2026-06-15 12:50:00+05:30,1.5681818181818181,0.7840909090909091,0.0,0.0,1.4537337662337664,0.27840909090909094
2026-06-15 13:00:00+05:30,2026-06-15 13:05:00+05:30,2026-06-15 13:05:00+05:30,8,11,0.9999999999999999,-2.7755575615628914e-17,1.0,1.0,2.0,1,5.0,2026-06-15 12:55:00+05:30,0.8636363636363635,0.43181818181818177,0.0,0.0,0.8636363636363635,0.5681818181818181
2026-06-15 13:05:00+05:30,2026-06-15 13:10:00+05:30,2026-06-15 13:10:00+05:30,10,9,1.0,5.551115123125783e-17,1.0,1.0,2.0,1,5.0,2026-06-15 13:00:00+05:30,1.1454545454545457,0.5727272727272729,0.0,0.0,1.044949494949495,0.47777777777777775
2026-06-15 13:10:00+05:30,2026-06-15 13:15:00+05:30,2026-06-15 13:15:00+05:30,11,8,1.0,2.7755575615628914e-17,1.0,1.0,2.0,1,5.0,2026-06-15 13:05:00+05:30,0.8080808080808081,0.40404040404040403,0.0,0.0,0.741540404040404,0.6306818181818181
2026-06-15 13:15:00+05:30,2026-06-15 13:20:00+05:30,2026-06-15 13:20:00+05:30,8,11,1.0,-1.3877787807814457e-17,1.0,1.0,2.0,1,5.0,2026-06-15 13:10:00+05:30,1.2727272727272725,0.6363636363636362,0.0,0.0,1.1363636363636362,0.4318181818181818
2026-06-15 13:20:00+05:30,2026-06-15 13:25:00+05:30,2026-06-15 13:25:00+05:30,7,12,0.9999999999999998,1.3877787807814457e-17,1.0,1.0,2.0,1,5.0,2026-06-15 13:15:00+05:30,1.0416666666666665,0.5208333333333333,0.0,0.0,0.9883658008658007,0.5059523809523809
2026-06-15 13:25:00+05:30,2026-06-15 13:30:00+05:30,2026-06-15 13:30:00+05:30,10,9,1.0000000000000002,4.163336342344337e-17,1.0,1.0,2.0,1,5.0,2026-06-15 13:20:00+05:30,1.1,0.55,0.0,0.0,0.930952380952381,0.5333333333333333
2026-06-15 13:30:00+05:30,2026-06-15 13:35:00+05:30,2026-06-15 13:35:00+05:30,11,8,1.0,0.0,1.0,1.0,2.0,1,5.0,2026-06-15 13:25:00+05:30,0.6060606060606061,0.30303030303030304,0.0,0.0,0.5280303030303031,0.7386363636363635
2026-06-15 13:35:00+05:30,2026-06-15 13:40:00+05:30,2026-06-15 13:40:00+05:30,6,13,1.0,-8.326672684688674e-17,1.0,1.0,2.0,1,5.0,2026-06-15 13:30:00+05:30,1.5104895104895102,0.7552447552447551,0.0,0.0,1.3385780885780885,0.3205128205128205
2026-06-15 13:40:00+05:30,2026-06-15 13:45:00+05:30,2026-06-15 13:45:00+05:30,7,12,0.9999999999999998,0.0,1.0,1.0,2.0,1,5.0,2026-06-15 13:35:00+05:30,1.0989010989010988,0.5494505494505494,0.0,0.0,1.0494505494505495,0.47619047619047616
2026-06-15 13:45:00+05:30,2026-06-15 13:50:00+05:30,2026-06-15 13:50:00+05:30,10,9,1.0,5.551115123125783e-17,1.0,1.0,2.0,1,5.0,2026-06-15 13:40:00+05:30,1.2833333333333332,0.6416666666666666,0.0,0.0,1.1496031746031745,0.4277777777777778
2026-06-15 13:50:00+05:30,2026-06-15 13:55:00+05:30,2026-06-15 13:55:00+05:30,8,11,0.9999999999999999,-1.3877787807814457e-17,1.0,1.0,2.0,1,5.0,2026-06-15 13:45:00+05:30,0.9545454545454544,0.4772727272727272,0.0,0.0,0.831439393939394,0.5852272727272727
2026-06-15 13:55:00+05:30,2026-06-15 14:00:00+05:30,2026-06-15 14:00:00+05:30,10,9,1.0000000000000002,4.163336342344337e-17,1.0,1.0,2.0,1,5.0,2026-06-15 13:50:00+05:30,1.718181818181818,0.859090909090909,0.0,0.0,1.685479797979798,0.1611111111111111
2026-06-15 14:00:00+05:30,2026-06-15 14:05:00+05:30,2026-06-15 14:05:00+05:30,8,11,0.9999999999999999,-4.163336342344337e-17,1.0,1.0,2.0,1,5.0,2026-06-15 13:55:00+05:30,1.1454545454545455,0.5727272727272728,0.0,0.0,1.044949494949495,0.4772727272727273
2026-06-15 14:05:00+05:30,2026-06-15 14:10:00+05:30,2026-06-15 14:10:00+05:30,9,10,1.0,-4.163336342344337e-17,1.0,1.0,2.0,1,5.0,2026-06-15 14:00:00+05:30,0.6060606060606061,0.30303030303030304,0.0,0.0,0.5280303030303031,0.7333333333333334
2026-06-15 14:10:00+05:30,2026-06-15 14:15:00+05:30,2026-06-15 14:15:00+05:30,11,8,1.0,2.7755575615628914e-17,1.0,1.0,2.0,1,5.0,2026-06-15 14:05:00+05:30,1.5272727272727271,0.7636363636363636,0.0,0.0,1.471969696969697,0.26136363636363635
2026-06-15 14:15:00+05:30,2026-06-15 14:20:00+05:30,2026-06-15 14:20:00+05:30,10,9,1.0000000000000002,4.163336342344337e-17,1.0,1.0,2.0,1,5.0,2026-06-15 14:10:00+05:30,1.01010101010101,0.505050505050505,0.0,0.0,0.9550505050505051,0.5222222222222223
2026-06-15 14:20:00+05:30,2026-06-15 14:25:00+05:30,2026-06-15 14:25:00+05:30,12,7,0.9999999999999998,-1.3877787807814457e-17,1.0,1.0,2.0,1,5.0,2026-06-15 14:15:00+05:30,0.9722222222222222,0.4861111111111111,0.0,0.0,0.8503968253968254,0.5773809523809522
2026-06-15 14:25:00+05:30,2026-06-15 14:30:00+05:30,2026-06-15 14:30:00+05:30,8,11,1.0,-2.7755575615628914e-17,1.0,1.0,2.0,1,5.0,2026-06-15 14:20:00+05:30,1.21969696969697,0.609848484848485,0.0,0.0,1.011634199134199,0.4943181818181818
2026-06-15 14:30:00+05:30,2026-06-15 14:35:00+05:30,2026-06-15 14:35:00+05:30,7,12,0.9999999999999998,0.0,1.0,1.0,2.0,1,5.0,2026-06-15 14:25:00+05:30,1.4583333333333335,0.7291666666666667,0.0,0.0,1.4304653679653678,0.27976190476190477
2026-06-15 14:35:00+05:30,2026-06-15 14:40:00+05:30,2026-06-15 14:40:00+05:30,10,9,1.0,5.551115123125783e-17,1.0,1.0,2.0,1,5.0,2026-06-15 14:30:00+05:30,1.2833333333333337,0.6416666666666668,0.0,0.0,1.1496031746031745,0.4277777777777778
2026-06-15 14:40:00+05:30,2026-06-15 14:45:00+05:30,2026-06-15 14:45:00+05:30,9,10,1.0,-5.551115123125783e-17,1.0,1.0,2.0,1,5.0,2026-06-15 14:35:00+05:30,1.4,0.7,0.0,0.0,1.3666666666666667,0.31666666666666665
2026-06-15 14:45:00+05:30,2026-06-15 14:50:00+05:30,2026-06-15 14:50:00+05:30,7,12,0.9999999999999998,1.3877787807814457e-17,1.0,1.0,2.0,1,5.0,2026-06-15 14:40:00+05:30,0.9722222222222222,0.4861111111111111,0.0,0.0,0.8503968253968254,0.5773809523809523
2026-06-15 14:50:00+05:30,2026-06-15 14:55:00+05:30,2026-06-15 14:55:00+05:30,10,9,1.0,4.163336342344337e-17,1.0,1.0,2.0,1,5.0,2026-06-15 14:45:00+05:30,1.1,0.55,0.0,0.0,0.930952380952381,0.5333333333333333
2026-06-15 14:55:00+05:30,2026-06-15 15:00:00+05:30,2026-06-15 15:00:00+05:30,7,12,0.9999999999999998,0.0,1.0,1.0,2.0,1,5.0,2026-06-15 14:50:00+05:30,1.4666666666666668,0.7333333333333334,0.0,0.0,1.3682539682539683,0.30952380952380953
2026-06-15 15:00:00+05:30,2026-06-15 15:05:00+05:30,2026-06-15 15:05:00+05:30,8,11,1.0,-2.7755575615628914e-17,1.0,1.0,2.0,1,5.0,2026-06-15 14:55:00+05:30,1.0416666666666665,0.5208333333333333,0.0,0.0,0.9883658008658008,0.5056818181818181
2026-06-15 15:05:00+05:30,2026-06-15 15:10:00+05:30,2026-06-15 15:10:00+05:30,11,8,0.9999999999999999,2.7755575615628914e-17,1.0,1.0,2.0,1,5.0,2026-06-15 15:00:00+05:30,0.7272727272727273,0.36363636363636365,0.0,0.0,0.48863636363636365,0.7556818181818181
2026-06-15 15:10:00+05:30,2026-06-15 15:15:00+05:30,2026-06-15 15:15:00+05:30,13,6,1.0,5.551115123125783e-17,1.0,1.0,2.0,1,5.0,2026-06-15 15:05:00+05:30,1.2115384615384612,0.6057692307692306,0.0,0.0,1.120920745920746,0.4358974358974359
2026-06-15 15:15:00+05:30,2026-06-15 15:20:00+05:30,2026-06-15 15:20:00+05:30,8,11,1.0,0.0,1.0,1.0,2.0,1,5.0,2026-06-15 15:10:00+05:30,1.5104895104895102,0.7552447552447551,0.0,0.0,1.3385780885780885,0.34090909090909094
2026-06-15 15:20:00+05:30,2026-06-15 15:25:00+05:30,2026-06-15 15:25:00+05:30,10,9,1.0000000000000002,4.163336342344337e-17,1.0,1.0,2.0,1,5.0,2026-06-15 15:15:00+05:30,0.9545454545454544,0.4772727272727272,0.0,0.0,0.831439393939394,0.5833333333333334
2026-06-16 09:15:00+05:30,2026-06-16 09:20:00+05:30,2026-06-16 09:20:00+05:30,13,6,0.9999999999999999,6.938893903907228e-17,1.0,1.0,2.0,1,5.0,2026-06-15 15:20:00+05:30,1.1282051282051282,0.5641025641025641,0.0,0.0,0.9641025641025641,0.5192307692307692
2026-06-16 09:20:00+05:30,2026-06-16 09:25:00+05:30,2026-06-16 09:25:00+05:30,7,12,0.9999999999999998,6.938893903907228e-18,1.0,1.0,2.0,1,5.0,2026-06-16 09:15:00+05:30,1.2820512820512817,0.6410256410256409,0.0,0.0,0.9505494505494505,0.5238095238095237
2026-06-16 09:25:00+05:30,2026-06-16 09:30:00+05:30,2026-06-16 09:30:00+05:30,11,8,1.0,1.3877787807814457e-17,1.0,1.0,2.0,1,5.0,2026-06-16 09:20:00+05:30,1.3939393939393938,0.6969696969696969,0.0,0.0,1.2326839826839828,0.3863636363636364
2026-06-16 09:30:00+05:30,2026-06-16 09:35:00+05:30,2026-06-16 09:35:00+05:30,11,8,1.0,1.3877787807814457e-17,1.0,1.0,2.0,1,5.0,2026-06-16 09:25:00+05:30,1.0795454545454546,0.5397727272727273,0.0,0.0,1.0795454545454546,0.46022727272727276
2026-06-16 09:35:00+05:30,2026-06-16 09:40:00+05:30,2026-06-16 09:40:00+05:30,11,8,1.0,2.7755575615628914e-17,1.0,1.0,2.0,1,5.0,2026-06-16 09:30:00+05:30,0.6477272727272727,0.32386363636363635,0.0,0.0,0.6477272727272727,0.6761363636363635
2026-06-16 09:40:00+05:30,2026-06-16 09:45:00+05:30,2026-06-16 09:45:00+05:30,11,8,1.0,0.0,1.0,1.0,2.0,1,5.0,2026-06-16 09:35:00+05:30,0.6477272727272727,0.32386363636363635,0.0,0.0,0.6477272727272727,0.6761363636363635
2026-06-16 09:45:00+05:30,2026-06-16 09:50:00+05:30,2026-06-16 09:50:00+05:30,12,7,0.9999999999999998,0.0,1.0,1.0,2.0,1,5.0,2026-06-16 09:40:00+05:30,1.25,0.625,0.0,0.0,1.2094155844155845,0.3928571428571429
2026-06-16 09:50:00+05:30,2026-06-16 09:55:00+05:30,2026-06-16 09:55:00+05:30,9,10,1.0000000000000002,-4.163336342344337e-17,1.0,1.0,2.0,1,5.0,2026-06-16 09:45:00+05:30,1.0999999999999999,0.5499999999999999,0.0,0.0,0.930952380952381,0.5333333333333333
2026-06-16 09:55:00+05:30,2026-06-16 10:00:00+05:30,2026-06-16 10:00:00+05:30,12,7,0.9999999999999998,0.0,1.0,1.0,2.0,1,5.0,2026-06-16 09:50:00+05:30,1.1,0.55,0.0,0.0,0.930952380952381,0.5357142857142857
2026-06-16 10:00:00+05:30,2026-06-16 10:05:00+05:30,2026-06-16 10:05:00+05:30,9,10,1.0,-4.163336342344337e-17,1.0,1.0,2.0,1,5.0,2026-06-16 09:55:00+05:30,1.2833333333333332,0.6416666666666666,0.0,0.0,1.1496031746031745,0.4277777777777778
2026-06-16 10:05:00+05:30,2026-06-16 10:10:00+05:30,2026-06-16 10:10:00+05:30,8,11,1.0,-2.7755575615628914e-17,1.0,1.0,2.0,1,5.0,2026-06-16 10:00:00+05:30,0.8080808080808081,0.40404040404040403,0.0,0.0,0.741540404040404,0.6306818181818181
2026-06-16 10:10:00+05:30,2026-06-16 10:15:00+05:30,2026-06-16 10:15:00+05:30,12,7,0.9999999999999998,-1.3877787807814457e-17,1.0,1.0,2.0,1,5.0,2026-06-16 10:05:00+05:30,1.2196969696969697,0.6098484848484849,0.0,0.0,1.0116341991341993,0.494047619047619
2026-06-16 10:15:00+05:30,2026-06-16 10:20:00+05:30,2026-06-16 10:20:00+05:30,11,8,0.9999999999999999,4.163336342344337e-17,1.0,1.0,2.0,1,5.0,2026-06-16 10:10:00+05:30,1.041666666666667,0.5208333333333335,0.0,0.0,0.9883658008658008,0.5056818181818182
2026-06-16 10:20:00+05:30,2026-06-16 10:25:00+05:30,2026-06-16 10:25:00+05:30,12,7,0.9999999999999998,-1.3877787807814457e-17,1.0,1.0,2.0,1,5.0,2026-06-16 10:15:00+05:30,0.625,0.3125,0.0,0.0,0.5462662337662337,0.732142857142857
2026-06-16 10:25:00+05:30,2026-06-16 10:30:00+05:30,2026-06-16 10:30:00+05:30,8,11,1.0,-2.7755575615628914e-17,1.0,1.0,2.0,1,5.0,2026-06-16 10:20:00+05:30,1.5681818181818181,0.7840909090909091,0.0,0.0,1.4537337662337664,0.27840909090909094
2026-06-16 10:30:00+05:30,2026-06-16 10:35:00+05:30,2026-06-16 10:35:00+05:30,7,12,0.9999999999999998,1.3877787807814457e-17,1.0,1.0,2.0,1,5.0,2026-06-16 10:25:00+05:30,1.0416666666666667,0.5208333333333334,0.0,0.0,0.9883658008658007,0.5059523809523809
2026-06-16 10:35:00+05:30,2026-06-16 10:40:00+05:30,2026-06-16 10:40:00+05:30,10,9,1.0,5.551115123125783e-17,1.0,1.0,2.0,1,5.0,2026-06-16 10:30:00+05:30,1.1,0.55,0.0,0.0,0.930952380952381,0.5333333333333333
2026-06-16 10:40:00+05:30,2026-06-16 10:45:00+05:30,2026-06-16 10:45:00+05:30,8,11,1.0,-1.3877787807814457e-17,1.0,1.0,2.0,1,5.0,2026-06-16 10:35:00+05:30,0.7636363636363636,0.3818181818181818,0.0,0.0,0.617929292929293,0.6931818181818181
2026-06-16 10:45:00+05:30,2026-06-16 10:50:00+05:30,2026-06-16 10:50:00+05:30,10,9,1.0000000000000002,4.163336342344337e-17,1.0,1.0,2.0,1,5.0,2026-06-16 10:40:00+05:30,0.5727272727272728,0.2863636363636364,0.0,0.0,0.40441919191919196,0.7944444444444445
2026-06-16 10:50:00+05:30,2026-06-16 10:55:00+05:30,2026-06-16 10:55:00+05:30,10,9,1.0,4.163336342344337e-17,1.0,1.0,2.0,1,5.0,2026-06-16 10:45:00+05:30,1.0555555555555556,0.5277777777777778,0.0,0.0,1.0555555555555556,0.47222222222222215
2026-06-16 10:55:00+05:30,2026-06-16 11:00:00+05:30,2026-06-16 11:00:00+05:30,6,13,1.0000000000000002,-5.551115123125783e-17,1.0,1.0,2.0,1,5.0,2026-06-16 10:50:00+05:30,1.2384615384615383,0.6192307692307691,0.0,0.0,1.0358974358974358,0.4807692307692308
2026-06-16 11:00:00+05:30,2026-06-16 11:05:00+05:30,2026-06-16 11:05:00+05:30,7,12,0.9999999999999998,0.0,1.0,1.0,2.0,1,5.0,2026-06-16 10:55:00+05:30,1.3186813186813187,0.6593406593406593,0.0,0.0,1.2843406593406594,0.363095238095238
2026-06-16 11:05:00+05:30,2026-06-16 11:10:00+05:30,2026-06-16 11:10:00+05:30,11,8,0.9999999999999999,2.7755575615628914e-17,1.0,1.0,2.0,1,5.0,2026-06-16 11:00:00+05:30,1.0454545454545454,0.5227272727272727,0.0,0.0,0.7905844155844156,0.6022727272727273
2026-06-16 11:10:00+05:30,2026-06-16 11:15:00+05:30,2026-06-16 11:15:00+05:30,9,10,1.0,-5.551115123125783e-17,1.0,1.0,2.0,1,5.0,2026-06-16 11:05:00+05:30,1.1454545454545457,0.5727272727272729,0.0,0.0,1.0449494949494949,0.47777777777777786
2026-06-16 11:15:00+05:30,2026-06-16 11:20:00+05:30,2026-06-16 11:20:00+05:30,7,12,0.9999999999999998,1.3877787807814457e-17,1.0,1.0,2.0,1,5.0,2026-06-16 11:10:00+05:30,1.1666666666666665,0.5833333333333333,0.0,0.0,1.069047619047619,0.4642857142857142
2026-06-16 11:20:00+05:30,2026-06-16 11:25:00+05:30,2026-06-16 11:25:00+05:30,11,8,1.0,2.7755575615628914e-17,1.0,1.0,2.0,1,5.0,2026-06-16 11:15:00+05:30,1.3939393939393938,0.6969696969696969,0.0,0.0,1.2326839826839828,0.38636363636363635
2026-06-16 11:25:00+05:30,2026-06-16 11:30:00+05:30,2026-06-16 11:30:00+05:30,7,12,0.9999999999999998,0.0,1.0,1.0,2.0,1,5.0,2026-06-16 11:20:00+05:30,1.2196969696969697,0.6098484848484849,0.0,0.0,1.0116341991341993,0.49404761904761896
2026-06-16 11:30:00+05:30,2026-06-16 11:35:00+05:30,2026-06-16 11:35:00+05:30,9,10,1.0,-4.163336342344337e-17,1.0,1.0,2.0,1,5.0,2026-06-16 11:25:00+05:30,0.9722222222222221,0.48611111111111105,0.0,0.0,0.8503968253968254,0.5722222222222222
2026-06-16 11:35:00+05:30,2026-06-16 11:40:00+05:30,2026-06-16 11:40:00+05:30,10,9,1.0,4.163336342344337e-17,1.0,1.0,2.0,1,5.0,2026-06-16 11:30:00+05:30,1.2,0.6,0.0,0.0,1.1555555555555557,0.4222222222222222
2026-06-16 11:40:00+05:30,2026-06-16 11:45:00+05:30,2026-06-16 11:45:00+05:30,11,8,1.0,2.7755575615628914e-17,1.0,1.0,2.0,1,5.0,2026-06-16 11:35:00+05:30,1.0101010101010102,0.5050505050505051,0.0,0.0,0.9550505050505051,0.5227272727272727
2026-06-16 11:45:00+05:30,2026-06-16 11:50:00+05:30,2026-06-16 11:50:00+05:30,10,9,1.0,5.551115123125783e-17,1.0,1.0,2.0,1,5.0,2026-06-16 11:40:00+05:30,1.2121212121212122,0.6060606060606061,0.0,0.0,1.1685606060606062,0.41666666666666663
2026-06-16 11:50:00+05:30,2026-06-16 11:55:00+05:30,2026-06-16 11:55:00+05:30,10,9,1.0,5.551115123125783e-17,1.0,1.0,2.0,1,5.0,2026-06-16 11:45:00+05:30,0.8444444444444443,0.42222222222222217,0.0,0.0,0.8444444444444443,0.5777777777777777
2026-06-16 11:55:00+05:30,2026-06-16 12:00:00+05:30,2026-06-16 12:00:00+05:30,13,6,1.0,5.551115123125783e-17,1.0,1.0,2.0,1,5.0,2026-06-16 11:50:00+05:30,1.1282051282051282,0.5641025641025641,0.0,0.0,0.964102564102564,0.5192307692307693
2026-06-16 12:00:00+05:30,2026-06-16 12:05:00+05:30,2026-06-16 12:05:00+05:30,8,11,1.0,-1.3877787807814457e-17,1.0,1.0,2.0,1,5.0,2026-06-16 11:55:00+05:30,1.006993006993007,0.5034965034965035,0.0,0.0,0.6493298368298368,0.6647727272727273
2026-06-16 12:05:00+05:30,2026-06-16 12:10:00+05:30,2026-06-16 12:10:00+05:30,13,6,1.0000000000000002,5.551115123125783e-17,1.0,1.0,2.0,1,5.0,2026-06-16 12:00:00+05:30,1.3426573426573423,0.6713286713286711,0.0,0.0,1.1088286713286712,0.4423076923076923
2026-06-16 12:10:00+05:30,2026-06-16 12:15:00+05:30,2026-06-16 12:15:00+05:30,13,6,1.0,5.551115123125783e-17,1.0,1.0,2.0,1,5.0,2026-06-16 12:05:00+05:30,1.2179487179487178,0.6089743589743589,0.0,0.0,1.2179487179487178,0.391025641025641
2026-06-16 12:15:00+05:30,2026-06-16 12:20:00+05:30,2026-06-16 12:20:00+05:30,9,10,1.0,-5.551115123125783e-17,1.0,1.0,2.0,1,5.0,2026-06-16 12:10:00+05:30,1.2384615384615383,0.6192307692307691,0.0,0.0,1.035897435897436,0.4833333333333334
2026-06-16 12:20:00+05:30,2026-06-16 12:25:00+05:30,2026-06-16 12:25:00+05:30,9,10,1.0,-5.551115123125783e-17,1.0,1.0,2.0,1,5.0,2026-06-16 12:15:00+05:30,1.2666666666666668,0.6333333333333334,0.0,0.0,1.2666666666666668,0.3666666666666667
2026-06-16 12:25:00+05:30,2026-06-16 12:30:00+05:30,2026-06-16 12:30:00+05:30,12,7,0.9999999999999998,0.0,1.0,1.0,2.0,1,5.0,2026-06-16 12:20:00+05:30,1.4666666666666668,0.7333333333333334,0.0,0.0,1.3682539682539683,0.30952380952380953
2026-06-16 12:30:00+05:30,2026-06-16 12:35:00+05:30,2026-06-16 12:35:00+05:30,12,7,0.9999999999999998,0.0,1.0,1.0,2.0,1,5.0,2026-06-16 12:25:00+05:30,1.130952380952381,0.5654761904761905,0.0,0.0,1.130952380952381,0.43452380952380953
2026-06-16 12:35:00+05:30,2026-06-16 12:40:00+05:30,2026-06-16 12:40:00+05:30,10,9,1.0,4.163336342344337e-17,1.0,1.0,2.0,1,5.0,2026-06-16 12:30:00+05:30,1.3611111111111112,0.6805555555555556,0.0,0.0,1.2876984126984126,0.3611111111111111
2026-06-16 12:40:00+05:30,2026-06-16 12:45:00+05:30,2026-06-16 12:45:00+05:30,9,10,1.0,-5.551115123125783e-17,1.0,1.0,2.0,1,5.0,2026-06-16 12:35:00+05:30,1.6,0.8,0.0,0.0,1.577777777777778,0.2111111111111111
2026-06-16 12:45:00+05:30,2026-06-16 12:50:00+05:30,2026-06-16 12:50:00+05:30,7,12,0.9999999999999998,1.3877787807814457e-17,1.0,1.0,2.0,1,5.0,2026-06-16 12:40:00+05:30,1.3611111111111112,0.6805555555555556,0.0,0.0,1.2876984126984126,0.35119047619047616
2026-06-16 12:50:00+05:30,2026-06-16 12:55:00+05:30,2026-06-16 12:55:00+05:30,8,11,0.9999999999999999,-2.7755575615628914e-17,1.0,1.0,2.0,1,5.0,2026-06-16 12:45:00+05:30,0.8333333333333334,0.4166666666666667,0.0,0.0,0.7673160173160173,0.6136363636363636
2026-06-16 12:55:00+05:30,2026-06-16 13:00:00+05:30,2026-06-16 13:00:00+05:30,9,10,1.0,-4.163336342344337e-17,1.0,1.0,2.0,1,5.0,2026-06-16 12:50:00+05:30,1.2121212121212122,0.6060606060606061,0.0,0.0,1.168560606060606,0.41666666666666663
2026-06-16 13:00:00+05:30,2026-06-16 13:05:00+05:30,2026-06-16 13:05:00+05:30,9,10,1.0,-4.163336342344337e-17,1.0,1.0,2.0,1,5.0,2026-06-16 12:55:00+05:30,0.8444444444444443,0.42222222222222217,0.0,0.0,0.8444444444444443,0.5777777777777777
2026-06-16 13:05:00+05:30,2026-06-16 13:10:00+05:30,2026-06-16 13:10:00+05:30,10,9,1.0,4.163336342344337e-17,1.0,1.0,2.0,1,5.0,2026-06-16 13:00:00+05:30,0.7999999999999999,0.39999999999999997,0.0,0.0,0.7333333333333333,0.6333333333333333
2026-06-16 13:10:00+05:30,2026-06-16 13:15:00+05:30,2026-06-16 13:15:00+05:30,12,7,0.9999999999999998,0.0,1.0,1.0,2.0,1,5.0,2026-06-16 13:05:00+05:30,1.5555555555555554,0.7777777777777777,0.0,0.0,1.5063492063492063,0.23809523809523808
2026-06-16 13:15:00+05:30,2026-06-16 13:20:00+05:30,2026-06-16 13:20:00+05:30,9,10,1.0,-4.163336342344337e-17,1.0,1.0,2.0,1,5.0,2026-06-16 13:10:00+05:30,1.4666666666666668,0.7333333333333334,0.0,0.0,1.3682539682539683,0.3222222222222222
2026-06-16 13:20:00+05:30,2026-06-16 13:25:00+05:30,2026-06-16 13:25:00+05:30,12,7,0.9999999999999998,0.0,1.0,1.0,2.0,1,5.0,2026-06-16 13:15:00+05:30,1.2833333333333332,0.6416666666666666,0.0,0.0,1.1496031746031745,0.42261904761904756
2026-06-16 13:25:00+05:30,2026-06-16 13:30:00+05:30,2026-06-16 13:30:00+05:30,12,7,0.9999999999999998,0.0,1.0,1.0,2.0,1,5.0,2026-06-16 13:20:00+05:30,0.9047619047619047,0.45238095238095233,0.0,0.0,0.9047619047619047,0.5476190476190477
2026-06-16 13:30:00+05:30,2026-06-16 13:35:00+05:30,2026-06-16 13:35:00+05:30,12,7,0.9999999999999998,0.0,1.0,1.0,2.0,1,5.0,2026-06-16 13:25:00+05:30,0.6785714285714286,0.3392857142857143,0.0,0.0,0.6785714285714286,0.6607142857142857
2026-06-16 13:35:00+05:30,2026-06-16 13:40:00+05:30,2026-06-16 13:40:00+05:30,9,10,1.0,-4.163336342344337e-17,1.0,1.0,2.0,1,5.0,2026-06-16 13:30:00+05:30,1.2833333333333332,0.6416666666666666,0.0,0.0,1.1496031746031745,0.42777777777777776
2026-06-16 13:40:00+05:30,2026-06-16 13:45:00+05:30,2026-06-16 13:45:00+05:30,9,10,1.0,-4.163336342344337e-17,1.0,1.0,2.0,1,5.0,2026-06-16 13:35:00+05:30,1.2666666666666668,0.6333333333333334,0.0,0.0,1.2666666666666668,0.36666666666666664
2026-06-16 13:45:00+05:30,2026-06-16 13:50:00+05:30,2026-06-16 13:50:00+05:30,8,11,1.0,-2.7755575615628914e-17,1.0,1.0,2.0,1,5.0,2026-06-16 13:40:00+05:30,1.2121212121212122,0.6060606060606061,0.0,0.0,1.1685606060606062,0.4147727272727273
2026-06-16 13:50:00+05:30,2026-06-16 13:55:00+05:30,2026-06-16 13:55:00+05:30,9,10,1.0000000000000002,-4.163336342344337e-17,1.0,1.0,2.0,1,5.0,2026-06-16 13:45:00+05:30,1.6161616161616164,0.8080808080808082,0.0,0.0,1.5955808080808083,0.20555555555555555
2026-06-16 13:55:00+05:30,2026-06-16 14:00:00+05:30,2026-06-16 14:00:00+05:30,10,9,1.0,5.551115123125783e-17,1.0,1.0,2.0,1,5.0,2026-06-16 13:50:00+05:30,1.2,0.6,0.0,0.0,1.1555555555555557,0.4222222222222223
2026-06-16 14:00:00+05:30,2026-06-16 14:05:00+05:30,2026-06-16 14:05:00+05:30,14,5,1.0,-6.938893903907228e-17,1.0,1.0,2.0,1,5.0,2026-06-16 13:55:00+05:30,1.2777777777777777,0.6388888888888888,0.0,0.0,1.0888888888888888,0.44999999999999996
2026-06-16 14:05:00+05:30,2026-06-16 14:10:00+05:30,2026-06-16 14:10:00+05:30,10,9,1.0,5.551115123125783e-17,1.0,1.0,2.0,1,5.0,2026-06-16 14:00:00+05:30,1.4603174603174602,0.7301587301587301,0.0,0.0,1.33015873015873,0.35555555555555557
2026-06-16 14:10:00+05:30,2026-06-16 14:15:00+05:30,2026-06-16 14:15:00+05:30,13,6,1.0,5.551115123125783e-17,1.0,1.0,2.0,1,5.0,2026-06-16 14:05:00+05:30,1.1282051282051282,0.5641025641025641,0.0,0.0,0.964102564102564,0.5192307692307693
2026-06-16 14:15:00+05:30,2026-06-16 14:20:00+05:30,2026-06-16 14:20:00+05:30,11,8,1.0,1.3877787807814457e-17,1.0,1.0,2.0,1,5.0,2026-06-16 14:10:00+05:30,1.2115384615384617,0.6057692307692308,0.0,0.0,1.1209207459207462,0.4431818181818182
2026-06-16 14:20:00+05:30,2026-06-16 14:25:00+05:30,2026-06-16 14:25:00+05:30,9,10,1.0,-4.163336342344337e-17,1.0,1.0,2.0,1,5.0,2026-06-16 14:15:00+05:30,1.1454545454545455,0.5727272727272728,0.0,0.0,1.044949494949495,0.47777777777777775
2026-06-16 14:25:00+05:30,2026-06-16 14:30:00+05:30,2026-06-16 14:30:00+05:30,12,7,0.9999999999999998,0.0,1.0,1.0,2.0,1,5.0,2026-06-16 14:20:00+05:30,0.7333333333333334,0.3666666666666667,0.0,0.0,0.4936507936507937,0.7619047619047619
2026-06-16 14:30:00+05:30,2026-06-16 14:35:00+05:30,2026-06-16 14:35:00+05:30,9,10,1.0,-5.551115123125783e-17,1.0,1.0,2.0,1,5.0,2026-06-16 14:25:00+05:30,1.2833333333333332,0.6416666666666666,0.0,0.0,1.1496031746031745,0.42777777777777776
2026-06-16 14:35:00+05:30,2026-06-16 14:40:00+05:30,2026-06-16 14:40:00+05:30,11,8,1.0,1.3877787807814457e-17,1.0,1.0,2.0,1,5.0,2026-06-16 14:30:00+05:30,1.3363636363636364,0.6681818181818182,0.0,0.0,1.2584595959595961,0.3693181818181818
2026-06-16 14:40:00+05:30,2026-06-16 14:45:00+05:30,2026-06-16 14:45:00+05:30,9,10,1.0,-5.551115123125783e-17,1.0,1.0,2.0,1,5.0,2026-06-16 14:35:00+05:30,0.9545454545454545,0.47727272727272724,0.0,0.0,0.8314393939393939,0.5833333333333334
2026-06-16 14:45:00+05:30,2026-06-16 14:50:00+05:30,2026-06-16 14:50:00+05:30,12,7,0.9999999999999998,0.0,1.0,1.0,2.0,1,5.0,2026-06-16 14:40:00+05:30,1.4666666666666668,0.7333333333333334,0.0,0.0,1.3682539682539683,0.30952380952380953
2026-06-16 14:50:00+05:30,2026-06-16 14:55:00+05:30,2026-06-16 14:55:00+05:30,9,10,1.0,-4.163336342344337e-17,1.0,1.0,2.0,1,5.0,2026-06-16 14:45:00+05:30,1.2833333333333332,0.6416666666666666,0.0,0.0,1.1496031746031745,0.4277777777777777
2026-06-16 14:55:00+05:30,2026-06-16 15:00:00+05:30,2026-06-16 15:00:00+05:30,10,9,1.0,4.163336342344337e-17,1.0,1.0,2.0,1,5.0,2026-06-16 14:50:00+05:30,0.7999999999999999,0.39999999999999997,0.0,0.0,0.7333333333333334,0.6333333333333334
2026-06-16 15:00:00+05:30,2026-06-16 15:05:00+05:30,2026-06-16 15:05:00+05:30,7,12,0.9999999999999998,0.0,1.0,1.0,2.0,1,5.0,2026-06-16 14:55:00+05:30,1.0999999999999996,0.5499999999999998,0.0,0.0,0.930952380952381,0.5357142857142857
2026-06-16 15:05:00+05:30,2026-06-16 15:10:00+05:30,2026-06-16 15:10:00+05:30,11,8,1.0,1.3877787807814457e-17,1.0,1.0,2.0,1,5.0,2026-06-16 15:00:00+05:30,1.3939393939393938,0.6969696969696969,0.0,0.0,1.2326839826839828,0.3863636363636364
2026-06-16 15:10:00+05:30,2026-06-16 15:15:00+05:30,2026-06-16 15:15:00+05:30,9,10,1.0000000000000002,-4.163336342344337e-17,1.0,1.0,2.0,1,5.0,2026-06-16 15:05:00+05:30,1.3363636363636362,0.6681818181818181,0.0,0.0,1.2584595959595961,0.3722222222222222
2026-06-16 15:15:00+05:30,2026-06-16 15:20:00+05:30,2026-06-16 15:20:00+05:30,10,9,1.0000000000000002,4.163336342344337e-17,1.0,1.0,2.0,1,5.0,2026-06-16 15:10:00+05:30,0.9999999999999999,0.49999999999999994,0.0,0.0,0.9444444444444443,0.5277777777777777
2026-06-16 15:20:00+05:30,2026-06-16 15:25:00+05:30,2026-06-16 15:25:00+05:30,10,9,1.0,4.163336342344337e-17,1.0,1.0,2.0,1,5.0,2026-06-16 15:15:00+05:30,0.8444444444444444,0.4222222222222222,0.0,0.0,0.8444444444444444,0.5777777777777778
2026-06-17 09:15:00+05:30,2026-06-17 09:20:00+05:30,2026-06-17 09:20:00+05:30,11,8,1.0,2.7755575615628914e-17,1.0,1.0,2.0,1,5.0,2026-06-16 15:20:00+05:30,1.0101010101010102,0.5050505050505051,0.0,0.0,0.9550505050505051,0.5227272727272727
2026-06-17 09:20:00+05:30,2026-06-17 09:25:00+05:30,2026-06-17 09:25:00+05:30,12,7,0.9999999999999998,0.0,1.0,1.0,2.0,1,5.0,2026-06-17 09:15:00+05:30,1.2500000000000002,0.6250000000000001,0.0,0.0,1.2094155844155843,0.39285714285714285
2026-06-17 09:25:00+05:30,2026-06-17 09:30:00+05:30,2026-06-17 09:30:00+05:30,13,6,0.9999999999999999,8.326672684688674e-17,1.0,1.0,2.0,1,5.0,2026-06-17 09:20:00+05:30,0.6593406593406592,0.3296703296703296,0.0,0.0,0.5796703296703296,0.7179487179487178
2026-06-17 09:30:00+05:30,2026-06-17 09:35:00+05:30,2026-06-17 09:35:00+05:30,10,9,1.0,5.551115123125783e-17,1.0,1.0,2.0,1,5.0,2026-06-17 09:25:00+05:30,1.3162393162393164,0.6581196581196582,0.0,0.0,1.1914529914529917,0.4111111111111111
2026-06-17 09:35:00+05:30,2026-06-17 09:40:00+05:30,2026-06-17 09:40:00+05:30,10,9,1.0,5.551115123125783e-17,1.0,1.0,2.0,1,5.0,2026-06-17 09:30:00+05:30,1.0555555555555554,0.5277777777777777,0.0,0.0,1.0555555555555554,0.47222222222222227
2026-06-17 09:40:00+05:30,2026-06-17 09:45:00+05:30,2026-06-17 09:45:00+05:30,6,13,0.9999999999999999,-5.551115123125783e-17,1.0,1.0,2.0,1,5.0,2026-06-17 09:35:00+05:30,1.4153846153846152,0.7076923076923076,0.0,0.0,1.2632478632478632,0.35897435897435903
2026-06-17 09:45:00+05:30,2026-06-17 09:50:00+05:30,2026-06-17 09:50:00+05:30,9,10,1.0,-2.7755575615628914e-17,1.0,1.0,2.0,1,5.0,2026-06-17 09:40:00+05:30,1.3162393162393164,0.6581196581196582,0.0,0.0,1.1914529914529917,0.4111111111111111
2026-06-17 09:50:00+05:30,2026-06-17 09:55:00+05:30,2026-06-17 09:55:00+05:30,7,12,0.9999999999999998,0.0,1.0,1.0,2.0,1,5.0,2026-06-17 09:45:00+05:30,1.1666666666666665,0.5833333333333333,0.0,0.0,1.069047619047619,0.4642857142857142
2026-06-17 09:55:00+05:30,2026-06-17 10:00:00+05:30,2026-06-17 10:00:00+05:30,10,9,1.0000000000000002,4.163336342344337e-17,1.0,1.0,2.0,1,5.0,2026-06-17 09:50:00+05:30,1.4666666666666668,0.7333333333333334,0.0,0.0,1.3682539682539683,0.3222222222222222
2026-06-17 10:00:00+05:30,2026-06-17 10:05:00+05:30,2026-06-17 10:05:00+05:30,9,10,1.0,-4.163336342344337e-17,1.0,1.0,2.0,1,5.0,2026-06-17 09:55:00+05:30,1.4,0.7,0.0,0.0,1.3666666666666667,0.31666666666666665
2026-06-17 10:05:00+05:30,2026-06-17 10:10:00+05:30,2026-06-17 10:10:00+05:30,10,9,1.0,4.163336342344337e-17,1.0,1.0,2.0,1,5.0,2026-06-17 10:00:00+05:30,1.2000000000000002,0.6000000000000001,0.0,0.0,1.1555555555555557,0.4222222222222222
2026-06-17 10:10:00+05:30,2026-06-17 10:15:00+05:30,2026-06-17 10:15:00+05:30,8,11,1.0,-2.7755575615628914e-17,1.0,1.0,2.0,1,5.0,2026-06-17 10:05:00+05:30,1.7181818181818183,0.8590909090909091,0.0,0.0,1.6854797979797982,0.1534090909090909
2026-06-17 10:15:00+05:30,2026-06-17 10:20:00+05:30,2026-06-17 10:20:00+05:30,11,8,1.0,2.7755575615628914e-17,1.0,1.0,2.0,1,5.0,2026-06-17 10:10:00+05:30,1.4545454545454544,0.7272727272727272,0.0,0.0,1.352272727272727,0.3238636363636364
2026-06-17 10:20:00+05:30,2026-06-17 10:25:00+05:30,2026-06-17 10:25:00+05:30,9,10,1.0,-5.551115123125783e-17,1.0,1.0,2.0,1,5.0,2026-06-17 10:15:00+05:30,1.1454545454545455,0.5727272727272728,0.0,0.0,1.044949494949495,0.47777777777777775
2026-06-17 10:25:00+05:30,2026-06-17 10:30:00+05:30,2026-06-17 10:30:00+05:30,8,11,1.0,-2.7755575615628914e-17,1.0,1.0,2.0,1,5.0,2026-06-17 10:20:00+05:30,1.4141414141414141,0.7070707070707071,0.0,0.0,1.382070707070707,0.3068181818181818
2026-06-17 10:30:00+05:30,2026-06-17 10:35:00+05:30,2026-06-17 10:35:00+05:30,15,4,1.0,-5.551115123125783e-17,1.0,1.0,2.0,1,5.0,2026-06-17 10:25:00+05:30,1.2606060606060607,0.6303030303030304,0.0,0.0,0.8178030303030304,0.6083333333333333
2026-06-17 10:35:00+05:30,2026-06-17 10:40:00+05:30,2026-06-17 10:40:00+05:30,8,11,0.9999999999999999,-1.3877787807814457e-17,1.0,1.0,2.0,1,5.0,2026-06-17 10:30:00+05:30,1.4181818181818184,0.7090909090909092,0.0,0.0,1.0840909090909092,0.46590909090909094
2026-06-17 10:40:00+05:30,2026-06-17 10:45:00+05:30,2026-06-17 10:45:00+05:30,9,10,1.0,-4.163336342344337e-17,1.0,1.0,2.0,1,5.0,2026-06-17 10:35:00+05:30,1.0101010101010102,0.5050505050505051,0.0,0.0,0.955050505050505,0.5222222222222221
2026-06-17 10:45:00+05:30,2026-06-17 10:50:00+05:30,2026-06-17 10:50:00+05:30,9,10,1.0,-5.551115123125783e-17,1.0,1.0,2.0,1,5.0,2026-06-17 10:40:00+05:30,1.0555555555555556,0.5277777777777778,0.0,0.0,1.0555555555555556,0.4722222222222222
2026-06-17 10:50:00+05:30,2026-06-17 10:55:00+05:30,2026-06-17 10:55:00+05:30,11,8,1.0,1.3877787807814457e-17,1.0,1.0,2.0,1,5.0,2026-06-17 10:45:00+05:30,1.1454545454545453,0.5727272727272726,0.0,0.0,1.044949494949495,0.4772727272727273
2026-06-17 10:55:00+05:30,2026-06-17 11:00:00+05:30,2026-06-17 11:00:00+05:30,8,11,1.0,-2.7755575615628914e-17,1.0,1.0,2.0,1,5.0,2026-06-17 10:50:00+05:30,1.4545454545454544,0.7272727272727272,0.0,0.0,1.352272727272727,0.32386363636363635
2026-06-17 11:00:00+05:30,2026-06-17 11:05:00+05:30,2026-06-17 11:05:00+05:30,10,9,1.0,5.551115123125783e-17,1.0,1.0,2.0,1,5.0,2026-06-17 10:55:00+05:30,0.9545454545454545,0.47727272727272724,0.0,0.0,0.831439393939394,0.5833333333333334
2026-06-17 11:05:00+05:30,2026-06-17 11:10:00+05:30,2026-06-17 11:10:00+05:30,10,9,1.0,5.551115123125783e-17,1.0,1.0,2.0,1,5.0,2026-06-17 11:00:00+05:30,1.0555555555555556,0.5277777777777778,0.0,0.0,1.0555555555555556,0.4722222222222222
2026-06-17 11:10:00+05:30,2026-06-17 11:15:00+05:30,2026-06-17 11:15:00+05:30,12,7,0.9999999999999998,0.0,1.0,1.0,2.0,1,5.0,2026-06-17 11:05:00+05:30,0.7777777777777777,0.38888888888888884,0.0,0.0,0.6317460317460317,0.6904761904761904
2026-06-17 11:15:00+05:30,2026-06-17 11:20:00+05:30,2026-06-17 11:20:00+05:30,10,9,1.0,5.551115123125783e-17,1.0,1.0,2.0,1,5.0,2026-06-17 11:10:00+05:30,1.1666666666666665,0.5833333333333333,0.0,0.0,1.0690476190476188,0.4666666666666667
2026-06-17 11:20:00+05:30,2026-06-17 11:25:00+05:30,2026-06-17 11:25:00+05:30,11,8,0.9999999999999999,1.3877787807814457e-17,1.0,1.0,2.0,1,5.0,2026-06-17 11:15:00+05:30,1.4141414141414141,0.7070707070707071,0.0,0.0,1.3820707070707072,0.3068181818181818
2026-06-17 11:25:00+05:30,2026-06-17 11:30:00+05:30,2026-06-17 11:30:00+05:30,9,10,1.0,-5.551115123125783e-17,1.0,1.0,2.0,1,5.0,2026-06-17 11:20:00+05:30,1.7181818181818183,0.8590909090909091,0.0,0.0,1.6854797979797982,0.1611111111111111
2026-06-17 11:30:00+05:30,2026-06-17 11:35:00+05:30,2026-06-17 11:35:00+05:30,11,8,1.0,2.7755575615628914e-17,1.0,1.0,2.0,1,5.0,2026-06-17 11:25:00+05:30,1.718181818181818,0.859090909090909,0.0,0.0,1.6854797979797982,0.1534090909090909
2026-06-17 11:35:00+05:30,2026-06-17 11:40:00+05:30,2026-06-17 11:40:00+05:30,9,10,1.0,-5.551115123125783e-17,1.0,1.0,2.0,1,5.0,2026-06-17 11:30:00+05:30,1.3363636363636362,0.6681818181818181,0.0,0.0,1.2584595959595961,0.3722222222222222
2026-06-17 11:40:00+05:30,2026-06-17 11:45:00+05:30,2026-06-17 11:45:00+05:30,12,7,0.9999999999999998,0.0,1.0,1.0,2.0,1,5.0,2026-06-17 11:35:00+05:30,1.4666666666666668,0.7333333333333334,0.0,0.0,1.3682539682539683,0.3095238095238095
2026-06-17 11:45:00+05:30,2026-06-17 11:50:00+05:30,2026-06-17 11:50:00+05:30,10,9,1.0,4.163336342344337e-17,1.0,1.0,2.0,1,5.0,2026-06-17 11:40:00+05:30,0.7777777777777777,0.38888888888888884,0.0,0.0,0.6317460317460317,0.6777777777777779
2026-06-17 11:50:00+05:30,2026-06-17 11:55:00+05:30,2026-06-17 11:55:00+05:30,10,9,1.0,5.551115123125783e-17,1.0,1.0,2.0,1,5.0,2026-06-17 11:45:00+05:30,0.8444444444444443,0.42222222222222217,0.0,0.0,0.8444444444444443,0.5777777777777778
2026-06-17 11:55:00+05:30,2026-06-17 12:00:00+05:30,2026-06-17 12:00:00+05:30,10,9,1.0,5.551115123125783e-17,1.0,1.0,2.0,1,5.0,2026-06-17 11:50:00+05:30,0.8444444444444444,0.4222222222222222,0.0,0.0,0.8444444444444444,0.5777777777777777
2026-06-17 12:00:00+05:30,2026-06-17 12:05:00+05:30,2026-06-17 12:05:00+05:30,9,10,1.0,-4.163336342344337e-17,1.0,1.0,2.0,1,5.0,2026-06-17 11:55:00+05:30,1.4000000000000004,0.7000000000000002,0.0,0.0,1.3666666666666667,0.31666666666666665
2026-06-17 12:05:00+05:30,2026-06-17 12:10:00+05:30,2026-06-17 12:10:00+05:30,10,9,1.0,5.551115123125783e-17,1.0,1.0,2.0,1,5.0,2026-06-17 12:00:00+05:30,0.7999999999999999,0.39999999999999997,0.0,0.0,0.7333333333333333,0.6333333333333334
2026-06-17 12:10:00+05:30,2026-06-17 12:15:00+05:30,2026-06-17 12:15:00+05:30,8,11,0.9999999999999999,-2.7755575615628914e-17,1.0,1.0,2.0,1,5.0,2026-06-17 12:05:00+05:30,1.1454545454545455,0.5727272727272728,0.0,0.0,1.044949494949495,0.4772727272727273
2026-06-17 12:15:00+05:30,2026-06-17 12:20:00+05:30,2026-06-17 12:20:00+05:30,7,12,0.9999999999999998,1.3877787807814457e-17,1.0,1.0,2.0,1,5.0,2026-06-17 12:10:00+05:30,1.2500000000000002,0.6250000000000001,0.0,0.0,1.2094155844155845,0.39285714285714285
2026-06-17 12:20:00+05:30,2026-06-17 12:25:00+05:30,2026-06-17 12:25:00+05:30,10,9,1.0,4.163336342344337e-17,1.0,1.0,2.0,1,5.0,2026-06-17 12:15:00+05:30,1.0999999999999999,0.5499999999999999,0.0,0.0,0.930952380952381,0.5333333333333333
2026-06-17 12:25:00+05:30,2026-06-17 12:30:00+05:30,2026-06-17 12:30:00+05:30,11,8,1.0,2.7755575615628914e-17,1.0,1.0,2.0,1,5.0,2026-06-17 12:20:00+05:30,1.0101010101010102,0.5050505050505051,0.0,0.0,0.955050505050505,0.5227272727272727
2026-06-17 12:30:00+05:30,2026-06-17 12:35:00+05:30,2026-06-17 12:35:00+05:30,8,11,0.9999999999999999,-1.3877787807814457e-17,1.0,1.0,2.0,1,5.0,2026-06-17 12:25:00+05:30,1.2727272727272725,0.6363636363636362,0.0,0.0,1.1363636363636362,0.4318181818181818
2026-06-17 12:35:00+05:30,2026-06-17 12:40:00+05:30,2026-06-17 12:40:00+05:30,10,9,1.0,4.163336342344337e-17,1.0,1.0,2.0,1,5.0,2026-06-17 12:30:00+05:30,1.1454545454545455,0.5727272727272728,0.0,0.0,1.044949494949495,0.47777777777777786
2026-06-17 12:40:00+05:30,2026-06-17 12:45:00+05:30,2026-06-17 12:45:00+05:30,8,11,1.0,-1.3877787807814457e-17,1.0,1.0,2.0,1,5.0,2026-06-17 12:35:00+05:30,1.1454545454545455,0.5727272727272728,0.0,0.0,1.044949494949495,0.4772727272727273
2026-06-17 12:45:00+05:30,2026-06-17 12:50:00+05:30,2026-06-17 12:50:00+05:30,11,8,0.9999999999999999,2.7755575615628914e-17,1.0,1.0,2.0,1,5.0,2026-06-17 12:40:00+05:30,1.2727272727272727,0.6363636363636364,0.0,0.0,1.1363636363636362,0.4318181818181819
2026-06-17 12:50:00+05:30,2026-06-17 12:55:00+05:30,2026-06-17 12:55:00+05:30,8,11,1.0,0.0,1.0,1.0,2.0,1,5.0,2026-06-17 12:45:00+05:30,1.090909090909091,0.5454545454545455,0.0,0.0,0.9204545454545454,0.5397727272727273
2026-06-17 12:55:00+05:30,2026-06-17 13:00:00+05:30,2026-06-17 13:00:00+05:30,11,8,0.9999999999999999,2.7755575615628914e-17,1.0,1.0,2.0,1,5.0,2026-06-17 12:50:00+05:30,1.4545454545454546,0.7272727272727273,0.0,0.0,1.3522727272727273,0.3238636363636364
2026-06-17 13:00:00+05:30,2026-06-17 13:05:00+05:30,2026-06-17 13:05:00+05:30,8,11,0.9999999999999999,-1.3877787807814457e-17,1.0,1.0,2.0,1,5.0,2026-06-17 12:55:00+05:30,1.0909090909090908,0.5454545454545454,0.0,0.0,0.9204545454545455,0.5397727272727273
2026-06-17 13:05:00+05:30,2026-06-17 13:10:00+05:30,2026-06-17 13:10:00+05:30,6,13,1.0,-6.938893903907228e-17,1.0,1.0,2.0,1,5.0,2026-06-17 13:00:00+05:30,1.2115384615384617,0.6057692307692308,0.0,0.0,1.120920745920746,0.4358974358974359
2026-06-17 13:10:00+05:30,2026-06-17 13:15:00+05:30,2026-06-17 13:15:00+05:30,7,12,0.9999999999999998,0.0,1.0,1.0,2.0,1,5.0,2026-06-17 13:05:00+05:30,1.0989010989010988,0.5494505494505494,0.0,0.0,1.0494505494505495,0.4761904761904762
2026-06-17 13:15:00+05:30,2026-06-17 13:20:00+05:30,2026-06-17 13:20:00+05:30,8,11,1.0,-2.7755575615628914e-17,1.0,1.0,2.0,1,5.0,2026-06-17 13:10:00+05:30,0.6249999999999999,0.31249999999999994,0.0,0.0,0.5462662337662337,0.7215909090909091
2026-06-17 13:20:00+05:30,2026-06-17 13:25:00+05:30,2026-06-17 13:25:00+05:30,9,10,1.0,-4.163336342344337e-17,1.0,1.0,2.0,1,5.0,2026-06-17 13:15:00+05:30,1.0101010101010102,0.5050505050505051,0.0,0.0,0.9550505050505051,0.5222222222222223
2026-06-17 13:25:00+05:30,2026-06-17 13:30:00+05:30,2026-06-17 13:30:00+05:30,10,9,1.0,5.551115123125783e-17,1.0,1.0,2.0,1,5.0,2026-06-17 13:20:00+05:30,1.2000000000000002,0.6000000000000001,0.0,0.0,1.1555555555555554,0.4222222222222222
2026-06-17 13:30:00+05:30,2026-06-17 13:35:00+05:30,2026-06-17 13:35:00+05:30,8,11,1.0,0.0,1.0,1.0,2.0,1,5.0,2026-06-17 13:25:00+05:30,0.7636363636363634,0.3818181818181817,0.0,0.0,0.617929292929293,0.6931818181818181
2026-06-17 13:35:00+05:30,2026-06-17 13:40:00+05:30,2026-06-17 13:40:00+05:30,10,9,1.0,5.551115123125783e-17,1.0,1.0,2.0,1,5.0,2026-06-17 13:30:00+05:30,1.1454545454545453,0.5727272727272726,0.0,0.0,1.044949494949495,0.47777777777777775
2026-06-17 13:40:00+05:30,2026-06-17 13:45:00+05:30,2026-06-17 13:45:00+05:30,13,6,1.0,2.7755575615628914e-17,1.0,1.0,2.0,1,5.0,2026-06-17 13:35:00+05:30,0.9401709401709402,0.4700854700854701,0.0,0.0,0.7367521367521367,0.6410256410256411
2026-06-17 13:45:00+05:30,2026-06-17 13:50:00+05:30,2026-06-17 13:50:00+05:30,8,11,1.0,0.0,1.0,1.0,2.0,1,5.0,2026-06-17 13:40:00+05:30,1.5104895104895102,0.7552447552447551,0.0,0.0,1.3385780885780885,0.34090909090909094
2026-06-17 13:50:00+05:30,2026-06-17 13:55:00+05:30,2026-06-17 13:55:00+05:30,14,5,1.0,-6.938893903907228e-17,1.0,1.0,2.0,1,5.0,2026-06-17 13:45:00+05:30,1.1363636363636362,0.5681818181818181,0.0,0.0,0.7306818181818182,0.65
2026-06-17 13:55:00+05:30,2026-06-17 14:00:00+05:30,2026-06-17 14:00:00+05:30,9,10,1.0,-5.551115123125783e-17,1.0,1.0,2.0,1,5.0,2026-06-17 13:50:00+05:30,1.5428571428571427,0.7714285714285714,0.0,0.0,1.3936507936507936,0.3277777777777777
2026-06-17 14:00:00+05:30,2026-06-17 14:05:00+05:30,2026-06-17 14:05:00+05:30,11,8,0.9999999999999999,4.163336342344337e-17,1.0,1.0,2.0,1,5.0,2026-06-17 13:55:00+05:30,1.3363636363636364,0.6681818181818182,0.0,0.0,1.2584595959595961,0.3693181818181818
2026-06-17 14:05:00+05:30,2026-06-17 14:10:00+05:30,2026-06-17 14:10:00+05:30,10,9,1.0,5.551115123125783e-17,1.0,1.0,2.0,1,5.0,2026-06-17 14:00:00+05:30,1.2121212121212122,0.6060606060606061,0.0,0.0,1.1685606060606062,0.41666666666666663
2026-06-17 14:10:00+05:30,2026-06-17 14:15:00+05:30,2026-06-17 14:15:00+05:30,11,8,1.0,0.0,1.0,1.0,2.0,1,5.0,2026-06-17 14:05:00+05:30,1.2121212121212122,0.6060606060606061,0.0,0.0,1.1685606060606062,0.4147727272727273
2026-06-17 14:15:00+05:30,2026-06-17 14:20:00+05:30,2026-06-17 14:20:00+05:30,7,12,0.9999999999999998,0.0,1.0,1.0,2.0,1,5.0,2026-06-17 14:10:00+05:30,1.2196969696969695,0.6098484848484848,0.0,0.0,1.0116341991341993,0.49404761904761907
2026-06-17 14:20:00+05:30,2026-06-17 14:25:00+05:30,2026-06-17 14:25:00+05:30,7,12,0.9999999999999998,0.0,1.0,1.0,2.0,1,5.0,2026-06-17 14:15:00+05:30,1.130952380952381,0.5654761904761905,0.0,0.0,1.130952380952381,0.43452380952380953
2026-06-17 14:25:00+05:30,2026-06-17 14:30:00+05:30,2026-06-17 14:30:00+05:30,11,8,0.9999999999999999,2.7755575615628914e-17,1.0,1.0,2.0,1,5.0,2026-06-17 14:20:00+05:30,1.0454545454545456,0.5227272727272728,0.0,0.0,0.7905844155844155,0.6022727272727272
2026-06-17 14:30:00+05:30,2026-06-17 14:35:00+05:30,2026-06-17 14:35:00+05:30,9,10,1.0,-4.163336342344337e-17,1.0,1.0,2.0,1,5.0,2026-06-17 14:25:00+05:30,1.5272727272727271,0.7636363636363636,0.0,0.0,1.471969696969697,0.26666666666666666
2026-06-17 14:35:00+05:30,2026-06-17 14:40:00+05:30,2026-06-17 14:40:00+05:30,9,10,1.0,-4.163336342344337e-17,1.0,1.0,2.0,1,5.0,2026-06-17 14:30:00+05:30,1.2666666666666668,0.6333333333333334,0.0,0.0,1.2666666666666668,0.36666666666666664
2026-06-17 14:40:00+05:30,2026-06-17 14:45:00+05:30,2026-06-17 14:45:00+05:30,9,10,1.0,-4.163336342344337e-17,1.0,1.0,2.0,1,5.0,2026-06-17 14:35:00+05:30,1.0555555555555556,0.5277777777777778,0.0,0.0,1.0555555555555556,0.4722222222222222
2026-06-17 14:45:00+05:30,2026-06-17 14:50:00+05:30,2026-06-17 14:50:00+05:30,10,9,1.0,5.551115123125783e-17,1.0,1.0,2.0,1,5.0,2026-06-17 14:40:00+05:30,1.2,0.6,0.0,0.0,1.1555555555555557,0.4222222222222223
2026-06-17 14:50:00+05:30,2026-06-17 14:55:00+05:30,2026-06-17 14:55:00+05:30,10,9,1.0,5.551115123125783e-17,1.0,1.0,2.0,1,5.0,2026-06-17 14:45:00+05:30,1.0555555555555556,0.5277777777777778,0.0,0.0,1.0555555555555556,0.4722222222222222
2026-06-17 14:55:00+05:30,2026-06-17 15:00:00+05:30,2026-06-17 15:00:00+05:30,8,11,0.9999999999999999,-1.3877787807814457e-17,1.0,1.0,2.0,1,5.0,2026-06-17 14:50:00+05:30,1.1454545454545455,0.5727272727272728,0.0,0.0,1.044949494949495,0.47727272727272735
2026-06-17 15:00:00+05:30,2026-06-17 15:05:00+05:30,2026-06-17 15:05:00+05:30,11,8,1.0,1.3877787807814457e-17,1.0,1.0,2.0,1,5.0,2026-06-17 14:55:00+05:30,0.9090909090909092,0.4545454545454546,0.0,0.0,0.7045454545454546,0.6477272727272727
2026-06-17 15:05:00+05:30,2026-06-17 15:10:00+05:30,2026-06-17 15:10:00+05:30,12,7,0.9999999999999998,0.0,1.0,1.0,2.0,1,5.0,2026-06-17 15:00:00+05:30,0.8333333333333333,0.41666666666666663,0.0,0.0,0.7673160173160173,0.619047619047619
2026-06-17 15:10:00+05:30,2026-06-17 15:15:00+05:30,2026-06-17 15:15:00+05:30,10,9,1.0,4.163336342344337e-17,1.0,1.0,2.0,1,5.0,2026-06-17 15:05:00+05:30,1.1666666666666665,0.5833333333333333,0.0,0.0,1.069047619047619,0.4666666666666667
2026-06-17 15:15:00+05:30,2026-06-17 15:20:00+05:30,2026-06-17 15:20:00+05:30,11,8,1.0,1.3877787807814457e-17,1.0,1.0,2.0,1,5.0,2026-06-17 15:10:00+05:30,0.8080808080808081,0.40404040404040403,0.0,0.0,0.7415404040404041,0.6306818181818181
2026-06-17 15:20:00+05:30,2026-06-17 15:25:00+05:30,2026-06-17 15:25:00+05:30,8,11,0.9999999999999999,-1.3877787807814457e-17,1.0,1.0,2.0,1,5.0,2026-06-17 15:15:00+05:30,1.4545454545454546,0.7272727272727273,0.0,0.0,1.3522727272727273,0.3238636363636364
2026-06-18 09:15:00+05:30,2026-06-18 09:20:00+05:30,2026-06-18 09:20:00+05:30,5,14,1.0000000000000002,5.551115123125783e-17,1.0,1.0,2.0,1,5.0,2026-06-17 15:20:00+05:30,0.9821428571428571,0.49107142857142855,0.0,0.0,0.7819805194805194,0.6214285714285713
2026-06-18 09:20:00+05:30,2026-06-18 09:25:00+05:30,2026-06-18 09:25:00+05:30,10,9,1.0,5.551115123125783e-17,1.0,1.0,2.0,1,5.0,2026-06-18 09:15:00+05:30,1.5428571428571427,0.7714285714285714,0.0,0.0,1.3936507936507936,0.3277777777777777
2026-06-18 09:25:00+05:30,2026-06-18 09:30:00+05:30,2026-06-18 09:30:00+05:30,11,8,0.9999999999999999,4.163336342344337e-17,1.0,1.0,2.0,1,5.0,2026-06-18 09:20:00+05:30,1.0101010101010102,0.5050505050505051,0.0,0.0,0.955050505050505,0.5227272727272727
2026-06-18 09:30:00+05:30,2026-06-18 09:35:00+05:30,2026-06-18 09:35:00+05:30,10,9,1.0,5.551115123125783e-17,1.0,1.0,2.0,1,5.0,2026-06-18 09:25:00+05:30,1.0101010101010102,0.5050505050505051,0.0,0.0,0.955050505050505,0.5222222222222223
2026-06-18 09:35:00+05:30,2026-06-18 09:40:00+05:30,2026-06-18 09:40:00+05:30,9,10,1.0,-5.551115123125783e-17,1.0,1.0,2.0,1,5.0,2026-06-18 09:30:00+05:30,0.7999999999999999,0.39999999999999997,0.0,0.0,0.7333333333333333,0.6333333333333333
2026-06-18 09:40:00+05:30,2026-06-18 09:45:00+05:30,2026-06-18 09:45:00+05:30,11,8,0.9999999999999999,2.7755575615628914e-17,1.0,1.0,2.0,1,5.0,2026-06-18 09:35:00+05:30,0.9545454545454544,0.4772727272727272,0.0,0.0,0.831439393939394,0.5852272727272727
2026-06-18 09:45:00+05:30,2026-06-18 09:50:00+05:30,2026-06-18 09:50:00+05:30,10,9,1.0,4.163336342344337e-17,1.0,1.0,2.0,1,5.0,2026-06-18 09:40:00+05:30,0.404040404040404,0.202020202020202,0.0,0.0,0.31452020202020203,0.838888888888889
2026-06-18 09:50:00+05:30,2026-06-18 09:55:00+05:30,2026-06-18 09:55:00+05:30,9,10,1.0,-5.551115123125783e-17,1.0,1.0,2.0,1,5.0,2026-06-18 09:45:00+05:30,0.9999999999999998,0.4999999999999999,0.0,0.0,0.9444444444444444,0.5277777777777778
2026-06-18 09:55:00+05:30,2026-06-18 10:00:00+05:30,2026-06-18 10:00:00+05:30,5,14,1.0,6.938893903907228e-17,1.0,1.0,2.0,1,5.0,2026-06-18 09:50:00+05:30,1.2777777777777777,0.6388888888888888,0.0,0.0,1.0888888888888888,0.44999999999999996
2026-06-18 10:00:00+05:30,2026-06-18 10:05:00+05:30,2026-06-18 10:05:00+05:30,8,11,1.0,-2.7755575615628914e-17,1.0,1.0,2.0,1,5.0,2026-06-18 09:55:00+05:30,1.1785714285714286,0.5892857142857143,0.0,0.0,1.0256493506493505,0.48863636363636365
2026-06-18 10:05:00+05:30,2026-06-18 10:10:00+05:30,2026-06-18 10:10:00+05:30,13,6,1.0,5.551115123125783e-17,1.0,1.0,2.0,1,5.0,2026-06-18 10:00:00+05:30,1.3426573426573425,0.6713286713286712,0.0,0.0,1.1088286713286715,0.4423076923076923
2026-06-18 10:10:00+05:30,2026-06-18 10:15:00+05:30,2026-06-18 10:15:00+05:30,9,10,1.0,-5.551115123125783e-17,1.0,1.0,2.0,1,5.0,2026-06-18 10:05:00+05:30,1.2384615384615383,0.6192307692307691,0.0,0.0,1.0358974358974358,0.4833333333333333
2026-06-18 10:15:00+05:30,2026-06-18 10:20:00+05:30,2026-06-18 10:20:00+05:30,11,8,1.0,0.0,1.0,1.0,2.0,1,5.0,2026-06-18 10:10:00+05:30,1.3363636363636366,0.6681818181818183,0.0,0.0,1.2584595959595961,0.3693181818181818
2026-06-18 10:20:00+05:30,2026-06-18 10:25:00+05:30,2026-06-18 10:25:00+05:30,11,8,0.9999999999999999,1.3877787807814457e-17,1.0,1.0,2.0,1,5.0,2026-06-18 10:15:00+05:30,1.2954545454545454,0.6477272727272727,0.0,0.0,1.2954545454545454,0.3522727272727273
2026-06-18 10:25:00+05:30,2026-06-18 10:30:00+05:30,2026-06-18 10:30:00+05:30,12,7,0.9999999999999998,-1.3877787807814457e-17,1.0,1.0,2.0,1,5.0,2026-06-18 10:20:00+05:30,0.6249999999999999,0.31249999999999994,0.0,0.0,0.5462662337662337,0.7321428571428569
2026-06-18 10:30:00+05:30,2026-06-18 10:35:00+05:30,2026-06-18 10:35:00+05:30,9,10,1.0000000000000002,-4.163336342344337e-17,1.0,1.0,2.0,1,5.0,2026-06-18 10:25:00+05:30,1.1,0.55,0.0,0.0,0.930952380952381,0.5333333333333332
2026-06-18 10:35:00+05:30,2026-06-18 10:40:00+05:30,2026-06-18 10:40:00+05:30,9,10,1.0,-5.551115123125783e-17,1.0,1.0,2.0,1,5.0,2026-06-18 10:30:00+05:30,1.2666666666666668,0.6333333333333334,0.0,0.0,1.2666666666666668,0.36666666666666664
2026-06-18 10:40:00+05:30,2026-06-18 10:45:00+05:30,2026-06-18 10:45:00+05:30,9,10,1.0,-5.551115123125783e-17,1.0,1.0,2.0,1,5.0,2026-06-18 10:35:00+05:30,0.8444444444444444,0.4222222222222222,0.0,0.0,0.8444444444444444,0.5777777777777778
2026-06-18 10:45:00+05:30,2026-06-18 10:50:00+05:30,2026-06-18 10:50:00+05:30,7,12,0.9999999999999998,0.0,1.0,1.0,2.0,1,5.0,2026-06-18 10:40:00+05:30,1.1666666666666665,0.5833333333333333,0.0,0.0,1.069047619047619,0.46428571428571425
2026-06-18 10:50:00+05:30,2026-06-18 10:55:00+05:30,2026-06-18 10:55:00+05:30,11,8,1.0,2.7755575615628914e-17,1.0,1.0,2.0,1,5.0,2026-06-18 10:45:00+05:30,1.2196969696969695,0.6098484848484848,0.0,0.0,1.0116341991341993,0.4943181818181818
2026-06-18 10:55:00+05:30,2026-06-18 11:00:00+05:30,2026-06-18 11:00:00+05:30,11,8,1.0,1.3877787807814457e-17,1.0,1.0,2.0,1,5.0,2026-06-18 10:50:00+05:30,0.6477272727272727,0.32386363636363635,0.0,0.0,0.6477272727272727,0.6761363636363635
2026-06-18 11:00:00+05:30,2026-06-18 11:05:00+05:30,2026-06-18 11:05:00+05:30,11,8,0.9999999999999999,1.3877787807814457e-17,1.0,1.0,2.0,1,5.0,2026-06-18 10:55:00+05:30,1.0795454545454546,0.5397727272727273,0.0,0.0,1.0795454545454546,0.46022727272727276
2026-06-18 11:05:00+05:30,2026-06-18 11:10:00+05:30,2026-06-18 11:10:00+05:30,9,10,1.0,-5.551115123125783e-17,1.0,1.0,2.0,1,5.0,2026-06-18 11:00:00+05:30,1.1454545454545455,0.5727272727272728,0.0,0.0,1.044949494949495,0.47777777777777775
2026-06-18 11:10:00+05:30,2026-06-18 11:15:00+05:30,2026-06-18 11:15:00+05:30,10,9,1.0,4.163336342344337e-17,1.0,1.0,2.0,1,5.0,2026-06-18 11:05:00+05:30,1.2000000000000002,0.6000000000000001,0.0,0.0,1.1555555555555554,0.4222222222222222
2026-06-18 11:15:00+05:30,2026-06-18 11:20:00+05:30,2026-06-18 11:20:00+05:30,12,7,0.9999999999999998,0.0,1.0,1.0,2.0,1,5.0,2026-06-18 11:10:00+05:30,0.9722222222222222,0.4861111111111111,0.0,0.0,0.8503968253968254,0.5773809523809523
2026-06-18 11:20:00+05:30,2026-06-18 11:25:00+05:30,2026-06-18 11:25:00+05:30,7,12,0.9999999999999998,1.3877787807814457e-17,1.0,1.0,2.0,1,5.0,2026-06-18 11:15:00+05:30,1.1666666666666663,0.5833333333333331,0.0,0.0,0.8690476190476191,0.5654761904761904
2026-06-18 11:25:00+05:30,2026-06-18 11:30:00+05:30,2026-06-18 11:30:00+05:30,7,12,0.9999999999999998,0.0,1.0,1.0,2.0,1,5.0,2026-06-18 11:20:00+05:30,1.130952380952381,0.5654761904761905,0.0,0.0,1.130952380952381,0.43452380952380953
2026-06-18 11:30:00+05:30,2026-06-18 11:35:00+05:30,2026-06-18 11:35:00+05:30,9,10,1.0,-5.551115123125783e-17,1.0,1.0,2.0,1,5.0,2026-06-18 11:25:00+05:30,0.9722222222222221,0.48611111111111105,0.0,0.0,0.8503968253968254,0.5722222222222223
2026-06-18 11:35:00+05:30,2026-06-18 11:40:00+05:30,2026-06-18 11:40:00+05:30,11,8,1.0,0.0,1.0,1.0,2.0,1,5.0,2026-06-18 11:30:00+05:30,1.1454545454545455,0.5727272727272728,0.0,0.0,1.044949494949495,0.4772727272727273
2026-06-18 11:40:00+05:30,2026-06-18 11:45:00+05:30,2026-06-18 11:45:00+05:30,9,10,1.0,-4.163336342344337e-17,1.0,1.0,2.0,1,5.0,2026-06-18 11:35:00+05:30,0.9545454545454545,0.47727272727272724,0.0,0.0,0.831439393939394,0.5833333333333334
2026-06-18 11:45:00+05:30,2026-06-18 11:50:00+05:30,2026-06-18 11:50:00+05:30,14,5,1.0,-5.551115123125783e-17,1.0,1.0,2.0,1,5.0,2026-06-18 11:40:00+05:30,1.2,0.6,0.0,0.0,0.9111111111111111,0.5499999999999999
2026-06-18 11:50:00+05:30,2026-06-18 11:55:00+05:30,2026-06-18 11:55:00+05:30,9,10,1.0,-5.551115123125783e-17,1.0,1.0,2.0,1,5.0,2026-06-18 11:45:00+05:30,1.7142857142857142,0.8571428571428571,0.0,0.0,1.6349206349206347,0.2222222222222222
2026-06-18 11:55:00+05:30,2026-06-18 12:00:00+05:30,2026-06-18 12:00:00+05:30,11,8,1.0,1.3877787807814457e-17,1.0,1.0,2.0,1,5.0,2026-06-18 11:50:00+05:30,0.9545454545454545,0.47727272727272724,0.0,0.0,0.831439393939394,0.5852272727272727
2026-06-18 12:00:00+05:30,2026-06-18 12:05:00+05:30,2026-06-18 12:05:00+05:30,12,7,0.9999999999999998,1.3877787807814457e-17,1.0,1.0,2.0,1,5.0,2026-06-18 11:55:00+05:30,1.25,0.625,0.0,0.0,1.2094155844155843,0.39285714285714285
2026-06-18 12:05:00+05:30,2026-06-18 12:10:00+05:30,2026-06-18 12:10:00+05:30,10,9,1.0,6.938893903907228e-17,1.0,1.0,2.0,1,5.0,2026-06-18 12:00:00+05:30,1.361111111111111,0.6805555555555555,0.0,0.0,1.2876984126984126,0.3611111111111111
2026-06-18 12:10:00+05:30,2026-06-18 12:15:00+05:30,2026-06-18 12:15:00+05:30,9,10,1.0,-4.163336342344337e-17,1.0,1.0,2.0,1,5.0,2026-06-18 12:05:00+05:30,0.9999999999999999,0.49999999999999994,0.0,0.0,0.9444444444444444,0.5277777777777778
2026-06-18 12:15:00+05:30,2026-06-18 12:20:00+05:30,2026-06-18 12:20:00+05:30,10,9,1.0,4.163336342344337e-17,1.0,1.0,2.0,1,5.0,2026-06-18 12:10:00+05:30,0.5999999999999999,0.29999999999999993,0.0,0.0,0.5222222222222221,0.738888888888889
2026-06-18 12:20:00+05:30,2026-06-18 12:25:00+05:30,2026-06-18 12:25:00+05:30,11,8,0.9999999999999999,1.3877787807814457e-17,1.0,1.0,2.0,1,5.0,2026-06-18 12:15:00+05:30,1.4141414141414141,0.7070707070707071,0.0,0.0,1.382070707070707,0.3068181818181818
2026-06-18 12:25:00+05:30,2026-06-18 12:30:00+05:30,2026-06-18 12:30:00+05:30,12,7,0.9999999999999998,0.0,1.0,1.0,2.0,1,5.0,2026-06-18 12:20:00+05:30,1.2500000000000002,0.6250000000000001,0.0,0.0,1.2094155844155843,0.39285714285714285
2026-06-18 12:30:00+05:30,2026-06-18 12:35:00+05:30,2026-06-18 12:35:00+05:30,10,9,1.0,4.163336342344337e-17,1.0,1.0,2.0,1,5.0,2026-06-18 12:25:00+05:30,1.1666666666666667,0.5833333333333334,0.0,0.0,1.069047619047619,0.4666666666666667
2026-06-18 12:35:00+05:30,2026-06-18 12:40:00+05:30,2026-06-18 12:40:00+05:30,7,12,0.9999999999999998,1.3877787807814457e-17,1.0,1.0,2.0,1,5.0,2026-06-18 12:30:00+05:30,0.9166666666666666,0.4583333333333333,0.0,0.0,0.7123015873015873,0.6488095238095237
2026-06-18 12:40:00+05:30,2026-06-18 12:45:00+05:30,2026-06-18 12:45:00+05:30,11,8,1.0,2.7755575615628914e-17,1.0,1.0,2.0,1,5.0,2026-06-18 12:35:00+05:30,1.2196969696969695,0.6098484848484848,0.0,0.0,1.011634199134199,0.4943181818181819
2026-06-18 12:45:00+05:30,2026-06-18 12:50:00+05:30,2026-06-18 12:50:00+05:30,12,7,0.9999999999999998,-1.3877787807814457e-17,1.0,1.0,2.0,1,5.0,2026-06-18 12:40:00+05:30,1.4583333333333335,0.7291666666666667,0.0,0.0,1.430465367965368,0.27976190476190477
2026-06-18 12:50:00+05:30,2026-06-18 12:55:00+05:30,2026-06-18 12:55:00+05:30,9,10,1.0,-5.551115123125783e-17,1.0,1.0,2.0,1,5.0,2026-06-18 12:45:00+05:30,1.2833333333333332,0.6416666666666666,0.0,0.0,1.1496031746031745,0.4277777777777778
2026-06-18 12:55:00+05:30,2026-06-18 13:00:00+05:30,2026-06-18 13:00:00+05:30,9,10,1.0,-4.163336342344337e-17,1.0,1.0,2.0,1,5.0,2026-06-18 12:50:00+05:30,1.2666666666666668,0.6333333333333334,0.0,0.0,1.2666666666666668,0.3666666666666667
2026-06-18 13:00:00+05:30,2026-06-18 13:05:00+05:30,2026-06-18 13:05:00+05:30,9,10,1.0,-5.551115123125783e-17,1.0,1.0,2.0,1,5.0,2026-06-18 12:55:00+05:30,1.4777777777777779,0.7388888888888889,0.0,0.0,1.4777777777777779,0.2611111111111111
2026-06-18 13:05:00+05:30,2026-06-18 13:10:00+05:30,2026-06-18 13:10:00+05:30,8,11,1.0,-1.3877787807814457e-17,1.0,1.0,2.0,1,5.0,2026-06-18 13:00:00+05:30,0.8080808080808081,0.40404040404040403,0.0,0.0,0.7415404040404041,0.6306818181818181
2026-06-18 13:10:00+05:30,2026-06-18 13:15:00+05:30,2026-06-18 13:15:00+05:30,11,8,1.0,2.7755575615628914e-17,1.0,1.0,2.0,1,5.0,2026-06-18 13:05:00+05:30,1.0909090909090908,0.5454545454545454,0.0,0.0,0.9204545454545455,0.5397727272727273
2026-06-18 13:15:00+05:30,2026-06-18 13:20:00+05:30,2026-06-18 13:20:00+05:30,8,11,1.0,-2.7755575615628914e-17,1.0,1.0,2.0,1,5.0,2026-06-18 13:10:00+05:30,1.2727272727272727,0.6363636363636364,0.0,0.0,1.1363636363636362,0.4318181818181819
2026-06-18 13:20:00+05:30,2026-06-18 13:25:00+05:30,2026-06-18 13:25:00+05:30,9,10,1.0000000000000002,-4.163336342344337e-17,1.0,1.0,2.0,1,5.0,2026-06-18 13:15:00+05:30,1.2121212121212122,0.6060606060606061,0.0,0.0,1.1685606060606062,0.4166666666666667
2026-06-18 13:25:00+05:30,2026-06-18 13:30:00+05:30,2026-06-18 13:30:00+05:30,10,9,1.0,4.163336342344337e-17,1.0,1.0,2.0,1,5.0,2026-06-18 13:20:00+05:30,0.9999999999999999,0.49999999999999994,0.0,0.0,0.9444444444444443,0.5277777777777778
2026-06-18 13:30:00+05:30,2026-06-18 13:35:00+05:30,2026-06-18 13:35:00+05:30,7,12,0.9999999999999998,-1.3877787807814457e-17,1.0,1.0,2.0,1,5.0,2026-06-18 13:25:00+05:30,0.9166666666666666,0.4583333333333333,0.0,0.0,0.7123015873015873,0.6488095238095237
2026-06-18 13:35:00+05:30,2026-06-18 13:40:00+05:30,2026-06-18 13:40:00+05:30,10,9,1.0,4.163336342344337e-17,1.0,1.0,2.0,1,5.0,2026-06-18 13:30:00+05:30,1.2833333333333337,0.6416666666666668,0.0,0.0,1.1496031746031745,0.4277777777777777
2026-06-18 13:40:00+05:30,2026-06-18 13:45:00+05:30,2026-06-18 13:45:00+05:30,9,10,1.0,-5.551115123125783e-17,1.0,1.0,2.0,1,5.0,2026-06-18 13:35:00+05:30,0.9999999999999998,0.4999999999999999,0.0,0.0,0.9444444444444444,0.5277777777777778
2026-06-18 13:45:00+05:30,2026-06-18 13:50:00+05:30,2026-06-18 13:50:00+05:30,9,10,1.0,-5.551115123125783e-17,1.0,1.0,2.0,1,5.0,2026-06-18 13:40:00+05:30,1.0555555555555556,0.5277777777777778,0.0,0.0,1.0555555555555556,0.4722222222222222
2026-06-18 13:50:00+05:30,2026-06-18 13:55:00+05:30,2026-06-18 13:55:00+05:30,11,8,1.0,0.0,1.0,1.0,2.0,1,5.0,2026-06-18 13:45:00+05:30,1.1454545454545455,0.5727272727272728,0.0,0.0,1.0449494949494949,0.4772727272727273
2026-06-18 13:55:00+05:30,2026-06-18 14:00:00+05:30,2026-06-18 14:00:00+05:30,9,10,1.0000000000000002,-4.163336342344337e-17,1.0,1.0,2.0,1,5.0,2026-06-18 13:50:00+05:30,0.7636363636363634,0.3818181818181817,0.0,0.0,0.617929292929293,0.6888888888888889
2026-06-18 14:00:00+05:30,2026-06-18 14:05:00+05:30,2026-06-18 14:05:00+05:30,12,7,0.9999999999999998,6.938893903907228e-18,1.0,1.0,2.0,1,5.0,2026-06-18 13:55:00+05:30,1.2833333333333332,0.6416666666666666,0.0,0.0,1.1496031746031745,0.42261904761904756
2026-06-18 14:05:00+05:30,2026-06-18 14:10:00+05:30,2026-06-18 14:10:00+05:30,10,9,1.0,4.163336342344337e-17,1.0,1.0,2.0,1,5.0,2026-06-18 14:00:00+05:30,1.1666666666666665,0.5833333333333333,0.0,0.0,1.069047619047619,0.46666666666666673
2026-06-18 14:10:00+05:30,2026-06-18 14:15:00+05:30,2026-06-18 14:15:00+05:30,10,9,1.0,4.163336342344337e-17,1.0,1.0,2.0,1,5.0,2026-06-18 14:05:00+05:30,1.688888888888889,0.8444444444444446,0.0,0.0,1.688888888888889,0.15555555555555556
2026-06-18 14:15:00+05:30,2026-06-18 14:20:00+05:30,2026-06-18 14:20:00+05:30,8,11,0.9999999999999999,-1.3877787807814457e-17,1.0,1.0,2.0,1,5.0,2026-06-18 14:10:00+05:30,0.7636363636363636,0.3818181818181818,0.0,0.0,0.617929292929293,0.6931818181818181
2026-06-18 14:20:00+05:30,2026-06-18 14:25:00+05:30,2026-06-18 14:25:00+05:30,10,9,1.0,4.163336342344337e-17,1.0,1.0,2.0,1,5.0,2026-06-18 14:15:00+05:30,0.9545454545454544,0.4772727272727272,0.0,0.0,0.8314393939393939,0.5833333333333334
2026-06-18 14:25:00+05:30,2026-06-18 14:30:00+05:30,2026-06-18 14:30:00+05:30,9,10,1.0,-5.551115123125783e-17,1.0,1.0,2.0,1,5.0,2026-06-18 14:20:00+05:30,1.2,0.6,0.0,0.0,1.1555555555555557,0.42222222222222217
2026-06-18 14:30:00+05:30,2026-06-18 14:35:00+05:30,2026-06-18 14:35:00+05:30,7,12,0.9999999999999998,0.0,1.0,1.0,2.0,1,5.0,2026-06-18 14:25:00+05:30,1.3611111111111112,0.6805555555555556,0.0,0.0,1.2876984126984126,0.35119047619047616
2026-06-18 14:35:00+05:30,2026-06-18 14:40:00+05:30,2026-06-18 14:40:00+05:30,9,10,1.0,-5.551115123125783e-17,1.0,1.0,2.0,1,5.0,2026-06-18 14:30:00+05:30,1.3611111111111112,0.6805555555555556,0.0,0.0,1.2876984126984126,0.3611111111111111
2026-06-18 14:40:00+05:30,2026-06-18 14:45:00+05:30,2026-06-18 14:45:00+05:30,9,10,1.0,-4.163336342344337e-17,1.0,1.0,2.0,1,5.0,2026-06-18 14:35:00+05:30,1.0555555555555556,0.5277777777777778,0.0,0.0,1.0555555555555556,0.4722222222222222
2026-06-18 14:45:00+05:30,2026-06-18 14:50:00+05:30,2026-06-18 14:50:00+05:30,12,7,0.9999999999999998,-1.3877787807814457e-17,1.0,1.0,2.0,1,5.0,2026-06-18 14:40:00+05:30,1.4666666666666668,0.7333333333333334,0.0,0.0,1.3682539682539683,0.30952380952380953
2026-06-18 14:50:00+05:30,2026-06-18 14:55:00+05:30,2026-06-18 14:55:00+05:30,10,9,1.0,5.551115123125783e-17,1.0,1.0,2.0,1,5.0,2026-06-18 14:45:00+05:30,1.3611111111111112,0.6805555555555556,0.0,0.0,1.287698412698413,0.3611111111111111
2026-06-18 14:55:00+05:30,2026-06-18 15:00:00+05:30,2026-06-18 15:00:00+05:30,10,9,1.0,4.163336342344337e-17,1.0,1.0,2.0,1,5.0,2026-06-18 14:50:00+05:30,0.8444444444444443,0.42222222222222217,0.0,0.0,0.8444444444444443,0.5777777777777777
2026-06-18 15:00:00+05:30,2026-06-18 15:05:00+05:30,2026-06-18 15:05:00+05:30,10,9,1.0,4.163336342344337e-17,1.0,1.0,2.0,1,5.0,2026-06-18 14:55:00+05:30,1.2666666666666668,0.6333333333333334,0.0,0.0,1.2666666666666668,0.3666666666666667
2026-06-18 15:05:00+05:30,2026-06-18 15:10:00+05:30,2026-06-18 15:10:00+05:30,10,9,1.0,5.551115123125783e-17,1.0,1.0,2.0,1,5.0,2026-06-18 15:00:00+05:30,1.0555555555555556,0.5277777777777778,0.0,0.0,1.0555555555555556,0.4722222222222222
2026-06-18 15:10:00+05:30,2026-06-18 15:15:00+05:30,2026-06-18 15:15:00+05:30,8,11,1.0,-2.7755575615628914e-17,1.0,1.0,2.0,1,5.0,2026-06-18 15:05:00+05:30,0.9545454545454544,0.4772727272727272,0.0,0.0,0.831439393939394,0.5852272727272727
2026-06-18 15:15:00+05:30,2026-06-18 15:20:00+05:30,2026-06-18 15:20:00+05:30,9,10,1.0,-5.551115123125783e-17,1.0,1.0,2.0,1,5.0,2026-06-18 15:10:00+05:30,1.4141414141414141,0.7070707070707071,0.0,0.0,1.382070707070707,0.3111111111111111
2026-06-18 15:20:00+05:30,2026-06-18 15:25:00+05:30,2026-06-18 15:25:00+05:30,7,12,0.9999999999999998,1.3877787807814457e-17,1.0,1.0,2.0,1,5.0,2026-06-18 15:15:00+05:30,1.1666666666666665,0.5833333333333333,0.0,0.0,1.0690476190476188,0.46428571428571425
2026-06-19 09:15:00+05:30,2026-06-19 09:20:00+05:30,2026-06-19 09:20:00+05:30,5,14,1.0000000000000002,5.551115123125783e-17,1.0,1.0,2.0,1,5.0,2026-06-18 15:20:00+05:30,0.6428571428571428,0.3214285714285714,0.0,0.0,0.46309523809523806,0.7928571428571428
2026-06-19 09:20:00+05:30,2026-06-19 09:25:00+05:30,2026-06-19 09:25:00+05:30,10,9,1.0,5.551115123125783e-17,1.0,1.0,2.0,1,5.0,2026-06-19 09:15:00+05:30,1.3714285714285712,0.6857142857142856,0.0,0.0,1.1523809523809523,0.43333333333333335
2026-06-19 09:25:00+05:30,2026-06-19 09:30:00+05:30,2026-06-19 09:30:00+05:30,7,12,0.9999999999999998,0.0,1.0,1.0,2.0,1,5.0,2026-06-19 09:20:00+05:30,0.9166666666666666,0.4583333333333333,0.0,0.0,0.7123015873015873,0.6488095238095237
2026-06-19 09:30:00+05:30,2026-06-19 09:35:00+05:30,2026-06-19 09:35:00+05:30,12,7,0.9999999999999998,-1.3877787807814457e-17,1.0,1.0,2.0,1,5.0,2026-06-19 09:25:00+05:30,1.3333333333333328,0.6666666666666664,0.0,0.0,1.0952380952380951,0.4523809523809524
2026-06-19 09:35:00+05:30,2026-06-19 09:40:00+05:30,2026-06-19 09:40:00+05:30,10,9,1.0,4.163336342344337e-17,1.0,1.0,2.0,1,5.0,2026-06-19 09:30:00+05:30,0.5833333333333333,0.29166666666666663,0.0,0.0,0.41309523809523807,0.7833333333333334
2026-06-19 09:40:00+05:30,2026-06-19 09:45:00+05:30,2026-06-19 09:45:00+05:30,7,12,0.9999999999999998,-6.938893903907228e-18,1.0,1.0,2.0,1,5.0,2026-06-19 09:35:00+05:30,1.2833333333333332,0.6416666666666666,0.0,0.0,1.1496031746031745,0.42261904761904756
2026-06-19 09:45:00+05:30,2026-06-19 09:50:00+05:30,2026-06-19 09:50:00+05:30,8,11,1.0,-2.7755575615628914e-17,1.0,1.0,2.0,1,5.0,2026-06-19 09:40:00+05:30,0.8333333333333333,0.41666666666666663,0.0,0.0,0.7673160173160173,0.6136363636363636
2026-06-19 09:50:00+05:30,2026-06-19 09:55:00+05:30,2026-06-19 09:55:00+05:30,13,6,0.9999999999999999,5.551115123125783e-17,1.0,1.0,2.0,1,5.0,2026-06-19 09:45:00+05:30,1.6783216783216781,0.8391608391608391,0.0,0.0,1.5683275058275057,0.1987179487179487
2026-06-19 09:55:00+05:30,2026-06-19 10:00:00+05:30,2026-06-19 10:00:00+05:30,10,9,1.0,5.551115123125783e-17,1.0,1.0,2.0,1,5.0,2026-06-19 09:50:00+05:30,1.3162393162393164,0.6581196581196582,0.0,0.0,1.1914529914529917,0.4111111111111111
2026-06-19 10:00:00+05:30,2026-06-19 10:05:00+05:30,2026-06-19 10:05:00+05:30,9,10,1.0,-5.551115123125783e-17,1.0,1.0,2.0,1,5.0,2026-06-19 09:55:00+05:30,1.0,0.5,0.0,0.0,0.9444444444444444,0.5277777777777778
2026-06-19 10:05:00+05:30,2026-06-19 10:10:00+05:30,2026-06-19 10:10:00+05:30,9,10,1.0,-4.163336342344337e-17,1.0,1.0,2.0,1,5.0,2026-06-19 10:00:00+05:30,1.0555555555555556,0.5277777777777778,0.0,0.0,1.0555555555555556,0.4722222222222222
2026-06-19 10:10:00+05:30,2026-06-19 10:15:00+05:30,2026-06-19 10:15:00+05:30,11,8,1.0,1.3877787807814457e-17,1.0,1.0,2.0,1,5.0,2026-06-19 10:05:00+05:30,1.1454545454545455,0.5727272727272728,0.0,0.0,1.044949494949495,0.4772727272727273
2026-06-19 10:15:00+05:30,2026-06-19 10:20:00+05:30,2026-06-19 10:20:00+05:30,7,12,0.9999999999999998,1.3877787807814457e-17,1.0,1.0,2.0,1,5.0,2026-06-19 10:10:00+05:30,1.5681818181818181,0.7840909090909091,0.0,0.0,1.4537337662337662,0.26785714285714285
2026-06-19 10:20:00+05:30,2026-06-19 10:25:00+05:30,2026-06-19 10:25:00+05:30,9,10,1.0000000000000002,-4.163336342344337e-17,1.0,1.0,2.0,1,5.0,2026-06-19 10:15:00+05:30,1.1666666666666665,0.5833333333333333,0.0,0.0,1.069047619047619,0.4666666666666667
2026-06-19 10:25:00+05:30,2026-06-19 10:30:00+05:30,2026-06-19 10:30:00+05:30,7,12,0.9999999999999998,1.3877787807814457e-17,1.0,1.0,2.0,1,5.0,2026-06-19 10:20:00+05:30,1.1666666666666665,0.5833333333333333,0.0,0.0,1.069047619047619,0.46428571428571436
2026-06-19 10:30:00+05:30,2026-06-19 10:35:00+05:30,2026-06-19 10:35:00+05:30,8,11,1.0,-1.3877787807814457e-17,1.0,1.0,2.0,1,5.0,2026-06-19 10:25:00+05:30,1.0416666666666667,0.5208333333333334,0.0,0.0,0.9883658008658008,0.5056818181818182
2026-06-19 10:35:00+05:30,2026-06-19 10:40:00+05:30,2026-06-19 10:40:00+05:30,10,9,1.0,5.551115123125783e-17,1.0,1.0,2.0,1,5.0,2026-06-19 10:30:00+05:30,1.1454545454545455,0.5727272727272728,0.0,0.0,1.044949494949495,0.47777777777777775
2026-06-19 10:40:00+05:30,2026-06-19 10:45:00+05:30,2026-06-19 10:45:00+05:30,12,7,0.9999999999999998,0.0,1.0,1.0,2.0,1,5.0,2026-06-19 10:35:00+05:30,1.5555555555555558,0.7777777777777779,0.0,0.0,1.5063492063492063,0.23809523809523808
2026-06-19 10:45:00+05:30,2026-06-19 10:50:00+05:30,2026-06-19 10:50:00+05:30,9,10,1.0,-4.163336342344337e-17,1.0,1.0,2.0,1,5.0,2026-06-19 10:40:00+05:30,1.4666666666666668,0.7333333333333334,0.0,0.0,1.3682539682539683,0.3222222222222222
2026-06-19 10:50:00+05:30,2026-06-19 10:55:00+05:30,2026-06-19 10:55:00+05:30,9,10,1.0,-5.551115123125783e-17,1.0,1.0,2.0,1,5.0,2026-06-19 10:45:00+05:30,1.4777777777777779,0.7388888888888889,0.0,0.0,1.4777777777777779,0.26111111111111107
2026-06-19 10:55:00+05:30,2026-06-19 11:00:00+05:30,2026-06-19 11:00:00+05:30,8,11,1.0,0.0,1.0,1.0,2.0,1,5.0,2026-06-19 10:50:00+05:30,1.2121212121212122,0.6060606060606061,0.0,0.0,1.1685606060606062,0.4147727272727273
2026-06-19 11:00:00+05:30,2026-06-19 11:05:00+05:30,2026-06-19 11:05:00+05:30,10,9,1.0,5.551115123125783e-17,1.0,1.0,2.0,1,5.0,2026-06-19 10:55:00+05:30,1.1454545454545455,0.5727272727272728,0.0,0.0,1.044949494949495,0.47777777777777775
2026-06-19 11:05:00+05:30,2026-06-19 11:10:00+05:30,2026-06-19 11:10:00+05:30,11,8,1.0,2.7755575615628914e-17,1.0,1.0,2.0,1,5.0,2026-06-19 11:00:00+05:30,0.8080808080808081,0.40404040404040403,0.0,0.0,0.7415404040404041,0.6306818181818181
2026-06-19 11:10:00+05:30,2026-06-19 11:15:00+05:30,2026-06-19 11:15:00+05:30,11,8,1.0,2.7755575615628914e-17,1.0,1.0,2.0,1,5.0,2026-06-19 11:05:00+05:30,0.8636363636363636,0.4318181818181818,0.0,0.0,0.8636363636363636,0.5681818181818181
2026-06-19 11:15:00+05:30,2026-06-19 11:20:00+05:30,2026-06-19 11:20:00+05:30,12,7,0.9999999999999998,-1.3877787807814457e-17,1.0,1.0,2.0,1,5.0,2026-06-19 11:10:00+05:30,1.4583333333333335,0.7291666666666667,0.0,0.0,1.430465367965368,0.27976190476190477
2026-06-19 11:20:00+05:30,2026-06-19 11:25:00+05:30,2026-06-19 11:25:00+05:30,10,9,1.0,5.551115123125783e-17,1.0,1.0,2.0,1,5.0,2026-06-19 11:15:00+05:30,0.7777777777777777,0.38888888888888884,0.0,0.0,0.6317460317460317,0.6777777777777778
2026-06-19 11:25:00+05:30,2026-06-19 11:30:00+05:30,2026-06-19 11:30:00+05:30,10,9,1.0,5.551115123125783e-17,1.0,1.0,2.0,1,5.0,2026-06-19 11:20:00+05:30,1.4777777777777779,0.7388888888888889,0.0,0.0,1.4777777777777779,0.26111111111111107
2026-06-19 11:30:00+05:30,2026-06-19 11:35:00+05:30,2026-06-19 11:35:00+05:30,10,9,1.0,5.551115123125783e-17,1.0,1.0,2.0,1,5.0,2026-06-19 11:25:00+05:30,1.2666666666666668,0.6333333333333334,0.0,0.0,1.2666666666666668,0.3666666666666667
2026-06-19 11:35:00+05:30,2026-06-19 11:40:00+05:30,2026-06-19 11:40:00+05:30,10,9,1.0,4.163336342344337e-17,1.0,1.0,2.0,1,5.0,2026-06-19 11:30:00+05:30,1.2666666666666668,0.6333333333333334,0.0,0.0,1.2666666666666668,0.3666666666666667
2026-06-19 11:40:00+05:30,2026-06-19 11:45:00+05:30,2026-06-19 11:45:00+05:30,10,9,1.0,4.163336342344337e-17,1.0,1.0,2.0,1,5.0,2026-06-19 11:35:00+05:30,0.8444444444444444,0.4222222222222222,0.0,0.0,0.8444444444444444,0.5777777777777778
2026-06-19 11:45:00+05:30,2026-06-19 11:50:00+05:30,2026-06-19 11:50:00+05:30,7,12,0.9999999999999998,0.0,1.0,1.0,2.0,1,5.0,2026-06-19 11:40:00+05:30,1.0999999999999999,0.5499999999999999,0.0,0.0,0.930952380952381,0.5357142857142857
2026-06-19 11:50:00+05:30,2026-06-19 11:55:00+05:30,2026-06-19 11:55:00+05:30,8,11,1.0,-2.7755575615628914e-17,1.0,1.0,2.0,1,5.0,2026-06-19 11:45:00+05:30,1.25,0.625,0.0,0.0,1.2094155844155843,0.39772727272727276
2026-06-19 11:55:00+05:30,2026-06-19 12:00:00+05:30,2026-06-19 12:00:00+05:30,12,7,0.9999999999999998,0.0,1.0,1.0,2.0,1,5.0,2026-06-19 11:50:00+05:30,1.2196969696969697,0.6098484848484849,0.0,0.0,1.011634199134199,0.494047619047619
2026-06-19 12:00:00+05:30,2026-06-19 12:05:00+05:30,2026-06-19 12:05:00+05:30,14,5,1.0,-6.938893903907228e-17,1.0,1.0,2.0,1,5.0,2026-06-19 11:55:00+05:30,1.0714285714285714,0.5357142857142857,0.0,0.0,0.9607142857142856,0.5214285714285715
2026-06-19 12:05:00+05:30,2026-06-19 12:10:00+05:30,2026-06-19 12:10:00+05:30,10,9,1.0,5.551115123125783e-17,1.0,1.0,2.0,1,5.0,2026-06-19 12:00:00+05:30,0.9126984126984128,0.4563492063492064,0.0,0.0,0.6063492063492064,0.6722222222222223
2026-06-19 12:10:00+05:30,2026-06-19 12:15:00+05:30,2026-06-19 12:15:00+05:30,10,9,1.0,5.551115123125783e-17,1.0,1.0,2.0,1,5.0,2026-06-19 12:05:00+05:30,0.8444444444444444,0.4222222222222222,0.0,0.0,0.8444444444444444,0.5777777777777778
2026-06-19 12:15:00+05:30,2026-06-19 12:20:00+05:30,2026-06-19 12:20:00+05:30,11,8,0.9999999999999999,2.7755575615628914e-17,1.0,1.0,2.0,1,5.0,2026-06-19 12:10:00+05:30,1.0101010101010102,0.5050505050505051,0.0,0.0,0.955050505050505,0.5227272727272727
2026-06-19 12:20:00+05:30,2026-06-19 12:25:00+05:30,2026-06-19 12:25:00+05:30,10,9,1.0,5.551115123125783e-17,1.0,1.0,2.0,1,5.0,2026-06-19 12:15:00+05:30,1.0101010101010102,0.5050505050505051,0.0,0.0,0.955050505050505,0.5222222222222223
2026-06-19 12:25:00+05:30,2026-06-19 12:30:00+05:30,2026-06-19 12:30:00+05:30,13,6,1.0,4.163336342344337e-17,1.0,1.0,2.0,1,5.0,2026-06-19 12:20:00+05:30,1.316239316239316,0.658119658119658,0.0,0.0,1.1914529914529917,0.39743589743589747
2026-06-19 12:30:00+05:30,2026-06-19 12:35:00+05:30,2026-06-19 12:35:00+05:30,11,8,1.0,0.0,1.0,1.0,2.0,1,5.0,2026-06-19 12:25:00+05:30,1.0096153846153846,0.5048076923076923,0.0,0.0,0.8911713286713285,0.5511363636363636
2026-06-19 12:35:00+05:30,2026-06-19 12:40:00+05:30,2026-06-19 12:40:00+05:30,9,10,1.0,-5.551115123125783e-17,1.0,1.0,2.0,1,5.0,2026-06-19 12:30:00+05:30,0.9545454545454546,0.4772727272727273,0.0,0.0,0.831439393939394,0.5833333333333334
2026-06-19 12:40:00+05:30,2026-06-19 12:45:00+05:30,2026-06-19 12:45:00+05:30,9,10,1.0,-4.163336342344337e-17,1.0,1.0,2.0,1,5.0,2026-06-19 12:35:00+05:30,1.0555555555555556,0.5277777777777778,0.0,0.0,1.0555555555555556,0.4722222222222222
2026-06-19 12:45:00+05:30,2026-06-19 12:50:00+05:30,2026-06-19 12:50:00+05:30,14,5,1.0000000000000002,-5.551115123125783e-17,1.0,1.0,2.0,1,5.0,2026-06-19 12:40:00+05:30,1.0285714285714285,0.5142857142857142,0.0,0.0,0.6698412698412699,0.6857142857142857
2026-06-19 12:50:00+05:30,2026-06-19 12:55:00+05:30,2026-06-19 12:55:00+05:30,8,11,0.9999999999999999,-1.3877787807814457e-17,1.0,1.0,2.0,1,5.0,2026-06-19 12:45:00+05:30,1.298701298701299,0.6493506493506495,0.0,0.0,0.9743506493506495,0.5113636363636365
2026-06-19 12:55:00+05:30,2026-06-19 13:00:00+05:30,2026-06-19 13:00:00+05:30,10,9,1.0000000000000002,4.163336342344337e-17,1.0,1.0,2.0,1,5.0,2026-06-19 12:50:00+05:30,0.9545454545454545,0.47727272727272724,0.0,0.0,0.8314393939393939,0.5833333333333333
2026-06-19 13:00:00+05:30,2026-06-19 13:05:00+05:30,2026-06-19 13:05:00+05:30,6,13,1.0,-5.551115123125783e-17,1.0,1.0,2.0,1,5.0,2026-06-19 12:55:00+05:30,1.0615384615384615,0.5307692307692308,0.0,0.0,0.8085470085470086,0.6025641025641025
2026-06-19 13:05:00+05:30,2026-06-19 13:10:00+05:30,2026-06-19 13:10:00+05:30,8,11,1.0,0.0,1.0,1.0,2.0,1,5.0,2026-06-19 13:00:00+05:30,1.0096153846153846,0.5048076923076923,0.0,0.0,0.8911713286713286,0.5511363636363636
2026-06-19 13:10:00+05:30,2026-06-19 13:15:00+05:30,2026-06-19 13:15:00+05:30,8,11,0.9999999999999999,-2.7755575615628914e-17,1.0,1.0,2.0,1,5.0,2026-06-19 13:05:00+05:30,1.0795454545454546,0.5397727272727273,0.0,0.0,1.0795454545454546,0.46022727272727276
2026-06-19 13:15:00+05:30,2026-06-19 13:20:00+05:30,2026-06-19 13:20:00+05:30,6,13,1.0,-5.551115123125783e-17,1.0,1.0,2.0,1,5.0,2026-06-19 13:10:00+05:30,1.4134615384615385,0.7067307692307693,0.0,0.0,1.3506701631701632,0.3141025641025641
2026-06-19 13:20:00+05:30,2026-06-19 13:25:00+05:30,2026-06-19 13:25:00+05:30,8,11,0.9999999999999999,-1.3877787807814457e-17,1.0,1.0,2.0,1,5.0,2026-06-19 13:15:00+05:30,1.2115384615384617,0.6057692307692308,0.0,0.0,1.120920745920746,0.44318181818181823
2026-06-19 13:25:00+05:30,2026-06-19 13:30:00+05:30,2026-06-19 13:30:00+05:30,8,11,1.0,-2.7755575615628914e-17,1.0,1.0,2.0,1,5.0,2026-06-19 13:20:00+05:30,1.0795454545454546,0.5397727272727273,0.0,0.0,1.0795454545454546,0.46022727272727276
2026-06-19 13:30:00+05:30,2026-06-19 13:35:00+05:30,2026-06-19 13:35:00+05:30,12,7,0.9999999999999998,0.0,1.0,1.0,2.0,1,5.0,2026-06-19 13:25:00+05:30,0.8712121212121213,0.43560606060606066,0.0,0.0,0.5695346320346321,0.720238095238095
2026-06-19 13:35:00+05:30,2026-06-19 13:40:00+05:30,2026-06-19 13:40:00+05:30,12,7,0.9999999999999998,0.0,1.0,1.0,2.0,1,5.0,2026-06-19 13:30:00+05:30,1.130952380952381,0.5654761904761905,0.0,0.0,1.130952380952381,0.4345238095238095
2026-06-19 13:40:00+05:30,2026-06-19 13:45:00+05:30,2026-06-19 13:45:00+05:30,11,8,1.0,2.7755575615628914e-17,1.0,1.0,2.0,1,5.0,2026-06-19 13:35:00+05:30,1.25,0.625,0.0,0.0,1.2094155844155843,0.39772727272727276
2026-06-19 13:45:00+05:30,2026-06-19 13:50:00+05:30,2026-06-19 13:50:00+05:30,12,7,0.9999999999999998,-1.3877787807814457e-17,1.0,1.0,2.0,1,5.0,2026-06-19 13:40:00+05:30,0.8333333333333333,0.41666666666666663,0.0,0.0,0.7673160173160173,0.619047619047619
2026-06-19 13:50:00+05:30,2026-06-19 13:55:00+05:30,2026-06-19 13:55:00+05:30,8,11,1.0,-1.3877787807814457e-17,1.0,1.0,2.0,1,5.0,2026-06-19 13:45:00+05:30,1.2196969696969695,0.6098484848484848,0.0,0.0,1.011634199134199,0.4943181818181818
2026-06-19 13:55:00+05:30,2026-06-19 14:00:00+05:30,2026-06-19 14:00:00+05:30,11,8,1.0,2.7755575615628914e-17,1.0,1.0,2.0,1,5.0,2026-06-19 13:50:00+05:30,1.2727272727272727,0.6363636363636364,0.0,0.0,1.1363636363636362,0.4318181818181818
2026-06-19 14:00:00+05:30,2026-06-19 14:05:00+05:30,2026-06-19 14:05:00+05:30,10,9,1.0,5.551115123125783e-17,1.0,1.0,2.0,1,5.0,2026-06-19 13:55:00+05:30,1.0101010101010102,0.5050505050505051,0.0,0.0,0.955050505050505,0.5222222222222221
2026-06-19 14:05:00+05:30,2026-06-19 14:10:00+05:30,2026-06-19 14:10:00+05:30,6,13,0.9999999999999999,-5.551115123125783e-17,1.0,1.0,2.0,1,5.0,2026-06-19 14:00:00+05:30,1.2384615384615383,0.6192307692307691,0.0,0.0,1.035897435897436,0.4807692307692307
2026-06-19 14:10:00+05:30,2026-06-19 14:15:00+05:30,2026-06-19 14:15:00+05:30,10,9,1.0,4.163336342344337e-17,1.0,1.0,2.0,1,5.0,2026-06-19 14:05:00+05:30,1.2384615384615383,0.6192307692307691,0.0,0.0,1.035897435897436,0.4833333333333333
2026-06-19 14:15:00+05:30,2026-06-19 14:20:00+05:30,2026-06-19 14:20:00+05:30,14,5,1.0,-4.163336342344337e-17,1.0,1.0,2.0,1,5.0,2026-06-19 14:10:00+05:30,0.9126984126984128,0.4563492063492064,0.0,0.0,0.6063492063492064,0.7214285714285714
2026-06-19 14:20:00+05:30,2026-06-19 14:25:00+05:30,2026-06-19 14:25:00+05:30,4,15,0.9999999999999999,2.7755575615628914e-17,1.0,1.0,2.0,1,5.0,2026-06-19 14:15:00+05:30,1.519047619047619,0.7595238095238095,0.0,0.0,0.9845238095238095,0.5083333333333333
2026-06-19 14:25:00+05:30,2026-06-19 14:30:00+05:30,2026-06-19 14:30:00+05:30,6,13,1.0,-5.551115123125783e-17,1.0,1.0,2.0,1,5.0,2026-06-19 14:20:00+05:30,1.1666666666666667,0.5833333333333334,0.0,0.0,1.0737179487179487,0.46794871794871795
2026-06-19 14:30:00+05:30,2026-06-19 14:35:00+05:30,2026-06-19 14:35:00+05:30,14,5,1.0000000000000002,-5.551115123125783e-17,1.0,1.0,2.0,1,5.0,2026-06-19 14:25:00+05:30,1.631868131868132,0.815934065934066,0.0,0.0,1.365934065934066,0.3071428571428571
2026-06-19 14:35:00+05:30,2026-06-19 14:40:00+05:30,2026-06-19 14:40:00+05:30,12,7,0.9999999999999998,0.0,1.0,1.0,2.0,1,5.0,2026-06-19 14:30:00+05:30,1.2857142857142856,0.6428571428571428,0.0,0.0,1.2095238095238097,0.40476190476190477
2026-06-19 14:40:00+05:30,2026-06-19 14:45:00+05:30,2026-06-19 14:45:00+05:30,8,11,1.0,-2.7755575615628914e-17,1.0,1.0,2.0,1,5.0,2026-06-19 14:35:00+05:30,0.8712121212121213,0.43560606060606066,0.0,0.0,0.5695346320346321,0.7102272727272727
2026-06-19 14:45:00+05:30,2026-06-19 14:50:00+05:30,2026-06-19 14:50:00+05:30,12,7,0.9999999999999998,-1.3877787807814457e-17,1.0,1.0,2.0,1,5.0,2026-06-19 14:40:00+05:30,1.2196969696969697,0.6098484848484849,0.0,0.0,1.011634199134199,0.494047619047619
2026-06-19 14:50:00+05:30,2026-06-19 14:55:00+05:30,2026-06-19 14:55:00+05:30,7,12,0.9999999999999998,0.0,1.0,1.0,2.0,1,5.0,2026-06-19 14:45:00+05:30,1.333333333333333,0.6666666666666665,0.0,0.0,1.0952380952380951,0.45238095238095233
2026-06-19 14:55:00+05:30,2026-06-19 15:00:00+05:30,2026-06-19 15:00:00+05:30,10,9,1.0,5.551115123125783e-17,1.0,1.0,2.0,1,5.0,2026-06-19 14:50:00+05:30,1.4666666666666668,0.7333333333333334,0.0,0.0,1.3682539682539683,0.3222222222222222
2026-06-19 15:00:00+05:30,2026-06-19 15:05:00+05:30,2026-06-19 15:05:00+05:30,13,6,1.0,5.551115123125783e-17,1.0,1.0,2.0,1,5.0,2026-06-19 14:55:00+05:30,0.9401709401709402,0.4700854700854701,0.0,0.0,0.7367521367521367,0.641025641025641
2026-06-19 15:05:00+05:30,2026-06-19 15:10:00+05:30,2026-06-19 15:10:00+05:30,11,8,1.0,0.0,1.0,1.0,2.0,1,5.0,2026-06-19 15:00:00+05:30,0.8076923076923076,0.4038461538461538,0.0,0.0,0.6614219114219114,0.6590909090909091
2026-06-19 15:10:00+05:30,2026-06-19 15:15:00+05:30,2026-06-19 15:15:00+05:30,13,6,1.0,5.551115123125783e-17,1.0,1.0,2.0,1,5.0,2026-06-19 15:05:00+05:30,0.8076923076923076,0.4038461538461538,0.0,0.0,0.6614219114219114,0.6794871794871795
2026-06-19 15:15:00+05:30,2026-06-19 15:20:00+05:30,2026-06-19 15:20:00+05:30,11,8,1.0,1.3877787807814457e-17,1.0,1.0,2.0,1,5.0,2026-06-19 15:10:00+05:30,1.2115384615384617,0.6057692307692308,0.0,0.0,1.120920745920746,0.4431818181818182
2026-06-19 15:20:00+05:30,2026-06-19 15:25:00+05:30,2026-06-19 15:25:00+05:30,8,11,1.0,-2.7755575615628914e-17,1.0,1.0,2.0,1,5.0,2026-06-19 15:15:00+05:30,1.2727272727272727,0.6363636363636364,0.0,0.0,1.1363636363636362,0.4318181818181818
2026-06-22 09:15:00+05:30,2026-06-22 09:20:00+05:30,2026-06-22 09:20:00+05:30,12,7,0.9999999999999998,-1.3877787807814457e-17,1.0,1.0,2.0,1,5.0,2026-06-19 15:20:00+05:30,1.2196969696969695,0.6098484848484848,0.0,0.0,1.011634199134199,0.494047619047619
2026-06-22 09:20:00+05:30,2026-06-22 09:25:00+05:30,2026-06-22 09:25:00+05:30,13,6,1.0,5.551115123125783e-17,1.0,1.0,2.0,1,5.0,2026-06-22 09:15:00+05:30,0.6593406593406592,0.3296703296703296,0.0,0.0,0.5796703296703296,0.7179487179487178
2026-06-22 09:25:00+05:30,2026-06-22 09:30:00+05:30,2026-06-22 09:30:00+05:30,10,9,1.0,5.551115123125783e-17,1.0,1.0,2.0,1,5.0,2026-06-22 09:20:00+05:30,1.128205128205128,0.564102564102564,0.0,0.0,0.9641025641025641,0.5166666666666667
2026-06-22 09:30:00+05:30,2026-06-22 09:35:00+05:30,2026-06-22 09:35:00+05:30,12,7,0.9999999999999998,0.0,1.0,1.0,2.0,1,5.0,2026-06-22 09:25:00+05:30,1.361111111111111,0.6805555555555555,0.0,0.0,1.2876984126984126,0.35119047619047616
2026-06-22 09:35:00+05:30,2026-06-22 09:40:00+05:30,2026-06-22 09:40:00+05:30,8,11,0.9999999999999999,-1.3877787807814457e-17,1.0,1.0,2.0,1,5.0,2026-06-22 09:30:00+05:30,1.2196969696969697,0.6098484848484849,0.0,0.0,1.0116341991341993,0.4943181818181818
2026-06-22 09:40:00+05:30,2026-06-22 09:45:00+05:30,2026-06-22 09:45:00+05:30,10,9,1.0,5.551115123125783e-17,1.0,1.0,2.0,1,5.0,2026-06-22 09:35:00+05:30,1.1454545454545453,0.5727272727272726,0.0,0.0,1.044949494949495,0.47777777777777775
2026-06-22 09:45:00+05:30,2026-06-22 09:50:00+05:30,2026-06-22 09:50:00+05:30,9,10,1.0,-5.551115123125783e-17,1.0,1.0,2.0,1,5.0,2026-06-22 09:40:00+05:30,1.2,0.6,0.0,0.0,1.1555555555555557,0.42222222222222217
2026-06-22 09:50:00+05:30,2026-06-22 09:55:00+05:30,2026-06-22 09:55:00+05:30,12,7,0.9999999999999998,-1.3877787807814457e-17,1.0,1.0,2.0,1,5.0,2026-06-22 09:45:00+05:30,1.1,0.55,0.0,0.0,0.930952380952381,0.5357142857142857
2026-06-22 09:55:00+05:30,2026-06-22 10:00:00+05:30,2026-06-22 10:00:00+05:30,12,7,0.9999999999999998,0.0,1.0,1.0,2.0,1,5.0,2026-06-22 09:50:00+05:30,1.130952380952381,0.5654761904761905,0.0,0.0,1.130952380952381,0.43452380952380953
2026-06-22 10:00:00+05:30,2026-06-22 10:05:00+05:30,2026-06-22 10:05:00+05:30,8,11,1.0,-1.3877787807814457e-17,1.0,1.0,2.0,1,5.0,2026-06-22 09:55:00+05:30,1.0454545454545454,0.5227272727272727,0.0,0.0,0.7905844155844157,0.6022727272727273
2026-06-22 10:05:00+05:30,2026-06-22 10:10:00+05:30,2026-06-22 10:10:00+05:30,11,8,1.0,2.7755575615628914e-17,1.0,1.0,2.0,1,5.0,2026-06-22 10:00:00+05:30,1.2727272727272725,0.6363636363636362,0.0,0.0,1.1363636363636362,0.4318181818181818
2026-06-22 10:10:00+05:30,2026-06-22 10:15:00+05:30,2026-06-22 10:15:00+05:30,10,9,1.0,5.551115123125783e-17,1.0,1.0,2.0,1,5.0,2026-06-22 10:05:00+05:30,1.2121212121212122,0.6060606060606061,0.0,0.0,1.1685606060606062,0.4166666666666667
2026-06-22 10:15:00+05:30,2026-06-22 10:20:00+05:30,2026-06-22 10:20:00+05:30,10,9,1.0,5.551115123125783e-17,1.0,1.0,2.0,1,5.0,2026-06-22 10:10:00+05:30,1.0555555555555556,0.5277777777777778,0.0,0.0,1.0555555555555556,0.47222222222222215
2026-06-22 10:20:00+05:30,2026-06-22 10:25:00+05:30,2026-06-22 10:25:00+05:30,10,9,1.0,4.163336342344337e-17,1.0,1.0,2.0,1,5.0,2026-06-22 10:15:00+05:30,0.6333333333333333,0.31666666666666665,0.0,0.0,0.6333333333333333,0.6833333333333335
2026-06-22 10:25:00+05:30,2026-06-22 10:30:00+05:30,2026-06-22 10:30:00+05:30,9,10,1.0000000000000002,-4.163336342344337e-17,1.0,1.0,2.0,1,5.0,2026-06-22 10:20:00+05:30,0.5999999999999999,0.29999999999999993,0.0,0.0,0.5222222222222221,0.7388888888888889
2026-06-22 10:30:00+05:30,2026-06-22 10:35:00+05:30,2026-06-22 10:35:00+05:30,8,11,0.9999999999999999,-2.7755575615628914e-17,1.0,1.0,2.0,1,5.0,2026-06-22 10:25:00+05:30,0.8080808080808081,0.40404040404040403,0.0,0.0,0.7415404040404041,0.6306818181818181
2026-06-22 10:35:00+05:30,2026-06-22 10:40:00+05:30,2026-06-22 10:40:00+05:30,11,8,1.0,1.3877787807814457e-17,1.0,1.0,2.0,1,5.0,2026-06-22 10:30:00+05:30,1.0909090909090908,0.5454545454545454,0.0,0.0,0.9204545454545455,0.5397727272727273
2026-06-22 10:40:00+05:30,2026-06-22 10:45:00+05:30,2026-06-22 10:45:00+05:30,10,9,1.0,5.551115123125783e-17,1.0,1.0,2.0,1,5.0,2026-06-22 10:35:00+05:30,1.2121212121212122,0.6060606060606061,0.0,0.0,1.168560606060606,0.41666666666666663
2026-06-22 10:45:00+05:30,2026-06-22 10:50:00+05:30,2026-06-22 10:50:00+05:30,9,10,1.0,-5.551115123125783e-17,1.0,1.0,2.0,1,5.0,2026-06-22 10:40:00+05:30,1.2,0.6,0.0,0.0,1.1555555555555557,0.4222222222222222
2026-06-22 10:50:00+05:30,2026-06-22 10:55:00+05:30,2026-06-22 10:55:00+05:30,11,8,0.9999999999999999,1.3877787807814457e-17,1.0,1.0,2.0,1,5.0,2026-06-22 10:45:00+05:30,0.7636363636363636,0.3818181818181818,0.0,0.0,0.617929292929293,0.6931818181818181
2026-06-22 10:55:00+05:30,2026-06-22 11:00:00+05:30,2026-06-22 11:00:00+05:30,11,8,1.0,1.3877787807814457e-17,1.0,1.0,2.0,1,5.0,2026-06-22 10:50:00+05:30,0.8636363636363636,0.4318181818181818,0.0,0.0,0.8636363636363636,0.5681818181818181
2026-06-22 11:00:00+05:30,2026-06-22 11:05:00+05:30,2026-06-22 11:05:00+05:30,9,10,1.0,-5.551115123125783e-17,1.0,1.0,2.0,1,5.0,2026-06-22 10:55:00+05:30,1.1454545454545455,0.5727272727272728,0.0,0.0,1.044949494949495,0.47777777777777775
2026-06-22 11:05:00+05:30,2026-06-22 11:10:00+05:30,2026-06-22 11:10:00+05:30,9,10,1.0,-5.551115123125783e-17,1.0,1.0,2.0,1,5.0,2026-06-22 11:00:00+05:30,1.0555555555555556,0.5277777777777778,0.0,0.0,1.0555555555555556,0.47222222222222215
2026-06-22 11:10:00+05:30,2026-06-22 11:15:00+05:30,2026-06-22 11:15:00+05:30,13,6,1.0,5.551115123125783e-17,1.0,1.0,2.0,1,5.0,2026-06-22 11:05:00+05:30,1.2384615384615385,0.6192307692307693,0.0,0.0,1.035897435897436,0.4807692307692307
2026-06-22 11:15:00+05:30,2026-06-22 11:20:00+05:30,2026-06-22 11:20:00+05:30,12,7,0.9999999999999998,-1.3877787807814457e-17,1.0,1.0,2.0,1,5.0,2026-06-22 11:10:00+05:30,1.5384615384615383,0.7692307692307692,0.0,0.0,1.5192307692307692,0.24999999999999997
2026-06-22 11:20:00+05:30,2026-06-22 11:25:00+05:30,2026-06-22 11:25:00+05:30,11,8,0.9999999999999999,2.7755575615628914e-17,1.0,1.0,2.0,1,5.0,2026-06-22 11:15:00+05:30,0.6249999999999999,0.31249999999999994,0.0,0.0,0.5462662337662337,0.721590909090909
2026-06-22 11:25:00+05:30,2026-06-22 11:30:00+05:30,2026-06-22 11:30:00+05:30,9,10,1.0,-5.551115123125783e-17,1.0,1.0,2.0,1,5.0,2026-06-22 11:20:00+05:30,1.3363636363636364,0.6681818181818182,0.0,0.0,1.258459595959596,0.3722222222222222
2026-06-22 11:30:00+05:30,2026-06-22 11:35:00+05:30,2026-06-22 11:35:00+05:30,10,9,1.0,5.551115123125783e-17,1.0,1.0,2.0,1,5.0,2026-06-22 11:25:00+05:30,0.9999999999999999,0.49999999999999994,0.0,0.0,0.9444444444444443,0.5277777777777778
2026-06-22 11:35:00+05:30,2026-06-22 11:40:00+05:30,2026-06-22 11:40:00+05:30,10,9,1.0,4.163336342344337e-17,1.0,1.0,2.0,1,5.0,2026-06-22 11:30:00+05:30,0.4222222222222222,0.2111111111111111,0.0,0.0,0.4222222222222222,0.788888888888889
2026-06-22 11:40:00+05:30,2026-06-22 11:45:00+05:30,2026-06-22 11:45:00+05:30,8,11,0.9999999999999999,-4.163336342344337e-17,1.0,1.0,2.0,1,5.0,2026-06-22 11:35:00+05:30,0.9545454545454544,0.4772727272727272,0.0,0.0,0.831439393939394,0.5852272727272727
2026-06-22 11:45:00+05:30,2026-06-22 11:50:00+05:30,2026-06-22 11:50:00+05:30,7,12,0.9999999999999998,1.3877787807814457e-17,1.0,1.0,2.0,1,5.0,2026-06-22 11:40:00+05:30,1.041666666666667,0.5208333333333335,0.0,0.0,0.9883658008658008,0.5059523809523809
2026-06-22 11:50:00+05:30,2026-06-22 11:55:00+05:30,2026-06-22 11:55:00+05:30,9,10,1.0000000000000002,-4.163336342344337e-17,1.0,1.0,2.0,1,5.0,2026-06-22 11:45:00+05:30,0.9722222222222221,0.48611111111111105,0.0,0.0,0.8503968253968254,0.5722222222222223
2026-06-22 11:55:00+05:30,2026-06-22 12:00:00+05:30,2026-06-22 12:00:00+05:30,12,7,0.9999999999999998,-1.3877787807814457e-17,1.0,1.0,2.0,1,5.0,2026-06-22 11:50:00+05:30,1.6500000000000004,0.8250000000000002,0.0,0.0,1.586904761904762,0.1964285714285714
2026-06-22 12:00:00+05:30,2026-06-22 12:05:00+05:30,2026-06-22 12:05:00+05:30,8,11,1.0,0.0,1.0,1.0,2.0,1,5.0,2026-06-22 11:55:00+05:30,1.2196969696969695,0.6098484848484848,0.0,0.0,1.0116341991341993,0.4943181818181818
2026-06-22 12:05:00+05:30,2026-06-22 12:10:00+05:30,2026-06-22 12:10:00+05:30,10,9,1.0,5.551115123125783e-17,1.0,1.0,2.0,1,5.0,2026-06-22 12:00:00+05:30,1.3363636363636364,0.6681818181818182,0.0,0.0,1.2584595959595961,0.3722222222222222
2026-06-22 12:10:00+05:30,2026-06-22 12:15:00+05:30,2026-06-22 12:15:00+05:30,9,10,1.0,-5.551115123125783e-17,1.0,1.0,2.0,1,5.0,2026-06-22 12:05:00+05:30,1.4,0.7,0.0,0.0,1.3666666666666667,0.31666666666666665
2026-06-22 12:15:00+05:30,2026-06-22 12:20:00+05:30,2026-06-22 12:20:00+05:30,12,7,0.9999999999999998,6.938893903907228e-18,1.0,1.0,2.0,1,5.0,2026-06-22 12:10:00+05:30,1.2833333333333332,0.6416666666666666,0.0,0.0,1.1496031746031745,0.4226190476190476
2026-06-22 12:20:00+05:30,2026-06-22 12:25:00+05:30,2026-06-22 12:25:00+05:30,8,11,1.0,-1.3877787807814457e-17,1.0,1.0,2.0,1,5.0,2026-06-22 12:15:00+05:30,1.3939393939393938,0.6969696969696969,0.0,0.0,1.2326839826839828,0.3863636363636364
2026-06-22 12:25:00+05:30,2026-06-22 12:30:00+05:30,2026-06-22 12:30:00+05:30,7,12,0.9999999999999998,1.3877787807814457e-17,1.0,1.0,2.0,1,5.0,2026-06-22 12:20:00+05:30,1.25,0.625,0.0,0.0,1.2094155844155843,0.39285714285714285
2026-06-22 12:30:00+05:30,2026-06-22 12:35:00+05:30,2026-06-22 12:35:00+05:30,13,6,1.0,4.163336342344337e-17,1.0,1.0,2.0,1,5.0,2026-06-22 12:25:00+05:30,1.442307692307692,0.721153846153846,0.0,0.0,1.1854395604395604,0.4038461538461538
2026-06-22 12:35:00+05:30,2026-06-22 12:40:00+05:30,2026-06-22 12:40:00+05:30,11,8,1.0,0.0,1.0,1.0,2.0,1,5.0,2026-06-22 12:30:00+05:30,1.2115384615384617,0.6057692307692308,0.0,0.0,1.1209207459207462,0.4431818181818182
2026-06-22 12:40:00+05:30,2026-06-22 12:45:00+05:30,2026-06-22 12:45:00+05:30,7,12,0.9999999999999998,1.3877787807814457e-17,1.0,1.0,2.0,1,5.0,2026-06-22 12:35:00+05:30,1.0454545454545452,0.5227272727272726,0.0,0.0,0.7905844155844157,0.607142857142857
2026-06-22 12:45:00+05:30,2026-06-22 12:50:00+05:30,2026-06-22 12:50:00+05:30,8,11,1.0,-1.3877787807814457e-17,1.0,1.0,2.0,1,5.0,2026-06-22 12:40:00+05:30,0.6249999999999999,0.31249999999999994,0.0,0.0,0.5462662337662337,0.7215909090909091
2026-06-22 12:50:00+05:30,2026-06-22 12:55:00+05:30,2026-06-22 12:55:00+05:30,12,7,0.9999999999999998,0.0,1.0,1.0,2.0,1,5.0,2026-06-22 12:45:00+05:30,1.5681818181818181,0.7840909090909091,0.0,0.0,1.4537337662337664,0.26785714285714285
2026-06-22 12:55:00+05:30,2026-06-22 13:00:00+05:30,2026-06-22 13:00:00+05:30,13,6,1.0000000000000002,5.551115123125783e-17,1.0,1.0,2.0,1,5.0,2026-06-22 12:50:00+05:30,1.0989010989010988,0.5494505494505494,0.0,0.0,1.0494505494505495,0.4743589743589744
2026-06-22 13:00:00+05:30,2026-06-22 13:05:00+05:30,2026-06-22 13:05:00+05:30,10,9,1.0,5.551115123125783e-17,1.0,1.0,2.0,1,5.0,2026-06-22 12:55:00+05:30,1.316239316239316,0.658119658119658,0.0,0.0,1.1914529914529912,0.41111111111111115
2026-06-22 13:05:00+05:30,2026-06-22 13:10:00+05:30,2026-06-22 13:10:00+05:30,8,11,0.9999999999999999,-2.7755575615628914e-17,1.0,1.0,2.0,1,5.0,2026-06-22 13:00:00+05:30,1.1454545454545455,0.5727272727272728,0.0,0.0,1.044949494949495,0.4772727272727273
2026-06-22 13:10:00+05:30,2026-06-22 13:15:00+05:30,2026-06-22 13:15:00+05:30,7,12,0.9999999999999998,1.3877787807814457e-17,1.0,1.0,2.0,1,5.0,2026-06-22 13:05:00+05:30,0.8333333333333333,0.41666666666666663,0.0,0.0,0.7673160173160173,0.619047619047619
2026-06-22 13:15:00+05:30,2026-06-22 13:20:00+05:30,2026-06-22 13:20:00+05:30,10,9,1.0000000000000002,4.163336342344337e-17,1.0,1.0,2.0,1,5.0,2026-06-22 13:10:00+05:30,1.2833333333333332,0.6416666666666666,0.0,0.0,1.1496031746031745,0.42777777777777776
2026-06-22 13:20:00+05:30,2026-06-22 13:25:00+05:30,2026-06-22 13:25:00+05:30,8,11,0.9999999999999999,-2.7755575615628914e-17,1.0,1.0,2.0,1,5.0,2026-06-22 13:15:00+05:30,0.9545454545454544,0.4772727272727272,0.0,0.0,0.8314393939393939,0.5852272727272727
2026-06-22 13:25:00+05:30,2026-06-22 13:30:00+05:30,2026-06-22 13:30:00+05:30,8,11,1.0,0.0,1.0,1.0,2.0,1,5.0,2026-06-22 13:20:00+05:30,1.0795454545454544,0.5397727272727272,0.0,0.0,1.0795454545454544,0.4602272727272727
2026-06-22 13:30:00+05:30,2026-06-22 13:35:00+05:30,2026-06-22 13:35:00+05:30,8,11,1.0,-1.3877787807814457e-17,1.0,1.0,2.0,1,5.0,2026-06-22 13:25:00+05:30,1.2954545454545454,0.6477272727272727,0.0,0.0,1.2954545454545454,0.3522727272727273
2026-06-22 13:35:00+05:30,2026-06-22 13:40:00+05:30,2026-06-22 13:40:00+05:30,9,10,1.0,-4.163336342344337e-17,1.0,1.0,2.0,1,5.0,2026-06-22 13:30:00+05:30,1.2121212121212122,0.6060606060606061,0.0,0.0,1.1685606060606062,0.41666666666666663
2026-06-22 13:40:00+05:30,2026-06-22 13:45:00+05:30,2026-06-22 13:45:00+05:30,7,12,0.9999999999999998,0.0,1.0,1.0,2.0,1,5.0,2026-06-22 13:35:00+05:30,1.1666666666666665,0.5833333333333333,0.0,0.0,1.069047619047619,0.4642857142857142
2026-06-22 13:45:00+05:30,2026-06-22 13:50:00+05:30,2026-06-22 13:50:00+05:30,14,5,1.0,-6.938893903907228e-17,1.0,1.0,2.0,1,5.0,2026-06-22 13:40:00+05:30,1.7023809523809526,0.8511904761904763,0.0,0.0,1.5369047619047618,0.20714285714285713
2026-06-22 13:50:00+05:30,2026-06-22 13:55:00+05:30,2026-06-22 13:55:00+05:30,9,10,1.0,-4.163336342344337e-17,1.0,1.0,2.0,1,5.0,2026-06-22 13:45:00+05:30,1.1999999999999997,0.5999999999999999,0.0,0.0,0.9111111111111111,0.5388888888888889
2026-06-22 13:55:00+05:30,2026-06-22 14:00:00+05:30,2026-06-22 14:00:00+05:30,10,9,1.0000000000000002,4.163336342344337e-17,1.0,1.0,2.0,1,5.0,2026-06-22 13:50:00+05:30,0.9999999999999998,0.4999999999999999,0.0,0.0,0.9444444444444444,0.5277777777777778
2026-06-22 14:00:00+05:30,2026-06-22 14:05:00+05:30,2026-06-22 14:05:00+05:30,12,7,0.9999999999999998,-1.3877787807814457e-17,1.0,1.0,2.0,1,5.0,2026-06-22 13:55:00+05:30,0.7777777777777777,0.38888888888888884,0.0,0.0,0.6317460317460317,0.6904761904761904
2026-06-22 14:05:00+05:30,2026-06-22 14:10:00+05:30,2026-06-22 14:10:00+05:30,11,8,1.0,1.3877787807814457e-17,1.0,1.0,2.0,1,5.0,2026-06-22 14:00:00+05:30,0.8333333333333333,0.41666666666666663,0.0,0.0,0.7673160173160173,0.6136363636363635
2026-06-22 14:10:00+05:30,2026-06-22 14:15:00+05:30,2026-06-22 14:15:00+05:30,9,10,1.0,-5.551115123125783e-17,1.0,1.0,2.0,1,5.0,2026-06-22 14:05:00+05:30,0.5727272727272728,0.2863636363636364,0.0,0.0,0.40441919191919196,0.7944444444444445
2026-06-22 14:15:00+05:30,2026-06-22 14:20:00+05:30,2026-06-22 14:20:00+05:30,9,10,1.0,-4.163336342344337e-17,1.0,1.0,2.0,1,5.0,2026-06-22 14:10:00+05:30,1.4777777777777779,0.7388888888888889,0.0,0.0,1.4777777777777779,0.26111111111111107
2026-06-22 14:20:00+05:30,2026-06-22 14:25:00+05:30,2026-06-22 14:25:00+05:30,10,9,1.0,5.551115123125783e-17,1.0,1.0,2.0,1,5.0,2026-06-22 14:15:00+05:30,1.0,0.5,0.0,0.0,0.9444444444444444,0.5277777777777778
2026-06-22 14:25:00+05:30,2026-06-22 14:30:00+05:30,2026-06-22 14:30:00+05:30,11,8,1.0,1.3877787807814457e-17,1.0,1.0,2.0,1,5.0,2026-06-22 14:20:00+05:30,0.8080808080808081,0.40404040404040403,0.0,0.0,0.7415404040404041,0.6306818181818181
2026-06-22 14:30:00+05:30,2026-06-22 14:35:00+05:30,2026-06-22 14:35:00+05:30,6,13,1.0,-5.551115123125783e-17,1.0,1.0,2.0,1,5.0,2026-06-22 14:25:00+05:30,1.5104895104895102,0.7552447552447551,0.0,0.0,1.3385780885780885,0.3205128205128205
2026-06-22 14:35:00+05:30,2026-06-22 14:40:00+05:30,2026-06-22 14:40:00+05:30,10,9,1.0,4.163336342344337e-17,1.0,1.0,2.0,1,5.0,2026-06-22 14:30:00+05:30,0.8846153846153846,0.4423076923076923,0.0,0.0,0.5811965811965812,0.6944444444444444
2026-06-22 14:40:00+05:30,2026-06-22 14:45:00+05:30,2026-06-22 14:45:00+05:30,6,13,0.9999999999999999,-2.7755575615628914e-17,1.0,1.0,2.0,1,5.0,2026-06-22 14:35:00+05:30,1.2384615384615383,0.6192307692307691,0.0,0.0,1.035897435897436,0.4807692307692307
2026-06-22 14:45:00+05:30,2026-06-22 14:50:00+05:30,2026-06-22 14:50:00+05:30,12,7,0.9999999999999998,0.0,1.0,1.0,2.0,1,5.0,2026-06-22 14:40:00+05:30,1.282051282051282,0.641025641025641,0.0,0.0,0.9505494505494505,0.5238095238095237
2026-06-22 14:50:00+05:30,2026-06-22 14:55:00+05:30,2026-06-22 14:55:00+05:30,10,9,1.0,5.551115123125783e-17,1.0,1.0,2.0,1,5.0,2026-06-22 14:45:00+05:30,1.1666666666666665,0.5833333333333333,0.0,0.0,1.069047619047619,0.4666666666666667
2026-06-22 14:55:00+05:30,2026-06-22 15:00:00+05:30,2026-06-22 15:00:00+05:30,8,11,1.0,0.0,1.0,1.0,2.0,1,5.0,2026-06-22 14:50:00+05:30,0.9545454545454545,0.47727272727272724,0.0,0.0,0.831439393939394,0.5852272727272727
2026-06-22 15:00:00+05:30,2026-06-22 15:05:00+05:30,2026-06-22 15:05:00+05:30,9,10,1.0,-5.551115123125783e-17,1.0,1.0,2.0,1,5.0,2026-06-22 14:55:00+05:30,1.01010101010101,0.505050505050505,0.0,0.0,0.9550505050505051,0.5222222222222223
2026-06-22 15:05:00+05:30,2026-06-22 15:10:00+05:30,2026-06-22 15:10:00+05:30,11,8,1.0,2.7755575615628914e-17,1.0,1.0,2.0,1,5.0,2026-06-22 15:00:00+05:30,0.7636363636363634,0.3818181818181817,0.0,0.0,0.617929292929293,0.6931818181818181
2026-06-22 15:10:00+05:30,2026-06-22 15:15:00+05:30,2026-06-22 15:15:00+05:30,7,12,0.9999999999999998,0.0,1.0,1.0,2.0,1,5.0,2026-06-22 15:05:00+05:30,1.2196969696969695,0.6098484848484848,0.0,0.0,1.011634199134199,0.49404761904761907
2026-06-22 15:15:00+05:30,2026-06-22 15:20:00+05:30,2026-06-22 15:20:00+05:30,9,10,1.0,-5.551115123125783e-17,1.0,1.0,2.0,1,5.0,2026-06-22 15:10:00+05:30,0.9722222222222221,0.48611111111111105,0.0,0.0,0.8503968253968254,0.5722222222222223
2026-06-22 15:20:00+05:30,2026-06-22 15:25:00+05:30,2026-06-22 15:25:00+05:30,6,13,0.9999999999999999,-6.938893903907228e-17,1.0,1.0,2.0,1,5.0,2026-06-22 15:15:00+05:30,0.94017094017094,0.47008547008547,0.0,0.0,0.7367521367521367,0.641025641025641
2026-06-23 09:15:00+05:30,2026-06-23 09:20:00+05:30,2026-06-23 09:20:00+05:30,6,13,1.0,-5.551115123125783e-17,1.0,1.0,2.0,1,5.0,2026-06-22 15:20:00+05:30,1.4615384615384615,0.7307692307692307,0.0,0.0,1.4615384615384615,0.2692307692307693
2026-06-23 09:20:00+05:30,2026-06-23 09:25:00+05:30,2026-06-23 09:25:00+05:30,11,8,1.0,1.3877787807814457e-17,1.0,1.0,2.0,1,5.0,2026-06-23 09:15:00+05:30,1.1748251748251746,0.5874125874125873,0.0,0.0,0.879079254079254,0.5568181818181818
2026-06-23 09:25:00+05:30,2026-06-23 09:30:00+05:30,2026-06-23 09:30:00+05:30,8,11,1.0,-4.163336342344337e-17,1.0,1.0,2.0,1,5.0,2026-06-23 09:20:00+05:30,1.090909090909091,0.5454545454545455,0.0,0.0,0.9204545454545454,0.5397727272727273
2026-06-23 09:30:00+05:30,2026-06-23 09:35:00+05:30,2026-06-23 09:35:00+05:30,10,9,1.0,5.551115123125783e-17,1.0,1.0,2.0,1,5.0,2026-06-23 09:25:00+05:30,1.3363636363636366,0.6681818181818183,0.0,0.0,1.2584595959595961,0.37222222222222223
2026-06-23 09:35:00+05:30,2026-06-23 09:40:00+05:30,2026-06-23 09:40:00+05:30,11,8,0.9999999999999999,1.3877787807814457e-17,1.0,1.0,2.0,1,5.0,2026-06-23 09:30:00+05:30,0.8080808080808081,0.40404040404040403,0.0,0.0,0.741540404040404,0.6306818181818181
2026-06-23 09:40:00+05:30,2026-06-23 09:45:00+05:30,2026-06-23 09:45:00+05:30,10,9,1.0000000000000002,4.163336342344337e-17,1.0,1.0,2.0,1,5.0,2026-06-23 09:35:00+05:30,1.0101010101010104,0.5050505050505052,0.0,0.0,0.955050505050505,0.5222222222222223
2026-06-23 09:45:00+05:30,2026-06-23 09:50:00+05:30,2026-06-23 09:50:00+05:30,10,9,1.0,5.551115123125783e-17,1.0,1.0,2.0,1,5.0,2026-06-23 09:40:00+05:30,1.2666666666666668,0.6333333333333334,0.0,0.0,1.2666666666666668,0.3666666666666667
2026-06-23 09:50:00+05:30,2026-06-23 09:55:00+05:30,2026-06-23 09:55:00+05:30,11,8,1.0,1.3877787807814457e-17,1.0,1.0,2.0,1,5.0,2026-06-23 09:45:00+05:30,1.2121212121212122,0.6060606060606061,0.0,0.0,1.1685606060606062,0.4147727272727273
2026-06-23 09:55:00+05:30,2026-06-23 10:00:00+05:30,2026-06-23 10:00:00+05:30,13,6,1.0,5.551115123125783e-17,1.0,1.0,2.0,1,5.0,2026-06-23 09:50:00+05:30,0.8076923076923077,0.40384615384615385,0.0,0.0,0.6614219114219114,0.6794871794871795
2026-06-23 10:00:00+05:30,2026-06-23 10:05:00+05:30,2026-06-23 10:05:00+05:30,8,11,1.0,-2.7755575615628914e-17,1.0,1.0,2.0,1,5.0,2026-06-23 09:55:00+05:30,1.3426573426573423,0.6713286713286711,0.0,0.0,1.1088286713286712,0.4488636363636364
2026-06-23 10:05:00+05:30,2026-06-23 10:10:00+05:30,2026-06-23 10:10:00+05:30,11,8,1.0,1.3877787807814457e-17,1.0,1.0,2.0,1,5.0,2026-06-23 10:00:00+05:30,1.272727272727273,0.6363636363636365,0.0,0.0,1.1363636363636362,0.4318181818181819
2026-06-23 10:10:00+05:30,2026-06-23 10:15:00+05:30,2026-06-23 10:15:00+05:30,9,10,1.0000000000000002,-4.163336342344337e-17,1.0,1.0,2.0,1,5.0,2026-06-23 10:05:00+05:30,0.7636363636363634,0.3818181818181817,0.0,0.0,0.617929292929293,0.6888888888888889
2026-06-23 10:15:00+05:30,2026-06-23 10:20:00+05:30,2026-06-23 10:20:00+05:30,9,10,1.0,-4.163336342344337e-17,1.0,1.0,2.0,1,5.0,2026-06-23 10:10:00+05:30,1.0555555555555556,0.5277777777777778,0.0,0.0,1.0555555555555556,0.4722222222222222
2026-06-23 10:20:00+05:30,2026-06-23 10:25:00+05:30,2026-06-23 10:25:00+05:30,13,6,1.0,4.163336342344337e-17,1.0,1.0,2.0,1,5.0,2026-06-23 10:15:00+05:30,1.2384615384615383,0.6192307692307691,0.0,0.0,1.035897435897436,0.4807692307692308
2026-06-23 10:25:00+05:30,2026-06-23 10:30:00+05:30,2026-06-23 10:30:00+05:30,9,10,1.0,-5.551115123125783e-17,1.0,1.0,2.0,1,5.0,2026-06-23 10:20:00+05:30,1.4153846153846152,0.7076923076923076,0.0,0.0,1.2632478632478632,0.37777777777777777
2026-06-23 10:30:00+05:30,2026-06-23 10:35:00+05:30,2026-06-23 10:35:00+05:30,11,8,0.9999999999999999,1.3877787807814457e-17,1.0,1.0,2.0,1,5.0,2026-06-23 10:25:00+05:30,1.3363636363636364,0.6681818181818182,0.0,0.0,1.258459595959596,0.3693181818181818
2026-06-23 10:35:00+05:30,2026-06-23 10:40:00+05:30,2026-06-23 10:40:00+05:30,11,8,1.0,2.7755575615628914e-17,1.0,1.0,2.0,1,5.0,2026-06-23 10:30:00+05:30,0.8636363636363636,0.4318181818181818,0.0,0.0,0.8636363636363636,0.5681818181818181
2026-06-23 10:40:00+05:30,2026-06-23 10:45:00+05:30,2026-06-23 10:45:00+05:30,9,10,1.0,-5.551115123125783e-17,1.0,1.0,2.0,1,5.0,2026-06-23 10:35:00+05:30,1.3363636363636364,0.6681818181818182,0.0,0.0,1.2584595959595961,0.37222222222222223
2026-06-23 10:45:00+05:30,2026-06-23 10:50:00+05:30,2026-06-23 10:50:00+05:30,9,10,1.0,-4.163336342344337e-17,1.0,1.0,2.0,1,5.0,2026-06-23 10:40:00+05:30,0.8444444444444444,0.4222222222222222,0.0,0.0,0.8444444444444444,0.5777777777777778
2026-06-23 10:50:00+05:30,2026-06-23 10:55:00+05:30,2026-06-23 10:55:00+05:30,10,9,1.0,5.551115123125783e-17,1.0,1.0,2.0,1,5.0,2026-06-23 10:45:00+05:30,0.9999999999999999,0.49999999999999994,0.0,0.0,0.9444444444444443,0.5277777777777778
2026-06-23 10:55:00+05:30,2026-06-23 11:00:00+05:30,2026-06-23 11:00:00+05:30,11,8,0.9999999999999999,2.7755575615628914e-17,1.0,1.0,2.0,1,5.0,2026-06-23 10:50:00+05:30,1.4141414141414141,0.7070707070707071,0.0,0.0,1.382070707070707,0.3068181818181818
2026-06-23 11:00:00+05:30,2026-06-23 11:05:00+05:30,2026-06-23 11:05:00+05:30,11,8,1.0,0.0,1.0,1.0,2.0,1,5.0,2026-06-23 10:55:00+05:30,1.2954545454545454,0.6477272727272727,0.0,0.0,1.2954545454545454,0.3522727272727273
2026-06-23 11:05:00+05:30,2026-06-23 11:10:00+05:30,2026-06-23 11:10:00+05:30,11,8,0.9999999999999999,1.3877787807814457e-17,1.0,1.0,2.0,1,5.0,2026-06-23 11:00:00+05:30,1.2954545454545454,0.6477272727272727,0.0,0.0,1.2954545454545454,0.3522727272727273
2026-06-23 11:10:00+05:30,2026-06-23 11:15:00+05:30,2026-06-23 11:15:00+05:30,12,7,0.9999999999999998,0.0,1.0,1.0,2.0,1,5.0,2026-06-23 11:05:00+05:30,1.25,0.625,0.0,0.0,1.2094155844155843,0.39285714285714285
2026-06-23 11:15:00+05:30,2026-06-23 11:20:00+05:30,2026-06-23 11:20:00+05:30,11,8,1.0,1.3877787807814457e-17,1.0,1.0,2.0,1,5.0,2026-06-23 11:10:00+05:30,1.2499999999999998,0.6249999999999999,0.0,0.0,1.2094155844155843,0.3977272727272727
2026-06-23 11:20:00+05:30,2026-06-23 11:25:00+05:30,2026-06-23 11:25:00+05:30,8,11,1.0,-1.3877787807814457e-17,1.0,1.0,2.0,1,5.0,2026-06-23 11:15:00+05:30,1.4545454545454546,0.7272727272727273,0.0,0.0,1.3522727272727273,0.32386363636363635
2026-06-23 11:25:00+05:30,2026-06-23 11:30:00+05:30,2026-06-23 11:30:00+05:30,8,11,1.0,-1.3877787807814457e-17,1.0,1.0,2.0,1,5.0,2026-06-23 11:20:00+05:30,0.8636363636363635,0.43181818181818177,0.0,0.0,0.8636363636363635,0.5681818181818181
2026-06-23 11:30:00+05:30,2026-06-23 11:35:00+05:30,2026-06-23 11:35:00+05:30,9,10,1.0,-5.551115123125783e-17,1.0,1.0,2.0,1,5.0,2026-06-23 11:25:00+05:30,1.2121212121212122,0.6060606060606061,0.0,0.0,1.168560606060606,0.41666666666666663
2026-06-23 11:35:00+05:30,2026-06-23 11:40:00+05:30,2026-06-23 11:40:00+05:30,7,12,0.9999999999999998,0.0,1.0,1.0,2.0,1,5.0,2026-06-23 11:30:00+05:30,1.3611111111111112,0.6805555555555556,0.0,0.0,1.2876984126984126,0.35119047619047616
2026-06-23 11:40:00+05:30,2026-06-23 11:45:00+05:30,2026-06-23 11:45:00+05:30,9,10,1.0,-5.551115123125783e-17,1.0,1.0,2.0,1,5.0,2026-06-23 11:35:00+05:30,0.7777777777777777,0.38888888888888884,0.0,0.0,0.6317460317460317,0.6777777777777778
2026-06-23 11:45:00+05:30,2026-06-23 11:50:00+05:30,2026-06-23 11:50:00+05:30,10,9,1.0,5.551115123125783e-17,1.0,1.0,2.0,1,5.0,2026-06-23 11:40:00+05:30,0.9999999999999998,0.4999999999999999,0.0,0.0,0.9444444444444444,0.5277777777777778
2026-06-23 11:50:00+05:30,2026-06-23 11:55:00+05:30,2026-06-23 11:55:00+05:30,11,8,1.0,2.7755575615628914e-17,1.0,1.0,2.0,1,5.0,2026-06-23 11:45:00+05:30,1.2121212121212122,0.6060606060606061,0.0,0.0,1.1685606060606062,0.4147727272727273
2026-06-23 11:55:00+05:30,2026-06-23 12:00:00+05:30,2026-06-23 12:00:00+05:30,10,9,1.0,5.551115123125783e-17,1.0,1.0,2.0,1,5.0,2026-06-23 11:50:00+05:30,0.8080808080808081,0.40404040404040403,0.0,0.0,0.741540404040404,0.6277777777777778
2026-06-23 12:00:00+05:30,2026-06-23 12:05:00+05:30,2026-06-23 12:05:00+05:30,9,10,1.0000000000000002,-4.163336342344337e-17,1.0,1.0,2.0,1,5.0,2026-06-23 11:55:00+05:30,0.7999999999999999,0.39999999999999997,0.0,0.0,0.7333333333333333,0.6333333333333334
2026-06-23 12:05:00+05:30,2026-06-23 12:10:00+05:30,2026-06-23 12:10:00+05:30,9,10,1.0,-4.163336342344337e-17,1.0,1.0,2.0,1,5.0,2026-06-23 12:00:00+05:30,0.8444444444444444,0.4222222222222222,0.0,0.0,0.8444444444444444,0.5777777777777778
2026-06-23 12:10:00+05:30,2026-06-23 12:15:00+05:30,2026-06-23 12:15:00+05:30,7,12,0.9999999999999998,1.3877787807814457e-17,1.0,1.0,2.0,1,5.0,2026-06-23 12:05:00+05:30,1.3611111111111112,0.6805555555555556,0.0,0.0,1.2876984126984126,0.3511904761904762
2026-06-23 12:15:00+05:30,2026-06-23 12:20:00+05:30,2026-06-23 12:20:00+05:30,7,12,0.9999999999999998,0.0,1.0,1.0,2.0,1,5.0,2026-06-23 12:10:00+05:30,0.9047619047619047,0.45238095238095233,0.0,0.0,0.9047619047619047,0.5476190476190474
2026-06-23 12:20:00+05:30,2026-06-23 12:25:00+05:30,2026-06-23 12:25:00+05:30,11,8,1.0,1.3877787807814457e-17,1.0,1.0,2.0,1,5.0,2026-06-23 12:15:00+05:30,0.8712121212121212,0.4356060606060606,0.0,0.0,0.5695346320346321,0.7102272727272727
2026-06-23 12:25:00+05:30,2026-06-23 12:30:00+05:30,2026-06-23 12:30:00+05:30,9,10,1.0,-5.551115123125783e-17,1.0,1.0,2.0,1,5.0,2026-06-23 12:20:00+05:30,1.5272727272727276,0.7636363636363638,0.0,0.0,1.4719696969696972,0.26666666666666666
2026-06-23 12:30:00+05:30,2026-06-23 12:35:00+05:30,2026-06-23 12:35:00+05:30,11,8,1.0,0.0,1.0,1.0,2.0,1,5.0,2026-06-23 12:25:00+05:30,1.5272727272727276,0.7636363636363638,0.0,0.0,1.4719696969696972,0.26136363636363635
2026-06-23 12:35:00+05:30,2026-06-23 12:40:00+05:30,2026-06-23 12:40:00+05:30,12,7,0.9999999999999998,-1.3877787807814457e-17,1.0,1.0,2.0,1,5.0,2026-06-23 12:30:00+05:30,1.0416666666666667,0.5208333333333334,0.0,0.0,0.9883658008658008,0.5059523809523809
2026-06-23 12:40:00+05:30,2026-06-23 12:45:00+05:30,2026-06-23 12:45:00+05:30,8,11,1.0,0.0,1.0,1.0,2.0,1,5.0,2026-06-23 12:35:00+05:30,1.2196969696969695,0.6098484848484848,0.0,0.0,1.0116341991341993,0.4943181818181819
2026-06-23 12:45:00+05:30,2026-06-23 12:50:00+05:30,2026-06-23 12:50:00+05:30,7,12,0.9999999999999998,1.3877787807814457e-17,1.0,1.0,2.0,1,5.0,2026-06-23 12:40:00+05:30,1.4583333333333337,0.7291666666666669,0.0,0.0,1.430465367965368,0.27976190476190477
2026-06-23 12:50:00+05:30,2026-06-23 12:55:00+05:30,2026-06-23 12:55:00+05:30,8,11,1.0,0.0,1.0,1.0,2.0,1,5.0,2026-06-23 12:45:00+05:30,1.2500000000000002,0.6250000000000001,0.0,0.0,1.2094155844155845,0.3977272727272727
2026-06-23 12:55:00+05:30,2026-06-23 13:00:00+05:30,2026-06-23 13:00:00+05:30,8,11,1.0,-1.3877787807814457e-17,1.0,1.0,2.0,1,5.0,2026-06-23 12:50:00+05:30,1.0795454545454546,0.5397727272727273,0.0,0.0,1.0795454545454546,0.4602272727272727
2026-06-23 13:00:00+05:30,2026-06-23 13:05:00+05:30,2026-06-23 13:05:00+05:30,7,12,0.9999999999999998,0.0,1.0,1.0,2.0,1,5.0,2026-06-23 12:55:00+05:30,1.2500000000000002,0.6250000000000001,0.0,0.0,1.2094155844155843,0.39285714285714285
2026-06-23 13:05:00+05:30,2026-06-23 13:10:00+05:30,2026-06-23 13:10:00+05:30,8,11,1.0,-2.7755575615628914e-17,1.0,1.0,2.0,1,5.0,2026-06-23 13:00:00+05:30,1.0416666666666665,0.5208333333333333,0.0,0.0,0.9883658008658008,0.5056818181818181
2026-06-23 13:10:00+05:30,2026-06-23 13:15:00+05:30,2026-06-23 13:15:00+05:30,11,8,0.9999999999999999,1.3877787807814457e-17,1.0,1.0,2.0,1,5.0,2026-06-23 13:05:00+05:30,0.9090909090909092,0.4545454545454546,0.0,0.0,0.7045454545454546,0.6477272727272727
2026-06-23 13:15:00+05:30,2026-06-23 13:20:00+05:30,2026-06-23 13:20:00+05:30,12,7,0.9999999999999998,0.0,1.0,1.0,2.0,1,5.0,2026-06-23 13:10:00+05:30,1.4583333333333333,0.7291666666666666,0.0,0.0,1.4304653679653678,0.2797619047619047
2026-06-23 13:20:00+05:30,2026-06-23 13:25:00+05:30,2026-06-23 13:25:00+05:30,13,6,1.0000000000000002,5.551115123125783e-17,1.0,1.0,2.0,1,5.0,2026-06-23 13:15:00+05:30,0.8791208791208791,0.43956043956043955,0.0,0.0,0.8145604395604396,0.5961538461538461
2026-06-23 13:25:00+05:30,2026-06-23 13:30:00+05:30,2026-06-23 13:30:00+05:30,10,9,1.0,5.551115123125783e-17,1.0,1.0,2.0,1,5.0,2026-06-23 13:20:00+05:30,1.5042735042735043,0.7521367521367521,0.0,0.0,1.4188034188034186,0.3055555555555556
2026-06-23 13:30:00+05:30,2026-06-23 13:35:00+05:30,2026-06-23 13:35:00+05:30,11,8,1.0,1.3877787807814457e-17,1.0,1.0,2.0,1,5.0,2026-06-23 13:25:00+05:30,1.6161616161616161,0.8080808080808081,0.0,0.0,1.5955808080808083,0.19886363636363635
2026-06-23 13:35:00+05:30,2026-06-23 13:40:00+05:30,2026-06-23 13:40:00+05:30,14,5,0.9999999999999999,-5.551115123125783e-17,1.0,1.0,2.0,1,5.0,2026-06-23 13:30:00+05:30,1.3750000000000002,0.6875000000000001,0.0,0.0,1.2693181818181818,0.35000000000000003
2026-06-23 13:40:00+05:30,2026-06-23 13:45:00+05:30,2026-06-23 13:45:00+05:30,7,12,0.9999999999999998,-6.938893903907228e-18,1.0,1.0,2.0,1,5.0,2026-06-23 13:35:00+05:30,1.2380952380952381,0.6190476190476191,0.0,0.0,0.7904761904761906,0.5952380952380951
2026-06-23 13:45:00+05:30,2026-06-23 13:50:00+05:30,2026-06-23 13:50:00+05:30,10,9,1.0,4.163336342344337e-17,1.0,1.0,2.0,1,5.0,2026-06-23 13:40:00+05:30,1.1,0.55,0.0,0.0,0.930952380952381,0.5333333333333333
2026-06-23 13:50:00+05:30,2026-06-23 13:55:00+05:30,2026-06-23 13:55:00+05:30,7,12,0.9999999999999998,0.0,1.0,1.0,2.0,1,5.0,2026-06-23 13:45:00+05:30,1.1,0.55,0.0,0.0,0.930952380952381,0.5357142857142856
2026-06-23 13:55:00+05:30,2026-06-23 14:00:00+05:30,2026-06-23 14:00:00+05:30,8,11,1.0,-2.7755575615628914e-17,1.0,1.0,2.0,1,5.0,2026-06-23 13:50:00+05:30,0.8333333333333333,0.41666666666666663,0.0,0.0,0.7673160173160173,0.6136363636363635
2026-06-23 14:00:00+05:30,2026-06-23 14:05:00+05:30,2026-06-23 14:05:00+05:30,11,8,1.0,1.3877787807814457e-17,1.0,1.0,2.0,1,5.0,2026-06-23 13:55:00+05:30,1.0909090909090908,0.5454545454545454,0.0,0.0,0.9204545454545456,0.5397727272727273
2026-06-23 14:05:00+05:30,2026-06-23 14:10:00+05:30,2026-06-23 14:10:00+05:30,9,10,1.0,-5.551115123125783e-17,1.0,1.0,2.0,1,5.0,2026-06-23 14:00:00+05:30,0.9545454545454544,0.4772727272727272,0.0,0.0,0.831439393939394,0.5833333333333334
2026-06-23 14:10:00+05:30,2026-06-23 14:15:00+05:30,2026-06-23 14:15:00+05:30,8,11,1.0,-2.7755575615628914e-17,1.0,1.0,2.0,1,5.0,2026-06-23 14:05:00+05:30,1.4141414141414141,0.7070707070707071,0.0,0.0,1.382070707070707,0.3068181818181818
2026-06-23 14:15:00+05:30,2026-06-23 14:20:00+05:30,2026-06-23 14:20:00+05:30,10,9,1.0,5.551115123125783e-17,1.0,1.0,2.0,1,5.0,2026-06-23 14:10:00+05:30,1.5272727272727273,0.7636363636363637,0.0,0.0,1.4719696969696972,0.26666666666666666
2026-06-23 14:20:00+05:30,2026-06-23 14:25:00+05:30,2026-06-23 14:25:00+05:30,11,8,1.0,4.163336342344337e-17,1.0,1.0,2.0,1,5.0,2026-06-23 14:15:00+05:30,1.2121212121212122,0.6060606060606061,0.0,0.0,1.1685606060606062,0.4147727272727273
2026-06-23 14:25:00+05:30,2026-06-23 14:30:00+05:30,2026-06-23 14:30:00+05:30,13,6,1.0,5.551115123125783e-17,1.0,1.0,2.0,1,5.0,2026-06-23 14:20:00+05:30,1.2115384615384615,0.6057692307692307,0.0,0.0,1.1209207459207462,0.4358974358974359
2026-06-23 14:30:00+05:30,2026-06-23 14:35:00+05:30,2026-06-23 14:35:00+05:30,9,10,1.0,-4.163336342344337e-17,1.0,1.0,2.0,1,5.0,2026-06-23 14:25:00+05:30,1.4153846153846152,0.7076923076923076,0.0,0.0,1.2632478632478632,0.37777777777777777
2026-06-23 14:35:00+05:30,2026-06-23 14:40:00+05:30,2026-06-23 14:40:00+05:30,11,8,1.0,0.0,1.0,1.0,2.0,1,5.0,2026-06-23 14:30:00+05:30,1.1454545454545453,0.5727272727272726,0.0,0.0,1.044949494949495,0.4772727272727273
2026-06-23 14:40:00+05:30,2026-06-23 14:45:00+05:30,2026-06-23 14:45:00+05:30,11,8,1.0,1.3877787807814457e-17,1.0,1.0,2.0,1,5.0,2026-06-23 14:35:00+05:30,1.2954545454545454,0.6477272727272727,0.0,0.0,1.2954545454545454,0.3522727272727273
2026-06-23 14:45:00+05:30,2026-06-23 14:50:00+05:30,2026-06-23 14:50:00+05:30,10,9,1.0,5.551115123125783e-17,1.0,1.0,2.0,1,5.0,2026-06-23 14:40:00+05:30,1.4141414141414141,0.7070707070707071,0.0,0.0,1.382070707070707,0.3111111111111111
2026-06-23 14:50:00+05:30,2026-06-23 14:55:00+05:30,2026-06-23 14:55:00+05:30,11,8,1.0,0.0,1.0,1.0,2.0,1,5.0,2026-06-23 14:45:00+05:30,1.0101010101010102,0.5050505050505051,0.0,0.0,0.9550505050505051,0.5227272727272727
2026-06-23 14:55:00+05:30,2026-06-23 15:00:00+05:30,2026-06-23 15:00:00+05:30,10,9,1.0,5.551115123125783e-17,1.0,1.0,2.0,1,5.0,2026-06-23 14:50:00+05:30,1.0101010101010102,0.5050505050505051,0.0,0.0,0.9550505050505051,0.5222222222222223
2026-06-23 15:00:00+05:30,2026-06-23 15:05:00+05:30,2026-06-23 15:05:00+05:30,7,12,0.9999999999999998,1.3877787807814457e-17,1.0,1.0,2.0,1,5.0,2026-06-23 14:55:00+05:30,1.0999999999999996,0.5499999999999998,0.0,0.0,0.930952380952381,0.5357142857142856
2026-06-23 15:05:00+05:30,2026-06-23 15:10:00+05:30,2026-06-23 15:10:00+05:30,11,8,1.0,2.7755575615628914e-17,1.0,1.0,2.0,1,5.0,2026-06-23 15:00:00+05:30,1.2196969696969695,0.6098484848484848,0.0,0.0,1.0116341991341993,0.4943181818181818
2026-06-23 15:10:00+05:30,2026-06-23 15:15:00+05:30,2026-06-23 15:15:00+05:30,6,13,0.9999999999999999,-5.551115123125783e-17,1.0,1.0,2.0,1,5.0,2026-06-23 15:05:00+05:30,1.0069930069930069,0.5034965034965034,0.0,0.0,0.6493298368298369,0.6858974358974358
2026-06-23 15:15:00+05:30,2026-06-23 15:20:00+05:30,2026-06-23 15:20:00+05:30,7,12,0.9999999999999998,0.0,1.0,1.0,2.0,1,5.0,2026-06-23 15:10:00+05:30,0.8791208791208791,0.43956043956043955,0.0,0.0,0.8145604395604396,0.5892857142857143
2026-06-23 15:20:00+05:30,2026-06-23 15:25:00+05:30,2026-06-23 15:25:00+05:30,11,8,1.0,0.0,1.0,1.0,2.0,1,5.0,2026-06-23 15:15:00+05:30,1.5681818181818181,0.7840909090909091,0.0,0.0,1.4537337662337664,0.27840909090909094
2026-06-24 09:15:00+05:30,2026-06-24 09:20:00+05:30,2026-06-24 09:20:00+05:30,10,9,1.0,5.551115123125783e-17,1.0,1.0,2.0,1,5.0,2026-06-23 15:20:00+05:30,0.8080808080808082,0.4040404040404041,0.0,0.0,0.7415404040404041,0.6277777777777778
2026-06-24 09:20:00+05:30,2026-06-24 09:25:00+05:30,2026-06-24 09:25:00+05:30,9,10,1.0,-5.551115123125783e-17,1.0,1.0,2.0,1,5.0,2026-06-24 09:15:00+05:30,0.9999999999999999,0.49999999999999994,0.0,0.0,0.9444444444444445,0.5277777777777777
2026-06-24 09:25:00+05:30,2026-06-24 09:30:00+05:30,2026-06-24 09:30:00+05:30,11,8,0.9999999999999999,1.3877787807814457e-17,1.0,1.0,2.0,1,5.0,2026-06-24 09:20:00+05:30,0.7636363636363634,0.3818181818181817,0.0,0.0,0.617929292929293,0.6931818181818181
2026-06-24 09:30:00+05:30,2026-06-24 09:35:00+05:30,2026-06-24 09:35:00+05:30,13,6,0.9999999999999999,5.551115123125783e-17,1.0,1.0,2.0,1,5.0,2026-06-24 09:25:00+05:30,0.6057692307692307,0.30288461538461536,0.0,0.0,0.4316724941724942,0.8012820512820512
2026-06-24 09:35:00+05:30,2026-06-24 09:40:00+05:30,2026-06-24 09:40:00+05:30,8,11,1.0,-1.3877787807814457e-17,1.0,1.0,2.0,1,5.0,2026-06-24 09:30:00+05:30,1.3426573426573423,0.6713286713286711,0.0,0.0,1.1088286713286712,0.44886363636363635
2026-06-24 09:40:00+05:30,2026-06-24 09:45:00+05:30,2026-06-24 09:45:00+05:30,11,8,1.0,2.7755575615628914e-17,1.0,1.0,2.0,1,5.0,2026-06-24 09:35:00+05:30,0.9090909090909091,0.45454545454545453,0.0,0.0,0.7045454545454546,0.6477272727272727
2026-06-24 09:45:00+05:30,2026-06-24 09:50:00+05:30,2026-06-24 09:50:00+05:30,8,11,1.0,0.0,1.0,1.0,2.0,1,5.0,2026-06-24 09:40:00+05:30,1.0909090909090908,0.5454545454545454,0.0,0.0,0.9204545454545454,0.5397727272727273
2026-06-24 09:50:00+05:30,2026-06-24 09:55:00+05:30,2026-06-24 09:55:00+05:30,9,10,1.0,-4.163336342344337e-17,1.0,1.0,2.0,1,5.0,2026-06-24 09:45:00+05:30,1.2121212121212122,0.6060606060606061,0.0,0.0,1.1685606060606062,0.41666666666666663
2026-06-24 09:55:00+05:30,2026-06-24 10:00:00+05:30,2026-06-24 10:00:00+05:30,9,10,1.0,-5.551115123125783e-17,1.0,1.0,2.0,1,5.0,2026-06-24 09:50:00+05:30,0.8444444444444443,0.42222222222222217,0.0,0.0,0.8444444444444443,0.5777777777777778
2026-06-24 10:00:00+05:30,2026-06-24 10:05:00+05:30,2026-06-24 10:05:00+05:30,9,10,1.0,-5.551115123125783e-17,1.0,1.0,2.0,1,5.0,2026-06-24 09:55:00+05:30,0.6333333333333333,0.31666666666666665,0.0,0.0,0.6333333333333333,0.6833333333333335
2026-06-24 10:05:00+05:30,2026-06-24 10:10:00+05:30,2026-06-24 10:10:00+05:30,10,9,1.0000000000000002,4.163336342344337e-17,1.0,1.0,2.0,1,5.0,2026-06-24 10:00:00+05:30,0.5999999999999999,0.29999999999999993,0.0,0.0,0.5222222222222221,0.7388888888888889
2026-06-24 10:10:00+05:30,2026-06-24 10:15:00+05:30,2026-06-24 10:15:00+05:30,10,9,1.0000000000000002,4.163336342344337e-17,1.0,1.0,2.0,1,5.0,2026-06-24 10:05:00+05:30,1.0555555555555556,0.5277777777777778,0.0,0.0,1.0555555555555556,0.47222222222222215
2026-06-24 10:15:00+05:30,2026-06-24 10:20:00+05:30,2026-06-24 10:20:00+05:30,11,8,0.9999999999999999,2.7755575615628914e-17,1.0,1.0,2.0,1,5.0,2026-06-24 10:10:00+05:30,1.2121212121212124,0.6060606060606062,0.0,0.0,1.1685606060606062,0.4147727272727273
2026-06-24 10:20:00+05:30,2026-06-24 10:25:00+05:30,2026-06-24 10:25:00+05:30,9,10,1.0,-4.163336342344337e-17,1.0,1.0,2.0,1,5.0,2026-06-24 10:15:00+05:30,0.9545454545454545,0.47727272727272724,0.0,0.0,0.831439393939394,0.5833333333333334
2026-06-24 10:25:00+05:30,2026-06-24 10:30:00+05:30,2026-06-24 10:30:00+05:30,12,7,0.9999999999999998,-1.3877787807814457e-17,1.0,1.0,2.0,1,5.0,2026-06-24 10:20:00+05:30,1.2833333333333337,0.6416666666666668,0.0,0.0,1.1496031746031745,0.4226190476190476
2026-06-24 10:30:00+05:30,2026-06-24 10:35:00+05:30,2026-06-24 10:35:00+05:30,7,12,0.9999999999999998,1.3877787807814457e-17,1.0,1.0,2.0,1,5.0,2026-06-24 10:25:00+05:30,1.6666666666666663,0.8333333333333331,0.0,0.0,1.5476190476190472,0.22619047619047616
2026-06-24 10:35:00+05:30,2026-06-24 10:40:00+05:30,2026-06-24 10:40:00+05:30,12,7,0.9999999999999998,0.0,1.0,1.0,2.0,1,5.0,2026-06-24 10:30:00+05:30,1.4999999999999998,0.7499999999999999,0.0,0.0,1.3214285714285712,0.3392857142857142
2026-06-24 10:40:00+05:30,2026-06-24 10:45:00+05:30,2026-06-24 10:45:00+05:30,10,9,1.0,4.163336342344337e-17,1.0,1.0,2.0,1,5.0,2026-06-24 10:35:00+05:30,1.1666666666666665,0.5833333333333333,0.0,0.0,1.069047619047619,0.4666666666666667
2026-06-24 10:45:00+05:30,2026-06-24 10:50:00+05:30,2026-06-24 10:50:00+05:30,9,10,1.0,-4.163336342344337e-17,1.0,1.0,2.0,1,5.0,2026-06-24 10:40:00+05:30,0.7999999999999999,0.39999999999999997,0.0,0.0,0.7333333333333334,0.6333333333333334
2026-06-24 10:50:00+05:30,2026-06-24 10:55:00+05:30,2026-06-24 10:55:00+05:30,6,13,1.0,-5.551115123125783e-17,1.0,1.0,2.0,1,5.0,2026-06-24 10:45:00+05:30,1.1282051282051282,0.5641025641025641,0.0,0.0,0.964102564102564,0.5192307692307693
2026-06-24 10:55:00+05:30,2026-06-24 11:00:00+05:30,2026-06-24 11:00:00+05:30,11,8,0.9999999999999999,2.7755575615628914e-17,1.0,1.0,2.0,1,5.0,2026-06-24 10:50:00+05:30,1.1748251748251748,0.5874125874125874,0.0,0.0,0.879079254079254,0.5568181818181819
2026-06-24 11:00:00+05:30,2026-06-24 11:05:00+05:30,2026-06-24 11:05:00+05:30,9,10,1.0,-5.551115123125783e-17,1.0,1.0,2.0,1,5.0,2026-06-24 10:55:00+05:30,1.1454545454545453,0.5727272727272726,0.0,0.0,1.044949494949495,0.47777777777777775
2026-06-24 11:05:00+05:30,2026-06-24 11:10:00+05:30,2026-06-24 11:10:00+05:30,11,8,1.0,0.0,1.0,1.0,2.0,1,5.0,2026-06-24 11:00:00+05:30,0.7636363636363637,0.38181818181818183,0.0,0.0,0.617929292929293,0.6931818181818181
2026-06-24 11:10:00+05:30,2026-06-24 11:15:00+05:30,2026-06-24 11:15:00+05:30,13,6,1.0,5.551115123125783e-17,1.0,1.0,2.0,1,5.0,2026-06-24 11:05:00+05:30,1.2115384615384617,0.6057692307692308,0.0,0.0,1.120920745920746,0.4358974358974359
2026-06-24 11:15:00+05:30,2026-06-24 11:20:00+05:30,2026-06-24 11:20:00+05:30,9,10,1.0,-4.163336342344337e-17,1.0,1.0,2.0,1,5.0,2026-06-24 11:10:00+05:30,0.8846153846153847,0.44230769230769235,0.0,0.0,0.5811965811965812,0.6944444444444444
2026-06-24 11:20:00+05:30,2026-06-24 11:25:00+05:30,2026-06-24 11:25:00+05:30,9,10,1.0000000000000002,-4.163336342344337e-17,1.0,1.0,2.0,1,5.0,2026-06-24 11:15:00+05:30,1.0555555555555556,0.5277777777777778,0.0,0.0,1.0555555555555556,0.47222222222222215
2026-06-24 11:25:00+05:30,2026-06-24 11:30:00+05:30,2026-06-24 11:30:00+05:30,9,10,1.0000000000000002,-4.163336342344337e-17,1.0,1.0,2.0,1,5.0,2026-06-24 11:20:00+05:30,0.8444444444444444,0.4222222222222222,0.0,0.0,0.8444444444444444,0.5777777777777778
2026-06-24 11:30:00+05:30,2026-06-24 11:35:00+05:30,2026-06-24 11:35:00+05:30,7,12,0.9999999999999998,0.0,1.0,1.0,2.0,1,5.0,2026-06-24 11:25:00+05:30,1.1666666666666665,0.5833333333333333,0.0,0.0,1.069047619047619,0.46428571428571425
2026-06-24 11:35:00+05:30,2026-06-24 11:40:00+05:30,2026-06-24 11:40:00+05:30,9,10,1.0000000000000002,-4.163336342344337e-17,1.0,1.0,2.0,1,5.0,2026-06-24 11:30:00+05:30,0.9722222222222221,0.48611111111111105,0.0,0.0,0.8503968253968254,0.5722222222222223
2026-06-24 11:40:00+05:30,2026-06-24 11:45:00+05:30,2026-06-24 11:45:00+05:30,10,9,1.0,5.551115123125783e-17,1.0,1.0,2.0,1,5.0,2026-06-24 11:35:00+05:30,1.6,0.8,0.0,0.0,1.577777777777778,0.2111111111111111
2026-06-24 11:45:00+05:30,2026-06-24 11:50:00+05:30,2026-06-24 11:50:00+05:30,9,10,1.0,-5.551115123125783e-17,1.0,1.0,2.0,1,5.0,2026-06-24 11:40:00+05:30,1.0,0.5,0.0,0.0,0.9444444444444444,0.5277777777777778
2026-06-24 11:50:00+05:30,2026-06-24 11:55:00+05:30,2026-06-24 11:55:00+05:30,11,8,1.0,2.7755575615628914e-17,1.0,1.0,2.0,1,5.0,2026-06-24 11:45:00+05:30,1.1454545454545455,0.5727272727272728,0.0,0.0,1.044949494949495,0.4772727272727273
2026-06-24 11:55:00+05:30,2026-06-24 12:00:00+05:30,2026-06-24 12:00:00+05:30,11,8,1.0,2.7755575615628914e-17,1.0,1.0,2.0,1,5.0,2026-06-24 11:50:00+05:30,1.0795454545454546,0.5397727272727273,0.0,0.0,1.0795454545454546,0.46022727272727276
2026-06-24 12:00:00+05:30,2026-06-24 12:05:00+05:30,2026-06-24 12:05:00+05:30,10,9,1.0,5.551115123125783e-17,1.0,1.0,2.0,1,5.0,2026-06-24 11:55:00+05:30,0.8080808080808082,0.4040404040404041,0.0,0.0,0.7415404040404041,0.6277777777777778
2026-06-24 12:05:00+05:30,2026-06-24 12:10:00+05:30,2026-06-24 12:10:00+05:30,10,9,1.0,5.551115123125783e-17,1.0,1.0,2.0,1,5.0,2026-06-24 12:00:00+05:30,1.2666666666666668,0.6333333333333334,0.0,0.0,1.2666666666666668,0.3666666666666667
2026-06-24 12:10:00+05:30,2026-06-24 12:15:00+05:30,2026-06-24 12:15:00+05:30,9,10,1.0,-5.551115123125783e-17,1.0,1.0,2.0,1,5.0,2026-06-24 12:05:00+05:30,1.2,0.6,0.0,0.0,1.1555555555555554,0.42222222222222217
2026-06-24 12:15:00+05:30,2026-06-24 12:20:00+05:30,2026-06-24 12:20:00+05:30,9,10,1.0000000000000002,-4.163336342344337e-17,1.0,1.0,2.0,1,5.0,2026-06-24 12:10:00+05:30,1.2666666666666668,0.6333333333333334,0.0,0.0,1.2666666666666668,0.36666666666666664
2026-06-24 12:20:00+05:30,2026-06-24 12:25:00+05:30,2026-06-24 12:25:00+05:30,11,8,1.0,1.3877787807814457e-17,1.0,1.0,2.0,1,5.0,2026-06-24 12:15:00+05:30,0.9545454545454544,0.4772727272727272,0.0,0.0,0.831439393939394,0.5852272727272727
2026-06-24 12:25:00+05:30,2026-06-24 12:30:00+05:30,2026-06-24 12:30:00+05:30,10,9,1.0,4.163336342344337e-17,1.0,1.0,2.0,1,5.0,2026-06-24 12:20:00+05:30,1.0101010101010102,0.5050505050505051,0.0,0.0,0.9550505050505051,0.5222222222222223
2026-06-24 12:30:00+05:30,2026-06-24 12:35:00+05:30,2026-06-24 12:35:00+05:30,9,10,1.0,-5.551115123125783e-17,1.0,1.0,2.0,1,5.0,2026-06-24 12:25:00+05:30,0.7999999999999998,0.3999999999999999,0.0,0.0,0.7333333333333333,0.6333333333333334
2026-06-24 12:35:00+05:30,2026-06-24 12:40:00+05:30,2026-06-24 12:40:00+05:30,8,11,1.0,-2.7755575615628914e-17,1.0,1.0,2.0,1,5.0,2026-06-24 12:30:00+05:30,1.0101010101010102,0.5050505050505051,0.0,0.0,0.9550505050505051,0.5227272727272727
2026-06-24 12:40:00+05:30,2026-06-24 12:45:00+05:30,2026-06-24 12:45:00+05:30,11,8,1.0,2.7755575615628914e-17,1.0,1.0,2.0,1,5.0,2026-06-24 12:35:00+05:30,1.090909090909091,0.5454545454545455,0.0,0.0,0.9204545454545454,0.5397727272727273
2026-06-24 12:45:00+05:30,2026-06-24 12:50:00+05:30,2026-06-24 12:50:00+05:30,8,11,1.0,0.0,1.0,1.0,2.0,1,5.0,2026-06-24 12:40:00+05:30,1.4545454545454546,0.7272727272727273,0.0,0.0,1.3522727272727273,0.32386363636363635
2026-06-24 12:50:00+05:30,2026-06-24 12:55:00+05:30,2026-06-24 12:55:00+05:30,12,7,0.9999999999999998,0.0,1.0,1.0,2.0,1,5.0,2026-06-24 12:45:00+05:30,1.3939393939393938,0.6969696969696969,0.0,0.0,1.2326839826839826,0.380952380952381
2026-06-24 12:55:00+05:30,2026-06-24 13:00:00+05:30,2026-06-24 13:00:00+05:30,10,9,1.0,6.938893903907228e-17,1.0,1.0,2.0,1,5.0,2026-06-24 12:50:00+05:30,0.9722222222222222,0.4861111111111111,0.0,0.0,0.8503968253968254,0.5722222222222223
2026-06-24 13:00:00+05:30,2026-06-24 13:05:00+05:30,2026-06-24 13:05:00+05:30,10,9,1.0,5.551115123125783e-17,1.0,1.0,2.0,1,5.0,2026-06-24 12:55:00+05:30,1.0555555555555556,0.5277777777777778,0.0,0.0,1.0555555555555556,0.47222222222222215
2026-06-24 13:05:00+05:30,2026-06-24 13:10:00+05:30,2026-06-24 13:10:00+05:30,10,9,1.0,4.163336342344337e-17,1.0,1.0,2.0,1,5.0,2026-06-24 13:00:00+05:30,0.6333333333333333,0.31666666666666665,0.0,0.0,0.6333333333333333,0.6833333333333333
2026-06-24 13:10:00+05:30,2026-06-24 13:15:00+05:30,2026-06-24 13:15:00+05:30,11,8,1.0,1.3877787807814457e-17,1.0,1.0,2.0,1,5.0,2026-06-24 13:05:00+05:30,1.2121212121212122,0.6060606060606061,0.0,0.0,1.1685606060606062,0.4147727272727273
2026-06-24 13:15:00+05:30,2026-06-24 13:20:00+05:30,2026-06-24 13:20:00+05:30,9,10,1.0,-4.163336342344337e-17,1.0,1.0,2.0,1,5.0,2026-06-24 13:10:00+05:30,1.1454545454545453,0.5727272727272726,0.0,0.0,1.044949494949495,0.4777777777777777
2026-06-24 13:20:00+05:30,2026-06-24 13:25:00+05:30,2026-06-24 13:25:00+05:30,11,8,0.9999999999999999,1.3877787807814457e-17,1.0,1.0,2.0,1,5.0,2026-06-24 13:15:00+05:30,0.9545454545454545,0.47727272727272724,0.0,0.0,0.831439393939394,0.5852272727272727
2026-06-24 13:25:00+05:30,2026-06-24 13:30:00+05:30,2026-06-24 13:30:00+05:30,12,7,0.9999999999999998,0.0,1.0,1.0,2.0,1,5.0,2026-06-24 13:20:00+05:30,0.8333333333333334,0.4166666666666667,0.0,0.0,0.7673160173160174,0.619047619047619
2026-06-24 13:30:00+05:30,2026-06-24 13:35:00+05:30,2026-06-24 13:35:00+05:30,8,11,1.0,-1.3877787807814457e-17,1.0,1.0,2.0,1,5.0,2026-06-24 13:25:00+05:30,1.2196969696969695,0.6098484848484848,0.0,0.0,1.0116341991341993,0.4943181818181818
2026-06-24 13:35:00+05:30,2026-06-24 13:40:00+05:30,2026-06-24 13:40:00+05:30,10,9,1.0,5.551115123125783e-17,1.0,1.0,2.0,1,5.0,2026-06-24 13:30:00+05:30,1.1454545454545455,0.5727272727272728,0.0,0.0,1.044949494949495,0.47777777777777775
2026-06-24 13:40:00+05:30,2026-06-24 13:45:00+05:30,2026-06-24 13:45:00+05:30,9,10,1.0,-5.551115123125783e-17,1.0,1.0,2.0,1,5.0,2026-06-24 13:35:00+05:30,1.4000000000000001,0.7000000000000001,0.0,0.0,1.3666666666666667,0.31666666666666665
2026-06-24 13:45:00+05:30,2026-06-24 13:50:00+05:30,2026-06-24 13:50:00+05:30,12,7,0.9999999999999998,-1.3877787807814457e-17,1.0,1.0,2.0,1,5.0,2026-06-24 13:40:00+05:30,0.9166666666666664,0.4583333333333332,0.0,0.0,0.7123015873015873,0.6488095238095237
2026-06-24 13:50:00+05:30,2026-06-24 13:55:00+05:30,2026-06-24 13:55:00+05:30,11,8,1.0,2.7755575615628914e-17,1.0,1.0,2.0,1,5.0,2026-06-24 13:45:00+05:30,1.2500000000000002,0.6250000000000001,0.0,0.0,1.2094155844155845,0.39772727272727276
2026-06-24 13:55:00+05:30,2026-06-24 14:00:00+05:30,2026-06-24 14:00:00+05:30,9,10,1.0,-4.163336342344337e-17,1.0,1.0,2.0,1,5.0,2026-06-24 13:50:00+05:30,1.5272727272727273,0.7636363636363637,0.0,0.0,1.4719696969696972,0.26666666666666666
2026-06-24 14:00:00+05:30,2026-06-24 14:05:00+05:30,2026-06-24 14:05:00+05:30,12,7,0.9999999999999998,-1.3877787807814457e-17,1.0,1.0,2.0,1,5.0,2026-06-24 13:55:00+05:30,0.9166666666666665,0.45833333333333326,0.0,0.0,0.7123015873015873,0.6488095238095237
2026-06-24 14:05:00+05:30,2026-06-24 14:10:00+05:30,2026-06-24 14:10:00+05:30,10,9,1.0,5.551115123125783e-17,1.0,1.0,2.0,1,5.0,2026-06-24 14:00:00+05:30,1.3611111111111112,0.6805555555555556,0.0,0.0,1.287698412698413,0.3611111111111111
2026-06-24 14:10:00+05:30,2026-06-24 14:15:00+05:30,2026-06-24 14:15:00+05:30,15,4,0.9999999999999999,-4.163336342344337e-17,1.0,1.0,2.0,1,5.0,2026-06-24 14:05:00+05:30,1.5999999999999994,0.7999999999999997,0.0,0.0,1.4999999999999996,0.2
2026-06-24 14:15:00+05:30,2026-06-24 14:20:00+05:30,2026-06-24 14:20:00+05:30,9,10,1.0,-5.551115123125783e-17,1.0,1.0,2.0,1,5.0,2026-06-24 14:10:00+05:30,1.0,0.5,0.0,0.0,0.5,0.7000000000000001
2026-06-24 14:20:00+05:30,2026-06-24 14:25:00+05:30,2026-06-24 14:25:00+05:30,7,12,0.9999999999999998,0.0,1.0,1.0,2.0,1,5.0,2026-06-24 14:15:00+05:30,1.1666666666666665,0.5833333333333333,0.0,0.0,1.069047619047619,0.4642857142857142
2026-06-24 14:25:00+05:30,2026-06-24 14:30:00+05:30,2026-06-24 14:30:00+05:30,11,8,1.0,2.7755575615628914e-17,1.0,1.0,2.0,1,5.0,2026-06-24 14:20:00+05:30,1.2196969696969697,0.6098484848484849,0.0,0.0,1.011634199134199,0.4943181818181818
2026-06-24 14:30:00+05:30,2026-06-24 14:35:00+05:30,2026-06-24 14:35:00+05:30,9,10,1.0,-4.163336342344337e-17,1.0,1.0,2.0,1,5.0,2026-06-24 14:25:00+05:30,1.3363636363636362,0.6681818181818181,0.0,0.0,1.2584595959595961,0.3722222222222222
2026-06-24 14:35:00+05:30,2026-06-24 14:40:00+05:30,2026-06-24 14:40:00+05:30,6,13,1.0,-5.551115123125783e-17,1.0,1.0,2.0,1,5.0,2026-06-24 14:30:00+05:30,1.128205128205128,0.564102564102564,0.0,0.0,0.964102564102564,0.5192307692307692
2026-06-24 14:40:00+05:30,2026-06-24 14:45:00+05:30,2026-06-24 14:45:00+05:30,10,9,1.0,6.938893903907228e-17,1.0,1.0,2.0,1,5.0,2026-06-24 14:35:00+05:30,1.238461538461538,0.619230769230769,0.0,0.0,1.035897435897436,0.48333333333333334
2026-06-24 14:45:00+05:30,2026-06-24 14:50:00+05:30,2026-06-24 14:50:00+05:30,8,11,1.0,-1.3877787807814457e-17,1.0,1.0,2.0,1,5.0,2026-06-24 14:40:00+05:30,1.3363636363636362,0.6681818181818181,0.0,0.0,1.258459595959596,0.3693181818181818
2026-06-24 14:50:00+05:30,2026-06-24 14:55:00+05:30,2026-06-24 14:55:00+05:30,10,9,1.0,5.551115123125783e-17,1.0,1.0,2.0,1,5.0,2026-06-24 14:45:00+05:30,1.1454545454545455,0.5727272727272728,0.0,0.0,1.044949494949495,0.4777777777777778
2026-06-24 14:55:00+05:30,2026-06-24 15:00:00+05:30,2026-06-24 15:00:00+05:30,10,9,1.0,4.163336342344337e-17,1.0,1.0,2.0,1,5.0,2026-06-24 14:50:00+05:30,0.6333333333333333,0.31666666666666665,0.0,0.0,0.6333333333333333,0.6833333333333333
2026-06-24 15:00:00+05:30,2026-06-24 15:05:00+05:30,2026-06-24 15:05:00+05:30,9,10,1.0,-5.551115123125783e-17,1.0,1.0,2.0,1,5.0,2026-06-24 14:55:00+05:30,0.7999999999999999,0.39999999999999997,0.0,0.0,0.7333333333333333,0.6333333333333334
2026-06-24 15:05:00+05:30,2026-06-24 15:10:00+05:30,2026-06-24 15:10:00+05:30,10,9,1.0,4.163336342344337e-17,1.0,1.0,2.0,1,5.0,2026-06-24 15:00:00+05:30,0.9999999999999999,0.49999999999999994,0.0,0.0,0.9444444444444445,0.5277777777777778
2026-06-24 15:10:00+05:30,2026-06-24 15:15:00+05:30,2026-06-24 15:15:00+05:30,10,9,1.0,5.551115123125783e-17,1.0,1.0,2.0,1,5.0,2026-06-24 15:05:00+05:30,1.2666666666666668,0.6333333333333334,0.0,0.0,1.2666666666666668,0.3666666666666667
2026-06-24 15:15:00+05:30,2026-06-24 15:20:00+05:30,2026-06-24 15:20:00+05:30,7,12,0.9999999999999998,0.0,1.0,1.0,2.0,1,5.0,2026-06-24 15:10:00+05:30,1.2833333333333332,0.6416666666666666,0.0,0.0,1.1496031746031745,0.4226190476190476
2026-06-24 15:20:00+05:30,2026-06-24 15:25:00+05:30,2026-06-24 15:25:00+05:30,9,10,1.0,-4.163336342344337e-17,1.0,1.0,2.0,1,5.0,2026-06-24 15:15:00+05:30,0.7777777777777778,0.3888888888888889,0.0,0.0,0.6317460317460317,0.6777777777777778
2026-06-25 09:15:00+05:30,2026-06-25 09:20:00+05:30,2026-06-25 09:20:00+05:30,10,9,1.0,5.551115123125783e-17,1.0,1.0,2.0,1,5.0,2026-06-24 15:20:00+05:30,0.6,0.3,0.0,0.0,0.5222222222222223,0.7388888888888889
2026-06-25 09:20:00+05:30,2026-06-25 09:25:00+05:30,2026-06-25 09:25:00+05:30,9,10,1.0,-5.551115123125783e-17,1.0,1.0,2.0,1,5.0,2026-06-25 09:15:00+05:30,0.5999999999999999,0.29999999999999993,0.0,0.0,0.5222222222222223,0.7388888888888889
2026-06-25 09:25:00+05:30,2026-06-25 09:30:00+05:30,2026-06-25 09:30:00+05:30,11,8,1.0,1.3877787807814457e-17,1.0,1.0,2.0,1,5.0,2026-06-25 09:20:00+05:30,1.1454545454545455,0.5727272727272728,0.0,0.0,1.044949494949495,0.47727272727272735
2026-06-25 09:30:00+05:30,2026-06-25 09:35:00+05:30,2026-06-25 09:35:00+05:30,6,13,1.0,-5.551115123125783e-17,1.0,1.0,2.0,1,5.0,2026-06-25 09:25:00+05:30,1.006993006993007,0.5034965034965035,0.0,0.0,0.6493298368298368,0.6858974358974358
2026-06-25 09:35:00+05:30,2026-06-25 09:40:00+05:30,2026-06-25 09:40:00+05:30,9,10,1.0000000000000002,-4.163336342344337e-17,1.0,1.0,2.0,1,5.0,2026-06-25 09:30:00+05:30,1.692307692307692,0.846153846153846,0.0,0.0,1.646153846153846,0.2
2026-06-25 09:40:00+05:30,2026-06-25 09:45:00+05:30,2026-06-25 09:45:00+05:30,11,8,1.0,2.7755575615628914e-17,1.0,1.0,2.0,1,5.0,2026-06-25 09:35:00+05:30,0.9545454545454545,0.47727272727272724,0.0,0.0,0.8314393939393939,0.5852272727272727
2026-06-25 09:45:00+05:30,2026-06-25 09:50:00+05:30,2026-06-25 09:50:00+05:30,12,7,0.9999999999999998,-6.938893903907228e-18,1.0,1.0,2.0,1,5.0,2026-06-25 09:40:00+05:30,0.8333333333333333,0.41666666666666663,0.0,0.0,0.7673160173160173,0.619047619047619
2026-06-25 09:50:00+05:30,2026-06-25 09:55:00+05:30,2026-06-25 09:55:00+05:30,7,12,0.9999999999999998,0.0,1.0,1.0,2.0,1,5.0,2026-06-25 09:45:00+05:30,1.333333333333333,0.6666666666666665,0.0,0.0,1.0952380952380953,0.45238095238095244
2026-06-25 09:55:00+05:30,2026-06-25 10:00:00+05:30,2026-06-25 10:00:00+05:30,7,12,0.9999999999999998,0.0,1.0,1.0,2.0,1,5.0,2026-06-25 09:50:00+05:30,0.6785714285714285,0.33928571428571425,0.0,0.0,0.6785714285714285,0.6607142857142856
2026-06-25 10:00:00+05:30,2026-06-25 10:05:00+05:30,2026-06-25 10:05:00+05:30,13,6,0.9999999999999999,5.551115123125783e-17,1.0,1.0,2.0,1,5.0,2026-06-25 09:55:00+05:30,1.282051282051282,0.641025641025641,0.0,0.0,0.9505494505494505,0.5256410256410255
2026-06-25 10:05:00+05:30,2026-06-25 10:10:00+05:30,2026-06-25 10:10:00+05:30,9,10,1.0,-4.163336342344337e-17,1.0,1.0,2.0,1,5.0,2026-06-25 10:00:00+05:30,0.8846153846153845,0.44230769230769224,0.0,0.0,0.5811965811965812,0.6944444444444445
2026-06-25 10:10:00+05:30,2026-06-25 10:15:00+05:30,2026-06-25 10:15:00+05:30,10,9,1.0,5.551115123125783e-17,1.0,1.0,2.0,1,5.0,2026-06-25 10:05:00+05:30,1.4000000000000001,0.7000000000000001,0.0,0.0,1.3666666666666667,0.31666666666666665
2026-06-25 10:15:00+05:30,2026-06-25 10:20:00+05:30,2026-06-25 10:20:00+05:30,10,9,1.0,4.163336342344337e-17,1.0,1.0,2.0,1,5.0,2026-06-25 10:10:00+05:30,1.2666666666666668,0.6333333333333334,0.0,0.0,1.2666666666666668,0.3666666666666667
2026-06-25 10:20:00+05:30,2026-06-25 10:25:00+05:30,2026-06-25 10:25:00+05:30,11,8,1.0,1.3877787807814457e-17,1.0,1.0,2.0,1,5.0,2026-06-25 10:15:00+05:30,0.8080808080808081,0.40404040404040403,0.0,0.0,0.7415404040404041,0.6306818181818181
2026-06-25 10:25:00+05:30,2026-06-25 10:30:00+05:30,2026-06-25 10:30:00+05:30,8,11,1.0,-1.3877787807814457e-17,1.0,1.0,2.0,1,5.0,2026-06-25 10:20:00+05:30,1.090909090909091,0.5454545454545455,0.0,0.0,0.9204545454545454,0.5397727272727273
2026-06-25 10:30:00+05:30,2026-06-25 10:35:00+05:30,2026-06-25 10:35:00+05:30,8,11,0.9999999999999999,-1.3877787807814457e-17,1.0,1.0,2.0,1,5.0,2026-06-25 10:25:00+05:30,0.8636363636363635,0.43181818181818177,0.0,0.0,0.8636363636363635,0.5681818181818181
2026-06-25 10:35:00+05:30,2026-06-25 10:40:00+05:30,2026-06-25 10:40:00+05:30,12,7,0.9999999999999998,-1.3877787807814457e-17,1.0,1.0,2.0,1,5.0,2026-06-25 10:30:00+05:30,1.2196969696969697,0.6098484848484849,0.0,0.0,1.0116341991341993,0.49404761904761896
2026-06-25 10:40:00+05:30,2026-06-25 10:45:00+05:30,2026-06-25 10:45:00+05:30,12,7,0.9999999999999998,0.0,1.0,1.0,2.0,1,5.0,2026-06-25 10:35:00+05:30,1.130952380952381,0.5654761904761905,0.0,0.0,1.130952380952381,0.43452380952380953
2026-06-25 10:45:00+05:30,2026-06-25 10:50:00+05:30,2026-06-25 10:50:00+05:30,12,7,0.9999999999999998,-1.3877787807814457e-17,1.0,1.0,2.0,1,5.0,2026-06-25 10:40:00+05:30,0.6785714285714286,0.3392857142857143,0.0,0.0,0.6785714285714286,0.6607142857142856
2026-06-25 10:50:00+05:30,2026-06-25 10:55:00+05:30,2026-06-25 10:55:00+05:30,10,9,1.0,5.551115123125783e-17,1.0,1.0,2.0,1,5.0,2026-06-25 10:45:00+05:30,1.3611111111111112,0.6805555555555556,0.0,0.0,1.2876984126984126,0.3611111111111111
2026-06-25 10:55:00+05:30,2026-06-25 11:00:00+05:30,2026-06-25 11:00:00+05:30,8,11,1.0,-1.3877787807814457e-17,1.0,1.0,2.0,1,5.0,2026-06-25 10:50:00+05:30,1.3363636363636364,0.6681818181818182,0.0,0.0,1.2584595959595961,0.3693181818181818
2026-06-25 11:00:00+05:30,2026-06-25 11:05:00+05:30,2026-06-25 11:05:00+05:30,7,12,0.9999999999999998,0.0,1.0,1.0,2.0,1,5.0,2026-06-25 10:55:00+05:30,1.25,0.625,0.0,0.0,1.2094155844155843,0.39285714285714285
2026-06-25 11:05:00+05:30,2026-06-25 11:10:00+05:30,2026-06-25 11:10:00+05:30,11,8,0.9999999999999999,2.7755575615628914e-17,1.0,1.0,2.0,1,5.0,2026-06-25 11:00:00+05:30,1.0454545454545454,0.5227272727272727,0.0,0.0,0.7905844155844157,0.6022727272727273
2026-06-25 11:10:00+05:30,2026-06-25 11:15:00+05:30,2026-06-25 11:15:00+05:30,10,9,1.0,5.551115123125783e-17,1.0,1.0,2.0,1,5.0,2026-06-25 11:05:00+05:30,1.2121212121212122,0.6060606060606061,0.0,0.0,1.1685606060606062,0.41666666666666663
2026-06-25 11:15:00+05:30,2026-06-25 11:20:00+05:30,2026-06-25 11:20:00+05:30,11,8,0.9999999999999999,1.3877787807814457e-17,1.0,1.0,2.0,1,5.0,2026-06-25 11:10:00+05:30,1.6161616161616161,0.8080808080808081,0.0,0.0,1.595580808080808,0.19886363636363635
2026-06-25 11:20:00+05:30,2026-06-25 11:25:00+05:30,2026-06-25 11:25:00+05:30,9,10,1.0,-5.551115123125783e-17,1.0,1.0,2.0,1,5.0,2026-06-25 11:15:00+05:30,1.1454545454545455,0.5727272727272728,0.0,0.0,1.044949494949495,0.47777777777777775
2026-06-25 11:25:00+05:30,2026-06-25 11:30:00+05:30,2026-06-25 11:30:00+05:30,11,8,1.0,1.3877787807814457e-17,1.0,1.0,2.0,1,5.0,2026-06-25 11:20:00+05:30,0.9545454545454544,0.4772727272727272,0.0,0.0,0.831439393939394,0.5852272727272727
2026-06-25 11:30:00+05:30,2026-06-25 11:35:00+05:30,2026-06-25 11:35:00+05:30,6,13,1.0,-5.551115123125783e-17,1.0,1.0,2.0,1,5.0,2026-06-25 11:25:00+05:30,1.3426573426573425,0.6713286713286712,0.0,0.0,1.1088286713286712,0.44230769230769235
2026-06-25 11:35:00+05:30,2026-06-25 11:40:00+05:30,2026-06-25 11:40:00+05:30,13,6,0.9999999999999999,5.551115123125783e-17,1.0,1.0,2.0,1,5.0,2026-06-25 11:30:00+05:30,1.3846153846153846,0.6923076923076923,0.0,0.0,1.0256410256410255,0.4871794871794871
2026-06-25 11:40:00+05:30,2026-06-25 11:45:00+05:30,2026-06-25 11:45:00+05:30,9,10,1.0,-5.551115123125783e-17,1.0,1.0,2.0,1,5.0,2026-06-25 11:35:00+05:30,1.2384615384615383,0.6192307692307691,0.0,0.0,1.035897435897436,0.4833333333333334
2026-06-25 11:45:00+05:30,2026-06-25 11:50:00+05:30,2026-06-25 11:50:00+05:30,9,10,1.0,-4.163336342344337e-17,1.0,1.0,2.0,1,5.0,2026-06-25 11:40:00+05:30,1.0555555555555556,0.5277777777777778,0.0,0.0,1.0555555555555556,0.4722222222222222
2026-06-25 11:50:00+05:30,2026-06-25 11:55:00+05:30,2026-06-25 11:55:00+05:30,9,10,1.0,-5.551115123125783e-17,1.0,1.0,2.0,1,5.0,2026-06-25 11:45:00+05:30,1.4777777777777779,0.7388888888888889,0.0,0.0,1.4777777777777779,0.26111111111111107
2026-06-25 11:55:00+05:30,2026-06-25 12:00:00+05:30,2026-06-25 12:00:00+05:30,15,4,0.9999999999999999,-4.163336342344337e-17,1.0,1.0,2.0,1,5.0,2026-06-25 11:50:00+05:30,1.0,0.5,0.0,0.0,0.5,0.7999999999999999
2026-06-25 12:00:00+05:30,2026-06-25 12:05:00+05:30,2026-06-25 12:05:00+05:30,11,8,1.0,2.7755575615628914e-17,1.0,1.0,2.0,1,5.0,2026-06-25 11:55:00+05:30,0.9583333333333333,0.47916666666666663,0.0,0.0,0.649621212121212,0.6420454545454546
2026-06-25 12:05:00+05:30,2026-06-25 12:10:00+05:30,2026-06-25 12:10:00+05:30,10,9,1.0,4.163336342344337e-17,1.0,1.0,2.0,1,5.0,2026-06-25 12:00:00+05:30,0.8080808080808081,0.40404040404040403,0.0,0.0,0.7415404040404041,0.6277777777777778
2026-06-25 12:10:00+05:30,2026-06-25 12:15:00+05:30,2026-06-25 12:15:00+05:30,10,9,1.0000000000000002,4.163336342344337e-17,1.0,1.0,2.0,1,5.0,2026-06-25 12:05:00+05:30,1.0555555555555556,0.5277777777777778,0.0,0.0,1.0555555555555556,0.4722222222222222
2026-06-25 12:15:00+05:30,2026-06-25 12:20:00+05:30,2026-06-25 12:20:00+05:30,13,6,1.0,5.551115123125783e-17,1.0,1.0,2.0,1,5.0,2026-06-25 12:10:00+05:30,0.752136752136752,0.376068376068376,0.0,0.0,0.5094017094017094,0.7628205128205128
2026-06-25 12:20:00+05:30,2026-06-25 12:25:00+05:30,2026-06-25 12:25:00+05:30,10,9,1.0000000000000002,4.163336342344337e-17,1.0,1.0,2.0,1,5.0,2026-06-25 12:15:00+05:30,1.128205128205128,0.564102564102564,0.0,0.0,0.964102564102564,0.5166666666666667
2026-06-25 12:25:00+05:30,2026-06-25 12:30:00+05:30,2026-06-25 12:30:00+05:30,9,10,1.0,-4.163336342344337e-17,1.0,1.0,2.0,1,5.0,2026-06-25 12:20:00+05:30,0.3999999999999999,0.19999999999999996,0.0,0.0,0.3111111111111111,0.8444444444444444
2026-06-25 12:30:00+05:30,2026-06-25 12:35:00+05:30,2026-06-25 12:35:00+05:30,7,12,0.9999999999999998,0.0,1.0,1.0,2.0,1,5.0,2026-06-25 12:25:00+05:30,1.5555555555555554,0.7777777777777777,0.0,0.0,1.5063492063492063,0.23809523809523808
2026-06-25 12:35:00+05:30,2026-06-25 12:40:00+05:30,2026-06-25 12:40:00+05:30,10,9,1.0,5.551115123125783e-17,1.0,1.0,2.0,1,5.0,2026-06-25 12:30:00+05:30,1.4666666666666668,0.7333333333333334,0.0,0.0,1.3682539682539683,0.3222222222222222
2026-06-25 12:40:00+05:30,2026-06-25 12:45:00+05:30,2026-06-25 12:45:00+05:30,9,10,1.0,-5.551115123125783e-17,1.0,1.0,2.0,1,5.0,2026-06-25 12:35:00+05:30,1.1999999999999997,0.5999999999999999,0.0,0.0,1.1555555555555554,0.4222222222222222
2026-06-25 12:45:00+05:30,2026-06-25 12:50:00+05:30,2026-06-25 12:50:00+05:30,9,10,1.0,-5.551115123125783e-17,1.0,1.0,2.0,1,5.0,2026-06-25 12:40:00+05:30,0.8444444444444444,0.4222222222222222,0.0,0.0,0.8444444444444444,0.5777777777777778
2026-06-25 12:50:00+05:30,2026-06-25 12:55:00+05:30,2026-06-25 12:55:00+05:30,10,9,1.0000000000000002,4.163336342344337e-17,1.0,1.0,2.0,1,5.0,2026-06-25 12:45:00+05:30,1.2,0.6,0.0,0.0,1.1555555555555557,0.42222222222222217
2026-06-25 12:55:00+05:30,2026-06-25 13:00:00+05:30,2026-06-25 13:00:00+05:30,5,14,1.0,6.938893903907228e-17,1.0,1.0,2.0,1,5.0,2026-06-25 12:50:00+05:30,1.3714285714285712,0.6857142857142856,0.0,0.0,1.1523809523809523,0.41428571428571426
2026-06-25 13:00:00+05:30,2026-06-25 13:05:00+05:30,2026-06-25 13:05:00+05:30,9,10,1.0,-4.163336342344337e-17,1.0,1.0,2.0,1,5.0,2026-06-25 12:55:00+05:30,1.277777777777778,0.638888888888889,0.0,0.0,1.088888888888889,0.4611111111111111
2026-06-25 13:05:00+05:30,2026-06-25 13:10:00+05:30,2026-06-25 13:10:00+05:30,11,8,1.0,1.3877787807814457e-17,1.0,1.0,2.0,1,5.0,2026-06-25 13:00:00+05:30,0.9545454545454545,0.47727272727272724,0.0,0.0,0.831439393939394,0.5852272727272727
2026-06-25 13:10:00+05:30,2026-06-25 13:15:00+05:30,2026-06-25 13:15:00+05:30,9,10,1.0,-4.163336342344337e-17,1.0,1.0,2.0,1,5.0,2026-06-25 13:05:00+05:30,0.7636363636363636,0.3818181818181818,0.0,0.0,0.617929292929293,0.6888888888888889
2026-06-25 13:15:00+05:30,2026-06-25 13:20:00+05:30,2026-06-25 13:20:00+05:30,11,8,1.0,2.7755575615628914e-17,1.0,1.0,2.0,1,5.0,2026-06-25 13:10:00+05:30,1.3363636363636364,0.6681818181818182,0.0,0.0,1.2584595959595961,0.3693181818181818
2026-06-25 13:20:00+05:30,2026-06-25 13:25:00+05:30,2026-06-25 13:25:00+05:30,8,11,1.0,-1.3877787807814457e-17,1.0,1.0,2.0,1,5.0,2026-06-25 13:15:00+05:30,1.4545454545454544,0.7272727272727272,0.0,0.0,1.352272727272727,0.32386363636363635
2026-06-25 13:25:00+05:30,2026-06-25 13:30:00+05:30,2026-06-25 13:30:00+05:30,13,6,0.9999999999999999,8.326672684688674e-17,1.0,1.0,2.0,1,5.0,2026-06-25 13:20:00+05:30,1.1748251748251748,0.5874125874125874,0.0,0.0,0.8790792540792541,0.5641025641025641
2026-06-25 13:30:00+05:30,2026-06-25 13:35:00+05:30,2026-06-25 13:35:00+05:30,12,7,0.9999999999999998,0.0,1.0,1.0,2.0,1,5.0,2026-06-25 13:25:00+05:30,1.3186813186813187,0.6593406593406593,0.0,0.0,1.2843406593406592,0.36309523809523814
2026-06-25 13:35:00+05:30,2026-06-25 13:40:00+05:30,2026-06-25 13:40:00+05:30,12,7,0.9999999999999998,0.0,1.0,1.0,2.0,1,5.0,2026-06-25 13:30:00+05:30,0.6785714285714286,0.3392857142857143,0.0,0.0,0.6785714285714286,0.6607142857142856
2026-06-25 13:40:00+05:30,2026-06-25 13:45:00+05:30,2026-06-25 13:45:00+05:30,6,13,0.9999999999999999,-5.551115123125783e-17,1.0,1.0,2.0,1,5.0,2026-06-25 13:35:00+05:30,1.282051282051282,0.641025641025641,0.0,0.0,0.9505494505494505,0.5256410256410255
2026-06-25 13:45:00+05:30,2026-06-25 13:50:00+05:30,2026-06-25 13:50:00+05:30,11,8,1.0,1.3877787807814457e-17,1.0,1.0,2.0,1,5.0,2026-06-25 13:40:00+05:30,1.5104895104895104,0.7552447552447552,0.0,0.0,1.3385780885780885,0.34090909090909094
2026-06-25 13:50:00+05:30,2026-06-25 13:55:00+05:30,2026-06-25 13:55:00+05:30,11,8,1.0,2.7755575615628914e-17,1.0,1.0,2.0,1,5.0,2026-06-25 13:45:00+05:30,0.8636363636363635,0.43181818181818177,0.0,0.0,0.8636363636363635,0.5681818181818181
2026-06-25 13:55:00+05:30,2026-06-25 14:00:00+05:30,2026-06-25 14:00:00+05:30,7,12,0.9999999999999998,0.0,1.0,1.0,2.0,1,5.0,2026-06-25 13:50:00+05:30,1.0454545454545454,0.5227272727272727,0.0,0.0,0.7905844155844156,0.607142857142857
2026-06-25 14:00:00+05:30,2026-06-25 14:05:00+05:30,2026-06-25 14:05:00+05:30,11,8,1.0,1.3877787807814457e-17,1.0,1.0,2.0,1,5.0,2026-06-25 13:55:00+05:30,1.0454545454545454,0.5227272727272727,0.0,0.0,0.7905844155844157,0.6022727272727273
2026-06-25 14:05:00+05:30,2026-06-25 14:10:00+05:30,2026-06-25 14:10:00+05:30,8,11,1.0,-1.3877787807814457e-17,1.0,1.0,2.0,1,5.0,2026-06-25 14:00:00+05:30,0.7272727272727274,0.3636363636363637,0.0,0.0,0.48863636363636365,0.7556818181818181
2026-06-25 14:10:00+05:30,2026-06-25 14:15:00+05:30,2026-06-25 14:15:00+05:30,11,8,1.0,0.0,1.0,1.0,2.0,1,5.0,2026-06-25 14:05:00+05:30,1.090909090909091,0.5454545454545455,0.0,0.0,0.9204545454545455,0.5397727272727273
2026-06-25 14:15:00+05:30,2026-06-25 14:20:00+05:30,2026-06-25 14:20:00+05:30,10,9,1.0,4.163336342344337e-17,1.0,1.0,2.0,1,5.0,2026-06-25 14:10:00+05:30,1.4141414141414141,0.7070707070707071,0.0,0.0,1.3820707070707072,0.3111111111111111
2026-06-25 14:20:00+05:30,2026-06-25 14:25:00+05:30,2026-06-25 14:25:00+05:30,7,12,0.9999999999999998,0.0,1.0,1.0,2.0,1,5.0,2026-06-25 14:15:00+05:30,1.1,0.55,0.0,0.0,0.930952380952381,0.5357142857142857
2026-06-25 14:25:00+05:30,2026-06-25 14:30:00+05:30,2026-06-25 14:30:00+05:30,10,9,1.0,5.551115123125783e-17,1.0,1.0,2.0,1,5.0,2026-06-25 14:20:00+05:30,1.1,0.55,0.0,0.0,0.930952380952381,0.5333333333333333
2026-06-25 14:30:00+05:30,2026-06-25 14:35:00+05:30,2026-06-25 14:35:00+05:30,9,10,1.0,-4.163336342344337e-17,1.0,1.0,2.0,1,5.0,2026-06-25 14:25:00+05:30,1.0,0.5,0.0,0.0,0.9444444444444444,0.5277777777777778
2026-06-25 14:35:00+05:30,2026-06-25 14:40:00+05:30,2026-06-25 14:40:00+05:30,7,12,0.9999999999999998,0.0,1.0,1.0,2.0,1,5.0,2026-06-25 14:30:00+05:30,1.3611111111111112,0.6805555555555556,0.0,0.0,1.2876984126984126,0.35119047619047616
2026-06-25 14:40:00+05:30,2026-06-25 14:45:00+05:30,2026-06-25 14:45:00+05:30,9,10,1.0,-4.163336342344337e-17,1.0,1.0,2.0,1,5.0,2026-06-25 14:35:00+05:30,1.3611111111111112,0.6805555555555556,0.0,0.0,1.2876984126984126,0.3611111111111111
2026-06-25 14:45:00+05:30,2026-06-25 14:50:00+05:30,2026-06-25 14:50:00+05:30,9,10,1.0,-5.551115123125783e-17,1.0,1.0,2.0,1,5.0,2026-06-25 14:40:00+05:30,1.2666666666666666,0.6333333333333333,0.0,0.0,1.2666666666666666,0.36666666666666664
2026-06-25 14:50:00+05:30,2026-06-25 14:55:00+05:30,2026-06-25 14:55:00+05:30,8,11,0.9999999999999999,-1.3877787807814457e-17,1.0,1.0,2.0,1,5.0,2026-06-25 14:45:00+05:30,0.8080808080808081,0.40404040404040403,0.0,0.0,0.7415404040404041,0.6306818181818181
2026-06-25 14:55:00+05:30,2026-06-25 15:00:00+05:30,2026-06-25 15:00:00+05:30,10,9,1.0,5.551115123125783e-17,1.0,1.0,2.0,1,5.0,2026-06-25 14:50:00+05:30,1.1454545454545455,0.5727272727272728,0.0,0.0,1.044949494949495,0.47777777777777786
2026-06-25 15:00:00+05:30,2026-06-25 15:05:00+05:30,2026-06-25 15:05:00+05:30,7,12,0.9999999999999998,6.938893903907228e-18,1.0,1.0,2.0,1,5.0,2026-06-25 14:55:00+05:30,0.9166666666666666,0.4583333333333333,0.0,0.0,0.7123015873015873,0.6488095238095237
2026-06-25 15:05:00+05:30,2026-06-25 15:10:00+05:30,2026-06-25 15:10:00+05:30,8,11,1.0,-2.7755575615628914e-17,1.0,1.0,2.0,1,5.0,2026-06-25 15:00:00+05:30,1.4583333333333333,0.7291666666666666,0.0,0.0,1.4304653679653678,0.2897727272727273
2026-06-25 15:10:00+05:30,2026-06-25 15:15:00+05:30,2026-06-25 15:15:00+05:30,9,10,1.0,-4.163336342344337e-17,1.0,1.0,2.0,1,5.0,2026-06-25 15:05:00+05:30,0.6060606060606061,0.30303030303030304,0.0,0.0,0.5280303030303031,0.7333333333333334
2026-06-25 15:15:00+05:30,2026-06-25 15:20:00+05:30,2026-06-25 15:20:00+05:30,10,9,1.0,4.163336342344337e-17,1.0,1.0,2.0,1,5.0,2026-06-25 15:10:00+05:30,0.9999999999999998,0.4999999999999999,0.0,0.0,0.9444444444444444,0.5277777777777778
2026-06-25 15:20:00+05:30,2026-06-25 15:25:00+05:30,2026-06-25 15:25:00+05:30,11,8,0.9999999999999999,1.3877787807814457e-17,1.0,1.0,2.0,1,5.0,2026-06-25 15:15:00+05:30,1.2121212121212124,0.6060606060606062,0.0,0.0,1.1685606060606062,0.4147727272727273
2026-06-29 09:15:00+05:30,2026-06-29 09:20:00+05:30,2026-06-29 09:20:00+05:30,10,9,1.0,5.551115123125783e-17,1.0,1.0,2.0,1,5.0,2026-06-25 15:20:00+05:30,1.2121212121212122,0.6060606060606061,0.0,0.0,1.168560606060606,0.4166666666666667
2026-06-29 09:20:00+05:30,2026-06-29 09:25:00+05:30,2026-06-29 09:25:00+05:30,9,10,1.0,-4.163336342344337e-17,1.0,1.0,2.0,1,5.0,2026-06-29 09:15:00+05:30,0.9999999999999999,0.49999999999999994,0.0,0.0,0.9444444444444444,0.5277777777777778
2026-06-29 09:25:00+05:30,2026-06-29 09:30:00+05:30,2026-06-29 09:30:00+05:30,8,11,1.0,-2.7755575615628914e-17,1.0,1.0,2.0,1,5.0,2026-06-29 09:20:00+05:30,1.0101010101010102,0.5050505050505051,0.0,0.0,0.9550505050505051,0.5227272727272727
2026-06-29 09:30:00+05:30,2026-06-29 09:35:00+05:30,2026-06-29 09:35:00+05:30,11,8,1.0,1.3877787807814457e-17,1.0,1.0,2.0,1,5.0,2026-06-29 09:25:00+05:30,0.9090909090909092,0.4545454545454546,0.0,0.0,0.7045454545454546,0.6477272727272727
2026-06-29 09:35:00+05:30,2026-06-29 09:40:00+05:30,2026-06-29 09:40:00+05:30,11,8,0.9999999999999999,1.3877787807814457e-17,1.0,1.0,2.0,1,5.0,2026-06-29 09:30:00+05:30,1.2954545454545454,0.6477272727272727,0.0,0.0,1.2954545454545454,0.3522727272727273
2026-06-29 09:40:00+05:30,2026-06-29 09:45:00+05:30,2026-06-29 09:45:00+05:30,9,10,1.0000000000000002,-4.163336342344337e-17,1.0,1.0,2.0,1,5.0,2026-06-29 09:35:00+05:30,1.3363636363636364,0.6681818181818182,0.0,0.0,1.258459595959596,0.37222222222222223
2026-06-29 09:45:00+05:30,2026-06-29 09:50:00+05:30,2026-06-29 09:50:00+05:30,12,7,0.9999999999999998,0.0,1.0,1.0,2.0,1,5.0,2026-06-29 09:40:00+05:30,1.2833333333333332,0.6416666666666666,0.0,0.0,1.1496031746031745,0.42261904761904767
2026-06-29 09:50:00+05:30,2026-06-29 09:55:00+05:30,2026-06-29 09:55:00+05:30,9,10,1.0,-4.163336342344337e-17,1.0,1.0,2.0,1,5.0,2026-06-29 09:45:00+05:30,1.2833333333333332,0.6416666666666666,0.0,0.0,1.1496031746031745,0.42777777777777776
2026-06-29 09:55:00+05:30,2026-06-29 10:00:00+05:30,2026-06-29 10:00:00+05:30,13,6,0.9999999999999999,5.551115123125783e-17,1.0,1.0,2.0,1,5.0,2026-06-29 09:50:00+05:30,1.4153846153846152,0.7076923076923076,0.0,0.0,1.2632478632478632,0.358974358974359
2026-06-29 10:00:00+05:30,2026-06-29 10:05:00+05:30,2026-06-29 10:05:00+05:30,12,7,0.9999999999999998,0.0,1.0,1.0,2.0,1,5.0,2026-06-29 09:55:00+05:30,1.0989010989010988,0.5494505494505494,0.0,0.0,1.0494505494505495,0.47619047619047616
2026-06-29 10:05:00+05:30,2026-06-29 10:10:00+05:30,2026-06-29 10:10:00+05:30,9,10,1.0,-5.551115123125783e-17,1.0,1.0,2.0,1,5.0,2026-06-29 10:00:00+05:30,1.6500000000000004,0.8250000000000002,0.0,0.0,1.586904761904762,0.21666666666666667
2026-06-29 10:10:00+05:30,2026-06-29 10:15:00+05:30,2026-06-29 10:15:00+05:30,9,10,1.0,-5.551115123125783e-17,1.0,1.0,2.0,1,5.0,2026-06-29 10:05:00+05:30,1.2666666666666668,0.6333333333333334,0.0,0.0,1.2666666666666668,0.3666666666666667
2026-06-29 10:15:00+05:30,2026-06-29 10:20:00+05:30,2026-06-29 10:20:00+05:30,9,10,1.0,-5.551115123125783e-17,1.0,1.0,2.0,1,5.0,2026-06-29 10:10:00+05:30,1.2666666666666668,0.6333333333333334,0.0,0.0,1.2666666666666668,0.36666666666666664
2026-06-29 10:20:00+05:30,2026-06-29 10:25:00+05:30,2026-06-29 10:25:00+05:30,13,6,1.0,5.551115123125783e-17,1.0,1.0,2.0,1,5.0,2026-06-29 10:15:00+05:30,0.8846153846153847,0.44230769230769235,0.0,0.0,0.5811965811965812,0.7243589743589743
2026-06-29 10:25:00+05:30,2026-06-29 10:30:00+05:30,2026-06-29 10:30:00+05:30,9,10,1.0,-5.551115123125783e-17,1.0,1.0,2.0,1,5.0,2026-06-29 10:20:00+05:30,1.0615384615384613,0.5307692307692307,0.0,0.0,0.8085470085470086,0.5888888888888889
2026-06-29 10:30:00+05:30,2026-06-29 10:35:00+05:30,2026-06-29 10:35:00+05:30,7,12,0.9999999999999998,0.0,1.0,1.0,2.0,1,5.0,2026-06-29 10:25:00+05:30,1.3611111111111112,0.6805555555555556,0.0,0.0,1.2876984126984126,0.35119047619047616
2026-06-29 10:35:00+05:30,2026-06-29 10:40:00+05:30,2026-06-29 10:40:00+05:30,10,9,1.0,5.551115123125783e-17,1.0,1.0,2.0,1,5.0,2026-06-29 10:30:00+05:30,1.2833333333333332,0.6416666666666666,0.0,0.0,1.1496031746031745,0.4277777777777777
2026-06-29 10:40:00+05:30,2026-06-29 10:45:00+05:30,2026-06-29 10:45:00+05:30,10,9,1.0,4.163336342344337e-17,1.0,1.0,2.0,1,5.0,2026-06-29 10:35:00+05:30,1.2666666666666668,0.6333333333333334,0.0,0.0,1.2666666666666668,0.36666666666666664
2026-06-29 10:45:00+05:30,2026-06-29 10:50:00+05:30,2026-06-29 10:50:00+05:30,9,10,1.0,-5.551115123125783e-17,1.0,1.0,2.0,1,5.0,2026-06-29 10:40:00+05:30,0.7999999999999999,0.39999999999999997,0.0,0.0,0.7333333333333333,0.6333333333333334
2026-06-29 10:50:00+05:30,2026-06-29 10:55:00+05:30,2026-06-29 10:55:00+05:30,7,12,0.9999999999999998,-1.3877787807814457e-17,1.0,1.0,2.0,1,5.0,2026-06-29 10:45:00+05:30,1.1666666666666665,0.5833333333333333,0.0,0.0,1.069047619047619,0.4642857142857143
2026-06-29 10:55:00+05:30,2026-06-29 11:00:00+05:30,2026-06-29 11:00:00+05:30,10,9,1.0,5.551115123125783e-17,1.0,1.0,2.0,1,5.0,2026-06-29 10:50:00+05:30,1.4666666666666668,0.7333333333333334,0.0,0.0,1.3682539682539683,0.3222222222222222
2026-06-29 11:00:00+05:30,2026-06-29 11:05:00+05:30,2026-06-29 11:05:00+05:30,11,8,0.9999999999999999,4.163336342344337e-17,1.0,1.0,2.0,1,5.0,2026-06-29 10:55:00+05:30,1.4141414141414141,0.7070707070707071,0.0,0.0,1.382070707070707,0.3068181818181818
2026-06-29 11:05:00+05:30,2026-06-29 11:10:00+05:30,2026-06-29 11:10:00+05:30,8,11,0.9999999999999999,0.0,1.0,1.0,2.0,1,5.0,2026-06-29 11:00:00+05:30,1.0909090909090908,0.5454545454545454,0.0,0.0,0.9204545454545455,0.5397727272727273
2026-06-29 11:10:00+05:30,2026-06-29 11:15:00+05:30,2026-06-29 11:15:00+05:30,9,10,1.0000000000000002,-4.163336342344337e-17,1.0,1.0,2.0,1,5.0,2026-06-29 11:05:00+05:30,1.2121212121212124,0.6060606060606062,0.0,0.0,1.1685606060606062,0.41666666666666663
2026-06-29 11:15:00+05:30,2026-06-29 11:20:00+05:30,2026-06-29 11:20:00+05:30,11,8,1.0,2.7755575615628914e-17,1.0,1.0,2.0,1,5.0,2026-06-29 11:10:00+05:30,0.9545454545454544,0.4772727272727272,0.0,0.0,0.831439393939394,0.5852272727272727
2026-06-29 11:20:00+05:30,2026-06-29 11:25:00+05:30,2026-06-29 11:25:00+05:30,6,13,1.0,-5.551115123125783e-17,1.0,1.0,2.0,1,5.0,2026-06-29 11:15:00+05:30,1.1748251748251748,0.5874125874125874,0.0,0.0,0.879079254079254,0.5641025641025641
2026-06-29 11:25:00+05:30,2026-06-29 11:30:00+05:30,2026-06-29 11:30:00+05:30,8,11,0.9999999999999999,-1.3877787807814457e-17,1.0,1.0,2.0,1,5.0,2026-06-29 11:20:00+05:30,1.6153846153846154,0.8076923076923077,0.0,0.0,1.5804195804195804,0.2272727272727273
2026-06-29 11:30:00+05:30,2026-06-29 11:35:00+05:30,2026-06-29 11:35:00+05:30,8,11,1.0,-2.7755575615628914e-17,1.0,1.0,2.0,1,5.0,2026-06-29 11:25:00+05:30,1.2954545454545454,0.6477272727272727,0.0,0.0,1.2954545454545454,0.3522727272727273
2026-06-29 11:35:00+05:30,2026-06-29 11:40:00+05:30,2026-06-29 11:40:00+05:30,9,10,1.0,-5.551115123125783e-17,1.0,1.0,2.0,1,5.0,2026-06-29 11:30:00+05:30,1.0101010101010104,0.5050505050505052,0.0,0.0,0.955050505050505,0.5222222222222221
2026-06-29 11:40:00+05:30,2026-06-29 11:45:00+05:30,2026-06-29 11:45:00+05:30,10,9,1.0,4.163336342344337e-17,1.0,1.0,2.0,1,5.0,2026-06-29 11:35:00+05:30,1.2000000000000002,0.6000000000000001,0.0,0.0,1.1555555555555557,0.42222222222222217
2026-06-29 11:45:00+05:30,2026-06-29 11:50:00+05:30,2026-06-29 11:50:00+05:30,13,6,1.0,5.551115123125783e-17,1.0,1.0,2.0,1,5.0,2026-06-29 11:40:00+05:30,1.1282051282051282,0.5641025641025641,0.0,0.0,0.964102564102564,0.5192307692307692
2026-06-29 11:50:00+05:30,2026-06-29 11:55:00+05:30,2026-06-29 11:55:00+05:30,8,11,1.0,-1.3877787807814457e-17,1.0,1.0,2.0,1,5.0,2026-06-29 11:45:00+05:30,0.8391608391608392,0.4195804195804196,0.0,0.0,0.4195804195804196,0.7727272727272727
2026-06-29 11:55:00+05:30,2026-06-29 12:00:00+05:30,2026-06-29 12:00:00+05:30,9,10,1.0,-5.551115123125783e-17,1.0,1.0,2.0,1,5.0,2026-06-29 11:50:00+05:30,1.4141414141414141,0.7070707070707071,0.0,0.0,1.382070707070707,0.3111111111111111
2026-06-29 12:00:00+05:30,2026-06-29 12:05:00+05:30,2026-06-29 12:05:00+05:30,12,7,0.9999999999999998,0.0,1.0,1.0,2.0,1,5.0,2026-06-29 11:55:00+05:30,1.2833333333333332,0.6416666666666666,0.0,0.0,1.1496031746031745,0.4226190476190476
2026-06-29 12:05:00+05:30,2026-06-29 12:10:00+05:30,2026-06-29 12:10:00+05:30,12,7,0.9999999999999998,-1.3877787807814457e-17,1.0,1.0,2.0,1,5.0,2026-06-29 12:00:00+05:30,1.3571428571428572,0.6785714285714286,0.0,0.0,1.3571428571428572,0.3214285714285714
2026-06-29 12:10:00+05:30,2026-06-29 12:15:00+05:30,2026-06-29 12:15:00+05:30,12,7,0.9999999999999998,-1.3877787807814457e-17,1.0,1.0,2.0,1,5.0,2026-06-29 12:05:00+05:30,0.9047619047619047,0.45238095238095233,0.0,0.0,0.9047619047619047,0.5476190476190476
2026-06-29 12:15:00+05:30,2026-06-29 12:20:00+05:30,2026-06-29 12:20:00+05:30,12,7,0.9999999999999998,0.0,1.0,1.0,2.0,1,5.0,2026-06-29 12:10:00+05:30,0.9047619047619047,0.45238095238095233,0.0,0.0,0.9047619047619047,0.5476190476190476
2026-06-29 12:20:00+05:30,2026-06-29 12:25:00+05:30,2026-06-29 12:25:00+05:30,11,8,0.9999999999999999,2.7755575615628914e-17,1.0,1.0,2.0,1,5.0,2026-06-29 12:15:00+05:30,0.8333333333333333,0.41666666666666663,0.0,0.0,0.7673160173160173,0.6136363636363635
2026-06-29 12:25:00+05:30,2026-06-29 12:30:00+05:30,2026-06-29 12:30:00+05:30,5,14,1.0,5.551115123125783e-17,1.0,1.0,2.0,1,5.0,2026-06-29 12:20:00+05:30,1.2987012987012987,0.6493506493506493,0.0,0.0,0.9743506493506493,0.5142857142857143
2026-06-29 12:30:00+05:30,2026-06-29 12:35:00+05:30,2026-06-29 12:35:00+05:30,7,12,0.9999999999999998,-1.3877787807814457e-17,1.0,1.0,2.0,1,5.0,2026-06-29 12:25:00+05:30,0.8571428571428572,0.4285714285714286,0.0,0.0,0.7119047619047618,0.6309523809523808
2026-06-29 12:35:00+05:30,2026-06-29 12:40:00+05:30,2026-06-29 12:40:00+05:30,10,9,1.0,4.163336342344337e-17,1.0,1.0,2.0,1,5.0,2026-06-29 12:30:00+05:30,0.9166666666666666,0.4583333333333333,0.0,0.0,0.7123015873015873,0.638888888888889
2026-06-29 12:40:00+05:30,2026-06-29 12:45:00+05:30,2026-06-29 12:45:00+05:30,9,10,1.0,-5.551115123125783e-17,1.0,1.0,2.0,1,5.0,2026-06-29 12:35:00+05:30,1.2,0.6,0.0,0.0,1.1555555555555557,0.42222222222222217
2026-06-29 12:45:00+05:30,2026-06-29 12:50:00+05:30,2026-06-29 12:50:00+05:30,10,9,1.0,4.163336342344337e-17,1.0,1.0,2.0,1,5.0,2026-06-29 12:40:00+05:30,1.4000000000000001,0.7000000000000001,0.0,0.0,1.3666666666666667,0.31666666666666665
2026-06-29 12:50:00+05:30,2026-06-29 12:55:00+05:30,2026-06-29 12:55:00+05:30,10,9,1.0,4.163336342344337e-17,1.0,1.0,2.0,1,5.0,2026-06-29 12:45:00+05:30,1.4777777777777779,0.7388888888888889,0.0,0.0,1.4777777777777779,0.26111111111111107
2026-06-29 12:55:00+05:30,2026-06-29 13:00:00+05:30,2026-06-29 13:00:00+05:30,11,8,0.9999999999999999,4.163336342344337e-17,1.0,1.0,2.0,1,5.0,2026-06-29 12:50:00+05:30,1.0101010101010102,0.5050505050505051,0.0,0.0,0.9550505050505051,0.5227272727272727
2026-06-29 13:00:00+05:30,2026-06-29 13:05:00+05:30,2026-06-29 13:05:00+05:30,7,12,0.9999999999999998,0.0,1.0,1.0,2.0,1,5.0,2026-06-29 12:55:00+05:30,1.393939393939394,0.696969696969697,0.0,0.0,1.2326839826839828,0.38095238095238093
2026-06-29 13:05:00+05:30,2026-06-29 13:10:00+05:30,2026-06-29 13:10:00+05:30,11,8,0.9999999999999999,2.7755575615628914e-17,1.0,1.0,2.0,1,5.0,2026-06-29 13:00:00+05:30,0.8712121212121212,0.4356060606060606,0.0,0.0,0.5695346320346321,0.7102272727272727
2026-06-29 13:10:00+05:30,2026-06-29 13:15:00+05:30,2026-06-29 13:15:00+05:30,9,10,1.0,-5.551115123125783e-17,1.0,1.0,2.0,1,5.0,2026-06-29 13:05:00+05:30,1.1454545454545455,0.5727272727272728,0.0,0.0,1.044949494949495,0.4777777777777778
2026-06-29 13:15:00+05:30,2026-06-29 13:20:00+05:30,2026-06-29 13:20:00+05:30,8,11,1.0,-1.3877787807814457e-17,1.0,1.0,2.0,1,5.0,2026-06-29 13:10:00+05:30,1.2121212121212122,0.6060606060606061,0.0,0.0,1.1685606060606062,0.4147727272727273
2026-06-29 13:20:00+05:30,2026-06-29 13:25:00+05:30,2026-06-29 13:25:00+05:30,9,10,1.0,-5.551115123125783e-17,1.0,1.0,2.0,1,5.0,2026-06-29 13:15:00+05:30,1.2121212121212122,0.6060606060606061,0.0,0.0,1.1685606060606062,0.41666666666666663
2026-06-29 13:25:00+05:30,2026-06-29 13:30:00+05:30,2026-06-29 13:30:00+05:30,10,9,1.0,4.163336342344337e-17,1.0,1.0,2.0,1,5.0,2026-06-29 13:20:00+05:30,1.4000000000000001,0.7000000000000001,0.0,0.0,1.3666666666666667,0.31666666666666665
2026-06-29 13:30:00+05:30,2026-06-29 13:35:00+05:30,2026-06-29 13:35:00+05:30,7,12,0.9999999999999998,1.3877787807814457e-17,1.0,1.0,2.0,1,5.0,2026-06-29 13:25:00+05:30,1.4666666666666668,0.7333333333333334,0.0,0.0,1.3682539682539683,0.30952380952380953
2026-06-29 13:35:00+05:30,2026-06-29 13:40:00+05:30,2026-06-29 13:40:00+05:30,11,8,1.0,1.3877787807814457e-17,1.0,1.0,2.0,1,5.0,2026-06-29 13:30:00+05:30,1.3939393939393938,0.6969696969696969,0.0,0.0,1.2326839826839828,0.38636363636363635
2026-06-29 13:40:00+05:30,2026-06-29 13:45:00+05:30,2026-06-29 13:45:00+05:30,8,11,0.9999999999999999,-1.3877787807814457e-17,1.0,1.0,2.0,1,5.0,2026-06-29 13:35:00+05:30,1.2727272727272727,0.6363636363636364,0.0,0.0,1.1363636363636362,0.4318181818181819
2026-06-29 13:45:00+05:30,2026-06-29 13:50:00+05:30,2026-06-29 13:50:00+05:30,9,10,1.0000000000000002,-4.163336342344337e-17,1.0,1.0,2.0,1,5.0,2026-06-29 13:40:00+05:30,0.808080808080808,0.404040404040404,0.0,0.0,0.7415404040404041,0.6277777777777778
2026-06-29 13:50:00+05:30,2026-06-29 13:55:00+05:30,2026-06-29 13:55:00+05:30,9,10,1.0,-5.551115123125783e-17,1.0,1.0,2.0,1,5.0,2026-06-29 13:45:00+05:30,1.0555555555555556,0.5277777777777778,0.0,0.0,1.0555555555555556,0.4722222222222222
2026-06-29 13:55:00+05:30,2026-06-29 14:00:00+05:30,2026-06-29 14:00:00+05:30,8,11,1.0,0.0,1.0,1.0,2.0,1,5.0,2026-06-29 13:50:00+05:30,1.4141414141414141,0.7070707070707071,0.0,0.0,1.3820707070707072,0.3068181818181818
2026-06-29 14:00:00+05:30,2026-06-29 14:05:00+05:30,2026-06-29 14:05:00+05:30,9,10,1.0,-5.551115123125783e-17,1.0,1.0,2.0,1,5.0,2026-06-29 13:55:00+05:30,0.8080808080808081,0.40404040404040403,0.0,0.0,0.741540404040404,0.6277777777777779
2026-06-29 14:05:00+05:30,2026-06-29 14:10:00+05:30,2026-06-29 14:10:00+05:30,9,10,1.0,-4.163336342344337e-17,1.0,1.0,2.0,1,5.0,2026-06-29 14:00:00+05:30,0.6333333333333333,0.31666666666666665,0.0,0.0,0.6333333333333333,0.6833333333333333
2026-06-29 14:10:00+05:30,2026-06-29 14:15:00+05:30,2026-06-29 14:15:00+05:30,12,7,0.9999999999999998,0.0,1.0,1.0,2.0,1,5.0,2026-06-29 14:05:00+05:30,1.1,0.55,0.0,0.0,0.930952380952381,0.5357142857142856
2026-06-29 14:15:00+05:30,2026-06-29 14:20:00+05:30,2026-06-29 14:20:00+05:30,12,7,0.9999999999999998,-1.3877787807814457e-17,1.0,1.0,2.0,1,5.0,2026-06-29 14:10:00+05:30,0.9047619047619047,0.45238095238095233,0.0,0.0,0.9047619047619047,0.5476190476190476
2026-06-29 14:20:00+05:30,2026-06-29 14:25:00+05:30,2026-06-29 14:25:00+05:30,8,11,1.0,-1.3877787807814457e-17,1.0,1.0,2.0,1,5.0,2026-06-29 14:15:00+05:30,1.2196969696969697,0.6098484848484849,0.0,0.0,1.0116341991341993,0.4943181818181818
2026-06-29 14:25:00+05:30,2026-06-29 14:30:00+05:30,2026-06-29 14:30:00+05:30,10,9,1.0,5.551115123125783e-17,1.0,1.0,2.0,1,5.0,2026-06-29 14:20:00+05:30,1.1454545454545455,0.5727272727272728,0.0,0.0,1.044949494949495,0.47777777777777775
2026-06-29 14:30:00+05:30,2026-06-29 14:35:00+05:30,2026-06-29 14:35:00+05:30,6,13,1.0,-5.551115123125783e-17,1.0,1.0,2.0,1,5.0,2026-06-29 14:25:00+05:30,1.4153846153846152,0.7076923076923076,0.0,0.0,1.2632478632478632,0.35897435897435903
2026-06-29 14:35:00+05:30,2026-06-29 14:40:00+05:30,2026-06-29 14:40:00+05:30,7,12,0.9999999999999998,0.0,1.0,1.0,2.0,1,5.0,2026-06-29 14:30:00+05:30,1.0989010989010988,0.5494505494505494,0.0,0.0,1.0494505494505495,0.4761904761904762
2026-06-29 14:40:00+05:30,2026-06-29 14:45:00+05:30,2026-06-29 14:45:00+05:30,11,8,0.9999999999999999,2.7755575615628914e-17,1.0,1.0,2.0,1,5.0,2026-06-29 14:35:00+05:30,1.393939393939394,0.696969696969697,0.0,0.0,1.2326839826839826,0.3863636363636364
2026-06-29 14:45:00+05:30,2026-06-29 14:50:00+05:30,2026-06-29 14:50:00+05:30,11,8,1.0,0.0,1.0,1.0,2.0,1,5.0,2026-06-29 14:40:00+05:30,1.0795454545454546,0.5397727272727273,0.0,0.0,1.0795454545454546,0.46022727272727276
2026-06-29 14:50:00+05:30,2026-06-29 14:55:00+05:30,2026-06-29 14:55:00+05:30,8,11,0.9999999999999999,-1.3877787807814457e-17,1.0,1.0,2.0,1,5.0,2026-06-29 14:45:00+05:30,0.7272727272727274,0.3636363636363637,0.0,0.0,0.48863636363636365,0.7556818181818181
2026-06-29 14:55:00+05:30,2026-06-29 15:00:00+05:30,2026-06-29 15:00:00+05:30,11,8,1.0,1.3877787807814457e-17,1.0,1.0,2.0,1,5.0,2026-06-29 14:50:00+05:30,0.7272727272727273,0.36363636363636365,0.0,0.0,0.48863636363636365,0.7556818181818181
2026-06-29 15:00:00+05:30,2026-06-29 15:05:00+05:30,2026-06-29 15:05:00+05:30,11,8,0.9999999999999999,2.7755575615628914e-17,1.0,1.0,2.0,1,5.0,2026-06-29 14:55:00+05:30,0.4318181818181818,0.2159090909090909,0.0,0.0,0.4318181818181818,0.784090909090909
2026-06-29 15:05:00+05:30,2026-06-29 15:10:00+05:30,2026-06-29 15:10:00+05:30,9,10,1.0000000000000002,-4.163336342344337e-17,1.0,1.0,2.0,1,5.0,2026-06-29 15:00:00+05:30,1.3363636363636364,0.6681818181818182,0.0,0.0,1.2584595959595961,0.3722222222222222
2026-06-29 15:10:00+05:30,2026-06-29 15:15:00+05:30,2026-06-29 15:15:00+05:30,8,11,1.0,-1.3877787807814457e-17,1.0,1.0,2.0,1,5.0,2026-06-29 15:05:00+05:30,1.0101010101010102,0.5050505050505051,0.0,0.0,0.9550505050505051,0.5227272727272727
2026-06-29 15:15:00+05:30,2026-06-29 15:20:00+05:30,2026-06-29 15:20:00+05:30,10,9,1.0,5.551115123125783e-17,1.0,1.0,2.0,1,5.0,2026-06-29 15:10:00+05:30,0.7636363636363634,0.3818181818181817,0.0,0.0,0.617929292929293,0.688888888888889
2026-06-29 15:20:00+05:30,2026-06-29 15:25:00+05:30,2026-06-29 15:25:00+05:30,11,8,0.9999999999999999,2.7755575615628914e-17,1.0,1.0,2.0,1,5.0,2026-06-29 15:15:00+05:30,1.6161616161616161,0.8080808080808081,0.0,0.0,1.595580808080808,0.19886363636363635
2026-06-30 09:15:00+05:30,2026-06-30 09:20:00+05:30,2026-06-30 09:20:00+05:30,9,10,1.0,-5.551115123125783e-17,1.0,1.0,2.0,1,5.0,2026-06-29 15:20:00+05:30,0.7636363636363634,0.3818181818181817,0.0,0.0,0.617929292929293,0.688888888888889
2026-06-30 09:20:00+05:30,2026-06-30 09:25:00+05:30,2026-06-30 09:25:00+05:30,11,8,1.0,1.3877787807814457e-17,1.0,1.0,2.0,1,5.0,2026-06-30 09:15:00+05:30,0.9545454545454544,0.4772727272727272,0.0,0.0,0.831439393939394,0.5852272727272727
2026-06-30 09:25:00+05:30,2026-06-30 09:30:00+05:30,2026-06-30 09:30:00+05:30,8,11,0.9999999999999999,-4.163336342344337e-17,1.0,1.0,2.0,1,5.0,2026-06-30 09:20:00+05:30,1.2727272727272725,0.6363636363636362,0.0,0.0,1.1363636363636362,0.4318181818181819
2026-06-30 09:30:00+05:30,2026-06-30 09:35:00+05:30,2026-06-30 09:35:00+05:30,7,12,0.9999999999999998,0.0,1.0,1.0,2.0,1,5.0,2026-06-30 09:25:00+05:30,1.0416666666666665,0.5208333333333333,0.0,0.0,0.988365800865801,0.5059523809523809
2026-06-30 09:35:00+05:30,2026-06-30 09:40:00+05:30,2026-06-30 09:40:00+05:30,12,7,0.9999999999999998,0.0,1.0,1.0,2.0,1,5.0,2026-06-30 09:30:00+05:30,0.8333333333333334,0.4166666666666667,0.0,0.0,0.41666666666666663,0.7916666666666665
2026-06-30 09:40:00+05:30,2026-06-30 09:45:00+05:30,2026-06-30 09:45:00+05:30,9,10,1.0000000000000002,-4.163336342344337e-17,1.0,1.0,2.0,1,5.0,2026-06-30 09:35:00+05:30,0.9166666666666667,0.45833333333333337,0.0,0.0,0.7123015873015873,0.638888888888889
2026-06-30 09:45:00+05:30,2026-06-30 09:50:00+05:30,2026-06-30 09:50:00+05:30,11,8,1.0,1.3877787807814457e-17,1.0,1.0,2.0,1,5.0,2026-06-30 09:40:00+05:30,0.7636363636363634,0.3818181818181817,0.0,0.0,0.617929292929293,0.6931818181818181
2026-06-30 09:50:00+05:30,2026-06-30 09:55:00+05:30,2026-06-30 09:55:00+05:30,11,8,0.9999999999999999,2.7755575615628914e-17,1.0,1.0,2.0,1,5.0,2026-06-30 09:45:00+05:30,1.0795454545454546,0.5397727272727273,0.0,0.0,1.0795454545454546,0.46022727272727276
2026-06-30 09:55:00+05:30,2026-06-30 10:00:00+05:30,2026-06-30 10:00:00+05:30,8,11,1.0,-1.3877787807814457e-17,1.0,1.0,2.0,1,5.0,2026-06-30 09:50:00+05:30,0.9090909090909091,0.45454545454545453,0.0,0.0,0.7045454545454546,0.6477272727272727
2026-06-30 10:00:00+05:30,2026-06-30 10:05:00+05:30,2026-06-30 10:05:00+05:30,10,9,1.0,4.163336342344337e-17,1.0,1.0,2.0,1,5.0,2026-06-30 09:55:00+05:30,1.1454545454545455,0.5727272727272728,0.0,0.0,1.044949494949495,0.47777777777777775
2026-06-30 10:05:00+05:30,2026-06-30 10:10:00+05:30,2026-06-30 10:10:00+05:30,9,10,1.0,-5.551115123125783e-17,1.0,1.0,2.0,1,5.0,2026-06-30 10:00:00+05:30,1.4,0.7,0.0,0.0,1.3666666666666667,0.31666666666666665
2026-06-30 10:10:00+05:30,2026-06-30 10:15:00+05:30,2026-06-30 10:15:00+05:30,10,9,1.0,5.551115123125783e-17,1.0,1.0,2.0,1,5.0,2026-06-30 10:05:00+05:30,1.4000000000000001,0.7000000000000001,0.0,0.0,1.3666666666666667,0.31666666666666665
2026-06-30 10:15:00+05:30,2026-06-30 10:20:00+05:30,2026-06-30 10:20:00+05:30,9,10,1.0,-5.551115123125783e-17,1.0,1.0,2.0,1,5.0,2026-06-30 10:10:00+05:30,1.4000000000000001,0.7000000000000001,0.0,0.0,1.3666666666666667,0.31666666666666665
2026-06-30 10:20:00+05:30,2026-06-30 10:25:00+05:30,2026-06-30 10:25:00+05:30,9,10,1.0,-4.163336342344337e-17,1.0,1.0,2.0,1,5.0,2026-06-30 10:15:00+05:30,0.8444444444444443,0.42222222222222217,0.0,0.0,0.8444444444444443,0.5777777777777777
2026-06-30 10:25:00+05:30,2026-06-30 10:30:00+05:30,2026-06-30 10:30:00+05:30,10,9,1.0,4.163336342344337e-17,1.0,1.0,2.0,1,5.0,2026-06-30 10:20:00+05:30,0.5999999999999999,0.29999999999999993,0.0,0.0,0.5222222222222223,0.7388888888888889
2026-06-30 10:30:00+05:30,2026-06-30 10:35:00+05:30,2026-06-30 10:35:00+05:30,10,9,1.0,5.551115123125783e-17,1.0,1.0,2.0,1,5.0,2026-06-30 10:25:00+05:30,1.0555555555555556,0.5277777777777778,0.0,0.0,1.0555555555555556,0.4722222222222222
2026-06-30 10:35:00+05:30,2026-06-30 10:40:00+05:30,2026-06-30 10:40:00+05:30,13,6,1.0,6.938893903907228e-17,1.0,1.0,2.0,1,5.0,2026-06-30 10:30:00+05:30,0.9401709401709402,0.4700854700854701,0.0,0.0,0.7367521367521367,0.641025641025641
2026-06-30 10:40:00+05:30,2026-06-30 10:45:00+05:30,2026-06-30 10:45:00+05:30,8,11,1.0,0.0,1.0,1.0,2.0,1,5.0,2026-06-30 10:35:00+05:30,1.3426573426573423,0.6713286713286711,0.0,0.0,1.1088286713286712,0.44886363636363635
2026-06-30 10:45:00+05:30,2026-06-30 10:50:00+05:30,2026-06-30 10:50:00+05:30,8,11,1.0,-1.3877787807814457e-17,1.0,1.0,2.0,1,5.0,2026-06-30 10:40:00+05:30,1.0795454545454546,0.5397727272727273,0.0,0.0,1.0795454545454546,0.4602272727272727
2026-06-30 10:50:00+05:30,2026-06-30 10:55:00+05:30,2026-06-30 10:55:00+05:30,10,9,1.0,4.163336342344337e-17,1.0,1.0,2.0,1,5.0,2026-06-30 10:45:00+05:30,1.5272727272727273,0.7636363636363637,0.0,0.0,1.4719696969696972,0.26666666666666666
2026-06-30 10:55:00+05:30,2026-06-30 11:00:00+05:30,2026-06-30 11:00:00+05:30,11,8,1.0,0.0,1.0,1.0,2.0,1,5.0,2026-06-30 10:50:00+05:30,0.8080808080808082,0.4040404040404041,0.0,0.0,0.7415404040404041,0.6306818181818182
2026-06-30 11:00:00+05:30,2026-06-30 11:05:00+05:30,2026-06-30 11:05:00+05:30,9,10,1.0,-5.551115123125783e-17,1.0,1.0,2.0,1,5.0,2026-06-30 10:55:00+05:30,1.3363636363636364,0.6681818181818182,0.0,0.0,1.2584595959595961,0.3722222222222222
2026-06-30 11:05:00+05:30,2026-06-30 11:10:00+05:30,2026-06-30 11:10:00+05:30,10,9,1.0,4.163336342344337e-17,1.0,1.0,2.0,1,5.0,2026-06-30 11:00:00+05:30,1.2,0.6,0.0,0.0,1.1555555555555557,0.42222222222222217
2026-06-30 11:10:00+05:30,2026-06-30 11:15:00+05:30,2026-06-30 11:15:00+05:30,12,7,0.9999999999999998,0.0,1.0,1.0,2.0,1,5.0,2026-06-30 11:05:00+05:30,1.3611111111111112,0.6805555555555556,0.0,0.0,1.2876984126984126,0.35119047619047616
2026-06-30 11:15:00+05:30,2026-06-30 11:20:00+05:30,2026-06-30 11:20:00+05:30,9,10,1.0000000000000002,-4.163336342344337e-17,1.0,1.0,2.0,1,5.0,2026-06-30 11:10:00+05:30,1.1,0.55,0.0,0.0,0.930952380952381,0.5333333333333333
2026-06-30 11:20:00+05:30,2026-06-30 11:25:00+05:30,2026-06-30 11:25:00+05:30,11,8,1.0,2.7755575615628914e-17,1.0,1.0,2.0,1,5.0,2026-06-30 11:15:00+05:30,1.1454545454545455,0.5727272727272728,0.0,0.0,1.044949494949495,0.4772727272727273
2026-06-30 11:25:00+05:30,2026-06-30 11:30:00+05:30,2026-06-30 11:30:00+05:30,10,9,1.0000000000000002,4.163336342344337e-17,1.0,1.0,2.0,1,5.0,2026-06-30 11:20:00+05:30,1.2121212121212124,0.6060606060606062,0.0,0.0,1.1685606060606062,0.41666666666666663
2026-06-30 11:30:00+05:30,2026-06-30 11:35:00+05:30,2026-06-30 11:35:00+05:30,9,10,1.0,-5.551115123125783e-17,1.0,1.0,2.0,1,5.0,2026-06-30 11:25:00+05:30,0.5999999999999999,0.29999999999999993,0.0,0.0,0.5222222222222221,0.7388888888888889
2026-06-30 11:35:00+05:30,2026-06-30 11:40:00+05:30,2026-06-30 11:40:00+05:30,10,9,1.0000000000000002,4.163336342344337e-17,1.0,1.0,2.0,1,5.0,2026-06-30 11:30:00+05:30,0.9999999999999999,0.49999999999999994,0.0,0.0,0.9444444444444443,0.5277777777777778
2026-06-30 11:40:00+05:30,2026-06-30 11:45:00+05:30,2026-06-30 11:45:00+05:30,8,11,1.0,-1.3877787807814457e-17,1.0,1.0,2.0,1,5.0,2026-06-30 11:35:00+05:30,1.1454545454545453,0.5727272727272726,0.0,0.0,1.044949494949495,0.4772727272727273
2026-06-30 11:45:00+05:30,2026-06-30 11:50:00+05:30,2026-06-30 11:50:00+05:30,9,10,1.0,-5.551115123125783e-17,1.0,1.0,2.0,1,5.0,2026-06-30 11:40:00+05:30,1.4141414141414141,0.7070707070707071,0.0,0.0,1.3820707070707072,0.3111111111111111
2026-06-30 11:50:00+05:30,2026-06-30 11:55:00+05:30,2026-06-30 11:55:00+05:30,8,11,0.9999999999999999,-1.3877787807814457e-17,1.0,1.0,2.0,1,5.0,2026-06-30 11:45:00+05:30,1.0101010101010102,0.5050505050505051,0.0,0.0,0.955050505050505,0.5227272727272727
2026-06-30 11:55:00+05:30,2026-06-30 12:00:00+05:30,2026-06-30 12:00:00+05:30,13,6,1.0,5.551115123125783e-17,1.0,1.0,2.0,1,5.0,2026-06-30 11:50:00+05:30,1.3426573426573427,0.6713286713286714,0.0,0.0,1.1088286713286712,0.4423076923076923
2026-06-30 12:00:00+05:30,2026-06-30 12:05:00+05:30,2026-06-30 12:05:00+05:30,10,9,1.0,5.551115123125783e-17,1.0,1.0,2.0,1,5.0,2026-06-30 11:55:00+05:30,0.94017094017094,0.47008547008547,0.0,0.0,0.7367521367521367,0.6222222222222222
2026-06-30 12:05:00+05:30,2026-06-30 12:10:00+05:30,2026-06-30 12:10:00+05:30,7,12,0.9999999999999998,0.0,1.0,1.0,2.0,1,5.0,2026-06-30 12:00:00+05:30,0.7333333333333333,0.36666666666666664,0.0,0.0,0.4936507936507937,0.7619047619047616
2026-06-30 12:10:00+05:30,2026-06-30 12:15:00+05:30,2026-06-30 12:15:00+05:30,11,8,1.0,2.7755575615628914e-17,1.0,1.0,2.0,1,5.0,2026-06-30 12:05:00+05:30,1.5681818181818181,0.7840909090909091,0.0,0.0,1.4537337662337664,0.27840909090909094
2026-06-30 12:15:00+05:30,2026-06-30 12:20:00+05:30,2026-06-30 12:20:00+05:30,8,11,1.0,-1.3877787807814457e-17,1.0,1.0,2.0,1,5.0,2026-06-30 12:10:00+05:30,1.0909090909090908,0.5454545454545454,0.0,0.0,0.9204545454545455,0.5397727272727273
2026-06-30 12:20:00+05:30,2026-06-30 12:25:00+05:30,2026-06-30 12:25:00+05:30,10,9,1.0,5.551115123125783e-17,1.0,1.0,2.0,1,5.0,2026-06-30 12:15:00+05:30,0.9545454545454546,0.4772727272727273,0.0,0.0,0.831439393939394,0.5833333333333334
2026-06-30 12:25:00+05:30,2026-06-30 12:30:00+05:30,2026-06-30 12:30:00+05:30,9,10,1.0,-4.163336342344337e-17,1.0,1.0,2.0,1,5.0,2026-06-30 12:20:00+05:30,1.4000000000000004,0.7000000000000002,0.0,0.0,1.366666666666667,0.31666666666666665
2026-06-30 12:30:00+05:30,2026-06-30 12:35:00+05:30,2026-06-30 12:35:00+05:30,11,8,0.9999999999999999,1.3877787807814457e-17,1.0,1.0,2.0,1,5.0,2026-06-30 12:25:00+05:30,1.1454545454545455,0.5727272727272728,0.0,0.0,1.044949494949495,0.4772727272727273
2026-06-30 12:35:00+05:30,2026-06-30 12:40:00+05:30,2026-06-30 12:40:00+05:30,9,10,1.0000000000000002,-4.163336342344337e-17,1.0,1.0,2.0,1,5.0,2026-06-30 12:30:00+05:30,1.3363636363636364,0.6681818181818182,0.0,0.0,1.2584595959595961,0.37222222222222223
2026-06-30 12:40:00+05:30,2026-06-30 12:45:00+05:30,2026-06-30 12:45:00+05:30,11,8,1.0,2.7755575615628914e-17,1.0,1.0,2.0,1,5.0,2026-06-30 12:35:00+05:30,1.1454545454545453,0.5727272727272726,0.0,0.0,1.044949494949495,0.4772727272727273
2026-06-30 12:45:00+05:30,2026-06-30 12:50:00+05:30,2026-06-30 12:50:00+05:30,9,10,1.0,-4.163336342344337e-17,1.0,1.0,2.0,1,5.0,2026-06-30 12:40:00+05:30,1.3363636363636362,0.6681818181818181,0.0,0.0,1.2584595959595961,0.3722222222222222
2026-06-30 12:50:00+05:30,2026-06-30 12:55:00+05:30,2026-06-30 12:55:00+05:30,8,11,0.9999999999999999,-2.7755575615628914e-17,1.0,1.0,2.0,1,5.0,2026-06-30 12:45:00+05:30,0.8080808080808082,0.4040404040404041,0.0,0.0,0.7415404040404041,0.6306818181818181
2026-06-30 12:55:00+05:30,2026-06-30 13:00:00+05:30,2026-06-30 13:00:00+05:30,10,9,1.0,5.551115123125783e-17,1.0,1.0,2.0,1,5.0,2026-06-30 12:50:00+05:30,1.3363636363636366,0.6681818181818183,0.0,0.0,1.2584595959595961,0.37222222222222223
2026-06-30 13:00:00+05:30,2026-06-30 13:05:00+05:30,2026-06-30 13:05:00+05:30,12,7,0.9999999999999998,6.938893903907228e-18,1.0,1.0,2.0,1,5.0,2026-06-30 12:55:00+05:30,0.9722222222222222,0.4861111111111111,0.0,0.0,0.8503968253968254,0.5773809523809523
2026-06-30 13:05:00+05:30,2026-06-30 13:10:00+05:30,2026-06-30 13:10:00+05:30,7,12,0.9999999999999998,0.0,1.0,1.0,2.0,1,5.0,2026-06-30 13:00:00+05:30,1.333333333333333,0.6666666666666665,0.0,0.0,1.0952380952380951,0.45238095238095233
2026-06-30 13:10:00+05:30,2026-06-30 13:15:00+05:30,2026-06-30 13:15:00+05:30,10,9,1.0,4.163336342344337e-17,1.0,1.0,2.0,1,5.0,2026-06-30 13:05:00+05:30,1.0999999999999999,0.5499999999999999,0.0,0.0,0.930952380952381,0.5333333333333333
2026-06-30 13:15:00+05:30,2026-06-30 13:20:00+05:30,2026-06-30 13:20:00+05:30,9,10,1.0,-5.551115123125783e-17,1.0,1.0,2.0,1,5.0,2026-06-30 13:10:00+05:30,1.0,0.5,0.0,0.0,0.9444444444444444,0.5277777777777778
2026-06-30 13:20:00+05:30,2026-06-30 13:25:00+05:30,2026-06-30 13:25:00+05:30,9,10,1.0,-5.551115123125783e-17,1.0,1.0,2.0,1,5.0,2026-06-30 13:15:00+05:30,0.8444444444444443,0.42222222222222217,0.0,0.0,0.8444444444444443,0.5777777777777778
2026-06-30 13:25:00+05:30,2026-06-30 13:30:00+05:30,2026-06-30 13:30:00+05:30,10,9,1.0,5.551115123125783e-17,1.0,1.0,2.0,1,5.0,2026-06-30 13:20:00+05:30,1.6,0.8,0.0,0.0,1.577777777777778,0.21111111111111108
2026-06-30 13:30:00+05:30,2026-06-30 13:35:00+05:30,2026-06-30 13:35:00+05:30,7,12,0.9999999999999998,0.0,1.0,1.0,2.0,1,5.0,2026-06-30 13:25:00+05:30,1.1,0.55,0.0,0.0,0.930952380952381,0.5357142857142857
2026-06-30 13:35:00+05:30,2026-06-30 13:40:00+05:30,2026-06-30 13:40:00+05:30,12,7,0.9999999999999998,-1.3877787807814457e-17,1.0,1.0,2.0,1,5.0,2026-06-30 13:30:00+05:30,1.0,0.5,0.0,0.0,0.6428571428571429,0.6785714285714284
2026-06-30 13:40:00+05:30,2026-06-30 13:45:00+05:30,2026-06-30 13:45:00+05:30,6,13,1.0,-5.551115123125783e-17,1.0,1.0,2.0,1,5.0,2026-06-30 13:35:00+05:30,1.1217948717948718,0.5608974358974359,0.0,0.0,0.7156593406593406,0.6474358974358975
2026-06-30 13:45:00+05:30,2026-06-30 13:50:00+05:30,2026-06-30 13:50:00+05:30,8,11,0.9999999999999999,-2.7755575615628914e-17,1.0,1.0,2.0,1,5.0,2026-06-30 13:40:00+05:30,1.0096153846153846,0.5048076923076923,0.0,0.0,0.8911713286713286,0.5511363636363636
2026-06-30 13:50:00+05:30,2026-06-30 13:55:00+05:30,2026-06-30 13:55:00+05:30,9,10,1.0,-5.551115123125783e-17,1.0,1.0,2.0,1,5.0,2026-06-30 13:45:00+05:30,1.2121212121212122,0.6060606060606061,0.0,0.0,1.1685606060606062,0.41666666666666674
2026-06-30 13:55:00+05:30,2026-06-30 14:00:00+05:30,2026-06-30 14:00:00+05:30,11,8,0.9999999999999999,4.163336342344337e-17,1.0,1.0,2.0,1,5.0,2026-06-30 13:50:00+05:30,0.9545454545454545,0.47727272727272724,0.0,0.0,0.831439393939394,0.5852272727272727
2026-06-30 14:00:00+05:30,2026-06-30 14:05:00+05:30,2026-06-30 14:05:00+05:30,10,9,1.0,4.163336342344337e-17,1.0,1.0,2.0,1,5.0,2026-06-30 13:55:00+05:30,1.2121212121212122,0.6060606060606061,0.0,0.0,1.1685606060606062,0.41666666666666663
2026-06-30 14:05:00+05:30,2026-06-30 14:10:00+05:30,2026-06-30 14:10:00+05:30,8,11,1.0,-2.7755575615628914e-17,1.0,1.0,2.0,1,5.0,2026-06-30 14:00:00+05:30,1.3363636363636362,0.6681818181818181,0.0,0.0,1.258459595959596,0.3693181818181818
2026-06-30 14:10:00+05:30,2026-06-30 14:15:00+05:30,2026-06-30 14:15:00+05:30,7,12,0.9999999999999998,0.0,1.0,1.0,2.0,1,5.0,2026-06-30 14:05:00+05:30,1.0416666666666667,0.5208333333333334,0.0,0.0,0.9883658008658008,0.5059523809523808
2026-06-30 14:15:00+05:30,2026-06-30 14:20:00+05:30,2026-06-30 14:20:00+05:30,10,9,1.0,4.163336342344337e-17,1.0,1.0,2.0,1,5.0,2026-06-30 14:10:00+05:30,1.1,0.55,0.0,0.0,0.930952380952381,0.5333333333333333
2026-06-30 14:20:00+05:30,2026-06-30 14:25:00+05:30,2026-06-30 14:25:00+05:30,12,7,0.9999999999999998,0.0,1.0,1.0,2.0,1,5.0,2026-06-30 14:15:00+05:30,1.3611111111111112,0.6805555555555556,0.0,0.0,1.2876984126984126,0.35119047619047616
2026-06-30 14:25:00+05:30,2026-06-30 14:30:00+05:30,2026-06-30 14:30:00+05:30,10,9,1.0000000000000002,4.163336342344337e-17,1.0,1.0,2.0,1,5.0,2026-06-30 14:20:00+05:30,1.361111111111111,0.6805555555555555,0.0,0.0,1.2876984126984126,0.3611111111111111
2026-06-30 14:30:00+05:30,2026-06-30 14:35:00+05:30,2026-06-30 14:35:00+05:30,10,9,1.0,5.551115123125783e-17,1.0,1.0,2.0,1,5.0,2026-06-30 14:25:00+05:30,1.2666666666666666,0.6333333333333333,0.0,0.0,1.2666666666666666,0.36666666666666664
2026-06-30 14:35:00+05:30,2026-06-30 14:40:00+05:30,2026-06-30 14:40:00+05:30,8,11,1.0,-2.7755575615628914e-17,1.0,1.0,2.0,1,5.0,2026-06-30 14:30:00+05:30,1.1454545454545453,0.5727272727272726,0.0,0.0,1.044949494949495,0.47727272727272735
2026-06-30 14:40:00+05:30,2026-06-30 14:45:00+05:30,2026-06-30 14:45:00+05:30,8,11,1.0,-2.7755575615628914e-17,1.0,1.0,2.0,1,5.0,2026-06-30 14:35:00+05:30,1.0795454545454546,0.5397727272727273,0.0,0.0,1.0795454545454546,0.46022727272727276
2026-06-30 14:45:00+05:30,2026-06-30 14:50:00+05:30,2026-06-30 14:50:00+05:30,10,9,1.0,5.551115123125783e-17,1.0,1.0,2.0,1,5.0,2026-06-30 14:40:00+05:30,1.3363636363636366,0.6681818181818183,0.0,0.0,1.2584595959595961,0.37222222222222223
2026-06-30 14:50:00+05:30,2026-06-30 14:55:00+05:30,2026-06-30 14:55:00+05:30,11,8,1.0,2.7755575615628914e-17,1.0,1.0,2.0,1,5.0,2026-06-30 14:45:00+05:30,1.0101010101010102,0.5050505050505051,0.0,0.0,0.955050505050505,0.5227272727272727
2026-06-30 14:55:00+05:30,2026-06-30 15:00:00+05:30,2026-06-30 15:00:00+05:30,12,7,0.9999999999999998,0.0,1.0,1.0,2.0,1,5.0,2026-06-30 14:50:00+05:30,1.0416666666666667,0.5208333333333334,0.0,0.0,0.9883658008658008,0.5059523809523809
2026-06-30 15:00:00+05:30,2026-06-30 15:05:00+05:30,2026-06-30 15:05:00+05:30,9,10,1.0,-5.551115123125783e-17,1.0,1.0,2.0,1,5.0,2026-06-30 14:55:00+05:30,1.2833333333333332,0.6416666666666666,0.0,0.0,1.1496031746031745,0.4277777777777778
2026-06-30 15:05:00+05:30,2026-06-30 15:10:00+05:30,2026-06-30 15:10:00+05:30,13,6,0.9999999999999999,5.551115123125783e-17,1.0,1.0,2.0,1,5.0,2026-06-30 15:00:00+05:30,1.4153846153846152,0.7076923076923076,0.0,0.0,1.2632478632478632,0.3589743589743589
2026-06-30 15:10:00+05:30,2026-06-30 15:15:00+05:30,2026-06-30 15:15:00+05:30,10,9,1.0,4.163336342344337e-17,1.0,1.0,2.0,1,5.0,2026-06-30 15:05:00+05:30,1.3162393162393164,0.6581196581196582,0.0,0.0,1.1914529914529917,0.41111111111111115
2026-06-30 15:15:00+05:30,2026-06-30 15:20:00+05:30,2026-06-30 15:20:00+05:30,11,8,0.9999999999999999,1.3877787807814457e-17,1.0,1.0,2.0,1,5.0,2026-06-30 15:10:00+05:30,1.2121212121212122,0.6060606060606061,0.0,0.0,1.1685606060606062,0.4147727272727273
2026-06-30 15:20:00+05:30,2026-06-30 15:25:00+05:30,2026-06-30 15:25:00+05:30,10,9,1.0,4.163336342344337e-17,1.0,1.0,2.0,1,5.0,2026-06-30 15:15:00+05:30,1.2121212121212122,0.6060606060606061,0.0,0.0,1.1685606060606062,0.41666666666666663
2026-07-01 09:15:00+05:30,2026-07-01 09:20:00+05:30,2026-07-01 09:20:00+05:30,10,9,1.0,4.163336342344337e-17,1.0,1.0,2.0,1,5.0,2026-06-30 15:20:00+05:30,1.0555555555555556,0.5277777777777778,0.0,0.0,1.0555555555555556,0.47222222222222215
2026-07-01 09:20:00+05:30,2026-07-01 09:25:00+05:30,2026-07-01 09:25:00+05:30,9,10,1.0,-5.551115123125783e-17,1.0,1.0,2.0,1,5.0,2026-07-01 09:15:00+05:30,1.4,0.7,0.0,0.0,1.3666666666666667,0.31666666666666665
2026-07-01 09:25:00+05:30,2026-07-01 09:30:00+05:30,2026-07-01 09:30:00+05:30,7,12,0.9999999999999998,0.0,1.0,1.0,2.0,1,5.0,2026-07-01 09:20:00+05:30,0.7777777777777777,0.38888888888888884,0.0,0.0,0.6317460317460317,0.6904761904761904
2026-07-01 09:30:00+05:30,2026-07-01 09:35:00+05:30,2026-07-01 09:35:00+05:30,7,12,0.9999999999999998,0.0,1.0,1.0,2.0,1,5.0,2026-07-01 09:25:00+05:30,0.9047619047619047,0.45238095238095233,0.0,0.0,0.9047619047619047,0.5476190476190476
2026-07-01 09:35:00+05:30,2026-07-01 09:40:00+05:30,2026-07-01 09:40:00+05:30,9,10,1.0,-5.551115123125783e-17,1.0,1.0,2.0,1,5.0,2026-07-01 09:30:00+05:30,0.7777777777777777,0.38888888888888884,0.0,0.0,0.6317460317460317,0.6777777777777778
2026-07-01 09:40:00+05:30,2026-07-01 09:45:00+05:30,2026-07-01 09:45:00+05:30,14,5,1.0000000000000002,-5.551115123125783e-17,1.0,1.0,2.0,1,5.0,2026-07-01 09:35:00+05:30,1.1999999999999997,0.5999999999999999,0.0,0.0,0.9111111111111112,0.55
2026-07-01 09:45:00+05:30,2026-07-01 09:50:00+05:30,2026-07-01 09:50:00+05:30,12,7,0.9999999999999998,0.0,1.0,1.0,2.0,1,5.0,2026-07-01 09:40:00+05:30,1.0714285714285714,0.5357142857142857,0.0,0.0,0.9607142857142856,0.5178571428571428
2026-07-01 09:50:00+05:30,2026-07-01 09:55:00+05:30,2026-07-01 09:55:00+05:30,10,9,1.0,4.163336342344337e-17,1.0,1.0,2.0,1,5.0,2026-07-01 09:45:00+05:30,1.1666666666666665,0.5833333333333333,0.0,0.0,1.069047619047619,0.46666666666666656
2026-07-01 09:55:00+05:30,2026-07-01 10:00:00+05:30,2026-07-01 10:00:00+05:30,9,10,1.0,-5.551115123125783e-17,1.0,1.0,2.0,1,5.0,2026-07-01 09:50:00+05:30,1.0,0.5,0.0,0.0,0.9444444444444444,0.5277777777777778
2026-07-01 10:00:00+05:30,2026-07-01 10:05:00+05:30,2026-07-01 10:05:00+05:30,7,12,0.9999999999999998,1.3877787807814457e-17,1.0,1.0,2.0,1,5.0,2026-07-01 09:55:00+05:30,1.1666666666666665,0.5833333333333333,0.0,0.0,1.069047619047619,0.46428571428571425
2026-07-01 10:05:00+05:30,2026-07-01 10:10:00+05:30,2026-07-01 10:10:00+05:30,9,10,1.0,-4.163336342344337e-17,1.0,1.0,2.0,1,5.0,2026-07-01 10:00:00+05:30,1.5555555555555554,0.7777777777777777,0.0,0.0,1.5063492063492063,0.25555555555555554
2026-07-01 10:10:00+05:30,2026-07-01 10:15:00+05:30,2026-07-01 10:15:00+05:30,10,9,1.0,5.551115123125783e-17,1.0,1.0,2.0,1,5.0,2026-07-01 10:05:00+05:30,1.2,0.6,0.0,0.0,1.1555555555555557,0.4222222222222223
2026-07-01 10:15:00+05:30,2026-07-01 10:20:00+05:30,2026-07-01 10:20:00+05:30,10,9,1.0,5.551115123125783e-17,1.0,1.0,2.0,1,5.0,2026-07-01 10:10:00+05:30,1.2666666666666666,0.6333333333333333,0.0,0.0,1.2666666666666666,0.3666666666666666
2026-07-01 10:20:00+05:30,2026-07-01 10:25:00+05:30,2026-07-01 10:25:00+05:30,10,9,1.0,5.551115123125783e-17,1.0,1.0,2.0,1,5.0,2026-07-01 10:15:00+05:30,0.8444444444444444,0.4222222222222222,0.0,0.0,0.8444444444444444,0.5777777777777778
2026-07-01 10:25:00+05:30,2026-07-01 10:30:00+05:30,2026-07-01 10:30:00+05:30,10,9,1.0,5.551115123125783e-17,1.0,1.0,2.0,1,5.0,2026-07-01 10:20:00+05:30,0.6333333333333333,0.31666666666666665,0.0,0.0,0.6333333333333333,0.6833333333333333
2026-07-01 10:30:00+05:30,2026-07-01 10:35:00+05:30,2026-07-01 10:35:00+05:30,8,11,1.0,-2.7755575615628914e-17,1.0,1.0,2.0,1,5.0,2026-07-01 10:25:00+05:30,1.3363636363636364,0.6681818181818182,0.0,0.0,1.2584595959595961,0.3693181818181819
2026-07-01 10:35:00+05:30,2026-07-01 10:40:00+05:30,2026-07-01 10:40:00+05:30,10,9,1.0,4.163336342344337e-17,1.0,1.0,2.0,1,5.0,2026-07-01 10:30:00+05:30,0.9545454545454545,0.47727272727272724,0.0,0.0,0.831439393939394,0.5833333333333334
2026-07-01 10:40:00+05:30,2026-07-01 10:45:00+05:30,2026-07-01 10:45:00+05:30,8,11,1.0,-2.7755575615628914e-17,1.0,1.0,2.0,1,5.0,2026-07-01 10:35:00+05:30,0.7636363636363634,0.3818181818181817,0.0,0.0,0.617929292929293,0.6931818181818181
2026-07-01 10:45:00+05:30,2026-07-01 10:50:00+05:30,2026-07-01 10:50:00+05:30,9,10,1.0,-5.551115123125783e-17,1.0,1.0,2.0,1,5.0,2026-07-01 10:40:00+05:30,0.8080808080808081,0.40404040404040403,0.0,0.0,0.7415404040404041,0.6277777777777779
2026-07-01 10:50:00+05:30,2026-07-01 10:55:00+05:30,2026-07-01 10:55:00+05:30,10,9,1.0,5.551115123125783e-17,1.0,1.0,2.0,1,5.0,2026-07-01 10:45:00+05:30,1.2,0.6,0.0,0.0,1.1555555555555557,0.4222222222222222
2026-07-01 10:55:00+05:30,2026-07-01 11:00:00+05:30,2026-07-01 11:00:00+05:30,10,9,1.0,4.163336342344337e-17,1.0,1.0,2.0,1,5.0,2026-07-01 10:50:00+05:30,1.2666666666666668,0.6333333333333334,0.0,0.0,1.2666666666666668,0.36666666666666664
2026-07-01 11:00:00+05:30,2026-07-01 11:05:00+05:30,2026-07-01 11:05:00+05:30,9,10,1.0,-5.551115123125783e-17,1.0,1.0,2.0,1,5.0,2026-07-01 10:55:00+05:30,1.4,0.7,0.0,0.0,1.3666666666666667,0.31666666666666665
2026-07-01 11:05:00+05:30,2026-07-01 11:10:00+05:30,2026-07-01 11:10:00+05:30,11,8,1.0,1.3877787807814457e-17,1.0,1.0,2.0,1,5.0,2026-07-01 11:00:00+05:30,0.9545454545454545,0.47727272727272724,0.0,0.0,0.831439393939394,0.5852272727272727
2026-07-01 11:10:00+05:30,2026-07-01 11:15:00+05:30,2026-07-01 11:15:00+05:30,13,6,1.0,5.551115123125783e-17,1.0,1.0,2.0,1,5.0,2026-07-01 11:05:00+05:30,1.2115384615384615,0.6057692307692307,0.0,0.0,1.120920745920746,0.4358974358974359
2026-07-01 11:15:00+05:30,2026-07-01 11:20:00+05:30,2026-07-01 11:20:00+05:30,11,8,0.9999999999999999,2.7755575615628914e-17,1.0,1.0,2.0,1,5.0,2026-07-01 11:10:00+05:30,1.2115384615384617,0.6057692307692308,0.0,0.0,1.120920745920746,0.4431818181818182
2026-07-01 11:20:00+05:30,2026-07-01 11:25:00+05:30,2026-07-01 11:25:00+05:30,10,9,1.0,5.551115123125783e-17,1.0,1.0,2.0,1,5.0,2026-07-01 11:15:00+05:30,1.4141414141414141,0.7070707070707071,0.0,0.0,1.382070707070707,0.31111111111111106
2026-07-01 11:25:00+05:30,2026-07-01 11:30:00+05:30,2026-07-01 11:30:00+05:30,10,9,1.0,5.551115123125783e-17,1.0,1.0,2.0,1,5.0,2026-07-01 11:20:00+05:30,1.2666666666666668,0.6333333333333334,0.0,0.0,1.2666666666666668,0.36666666666666664
2026-07-01 11:30:00+05:30,2026-07-01 11:35:00+05:30,2026-07-01 11:35:00+05:30,9,10,1.0,-5.551115123125783e-17,1.0,1.0,2.0,1,5.0,2026-07-01 11:25:00+05:30,1.2,0.6,0.0,0.0,1.1555555555555557,0.4222222222222222
2026-07-01 11:35:00+05:30,2026-07-01 11:40:00+05:30,2026-07-01 11:40:00+05:30,8,11,1.0,0.0,1.0,1.0,2.0,1,5.0,2026-07-01 11:30:00+05:30,0.8080808080808081,0.40404040404040403,0.0,0.0,0.7415404040404041,0.6306818181818181
2026-07-01 11:40:00+05:30,2026-07-01 11:45:00+05:30,2026-07-01 11:45:00+05:30,14,5,1.0000000000000002,-5.551115123125783e-17,1.0,1.0,2.0,1,5.0,2026-07-01 11:35:00+05:30,1.2987012987012987,0.6493506493506493,0.0,0.0,0.9743506493506493,0.5142857142857143
2026-07-01 11:45:00+05:30,2026-07-01 11:50:00+05:30,2026-07-01 11:50:00+05:30,6,13,1.0,-5.551115123125783e-17,1.0,1.0,2.0,1,5.0,2026-07-01 11:40:00+05:30,1.1868131868131868,0.5934065934065934,0.0,0.0,0.5934065934065933,0.6923076923076924
2026-07-01 11:50:00+05:30,2026-07-01 11:55:00+05:30,2026-07-01 11:55:00+05:30,9,10,1.0,-5.551115123125783e-17,1.0,1.0,2.0,1,5.0,2026-07-01 11:45:00+05:30,1.1282051282051282,0.5641025641025641,0.0,0.0,0.964102564102564,0.5166666666666667
2026-07-01 11:55:00+05:30,2026-07-01 12:00:00+05:30,2026-07-01 12:00:00+05:30,9,10,1.0,-4.163336342344337e-17,1.0,1.0,2.0,1,5.0,2026-07-01 11:50:00+05:30,0.6333333333333333,0.31666666666666665,0.0,0.0,0.6333333333333333,0.6833333333333333
2026-07-01 12:00:00+05:30,2026-07-01 12:05:00+05:30,2026-07-01 12:05:00+05:30,11,8,1.0,2.7755575615628914e-17,1.0,1.0,2.0,1,5.0,2026-07-01 11:55:00+05:30,1.3363636363636364,0.6681818181818182,0.0,0.0,1.2584595959595961,0.3693181818181819
2026-07-01 12:05:00+05:30,2026-07-01 12:10:00+05:30,2026-07-01 12:10:00+05:30,12,7,0.9999999999999998,0.0,1.0,1.0,2.0,1,5.0,2026-07-01 12:00:00+05:30,1.2500000000000002,0.6250000000000001,0.0,0.0,1.2094155844155845,0.3928571428571428
2026-07-01 12:10:00+05:30,2026-07-01 12:15:00+05:30,2026-07-01 12:15:00+05:30,6,13,0.9999999999999999,-5.551115123125783e-17,1.0,1.0,2.0,1,5.0,2026-07-01 12:05:00+05:30,1.282051282051282,0.641025641025641,0.0,0.0,0.9505494505494505,0.5256410256410255
2026-07-01 12:15:00+05:30,2026-07-01 12:20:00+05:30,2026-07-01 12:20:00+05:30,11,8,1.0,1.3877787807814457e-17,1.0,1.0,2.0,1,5.0,2026-07-01 12:10:00+05:30,0.8391608391608393,0.41958041958041964,0.0,0.0,0.4195804195804196,0.7727272727272727
2026-07-01 12:20:00+05:30,2026-07-01 12:25:00+05:30,2026-07-01 12:25:00+05:30,9,10,1.0,-4.163336342344337e-17,1.0,1.0,2.0,1,5.0,2026-07-01 12:15:00+05:30,0.7636363636363634,0.3818181818181817,0.0,0.0,0.617929292929293,0.688888888888889
2026-07-01 12:25:00+05:30,2026-07-01 12:30:00+05:30,2026-07-01 12:30:00+05:30,9,10,1.0,-5.551115123125783e-17,1.0,1.0,2.0,1,5.0,2026-07-01 12:20:00+05:30,1.0555555555555556,0.5277777777777778,0.0,0.0,1.0555555555555556,0.4722222222222222
2026-07-01 12:30:00+05:30,2026-07-01 12:35:00+05:30,2026-07-01 12:35:00+05:30,9,10,1.0,-4.163336342344337e-17,1.0,1.0,2.0,1,5.0,2026-07-01 12:25:00+05:30,1.688888888888889,0.8444444444444446,0.0,0.0,1.688888888888889,0.15555555555555556
2026-07-01 12:35:00+05:30,2026-07-01 12:40:00+05:30,2026-07-01 12:40:00+05:30,11,8,0.9999999999999999,2.7755575615628914e-17,1.0,1.0,2.0,1,5.0,2026-07-01 12:30:00+05:30,0.9545454545454546,0.4772727272727273,0.0,0.0,0.831439393939394,0.5852272727272727
2026-07-01 12:40:00+05:30,2026-07-01 12:45:00+05:30,2026-07-01 12:45:00+05:30,9,10,1.0,-5.551115123125783e-17,1.0,1.0,2.0,1,5.0,2026-07-01 12:35:00+05:30,0.9545454545454545,0.47727272727272724,0.0,0.0,0.831439393939394,0.5833333333333333
2026-07-01 12:45:00+05:30,2026-07-01 12:50:00+05:30,2026-07-01 12:50:00+05:30,8,11,1.0,-1.3877787807814457e-17,1.0,1.0,2.0,1,5.0,2026-07-01 12:40:00+05:30,1.4141414141414141,0.7070707070707071,0.0,0.0,1.3820707070707072,0.3068181818181818
2026-07-01 12:50:00+05:30,2026-07-01 12:55:00+05:30,2026-07-01 12:55:00+05:30,10,9,1.0,5.551115123125783e-17,1.0,1.0,2.0,1,5.0,2026-07-01 12:45:00+05:30,0.7636363636363634,0.3818181818181817,0.0,0.0,0.617929292929293,0.688888888888889
2026-07-01 12:55:00+05:30,2026-07-01 13:00:00+05:30,2026-07-01 13:00:00+05:30,14,5,1.0,-6.938893903907228e-17,1.0,1.0,2.0,1,5.0,2026-07-01 12:50:00+05:30,1.0952380952380953,0.5476190476190477,0.0,0.0,0.8476190476190477,0.5857142857142857
2026-07-01 13:00:00+05:30,2026-07-01 13:05:00+05:30,2026-07-01 13:05:00+05:30,8,11,1.0,-1.3877787807814457e-17,1.0,1.0,2.0,1,5.0,2026-07-01 12:55:00+05:30,1.298701298701299,0.6493506493506495,0.0,0.0,0.9743506493506493,0.5113636363636365
2026-07-01 13:05:00+05:30,2026-07-01 13:10:00+05:30,2026-07-01 13:10:00+05:30,9,10,1.0,-5.551115123125783e-17,1.0,1.0,2.0,1,5.0,2026-07-01 13:00:00+05:30,1.2121212121212122,0.6060606060606061,0.0,0.0,1.1685606060606062,0.41666666666666663
2026-07-01 13:10:00+05:30,2026-07-01 13:15:00+05:30,2026-07-01 13:15:00+05:30,8,11,1.0,-2.7755575615628914e-17,1.0,1.0,2.0,1,5.0,2026-07-01 13:05:00+05:30,1.2121212121212122,0.6060606060606061,0.0,0.0,1.168560606060606,0.4147727272727273
2026-07-01 13:15:00+05:30,2026-07-01 13:20:00+05:30,2026-07-01 13:20:00+05:30,9,10,1.0,-4.163336342344337e-17,1.0,1.0,2.0,1,5.0,2026-07-01 13:10:00+05:30,1.4141414141414141,0.7070707070707071,0.0,0.0,1.382070707070707,0.31111111111111106
2026-07-01 13:20:00+05:30,2026-07-01 13:25:00+05:30,2026-07-01 13:25:00+05:30,6,13,0.9999999999999999,-8.326672684688674e-17,1.0,1.0,2.0,1,5.0,2026-07-01 13:15:00+05:30,0.94017094017094,0.47008547008547,0.0,0.0,0.7367521367521367,0.641025641025641
2026-07-01 13:25:00+05:30,2026-07-01 13:30:00+05:30,2026-07-01 13:30:00+05:30,7,12,0.9999999999999998,-1.3877787807814457e-17,1.0,1.0,2.0,1,5.0,2026-07-01 13:20:00+05:30,1.0989010989010988,0.5494505494505494,0.0,0.0,1.0494505494505495,0.4761904761904762
2026-07-01 13:30:00+05:30,2026-07-01 13:35:00+05:30,2026-07-01 13:35:00+05:30,15,4,0.9999999999999999,-4.163336342344337e-17,1.0,1.0,2.0,1,5.0,2026-07-01 13:25:00+05:30,1.3499999999999999,0.6749999999999999,0.0,0.0,0.8714285714285712,0.575
2026-07-01 13:35:00+05:30,2026-07-01 13:40:00+05:30,2026-07-01 13:40:00+05:30,10,9,1.0,5.551115123125783e-17,1.0,1.0,2.0,1,5.0,2026-07-01 13:30:00+05:30,1.244444444444444,0.622222222222222,0.0,0.0,0.9722222222222221,0.5111111111111112
2026-07-01 13:40:00+05:30,2026-07-01 13:45:00+05:30,2026-07-01 13:45:00+05:30,8,11,1.0,0.0,1.0,1.0,2.0,1,5.0,2026-07-01 13:35:00+05:30,1.1454545454545455,0.5727272727272728,0.0,0.0,1.044949494949495,0.47727272727272735
2026-07-01 13:45:00+05:30,2026-07-01 13:50:00+05:30,2026-07-01 13:50:00+05:30,11,8,1.0,2.7755575615628914e-17,1.0,1.0,2.0,1,5.0,2026-07-01 13:40:00+05:30,1.2727272727272727,0.6363636363636364,0.0,0.0,1.1363636363636362,0.4318181818181818
2026-07-01 13:50:00+05:30,2026-07-01 13:55:00+05:30,2026-07-01 13:55:00+05:30,9,10,1.0,-5.551115123125783e-17,1.0,1.0,2.0,1,5.0,2026-07-01 13:45:00+05:30,1.3363636363636362,0.6681818181818181,0.0,0.0,1.2584595959595961,0.3722222222222222
2026-07-01 13:55:00+05:30,2026-07-01 14:00:00+05:30,2026-07-01 14:00:00+05:30,9,10,1.0,-5.551115123125783e-17,1.0,1.0,2.0,1,5.0,2026-07-01 13:50:00+05:30,1.2666666666666668,0.6333333333333334,0.0,0.0,1.2666666666666668,0.3666666666666667
2026-07-01 14:00:00+05:30,2026-07-01 14:05:00+05:30,2026-07-01 14:05:00+05:30,10,9,1.0,4.163336342344337e-17,1.0,1.0,2.0,1,5.0,2026-07-01 13:55:00+05:30,0.8,0.4,0.0,0.0,0.7333333333333334,0.6333333333333334
2026-07-01 14:05:00+05:30,2026-07-01 14:10:00+05:30,2026-07-01 14:10:00+05:30,12,7,0.9999999999999998,-1.3877787807814457e-17,1.0,1.0,2.0,1,5.0,2026-07-01 14:00:00+05:30,1.3611111111111112,0.6805555555555556,0.0,0.0,1.2876984126984126,0.3511904761904762
2026-07-01 14:10:00+05:30,2026-07-01 14:15:00+05:30,2026-07-01 14:15:00+05:30,10,9,1.0,4.163336342344337e-17,1.0,1.0,2.0,1,5.0,2026-07-01 14:05:00+05:30,0.5833333333333333,0.29166666666666663,0.0,0.0,0.41309523809523807,0.7833333333333334
2026-07-01 14:15:00+05:30,2026-07-01 14:20:00+05:30,2026-07-01 14:20:00+05:30,10,9,1.0000000000000002,4.163336342344337e-17,1.0,1.0,2.0,1,5.0,2026-07-01 14:10:00+05:30,1.2666666666666668,0.6333333333333334,0.0,0.0,1.2666666666666668,0.36666666666666664
2026-07-01 14:20:00+05:30,2026-07-01 14:25:00+05:30,2026-07-01 14:25:00+05:30,13,6,1.0,5.551115123125783e-17,1.0,1.0,2.0,1,5.0,2026-07-01 14:15:00+05:30,1.316239316239316,0.658119658119658,0.0,0.0,1.1914529914529912,0.39743589743589736
2026-07-01 14:25:00+05:30,2026-07-01 14:30:00+05:30,2026-07-01 14:30:00+05:30,9,10,1.0,-4.163336342344337e-17,1.0,1.0,2.0,1,5.0,2026-07-01 14:20:00+05:30,1.4153846153846152,0.7076923076923076,0.0,0.0,1.2632478632478632,0.37777777777777777
2026-07-01 14:30:00+05:30,2026-07-01 14:35:00+05:30,2026-07-01 14:35:00+05:30,9,10,1.0000000000000002,-4.163336342344337e-17,1.0,1.0,2.0,1,5.0,2026-07-01 14:25:00+05:30,0.6333333333333333,0.31666666666666665,0.0,0.0,0.6333333333333333,0.6833333333333333
2026-07-01 14:35:00+05:30,2026-07-01 14:40:00+05:30,2026-07-01 14:40:00+05:30,9,10,1.0,-5.551115123125783e-17,1.0,1.0,2.0,1,5.0,2026-07-01 14:30:00+05:30,1.0555555555555556,0.5277777777777778,0.0,0.0,1.0555555555555556,0.4722222222222222
2026-07-01 14:40:00+05:30,2026-07-01 14:45:00+05:30,2026-07-01 14:45:00+05:30,13,6,1.0,5.551115123125783e-17,1.0,1.0,2.0,1,5.0,2026-07-01 14:35:00+05:30,1.0615384615384613,0.5307692307692307,0.0,0.0,0.8085470085470087,0.6025641025641025
2026-07-01 14:45:00+05:30,2026-07-01 14:50:00+05:30,2026-07-01 14:50:00+05:30,9,10,1.0,-5.551115123125783e-17,1.0,1.0,2.0,1,5.0,2026-07-01 14:40:00+05:30,0.8846153846153846,0.4423076923076923,0.0,0.0,0.5811965811965812,0.6944444444444444
2026-07-01 14:50:00+05:30,2026-07-01 14:55:00+05:30,2026-07-01 14:55:00+05:30,9,10,1.0,-5.551115123125783e-17,1.0,1.0,2.0,1,5.0,2026-07-01 14:45:00+05:30,1.4777777777777779,0.7388888888888889,0.0,0.0,1.4777777777777779,0.26111111111111107
2026-07-01 14:55:00+05:30,2026-07-01 15:00:00+05:30,2026-07-01 15:00:00+05:30,10,9,1.0,4.163336342344337e-17,1.0,1.0,2.0,1,5.0,2026-07-01 14:50:00+05:30,0.5999999999999999,0.29999999999999993,0.0,0.0,0.5222222222222223,0.738888888888889
2026-07-01 15:00:00+05:30,2026-07-01 15:05:00+05:30,2026-07-01 15:05:00+05:30,7,12,0.9999999999999998,0.0,1.0,1.0,2.0,1,5.0,2026-07-01 14:55:00+05:30,1.4666666666666668,0.7333333333333334,0.0,0.0,1.3682539682539683,0.3095238095238095
2026-07-01 15:05:00+05:30,2026-07-01 15:10:00+05:30,2026-07-01 15:10:00+05:30,8,11,0.9999999999999999,-2.7755575615628914e-17,1.0,1.0,2.0,1,5.0,2026-07-01 15:00:00+05:30,0.625,0.3125,0.0,0.0,0.5462662337662337,0.7215909090909091
2026-07-01 15:10:00+05:30,2026-07-01 15:15:00+05:30,2026-07-01 15:15:00+05:30,10,9,1.0,4.163336342344337e-17,1.0,1.0,2.0,1,5.0,2026-07-01 15:05:00+05:30,1.1454545454545455,0.5727272727272728,0.0,0.0,1.044949494949495,0.47777777777777775
2026-07-01 15:15:00+05:30,2026-07-01 15:20:00+05:30,2026-07-01 15:20:00+05:30,11,8,1.0,2.7755575615628914e-17,1.0,1.0,2.0,1,5.0,2026-07-01 15:10:00+05:30,1.0101010101010102,0.5050505050505051,0.0,0.0,0.955050505050505,0.5227272727272727
2026-07-01 15:20:00+05:30,2026-07-01 15:25:00+05:30,2026-07-01 15:25:00+05:30,5,14,0.9999999999999999,5.551115123125783e-17,1.0,1.0,2.0,1,5.0,2026-07-01 15:15:00+05:30,1.1363636363636365,0.5681818181818182,0.0,0.0,0.7306818181818182,0.65
2026-07-02 09:15:00+05:30,2026-07-02 09:20:00+05:30,2026-07-02 09:20:00+05:30,14,5,1.0000000000000002,-5.551115123125783e-17,1.0,1.0,2.0,1,5.0,2026-07-01 15:20:00+05:30,1.5714285714285714,0.7857142857142857,0.0,0.0,1.1857142857142857,0.40714285714285714
2026-07-02 09:20:00+05:30,2026-07-02 09:25:00+05:30,2026-07-02 09:25:00+05:30,10,9,1.0,4.163336342344337e-17,1.0,1.0,2.0,1,5.0,2026-07-02 09:15:00+05:30,0.9126984126984128,0.4563492063492064,0.0,0.0,0.6063492063492064,0.6722222222222224
2026-07-02 09:25:00+05:30,2026-07-02 09:30:00+05:30,2026-07-02 09:30:00+05:30,8,11,0.9999999999999999,0.0,1.0,1.0,2.0,1,5.0,2026-07-02 09:20:00+05:30,1.3363636363636362,0.6681818181818181,0.0,0.0,1.2584595959595961,0.3693181818181818
2026-07-02 09:30:00+05:30,2026-07-02 09:35:00+05:30,2026-07-02 09:35:00+05:30,7,12,0.9999999999999998,0.0,1.0,1.0,2.0,1,5.0,2026-07-02 09:25:00+05:30,1.0416666666666665,0.5208333333333333,0.0,0.0,0.9883658008658008,0.5059523809523809
2026-07-02 09:35:00+05:30,2026-07-02 09:40:00+05:30,2026-07-02 09:40:00+05:30,9,10,1.0,-4.163336342344337e-17,1.0,1.0,2.0,1,5.0,2026-07-02 09:30:00+05:30,0.9722222222222222,0.4861111111111111,0.0,0.0,0.8503968253968254,0.5722222222222222
2026-07-02 09:40:00+05:30,2026-07-02 09:45:00+05:30,2026-07-02 09:45:00+05:30,10,9,1.0000000000000002,4.163336342344337e-17,1.0,1.0,2.0,1,5.0,2026-07-02 09:35:00+05:30,0.9999999999999999,0.49999999999999994,0.0,0.0,0.9444444444444443,0.5277777777777778
2026-07-02 09:45:00+05:30,2026-07-02 09:50:00+05:30,2026-07-02 09:50:00+05:30,8,11,0.9999999999999999,-1.3877787807814457e-17,1.0,1.0,2.0,1,5.0,2026-07-02 09:40:00+05:30,1.1454545454545455,0.5727272727272728,0.0,0.0,1.044949494949495,0.4772727272727273
2026-07-02 09:50:00+05:30,2026-07-02 09:55:00+05:30,2026-07-02 09:55:00+05:30,11,8,1.0,2.7755575615628914e-17,1.0,1.0,2.0,1,5.0,2026-07-02 09:45:00+05:30,1.4545454545454544,0.7272727272727272,0.0,0.0,1.352272727272727,0.32386363636363635
2026-07-02 09:55:00+05:30,2026-07-02 10:00:00+05:30,2026-07-02 10:00:00+05:30,12,7,0.9999999999999998,0.0,1.0,1.0,2.0,1,5.0,2026-07-02 09:50:00+05:30,0.8333333333333333,0.41666666666666663,0.0,0.0,0.7673160173160173,0.619047619047619
2026-07-02 10:00:00+05:30,2026-07-02 10:05:00+05:30,2026-07-02 10:05:00+05:30,8,11,0.9999999999999999,-1.3877787807814457e-17,1.0,1.0,2.0,1,5.0,2026-07-02 09:55:00+05:30,1.5681818181818181,0.7840909090909091,0.0,0.0,1.4537337662337664,0.27840909090909094
2026-07-02 10:05:00+05:30,2026-07-02 10:10:00+05:30,2026-07-02 10:10:00+05:30,12,7,0.9999999999999998,0.0,1.0,1.0,2.0,1,5.0,2026-07-02 10:00:00+05:30,1.2196969696969697,0.6098484848484849,0.0,0.0,1.0116341991341993,0.49404761904761896
2026-07-02 10:10:00+05:30,2026-07-02 10:15:00+05:30,2026-07-02 10:15:00+05:30,10,9,1.0,5.551115123125783e-17,1.0,1.0,2.0,1,5.0,2026-07-02 10:05:00+05:30,0.9722222222222221,0.48611111111111105,0.0,0.0,0.8503968253968254,0.5722222222222223
2026-07-02 10:15:00+05:30,2026-07-02 10:20:00+05:30,2026-07-02 10:20:00+05:30,9,10,1.0,-5.551115123125783e-17,1.0,1.0,2.0,1,5.0,2026-07-02 10:10:00+05:30,1.4,0.7,0.0,0.0,1.3666666666666667,0.31666666666666665
2026-07-02 10:20:00+05:30,2026-07-02 10:25:00+05:30,2026-07-02 10:25:00+05:30,12,7,0.9999999999999998,-1.3877787807814457e-17,1.0,1.0,2.0,1,5.0,2026-07-02 10:15:00+05:30,1.0999999999999996,0.5499999999999998,0.0,0.0,0.930952380952381,0.5357142857142857
2026-07-02 10:25:00+05:30,2026-07-02 10:30:00+05:30,2026-07-02 10:30:00+05:30,8,11,1.0,-2.7755575615628914e-17,1.0,1.0,2.0,1,5.0,2026-07-02 10:20:00+05:30,1.7424242424242424,0.8712121212121212,0.0,0.0,1.67478354978355,0.17045454545454547
2026-07-02 10:30:00+05:30,2026-07-02 10:35:00+05:30,2026-07-02 10:35:00+05:30,10,9,1.0,4.163336342344337e-17,1.0,1.0,2.0,1,5.0,2026-07-02 10:25:00+05:30,0.9545454545454544,0.4772727272727272,0.0,0.0,0.831439393939394,0.5833333333333334
2026-07-02 10:35:00+05:30,2026-07-02 10:40:00+05:30,2026-07-02 10:40:00+05:30,11,8,1.0,4.163336342344337e-17,1.0,1.0,2.0,1,5.0,2026-07-02 10:30:00+05:30,0.8080808080808081,0.40404040404040403,0.0,0.0,0.7415404040404041,0.6306818181818181
2026-07-02 10:40:00+05:30,2026-07-02 10:45:00+05:30,2026-07-02 10:45:00+05:30,11,8,1.0,2.7755575615628914e-17,1.0,1.0,2.0,1,5.0,2026-07-02 10:35:00+05:30,1.0795454545454546,0.5397727272727273,0.0,0.0,1.0795454545454546,0.46022727272727276
2026-07-02 10:45:00+05:30,2026-07-02 10:50:00+05:30,2026-07-02 10:50:00+05:30,8,11,1.0,-2.7755575615628914e-17,1.0,1.0,2.0,1,5.0,2026-07-02 10:40:00+05:30,1.272727272727273,0.6363636363636365,0.0,0.0,1.1363636363636365,0.4318181818181818
2026-07-02 10:50:00+05:30,2026-07-02 10:55:00+05:30,2026-07-02 10:55:00+05:30,10,9,1.0,5.551115123125783e-17,1.0,1.0,2.0,1,5.0,2026-07-02 10:45:00+05:30,0.7636363636363634,0.3818181818181817,0.0,0.0,0.617929292929293,0.6888888888888889
2026-07-02 10:55:00+05:30,2026-07-02 11:00:00+05:30,2026-07-02 11:00:00+05:30,9,10,1.0000000000000002,-4.163336342344337e-17,1.0,1.0,2.0,1,5.0,2026-07-02 10:50:00+05:30,0.7999999999999998,0.3999999999999999,0.0,0.0,0.7333333333333333,0.6333333333333334
2026-07-02 11:00:00+05:30,2026-07-02 11:05:00+05:30,2026-07-02 11:05:00+05:30,11,8,0.9999999999999999,1.3877787807814457e-17,1.0,1.0,2.0,1,5.0,2026-07-02 10:55:00+05:30,1.5272727272727271,0.7636363636363636,0.0,0.0,1.4719696969696972,0.26136363636363635
2026-07-02 11:05:00+05:30,2026-07-02 11:10:00+05:30,2026-07-02 11:10:00+05:30,6,13,1.0,-4.163336342344337e-17,1.0,1.0,2.0,1,5.0,2026-07-02 11:00:00+05:30,1.3426573426573427,0.6713286713286714,0.0,0.0,1.1088286713286715,0.44230769230769224
2026-07-02 11:10:00+05:30,2026-07-02 11:15:00+05:30,2026-07-02 11:15:00+05:30,11,8,1.0,1.3877787807814457e-17,1.0,1.0,2.0,1,5.0,2026-07-02 11:05:00+05:30,1.3426573426573427,0.6713286713286714,0.0,0.0,1.1088286713286715,0.44886363636363635
2026-07-02 11:15:00+05:30,2026-07-02 11:20:00+05:30,2026-07-02 11:20:00+05:30,10,9,1.0,4.163336342344337e-17,1.0,1.0,2.0,1,5.0,2026-07-02 11:10:00+05:30,1.0101010101010104,0.5050505050505052,0.0,0.0,0.9550505050505051,0.5222222222222223
2026-07-02 11:20:00+05:30,2026-07-02 11:25:00+05:30,2026-07-02 11:25:00+05:30,7,12,0.9999999999999998,0.0,1.0,1.0,2.0,1,5.0,2026-07-02 11:15:00+05:30,1.0999999999999999,0.5499999999999999,0.0,0.0,0.930952380952381,0.5357142857142857
2026-07-02 11:25:00+05:30,2026-07-02 11:30:00+05:30,2026-07-02 11:30:00+05:30,9,10,1.0,-4.163336342344337e-17,1.0,1.0,2.0,1,5.0,2026-07-02 11:20:00+05:30,0.9722222222222223,0.48611111111111116,0.0,0.0,0.8503968253968254,0.5722222222222223
2026-07-02 11:30:00+05:30,2026-07-02 11:35:00+05:30,2026-07-02 11:35:00+05:30,6,13,1.0,-5.551115123125783e-17,1.0,1.0,2.0,1,5.0,2026-07-02 11:25:00+05:30,1.316239316239316,0.658119658119658,0.0,0.0,1.1914529914529912,0.3974358974358974
2026-07-02 11:35:00+05:30,2026-07-02 11:40:00+05:30,2026-07-02 11:40:00+05:30,9,10,1.0,-5.551115123125783e-17,1.0,1.0,2.0,1,5.0,2026-07-02 11:30:00+05:30,1.5042735042735043,0.7521367521367521,0.0,0.0,1.4188034188034186,0.3055555555555556
2026-07-02 11:40:00+05:30,2026-07-02 11:45:00+05:30,2026-07-02 11:45:00+05:30,11,8,1.0,1.3877787807814457e-17,1.0,1.0,2.0,1,5.0,2026-07-02 11:35:00+05:30,1.5272727272727271,0.7636363636363636,0.0,0.0,1.4719696969696972,0.26136363636363635
2026-07-02 11:45:00+05:30,2026-07-02 11:50:00+05:30,2026-07-02 11:50:00+05:30,10,9,1.0,5.551115123125783e-17,1.0,1.0,2.0,1,5.0,2026-07-02 11:40:00+05:30,1.2121212121212122,0.6060606060606061,0.0,0.0,1.1685606060606062,0.41666666666666663
2026-07-02 11:50:00+05:30,2026-07-02 11:55:00+05:30,2026-07-02 11:55:00+05:30,10,9,1.0,4.163336342344337e-17,1.0,1.0,2.0,1,5.0,2026-07-02 11:45:00+05:30,0.8444444444444443,0.42222222222222217,0.0,0.0,0.8444444444444443,0.5777777777777778
2026-07-02 11:55:00+05:30,2026-07-02 12:00:00+05:30,2026-07-02 12:00:00+05:30,8,11,1.0,-2.7755575615628914e-17,1.0,1.0,2.0,1,5.0,2026-07-02 11:50:00+05:30,1.1454545454545453,0.5727272727272726,0.0,0.0,1.044949494949495,0.4772727272727273
2026-07-02 12:00:00+05:30,2026-07-02 12:05:00+05:30,2026-07-02 12:05:00+05:30,10,9,1.0,5.551115123125783e-17,1.0,1.0,2.0,1,5.0,2026-07-02 11:55:00+05:30,1.1454545454545455,0.5727272727272728,0.0,0.0,1.044949494949495,0.47777777777777775
2026-07-02 12:05:00+05:30,2026-07-02 12:10:00+05:30,2026-07-02 12:10:00+05:30,10,9,1.0000000000000002,4.163336342344337e-17,1.0,1.0,2.0,1,5.0,2026-07-02 12:00:00+05:30,1.0555555555555556,0.5277777777777778,0.0,0.0,1.0555555555555556,0.4722222222222222
2026-07-02 12:10:00+05:30,2026-07-02 12:15:00+05:30,2026-07-02 12:15:00+05:30,12,7,0.9999999999999998,0.0,1.0,1.0,2.0,1,5.0,2026-07-02 12:05:00+05:30,0.9722222222222221,0.48611111111111105,0.0,0.0,0.8503968253968254,0.5773809523809522
2026-07-02 12:15:00+05:30,2026-07-02 12:20:00+05:30,2026-07-02 12:20:00+05:30,11,8,1.0,2.7755575615628914e-17,1.0,1.0,2.0,1,5.0,2026-07-02 12:10:00+05:30,0.8333333333333331,0.4166666666666666,0.0,0.0,0.7673160173160173,0.6136363636363636
2026-07-02 12:20:00+05:30,2026-07-02 12:25:00+05:30,2026-07-02 12:25:00+05:30,10,9,1.0,4.163336342344337e-17,1.0,1.0,2.0,1,5.0,2026-07-02 12:15:00+05:30,1.2121212121212122,0.6060606060606061,0.0,0.0,1.1685606060606062,0.4166666666666667
2026-07-02 12:25:00+05:30,2026-07-02 12:30:00+05:30,2026-07-02 12:30:00+05:30,10,9,1.0,5.551115123125783e-17,1.0,1.0,2.0,1,5.0,2026-07-02 12:20:00+05:30,1.2666666666666668,0.6333333333333334,0.0,0.0,1.2666666666666668,0.36666666666666664
2026-07-02 12:30:00+05:30,2026-07-02 12:35:00+05:30,2026-07-02 12:35:00+05:30,11,8,1.0,1.3877787807814457e-17,1.0,1.0,2.0,1,5.0,2026-07-02 12:25:00+05:30,1.0101010101010102,0.5050505050505051,0.0,0.0,0.9550505050505051,0.5227272727272727
2026-07-02 12:35:00+05:30,2026-07-02 12:40:00+05:30,2026-07-02 12:40:00+05:30,7,12,0.9999999999999998,0.0,1.0,1.0,2.0,1,5.0,2026-07-02 12:30:00+05:30,1.2196969696969697,0.6098484848484849,0.0,0.0,1.011634199134199,0.494047619047619
2026-07-02 12:40:00+05:30,2026-07-02 12:45:00+05:30,2026-07-02 12:45:00+05:30,10,9,1.0,4.163336342344337e-17,1.0,1.0,2.0,1,5.0,2026-07-02 12:35:00+05:30,1.2833333333333337,0.6416666666666668,0.0,0.0,1.1496031746031745,0.42777777777777776
2026-07-02 12:45:00+05:30,2026-07-02 12:50:00+05:30,2026-07-02 12:50:00+05:30,10,9,1.0,4.163336342344337e-17,1.0,1.0,2.0,1,5.0,2026-07-02 12:40:00+05:30,1.0555555555555556,0.5277777777777778,0.0,0.0,1.0555555555555556,0.4722222222222222
2026-07-02 12:50:00+05:30,2026-07-02 12:55:00+05:30,2026-07-02 12:55:00+05:30,8,11,1.0,-1.3877787807814457e-17,1.0,1.0,2.0,1,5.0,2026-07-02 12:45:00+05:30,1.1454545454545453,0.5727272727272726,0.0,0.0,1.044949494949495,0.4772727272727273
2026-07-02 12:55:00+05:30,2026-07-02 13:00:00+05:30,2026-07-02 13:00:00+05:30,9,10,1.0,-5.551115123125783e-17,1.0,1.0,2.0,1,5.0,2026-07-02 12:50:00+05:30,1.0101010101010102,0.5050505050505051,0.0,0.0,0.9550505050505051,0.5222222222222221
2026-07-02 13:00:00+05:30,2026-07-02 13:05:00+05:30,2026-07-02 13:05:00+05:30,14,5,1.0,-5.551115123125783e-17,1.0,1.0,2.0,1,5.0,2026-07-02 12:55:00+05:30,1.0285714285714287,0.5142857142857143,0.0,0.0,0.6698412698412699,0.6857142857142857
2026-07-02 13:05:00+05:30,2026-07-02 13:10:00+05:30,2026-07-02 13:10:00+05:30,13,6,1.0,5.551115123125783e-17,1.0,1.0,2.0,1,5.0,2026-07-02 13:00:00+05:30,0.7142857142857144,0.3571428571428572,0.0,0.0,0.634065934065934,0.6730769230769231
2026-07-02 13:10:00+05:30,2026-07-02 13:15:00+05:30,2026-07-02 13:15:00+05:30,11,8,1.0,4.163336342344337e-17,1.0,1.0,2.0,1,5.0,2026-07-02 13:05:00+05:30,0.8076923076923076,0.4038461538461538,0.0,0.0,0.6614219114219114,0.6590909090909091
2026-07-02 13:15:00+05:30,2026-07-02 13:20:00+05:30,2026-07-02 13:20:00+05:30,11,8,0.9999999999999999,2.7755575615628914e-17,1.0,1.0,2.0,1,5.0,2026-07-02 13:10:00+05:30,1.2954545454545454,0.6477272727272727,0.0,0.0,1.2954545454545454,0.3522727272727273
2026-07-02 13:20:00+05:30,2026-07-02 13:25:00+05:30,2026-07-02 13:25:00+05:30,10,9,1.0,5.551115123125783e-17,1.0,1.0,2.0,1,5.0,2026-07-02 13:15:00+05:30,1.4141414141414141,0.7070707070707071,0.0,0.0,1.382070707070707,0.31111111111111106
2026-07-02 13:25:00+05:30,2026-07-02 13:30:00+05:30,2026-07-02 13:30:00+05:30,10,9,1.0000000000000002,4.163336342344337e-17,1.0,1.0,2.0,1,5.0,2026-07-02 13:20:00+05:30,1.4777777777777779,0.7388888888888889,0.0,0.0,1.4777777777777779,0.26111111111111107
2026-07-02 13:30:00+05:30,2026-07-02 13:35:00+05:30,2026-07-02 13:35:00+05:30,10,9,1.0,5.551115123125783e-17,1.0,1.0,2.0,1,5.0,2026-07-02 13:25:00+05:30,1.0555555555555556,0.5277777777777778,0.0,0.0,1.0555555555555556,0.4722222222222222
2026-07-02 13:35:00+05:30,2026-07-02 13:40:00+05:30,2026-07-02 13:40:00+05:30,9,10,1.0,-5.551115123125783e-17,1.0,1.0,2.0,1,5.0,2026-07-02 13:30:00+05:30,1.2000000000000002,0.6000000000000001,0.0,0.0,1.1555555555555554,0.42222222222222217
2026-07-02 13:40:00+05:30,2026-07-02 13:45:00+05:30,2026-07-02 13:45:00+05:30,9,10,1.0,-4.163336342344337e-17,1.0,1.0,2.0,1,5.0,2026-07-02 13:35:00+05:30,1.4777777777777779,0.7388888888888889,0.0,0.0,1.4777777777777779,0.26111111111111107
2026-07-02 13:45:00+05:30,2026-07-02 13:50:00+05:30,2026-07-02 13:50:00+05:30,12,7,0.9999999999999998,0.0,1.0,1.0,2.0,1,5.0,2026-07-02 13:40:00+05:30,1.1,0.55,0.0,0.0,0.930952380952381,0.5357142857142856
2026-07-02 13:50:00+05:30,2026-07-02 13:55:00+05:30,2026-07-02 13:55:00+05:30,7,12,0.9999999999999998,0.0,1.0,1.0,2.0,1,5.0,2026-07-02 13:45:00+05:30,1.4999999999999996,0.7499999999999998,0.0,0.0,1.3214285714285712,0.33928571428571425
2026-07-02 13:55:00+05:30,2026-07-02 14:00:00+05:30,2026-07-02 14:00:00+05:30,10,9,1.0,4.163336342344337e-17,1.0,1.0,2.0,1,5.0,2026-07-02 13:50:00+05:30,1.1,0.55,0.0,0.0,0.930952380952381,0.5333333333333334
2026-07-02 14:00:00+05:30,2026-07-02 14:05:00+05:30,2026-07-02 14:05:00+05:30,8,11,1.0,-1.3877787807814457e-17,1.0,1.0,2.0,1,5.0,2026-07-02 13:55:00+05:30,1.5272727272727273,0.7636363636363637,0.0,0.0,1.4719696969696972,0.26136363636363635
2026-07-02 14:05:00+05:30,2026-07-02 14:10:00+05:30,2026-07-02 14:10:00+05:30,9,10,1.0,-5.551115123125783e-17,1.0,1.0,2.0,1,5.0,2026-07-02 14:00:00+05:30,1.2121212121212122,0.6060606060606061,0.0,0.0,1.1685606060606062,0.4166666666666667
2026-07-02 14:10:00+05:30,2026-07-02 14:15:00+05:30,2026-07-02 14:15:00+05:30,8,11,1.0,-1.3877787807814457e-17,1.0,1.0,2.0,1,5.0,2026-07-02 14:05:00+05:30,1.2121212121212122,0.6060606060606061,0.0,0.0,1.1685606060606062,0.4147727272727273
2026-07-02 14:15:00+05:30,2026-07-02 14:20:00+05:30,2026-07-02 14:20:00+05:30,10,9,1.0,5.551115123125783e-17,1.0,1.0,2.0,1,5.0,2026-07-02 14:10:00+05:30,1.5272727272727273,0.7636363636363637,0.0,0.0,1.4719696969696972,0.2666666666666666
2026-07-02 14:20:00+05:30,2026-07-02 14:25:00+05:30,2026-07-02 14:25:00+05:30,12,7,0.9999999999999998,-1.3877787807814457e-17,1.0,1.0,2.0,1,5.0,2026-07-02 14:15:00+05:30,1.3611111111111112,0.6805555555555556,0.0,0.0,1.287698412698413,0.35119047619047616
2026-07-02 14:25:00+05:30,2026-07-02 14:30:00+05:30,2026-07-02 14:30:00+05:30,13,6,1.0000000000000002,5.551115123125783e-17,1.0,1.0,2.0,1,5.0,2026-07-02 14:20:00+05:30,1.0989010989010988,0.5494505494505494,0.0,0.0,1.0494505494505495,0.47435897435897434
2026-07-02 14:30:00+05:30,2026-07-02 14:35:00+05:30,2026-07-02 14:35:00+05:30,11,8,1.0,1.3877787807814457e-17,1.0,1.0,2.0,1,5.0,2026-07-02 14:25:00+05:30,1.2115384615384615,0.6057692307692307,0.0,0.0,1.120920745920746,0.4431818181818182
2026-07-02 14:35:00+05:30,2026-07-02 14:40:00+05:30,2026-07-02 14:40:00+05:30,9,10,1.0,-5.551115123125783e-17,1.0,1.0,2.0,1,5.0,2026-07-02 14:30:00+05:30,0.9545454545454545,0.47727272727272724,0.0,0.0,0.831439393939394,0.5833333333333333
2026-07-02 14:40:00+05:30,2026-07-02 14:45:00+05:30,2026-07-02 14:45:00+05:30,10,9,1.0,4.163336342344337e-17,1.0,1.0,2.0,1,5.0,2026-07-02 14:35:00+05:30,1.2,0.6,0.0,0.0,1.1555555555555557,0.4222222222222222
2026-07-02 14:45:00+05:30,2026-07-02 14:50:00+05:30,2026-07-02 14:50:00+05:30,13,6,1.0,5.551115123125783e-17,1.0,1.0,2.0,1,5.0,2026-07-02 14:40:00+05:30,0.94017094017094,0.47008547008547,0.0,0.0,0.7367521367521367,0.6410256410256411
2026-07-02 14:50:00+05:30,2026-07-02 14:55:00+05:30,2026-07-02 14:55:00+05:30,10,9,1.0,5.551115123125783e-17,1.0,1.0,2.0,1,5.0,2026-07-02 14:45:00+05:30,1.316239316239316,0.658119658119658,0.0,0.0,1.1914529914529912,0.4111111111111111
2026-07-02 14:55:00+05:30,2026-07-02 15:00:00+05:30,2026-07-02 15:00:00+05:30,8,11,1.0,-2.7755575615628914e-17,1.0,1.0,2.0,1,5.0,2026-07-02 14:50:00+05:30,0.7636363636363636,0.3818181818181818,0.0,0.0,0.617929292929293,0.6931818181818181
2026-07-02 15:00:00+05:30,2026-07-02 15:05:00+05:30,2026-07-02 15:05:00+05:30,8,11,1.0,-2.7755575615628914e-17,1.0,1.0,2.0,1,5.0,2026-07-02 14:55:00+05:30,1.5113636363636362,0.7556818181818181,0.0,0.0,1.5113636363636362,0.24431818181818182
2026-07-02 15:05:00+05:30,2026-07-02 15:10:00+05:30,2026-07-02 15:10:00+05:30,12,7,0.9999999999999998,6.938893903907228e-18,1.0,1.0,2.0,1,5.0,2026-07-02 15:00:00+05:30,1.5681818181818183,0.7840909090909092,0.0,0.0,1.4537337662337664,0.2678571428571428
2026-07-02 15:10:00+05:30,2026-07-02 15:15:00+05:30,2026-07-02 15:15:00+05:30,8,11,1.0,-1.3877787807814457e-17,1.0,1.0,2.0,1,5.0,2026-07-02 15:05:00+05:30,1.3939393939393938,0.6969696969696969,0.0,0.0,1.2326839826839828,0.3863636363636364
2026-07-02 15:15:00+05:30,2026-07-02 15:20:00+05:30,2026-07-02 15:20:00+05:30,11,8,0.9999999999999999,2.7755575615628914e-17,1.0,1.0,2.0,1,5.0,2026-07-02 15:10:00+05:30,0.7272727272727273,0.36363636363636365,0.0,0.0,0.48863636363636365,0.7556818181818181
2026-07-02 15:20:00+05:30,2026-07-02 15:25:00+05:30,2026-07-02 15:25:00+05:30,11,8,1.0,0.0,1.0,1.0,2.0,1,5.0,2026-07-02 15:15:00+05:30,0.6477272727272727,0.32386363636363635,0.0,0.0,0.6477272727272727,0.6761363636363635
2026-07-03 09:15:00+05:30,2026-07-03 09:20:00+05:30,2026-07-03 09:20:00+05:30,13,6,1.0,5.551115123125783e-17,1.0,1.0,2.0,1,5.0,2026-07-02 15:20:00+05:30,0.6057692307692307,0.30288461538461536,0.0,0.0,0.4316724941724942,0.8012820512820513
2026-07-03 09:20:00+05:30,2026-07-03 09:25:00+05:30,2026-07-03 09:25:00+05:30,10,9,1.0,4.163336342344337e-17,1.0,1.0,2.0,1,5.0,2026-07-03 09:15:00+05:30,1.316239316239316,0.658119658119658,0.0,0.0,1.1914529914529912,0.4111111111111111
2026-07-03 09:25:00+05:30,2026-07-03 09:30:00+05:30,2026-07-03 09:30:00+05:30,10,9,1.0,5.551115123125783e-17,1.0,1.0,2.0,1,5.0,2026-07-03 09:20:00+05:30,0.8444444444444444,0.4222222222222222,0.0,0.0,0.8444444444444444,0.5777777777777778
2026-07-03 09:30:00+05:30,2026-07-03 09:35:00+05:30,2026-07-03 09:35:00+05:30,12,7,0.9999999999999998,0.0,1.0,1.0,2.0,1,5.0,2026-07-03 09:25:00+05:30,0.9722222222222221,0.48611111111111105,0.0,0.0,0.8503968253968254,0.5773809523809523
2026-07-03 09:35:00+05:30,2026-07-03 09:40:00+05:30,2026-07-03 09:40:00+05:30,13,6,1.0,5.551115123125783e-17,1.0,1.0,2.0,1,5.0,2026-07-03 09:30:00+05:30,0.8791208791208789,0.43956043956043944,0.0,0.0,0.8145604395604396,0.5961538461538463
2026-07-03 09:40:00+05:30,2026-07-03 09:45:00+05:30,2026-07-03 09:45:00+05:30,7,12,0.9999999999999998,0.0,1.0,1.0,2.0,1,5.0,2026-07-03 09:35:00+05:30,1.1217948717948718,0.5608974358974359,0.0,0.0,0.7156593406593407,0.6369047619047618
2026-07-03 09:45:00+05:30,2026-07-03 09:50:00+05:30,2026-07-03 09:50:00+05:30,8,11,1.0,-2.7755575615628914e-17,1.0,1.0,2.0,1,5.0,2026-07-03 09:40:00+05:30,1.0416666666666667,0.5208333333333334,0.0,0.0,0.9883658008658008,0.5056818181818181
2026-07-03 09:50:00+05:30,2026-07-03 09:55:00+05:30,2026-07-03 09:55:00+05:30,10,9,1.0,5.551115123125783e-17,1.0,1.0,2.0,1,5.0,2026-07-03 09:45:00+05:30,0.9545454545454546,0.4772727272727273,0.0,0.0,0.831439393939394,0.5833333333333334
2026-07-03 09:55:00+05:30,2026-07-03 10:00:00+05:30,2026-07-03 10:00:00+05:30,13,6,1.0000000000000002,5.551115123125783e-17,1.0,1.0,2.0,1,5.0,2026-07-03 09:50:00+05:30,1.316239316239316,0.658119658119658,0.0,0.0,1.1914529914529917,0.3974358974358974
2026-07-03 10:00:00+05:30,2026-07-03 10:05:00+05:30,2026-07-03 10:05:00+05:30,8,11,1.0,0.0,1.0,1.0,2.0,1,5.0,2026-07-03 09:55:00+05:30,1.5104895104895102,0.7552447552447551,0.0,0.0,1.3385780885780885,0.34090909090909094
2026-07-03 10:05:00+05:30,2026-07-03 10:10:00+05:30,2026-07-03 10:10:00+05:30,10,9,1.0,4.163336342344337e-17,1.0,1.0,2.0,1,5.0,2026-07-03 10:00:00+05:30,1.3363636363636362,0.6681818181818181,0.0,0.0,1.258459595959596,0.3722222222222222
2026-07-03 10:10:00+05:30,2026-07-03 10:15:00+05:30,2026-07-03 10:15:00+05:30,9,10,1.0,-5.551115123125783e-17,1.0,1.0,2.0,1,5.0,2026-07-03 10:05:00+05:30,0.7999999999999999,0.39999999999999997,0.0,0.0,0.7333333333333333,0.6333333333333333
2026-07-03 10:15:00+05:30,2026-07-03 10:20:00+05:30,2026-07-03 10:20:00+05:30,7,12,0.9999999999999998,1.3877787807814457e-17,1.0,1.0,2.0,1,5.0,2026-07-03 10:10:00+05:30,1.3611111111111112,0.6805555555555556,0.0,0.0,1.2876984126984126,0.3511904761904762
2026-07-03 10:20:00+05:30,2026-07-03 10:25:00+05:30,2026-07-03 10:25:00+05:30,11,8,1.0,1.3877787807814457e-17,1.0,1.0,2.0,1,5.0,2026-07-03 10:15:00+05:30,1.3939393939393938,0.6969696969696969,0.0,0.0,1.2326839826839828,0.38636363636363635
2026-07-03 10:25:00+05:30,2026-07-03 10:30:00+05:30,2026-07-03 10:30:00+05:30,5,14,1.0,5.551115123125783e-17,1.0,1.0,2.0,1,5.0,2026-07-03 10:20:00+05:30,1.6233766233766234,0.8116883116883117,0.0,0.0,1.461688311688312,0.24285714285714285
2026-07-03 10:30:00+05:30,2026-07-03 10:35:00+05:30,2026-07-03 10:35:00+05:30,10,9,1.0,4.163336342344337e-17,1.0,1.0,2.0,1,5.0,2026-07-03 10:25:00+05:30,1.2,0.6,0.0,0.0,0.9111111111111111,0.538888888888889
2026-07-03 10:35:00+05:30,2026-07-03 10:40:00+05:30,2026-07-03 10:40:00+05:30,11,8,1.0,1.3877787807814457e-17,1.0,1.0,2.0,1,5.0,2026-07-03 10:30:00+05:30,0.8080808080808081,0.40404040404040403,0.0,0.0,0.7415404040404041,0.6306818181818181
2026-07-03 10:40:00+05:30,2026-07-03 10:45:00+05:30,2026-07-03 10:45:00+05:30,8,11,1.0,-2.7755575615628914e-17,1.0,1.0,2.0,1,5.0,2026-07-03 10:35:00+05:30,1.2727272727272727,0.6363636363636364,0.0,0.0,1.1363636363636362,0.4318181818181818
2026-07-03 10:45:00+05:30,2026-07-03 10:50:00+05:30,2026-07-03 10:50:00+05:30,11,8,1.0,1.3877787807814457e-17,1.0,1.0,2.0,1,5.0,2026-07-03 10:40:00+05:30,1.6363636363636362,0.8181818181818181,0.0,0.0,1.5681818181818181,0.2159090909090909
2026-07-03 10:50:00+05:30,2026-07-03 10:55:00+05:30,2026-07-03 10:55:00+05:30,11,8,0.9999999999999999,4.163336342344337e-17,1.0,1.0,2.0,1,5.0,2026-07-03 10:45:00+05:30,0.8636363636363635,0.43181818181818177,0.0,0.0,0.8636363636363635,0.5681818181818181
2026-07-03 10:55:00+05:30,2026-07-03 11:00:00+05:30,2026-07-03 11:00:00+05:30,9,10,1.0,-5.551115123125783e-17,1.0,1.0,2.0,1,5.0,2026-07-03 10:50:00+05:30,1.3363636363636364,0.6681818181818182,0.0,0.0,1.2584595959595961,0.37222222222222223
2026-07-03 11:00:00+05:30,2026-07-03 11:05:00+05:30,2026-07-03 11:05:00+05:30,13,6,1.0,5.551115123125783e-17,1.0,1.0,2.0,1,5.0,2026-07-03 10:55:00+05:30,1.0615384615384613,0.5307692307692307,0.0,0.0,0.8085470085470086,0.6025641025641026
2026-07-03 11:05:00+05:30,2026-07-03 11:10:00+05:30,2026-07-03 11:10:00+05:30,10,9,1.0,5.551115123125783e-17,1.0,1.0,2.0,1,5.0,2026-07-03 11:00:00+05:30,1.128205128205128,0.564102564102564,0.0,0.0,0.964102564102564,0.5166666666666666
2026-07-03 11:10:00+05:30,2026-07-03 11:15:00+05:30,2026-07-03 11:15:00+05:30,8,11,1.0,-4.163336342344337e-17,1.0,1.0,2.0,1,5.0,2026-07-03 11:05:00+05:30,0.9545454545454545,0.47727272727272724,0.0,0.0,0.831439393939394,0.5852272727272727
2026-07-03 11:15:00+05:30,2026-07-03 11:20:00+05:30,2026-07-03 11:20:00+05:30,10,9,1.0000000000000002,4.163336342344337e-17,1.0,1.0,2.0,1,5.0,2026-07-03 11:10:00+05:30,1.1454545454545455,0.5727272727272728,0.0,0.0,1.044949494949495,0.47777777777777775
2026-07-03 11:20:00+05:30,2026-07-03 11:25:00+05:30,2026-07-03 11:25:00+05:30,7,12,0.9999999999999998,1.3877787807814457e-17,1.0,1.0,2.0,1,5.0,2026-07-03 11:15:00+05:30,1.4666666666666668,0.7333333333333334,0.0,0.0,1.3682539682539687,0.3095238095238095
2026-07-03 11:25:00+05:30,2026-07-03 11:30:00+05:30,2026-07-03 11:30:00+05:30,12,7,0.9999999999999998,0.0,1.0,1.0,2.0,1,5.0,2026-07-03 11:20:00+05:30,1.333333333333333,0.6666666666666665,0.0,0.0,1.095238095238095,0.45238095238095233
2026-07-03 11:30:00+05:30,2026-07-03 11:35:00+05:30,2026-07-03 11:35:00+05:30,8,11,1.0,-1.3877787807814457e-17,1.0,1.0,2.0,1,5.0,2026-07-03 11:25:00+05:30,1.2196969696969697,0.6098484848484849,0.0,0.0,1.0116341991341993,0.4943181818181819
2026-07-03 11:35:00+05:30,2026-07-03 11:40:00+05:30,2026-07-03 11:40:00+05:30,10,9,1.0,4.163336342344337e-17,1.0,1.0,2.0,1,5.0,2026-07-03 11:30:00+05:30,1.1454545454545453,0.5727272727272726,0.0,0.0,1.044949494949495,0.47777777777777775
2026-07-03 11:40:00+05:30,2026-07-03 11:45:00+05:30,2026-07-03 11:45:00+05:30,11,8,0.9999999999999999,2.7755575615628914e-17,1.0,1.0,2.0,1,5.0,2026-07-03 11:35:00+05:30,0.808080808080808,0.404040404040404,0.0,0.0,0.7415404040404041,0.6306818181818181
2026-07-03 11:45:00+05:30,2026-07-03 11:50:00+05:30,2026-07-03 11:50:00+05:30,8,11,1.0,0.0,1.0,1.0,2.0,1,5.0,2026-07-03 11:40:00+05:30,1.4545454545454546,0.7272727272727273,0.0,0.0,1.352272727272727,0.32386363636363635
2026-07-03 11:50:00+05:30,2026-07-03 11:55:00+05:30,2026-07-03 11:55:00+05:30,8,11,1.0,-1.3877787807814457e-17,1.0,1.0,2.0,1,5.0,2026-07-03 11:45:00+05:30,1.0795454545454546,0.5397727272727273,0.0,0.0,1.0795454545454546,0.4602272727272727
2026-07-03 11:55:00+05:30,2026-07-03 12:00:00+05:30,2026-07-03 12:00:00+05:30,5,14,1.0000000000000002,5.551115123125783e-17,1.0,1.0,2.0,1,5.0,2026-07-03 11:50:00+05:30,1.1785714285714288,0.5892857142857144,0.0,0.0,1.0256493506493505,0.4857142857142857
2026-07-03 12:00:00+05:30,2026-07-03 12:05:00+05:30,2026-07-03 12:05:00+05:30,9,10,1.0,-4.163336342344337e-17,1.0,1.0,2.0,1,5.0,2026-07-03 11:55:00+05:30,1.2777777777777777,0.6388888888888888,0.0,0.0,1.0888888888888888,0.4611111111111111
2026-07-03 12:05:00+05:30,2026-07-03 12:10:00+05:30,2026-07-03 12:10:00+05:30,11,8,0.9999999999999999,1.3877787807814457e-17,1.0,1.0,2.0,1,5.0,2026-07-03 12:00:00+05:30,0.9545454545454544,0.4772727272727272,0.0,0.0,0.8314393939393939,0.5852272727272727
2026-07-03 12:10:00+05:30,2026-07-03 12:15:00+05:30,2026-07-03 12:15:00+05:30,7,12,0.9999999999999998,0.0,1.0,1.0,2.0,1,5.0,2026-07-03 12:05:00+05:30,1.393939393939394,0.696969696969697,0.0,0.0,1.2326839826839828,0.38095238095238093
2026-07-03 12:15:00+05:30,2026-07-03 12:20:00+05:30,2026-07-03 12:20:00+05:30,12,7,0.9999999999999998,0.0,1.0,1.0,2.0,1,5.0,2026-07-03 12:10:00+05:30,1.333333333333333,0.6666666666666665,0.0,0.0,1.095238095238095,0.45238095238095233
2026-07-03 12:20:00+05:30,2026-07-03 12:25:00+05:30,2026-07-03 12:25:00+05:30,14,5,1.0000000000000002,-5.551115123125783e-17,1.0,1.0,2.0,1,5.0,2026-07-03 12:15:00+05:30,0.8571428571428571,0.42857142857142855,0.0,0.0,0.7119047619047618,0.6571428571428571
2026-07-03 12:25:00+05:30,2026-07-03 12:30:00+05:30,2026-07-03 12:30:00+05:30,11,8,1.0,0.0,1.0,1.0,2.0,1,5.0,2026-07-03 12:20:00+05:30,1.3750000000000002,0.6875000000000001,0.0,0.0,1.269318181818182,0.3806818181818182
2026-07-03 12:30:00+05:30,2026-07-03 12:35:00+05:30,2026-07-03 12:35:00+05:30,8,11,1.0,-2.7755575615628914e-17,1.0,1.0,2.0,1,5.0,2026-07-03 12:25:00+05:30,1.272727272727273,0.6363636363636365,0.0,0.0,1.1363636363636362,0.4318181818181818
2026-07-03 12:35:00+05:30,2026-07-03 12:40:00+05:30,2026-07-03 12:40:00+05:30,7,12,0.9999999999999998,0.0,1.0,1.0,2.0,1,5.0,2026-07-03 12:30:00+05:30,0.8333333333333333,0.41666666666666663,0.0,0.0,0.7673160173160173,0.619047619047619
2026-07-03 12:40:00+05:30,2026-07-03 12:45:00+05:30,2026-07-03 12:45:00+05:30,9,10,1.0,-4.163336342344337e-17,1.0,1.0,2.0,1,5.0,2026-07-03 12:35:00+05:30,1.1666666666666665,0.5833333333333333,0.0,0.0,1.069047619047619,0.4666666666666667
2026-07-03 12:45:00+05:30,2026-07-03 12:50:00+05:30,2026-07-03 12:50:00+05:30,9,10,1.0,-4.163336342344337e-17,1.0,1.0,2.0,1,5.0,2026-07-03 12:40:00+05:30,1.0555555555555556,0.5277777777777778,0.0,0.0,1.0555555555555556,0.47222222222222227
2026-07-03 12:50:00+05:30,2026-07-03 12:55:00+05:30,2026-07-03 12:55:00+05:30,10,9,1.0,4.163336342344337e-17,1.0,1.0,2.0,1,5.0,2026-07-03 12:45:00+05:30,0.7999999999999998,0.3999999999999999,0.0,0.0,0.7333333333333334,0.6333333333333334
2026-07-03 12:55:00+05:30,2026-07-03 13:00:00+05:30,2026-07-03 13:00:00+05:30,9,10,1.0,-4.163336342344337e-17,1.0,1.0,2.0,1,5.0,2026-07-03 12:50:00+05:30,1.4,0.7,0.0,0.0,1.3666666666666667,0.31666666666666665
2026-07-03 13:00:00+05:30,2026-07-03 13:05:00+05:30,2026-07-03 13:05:00+05:30,7,12,0.9999999999999998,-6.938893903907228e-18,1.0,1.0,2.0,1,5.0,2026-07-03 12:55:00+05:30,1.1666666666666665,0.5833333333333333,0.0,0.0,1.069047619047619,0.46428571428571425
2026-07-03 13:05:00+05:30,2026-07-03 13:10:00+05:30,2026-07-03 13:10:00+05:30,7,12,0.9999999999999998,-1.3877787807814457e-17,1.0,1.0,2.0,1,5.0,2026-07-03 13:00:00+05:30,1.3571428571428572,0.6785714285714286,0.0,0.0,1.3571428571428572,0.3214285714285714
2026-07-03 13:10:00+05:30,2026-07-03 13:15:00+05:30,2026-07-03 13:15:00+05:30,10,9,1.0,4.163336342344337e-17,1.0,1.0,2.0,1,5.0,2026-07-03 13:05:00+05:30,1.6500000000000004,0.8250000000000002,0.0,0.0,1.586904761904762,0.21666666666666665
2026-07-03 13:15:00+05:30,2026-07-03 13:20:00+05:30,2026-07-03 13:20:00+05:30,9,10,1.0,-5.551115123125783e-17,1.0,1.0,2.0,1,5.0,2026-07-03 13:10:00+05:30,1.2,0.6,0.0,0.0,1.1555555555555557,0.4222222222222223
2026-07-03 13:20:00+05:30,2026-07-03 13:25:00+05:30,2026-07-03 13:25:00+05:30,4,15,0.9999999999999999,4.163336342344337e-17,1.0,1.0,2.0,1,5.0,2026-07-03 13:15:00+05:30,1.5999999999999994,0.7999999999999997,0.0,0.0,1.4999999999999996,0.2
2026-07-03 13:25:00+05:30,2026-07-03 13:30:00+05:30,2026-07-03 13:30:00+05:30,9,10,1.0,-5.551115123125783e-17,1.0,1.0,2.0,1,5.0,2026-07-03 13:20:00+05:30,1.0666666666666667,0.5333333333333333,0.0,0.0,0.7083333333333333,0.6166666666666667
2026-07-03 13:30:00+05:30,2026-07-03 13:35:00+05:30,2026-07-03 13:35:00+05:30,8,11,1.0,-2.7755575615628914e-17,1.0,1.0,2.0,1,5.0,2026-07-03 13:25:00+05:30,1.01010101010101,0.505050505050505,0.0,0.0,0.9550505050505051,0.5227272727272727
2026-07-03 13:35:00+05:30,2026-07-03 13:40:00+05:30,2026-07-03 13:40:00+05:30,9,10,1.0,-4.163336342344337e-17,1.0,1.0,2.0,1,5.0,2026-07-03 13:30:00+05:30,1.2121212121212122,0.6060606060606061,0.0,0.0,1.1685606060606062,0.4166666666666667
2026-07-03 13:40:00+05:30,2026-07-03 13:45:00+05:30,2026-07-03 13:45:00+05:30,7,12,0.9999999999999998,0.0,1.0,1.0,2.0,1,5.0,2026-07-03 13:35:00+05:30,1.1666666666666665,0.5833333333333333,0.0,0.0,1.069047619047619,0.4642857142857142
2026-07-03 13:45:00+05:30,2026-07-03 13:50:00+05:30,2026-07-03 13:50:00+05:30,11,8,1.0,1.3877787807814457e-17,1.0,1.0,2.0,1,5.0,2026-07-03 13:40:00+05:30,1.0454545454545454,0.5227272727272727,0.0,0.0,0.7905844155844156,0.6022727272727272
2026-07-03 13:50:00+05:30,2026-07-03 13:55:00+05:30,2026-07-03 13:55:00+05:30,11,8,1.0,0.0,1.0,1.0,2.0,1,5.0,2026-07-03 13:45:00+05:30,1.2954545454545454,0.6477272727272727,0.0,0.0,1.2954545454545454,0.3522727272727273
2026-07-03 13:55:00+05:30,2026-07-03 14:00:00+05:30,2026-07-03 14:00:00+05:30,8,11,1.0,-1.3877787807814457e-17,1.0,1.0,2.0,1,5.0,2026-07-03 13:50:00+05:30,1.4545454545454546,0.7272727272727273,0.0,0.0,1.3522727272727273,0.3238636363636364
2026-07-03 14:00:00+05:30,2026-07-03 14:05:00+05:30,2026-07-03 14:05:00+05:30,12,7,0.9999999999999998,-1.3877787807814457e-17,1.0,1.0,2.0,1,5.0,2026-07-03 13:55:00+05:30,1.3939393939393938,0.6969696969696969,0.0,0.0,1.2326839826839826,0.380952380952381
2026-07-03 14:05:00+05:30,2026-07-03 14:10:00+05:30,2026-07-03 14:10:00+05:30,11,8,1.0,2.7755575615628914e-17,1.0,1.0,2.0,1,5.0,2026-07-03 14:00:00+05:30,0.8333333333333333,0.41666666666666663,0.0,0.0,0.7673160173160172,0.6136363636363635
2026-07-03 14:10:00+05:30,2026-07-03 14:15:00+05:30,2026-07-03 14:15:00+05:30,7,12,0.9999999999999998,0.0,1.0,1.0,2.0,1,5.0,2026-07-03 14:05:00+05:30,1.0454545454545456,0.5227272727272728,0.0,0.0,0.7905844155844156,0.6071428571428571
2026-07-03 14:15:00+05:30,2026-07-03 14:20:00+05:30,2026-07-03 14:20:00+05:30,8,11,0.9999999999999999,0.0,1.0,1.0,2.0,1,5.0,2026-07-03 14:10:00+05:30,0.8333333333333333,0.41666666666666663,0.0,0.0,0.7673160173160173,0.6136363636363635
2026-07-03 14:20:00+05:30,2026-07-03 14:25:00+05:30,2026-07-03 14:25:00+05:30,7,12,0.9999999999999998,6.938893903907228e-18,1.0,1.0,2.0,1,5.0,2026-07-03 14:15:00+05:30,1.25,0.625,0.0,0.0,1.2094155844155843,0.39285714285714285
2026-07-03 14:25:00+05:30,2026-07-03 14:30:00+05:30,2026-07-03 14:30:00+05:30,10,9,1.0,5.551115123125783e-17,1.0,1.0,2.0,1,5.0,2026-07-03 14:20:00+05:30,1.4666666666666663,0.7333333333333332,0.0,0.0,1.3682539682539683,0.3222222222222222
2026-07-03 14:30:00+05:30,2026-07-03 14:35:00+05:30,2026-07-03 14:35:00+05:30,7,12,0.9999999999999998,1.3877787807814457e-17,1.0,1.0,2.0,1,5.0,2026-07-03 14:25:00+05:30,1.2833333333333332,0.6416666666666666,0.0,0.0,1.1496031746031745,0.4226190476190476
2026-07-03 14:35:00+05:30,2026-07-03 14:40:00+05:30,2026-07-03 14:40:00+05:30,6,13,1.0,-5.551115123125783e-17,1.0,1.0,2.0,1,5.0,2026-07-03 14:30:00+05:30,1.0989010989010988,0.5494505494505494,0.0,0.0,1.0494505494505495,0.47435897435897434
2026-07-03 14:40:00+05:30,2026-07-03 14:45:00+05:30,2026-07-03 14:45:00+05:30,10,9,1.0,5.551115123125783e-17,1.0,1.0,2.0,1,5.0,2026-07-03 14:35:00+05:30,1.2384615384615383,0.6192307692307691,0.0,0.0,1.035897435897436,0.4833333333333333
2026-07-03 14:45:00+05:30,2026-07-03 14:50:00+05:30,2026-07-03 14:50:00+05:30,11,8,1.0,2.7755575615628914e-17,1.0,1.0,2.0,1,5.0,2026-07-03 14:40:00+05:30,1.2121212121212122,0.6060606060606061,0.0,0.0,1.168560606060606,0.4147727272727273
2026-07-03 14:50:00+05:30,2026-07-03 14:55:00+05:30,2026-07-03 14:55:00+05:30,6,13,1.0,-5.551115123125783e-17,1.0,1.0,2.0,1,5.0,2026-07-03 14:45:00+05:30,1.3426573426573423,0.6713286713286711,0.0,0.0,1.1088286713286712,0.44230769230769224
2026-07-03 14:55:00+05:30,2026-07-03 15:00:00+05:30,2026-07-03 15:00:00+05:30,10,9,1.0,4.163336342344337e-17,1.0,1.0,2.0,1,5.0,2026-07-03 14:50:00+05:30,1.2384615384615385,0.6192307692307693,0.0,0.0,1.035897435897436,0.48333333333333334
2026-07-03 15:00:00+05:30,2026-07-03 15:05:00+05:30,2026-07-03 15:05:00+05:30,8,11,0.9999999999999999,-4.163336342344337e-17,1.0,1.0,2.0,1,5.0,2026-07-03 14:55:00+05:30,1.5272727272727273,0.7636363636363637,0.0,0.0,1.4719696969696972,0.26136363636363635
2026-07-03 15:05:00+05:30,2026-07-03 15:10:00+05:30,2026-07-03 15:10:00+05:30,10,9,1.0,5.551115123125783e-17,1.0,1.0,2.0,1,5.0,2026-07-03 15:00:00+05:30,1.1454545454545455,0.5727272727272728,0.0,0.0,1.044949494949495,0.47777777777777775
2026-07-03 15:10:00+05:30,2026-07-03 15:15:00+05:30,2026-07-03 15:15:00+05:30,6,13,0.9999999999999999,-5.551115123125783e-17,1.0,1.0,2.0,1,5.0,2026-07-03 15:05:00+05:30,1.5923076923076922,0.7961538461538461,0.0,0.0,1.4905982905982906,0.23717948717948717
2026-07-03 15:15:00+05:30,2026-07-03 15:20:00+05:30,2026-07-03 15:20:00+05:30,8,11,0.9999999999999999,-2.7755575615628914e-17,1.0,1.0,2.0,1,5.0,2026-07-03 15:10:00+05:30,0.8076923076923076,0.4038461538461538,0.0,0.0,0.6614219114219114,0.659090909090909
2026-07-03 15:20:00+05:30,2026-07-03 15:25:00+05:30,2026-07-03 15:25:00+05:30,10,9,1.0,4.163336342344337e-17,1.0,1.0,2.0,1,5.0,2026-07-03 15:15:00+05:30,1.1454545454545455,0.5727272727272728,0.0,0.0,1.044949494949495,0.47777777777777775
2026-07-06 09:15:00+05:30,2026-07-06 09:20:00+05:30,2026-07-06 09:20:00+05:30,9,10,1.0,-5.551115123125783e-17,1.0,1.0,2.0,1,5.0,2026-07-03 15:20:00+05:30,0.7999999999999998,0.3999999999999999,0.0,0.0,0.7333333333333333,0.6333333333333334
2026-07-06 09:20:00+05:30,2026-07-06 09:25:00+05:30,2026-07-06 09:25:00+05:30,10,9,1.0,5.551115123125783e-17,1.0,1.0,2.0,1,5.0,2026-07-06 09:15:00+05:30,1.2,0.6,0.0,0.0,1.1555555555555554,0.4222222222222222
2026-07-06 09:25:00+05:30,2026-07-06 09:30:00+05:30,2026-07-06 09:30:00+05:30,11,8,1.0,2.7755575615628914e-17,1.0,1.0,2.0,1,5.0,2026-07-06 09:20:00+05:30,0.8080808080808081,0.40404040404040403,0.0,0.0,0.7415404040404041,0.6306818181818181
2026-07-06 09:30:00+05:30,2026-07-06 09:35:00+05:30,2026-07-06 09:35:00+05:30,10,9,1.0,5.551115123125783e-17,1.0,1.0,2.0,1,5.0,2026-07-06 09:25:00+05:30,1.6161616161616161,0.8080808080808081,0.0,0.0,1.5955808080808083,0.20555555555555557
2026-07-06 09:35:00+05:30,2026-07-06 09:40:00+05:30,2026-07-06 09:40:00+05:30,6,13,0.9999999999999999,-8.326672684688674e-17,1.0,1.0,2.0,1,5.0,2026-07-06 09:30:00+05:30,1.2384615384615383,0.6192307692307691,0.0,0.0,1.035897435897436,0.4807692307692307
2026-07-06 09:40:00+05:30,2026-07-06 09:45:00+05:30,2026-07-06 09:45:00+05:30,8,11,1.0,-2.7755575615628914e-17,1.0,1.0,2.0,1,5.0,2026-07-06 09:35:00+05:30,1.211538461538462,0.605769230769231,0.0,0.0,1.120920745920746,0.44318181818181823
2026-07-06 09:45:00+05:30,2026-07-06 09:50:00+05:30,2026-07-06 09:50:00+05:30,9,10,1.0,-5.551115123125783e-17,1.0,1.0,2.0,1,5.0,2026-07-06 09:40:00+05:30,1.212121212121212,0.606060606060606,0.0,0.0,1.1685606060606062,0.41666666666666663
2026-07-06 09:50:00+05:30,2026-07-06 09:55:00+05:30,2026-07-06 09:55:00+05:30,9,10,1.0,-4.163336342344337e-17,1.0,1.0,2.0,1,5.0,2026-07-06 09:45:00+05:30,1.2666666666666668,0.6333333333333334,0.0,0.0,1.2666666666666668,0.36666666666666664
2026-07-06 09:55:00+05:30,2026-07-06 10:00:00+05:30,2026-07-06 10:00:00+05:30,13,6,1.0000000000000002,5.551115123125783e-17,1.0,1.0,2.0,1,5.0,2026-07-06 09:50:00+05:30,1.2384615384615383,0.6192307692307691,0.0,0.0,1.0358974358974358,0.4807692307692307
2026-07-06 10:00:00+05:30,2026-07-06 10:05:00+05:30,2026-07-06 10:05:00+05:30,7,12,0.9999999999999998,0.0,1.0,1.0,2.0,1,5.0,2026-07-06 09:55:00+05:30,1.6025641025641024,0.8012820512820512,0.0,0.0,1.4203296703296704,0.2976190476190476
2026-07-06 10:05:00+05:30,2026-07-06 10:10:00+05:30,2026-07-06 10:10:00+05:30,12,7,0.9999999999999998,-1.3877787807814457e-17,1.0,1.0,2.0,1,5.0,2026-07-06 10:00:00+05:30,1.333333333333333,0.6666666666666665,0.0,0.0,1.095238095238095,0.45238095238095233
2026-07-06 10:10:00+05:30,2026-07-06 10:15:00+05:30,2026-07-06 10:15:00+05:30,8,11,1.0,-1.3877787807814457e-17,1.0,1.0,2.0,1,5.0,2026-07-06 10:05:00+05:30,1.3939393939393938,0.6969696969696969,0.0,0.0,1.2326839826839828,0.38636363636363635
2026-07-06 10:15:00+05:30,2026-07-06 10:20:00+05:30,2026-07-06 10:20:00+05:30,9,10,1.0,-5.551115123125783e-17,1.0,1.0,2.0,1,5.0,2026-07-06 10:10:00+05:30,1.4141414141414141,0.7070707070707071,0.0,0.0,1.382070707070707,0.3111111111111111
2026-07-06 10:20:00+05:30,2026-07-06 10:25:00+05:30,2026-07-06 10:25:00+05:30,11,8,1.0,1.3877787807814457e-17,1.0,1.0,2.0,1,5.0,2026-07-06 10:15:00+05:30,0.7636363636363634,0.3818181818181817,0.0,0.0,0.617929292929293,0.6931818181818181
2026-07-06 10:25:00+05:30,2026-07-06 10:30:00+05:30,2026-07-06 10:30:00+05:30,12,7,0.9999999999999998,0.0,1.0,1.0,2.0,1,5.0,2026-07-06 10:20:00+05:30,1.0416666666666667,0.5208333333333334,0.0,0.0,0.9883658008658007,0.5059523809523809
2026-07-06 10:30:00+05:30,2026-07-06 10:35:00+05:30,2026-07-06 10:35:00+05:30,9,10,1.0,-4.163336342344337e-17,1.0,1.0,2.0,1,5.0,2026-07-06 10:25:00+05:30,1.2833333333333332,0.6416666666666666,0.0,0.0,1.1496031746031745,0.4277777777777778
2026-07-06 10:35:00+05:30,2026-07-06 10:40:00+05:30,2026-07-06 10:40:00+05:30,8,11,1.0,-1.3877787807814457e-17,1.0,1.0,2.0,1,5.0,2026-07-06 10:30:00+05:30,1.2121212121212122,0.6060606060606061,0.0,0.0,1.168560606060606,0.4147727272727273
2026-07-06 10:40:00+05:30,2026-07-06 10:45:00+05:30,2026-07-06 10:45:00+05:30,14,5,1.0000000000000002,-5.551115123125783e-17,1.0,1.0,2.0,1,5.0,2026-07-06 10:35:00+05:30,1.298701298701299,0.6493506493506495,0.0,0.0,0.9743506493506493,0.5142857142857143
2026-07-06 10:45:00+05:30,2026-07-06 10:50:00+05:30,2026-07-06 10:50:00+05:30,12,7,0.9999999999999998,-1.3877787807814457e-17,1.0,1.0,2.0,1,5.0,2026-07-06 10:40:00+05:30,1.0714285714285714,0.5357142857142857,0.0,0.0,0.9607142857142856,0.5178571428571429
2026-07-06 10:50:00+05:30,2026-07-06 10:55:00+05:30,2026-07-06 10:55:00+05:30,13,6,1.0,5.551115123125783e-17,1.0,1.0,2.0,1,5.0,2026-07-06 10:45:00+05:30,0.8791208791208791,0.43956043956043955,0.0,0.0,0.8145604395604396,0.596153846153846
2026-07-06 10:55:00+05:30,2026-07-06 11:00:00+05:30,2026-07-06 11:00:00+05:30,11,8,0.9999999999999999,2.7755575615628914e-17,1.0,1.0,2.0,1,5.0,2026-07-06 10:50:00+05:30,1.2115384615384617,0.6057692307692308,0.0,0.0,1.120920745920746,0.4431818181818182
2026-07-06 11:00:00+05:30,2026-07-06 11:05:00+05:30,2026-07-06 11:05:00+05:30,10,9,1.0,4.163336342344337e-17,1.0,1.0,2.0,1,5.0,2026-07-06 10:55:00+05:30,1.6161616161616161,0.8080808080808081,0.0,0.0,1.5955808080808083,0.20555555555555555
2026-07-06 11:05:00+05:30,2026-07-06 11:10:00+05:30,2026-07-06 11:10:00+05:30,9,10,1.0,-5.551115123125783e-17,1.0,1.0,2.0,1,5.0,2026-07-06 11:00:00+05:30,0.7999999999999998,0.3999999999999999,0.0,0.0,0.7333333333333332,0.6333333333333333
2026-07-06 11:10:00+05:30,2026-07-06 11:15:00+05:30,2026-07-06 11:15:00+05:30,8,11,1.0,-1.3877787807814457e-17,1.0,1.0,2.0,1,5.0,2026-07-06 11:05:00+05:30,1.4141414141414141,0.7070707070707071,0.0,0.0,1.3820707070707072,0.3068181818181818
2026-07-06 11:15:00+05:30,2026-07-06 11:20:00+05:30,2026-07-06 11:20:00+05:30,9,10,1.0000000000000002,-4.163336342344337e-17,1.0,1.0,2.0,1,5.0,2026-07-06 11:10:00+05:30,1.2121212121212122,0.6060606060606061,0.0,0.0,1.1685606060606062,0.41666666666666663
2026-07-06 11:20:00+05:30,2026-07-06 11:25:00+05:30,2026-07-06 11:25:00+05:30,12,7,0.9999999999999998,0.0,1.0,1.0,2.0,1,5.0,2026-07-06 11:15:00+05:30,1.1,0.55,0.0,0.0,0.930952380952381,0.5357142857142856
2026-07-06 11:25:00+05:30,2026-07-06 11:30:00+05:30,2026-07-06 11:30:00+05:30,9,10,1.0,-4.163336342344337e-17,1.0,1.0,2.0,1,5.0,2026-07-06 11:20:00+05:30,0.9166666666666666,0.4583333333333333,0.0,0.0,0.7123015873015873,0.638888888888889
2026-07-06 11:30:00+05:30,2026-07-06 11:35:00+05:30,2026-07-06 11:35:00+05:30,8,11,1.0,-2.7755575615628914e-17,1.0,1.0,2.0,1,5.0,2026-07-06 11:25:00+05:30,1.2121212121212122,0.6060606060606061,0.0,0.0,1.1685606060606062,0.4147727272727273
2026-07-06 11:35:00+05:30,2026-07-06 11:40:00+05:30,2026-07-06 11:40:00+05:30,11,8,1.0,2.7755575615628914e-17,1.0,1.0,2.0,1,5.0,2026-07-06 11:30:00+05:30,1.0909090909090908,0.5454545454545454,0.0,0.0,0.9204545454545455,0.5397727272727273
2026-07-06 11:40:00+05:30,2026-07-06 11:45:00+05:30,2026-07-06 11:45:00+05:30,9,10,1.0,-5.551115123125783e-17,1.0,1.0,2.0,1,5.0,2026-07-06 11:35:00+05:30,1.1454545454545453,0.5727272727272726,0.0,0.0,1.044949494949495,0.47777777777777775
2026-07-06 11:45:00+05:30,2026-07-06 11:50:00+05:30,2026-07-06 11:50:00+05:30,8,11,1.0,-2.7755575615628914e-17,1.0,1.0,2.0,1,5.0,2026-07-06 11:40:00+05:30,1.2121212121212122,0.6060606060606061,0.0,0.0,1.1685606060606062,0.4147727272727273
2026-07-06 11:50:00+05:30,2026-07-06 11:55:00+05:30,2026-07-06 11:55:00+05:30,9,10,1.0,-5.551115123125783e-17,1.0,1.0,2.0,1,5.0,2026-07-06 11:45:00+05:30,1.0101010101010102,0.5050505050505051,0.0,0.0,0.955050505050505,0.5222222222222223
2026-07-06 11:55:00+05:30,2026-07-06 12:00:00+05:30,2026-07-06 12:00:00+05:30,11,8,1.0,0.0,1.0,1.0,2.0,1,5.0,2026-07-06 11:50:00+05:30,0.9545454545454546,0.4772727272727273,0.0,0.0,0.831439393939394,0.5852272727272727
2026-07-06 12:00:00+05:30,2026-07-06 12:05:00+05:30,2026-07-06 12:05:00+05:30,11,8,1.0,4.163336342344337e-17,1.0,1.0,2.0,1,5.0,2026-07-06 11:55:00+05:30,0.8636363636363635,0.43181818181818177,0.0,0.0,0.8636363636363635,0.5681818181818181
2026-07-06 12:05:00+05:30,2026-07-06 12:10:00+05:30,2026-07-06 12:10:00+05:30,10,9,1.0000000000000002,4.163336342344337e-17,1.0,1.0,2.0,1,5.0,2026-07-06 12:00:00+05:30,1.4141414141414141,0.7070707070707071,0.0,0.0,1.382070707070707,0.3111111111111111
2026-07-06 12:10:00+05:30,2026-07-06 12:15:00+05:30,2026-07-06 12:15:00+05:30,11,8,1.0,2.7755575615628914e-17,1.0,1.0,2.0,1,5.0,2026-07-06 12:05:00+05:30,0.4040404040404041,0.20202020202020204,0.0,0.0,0.31452020202020203,0.846590909090909
2026-07-06 12:15:00+05:30,2026-07-06 12:20:00+05:30,2026-07-06 12:20:00+05:30,10,9,1.0,4.163336342344337e-17,1.0,1.0,2.0,1,5.0,2026-07-06 12:10:00+05:30,1.2121212121212124,0.6060606060606062,0.0,0.0,1.1685606060606062,0.41666666666666663
2026-07-06 12:20:00+05:30,2026-07-06 12:25:00+05:30,2026-07-06 12:25:00+05:30,9,10,1.0,-4.163336342344337e-17,1.0,1.0,2.0,1,5.0,2026-07-06 12:15:00+05:30,1.2,0.6,0.0,0.0,1.1555555555555557,0.4222222222222223
2026-07-06 12:25:00+05:30,2026-07-06 12:30:00+05:30,2026-07-06 12:30:00+05:30,13,6,1.0,5.551115123125783e-17,1.0,1.0,2.0,1,5.0,2026-07-06 12:20:00+05:30,1.4153846153846152,0.7076923076923076,0.0,0.0,1.2632478632478632,0.3589743589743589
2026-07-06 12:30:00+05:30,2026-07-06 12:35:00+05:30,2026-07-06 12:35:00+05:30,11,8,1.0,1.3877787807814457e-17,1.0,1.0,2.0,1,5.0,2026-07-06 12:25:00+05:30,1.2115384615384615,0.6057692307692307,0.0,0.0,1.120920745920746,0.44318181818181823
2026-07-06 12:35:00+05:30,2026-07-06 12:40:00+05:30,2026-07-06 12:40:00+05:30,7,12,0.9999999999999998,0.0,1.0,1.0,2.0,1,5.0,2026-07-06 12:30:00+05:30,1.0454545454545454,0.5227272727272727,0.0,0.0,0.7905844155844156,0.6071428571428571
2026-07-06 12:40:00+05:30,2026-07-06 12:45:00+05:30,2026-07-06 12:45:00+05:30,11,8,1.0,0.0,1.0,1.0,2.0,1,5.0,2026-07-06 12:35:00+05:30,1.2196969696969697,0.6098484848484849,0.0,0.0,1.0116341991341993,0.4943181818181818
2026-07-06 12:45:00+05:30,2026-07-06 12:50:00+05:30,2026-07-06 12:50:00+05:30,9,10,1.0,-5.551115123125783e-17,1.0,1.0,2.0,1,5.0,2026-07-06 12:40:00+05:30,0.9545454545454545,0.47727272727272724,0.0,0.0,0.831439393939394,0.5833333333333334
2026-07-06 12:50:00+05:30,2026-07-06 12:55:00+05:30,2026-07-06 12:55:00+05:30,7,12,0.9999999999999998,1.3877787807814457e-17,1.0,1.0,2.0,1,5.0,2026-07-06 12:45:00+05:30,1.1666666666666665,0.5833333333333333,0.0,0.0,1.069047619047619,0.4642857142857142
2026-07-06 12:55:00+05:30,2026-07-06 13:00:00+05:30,2026-07-06 13:00:00+05:30,11,8,1.0,1.3877787807814457e-17,1.0,1.0,2.0,1,5.0,2026-07-06 12:50:00+05:30,1.2196969696969695,0.6098484848484848,0.0,0.0,1.011634199134199,0.4943181818181818
2026-07-06 13:00:00+05:30,2026-07-06 13:05:00+05:30,2026-07-06 13:05:00+05:30,8,11,1.0,0.0,1.0,1.0,2.0,1,5.0,2026-07-06 12:55:00+05:30,1.0909090909090908,0.5454545454545454,0.0,0.0,0.9204545454545454,0.5397727272727273
2026-07-06 13:05:00+05:30,2026-07-06 13:10:00+05:30,2026-07-06 13:10:00+05:30,10,9,1.0,5.551115123125783e-17,1.0,1.0,2.0,1,5.0,2026-07-06 13:00:00+05:30,0.9545454545454545,0.47727272727272724,0.0,0.0,0.831439393939394,0.5833333333333334
2026-07-06 13:10:00+05:30,2026-07-06 13:15:00+05:30,2026-07-06 13:15:00+05:30,10,9,1.0,5.551115123125783e-17,1.0,1.0,2.0,1,5.0,2026-07-06 13:05:00+05:30,1.0555555555555556,0.5277777777777778,0.0,0.0,1.0555555555555556,0.4722222222222222
2026-07-06 13:15:00+05:30,2026-07-06 13:20:00+05:30,2026-07-06 13:20:00+05:30,9,10,1.0,-4.163336342344337e-17,1.0,1.0,2.0,1,5.0,2026-07-06 13:10:00+05:30,0.9999999999999999,0.49999999999999994,0.0,0.0,0.9444444444444444,0.5277777777777778
2026-07-06 13:20:00+05:30,2026-07-06 13:25:00+05:30,2026-07-06 13:25:00+05:30,10,9,1.0,4.163336342344337e-17,1.0,1.0,2.0,1,5.0,2026-07-06 13:15:00+05:30,1.2,0.6,0.0,0.0,1.1555555555555557,0.4222222222222223
2026-07-06 13:25:00+05:30,2026-07-06 13:30:00+05:30,2026-07-06 13:30:00+05:30,10,9,1.0,4.163336342344337e-17,1.0,1.0,2.0,1,5.0,2026-07-06 13:20:00+05:30,0.6333333333333333,0.31666666666666665,0.0,0.0,0.6333333333333333,0.6833333333333333
2026-07-06 13:30:00+05:30,2026-07-06 13:35:00+05:30,2026-07-06 13:35:00+05:30,9,10,1.0,-2.7755575615628914e-17,1.0,1.0,2.0,1,5.0,2026-07-06 13:25:00+05:30,1.4,0.7,0.0,0.0,1.3666666666666667,0.31666666666666665
2026-07-06 13:35:00+05:30,2026-07-06 13:40:00+05:30,2026-07-06 13:40:00+05:30,11,8,1.0,1.3877787807814457e-17,1.0,1.0,2.0,1,5.0,2026-07-06 13:30:00+05:30,1.3363636363636366,0.6681818181818183,0.0,0.0,1.2584595959595961,0.3693181818181818
2026-07-06 13:40:00+05:30,2026-07-06 13:45:00+05:30,2026-07-06 13:45:00+05:30,10,9,1.0,5.551115123125783e-17,1.0,1.0,2.0,1,5.0,2026-07-06 13:35:00+05:30,1.2121212121212122,0.6060606060606061,0.0,0.0,1.1685606060606062,0.41666666666666674
2026-07-06 13:45:00+05:30,2026-07-06 13:50:00+05:30,2026-07-06 13:50:00+05:30,7,12,0.9999999999999998,0.0,1.0,1.0,2.0,1,5.0,2026-07-06 13:40:00+05:30,1.2833333333333332,0.6416666666666666,0.0,0.0,1.1496031746031745,0.4226190476190476
2026-07-06 13:50:00+05:30,2026-07-06 13:55:00+05:30,2026-07-06 13:55:00+05:30,10,9,1.0,5.551115123125783e-17,1.0,1.0,2.0,1,5.0,2026-07-06 13:45:00+05:30,1.2833333333333332,0.6416666666666666,0.0,0.0,1.1496031746031745,0.42777777777777776
2026-07-06 13:55:00+05:30,2026-07-06 14:00:00+05:30,2026-07-06 14:00:00+05:30,5,14,1.0,6.938893903907228e-17,1.0,1.0,2.0,1,5.0,2026-07-06 13:50:00+05:30,1.3714285714285714,0.6857142857142857,0.0,0.0,1.1523809523809523,0.4142857142857143
2026-07-06 14:00:00+05:30,2026-07-06 14:05:00+05:30,2026-07-06 14:05:00+05:30,8,11,1.0,-1.3877787807814457e-17,1.0,1.0,2.0,1,5.0,2026-07-06 13:55:00+05:30,1.3750000000000002,0.6875000000000001,0.0,0.0,1.2693181818181818,0.3806818181818182
2026-07-06 14:05:00+05:30,2026-07-06 14:10:00+05:30,2026-07-06 14:10:00+05:30,8,11,1.0,-2.7755575615628914e-17,1.0,1.0,2.0,1,5.0,2026-07-06 14:00:00+05:30,1.5113636363636362,0.7556818181818181,0.0,0.0,1.5113636363636362,0.24431818181818182
2026-07-06 14:10:00+05:30,2026-07-06 14:15:00+05:30,2026-07-06 14:15:00+05:30,11,8,1.0,4.163336342344337e-17,1.0,1.0,2.0,1,5.0,2026-07-06 14:05:00+05:30,0.9090909090909091,0.45454545454545453,0.0,0.0,0.7045454545454546,0.6477272727272727
2026-07-06 14:15:00+05:30,2026-07-06 14:20:00+05:30,2026-07-06 14:20:00+05:30,10,9,1.0,5.551115123125783e-17,1.0,1.0,2.0,1,5.0,2026-07-06 14:10:00+05:30,1.4141414141414141,0.7070707070707071,0.0,0.0,1.3820707070707072,0.3111111111111111
2026-07-06 14:20:00+05:30,2026-07-06 14:25:00+05:30,2026-07-06 14:25:00+05:30,9,10,1.0,-4.163336342344337e-17,1.0,1.0,2.0,1,5.0,2026-07-06 14:15:00+05:30,0.7999999999999999,0.39999999999999997,0.0,0.0,0.7333333333333333,0.6333333333333334
2026-07-06 14:25:00+05:30,2026-07-06 14:30:00+05:30,2026-07-06 14:30:00+05:30,12,7,0.9999999999999998,0.0,1.0,1.0,2.0,1,5.0,2026-07-06 14:20:00+05:30,1.1,0.55,0.0,0.0,0.930952380952381,0.5357142857142857
2026-07-06 14:30:00+05:30,2026-07-06 14:35:00+05:30,2026-07-06 14:35:00+05:30,9,10,1.0,-5.551115123125783e-17,1.0,1.0,2.0,1,5.0,2026-07-06 14:25:00+05:30,1.0999999999999999,0.5499999999999999,0.0,0.0,0.930952380952381,0.5333333333333333
2026-07-06 14:35:00+05:30,2026-07-06 14:40:00+05:30,2026-07-06 14:40:00+05:30,10,9,1.0000000000000002,4.163336342344337e-17,1.0,1.0,2.0,1,5.0,2026-07-06 14:30:00+05:30,1.1999999999999997,0.5999999999999999,0.0,0.0,1.1555555555555554,0.42222222222222217
2026-07-06 14:40:00+05:30,2026-07-06 14:45:00+05:30,2026-07-06 14:45:00+05:30,11,8,1.0,2.7755575615628914e-17,1.0,1.0,2.0,1,5.0,2026-07-06 14:35:00+05:30,1.4141414141414144,0.7070707070707072,0.0,0.0,1.3820707070707072,0.3068181818181818
2026-07-06 14:45:00+05:30,2026-07-06 14:50:00+05:30,2026-07-06 14:50:00+05:30,9,10,1.0,-5.551115123125783e-17,1.0,1.0,2.0,1,5.0,2026-07-06 14:40:00+05:30,0.9545454545454544,0.4772727272727272,0.0,0.0,0.831439393939394,0.5833333333333334
2026-07-06 14:50:00+05:30,2026-07-06 14:55:00+05:30,2026-07-06 14:55:00+05:30,13,6,0.9999999999999999,5.551115123125783e-17,1.0,1.0,2.0,1,5.0,2026-07-06 14:45:00+05:30,1.2384615384615383,0.6192307692307691,0.0,0.0,1.035897435897436,0.4807692307692307
2026-07-06 14:55:00+05:30,2026-07-06 15:00:00+05:30,2026-07-06 15:00:00+05:30,7,12,0.9999999999999998,0.0,1.0,1.0,2.0,1,5.0,2026-07-06 14:50:00+05:30,1.282051282051282,0.641025641025641,0.0,0.0,0.9505494505494505,0.5238095238095237
2026-07-06 15:00:00+05:30,2026-07-06 15:05:00+05:30,2026-07-06 15:05:00+05:30,10,9,1.0,4.163336342344337e-17,1.0,1.0,2.0,1,5.0,2026-07-06 14:55:00+05:30,1.0999999999999999,0.5499999999999999,0.0,0.0,0.930952380952381,0.5333333333333333
2026-07-06 15:05:00+05:30,2026-07-06 15:10:00+05:30,2026-07-06 15:10:00+05:30,9,10,1.0,-5.551115123125783e-17,1.0,1.0,2.0,1,5.0,2026-07-06 15:00:00+05:30,0.7999999999999998,0.3999999999999999,0.0,0.0,0.7333333333333332,0.6333333333333334
2026-07-06 15:10:00+05:30,2026-07-06 15:15:00+05:30,2026-07-06 15:15:00+05:30,10,9,1.0,4.163336342344337e-17,1.0,1.0,2.0,1,5.0,2026-07-06 15:05:00+05:30,1.2000000000000002,0.6000000000000001,0.0,0.0,1.1555555555555557,0.4222222222222222
2026-07-06 15:15:00+05:30,2026-07-06 15:20:00+05:30,2026-07-06 15:20:00+05:30,8,11,1.0,-1.3877787807814457e-17,1.0,1.0,2.0,1,5.0,2026-07-06 15:10:00+05:30,1.1454545454545453,0.5727272727272726,0.0,0.0,1.044949494949495,0.4772727272727273
2026-07-06 15:20:00+05:30,2026-07-06 15:25:00+05:30,2026-07-06 15:25:00+05:30,9,10,1.0,-5.551115123125783e-17,1.0,1.0,2.0,1,5.0,2026-07-06 15:15:00+05:30,1.0101010101010102,0.5050505050505051,0.0,0.0,0.9550505050505051,0.5222222222222223
2026-07-07 09:15:00+05:30,2026-07-07 09:20:00+05:30,2026-07-07 09:20:00+05:30,12,7,0.9999999999999998,-1.3877787807814457e-17,1.0,1.0,2.0,1,5.0,2026-07-06 15:20:00+05:30,1.1,0.55,0.0,0.0,0.930952380952381,0.5357142857142856
2026-07-07 09:20:00+05:30,2026-07-07 09:25:00+05:30,2026-07-07 09:25:00+05:30,10,9,1.0,5.551115123125783e-17,1.0,1.0,2.0,1,5.0,2026-07-07 09:15:00+05:30,0.7777777777777778,0.3888888888888889,0.0,0.0,0.6317460317460317,0.6777777777777778
2026-07-07 09:25:00+05:30,2026-07-07 09:30:00+05:30,2026-07-07 09:30:00+05:30,9,10,1.0,-4.163336342344337e-17,1.0,1.0,2.0,1,5.0,2026-07-07 09:20:00+05:30,0.5999999999999999,0.29999999999999993,0.0,0.0,0.5222222222222223,0.7388888888888889
2026-07-07 09:30:00+05:30,2026-07-07 09:35:00+05:30,2026-07-07 09:35:00+05:30,10,9,1.0,5.551115123125783e-17,1.0,1.0,2.0,1,5.0,2026-07-07 09:25:00+05:30,1.2,0.6,0.0,0.0,1.1555555555555557,0.4222222222222222
2026-07-07 09:35:00+05:30,2026-07-07 09:40:00+05:30,2026-07-07 09:40:00+05:30,10,9,1.0,5.551115123125783e-17,1.0,1.0,2.0,1,5.0,2026-07-07 09:30:00+05:30,0.4222222222222222,0.2111111111111111,0.0,0.0,0.4222222222222222,0.788888888888889
2026-07-07 09:40:00+05:30,2026-07-07 09:45:00+05:30,2026-07-07 09:45:00+05:30,11,8,1.0,2.7755575615628914e-17,1.0,1.0,2.0,1,5.0,2026-07-07 09:35:00+05:30,0.6060606060606061,0.30303030303030304,0.0,0.0,0.5280303030303031,0.7386363636363636
2026-07-07 09:45:00+05:30,2026-07-07 09:50:00+05:30,2026-07-07 09:50:00+05:30,9,10,1.0000000000000002,-4.163336342344337e-17,1.0,1.0,2.0,1,5.0,2026-07-07 09:40:00+05:30,0.7636363636363634,0.3818181818181817,0.0,0.0,0.617929292929293,0.6888888888888889
2026-07-07 09:50:00+05:30,2026-07-07 09:55:00+05:30,2026-07-07 09:55:00+05:30,11,8,0.9999999999999999,0.0,1.0,1.0,2.0,1,5.0,2026-07-07 09:45:00+05:30,1.3363636363636362,0.6681818181818181,0.0,0.0,1.2584595959595961,0.3693181818181818
2026-07-07 09:55:00+05:30,2026-07-07 10:00:00+05:30,2026-07-07 10:00:00+05:30,11,8,1.0,1.3877787807814457e-17,1.0,1.0,2.0,1,5.0,2026-07-07 09:50:00+05:30,1.2954545454545454,0.6477272727272727,0.0,0.0,1.2954545454545454,0.3522727272727273
2026-07-07 10:00:00+05:30,2026-07-07 10:05:00+05:30,2026-07-07 10:05:00+05:30,9,10,1.0,-5.551115123125783e-17,1.0,1.0,2.0,1,5.0,2026-07-07 09:55:00+05:30,0.7636363636363634,0.3818181818181817,0.0,0.0,0.617929292929293,0.6888888888888889
2026-07-07 10:05:00+05:30,2026-07-07 10:10:00+05:30,2026-07-07 10:10:00+05:30,10,9,1.0000000000000002,4.163336342344337e-17,1.0,1.0,2.0,1,5.0,2026-07-07 10:00:00+05:30,0.7999999999999999,0.39999999999999997,0.0,0.0,0.7333333333333333,0.6333333333333334
2026-07-07 10:10:00+05:30,2026-07-07 10:15:00+05:30,2026-07-07 10:15:00+05:30,12,7,0.9999999999999998,-1.3877787807814457e-17,1.0,1.0,2.0,1,5.0,2026-07-07 10:05:00+05:30,0.7777777777777777,0.38888888888888884,0.0,0.0,0.6317460317460317,0.6904761904761904
2026-07-07 10:15:00+05:30,2026-07-07 10:20:00+05:30,2026-07-07 10:20:00+05:30,10,9,1.0,5.551115123125783e-17,1.0,1.0,2.0,1,5.0,2026-07-07 10:10:00+05:30,1.1666666666666665,0.5833333333333333,0.0,0.0,1.069047619047619,0.4666666666666667
2026-07-07 10:20:00+05:30,2026-07-07 10:25:00+05:30,2026-07-07 10:25:00+05:30,13,6,1.0,5.551115123125783e-17,1.0,1.0,2.0,1,5.0,2026-07-07 10:15:00+05:30,1.316239316239316,0.658119658119658,0.0,0.0,1.1914529914529912,0.3974358974358974
2026-07-07 10:25:00+05:30,2026-07-07 10:30:00+05:30,2026-07-07 10:30:00+05:30,9,10,1.0,-5.551115123125783e-17,1.0,1.0,2.0,1,5.0,2026-07-07 10:20:00+05:30,1.2384615384615385,0.6192307692307693,0.0,0.0,1.035897435897436,0.48333333333333334
2026-07-07 10:30:00+05:30,2026-07-07 10:35:00+05:30,2026-07-07 10:35:00+05:30,7,12,0.9999999999999998,1.3877787807814457e-17,1.0,1.0,2.0,1,5.0,2026-07-07 10:25:00+05:30,0.9722222222222221,0.48611111111111105,0.0,0.0,0.8503968253968254,0.5773809523809522
2026-07-07 10:35:00+05:30,2026-07-07 10:40:00+05:30,2026-07-07 10:40:00+05:30,9,10,1.0000000000000002,-4.163336342344337e-17,1.0,1.0,2.0,1,5.0,2026-07-07 10:30:00+05:30,0.9722222222222221,0.48611111111111105,0.0,0.0,0.8503968253968254,0.5722222222222223
2026-07-07 10:40:00+05:30,2026-07-07 10:45:00+05:30,2026-07-07 10:45:00+05:30,7,12,0.9999999999999998,0.0,1.0,1.0,2.0,1,5.0,2026-07-07 10:35:00+05:30,0.9722222222222221,0.48611111111111105,0.0,0.0,0.8503968253968254,0.5773809523809522
2026-07-07 10:45:00+05:30,2026-07-07 10:50:00+05:30,2026-07-07 10:50:00+05:30,12,7,0.9999999999999998,0.0,1.0,1.0,2.0,1,5.0,2026-07-07 10:40:00+05:30,1.3333333333333328,0.6666666666666664,0.0,0.0,1.0952380952380951,0.4523809523809524
2026-07-07 10:50:00+05:30,2026-07-07 10:55:00+05:30,2026-07-07 10:55:00+05:30,8,11,1.0,-2.7755575615628914e-17,1.0,1.0,2.0,1,5.0,2026-07-07 10:45:00+05:30,1.5681818181818181,0.7840909090909091,0.0,0.0,1.4537337662337664,0.27840909090909094
2026-07-07 10:55:00+05:30,2026-07-07 11:00:00+05:30,2026-07-07 11:00:00+05:30,12,7,0.9999999999999998,-1.3877787807814457e-17,1.0,1.0,2.0,1,5.0,2026-07-07 10:50:00+05:30,1.2196969696969697,0.6098484848484849,0.0,0.0,1.0116341991341993,0.494047619047619
2026-07-07 11:00:00+05:30,2026-07-07 11:05:00+05:30,2026-07-07 11:05:00+05:30,10,9,1.0,5.551115123125783e-17,1.0,1.0,2.0,1,5.0,2026-07-07 10:55:00+05:30,0.9722222222222221,0.48611111111111105,0.0,0.0,0.8503968253968254,0.5722222222222223
2026-07-07 11:05:00+05:30,2026-07-07 11:10:00+05:30,2026-07-07 11:10:00+05:30,12,7,0.9999999999999998,1.3877787807814457e-17,1.0,1.0,2.0,1,5.0,2026-07-07 11:00:00+05:30,1.1666666666666665,0.5833333333333333,0.0,0.0,1.069047619047619,0.4642857142857143
2026-07-07 11:10:00+05:30,2026-07-07 11:15:00+05:30,2026-07-07 11:15:00+05:30,14,5,1.0,-6.938893903907228e-17,1.0,1.0,2.0,1,5.0,2026-07-07 11:05:00+05:30,1.0714285714285714,0.5357142857142857,0.0,0.0,0.9607142857142856,0.5214285714285714
2026-07-07 11:15:00+05:30,2026-07-07 11:20:00+05:30,2026-07-07 11:20:00+05:30,11,8,1.0,0.0,1.0,1.0,2.0,1,5.0,2026-07-07 11:10:00+05:30,0.9821428571428571,0.49107142857142855,0.0,0.0,0.7819805194805194,0.5965909090909091
2026-07-07 11:20:00+05:30,2026-07-07 11:25:00+05:30,2026-07-07 11:25:00+05:30,7,12,0.9999999999999998,0.0,1.0,1.0,2.0,1,5.0,2026-07-07 11:15:00+05:30,1.0454545454545454,0.5227272727272727,0.0,0.0,0.7905844155844156,0.6071428571428571
2026-07-07 11:25:00+05:30,2026-07-07 11:30:00+05:30,2026-07-07 11:30:00+05:30,11,8,1.0,2.7755575615628914e-17,1.0,1.0,2.0,1,5.0,2026-07-07 11:20:00+05:30,1.2196969696969695,0.6098484848484848,0.0,0.0,1.0116341991341993,0.4943181818181818
2026-07-07 11:30:00+05:30,2026-07-07 11:35:00+05:30,2026-07-07 11:35:00+05:30,7,12,0.9999999999999998,0.0,1.0,1.0,2.0,1,5.0,2026-07-07 11:25:00+05:30,1.5681818181818181,0.7840909090909091,0.0,0.0,1.4537337662337662,0.26785714285714285
2026-07-07 11:35:00+05:30,2026-07-07 11:40:00+05:30,2026-07-07 11:40:00+05:30,10,9,1.0,5.551115123125783e-17,1.0,1.0,2.0,1,5.0,2026-07-07 11:30:00+05:30,1.0999999999999996,0.5499999999999998,0.0,0.0,0.930952380952381,0.5333333333333333
2026-07-07 11:40:00+05:30,2026-07-07 11:45:00+05:30,2026-07-07 11:45:00+05:30,12,7,0.9999999999999998,-1.3877787807814457e-17,1.0,1.0,2.0,1,5.0,2026-07-07 11:35:00+05:30,0.7777777777777777,0.38888888888888884,0.0,0.0,0.6317460317460317,0.6904761904761904
2026-07-07 11:45:00+05:30,2026-07-07 11:50:00+05:30,2026-07-07 11:50:00+05:30,8,11,1.0,-1.3877787807814457e-17,1.0,1.0,2.0,1,5.0,2026-07-07 11:40:00+05:30,1.5681818181818181,0.7840909090909091,0.0,0.0,1.4537337662337664,0.27840909090909094
2026-07-07 11:50:00+05:30,2026-07-07 11:55:00+05:30,2026-07-07 11:55:00+05:30,12,7,0.9999999999999998,0.0,1.0,1.0,2.0,1,5.0,2026-07-07 11:45:00+05:30,1.7424242424242424,0.8712121212121212,0.0,0.0,1.67478354978355,0.15476190476190474
2026-07-07 11:55:00+05:30,2026-07-07 12:00:00+05:30,2026-07-07 12:00:00+05:30,9,10,1.0,-5.551115123125783e-17,1.0,1.0,2.0,1,5.0,2026-07-07 11:50:00+05:30,1.2833333333333332,0.6416666666666666,0.0,0.0,1.1496031746031745,0.42777777777777776
2026-07-07 12:00:00+05:30,2026-07-07 12:05:00+05:30,2026-07-07 12:05:00+05:30,10,9,1.0,5.551115123125783e-17,1.0,1.0,2.0,1,5.0,2026-07-07 11:55:00+05:30,1.2,0.6,0.0,0.0,1.1555555555555554,0.42222222222222217
2026-07-07 12:05:00+05:30,2026-07-07 12:10:00+05:30,2026-07-07 12:10:00+05:30,9,10,1.0,-4.163336342344337e-17,1.0,1.0,2.0,1,5.0,2026-07-07 12:00:00+05:30,1.4000000000000001,0.7000000000000001,0.0,0.0,1.3666666666666667,0.31666666666666665
2026-07-07 12:10:00+05:30,2026-07-07 12:15:00+05:30,2026-07-07 12:15:00+05:30,8,11,1.0,-1.3877787807814457e-17,1.0,1.0,2.0,1,5.0,2026-07-07 12:05:00+05:30,1.2121212121212122,0.6060606060606061,0.0,0.0,1.168560606060606,0.4147727272727273
2026-07-07 12:15:00+05:30,2026-07-07 12:20:00+05:30,2026-07-07 12:20:00+05:30,12,7,0.9999999999999998,-1.3877787807814457e-17,1.0,1.0,2.0,1,5.0,2026-07-07 12:10:00+05:30,1.2196969696969695,0.6098484848484848,0.0,0.0,1.0116341991341993,0.49404761904761907
2026-07-07 12:20:00+05:30,2026-07-07 12:25:00+05:30,2026-07-07 12:25:00+05:30,11,8,0.9999999999999999,2.7755575615628914e-17,1.0,1.0,2.0,1,5.0,2026-07-07 12:15:00+05:30,1.2500000000000002,0.6250000000000001,0.0,0.0,1.2094155844155845,0.39772727272727276
2026-07-07 12:25:00+05:30,2026-07-07 12:30:00+05:30,2026-07-07 12:30:00+05:30,7,12,0.9999999999999998,1.3877787807814457e-17,1.0,1.0,2.0,1,5.0,2026-07-07 12:20:00+05:30,1.5681818181818181,0.7840909090909091,0.0,0.0,1.4537337662337664,0.26785714285714285
2026-07-07 12:30:00+05:30,2026-07-07 12:35:00+05:30,2026-07-07 12:35:00+05:30,9,10,1.0,-5.551115123125783e-17,1.0,1.0,2.0,1,5.0,2026-07-07 12:25:00+05:30,1.3611111111111112,0.6805555555555556,0.0,0.0,1.2876984126984126,0.3611111111111111
2026-07-07 12:35:00+05:30,2026-07-07 12:40:00+05:30,2026-07-07 12:40:00+05:30,8,11,0.9999999999999999,-1.3877787807814457e-17,1.0,1.0,2.0,1,5.0,2026-07-07 12:30:00+05:30,0.8080808080808081,0.40404040404040403,0.0,0.0,0.741540404040404,0.6306818181818181
2026-07-07 12:40:00+05:30,2026-07-07 12:45:00+05:30,2026-07-07 12:45:00+05:30,9,10,1.0,-5.551115123125783e-17,1.0,1.0,2.0,1,5.0,2026-07-07 12:35:00+05:30,1.2121212121212122,0.6060606060606061,0.0,0.0,1.168560606060606,0.4166666666666667
2026-07-07 12:45:00+05:30,2026-07-07 12:50:00+05:30,2026-07-07 12:50:00+05:30,11,8,1.0,1.3877787807814457e-17,1.0,1.0,2.0,1,5.0,2026-07-07 12:40:00+05:30,1.3363636363636364,0.6681818181818182,0.0,0.0,1.2584595959595961,0.3693181818181818
2026-07-07 12:50:00+05:30,2026-07-07 12:55:00+05:30,2026-07-07 12:55:00+05:30,10,9,1.0,5.551115123125783e-17,1.0,1.0,2.0,1,5.0,2026-07-07 12:45:00+05:30,1.2121212121212122,0.6060606060606061,0.0,0.0,1.1685606060606062,0.41666666666666663
2026-07-07 12:55:00+05:30,2026-07-07 13:00:00+05:30,2026-07-07 13:00:00+05:30,9,10,1.0,-5.551115123125783e-17,1.0,1.0,2.0,1,5.0,2026-07-07 12:50:00+05:30,1.4,0.7,0.0,0.0,1.3666666666666667,0.31666666666666665
2026-07-07 13:00:00+05:30,2026-07-07 13:05:00+05:30,2026-07-07 13:05:00+05:30,8,11,1.0,-1.3877787807814457e-17,1.0,1.0,2.0,1,5.0,2026-07-07 12:55:00+05:30,1.2121212121212122,0.6060606060606061,0.0,0.0,1.1685606060606062,0.4147727272727273
2026-07-07 13:05:00+05:30,2026-07-07 13:10:00+05:30,2026-07-07 13:10:00+05:30,10,9,1.0000000000000002,4.163336342344337e-17,1.0,1.0,2.0,1,5.0,2026-07-07 13:00:00+05:30,0.9545454545454544,0.4772727272727272,0.0,0.0,0.831439393939394,0.5833333333333334
2026-07-07 13:10:00+05:30,2026-07-07 13:15:00+05:30,2026-07-07 13:15:00+05:30,8,11,0.9999999999999999,-2.7755575615628914e-17,1.0,1.0,2.0,1,5.0,2026-07-07 13:05:00+05:30,1.1454545454545455,0.5727272727272728,0.0,0.0,1.044949494949495,0.4772727272727273
2026-07-07 13:15:00+05:30,2026-07-07 13:20:00+05:30,2026-07-07 13:20:00+05:30,7,12,0.9999999999999998,1.3877787807814457e-17,1.0,1.0,2.0,1,5.0,2026-07-07 13:10:00+05:30,1.0416666666666667,0.5208333333333334,0.0,0.0,0.9883658008658007,0.5059523809523809
2026-07-07 13:20:00+05:30,2026-07-07 13:25:00+05:30,2026-07-07 13:25:00+05:30,9,10,1.0,-5.551115123125783e-17,1.0,1.0,2.0,1,5.0,2026-07-07 13:15:00+05:30,1.3611111111111112,0.6805555555555556,0.0,0.0,1.287698412698413,0.3611111111111111
2026-07-07 13:25:00+05:30,2026-07-07 13:30:00+05:30,2026-07-07 13:30:00+05:30,11,8,1.0,1.3877787807814457e-17,1.0,1.0,2.0,1,5.0,2026-07-07 13:20:00+05:30,1.3363636363636364,0.6681818181818182,0.0,0.0,1.2584595959595961,0.3693181818181819
2026-07-07 13:30:00+05:30,2026-07-07 13:35:00+05:30,2026-07-07 13:35:00+05:30,11,8,1.0,1.3877787807814457e-17,1.0,1.0,2.0,1,5.0,2026-07-07 13:25:00+05:30,1.2954545454545454,0.6477272727272727,0.0,0.0,1.2954545454545454,0.3522727272727273
2026-07-07 13:35:00+05:30,2026-07-07 13:40:00+05:30,2026-07-07 13:40:00+05:30,8,11,1.0,-2.7755575615628914e-17,1.0,1.0,2.0,1,5.0,2026-07-07 13:30:00+05:30,1.0909090909090908,0.5454545454545454,0.0,0.0,0.9204545454545455,0.5397727272727273
2026-07-07 13:40:00+05:30,2026-07-07 13:45:00+05:30,2026-07-07 13:45:00+05:30,12,7,0.9999999999999998,6.938893903907228e-18,1.0,1.0,2.0,1,5.0,2026-07-07 13:35:00+05:30,1.2196969696969697,0.6098484848484849,0.0,0.0,1.011634199134199,0.49404761904761896
2026-07-07 13:45:00+05:30,2026-07-07 13:50:00+05:30,2026-07-07 13:50:00+05:30,7,12,0.9999999999999998,0.0,1.0,1.0,2.0,1,5.0,2026-07-07 13:40:00+05:30,1.1666666666666665,0.5833333333333333,0.0,0.0,0.8690476190476191,0.5654761904761905
2026-07-07 13:50:00+05:30,2026-07-07 13:55:00+05:30,2026-07-07 13:55:00+05:30,11,8,1.0,2.7755575615628914e-17,1.0,1.0,2.0,1,5.0,2026-07-07 13:45:00+05:30,1.0454545454545454,0.5227272727272727,0.0,0.0,0.7905844155844156,0.6022727272727273
2026-07-07 13:55:00+05:30,2026-07-07 14:00:00+05:30,2026-07-07 14:00:00+05:30,10,9,1.0,5.551115123125783e-17,1.0,1.0,2.0,1,5.0,2026-07-07 13:50:00+05:30,1.0101010101010102,0.5050505050505051,0.0,0.0,0.955050505050505,0.5222222222222223
2026-07-07 14:00:00+05:30,2026-07-07 14:05:00+05:30,2026-07-07 14:05:00+05:30,10,9,1.0,4.163336342344337e-17,1.0,1.0,2.0,1,5.0,2026-07-07 13:55:00+05:30,1.2666666666666668,0.6333333333333334,0.0,0.0,1.2666666666666668,0.3666666666666667
2026-07-07 14:05:00+05:30,2026-07-07 14:10:00+05:30,2026-07-07 14:10:00+05:30,11,8,1.0,1.3877787807814457e-17,1.0,1.0,2.0,1,5.0,2026-07-07 14:00:00+05:30,1.2121212121212122,0.6060606060606061,0.0,0.0,1.1685606060606062,0.4147727272727273
2026-07-07 14:10:00+05:30,2026-07-07 14:15:00+05:30,2026-07-07 14:15:00+05:30,8,11,0.9999999999999999,-1.3877787807814457e-17,1.0,1.0,2.0,1,5.0,2026-07-07 14:05:00+05:30,0.9090909090909092,0.4545454545454546,0.0,0.0,0.7045454545454546,0.6477272727272727
2026-07-07 14:15:00+05:30,2026-07-07 14:20:00+05:30,2026-07-07 14:20:00+05:30,7,12,0.9999999999999998,1.3877787807814457e-17,1.0,1.0,2.0,1,5.0,2026-07-07 14:10:00+05:30,1.4583333333333335,0.7291666666666667,0.0,0.0,1.4304653679653678,0.2797619047619047
2026-07-07 14:20:00+05:30,2026-07-07 14:25:00+05:30,2026-07-07 14:25:00+05:30,8,11,0.9999999999999999,-1.3877787807814457e-17,1.0,1.0,2.0,1,5.0,2026-07-07 14:15:00+05:30,1.041666666666667,0.5208333333333335,0.0,0.0,0.9883658008658008,0.5056818181818182
2026-07-07 14:25:00+05:30,2026-07-07 14:30:00+05:30,2026-07-07 14:30:00+05:30,11,8,1.0,0.0,1.0,1.0,2.0,1,5.0,2026-07-07 14:20:00+05:30,1.090909090909091,0.5454545454545455,0.0,0.0,0.9204545454545454,0.5397727272727273
2026-07-07 14:30:00+05:30,2026-07-07 14:35:00+05:30,2026-07-07 14:35:00+05:30,11,8,1.0,2.7755575615628914e-17,1.0,1.0,2.0,1,5.0,2026-07-07 14:25:00+05:30,0.8636363636363636,0.4318181818181818,0.0,0.0,0.8636363636363636,0.5681818181818181
2026-07-07 14:35:00+05:30,2026-07-07 14:40:00+05:30,2026-07-07 14:40:00+05:30,8,11,1.0,-1.3877787807814457e-17,1.0,1.0,2.0,1,5.0,2026-07-07 14:30:00+05:30,1.090909090909091,0.5454545454545455,0.0,0.0,0.9204545454545454,0.5397727272727273
2026-07-07 14:40:00+05:30,2026-07-07 14:45:00+05:30,2026-07-07 14:45:00+05:30,9,10,1.0,-5.551115123125783e-17,1.0,1.0,2.0,1,5.0,2026-07-07 14:35:00+05:30,1.2121212121212122,0.6060606060606061,0.0,0.0,1.168560606060606,0.41666666666666674
2026-07-07 14:45:00+05:30,2026-07-07 14:50:00+05:30,2026-07-07 14:50:00+05:30,11,8,1.0,1.3877787807814457e-17,1.0,1.0,2.0,1,5.0,2026-07-07 14:40:00+05:30,1.3363636363636366,0.6681818181818183,0.0,0.0,1.258459595959596,0.3693181818181819
2026-07-07 14:50:00+05:30,2026-07-07 14:55:00+05:30,2026-07-07 14:55:00+05:30,6,13,0.9999999999999999,-5.551115123125783e-17,1.0,1.0,2.0,1,5.0,2026-07-07 14:45:00+05:30,1.6783216783216781,0.8391608391608391,0.0,0.0,1.568327505827506,0.1987179487179487
2026-07-07 14:55:00+05:30,2026-07-07 15:00:00+05:30,2026-07-07 15:00:00+05:30,9,10,1.0,-5.551115123125783e-17,1.0,1.0,2.0,1,5.0,2026-07-07 14:50:00+05:30,0.94017094017094,0.47008547008547,0.0,0.0,0.7367521367521367,0.6222222222222222
2026-07-07 15:00:00+05:30,2026-07-07 15:05:00+05:30,2026-07-07 15:05:00+05:30,8,11,0.9999999999999999,-2.7755575615628914e-17,1.0,1.0,2.0,1,5.0,2026-07-07 14:55:00+05:30,1.2121212121212122,0.6060606060606061,0.0,0.0,1.168560606060606,0.4147727272727273
2026-07-07 15:05:00+05:30,2026-07-07 15:10:00+05:30,2026-07-07 15:10:00+05:30,11,8,0.9999999999999999,2.7755575615628914e-17,1.0,1.0,2.0,1,5.0,2026-07-07 15:00:00+05:30,1.0909090909090908,0.5454545454545454,0.0,0.0,0.9204545454545455,0.5397727272727273
2026-07-07 15:10:00+05:30,2026-07-07 15:15:00+05:30,2026-07-07 15:15:00+05:30,9,10,1.0,-5.551115123125783e-17,1.0,1.0,2.0,1,5.0,2026-07-07 15:05:00+05:30,0.9545454545454544,0.4772727272727272,0.0,0.0,0.831439393939394,0.5833333333333334
2026-07-07 15:15:00+05:30,2026-07-07 15:20:00+05:30,2026-07-07 15:20:00+05:30,10,9,1.0,5.551115123125783e-17,1.0,1.0,2.0,1,5.0,2026-07-07 15:10:00+05:30,1.0,0.5,0.0,0.0,0.9444444444444444,0.5277777777777778
2026-07-07 15:20:00+05:30,2026-07-07 15:25:00+05:30,2026-07-07 15:25:00+05:30,8,11,1.0,-2.7755575615628914e-17,1.0,1.0,2.0,1,5.0,2026-07-07 15:15:00+05:30,1.3363636363636364,0.6681818181818182,0.0,0.0,1.2584595959595961,0.3693181818181819
2026-07-08 09:15:00+05:30,2026-07-08 09:20:00+05:30,2026-07-08 09:20:00+05:30,11,8,1.0,1.3877787807814457e-17,1.0,1.0,2.0,1,5.0,2026-07-07 15:20:00+05:30,1.0909090909090908,0.5454545454545454,0.0,0.0,0.9204545454545455,0.5397727272727273
2026-07-08 09:20:00+05:30,2026-07-08 09:25:00+05:30,2026-07-08 09:25:00+05:30,9,10,1.0000000000000002,-4.163336342344337e-17,1.0,1.0,2.0,1,5.0,2026-07-08 09:15:00+05:30,0.7636363636363636,0.3818181818181818,0.0,0.0,0.617929292929293,0.6888888888888889
2026-07-08 09:25:00+05:30,2026-07-08 09:30:00+05:30,2026-07-08 09:30:00+05:30,9,10,1.0,-4.163336342344337e-17,1.0,1.0,2.0,1,5.0,2026-07-08 09:20:00+05:30,0.6333333333333333,0.31666666666666665,0.0,0.0,0.6333333333333333,0.6833333333333333
2026-07-08 09:30:00+05:30,2026-07-08 09:35:00+05:30,2026-07-08 09:35:00+05:30,12,7,0.9999999999999998,-1.3877787807814457e-17,1.0,1.0,2.0,1,5.0,2026-07-08 09:25:00+05:30,1.1,0.55,0.0,0.0,0.930952380952381,0.5357142857142857
2026-07-08 09:35:00+05:30,2026-07-08 09:40:00+05:30,2026-07-08 09:40:00+05:30,6,13,1.0000000000000002,-5.551115123125783e-17,1.0,1.0,2.0,1,5.0,2026-07-08 09:30:00+05:30,0.9615384615384612,0.4807692307692306,0.0,0.0,0.4807692307692307,0.7692307692307693
2026-07-08 09:40:00+05:30,2026-07-08 09:45:00+05:30,2026-07-08 09:45:00+05:30,10,9,1.0,4.163336342344337e-17,1.0,1.0,2.0,1,5.0,2026-07-08 09:35:00+05:30,1.0615384615384613,0.5307692307692307,0.0,0.0,0.8085470085470086,0.5888888888888889
2026-07-08 09:45:00+05:30,2026-07-08 09:50:00+05:30,2026-07-08 09:50:00+05:30,9,10,1.0,-4.163336342344337e-17,1.0,1.0,2.0,1,5.0,2026-07-08 09:40:00+05:30,1.0,0.5,0.0,0.0,0.9444444444444444,0.5277777777777777
2026-07-08 09:50:00+05:30,2026-07-08 09:55:00+05:30,2026-07-08 09:55:00+05:30,8,11,1.0,-1.3877787807814457e-17,1.0,1.0,2.0,1,5.0,2026-07-08 09:45:00+05:30,0.6060606060606061,0.30303030303030304,0.0,0.0,0.5280303030303031,0.7386363636363635
2026-07-08 09:55:00+05:30,2026-07-08 10:00:00+05:30,2026-07-08 10:00:00+05:30,12,7,0.9999999999999998,0.0,1.0,1.0,2.0,1,5.0,2026-07-08 09:50:00+05:30,1.3939393939393938,0.6969696969696969,0.0,0.0,1.2326839826839828,0.38095238095238093
2026-07-08 10:00:00+05:30,2026-07-08 10:05:00+05:30,2026-07-08 10:05:00+05:30,11,8,1.0,2.7755575615628914e-17,1.0,1.0,2.0,1,5.0,2026-07-08 09:55:00+05:30,1.0416666666666667,0.5208333333333334,0.0,0.0,0.9883658008658008,0.5056818181818181
2026-07-08 10:05:00+05:30,2026-07-08 10:10:00+05:30,2026-07-08 10:10:00+05:30,10,9,1.0,5.551115123125783e-17,1.0,1.0,2.0,1,5.0,2026-07-08 10:00:00+05:30,0.8080808080808081,0.40404040404040403,0.0,0.0,0.7415404040404041,0.6277777777777778
2026-07-08 10:10:00+05:30,2026-07-08 10:15:00+05:30,2026-07-08 10:15:00+05:30,10,9,1.0000000000000002,4.163336342344337e-17,1.0,1.0,2.0,1,5.0,2026-07-08 10:05:00+05:30,1.0555555555555556,0.5277777777777778,0.0,0.0,1.0555555555555556,0.47222222222222215
2026-07-08 10:15:00+05:30,2026-07-08 10:20:00+05:30,2026-07-08 10:20:00+05:30,7,12,0.9999999999999998,0.0,1.0,1.0,2.0,1,5.0,2026-07-08 10:10:00+05:30,1.2833333333333337,0.6416666666666668,0.0,0.0,1.1496031746031745,0.42261904761904756
2026-07-08 10:20:00+05:30,2026-07-08 10:25:00+05:30,2026-07-08 10:25:00+05:30,9,10,1.0,-4.163336342344337e-17,1.0,1.0,2.0,1,5.0,2026-07-08 10:15:00+05:30,1.3611111111111112,0.6805555555555556,0.0,0.0,1.2876984126984126,0.3611111111111111
2026-07-08 10:25:00+05:30,2026-07-08 10:30:00+05:30,2026-07-08 10:30:00+05:30,13,6,1.0,5.551115123125783e-17,1.0,1.0,2.0,1,5.0,2026-07-08 10:20:00+05:30,1.2384615384615385,0.6192307692307693,0.0,0.0,1.035897435897436,0.4807692307692307
2026-07-08 10:30:00+05:30,2026-07-08 10:35:00+05:30,2026-07-08 10:35:00+05:30,9,10,1.0,-4.163336342344337e-17,1.0,1.0,2.0,1,5.0,2026-07-08 10:25:00+05:30,1.4153846153846152,0.7076923076923076,0.0,0.0,1.263247863247863,0.37777777777777777
2026-07-08 10:35:00+05:30,2026-07-08 10:40:00+05:30,2026-07-08 10:40:00+05:30,13,6,1.0,5.551115123125783e-17,1.0,1.0,2.0,1,5.0,2026-07-08 10:30:00+05:30,1.0615384615384615,0.5307692307692308,0.0,0.0,0.8085470085470087,0.6025641025641025
2026-07-08 10:40:00+05:30,2026-07-08 10:45:00+05:30,2026-07-08 10:45:00+05:30,11,8,0.9999999999999999,1.3877787807814457e-17,1.0,1.0,2.0,1,5.0,2026-07-08 10:35:00+05:30,1.2115384615384617,0.6057692307692308,0.0,0.0,1.120920745920746,0.44318181818181823
2026-07-08 10:45:00+05:30,2026-07-08 10:50:00+05:30,2026-07-08 10:50:00+05:30,8,11,1.0,-1.3877787807814457e-17,1.0,1.0,2.0,1,5.0,2026-07-08 10:40:00+05:30,1.2727272727272725,0.6363636363636362,0.0,0.0,1.1363636363636362,0.4318181818181818
2026-07-08 10:50:00+05:30,2026-07-08 10:55:00+05:30,2026-07-08 10:55:00+05:30,10,9,1.0,5.551115123125783e-17,1.0,1.0,2.0,1,5.0,2026-07-08 10:45:00+05:30,1.3363636363636364,0.6681818181818182,0.0,0.0,1.2584595959595961,0.3722222222222222
2026-07-08 10:55:00+05:30,2026-07-08 11:00:00+05:30,2026-07-08 11:00:00+05:30,11,8,1.0,2.7755575615628914e-17,1.0,1.0,2.0,1,5.0,2026-07-08 10:50:00+05:30,1.0101010101010102,0.5050505050505051,0.0,0.0,0.9550505050505051,0.5227272727272727
2026-07-08 11:00:00+05:30,2026-07-08 11:05:00+05:30,2026-07-08 11:05:00+05:30,10,9,1.0,4.163336342344337e-17,1.0,1.0,2.0,1,5.0,2026-07-08 10:55:00+05:30,1.4141414141414141,0.7070707070707071,0.0,0.0,1.3820707070707072,0.3111111111111111
2026-07-08 11:05:00+05:30,2026-07-08 11:10:00+05:30,2026-07-08 11:10:00+05:30,11,8,1.0,1.3877787807814457e-17,1.0,1.0,2.0,1,5.0,2026-07-08 11:00:00+05:30,1.4141414141414141,0.7070707070707071,0.0,0.0,1.3820707070707072,0.3068181818181818
2026-07-08 11:10:00+05:30,2026-07-08 11:15:00+05:30,2026-07-08 11:15:00+05:30,12,7,0.9999999999999998,0.0,1.0,1.0,2.0,1,5.0,2026-07-08 11:05:00+05:30,1.0416666666666667,0.5208333333333334,0.0,0.0,0.9883658008658008,0.5059523809523809
2026-07-08 11:15:00+05:30,2026-07-08 11:20:00+05:30,2026-07-08 11:20:00+05:30,12,7,0.9999999999999998,0.0,1.0,1.0,2.0,1,5.0,2026-07-08 11:10:00+05:30,0.6785714285714286,0.3392857142857143,0.0,0.0,0.6785714285714286,0.6607142857142856
2026-07-08 11:20:00+05:30,2026-07-08 11:25:00+05:30,2026-07-08 11:25:00+05:30,10,9,1.0,4.163336342344337e-17,1.0,1.0,2.0,1,5.0,2026-07-08 11:15:00+05:30,1.5555555555555554,0.7777777777777777,0.0,0.0,1.5063492063492063,0.25555555555555554
2026-07-08 11:25:00+05:30,2026-07-08 11:30:00+05:30,2026-07-08 11:30:00+05:30,9,10,1.0,-5.551115123125783e-17,1.0,1.0,2.0,1,5.0,2026-07-08 11:20:00+05:30,0.9999999999999999,0.49999999999999994,0.0,0.0,0.9444444444444445,0.5277777777777778
2026-07-08 11:30:00+05:30,2026-07-08 11:35:00+05:30,2026-07-08 11:35:00+05:30,9,10,1.0,-5.551115123125783e-17,1.0,1.0,2.0,1,5.0,2026-07-08 11:25:00+05:30,1.0555555555555556,0.5277777777777778,0.0,0.0,1.0555555555555556,0.47222222222222215
2026-07-08 11:35:00+05:30,2026-07-08 11:40:00+05:30,2026-07-08 11:40:00+05:30,7,12,0.9999999999999998,1.3877787807814457e-17,1.0,1.0,2.0,1,5.0,2026-07-08 11:30:00+05:30,1.1666666666666665,0.5833333333333333,0.0,0.0,1.069047619047619,0.4642857142857143
2026-07-08 11:40:00+05:30,2026-07-08 11:45:00+05:30,2026-07-08 11:45:00+05:30,11,8,1.0,1.3877787807814457e-17,1.0,1.0,2.0,1,5.0,2026-07-08 11:35:00+05:30,1.2196969696969695,0.6098484848484848,0.0,0.0,1.0116341991341993,0.4943181818181818
2026-07-08 11:45:00+05:30,2026-07-08 11:50:00+05:30,2026-07-08 11:50:00+05:30,7,12,0.9999999999999998,0.0,1.0,1.0,2.0,1,5.0,2026-07-08 11:40:00+05:30,1.0454545454545454,0.5227272727272727,0.0,0.0,0.7905844155844157,0.6071428571428571
2026-07-08 11:50:00+05:30,2026-07-08 11:55:00+05:30,2026-07-08 11:55:00+05:30,7,12,0.9999999999999998,0.0,1.0,1.0,2.0,1,5.0,2026-07-08 11:45:00+05:30,1.130952380952381,0.5654761904761905,0.0,0.0,1.130952380952381,0.43452380952380953
2026-07-08 11:55:00+05:30,2026-07-08 12:00:00+05:30,2026-07-08 12:00:00+05:30,9,10,1.0,-4.163336342344337e-17,1.0,1.0,2.0,1,5.0,2026-07-08 11:50:00+05:30,0.9722222222222222,0.4861111111111111,0.0,0.0,0.8503968253968254,0.5722222222222222
2026-07-08 12:00:00+05:30,2026-07-08 12:05:00+05:30,2026-07-08 12:05:00+05:30,9,10,1.0,-4.163336342344337e-17,1.0,1.0,2.0,1,5.0,2026-07-08 11:55:00+05:30,1.0555555555555556,0.5277777777777778,0.0,0.0,1.0555555555555556,0.4722222222222222
2026-07-08 12:05:00+05:30,2026-07-08 12:10:00+05:30,2026-07-08 12:10:00+05:30,9,10,1.0,-4.163336342344337e-17,1.0,1.0,2.0,1,5.0,2026-07-08 12:00:00+05:30,0.8444444444444444,0.4222222222222222,0.0,0.0,0.8444444444444444,0.5777777777777778
2026-07-08 12:10:00+05:30,2026-07-08 12:15:00+05:30,2026-07-08 12:15:00+05:30,6,13,1.0,-4.163336342344337e-17,1.0,1.0,2.0,1,5.0,2026-07-08 12:05:00+05:30,1.5042735042735043,0.7521367521367521,0.0,0.0,1.418803418803419,0.27564102564102566
2026-07-08 12:15:00+05:30,2026-07-08 12:20:00+05:30,2026-07-08 12:20:00+05:30,12,7,0.9999999999999998,0.0,1.0,1.0,2.0,1,5.0,2026-07-08 12:10:00+05:30,1.1217948717948718,0.5608974358974359,0.0,0.0,0.7156593406593406,0.6369047619047619
2026-07-08 12:20:00+05:30,2026-07-08 12:25:00+05:30,2026-07-08 12:25:00+05:30,10,9,1.0,5.551115123125783e-17,1.0,1.0,2.0,1,5.0,2026-07-08 12:15:00+05:30,1.5555555555555554,0.7777777777777777,0.0,0.0,1.5063492063492063,0.25555555555555554
2026-07-08 12:25:00+05:30,2026-07-08 12:30:00+05:30,2026-07-08 12:30:00+05:30,11,8,1.0,1.3877787807814457e-17,1.0,1.0,2.0,1,5.0,2026-07-08 12:20:00+05:30,1.4141414141414141,0.7070707070707071,0.0,0.0,1.3820707070707072,0.3068181818181818
2026-07-08 12:30:00+05:30,2026-07-08 12:35:00+05:30,2026-07-08 12:35:00+05:30,7,12,0.9999999999999998,-1.3877787807814457e-17,1.0,1.0,2.0,1,5.0,2026-07-08 12:25:00+05:30,1.2196969696969697,0.6098484848484849,0.0,0.0,1.011634199134199,0.49404761904761907
2026-07-08 12:35:00+05:30,2026-07-08 12:40:00+05:30,2026-07-08 12:40:00+05:30,12,7,0.9999999999999998,6.938893903907228e-18,1.0,1.0,2.0,1,5.0,2026-07-08 12:30:00+05:30,1.1666666666666663,0.5833333333333331,0.0,0.0,0.869047619047619,0.5654761904761904
2026-07-08 12:40:00+05:30,2026-07-08 12:45:00+05:30,2026-07-08 12:45:00+05:30,9,10,1.0,-5.551115123125783e-17,1.0,1.0,2.0,1,5.0,2026-07-08 12:35:00+05:30,1.1,0.55,0.0,0.0,0.930952380952381,0.5333333333333333
2026-07-08 12:45:00+05:30,2026-07-08 12:50:00+05:30,2026-07-08 12:50:00+05:30,9,10,1.0,-4.163336342344337e-17,1.0,1.0,2.0,1,5.0,2026-07-08 12:40:00+05:30,0.8444444444444444,0.4222222222222222,0.0,0.0,0.8444444444444444,0.5777777777777778
2026-07-08 12:50:00+05:30,2026-07-08 12:55:00+05:30,2026-07-08 12:55:00+05:30,9,10,1.0,-5.551115123125783e-17,1.0,1.0,2.0,1,5.0,2026-07-08 12:45:00+05:30,0.8444444444444444,0.4222222222222222,0.0,0.0,0.8444444444444444,0.5777777777777778
2026-07-08 12:55:00+05:30,2026-07-08 13:00:00+05:30,2026-07-08 13:00:00+05:30,7,12,0.9999999999999998,0.0,1.0,1.0,2.0,1,5.0,2026-07-08 12:50:00+05:30,1.1666666666666665,0.5833333333333333,0.0,0.0,1.069047619047619,0.4642857142857142
2026-07-08 13:00:00+05:30,2026-07-08 13:05:00+05:30,2026-07-08 13:05:00+05:30,10,9,1.0,4.163336342344337e-17,1.0,1.0,2.0,1,5.0,2026-07-08 12:55:00+05:30,0.9166666666666667,0.45833333333333337,0.0,0.0,0.7123015873015873,0.638888888888889
2026-07-08 13:05:00+05:30,2026-07-08 13:10:00+05:30,2026-07-08 13:10:00+05:30,11,8,1.0,2.7755575615628914e-17,1.0,1.0,2.0,1,5.0,2026-07-08 13:00:00+05:30,1.0101010101010102,0.5050505050505051,0.0,0.0,0.955050505050505,0.5227272727272727
2026-07-08 13:10:00+05:30,2026-07-08 13:15:00+05:30,2026-07-08 13:15:00+05:30,7,12,0.9999999999999998,1.3877787807814457e-17,1.0,1.0,2.0,1,5.0,2026-07-08 13:05:00+05:30,1.2196969696969697,0.6098484848484849,0.0,0.0,1.0116341991341993,0.49404761904761907
2026-07-08 13:15:00+05:30,2026-07-08 13:20:00+05:30,2026-07-08 13:20:00+05:30,11,8,0.9999999999999999,1.3877787807814457e-17,1.0,1.0,2.0,1,5.0,2026-07-08 13:10:00+05:30,1.393939393939394,0.696969696969697,0.0,0.0,1.2326839826839828,0.3863636363636364
2026-07-08 13:20:00+05:30,2026-07-08 13:25:00+05:30,2026-07-08 13:25:00+05:30,10,9,1.0,5.551115123125783e-17,1.0,1.0,2.0,1,5.0,2026-07-08 13:15:00+05:30,1.0101010101010102,0.5050505050505051,0.0,0.0,0.955050505050505,0.5222222222222223
2026-07-08 13:25:00+05:30,2026-07-08 13:30:00+05:30,2026-07-08 13:30:00+05:30,12,7,0.9999999999999998,-6.938893903907228e-18,1.0,1.0,2.0,1,5.0,2026-07-08 13:20:00+05:30,1.1666666666666665,0.5833333333333333,0.0,0.0,1.069047619047619,0.46428571428571436
2026-07-08 13:30:00+05:30,2026-07-08 13:35:00+05:30,2026-07-08 13:35:00+05:30,10,9,1.0,5.551115123125783e-17,1.0,1.0,2.0,1,5.0,2026-07-08 13:25:00+05:30,1.5555555555555558,0.7777777777777779,0.0,0.0,1.5063492063492063,0.25555555555555554
2026-07-08 13:35:00+05:30,2026-07-08 13:40:00+05:30,2026-07-08 13:40:00+05:30,9,10,1.0,-5.551115123125783e-17,1.0,1.0,2.0,1,5.0,2026-07-08 13:30:00+05:30,1.2,0.6,0.0,0.0,1.1555555555555554,0.4222222222222222
2026-07-08 13:40:00+05:30,2026-07-08 13:45:00+05:30,2026-07-08 13:45:00+05:30,9,10,1.0,-4.163336342344337e-17,1.0,1.0,2.0,1,5.0,2026-07-08 13:35:00+05:30,1.0555555555555556,0.5277777777777778,0.0,0.0,1.0555555555555556,0.4722222222222222
2026-07-08 13:45:00+05:30,2026-07-08 13:50:00+05:30,2026-07-08 13:50:00+05:30,8,11,1.0,-1.3877787807814457e-17,1.0,1.0,2.0,1,5.0,2026-07-08 13:40:00+05:30,0.6060606060606061,0.30303030303030304,0.0,0.0,0.5280303030303031,0.7386363636363635
2026-07-08 13:50:00+05:30,2026-07-08 13:55:00+05:30,2026-07-08 13:55:00+05:30,7,12,0.9999999999999998,1.3877787807814457e-17,1.0,1.0,2.0,1,5.0,2026-07-08 13:45:00+05:30,1.0416666666666667,0.5208333333333334,0.0,0.0,0.9883658008658007,0.5059523809523809
2026-07-08 13:55:00+05:30,2026-07-08 14:00:00+05:30,2026-07-08 14:00:00+05:30,10,9,1.0,4.163336342344337e-17,1.0,1.0,2.0,1,5.0,2026-07-08 13:50:00+05:30,1.0999999999999999,0.5499999999999999,0.0,0.0,0.930952380952381,0.5333333333333333
2026-07-08 14:00:00+05:30,2026-07-08 14:05:00+05:30,2026-07-08 14:05:00+05:30,9,10,1.0,-4.163336342344337e-17,1.0,1.0,2.0,1,5.0,2026-07-08 13:55:00+05:30,0.7999999999999998,0.3999999999999999,0.0,0.0,0.7333333333333334,0.6333333333333334
2026-07-08 14:05:00+05:30,2026-07-08 14:10:00+05:30,2026-07-08 14:10:00+05:30,8,11,1.0,-1.3877787807814457e-17,1.0,1.0,2.0,1,5.0,2026-07-08 14:00:00+05:30,1.01010101010101,0.505050505050505,0.0,0.0,0.9550505050505051,0.5227272727272727
2026-07-08 14:10:00+05:30,2026-07-08 14:15:00+05:30,2026-07-08 14:15:00+05:30,8,11,0.9999999999999999,-1.3877787807814457e-17,1.0,1.0,2.0,1,5.0,2026-07-08 14:05:00+05:30,1.2954545454545454,0.6477272727272727,0.0,0.0,1.2954545454545454,0.3522727272727273
2026-07-08 14:15:00+05:30,2026-07-08 14:20:00+05:30,2026-07-08 14:20:00+05:30,11,8,1.0,0.0,1.0,1.0,2.0,1,5.0,2026-07-08 14:10:00+05:30,1.2727272727272727,0.6363636363636364,0.0,0.0,1.1363636363636362,0.4318181818181818
2026-07-08 14:20:00+05:30,2026-07-08 14:25:00+05:30,2026-07-08 14:25:00+05:30,7,12,0.9999999999999998,1.3877787807814457e-17,1.0,1.0,2.0,1,5.0,2026-07-08 14:15:00+05:30,1.2196969696969695,0.6098484848484848,0.0,0.0,1.0116341991341993,0.49404761904761907
2026-07-08 14:25:00+05:30,2026-07-08 14:30:00+05:30,2026-07-08 14:30:00+05:30,10,9,1.0,4.163336342344337e-17,1.0,1.0,2.0,1,5.0,2026-07-08 14:20:00+05:30,1.4666666666666668,0.7333333333333334,0.0,0.0,1.3682539682539683,0.32222222222222224
2026-07-08 14:30:00+05:30,2026-07-08 14:35:00+05:30,2026-07-08 14:35:00+05:30,6,13,0.9999999999999999,-5.551115123125783e-17,1.0,1.0,2.0,1,5.0,2026-07-08 14:25:00+05:30,1.0615384615384615,0.5307692307692308,0.0,0.0,0.8085470085470086,0.6025641025641025
2026-07-08 14:35:00+05:30,2026-07-08 14:40:00+05:30,2026-07-08 14:40:00+05:30,10,9,1.0,2.7755575615628914e-17,1.0,1.0,2.0,1,5.0,2026-07-08 14:30:00+05:30,1.2384615384615385,0.6192307692307693,0.0,0.0,1.035897435897436,0.4833333333333334
2026-07-08 14:40:00+05:30,2026-07-08 14:45:00+05:30,2026-07-08 14:45:00+05:30,11,8,0.9999999999999999,1.3877787807814457e-17,1.0,1.0,2.0,1,5.0,2026-07-08 14:35:00+05:30,1.4141414141414141,0.7070707070707071,0.0,0.0,1.382070707070707,0.3068181818181818
2026-07-08 14:45:00+05:30,2026-07-08 14:50:00+05:30,2026-07-08 14:50:00+05:30,9,10,1.0,-4.163336342344337e-17,1.0,1.0,2.0,1,5.0,2026-07-08 14:40:00+05:30,1.1454545454545455,0.5727272727272728,0.0,0.0,1.044949494949495,0.47777777777777786
2026-07-08 14:50:00+05:30,2026-07-08 14:55:00+05:30,2026-07-08 14:55:00+05:30,12,7,0.9999999999999998,0.0,1.0,1.0,2.0,1,5.0,2026-07-08 14:45:00+05:30,1.1,0.55,0.0,0.0,0.930952380952381,0.5357142857142857
2026-07-08 14:55:00+05:30,2026-07-08 15:00:00+05:30,2026-07-08 15:00:00+05:30,9,10,1.0000000000000002,-4.163336342344337e-17,1.0,1.0,2.0,1,5.0,2026-07-08 14:50:00+05:30,1.2833333333333337,0.6416666666666668,0.0,0.0,1.1496031746031745,0.42777777777777776
2026-07-08 15:00:00+05:30,2026-07-08 15:05:00+05:30,2026-07-08 15:05:00+05:30,10,9,1.0,4.163336342344337e-17,1.0,1.0,2.0,1,5.0,2026-07-08 14:55:00+05:30,1.2,0.6,0.0,0.0,1.1555555555555557,0.4222222222222223
2026-07-08 15:05:00+05:30,2026-07-08 15:10:00+05:30,2026-07-08 15:10:00+05:30,8,11,0.9999999999999999,-1.3877787807814457e-17,1.0,1.0,2.0,1,5.0,2026-07-08 15:00:00+05:30,1.1454545454545455,0.5727272727272728,0.0,0.0,1.044949494949495,0.4772727272727273
2026-07-08 15:10:00+05:30,2026-07-08 15:15:00+05:30,2026-07-08 15:15:00+05:30,8,11,0.9999999999999999,-1.3877787807814457e-17,1.0,1.0,2.0,1,5.0,2026-07-08 15:05:00+05:30,1.0795454545454546,0.5397727272727273,0.0,0.0,1.0795454545454546,0.4602272727272728
2026-07-08 15:15:00+05:30,2026-07-08 15:20:00+05:30,2026-07-08 15:20:00+05:30,9,10,1.0,-4.163336342344337e-17,1.0,1.0,2.0,1,5.0,2026-07-08 15:10:00+05:30,1.2121212121212124,0.6060606060606062,0.0,0.0,1.1685606060606062,0.41666666666666663
2026-07-08 15:20:00+05:30,2026-07-08 15:25:00+05:30,2026-07-08 15:25:00+05:30,11,8,0.9999999999999999,1.3877787807814457e-17,1.0,1.0,2.0,1,5.0,2026-07-08 15:15:00+05:30,0.9545454545454545,0.47727272727272724,0.0,0.0,0.8314393939393939,0.5852272727272727
2026-07-09 09:15:00+05:30,2026-07-09 09:20:00+05:30,2026-07-09 09:20:00+05:30,5,14,1.0,6.938893903907228e-17,1.0,1.0,2.0,1,5.0,2026-07-08 15:20:00+05:30,1.298701298701299,0.6493506493506495,0.0,0.0,0.9743506493506495,0.5142857142857142
2026-07-09 09:20:00+05:30,2026-07-09 09:25:00+05:30,2026-07-09 09:25:00+05:30,12,7,0.9999999999999998,0.0,1.0,1.0,2.0,1,5.0,2026-07-09 09:15:00+05:30,1.5476190476190477,0.7738095238095238,0.0,0.0,1.288095238095238,0.369047619047619
2026-07-09 09:25:00+05:30,2026-07-09 09:30:00+05:30,2026-07-09 09:30:00+05:30,10,9,1.0,5.551115123125783e-17,1.0,1.0,2.0,1,5.0,2026-07-09 09:20:00+05:30,1.1666666666666665,0.5833333333333333,0.0,0.0,1.069047619047619,0.46666666666666673
2026-07-09 09:30:00+05:30,2026-07-09 09:35:00+05:30,2026-07-09 09:35:00+05:30,13,6,1.0,5.551115123125783e-17,1.0,1.0,2.0,1,5.0,2026-07-09 09:25:00+05:30,1.316239316239316,0.658119658119658,0.0,0.0,1.1914529914529917,0.39743589743589747
2026-07-09 09:35:00+05:30,2026-07-09 09:40:00+05:30,2026-07-09 09:40:00+05:30,10,9,1.0,4.163336342344337e-17,1.0,1.0,2.0,1,5.0,2026-07-09 09:30:00+05:30,0.94017094017094,0.47008547008547,0.0,0.0,0.7367521367521367,0.6222222222222223
2026-07-09 09:40:00+05:30,2026-07-09 09:45:00+05:30,2026-07-09 09:45:00+05:30,7,12,0.9999999999999998,0.0,1.0,1.0,2.0,1,5.0,2026-07-09 09:35:00+05:30,0.9166666666666666,0.4583333333333333,0.0,0.0,0.7123015873015873,0.6488095238095236
2026-07-09 09:45:00+05:30,2026-07-09 09:50:00+05:30,2026-07-09 09:50:00+05:30,10,9,1.0,4.163336342344337e-17,1.0,1.0,2.0,1,5.0,2026-07-09 09:40:00+05:30,1.4666666666666668,0.7333333333333334,0.0,0.0,1.3682539682539683,0.3222222222222222
2026-07-09 09:50:00+05:30,2026-07-09 09:55:00+05:30,2026-07-09 09:55:00+05:30,5,14,1.0,6.938893903907228e-17,1.0,1.0,2.0,1,5.0,2026-07-09 09:45:00+05:30,1.3714285714285714,0.6857142857142857,0.0,0.0,1.1523809523809523,0.41428571428571426
2026-07-09 09:55:00+05:30,2026-07-09 10:00:00+05:30,2026-07-09 10:00:00+05:30,12,7,0.9999999999999998,6.938893903907228e-18,1.0,1.0,2.0,1,5.0,2026-07-09 09:50:00+05:30,1.392857142857143,0.6964285714285715,0.0,0.0,1.0392857142857144,0.48214285714285704
2026-07-09 10:00:00+05:30,2026-07-09 10:05:00+05:30,2026-07-09 10:05:00+05:30,11,8,1.0,0.0,1.0,1.0,2.0,1,5.0,2026-07-09 09:55:00+05:30,1.0416666666666667,0.5208333333333334,0.0,0.0,0.9883658008658008,0.5056818181818181
2026-07-09 10:05:00+05:30,2026-07-09 10:10:00+05:30,2026-07-09 10:10:00+05:30,13,6,1.0,5.551115123125783e-17,1.0,1.0,2.0,1,5.0,2026-07-09 10:00:00+05:30,1.2115384615384615,0.6057692307692307,0.0,0.0,1.120920745920746,0.4358974358974359
2026-07-09 10:10:00+05:30,2026-07-09 10:15:00+05:30,2026-07-09 10:15:00+05:30,9,10,1.0,-4.163336342344337e-17,1.0,1.0,2.0,1,5.0,2026-07-09 10:05:00+05:30,1.4153846153846152,0.7076923076923076,0.0,0.0,1.2632478632478632,0.3777777777777778
2026-07-09 10:15:00+05:30,2026-07-09 10:20:00+05:30,2026-07-09 10:20:00+05:30,14,5,1.0,-5.551115123125783e-17,1.0,1.0,2.0,1,5.0,2026-07-09 10:10:00+05:30,1.5428571428571427,0.7714285714285714,0.0,0.0,1.3936507936507936,0.2785714285714286
2026-07-09 10:20:00+05:30,2026-07-09 10:25:00+05:30,2026-07-09 10:25:00+05:30,11,8,0.9999999999999999,2.7755575615628914e-17,1.0,1.0,2.0,1,5.0,2026-07-09 10:15:00+05:30,1.1785714285714288,0.5892857142857144,0.0,0.0,1.0256493506493505,0.48863636363636365
2026-07-09 10:25:00+05:30,2026-07-09 10:30:00+05:30,2026-07-09 10:30:00+05:30,8,11,1.0,0.0,1.0,1.0,2.0,1,5.0,2026-07-09 10:20:00+05:30,1.2727272727272727,0.6363636363636364,0.0,0.0,1.1363636363636365,0.4318181818181818
2026-07-09 10:30:00+05:30,2026-07-09 10:35:00+05:30,2026-07-09 10:35:00+05:30,12,7,0.9999999999999998,-1.3877787807814457e-17,1.0,1.0,2.0,1,5.0,2026-07-09 10:25:00+05:30,1.0454545454545454,0.5227272727272727,0.0,0.0,0.7905844155844157,0.607142857142857
2026-07-09 10:35:00+05:30,2026-07-09 10:40:00+05:30,2026-07-09 10:40:00+05:30,9,10,1.0,-4.163336342344337e-17,1.0,1.0,2.0,1,5.0,2026-07-09 10:30:00+05:30,1.2833333333333332,0.6416666666666666,0.0,0.0,1.1496031746031745,0.4277777777777778
2026-07-09 10:40:00+05:30,2026-07-09 10:45:00+05:30,2026-07-09 10:45:00+05:30,9,10,1.0,-5.551115123125783e-17,1.0,1.0,2.0,1,5.0,2026-07-09 10:35:00+05:30,1.2666666666666668,0.6333333333333334,0.0,0.0,1.2666666666666668,0.3666666666666667
2026-07-09 10:45:00+05:30,2026-07-09 10:50:00+05:30,2026-07-09 10:50:00+05:30,9,10,1.0,-5.551115123125783e-17,1.0,1.0,2.0,1,5.0,2026-07-09 10:40:00+05:30,1.0555555555555556,0.5277777777777778,0.0,0.0,1.0555555555555556,0.4722222222222222
2026-07-09 10:50:00+05:30,2026-07-09 10:55:00+05:30,2026-07-09 10:55:00+05:30,8,11,1.0,0.0,1.0,1.0,2.0,1,5.0,2026-07-09 10:45:00+05:30,1.2121212121212122,0.6060606060606061,0.0,0.0,1.1685606060606062,0.4147727272727273
2026-07-09 10:55:00+05:30,2026-07-09 11:00:00+05:30,2026-07-09 11:00:00+05:30,9,10,1.0,-5.551115123125783e-17,1.0,1.0,2.0,1,5.0,2026-07-09 10:50:00+05:30,0.8080808080808081,0.40404040404040403,0.0,0.0,0.741540404040404,0.6277777777777779
2026-07-09 11:00:00+05:30,2026-07-09 11:05:00+05:30,2026-07-09 11:05:00+05:30,9,10,1.0,-4.163336342344337e-17,1.0,1.0,2.0,1,5.0,2026-07-09 10:55:00+05:30,0.8444444444444443,0.42222222222222217,0.0,0.0,0.8444444444444443,0.5777777777777777
2026-07-09 11:05:00+05:30,2026-07-09 11:10:00+05:30,2026-07-09 11:10:00+05:30,11,8,0.9999999999999999,1.3877787807814457e-17,1.0,1.0,2.0,1,5.0,2026-07-09 11:00:00+05:30,1.1454545454545455,0.5727272727272728,0.0,0.0,1.044949494949495,0.47727272727272735
2026-07-09 11:10:00+05:30,2026-07-09 11:15:00+05:30,2026-07-09 11:15:00+05:30,7,12,0.9999999999999998,0.0,1.0,1.0,2.0,1,5.0,2026-07-09 11:05:00+05:30,1.2196969696969697,0.6098484848484849,0.0,0.0,1.0116341991341993,0.49404761904761896
2026-07-09 11:15:00+05:30,2026-07-09 11:20:00+05:30,2026-07-09 11:20:00+05:30,14,5,1.0,-4.163336342344337e-17,1.0,1.0,2.0,1,5.0,2026-07-09 11:10:00+05:30,1.2380952380952384,0.6190476190476192,0.0,0.0,0.7904761904761906,0.6142857142857143
2026-07-09 11:20:00+05:30,2026-07-09 11:25:00+05:30,2026-07-09 11:25:00+05:30,9,10,1.0,-5.551115123125783e-17,1.0,1.0,2.0,1,5.0,2026-07-09 11:15:00+05:30,1.1999999999999997,0.5999999999999999,0.0,0.0,0.9111111111111112,0.5388888888888889
2026-07-09 11:25:00+05:30,2026-07-09 11:30:00+05:30,2026-07-09 11:30:00+05:30,11,8,1.0,0.0,1.0,1.0,2.0,1,5.0,2026-07-09 11:20:00+05:30,0.9545454545454544,0.4772727272727272,0.0,0.0,0.831439393939394,0.5852272727272727
2026-07-09 11:30:00+05:30,2026-07-09 11:35:00+05:30,2026-07-09 11:35:00+05:30,11,8,0.9999999999999999,4.163336342344337e-17,1.0,1.0,2.0,1,5.0,2026-07-09 11:25:00+05:30,1.2954545454545454,0.6477272727272727,0.0,0.0,1.2954545454545454,0.3522727272727273
2026-07-09 11:35:00+05:30,2026-07-09 11:40:00+05:30,2026-07-09 11:40:00+05:30,6,13,0.9999999999999999,-5.551115123125783e-17,1.0,1.0,2.0,1,5.0,2026-07-09 11:30:00+05:30,1.3426573426573427,0.6713286713286714,0.0,0.0,1.1088286713286715,0.4423076923076923
2026-07-09 11:40:00+05:30,2026-07-09 11:45:00+05:30,2026-07-09 11:45:00+05:30,11,8,1.0,1.3877787807814457e-17,1.0,1.0,2.0,1,5.0,2026-07-09 11:35:00+05:30,1.5104895104895104,0.7552447552447552,0.0,0.0,1.3385780885780885,0.34090909090909094
2026-07-09 11:45:00+05:30,2026-07-09 11:50:00+05:30,2026-07-09 11:50:00+05:30,8,11,0.9999999999999999,-1.3877787807814457e-17,1.0,1.0,2.0,1,5.0,2026-07-09 11:40:00+05:30,1.090909090909091,0.5454545454545455,0.0,0.0,0.9204545454545455,0.5397727272727273
2026-07-09 11:50:00+05:30,2026-07-09 11:55:00+05:30,2026-07-09 11:55:00+05:30,11,8,0.9999999999999999,1.3877787807814457e-17,1.0,1.0,2.0,1,5.0,2026-07-09 11:45:00+05:30,1.0909090909090908,0.5454545454545454,0.0,0.0,0.9204545454545455,0.5397727272727273
2026-07-09 11:55:00+05:30,2026-07-09 12:00:00+05:30,2026-07-09 12:00:00+05:30,9,10,1.0,-4.163336342344337e-17,1.0,1.0,2.0,1,5.0,2026-07-09 11:50:00+05:30,0.9545454545454545,0.47727272727272724,0.0,0.0,0.831439393939394,0.5833333333333334
2026-07-09 12:00:00+05:30,2026-07-09 12:05:00+05:30,2026-07-09 12:05:00+05:30,12,7,0.9999999999999998,-1.3877787807814457e-17,1.0,1.0,2.0,1,5.0,2026-07-09 11:55:00+05:30,1.4666666666666668,0.7333333333333334,0.0,0.0,1.3682539682539687,0.3095238095238095
2026-07-09 12:05:00+05:30,2026-07-09 12:10:00+05:30,2026-07-09 12:10:00+05:30,9,10,1.0,-5.551115123125783e-17,1.0,1.0,2.0,1,5.0,2026-07-09 12:00:00+05:30,1.4666666666666668,0.7333333333333334,0.0,0.0,1.3682539682539683,0.3222222222222222
2026-07-09 12:10:00+05:30,2026-07-09 12:15:00+05:30,2026-07-09 12:15:00+05:30,10,9,1.0,4.163336342344337e-17,1.0,1.0,2.0,1,5.0,2026-07-09 12:05:00+05:30,0.9999999999999999,0.49999999999999994,0.0,0.0,0.9444444444444443,0.5277777777777778
2026-07-09 12:15:00+05:30,2026-07-09 12:20:00+05:30,2026-07-09 12:20:00+05:30,8,11,1.0,-2.7755575615628914e-17,1.0,1.0,2.0,1,5.0,2026-07-09 12:10:00+05:30,1.3363636363636362,0.6681818181818181,0.0,0.0,1.2584595959595961,0.3693181818181818
2026-07-09 12:20:00+05:30,2026-07-09 12:25:00+05:30,2026-07-09 12:25:00+05:30,12,7,0.9999999999999998,0.0,1.0,1.0,2.0,1,5.0,2026-07-09 12:15:00+05:30,1.2196969696969697,0.6098484848484849,0.0,0.0,1.0116341991341993,0.49404761904761907
2026-07-09 12:25:00+05:30,2026-07-09 12:30:00+05:30,2026-07-09 12:30:00+05:30,7,12,0.9999999999999998,1.3877787807814457e-17,1.0,1.0,2.0,1,5.0,2026-07-09 12:20:00+05:30,1.4999999999999996,0.7499999999999998,0.0,0.0,1.3214285714285712,0.33928571428571425
2026-07-09 12:30:00+05:30,2026-07-09 12:35:00+05:30,2026-07-09 12:35:00+05:30,6,13,0.9999999999999999,-5.551115123125783e-17,1.0,1.0,2.0,1,5.0,2026-07-09 12:25:00+05:30,0.6593406593406592,0.3296703296703296,0.0,0.0,0.5796703296703296,0.7179487179487178
2026-07-09 12:35:00+05:30,2026-07-09 12:40:00+05:30,2026-07-09 12:40:00+05:30,7,12,0.9999999999999998,0.0,1.0,1.0,2.0,1,5.0,2026-07-09 12:30:00+05:30,0.6593406593406592,0.3296703296703296,0.0,0.0,0.5796703296703296,0.7023809523809523
2026-07-09 12:40:00+05:30,2026-07-09 12:45:00+05:30,2026-07-09 12:45:00+05:30,12,7,0.9999999999999998,1.3877787807814457e-17,1.0,1.0,2.0,1,5.0,2026-07-09 12:35:00+05:30,1.1666666666666665,0.5833333333333333,0.0,0.0,0.8690476190476191,0.5654761904761904
2026-07-09 12:45:00+05:30,2026-07-09 12:50:00+05:30,2026-07-09 12:50:00+05:30,13,6,0.9999999999999999,5.551115123125783e-17,1.0,1.0,2.0,1,5.0,2026-07-09 12:40:00+05:30,0.6593406593406592,0.3296703296703296,0.0,0.0,0.5796703296703296,0.7179487179487178
2026-07-09 12:50:00+05:30,2026-07-09 12:55:00+05:30,2026-07-09 12:55:00+05:30,10,9,1.0,5.551115123125783e-17,1.0,1.0,2.0,1,5.0,2026-07-09 12:45:00+05:30,1.3162393162393164,0.6581196581196582,0.0,0.0,1.1914529914529917,0.4111111111111111
2026-07-09 12:55:00+05:30,2026-07-09 13:00:00+05:30,2026-07-09 13:00:00+05:30,10,9,1.0000000000000002,4.163336342344337e-17,1.0,1.0,2.0,1,5.0,2026-07-09 12:50:00+05:30,1.0555555555555556,0.5277777777777778,0.0,0.0,1.0555555555555556,0.4722222222222222
2026-07-09 13:00:00+05:30,2026-07-09 13:05:00+05:30,2026-07-09 13:05:00+05:30,10,9,1.0,5.551115123125783e-17,1.0,1.0,2.0,1,5.0,2026-07-09 12:55:00+05:30,1.2666666666666668,0.6333333333333334,0.0,0.0,1.2666666666666668,0.36666666666666664
2026-07-09 13:05:00+05:30,2026-07-09 13:10:00+05:30,2026-07-09 13:10:00+05:30,11,8,1.0,0.0,1.0,1.0,2.0,1,5.0,2026-07-09 13:00:00+05:30,1.4141414141414141,0.7070707070707071,0.0,0.0,1.3820707070707072,0.3068181818181818
2026-07-09 13:10:00+05:30,2026-07-09 13:15:00+05:30,2026-07-09 13:15:00+05:30,9,10,1.0,-5.551115123125783e-17,1.0,1.0,2.0,1,5.0,2026-07-09 13:05:00+05:30,0.7636363636363636,0.3818181818181818,0.0,0.0,0.617929292929293,0.6888888888888889
2026-07-09 13:15:00+05:30,2026-07-09 13:20:00+05:30,2026-07-09 13:20:00+05:30,10,9,1.0,4.163336342344337e-17,1.0,1.0,2.0,1,5.0,2026-07-09 13:10:00+05:30,1.4000000000000001,0.7000000000000001,0.0,0.0,1.366666666666667,0.31666666666666665
2026-07-09 13:20:00+05:30,2026-07-09 13:25:00+05:30,2026-07-09 13:25:00+05:30,9,10,1.0,-4.163336342344337e-17,1.0,1.0,2.0,1,5.0,2026-07-09 13:15:00+05:30,0.9999999999999999,0.49999999999999994,0.0,0.0,0.9444444444444445,0.5277777777777778
2026-07-09 13:25:00+05:30,2026-07-09 13:30:00+05:30,2026-07-09 13:30:00+05:30,12,7,0.9999999999999998,0.0,1.0,1.0,2.0,1,5.0,2026-07-09 13:20:00+05:30,1.1,0.55,0.0,0.0,0.930952380952381,0.5357142857142857
2026-07-09 13:30:00+05:30,2026-07-09 13:35:00+05:30,2026-07-09 13:35:00+05:30,10,9,1.0,4.163336342344337e-17,1.0,1.0,2.0,1,5.0,2026-07-09 13:25:00+05:30,1.5555555555555554,0.7777777777777777,0.0,0.0,1.5063492063492063,0.25555555555555554
2026-07-09 13:35:00+05:30,2026-07-09 13:40:00+05:30,2026-07-09 13:40:00+05:30,12,7,0.9999999999999998,0.0,1.0,1.0,2.0,1,5.0,2026-07-09 13:30:00+05:30,1.1666666666666665,0.5833333333333333,0.0,0.0,1.069047619047619,0.46428571428571425
2026-07-09 13:40:00+05:30,2026-07-09 13:45:00+05:30,2026-07-09 13:45:00+05:30,12,7,0.9999999999999998,0.0,1.0,1.0,2.0,1,5.0,2026-07-09 13:35:00+05:30,1.130952380952381,0.5654761904761905,0.0,0.0,1.130952380952381,0.4345238095238094
2026-07-09 13:45:00+05:30,2026-07-09 13:50:00+05:30,2026-07-09 13:50:00+05:30,11,8,0.9999999999999999,4.163336342344337e-17,1.0,1.0,2.0,1,5.0,2026-07-09 13:40:00+05:30,1.0416666666666667,0.5208333333333334,0.0,0.0,0.988365800865801,0.5056818181818181
2026-07-09 13:50:00+05:30,2026-07-09 13:55:00+05:30,2026-07-09 13:55:00+05:30,9,10,1.0,-5.551115123125783e-17,1.0,1.0,2.0,1,5.0,2026-07-09 13:45:00+05:30,0.7636363636363634,0.3818181818181817,0.0,0.0,0.617929292929293,0.6888888888888889
2026-07-09 13:55:00+05:30,2026-07-09 14:00:00+05:30,2026-07-09 14:00:00+05:30,10,9,1.0,4.163336342344337e-17,1.0,1.0,2.0,1,5.0,2026-07-09 13:50:00+05:30,0.9999999999999999,0.49999999999999994,0.0,0.0,0.9444444444444444,0.5277777777777778
2026-07-09 14:00:00+05:30,2026-07-09 14:05:00+05:30,2026-07-09 14:05:00+05:30,12,7,0.9999999999999998,-1.3877787807814457e-17,1.0,1.0,2.0,1,5.0,2026-07-09 13:55:00+05:30,0.9722222222222222,0.4861111111111111,0.0,0.0,0.8503968253968254,0.5773809523809522
2026-07-09 14:05:00+05:30,2026-07-09 14:10:00+05:30,2026-07-09 14:10:00+05:30,9,10,1.0,-4.163336342344337e-17,1.0,1.0,2.0,1,5.0,2026-07-09 14:00:00+05:30,1.2833333333333332,0.6416666666666666,0.0,0.0,1.1496031746031745,0.4277777777777778
2026-07-09 14:10:00+05:30,2026-07-09 14:15:00+05:30,2026-07-09 14:15:00+05:30,9,10,1.0000000000000002,-4.163336342344337e-17,1.0,1.0,2.0,1,5.0,2026-07-09 14:05:00+05:30,1.2666666666666668,0.6333333333333334,0.0,0.0,1.2666666666666668,0.36666666666666664
2026-07-09 14:15:00+05:30,2026-07-09 14:20:00+05:30,2026-07-09 14:20:00+05:30,10,9,1.0,4.163336342344337e-17,1.0,1.0,2.0,1,5.0,2026-07-09 14:10:00+05:30,0.7999999999999999,0.39999999999999997,0.0,0.0,0.7333333333333333,0.6333333333333333
2026-07-09 14:20:00+05:30,2026-07-09 14:25:00+05:30,2026-07-09 14:25:00+05:30,10,9,1.0,5.551115123125783e-17,1.0,1.0,2.0,1,5.0,2026-07-09 14:15:00+05:30,1.2666666666666668,0.6333333333333334,0.0,0.0,1.2666666666666668,0.3666666666666667
2026-07-09 14:25:00+05:30,2026-07-09 14:30:00+05:30,2026-07-09 14:30:00+05:30,11,8,1.0,1.3877787807814457e-17,1.0,1.0,2.0,1,5.0,2026-07-09 14:20:00+05:30,1.2121212121212122,0.6060606060606061,0.0,0.0,1.1685606060606062,0.4147727272727273
2026-07-09 14:30:00+05:30,2026-07-09 14:35:00+05:30,2026-07-09 14:35:00+05:30,8,11,1.0,0.0,1.0,1.0,2.0,1,5.0,2026-07-09 14:25:00+05:30,0.9090909090909091,0.45454545454545453,0.0,0.0,0.7045454545454546,0.6477272727272727
2026-07-09 14:35:00+05:30,2026-07-09 14:40:00+05:30,2026-07-09 14:40:00+05:30,9,10,1.0,-5.551115123125783e-17,1.0,1.0,2.0,1,5.0,2026-07-09 14:30:00+05:30,1.4141414141414141,0.7070707070707071,0.0,0.0,1.3820707070707072,0.3111111111111111
2026-07-09 14:40:00+05:30,2026-07-09 14:45:00+05:30,2026-07-09 14:45:00+05:30,8,11,0.9999999999999999,-1.3877787807814457e-17,1.0,1.0,2.0,1,5.0,2026-07-09 14:35:00+05:30,0.8080808080808081,0.40404040404040403,0.0,0.0,0.741540404040404,0.6306818181818181
2026-07-09 14:45:00+05:30,2026-07-09 14:50:00+05:30,2026-07-09 14:50:00+05:30,8,11,1.0,0.0,1.0,1.0,2.0,1,5.0,2026-07-09 14:40:00+05:30,1.2954545454545454,0.6477272727272727,0.0,0.0,1.2954545454545454,0.3522727272727273
2026-07-09 14:50:00+05:30,2026-07-09 14:55:00+05:30,2026-07-09 14:55:00+05:30,11,8,1.0,1.3877787807814457e-17,1.0,1.0,2.0,1,5.0,2026-07-09 14:45:00+05:30,0.9090909090909092,0.4545454545454546,0.0,0.0,0.7045454545454546,0.6477272727272727
2026-07-09 14:55:00+05:30,2026-07-09 15:00:00+05:30,2026-07-09 15:00:00+05:30,12,7,0.9999999999999998,0.0,1.0,1.0,2.0,1,5.0,2026-07-09 14:50:00+05:30,1.2499999999999998,0.6249999999999999,0.0,0.0,1.2094155844155843,0.3928571428571428
2026-07-09 15:00:00+05:30,2026-07-09 15:05:00+05:30,2026-07-09 15:05:00+05:30,9,10,1.0,-5.551115123125783e-17,1.0,1.0,2.0,1,5.0,2026-07-09 14:55:00+05:30,1.0999999999999999,0.5499999999999999,0.0,0.0,0.930952380952381,0.5333333333333333
2026-07-09 15:05:00+05:30,2026-07-09 15:10:00+05:30,2026-07-09 15:10:00+05:30,8,11,0.9999999999999999,-1.3877787807814457e-17,1.0,1.0,2.0,1,5.0,2026-07-09 15:00:00+05:30,0.8080808080808081,0.40404040404040403,0.0,0.0,0.741540404040404,0.6306818181818181
2026-07-09 15:10:00+05:30,2026-07-09 15:15:00+05:30,2026-07-09 15:15:00+05:30,9,10,1.0,-4.163336342344337e-17,1.0,1.0,2.0,1,5.0,2026-07-09 15:05:00+05:30,1.0101010101010102,0.5050505050505051,0.0,0.0,0.955050505050505,0.5222222222222223
2026-07-09 15:15:00+05:30,2026-07-09 15:20:00+05:30,2026-07-09 15:20:00+05:30,11,8,1.0,1.3877787807814457e-17,1.0,1.0,2.0,1,5.0,2026-07-09 15:10:00+05:30,1.3363636363636364,0.6681818181818182,0.0,0.0,1.258459595959596,0.3693181818181818
2026-07-09 15:20:00+05:30,2026-07-09 15:25:00+05:30,2026-07-09 15:25:00+05:30,10,9,1.0,4.163336342344337e-17,1.0,1.0,2.0,1,5.0,2026-07-09 15:15:00+05:30,1.2121212121212122,0.6060606060606061,0.0,0.0,1.1685606060606062,0.4166666666666667
2026-07-10 09:15:00+05:30,2026-07-10 09:20:00+05:30,2026-07-10 09:20:00+05:30,12,7,0.9999999999999998,-1.3877787807814457e-17,1.0,1.0,2.0,1,5.0,2026-07-09 15:20:00+05:30,0.9722222222222221,0.48611111111111105,0.0,0.0,0.8503968253968254,0.5773809523809522
2026-07-10 09:20:00+05:30,2026-07-10 09:25:00+05:30,2026-07-10 09:25:00+05:30,6,13,1.0,-5.551115123125783e-17,1.0,1.0,2.0,1,5.0,2026-07-10 09:15:00+05:30,1.6025641025641026,0.8012820512820513,0.0,0.0,1.4203296703296702,0.28205128205128205
2026-07-10 09:25:00+05:30,2026-07-10 09:30:00+05:30,2026-07-10 09:30:00+05:30,10,9,1.0,5.551115123125783e-17,1.0,1.0,2.0,1,5.0,2026-07-10 09:20:00+05:30,1.0615384615384613,0.5307692307692307,0.0,0.0,0.8085470085470086,0.5888888888888889
2026-07-10 09:30:00+05:30,2026-07-10 09:35:00+05:30,2026-07-10 09:35:00+05:30,6,13,1.0,-5.551115123125783e-17,1.0,1.0,2.0,1,5.0,2026-07-10 09:25:00+05:30,1.2384615384615383,0.6192307692307691,0.0,0.0,1.0358974358974358,0.4807692307692307
2026-07-10 09:35:00+05:30,2026-07-10 09:40:00+05:30,2026-07-10 09:40:00+05:30,12,7,0.9999999999999998,0.0,1.0,1.0,2.0,1,5.0,2026-07-10 09:30:00+05:30,1.6025641025641026,0.8012820512820513,0.0,0.0,1.4203296703296702,0.2976190476190476
2026-07-10 09:40:00+05:30,2026-07-10 09:45:00+05:30,2026-07-10 09:45:00+05:30,10,9,1.0,2.7755575615628914e-17,1.0,1.0,2.0,1,5.0,2026-07-10 09:35:00+05:30,0.7777777777777777,0.38888888888888884,0.0,0.0,0.6317460317460317,0.6777777777777778
2026-07-10 09:45:00+05:30,2026-07-10 09:50:00+05:30,2026-07-10 09:50:00+05:30,10,9,1.0000000000000002,4.163336342344337e-17,1.0,1.0,2.0,1,5.0,2026-07-10 09:40:00+05:30,1.0555555555555556,0.5277777777777778,0.0,0.0,1.0555555555555556,0.4722222222222222
2026-07-10 09:50:00+05:30,2026-07-10 09:55:00+05:30,2026-07-10 09:55:00+05:30,11,8,1.0,0.0,1.0,1.0,2.0,1,5.0,2026-07-10 09:45:00+05:30,1.2121212121212122,0.6060606060606061,0.0,0.0,1.1685606060606062,0.4147727272727273
2026-07-10 09:55:00+05:30,2026-07-10 10:00:00+05:30,2026-07-10 10:00:00+05:30,10,9,1.0,5.551115123125783e-17,1.0,1.0,2.0,1,5.0,2026-07-10 09:50:00+05:30,1.0101010101010102,0.5050505050505051,0.0,0.0,0.9550505050505051,0.5222222222222223
2026-07-10 10:00:00+05:30,2026-07-10 10:05:00+05:30,2026-07-10 10:05:00+05:30,12,7,0.9999999999999998,0.0,1.0,1.0,2.0,1,5.0,2026-07-10 09:55:00+05:30,0.7777777777777777,0.38888888888888884,0.0,0.0,0.6317460317460317,0.6904761904761904
2026-07-10 10:05:00+05:30,2026-07-10 10:10:00+05:30,2026-07-10 10:10:00+05:30,9,10,1.0,-5.551115123125783e-17,1.0,1.0,2.0,1,5.0,2026-07-10 10:00:00+05:30,1.2833333333333332,0.6416666666666666,0.0,0.0,1.1496031746031745,0.42777777777777776
2026-07-10 10:10:00+05:30,2026-07-10 10:15:00+05:30,2026-07-10 10:15:00+05:30,9,10,1.0,-4.163336342344337e-17,1.0,1.0,2.0,1,5.0,2026-07-10 10:05:00+05:30,1.2666666666666666,0.6333333333333333,0.0,0.0,1.2666666666666666,0.3666666666666666
2026-07-10 10:15:00+05:30,2026-07-10 10:20:00+05:30,2026-07-10 10:20:00+05:30,6,13,1.0,-5.551115123125783e-17,1.0,1.0,2.0,1,5.0,2026-07-10 10:10:00+05:30,1.128205128205128,0.564102564102564,0.0,0.0,0.964102564102564,0.5192307692307693
2026-07-10 10:20:00+05:30,2026-07-10 10:25:00+05:30,2026-07-10 10:25:00+05:30,9,10,1.0,-4.163336342344337e-17,1.0,1.0,2.0,1,5.0,2026-07-10 10:15:00+05:30,1.316239316239316,0.658119658119658,0.0,0.0,1.1914529914529914,0.4111111111111111
2026-07-10 10:25:00+05:30,2026-07-10 10:30:00+05:30,2026-07-10 10:30:00+05:30,12,7,0.9999999999999998,0.0,1.0,1.0,2.0,1,5.0,2026-07-10 10:20:00+05:30,1.4666666666666668,0.7333333333333334,0.0,0.0,1.3682539682539683,0.30952380952380953
2026-07-10 10:30:00+05:30,2026-07-10 10:35:00+05:30,2026-07-10 10:35:00+05:30,9,10,1.0,-5.551115123125783e-17,1.0,1.0,2.0,1,5.0,2026-07-10 10:25:00+05:30,1.0999999999999999,0.5499999999999999,0.0,0.0,0.930952380952381,0.5333333333333333
2026-07-10 10:35:00+05:30,2026-07-10 10:40:00+05:30,2026-07-10 10:40:00+05:30,7,12,0.9999999999999998,-6.938893903907228e-18,1.0,1.0,2.0,1,5.0,2026-07-10 10:30:00+05:30,0.9722222222222222,0.4861111111111111,0.0,0.0,0.8503968253968254,0.5773809523809523
2026-07-10 10:40:00+05:30,2026-07-10 10:45:00+05:30,2026-07-10 10:45:00+05:30,10,9,1.0,5.551115123125783e-17,1.0,1.0,2.0,1,5.0,2026-07-10 10:35:00+05:30,1.1,0.55,0.0,0.0,0.930952380952381,0.5333333333333333
2026-07-10 10:45:00+05:30,2026-07-10 10:50:00+05:30,2026-07-10 10:50:00+05:30,10,9,1.0,5.551115123125783e-17,1.0,1.0,2.0,1,5.0,2026-07-10 10:40:00+05:30,1.2666666666666668,0.6333333333333334,0.0,0.0,1.2666666666666668,0.3666666666666667
2026-07-10 10:50:00+05:30,2026-07-10 10:55:00+05:30,2026-07-10 10:55:00+05:30,11,8,0.9999999999999999,4.163336342344337e-17,1.0,1.0,2.0,1,5.0,2026-07-10 10:45:00+05:30,1.2121212121212122,0.6060606060606061,0.0,0.0,1.1685606060606062,0.4147727272727273
2026-07-10 10:55:00+05:30,2026-07-10 11:00:00+05:30,2026-07-10 11:00:00+05:30,11,8,0.9999999999999999,2.7755575615628914e-17,1.0,1.0,2.0,1,5.0,2026-07-10 10:50:00+05:30,1.5113636363636362,0.7556818181818181,0.0,0.0,1.5113636363636362,0.24431818181818182
2026-07-10 11:00:00+05:30,2026-07-10 11:05:00+05:30,2026-07-10 11:05:00+05:30,8,11,1.0,-1.3877787807814457e-17,1.0,1.0,2.0,1,5.0,2026-07-10 10:55:00+05:30,1.2727272727272725,0.6363636363636362,0.0,0.0,1.1363636363636365,0.4318181818181818
2026-07-10 11:05:00+05:30,2026-07-10 11:10:00+05:30,2026-07-10 11:10:00+05:30,8,11,1.0,-2.7755575615628914e-17,1.0,1.0,2.0,1,5.0,2026-07-10 11:00:00+05:30,1.0795454545454546,0.5397727272727273,0.0,0.0,1.0795454545454546,0.46022727272727276
2026-07-10 11:10:00+05:30,2026-07-10 11:15:00+05:30,2026-07-10 11:15:00+05:30,11,8,1.0,2.7755575615628914e-17,1.0,1.0,2.0,1,5.0,2026-07-10 11:05:00+05:30,1.090909090909091,0.5454545454545455,0.0,0.0,0.9204545454545454,0.5397727272727273
2026-07-10 11:15:00+05:30,2026-07-10 11:20:00+05:30,2026-07-10 11:20:00+05:30,10,9,1.0000000000000002,4.163336342344337e-17,1.0,1.0,2.0,1,5.0,2026-07-10 11:10:00+05:30,1.0101010101010104,0.5050505050505052,0.0,0.0,0.9550505050505051,0.5222222222222223
2026-07-10 11:20:00+05:30,2026-07-10 11:25:00+05:30,2026-07-10 11:25:00+05:30,7,12,0.9999999999999998,0.0,1.0,1.0,2.0,1,5.0,2026-07-10 11:15:00+05:30,1.0999999999999999,0.5499999999999999,0.0,0.0,0.930952380952381,0.5357142857142857
2026-07-10 11:25:00+05:30,2026-07-10 11:30:00+05:30,2026-07-10 11:30:00+05:30,8,11,1.0,-1.3877787807814457e-17,1.0,1.0,2.0,1,5.0,2026-07-10 11:20:00+05:30,0.8333333333333334,0.4166666666666667,0.0,0.0,0.7673160173160173,0.6136363636363635
2026-07-10 11:30:00+05:30,2026-07-10 11:35:00+05:30,2026-07-10 11:35:00+05:30,10,9,1.0,4.163336342344337e-17,1.0,1.0,2.0,1,5.0,2026-07-10 11:25:00+05:30,1.3363636363636364,0.6681818181818182,0.0,0.0,1.2584595959595961,0.37222222222222223
2026-07-10 11:35:00+05:30,2026-07-10 11:40:00+05:30,2026-07-10 11:40:00+05:30,9,10,1.0,-4.163336342344337e-17,1.0,1.0,2.0,1,5.0,2026-07-10 11:30:00+05:30,1.0,0.5,0.0,0.0,0.9444444444444444,0.5277777777777778
2026-07-10 11:40:00+05:30,2026-07-10 11:45:00+05:30,2026-07-10 11:45:00+05:30,11,8,0.9999999999999999,1.3877787807814457e-17,1.0,1.0,2.0,1,5.0,2026-07-10 11:35:00+05:30,1.1454545454545455,0.5727272727272728,0.0,0.0,1.044949494949495,0.4772727272727273
2026-07-10 11:45:00+05:30,2026-07-10 11:50:00+05:30,2026-07-10 11:50:00+05:30,9,10,1.0000000000000002,-4.163336342344337e-17,1.0,1.0,2.0,1,5.0,2026-07-10 11:40:00+05:30,1.3363636363636364,0.6681818181818182,0.0,0.0,1.2584595959595961,0.3722222222222222
2026-07-10 11:50:00+05:30,2026-07-10 11:55:00+05:30,2026-07-10 11:55:00+05:30,6,13,1.0,-5.551115123125783e-17,1.0,1.0,2.0,1,5.0,2026-07-10 11:45:00+05:30,1.1282051282051282,0.5641025641025641,0.0,0.0,0.964102564102564,0.5192307692307692
2026-07-10 11:55:00+05:30,2026-07-10 12:00:00+05:30,2026-07-10 12:00:00+05:30,11,8,1.0,0.0,1.0,1.0,2.0,1,5.0,2026-07-10 11:50:00+05:30,1.3426573426573425,0.6713286713286712,0.0,0.0,1.1088286713286712,0.44886363636363635
2026-07-10 12:00:00+05:30,2026-07-10 12:05:00+05:30,2026-07-10 12:05:00+05:30,9,10,1.0,-5.551115123125783e-17,1.0,1.0,2.0,1,5.0,2026-07-10 11:55:00+05:30,1.3363636363636364,0.6681818181818182,0.0,0.0,1.2584595959595961,0.37222222222222223
2026-07-10 12:05:00+05:30,2026-07-10 12:10:00+05:30,2026-07-10 12:10:00+05:30,9,10,1.0,-5.551115123125783e-17,1.0,1.0,2.0,1,5.0,2026-07-10 12:00:00+05:30,1.0555555555555556,0.5277777777777778,0.0,0.0,1.0555555555555556,0.4722222222222222
2026-07-10 12:10:00+05:30,2026-07-10 12:15:00+05:30,2026-07-10 12:15:00+05:30,10,9,1.0,5.551115123125783e-17,1.0,1.0,2.0,1,5.0,2026-07-10 12:05:00+05:30,0.8,0.4,0.0,0.0,0.7333333333333334,0.6333333333333333
2026-07-10 12:15:00+05:30,2026-07-10 12:20:00+05:30,2026-07-10 12:20:00+05:30,10,9,1.0000000000000002,4.163336342344337e-17,1.0,1.0,2.0,1,5.0,2026-07-10 12:10:00+05:30,1.0555555555555556,0.5277777777777778,0.0,0.0,1.0555555555555556,0.47222222222222215
2026-07-10 12:20:00+05:30,2026-07-10 12:25:00+05:30,2026-07-10 12:25:00+05:30,10,9,1.0000000000000002,4.163336342344337e-17,1.0,1.0,2.0,1,5.0,2026-07-10 12:15:00+05:30,0.8444444444444444,0.4222222222222222,0.0,0.0,0.8444444444444444,0.5777777777777778
2026-07-10 12:25:00+05:30,2026-07-10 12:30:00+05:30,2026-07-10 12:30:00+05:30,8,11,0.9999999999999999,-1.3877787807814457e-17,1.0,1.0,2.0,1,5.0,2026-07-10 12:20:00+05:30,1.3363636363636362,0.6681818181818181,0.0,0.0,1.2584595959595961,0.3693181818181819
2026-07-10 12:30:00+05:30,2026-07-10 12:35:00+05:30,2026-07-10 12:35:00+05:30,8,11,1.0,-2.7755575615628914e-17,1.0,1.0,2.0,1,5.0,2026-07-10 12:25:00+05:30,0.8636363636363635,0.43181818181818177,0.0,0.0,0.8636363636363635,0.5681818181818181
2026-07-10 12:35:00+05:30,2026-07-10 12:40:00+05:30,2026-07-10 12:40:00+05:30,9,10,1.0,-4.163336342344337e-17,1.0,1.0,2.0,1,5.0,2026-07-10 12:30:00+05:30,0.6060606060606061,0.30303030303030304,0.0,0.0,0.5280303030303031,0.7333333333333334
2026-07-10 12:40:00+05:30,2026-07-10 12:45:00+05:30,2026-07-10 12:45:00+05:30,15,4,0.9999999999999999,-2.7755575615628914e-17,1.0,1.0,2.0,1,5.0,2026-07-10 12:35:00+05:30,1.5,0.75,0.0,0.0,1.2916666666666667,0.32499999999999996
2026-07-10 12:45:00+05:30,2026-07-10 12:50:00+05:30,2026-07-10 12:50:00+05:30,12,7,0.9999999999999998,6.938893903907228e-18,1.0,1.0,2.0,1,5.0,2026-07-10 12:40:00+05:30,1.2571428571428571,0.6285714285714286,0.0,0.0,1.1285714285714286,0.4464285714285714
2026-07-10 12:50:00+05:30,2026-07-10 12:55:00+05:30,2026-07-10 12:55:00+05:30,12,7,0.9999999999999998,0.0,1.0,1.0,2.0,1,5.0,2026-07-10 12:45:00+05:30,1.130952380952381,0.5654761904761905,0.0,0.0,1.130952380952381,0.4345238095238095
2026-07-10 12:55:00+05:30,2026-07-10 13:00:00+05:30,2026-07-10 13:00:00+05:30,9,10,1.0000000000000002,-4.163336342344337e-17,1.0,1.0,2.0,1,5.0,2026-07-10 12:50:00+05:30,1.4666666666666668,0.7333333333333334,0.0,0.0,1.3682539682539683,0.32222222222222224
2026-07-10 13:00:00+05:30,2026-07-10 13:05:00+05:30,2026-07-10 13:05:00+05:30,11,8,1.0,1.3877787807814457e-17,1.0,1.0,2.0,1,5.0,2026-07-10 12:55:00+05:30,1.1454545454545453,0.5727272727272726,0.0,0.0,1.044949494949495,0.4772727272727273
2026-07-10 13:05:00+05:30,2026-07-10 13:10:00+05:30,2026-07-10 13:10:00+05:30,9,10,1.0,-5.551115123125783e-17,1.0,1.0,2.0,1,5.0,2026-07-10 13:00:00+05:30,0.7636363636363634,0.3818181818181817,0.0,0.0,0.617929292929293,0.688888888888889
2026-07-10 13:10:00+05:30,2026-07-10 13:15:00+05:30,2026-07-10 13:15:00+05:30,7,12,0.9999999999999998,0.0,1.0,1.0,2.0,1,5.0,2026-07-10 13:05:00+05:30,1.3611111111111112,0.6805555555555556,0.0,0.0,1.2876984126984126,0.3511904761904762
2026-07-10 13:15:00+05:30,2026-07-10 13:20:00+05:30,2026-07-10 13:20:00+05:30,8,11,1.0,-1.3877787807814457e-17,1.0,1.0,2.0,1,5.0,2026-07-10 13:10:00+05:30,0.8333333333333333,0.41666666666666663,0.0,0.0,0.7673160173160173,0.6136363636363635
2026-07-10 13:20:00+05:30,2026-07-10 13:25:00+05:30,2026-07-10 13:25:00+05:30,7,12,0.9999999999999998,-6.938893903907228e-18,1.0,1.0,2.0,1,5.0,2026-07-10 13:15:00+05:30,1.0416666666666667,0.5208333333333334,0.0,0.0,0.9883658008658008,0.5059523809523809
2026-07-10 13:25:00+05:30,2026-07-10 13:30:00+05:30,2026-07-10 13:30:00+05:30,10,9,1.0000000000000002,4.163336342344337e-17,1.0,1.0,2.0,1,5.0,2026-07-10 13:20:00+05:30,1.2833333333333332,0.6416666666666666,0.0,0.0,1.1496031746031745,0.4277777777777777
2026-07-10 13:30:00+05:30,2026-07-10 13:35:00+05:30,2026-07-10 13:35:00+05:30,11,8,1.0,2.7755575615628914e-17,1.0,1.0,2.0,1,5.0,2026-07-10 13:25:00+05:30,0.8080808080808081,0.40404040404040403,0.0,0.0,0.7415404040404041,0.6306818181818181
2026-07-10 13:35:00+05:30,2026-07-10 13:40:00+05:30,2026-07-10 13:40:00+05:30,10,9,1.0000000000000002,4.163336342344337e-17,1.0,1.0,2.0,1,5.0,2026-07-10 13:30:00+05:30,0.808080808080808,0.404040404040404,0.0,0.0,0.7415404040404041,0.6277777777777779
2026-07-10 13:40:00+05:30,2026-07-10 13:45:00+05:30,2026-07-10 13:45:00+05:30,8,11,1.0,-1.3877787807814457e-17,1.0,1.0,2.0,1,5.0,2026-07-10 13:35:00+05:30,1.3363636363636364,0.6681818181818182,0.0,0.0,1.2584595959595961,0.3693181818181818
2026-07-10 13:45:00+05:30,2026-07-10 13:50:00+05:30,2026-07-10 13:50:00+05:30,8,11,0.9999999999999999,-1.3877787807814457e-17,1.0,1.0,2.0,1,5.0,2026-07-10 13:40:00+05:30,1.5113636363636362,0.7556818181818181,0.0,0.0,1.5113636363636362,0.24431818181818182
2026-07-10 13:50:00+05:30,2026-07-10 13:55:00+05:30,2026-07-10 13:55:00+05:30,8,11,1.0,-1.3877787807814457e-17,1.0,1.0,2.0,1,5.0,2026-07-10 13:45:00+05:30,1.0795454545454546,0.5397727272727273,0.0,0.0,1.0795454545454546,0.46022727272727276
2026-07-10 13:55:00+05:30,2026-07-10 14:00:00+05:30,2026-07-10 14:00:00+05:30,12,7,0.9999999999999998,-1.3877787807814457e-17,1.0,1.0,2.0,1,5.0,2026-07-10 13:50:00+05:30,1.5681818181818181,0.7840909090909091,0.0,0.0,1.4537337662337664,0.26785714285714285
2026-07-10 14:00:00+05:30,2026-07-10 14:05:00+05:30,2026-07-10 14:05:00+05:30,9,10,1.0000000000000002,-4.163336342344337e-17,1.0,1.0,2.0,1,5.0,2026-07-10 13:55:00+05:30,1.1,0.55,0.0,0.0,0.930952380952381,0.5333333333333332
2026-07-10 14:05:00+05:30,2026-07-10 14:10:00+05:30,2026-07-10 14:10:00+05:30,10,9,1.0,4.163336342344337e-17,1.0,1.0,2.0,1,5.0,2026-07-10 14:00:00+05:30,0.7999999999999998,0.3999999999999999,0.0,0.0,0.7333333333333333,0.6333333333333334
2026-07-10 14:10:00+05:30,2026-07-10 14:15:00+05:30,2026-07-10 14:15:00+05:30,8,11,1.0,-2.7755575615628914e-17,1.0,1.0,2.0,1,5.0,2026-07-10 14:05:00+05:30,1.5272727272727273,0.7636363636363637,0.0,0.0,1.4719696969696972,0.26136363636363635
2026-07-10 14:15:00+05:30,2026-07-10 14:20:00+05:30,2026-07-10 14:20:00+05:30,9,10,1.0,-4.163336342344337e-17,1.0,1.0,2.0,1,5.0,2026-07-10 14:10:00+05:30,1.2121212121212122,0.6060606060606061,0.0,0.0,1.1685606060606062,0.4166666666666667
2026-07-10 14:20:00+05:30,2026-07-10 14:25:00+05:30,2026-07-10 14:25:00+05:30,12,7,0.9999999999999998,0.0,1.0,1.0,2.0,1,5.0,2026-07-10 14:15:00+05:30,1.2833333333333332,0.6416666666666666,0.0,0.0,1.1496031746031745,0.4226190476190476
2026-07-10 14:25:00+05:30,2026-07-10 14:30:00+05:30,2026-07-10 14:30:00+05:30,11,8,1.0,4.163336342344337e-17,1.0,1.0,2.0,1,5.0,2026-07-10 14:20:00+05:30,0.8333333333333333,0.41666666666666663,0.0,0.0,0.7673160173160173,0.6136363636363636
2026-07-10 14:30:00+05:30,2026-07-10 14:35:00+05:30,2026-07-10 14:35:00+05:30,11,8,1.0,2.7755575615628914e-17,1.0,1.0,2.0,1,5.0,2026-07-10 14:25:00+05:30,0.8636363636363635,0.43181818181818177,0.0,0.0,0.8636363636363635,0.5681818181818181
2026-07-10 14:35:00+05:30,2026-07-10 14:40:00+05:30,2026-07-10 14:40:00+05:30,9,10,1.0,-5.551115123125783e-17,1.0,1.0,2.0,1,5.0,2026-07-10 14:30:00+05:30,1.3363636363636364,0.6681818181818182,0.0,0.0,1.2584595959595961,0.37222222222222223
2026-07-10 14:40:00+05:30,2026-07-10 14:45:00+05:30,2026-07-10 14:45:00+05:30,10,9,1.0,5.551115123125783e-17,1.0,1.0,2.0,1,5.0,2026-07-10 14:35:00+05:30,1.6,0.8,0.0,0.0,1.577777777777778,0.2111111111111111
2026-07-10 14:45:00+05:30,2026-07-10 14:50:00+05:30,2026-07-10 14:50:00+05:30,9,10,1.0,-4.163336342344337e-17,1.0,1.0,2.0,1,5.0,2026-07-10 14:40:00+05:30,1.2,0.6,0.0,0.0,1.1555555555555557,0.4222222222222222
2026-07-10 14:50:00+05:30,2026-07-10 14:55:00+05:30,2026-07-10 14:55:00+05:30,8,11,0.9999999999999999,-1.3877787807814457e-17,1.0,1.0,2.0,1,5.0,2026-07-10 14:45:00+05:30,1.0101010101010102,0.5050505050505051,0.0,0.0,0.955050505050505,0.5227272727272727
2026-07-10 14:55:00+05:30,2026-07-10 15:00:00+05:30,2026-07-10 15:00:00+05:30,10,9,1.0,5.551115123125783e-17,1.0,1.0,2.0,1,5.0,2026-07-10 14:50:00+05:30,0.5727272727272728,0.2863636363636364,0.0,0.0,0.40441919191919196,0.7944444444444445
2026-07-10 15:00:00+05:30,2026-07-10 15:05:00+05:30,2026-07-10 15:05:00+05:30,9,10,1.0,-4.163336342344337e-17,1.0,1.0,2.0,1,5.0,2026-07-10 14:55:00+05:30,0.9999999999999999,0.49999999999999994,0.0,0.0,0.9444444444444445,0.5277777777777778
2026-07-10 15:05:00+05:30,2026-07-10 15:10:00+05:30,2026-07-10 15:10:00+05:30,9,10,1.0,-4.163336342344337e-17,1.0,1.0,2.0,1,5.0,2026-07-10 15:00:00+05:30,1.2666666666666668,0.6333333333333334,0.0,0.0,1.2666666666666668,0.36666666666666664
2026-07-10 15:10:00+05:30,2026-07-10 15:15:00+05:30,2026-07-10 15:15:00+05:30,10,9,1.0,4.163336342344337e-17,1.0,1.0,2.0,1,5.0,2026-07-10 15:05:00+05:30,1.0,0.5,0.0,0.0,0.9444444444444444,0.5277777777777778
2026-07-10 15:15:00+05:30,2026-07-10 15:20:00+05:30,2026-07-10 15:20:00+05:30,13,6,0.9999999999999999,5.551115123125783e-17,1.0,1.0,2.0,1,5.0,2026-07-10 15:10:00+05:30,1.316239316239316,0.658119658119658,0.0,0.0,1.1914529914529917,0.39743589743589736
2026-07-10 15:20:00+05:30,2026-07-10 15:25:00+05:30,2026-07-10 15:25:00+05:30,8,11,0.9999999999999999,-2.7755575615628914e-17,1.0,1.0,2.0,1,5.0,2026-07-10 15:15:00+05:30,1.1748251748251748,0.5874125874125874,0.0,0.0,0.879079254079254,0.5568181818181819
2026-07-13 09:15:00+05:30,2026-07-13 09:20:00+05:30,2026-07-13 09:20:00+05:30,11,8,1.0,2.7755575615628914e-17,1.0,1.0,2.0,1,5.0,2026-07-10 15:20:00+05:30,1.0909090909090908,0.5454545454545454,0.0,0.0,0.9204545454545455,0.5397727272727273
2026-07-13 09:20:00+05:30,2026-07-13 09:25:00+05:30,2026-07-13 09:25:00+05:30,5,14,1.0,6.938893903907228e-17,1.0,1.0,2.0,1,5.0,2026-07-13 09:15:00+05:30,1.6233766233766236,0.8116883116883118,0.0,0.0,1.4616883116883117,0.24285714285714288
2026-07-13 09:25:00+05:30,2026-07-13 09:30:00+05:30,2026-07-13 09:30:00+05:30,8,11,1.0,0.0,1.0,1.0,2.0,1,5.0,2026-07-13 09:20:00+05:30,0.7857142857142857,0.39285714285714285,0.0,0.0,0.5383116883116883,0.7045454545454545
2026-07-13 09:30:00+05:30,2026-07-13 09:35:00+05:30,2026-07-13 09:35:00+05:30,10,9,1.0,5.551115123125783e-17,1.0,1.0,2.0,1,5.0,2026-07-13 09:25:00+05:30,1.3363636363636362,0.6681818181818181,0.0,0.0,1.2584595959595961,0.37222222222222223
2026-07-13 09:35:00+05:30,2026-07-13 09:40:00+05:30,2026-07-13 09:40:00+05:30,10,9,1.0,5.551115123125783e-17,1.0,1.0,2.0,1,5.0,2026-07-13 09:30:00+05:30,1.2666666666666668,0.6333333333333334,0.0,0.0,1.2666666666666668,0.36666666666666664
2026-07-13 09:40:00+05:30,2026-07-13 09:45:00+05:30,2026-07-13 09:45:00+05:30,14,5,1.0,-5.551115123125783e-17,1.0,1.0,2.0,1,5.0,2026-07-13 09:35:00+05:30,1.277777777777778,0.638888888888889,0.0,0.0,1.088888888888889,0.44999999999999996
2026-07-13 09:45:00+05:30,2026-07-13 09:50:00+05:30,2026-07-13 09:50:00+05:30,12,7,0.9999999999999998,0.0,1.0,1.0,2.0,1,5.0,2026-07-13 09:40:00+05:30,1.0714285714285712,0.5357142857142856,0.0,0.0,0.9607142857142857,0.5178571428571428
2026-07-13 09:50:00+05:30,2026-07-13 09:55:00+05:30,2026-07-13 09:55:00+05:30,10,9,1.0,5.551115123125783e-17,1.0,1.0,2.0,1,5.0,2026-07-13 09:45:00+05:30,0.9722222222222222,0.4861111111111111,0.0,0.0,0.8503968253968254,0.5722222222222223
2026-07-13 09:55:00+05:30,2026-07-13 10:00:00+05:30,2026-07-13 10:00:00+05:30,9,10,1.0,-5.551115123125783e-17,1.0,1.0,2.0,1,5.0,2026-07-13 09:50:00+05:30,0.9999999999999999,0.49999999999999994,0.0,0.0,0.9444444444444445,0.5277777777777779
2026-07-13 10:00:00+05:30,2026-07-13 10:05:00+05:30,2026-07-13 10:05:00+05:30,6,13,1.0,-5.551115123125783e-17,1.0,1.0,2.0,1,5.0,2026-07-13 09:55:00+05:30,1.316239316239316,0.658119658119658,0.0,0.0,1.1914529914529914,0.3974358974358974
2026-07-13 10:05:00+05:30,2026-07-13 10:10:00+05:30,2026-07-13 10:10:00+05:30,11,8,1.0,2.7755575615628914e-17,1.0,1.0,2.0,1,5.0,2026-07-13 10:00:00+05:30,1.3426573426573427,0.6713286713286714,0.0,0.0,1.1088286713286712,0.4488636363636364
2026-07-13 10:10:00+05:30,2026-07-13 10:15:00+05:30,2026-07-13 10:15:00+05:30,10,9,1.0000000000000002,4.163336342344337e-17,1.0,1.0,2.0,1,5.0,2026-07-13 10:05:00+05:30,0.6060606060606061,0.30303030303030304,0.0,0.0,0.5280303030303031,0.7333333333333334
2026-07-13 10:15:00+05:30,2026-07-13 10:20:00+05:30,2026-07-13 10:20:00+05:30,10,9,1.0000000000000002,4.163336342344337e-17,1.0,1.0,2.0,1,5.0,2026-07-13 10:10:00+05:30,1.0555555555555556,0.5277777777777778,0.0,0.0,1.0555555555555556,0.47222222222222215
2026-07-13 10:20:00+05:30,2026-07-13 10:25:00+05:30,2026-07-13 10:25:00+05:30,10,9,1.0,5.551115123125783e-17,1.0,1.0,2.0,1,5.0,2026-07-13 10:15:00+05:30,1.2666666666666666,0.6333333333333333,0.0,0.0,1.2666666666666666,0.36666666666666664
2026-07-13 10:25:00+05:30,2026-07-13 10:30:00+05:30,2026-07-13 10:30:00+05:30,11,8,0.9999999999999999,2.7755575615628914e-17,1.0,1.0,2.0,1,5.0,2026-07-13 10:20:00+05:30,1.2121212121212122,0.6060606060606061,0.0,0.0,1.168560606060606,0.4147727272727273
2026-07-13 10:30:00+05:30,2026-07-13 10:35:00+05:30,2026-07-13 10:35:00+05:30,9,10,1.0,-5.551115123125783e-17,1.0,1.0,2.0,1,5.0,2026-07-13 10:25:00+05:30,0.9545454545454544,0.4772727272727272,0.0,0.0,0.831439393939394,0.5833333333333334
2026-07-13 10:35:00+05:30,2026-07-13 10:40:00+05:30,2026-07-13 10:40:00+05:30,12,7,0.9999999999999998,-1.3877787807814457e-17,1.0,1.0,2.0,1,5.0,2026-07-13 10:30:00+05:30,1.4666666666666668,0.7333333333333334,0.0,0.0,1.3682539682539683,0.3095238095238095
2026-07-13 10:40:00+05:30,2026-07-13 10:45:00+05:30,2026-07-13 10:45:00+05:30,9,10,1.0,-5.551115123125783e-17,1.0,1.0,2.0,1,5.0,2026-07-13 10:35:00+05:30,1.2833333333333332,0.6416666666666666,0.0,0.0,1.1496031746031745,0.4277777777777778
2026-07-13 10:45:00+05:30,2026-07-13 10:50:00+05:30,2026-07-13 10:50:00+05:30,14,5,1.0000000000000002,-5.551115123125783e-17,1.0,1.0,2.0,1,5.0,2026-07-13 10:40:00+05:30,1.2,0.6,0.0,0.0,0.9111111111111111,0.55
2026-07-13 10:50:00+05:30,2026-07-13 10:55:00+05:30,2026-07-13 10:55:00+05:30,11,8,1.0,1.3877787807814457e-17,1.0,1.0,2.0,1,5.0,2026-07-13 10:45:00+05:30,0.9821428571428571,0.49107142857142855,0.0,0.0,0.7819805194805194,0.5965909090909091
2026-07-13 10:55:00+05:30,2026-07-13 11:00:00+05:30,2026-07-13 11:00:00+05:30,8,11,1.0,-2.7755575615628914e-17,1.0,1.0,2.0,1,5.0,2026-07-13 10:50:00+05:30,1.2727272727272727,0.6363636363636364,0.0,0.0,1.1363636363636362,0.4318181818181819
2026-07-13 11:00:00+05:30,2026-07-13 11:05:00+05:30,2026-07-13 11:05:00+05:30,12,7,0.9999999999999998,0.0,1.0,1.0,2.0,1,5.0,2026-07-13 10:55:00+05:30,1.2196969696969697,0.6098484848484849,0.0,0.0,1.0116341991341993,0.49404761904761907
2026-07-13 11:05:00+05:30,2026-07-13 11:10:00+05:30,2026-07-13 11:10:00+05:30,8,11,1.0,-1.3877787807814457e-17,1.0,1.0,2.0,1,5.0,2026-07-13 11:00:00+05:30,1.2196969696969697,0.6098484848484849,0.0,0.0,1.011634199134199,0.4943181818181818
2026-07-13 11:10:00+05:30,2026-07-13 11:15:00+05:30,2026-07-13 11:15:00+05:30,12,7,0.9999999999999998,-1.3877787807814457e-17,1.0,1.0,2.0,1,5.0,2026-07-13 11:05:00+05:30,1.0454545454545454,0.5227272727272727,0.0,0.0,0.7905844155844157,0.607142857142857
2026-07-13 11:15:00+05:30,2026-07-13 11:20:00+05:30,2026-07-13 11:20:00+05:30,9,10,1.0,-5.551115123125783e-17,1.0,1.0,2.0,1,5.0,2026-07-13 11:10:00+05:30,1.0999999999999996,0.5499999999999998,0.0,0.0,0.930952380952381,0.5333333333333333
2026-07-13 11:20:00+05:30,2026-07-13 11:25:00+05:30,2026-07-13 11:25:00+05:30,10,9,1.0,4.163336342344337e-17,1.0,1.0,2.0,1,5.0,2026-07-13 11:15:00+05:30,1.2,0.6,0.0,0.0,1.1555555555555554,0.4222222222222222
2026-07-13 11:25:00+05:30,2026-07-13 11:30:00+05:30,2026-07-13 11:30:00+05:30,11,8,0.9999999999999999,1.3877787807814457e-17,1.0,1.0,2.0,1,5.0,2026-07-13 11:20:00+05:30,1.6161616161616161,0.8080808080808081,0.0,0.0,1.595580808080808,0.19886363636363635
2026-07-13 11:30:00+05:30,2026-07-13 11:35:00+05:30,2026-07-13 11:35:00+05:30,11,8,1.0,0.0,1.0,1.0,2.0,1,5.0,2026-07-13 11:25:00+05:30,0.8636363636363635,0.43181818181818177,0.0,0.0,0.8636363636363635,0.5681818181818181
2026-07-13 11:35:00+05:30,2026-07-13 11:40:00+05:30,2026-07-13 11:40:00+05:30,8,11,1.0,-2.7755575615628914e-17,1.0,1.0,2.0,1,5.0,2026-07-13 11:30:00+05:30,1.272727272727273,0.6363636363636365,0.0,0.0,1.1363636363636362,0.4318181818181819
2026-07-13 11:40:00+05:30,2026-07-13 11:45:00+05:30,2026-07-13 11:45:00+05:30,9,10,1.0,-4.163336342344337e-17,1.0,1.0,2.0,1,5.0,2026-07-13 11:35:00+05:30,0.8080808080808081,0.40404040404040403,0.0,0.0,0.741540404040404,0.6277777777777779
2026-07-13 11:45:00+05:30,2026-07-13 11:50:00+05:30,2026-07-13 11:50:00+05:30,12,7,0.9999999999999998,0.0,1.0,1.0,2.0,1,5.0,2026-07-13 11:40:00+05:30,1.2833333333333337,0.6416666666666668,0.0,0.0,1.1496031746031745,0.42261904761904756
2026-07-13 11:50:00+05:30,2026-07-13 11:55:00+05:30,2026-07-13 11:55:00+05:30,11,8,0.9999999999999999,1.3877787807814457e-17,1.0,1.0,2.0,1,5.0,2026-07-13 11:45:00+05:30,0.625,0.3125,0.0,0.0,0.5462662337662337,0.721590909090909
2026-07-13 11:55:00+05:30,2026-07-13 12:00:00+05:30,2026-07-13 12:00:00+05:30,13,6,0.9999999999999999,5.551115123125783e-17,1.0,1.0,2.0,1,5.0,2026-07-13 11:50:00+05:30,0.6057692307692307,0.30288461538461536,0.0,0.0,0.4316724941724942,0.8012820512820512
2026-07-13 12:00:00+05:30,2026-07-13 12:05:00+05:30,2026-07-13 12:05:00+05:30,12,7,0.9999999999999998,1.3877787807814457e-17,1.0,1.0,2.0,1,5.0,2026-07-13 11:55:00+05:30,0.6593406593406592,0.3296703296703296,0.0,0.0,0.5796703296703296,0.7023809523809522
2026-07-13 12:05:00+05:30,2026-07-13 12:10:00+05:30,2026-07-13 12:10:00+05:30,11,8,1.0,0.0,1.0,1.0,2.0,1,5.0,2026-07-13 12:00:00+05:30,1.0416666666666665,0.5208333333333333,0.0,0.0,0.9883658008658007,0.5056818181818182
2026-07-13 12:10:00+05:30,2026-07-13 12:15:00+05:30,2026-07-13 12:15:00+05:30,10,9,1.0,4.163336342344337e-17,1.0,1.0,2.0,1,5.0,2026-07-13 12:05:00+05:30,1.0101010101010102,0.5050505050505051,0.0,0.0,0.9550505050505051,0.5222222222222223
2026-07-13 12:15:00+05:30,2026-07-13 12:20:00+05:30,2026-07-13 12:20:00+05:30,12,7,0.9999999999999998,0.0,1.0,1.0,2.0,1,5.0,2026-07-13 12:10:00+05:30,0.7777777777777777,0.38888888888888884,0.0,0.0,0.6317460317460317,0.6904761904761904
2026-07-13 12:20:00+05:30,2026-07-13 12:25:00+05:30,2026-07-13 12:25:00+05:30,10,9,1.0,4.163336342344337e-17,1.0,1.0,2.0,1,5.0,2026-07-13 12:15:00+05:30,1.3611111111111112,0.6805555555555556,0.0,0.0,1.2876984126984126,0.3611111111111111
2026-07-13 12:25:00+05:30,2026-07-13 12:30:00+05:30,2026-07-13 12:30:00+05:30,8,11,0.9999999999999999,-4.163336342344337e-17,1.0,1.0,2.0,1,5.0,2026-07-13 12:20:00+05:30,1.3363636363636364,0.6681818181818182,0.0,0.0,1.2584595959595961,0.3693181818181818
2026-07-13 12:30:00+05:30,2026-07-13 12:35:00+05:30,2026-07-13 12:35:00+05:30,15,4,0.9999999999999999,-4.163336342344337e-17,1.0,1.0,2.0,1,5.0,2026-07-13 12:25:00+05:30,1.7333333333333336,0.8666666666666668,0.0,0.0,1.616666666666667,0.13333333333333333
2026-07-13 12:35:00+05:30,2026-07-13 12:40:00+05:30,2026-07-13 12:40:00+05:30,11,8,1.0,2.7755575615628914e-17,1.0,1.0,2.0,1,5.0,2026-07-13 12:30:00+05:30,1.15,0.575,0.0,0.0,0.9159090909090909,0.5340909090909091
2026-07-13 12:40:00+05:30,2026-07-13 12:45:00+05:30,2026-07-13 12:45:00+05:30,11,8,1.0,4.163336342344337e-17,1.0,1.0,2.0,1,5.0,2026-07-13 12:35:00+05:30,1.2954545454545454,0.6477272727272727,0.0,0.0,1.2954545454545454,0.3522727272727273
2026-07-13 12:45:00+05:30,2026-07-13 12:50:00+05:30,2026-07-13 12:50:00+05:30,9,10,1.0,-5.551115123125783e-17,1.0,1.0,2.0,1,5.0,2026-07-13 12:40:00+05:30,1.1454545454545455,0.5727272727272728,0.0,0.0,1.044949494949495,0.47777777777777775
2026-07-13 12:50:00+05:30,2026-07-13 12:55:00+05:30,2026-07-13 12:55:00+05:30,10,9,1.0,4.163336342344337e-17,1.0,1.0,2.0,1,5.0,2026-07-13 12:45:00+05:30,1.2000000000000002,0.6000000000000001,0.0,0.0,1.1555555555555557,0.42222222222222217
2026-07-13 12:55:00+05:30,2026-07-13 13:00:00+05:30,2026-07-13 13:00:00+05:30,11,8,0.9999999999999999,1.3877787807814457e-17,1.0,1.0,2.0,1,5.0,2026-07-13 12:50:00+05:30,1.4141414141414141,0.7070707070707071,0.0,0.0,1.382070707070707,0.3068181818181818
2026-07-13 13:00:00+05:30,2026-07-13 13:05:00+05:30,2026-07-13 13:05:00+05:30,8,11,0.9999999999999999,-1.3877787807814457e-17,1.0,1.0,2.0,1,5.0,2026-07-13 12:55:00+05:30,1.2727272727272725,0.6363636363636362,0.0,0.0,1.1363636363636365,0.4318181818181818
2026-07-13 13:05:00+05:30,2026-07-13 13:10:00+05:30,2026-07-13 13:10:00+05:30,10,9,1.0,5.551115123125783e-17,1.0,1.0,2.0,1,5.0,2026-07-13 13:00:00+05:30,1.3363636363636364,0.6681818181818182,0.0,0.0,1.2584595959595961,0.37222222222222223
2026-07-13 13:10:00+05:30,2026-07-13 13:15:00+05:30,2026-07-13 13:15:00+05:30,9,10,1.0,-4.163336342344337e-17,1.0,1.0,2.0,1,5.0,2026-07-13 13:05:00+05:30,1.8,0.9,0.0,0.0,1.788888888888889,0.10555555555555556
2026-07-13 13:15:00+05:30,2026-07-13 13:20:00+05:30,2026-07-13 13:20:00+05:30,4,15,0.9999999999999999,4.163336342344337e-17,1.0,1.0,2.0,1,5.0,2026-07-13 13:10:00+05:30,1.4222222222222218,0.7111111111111109,0.0,0.0,1.236111111111111,0.3583333333333333
2026-07-13 13:20:00+05:30,2026-07-13 13:25:00+05:30,2026-07-13 13:25:00+05:30,5,14,1.0,5.551115123125783e-17,1.0,1.0,2.0,1,5.0,2026-07-13 13:15:00+05:30,0.5333333333333332,0.2666666666666666,0.0,0.0,0.4273809523809523,0.7642857142857142
2026-07-13 13:25:00+05:30,2026-07-13 13:30:00+05:30,2026-07-13 13:30:00+05:30,10,9,1.0,5.551115123125783e-17,1.0,1.0,2.0,1,5.0,2026-07-13 13:20:00+05:30,1.3714285714285712,0.6857142857142856,0.0,0.0,1.1523809523809523,0.43333333333333335
2026-07-13 13:30:00+05:30,2026-07-13 13:35:00+05:30,2026-07-13 13:35:00+05:30,13,6,0.9999999999999999,5.551115123125783e-17,1.0,1.0,2.0,1,5.0,2026-07-13 13:25:00+05:30,1.5042735042735043,0.7521367521367521,0.0,0.0,1.418803418803419,0.27564102564102566
2026-07-13 13:35:00+05:30,2026-07-13 13:40:00+05:30,2026-07-13 13:40:00+05:30,13,6,1.0,5.551115123125783e-17,1.0,1.0,2.0,1,5.0,2026-07-13 13:30:00+05:30,1.2179487179487178,0.6089743589743589,0.0,0.0,1.2179487179487178,0.39102564102564097
2026-07-13 13:40:00+05:30,2026-07-13 13:45:00+05:30,2026-07-13 13:45:00+05:30,10,9,1.0,5.551115123125783e-17,1.0,1.0,2.0,1,5.0,2026-07-13 13:35:00+05:30,0.9401709401709402,0.4700854700854701,0.0,0.0,0.7367521367521367,0.6222222222222222
2026-07-13 13:45:00+05:30,2026-07-13 13:50:00+05:30,2026-07-13 13:50:00+05:30,11,8,1.0,2.7755575615628914e-17,1.0,1.0,2.0,1,5.0,2026-07-13 13:40:00+05:30,1.0101010101010102,0.5050505050505051,0.0,0.0,0.9550505050505051,0.5227272727272727
2026-07-13 13:50:00+05:30,2026-07-13 13:55:00+05:30,2026-07-13 13:55:00+05:30,11,8,1.0,2.7755575615628914e-17,1.0,1.0,2.0,1,5.0,2026-07-13 13:45:00+05:30,0.8636363636363636,0.4318181818181818,0.0,0.0,0.8636363636363636,0.5681818181818181
2026-07-13 13:55:00+05:30,2026-07-13 14:00:00+05:30,2026-07-13 14:00:00+05:30,11,8,0.9999999999999999,2.7755575615628914e-17,1.0,1.0,2.0,1,5.0,2026-07-13 13:50:00+05:30,1.2954545454545454,0.6477272727272727,0.0,0.0,1.2954545454545454,0.3522727272727273
2026-07-13 14:00:00+05:30,2026-07-13 14:05:00+05:30,2026-07-13 14:05:00+05:30,11,8,0.9999999999999999,1.3877787807814457e-17,1.0,1.0,2.0,1,5.0,2026-07-13 13:55:00+05:30,1.0795454545454546,0.5397727272727273,0.0,0.0,1.0795454545454546,0.4602272727272728
2026-07-13 14:05:00+05:30,2026-07-13 14:10:00+05:30,2026-07-13 14:10:00+05:30,10,9,1.0,5.551115123125783e-17,1.0,1.0,2.0,1,5.0,2026-07-13 14:00:00+05:30,1.0101010101010102,0.5050505050505051,0.0,0.0,0.9550505050505051,0.5222222222222223
2026-07-13 14:10:00+05:30,2026-07-13 14:15:00+05:30,2026-07-13 14:15:00+05:30,10,9,1.0,5.551115123125783e-17,1.0,1.0,2.0,1,5.0,2026-07-13 14:05:00+05:30,1.0555555555555556,0.5277777777777778,0.0,0.0,1.0555555555555556,0.4722222222222222
2026-07-13 14:15:00+05:30,2026-07-13 14:20:00+05:30,2026-07-13 14:20:00+05:30,10,9,1.0,4.163336342344337e-17,1.0,1.0,2.0,1,5.0,2026-07-13 14:10:00+05:30,0.6333333333333333,0.31666666666666665,0.0,0.0,0.6333333333333333,0.6833333333333333
2026-07-13 14:20:00+05:30,2026-07-13 14:25:00+05:30,2026-07-13 14:25:00+05:30,10,9,1.0,5.551115123125783e-17,1.0,1.0,2.0,1,5.0,2026-07-13 14:15:00+05:30,0.8444444444444444,0.4222222222222222,0.0,0.0,0.8444444444444444,0.5777777777777778
2026-07-13 14:25:00+05:30,2026-07-13 14:30:00+05:30,2026-07-13 14:30:00+05:30,11,8,1.0,1.3877787807814457e-17,1.0,1.0,2.0,1,5.0,2026-07-13 14:20:00+05:30,1.2121212121212122,0.6060606060606061,0.0,0.0,1.1685606060606062,0.4147727272727273
2026-07-13 14:30:00+05:30,2026-07-13 14:35:00+05:30,2026-07-13 14:35:00+05:30,10,9,1.0,5.551115123125783e-17,1.0,1.0,2.0,1,5.0,2026-07-13 14:25:00+05:30,1.0101010101010102,0.5050505050505051,0.0,0.0,0.955050505050505,0.5222222222222223
2026-07-13 14:35:00+05:30,2026-07-13 14:40:00+05:30,2026-07-13 14:40:00+05:30,9,10,1.0,-5.551115123125783e-17,1.0,1.0,2.0,1,5.0,2026-07-13 14:30:00+05:30,1.4000000000000004,0.7000000000000002,0.0,0.0,1.366666666666667,0.31666666666666665
2026-07-13 14:40:00+05:30,2026-07-13 14:45:00+05:30,2026-07-13 14:45:00+05:30,12,7,0.9999999999999998,0.0,1.0,1.0,2.0,1,5.0,2026-07-13 14:35:00+05:30,1.1,0.55,0.0,0.0,0.930952380952381,0.5357142857142856
2026-07-13 14:45:00+05:30,2026-07-13 14:50:00+05:30,2026-07-13 14:50:00+05:30,12,7,0.9999999999999998,0.0,1.0,1.0,2.0,1,5.0,2026-07-13 14:40:00+05:30,1.3571428571428572,0.6785714285714286,0.0,0.0,1.3571428571428572,0.3214285714285714
2026-07-13 14:50:00+05:30,2026-07-13 14:55:00+05:30,2026-07-13 14:55:00+05:30,11,8,0.9999999999999999,4.163336342344337e-17,1.0,1.0,2.0,1,5.0,2026-07-13 14:45:00+05:30,1.0416666666666665,0.5208333333333333,0.0,0.0,0.9883658008658008,0.5056818181818182
2026-07-13 14:55:00+05:30,2026-07-13 15:00:00+05:30,2026-07-13 15:00:00+05:30,9,10,1.0,-5.551115123125783e-17,1.0,1.0,2.0,1,5.0,2026-07-13 14:50:00+05:30,1.1454545454545455,0.5727272727272728,0.0,0.0,1.044949494949495,0.47777777777777786
2026-07-13 15:00:00+05:30,2026-07-13 15:05:00+05:30,2026-07-13 15:05:00+05:30,9,10,1.0,-5.551115123125783e-17,1.0,1.0,2.0,1,5.0,2026-07-13 14:55:00+05:30,1.2666666666666668,0.6333333333333334,0.0,0.0,1.2666666666666668,0.3666666666666667
2026-07-13 15:05:00+05:30,2026-07-13 15:10:00+05:30,2026-07-13 15:10:00+05:30,8,11,0.9999999999999999,-2.7755575615628914e-17,1.0,1.0,2.0,1,5.0,2026-07-13 15:00:00+05:30,1.2121212121212122,0.6060606060606061,0.0,0.0,1.1685606060606062,0.4147727272727273
2026-07-13 15:10:00+05:30,2026-07-13 15:15:00+05:30,2026-07-13 15:15:00+05:30,7,12,0.9999999999999998,1.3877787807814457e-17,1.0,1.0,2.0,1,5.0,2026-07-13 15:05:00+05:30,0.8333333333333333,0.41666666666666663,0.0,0.0,0.7673160173160173,0.619047619047619
2026-07-13 15:15:00+05:30,2026-07-13 15:20:00+05:30,2026-07-13 15:20:00+05:30,10,9,1.0,4.163336342344337e-17,1.0,1.0,2.0,1,5.0,2026-07-13 15:10:00+05:30,1.2833333333333337,0.6416666666666668,0.0,0.0,1.1496031746031745,0.42777777777777776
2026-07-13 15:20:00+05:30,2026-07-13 15:25:00+05:30,2026-07-13 15:25:00+05:30,9,10,1.0,-5.551115123125783e-17,1.0,1.0,2.0,1,5.0,2026-07-13 15:15:00+05:30,1.2000000000000002,0.6000000000000001,0.0,0.0,1.1555555555555557,0.42222222222222217
2026-07-14 09:15:00+05:30,2026-07-14 09:20:00+05:30,2026-07-14 09:20:00+05:30,9,10,1.0,-5.551115123125783e-17,1.0,1.0,2.0,1,5.0,2026-07-13 15:20:00+05:30,0.8444444444444443,0.42222222222222217,0.0,0.0,0.8444444444444443,0.5777777777777778
2026-07-14 09:20:00+05:30,2026-07-14 09:25:00+05:30,2026-07-14 09:25:00+05:30,11,8,1.0,1.3877787807814457e-17,1.0,1.0,2.0,1,5.0,2026-07-14 09:15:00+05:30,1.3363636363636364,0.6681818181818182,0.0,0.0,1.2584595959595961,0.3693181818181818
2026-07-14 09:25:00+05:30,2026-07-14 09:30:00+05:30,2026-07-14 09:30:00+05:30,10,9,1.0,4.163336342344337e-17,1.0,1.0,2.0,1,5.0,2026-07-14 09:20:00+05:30,1.0101010101010102,0.5050505050505051,0.0,0.0,0.955050505050505,0.5222222222222223
2026-07-14 09:30:00+05:30,2026-07-14 09:35:00+05:30,2026-07-14 09:35:00+05:30,7,12,0.9999999999999998,1.3877787807814457e-17,1.0,1.0,2.0,1,5.0,2026-07-14 09:25:00+05:30,1.1,0.55,0.0,0.0,0.930952380952381,0.5357142857142857
2026-07-14 09:35:00+05:30,2026-07-14 09:40:00+05:30,2026-07-14 09:40:00+05:30,9,10,1.0,-5.551115123125783e-17,1.0,1.0,2.0,1,5.0,2026-07-14 09:30:00+05:30,1.3611111111111112,0.6805555555555556,0.0,0.0,1.287698412698413,0.3611111111111111
2026-07-14 09:40:00+05:30,2026-07-14 09:45:00+05:30,2026-07-14 09:45:00+05:30,9,10,1.0,-5.551115123125783e-17,1.0,1.0,2.0,1,5.0,2026-07-14 09:35:00+05:30,1.2666666666666668,0.6333333333333334,0.0,0.0,1.2666666666666668,0.3666666666666667
2026-07-14 09:45:00+05:30,2026-07-14 09:50:00+05:30,2026-07-14 09:50:00+05:30,12,7,0.9999999999999998,0.0,1.0,1.0,2.0,1,5.0,2026-07-14 09:40:00+05:30,1.2833333333333332,0.6416666666666666,0.0,0.0,1.1496031746031745,0.4226190476190476
2026-07-14 09:50:00+05:30,2026-07-14 09:55:00+05:30,2026-07-14 09:55:00+05:30,9,10,1.0,-5.551115123125783e-17,1.0,1.0,2.0,1,5.0,2026-07-14 09:45:00+05:30,1.2833333333333332,0.6416666666666666,0.0,0.0,1.1496031746031745,0.4277777777777778
2026-07-14 09:55:00+05:30,2026-07-14 10:00:00+05:30,2026-07-14 10:00:00+05:30,6,13,1.0,-5.551115123125783e-17,1.0,1.0,2.0,1,5.0,2026-07-14 09:50:00+05:30,1.1282051282051282,0.5641025641025641,0.0,0.0,0.964102564102564,0.5192307692307693
2026-07-14 10:00:00+05:30,2026-07-14 10:05:00+05:30,2026-07-14 10:05:00+05:30,12,7,0.9999999999999998,0.0,1.0,1.0,2.0,1,5.0,2026-07-14 09:55:00+05:30,1.282051282051282,0.641025641025641,0.0,0.0,0.9505494505494506,0.5238095238095237
2026-07-14 10:05:00+05:30,2026-07-14 10:10:00+05:30,2026-07-14 10:10:00+05:30,9,10,1.0,-5.551115123125783e-17,1.0,1.0,2.0,1,5.0,2026-07-14 10:00:00+05:30,1.2833333333333332,0.6416666666666666,0.0,0.0,1.1496031746031745,0.4277777777777778
2026-07-14 10:10:00+05:30,2026-07-14 10:15:00+05:30,2026-07-14 10:15:00+05:30,13,6,1.0,5.551115123125783e-17,1.0,1.0,2.0,1,5.0,2026-07-14 10:05:00+05:30,1.5923076923076922,0.7961538461538461,0.0,0.0,1.4905982905982904,0.23717948717948717
2026-07-14 10:15:00+05:30,2026-07-14 10:20:00+05:30,2026-07-14 10:20:00+05:30,10,9,1.0,5.551115123125783e-17,1.0,1.0,2.0,1,5.0,2026-07-14 10:10:00+05:30,1.1282051282051282,0.5641025641025641,0.0,0.0,0.964102564102564,0.5166666666666667
2026-07-14 10:20:00+05:30,2026-07-14 10:25:00+05:30,2026-07-14 10:25:00+05:30,9,10,1.0,-5.551115123125783e-17,1.0,1.0,2.0,1,5.0,2026-07-14 10:15:00+05:30,1.2,0.6,0.0,0.0,1.1555555555555557,0.4222222222222222
2026-07-14 10:25:00+05:30,2026-07-14 10:30:00+05:30,2026-07-14 10:30:00+05:30,13,6,1.0,5.551115123125783e-17,1.0,1.0,2.0,1,5.0,2026-07-14 10:20:00+05:30,0.8846153846153846,0.4423076923076923,0.0,0.0,0.5811965811965812,0.7243589743589745
2026-07-14 10:30:00+05:30,2026-07-14 10:35:00+05:30,2026-07-14 10:35:00+05:30,8,11,1.0,-4.163336342344337e-17,1.0,1.0,2.0,1,5.0,2026-07-14 10:25:00+05:30,1.1748251748251748,0.5874125874125874,0.0,0.0,0.879079254079254,0.5568181818181819
2026-07-14 10:35:00+05:30,2026-07-14 10:40:00+05:30,2026-07-14 10:40:00+05:30,8,11,0.9999999999999999,-1.3877787807814457e-17,1.0,1.0,2.0,1,5.0,2026-07-14 10:30:00+05:30,1.0795454545454546,0.5397727272727273,0.0,0.0,1.0795454545454546,0.4602272727272728
2026-07-14 10:40:00+05:30,2026-07-14 10:45:00+05:30,2026-07-14 10:45:00+05:30,6,13,1.0,-5.551115123125783e-17,1.0,1.0,2.0,1,5.0,2026-07-14 10:35:00+05:30,0.8076923076923076,0.4038461538461538,0.0,0.0,0.6614219114219114,0.6794871794871794
2026-07-14 10:45:00+05:30,2026-07-14 10:50:00+05:30,2026-07-14 10:50:00+05:30,10,9,1.0000000000000002,4.163336342344337e-17,1.0,1.0,2.0,1,5.0,2026-07-14 10:40:00+05:30,0.8846153846153847,0.44230769230769235,0.0,0.0,0.5811965811965812,0.6944444444444444
2026-07-14 10:50:00+05:30,2026-07-14 10:55:00+05:30,2026-07-14 10:55:00+05:30,7,12,0.9999999999999998,1.3877787807814457e-17,1.0,1.0,2.0,1,5.0,2026-07-14 10:45:00+05:30,1.2833333333333337,0.6416666666666668,0.0,0.0,1.1496031746031745,0.42261904761904756
2026-07-14 10:55:00+05:30,2026-07-14 11:00:00+05:30,2026-07-14 11:00:00+05:30,10,9,1.0,4.163336342344337e-17,1.0,1.0,2.0,1,5.0,2026-07-14 10:50:00+05:30,0.9166666666666665,0.45833333333333326,0.0,0.0,0.7123015873015873,0.6388888888888888
2026-07-14 11:00:00+05:30,2026-07-14 11:05:00+05:30,2026-07-14 11:05:00+05:30,11,8,1.0,1.3877787807814457e-17,1.0,1.0,2.0,1,5.0,2026-07-14 10:55:00+05:30,1.4141414141414141,0.7070707070707071,0.0,0.0,1.382070707070707,0.3068181818181818
2026-07-14 11:05:00+05:30,2026-07-14 11:10:00+05:30,2026-07-14 11:10:00+05:30,12,7,0.9999999999999998,-1.3877787807814457e-17,1.0,1.0,2.0,1,5.0,2026-07-14 11:00:00+05:30,1.2500000000000002,0.6250000000000001,0.0,0.0,1.2094155844155845,0.39285714285714285
2026-07-14 11:10:00+05:30,2026-07-14 11:15:00+05:30,2026-07-14 11:15:00+05:30,7,12,0.9999999999999998,1.3877787807814457e-17,1.0,1.0,2.0,1,5.0,2026-07-14 11:05:00+05:30,1.333333333333333,0.6666666666666665,0.0,0.0,1.0952380952380951,0.45238095238095233
2026-07-14 11:15:00+05:30,2026-07-14 11:20:00+05:30,2026-07-14 11:20:00+05:30,12,7,0.9999999999999998,0.0,1.0,1.0,2.0,1,5.0,2026-07-14 11:10:00+05:30,1.1666666666666663,0.5833333333333331,0.0,0.0,0.8690476190476191,0.5654761904761904
2026-07-14 11:20:00+05:30,2026-07-14 11:25:00+05:30,2026-07-14 11:25:00+05:30,10,9,1.0,5.551115123125783e-17,1.0,1.0,2.0,1,5.0,2026-07-14 11:15:00+05:30,1.3611111111111112,0.6805555555555556,0.0,0.0,1.2876984126984126,0.36111111111111116
2026-07-14 11:25:00+05:30,2026-07-14 11:30:00+05:30,2026-07-14 11:30:00+05:30,8,11,1.0,-2.7755575615628914e-17,1.0,1.0,2.0,1,5.0,2026-07-14 11:20:00+05:30,1.5272727272727273,0.7636363636363637,0.0,0.0,1.4719696969696972,0.2613636363636364
2026-07-14 11:30:00+05:30,2026-07-14 11:35:00+05:30,2026-07-14 11:35:00+05:30,8,11,0.9999999999999999,-2.7755575615628914e-17,1.0,1.0,2.0,1,5.0,2026-07-14 11:25:00+05:30,1.5113636363636362,0.7556818181818181,0.0,0.0,1.5113636363636362,0.24431818181818182
2026-07-14 11:35:00+05:30,2026-07-14 11:40:00+05:30,2026-07-14 11:40:00+05:30,10,9,1.0,5.551115123125783e-17,1.0,1.0,2.0,1,5.0,2026-07-14 11:30:00+05:30,1.3363636363636364,0.6681818181818182,0.0,0.0,1.258459595959596,0.3722222222222222
2026-07-14 11:40:00+05:30,2026-07-14 11:45:00+05:30,2026-07-14 11:45:00+05:30,10,9,1.0,5.551115123125783e-17,1.0,1.0,2.0,1,5.0,2026-07-14 11:35:00+05:30,0.6333333333333333,0.31666666666666665,0.0,0.0,0.6333333333333333,0.6833333333333333
2026-07-14 11:45:00+05:30,2026-07-14 11:50:00+05:30,2026-07-14 11:50:00+05:30,9,10,1.0000000000000002,-4.163336342344337e-17,1.0,1.0,2.0,1,5.0,2026-07-14 11:40:00+05:30,1.2000000000000002,0.6000000000000001,0.0,0.0,1.1555555555555557,0.4222222222222222
2026-07-14 11:50:00+05:30,2026-07-14 11:55:00+05:30,2026-07-14 11:55:00+05:30,13,6,1.0,6.938893903907228e-17,1.0,1.0,2.0,1,5.0,2026-07-14 11:45:00+05:30,1.2384615384615383,0.6192307692307691,0.0,0.0,1.035897435897436,0.4807692307692307
2026-07-14 11:55:00+05:30,2026-07-14 12:00:00+05:30,2026-07-14 12:00:00+05:30,12,7,0.9999999999999998,-1.3877787807814457e-17,1.0,1.0,2.0,1,5.0,2026-07-14 11:50:00+05:30,1.0989010989010988,0.5494505494505494,0.0,0.0,1.0494505494505493,0.4761904761904762
2026-07-14 12:00:00+05:30,2026-07-14 12:05:00+05:30,2026-07-14 12:05:00+05:30,11,8,1.0,0.0,1.0,1.0,2.0,1,5.0,2026-07-14 11:55:00+05:30,0.8333333333333333,0.41666666666666663,0.0,0.0,0.7673160173160173,0.6136363636363635
2026-07-14 12:05:00+05:30,2026-07-14 12:10:00+05:30,2026-07-14 12:10:00+05:30,10,9,1.0,5.551115123125783e-17,1.0,1.0,2.0,1,5.0,2026-07-14 12:00:00+05:30,0.8080808080808082,0.4040404040404041,0.0,0.0,0.7415404040404041,0.6277777777777778
2026-07-14 12:10:00+05:30,2026-07-14 12:15:00+05:30,2026-07-14 12:15:00+05:30,10,9,1.0,4.163336342344337e-17,1.0,1.0,2.0,1,5.0,2026-07-14 12:05:00+05:30,1.0555555555555556,0.5277777777777778,0.0,0.0,1.0555555555555556,0.47222222222222227
2026-07-14 12:15:00+05:30,2026-07-14 12:20:00+05:30,2026-07-14 12:20:00+05:30,12,7,0.9999999999999998,0.0,1.0,1.0,2.0,1,5.0,2026-07-14 12:10:00+05:30,1.1666666666666665,0.5833333333333333,0.0,0.0,1.069047619047619,0.46428571428571425
2026-07-14 12:20:00+05:30,2026-07-14 12:25:00+05:30,2026-07-14 12:25:00+05:30,10,9,1.0,5.551115123125783e-17,1.0,1.0,2.0,1,5.0,2026-07-14 12:15:00+05:30,1.1666666666666665,0.5833333333333333,0.0,0.0,1.069047619047619,0.4666666666666666
2026-07-14 12:25:00+05:30,2026-07-14 12:30:00+05:30,2026-07-14 12:30:00+05:30,7,12,0.9999999999999998,1.3877787807814457e-17,1.0,1.0,2.0,1,5.0,2026-07-14 12:20:00+05:30,1.1,0.55,0.0,0.0,0.930952380952381,0.5357142857142856
2026-07-14 12:30:00+05:30,2026-07-14 12:35:00+05:30,2026-07-14 12:35:00+05:30,9,10,1.0,-4.163336342344337e-17,1.0,1.0,2.0,1,5.0,2026-07-14 12:25:00+05:30,1.3611111111111112,0.6805555555555556,0.0,0.0,1.287698412698413,0.3611111111111111
2026-07-14 12:35:00+05:30,2026-07-14 12:40:00+05:30,2026-07-14 12:40:00+05:30,6,13,0.9999999999999999,-5.551115123125783e-17,1.0,1.0,2.0,1,5.0,2026-07-14 12:30:00+05:30,1.1282051282051282,0.5641025641025641,0.0,0.0,0.964102564102564,0.5192307692307693
2026-07-14 12:40:00+05:30,2026-07-14 12:45:00+05:30,2026-07-14 12:45:00+05:30,9,10,1.0,-5.551115123125783e-17,1.0,1.0,2.0,1,5.0,2026-07-14 12:35:00+05:30,1.316239316239316,0.658119658119658,0.0,0.0,1.1914529914529912,0.4111111111111111
2026-07-14 12:45:00+05:30,2026-07-14 12:50:00+05:30,2026-07-14 12:50:00+05:30,12,7,0.9999999999999998,0.0,1.0,1.0,2.0,1,5.0,2026-07-14 12:40:00+05:30,1.1,0.55,0.0,0.0,0.930952380952381,0.5357142857142857
2026-07-14 12:50:00+05:30,2026-07-14 12:55:00+05:30,2026-07-14 12:55:00+05:30,10,9,1.0000000000000002,4.163336342344337e-17,1.0,1.0,2.0,1,5.0,2026-07-14 12:45:00+05:30,1.1666666666666665,0.5833333333333333,0.0,0.0,1.069047619047619,0.4666666666666667
2026-07-14 12:55:00+05:30,2026-07-14 13:00:00+05:30,2026-07-14 13:00:00+05:30,10,9,1.0,5.551115123125783e-17,1.0,1.0,2.0,1,5.0,2026-07-14 12:50:00+05:30,1.4777777777777779,0.7388888888888889,0.0,0.0,1.4777777777777779,0.26111111111111107
2026-07-14 13:00:00+05:30,2026-07-14 13:05:00+05:30,2026-07-14 13:05:00+05:30,10,9,1.0,5.551115123125783e-17,1.0,1.0,2.0,1,5.0,2026-07-14 12:55:00+05:30,1.0555555555555556,0.5277777777777778,0.0,0.0,1.0555555555555556,0.4722222222222222
2026-07-14 13:05:00+05:30,2026-07-14 13:10:00+05:30,2026-07-14 13:10:00+05:30,6,13,1.0000000000000002,-5.551115123125783e-17,1.0,1.0,2.0,1,5.0,2026-07-14 13:00:00+05:30,1.2384615384615383,0.6192307692307691,0.0,0.0,1.035897435897436,0.48076923076923084
2026-07-14 13:10:00+05:30,2026-07-14 13:15:00+05:30,2026-07-14 13:15:00+05:30,10,9,1.0,5.551115123125783e-17,1.0,1.0,2.0,1,5.0,2026-07-14 13:05:00+05:30,1.2384615384615385,0.6192307692307693,0.0,0.0,1.035897435897436,0.4833333333333333
2026-07-14 13:15:00+05:30,2026-07-14 13:20:00+05:30,2026-07-14 13:20:00+05:30,10,9,1.0,4.163336342344337e-17,1.0,1.0,2.0,1,5.0,2026-07-14 13:10:00+05:30,1.0555555555555556,0.5277777777777778,0.0,0.0,1.0555555555555556,0.4722222222222222
2026-07-14 13:20:00+05:30,2026-07-14 13:25:00+05:30,2026-07-14 13:25:00+05:30,10,9,1.0000000000000002,4.163336342344337e-17,1.0,1.0,2.0,1,5.0,2026-07-14 13:15:00+05:30,1.2666666666666668,0.6333333333333334,0.0,0.0,1.2666666666666668,0.36666666666666664
2026-07-14 13:25:00+05:30,2026-07-14 13:30:00+05:30,2026-07-14 13:30:00+05:30,8,11,0.9999999999999999,-4.163336342344337e-17,1.0,1.0,2.0,1,5.0,2026-07-14 13:20:00+05:30,1.718181818181818,0.859090909090909,0.0,0.0,1.685479797979798,0.1534090909090909
2026-07-14 13:30:00+05:30,2026-07-14 13:35:00+05:30,2026-07-14 13:35:00+05:30,9,10,1.0,-4.163336342344337e-17,1.0,1.0,2.0,1,5.0,2026-07-14 13:25:00+05:30,1.2121212121212124,0.6060606060606062,0.0,0.0,1.168560606060606,0.41666666666666663
2026-07-14 13:35:00+05:30,2026-07-14 13:40:00+05:30,2026-07-14 13:40:00+05:30,12,7,0.9999999999999998,0.0,1.0,1.0,2.0,1,5.0,2026-07-14 13:30:00+05:30,0.9166666666666667,0.45833333333333337,0.0,0.0,0.7123015873015873,0.6488095238095237
2026-07-14 13:40:00+05:30,2026-07-14 13:45:00+05:30,2026-07-14 13:45:00+05:30,10,9,1.0,5.551115123125783e-17,1.0,1.0,2.0,1,5.0,2026-07-14 13:35:00+05:30,0.9722222222222222,0.4861111111111111,0.0,0.0,0.8503968253968254,0.5722222222222222
2026-07-14 13:45:00+05:30,2026-07-14 13:50:00+05:30,2026-07-14 13:50:00+05:30,11,8,1.0,1.3877787807814457e-17,1.0,1.0,2.0,1,5.0,2026-07-14 13:40:00+05:30,1.2121212121212122,0.6060606060606061,0.0,0.0,1.1685606060606062,0.4147727272727273
2026-07-14 13:50:00+05:30,2026-07-14 13:55:00+05:30,2026-07-14 13:55:00+05:30,9,10,1.0,-4.163336342344337e-17,1.0,1.0,2.0,1,5.0,2026-07-14 13:45:00+05:30,1.1454545454545455,0.5727272727272728,0.0,0.0,1.044949494949495,0.47777777777777775
2026-07-14 13:55:00+05:30,2026-07-14 14:00:00+05:30,2026-07-14 14:00:00+05:30,7,12,0.9999999999999998,0.0,1.0,1.0,2.0,1,5.0,2026-07-14 13:50:00+05:30,0.9722222222222221,0.48611111111111105,0.0,0.0,0.8503968253968254,0.5773809523809523
2026-07-14 14:00:00+05:30,2026-07-14 14:05:00+05:30,2026-07-14 14:05:00+05:30,10,9,1.0,5.551115123125783e-17,1.0,1.0,2.0,1,5.0,2026-07-14 13:55:00+05:30,1.2833333333333332,0.6416666666666666,0.0,0.0,1.1496031746031745,0.4277777777777778
2026-07-14 14:05:00+05:30,2026-07-14 14:10:00+05:30,2026-07-14 14:10:00+05:30,9,10,1.0,-5.551115123125783e-17,1.0,1.0,2.0,1,5.0,2026-07-14 14:00:00+05:30,1.2,0.6,0.0,0.0,1.1555555555555554,0.4222222222222222
2026-07-14 14:10:00+05:30,2026-07-14 14:15:00+05:30,2026-07-14 14:15:00+05:30,13,6,0.9999999999999999,5.551115123125783e-17,1.0,1.0,2.0,1,5.0,2026-07-14 14:05:00+05:30,1.4153846153846152,0.7076923076923076,0.0,0.0,1.2632478632478634,0.3589743589743589
2026-07-14 14:15:00+05:30,2026-07-14 14:20:00+05:30,2026-07-14 14:20:00+05:30,9,10,1.0000000000000002,-4.163336342344337e-17,1.0,1.0,2.0,1,5.0,2026-07-14 14:10:00+05:30,1.4153846153846152,0.7076923076923076,0.0,0.0,1.2632478632478632,0.37777777777777777
2026-07-14 14:20:00+05:30,2026-07-14 14:25:00+05:30,2026-07-14 14:25:00+05:30,10,9,1.0,5.551115123125783e-17,1.0,1.0,2.0,1,5.0,2026-07-14 14:15:00+05:30,1.4000000000000001,0.7000000000000001,0.0,0.0,1.3666666666666667,0.31666666666666665
2026-07-14 14:25:00+05:30,2026-07-14 14:30:00+05:30,2026-07-14 14:30:00+05:30,8,11,1.0,-1.3877787807814457e-17,1.0,1.0,2.0,1,5.0,2026-07-14 14:20:00+05:30,1.3363636363636362,0.6681818181818181,0.0,0.0,1.2584595959595961,0.3693181818181818
2026-07-14 14:30:00+05:30,2026-07-14 14:35:00+05:30,2026-07-14 14:35:00+05:30,12,7,0.9999999999999998,-1.3877787807814457e-17,1.0,1.0,2.0,1,5.0,2026-07-14 14:25:00+05:30,1.3939393939393938,0.6969696969696969,0.0,0.0,1.2326839826839828,0.38095238095238093
2026-07-14 14:35:00+05:30,2026-07-14 14:40:00+05:30,2026-07-14 14:40:00+05:30,7,12,0.9999999999999998,0.0,1.0,1.0,2.0,1,5.0,2026-07-14 14:30:00+05:30,1.4999999999999998,0.7499999999999999,0.0,0.0,1.3214285714285712,0.3392857142857143
2026-07-14 14:40:00+05:30,2026-07-14 14:45:00+05:30,2026-07-14 14:45:00+05:30,8,11,0.9999999999999999,-2.7755575615628914e-17,1.0,1.0,2.0,1,5.0,2026-07-14 14:35:00+05:30,0.8333333333333334,0.4166666666666667,0.0,0.0,0.7673160173160173,0.6136363636363636
2026-07-14 14:45:00+05:30,2026-07-14 14:50:00+05:30,2026-07-14 14:50:00+05:30,7,12,0.9999999999999998,0.0,1.0,1.0,2.0,1,5.0,2026-07-14 14:40:00+05:30,0.8333333333333334,0.4166666666666667,0.0,0.0,0.7673160173160173,0.619047619047619
2026-07-14 14:50:00+05:30,2026-07-14 14:55:00+05:30,2026-07-14 14:55:00+05:30,9,10,1.0,-5.551115123125783e-17,1.0,1.0,2.0,1,5.0,2026-07-14 14:45:00+05:30,1.3611111111111112,0.6805555555555556,0.0,0.0,1.2876984126984126,0.36111111111111116
2026-07-14 14:55:00+05:30,2026-07-14 15:00:00+05:30,2026-07-14 15:00:00+05:30,9,10,1.0,-5.551115123125783e-17,1.0,1.0,2.0,1,5.0,2026-07-14 14:50:00+05:30,1.0555555555555556,0.5277777777777778,0.0,0.0,1.0555555555555556,0.4722222222222222
2026-07-14 15:00:00+05:30,2026-07-14 15:05:00+05:30,2026-07-14 15:05:00+05:30,12,7,0.9999999999999998,0.0,1.0,1.0,2.0,1,5.0,2026-07-14 14:55:00+05:30,0.9166666666666666,0.4583333333333333,0.0,0.0,0.7123015873015873,0.6488095238095236
2026-07-14 15:05:00+05:30,2026-07-14 15:10:00+05:30,2026-07-14 15:10:00+05:30,8,11,0.9999999999999999,-4.163336342344337e-17,1.0,1.0,2.0,1,5.0,2026-07-14 15:00:00+05:30,1.0454545454545454,0.5227272727272727,0.0,0.0,0.7905844155844157,0.6022727272727272
2026-07-14 15:10:00+05:30,2026-07-14 15:15:00+05:30,2026-07-14 15:15:00+05:30,7,12,0.9999999999999998,1.3877787807814457e-17,1.0,1.0,2.0,1,5.0,2026-07-14 15:05:00+05:30,1.2500000000000002,0.6250000000000001,0.0,0.0,1.2094155844155843,0.3928571428571429
2026-07-14 15:15:00+05:30,2026-07-14 15:20:00+05:30,2026-07-14 15:20:00+05:30,8,11,1.0,-1.3877787807814457e-17,1.0,1.0,2.0,1,5.0,2026-07-14 15:10:00+05:30,0.8333333333333333,0.41666666666666663,0.0,0.0,0.7673160173160172,0.6136363636363635
2026-07-14 15:20:00+05:30,2026-07-14 15:25:00+05:30,2026-07-14 15:25:00+05:30,11,8,1.0,0.0,1.0,1.0,2.0,1,5.0,2026-07-14 15:15:00+05:30,1.272727272727273,0.6363636363636365,0.0,0.0,1.1363636363636362,0.4318181818181818
2026-07-15 09:15:00+05:30,2026-07-15 09:20:00+05:30,2026-07-15 09:20:00+05:30,6,13,1.0,-5.551115123125783e-17,1.0,1.0,2.0,1,5.0,2026-07-14 15:20:00+05:30,1.5104895104895102,0.7552447552447551,0.0,0.0,1.3385780885780885,0.3205128205128205
2026-07-15 09:20:00+05:30,2026-07-15 09:25:00+05:30,2026-07-15 09:25:00+05:30,13,6,1.0,5.551115123125783e-17,1.0,1.0,2.0,1,5.0,2026-07-15 09:15:00+05:30,1.6923076923076923,0.8461538461538461,0.0,0.0,1.5128205128205128,0.24358974358974358
2026-07-15 09:25:00+05:30,2026-07-15 09:30:00+05:30,2026-07-15 09:30:00+05:30,13,6,1.0,6.938893903907228e-17,1.0,1.0,2.0,1,5.0,2026-07-15 09:20:00+05:30,0.48717948717948717,0.24358974358974358,0.0,0.0,0.48717948717948717,0.7564102564102564
2026-07-15 09:30:00+05:30,2026-07-15 09:35:00+05:30,2026-07-15 09:35:00+05:30,8,11,1.0,0.0,1.0,1.0,2.0,1,5.0,2026-07-15 09:25:00+05:30,1.3426573426573423,0.6713286713286711,0.0,0.0,1.1088286713286712,0.4488636363636364
2026-07-15 09:35:00+05:30,2026-07-15 09:40:00+05:30,2026-07-15 09:40:00+05:30,13,6,1.0,5.551115123125783e-17,1.0,1.0,2.0,1,5.0,2026-07-15 09:30:00+05:30,1.1748251748251746,0.5874125874125873,0.0,0.0,0.879079254079254,0.5641025641025641
2026-07-15 09:40:00+05:30,2026-07-15 09:45:00+05:30,2026-07-15 09:45:00+05:30,11,8,1.0,0.0,1.0,1.0,2.0,1,5.0,2026-07-15 09:35:00+05:30,1.2115384615384617,0.6057692307692308,0.0,0.0,1.120920745920746,0.4431818181818182
2026-07-15 09:45:00+05:30,2026-07-15 09:50:00+05:30,2026-07-15 09:50:00+05:30,10,9,1.0,5.551115123125783e-17,1.0,1.0,2.0,1,5.0,2026-07-15 09:40:00+05:30,1.2121212121212122,0.6060606060606061,0.0,0.0,1.1685606060606062,0.41666666666666674
2026-07-15 09:50:00+05:30,2026-07-15 09:55:00+05:30,2026-07-15 09:55:00+05:30,12,7,0.9999999999999998,0.0,1.0,1.0,2.0,1,5.0,2026-07-15 09:45:00+05:30,1.1666666666666665,0.5833333333333333,0.0,0.0,1.069047619047619,0.4642857142857142
2026-07-15 09:55:00+05:30,2026-07-15 10:00:00+05:30,2026-07-15 10:00:00+05:30,11,8,1.0,1.3877787807814457e-17,1.0,1.0,2.0,1,5.0,2026-07-15 09:50:00+05:30,1.0416666666666667,0.5208333333333334,0.0,0.0,0.9883658008658008,0.5056818181818181
2026-07-15 10:00:00+05:30,2026-07-15 10:05:00+05:30,2026-07-15 10:05:00+05:30,6,13,1.0,-5.551115123125783e-17,1.0,1.0,2.0,1,5.0,2026-07-15 09:55:00+05:30,1.006993006993007,0.5034965034965035,0.0,0.0,0.6493298368298368,0.6858974358974359
2026-07-15 10:05:00+05:30,2026-07-15 10:10:00+05:30,2026-07-15 10:10:00+05:30,7,12,0.9999999999999998,0.0,1.0,1.0,2.0,1,5.0,2026-07-15 10:00:00+05:30,1.0989010989010988,0.5494505494505494,0.0,0.0,1.0494505494505495,0.47619047619047616
2026-07-15 10:10:00+05:30,2026-07-15 10:15:00+05:30,2026-07-15 10:15:00+05:30,14,5,1.0,-6.938893903907228e-17,1.0,1.0,2.0,1,5.0,2026-07-15 10:05:00+05:30,1.392857142857143,0.6964285714285715,0.0,0.0,1.0392857142857141,0.4785714285714286
2026-07-15 10:15:00+05:30,2026-07-15 10:20:00+05:30,2026-07-15 10:20:00+05:30,8,11,0.9999999999999999,-2.7755575615628914e-17,1.0,1.0,2.0,1,5.0,2026-07-15 10:10:00+05:30,1.1363636363636365,0.5681818181818182,0.0,0.0,0.7306818181818182,0.6193181818181819
2026-07-15 10:20:00+05:30,2026-07-15 10:25:00+05:30,2026-07-15 10:25:00+05:30,11,8,1.0,0.0,1.0,1.0,2.0,1,5.0,2026-07-15 10:15:00+05:30,1.4545454545454546,0.7272727272727273,0.0,0.0,1.3522727272727273,0.32386363636363635
2026-07-15 10:25:00+05:30,2026-07-15 10:30:00+05:30,2026-07-15 10:30:00+05:30,8,11,1.0,-2.7755575615628914e-17,1.0,1.0,2.0,1,5.0,2026-07-15 10:20:00+05:30,0.9090909090909091,0.45454545454545453,0.0,0.0,0.7045454545454546,0.6477272727272727
2026-07-15 10:30:00+05:30,2026-07-15 10:35:00+05:30,2026-07-15 10:35:00+05:30,8,11,0.9999999999999999,-1.3877787807814457e-17,1.0,1.0,2.0,1,5.0,2026-07-15 10:25:00+05:30,0.8636363636363635,0.43181818181818177,0.0,0.0,0.8636363636363635,0.5681818181818181
2026-07-15 10:35:00+05:30,2026-07-15 10:40:00+05:30,2026-07-15 10:40:00+05:30,10,9,1.0,5.551115123125783e-17,1.0,1.0,2.0,1,5.0,2026-07-15 10:30:00+05:30,0.7636363636363634,0.3818181818181817,0.0,0.0,0.617929292929293,0.6888888888888889
2026-07-15 10:40:00+05:30,2026-07-15 10:45:00+05:30,2026-07-15 10:45:00+05:30,13,6,1.0,5.551115123125783e-17,1.0,1.0,2.0,1,5.0,2026-07-15 10:35:00+05:30,1.5042735042735043,0.7521367521367521,0.0,0.0,1.4188034188034186,0.27564102564102566
2026-07-15 10:45:00+05:30,2026-07-15 10:50:00+05:30,2026-07-15 10:50:00+05:30,9,10,1.0,-4.163336342344337e-17,1.0,1.0,2.0,1,5.0,2026-07-15 10:40:00+05:30,1.5923076923076922,0.7961538461538461,0.0,0.0,1.4905982905982906,0.27222222222222225
2026-07-15 10:50:00+05:30,2026-07-15 10:55:00+05:30,2026-07-15 10:55:00+05:30,10,9,1.0,5.551115123125783e-17,1.0,1.0,2.0,1,5.0,2026-07-15 10:45:00+05:30,1.2,0.6,0.0,0.0,1.1555555555555557,0.4222222222222223
2026-07-15 10:55:00+05:30,2026-07-15 11:00:00+05:30,2026-07-15 11:00:00+05:30,12,7,0.9999999999999998,-1.3877787807814457e-17,1.0,1.0,2.0,1,5.0,2026-07-15 10:50:00+05:30,1.3611111111111112,0.6805555555555556,0.0,0.0,1.2876984126984126,0.35119047619047616
2026-07-15 11:00:00+05:30,2026-07-15 11:05:00+05:30,2026-07-15 11:05:00+05:30,11,8,0.9999999999999999,2.7755575615628914e-17,1.0,1.0,2.0,1,5.0,2026-07-15 10:55:00+05:30,1.2500000000000002,0.6250000000000001,0.0,0.0,1.2094155844155845,0.39772727272727276
2026-07-15 11:05:00+05:30,2026-07-15 11:10:00+05:30,2026-07-15 11:10:00+05:30,10,9,1.0,5.551115123125783e-17,1.0,1.0,2.0,1,5.0,2026-07-15 11:00:00+05:30,1.0101010101010102,0.5050505050505051,0.0,0.0,0.955050505050505,0.5222222222222223
2026-07-15 11:10:00+05:30,2026-07-15 11:15:00+05:30,2026-07-15 11:15:00+05:30,8,11,0.9999999999999999,-4.163336342344337e-17,1.0,1.0,2.0,1,5.0,2026-07-15 11:05:00+05:30,1.3363636363636364,0.6681818181818182,0.0,0.0,1.2584595959595961,0.3693181818181818
2026-07-15 11:15:00+05:30,2026-07-15 11:20:00+05:30,2026-07-15 11:20:00+05:30,13,6,0.9999999999999999,5.551115123125783e-17,1.0,1.0,2.0,1,5.0,2026-07-15 11:10:00+05:30,1.5104895104895106,0.7552447552447553,0.0,0.0,1.3385780885780887,0.3205128205128205
2026-07-15 11:20:00+05:30,2026-07-15 11:25:00+05:30,2026-07-15 11:25:00+05:30,10,9,1.0,4.163336342344337e-17,1.0,1.0,2.0,1,5.0,2026-07-15 11:15:00+05:30,1.1282051282051282,0.5641025641025641,0.0,0.0,0.964102564102564,0.5166666666666666
2026-07-15 11:25:00+05:30,2026-07-15 11:30:00+05:30,2026-07-15 11:30:00+05:30,10,9,1.0,6.938893903907228e-17,1.0,1.0,2.0,1,5.0,2026-07-15 11:20:00+05:30,0.6333333333333333,0.31666666666666665,0.0,0.0,0.6333333333333333,0.6833333333333333
2026-07-15 11:30:00+05:30,2026-07-15 11:35:00+05:30,2026-07-15 11:35:00+05:30,12,7,0.9999999999999998,-1.3877787807814457e-17,1.0,1.0,2.0,1,5.0,2026-07-15 11:25:00+05:30,0.9722222222222221,0.48611111111111105,0.0,0.0,0.8503968253968254,0.5773809523809523
2026-07-15 11:35:00+05:30,2026-07-15 11:40:00+05:30,2026-07-15 11:40:00+05:30,6,13,1.0,-5.551115123125783e-17,1.0,1.0,2.0,1,5.0,2026-07-15 11:30:00+05:30,1.442307692307692,0.721153846153846,0.0,0.0,1.1854395604395602,0.4038461538461538
2026-07-15 11:40:00+05:30,2026-07-15 11:45:00+05:30,2026-07-15 11:45:00+05:30,4,15,0.9999999999999999,4.163336342344337e-17,1.0,1.0,2.0,1,5.0,2026-07-15 11:35:00+05:30,0.9333333333333335,0.46666666666666673,0.0,0.0,0.7935897435897437,0.6166666666666666
2026-07-15 11:45:00+05:30,2026-07-15 11:50:00+05:30,2026-07-15 11:50:00+05:30,14,5,1.0,-5.551115123125783e-17,1.0,1.0,2.0,1,5.0,2026-07-15 11:40:00+05:30,1.7952380952380953,0.8976190476190476,0.0,0.0,1.5726190476190476,0.23571428571428574
2026-07-15 11:50:00+05:30,2026-07-15 11:55:00+05:30,2026-07-15 11:55:00+05:30,10,9,1.0000000000000002,4.163336342344337e-17,1.0,1.0,2.0,1,5.0,2026-07-15 11:45:00+05:30,1.0952380952380953,0.5476190476190477,0.0,0.0,0.8476190476190476,0.5666666666666667
2026-07-15 11:55:00+05:30,2026-07-15 12:00:00+05:30,2026-07-15 12:00:00+05:30,9,10,1.0,-4.163336342344337e-17,1.0,1.0,2.0,1,5.0,2026-07-15 11:50:00+05:30,1.2000000000000002,0.6000000000000001,0.0,0.0,1.1555555555555557,0.4222222222222223
2026-07-15 12:00:00+05:30,2026-07-15 12:05:00+05:30,2026-07-15 12:05:00+05:30,10,9,1.0000000000000002,4.163336342344337e-17,1.0,1.0,2.0,1,5.0,2026-07-15 11:55:00+05:30,1.4000000000000001,0.7000000000000001,0.0,0.0,1.366666666666667,0.31666666666666665
2026-07-15 12:05:00+05:30,2026-07-15 12:10:00+05:30,2026-07-15 12:10:00+05:30,9,10,1.0000000000000002,-4.163336342344337e-17,1.0,1.0,2.0,1,5.0,2026-07-15 12:00:00+05:30,0.9999999999999999,0.49999999999999994,0.0,0.0,0.9444444444444444,0.5277777777777778
2026-07-15 12:10:00+05:30,2026-07-15 12:15:00+05:30,2026-07-15 12:15:00+05:30,10,9,1.0,4.163336342344337e-17,1.0,1.0,2.0,1,5.0,2026-07-15 12:05:00+05:30,0.9999999999999999,0.49999999999999994,0.0,0.0,0.9444444444444444,0.5277777777777778
2026-07-15 12:15:00+05:30,2026-07-15 12:20:00+05:30,2026-07-15 12:20:00+05:30,9,10,1.0000000000000002,-4.163336342344337e-17,1.0,1.0,2.0,1,5.0,2026-07-15 12:10:00+05:30,0.9999999999999999,0.49999999999999994,0.0,0.0,0.9444444444444444,0.5277777777777778
2026-07-15 12:20:00+05:30,2026-07-15 12:25:00+05:30,2026-07-15 12:25:00+05:30,9,10,1.0,-4.163336342344337e-17,1.0,1.0,2.0,1,5.0,2026-07-15 12:15:00+05:30,1.2666666666666668,0.6333333333333334,0.0,0.0,1.2666666666666668,0.36666666666666664
2026-07-15 12:25:00+05:30,2026-07-15 12:30:00+05:30,2026-07-15 12:30:00+05:30,8,11,0.9999999999999999,-1.3877787807814457e-17,1.0,1.0,2.0,1,5.0,2026-07-15 12:20:00+05:30,1.4141414141414144,0.7070707070707072,0.0,0.0,1.3820707070707072,0.3068181818181818
2026-07-15 12:30:00+05:30,2026-07-15 12:35:00+05:30,2026-07-15 12:35:00+05:30,9,10,1.0,-5.551115123125783e-17,1.0,1.0,2.0,1,5.0,2026-07-15 12:25:00+05:30,0.8080808080808081,0.40404040404040403,0.0,0.0,0.741540404040404,0.6277777777777778
2026-07-15 12:35:00+05:30,2026-07-15 12:40:00+05:30,2026-07-15 12:40:00+05:30,11,8,1.0,2.7755575615628914e-17,1.0,1.0,2.0,1,5.0,2026-07-15 12:30:00+05:30,1.3363636363636364,0.6681818181818182,0.0,0.0,1.2584595959595961,0.3693181818181818
2026-07-15 12:40:00+05:30,2026-07-15 12:45:00+05:30,2026-07-15 12:45:00+05:30,7,12,0.9999999999999998,0.0,1.0,1.0,2.0,1,5.0,2026-07-15 12:35:00+05:30,1.2196969696969695,0.6098484848484848,0.0,0.0,1.011634199134199,0.494047619047619
2026-07-15 12:45:00+05:30,2026-07-15 12:50:00+05:30,2026-07-15 12:50:00+05:30,8,11,1.0,-2.7755575615628914e-17,1.0,1.0,2.0,1,5.0,2026-07-15 12:40:00+05:30,1.4583333333333337,0.7291666666666669,0.0,0.0,1.4304653679653678,0.2897727272727273
2026-07-15 12:50:00+05:30,2026-07-15 12:55:00+05:30,2026-07-15 12:55:00+05:30,8,11,1.0,-1.3877787807814457e-17,1.0,1.0,2.0,1,5.0,2026-07-15 12:45:00+05:30,1.0795454545454546,0.5397727272727273,0.0,0.0,1.0795454545454546,0.46022727272727276
2026-07-15 12:55:00+05:30,2026-07-15 13:00:00+05:30,2026-07-15 13:00:00+05:30,11,8,1.0,2.7755575615628914e-17,1.0,1.0,2.0,1,5.0,2026-07-15 12:50:00+05:30,1.0909090909090908,0.5454545454545454,0.0,0.0,0.9204545454545455,0.5397727272727273
2026-07-15 13:00:00+05:30,2026-07-15 13:05:00+05:30,2026-07-15 13:05:00+05:30,9,10,1.0000000000000002,-4.163336342344337e-17,1.0,1.0,2.0,1,5.0,2026-07-15 12:55:00+05:30,1.5272727272727271,0.7636363636363636,0.0,0.0,1.4719696969696972,0.26666666666666666
2026-07-15 13:05:00+05:30,2026-07-15 13:10:00+05:30,2026-07-15 13:10:00+05:30,6,13,1.0,-5.551115123125783e-17,1.0,1.0,2.0,1,5.0,2026-07-15 13:00:00+05:30,1.316239316239316,0.658119658119658,0.0,0.0,1.1914529914529912,0.39743589743589736
2026-07-15 13:10:00+05:30,2026-07-15 13:15:00+05:30,2026-07-15 13:15:00+05:30,9,10,1.0,-5.551115123125783e-17,1.0,1.0,2.0,1,5.0,2026-07-15 13:05:00+05:30,1.5042735042735043,0.7521367521367521,0.0,0.0,1.418803418803419,0.3055555555555556
2026-07-15 13:15:00+05:30,2026-07-15 13:20:00+05:30,2026-07-15 13:20:00+05:30,11,8,1.0,1.3877787807814457e-17,1.0,1.0,2.0,1,5.0,2026-07-15 13:10:00+05:30,0.9545454545454545,0.47727272727272724,0.0,0.0,0.831439393939394,0.5852272727272727
2026-07-15 13:20:00+05:30,2026-07-15 13:25:00+05:30,2026-07-15 13:25:00+05:30,8,11,1.0,-2.7755575615628914e-17,1.0,1.0,2.0,1,5.0,2026-07-15 13:15:00+05:30,1.4545454545454546,0.7272727272727273,0.0,0.0,1.352272727272727,0.3238636363636364
2026-07-15 13:25:00+05:30,2026-07-15 13:30:00+05:30,2026-07-15 13:30:00+05:30,11,8,1.0,1.3877787807814457e-17,1.0,1.0,2.0,1,5.0,2026-07-15 13:20:00+05:30,1.0909090909090908,0.5454545454545454,0.0,0.0,0.9204545454545455,0.5397727272727273
2026-07-15 13:30:00+05:30,2026-07-15 13:35:00+05:30,2026-07-15 13:35:00+05:30,7,12,0.9999999999999998,0.0,1.0,1.0,2.0,1,5.0,2026-07-15 13:25:00+05:30,1.3939393939393938,0.6969696969696969,0.0,0.0,1.2326839826839828,0.380952380952381
2026-07-15 13:35:00+05:30,2026-07-15 13:40:00+05:30,2026-07-15 13:40:00+05:30,9,10,1.0,-5.551115123125783e-17,1.0,1.0,2.0,1,5.0,2026-07-15 13:30:00+05:30,0.9722222222222222,0.4861111111111111,0.0,0.0,0.8503968253968254,0.5722222222222222
2026-07-15 13:40:00+05:30,2026-07-15 13:45:00+05:30,2026-07-15 13:45:00+05:30,10,9,1.0,5.551115123125783e-17,1.0,1.0,2.0,1,5.0,2026-07-15 13:35:00+05:30,0.9999999999999999,0.49999999999999994,0.0,0.0,0.9444444444444443,0.5277777777777778
2026-07-15 13:45:00+05:30,2026-07-15 13:50:00+05:30,2026-07-15 13:50:00+05:30,8,11,1.0,0.0,1.0,1.0,2.0,1,5.0,2026-07-15 13:40:00+05:30,1.3363636363636364,0.6681818181818182,0.0,0.0,1.2584595959595961,0.3693181818181818
2026-07-15 13:50:00+05:30,2026-07-15 13:55:00+05:30,2026-07-15 13:55:00+05:30,9,10,1.0,-5.551115123125783e-17,1.0,1.0,2.0,1,5.0,2026-07-15 13:45:00+05:30,1.4141414141414141,0.7070707070707071,0.0,0.0,1.3820707070707072,0.3111111111111111
2026-07-15 13:55:00+05:30,2026-07-15 14:00:00+05:30,2026-07-15 14:00:00+05:30,9,10,1.0,-4.163336342344337e-17,1.0,1.0,2.0,1,5.0,2026-07-15 13:50:00+05:30,1.0555555555555556,0.5277777777777778,0.0,0.0,1.0555555555555556,0.4722222222222222
2026-07-15 14:00:00+05:30,2026-07-15 14:05:00+05:30,2026-07-15 14:05:00+05:30,6,13,1.0,-6.938893903907228e-17,1.0,1.0,2.0,1,5.0,2026-07-15 13:55:00+05:30,1.5042735042735043,0.7521367521367521,0.0,0.0,1.418803418803419,0.27564102564102566
2026-07-15 14:05:00+05:30,2026-07-15 14:10:00+05:30,2026-07-15 14:10:00+05:30,10,9,1.0,5.551115123125783e-17,1.0,1.0,2.0,1,5.0,2026-07-15 14:00:00+05:30,1.0615384615384613,0.5307692307692307,0.0,0.0,0.8085470085470087,0.5888888888888889
2026-07-15 14:10:00+05:30,2026-07-15 14:15:00+05:30,2026-07-15 14:15:00+05:30,13,6,0.9999999999999999,5.551115123125783e-17,1.0,1.0,2.0,1,5.0,2026-07-15 14:05:00+05:30,1.5042735042735043,0.7521367521367521,0.0,0.0,1.418803418803419,0.27564102564102566
2026-07-15 14:15:00+05:30,2026-07-15 14:20:00+05:30,2026-07-15 14:20:00+05:30,9,10,1.0,-5.551115123125783e-17,1.0,1.0,2.0,1,5.0,2026-07-15 14:10:00+05:30,0.8846153846153845,0.44230769230769224,0.0,0.0,0.5811965811965812,0.6944444444444444
2026-07-15 14:20:00+05:30,2026-07-15 14:25:00+05:30,2026-07-15 14:25:00+05:30,7,12,0.9999999999999998,0.0,1.0,1.0,2.0,1,5.0,2026-07-15 14:15:00+05:30,1.1666666666666665,0.5833333333333333,0.0,0.0,1.069047619047619,0.46428571428571425
2026-07-15 14:25:00+05:30,2026-07-15 14:30:00+05:30,2026-07-15 14:30:00+05:30,11,8,1.0,2.7755575615628914e-17,1.0,1.0,2.0,1,5.0,2026-07-15 14:20:00+05:30,1.5681818181818181,0.7840909090909091,0.0,0.0,1.4537337662337664,0.27840909090909094
2026-07-15 14:30:00+05:30,2026-07-15 14:35:00+05:30,2026-07-15 14:35:00+05:30,8,11,0.9999999999999999,-2.7755575615628914e-17,1.0,1.0,2.0,1,5.0,2026-07-15 14:25:00+05:30,0.7272727272727273,0.36363636363636365,0.0,0.0,0.48863636363636365,0.7556818181818181
2026-07-15 14:35:00+05:30,2026-07-15 14:40:00+05:30,2026-07-15 14:40:00+05:30,11,8,1.0,1.3877787807814457e-17,1.0,1.0,2.0,1,5.0,2026-07-15 14:30:00+05:30,1.2727272727272727,0.6363636363636364,0.0,0.0,1.1363636363636362,0.4318181818181818
2026-07-15 14:40:00+05:30,2026-07-15 14:45:00+05:30,2026-07-15 14:45:00+05:30,5,14,0.9999999999999999,6.938893903907228e-17,1.0,1.0,2.0,1,5.0,2026-07-15 14:35:00+05:30,1.6233766233766236,0.8116883116883118,0.0,0.0,1.461688311688312,0.24285714285714288
2026-07-15 14:45:00+05:30,2026-07-15 14:50:00+05:30,2026-07-15 14:50:00+05:30,13,6,1.0,8.326672684688674e-17,1.0,1.0,2.0,1,5.0,2026-07-15 14:40:00+05:30,1.631868131868132,0.815934065934066,0.0,0.0,1.365934065934066,0.3269230769230769
2026-07-15 14:50:00+05:30,2026-07-15 14:55:00+05:30,2026-07-15 14:55:00+05:30,10,9,1.0,5.551115123125783e-17,1.0,1.0,2.0,1,5.0,2026-07-15 14:45:00+05:30,1.1282051282051282,0.5641025641025641,0.0,0.0,0.964102564102564,0.5166666666666667
2026-07-15 14:55:00+05:30,2026-07-15 15:00:00+05:30,2026-07-15 15:00:00+05:30,10,9,1.0,4.163336342344337e-17,1.0,1.0,2.0,1,5.0,2026-07-15 14:50:00+05:30,1.0555555555555556,0.5277777777777778,0.0,0.0,1.0555555555555556,0.4722222222222222
2026-07-15 15:00:00+05:30,2026-07-15 15:05:00+05:30,2026-07-15 15:05:00+05:30,9,10,1.0,-5.551115123125783e-17,1.0,1.0,2.0,1,5.0,2026-07-15 14:55:00+05:30,1.2,0.6,0.0,0.0,1.1555555555555557,0.4222222222222223
2026-07-15 15:05:00+05:30,2026-07-15 15:10:00+05:30,2026-07-15 15:10:00+05:30,10,9,1.0,4.163336342344337e-17,1.0,1.0,2.0,1,5.0,2026-07-15 15:00:00+05:30,0.5999999999999999,0.29999999999999993,0.0,0.0,0.5222222222222223,0.7388888888888889
2026-07-15 15:10:00+05:30,2026-07-15 15:15:00+05:30,2026-07-15 15:15:00+05:30,9,10,1.0,-4.163336342344337e-17,1.0,1.0,2.0,1,5.0,2026-07-15 15:05:00+05:30,0.9999999999999999,0.49999999999999994,0.0,0.0,0.9444444444444443,0.5277777777777778
2026-07-15 15:15:00+05:30,2026-07-15 15:20:00+05:30,2026-07-15 15:20:00+05:30,12,7,0.9999999999999998,-1.3877787807814457e-17,1.0,1.0,2.0,1,5.0,2026-07-15 15:10:00+05:30,1.0999999999999999,0.5499999999999999,0.0,0.0,0.930952380952381,0.5357142857142857
2026-07-15 15:20:00+05:30,2026-07-15 15:25:00+05:30,2026-07-15 15:25:00+05:30,12,7,0.9999999999999998,6.938893903907228e-18,1.0,1.0,2.0,1,5.0,2026-07-15 15:15:00+05:30,1.3571428571428572,0.6785714285714286,0.0,0.0,1.3571428571428572,0.3214285714285714
2026-07-16 09:15:00+05:30,2026-07-16 09:20:00+05:30,2026-07-16 09:20:00+05:30,14,5,1.0,-6.938893903907228e-17,1.0,1.0,2.0,1,5.0,2026-07-15 15:20:00+05:30,0.6428571428571428,0.3214285714285714,0.0,0.0,0.4630952380952381,0.7928571428571428
2026-07-16 09:20:00+05:30,2026-07-16 09:25:00+05:30,2026-07-16 09:25:00+05:30,12,7,0.9999999999999998,-1.3877787807814457e-17,1.0,1.0,2.0,1,5.0,2026-07-16 09:15:00+05:30,1.0714285714285714,0.5357142857142857,0.0,0.0,0.9607142857142857,0.5178571428571428
2026-07-16 09:25:00+05:30,2026-07-16 09:30:00+05:30,2026-07-16 09:30:00+05:30,9,10,1.0,-5.551115123125783e-17,1.0,1.0,2.0,1,5.0,2026-07-16 09:20:00+05:30,1.0999999999999999,0.5499999999999999,0.0,0.0,0.930952380952381,0.5333333333333333
2026-07-16 09:30:00+05:30,2026-07-16 09:35:00+05:30,2026-07-16 09:35:00+05:30,10,9,1.0,5.551115123125783e-17,1.0,1.0,2.0,1,5.0,2026-07-16 09:25:00+05:30,1.4,0.7,0.0,0.0,1.3666666666666667,0.31666666666666665
2026-07-16 09:35:00+05:30,2026-07-16 09:40:00+05:30,2026-07-16 09:40:00+05:30,9,10,1.0,-5.551115123125783e-17,1.0,1.0,2.0,1,5.0,2026-07-16 09:30:00+05:30,1.2,0.6,0.0,0.0,1.1555555555555554,0.42222222222222217
2026-07-16 09:40:00+05:30,2026-07-16 09:45:00+05:30,2026-07-16 09:45:00+05:30,10,9,1.0,5.551115123125783e-17,1.0,1.0,2.0,1,5.0,2026-07-16 09:35:00+05:30,1.4,0.7,0.0,0.0,1.3666666666666667,0.31666666666666665
2026-07-16 09:45:00+05:30,2026-07-16 09:50:00+05:30,2026-07-16 09:50:00+05:30,11,8,0.9999999999999999,1.3877787807814457e-17,1.0,1.0,2.0,1,5.0,2026-07-16 09:40:00+05:30,1.6161616161616161,0.8080808080808081,0.0,0.0,1.5955808080808083,0.19886363636363635
2026-07-16 09:50:00+05:30,2026-07-16 09:55:00+05:30,2026-07-16 09:55:00+05:30,10,9,1.0,5.551115123125783e-17,1.0,1.0,2.0,1,5.0,2026-07-16 09:45:00+05:30,1.4141414141414141,0.7070707070707071,0.0,0.0,1.382070707070707,0.3111111111111111
2026-07-16 09:55:00+05:30,2026-07-16 10:00:00+05:30,2026-07-16 10:00:00+05:30,11,8,1.0,4.163336342344337e-17,1.0,1.0,2.0,1,5.0,2026-07-16 09:50:00+05:30,0.8080808080808082,0.4040404040404041,0.0,0.0,0.741540404040404,0.6306818181818181
2026-07-16 10:00:00+05:30,2026-07-16 10:05:00+05:30,2026-07-16 10:05:00+05:30,11,8,1.0,0.0,1.0,1.0,2.0,1,5.0,2026-07-16 09:55:00+05:30,1.0795454545454544,0.5397727272727272,0.0,0.0,1.0795454545454544,0.4602272727272727
2026-07-16 10:05:00+05:30,2026-07-16 10:10:00+05:30,2026-07-16 10:10:00+05:30,7,12,0.9999999999999998,0.0,1.0,1.0,2.0,1,5.0,2026-07-16 10:00:00+05:30,1.7424242424242424,0.8712121212121212,0.0,0.0,1.67478354978355,0.15476190476190474
2026-07-16 10:10:00+05:30,2026-07-16 10:15:00+05:30,2026-07-16 10:15:00+05:30,13,6,1.0,5.551115123125783e-17,1.0,1.0,2.0,1,5.0,2026-07-16 10:05:00+05:30,1.6025641025641024,0.8012820512820512,0.0,0.0,1.4203296703296704,0.28205128205128205
2026-07-16 10:15:00+05:30,2026-07-16 10:20:00+05:30,2026-07-16 10:20:00+05:30,8,11,1.0,-2.7755575615628914e-17,1.0,1.0,2.0,1,5.0,2026-07-16 10:10:00+05:30,1.006993006993007,0.5034965034965035,0.0,0.0,0.6493298368298368,0.6647727272727273
2026-07-16 10:20:00+05:30,2026-07-16 10:25:00+05:30,2026-07-16 10:25:00+05:30,10,9,1.0,5.551115123125783e-17,1.0,1.0,2.0,1,5.0,2026-07-16 10:15:00+05:30,1.3363636363636364,0.6681818181818182,0.0,0.0,1.2584595959595961,0.37222222222222223
2026-07-16 10:25:00+05:30,2026-07-16 10:30:00+05:30,2026-07-16 10:30:00+05:30,7,12,0.9999999999999998,0.0,1.0,1.0,2.0,1,5.0,2026-07-16 10:20:00+05:30,1.1,0.55,0.0,0.0,0.930952380952381,0.5357142857142856
2026-07-16 10:30:00+05:30,2026-07-16 10:35:00+05:30,2026-07-16 10:35:00+05:30,7,12,0.9999999999999998,0.0,1.0,1.0,2.0,1,5.0,2026-07-16 10:25:00+05:30,0.9047619047619047,0.45238095238095233,0.0,0.0,0.9047619047619047,0.5476190476190476
2026-07-16 10:35:00+05:30,2026-07-16 10:40:00+05:30,2026-07-16 10:40:00+05:30,11,8,1.0,1.3877787807814457e-17,1.0,1.0,2.0,1,5.0,2026-07-16 10:30:00+05:30,1.2196969696969697,0.6098484848484849,0.0,0.0,1.0116341991341993,0.4943181818181819
2026-07-16 10:40:00+05:30,2026-07-16 10:45:00+05:30,2026-07-16 10:45:00+05:30,7,12,0.9999999999999998,0.0,1.0,1.0,2.0,1,5.0,2026-07-16 10:35:00+05:30,1.2196969696969695,0.6098484848484848,0.0,0.0,1.0116341991341993,0.4940476190476191
2026-07-16 10:45:00+05:30,2026-07-16 10:50:00+05:30,2026-07-16 10:50:00+05:30,11,8,0.9999999999999999,2.7755575615628914e-17,1.0,1.0,2.0,1,5.0,2026-07-16 10:40:00+05:30,1.393939393939394,0.696969696969697,0.0,0.0,1.2326839826839826,0.3863636363636364
2026-07-16 10:50:00+05:30,2026-07-16 10:55:00+05:30,2026-07-16 10:55:00+05:30,11,8,1.0,2.7755575615628914e-17,1.0,1.0,2.0,1,5.0,2026-07-16 10:45:00+05:30,1.0795454545454546,0.5397727272727273,0.0,0.0,1.0795454545454546,0.46022727272727276
2026-07-16 10:55:00+05:30,2026-07-16 11:00:00+05:30,2026-07-16 11:00:00+05:30,9,10,1.0,-4.163336342344337e-17,1.0,1.0,2.0,1,5.0,2026-07-16 10:50:00+05:30,0.9545454545454544,0.4772727272727272,0.0,0.0,0.831439393939394,0.5833333333333334
2026-07-16 11:00:00+05:30,2026-07-16 11:05:00+05:30,2026-07-16 11:05:00+05:30,12,7,0.9999999999999998,0.0,1.0,1.0,2.0,1,5.0,2026-07-16 10:55:00+05:30,1.0999999999999999,0.5499999999999999,0.0,0.0,0.930952380952381,0.5357142857142856
2026-07-16 11:05:00+05:30,2026-07-16 11:10:00+05:30,2026-07-16 11:10:00+05:30,10,9,1.0,4.163336342344337e-17,1.0,1.0,2.0,1,5.0,2026-07-16 11:00:00+05:30,0.9722222222222221,0.48611111111111105,0.0,0.0,0.8503968253968254,0.5722222222222222
2026-07-16 11:10:00+05:30,2026-07-16 11:15:00+05:30,2026-07-16 11:15:00+05:30,8,11,1.0,-2.7755575615628914e-17,1.0,1.0,2.0,1,5.0,2026-07-16 11:05:00+05:30,1.1454545454545453,0.5727272727272726,0.0,0.0,1.044949494949495,0.4772727272727273
2026-07-16 11:15:00+05:30,2026-07-16 11:20:00+05:30,2026-07-16 11:20:00+05:30,8,11,0.9999999999999999,-4.163336342344337e-17,1.0,1.0,2.0,1,5.0,2026-07-16 11:10:00+05:30,1.0795454545454546,0.5397727272727273,0.0,0.0,1.0795454545454546,0.46022727272727276
2026-07-16 11:20:00+05:30,2026-07-16 11:25:00+05:30,2026-07-16 11:25:00+05:30,10,9,1.0,5.551115123125783e-17,1.0,1.0,2.0,1,5.0,2026-07-16 11:15:00+05:30,1.1454545454545457,0.5727272727272729,0.0,0.0,1.044949494949495,0.47777777777777786
2026-07-16 11:25:00+05:30,2026-07-16 11:30:00+05:30,2026-07-16 11:30:00+05:30,8,11,0.9999999999999999,-1.3877787807814457e-17,1.0,1.0,2.0,1,5.0,2026-07-16 11:20:00+05:30,1.1454545454545457,0.5727272727272729,0.0,0.0,1.044949494949495,0.47727272727272735
2026-07-16 11:30:00+05:30,2026-07-16 11:35:00+05:30,2026-07-16 11:35:00+05:30,9,10,1.0,-5.551115123125783e-17,1.0,1.0,2.0,1,5.0,2026-07-16 11:25:00+05:30,1.2121212121212122,0.6060606060606061,0.0,0.0,1.168560606060606,0.4166666666666667
2026-07-16 11:35:00+05:30,2026-07-16 11:40:00+05:30,2026-07-16 11:40:00+05:30,8,11,1.0,-1.3877787807814457e-17,1.0,1.0,2.0,1,5.0,2026-07-16 11:30:00+05:30,0.8080808080808081,0.40404040404040403,0.0,0.0,0.7415404040404041,0.6306818181818181
2026-07-16 11:40:00+05:30,2026-07-16 11:45:00+05:30,2026-07-16 11:45:00+05:30,10,9,1.0,5.551115123125783e-17,1.0,1.0,2.0,1,5.0,2026-07-16 11:35:00+05:30,1.5272727272727273,0.7636363636363637,0.0,0.0,1.4719696969696972,0.2666666666666666
2026-07-16 11:45:00+05:30,2026-07-16 11:50:00+05:30,2026-07-16 11:50:00+05:30,10,9,1.0,4.163336342344337e-17,1.0,1.0,2.0,1,5.0,2026-07-16 11:40:00+05:30,0.8444444444444444,0.4222222222222222,0.0,0.0,0.8444444444444444,0.5777777777777778
2026-07-16 11:50:00+05:30,2026-07-16 11:55:00+05:30,2026-07-16 11:55:00+05:30,10,9,1.0000000000000002,4.163336342344337e-17,1.0,1.0,2.0,1,5.0,2026-07-16 11:45:00+05:30,1.2666666666666668,0.6333333333333334,0.0,0.0,1.2666666666666668,0.3666666666666666
2026-07-16 11:55:00+05:30,2026-07-16 12:00:00+05:30,2026-07-16 12:00:00+05:30,8,11,1.0,-1.3877787807814457e-17,1.0,1.0,2.0,1,5.0,2026-07-16 11:50:00+05:30,1.1454545454545455,0.5727272727272728,0.0,0.0,1.044949494949495,0.4772727272727273
2026-07-16 12:00:00+05:30,2026-07-16 12:05:00+05:30,2026-07-16 12:05:00+05:30,11,8,1.0,0.0,1.0,1.0,2.0,1,5.0,2026-07-16 11:55:00+05:30,1.4545454545454546,0.7272727272727273,0.0,0.0,1.3522727272727273,0.32386363636363635
2026-07-16 12:05:00+05:30,2026-07-16 12:10:00+05:30,2026-07-16 12:10:00+05:30,8,11,0.9999999999999999,-4.163336342344337e-17,1.0,1.0,2.0,1,5.0,2026-07-16 12:00:00+05:30,0.9090909090909092,0.4545454545454546,0.0,0.0,0.7045454545454546,0.6477272727272726
2026-07-16 12:10:00+05:30,2026-07-16 12:15:00+05:30,2026-07-16 12:15:00+05:30,7,12,0.9999999999999998,0.0,1.0,1.0,2.0,1,5.0,2026-07-16 12:05:00+05:30,1.0416666666666667,0.5208333333333334,0.0,0.0,0.9883658008658008,0.5059523809523809
2026-07-16 12:15:00+05:30,2026-07-16 12:20:00+05:30,2026-07-16 12:20:00+05:30,12,7,0.9999999999999998,0.0,1.0,1.0,2.0,1,5.0,2026-07-16 12:10:00+05:30,1.6666666666666663,0.8333333333333331,0.0,0.0,1.5476190476190474,0.22619047619047616
2026-07-16 12:20:00+05:30,2026-07-16 12:25:00+05:30,2026-07-16 12:25:00+05:30,12,7,0.9999999999999998,-1.3877787807814457e-17,1.0,1.0,2.0,1,5.0,2026-07-16 12:15:00+05:30,0.9047619047619047,0.45238095238095233,0.0,0.0,0.9047619047619047,0.5476190476190476
2026-07-16 12:25:00+05:30,2026-07-16 12:30:00+05:30,2026-07-16 12:30:00+05:30,11,8,1.0,2.7755575615628914e-17,1.0,1.0,2.0,1,5.0,2026-07-16 12:20:00+05:30,1.0416666666666667,0.5208333333333334,0.0,0.0,0.9883658008658007,0.5056818181818181
2026-07-16 12:30:00+05:30,2026-07-16 12:35:00+05:30,2026-07-16 12:35:00+05:30,9,10,1.0,-4.163336342344337e-17,1.0,1.0,2.0,1,5.0,2026-07-16 12:25:00+05:30,1.3363636363636362,0.6681818181818181,0.0,0.0,1.2584595959595961,0.3722222222222222
2026-07-16 12:35:00+05:30,2026-07-16 12:40:00+05:30,2026-07-16 12:40:00+05:30,8,11,1.0,-1.3877787807814457e-17,1.0,1.0,2.0,1,5.0,2026-07-16 12:30:00+05:30,1.0101010101010102,0.5050505050505051,0.0,0.0,0.9550505050505051,0.5227272727272727
2026-07-16 12:40:00+05:30,2026-07-16 12:45:00+05:30,2026-07-16 12:45:00+05:30,9,10,1.0,-4.163336342344337e-17,1.0,1.0,2.0,1,5.0,2026-07-16 12:35:00+05:30,1.01010101010101,0.505050505050505,0.0,0.0,0.9550505050505051,0.5222222222222223
2026-07-16 12:45:00+05:30,2026-07-16 12:50:00+05:30,2026-07-16 12:50:00+05:30,10,9,1.0,4.163336342344337e-17,1.0,1.0,2.0,1,5.0,2026-07-16 12:40:00+05:30,1.2000000000000002,0.6000000000000001,0.0,0.0,1.1555555555555557,0.4222222222222223
2026-07-16 12:50:00+05:30,2026-07-16 12:55:00+05:30,2026-07-16 12:55:00+05:30,10,9,1.0,5.551115123125783e-17,1.0,1.0,2.0,1,5.0,2026-07-16 12:45:00+05:30,1.4777777777777779,0.7388888888888889,0.0,0.0,1.4777777777777779,0.2611111111111111
2026-07-16 12:55:00+05:30,2026-07-16 13:00:00+05:30,2026-07-16 13:00:00+05:30,11,8,1.0,2.7755575615628914e-17,1.0,1.0,2.0,1,5.0,2026-07-16 12:50:00+05:30,1.0101010101010102,0.5050505050505051,0.0,0.0,0.9550505050505051,0.5227272727272727
2026-07-16 13:00:00+05:30,2026-07-16 13:05:00+05:30,2026-07-16 13:05:00+05:30,10,9,1.0,4.163336342344337e-17,1.0,1.0,2.0,1,5.0,2026-07-16 12:55:00+05:30,1.0101010101010102,0.5050505050505051,0.0,0.0,0.9550505050505051,0.5222222222222223
2026-07-16 13:05:00+05:30,2026-07-16 13:10:00+05:30,2026-07-16 13:10:00+05:30,10,9,1.0,5.551115123125783e-17,1.0,1.0,2.0,1,5.0,2026-07-16 13:00:00+05:30,1.0555555555555556,0.5277777777777778,0.0,0.0,1.0555555555555556,0.4722222222222222
2026-07-16 13:10:00+05:30,2026-07-16 13:15:00+05:30,2026-07-16 13:15:00+05:30,10,9,1.0,5.551115123125783e-17,1.0,1.0,2.0,1,5.0,2026-07-16 13:05:00+05:30,1.2666666666666668,0.6333333333333334,0.0,0.0,1.2666666666666668,0.3666666666666667
2026-07-16 13:15:00+05:30,2026-07-16 13:20:00+05:30,2026-07-16 13:20:00+05:30,7,12,0.9999999999999998,0.0,1.0,1.0,2.0,1,5.0,2026-07-16 13:10:00+05:30,1.2833333333333332,0.6416666666666666,0.0,0.0,1.1496031746031745,0.4226190476190476
2026-07-16 13:20:00+05:30,2026-07-16 13:25:00+05:30,2026-07-16 13:25:00+05:30,8,11,0.9999999999999999,-1.3877787807814457e-17,1.0,1.0,2.0,1,5.0,2026-07-16 13:15:00+05:30,0.625,0.3125,0.0,0.0,0.5462662337662337,0.721590909090909
2026-07-16 13:25:00+05:30,2026-07-16 13:30:00+05:30,2026-07-16 13:30:00+05:30,9,10,1.0,-5.551115123125783e-17,1.0,1.0,2.0,1,5.0,2026-07-16 13:20:00+05:30,1.4141414141414141,0.7070707070707071,0.0,0.0,1.3820707070707072,0.3111111111111111
2026-07-16 13:30:00+05:30,2026-07-16 13:35:00+05:30,2026-07-16 13:35:00+05:30,8,11,1.0,-1.3877787807814457e-17,1.0,1.0,2.0,1,5.0,2026-07-16 13:25:00+05:30,0.8080808080808082,0.4040404040404041,0.0,0.0,0.7415404040404041,0.6306818181818181
2026-07-16 13:35:00+05:30,2026-07-16 13:40:00+05:30,2026-07-16 13:40:00+05:30,7,12,0.9999999999999998,0.0,1.0,1.0,2.0,1,5.0,2026-07-16 13:30:00+05:30,0.8333333333333333,0.41666666666666663,0.0,0.0,0.7673160173160173,0.619047619047619
2026-07-16 13:40:00+05:30,2026-07-16 13:45:00+05:30,2026-07-16 13:45:00+05:30,10,9,1.0000000000000002,4.163336342344337e-17,1.0,1.0,2.0,1,5.0,2026-07-16 13:35:00+05:30,1.0999999999999999,0.5499999999999999,0.0,0.0,0.930952380952381,0.5333333333333333
2026-07-16 13:45:00+05:30,2026-07-16 13:50:00+05:30,2026-07-16 13:50:00+05:30,11,8,0.9999999999999999,2.7755575615628914e-17,1.0,1.0,2.0,1,5.0,2026-07-16 13:40:00+05:30,1.0101010101010104,0.5050505050505052,0.0,0.0,0.955050505050505,0.5227272727272727
2026-07-16 13:50:00+05:30,2026-07-16 13:55:00+05:30,2026-07-16 13:55:00+05:30,11,8,1.0,1.3877787807814457e-17,1.0,1.0,2.0,1,5.0,2026-07-16 13:45:00+05:30,1.2954545454545454,0.6477272727272727,0.0,0.0,1.2954545454545454,0.3522727272727273
2026-07-16 13:55:00+05:30,2026-07-16 14:00:00+05:30,2026-07-16 14:00:00+05:30,11,8,0.9999999999999999,2.7755575615628914e-17,1.0,1.0,2.0,1,5.0,2026-07-16 13:50:00+05:30,0.8636363636363635,0.43181818181818177,0.0,0.0,0.8636363636363635,0.5681818181818181
2026-07-16 14:00:00+05:30,2026-07-16 14:05:00+05:30,2026-07-16 14:05:00+05:30,9,10,1.0,-5.551115123125783e-17,1.0,1.0,2.0,1,5.0,2026-07-16 13:55:00+05:30,1.3363636363636364,0.6681818181818182,0.0,0.0,1.258459595959596,0.37222222222222223
2026-07-16 14:05:00+05:30,2026-07-16 14:10:00+05:30,2026-07-16 14:10:00+05:30,9,10,1.0,-5.551115123125783e-17,1.0,1.0,2.0,1,5.0,2026-07-16 14:00:00+05:30,1.0555555555555556,0.5277777777777778,0.0,0.0,1.0555555555555556,0.47222222222222227
2026-07-16 14:10:00+05:30,2026-07-16 14:15:00+05:30,2026-07-16 14:15:00+05:30,12,7,0.9999999999999998,-1.3877787807814457e-17,1.0,1.0,2.0,1,5.0,2026-07-16 14:05:00+05:30,1.1,0.55,0.0,0.0,0.930952380952381,0.5357142857142857
2026-07-16 14:15:00+05:30,2026-07-16 14:20:00+05:30,2026-07-16 14:20:00+05:30,9,10,1.0,-5.551115123125783e-17,1.0,1.0,2.0,1,5.0,2026-07-16 14:10:00+05:30,1.2833333333333337,0.6416666666666668,0.0,0.0,1.1496031746031745,0.42777777777777776
2026-07-16 14:20:00+05:30,2026-07-16 14:25:00+05:30,2026-07-16 14:25:00+05:30,6,13,1.0,-5.551115123125783e-17,1.0,1.0,2.0,1,5.0,2026-07-16 14:15:00+05:30,1.5042735042735043,0.7521367521367521,0.0,0.0,1.4188034188034186,0.27564102564102566
2026-07-16 14:25:00+05:30,2026-07-16 14:30:00+05:30,2026-07-16 14:30:00+05:30,11,8,1.0,1.3877787807814457e-17,1.0,1.0,2.0,1,5.0,2026-07-16 14:20:00+05:30,1.5104895104895102,0.7552447552447551,0.0,0.0,1.3385780885780885,0.34090909090909094
2026-07-16 14:30:00+05:30,2026-07-16 14:35:00+05:30,2026-07-16 14:35:00+05:30,12,7,0.9999999999999998,1.3877787807814457e-17,1.0,1.0,2.0,1,5.0,2026-07-16 14:25:00+05:30,1.0416666666666667,0.5208333333333334,0.0,0.0,0.9883658008658007,0.5059523809523809
2026-07-16 14:35:00+05:30,2026-07-16 14:40:00+05:30,2026-07-16 14:40:00+05:30,11,8,1.0,1.3877787807814457e-17,1.0,1.0,2.0,1,5.0,2026-07-16 14:30:00+05:30,1.2500000000000002,0.6250000000000001,0.0,0.0,1.2094155844155845,0.39772727272727276
2026-07-16 14:40:00+05:30,2026-07-16 14:45:00+05:30,2026-07-16 14:45:00+05:30,8,11,1.0,-2.7755575615628914e-17,1.0,1.0,2.0,1,5.0,2026-07-16 14:35:00+05:30,1.2727272727272725,0.6363636363636362,0.0,0.0,1.1363636363636362,0.4318181818181819
2026-07-16 14:45:00+05:30,2026-07-16 14:50:00+05:30,2026-07-16 14:50:00+05:30,10,9,1.0,5.551115123125783e-17,1.0,1.0,2.0,1,5.0,2026-07-16 14:40:00+05:30,0.9545454545454545,0.47727272727272724,0.0,0.0,0.831439393939394,0.5833333333333334
2026-07-16 14:50:00+05:30,2026-07-16 14:55:00+05:30,2026-07-16 14:55:00+05:30,10,9,1.0,4.163336342344337e-17,1.0,1.0,2.0,1,5.0,2026-07-16 14:45:00+05:30,1.0555555555555556,0.5277777777777778,0.0,0.0,1.0555555555555556,0.47222222222222215
2026-07-16 14:55:00+05:30,2026-07-16 15:00:00+05:30,2026-07-16 15:00:00+05:30,11,8,0.9999999999999999,1.3877787807814457e-17,1.0,1.0,2.0,1,5.0,2026-07-16 14:50:00+05:30,1.2121212121212122,0.6060606060606061,0.0,0.0,1.1685606060606062,0.4147727272727273
2026-07-16 15:00:00+05:30,2026-07-16 15:05:00+05:30,2026-07-16 15:05:00+05:30,7,12,0.9999999999999998,1.3877787807814457e-17,1.0,1.0,2.0,1,5.0,2026-07-16 14:55:00+05:30,1.393939393939394,0.696969696969697,0.0,0.0,1.2326839826839828,0.38095238095238093
2026-07-16 15:05:00+05:30,2026-07-16 15:10:00+05:30,2026-07-16 15:10:00+05:30,10,9,1.0,4.163336342344337e-17,1.0,1.0,2.0,1,5.0,2026-07-16 15:00:00+05:30,1.1,0.55,0.0,0.0,0.930952380952381,0.5333333333333333
2026-07-16 15:10:00+05:30,2026-07-16 15:15:00+05:30,2026-07-16 15:15:00+05:30,6,13,0.9999999999999999,-8.326672684688674e-17,1.0,1.0,2.0,1,5.0,2026-07-16 15:05:00+05:30,1.0615384615384613,0.5307692307692307,0.0,0.0,0.8085470085470086,0.6025641025641024
2026-07-16 15:15:00+05:30,2026-07-16 15:20:00+05:30,2026-07-16 15:20:00+05:30,6,13,0.9999999999999999,-5.551115123125783e-17,1.0,1.0,2.0,1,5.0,2026-07-16 15:10:00+05:30,0.7307692307692307,0.36538461538461536,0.0,0.0,0.7307692307692307,0.6346153846153845
2026-07-16 15:20:00+05:30,2026-07-16 15:25:00+05:30,2026-07-16 15:25:00+05:30,9,10,1.0000000000000002,-4.163336342344337e-17,1.0,1.0,2.0,1,5.0,2026-07-16 15:15:00+05:30,1.1282051282051282,0.5641025641025641,0.0,0.0,0.9641025641025641,0.5166666666666666
2026-07-17 09:15:00+05:30,2026-07-17 09:20:00+05:30,2026-07-17 09:20:00+05:30,11,8,0.9999999999999999,1.3877787807814457e-17,1.0,1.0,2.0,1,5.0,2026-07-16 15:20:00+05:30,0.9545454545454545,0.47727272727272724,0.0,0.0,0.831439393939394,0.5852272727272727
2026-07-17 09:20:00+05:30,2026-07-17 09:25:00+05:30,2026-07-17 09:25:00+05:30,9,10,1.0,-5.551115123125783e-17,1.0,1.0,2.0,1,5.0,2026-07-17 09:15:00+05:30,0.7636363636363636,0.3818181818181818,0.0,0.0,0.617929292929293,0.6888888888888889
2026-07-17 09:25:00+05:30,2026-07-17 09:30:00+05:30,2026-07-17 09:30:00+05:30,7,12,0.9999999999999998,0.0,1.0,1.0,2.0,1,5.0,2026-07-17 09:20:00+05:30,0.9722222222222221,0.48611111111111105,0.0,0.0,0.8503968253968254,0.5773809523809523
2026-07-17 09:30:00+05:30,2026-07-17 09:35:00+05:30,2026-07-17 09:35:00+05:30,10,9,1.0,5.551115123125783e-17,1.0,1.0,2.0,1,5.0,2026-07-17 09:25:00+05:30,0.9166666666666666,0.4583333333333333,0.0,0.0,0.7123015873015873,0.638888888888889
2026-07-17 09:35:00+05:30,2026-07-17 09:40:00+05:30,2026-07-17 09:40:00+05:30,13,6,0.9999999999999999,5.551115123125783e-17,1.0,1.0,2.0,1,5.0,2026-07-17 09:30:00+05:30,1.3162393162393164,0.6581196581196582,0.0,0.0,1.1914529914529917,0.39743589743589747
2026-07-17 09:40:00+05:30,2026-07-17 09:45:00+05:30,2026-07-17 09:45:00+05:30,11,8,1.0,1.3877787807814457e-17,1.0,1.0,2.0,1,5.0,2026-07-17 09:35:00+05:30,1.0096153846153846,0.5048076923076923,0.0,0.0,0.8911713286713286,0.5511363636363635
2026-07-17 09:45:00+05:30,2026-07-17 09:50:00+05:30,2026-07-17 09:50:00+05:30,9,10,1.0,-5.551115123125783e-17,1.0,1.0,2.0,1,5.0,2026-07-17 09:40:00+05:30,0.9545454545454545,0.47727272727272724,0.0,0.0,0.831439393939394,0.5833333333333334
2026-07-17 09:50:00+05:30,2026-07-17 09:55:00+05:30,2026-07-17 09:55:00+05:30,14,5,1.0,-5.551115123125783e-17,1.0,1.0,2.0,1,5.0,2026-07-17 09:45:00+05:30,1.3714285714285712,0.6857142857142856,0.0,0.0,1.1523809523809523,0.41428571428571426
2026-07-17 09:55:00+05:30,2026-07-17 10:00:00+05:30,2026-07-17 10:00:00+05:30,9,10,1.0,-5.551115123125783e-17,1.0,1.0,2.0,1,5.0,2026-07-17 09:50:00+05:30,1.3714285714285712,0.6857142857142856,0.0,0.0,1.1523809523809523,0.43333333333333324
2026-07-17 10:00:00+05:30,2026-07-17 10:05:00+05:30,2026-07-17 10:05:00+05:30,11,8,1.0,0.0,1.0,1.0,2.0,1,5.0,2026-07-17 09:55:00+05:30,1.1454545454545453,0.5727272727272726,0.0,0.0,1.044949494949495,0.4772727272727273
2026-07-17 10:05:00+05:30,2026-07-17 10:10:00+05:30,2026-07-17 10:10:00+05:30,9,10,1.0,-5.551115123125783e-17,1.0,1.0,2.0,1,5.0,2026-07-17 10:00:00+05:30,1.3363636363636362,0.6681818181818181,0.0,0.0,1.2584595959595961,0.3722222222222222
2026-07-17 10:10:00+05:30,2026-07-17 10:15:00+05:30,2026-07-17 10:15:00+05:30,9,10,1.0,-5.551115123125783e-17,1.0,1.0,2.0,1,5.0,2026-07-17 10:05:00+05:30,0.8444444444444443,0.42222222222222217,0.0,0.0,0.8444444444444443,0.5777777777777778
2026-07-17 10:15:00+05:30,2026-07-17 10:20:00+05:30,2026-07-17 10:20:00+05:30,8,11,1.0,-2.7755575615628914e-17,1.0,1.0,2.0,1,5.0,2026-07-17 10:10:00+05:30,1.0101010101010102,0.5050505050505051,0.0,0.0,0.9550505050505051,0.5227272727272727
2026-07-17 10:20:00+05:30,2026-07-17 10:25:00+05:30,2026-07-17 10:25:00+05:30,9,10,1.0,-5.551115123125783e-17,1.0,1.0,2.0,1,5.0,2026-07-17 10:15:00+05:30,1.2121212121212122,0.6060606060606061,0.0,0.0,1.168560606060606,0.41666666666666663
2026-07-17 10:25:00+05:30,2026-07-17 10:30:00+05:30,2026-07-17 10:30:00+05:30,9,10,1.0,-5.551115123125783e-17,1.0,1.0,2.0,1,5.0,2026-07-17 10:20:00+05:30,1.4777777777777779,0.7388888888888889,0.0,0.0,1.4777777777777779,0.26111111111111107
2026-07-17 10:30:00+05:30,2026-07-17 10:35:00+05:30,2026-07-17 10:35:00+05:30,10,9,1.0,5.551115123125783e-17,1.0,1.0,2.0,1,5.0,2026-07-17 10:25:00+05:30,1.2,0.6,0.0,0.0,1.1555555555555554,0.4222222222222222
2026-07-17 10:35:00+05:30,2026-07-17 10:40:00+05:30,2026-07-17 10:40:00+05:30,12,7,0.9999999999999998,0.0,1.0,1.0,2.0,1,5.0,2026-07-17 10:30:00+05:30,1.1666666666666665,0.5833333333333333,0.0,0.0,1.069047619047619,0.46428571428571425
2026-07-17 10:40:00+05:30,2026-07-17 10:45:00+05:30,2026-07-17 10:45:00+05:30,10,9,1.0,4.163336342344337e-17,1.0,1.0,2.0,1,5.0,2026-07-17 10:35:00+05:30,1.3611111111111112,0.6805555555555556,0.0,0.0,1.2876984126984126,0.3611111111111111
2026-07-17 10:45:00+05:30,2026-07-17 10:50:00+05:30,2026-07-17 10:50:00+05:30,10,9,1.0,4.163336342344337e-17,1.0,1.0,2.0,1,5.0,2026-07-17 10:40:00+05:30,1.4777777777777779,0.7388888888888889,0.0,0.0,1.4777777777777779,0.2611111111111111
2026-07-17 10:50:00+05:30,2026-07-17 10:55:00+05:30,2026-07-17 10:55:00+05:30,11,8,1.0,1.3877787807814457e-17,1.0,1.0,2.0,1,5.0,2026-07-17 10:45:00+05:30,1.2121212121212122,0.6060606060606061,0.0,0.0,1.1685606060606062,0.4147727272727273
2026-07-17 10:55:00+05:30,2026-07-17 11:00:00+05:30,2026-07-17 11:00:00+05:30,10,9,1.0,4.163336342344337e-17,1.0,1.0,2.0,1,5.0,2026-07-17 10:50:00+05:30,1.2121212121212124,0.6060606060606062,0.0,0.0,1.1685606060606062,0.41666666666666663
2026-07-17 11:00:00+05:30,2026-07-17 11:05:00+05:30,2026-07-17 11:05:00+05:30,9,10,1.0000000000000002,-4.163336342344337e-17,1.0,1.0,2.0,1,5.0,2026-07-17 10:55:00+05:30,1.2000000000000002,0.6000000000000001,0.0,0.0,1.1555555555555557,0.42222222222222217
2026-07-17 11:05:00+05:30,2026-07-17 11:10:00+05:30,2026-07-17 11:10:00+05:30,10,9,1.0000000000000002,4.163336342344337e-17,1.0,1.0,2.0,1,5.0,2026-07-17 11:00:00+05:30,1.2000000000000002,0.6000000000000001,0.0,0.0,1.1555555555555557,0.4222222222222222
2026-07-17 11:10:00+05:30,2026-07-17 11:15:00+05:30,2026-07-17 11:15:00+05:30,10,9,1.0,5.551115123125783e-17,1.0,1.0,2.0,1,5.0,2026-07-17 11:05:00+05:30,1.2666666666666666,0.6333333333333333,0.0,0.0,1.2666666666666666,0.36666666666666664
2026-07-17 11:15:00+05:30,2026-07-17 11:20:00+05:30,2026-07-17 11:20:00+05:30,11,8,0.9999999999999999,4.163336342344337e-17,1.0,1.0,2.0,1,5.0,2026-07-17 11:10:00+05:30,1.2121212121212124,0.6060606060606062,0.0,0.0,1.168560606060606,0.41477272727272735
2026-07-17 11:20:00+05:30,2026-07-17 11:25:00+05:30,2026-07-17 11:25:00+05:30,8,11,1.0,-1.3877787807814457e-17,1.0,1.0,2.0,1,5.0,2026-07-17 11:15:00+05:30,1.2727272727272727,0.6363636363636364,0.0,0.0,1.1363636363636362,0.4318181818181818
2026-07-17 11:25:00+05:30,2026-07-17 11:30:00+05:30,2026-07-17 11:30:00+05:30,7,12,0.9999999999999998,0.0,1.0,1.0,2.0,1,5.0,2026-07-17 11:20:00+05:30,1.0416666666666667,0.5208333333333334,0.0,0.0,0.9883658008658007,0.5059523809523808
2026-07-17 11:30:00+05:30,2026-07-17 11:35:00+05:30,2026-07-17 11:35:00+05:30,12,7,0.9999999999999998,-1.3877787807814457e-17,1.0,1.0,2.0,1,5.0,2026-07-17 11:25:00+05:30,1.666666666666666,0.833333333333333,0.0,0.0,1.5476190476190474,0.22619047619047616
2026-07-17 11:35:00+05:30,2026-07-17 11:40:00+05:30,2026-07-17 11:40:00+05:30,11,8,1.0,1.3877787807814457e-17,1.0,1.0,2.0,1,5.0,2026-07-17 11:30:00+05:30,1.0416666666666667,0.5208333333333334,0.0,0.0,0.9883658008658007,0.5056818181818182
2026-07-17 11:40:00+05:30,2026-07-17 11:45:00+05:30,2026-07-17 11:45:00+05:30,10,9,1.0,4.163336342344337e-17,1.0,1.0,2.0,1,5.0,2026-07-17 11:35:00+05:30,1.4141414141414141,0.7070707070707071,0.0,0.0,1.3820707070707072,0.3111111111111111
2026-07-17 11:45:00+05:30,2026-07-17 11:50:00+05:30,2026-07-17 11:50:00+05:30,11,8,0.9999999999999999,1.3877787807814457e-17,1.0,1.0,2.0,1,5.0,2026-07-17 11:40:00+05:30,1.0101010101010102,0.5050505050505051,0.0,0.0,0.955050505050505,0.5227272727272728
2026-07-17 11:50:00+05:30,2026-07-17 11:55:00+05:30,2026-07-17 11:55:00+05:30,10,9,1.0,4.163336342344337e-17,1.0,1.0,2.0,1,5.0,2026-07-17 11:45:00+05:30,1.0101010101010104,0.5050505050505052,0.0,0.0,0.9550505050505051,0.5222222222222223
2026-07-17 11:55:00+05:30,2026-07-17 12:00:00+05:30,2026-07-17 12:00:00+05:30,10,9,1.0,5.551115123125783e-17,1.0,1.0,2.0,1,5.0,2026-07-17 11:50:00+05:30,0.8444444444444443,0.42222222222222217,0.0,0.0,0.8444444444444443,0.5777777777777777
2026-07-17 12:00:00+05:30,2026-07-17 12:05:00+05:30,2026-07-17 12:05:00+05:30,11,8,1.0,2.7755575615628914e-17,1.0,1.0,2.0,1,5.0,2026-07-17 11:55:00+05:30,1.01010101010101,0.505050505050505,0.0,0.0,0.9550505050505051,0.5227272727272727
2026-07-17 12:05:00+05:30,2026-07-17 12:10:00+05:30,2026-07-17 12:10:00+05:30,10,9,1.0,5.551115123125783e-17,1.0,1.0,2.0,1,5.0,2026-07-17 12:00:00+05:30,1.6161616161616161,0.8080808080808081,0.0,0.0,1.5955808080808083,0.20555555555555555
2026-07-17 12:10:00+05:30,2026-07-17 12:15:00+05:30,2026-07-17 12:15:00+05:30,10,9,1.0,5.551115123125783e-17,1.0,1.0,2.0,1,5.0,2026-07-17 12:05:00+05:30,1.0555555555555556,0.5277777777777778,0.0,0.0,1.0555555555555556,0.47222222222222227
2026-07-17 12:15:00+05:30,2026-07-17 12:20:00+05:30,2026-07-17 12:20:00+05:30,7,12,0.9999999999999998,0.0,1.0,1.0,2.0,1,5.0,2026-07-17 12:10:00+05:30,1.1,0.55,0.0,0.0,0.930952380952381,0.5357142857142857
2026-07-17 12:20:00+05:30,2026-07-17 12:25:00+05:30,2026-07-17 12:25:00+05:30,10,9,1.0,4.163336342344337e-17,1.0,1.0,2.0,1,5.0,2026-07-17 12:15:00+05:30,1.2833333333333332,0.6416666666666666,0.0,0.0,1.1496031746031745,0.4277777777777778
2026-07-17 12:25:00+05:30,2026-07-17 12:30:00+05:30,2026-07-17 12:30:00+05:30,10,9,1.0,5.551115123125783e-17,1.0,1.0,2.0,1,5.0,2026-07-17 12:20:00+05:30,1.4777777777777779,0.7388888888888889,0.0,0.0,1.4777777777777779,0.2611111111111111
2026-07-17 12:30:00+05:30,2026-07-17 12:35:00+05:30,2026-07-17 12:35:00+05:30,12,7,0.9999999999999998,0.0,1.0,1.0,2.0,1,5.0,2026-07-17 12:25:00+05:30,1.1666666666666665,0.5833333333333333,0.0,0.0,1.069047619047619,0.46428571428571425
2026-07-17 12:35:00+05:30,2026-07-17 12:40:00+05:30,2026-07-17 12:40:00+05:30,11,8,1.0,1.3877787807814457e-17,1.0,1.0,2.0,1,5.0,2026-07-17 12:30:00+05:30,1.25,0.625,0.0,0.0,1.2094155844155843,0.39772727272727276
2026-07-17 12:40:00+05:30,2026-07-17 12:45:00+05:30,2026-07-17 12:45:00+05:30,10,9,1.0,5.551115123125783e-17,1.0,1.0,2.0,1,5.0,2026-07-17 12:35:00+05:30,1.0101010101010102,0.5050505050505051,0.0,0.0,0.9550505050505051,0.5222222222222221
2026-07-17 12:45:00+05:30,2026-07-17 12:50:00+05:30,2026-07-17 12:50:00+05:30,10,9,1.0,4.163336342344337e-17,1.0,1.0,2.0,1,5.0,2026-07-17 12:40:00+05:30,1.477777777777778,0.738888888888889,0.0,0.0,1.477777777777778,0.2611111111111111
2026-07-17 12:50:00+05:30,2026-07-17 12:55:00+05:30,2026-07-17 12:55:00+05:30,10,9,1.0,4.163336342344337e-17,1.0,1.0,2.0,1,5.0,2026-07-17 12:45:00+05:30,1.2666666666666668,0.6333333333333334,0.0,0.0,1.2666666666666668,0.36666666666666664
2026-07-17 12:55:00+05:30,2026-07-17 13:00:00+05:30,2026-07-17 13:00:00+05:30,10,9,1.0,4.163336342344337e-17,1.0,1.0,2.0,1,5.0,2026-07-17 12:50:00+05:30,1.2666666666666666,0.6333333333333333,0.0,0.0,1.2666666666666666,0.3666666666666667
2026-07-17 13:00:00+05:30,2026-07-17 13:05:00+05:30,2026-07-17 13:05:00+05:30,12,7,0.9999999999999998,0.0,1.0,1.0,2.0,1,5.0,2026-07-17 12:55:00+05:30,1.1666666666666665,0.5833333333333333,0.0,0.0,1.069047619047619,0.4642857142857143
2026-07-17 13:05:00+05:30,2026-07-17 13:10:00+05:30,2026-07-17 13:10:00+05:30,9,10,1.0000000000000002,-4.163336342344337e-17,1.0,1.0,2.0,1,5.0,2026-07-17 13:00:00+05:30,1.2833333333333332,0.6416666666666666,0.0,0.0,1.1496031746031745,0.42777777777777776
2026-07-17 13:10:00+05:30,2026-07-17 13:15:00+05:30,2026-07-17 13:15:00+05:30,11,8,1.0,1.3877787807814457e-17,1.0,1.0,2.0,1,5.0,2026-07-17 13:05:00+05:30,1.3363636363636362,0.6681818181818181,0.0,0.0,1.2584595959595961,0.3693181818181818
2026-07-17 13:15:00+05:30,2026-07-17 13:20:00+05:30,2026-07-17 13:20:00+05:30,9,10,1.0,-4.163336342344337e-17,1.0,1.0,2.0,1,5.0,2026-07-17 13:10:00+05:30,1.1454545454545455,0.5727272727272728,0.0,0.0,1.044949494949495,0.47777777777777775
2026-07-17 13:20:00+05:30,2026-07-17 13:25:00+05:30,2026-07-17 13:25:00+05:30,7,12,0.9999999999999998,1.3877787807814457e-17,1.0,1.0,2.0,1,5.0,2026-07-17 13:15:00+05:30,1.1666666666666665,0.5833333333333333,0.0,0.0,1.069047619047619,0.46428571428571425
2026-07-17 13:25:00+05:30,2026-07-17 13:30:00+05:30,2026-07-17 13:30:00+05:30,7,12,0.9999999999999998,0.0,1.0,1.0,2.0,1,5.0,2026-07-17 13:20:00+05:30,1.357142857142857,0.6785714285714285,0.0,0.0,1.357142857142857,0.32142857142857145
2026-07-17 13:30:00+05:30,2026-07-17 13:35:00+05:30,2026-07-17 13:35:00+05:30,7,12,0.9999999999999998,0.0,1.0,1.0,2.0,1,5.0,2026-07-17 13:25:00+05:30,1.130952380952381,0.5654761904761905,0.0,0.0,1.130952380952381,0.4345238095238095
2026-07-17 13:35:00+05:30,2026-07-17 13:40:00+05:30,2026-07-17 13:40:00+05:30,9,10,1.0,-5.551115123125783e-17,1.0,1.0,2.0,1,5.0,2026-07-17 13:30:00+05:30,1.3611111111111112,0.6805555555555556,0.0,0.0,1.2876984126984126,0.36111111111111105
2026-07-17 13:40:00+05:30,2026-07-17 13:45:00+05:30,2026-07-17 13:45:00+05:30,10,9,1.0,5.551115123125783e-17,1.0,1.0,2.0,1,5.0,2026-07-17 13:35:00+05:30,1.4,0.7,0.0,0.0,1.3666666666666667,0.31666666666666665
2026-07-17 13:45:00+05:30,2026-07-17 13:50:00+05:30,2026-07-17 13:50:00+05:30,9,10,1.0,-5.551115123125783e-17,1.0,1.0,2.0,1,5.0,2026-07-17 13:40:00+05:30,0.9999999999999999,0.49999999999999994,0.0,0.0,0.9444444444444445,0.5277777777777778
2026-07-17 13:50:00+05:30,2026-07-17 13:55:00+05:30,2026-07-17 13:55:00+05:30,9,10,1.0,-4.163336342344337e-17,1.0,1.0,2.0,1,5.0,2026-07-17 13:45:00+05:30,1.2666666666666668,0.6333333333333334,0.0,0.0,1.2666666666666668,0.36666666666666664
2026-07-17 13:55:00+05:30,2026-07-17 14:00:00+05:30,2026-07-17 14:00:00+05:30,10,9,1.0,4.163336342344337e-17,1.0,1.0,2.0,1,5.0,2026-07-17 13:50:00+05:30,1.2,0.6,0.0,0.0,1.1555555555555557,0.4222222222222222
2026-07-17 14:00:00+05:30,2026-07-17 14:05:00+05:30,2026-07-17 14:05:00+05:30,11,8,1.0,2.7755575615628914e-17,1.0,1.0,2.0,1,5.0,2026-07-17 13:55:00+05:30,1.01010101010101,0.505050505050505,0.0,0.0,0.9550505050505051,0.5227272727272727
2026-07-17 14:05:00+05:30,2026-07-17 14:10:00+05:30,2026-07-17 14:10:00+05:30,9,10,1.0,-5.551115123125783e-17,1.0,1.0,2.0,1,5.0,2026-07-17 14:00:00+05:30,1.3363636363636364,0.6681818181818182,0.0,0.0,1.2584595959595961,0.37222222222222223
2026-07-17 14:10:00+05:30,2026-07-17 14:15:00+05:30,2026-07-17 14:15:00+05:30,12,7,0.9999999999999998,0.0,1.0,1.0,2.0,1,5.0,2026-07-17 14:05:00+05:30,0.7333333333333332,0.3666666666666666,0.0,0.0,0.4936507936507937,0.7619047619047618
2026-07-17 14:15:00+05:30,2026-07-17 14:20:00+05:30,2026-07-17 14:20:00+05:30,11,8,1.0,1.3877787807814457e-17,1.0,1.0,2.0,1,5.0,2026-07-17 14:10:00+05:30,0.8333333333333334,0.4166666666666667,0.0,0.0,0.7673160173160173,0.6136363636363636
2026-07-17 14:20:00+05:30,2026-07-17 14:25:00+05:30,2026-07-17 14:25:00+05:30,11,8,1.0,1.3877787807814457e-17,1.0,1.0,2.0,1,5.0,2026-07-17 14:15:00+05:30,1.0795454545454546,0.5397727272727273,0.0,0.0,1.0795454545454546,0.4602272727272727
2026-07-17 14:25:00+05:30,2026-07-17 14:30:00+05:30,2026-07-17 14:30:00+05:30,9,10,1.0,-4.163336342344337e-17,1.0,1.0,2.0,1,5.0,2026-07-17 14:20:00+05:30,0.7636363636363636,0.3818181818181818,0.0,0.0,0.617929292929293,0.688888888888889
2026-07-17 14:30:00+05:30,2026-07-17 14:35:00+05:30,2026-07-17 14:35:00+05:30,11,8,0.9999999999999999,1.3877787807814457e-17,1.0,1.0,2.0,1,5.0,2026-07-17 14:25:00+05:30,0.9545454545454544,0.4772727272727272,0.0,0.0,0.831439393939394,0.5852272727272727
2026-07-17 14:35:00+05:30,2026-07-17 14:40:00+05:30,2026-07-17 14:40:00+05:30,6,13,1.0000000000000002,-5.551115123125783e-17,1.0,1.0,2.0,1,5.0,2026-07-17 14:30:00+05:30,1.5104895104895102,0.7552447552447551,0.0,0.0,1.3385780885780887,0.3205128205128205
2026-07-17 14:40:00+05:30,2026-07-17 14:45:00+05:30,2026-07-17 14:45:00+05:30,12,7,0.9999999999999998,0.0,1.0,1.0,2.0,1,5.0,2026-07-17 14:35:00+05:30,1.282051282051282,0.641025641025641,0.0,0.0,0.9505494505494505,0.5238095238095238
2026-07-17 14:45:00+05:30,2026-07-17 14:50:00+05:30,2026-07-17 14:50:00+05:30,10,9,1.0,5.551115123125783e-17,1.0,1.0,2.0,1,5.0,2026-07-17 14:40:00+05:30,0.7777777777777777,0.38888888888888884,0.0,0.0,0.6317460317460317,0.6777777777777778
2026-07-17 14:50:00+05:30,2026-07-17 14:55:00+05:30,2026-07-17 14:55:00+05:30,7,12,0.9999999999999998,0.0,1.0,1.0,2.0,1,5.0,2026-07-17 14:45:00+05:30,1.4666666666666668,0.7333333333333334,0.0,0.0,1.3682539682539683,0.30952380952380953
2026-07-17 14:55:00+05:30,2026-07-17 15:00:00+05:30,2026-07-17 15:00:00+05:30,9,10,1.0000000000000002,-4.163336342344337e-17,1.0,1.0,2.0,1,5.0,2026-07-17 14:50:00+05:30,1.1666666666666665,0.5833333333333333,0.0,0.0,1.069047619047619,0.4666666666666667
2026-07-17 15:00:00+05:30,2026-07-17 15:05:00+05:30,2026-07-17 15:05:00+05:30,13,6,1.0,5.551115123125783e-17,1.0,1.0,2.0,1,5.0,2026-07-17 14:55:00+05:30,1.2384615384615385,0.6192307692307693,0.0,0.0,1.035897435897436,0.4807692307692307
2026-07-17 15:05:00+05:30,2026-07-17 15:10:00+05:30,2026-07-17 15:10:00+05:30,10,9,1.0,5.551115123125783e-17,1.0,1.0,2.0,1,5.0,2026-07-17 15:00:00+05:30,1.316239316239316,0.658119658119658,0.0,0.0,1.1914529914529912,0.4111111111111111
2026-07-17 15:10:00+05:30,2026-07-17 15:15:00+05:30,2026-07-17 15:15:00+05:30,10,9,1.0000000000000002,4.163336342344337e-17,1.0,1.0,2.0,1,5.0,2026-07-17 15:05:00+05:30,1.0555555555555556,0.5277777777777778,0.0,0.0,1.0555555555555556,0.4722222222222222
2026-07-17 15:15:00+05:30,2026-07-17 15:20:00+05:30,2026-07-17 15:20:00+05:30,10,9,1.0000000000000002,4.163336342344337e-17,1.0,1.0,2.0,1,5.0,2026-07-17 15:10:00+05:30,1.0555555555555556,0.5277777777777778,0.0,0.0,1.0555555555555556,0.47222222222222215
2026-07-17 15:20:00+05:30,2026-07-17 15:25:00+05:30,2026-07-17 15:25:00+05:30,7,12,0.9999999999999998,-6.938893903907228e-18,1.0,1.0,2.0,1,5.0,2026-07-17 15:15:00+05:30,0.9166666666666669,0.4583333333333334,0.0,0.0,0.7123015873015873,0.6488095238095237
2026-07-20 09:15:00+05:30,2026-07-20 09:20:00+05:30,2026-07-20 09:20:00+05:30,5,14,1.0000000000000002,5.551115123125783e-17,1.0,1.0,2.0,1,5.0,2026-07-17 15:20:00+05:30,1.2857142857142858,0.6428571428571429,0.0,0.0,1.2095238095238097,0.38571428571428573
2026-07-20 09:20:00+05:30,2026-07-20 09:25:00+05:30,2026-07-20 09:25:00+05:30,9,10,1.0,-5.551115123125783e-17,1.0,1.0,2.0,1,5.0,2026-07-20 09:15:00+05:30,1.0952380952380951,0.5476190476190476,0.0,0.0,0.8476190476190477,0.5666666666666668
2026-07-20 09:25:00+05:30,2026-07-20 09:30:00+05:30,2026-07-20 09:30:00+05:30,10,9,1.0,5.551115123125783e-17,1.0,1.0,2.0,1,5.0,2026-07-20 09:20:00+05:30,0.5999999999999999,0.29999999999999993,0.0,0.0,0.5222222222222223,0.7388888888888889
2026-07-20 09:30:00+05:30,2026-07-20 09:35:00+05:30,2026-07-20 09:35:00+05:30,8,11,1.0,-1.3877787807814457e-17,1.0,1.0,2.0,1,5.0,2026-07-20 09:25:00+05:30,1.3363636363636364,0.6681818181818182,0.0,0.0,1.2584595959595961,0.3693181818181818
2026-07-20 09:35:00+05:30,2026-07-20 09:40:00+05:30,2026-07-20 09:40:00+05:30,6,13,1.0,-5.551115123125783e-17,1.0,1.0,2.0,1,5.0,2026-07-20 09:30:00+05:30,0.8076923076923077,0.40384615384615385,0.0,0.0,0.6614219114219114,0.6794871794871795
2026-07-20 09:40:00+05:30,2026-07-20 09:45:00+05:30,2026-07-20 09:45:00+05:30,13,6,0.9999999999999999,5.551115123125783e-17,1.0,1.0,2.0,1,5.0,2026-07-20 09:35:00+05:30,1.2307692307692306,0.6153846153846153,0.0,0.0,0.7820512820512819,0.6089743589743588
2026-07-20 09:45:00+05:30,2026-07-20 09:50:00+05:30,2026-07-20 09:50:00+05:30,6,13,0.9999999999999999,-5.551115123125783e-17,1.0,1.0,2.0,1,5.0,2026-07-20 09:40:00+05:30,1.846153846153846,0.923076923076923,0.0,0.0,1.7564102564102562,0.12179487179487179
2026-07-20 09:50:00+05:30,2026-07-20 09:55:00+05:30,2026-07-20 09:55:00+05:30,10,9,1.0,4.163336342344337e-17,1.0,1.0,2.0,1,5.0,2026-07-20 09:45:00+05:30,1.4153846153846152,0.7076923076923076,0.0,0.0,1.2632478632478632,0.37777777777777777
2026-07-20 09:55:00+05:30,2026-07-20 10:00:00+05:30,2026-07-20 10:00:00+05:30,10,9,1.0,5.551115123125783e-17,1.0,1.0,2.0,1,5.0,2026-07-20 09:50:00+05:30,1.0555555555555556,0.5277777777777778,0.0,0.0,1.0555555555555556,0.47222222222222227
2026-07-20 10:00:00+05:30,2026-07-20 10:05:00+05:30,2026-07-20 10:05:00+05:30,9,10,1.0,-4.163336342344337e-17,1.0,1.0,2.0,1,5.0,2026-07-20 09:55:00+05:30,0.7999999999999999,0.39999999999999997,0.0,0.0,0.7333333333333333,0.6333333333333334
2026-07-20 10:05:00+05:30,2026-07-20 10:10:00+05:30,2026-07-20 10:10:00+05:30,10,9,1.0,4.163336342344337e-17,1.0,1.0,2.0,1,5.0,2026-07-20 10:00:00+05:30,1.2000000000000002,0.6000000000000001,0.0,0.0,1.1555555555555554,0.4222222222222222
2026-07-20 10:10:00+05:30,2026-07-20 10:15:00+05:30,2026-07-20 10:15:00+05:30,9,10,1.0,-5.551115123125783e-17,1.0,1.0,2.0,1,5.0,2026-07-20 10:05:00+05:30,0.9999999999999999,0.49999999999999994,0.0,0.0,0.9444444444444443,0.5277777777777778
2026-07-20 10:15:00+05:30,2026-07-20 10:20:00+05:30,2026-07-20 10:20:00+05:30,8,11,1.0,0.0,1.0,1.0,2.0,1,5.0,2026-07-20 10:10:00+05:30,1.0101010101010102,0.5050505050505051,0.0,0.0,0.955050505050505,0.5227272727272727
2026-07-20 10:20:00+05:30,2026-07-20 10:25:00+05:30,2026-07-20 10:25:00+05:30,10,9,1.0,4.163336342344337e-17,1.0,1.0,2.0,1,5.0,2026-07-20 10:15:00+05:30,1.5272727272727271,0.7636363636363636,0.0,0.0,1.4719696969696972,0.26666666666666666
2026-07-20 10:25:00+05:30,2026-07-20 10:30:00+05:30,2026-07-20 10:30:00+05:30,10,9,1.0000000000000002,4.163336342344337e-17,1.0,1.0,2.0,1,5.0,2026-07-20 10:20:00+05:30,1.2666666666666666,0.6333333333333333,0.0,0.0,1.2666666666666666,0.36666666666666664
2026-07-20 10:30:00+05:30,2026-07-20 10:35:00+05:30,2026-07-20 10:35:00+05:30,12,7,0.9999999999999998,-1.3877787807814457e-17,1.0,1.0,2.0,1,5.0,2026-07-20 10:25:00+05:30,1.1666666666666665,0.5833333333333333,0.0,0.0,1.069047619047619,0.4642857142857143
2026-07-20 10:35:00+05:30,2026-07-20 10:40:00+05:30,2026-07-20 10:40:00+05:30,11,8,1.0,1.3877787807814457e-17,1.0,1.0,2.0,1,5.0,2026-07-20 10:30:00+05:30,1.041666666666667,0.5208333333333335,0.0,0.0,0.9883658008658008,0.5056818181818182
2026-07-20 10:40:00+05:30,2026-07-20 10:45:00+05:30,2026-07-20 10:45:00+05:30,11,8,1.0,2.7755575615628914e-17,1.0,1.0,2.0,1,5.0,2026-07-20 10:35:00+05:30,0.6477272727272727,0.32386363636363635,0.0,0.0,0.6477272727272727,0.6761363636363635
2026-07-20 10:45:00+05:30,2026-07-20 10:50:00+05:30,2026-07-20 10:50:00+05:30,9,10,1.0,-4.163336342344337e-17,1.0,1.0,2.0,1,5.0,2026-07-20 10:40:00+05:30,1.1454545454545455,0.5727272727272728,0.0,0.0,1.0449494949494949,0.47777777777777775
2026-07-20 10:50:00+05:30,2026-07-20 10:55:00+05:30,2026-07-20 10:55:00+05:30,9,10,1.0,-4.163336342344337e-17,1.0,1.0,2.0,1,5.0,2026-07-20 10:45:00+05:30,0.8444444444444443,0.42222222222222217,0.0,0.0,0.8444444444444443,0.5777777777777777
2026-07-20 10:55:00+05:30,2026-07-20 11:00:00+05:30,2026-07-20 11:00:00+05:30,12,7,0.9999999999999998,0.0,1.0,1.0,2.0,1,5.0,2026-07-20 10:50:00+05:30,1.1,0.55,0.0,0.0,0.930952380952381,0.5357142857142856
2026-07-20 11:00:00+05:30,2026-07-20 11:05:00+05:30,2026-07-20 11:05:00+05:30,7,12,0.9999999999999998,0.0,1.0,1.0,2.0,1,5.0,2026-07-20 10:55:00+05:30,1.1666666666666663,0.5833333333333331,0.0,0.0,0.869047619047619,0.5654761904761905
2026-07-20 11:05:00+05:30,2026-07-20 11:10:00+05:30,2026-07-20 11:10:00+05:30,11,8,1.0,1.3877787807814457e-17,1.0,1.0,2.0,1,5.0,2026-07-20 11:00:00+05:30,1.2196969696969697,0.6098484848484849,0.0,0.0,1.0116341991341993,0.4943181818181819
2026-07-20 11:10:00+05:30,2026-07-20 11:15:00+05:30,2026-07-20 11:15:00+05:30,7,12,0.9999999999999998,0.0,1.0,1.0,2.0,1,5.0,2026-07-20 11:05:00+05:30,1.5681818181818181,0.7840909090909091,0.0,0.0,1.4537337662337664,0.26785714285714285
2026-07-20 11:15:00+05:30,2026-07-20 11:20:00+05:30,2026-07-20 11:20:00+05:30,7,12,0.9999999999999998,0.0,1.0,1.0,2.0,1,5.0,2026-07-20 11:10:00+05:30,0.9047619047619047,0.45238095238095233,0.0,0.0,0.9047619047619047,0.5476190476190476
2026-07-20 11:20:00+05:30,2026-07-20 11:25:00+05:30,2026-07-20 11:25:00+05:30,6,13,0.9999999999999999,-5.551115123125783e-17,1.0,1.0,2.0,1,5.0,2026-07-20 11:15:00+05:30,1.0989010989010988,0.5494505494505494,0.0,0.0,1.0494505494505495,0.47435897435897434
2026-07-20 11:25:00+05:30,2026-07-20 11:30:00+05:30,2026-07-20 11:30:00+05:30,10,9,1.0,5.551115123125783e-17,1.0,1.0,2.0,1,5.0,2026-07-20 11:20:00+05:30,1.4153846153846152,0.7076923076923076,0.0,0.0,1.2632478632478632,0.37777777777777777
2026-07-20 11:30:00+05:30,2026-07-20 11:35:00+05:30,2026-07-20 11:35:00+05:30,11,8,1.0,1.3877787807814457e-17,1.0,1.0,2.0,1,5.0,2026-07-20 11:25:00+05:30,1.0101010101010102,0.5050505050505051,0.0,0.0,0.9550505050505051,0.5227272727272727
2026-07-20 11:35:00+05:30,2026-07-20 11:40:00+05:30,2026-07-20 11:40:00+05:30,10,9,1.0,5.551115123125783e-17,1.0,1.0,2.0,1,5.0,2026-07-20 11:30:00+05:30,1.2121212121212122,0.6060606060606061,0.0,0.0,1.1685606060606062,0.4166666666666667
2026-07-20 11:40:00+05:30,2026-07-20 11:45:00+05:30,2026-07-20 11:45:00+05:30,9,10,1.0,-5.551115123125783e-17,1.0,1.0,2.0,1,5.0,2026-07-20 11:35:00+05:30,1.0,0.5,0.0,0.0,0.9444444444444444,0.5277777777777778
2026-07-20 11:45:00+05:30,2026-07-20 11:50:00+05:30,2026-07-20 11:50:00+05:30,11,8,0.9999999999999999,2.7755575615628914e-17,1.0,1.0,2.0,1,5.0,2026-07-20 11:40:00+05:30,1.3363636363636364,0.6681818181818182,0.0,0.0,1.2584595959595961,0.3693181818181818
2026-07-20 11:50:00+05:30,2026-07-20 11:55:00+05:30,2026-07-20 11:55:00+05:30,8,11,1.0,-2.7755575615628914e-17,1.0,1.0,2.0,1,5.0,2026-07-20 11:45:00+05:30,1.0909090909090908,0.5454545454545454,0.0,0.0,0.9204545454545455,0.5397727272727273
2026-07-20 11:55:00+05:30,2026-07-20 12:00:00+05:30,2026-07-20 12:00:00+05:30,11,8,0.9999999999999999,2.7755575615628914e-17,1.0,1.0,2.0,1,5.0,2026-07-20 11:50:00+05:30,1.0909090909090908,0.5454545454545454,0.0,0.0,0.9204545454545455,0.5397727272727273
2026-07-20 12:00:00+05:30,2026-07-20 12:05:00+05:30,2026-07-20 12:05:00+05:30,7,12,0.9999999999999998,0.0,1.0,1.0,2.0,1,5.0,2026-07-20 11:55:00+05:30,1.393939393939394,0.696969696969697,0.0,0.0,1.2326839826839828,0.38095238095238093
2026-07-20 12:05:00+05:30,2026-07-20 12:10:00+05:30,2026-07-20 12:10:00+05:30,11,8,1.0,1.3877787807814457e-17,1.0,1.0,2.0,1,5.0,2026-07-20 12:00:00+05:30,1.2196969696969697,0.6098484848484849,0.0,0.0,1.0116341991341993,0.4943181818181818
2026-07-20 12:10:00+05:30,2026-07-20 12:15:00+05:30,2026-07-20 12:15:00+05:30,10,9,1.0,5.551115123125783e-17,1.0,1.0,2.0,1,5.0,2026-07-20 12:05:00+05:30,1.2121212121212122,0.6060606060606061,0.0,0.0,1.1685606060606062,0.41666666666666674
2026-07-20 12:15:00+05:30,2026-07-20 12:20:00+05:30,2026-07-20 12:20:00+05:30,8,11,1.0,0.0,1.0,1.0,2.0,1,5.0,2026-07-20 12:10:00+05:30,0.9545454545454545,0.47727272727272724,0.0,0.0,0.831439393939394,0.5852272727272727
2026-07-20 12:20:00+05:30,2026-07-20 12:25:00+05:30,2026-07-20 12:25:00+05:30,8,11,1.0,-1.3877787807814457e-17,1.0,1.0,2.0,1,5.0,2026-07-20 12:15:00+05:30,0.6477272727272727,0.32386363636363635,0.0,0.0,0.6477272727272727,0.6761363636363636
2026-07-20 12:25:00+05:30,2026-07-20 12:30:00+05:30,2026-07-20 12:30:00+05:30,10,9,1.0,5.551115123125783e-17,1.0,1.0,2.0,1,5.0,2026-07-20 12:20:00+05:30,1.3363636363636364,0.6681818181818182,0.0,0.0,1.2584595959595961,0.37222222222222223
2026-07-20 12:30:00+05:30,2026-07-20 12:35:00+05:30,2026-07-20 12:35:00+05:30,9,10,1.0,-4.163336342344337e-17,1.0,1.0,2.0,1,5.0,2026-07-20 12:25:00+05:30,0.9999999999999999,0.49999999999999994,0.0,0.0,0.9444444444444444,0.5277777777777778
2026-07-20 12:35:00+05:30,2026-07-20 12:40:00+05:30,2026-07-20 12:40:00+05:30,8,11,1.0,-1.3877787807814457e-17,1.0,1.0,2.0,1,5.0,2026-07-20 12:30:00+05:30,1.2121212121212124,0.6060606060606062,0.0,0.0,1.1685606060606062,0.4147727272727273
2026-07-20 12:40:00+05:30,2026-07-20 12:45:00+05:30,2026-07-20 12:45:00+05:30,5,14,1.0,6.938893903907228e-17,1.0,1.0,2.0,1,5.0,2026-07-20 12:35:00+05:30,0.9821428571428571,0.49107142857142855,0.0,0.0,0.7819805194805194,0.6214285714285714
2026-07-20 12:45:00+05:30,2026-07-20 12:50:00+05:30,2026-07-20 12:50:00+05:30,8,11,1.0,-1.3877787807814457e-17,1.0,1.0,2.0,1,5.0,2026-07-20 12:40:00+05:30,0.7857142857142857,0.39285714285714285,0.0,0.0,0.5383116883116883,0.7045454545454545
2026-07-20 12:50:00+05:30,2026-07-20 12:55:00+05:30,2026-07-20 12:55:00+05:30,13,6,1.0,5.551115123125783e-17,1.0,1.0,2.0,1,5.0,2026-07-20 12:45:00+05:30,1.3426573426573427,0.6713286713286714,0.0,0.0,1.1088286713286715,0.4423076923076923
2026-07-20 12:55:00+05:30,2026-07-20 13:00:00+05:30,2026-07-20 13:00:00+05:30,10,9,1.0000000000000002,4.163336342344337e-17,1.0,1.0,2.0,1,5.0,2026-07-20 12:50:00+05:30,1.316239316239316,0.658119658119658,0.0,0.0,1.1914529914529912,0.41111111111111115
2026-07-20 13:00:00+05:30,2026-07-20 13:05:00+05:30,2026-07-20 13:05:00+05:30,9,10,1.0,-4.163336342344337e-17,1.0,1.0,2.0,1,5.0,2026-07-20 12:55:00+05:30,1.4,0.7,0.0,0.0,1.3666666666666667,0.31666666666666665
2026-07-20 13:05:00+05:30,2026-07-20 13:10:00+05:30,2026-07-20 13:10:00+05:30,6,13,1.0,-5.551115123125783e-17,1.0,1.0,2.0,1,5.0,2026-07-20 13:00:00+05:30,1.1282051282051282,0.5641025641025641,0.0,0.0,0.964102564102564,0.5192307692307692
2026-07-20 13:10:00+05:30,2026-07-20 13:15:00+05:30,2026-07-20 13:15:00+05:30,8,11,1.0,-2.7755575615628914e-17,1.0,1.0,2.0,1,5.0,2026-07-20 13:05:00+05:30,1.4134615384615383,0.7067307692307692,0.0,0.0,1.3506701631701632,0.33522727272727276
2026-07-20 13:15:00+05:30,2026-07-20 13:20:00+05:30,2026-07-20 13:20:00+05:30,12,7,0.9999999999999998,0.0,1.0,1.0,2.0,1,5.0,2026-07-20 13:10:00+05:30,1.3939393939393938,0.6969696969696969,0.0,0.0,1.2326839826839826,0.3809523809523809
2026-07-20 13:20:00+05:30,2026-07-20 13:25:00+05:30,2026-07-20 13:25:00+05:30,13,6,0.9999999999999999,5.551115123125783e-17,1.0,1.0,2.0,1,5.0,2026-07-20 13:15:00+05:30,0.8791208791208791,0.43956043956043955,0.0,0.0,0.8145604395604396,0.596153846153846
2026-07-20 13:25:00+05:30,2026-07-20 13:30:00+05:30,2026-07-20 13:30:00+05:30,12,7,0.9999999999999998,-1.3877787807814457e-17,1.0,1.0,2.0,1,5.0,2026-07-20 13:20:00+05:30,1.3186813186813184,0.6593406593406592,0.0,0.0,1.2843406593406592,0.36309523809523814
2026-07-20 13:30:00+05:30,2026-07-20 13:35:00+05:30,2026-07-20 13:35:00+05:30,12,7,0.9999999999999998,0.0,1.0,1.0,2.0,1,5.0,2026-07-20 13:25:00+05:30,0.9047619047619047,0.45238095238095233,0.0,0.0,0.9047619047619047,0.5476190476190476
2026-07-20 13:35:00+05:30,2026-07-20 13:40:00+05:30,2026-07-20 13:40:00+05:30,8,11,1.0,-2.7755575615628914e-17,1.0,1.0,2.0,1,5.0,2026-07-20 13:30:00+05:30,1.3939393939393938,0.6969696969696969,0.0,0.0,1.2326839826839828,0.3863636363636364
2026-07-20 13:40:00+05:30,2026-07-20 13:45:00+05:30,2026-07-20 13:45:00+05:30,9,10,1.0,-4.163336342344337e-17,1.0,1.0,2.0,1,5.0,2026-07-20 13:35:00+05:30,1.4141414141414144,0.7070707070707072,0.0,0.0,1.3820707070707072,0.3111111111111111
2026-07-20 13:45:00+05:30,2026-07-20 13:50:00+05:30,2026-07-20 13:50:00+05:30,12,7,0.9999999999999998,0.0,1.0,1.0,2.0,1,5.0,2026-07-20 13:40:00+05:30,1.0999999999999996,0.5499999999999998,0.0,0.0,0.930952380952381,0.5357142857142857
2026-07-20 13:50:00+05:30,2026-07-20 13:55:00+05:30,2026-07-20 13:55:00+05:30,8,11,0.9999999999999999,-2.7755575615628914e-17,1.0,1.0,2.0,1,5.0,2026-07-20 13:45:00+05:30,1.393939393939394,0.696969696969697,0.0,0.0,1.2326839826839828,0.3863636363636364
2026-07-20 13:55:00+05:30,2026-07-20 14:00:00+05:30,2026-07-20 14:00:00+05:30,9,10,1.0,-4.163336342344337e-17,1.0,1.0,2.0,1,5.0,2026-07-20 13:50:00+05:30,0.8080808080808082,0.4040404040404041,0.0,0.0,0.7415404040404041,0.6277777777777778
2026-07-20 14:00:00+05:30,2026-07-20 14:05:00+05:30,2026-07-20 14:05:00+05:30,12,7,0.9999999999999998,-1.3877787807814457e-17,1.0,1.0,2.0,1,5.0,2026-07-20 13:55:00+05:30,1.4666666666666668,0.7333333333333334,0.0,0.0,1.3682539682539687,0.3095238095238095
2026-07-20 14:05:00+05:30,2026-07-20 14:10:00+05:30,2026-07-20 14:10:00+05:30,11,8,1.0,2.7755575615628914e-17,1.0,1.0,2.0,1,5.0,2026-07-20 14:00:00+05:30,0.8333333333333334,0.4166666666666667,0.0,0.0,0.7673160173160173,0.6136363636363635
2026-07-20 14:10:00+05:30,2026-07-20 14:15:00+05:30,2026-07-20 14:15:00+05:30,10,9,1.0,5.551115123125783e-17,1.0,1.0,2.0,1,5.0,2026-07-20 14:05:00+05:30,1.0101010101010102,0.5050505050505051,0.0,0.0,0.9550505050505051,0.5222222222222223
2026-07-20 14:15:00+05:30,2026-07-20 14:20:00+05:30,2026-07-20 14:20:00+05:30,8,11,1.0,-1.3877787807814457e-17,1.0,1.0,2.0,1,5.0,2026-07-20 14:10:00+05:30,1.5272727272727271,0.7636363636363636,0.0,0.0,1.471969696969697,0.26136363636363635
2026-07-20 14:20:00+05:30,2026-07-20 14:25:00+05:30,2026-07-20 14:25:00+05:30,11,8,1.0,2.7755575615628914e-17,1.0,1.0,2.0,1,5.0,2026-07-20 14:15:00+05:30,1.2727272727272727,0.6363636363636364,0.0,0.0,1.1363636363636362,0.4318181818181818
2026-07-20 14:25:00+05:30,2026-07-20 14:30:00+05:30,2026-07-20 14:30:00+05:30,11,8,1.0,0.0,1.0,1.0,2.0,1,5.0,2026-07-20 14:20:00+05:30,1.0795454545454546,0.5397727272727273,0.0,0.0,1.0795454545454546,0.4602272727272727
2026-07-20 14:30:00+05:30,2026-07-20 14:35:00+05:30,2026-07-20 14:35:00+05:30,9,10,1.0,-4.163336342344337e-17,1.0,1.0,2.0,1,5.0,2026-07-20 14:25:00+05:30,1.1454545454545455,0.5727272727272728,0.0,0.0,1.044949494949495,0.4777777777777778
2026-07-20 14:35:00+05:30,2026-07-20 14:40:00+05:30,2026-07-20 14:40:00+05:30,7,12,0.9999999999999998,1.3877787807814457e-17,1.0,1.0,2.0,1,5.0,2026-07-20 14:30:00+05:30,1.166666666666667,0.5833333333333335,0.0,0.0,1.069047619047619,0.46428571428571425
2026-07-20 14:40:00+05:30,2026-07-20 14:45:00+05:30,2026-07-20 14:45:00+05:30,11,8,0.9999999999999999,2.7755575615628914e-17,1.0,1.0,2.0,1,5.0,2026-07-20 14:35:00+05:30,1.5681818181818181,0.7840909090909091,0.0,0.0,1.4537337662337662,0.27840909090909094
2026-07-20 14:45:00+05:30,2026-07-20 14:50:00+05:30,2026-07-20 14:50:00+05:30,10,9,1.0,4.163336342344337e-17,1.0,1.0,2.0,1,5.0,2026-07-20 14:40:00+05:30,1.4141414141414141,0.7070707070707071,0.0,0.0,1.382070707070707,0.3111111111111111
2026-07-20 14:50:00+05:30,2026-07-20 14:55:00+05:30,2026-07-20 14:55:00+05:30,8,11,1.0,-1.3877787807814457e-17,1.0,1.0,2.0,1,5.0,2026-07-20 14:45:00+05:30,0.9545454545454545,0.47727272727272724,0.0,0.0,0.831439393939394,0.5852272727272727
2026-07-20 14:55:00+05:30,2026-07-20 15:00:00+05:30,2026-07-20 15:00:00+05:30,10,9,1.0,4.163336342344337e-17,1.0,1.0,2.0,1,5.0,2026-07-20 14:50:00+05:30,1.3363636363636364,0.6681818181818182,0.0,0.0,1.2584595959595961,0.37222222222222223
2026-07-20 15:00:00+05:30,2026-07-20 15:05:00+05:30,2026-07-20 15:05:00+05:30,9,10,1.0,-5.551115123125783e-17,1.0,1.0,2.0,1,5.0,2026-07-20 14:55:00+05:30,1.0,0.5,0.0,0.0,0.9444444444444444,0.5277777777777778
2026-07-20 15:05:00+05:30,2026-07-20 15:10:00+05:30,2026-07-20 15:10:00+05:30,11,8,1.0,0.0,1.0,1.0,2.0,1,5.0,2026-07-20 15:00:00+05:30,0.9545454545454545,0.47727272727272724,0.0,0.0,0.831439393939394,0.5852272727272727
2026-07-20 15:10:00+05:30,2026-07-20 15:15:00+05:30,2026-07-20 15:15:00+05:30,10,9,1.0,4.163336342344337e-17,1.0,1.0,2.0,1,5.0,2026-07-20 15:05:00+05:30,1.2121212121212122,0.6060606060606061,0.0,0.0,1.1685606060606062,0.41666666666666663
2026-07-20 15:15:00+05:30,2026-07-20 15:20:00+05:30,2026-07-20 15:20:00+05:30,10,9,1.0,5.551115123125783e-17,1.0,1.0,2.0,1,5.0,2026-07-20 15:10:00+05:30,1.2666666666666668,0.6333333333333334,0.0,0.0,1.2666666666666668,0.36666666666666664
2026-07-20 15:20:00+05:30,2026-07-20 15:25:00+05:30,2026-07-20 15:25:00+05:30,10,9,1.0,5.551115123125783e-17,1.0,1.0,2.0,1,5.0,2026-07-20 15:15:00+05:30,1.2666666666666668,0.6333333333333334,0.0,0.0,1.2666666666666668,0.36666666666666664
2026-07-21 09:15:00+05:30,2026-07-21 09:20:00+05:30,2026-07-21 09:20:00+05:30,8,11,0.9999999999999999,-2.7755575615628914e-17,1.0,1.0,2.0,1,5.0,2026-07-20 15:20:00+05:30,0.9545454545454544,0.4772727272727272,0.0,0.0,0.831439393939394,0.5852272727272727
2026-07-21 09:20:00+05:30,2026-07-21 09:25:00+05:30,2026-07-21 09:25:00+05:30,12,7,0.9999999999999998,-1.3877787807814457e-17,1.0,1.0,2.0,1,5.0,2026-07-21 09:15:00+05:30,1.393939393939394,0.696969696969697,0.0,0.0,1.2326839826839828,0.38095238095238093
2026-07-21 09:25:00+05:30,2026-07-21 09:30:00+05:30,2026-07-21 09:30:00+05:30,9,10,1.0,-4.163336342344337e-17,1.0,1.0,2.0,1,5.0,2026-07-21 09:20:00+05:30,1.1,0.55,0.0,0.0,0.930952380952381,0.5333333333333333
2026-07-21 09:30:00+05:30,2026-07-21 09:35:00+05:30,2026-07-21 09:35:00+05:30,9,10,1.0,-4.163336342344337e-17,1.0,1.0,2.0,1,5.0,2026-07-21 09:25:00+05:30,0.8444444444444444,0.4222222222222222,0.0,0.0,0.8444444444444444,0.5777777777777778
2026-07-21 09:35:00+05:30,2026-07-21 09:40:00+05:30,2026-07-21 09:40:00+05:30,8,11,1.0,-2.7755575615628914e-17,1.0,1.0,2.0,1,5.0,2026-07-21 09:30:00+05:30,1.2121212121212122,0.6060606060606061,0.0,0.0,1.1685606060606062,0.4147727272727273
2026-07-21 09:40:00+05:30,2026-07-21 09:45:00+05:30,2026-07-21 09:45:00+05:30,9,10,1.0,-4.163336342344337e-17,1.0,1.0,2.0,1,5.0,2026-07-21 09:35:00+05:30,0.6060606060606061,0.30303030303030304,0.0,0.0,0.5280303030303031,0.7333333333333334
2026-07-21 09:45:00+05:30,2026-07-21 09:50:00+05:30,2026-07-21 09:50:00+05:30,8,11,1.0,-1.3877787807814457e-17,1.0,1.0,2.0,1,5.0,2026-07-21 09:40:00+05:30,1.0101010101010102,0.5050505050505051,0.0,0.0,0.9550505050505051,0.5227272727272727
2026-07-21 09:50:00+05:30,2026-07-21 09:55:00+05:30,2026-07-21 09:55:00+05:30,11,8,1.0,1.3877787807814457e-17,1.0,1.0,2.0,1,5.0,2026-07-21 09:45:00+05:30,1.4545454545454546,0.7272727272727273,0.0,0.0,1.352272727272727,0.3238636363636364
2026-07-21 09:55:00+05:30,2026-07-21 10:00:00+05:30,2026-07-21 10:00:00+05:30,9,10,1.0,-5.551115123125783e-17,1.0,1.0,2.0,1,5.0,2026-07-21 09:50:00+05:30,1.3363636363636364,0.6681818181818182,0.0,0.0,1.258459595959596,0.3722222222222222
2026-07-21 10:00:00+05:30,2026-07-21 10:05:00+05:30,2026-07-21 10:05:00+05:30,9,10,1.0,-5.551115123125783e-17,1.0,1.0,2.0,1,5.0,2026-07-21 09:55:00+05:30,1.2666666666666668,0.6333333333333334,0.0,0.0,1.2666666666666668,0.3666666666666667
2026-07-21 10:05:00+05:30,2026-07-21 10:10:00+05:30,2026-07-21 10:10:00+05:30,9,10,1.0,-4.163336342344337e-17,1.0,1.0,2.0,1,5.0,2026-07-21 10:00:00+05:30,1.477777777777778,0.738888888888889,0.0,0.0,1.477777777777778,0.26111111111111107
2026-07-21 10:10:00+05:30,2026-07-21 10:15:00+05:30,2026-07-21 10:15:00+05:30,7,12,0.9999999999999998,0.0,1.0,1.0,2.0,1,5.0,2026-07-21 10:05:00+05:30,0.9722222222222221,0.48611111111111105,0.0,0.0,0.8503968253968254,0.5773809523809523
2026-07-21 10:15:00+05:30,2026-07-21 10:20:00+05:30,2026-07-21 10:20:00+05:30,6,13,1.0,-4.163336342344337e-17,1.0,1.0,2.0,1,5.0,2026-07-21 10:10:00+05:30,1.0989010989010988,0.5494505494505494,0.0,0.0,1.0494505494505495,0.4743589743589743
2026-07-21 10:20:00+05:30,2026-07-21 10:25:00+05:30,2026-07-21 10:25:00+05:30,7,12,0.9999999999999998,1.3877787807814457e-17,1.0,1.0,2.0,1,5.0,2026-07-21 10:15:00+05:30,1.098901098901099,0.5494505494505495,0.0,0.0,1.0494505494505495,0.47619047619047616
2026-07-21 10:25:00+05:30,2026-07-21 10:30:00+05:30,2026-07-21 10:30:00+05:30,10,9,1.0000000000000002,4.163336342344337e-17,1.0,1.0,2.0,1,5.0,2026-07-21 10:20:00+05:30,1.4666666666666668,0.7333333333333334,0.0,0.0,1.3682539682539687,0.3222222222222222
2026-07-21 10:30:00+05:30,2026-07-21 10:35:00+05:30,2026-07-21 10:35:00+05:30,9,10,1.0,-5.551115123125783e-17,1.0,1.0,2.0,1,5.0,2026-07-21 10:25:00+05:30,1.2000000000000002,0.6000000000000001,0.0,0.0,1.1555555555555557,0.4222222222222223
2026-07-21 10:35:00+05:30,2026-07-21 10:40:00+05:30,2026-07-21 10:40:00+05:30,11,8,0.9999999999999999,1.3877787807814457e-17,1.0,1.0,2.0,1,5.0,2026-07-21 10:30:00+05:30,0.9545454545454544,0.4772727272727272,0.0,0.0,0.831439393939394,0.5852272727272727
2026-07-21 10:40:00+05:30,2026-07-21 10:45:00+05:30,2026-07-21 10:45:00+05:30,10,9,1.0,4.163336342344337e-17,1.0,1.0,2.0,1,5.0,2026-07-21 10:35:00+05:30,1.0101010101010102,0.5050505050505051,0.0,0.0,0.955050505050505,0.5222222222222223
2026-07-21 10:45:00+05:30,2026-07-21 10:50:00+05:30,2026-07-21 10:50:00+05:30,8,11,0.9999999999999999,-1.3877787807814457e-17,1.0,1.0,2.0,1,5.0,2026-07-21 10:40:00+05:30,1.3363636363636364,0.6681818181818182,0.0,0.0,1.258459595959596,0.3693181818181819
2026-07-21 10:50:00+05:30,2026-07-21 10:55:00+05:30,2026-07-21 10:55:00+05:30,8,11,1.0,-2.7755575615628914e-17,1.0,1.0,2.0,1,5.0,2026-07-21 10:45:00+05:30,0.6477272727272727,0.32386363636363635,0.0,0.0,0.6477272727272727,0.6761363636363635
2026-07-21 10:55:00+05:30,2026-07-21 11:00:00+05:30,2026-07-21 11:00:00+05:30,9,10,1.0,-5.551115123125783e-17,1.0,1.0,2.0,1,5.0,2026-07-21 10:50:00+05:30,0.8080808080808081,0.40404040404040403,0.0,0.0,0.7415404040404041,0.6277777777777779
2026-07-21 11:00:00+05:30,2026-07-21 11:05:00+05:30,2026-07-21 11:05:00+05:30,11,8,1.0,2.7755575615628914e-17,1.0,1.0,2.0,1,5.0,2026-07-21 10:55:00+05:30,1.3363636363636364,0.6681818181818182,0.0,0.0,1.2584595959595961,0.3693181818181819
2026-07-21 11:05:00+05:30,2026-07-21 11:10:00+05:30,2026-07-21 11:10:00+05:30,9,10,1.0,-4.163336342344337e-17,1.0,1.0,2.0,1,5.0,2026-07-21 11:00:00+05:30,1.1454545454545455,0.5727272727272728,0.0,0.0,1.044949494949495,0.47777777777777775
2026-07-21 11:10:00+05:30,2026-07-21 11:15:00+05:30,2026-07-21 11:15:00+05:30,11,8,1.0,2.7755575615628914e-17,1.0,1.0,2.0,1,5.0,2026-07-21 11:05:00+05:30,1.1454545454545455,0.5727272727272728,0.0,0.0,1.044949494949495,0.4772727272727273
2026-07-21 11:15:00+05:30,2026-07-21 11:20:00+05:30,2026-07-21 11:20:00+05:30,10,9,1.0,4.163336342344337e-17,1.0,1.0,2.0,1,5.0,2026-07-21 11:10:00+05:30,1.2121212121212122,0.6060606060606061,0.0,0.0,1.168560606060606,0.4166666666666667
2026-07-21 11:20:00+05:30,2026-07-21 11:25:00+05:30,2026-07-21 11:25:00+05:30,8,11,0.9999999999999999,-1.3877787807814457e-17,1.0,1.0,2.0,1,5.0,2026-07-21 11:15:00+05:30,1.1454545454545455,0.5727272727272728,0.0,0.0,1.044949494949495,0.4772727272727273
2026-07-21 11:25:00+05:30,2026-07-21 11:30:00+05:30,2026-07-21 11:30:00+05:30,12,7,0.9999999999999998,0.0,1.0,1.0,2.0,1,5.0,2026-07-21 11:20:00+05:30,1.393939393939394,0.696969696969697,0.0,0.0,1.2326839826839828,0.38095238095238093
2026-07-21 11:30:00+05:30,2026-07-21 11:35:00+05:30,2026-07-21 11:35:00+05:30,13,6,0.9999999999999999,5.551115123125783e-17,1.0,1.0,2.0,1,5.0,2026-07-21 11:25:00+05:30,0.6593406593406592,0.3296703296703296,0.0,0.0,0.5796703296703296,0.7179487179487178
2026-07-21 11:35:00+05:30,2026-07-21 11:40:00+05:30,2026-07-21 11:40:00+05:30,9,10,1.0,-5.551115123125783e-17,1.0,1.0,2.0,1,5.0,2026-07-21 11:30:00+05:30,1.2384615384615383,0.6192307692307691,0.0,0.0,1.0358974358974358,0.4833333333333334
2026-07-21 11:40:00+05:30,2026-07-21 11:45:00+05:30,2026-07-21 11:45:00+05:30,11,8,1.0,0.0,1.0,1.0,2.0,1,5.0,2026-07-21 11:35:00+05:30,1.3363636363636362,0.6681818181818181,0.0,0.0,1.2584595959595961,0.3693181818181818
2026-07-21 11:45:00+05:30,2026-07-21 11:50:00+05:30,2026-07-21 11:50:00+05:30,9,10,1.0,-4.163336342344337e-17,1.0,1.0,2.0,1,5.0,2026-07-21 11:40:00+05:30,1.5272727272727273,0.7636363636363637,0.0,0.0,1.4719696969696972,0.26666666666666666
2026-07-21 11:50:00+05:30,2026-07-21 11:55:00+05:30,2026-07-21 11:55:00+05:30,11,8,0.9999999999999999,1.3877787807814457e-17,1.0,1.0,2.0,1,5.0,2026-07-21 11:45:00+05:30,1.1454545454545455,0.5727272727272728,0.0,0.0,1.044949494949495,0.4772727272727273
2026-07-21 11:55:00+05:30,2026-07-21 12:00:00+05:30,2026-07-21 12:00:00+05:30,10,9,1.0,4.163336342344337e-17,1.0,1.0,2.0,1,5.0,2026-07-21 11:50:00+05:30,0.808080808080808,0.404040404040404,0.0,0.0,0.7415404040404041,0.6277777777777779
2026-07-21 12:00:00+05:30,2026-07-21 12:05:00+05:30,2026-07-21 12:05:00+05:30,10,9,1.0,5.551115123125783e-17,1.0,1.0,2.0,1,5.0,2026-07-21 11:55:00+05:30,1.2666666666666668,0.6333333333333334,0.0,0.0,1.2666666666666668,0.36666666666666664
2026-07-21 12:05:00+05:30,2026-07-21 12:10:00+05:30,2026-07-21 12:10:00+05:30,13,6,1.0,5.551115123125783e-17,1.0,1.0,2.0,1,5.0,2026-07-21 12:00:00+05:30,1.692307692307692,0.846153846153846,0.0,0.0,1.646153846153846,0.15384615384615385
2026-07-21 12:10:00+05:30,2026-07-21 12:15:00+05:30,2026-07-21 12:15:00+05:30,15,4,0.9999999999999999,-1.3877787807814457e-17,1.0,1.0,2.0,1,5.0,2026-07-21 12:05:00+05:30,0.9333333333333335,0.46666666666666673,0.0,0.0,0.7935897435897437,0.6166666666666666
2026-07-21 12:15:00+05:30,2026-07-21 12:20:00+05:30,2026-07-21 12:20:00+05:30,8,11,0.9999999999999999,-1.3877787807814457e-17,1.0,1.0,2.0,1,5.0,2026-07-21 12:10:00+05:30,1.1030303030303032,0.5515151515151516,0.0,0.0,0.5515151515151515,0.6818181818181819
2026-07-21 12:20:00+05:30,2026-07-21 12:25:00+05:30,2026-07-21 12:25:00+05:30,12,7,0.9999999999999998,0.0,1.0,1.0,2.0,1,5.0,2026-07-21 12:15:00+05:30,1.393939393939394,0.696969696969697,0.0,0.0,1.2326839826839826,0.38095238095238093
2026-07-21 12:25:00+05:30,2026-07-21 12:30:00+05:30,2026-07-21 12:30:00+05:30,8,11,1.0,-1.3877787807814457e-17,1.0,1.0,2.0,1,5.0,2026-07-21 12:20:00+05:30,1.0454545454545454,0.5227272727272727,0.0,0.0,0.7905844155844156,0.6022727272727273
2026-07-21 12:30:00+05:30,2026-07-21 12:35:00+05:30,2026-07-21 12:35:00+05:30,9,10,1.0000000000000002,-4.163336342344337e-17,1.0,1.0,2.0,1,5.0,2026-07-21 12:25:00+05:30,1.0101010101010102,0.5050505050505051,0.0,0.0,0.9550505050505051,0.5222222222222223
2026-07-21 12:35:00+05:30,2026-07-21 12:40:00+05:30,2026-07-21 12:40:00+05:30,9,10,1.0,-5.551115123125783e-17,1.0,1.0,2.0,1,5.0,2026-07-21 12:30:00+05:30,0.8444444444444444,0.4222222222222222,0.0,0.0,0.8444444444444444,0.5777777777777778
2026-07-21 12:40:00+05:30,2026-07-21 12:45:00+05:30,2026-07-21 12:45:00+05:30,11,8,0.9999999999999999,4.163336342344337e-17,1.0,1.0,2.0,1,5.0,2026-07-21 12:35:00+05:30,1.3363636363636364,0.6681818181818182,0.0,0.0,1.258459595959596,0.3693181818181818
2026-07-21 12:45:00+05:30,2026-07-21 12:50:00+05:30,2026-07-21 12:50:00+05:30,8,11,1.0,-1.3877787807814457e-17,1.0,1.0,2.0,1,5.0,2026-07-21 12:40:00+05:30,1.0909090909090908,0.5454545454545454,0.0,0.0,0.9204545454545455,0.5397727272727273
2026-07-21 12:50:00+05:30,2026-07-21 12:55:00+05:30,2026-07-21 12:55:00+05:30,10,9,1.0,5.551115123125783e-17,1.0,1.0,2.0,1,5.0,2026-07-21 12:45:00+05:30,0.7636363636363636,0.3818181818181818,0.0,0.0,0.617929292929293,0.6888888888888889
2026-07-21 12:55:00+05:30,2026-07-21 13:00:00+05:30,2026-07-21 13:00:00+05:30,11,8,1.0,4.163336342344337e-17,1.0,1.0,2.0,1,5.0,2026-07-21 12:50:00+05:30,1.0101010101010102,0.5050505050505051,0.0,0.0,0.9550505050505051,0.5227272727272727
2026-07-21 13:00:00+05:30,2026-07-21 13:05:00+05:30,2026-07-21 13:05:00+05:30,6,13,1.0,-4.163336342344337e-17,1.0,1.0,2.0,1,5.0,2026-07-21 12:55:00+05:30,1.0069930069930069,0.5034965034965034,0.0,0.0,0.6493298368298368,0.6858974358974359
2026-07-21 13:05:00+05:30,2026-07-21 13:10:00+05:30,2026-07-21 13:10:00+05:30,12,7,0.9999999999999998,0.0,1.0,1.0,2.0,1,5.0,2026-07-21 13:00:00+05:30,1.442307692307692,0.721153846153846,0.0,0.0,1.1854395604395602,0.4107142857142857
2026-07-21 13:10:00+05:30,2026-07-21 13:15:00+05:30,2026-07-21 13:15:00+05:30,11,8,1.0,0.0,1.0,1.0,2.0,1,5.0,2026-07-21 13:05:00+05:30,1.0416666666666665,0.5208333333333333,0.0,0.0,0.9883658008658008,0.5056818181818181
2026-07-21 13:15:00+05:30,2026-07-21 13:20:00+05:30,2026-07-21 13:20:00+05:30,10,9,1.0,4.163336342344337e-17,1.0,1.0,2.0,1,5.0,2026-07-21 13:10:00+05:30,0.8080808080808081,0.40404040404040403,0.0,0.0,0.7415404040404041,0.6277777777777779
2026-07-21 13:20:00+05:30,2026-07-21 13:25:00+05:30,2026-07-21 13:25:00+05:30,12,7,0.9999999999999998,0.0,1.0,1.0,2.0,1,5.0,2026-07-21 13:15:00+05:30,0.9722222222222221,0.48611111111111105,0.0,0.0,0.8503968253968254,0.5773809523809523
2026-07-21 13:25:00+05:30,2026-07-21 13:30:00+05:30,2026-07-21 13:30:00+05:30,13,6,1.0,4.163336342344337e-17,1.0,1.0,2.0,1,5.0,2026-07-21 13:20:00+05:30,1.098901098901099,0.5494505494505495,0.0,0.0,1.0494505494505495,0.47435897435897434
2026-07-21 13:30:00+05:30,2026-07-21 13:35:00+05:30,2026-07-21 13:35:00+05:30,9,10,1.0,-5.551115123125783e-17,1.0,1.0,2.0,1,5.0,2026-07-21 13:25:00+05:30,1.0615384615384613,0.5307692307692307,0.0,0.0,0.8085470085470086,0.5888888888888889
2026-07-21 13:35:00+05:30,2026-07-21 13:40:00+05:30,2026-07-21 13:40:00+05:30,9,10,1.0,-2.7755575615628914e-17,1.0,1.0,2.0,1,5.0,2026-07-21 13:30:00+05:30,0.6333333333333333,0.31666666666666665,0.0,0.0,0.6333333333333333,0.6833333333333333
2026-07-21 13:40:00+05:30,2026-07-21 13:45:00+05:30,2026-07-21 13:45:00+05:30,9,10,1.0000000000000002,-4.163336342344337e-17,1.0,1.0,2.0,1,5.0,2026-07-21 13:35:00+05:30,1.2666666666666668,0.6333333333333334,0.0,0.0,1.2666666666666668,0.3666666666666667
2026-07-21 13:45:00+05:30,2026-07-21 13:50:00+05:30,2026-07-21 13:50:00+05:30,10,9,1.0,5.551115123125783e-17,1.0,1.0,2.0,1,5.0,2026-07-21 13:40:00+05:30,1.2,0.6,0.0,0.0,1.1555555555555557,0.42222222222222217
2026-07-21 13:50:00+05:30,2026-07-21 13:55:00+05:30,2026-07-21 13:55:00+05:30,9,10,1.0,-5.551115123125783e-17,1.0,1.0,2.0,1,5.0,2026-07-21 13:45:00+05:30,1.2,0.6,0.0,0.0,1.1555555555555557,0.4222222222222222
2026-07-21 13:55:00+05:30,2026-07-21 14:00:00+05:30,2026-07-21 14:00:00+05:30,11,8,1.0,0.0,1.0,1.0,2.0,1,5.0,2026-07-21 13:50:00+05:30,1.3363636363636362,0.6681818181818181,0.0,0.0,1.2584595959595961,0.3693181818181818
2026-07-21 14:00:00+05:30,2026-07-21 14:05:00+05:30,2026-07-21 14:05:00+05:30,8,11,1.0,-2.7755575615628914e-17,1.0,1.0,2.0,1,5.0,2026-07-21 13:55:00+05:30,1.272727272727273,0.6363636363636365,0.0,0.0,1.1363636363636362,0.4318181818181818
2026-07-21 14:05:00+05:30,2026-07-21 14:10:00+05:30,2026-07-21 14:10:00+05:30,11,8,0.9999999999999999,1.3877787807814457e-17,1.0,1.0,2.0,1,5.0,2026-07-21 14:00:00+05:30,1.4545454545454546,0.7272727272727273,0.0,0.0,1.352272727272727,0.3238636363636364
2026-07-21 14:10:00+05:30,2026-07-21 14:15:00+05:30,2026-07-21 14:15:00+05:30,6,13,0.9999999999999999,-6.938893903907228e-17,1.0,1.0,2.0,1,5.0,2026-07-21 14:05:00+05:30,1.5104895104895106,0.7552447552447553,0.0,0.0,1.3385780885780887,0.32051282051282054
2026-07-21 14:15:00+05:30,2026-07-21 14:20:00+05:30,2026-07-21 14:20:00+05:30,11,8,1.0,2.7755575615628914e-17,1.0,1.0,2.0,1,5.0,2026-07-21 14:10:00+05:30,1.3426573426573423,0.6713286713286711,0.0,0.0,1.1088286713286715,0.44886363636363635
2026-07-21 14:20:00+05:30,2026-07-21 14:25:00+05:30,2026-07-21 14:25:00+05:30,9,10,1.0,-5.551115123125783e-17,1.0,1.0,2.0,1,5.0,2026-07-21 14:15:00+05:30,1.5272727272727273,0.7636363636363637,0.0,0.0,1.4719696969696972,0.26666666666666666
2026-07-21 14:25:00+05:30,2026-07-21 14:30:00+05:30,2026-07-21 14:30:00+05:30,11,8,1.0,2.7755575615628914e-17,1.0,1.0,2.0,1,5.0,2026-07-21 14:20:00+05:30,0.9545454545454545,0.47727272727272724,0.0,0.0,0.831439393939394,0.5852272727272727
2026-07-21 14:30:00+05:30,2026-07-21 14:35:00+05:30,2026-07-21 14:35:00+05:30,9,10,1.0,-5.551115123125783e-17,1.0,1.0,2.0,1,5.0,2026-07-21 14:25:00+05:30,1.1454545454545453,0.5727272727272726,0.0,0.0,1.044949494949495,0.47777777777777775
2026-07-21 14:35:00+05:30,2026-07-21 14:40:00+05:30,2026-07-21 14:40:00+05:30,11,8,1.0,1.3877787807814457e-17,1.0,1.0,2.0,1,5.0,2026-07-21 14:30:00+05:30,1.1454545454545453,0.5727272727272726,0.0,0.0,1.044949494949495,0.4772727272727273
2026-07-21 14:40:00+05:30,2026-07-21 14:45:00+05:30,2026-07-21 14:45:00+05:30,7,12,0.9999999999999998,0.0,1.0,1.0,2.0,1,5.0,2026-07-21 14:35:00+05:30,1.2196969696969697,0.6098484848484849,0.0,0.0,1.0116341991341993,0.49404761904761896
2026-07-21 14:45:00+05:30,2026-07-21 14:50:00+05:30,2026-07-21 14:50:00+05:30,10,9,1.0,5.551115123125783e-17,1.0,1.0,2.0,1,5.0,2026-07-21 14:40:00+05:30,1.2833333333333337,0.6416666666666668,0.0,0.0,1.1496031746031745,0.42777777777777776
2026-07-21 14:50:00+05:30,2026-07-21 14:55:00+05:30,2026-07-21 14:55:00+05:30,10,9,1.0,4.163336342344337e-17,1.0,1.0,2.0,1,5.0,2026-07-21 14:45:00+05:30,1.0555555555555556,0.5277777777777778,0.0,0.0,1.0555555555555556,0.4722222222222222
2026-07-21 14:55:00+05:30,2026-07-21 15:00:00+05:30,2026-07-21 15:00:00+05:30,9,10,1.0,-5.551115123125783e-17,1.0,1.0,2.0,1,5.0,2026-07-21 14:50:00+05:30,0.7999999999999999,0.39999999999999997,0.0,0.0,0.7333333333333333,0.6333333333333333
2026-07-21 15:00:00+05:30,2026-07-21 15:05:00+05:30,2026-07-21 15:05:00+05:30,11,8,1.0,2.7755575615628914e-17,1.0,1.0,2.0,1,5.0,2026-07-21 14:55:00+05:30,1.3363636363636364,0.6681818181818182,0.0,0.0,1.2584595959595961,0.3693181818181818
2026-07-21 15:05:00+05:30,2026-07-21 15:10:00+05:30,2026-07-21 15:10:00+05:30,9,10,1.0000000000000002,-4.163336342344337e-17,1.0,1.0,2.0,1,5.0,2026-07-21 15:00:00+05:30,0.7636363636363636,0.3818181818181818,0.0,0.0,0.617929292929293,0.6888888888888889
2026-07-21 15:10:00+05:30,2026-07-21 15:15:00+05:30,2026-07-21 15:15:00+05:30,15,4,0.9999999999999999,-2.7755575615628914e-17,1.0,1.0,2.0,1,5.0,2026-07-21 15:05:00+05:30,1.5,0.75,0.0,0.0,1.2916666666666667,0.325
2026-07-21 15:15:00+05:30,2026-07-21 15:20:00+05:30,2026-07-21 15:20:00+05:30,9,10,1.0,-5.551115123125783e-17,1.0,1.0,2.0,1,5.0,2026-07-21 15:10:00+05:30,1.4999999999999998,0.7499999999999999,0.0,0.0,1.2916666666666667,0.3833333333333333
2026-07-21 15:20:00+05:30,2026-07-21 15:25:00+05:30,2026-07-21 15:25:00+05:30,11,8,1.0,2.7755575615628914e-17,1.0,1.0,2.0,1,5.0,2026-07-21 15:15:00+05:30,1.5272727272727276,0.7636363636363638,0.0,0.0,1.4719696969696972,0.26136363636363635
2026-07-22 09:15:00+05:30,2026-07-22 09:20:00+05:30,2026-07-22 09:20:00+05:30,10,9,1.0,4.163336342344337e-17,1.0,1.0,2.0,1,5.0,2026-07-21 15:20:00+05:30,0.8080808080808081,0.40404040404040403,0.0,0.0,0.7415404040404041,0.6277777777777778
2026-07-22 09:20:00+05:30,2026-07-22 09:25:00+05:30,2026-07-22 09:25:00+05:30,9,10,1.0,-5.551115123125783e-17,1.0,1.0,2.0,1,5.0,2026-07-22 09:15:00+05:30,1.2000000000000002,0.6000000000000001,0.0,0.0,1.1555555555555554,0.4222222222222223
2026-07-22 09:25:00+05:30,2026-07-22 09:30:00+05:30,2026-07-22 09:30:00+05:30,9,10,1.0,-5.551115123125783e-17,1.0,1.0,2.0,1,5.0,2026-07-22 09:20:00+05:30,0.8444444444444443,0.42222222222222217,0.0,0.0,0.8444444444444443,0.5777777777777777
2026-07-22 09:30:00+05:30,2026-07-22 09:35:00+05:30,2026-07-22 09:35:00+05:30,9,10,1.0,-5.551115123125783e-17,1.0,1.0,2.0,1,5.0,2026-07-22 09:25:00+05:30,1.0555555555555556,0.5277777777777778,0.0,0.0,1.0555555555555556,0.47222222222222227
2026-07-22 09:35:00+05:30,2026-07-22 09:40:00+05:30,2026-07-22 09:40:00+05:30,8,11,1.0,-1.3877787807814457e-17,1.0,1.0,2.0,1,5.0,2026-07-22 09:30:00+05:30,1.0101010101010102,0.5050505050505051,0.0,0.0,0.9550505050505051,0.5227272727272727
2026-07-22 09:40:00+05:30,2026-07-22 09:45:00+05:30,2026-07-22 09:45:00+05:30,11,8,0.9999999999999999,1.3877787807814457e-17,1.0,1.0,2.0,1,5.0,2026-07-22 09:35:00+05:30,1.6363636363636362,0.8181818181818181,0.0,0.0,1.568181818181818,0.21590909090909094
2026-07-22 09:45:00+05:30,2026-07-22 09:50:00+05:30,2026-07-22 09:50:00+05:30,6,13,1.0000000000000002,-5.551115123125783e-17,1.0,1.0,2.0,1,5.0,2026-07-22 09:40:00+05:30,1.3426573426573427,0.6713286713286714,0.0,0.0,1.1088286713286712,0.4423076923076923
2026-07-22 09:50:00+05:30,2026-07-22 09:55:00+05:30,2026-07-22 09:55:00+05:30,8,11,1.0,-1.3877787807814457e-17,1.0,1.0,2.0,1,5.0,2026-07-22 09:45:00+05:30,1.0096153846153846,0.5048076923076923,0.0,0.0,0.8911713286713286,0.5511363636363636
2026-07-22 09:55:00+05:30,2026-07-22 10:00:00+05:30,2026-07-22 10:00:00+05:30,8,11,1.0,-1.3877787807814457e-17,1.0,1.0,2.0,1,5.0,2026-07-22 09:50:00+05:30,1.5113636363636362,0.7556818181818181,0.0,0.0,1.5113636363636362,0.24431818181818182
2026-07-22 10:00:00+05:30,2026-07-22 10:05:00+05:30,2026-07-22 10:05:00+05:30,10,9,1.0,4.163336342344337e-17,1.0,1.0,2.0,1,5.0,2026-07-22 09:55:00+05:30,1.3363636363636362,0.6681818181818181,0.0,0.0,1.2584595959595961,0.3722222222222222
2026-07-22 10:05:00+05:30,2026-07-22 10:10:00+05:30,2026-07-22 10:10:00+05:30,11,8,1.0,2.7755575615628914e-17,1.0,1.0,2.0,1,5.0,2026-07-22 10:00:00+05:30,1.4141414141414144,0.7070707070707072,0.0,0.0,1.3820707070707072,0.3068181818181818
2026-07-22 10:10:00+05:30,2026-07-22 10:15:00+05:30,2026-07-22 10:15:00+05:30,10,9,1.0,4.163336342344337e-17,1.0,1.0,2.0,1,5.0,2026-07-22 10:05:00+05:30,1.4141414141414141,0.7070707070707071,0.0,0.0,1.382070707070707,0.31111111111111106
2026-07-22 10:15:00+05:30,2026-07-22 10:20:00+05:30,2026-07-22 10:20:00+05:30,9,10,1.0,-5.551115123125783e-17,1.0,1.0,2.0,1,5.0,2026-07-22 10:10:00+05:30,0.7999999999999998,0.3999999999999999,0.0,0.0,0.7333333333333334,0.6333333333333334
2026-07-22 10:20:00+05:30,2026-07-22 10:25:00+05:30,2026-07-22 10:25:00+05:30,7,12,0.9999999999999998,0.0,1.0,1.0,2.0,1,5.0,2026-07-22 10:15:00+05:30,1.166666666666667,0.5833333333333335,0.0,0.0,1.069047619047619,0.4642857142857142
2026-07-22 10:25:00+05:30,2026-07-22 10:30:00+05:30,2026-07-22 10:30:00+05:30,9,10,1.0000000000000002,-4.163336342344337e-17,1.0,1.0,2.0,1,5.0,2026-07-22 10:20:00+05:30,1.361111111111111,0.6805555555555555,0.0,0.0,1.2876984126984126,0.3611111111111111
2026-07-22 10:30:00+05:30,2026-07-22 10:35:00+05:30,2026-07-22 10:35:00+05:30,8,11,1.0,-1.3877787807814457e-17,1.0,1.0,2.0,1,5.0,2026-07-22 10:25:00+05:30,1.8181818181818186,0.9090909090909093,0.0,0.0,1.8090909090909093,0.09090909090909091
2026-07-22 10:35:00+05:30,2026-07-22 10:40:00+05:30,2026-07-22 10:40:00+05:30,12,7,0.9999999999999998,6.938893903907228e-18,1.0,1.0,2.0,1,5.0,2026-07-22 10:30:00+05:30,1.5681818181818181,0.7840909090909091,0.0,0.0,1.4537337662337664,0.2678571428571428
2026-07-22 10:40:00+05:30,2026-07-22 10:45:00+05:30,2026-07-22 10:45:00+05:30,7,12,0.9999999999999998,0.0,1.0,1.0,2.0,1,5.0,2026-07-22 10:35:00+05:30,1.333333333333333,0.6666666666666665,0.0,0.0,1.0952380952380951,0.45238095238095233
2026-07-22 10:45:00+05:30,2026-07-22 10:50:00+05:30,2026-07-22 10:50:00+05:30,11,8,1.0,1.3877787807814457e-17,1.0,1.0,2.0,1,5.0,2026-07-22 10:40:00+05:30,1.393939393939394,0.696969696969697,0.0,0.0,1.2326839826839828,0.3863636363636364
2026-07-22 10:50:00+05:30,2026-07-22 10:55:00+05:30,2026-07-22 10:55:00+05:30,8,11,1.0,-2.7755575615628914e-17,1.0,1.0,2.0,1,5.0,2026-07-22 10:45:00+05:30,1.0909090909090908,0.5454545454545454,0.0,0.0,0.9204545454545454,0.5397727272727273
2026-07-22 10:55:00+05:30,2026-07-22 11:00:00+05:30,2026-07-22 11:00:00+05:30,11,8,1.0,0.0,1.0,1.0,2.0,1,5.0,2026-07-22 10:50:00+05:30,0.9090909090909091,0.45454545454545453,0.0,0.0,0.7045454545454546,0.6477272727272727
2026-07-22 11:00:00+05:30,2026-07-22 11:05:00+05:30,2026-07-22 11:05:00+05:30,9,10,1.0,-4.163336342344337e-17,1.0,1.0,2.0,1,5.0,2026-07-22 10:55:00+05:30,1.1454545454545455,0.5727272727272728,0.0,0.0,1.044949494949495,0.47777777777777775
2026-07-22 11:05:00+05:30,2026-07-22 11:10:00+05:30,2026-07-22 11:10:00+05:30,11,8,1.0,2.7755575615628914e-17,1.0,1.0,2.0,1,5.0,2026-07-22 11:00:00+05:30,1.1454545454545455,0.5727272727272728,0.0,0.0,1.044949494949495,0.4772727272727273
2026-07-22 11:10:00+05:30,2026-07-22 11:15:00+05:30,2026-07-22 11:15:00+05:30,9,10,1.0,-4.163336342344337e-17,1.0,1.0,2.0,1,5.0,2026-07-22 11:05:00+05:30,1.3363636363636364,0.6681818181818182,0.0,0.0,1.2584595959595961,0.3722222222222222
2026-07-22 11:15:00+05:30,2026-07-22 11:20:00+05:30,2026-07-22 11:20:00+05:30,8,11,1.0,-2.7755575615628914e-17,1.0,1.0,2.0,1,5.0,2026-07-22 11:10:00+05:30,1.4141414141414141,0.7070707070707071,0.0,0.0,1.3820707070707072,0.3068181818181818
2026-07-22 11:20:00+05:30,2026-07-22 11:25:00+05:30,2026-07-22 11:25:00+05:30,13,6,1.0,5.551115123125783e-17,1.0,1.0,2.0,1,5.0,2026-07-22 11:15:00+05:30,1.1748251748251748,0.5874125874125874,0.0,0.0,0.8790792540792541,0.5641025641025641
2026-07-22 11:25:00+05:30,2026-07-22 11:30:00+05:30,2026-07-22 11:30:00+05:30,8,11,1.0,0.0,1.0,1.0,2.0,1,5.0,2026-07-22 11:20:00+05:30,1.3426573426573423,0.6713286713286711,0.0,0.0,1.1088286713286712,0.44886363636363635
2026-07-22 11:30:00+05:30,2026-07-22 11:35:00+05:30,2026-07-22 11:35:00+05:30,10,9,1.0,4.163336342344337e-17,1.0,1.0,2.0,1,5.0,2026-07-22 11:25:00+05:30,1.5272727272727273,0.7636363636363637,0.0,0.0,1.4719696969696972,0.26666666666666666
2026-07-22 11:35:00+05:30,2026-07-22 11:40:00+05:30,2026-07-22 11:40:00+05:30,10,9,1.0,4.163336342344337e-17,1.0,1.0,2.0,1,5.0,2026-07-22 11:30:00+05:30,1.0555555555555556,0.5277777777777778,0.0,0.0,1.0555555555555556,0.4722222222222222
2026-07-22 11:40:00+05:30,2026-07-22 11:45:00+05:30,2026-07-22 11:45:00+05:30,9,10,1.0,-5.551115123125783e-17,1.0,1.0,2.0,1,5.0,2026-07-22 11:35:00+05:30,1.0,0.5,0.0,0.0,0.9444444444444445,0.5277777777777779
2026-07-22 11:45:00+05:30,2026-07-22 11:50:00+05:30,2026-07-22 11:50:00+05:30,9,10,1.0,-4.163336342344337e-17,1.0,1.0,2.0,1,5.0,2026-07-22 11:40:00+05:30,1.2666666666666668,0.6333333333333334,0.0,0.0,1.2666666666666668,0.3666666666666667
2026-07-22 11:50:00+05:30,2026-07-22 11:55:00+05:30,2026-07-22 11:55:00+05:30,10,9,1.0,4.163336342344337e-17,1.0,1.0,2.0,1,5.0,2026-07-22 11:45:00+05:30,1.2000000000000002,0.6000000000000001,0.0,0.0,1.1555555555555557,0.4222222222222222
2026-07-22 11:55:00+05:30,2026-07-22 12:00:00+05:30,2026-07-22 12:00:00+05:30,9,10,1.0,-4.163336342344337e-17,1.0,1.0,2.0,1,5.0,2026-07-22 11:50:00+05:30,0.9999999999999999,0.49999999999999994,0.0,0.0,0.9444444444444444,0.5277777777777778
2026-07-22 12:00:00+05:30,2026-07-22 12:05:00+05:30,2026-07-22 12:05:00+05:30,9,10,1.0,-4.163336342344337e-17,1.0,1.0,2.0,1,5.0,2026-07-22 11:55:00+05:30,1.2666666666666668,0.6333333333333334,0.0,0.0,1.2666666666666668,0.36666666666666664
2026-07-22 12:05:00+05:30,2026-07-22 12:10:00+05:30,2026-07-22 12:10:00+05:30,7,12,0.9999999999999998,0.0,1.0,1.0,2.0,1,5.0,2026-07-22 12:00:00+05:30,0.9722222222222221,0.48611111111111105,0.0,0.0,0.8503968253968254,0.5773809523809523
2026-07-22 12:10:00+05:30,2026-07-22 12:15:00+05:30,2026-07-22 12:15:00+05:30,9,10,1.0,-5.551115123125783e-17,1.0,1.0,2.0,1,5.0,2026-07-22 12:05:00+05:30,0.7777777777777777,0.38888888888888884,0.0,0.0,0.6317460317460317,0.6777777777777778
2026-07-22 12:15:00+05:30,2026-07-22 12:20:00+05:30,2026-07-22 12:20:00+05:30,7,12,0.9999999999999998,-1.3877787807814457e-17,1.0,1.0,2.0,1,5.0,2026-07-22 12:10:00+05:30,0.9722222222222222,0.4861111111111111,0.0,0.0,0.8503968253968254,0.5773809523809523
2026-07-22 12:20:00+05:30,2026-07-22 12:25:00+05:30,2026-07-22 12:25:00+05:30,6,13,0.9999999999999999,-5.551115123125783e-17,1.0,1.0,2.0,1,5.0,2026-07-22 12:15:00+05:30,1.0989010989010988,0.5494505494505494,0.0,0.0,1.0494505494505495,0.47435897435897434
2026-07-22 12:25:00+05:30,2026-07-22 12:30:00+05:30,2026-07-22 12:30:00+05:30,9,10,1.0000000000000002,-4.163336342344337e-17,1.0,1.0,2.0,1,5.0,2026-07-22 12:20:00+05:30,1.1282051282051282,0.5641025641025641,0.0,0.0,0.964102564102564,0.5166666666666667
2026-07-22 12:30:00+05:30,2026-07-22 12:35:00+05:30,2026-07-22 12:35:00+05:30,9,10,1.0,-5.551115123125783e-17,1.0,1.0,2.0,1,5.0,2026-07-22 12:25:00+05:30,1.0555555555555556,0.5277777777777778,0.0,0.0,1.0555555555555556,0.4722222222222222
2026-07-22 12:35:00+05:30,2026-07-22 12:40:00+05:30,2026-07-22 12:40:00+05:30,9,10,1.0,-5.551115123125783e-17,1.0,1.0,2.0,1,5.0,2026-07-22 12:30:00+05:30,0.4222222222222222,0.2111111111111111,0.0,0.0,0.4222222222222222,0.788888888888889
2026-07-22 12:40:00+05:30,2026-07-22 12:45:00+05:30,2026-07-22 12:45:00+05:30,7,12,0.9999999999999998,1.3877787807814457e-17,1.0,1.0,2.0,1,5.0,2026-07-22 12:35:00+05:30,0.7777777777777778,0.3888888888888889,0.0,0.0,0.6317460317460317,0.6904761904761904
2026-07-22 12:45:00+05:30,2026-07-22 12:50:00+05:30,2026-07-22 12:50:00+05:30,12,7,0.9999999999999998,0.0,1.0,1.0,2.0,1,5.0,2026-07-22 12:40:00+05:30,1.333333333333333,0.6666666666666665,0.0,0.0,1.0952380952380951,0.45238095238095233
2026-07-22 12:50:00+05:30,2026-07-22 12:55:00+05:30,2026-07-22 12:55:00+05:30,10,9,1.0,4.163336342344337e-17,1.0,1.0,2.0,1,5.0,2026-07-22 12:45:00+05:30,0.9722222222222222,0.4861111111111111,0.0,0.0,0.8503968253968254,0.5722222222222223
2026-07-22 12:55:00+05:30,2026-07-22 13:00:00+05:30,2026-07-22 13:00:00+05:30,15,4,0.9999999999999999,-2.7755575615628914e-17,1.0,1.0,2.0,1,5.0,2026-07-22 12:50:00+05:30,1.422222222222222,0.711111111111111,0.0,0.0,1.236111111111111,0.3583333333333333
2026-07-22 13:00:00+05:30,2026-07-22 13:05:00+05:30,2026-07-22 13:05:00+05:30,8,11,0.9999999999999999,-1.3877787807814457e-17,1.0,1.0,2.0,1,5.0,2026-07-22 12:55:00+05:30,1.4181818181818184,0.7090909090909092,0.0,0.0,1.0840909090909092,0.46590909090909094
2026-07-22 13:05:00+05:30,2026-07-22 13:10:00+05:30,2026-07-22 13:10:00+05:30,7,12,0.9999999999999998,0.0,1.0,1.0,2.0,1,5.0,2026-07-22 13:00:00+05:30,1.4583333333333333,0.7291666666666666,0.0,0.0,1.4304653679653678,0.2797619047619047
2026-07-22 13:10:00+05:30,2026-07-22 13:15:00+05:30,2026-07-22 13:15:00+05:30,9,10,1.0,-5.551115123125783e-17,1.0,1.0,2.0,1,5.0,2026-07-22 13:05:00+05:30,1.3611111111111112,0.6805555555555556,0.0,0.0,1.2876984126984126,0.36111111111111116
2026-07-22 13:15:00+05:30,2026-07-22 13:20:00+05:30,2026-07-22 13:20:00+05:30,8,11,1.0,-2.7755575615628914e-17,1.0,1.0,2.0,1,5.0,2026-07-22 13:10:00+05:30,0.40404040404040403,0.20202020202020202,0.0,0.0,0.31452020202020203,0.8465909090909092
2026-07-22 13:20:00+05:30,2026-07-22 13:25:00+05:30,2026-07-22 13:25:00+05:30,9,10,1.0,-5.551115123125783e-17,1.0,1.0,2.0,1,5.0,2026-07-22 13:15:00+05:30,1.2121212121212122,0.6060606060606061,0.0,0.0,1.1685606060606062,0.41666666666666674
2026-07-22 13:25:00+05:30,2026-07-22 13:30:00+05:30,2026-07-22 13:30:00+05:30,8,11,1.0,-2.7755575615628914e-17,1.0,1.0,2.0,1,5.0,2026-07-22 13:20:00+05:30,1.2121212121212122,0.6060606060606061,0.0,0.0,1.1685606060606062,0.4147727272727273
2026-07-22 13:30:00+05:30,2026-07-22 13:35:00+05:30,2026-07-22 13:35:00+05:30,11,8,1.0,2.7755575615628914e-17,1.0,1.0,2.0,1,5.0,2026-07-22 13:25:00+05:30,1.0909090909090908,0.5454545454545454,0.0,0.0,0.9204545454545455,0.5397727272727273
2026-07-22 13:35:00+05:30,2026-07-22 13:40:00+05:30,2026-07-22 13:40:00+05:30,8,11,0.9999999999999999,-1.3877787807814457e-17,1.0,1.0,2.0,1,5.0,2026-07-22 13:30:00+05:30,1.4545454545454546,0.7272727272727273,0.0,0.0,1.3522727272727273,0.3238636363636364
2026-07-22 13:40:00+05:30,2026-07-22 13:45:00+05:30,2026-07-22 13:45:00+05:30,10,9,1.0,4.163336342344337e-17,1.0,1.0,2.0,1,5.0,2026-07-22 13:35:00+05:30,1.3363636363636364,0.6681818181818182,0.0,0.0,1.2584595959595961,0.37222222222222223
2026-07-22 13:45:00+05:30,2026-07-22 13:50:00+05:30,2026-07-22 13:50:00+05:30,7,12,0.9999999999999998,0.0,1.0,1.0,2.0,1,5.0,2026-07-22 13:40:00+05:30,1.2833333333333337,0.6416666666666668,0.0,0.0,1.1496031746031745,0.42261904761904756
2026-07-22 13:50:00+05:30,2026-07-22 13:55:00+05:30,2026-07-22 13:55:00+05:30,7,12,0.9999999999999998,0.0,1.0,1.0,2.0,1,5.0,2026-07-22 13:45:00+05:30,1.130952380952381,0.5654761904761905,0.0,0.0,1.130952380952381,0.4345238095238095
2026-07-22 13:55:00+05:30,2026-07-22 14:00:00+05:30,2026-07-22 14:00:00+05:30,9,10,1.0,-5.551115123125783e-17,1.0,1.0,2.0,1,5.0,2026-07-22 13:50:00+05:30,0.9722222222222222,0.4861111111111111,0.0,0.0,0.8503968253968254,0.5722222222222222
2026-07-22 14:00:00+05:30,2026-07-22 14:05:00+05:30,2026-07-22 14:05:00+05:30,10,9,1.0000000000000002,4.163336342344337e-17,1.0,1.0,2.0,1,5.0,2026-07-22 13:55:00+05:30,1.4000000000000001,0.7000000000000001,0.0,0.0,1.3666666666666667,0.31666666666666665
2026-07-22 14:05:00+05:30,2026-07-22 14:10:00+05:30,2026-07-22 14:10:00+05:30,9,10,1.0,-4.163336342344337e-17,1.0,1.0,2.0,1,5.0,2026-07-22 14:00:00+05:30,1.4000000000000001,0.7000000000000001,0.0,0.0,1.366666666666667,0.31666666666666665
2026-07-22 14:10:00+05:30,2026-07-22 14:15:00+05:30,2026-07-22 14:15:00+05:30,8,11,1.0,-1.3877787807814457e-17,1.0,1.0,2.0,1,5.0,2026-07-22 14:05:00+05:30,1.2121212121212122,0.6060606060606061,0.0,0.0,1.1685606060606062,0.4147727272727273
2026-07-22 14:15:00+05:30,2026-07-22 14:20:00+05:30,2026-07-22 14:20:00+05:30,10,9,1.0,5.551115123125783e-17,1.0,1.0,2.0,1,5.0,2026-07-22 14:10:00+05:30,0.9545454545454545,0.47727272727272724,0.0,0.0,0.831439393939394,0.5833333333333334
2026-07-22 14:20:00+05:30,2026-07-22 14:25:00+05:30,2026-07-22 14:25:00+05:30,8,11,0.9999999999999999,-2.7755575615628914e-17,1.0,1.0,2.0,1,5.0,2026-07-22 14:15:00+05:30,1.3363636363636364,0.6681818181818182,0.0,0.0,1.258459595959596,0.3693181818181818
2026-07-22 14:25:00+05:30,2026-07-22 14:30:00+05:30,2026-07-22 14:30:00+05:30,8,11,1.0,-2.7755575615628914e-17,1.0,1.0,2.0,1,5.0,2026-07-22 14:20:00+05:30,1.0795454545454544,0.5397727272727272,0.0,0.0,1.0795454545454544,0.4602272727272727
2026-07-22 14:30:00+05:30,2026-07-22 14:35:00+05:30,2026-07-22 14:35:00+05:30,7,12,0.9999999999999998,0.0,1.0,1.0,2.0,1,5.0,2026-07-22 14:25:00+05:30,0.8333333333333333,0.41666666666666663,0.0,0.0,0.7673160173160173,0.619047619047619
2026-07-22 14:35:00+05:30,2026-07-22 14:40:00+05:30,2026-07-22 14:40:00+05:30,10,9,1.0,4.163336342344337e-17,1.0,1.0,2.0,1,5.0,2026-07-22 14:30:00+05:30,1.4666666666666668,0.7333333333333334,0.0,0.0,1.3682539682539683,0.3222222222222222
2026-07-22 14:40:00+05:30,2026-07-22 14:45:00+05:30,2026-07-22 14:45:00+05:30,8,11,0.9999999999999999,-4.163336342344337e-17,1.0,1.0,2.0,1,5.0,2026-07-22 14:35:00+05:30,0.9545454545454544,0.4772727272727272,0.0,0.0,0.831439393939394,0.5852272727272727
2026-07-22 14:45:00+05:30,2026-07-22 14:50:00+05:30,2026-07-22 14:50:00+05:30,10,9,1.0,5.551115123125783e-17,1.0,1.0,2.0,1,5.0,2026-07-22 14:40:00+05:30,1.1454545454545455,0.5727272727272728,0.0,0.0,1.044949494949495,0.47777777777777775
2026-07-22 14:50:00+05:30,2026-07-22 14:55:00+05:30,2026-07-22 14:55:00+05:30,11,8,1.0,1.3877787807814457e-17,1.0,1.0,2.0,1,5.0,2026-07-22 14:45:00+05:30,1.2121212121212122,0.6060606060606061,0.0,0.0,1.1685606060606062,0.4147727272727273
2026-07-22 14:55:00+05:30,2026-07-22 15:00:00+05:30,2026-07-22 15:00:00+05:30,5,14,1.0000000000000002,5.551115123125783e-17,1.0,1.0,2.0,1,5.0,2026-07-22 14:50:00+05:30,1.4610389610389611,0.7305194805194806,0.0,0.0,1.2180194805194806,0.37857142857142856
2026-07-22 15:00:00+05:30,2026-07-22 15:05:00+05:30,2026-07-22 15:05:00+05:30,10,9,1.0,4.163336342344337e-17,1.0,1.0,2.0,1,5.0,2026-07-22 14:55:00+05:30,1.3714285714285712,0.6857142857142856,0.0,0.0,1.1523809523809525,0.43333333333333335
2026-07-22 15:05:00+05:30,2026-07-22 15:10:00+05:30,2026-07-22 15:10:00+05:30,11,8,1.0,2.7755575615628914e-17,1.0,1.0,2.0,1,5.0,2026-07-22 15:00:00+05:30,1.6161616161616161,0.8080808080808081,0.0,0.0,1.595580808080808,0.19886363636363635
2026-07-22 15:10:00+05:30,2026-07-22 15:15:00+05:30,2026-07-22 15:15:00+05:30,10,9,1.0,4.163336342344337e-17,1.0,1.0,2.0,1,5.0,2026-07-22 15:05:00+05:30,0.8080808080808081,0.40404040404040403,0.0,0.0,0.741540404040404,0.6277777777777779
2026-07-22 15:15:00+05:30,2026-07-22 15:20:00+05:30,2026-07-22 15:20:00+05:30,11,8,1.0,1.3877787807814457e-17,1.0,1.0,2.0,1,5.0,2026-07-22 15:10:00+05:30,1.01010101010101,0.505050505050505,0.0,0.0,0.9550505050505051,0.5227272727272727
2026-07-22 15:20:00+05:30,2026-07-22 15:25:00+05:30,2026-07-22 15:25:00+05:30,6,13,1.0,-6.938893903907228e-17,1.0,1.0,2.0,1,5.0,2026-07-22 15:15:00+05:30,1.1748251748251748,0.5874125874125874,0.0,0.0,0.879079254079254,0.5641025641025641
2026-07-23 09:15:00+05:30,2026-07-23 09:20:00+05:30,2026-07-23 09:20:00+05:30,9,10,1.0,-5.551115123125783e-17,1.0,1.0,2.0,1,5.0,2026-07-22 15:20:00+05:30,1.1282051282051282,0.5641025641025641,0.0,0.0,0.964102564102564,0.5166666666666667
2026-07-23 09:20:00+05:30,2026-07-23 09:25:00+05:30,2026-07-23 09:25:00+05:30,10,9,1.0,5.551115123125783e-17,1.0,1.0,2.0,1,5.0,2026-07-23 09:15:00+05:30,1.2000000000000002,0.6000000000000001,0.0,0.0,1.1555555555555557,0.4222222222222222
2026-07-23 09:25:00+05:30,2026-07-23 09:30:00+05:30,2026-07-23 09:30:00+05:30,6,13,1.0,-4.163336342344337e-17,1.0,1.0,2.0,1,5.0,2026-07-23 09:20:00+05:30,1.2384615384615383,0.6192307692307691,0.0,0.0,1.035897435897436,0.4807692307692307
2026-07-23 09:30:00+05:30,2026-07-23 09:35:00+05:30,2026-07-23 09:35:00+05:30,11,8,0.9999999999999999,1.3877787807814457e-17,1.0,1.0,2.0,1,5.0,2026-07-23 09:25:00+05:30,1.5104895104895104,0.7552447552447552,0.0,0.0,1.3385780885780885,0.34090909090909094
2026-07-23 09:35:00+05:30,2026-07-23 09:40:00+05:30,2026-07-23 09:40:00+05:30,12,7,0.9999999999999998,0.0,1.0,1.0,2.0,1,5.0,2026-07-23 09:30:00+05:30,0.41666666666666663,0.20833333333333331,0.0,0.0,0.3252164502164502,0.8452380952380951
2026-07-23 09:40:00+05:30,2026-07-23 09:45:00+05:30,2026-07-23 09:45:00+05:30,9,10,1.0,-5.551115123125783e-17,1.0,1.0,2.0,1,5.0,2026-07-23 09:35:00+05:30,1.2833333333333332,0.6416666666666666,0.0,0.0,1.1496031746031745,0.4277777777777777
2026-07-23 09:45:00+05:30,2026-07-23 09:50:00+05:30,2026-07-23 09:50:00+05:30,11,8,0.9999999999999999,1.3877787807814457e-17,1.0,1.0,2.0,1,5.0,2026-07-23 09:40:00+05:30,1.3363636363636364,0.6681818181818182,0.0,0.0,1.258459595959596,0.3693181818181818
2026-07-23 09:50:00+05:30,2026-07-23 09:55:00+05:30,2026-07-23 09:55:00+05:30,9,10,1.0,-4.163336342344337e-17,1.0,1.0,2.0,1,5.0,2026-07-23 09:45:00+05:30,1.3363636363636364,0.6681818181818182,0.0,0.0,1.258459595959596,0.37222222222222223
2026-07-23 09:55:00+05:30,2026-07-23 10:00:00+05:30,2026-07-23 10:00:00+05:30,9,10,1.0,-4.163336342344337e-17,1.0,1.0,2.0,1,5.0,2026-07-23 09:50:00+05:30,1.0555555555555556,0.5277777777777778,0.0,0.0,1.0555555555555556,0.4722222222222222
2026-07-23 10:00:00+05:30,2026-07-23 10:05:00+05:30,2026-07-23 10:05:00+05:30,9,10,1.0000000000000002,-4.163336342344337e-17,1.0,1.0,2.0,1,5.0,2026-07-23 09:55:00+05:30,0.6333333333333333,0.31666666666666665,0.0,0.0,0.6333333333333333,0.6833333333333333
2026-07-23 10:05:00+05:30,2026-07-23 10:10:00+05:30,2026-07-23 10:10:00+05:30,13,6,1.0,5.551115123125783e-17,1.0,1.0,2.0,1,5.0,2026-07-23 10:00:00+05:30,1.0615384615384615,0.5307692307692308,0.0,0.0,0.8085470085470086,0.6025641025641026
2026-07-23 10:10:00+05:30,2026-07-23 10:15:00+05:30,2026-07-23 10:15:00+05:30,9,10,1.0,-5.551115123125783e-17,1.0,1.0,2.0,1,5.0,2026-07-23 10:05:00+05:30,1.5923076923076922,0.7961538461538461,0.0,0.0,1.4905982905982906,0.27222222222222225
2026-07-23 10:15:00+05:30,2026-07-23 10:20:00+05:30,2026-07-23 10:20:00+05:30,15,4,1.0,-5.551115123125783e-17,1.0,1.0,2.0,1,5.0,2026-07-23 10:10:00+05:30,1.1666666666666665,0.5833333333333333,0.0,0.0,0.763888888888889,0.6416666666666666
2026-07-23 10:20:00+05:30,2026-07-23 10:25:00+05:30,2026-07-23 10:25:00+05:30,10,9,1.0,5.551115123125783e-17,1.0,1.0,2.0,1,5.0,2026-07-23 10:15:00+05:30,1.422222222222222,0.711111111111111,0.0,0.0,1.236111111111111,0.40555555555555556
2026-07-23 10:25:00+05:30,2026-07-23 10:30:00+05:30,2026-07-23 10:30:00+05:30,10,9,1.0,5.551115123125783e-17,1.0,1.0,2.0,1,5.0,2026-07-23 10:20:00+05:30,1.4777777777777779,0.7388888888888889,0.0,0.0,1.4777777777777779,0.26111111111111107
2026-07-23 10:30:00+05:30,2026-07-23 10:35:00+05:30,2026-07-23 10:35:00+05:30,11,8,1.0,2.7755575615628914e-17,1.0,1.0,2.0,1,5.0,2026-07-23 10:25:00+05:30,1.2121212121212122,0.6060606060606061,0.0,0.0,1.1685606060606062,0.4147727272727273
2026-07-23 10:35:00+05:30,2026-07-23 10:40:00+05:30,2026-07-23 10:40:00+05:30,12,7,0.9999999999999998,6.938893903907228e-18,1.0,1.0,2.0,1,5.0,2026-07-23 10:30:00+05:30,1.0416666666666667,0.5208333333333334,0.0,0.0,0.9883658008658008,0.5059523809523808
2026-07-23 10:40:00+05:30,2026-07-23 10:45:00+05:30,2026-07-23 10:45:00+05:30,13,6,1.0,5.551115123125783e-17,1.0,1.0,2.0,1,5.0,2026-07-23 10:35:00+05:30,0.8791208791208791,0.43956043956043955,0.0,0.0,0.8145604395604396,0.5961538461538461
2026-07-23 10:45:00+05:30,2026-07-23 10:50:00+05:30,2026-07-23 10:50:00+05:30,13,6,1.0,5.551115123125783e-17,1.0,1.0,2.0,1,5.0,2026-07-23 10:40:00+05:30,0.9743589743589743,0.48717948717948717,0.0,0.0,0.9743589743589743,0.5128205128205128
2026-07-23 10:50:00+05:30,2026-07-23 10:55:00+05:30,2026-07-23 10:55:00+05:30,7,12,0.9999999999999998,-6.938893903907228e-18,1.0,1.0,2.0,1,5.0,2026-07-23 10:45:00+05:30,1.7628205128205126,0.8814102564102563,0.0,0.0,1.65521978021978,0.1845238095238095
2026-07-23 10:55:00+05:30,2026-07-23 11:00:00+05:30,2026-07-23 11:00:00+05:30,9,10,1.0,-5.551115123125783e-17,1.0,1.0,2.0,1,5.0,2026-07-23 10:50:00+05:30,1.3611111111111112,0.6805555555555556,0.0,0.0,1.2876984126984126,0.36111111111111116
2026-07-23 11:00:00+05:30,2026-07-23 11:05:00+05:30,2026-07-23 11:05:00+05:30,9,10,1.0,-5.551115123125783e-17,1.0,1.0,2.0,1,5.0,2026-07-23 10:55:00+05:30,1.4777777777777779,0.7388888888888889,0.0,0.0,1.4777777777777779,0.26111111111111107
2026-07-23 11:05:00+05:30,2026-07-23 11:10:00+05:30,2026-07-23 11:10:00+05:30,10,9,1.0000000000000002,4.163336342344337e-17,1.0,1.0,2.0,1,5.0,2026-07-23 11:00:00+05:30,1.4,0.7,0.0,0.0,1.3666666666666667,0.31666666666666665
2026-07-23 11:10:00+05:30,2026-07-23 11:15:00+05:30,2026-07-23 11:15:00+05:30,9,10,1.0,-5.551115123125783e-17,1.0,1.0,2.0,1,5.0,2026-07-23 11:05:00+05:30,0.9999999999999999,0.49999999999999994,0.0,0.0,0.9444444444444443,0.5277777777777778
2026-07-23 11:15:00+05:30,2026-07-23 11:20:00+05:30,2026-07-23 11:20:00+05:30,9,10,1.0,-4.163336342344337e-17,1.0,1.0,2.0,1,5.0,2026-07-23 11:10:00+05:30,0.6333333333333333,0.31666666666666665,0.0,0.0,0.6333333333333333,0.6833333333333333
2026-07-23 11:20:00+05:30,2026-07-23 11:25:00+05:30,2026-07-23 11:25:00+05:30,12,7,0.9999999999999998,0.0,1.0,1.0,2.0,1,5.0,2026-07-23 11:15:00+05:30,1.2833333333333332,0.6416666666666666,0.0,0.0,1.1496031746031745,0.42261904761904767
2026-07-23 11:25:00+05:30,2026-07-23 11:30:00+05:30,2026-07-23 11:30:00+05:30,7,12,0.9999999999999998,-6.938893903907228e-18,1.0,1.0,2.0,1,5.0,2026-07-23 11:20:00+05:30,1.333333333333333,0.6666666666666665,0.0,0.0,1.0952380952380951,0.45238095238095233
2026-07-23 11:30:00+05:30,2026-07-23 11:35:00+05:30,2026-07-23 11:35:00+05:30,7,12,0.9999999999999998,0.0,1.0,1.0,2.0,1,5.0,2026-07-23 11:25:00+05:30,0.45238095238095233,0.22619047619047616,0.0,0.0,0.45238095238095233,0.7738095238095236
2026-07-23 11:35:00+05:30,2026-07-23 11:40:00+05:30,2026-07-23 11:40:00+05:30,13,6,1.0,6.938893903907228e-17,1.0,1.0,2.0,1,5.0,2026-07-23 11:30:00+05:30,1.4423076923076923,0.7211538461538461,0.0,0.0,1.1854395604395604,0.4038461538461538
2026-07-23 11:40:00+05:30,2026-07-23 11:45:00+05:30,2026-07-23 11:45:00+05:30,10,9,1.0,5.551115123125783e-17,1.0,1.0,2.0,1,5.0,2026-07-23 11:35:00+05:30,1.1282051282051282,0.5641025641025641,0.0,0.0,0.9641025641025641,0.5166666666666667
2026-07-23 11:45:00+05:30,2026-07-23 11:50:00+05:30,2026-07-23 11:50:00+05:30,12,7,0.9999999999999998,-1.3877787807814457e-17,1.0,1.0,2.0,1,5.0,2026-07-23 11:40:00+05:30,0.5833333333333333,0.29166666666666663,0.0,0.0,0.41309523809523807,0.8035714285714284
2026-07-23 11:50:00+05:30,2026-07-23 11:55:00+05:30,2026-07-23 11:55:00+05:30,11,8,1.0,1.3877787807814457e-17,1.0,1.0,2.0,1,5.0,2026-07-23 11:45:00+05:30,0.8333333333333331,0.4166666666666666,0.0,0.0,0.7673160173160172,0.6136363636363635
2026-07-23 11:55:00+05:30,2026-07-23 12:00:00+05:30,2026-07-23 12:00:00+05:30,10,9,1.0,5.551115123125783e-17,1.0,1.0,2.0,1,5.0,2026-07-23 11:50:00+05:30,0.8080808080808081,0.40404040404040403,0.0,0.0,0.7415404040404041,0.6277777777777778
2026-07-23 12:00:00+05:30,2026-07-23 12:05:00+05:30,2026-07-23 12:05:00+05:30,9,10,1.0,-5.551115123125783e-17,1.0,1.0,2.0,1,5.0,2026-07-23 11:55:00+05:30,1.4000000000000001,0.7000000000000001,0.0,0.0,1.3666666666666667,0.31666666666666665
2026-07-23 12:05:00+05:30,2026-07-23 12:10:00+05:30,2026-07-23 12:10:00+05:30,12,7,0.9999999999999998,0.0,1.0,1.0,2.0,1,5.0,2026-07-23 12:00:00+05:30,1.1,0.55,0.0,0.0,0.930952380952381,0.5357142857142857
2026-07-23 12:10:00+05:30,2026-07-23 12:15:00+05:30,2026-07-23 12:15:00+05:30,8,11,1.0,-1.3877787807814457e-17,1.0,1.0,2.0,1,5.0,2026-07-23 12:05:00+05:30,1.5681818181818181,0.7840909090909091,0.0,0.0,1.4537337662337664,0.27840909090909094
2026-07-23 12:15:00+05:30,2026-07-23 12:20:00+05:30,2026-07-23 12:20:00+05:30,9,10,1.0,-5.551115123125783e-17,1.0,1.0,2.0,1,5.0,2026-07-23 12:10:00+05:30,1.0101010101010102,0.5050505050505051,0.0,0.0,0.9550505050505051,0.5222222222222223
2026-07-23 12:20:00+05:30,2026-07-23 12:25:00+05:30,2026-07-23 12:25:00+05:30,5,14,1.0,5.551115123125783e-17,1.0,1.0,2.0,1,5.0,2026-07-23 12:15:00+05:30,1.642857142857143,0.8214285714285715,0.0,0.0,1.5714285714285714,0.17857142857142855
2026-07-23 12:25:00+05:30,2026-07-23 12:30:00+05:30,2026-07-23 12:30:00+05:30,9,10,1.0000000000000002,-4.163336342344337e-17,1.0,1.0,2.0,1,5.0,2026-07-23 12:20:00+05:30,1.0952380952380953,0.5476190476190477,0.0,0.0,0.8476190476190476,0.5666666666666668
2026-07-23 12:30:00+05:30,2026-07-23 12:35:00+05:30,2026-07-23 12:35:00+05:30,10,9,1.0,4.163336342344337e-17,1.0,1.0,2.0,1,5.0,2026-07-23 12:25:00+05:30,0.9999999999999999,0.49999999999999994,0.0,0.0,0.9444444444444443,0.5277777777777778
2026-07-23 12:35:00+05:30,2026-07-23 12:40:00+05:30,2026-07-23 12:40:00+05:30,11,8,1.0,2.7755575615628914e-17,1.0,1.0,2.0,1,5.0,2026-07-23 12:30:00+05:30,1.2121212121212122,0.6060606060606061,0.0,0.0,1.1685606060606062,0.4147727272727273
2026-07-23 12:40:00+05:30,2026-07-23 12:45:00+05:30,2026-07-23 12:45:00+05:30,9,10,1.0,-5.551115123125783e-17,1.0,1.0,2.0,1,5.0,2026-07-23 12:35:00+05:30,1.1454545454545457,0.5727272727272729,0.0,0.0,1.044949494949495,0.47777777777777775
2026-07-23 12:45:00+05:30,2026-07-23 12:50:00+05:30,2026-07-23 12:50:00+05:30,10,9,1.0,5.551115123125783e-17,1.0,1.0,2.0,1,5.0,2026-07-23 12:40:00+05:30,0.7999999999999999,0.39999999999999997,0.0,0.0,0.7333333333333333,0.6333333333333334
2026-07-23 12:50:00+05:30,2026-07-23 12:55:00+05:30,2026-07-23 12:55:00+05:30,11,8,1.0,1.3877787807814457e-17,1.0,1.0,2.0,1,5.0,2026-07-23 12:45:00+05:30,1.4141414141414141,0.7070707070707071,0.0,0.0,1.3820707070707072,0.3068181818181818
2026-07-23 12:55:00+05:30,2026-07-23 13:00:00+05:30,2026-07-23 13:00:00+05:30,9,10,1.0,-4.163336342344337e-17,1.0,1.0,2.0,1,5.0,2026-07-23 12:50:00+05:30,1.3363636363636364,0.6681818181818182,0.0,0.0,1.2584595959595961,0.37222222222222223
2026-07-23 13:00:00+05:30,2026-07-23 13:05:00+05:30,2026-07-23 13:05:00+05:30,7,12,0.9999999999999998,1.3877787807814457e-17,1.0,1.0,2.0,1,5.0,2026-07-23 12:55:00+05:30,1.5555555555555558,0.7777777777777779,0.0,0.0,1.5063492063492063,0.23809523809523805
2026-07-23 13:05:00+05:30,2026-07-23 13:10:00+05:30,2026-07-23 13:10:00+05:30,10,9,1.0,5.551115123125783e-17,1.0,1.0,2.0,1,5.0,2026-07-23 13:00:00+05:30,1.65,0.825,0.0,0.0,1.586904761904762,0.21666666666666665
2026-07-23 13:10:00+05:30,2026-07-23 13:15:00+05:30,2026-07-23 13:15:00+05:30,10,9,1.0,5.551115123125783e-17,1.0,1.0,2.0,1,5.0,2026-07-23 13:05:00+05:30,0.6333333333333333,0.31666666666666665,0.0,0.0,0.6333333333333333,0.6833333333333333
2026-07-23 13:15:00+05:30,2026-07-23 13:20:00+05:30,2026-07-23 13:20:00+05:30,9,10,1.0,-4.163336342344337e-17,1.0,1.0,2.0,1,5.0,2026-07-23 13:10:00+05:30,0.9999999999999999,0.49999999999999994,0.0,0.0,0.9444444444444444,0.5277777777777778
2026-07-23 13:20:00+05:30,2026-07-23 13:25:00+05:30,2026-07-23 13:25:00+05:30,8,11,0.9999999999999999,-2.7755575615628914e-17,1.0,1.0,2.0,1,5.0,2026-07-23 13:15:00+05:30,1.4141414141414141,0.7070707070707071,0.0,0.0,1.3820707070707072,0.3068181818181818
2026-07-23 13:25:00+05:30,2026-07-23 13:30:00+05:30,2026-07-23 13:30:00+05:30,8,11,1.0,-1.3877787807814457e-17,1.0,1.0,2.0,1,5.0,2026-07-23 13:20:00+05:30,0.8636363636363635,0.43181818181818177,0.0,0.0,0.8636363636363635,0.5681818181818181
2026-07-23 13:30:00+05:30,2026-07-23 13:35:00+05:30,2026-07-23 13:35:00+05:30,13,6,1.0,5.551115123125783e-17,1.0,1.0,2.0,1,5.0,2026-07-23 13:25:00+05:30,1.3426573426573425,0.6713286713286712,0.0,0.0,1.1088286713286715,0.4423076923076923
2026-07-23 13:35:00+05:30,2026-07-23 13:40:00+05:30,2026-07-23 13:40:00+05:30,7,12,0.9999999999999998,1.3877787807814457e-17,1.0,1.0,2.0,1,5.0,2026-07-23 13:30:00+05:30,1.442307692307692,0.721153846153846,0.0,0.0,1.1854395604395602,0.4107142857142857
2026-07-23 13:40:00+05:30,2026-07-23 13:45:00+05:30,2026-07-23 13:45:00+05:30,12,7,0.9999999999999998,0.0,1.0,1.0,2.0,1,5.0,2026-07-23 13:35:00+05:30,1.333333333333333,0.6666666666666665,0.0,0.0,1.0952380952380951,0.45238095238095233
2026-07-23 13:45:00+05:30,2026-07-23 13:50:00+05:30,2026-07-23 13:50:00+05:30,9,10,1.0,-4.163336342344337e-17,1.0,1.0,2.0,1,5.0,2026-07-23 13:40:00+05:30,0.9166666666666666,0.4583333333333333,0.0,0.0,0.7123015873015873,0.638888888888889
2026-07-23 13:50:00+05:30,2026-07-23 13:55:00+05:30,2026-07-23 13:55:00+05:30,9,10,1.0,-4.163336342344337e-17,1.0,1.0,2.0,1,5.0,2026-07-23 13:45:00+05:30,0.6333333333333333,0.31666666666666665,0.0,0.0,0.6333333333333333,0.6833333333333333
2026-07-23 13:55:00+05:30,2026-07-23 14:00:00+05:30,2026-07-23 14:00:00+05:30,13,6,0.9999999999999999,5.551115123125783e-17,1.0,1.0,2.0,1,5.0,2026-07-23 13:50:00+05:30,1.5923076923076922,0.7961538461538461,0.0,0.0,1.4905982905982906,0.23717948717948717
2026-07-23 14:00:00+05:30,2026-07-23 14:05:00+05:30,2026-07-23 14:05:00+05:30,10,9,1.0,5.551115123125783e-17,1.0,1.0,2.0,1,5.0,2026-07-23 13:55:00+05:30,1.1282051282051282,0.5641025641025641,0.0,0.0,0.964102564102564,0.5166666666666667
2026-07-23 14:05:00+05:30,2026-07-23 14:10:00+05:30,2026-07-23 14:10:00+05:30,6,13,1.0,-2.7755575615628914e-17,1.0,1.0,2.0,1,5.0,2026-07-23 14:00:00+05:30,1.2384615384615385,0.6192307692307693,0.0,0.0,1.0358974358974358,0.4807692307692307
2026-07-23 14:10:00+05:30,2026-07-23 14:15:00+05:30,2026-07-23 14:15:00+05:30,7,12,0.9999999999999998,0.0,1.0,1.0,2.0,1,5.0,2026-07-23 14:05:00+05:30,1.3186813186813184,0.6593406593406592,0.0,0.0,1.2843406593406592,0.363095238095238
2026-07-23 14:15:00+05:30,2026-07-23 14:20:00+05:30,2026-07-23 14:20:00+05:30,11,8,1.0,2.7755575615628914e-17,1.0,1.0,2.0,1,5.0,2026-07-23 14:10:00+05:30,1.2196969696969695,0.6098484848484848,0.0,0.0,1.0116341991341993,0.4943181818181818
2026-07-23 14:20:00+05:30,2026-07-23 14:25:00+05:30,2026-07-23 14:25:00+05:30,10,9,1.0,5.551115123125783e-17,1.0,1.0,2.0,1,5.0,2026-07-23 14:15:00+05:30,1.2121212121212122,0.6060606060606061,0.0,0.0,1.1685606060606062,0.4166666666666667
2026-07-23 14:25:00+05:30,2026-07-23 14:30:00+05:30,2026-07-23 14:30:00+05:30,8,11,1.0,-2.7755575615628914e-17,1.0,1.0,2.0,1,5.0,2026-07-23 14:20:00+05:30,1.7181818181818183,0.8590909090909091,0.0,0.0,1.6854797979797982,0.1534090909090909
2026-07-23 14:30:00+05:30,2026-07-23 14:35:00+05:30,2026-07-23 14:35:00+05:30,10,9,1.0,5.551115123125783e-17,1.0,1.0,2.0,1,5.0,2026-07-23 14:25:00+05:30,0.7636363636363636,0.3818181818181818,0.0,0.0,0.617929292929293,0.6888888888888889
2026-07-23 14:35:00+05:30,2026-07-23 14:40:00+05:30,2026-07-23 14:40:00+05:30,6,13,0.9999999999999999,-5.551115123125783e-17,1.0,1.0,2.0,1,5.0,2026-07-23 14:30:00+05:30,1.769230769230769,0.8846153846153845,0.0,0.0,1.7179487179487178,0.11538461538461539
2026-07-23 14:40:00+05:30,2026-07-23 14:45:00+05:30,2026-07-23 14:45:00+05:30,8,11,1.0,-1.3877787807814457e-17,1.0,1.0,2.0,1,5.0,2026-07-23 14:35:00+05:30,1.0096153846153846,0.5048076923076923,0.0,0.0,0.8911713286713286,0.5511363636363635
2026-07-23 14:45:00+05:30,2026-07-23 14:50:00+05:30,2026-07-23 14:50:00+05:30,9,10,1.0,-5.551115123125783e-17,1.0,1.0,2.0,1,5.0,2026-07-23 14:40:00+05:30,0.8080808080808081,0.40404040404040403,0.0,0.0,0.7415404040404041,0.6277777777777779
2026-07-23 14:50:00+05:30,2026-07-23 14:55:00+05:30,2026-07-23 14:55:00+05:30,10,9,1.0,5.551115123125783e-17,1.0,1.0,2.0,1,5.0,2026-07-23 14:45:00+05:30,1.2000000000000002,0.6000000000000001,0.0,0.0,1.1555555555555557,0.42222222222222217
2026-07-23 14:55:00+05:30,2026-07-23 15:00:00+05:30,2026-07-23 15:00:00+05:30,9,10,1.0,-4.163336342344337e-17,1.0,1.0,2.0,1,5.0,2026-07-23 14:50:00+05:30,1.4000000000000001,0.7000000000000001,0.0,0.0,1.3666666666666667,0.31666666666666665
2026-07-23 15:00:00+05:30,2026-07-23 15:05:00+05:30,2026-07-23 15:05:00+05:30,10,9,1.0,4.163336342344337e-17,1.0,1.0,2.0,1,5.0,2026-07-23 14:55:00+05:30,1.2,0.6,0.0,0.0,1.1555555555555554,0.4222222222222222
2026-07-23 15:05:00+05:30,2026-07-23 15:10:00+05:30,2026-07-23 15:10:00+05:30,11,8,1.0,0.0,1.0,1.0,2.0,1,5.0,2026-07-23 15:00:00+05:30,0.8080808080808081,0.40404040404040403,0.0,0.0,0.7415404040404041,0.6306818181818181
2026-07-23 15:10:00+05:30,2026-07-23 15:15:00+05:30,2026-07-23 15:15:00+05:30,8,11,1.0,-2.7755575615628914e-17,1.0,1.0,2.0,1,5.0,2026-07-23 15:05:00+05:30,1.090909090909091,0.5454545454545455,0.0,0.0,0.9204545454545454,0.5397727272727273
2026-07-23 15:15:00+05:30,2026-07-23 15:20:00+05:30,2026-07-23 15:20:00+05:30,8,11,1.0,-2.7755575615628914e-17,1.0,1.0,2.0,1,5.0,2026-07-23 15:10:00+05:30,1.0795454545454546,0.5397727272727273,0.0,0.0,1.0795454545454546,0.4602272727272727
2026-07-23 15:20:00+05:30,2026-07-23 15:25:00+05:30,2026-07-23 15:25:00+05:30,10,9,1.0,5.551115123125783e-17,1.0,1.0,2.0,1,5.0,2026-07-23 15:15:00+05:30,0.7636363636363636,0.3818181818181818,0.0,0.0,0.617929292929293,0.6888888888888889
2026-07-24 09:15:00+05:30,2026-07-24 09:20:00+05:30,2026-07-24 09:20:00+05:30,9,10,1.0,-5.551115123125783e-17,1.0,1.0,2.0,1,5.0,2026-07-23 15:20:00+05:30,0.5999999999999999,0.29999999999999993,0.0,0.0,0.5222222222222223,0.7388888888888889
2026-07-24 09:20:00+05:30,2026-07-24 09:25:00+05:30,2026-07-24 09:25:00+05:30,10,9,1.0,4.163336342344337e-17,1.0,1.0,2.0,1,5.0,2026-07-24 09:15:00+05:30,0.9999999999999999,0.49999999999999994,0.0,0.0,0.9444444444444444,0.5277777777777779
2026-07-24 09:25:00+05:30,2026-07-24 09:30:00+05:30,2026-07-24 09:30:00+05:30,11,8,1.0,0.0,1.0,1.0,2.0,1,5.0,2026-07-24 09:20:00+05:30,0.8080808080808082,0.4040404040404041,0.0,0.0,0.7415404040404041,0.6306818181818182
2026-07-24 09:30:00+05:30,2026-07-24 09:35:00+05:30,2026-07-24 09:35:00+05:30,7,12,0.9999999999999998,0.0,1.0,1.0,2.0,1,5.0,2026-07-24 09:25:00+05:30,1.3939393939393938,0.6969696969696969,0.0,0.0,1.2326839826839828,0.38095238095238093
2026-07-24 09:35:00+05:30,2026-07-24 09:40:00+05:30,2026-07-24 09:40:00+05:30,7,12,0.9999999999999998,1.3877787807814457e-17,1.0,1.0,2.0,1,5.0,2026-07-24 09:30:00+05:30,1.130952380952381,0.5654761904761905,0.0,0.0,1.130952380952381,0.4345238095238095
2026-07-24 09:40:00+05:30,2026-07-24 09:45:00+05:30,2026-07-24 09:45:00+05:30,12,7,0.9999999999999998,-1.3877787807814457e-17,1.0,1.0,2.0,1,5.0,2026-07-24 09:35:00+05:30,1.6666666666666663,0.8333333333333331,0.0,0.0,1.5476190476190472,0.22619047619047616
2026-07-24 09:45:00+05:30,2026-07-24 09:50:00+05:30,2026-07-24 09:50:00+05:30,15,4,0.9999999999999999,-2.0816681711721685e-17,1.0,1.0,2.0,1,5.0,2026-07-24 09:40:00+05:30,1.0476190476190477,0.5238095238095238,0.0,0.0,0.8571428571428571,0.5833333333333333
2026-07-24 09:50:00+05:30,2026-07-24 09:55:00+05:30,2026-07-24 09:55:00+05:30,8,11,1.0,-1.3877787807814457e-17,1.0,1.0,2.0,1,5.0,2026-07-24 09:45:00+05:30,1.575757575757576,0.787878787878788,0.0,0.0,1.3503787878787878,0.35795454545454547
2026-07-24 09:55:00+05:30,2026-07-24 10:00:00+05:30,2026-07-24 10:00:00+05:30,7,12,0.9999999999999998,1.3877787807814457e-17,1.0,1.0,2.0,1,5.0,2026-07-24 09:50:00+05:30,1.2500000000000002,0.6250000000000001,0.0,0.0,1.2094155844155845,0.39285714285714285
2026-07-24 10:00:00+05:30,2026-07-24 10:05:00+05:30,2026-07-24 10:05:00+05:30,8,11,0.9999999999999999,-1.3877787807814457e-17,1.0,1.0,2.0,1,5.0,2026-07-24 09:55:00+05:30,1.2500000000000004,0.6250000000000002,0.0,0.0,1.2094155844155843,0.39772727272727276
2026-07-24 10:05:00+05:30,2026-07-24 10:10:00+05:30,2026-07-24 10:10:00+05:30,7,12,0.9999999999999998,0.0,1.0,1.0,2.0,1,5.0,2026-07-24 10:00:00+05:30,1.25,0.625,0.0,0.0,1.2094155844155843,0.3928571428571429
2026-07-24 10:10:00+05:30,2026-07-24 10:15:00+05:30,2026-07-24 10:15:00+05:30,10,9,1.0,5.551115123125783e-17,1.0,1.0,2.0,1,5.0,2026-07-24 10:05:00+05:30,1.1,0.55,0.0,0.0,0.930952380952381,0.5333333333333333
2026-07-24 10:15:00+05:30,2026-07-24 10:20:00+05:30,2026-07-24 10:20:00+05:30,8,11,1.0,0.0,1.0,1.0,2.0,1,5.0,2026-07-24 10:10:00+05:30,1.1454545454545455,0.5727272727272728,0.0,0.0,1.044949494949495,0.4772727272727273
2026-07-24 10:20:00+05:30,2026-07-24 10:25:00+05:30,2026-07-24 10:25:00+05:30,5,14,1.0,6.938893903907228e-17,1.0,1.0,2.0,1,5.0,2026-07-24 10:15:00+05:30,1.1785714285714288,0.5892857142857144,0.0,0.0,1.0256493506493507,0.48571428571428565
2026-07-24 10:25:00+05:30,2026-07-24 10:30:00+05:30,2026-07-24 10:30:00+05:30,9,10,1.0,-4.163336342344337e-17,1.0,1.0,2.0,1,5.0,2026-07-24 10:20:00+05:30,1.0952380952380953,0.5476190476190477,0.0,0.0,0.8476190476190477,0.5666666666666667
2026-07-24 10:30:00+05:30,2026-07-24 10:35:00+05:30,2026-07-24 10:35:00+05:30,9,10,1.0,-5.551115123125783e-17,1.0,1.0,2.0,1,5.0,2026-07-24 10:25:00+05:30,0.6333333333333333,0.31666666666666665,0.0,0.0,0.6333333333333333,0.6833333333333333
2026-07-24 10:35:00+05:30,2026-07-24 10:40:00+05:30,2026-07-24 10:40:00+05:30,9,10,1.0,-5.551115123125783e-17,1.0,1.0,2.0,1,5.0,2026-07-24 10:30:00+05:30,1.688888888888889,0.8444444444444446,0.0,0.0,1.688888888888889,0.15555555555555556
2026-07-24 10:40:00+05:30,2026-07-24 10:45:00+05:30,2026-07-24 10:45:00+05:30,7,12,0.9999999999999998,0.0,1.0,1.0,2.0,1,5.0,2026-07-24 10:35:00+05:30,1.361111111111111,0.6805555555555555,0.0,0.0,1.2876984126984126,0.3511904761904762
2026-07-24 10:45:00+05:30,2026-07-24 10:50:00+05:30,2026-07-24 10:50:00+05:30,8,11,1.0,-1.3877787807814457e-17,1.0,1.0,2.0,1,5.0,2026-07-24 10:40:00+05:30,1.2500000000000002,0.6250000000000001,0.0,0.0,1.2094155844155845,0.39772727272727276
2026-07-24 10:50:00+05:30,2026-07-24 10:55:00+05:30,2026-07-24 10:55:00+05:30,11,8,1.0,0.0,1.0,1.0,2.0,1,5.0,2026-07-24 10:45:00+05:30,0.9090909090909092,0.4545454545454546,0.0,0.0,0.7045454545454546,0.6477272727272727
2026-07-24 10:55:00+05:30,2026-07-24 11:00:00+05:30,2026-07-24 11:00:00+05:30,6,13,1.0,-6.938893903907228e-17,1.0,1.0,2.0,1,5.0,2026-07-24 10:50:00+05:30,1.3426573426573423,0.6713286713286711,0.0,0.0,1.1088286713286712,0.4423076923076923
2026-07-24 11:00:00+05:30,2026-07-24 11:05:00+05:30,2026-07-24 11:05:00+05:30,13,6,1.0,5.551115123125783e-17,1.0,1.0,2.0,1,5.0,2026-07-24 10:55:00+05:30,1.3846153846153846,0.6923076923076923,0.0,0.0,1.0256410256410258,0.48717948717948717
2026-07-24 11:05:00+05:30,2026-07-24 11:10:00+05:30,2026-07-24 11:10:00+05:30,11,8,1.0,1.3877787807814457e-17,1.0,1.0,2.0,1,5.0,2026-07-24 11:00:00+05:30,1.2115384615384615,0.6057692307692307,0.0,0.0,1.120920745920746,0.4431818181818182
2026-07-24 11:10:00+05:30,2026-07-24 11:15:00+05:30,2026-07-24 11:15:00+05:30,10,9,1.0,5.551115123125783e-17,1.0,1.0,2.0,1,5.0,2026-07-24 11:05:00+05:30,1.2121212121212122,0.6060606060606061,0.0,0.0,1.168560606060606,0.41666666666666663
2026-07-24 11:15:00+05:30,2026-07-24 11:20:00+05:30,2026-07-24 11:20:00+05:30,11,8,1.0,1.3877787807814457e-17,1.0,1.0,2.0,1,5.0,2026-07-24 11:10:00+05:30,0.8080808080808081,0.40404040404040403,0.0,0.0,0.7415404040404041,0.6306818181818181
2026-07-24 11:20:00+05:30,2026-07-24 11:25:00+05:30,2026-07-24 11:25:00+05:30,10,9,1.0,4.163336342344337e-17,1.0,1.0,2.0,1,5.0,2026-07-24 11:15:00+05:30,0.8080808080808081,0.40404040404040403,0.0,0.0,0.7415404040404041,0.6277777777777778
2026-07-24 11:25:00+05:30,2026-07-24 11:30:00+05:30,2026-07-24 11:30:00+05:30,11,8,1.0,2.7755575615628914e-17,1.0,1.0,2.0,1,5.0,2026-07-24 11:20:00+05:30,1.0101010101010102,0.5050505050505051,0.0,0.0,0.9550505050505051,0.5227272727272727
2026-07-24 11:30:00+05:30,2026-07-24 11:35:00+05:30,2026-07-24 11:35:00+05:30,9,10,1.0000000000000002,-4.163336342344337e-17,1.0,1.0,2.0,1,5.0,2026-07-24 11:25:00+05:30,1.1454545454545455,0.5727272727272728,0.0,0.0,1.044949494949495,0.47777777777777775
2026-07-24 11:35:00+05:30,2026-07-24 11:40:00+05:30,2026-07-24 11:40:00+05:30,13,6,0.9999999999999999,5.551115123125783e-17,1.0,1.0,2.0,1,5.0,2026-07-24 11:30:00+05:30,1.5923076923076922,0.7961538461538461,0.0,0.0,1.4905982905982904,0.2371794871794872
2026-07-24 11:40:00+05:30,2026-07-24 11:45:00+05:30,2026-07-24 11:45:00+05:30,12,7,0.9999999999999998,-1.3877787807814457e-17,1.0,1.0,2.0,1,5.0,2026-07-24 11:35:00+05:30,0.4395604395604395,0.21978021978021975,0.0,0.0,0.3447802197802198,0.8154761904761904
2026-07-24 11:45:00+05:30,2026-07-24 11:50:00+05:30,2026-07-24 11:50:00+05:30,11,8,1.0,1.3877787807814457e-17,1.0,1.0,2.0,1,5.0,2026-07-24 11:40:00+05:30,1.4583333333333337,0.7291666666666669,0.0,0.0,1.430465367965368,0.2897727272727273
2026-07-24 11:50:00+05:30,2026-07-24 11:55:00+05:30,2026-07-24 11:55:00+05:30,10,9,1.0,4.163336342344337e-17,1.0,1.0,2.0,1,5.0,2026-07-24 11:45:00+05:30,0.8080808080808081,0.40404040404040403,0.0,0.0,0.7415404040404041,0.6277777777777779
2026-07-24 11:55:00+05:30,2026-07-24 12:00:00+05:30,2026-07-24 12:00:00+05:30,12,7,0.9999999999999998,0.0,1.0,1.0,2.0,1,5.0,2026-07-24 11:50:00+05:30,0.9722222222222222,0.4861111111111111,0.0,0.0,0.8503968253968254,0.5773809523809523
2026-07-24 12:00:00+05:30,2026-07-24 12:05:00+05:30,2026-07-24 12:05:00+05:30,10,9,1.0,5.551115123125783e-17,1.0,1.0,2.0,1,5.0,2026-07-24 11:55:00+05:30,1.5555555555555558,0.7777777777777779,0.0,0.0,1.5063492063492063,0.25555555555555554
2026-07-24 12:05:00+05:30,2026-07-24 12:10:00+05:30,2026-07-24 12:10:00+05:30,7,12,0.9999999999999998,1.3877787807814457e-17,1.0,1.0,2.0,1,5.0,2026-07-24 12:00:00+05:30,0.9166666666666666,0.4583333333333333,0.0,0.0,0.7123015873015873,0.6488095238095237
2026-07-24 12:10:00+05:30,2026-07-24 12:15:00+05:30,2026-07-24 12:15:00+05:30,9,10,1.0,-5.551115123125783e-17,1.0,1.0,2.0,1,5.0,2026-07-24 12:05:00+05:30,1.3611111111111112,0.6805555555555556,0.0,0.0,1.2876984126984126,0.3611111111111111
2026-07-24 12:15:00+05:30,2026-07-24 12:20:00+05:30,2026-07-24 12:20:00+05:30,11,8,0.9999999999999999,1.3877787807814457e-17,1.0,1.0,2.0,1,5.0,2026-07-24 12:10:00+05:30,0.9545454545454545,0.47727272727272724,0.0,0.0,0.831439393939394,0.5852272727272727
2026-07-24 12:20:00+05:30,2026-07-24 12:25:00+05:30,2026-07-24 12:25:00+05:30,11,8,0.9999999999999999,0.0,1.0,1.0,2.0,1,5.0,2026-07-24 12:15:00+05:30,0.6477272727272727,0.32386363636363635,0.0,0.0,0.6477272727272727,0.6761363636363635
2026-07-24 12:25:00+05:30,2026-07-24 12:30:00+05:30,2026-07-24 12:30:00+05:30,11,8,1.0,1.3877787807814457e-17,1.0,1.0,2.0,1,5.0,2026-07-24 12:20:00+05:30,1.0795454545454546,0.5397727272727273,0.0,0.0,1.0795454545454546,0.46022727272727276
2026-07-24 12:30:00+05:30,2026-07-24 12:35:00+05:30,2026-07-24 12:35:00+05:30,11,8,1.0,1.3877787807814457e-17,1.0,1.0,2.0,1,5.0,2026-07-24 12:25:00+05:30,1.5113636363636362,0.7556818181818181,0.0,0.0,1.5113636363636362,0.24431818181818182
2026-07-24 12:35:00+05:30,2026-07-24 12:40:00+05:30,2026-07-24 12:40:00+05:30,10,9,1.0,4.163336342344337e-17,1.0,1.0,2.0,1,5.0,2026-07-24 12:30:00+05:30,1.2121212121212124,0.6060606060606062,0.0,0.0,1.1685606060606062,0.4166666666666667
2026-07-24 12:40:00+05:30,2026-07-24 12:45:00+05:30,2026-07-24 12:45:00+05:30,9,10,1.0,-5.551115123125783e-17,1.0,1.0,2.0,1,5.0,2026-07-24 12:35:00+05:30,1.2,0.6,0.0,0.0,1.1555555555555557,0.4222222222222223
2026-07-24 12:45:00+05:30,2026-07-24 12:50:00+05:30,2026-07-24 12:50:00+05:30,7,12,0.9999999999999998,-6.938893903907228e-18,1.0,1.0,2.0,1,5.0,2026-07-24 12:40:00+05:30,1.1666666666666665,0.5833333333333333,0.0,0.0,1.069047619047619,0.46428571428571425
2026-07-24 12:50:00+05:30,2026-07-24 12:55:00+05:30,2026-07-24 12:55:00+05:30,10,9,1.0,5.551115123125783e-17,1.0,1.0,2.0,1,5.0,2026-07-24 12:45:00+05:30,0.7333333333333334,0.3666666666666667,0.0,0.0,0.4936507936507937,0.7444444444444445
2026-07-24 12:55:00+05:30,2026-07-24 13:00:00+05:30,2026-07-24 13:00:00+05:30,11,8,1.0,1.3877787807814457e-17,1.0,1.0,2.0,1,5.0,2026-07-24 12:50:00+05:30,1.2121212121212122,0.6060606060606061,0.0,0.0,1.1685606060606062,0.4147727272727273
2026-07-24 13:00:00+05:30,2026-07-24 13:05:00+05:30,2026-07-24 13:05:00+05:30,11,8,1.0,2.7755575615628914e-17,1.0,1.0,2.0,1,5.0,2026-07-24 12:55:00+05:30,1.2954545454545454,0.6477272727272727,0.0,0.0,1.2954545454545454,0.3522727272727273
2026-07-24 13:05:00+05:30,2026-07-24 13:10:00+05:30,2026-07-24 13:10:00+05:30,11,8,1.0,1.3877787807814457e-17,1.0,1.0,2.0,1,5.0,2026-07-24 13:00:00+05:30,1.2954545454545454,0.6477272727272727,0.0,0.0,1.2954545454545454,0.3522727272727273
2026-07-24 13:10:00+05:30,2026-07-24 13:15:00+05:30,2026-07-24 13:15:00+05:30,8,11,1.0,0.0,1.0,1.0,2.0,1,5.0,2026-07-24 13:05:00+05:30,1.272727272727273,0.6363636363636365,0.0,0.0,1.1363636363636362,0.4318181818181818
2026-07-24 13:15:00+05:30,2026-07-24 13:20:00+05:30,2026-07-24 13:20:00+05:30,9,10,1.0,-5.551115123125783e-17,1.0,1.0,2.0,1,5.0,2026-07-24 13:10:00+05:30,1.2121212121212122,0.6060606060606061,0.0,0.0,1.1685606060606062,0.41666666666666663
2026-07-24 13:20:00+05:30,2026-07-24 13:25:00+05:30,2026-07-24 13:25:00+05:30,11,8,0.9999999999999999,1.3877787807814457e-17,1.0,1.0,2.0,1,5.0,2026-07-24 13:15:00+05:30,1.1454545454545455,0.5727272727272728,0.0,0.0,1.044949494949495,0.4772727272727273
2026-07-24 13:25:00+05:30,2026-07-24 13:30:00+05:30,2026-07-24 13:30:00+05:30,9,10,1.0,-4.163336342344337e-17,1.0,1.0,2.0,1,5.0,2026-07-24 13:20:00+05:30,1.3363636363636364,0.6681818181818182,0.0,0.0,1.2584595959595961,0.37222222222222223
2026-07-24 13:30:00+05:30,2026-07-24 13:35:00+05:30,2026-07-24 13:35:00+05:30,10,9,1.0,5.551115123125783e-17,1.0,1.0,2.0,1,5.0,2026-07-24 13:25:00+05:30,0.7999999999999999,0.39999999999999997,0.0,0.0,0.7333333333333334,0.6333333333333334
2026-07-24 13:35:00+05:30,2026-07-24 13:40:00+05:30,2026-07-24 13:40:00+05:30,10,9,1.0,4.163336342344337e-17,1.0,1.0,2.0,1,5.0,2026-07-24 13:30:00+05:30,1.0555555555555556,0.5277777777777778,0.0,0.0,1.0555555555555556,0.47222222222222215
2026-07-24 13:40:00+05:30,2026-07-24 13:45:00+05:30,2026-07-24 13:45:00+05:30,9,10,1.0,-5.551115123125783e-17,1.0,1.0,2.0,1,5.0,2026-07-24 13:35:00+05:30,1.4,0.7,0.0,0.0,1.3666666666666667,0.31666666666666665
2026-07-24 13:45:00+05:30,2026-07-24 13:50:00+05:30,2026-07-24 13:50:00+05:30,8,11,0.9999999999999999,-2.7755575615628914e-17,1.0,1.0,2.0,1,5.0,2026-07-24 13:40:00+05:30,1.4141414141414141,0.7070707070707071,0.0,0.0,1.3820707070707072,0.3068181818181819
2026-07-24 13:50:00+05:30,2026-07-24 13:55:00+05:30,2026-07-24 13:55:00+05:30,10,9,1.0,5.551115123125783e-17,1.0,1.0,2.0,1,5.0,2026-07-24 13:45:00+05:30,1.1454545454545453,0.5727272727272726,0.0,0.0,1.044949494949495,0.47777777777777775
2026-07-24 13:55:00+05:30,2026-07-24 14:00:00+05:30,2026-07-24 14:00:00+05:30,10,9,1.0,5.551115123125783e-17,1.0,1.0,2.0,1,5.0,2026-07-24 13:50:00+05:30,1.2666666666666668,0.6333333333333334,0.0,0.0,1.2666666666666668,0.3666666666666667
2026-07-24 14:00:00+05:30,2026-07-24 14:05:00+05:30,2026-07-24 14:05:00+05:30,10,9,1.0000000000000002,4.163336342344337e-17,1.0,1.0,2.0,1,5.0,2026-07-24 13:55:00+05:30,1.4777777777777779,0.7388888888888889,0.0,0.0,1.4777777777777779,0.2611111111111111
2026-07-24 14:05:00+05:30,2026-07-24 14:10:00+05:30,2026-07-24 14:10:00+05:30,11,8,1.0,2.7755575615628914e-17,1.0,1.0,2.0,1,5.0,2026-07-24 14:00:00+05:30,1.2121212121212124,0.6060606060606062,0.0,0.0,1.1685606060606062,0.4147727272727273
2026-07-24 14:10:00+05:30,2026-07-24 14:15:00+05:30,2026-07-24 14:15:00+05:30,12,7,0.9999999999999998,-1.3877787807814457e-17,1.0,1.0,2.0,1,5.0,2026-07-24 14:05:00+05:30,1.0416666666666667,0.5208333333333334,0.0,0.0,0.9883658008658008,0.5059523809523809
2026-07-24 14:15:00+05:30,2026-07-24 14:20:00+05:30,2026-07-24 14:20:00+05:30,10,9,1.0,4.163336342344337e-17,1.0,1.0,2.0,1,5.0,2026-07-24 14:10:00+05:30,0.9722222222222222,0.4861111111111111,0.0,0.0,0.8503968253968254,0.5722222222222223
2026-07-24 14:20:00+05:30,2026-07-24 14:25:00+05:30,2026-07-24 14:25:00+05:30,10,9,1.0,5.551115123125783e-17,1.0,1.0,2.0,1,5.0,2026-07-24 14:15:00+05:30,1.2666666666666668,0.6333333333333334,0.0,0.0,1.2666666666666668,0.3666666666666667
2026-07-24 14:25:00+05:30,2026-07-24 14:30:00+05:30,2026-07-24 14:30:00+05:30,6,13,1.0,-5.551115123125783e-17,1.0,1.0,2.0,1,5.0,2026-07-24 14:20:00+05:30,1.0615384615384613,0.5307692307692307,0.0,0.0,0.8085470085470086,0.6025641025641024
2026-07-24 14:30:00+05:30,2026-07-24 14:35:00+05:30,2026-07-24 14:35:00+05:30,8,11,1.0,-1.3877787807814457e-17,1.0,1.0,2.0,1,5.0,2026-07-24 14:25:00+05:30,1.2115384615384617,0.6057692307692308,0.0,0.0,1.120920745920746,0.4431818181818182
2026-07-24 14:35:00+05:30,2026-07-24 14:40:00+05:30,2026-07-24 14:40:00+05:30,11,8,1.0,2.7755575615628914e-17,1.0,1.0,2.0,1,5.0,2026-07-24 14:30:00+05:30,1.2727272727272727,0.6363636363636364,0.0,0.0,1.1363636363636362,0.4318181818181818
2026-07-24 14:40:00+05:30,2026-07-24 14:45:00+05:30,2026-07-24 14:45:00+05:30,9,10,1.0,-5.551115123125783e-17,1.0,1.0,2.0,1,5.0,2026-07-24 14:35:00+05:30,1.3363636363636362,0.6681818181818181,0.0,0.0,1.2584595959595961,0.37222222222222223
2026-07-24 14:45:00+05:30,2026-07-24 14:50:00+05:30,2026-07-24 14:50:00+05:30,14,5,1.0000000000000002,-5.551115123125783e-17,1.0,1.0,2.0,1,5.0,2026-07-24 14:40:00+05:30,1.5428571428571425,0.7714285714285712,0.0,0.0,1.3936507936507936,0.2785714285714285
2026-07-24 14:50:00+05:30,2026-07-24 14:55:00+05:30,2026-07-24 14:55:00+05:30,9,10,1.0,-5.551115123125783e-17,1.0,1.0,2.0,1,5.0,2026-07-24 14:45:00+05:30,1.5428571428571427,0.7714285714285714,0.0,0.0,1.3936507936507936,0.3277777777777777
2026-07-24 14:55:00+05:30,2026-07-24 15:00:00+05:30,2026-07-24 15:00:00+05:30,9,10,1.0,-5.551115123125783e-17,1.0,1.0,2.0,1,5.0,2026-07-24 14:50:00+05:30,0.8444444444444444,0.4222222222222222,0.0,0.0,0.8444444444444444,0.5777777777777777
2026-07-24 15:00:00+05:30,2026-07-24 15:05:00+05:30,2026-07-24 15:05:00+05:30,12,7,0.9999999999999998,0.0,1.0,1.0,2.0,1,5.0,2026-07-24 14:55:00+05:30,0.7333333333333333,0.36666666666666664,0.0,0.0,0.4936507936507937,0.7619047619047618
2026-07-24 15:05:00+05:30,2026-07-24 15:10:00+05:30,2026-07-24 15:10:00+05:30,11,8,1.0,1.3877787807814457e-17,1.0,1.0,2.0,1,5.0,2026-07-24 15:00:00+05:30,1.25,0.625,0.0,0.0,1.2094155844155843,0.39772727272727276
2026-07-24 15:10:00+05:30,2026-07-24 15:15:00+05:30,2026-07-24 15:15:00+05:30,10,9,1.0,4.163336342344337e-17,1.0,1.0,2.0,1,5.0,2026-07-24 15:05:00+05:30,1.6161616161616161,0.8080808080808081,0.0,0.0,1.5955808080808083,0.20555555555555555
2026-07-24 15:15:00+05:30,2026-07-24 15:20:00+05:30,2026-07-24 15:20:00+05:30,11,8,0.9999999999999999,1.3877787807814457e-17,1.0,1.0,2.0,1,5.0,2026-07-24 15:10:00+05:30,1.0101010101010102,0.5050505050505051,0.0,0.0,0.955050505050505,0.5227272727272727
2026-07-24 15:20:00+05:30,2026-07-24 15:25:00+05:30,2026-07-24 15:25:00+05:30,6,13,0.9999999999999999,-8.326672684688674e-17,1.0,1.0,2.0,1,5.0,2026-07-24 15:15:00+05:30,1.1748251748251748,0.5874125874125874,0.0,0.0,0.8790792540792542,0.5641025641025641
2026-07-27 09:15:00+05:30,2026-07-27 09:20:00+05:30,2026-07-27 09:20:00+05:30,8,11,1.0,-2.7755575615628914e-17,1.0,1.0,2.0,1,5.0,2026-07-24 15:20:00+05:30,1.0096153846153846,0.5048076923076923,0.0,0.0,0.8911713286713286,0.5511363636363636
2026-07-27 09:20:00+05:30,2026-07-27 09:25:00+05:30,2026-07-27 09:25:00+05:30,9,10,1.0,-5.551115123125783e-17,1.0,1.0,2.0,1,5.0,2026-07-27 09:15:00+05:30,1.0101010101010102,0.5050505050505051,0.0,0.0,0.955050505050505,0.5222222222222221
2026-07-27 09:25:00+05:30,2026-07-27 09:30:00+05:30,2026-07-27 09:30:00+05:30,10,9,1.0,5.551115123125783e-17,1.0,1.0,2.0,1,5.0,2026-07-27 09:20:00+05:30,0.9999999999999998,0.4999999999999999,0.0,0.0,0.9444444444444444,0.5277777777777778
2026-07-27 09:30:00+05:30,2026-07-27 09:35:00+05:30,2026-07-27 09:35:00+05:30,13,6,0.9999999999999999,6.938893903907228e-17,1.0,1.0,2.0,1,5.0,2026-07-27 09:25:00+05:30,1.1282051282051282,0.5641025641025641,0.0,0.0,0.964102564102564,0.5192307692307693
2026-07-27 09:35:00+05:30,2026-07-27 09:40:00+05:30,2026-07-27 09:40:00+05:30,12,7,0.9999999999999998,0.0,1.0,1.0,2.0,1,5.0,2026-07-27 09:30:00+05:30,0.8791208791208791,0.43956043956043955,0.0,0.0,0.8145604395604396,0.5892857142857143
2026-07-27 09:40:00+05:30,2026-07-27 09:45:00+05:30,2026-07-27 09:45:00+05:30,11,8,0.9999999999999999,2.7755575615628914e-17,1.0,1.0,2.0,1,5.0,2026-07-27 09:35:00+05:30,1.0416666666666665,0.5208333333333333,0.0,0.0,0.9883658008658008,0.5056818181818182
2026-07-27 09:45:00+05:30,2026-07-27 09:50:00+05:30,2026-07-27 09:50:00+05:30,6,13,0.9999999999999999,-5.551115123125783e-17,1.0,1.0,2.0,1,5.0,2026-07-27 09:40:00+05:30,1.5104895104895104,0.7552447552447552,0.0,0.0,1.3385780885780885,0.3205128205128205
2026-07-27 09:50:00+05:30,2026-07-27 09:55:00+05:30,2026-07-27 09:55:00+05:30,8,11,1.0,-1.3877787807814457e-17,1.0,1.0,2.0,1,5.0,2026-07-27 09:45:00+05:30,1.4134615384615388,0.7067307692307694,0.0,0.0,1.3506701631701632,0.33522727272727276
2026-07-27 09:55:00+05:30,2026-07-27 10:00:00+05:30,2026-07-27 10:00:00+05:30,10,9,1.0,5.551115123125783e-17,1.0,1.0,2.0,1,5.0,2026-07-27 09:50:00+05:30,1.5272727272727276,0.7636363636363638,0.0,0.0,1.4719696969696972,0.26666666666666666
2026-07-27 10:00:00+05:30,2026-07-27 10:05:00+05:30,2026-07-27 10:05:00+05:30,13,6,1.0,4.163336342344337e-17,1.0,1.0,2.0,1,5.0,2026-07-27 09:55:00+05:30,1.3162393162393164,0.6581196581196582,0.0,0.0,1.1914529914529917,0.3974358974358974
2026-07-27 10:05:00+05:30,2026-07-27 10:10:00+05:30,2026-07-27 10:10:00+05:30,10,9,1.0,4.163336342344337e-17,1.0,1.0,2.0,1,5.0,2026-07-27 10:00:00+05:30,1.1282051282051282,0.5641025641025641,0.0,0.0,0.9641025641025641,0.5166666666666666
2026-07-27 10:10:00+05:30,2026-07-27 10:15:00+05:30,2026-07-27 10:15:00+05:30,9,10,1.0,-5.551115123125783e-17,1.0,1.0,2.0,1,5.0,2026-07-27 10:05:00+05:30,1.2,0.6,0.0,0.0,1.1555555555555557,0.4222222222222223
2026-07-27 10:15:00+05:30,2026-07-27 10:20:00+05:30,2026-07-27 10:20:00+05:30,9,10,1.0,-4.163336342344337e-17,1.0,1.0,2.0,1,5.0,2026-07-27 10:10:00+05:30,1.2666666666666668,0.6333333333333334,0.0,0.0,1.2666666666666668,0.3666666666666667
2026-07-27 10:20:00+05:30,2026-07-27 10:25:00+05:30,2026-07-27 10:25:00+05:30,9,10,1.0,-4.163336342344337e-17,1.0,1.0,2.0,1,5.0,2026-07-27 10:15:00+05:30,1.0555555555555556,0.5277777777777778,0.0,0.0,1.0555555555555556,0.47222222222222227
2026-07-27 10:25:00+05:30,2026-07-27 10:30:00+05:30,2026-07-27 10:30:00+05:30,12,7,0.9999999999999998,0.0,1.0,1.0,2.0,1,5.0,2026-07-27 10:20:00+05:30,1.2833333333333332,0.6416666666666666,0.0,0.0,1.1496031746031745,0.4226190476190476
2026-07-27 10:30:00+05:30,2026-07-27 10:35:00+05:30,2026-07-27 10:35:00+05:30,9,10,1.0,-2.7755575615628914e-17,1.0,1.0,2.0,1,5.0,2026-07-27 10:25:00+05:30,0.9166666666666665,0.45833333333333326,0.0,0.0,0.7123015873015873,0.6388888888888888
2026-07-27 10:35:00+05:30,2026-07-27 10:40:00+05:30,2026-07-27 10:40:00+05:30,8,11,1.0,-1.3877787807814457e-17,1.0,1.0,2.0,1,5.0,2026-07-27 10:30:00+05:30,1.01010101010101,0.505050505050505,0.0,0.0,0.9550505050505051,0.5227272727272727
2026-07-27 10:40:00+05:30,2026-07-27 10:45:00+05:30,2026-07-27 10:45:00+05:30,11,8,1.0,2.7755575615628914e-17,1.0,1.0,2.0,1,5.0,2026-07-27 10:35:00+05:30,1.2727272727272727,0.6363636363636364,0.0,0.0,1.1363636363636362,0.4318181818181818
2026-07-27 10:45:00+05:30,2026-07-27 10:50:00+05:30,2026-07-27 10:50:00+05:30,8,11,0.9999999999999999,-2.7755575615628914e-17,1.0,1.0,2.0,1,5.0,2026-07-27 10:40:00+05:30,1.0909090909090908,0.5454545454545454,0.0,0.0,0.9204545454545455,0.5397727272727273
2026-07-27 10:50:00+05:30,2026-07-27 10:55:00+05:30,2026-07-27 10:55:00+05:30,8,11,0.9999999999999999,-2.7755575615628914e-17,1.0,1.0,2.0,1,5.0,2026-07-27 10:45:00+05:30,1.2954545454545454,0.6477272727272727,0.0,0.0,1.2954545454545454,0.3522727272727273
2026-07-27 10:55:00+05:30,2026-07-27 11:00:00+05:30,2026-07-27 11:00:00+05:30,12,7,0.9999999999999998,0.0,1.0,1.0,2.0,1,5.0,2026-07-27 10:50:00+05:30,1.0454545454545454,0.5227272727272727,0.0,0.0,0.7905844155844156,0.6071428571428571
2026-07-27 11:00:00+05:30,2026-07-27 11:05:00+05:30,2026-07-27 11:05:00+05:30,11,8,0.9999999999999999,1.3877787807814457e-17,1.0,1.0,2.0,1,5.0,2026-07-27 10:55:00+05:30,1.0416666666666667,0.5208333333333334,0.0,0.0,0.9883658008658008,0.5056818181818182
2026-07-27 11:05:00+05:30,2026-07-27 11:10:00+05:30,2026-07-27 11:10:00+05:30,10,9,1.0,5.551115123125783e-17,1.0,1.0,2.0,1,5.0,2026-07-27 11:00:00+05:30,1.0101010101010102,0.5050505050505051,0.0,0.0,0.955050505050505,0.5222222222222223
2026-07-27 11:10:00+05:30,2026-07-27 11:15:00+05:30,2026-07-27 11:15:00+05:30,7,12,0.9999999999999998,0.0,1.0,1.0,2.0,1,5.0,2026-07-27 11:05:00+05:30,0.7333333333333333,0.36666666666666664,0.0,0.0,0.4936507936507937,0.7619047619047616
2026-07-27 11:15:00+05:30,2026-07-27 11:20:00+05:30,2026-07-27 11:20:00+05:30,10,9,1.0,5.551115123125783e-17,1.0,1.0,2.0,1,5.0,2026-07-27 11:10:00+05:30,1.2833333333333332,0.6416666666666666,0.0,0.0,1.1496031746031745,0.4277777777777778
2026-07-27 11:20:00+05:30,2026-07-27 11:25:00+05:30,2026-07-27 11:25:00+05:30,10,9,1.0,5.551115123125783e-17,1.0,1.0,2.0,1,5.0,2026-07-27 11:15:00+05:30,1.2666666666666666,0.6333333333333333,0.0,0.0,1.2666666666666666,0.3666666666666667
2026-07-27 11:25:00+05:30,2026-07-27 11:30:00+05:30,2026-07-27 11:30:00+05:30,12,7,0.9999999999999998,0.0,1.0,1.0,2.0,1,5.0,2026-07-27 11:20:00+05:30,0.7777777777777777,0.38888888888888884,0.0,0.0,0.6317460317460317,0.6904761904761902
2026-07-27 11:30:00+05:30,2026-07-27 11:35:00+05:30,2026-07-27 11:35:00+05:30,8,11,0.9999999999999999,-1.3877787807814457e-17,1.0,1.0,2.0,1,5.0,2026-07-27 11:25:00+05:30,1.393939393939394,0.696969696969697,0.0,0.0,1.2326839826839828,0.3863636363636364
2026-07-27 11:35:00+05:30,2026-07-27 11:40:00+05:30,2026-07-27 11:40:00+05:30,8,11,1.0,-1.3877787807814457e-17,1.0,1.0,2.0,1,5.0,2026-07-27 11:30:00+05:30,1.0795454545454546,0.5397727272727273,0.0,0.0,1.0795454545454546,0.46022727272727276
2026-07-27 11:40:00+05:30,2026-07-27 11:45:00+05:30,2026-07-27 11:45:00+05:30,9,10,1.0,-5.551115123125783e-17,1.0,1.0,2.0,1,5.0,2026-07-27 11:35:00+05:30,1.0101010101010104,0.5050505050505052,0.0,0.0,0.955050505050505,0.5222222222222221
2026-07-27 11:45:00+05:30,2026-07-27 11:50:00+05:30,2026-07-27 11:50:00+05:30,11,8,1.0,1.3877787807814457e-17,1.0,1.0,2.0,1,5.0,2026-07-27 11:40:00+05:30,1.3363636363636364,0.6681818181818182,0.0,0.0,1.2584595959595961,0.3693181818181818
2026-07-27 11:50:00+05:30,2026-07-27 11:55:00+05:30,2026-07-27 11:55:00+05:30,9,10,1.0,-5.551115123125783e-17,1.0,1.0,2.0,1,5.0,2026-07-27 11:45:00+05:30,1.3363636363636366,0.6681818181818183,0.0,0.0,1.2584595959595961,0.37222222222222223
2026-07-27 11:55:00+05:30,2026-07-27 12:00:00+05:30,2026-07-27 12:00:00+05:30,12,7,0.9999999999999998,0.0,1.0,1.0,2.0,1,5.0,2026-07-27 11:50:00+05:30,1.0999999999999999,0.5499999999999999,0.0,0.0,0.930952380952381,0.5357142857142857
2026-07-27 12:00:00+05:30,2026-07-27 12:05:00+05:30,2026-07-27 12:05:00+05:30,10,9,1.0,5.551115123125783e-17,1.0,1.0,2.0,1,5.0,2026-07-27 11:55:00+05:30,0.7777777777777777,0.38888888888888884,0.0,0.0,0.6317460317460317,0.6777777777777778
2026-07-27 12:05:00+05:30,2026-07-27 12:10:00+05:30,2026-07-27 12:10:00+05:30,9,10,1.0,-4.163336342344337e-17,1.0,1.0,2.0,1,5.0,2026-07-27 12:00:00+05:30,0.9999999999999999,0.49999999999999994,0.0,0.0,0.9444444444444444,0.5277777777777778
2026-07-27 12:10:00+05:30,2026-07-27 12:15:00+05:30,2026-07-27 12:15:00+05:30,10,9,1.0,4.163336342344337e-17,1.0,1.0,2.0,1,5.0,2026-07-27 12:05:00+05:30,1.0,0.5,0.0,0.0,0.9444444444444444,0.5277777777777778
2026-07-27 12:15:00+05:30,2026-07-27 12:20:00+05:30,2026-07-27 12:20:00+05:30,9,10,1.0000000000000002,-4.163336342344337e-17,1.0,1.0,2.0,1,5.0,2026-07-27 12:10:00+05:30,0.7999999999999999,0.39999999999999997,0.0,0.0,0.7333333333333333,0.6333333333333334
2026-07-27 12:20:00+05:30,2026-07-27 12:25:00+05:30,2026-07-27 12:25:00+05:30,9,10,1.0,-2.7755575615628914e-17,1.0,1.0,2.0,1,5.0,2026-07-27 12:15:00+05:30,1.477777777777778,0.738888888888889,0.0,0.0,1.477777777777778,0.26111111111111107
2026-07-27 12:25:00+05:30,2026-07-27 12:30:00+05:30,2026-07-27 12:30:00+05:30,9,10,1.0000000000000002,-4.163336342344337e-17,1.0,1.0,2.0,1,5.0,2026-07-27 12:20:00+05:30,0.8444444444444443,0.42222222222222217,0.0,0.0,0.8444444444444443,0.5777777777777778
2026-07-27 12:30:00+05:30,2026-07-27 12:35:00+05:30,2026-07-27 12:35:00+05:30,11,8,1.0,2.7755575615628914e-17,1.0,1.0,2.0,1,5.0,2026-07-27 12:25:00+05:30,0.5727272727272726,0.2863636363636363,0.0,0.0,0.40441919191919196,0.8011363636363636
2026-07-27 12:35:00+05:30,2026-07-27 12:40:00+05:30,2026-07-27 12:40:00+05:30,10,9,1.0,4.163336342344337e-17,1.0,1.0,2.0,1,5.0,2026-07-27 12:30:00+05:30,0.8080808080808081,0.40404040404040403,0.0,0.0,0.7415404040404041,0.6277777777777779
2026-07-27 12:40:00+05:30,2026-07-27 12:45:00+05:30,2026-07-27 12:45:00+05:30,11,8,1.0,1.3877787807814457e-17,1.0,1.0,2.0,1,5.0,2026-07-27 12:35:00+05:30,1.2121212121212124,0.6060606060606062,0.0,0.0,1.1685606060606062,0.4147727272727273
2026-07-27 12:45:00+05:30,2026-07-27 12:50:00+05:30,2026-07-27 12:50:00+05:30,8,11,1.0,-1.3877787807814457e-17,1.0,1.0,2.0,1,5.0,2026-07-27 12:40:00+05:30,1.0909090909090908,0.5454545454545454,0.0,0.0,0.9204545454545455,0.5397727272727273
2026-07-27 12:50:00+05:30,2026-07-27 12:55:00+05:30,2026-07-27 12:55:00+05:30,7,12,0.9999999999999998,0.0,1.0,1.0,2.0,1,5.0,2026-07-27 12:45:00+05:30,0.8333333333333333,0.41666666666666663,0.0,0.0,0.7673160173160173,0.619047619047619
2026-07-27 12:55:00+05:30,2026-07-27 13:00:00+05:30,2026-07-27 13:00:00+05:30,9,10,1.0,-5.551115123125783e-17,1.0,1.0,2.0,1,5.0,2026-07-27 12:50:00+05:30,1.5555555555555554,0.7777777777777777,0.0,0.0,1.5063492063492063,0.25555555555555554
2026-07-27 13:00:00+05:30,2026-07-27 13:05:00+05:30,2026-07-27 13:05:00+05:30,11,8,1.0,2.7755575615628914e-17,1.0,1.0,2.0,1,5.0,2026-07-27 12:55:00+05:30,1.1454545454545453,0.5727272727272726,0.0,0.0,1.044949494949495,0.4772727272727273
2026-07-27 13:05:00+05:30,2026-07-27 13:10:00+05:30,2026-07-27 13:10:00+05:30,8,11,1.0,-1.3877787807814457e-17,1.0,1.0,2.0,1,5.0,2026-07-27 13:00:00+05:30,1.4545454545454544,0.7272727272727272,0.0,0.0,1.352272727272727,0.32386363636363635
2026-07-27 13:10:00+05:30,2026-07-27 13:15:00+05:30,2026-07-27 13:15:00+05:30,10,9,1.0,5.551115123125783e-17,1.0,1.0,2.0,1,5.0,2026-07-27 13:05:00+05:30,1.1454545454545455,0.5727272727272728,0.0,0.0,1.044949494949495,0.47777777777777775
2026-07-27 13:15:00+05:30,2026-07-27 13:20:00+05:30,2026-07-27 13:20:00+05:30,10,9,1.0,4.163336342344337e-17,1.0,1.0,2.0,1,5.0,2026-07-27 13:10:00+05:30,0.8444444444444444,0.4222222222222222,0.0,0.0,0.8444444444444444,0.5777777777777777
2026-07-27 13:20:00+05:30,2026-07-27 13:25:00+05:30,2026-07-27 13:25:00+05:30,8,11,1.0,-1.3877787807814457e-17,1.0,1.0,2.0,1,5.0,2026-07-27 13:15:00+05:30,1.3363636363636364,0.6681818181818182,0.0,0.0,1.2584595959595961,0.3693181818181818
2026-07-27 13:25:00+05:30,2026-07-27 13:30:00+05:30,2026-07-27 13:30:00+05:30,8,11,1.0,-2.7755575615628914e-17,1.0,1.0,2.0,1,5.0,2026-07-27 13:20:00+05:30,1.0795454545454546,0.5397727272727273,0.0,0.0,1.0795454545454546,0.46022727272727276
2026-07-27 13:30:00+05:30,2026-07-27 13:35:00+05:30,2026-07-27 13:35:00+05:30,9,10,1.0,-4.163336342344337e-17,1.0,1.0,2.0,1,5.0,2026-07-27 13:25:00+05:30,1.0101010101010104,0.5050505050505052,0.0,0.0,0.9550505050505051,0.5222222222222223
2026-07-27 13:35:00+05:30,2026-07-27 13:40:00+05:30,2026-07-27 13:40:00+05:30,10,9,1.0,4.163336342344337e-17,1.0,1.0,2.0,1,5.0,2026-07-27 13:30:00+05:30,1.6000000000000003,0.8000000000000002,0.0,0.0,1.577777777777778,0.2111111111111111
2026-07-27 13:40:00+05:30,2026-07-27 13:45:00+05:30,2026-07-27 13:45:00+05:30,7,12,0.9999999999999998,0.0,1.0,1.0,2.0,1,5.0,2026-07-27 13:35:00+05:30,1.2833333333333332,0.6416666666666666,0.0,0.0,1.1496031746031745,0.42261904761904756
2026-07-27 13:45:00+05:30,2026-07-27 13:50:00+05:30,2026-07-27 13:50:00+05:30,9,10,1.0,-5.551115123125783e-17,1.0,1.0,2.0,1,5.0,2026-07-27 13:40:00+05:30,1.3611111111111112,0.6805555555555556,0.0,0.0,1.2876984126984126,0.36111111111111116
2026-07-27 13:50:00+05:30,2026-07-27 13:55:00+05:30,2026-07-27 13:55:00+05:30,9,10,1.0000000000000002,-4.163336342344337e-17,1.0,1.0,2.0,1,5.0,2026-07-27 13:45:00+05:30,1.688888888888889,0.8444444444444446,0.0,0.0,1.688888888888889,0.15555555555555556
2026-07-27 13:55:00+05:30,2026-07-27 14:00:00+05:30,2026-07-27 14:00:00+05:30,8,11,0.9999999999999999,-1.3877787807814457e-17,1.0,1.0,2.0,1,5.0,2026-07-27 13:50:00+05:30,1.2121212121212124,0.6060606060606062,0.0,0.0,1.168560606060606,0.41477272727272735
2026-07-27 14:00:00+05:30,2026-07-27 14:05:00+05:30,2026-07-27 14:05:00+05:30,10,9,1.0000000000000002,4.163336342344337e-17,1.0,1.0,2.0,1,5.0,2026-07-27 13:55:00+05:30,1.1454545454545453,0.5727272727272726,0.0,0.0,1.044949494949495,0.47777777777777775
2026-07-27 14:05:00+05:30,2026-07-27 14:10:00+05:30,2026-07-27 14:10:00+05:30,10,9,1.0,5.551115123125783e-17,1.0,1.0,2.0,1,5.0,2026-07-27 14:00:00+05:30,1.2666666666666668,0.6333333333333334,0.0,0.0,1.2666666666666668,0.36666666666666664
2026-07-27 14:10:00+05:30,2026-07-27 14:15:00+05:30,2026-07-27 14:15:00+05:30,11,8,1.0,1.3877787807814457e-17,1.0,1.0,2.0,1,5.0,2026-07-27 14:05:00+05:30,1.0101010101010102,0.5050505050505051,0.0,0.0,0.9550505050505051,0.5227272727272727
2026-07-27 14:15:00+05:30,2026-07-27 14:20:00+05:30,2026-07-27 14:20:00+05:30,9,10,1.0,-4.163336342344337e-17,1.0,1.0,2.0,1,5.0,2026-07-27 14:10:00+05:30,1.1454545454545455,0.5727272727272728,0.0,0.0,1.0449494949494949,0.47777777777777775
2026-07-27 14:20:00+05:30,2026-07-27 14:25:00+05:30,2026-07-27 14:25:00+05:30,9,10,1.0,-5.551115123125783e-17,1.0,1.0,2.0,1,5.0,2026-07-27 14:15:00+05:30,1.2666666666666668,0.6333333333333334,0.0,0.0,1.2666666666666668,0.36666666666666664
2026-07-27 14:25:00+05:30,2026-07-27 14:30:00+05:30,2026-07-27 14:30:00+05:30,11,8,0.9999999999999999,1.3877787807814457e-17,1.0,1.0,2.0,1,5.0,2026-07-27 14:20:00+05:30,1.1454545454545455,0.5727272727272728,0.0,0.0,1.044949494949495,0.4772727272727273
2026-07-27 14:30:00+05:30,2026-07-27 14:35:00+05:30,2026-07-27 14:35:00+05:30,9,10,1.0,-5.551115123125783e-17,1.0,1.0,2.0,1,5.0,2026-07-27 14:25:00+05:30,1.1454545454545457,0.5727272727272729,0.0,0.0,1.044949494949495,0.47777777777777786
2026-07-27 14:35:00+05:30,2026-07-27 14:40:00+05:30,2026-07-27 14:40:00+05:30,8,11,0.9999999999999999,-1.3877787807814457e-17,1.0,1.0,2.0,1,5.0,2026-07-27 14:30:00+05:30,1.2121212121212122,0.6060606060606061,0.0,0.0,1.168560606060606,0.41477272727272735
2026-07-27 14:40:00+05:30,2026-07-27 14:45:00+05:30,2026-07-27 14:45:00+05:30,9,10,1.0,-5.551115123125783e-17,1.0,1.0,2.0,1,5.0,2026-07-27 14:35:00+05:30,0.808080808080808,0.404040404040404,0.0,0.0,0.7415404040404041,0.6277777777777779
2026-07-27 14:45:00+05:30,2026-07-27 14:50:00+05:30,2026-07-27 14:50:00+05:30,9,10,1.0,-5.551115123125783e-17,1.0,1.0,2.0,1,5.0,2026-07-27 14:40:00+05:30,1.2666666666666668,0.6333333333333334,0.0,0.0,1.2666666666666668,0.3666666666666667
2026-07-27 14:50:00+05:30,2026-07-27 14:55:00+05:30,2026-07-27 14:55:00+05:30,8,11,1.0,-2.7755575615628914e-17,1.0,1.0,2.0,1,5.0,2026-07-27 14:45:00+05:30,1.2121212121212122,0.6060606060606061,0.0,0.0,1.1685606060606062,0.4147727272727273
2026-07-27 14:55:00+05:30,2026-07-27 15:00:00+05:30,2026-07-27 15:00:00+05:30,9,10,1.0000000000000002,-4.163336342344337e-17,1.0,1.0,2.0,1,5.0,2026-07-27 14:50:00+05:30,1.0101010101010102,0.5050505050505051,0.0,0.0,0.9550505050505051,0.5222222222222223
2026-07-27 15:00:00+05:30,2026-07-27 15:05:00+05:30,2026-07-27 15:05:00+05:30,9,10,1.0,-5.551115123125783e-17,1.0,1.0,2.0,1,5.0,2026-07-27 14:55:00+05:30,1.4777777777777779,0.7388888888888889,0.0,0.0,1.4777777777777779,0.2611111111111111
2026-07-27 15:05:00+05:30,2026-07-27 15:10:00+05:30,2026-07-27 15:10:00+05:30,9,10,1.0,-4.163336342344337e-17,1.0,1.0,2.0,1,5.0,2026-07-27 15:00:00+05:30,1.4777777777777779,0.7388888888888889,0.0,0.0,1.4777777777777779,0.2611111111111111
2026-07-27 15:10:00+05:30,2026-07-27 15:15:00+05:30,2026-07-27 15:15:00+05:30,7,12,0.9999999999999998,6.938893903907228e-18,1.0,1.0,2.0,1,5.0,2026-07-27 15:05:00+05:30,1.1666666666666665,0.5833333333333333,0.0,0.0,1.069047619047619,0.46428571428571425
2026-07-27 15:15:00+05:30,2026-07-27 15:20:00+05:30,2026-07-27 15:20:00+05:30,11,8,0.9999999999999999,2.7755575615628914e-17,1.0,1.0,2.0,1,5.0,2026-07-27 15:10:00+05:30,1.393939393939394,0.696969696969697,0.0,0.0,1.2326839826839826,0.38636363636363635
2026-07-27 15:20:00+05:30,2026-07-27 15:25:00+05:30,2026-07-27 15:25:00+05:30,7,12,0.9999999999999998,-6.938893903907228e-18,1.0,1.0,2.0,1,5.0,2026-07-27 15:15:00+05:30,1.393939393939394,0.696969696969697,0.0,0.0,1.2326839826839828,0.38095238095238093
2026-07-28 09:15:00+05:30,2026-07-28 09:20:00+05:30,2026-07-28 09:20:00+05:30,14,5,1.0000000000000002,-5.551115123125783e-17,1.0,1.0,2.0,1,5.0,2026-07-27 15:20:00+05:30,1.5476190476190477,0.7738095238095238,0.0,0.0,1.2880952380952382,0.34285714285714286
2026-07-28 09:20:00+05:30,2026-07-28 09:25:00+05:30,2026-07-28 09:25:00+05:30,9,10,1.0,-4.163336342344337e-17,1.0,1.0,2.0,1,5.0,2026-07-28 09:15:00+05:30,1.0285714285714287,0.5142857142857143,0.0,0.0,0.6698412698412699,0.6444444444444444
2026-07-28 09:25:00+05:30,2026-07-28 09:30:00+05:30,2026-07-28 09:30:00+05:30,13,6,1.0,6.938893903907228e-17,1.0,1.0,2.0,1,5.0,2026-07-28 09:20:00+05:30,0.8846153846153846,0.4423076923076923,0.0,0.0,0.5811965811965812,0.7243589743589743
2026-07-28 09:30:00+05:30,2026-07-28 09:35:00+05:30,2026-07-28 09:35:00+05:30,11,8,0.9999999999999999,1.3877787807814457e-17,1.0,1.0,2.0,1,5.0,2026-07-28 09:25:00+05:30,1.2115384615384617,0.6057692307692308,0.0,0.0,1.120920745920746,0.44318181818181823
2026-07-28 09:35:00+05:30,2026-07-28 09:40:00+05:30,2026-07-28 09:40:00+05:30,9,10,1.0,-5.551115123125783e-17,1.0,1.0,2.0,1,5.0,2026-07-28 09:30:00+05:30,1.1454545454545455,0.5727272727272728,0.0,0.0,1.044949494949495,0.47777777777777775
2026-07-28 09:40:00+05:30,2026-07-28 09:45:00+05:30,2026-07-28 09:45:00+05:30,11,8,1.0,1.3877787807814457e-17,1.0,1.0,2.0,1,5.0,2026-07-28 09:35:00+05:30,1.1454545454545455,0.5727272727272728,0.0,0.0,1.044949494949495,0.4772727272727273
2026-07-28 09:45:00+05:30,2026-07-28 09:50:00+05:30,2026-07-28 09:50:00+05:30,9,10,1.0,-4.163336342344337e-17,1.0,1.0,2.0,1,5.0,2026-07-28 09:40:00+05:30,1.1454545454545455,0.5727272727272728,0.0,0.0,1.044949494949495,0.47777777777777775
2026-07-28 09:50:00+05:30,2026-07-28 09:55:00+05:30,2026-07-28 09:55:00+05:30,12,7,0.9999999999999998,-1.3877787807814457e-17,1.0,1.0,2.0,1,5.0,2026-07-28 09:45:00+05:30,1.4666666666666668,0.7333333333333334,0.0,0.0,1.3682539682539683,0.30952380952380953
2026-07-28 09:55:00+05:30,2026-07-28 10:00:00+05:30,2026-07-28 10:00:00+05:30,12,7,0.9999999999999998,0.0,1.0,1.0,2.0,1,5.0,2026-07-28 09:50:00+05:30,0.9047619047619047,0.45238095238095233,0.0,0.0,0.9047619047619047,0.5476190476190474
2026-07-28 10:00:00+05:30,2026-07-28 10:05:00+05:30,2026-07-28 10:05:00+05:30,8,11,0.9999999999999999,-1.3877787807814457e-17,1.0,1.0,2.0,1,5.0,2026-07-28 09:55:00+05:30,1.0454545454545456,0.5227272727272728,0.0,0.0,0.7905844155844157,0.6022727272727273
2026-07-28 10:05:00+05:30,2026-07-28 10:10:00+05:30,2026-07-28 10:10:00+05:30,11,8,1.0,0.0,1.0,1.0,2.0,1,5.0,2026-07-28 10:00:00+05:30,1.090909090909091,0.5454545454545455,0.0,0.0,0.9204545454545454,0.5397727272727273
2026-07-28 10:10:00+05:30,2026-07-28 10:15:00+05:30,2026-07-28 10:15:00+05:30,10,9,1.0,5.551115123125783e-17,1.0,1.0,2.0,1,5.0,2026-07-28 10:05:00+05:30,1.2121212121212122,0.6060606060606061,0.0,0.0,1.1685606060606062,0.41666666666666674
2026-07-28 10:15:00+05:30,2026-07-28 10:20:00+05:30,2026-07-28 10:20:00+05:30,10,9,1.0,5.551115123125783e-17,1.0,1.0,2.0,1,5.0,2026-07-28 10:10:00+05:30,0.8444444444444443,0.42222222222222217,0.0,0.0,0.8444444444444443,0.5777777777777777
2026-07-28 10:20:00+05:30,2026-07-28 10:25:00+05:30,2026-07-28 10:25:00+05:30,13,6,1.0,5.551115123125783e-17,1.0,1.0,2.0,1,5.0,2026-07-28 10:15:00+05:30,1.316239316239316,0.658119658119658,0.0,0.0,1.1914529914529917,0.3974358974358974
2026-07-28 10:25:00+05:30,2026-07-28 10:30:00+05:30,2026-07-28 10:30:00+05:30,6,13,1.0,-5.551115123125783e-17,1.0,1.0,2.0,1,5.0,2026-07-28 10:20:00+05:30,1.2307692307692306,0.6153846153846153,0.0,0.0,0.7820512820512822,0.608974358974359
2026-07-28 10:30:00+05:30,2026-07-28 10:35:00+05:30,2026-07-28 10:35:00+05:30,10,9,1.0,5.551115123125783e-17,1.0,1.0,2.0,1,5.0,2026-07-28 10:25:00+05:30,1.4153846153846152,0.7076923076923076,0.0,0.0,1.2632478632478634,0.37777777777777777
2026-07-28 10:35:00+05:30,2026-07-28 10:40:00+05:30,2026-07-28 10:40:00+05:30,7,12,0.9999999999999998,0.0,1.0,1.0,2.0,1,5.0,2026-07-28 10:30:00+05:30,1.0999999999999999,0.5499999999999999,0.0,0.0,0.930952380952381,0.5357142857142857
2026-07-28 10:40:00+05:30,2026-07-28 10:45:00+05:30,2026-07-28 10:45:00+05:30,11,8,1.0,1.3877787807814457e-17,1.0,1.0,2.0,1,5.0,2026-07-28 10:35:00+05:30,1.2196969696969697,0.6098484848484849,0.0,0.0,1.011634199134199,0.4943181818181818
2026-07-28 10:45:00+05:30,2026-07-28 10:50:00+05:30,2026-07-28 10:50:00+05:30,11,8,1.0,2.7755575615628914e-17,1.0,1.0,2.0,1,5.0,2026-07-28 10:40:00+05:30,0.8636363636363635,0.43181818181818177,0.0,0.0,0.8636363636363635,0.5681818181818181
2026-07-28 10:50:00+05:30,2026-07-28 10:55:00+05:30,2026-07-28 10:55:00+05:30,9,10,1.0,-5.551115123125783e-17,1.0,1.0,2.0,1,5.0,2026-07-28 10:45:00+05:30,1.1454545454545457,0.5727272727272729,0.0,0.0,1.044949494949495,0.47777777777777786
2026-07-28 10:55:00+05:30,2026-07-28 11:00:00+05:30,2026-07-28 11:00:00+05:30,8,11,1.0,-1.3877787807814457e-17,1.0,1.0,2.0,1,5.0,2026-07-28 10:50:00+05:30,0.808080808080808,0.404040404040404,0.0,0.0,0.7415404040404041,0.6306818181818181
2026-07-28 11:00:00+05:30,2026-07-28 11:05:00+05:30,2026-07-28 11:05:00+05:30,6,13,1.0,-4.163336342344337e-17,1.0,1.0,2.0,1,5.0,2026-07-28 10:55:00+05:30,1.4134615384615388,0.7067307692307694,0.0,0.0,1.3506701631701632,0.3141025641025641
2026-07-28 11:05:00+05:30,2026-07-28 11:10:00+05:30,2026-07-28 11:10:00+05:30,8,11,1.0,-2.7755575615628914e-17,1.0,1.0,2.0,1,5.0,2026-07-28 11:00:00+05:30,0.8076923076923076,0.4038461538461538,0.0,0.0,0.6614219114219114,0.6590909090909091
2026-07-28 11:10:00+05:30,2026-07-28 11:15:00+05:30,2026-07-28 11:15:00+05:30,9,10,1.0,-4.163336342344337e-17,1.0,1.0,2.0,1,5.0,2026-07-28 11:05:00+05:30,1.4141414141414144,0.7070707070707072,0.0,0.0,1.3820707070707072,0.3111111111111111
2026-07-28 11:15:00+05:30,2026-07-28 11:20:00+05:30,2026-07-28 11:20:00+05:30,13,6,0.9999999999999999,8.326672684688674e-17,1.0,1.0,2.0,1,5.0,2026-07-28 11:10:00+05:30,1.5923076923076922,0.7961538461538461,0.0,0.0,1.4905982905982904,0.2371794871794872
2026-07-28 11:20:00+05:30,2026-07-28 11:25:00+05:30,2026-07-28 11:25:00+05:30,7,12,0.9999999999999998,0.0,1.0,1.0,2.0,1,5.0,2026-07-28 11:15:00+05:30,1.442307692307692,0.721153846153846,0.0,0.0,1.1854395604395602,0.4107142857142857
2026-07-28 11:25:00+05:30,2026-07-28 11:30:00+05:30,2026-07-28 11:30:00+05:30,12,7,0.9999999999999998,0.0,1.0,1.0,2.0,1,5.0,2026-07-28 11:20:00+05:30,1.1666666666666665,0.5833333333333333,0.0,0.0,0.8690476190476191,0.5654761904761905
2026-07-28 11:30:00+05:30,2026-07-28 11:35:00+05:30,2026-07-28 11:35:00+05:30,9,10,1.0,-5.551115123125783e-17,1.0,1.0,2.0,1,5.0,2026-07-28 11:25:00+05:30,0.9166666666666666,0.4583333333333333,0.0,0.0,0.7123015873015873,0.6388888888888888
2026-07-28 11:35:00+05:30,2026-07-28 11:40:00+05:30,2026-07-28 11:40:00+05:30,9,10,1.0000000000000002,-4.163336342344337e-17,1.0,1.0,2.0,1,5.0,2026-07-28 11:30:00+05:30,1.4777777777777779,0.7388888888888889,0.0,0.0,1.4777777777777779,0.2611111111111111
2026-07-28 11:40:00+05:30,2026-07-28 11:45:00+05:30,2026-07-28 11:45:00+05:30,9,10,1.0,-5.551115123125783e-17,1.0,1.0,2.0,1,5.0,2026-07-28 11:35:00+05:30,0.8444444444444444,0.4222222222222222,0.0,0.0,0.8444444444444444,0.5777777777777778
2026-07-28 11:45:00+05:30,2026-07-28 11:50:00+05:30,2026-07-28 11:50:00+05:30,10,9,1.0000000000000002,4.163336342344337e-17,1.0,1.0,2.0,1,5.0,2026-07-28 11:40:00+05:30,1.4000000000000001,0.7000000000000001,0.0,0.0,1.3666666666666667,0.31666666666666665
2026-07-28 11:50:00+05:30,2026-07-28 11:55:00+05:30,2026-07-28 11:55:00+05:30,11,8,0.9999999999999999,1.3877787807814457e-17,1.0,1.0,2.0,1,5.0,2026-07-28 11:45:00+05:30,0.8080808080808081,0.40404040404040403,0.0,0.0,0.7415404040404041,0.6306818181818181
2026-07-28 11:55:00+05:30,2026-07-28 12:00:00+05:30,2026-07-28 12:00:00+05:30,10,9,1.0,5.551115123125783e-17,1.0,1.0,2.0,1,5.0,2026-07-28 11:50:00+05:30,1.2121212121212122,0.6060606060606061,0.0,0.0,1.168560606060606,0.41666666666666663
2026-07-28 12:00:00+05:30,2026-07-28 12:05:00+05:30,2026-07-28 12:05:00+05:30,6,13,1.0,-5.551115123125783e-17,1.0,1.0,2.0,1,5.0,2026-07-28 11:55:00+05:30,1.4153846153846152,0.7076923076923076,0.0,0.0,1.2632478632478632,0.3589743589743589
2026-07-28 12:05:00+05:30,2026-07-28 12:10:00+05:30,2026-07-28 12:10:00+05:30,11,8,0.9999999999999999,1.3877787807814457e-17,1.0,1.0,2.0,1,5.0,2026-07-28 12:00:00+05:30,1.1748251748251748,0.5874125874125874,0.0,0.0,0.8790792540792541,0.5568181818181818
2026-07-28 12:10:00+05:30,2026-07-28 12:15:00+05:30,2026-07-28 12:15:00+05:30,11,8,1.0,2.7755575615628914e-17,1.0,1.0,2.0,1,5.0,2026-07-28 12:05:00+05:30,0.8636363636363635,0.43181818181818177,0.0,0.0,0.8636363636363635,0.5681818181818181
2026-07-28 12:15:00+05:30,2026-07-28 12:20:00+05:30,2026-07-28 12:20:00+05:30,8,11,1.0,-2.7755575615628914e-17,1.0,1.0,2.0,1,5.0,2026-07-28 12:10:00+05:30,1.6363636363636362,0.8181818181818181,0.0,0.0,1.5681818181818181,0.2159090909090909
2026-07-28 12:20:00+05:30,2026-07-28 12:25:00+05:30,2026-07-28 12:25:00+05:30,11,8,1.0,0.0,1.0,1.0,2.0,1,5.0,2026-07-28 12:15:00+05:30,1.272727272727273,0.6363636363636365,0.0,0.0,1.1363636363636362,0.4318181818181818
2026-07-28 12:25:00+05:30,2026-07-28 12:30:00+05:30,2026-07-28 12:30:00+05:30,11,8,0.9999999999999999,1.3877787807814457e-17,1.0,1.0,2.0,1,5.0,2026-07-28 12:20:00+05:30,1.2954545454545454,0.6477272727272727,0.0,0.0,1.2954545454545454,0.3522727272727273
2026-07-28 12:30:00+05:30,2026-07-28 12:35:00+05:30,2026-07-28 12:35:00+05:30,7,12,0.9999999999999998,-1.3877787807814457e-17,1.0,1.0,2.0,1,5.0,2026-07-28 12:25:00+05:30,1.393939393939394,0.696969696969697,0.0,0.0,1.2326839826839828,0.38095238095238093
2026-07-28 12:35:00+05:30,2026-07-28 12:40:00+05:30,2026-07-28 12:40:00+05:30,12,7,0.9999999999999998,6.938893903907228e-18,1.0,1.0,2.0,1,5.0,2026-07-28 12:30:00+05:30,1.1666666666666663,0.5833333333333331,0.0,0.0,0.8690476190476188,0.5654761904761904
2026-07-28 12:40:00+05:30,2026-07-28 12:45:00+05:30,2026-07-28 12:45:00+05:30,10,9,1.0,5.551115123125783e-17,1.0,1.0,2.0,1,5.0,2026-07-28 12:35:00+05:30,0.9722222222222222,0.4861111111111111,0.0,0.0,0.8503968253968254,0.5722222222222222
2026-07-28 12:45:00+05:30,2026-07-28 12:50:00+05:30,2026-07-28 12:50:00+05:30,7,12,0.9999999999999998,0.0,1.0,1.0,2.0,1,5.0,2026-07-28 12:40:00+05:30,1.0999999999999996,0.5499999999999998,0.0,0.0,0.930952380952381,0.5357142857142857
2026-07-28 12:50:00+05:30,2026-07-28 12:55:00+05:30,2026-07-28 12:55:00+05:30,13,6,0.9999999999999999,5.551115123125783e-17,1.0,1.0,2.0,1,5.0,2026-07-28 12:45:00+05:30,1.7628205128205128,0.8814102564102564,0.0,0.0,1.6552197802197801,0.16025641025641024
2026-07-28 12:55:00+05:30,2026-07-28 13:00:00+05:30,2026-07-28 13:00:00+05:30,10,9,1.0,5.551115123125783e-17,1.0,1.0,2.0,1,5.0,2026-07-28 12:50:00+05:30,1.6923076923076925,0.8461538461538463,0.0,0.0,1.6461538461538465,0.2
2026-07-28 13:00:00+05:30,2026-07-28 13:05:00+05:30,2026-07-28 13:05:00+05:30,11,8,0.9999999999999999,1.3877787807814457e-17,1.0,1.0,2.0,1,5.0,2026-07-28 12:55:00+05:30,1.2121212121212122,0.6060606060606061,0.0,0.0,1.168560606060606,0.4147727272727273
2026-07-28 13:05:00+05:30,2026-07-28 13:10:00+05:30,2026-07-28 13:10:00+05:30,10,9,1.0,4.163336342344337e-17,1.0,1.0,2.0,1,5.0,2026-07-28 13:00:00+05:30,0.8080808080808081,0.40404040404040403,0.0,0.0,0.741540404040404,0.6277777777777778
2026-07-28 13:10:00+05:30,2026-07-28 13:15:00+05:30,2026-07-28 13:15:00+05:30,7,12,0.9999999999999998,0.0,1.0,1.0,2.0,1,5.0,2026-07-28 13:05:00+05:30,1.1,0.55,0.0,0.0,0.930952380952381,0.5357142857142857
2026-07-28 13:15:00+05:30,2026-07-28 13:20:00+05:30,2026-07-28 13:20:00+05:30,12,7,0.9999999999999998,0.0,1.0,1.0,2.0,1,5.0,2026-07-28 13:10:00+05:30,1.4999999999999998,0.7499999999999999,0.0,0.0,1.3214285714285712,0.3392857142857143
2026-07-28 13:20:00+05:30,2026-07-28 13:25:00+05:30,2026-07-28 13:25:00+05:30,11,8,1.0,2.7755575615628914e-17,1.0,1.0,2.0,1,5.0,2026-07-28 13:15:00+05:30,0.8333333333333333,0.41666666666666663,0.0,0.0,0.7673160173160173,0.6136363636363635
2026-07-28 13:25:00+05:30,2026-07-28 13:30:00+05:30,2026-07-28 13:30:00+05:30,11,8,1.0,2.7755575615628914e-17,1.0,1.0,2.0,1,5.0,2026-07-28 13:20:00+05:30,1.0795454545454546,0.5397727272727273,0.0,0.0,1.0795454545454546,0.46022727272727276
2026-07-28 13:30:00+05:30,2026-07-28 13:35:00+05:30,2026-07-28 13:35:00+05:30,5,14,0.9999999999999999,5.551115123125783e-17,1.0,1.0,2.0,1,5.0,2026-07-28 13:25:00+05:30,1.2987012987012987,0.6493506493506493,0.0,0.0,0.9743506493506494,0.5142857142857143
2026-07-28 13:35:00+05:30,2026-07-28 13:40:00+05:30,2026-07-28 13:40:00+05:30,10,9,1.0,4.163336342344337e-17,1.0,1.0,2.0,1,5.0,2026-07-28 13:30:00+05:30,1.2,0.6,0.0,0.0,0.9111111111111111,0.5388888888888889
2026-07-28 13:40:00+05:30,2026-07-28 13:45:00+05:30,2026-07-28 13:45:00+05:30,9,10,1.0,-4.163336342344337e-17,1.0,1.0,2.0,1,5.0,2026-07-28 13:35:00+05:30,0.7999999999999998,0.3999999999999999,0.0,0.0,0.7333333333333333,0.6333333333333334
2026-07-28 13:45:00+05:30,2026-07-28 13:50:00+05:30,2026-07-28 13:50:00+05:30,10,9,1.0,4.163336342344337e-17,1.0,1.0,2.0,1,5.0,2026-07-28 13:40:00+05:30,1.2,0.6,0.0,0.0,1.1555555555555557,0.4222222222222222
2026-07-28 13:50:00+05:30,2026-07-28 13:55:00+05:30,2026-07-28 13:55:00+05:30,9,10,1.0000000000000002,-4.163336342344337e-17,1.0,1.0,2.0,1,5.0,2026-07-28 13:45:00+05:30,1.2000000000000002,0.6000000000000001,0.0,0.0,1.1555555555555557,0.4222222222222222
2026-07-28 13:55:00+05:30,2026-07-28 14:00:00+05:30,2026-07-28 14:00:00+05:30,8,11,1.0,-1.3877787807814457e-17,1.0,1.0,2.0,1,5.0,2026-07-28 13:50:00+05:30,1.6161616161616164,0.8080808080808082,0.0,0.0,1.595580808080808,0.19886363636363635
2026-07-28 14:00:00+05:30,2026-07-28 14:05:00+05:30,2026-07-28 14:05:00+05:30,9,10,1.0,-4.163336342344337e-17,1.0,1.0,2.0,1,5.0,2026-07-28 13:55:00+05:30,1.2121212121212122,0.6060606060606061,0.0,0.0,1.1685606060606062,0.4166666666666667
2026-07-28 14:05:00+05:30,2026-07-28 14:10:00+05:30,2026-07-28 14:10:00+05:30,7,12,0.9999999999999998,6.938893903907228e-18,1.0,1.0,2.0,1,5.0,2026-07-28 14:00:00+05:30,0.9722222222222221,0.48611111111111105,0.0,0.0,0.8503968253968254,0.5773809523809523
2026-07-28 14:10:00+05:30,2026-07-28 14:15:00+05:30,2026-07-28 14:15:00+05:30,8,11,0.9999999999999999,-1.3877787807814457e-17,1.0,1.0,2.0,1,5.0,2026-07-28 14:05:00+05:30,1.4583333333333333,0.7291666666666666,0.0,0.0,1.4304653679653678,0.2897727272727273
2026-07-28 14:15:00+05:30,2026-07-28 14:20:00+05:30,2026-07-28 14:20:00+05:30,7,12,0.9999999999999998,0.0,1.0,1.0,2.0,1,5.0,2026-07-28 14:10:00+05:30,1.2500000000000002,0.6250000000000001,0.0,0.0,1.2094155844155843,0.3928571428571429
2026-07-28 14:20:00+05:30,2026-07-28 14:25:00+05:30,2026-07-28 14:25:00+05:30,9,10,1.0,-4.163336342344337e-17,1.0,1.0,2.0,1,5.0,2026-07-28 14:15:00+05:30,1.3611111111111112,0.6805555555555556,0.0,0.0,1.2876984126984126,0.3611111111111111
2026-07-28 14:25:00+05:30,2026-07-28 14:30:00+05:30,2026-07-28 14:30:00+05:30,10,9,1.0,4.163336342344337e-17,1.0,1.0,2.0,1,5.0,2026-07-28 14:20:00+05:30,1.4000000000000001,0.7000000000000001,0.0,0.0,1.3666666666666667,0.31666666666666665
2026-07-28 14:30:00+05:30,2026-07-28 14:35:00+05:30,2026-07-28 14:35:00+05:30,8,11,1.0,-1.3877787807814457e-17,1.0,1.0,2.0,1,5.0,2026-07-28 14:25:00+05:30,1.3363636363636362,0.6681818181818181,0.0,0.0,1.2584595959595961,0.3693181818181818
2026-07-28 14:35:00+05:30,2026-07-28 14:40:00+05:30,2026-07-28 14:40:00+05:30,11,8,1.0,0.0,1.0,1.0,2.0,1,5.0,2026-07-28 14:30:00+05:30,1.4545454545454546,0.7272727272727273,0.0,0.0,1.3522727272727273,0.32386363636363635
2026-07-28 14:40:00+05:30,2026-07-28 14:45:00+05:30,2026-07-28 14:45:00+05:30,13,6,1.0,4.163336342344337e-17,1.0,1.0,2.0,1,5.0,2026-07-28 14:35:00+05:30,1.0096153846153846,0.5048076923076923,0.0,0.0,0.8911713286713286,0.5576923076923077
2026-07-28 14:45:00+05:30,2026-07-28 14:50:00+05:30,2026-07-28 14:50:00+05:30,10,9,1.0,5.551115123125783e-17,1.0,1.0,2.0,1,5.0,2026-07-28 14:40:00+05:30,1.316239316239316,0.658119658119658,0.0,0.0,1.1914529914529914,0.41111111111111115
2026-07-28 14:50:00+05:30,2026-07-28 14:55:00+05:30,2026-07-28 14:55:00+05:30,10,9,1.0,4.163336342344337e-17,1.0,1.0,2.0,1,5.0,2026-07-28 14:45:00+05:30,1.688888888888889,0.8444444444444446,0.0,0.0,1.688888888888889,0.15555555555555556
2026-07-28 14:55:00+05:30,2026-07-28 15:00:00+05:30,2026-07-28 15:00:00+05:30,8,11,0.9999999999999999,-1.3877787807814457e-17,1.0,1.0,2.0,1,5.0,2026-07-28 14:50:00+05:30,1.5272727272727271,0.7636363636363636,0.0,0.0,1.471969696969697,0.26136363636363635
2026-07-28 15:00:00+05:30,2026-07-28 15:05:00+05:30,2026-07-28 15:05:00+05:30,9,10,1.0,-5.551115123125783e-17,1.0,1.0,2.0,1,5.0,2026-07-28 14:55:00+05:30,1.2121212121212122,0.6060606060606061,0.0,0.0,1.1685606060606062,0.4166666666666667
2026-07-28 15:05:00+05:30,2026-07-28 15:10:00+05:30,2026-07-28 15:10:00+05:30,9,10,1.0,-4.163336342344337e-17,1.0,1.0,2.0,1,5.0,2026-07-28 15:00:00+05:30,0.6333333333333333,0.31666666666666665,0.0,0.0,0.6333333333333333,0.6833333333333333
2026-07-28 15:10:00+05:30,2026-07-28 15:15:00+05:30,2026-07-28 15:15:00+05:30,11,8,0.9999999999999999,2.7755575615628914e-17,1.0,1.0,2.0,1,5.0,2026-07-28 15:05:00+05:30,1.1454545454545453,0.5727272727272726,0.0,0.0,1.044949494949495,0.4772727272727273
2026-07-28 15:15:00+05:30,2026-07-28 15:20:00+05:30,2026-07-28 15:20:00+05:30,10,9,1.0,5.551115123125783e-17,1.0,1.0,2.0,1,5.0,2026-07-28 15:10:00+05:30,1.4141414141414141,0.7070707070707071,0.0,0.0,1.3820707070707072,0.3111111111111111
2026-07-28 15:20:00+05:30,2026-07-28 15:25:00+05:30,2026-07-28 15:25:00+05:30,6,13,1.0,-5.551115123125783e-17,1.0,1.0,2.0,1,5.0,2026-07-28 15:15:00+05:30,1.7692307692307692,0.8846153846153846,0.0,0.0,1.7179487179487178,0.11538461538461539
2026-07-29 09:15:00+05:30,2026-07-29 09:20:00+05:30,2026-07-29 09:20:00+05:30,12,7,0.9999999999999998,-1.3877787807814457e-17,1.0,1.0,2.0,1,5.0,2026-07-28 15:20:00+05:30,1.282051282051282,0.641025641025641,0.0,0.0,0.9505494505494505,0.5238095238095237
2026-07-29 09:20:00+05:30,2026-07-29 09:25:00+05:30,2026-07-29 09:25:00+05:30,7,12,0.9999999999999998,0.0,1.0,1.0,2.0,1,5.0,2026-07-29 09:15:00+05:30,1.4999999999999996,0.7499999999999998,0.0,0.0,1.3214285714285712,0.3392857142857143
2026-07-29 09:25:00+05:30,2026-07-29 09:30:00+05:30,2026-07-29 09:30:00+05:30,11,8,1.0,2.7755575615628914e-17,1.0,1.0,2.0,1,5.0,2026-07-29 09:20:00+05:30,1.3939393939393938,0.6969696969696969,0.0,0.0,1.2326839826839826,0.3863636363636364
2026-07-29 09:30:00+05:30,2026-07-29 09:35:00+05:30,2026-07-29 09:35:00+05:30,10,9,1.0,5.551115123125783e-17,1.0,1.0,2.0,1,5.0,2026-07-29 09:25:00+05:30,1.0101010101010102,0.5050505050505051,0.0,0.0,0.955050505050505,0.5222222222222221
2026-07-29 09:35:00+05:30,2026-07-29 09:40:00+05:30,2026-07-29 09:40:00+05:30,13,6,0.9999999999999999,5.551115123125783e-17,1.0,1.0,2.0,1,5.0,2026-07-29 09:30:00+05:30,0.9401709401709402,0.4700854700854701,0.0,0.0,0.7367521367521367,0.641025641025641
2026-07-29 09:40:00+05:30,2026-07-29 09:45:00+05:30,2026-07-29 09:45:00+05:30,12,7,0.9999999999999998,0.0,1.0,1.0,2.0,1,5.0,2026-07-29 09:35:00+05:30,1.098901098901099,0.5494505494505495,0.0,0.0,1.0494505494505495,0.47619047619047616
2026-07-29 09:45:00+05:30,2026-07-29 09:50:00+05:30,2026-07-29 09:50:00+05:30,10,9,1.0,5.551115123125783e-17,1.0,1.0,2.0,1,5.0,2026-07-29 09:40:00+05:30,1.1666666666666665,0.5833333333333333,0.0,0.0,1.069047619047619,0.4666666666666667
2026-07-29 09:50:00+05:30,2026-07-29 09:55:00+05:30,2026-07-29 09:55:00+05:30,8,11,1.0,-2.7755575615628914e-17,1.0,1.0,2.0,1,5.0,2026-07-29 09:45:00+05:30,1.3363636363636366,0.6681818181818183,0.0,0.0,1.2584595959595961,0.3693181818181818
2026-07-29 09:55:00+05:30,2026-07-29 10:00:00+05:30,2026-07-29 10:00:00+05:30,6,13,1.0,-5.551115123125783e-17,1.0,1.0,2.0,1,5.0,2026-07-29 09:50:00+05:30,1.0096153846153846,0.5048076923076923,0.0,0.0,0.8911713286713288,0.5576923076923077
2026-07-29 10:00:00+05:30,2026-07-29 10:05:00+05:30,2026-07-29 10:05:00+05:30,11,8,1.0,2.7755575615628914e-17,1.0,1.0,2.0,1,5.0,2026-07-29 09:55:00+05:30,1.0069930069930069,0.5034965034965034,0.0,0.0,0.6493298368298368,0.6647727272727273
2026-07-29 10:05:00+05:30,2026-07-29 10:10:00+05:30,2026-07-29 10:10:00+05:30,12,7,0.9999999999999998,-1.3877787807814457e-17,1.0,1.0,2.0,1,5.0,2026-07-29 10:00:00+05:30,1.0416666666666667,0.5208333333333334,0.0,0.0,0.9883658008658007,0.5059523809523809
2026-07-29 10:10:00+05:30,2026-07-29 10:15:00+05:30,2026-07-29 10:15:00+05:30,13,6,1.0,5.551115123125783e-17,1.0,1.0,2.0,1,5.0,2026-07-29 10:05:00+05:30,0.8791208791208791,0.43956043956043955,0.0,0.0,0.8145604395604396,0.5961538461538461
2026-07-29 10:15:00+05:30,2026-07-29 10:20:00+05:30,2026-07-29 10:20:00+05:30,10,9,1.0,5.551115123125783e-17,1.0,1.0,2.0,1,5.0,2026-07-29 10:10:00+05:30,1.316239316239316,0.658119658119658,0.0,0.0,1.1914529914529912,0.4111111111111111
2026-07-29 10:20:00+05:30,2026-07-29 10:25:00+05:30,2026-07-29 10:25:00+05:30,13,6,0.9999999999999999,5.551115123125783e-17,1.0,1.0,2.0,1,5.0,2026-07-29 10:15:00+05:30,0.94017094017094,0.47008547008547,0.0,0.0,0.7367521367521367,0.641025641025641
2026-07-29 10:25:00+05:30,2026-07-29 10:30:00+05:30,2026-07-29 10:30:00+05:30,9,10,1.0000000000000002,-4.163336342344337e-17,1.0,1.0,2.0,1,5.0,2026-07-29 10:20:00+05:30,1.4153846153846152,0.7076923076923076,0.0,0.0,1.2632478632478632,0.37777777777777777
2026-07-29 10:30:00+05:30,2026-07-29 10:35:00+05:30,2026-07-29 10:35:00+05:30,10,9,1.0,4.163336342344337e-17,1.0,1.0,2.0,1,5.0,2026-07-29 10:25:00+05:30,1.4,0.7,0.0,0.0,1.3666666666666667,0.31666666666666665
2026-07-29 10:35:00+05:30,2026-07-29 10:40:00+05:30,2026-07-29 10:40:00+05:30,8,11,1.0,-2.7755575615628914e-17,1.0,1.0,2.0,1,5.0,2026-07-29 10:30:00+05:30,1.1454545454545455,0.5727272727272728,0.0,0.0,1.044949494949495,0.4772727272727273
2026-07-29 10:40:00+05:30,2026-07-29 10:45:00+05:30,2026-07-29 10:45:00+05:30,8,11,1.0,0.0,1.0,1.0,2.0,1,5.0,2026-07-29 10:35:00+05:30,1.2954545454545454,0.6477272727272727,0.0,0.0,1.2954545454545454,0.3522727272727273
2026-07-29 10:45:00+05:30,2026-07-29 10:50:00+05:30,2026-07-29 10:50:00+05:30,10,9,1.0,4.163336342344337e-17,1.0,1.0,2.0,1,5.0,2026-07-29 10:40:00+05:30,1.3363636363636362,0.6681818181818181,0.0,0.0,1.2584595959595961,0.37222222222222223
2026-07-29 10:50:00+05:30,2026-07-29 10:55:00+05:30,2026-07-29 10:55:00+05:30,8,11,0.9999999999999999,-4.163336342344337e-17,1.0,1.0,2.0,1,5.0,2026-07-29 10:45:00+05:30,0.7636363636363636,0.3818181818181818,0.0,0.0,0.617929292929293,0.6931818181818181
2026-07-29 10:55:00+05:30,2026-07-29 11:00:00+05:30,2026-07-29 11:00:00+05:30,9,10,1.0,-5.551115123125783e-17,1.0,1.0,2.0,1,5.0,2026-07-29 10:50:00+05:30,0.8080808080808081,0.40404040404040403,0.0,0.0,0.741540404040404,0.6277777777777778
2026-07-29 11:00:00+05:30,2026-07-29 11:05:00+05:30,2026-07-29 11:05:00+05:30,11,8,1.0,0.0,1.0,1.0,2.0,1,5.0,2026-07-29 10:55:00+05:30,1.1454545454545455,0.5727272727272728,0.0,0.0,1.044949494949495,0.4772727272727273
2026-07-29 11:05:00+05:30,2026-07-29 11:10:00+05:30,2026-07-29 11:10:00+05:30,9,10,1.0000000000000002,-4.163336342344337e-17,1.0,1.0,2.0,1,5.0,2026-07-29 11:00:00+05:30,1.1454545454545453,0.5727272727272726,0.0,0.0,1.044949494949495,0.4777777777777777
2026-07-29 11:10:00+05:30,2026-07-29 11:15:00+05:30,2026-07-29 11:15:00+05:30,8,11,1.0,-1.3877787807814457e-17,1.0,1.0,2.0,1,5.0,2026-07-29 11:05:00+05:30,1.4141414141414141,0.7070707070707071,0.0,0.0,1.3820707070707072,0.3068181818181818
2026-07-29 11:15:00+05:30,2026-07-29 11:20:00+05:30,2026-07-29 11:20:00+05:30,10,9,1.0000000000000002,4.163336342344337e-17,1.0,1.0,2.0,1,5.0,2026-07-29 11:10:00+05:30,1.1454545454545453,0.5727272727272726,0.0,0.0,1.044949494949495,0.47777777777777775
2026-07-29 11:20:00+05:30,2026-07-29 11:25:00+05:30,2026-07-29 11:25:00+05:30,12,7,0.9999999999999998,0.0,1.0,1.0,2.0,1,5.0,2026-07-29 11:15:00+05:30,1.1666666666666665,0.5833333333333333,0.0,0.0,1.069047619047619,0.46428571428571425
2026-07-29 11:25:00+05:30,2026-07-29 11:30:00+05:30,2026-07-29 11:30:00+05:30,8,11,1.0,-1.3877787807814457e-17,1.0,1.0,2.0,1,5.0,2026-07-29 11:20:00+05:30,1.2196969696969695,0.6098484848484848,0.0,0.0,1.0116341991341993,0.4943181818181818
2026-07-29 11:30:00+05:30,2026-07-29 11:35:00+05:30,2026-07-29 11:35:00+05:30,6,13,0.9999999999999999,-5.551115123125783e-17,1.0,1.0,2.0,1,5.0,2026-07-29 11:25:00+05:30,1.0096153846153846,0.5048076923076923,0.0,0.0,0.8911713286713285,0.5576923076923077
2026-07-29 11:35:00+05:30,2026-07-29 11:40:00+05:30,2026-07-29 11:40:00+05:30,8,11,0.9999999999999999,-1.3877787807814457e-17,1.0,1.0,2.0,1,5.0,2026-07-29 11:30:00+05:30,1.0096153846153846,0.5048076923076923,0.0,0.0,0.8911713286713288,0.5511363636363636
2026-07-29 11:40:00+05:30,2026-07-29 11:45:00+05:30,2026-07-29 11:45:00+05:30,11,8,1.0,1.3877787807814457e-17,1.0,1.0,2.0,1,5.0,2026-07-29 11:35:00+05:30,1.090909090909091,0.5454545454545455,0.0,0.0,0.9204545454545455,0.5397727272727273
2026-07-29 11:45:00+05:30,2026-07-29 11:50:00+05:30,2026-07-29 11:50:00+05:30,11,8,0.9999999999999999,4.163336342344337e-17,1.0,1.0,2.0,1,5.0,2026-07-29 11:40:00+05:30,0.8636363636363635,0.43181818181818177,0.0,0.0,0.8636363636363635,0.5681818181818181
2026-07-29 11:50:00+05:30,2026-07-29 11:55:00+05:30,2026-07-29 11:55:00+05:30,7,12,0.9999999999999998,1.3877787807814457e-17,1.0,1.0,2.0,1,5.0,2026-07-29 11:45:00+05:30,1.393939393939394,0.696969696969697,0.0,0.0,1.2326839826839828,0.38095238095238093
2026-07-29 11:55:00+05:30,2026-07-29 12:00:00+05:30,2026-07-29 12:00:00+05:30,9,10,1.0,-5.551115123125783e-17,1.0,1.0,2.0,1,5.0,2026-07-29 11:50:00+05:30,1.1666666666666665,0.5833333333333333,0.0,0.0,1.069047619047619,0.4666666666666666
2026-07-29 12:00:00+05:30,2026-07-29 12:05:00+05:30,2026-07-29 12:05:00+05:30,8,11,1.0,0.0,1.0,1.0,2.0,1,5.0,2026-07-29 11:55:00+05:30,1.2121212121212122,0.6060606060606061,0.0,0.0,1.1685606060606062,0.4147727272727273
2026-07-29 12:05:00+05:30,2026-07-29 12:10:00+05:30,2026-07-29 12:10:00+05:30,10,9,1.0,4.163336342344337e-17,1.0,1.0,2.0,1,5.0,2026-07-29 12:00:00+05:30,1.3363636363636364,0.6681818181818182,0.0,0.0,1.2584595959595961,0.3722222222222222
2026-07-29 12:10:00+05:30,2026-07-29 12:15:00+05:30,2026-07-29 12:15:00+05:30,10,9,1.0000000000000002,4.163336342344337e-17,1.0,1.0,2.0,1,5.0,2026-07-29 12:05:00+05:30,1.0555555555555556,0.5277777777777778,0.0,0.0,1.0555555555555556,0.4722222222222222
2026-07-29 12:15:00+05:30,2026-07-29 12:20:00+05:30,2026-07-29 12:20:00+05:30,9,10,1.0000000000000002,-4.163336342344337e-17,1.0,1.0,2.0,1,5.0,2026-07-29 12:10:00+05:30,1.4000000000000004,0.7000000000000002,0.0,0.0,1.366666666666667,0.31666666666666665
2026-07-29 12:20:00+05:30,2026-07-29 12:25:00+05:30,2026-07-29 12:25:00+05:30,10,9,1.0,4.163336342344337e-17,1.0,1.0,2.0,1,5.0,2026-07-29 12:15:00+05:30,1.4000000000000004,0.7000000000000002,0.0,0.0,1.366666666666667,0.31666666666666665
2026-07-29 12:25:00+05:30,2026-07-29 12:30:00+05:30,2026-07-29 12:30:00+05:30,10,9,1.0,5.551115123125783e-17,1.0,1.0,2.0,1,5.0,2026-07-29 12:20:00+05:30,1.4777777777777779,0.7388888888888889,0.0,0.0,1.4777777777777779,0.2611111111111111
2026-07-29 12:30:00+05:30,2026-07-29 12:35:00+05:30,2026-07-29 12:35:00+05:30,7,12,0.9999999999999998,0.0,1.0,1.0,2.0,1,5.0,2026-07-29 12:25:00+05:30,1.0999999999999999,0.5499999999999999,0.0,0.0,0.930952380952381,0.5357142857142857
2026-07-29 12:35:00+05:30,2026-07-29 12:40:00+05:30,2026-07-29 12:40:00+05:30,10,9,1.0,4.163336342344337e-17,1.0,1.0,2.0,1,5.0,2026-07-29 12:30:00+05:30,1.4666666666666668,0.7333333333333334,0.0,0.0,1.3682539682539683,0.3222222222222222
2026-07-29 12:40:00+05:30,2026-07-29 12:45:00+05:30,2026-07-29 12:45:00+05:30,9,10,1.0,-4.163336342344337e-17,1.0,1.0,2.0,1,5.0,2026-07-29 12:35:00+05:30,0.7999999999999998,0.3999999999999999,0.0,0.0,0.7333333333333334,0.6333333333333334
2026-07-29 12:45:00+05:30,2026-07-29 12:50:00+05:30,2026-07-29 12:50:00+05:30,8,11,0.9999999999999999,-2.7755575615628914e-17,1.0,1.0,2.0,1,5.0,2026-07-29 12:40:00+05:30,1.0101010101010102,0.5050505050505051,0.0,0.0,0.955050505050505,0.5227272727272727
2026-07-29 12:50:00+05:30,2026-07-29 12:55:00+05:30,2026-07-29 12:55:00+05:30,13,6,1.0,5.551115123125783e-17,1.0,1.0,2.0,1,5.0,2026-07-29 12:45:00+05:30,1.1748251748251748,0.5874125874125874,0.0,0.0,0.879079254079254,0.5641025641025641
2026-07-29 12:55:00+05:30,2026-07-29 13:00:00+05:30,2026-07-29 13:00:00+05:30,10,9,1.0,5.551115123125783e-17,1.0,1.0,2.0,1,5.0,2026-07-29 12:50:00+05:30,1.128205128205128,0.564102564102564,0.0,0.0,0.964102564102564,0.5166666666666666
2026-07-29 13:00:00+05:30,2026-07-29 13:05:00+05:30,2026-07-29 13:05:00+05:30,11,8,1.0,1.3877787807814457e-17,1.0,1.0,2.0,1,5.0,2026-07-29 12:55:00+05:30,0.8080808080808082,0.4040404040404041,0.0,0.0,0.7415404040404041,0.6306818181818181
2026-07-29 13:05:00+05:30,2026-07-29 13:10:00+05:30,2026-07-29 13:10:00+05:30,12,7,0.9999999999999998,-1.3877787807814457e-17,1.0,1.0,2.0,1,5.0,2026-07-29 13:00:00+05:30,0.8333333333333333,0.41666666666666663,0.0,0.0,0.7673160173160172,0.619047619047619
2026-07-29 13:10:00+05:30,2026-07-29 13:15:00+05:30,2026-07-29 13:15:00+05:30,10,9,1.0000000000000002,4.163336342344337e-17,1.0,1.0,2.0,1,5.0,2026-07-29 13:05:00+05:30,0.9722222222222222,0.4861111111111111,0.0,0.0,0.8503968253968254,0.5722222222222223
2026-07-29 13:15:00+05:30,2026-07-29 13:20:00+05:30,2026-07-29 13:20:00+05:30,11,8,1.0,1.3877787807814457e-17,1.0,1.0,2.0,1,5.0,2026-07-29 13:10:00+05:30,1.6161616161616164,0.8080808080808082,0.0,0.0,1.595580808080808,0.19886363636363635
2026-07-29 13:20:00+05:30,2026-07-29 13:25:00+05:30,2026-07-29 13:25:00+05:30,11,8,1.0,1.3877787807814457e-17,1.0,1.0,2.0,1,5.0,2026-07-29 13:15:00+05:30,1.0795454545454546,0.5397727272727273,0.0,0.0,1.0795454545454546,0.46022727272727276
2026-07-29 13:25:00+05:30,2026-07-29 13:30:00+05:30,2026-07-29 13:30:00+05:30,9,10,1.0,-4.163336342344337e-17,1.0,1.0,2.0,1,5.0,2026-07-29 13:20:00+05:30,0.7636363636363636,0.3818181818181818,0.0,0.0,0.617929292929293,0.688888888888889
2026-07-29 13:30:00+05:30,2026-07-29 13:35:00+05:30,2026-07-29 13:35:00+05:30,14,5,1.0,-5.551115123125783e-17,1.0,1.0,2.0,1,5.0,2026-07-29 13:25:00+05:30,1.3714285714285712,0.6857142857142856,0.0,0.0,1.1523809523809523,0.4142857142857143
2026-07-29 13:35:00+05:30,2026-07-29 13:40:00+05:30,2026-07-29 13:40:00+05:30,7,12,0.9999999999999998,0.0,1.0,1.0,2.0,1,5.0,2026-07-29 13:30:00+05:30,1.2380952380952384,0.6190476190476192,0.0,0.0,0.7904761904761906,0.5952380952380951
2026-07-29 13:40:00+05:30,2026-07-29 13:45:00+05:30,2026-07-29 13:45:00+05:30,10,9,1.0,4.163336342344337e-17,1.0,1.0,2.0,1,5.0,2026-07-29 13:35:00+05:30,1.0999999999999996,0.5499999999999998,0.0,0.0,0.930952380952381,0.5333333333333333
2026-07-29 13:45:00+05:30,2026-07-29 13:50:00+05:30,2026-07-29 13:50:00+05:30,7,12,0.9999999999999998,0.0,1.0,1.0,2.0,1,5.0,2026-07-29 13:40:00+05:30,1.6500000000000004,0.8250000000000002,0.0,0.0,1.586904761904762,0.1964285714285714
2026-07-29 13:50:00+05:30,2026-07-29 13:55:00+05:30,2026-07-29 13:55:00+05:30,10,9,1.0,4.163336342344337e-17,1.0,1.0,2.0,1,5.0,2026-07-29 13:45:00+05:30,1.2833333333333332,0.6416666666666666,0.0,0.0,1.1496031746031745,0.42777777777777776
2026-07-29 13:55:00+05:30,2026-07-29 14:00:00+05:30,2026-07-29 14:00:00+05:30,10,9,1.0000000000000002,4.163336342344337e-17,1.0,1.0,2.0,1,5.0,2026-07-29 13:50:00+05:30,1.0555555555555556,0.5277777777777778,0.0,0.0,1.0555555555555556,0.4722222222222222
2026-07-29 14:00:00+05:30,2026-07-29 14:05:00+05:30,2026-07-29 14:05:00+05:30,8,11,1.0,-1.3877787807814457e-17,1.0,1.0,2.0,1,5.0,2026-07-29 13:55:00+05:30,1.1454545454545453,0.5727272727272726,0.0,0.0,1.044949494949495,0.4772727272727273
2026-07-29 14:05:00+05:30,2026-07-29 14:10:00+05:30,2026-07-29 14:10:00+05:30,9,10,1.0000000000000002,-4.163336342344337e-17,1.0,1.0,2.0,1,5.0,2026-07-29 14:00:00+05:30,1.4141414141414141,0.7070707070707071,0.0,0.0,1.3820707070707072,0.31111111111111106
2026-07-29 14:10:00+05:30,2026-07-29 14:15:00+05:30,2026-07-29 14:15:00+05:30,8,11,1.0,-1.3877787807814457e-17,1.0,1.0,2.0,1,5.0,2026-07-29 14:05:00+05:30,1.2121212121212122,0.6060606060606061,0.0,0.0,1.1685606060606062,0.4147727272727273
2026-07-29 14:15:00+05:30,2026-07-29 14:20:00+05:30,2026-07-29 14:20:00+05:30,10,9,1.0,5.551115123125783e-17,1.0,1.0,2.0,1,5.0,2026-07-29 14:10:00+05:30,0.9545454545454545,0.47727272727272724,0.0,0.0,0.831439393939394,0.5833333333333334
2026-07-29 14:20:00+05:30,2026-07-29 14:25:00+05:30,2026-07-29 14:25:00+05:30,8,11,1.0,-1.3877787807814457e-17,1.0,1.0,2.0,1,5.0,2026-07-29 14:15:00+05:30,1.3363636363636362,0.6681818181818181,0.0,0.0,1.2584595959595961,0.3693181818181819
2026-07-29 14:25:00+05:30,2026-07-29 14:30:00+05:30,2026-07-29 14:30:00+05:30,8,11,1.0,-1.3877787807814457e-17,1.0,1.0,2.0,1,5.0,2026-07-29 14:20:00+05:30,1.5113636363636362,0.7556818181818181,0.0,0.0,1.5113636363636362,0.24431818181818182
2026-07-29 14:30:00+05:30,2026-07-29 14:35:00+05:30,2026-07-29 14:35:00+05:30,9,10,1.0,-5.551115123125783e-17,1.0,1.0,2.0,1,5.0,2026-07-29 14:25:00+05:30,1.4141414141414141,0.7070707070707071,0.0,0.0,1.382070707070707,0.3111111111111111
2026-07-29 14:35:00+05:30,2026-07-29 14:40:00+05:30,2026-07-29 14:40:00+05:30,8,11,1.0,0.0,1.0,1.0,2.0,1,5.0,2026-07-29 14:30:00+05:30,1.2121212121212122,0.6060606060606061,0.0,0.0,1.1685606060606062,0.4147727272727273
2026-07-29 14:40:00+05:30,2026-07-29 14:45:00+05:30,2026-07-29 14:45:00+05:30,7,12,0.9999999999999998,1.3877787807814457e-17,1.0,1.0,2.0,1,5.0,2026-07-29 14:35:00+05:30,1.2500000000000002,0.6250000000000001,0.0,0.0,1.2094155844155845,0.39285714285714285
2026-07-29 14:45:00+05:30,2026-07-29 14:50:00+05:30,2026-07-29 14:50:00+05:30,10,9,1.0,5.551115123125783e-17,1.0,1.0,2.0,1,5.0,2026-07-29 14:40:00+05:30,1.0999999999999996,0.5499999999999998,0.0,0.0,0.930952380952381,0.5333333333333333
2026-07-29 14:50:00+05:30,2026-07-29 14:55:00+05:30,2026-07-29 14:55:00+05:30,9,10,1.0,-4.163336342344337e-17,1.0,1.0,2.0,1,5.0,2026-07-29 14:45:00+05:30,1.0,0.5,0.0,0.0,0.9444444444444444,0.5277777777777778
2026-07-29 14:55:00+05:30,2026-07-29 15:00:00+05:30,2026-07-29 15:00:00+05:30,11,8,1.0,1.3877787807814457e-17,1.0,1.0,2.0,1,5.0,2026-07-29 14:50:00+05:30,1.3363636363636362,0.6681818181818181,0.0,0.0,1.2584595959595961,0.3693181818181818
2026-07-29 15:00:00+05:30,2026-07-29 15:05:00+05:30,2026-07-29 15:05:00+05:30,12,7,0.9999999999999998,0.0,1.0,1.0,2.0,1,5.0,2026-07-29 14:55:00+05:30,1.0416666666666667,0.5208333333333334,0.0,0.0,0.9883658008658008,0.5059523809523808
2026-07-29 15:05:00+05:30,2026-07-29 15:10:00+05:30,2026-07-29 15:10:00+05:30,10,9,1.0,5.551115123125783e-17,1.0,1.0,2.0,1,5.0,2026-07-29 15:00:00+05:30,1.3611111111111112,0.6805555555555556,0.0,0.0,1.2876984126984126,0.3611111111111111
2026-07-29 15:10:00+05:30,2026-07-29 15:15:00+05:30,2026-07-29 15:15:00+05:30,8,11,1.0,-2.7755575615628914e-17,1.0,1.0,2.0,1,5.0,2026-07-29 15:05:00+05:30,0.7636363636363636,0.3818181818181818,0.0,0.0,0.617929292929293,0.6931818181818181
2026-07-29 15:15:00+05:30,2026-07-29 15:20:00+05:30,2026-07-29 15:20:00+05:30,9,10,1.0,-4.163336342344337e-17,1.0,1.0,2.0,1,5.0,2026-07-29 15:10:00+05:30,1.01010101010101,0.505050505050505,0.0,0.0,0.9550505050505051,0.5222222222222223
2026-07-29 15:20:00+05:30,2026-07-29 15:25:00+05:30,2026-07-29 15:25:00+05:30,8,11,0.9999999999999999,-1.3877787807814457e-17,1.0,1.0,2.0,1,5.0,2026-07-29 15:15:00+05:30,0.8080808080808081,0.40404040404040403,0.0,0.0,0.741540404040404,0.6306818181818181
2026-07-30 09:15:00+05:30,2026-07-30 09:20:00+05:30,2026-07-30 09:20:00+05:30,13,6,1.0,5.551115123125783e-17,1.0,1.0,2.0,1,5.0,2026-07-29 15:20:00+05:30,1.3426573426573427,0.6713286713286714,0.0,0.0,1.1088286713286712,0.4423076923076923
2026-07-30 09:20:00+05:30,2026-07-30 09:25:00+05:30,2026-07-30 09:25:00+05:30,9,10,1.0,-4.163336342344337e-17,1.0,1.0,2.0,1,5.0,2026-07-30 09:15:00+05:30,1.2384615384615383,0.6192307692307691,0.0,0.0,1.035897435897436,0.4833333333333333
2026-07-30 09:25:00+05:30,2026-07-30 09:30:00+05:30,2026-07-30 09:30:00+05:30,7,12,0.9999999999999998,0.0,1.0,1.0,2.0,1,5.0,2026-07-30 09:20:00+05:30,1.3611111111111112,0.6805555555555556,0.0,0.0,1.2876984126984126,0.35119047619047616
2026-07-30 09:30:00+05:30,2026-07-30 09:35:00+05:30,2026-07-30 09:35:00+05:30,9,10,1.0,-5.551115123125783e-17,1.0,1.0,2.0,1,5.0,2026-07-30 09:25:00+05:30,0.9722222222222221,0.48611111111111105,0.0,0.0,0.8503968253968254,0.5722222222222222
2026-07-30 09:35:00+05:30,2026-07-30 09:40:00+05:30,2026-07-30 09:40:00+05:30,9,10,1.0,-5.551115123125783e-17,1.0,1.0,2.0,1,5.0,2026-07-30 09:30:00+05:30,1.477777777777778,0.738888888888889,0.0,0.0,1.477777777777778,0.2611111111111111
2026-07-30 09:40:00+05:30,2026-07-30 09:45:00+05:30,2026-07-30 09:45:00+05:30,12,7,0.9999999999999998,0.0,1.0,1.0,2.0,1,5.0,2026-07-30 09:35:00+05:30,1.0999999999999999,0.5499999999999999,0.0,0.0,0.930952380952381,0.5357142857142857
2026-07-30 09:45:00+05:30,2026-07-30 09:50:00+05:30,2026-07-30 09:50:00+05:30,10,9,1.0,4.163336342344337e-17,1.0,1.0,2.0,1,5.0,2026-07-30 09:40:00+05:30,0.9722222222222222,0.4861111111111111,0.0,0.0,0.8503968253968254,0.5722222222222222
2026-07-30 09:50:00+05:30,2026-07-30 09:55:00+05:30,2026-07-30 09:55:00+05:30,6,13,1.0,-5.551115123125783e-17,1.0,1.0,2.0,1,5.0,2026-07-30 09:45:00+05:30,1.0615384615384613,0.5307692307692307,0.0,0.0,0.8085470085470087,0.6025641025641026
2026-07-30 09:55:00+05:30,2026-07-30 10:00:00+05:30,2026-07-30 10:00:00+05:30,7,12,0.9999999999999998,-6.938893903907228e-18,1.0,1.0,2.0,1,5.0,2026-07-30 09:50:00+05:30,1.5384615384615383,0.7692307692307692,0.0,0.0,1.5192307692307692,0.25
2026-07-30 10:00:00+05:30,2026-07-30 10:05:00+05:30,2026-07-30 10:05:00+05:30,12,7,0.9999999999999998,0.0,1.0,1.0,2.0,1,5.0,2026-07-30 09:55:00+05:30,1.4999999999999998,0.7499999999999999,0.0,0.0,1.3214285714285712,0.33928571428571425
2026-07-30 10:05:00+05:30,2026-07-30 10:10:00+05:30,2026-07-30 10:10:00+05:30,8,11,1.0,-1.3877787807814457e-17,1.0,1.0,2.0,1,5.0,2026-07-30 10:00:00+05:30,1.3939393939393938,0.6969696969696969,0.0,0.0,1.2326839826839828,0.38636363636363635
2026-07-30 10:10:00+05:30,2026-07-30 10:15:00+05:30,2026-07-30 10:15:00+05:30,9,10,1.0,-5.551115123125783e-17,1.0,1.0,2.0,1,5.0,2026-07-30 10:05:00+05:30,1.4141414141414141,0.7070707070707071,0.0,0.0,1.3820707070707072,0.3111111111111111
2026-07-30 10:15:00+05:30,2026-07-30 10:20:00+05:30,2026-07-30 10:20:00+05:30,10,9,1.0,5.551115123125783e-17,1.0,1.0,2.0,1,5.0,2026-07-30 10:10:00+05:30,0.7999999999999998,0.3999999999999999,0.0,0.0,0.7333333333333334,0.6333333333333333
2026-07-30 10:20:00+05:30,2026-07-30 10:25:00+05:30,2026-07-30 10:25:00+05:30,11,8,1.0,2.7755575615628914e-17,1.0,1.0,2.0,1,5.0,2026-07-30 10:15:00+05:30,1.4141414141414141,0.7070707070707071,0.0,0.0,1.3820707070707072,0.3068181818181818
2026-07-30 10:25:00+05:30,2026-07-30 10:30:00+05:30,2026-07-30 10:30:00+05:30,7,12,0.9999999999999998,0.0,1.0,1.0,2.0,1,5.0,2026-07-30 10:20:00+05:30,1.2196969696969697,0.6098484848484849,0.0,0.0,1.011634199134199,0.49404761904761896
2026-07-30 10:30:00+05:30,2026-07-30 10:35:00+05:30,2026-07-30 10:35:00+05:30,10,9,1.0,5.551115123125783e-17,1.0,1.0,2.0,1,5.0,2026-07-30 10:25:00+05:30,0.9166666666666666,0.4583333333333333,0.0,0.0,0.7123015873015873,0.638888888888889
2026-07-30 10:35:00+05:30,2026-07-30 10:40:00+05:30,2026-07-30 10:40:00+05:30,11,8,1.0,2.7755575615628914e-17,1.0,1.0,2.0,1,5.0,2026-07-30 10:30:00+05:30,1.2121212121212122,0.6060606060606061,0.0,0.0,1.1685606060606062,0.4147727272727273
2026-07-30 10:40:00+05:30,2026-07-30 10:45:00+05:30,2026-07-30 10:45:00+05:30,10,9,1.0,5.551115123125783e-17,1.0,1.0,2.0,1,5.0,2026-07-30 10:35:00+05:30,0.8080808080808081,0.40404040404040403,0.0,0.0,0.7415404040404041,0.6277777777777778
2026-07-30 10:45:00+05:30,2026-07-30 10:50:00+05:30,2026-07-30 10:50:00+05:30,11,8,1.0,1.3877787807814457e-17,1.0,1.0,2.0,1,5.0,2026-07-30 10:40:00+05:30,0.606060606060606,0.303030303030303,0.0,0.0,0.5280303030303031,0.7386363636363636
2026-07-30 10:50:00+05:30,2026-07-30 10:55:00+05:30,2026-07-30 10:55:00+05:30,6,13,1.0,-4.163336342344337e-17,1.0,1.0,2.0,1,5.0,2026-07-30 10:45:00+05:30,1.3426573426573423,0.6713286713286711,0.0,0.0,1.1088286713286712,0.4423076923076923
2026-07-30 10:55:00+05:30,2026-07-30 11:00:00+05:30,2026-07-30 11:00:00+05:30,6,13,1.0,-4.163336342344337e-17,1.0,1.0,2.0,1,5.0,2026-07-30 10:50:00+05:30,1.4615384615384615,0.7307692307692307,0.0,0.0,1.4615384615384615,0.2692307692307693
2026-07-30 11:00:00+05:30,2026-07-30 11:05:00+05:30,2026-07-30 11:05:00+05:30,8,11,0.9999999999999999,0.0,1.0,1.0,2.0,1,5.0,2026-07-30 10:55:00+05:30,1.0096153846153846,0.5048076923076923,0.0,0.0,0.8911713286713286,0.5511363636363635
2026-07-30 11:05:00+05:30,2026-07-30 11:10:00+05:30,2026-07-30 11:10:00+05:30,9,10,1.0,-4.163336342344337e-17,1.0,1.0,2.0,1,5.0,2026-07-30 11:00:00+05:30,1.212121212121212,0.606060606060606,0.0,0.0,1.1685606060606062,0.4166666666666667
2026-07-30 11:10:00+05:30,2026-07-30 11:15:00+05:30,2026-07-30 11:15:00+05:30,11,8,0.9999999999999999,1.3877787807814457e-17,1.0,1.0,2.0,1,5.0,2026-07-30 11:05:00+05:30,0.9545454545454545,0.47727272727272724,0.0,0.0,0.8314393939393939,0.5852272727272727
2026-07-30 11:15:00+05:30,2026-07-30 11:20:00+05:30,2026-07-30 11:20:00+05:30,12,7,0.9999999999999998,0.0,1.0,1.0,2.0,1,5.0,2026-07-30 11:10:00+05:30,0.8333333333333334,0.4166666666666667,0.0,0.0,0.7673160173160173,0.6190476190476188
2026-07-30 11:20:00+05:30,2026-07-30 11:25:00+05:30,2026-07-30 11:25:00+05:30,9,10,1.0,-5.551115123125783e-17,1.0,1.0,2.0,1,5.0,2026-07-30 11:15:00+05:30,1.2833333333333332,0.6416666666666666,0.0,0.0,1.1496031746031745,0.4277777777777778
2026-07-30 11:25:00+05:30,2026-07-30 11:30:00+05:30,2026-07-30 11:30:00+05:30,12,7,0.9999999999999998,0.0,1.0,1.0,2.0,1,5.0,2026-07-30 11:20:00+05:30,1.0999999999999999,0.5499999999999999,0.0,0.0,0.930952380952381,0.5357142857142857
2026-07-30 11:30:00+05:30,2026-07-30 11:35:00+05:30,2026-07-30 11:35:00+05:30,10,9,1.0,5.551115123125783e-17,1.0,1.0,2.0,1,5.0,2026-07-30 11:25:00+05:30,1.1666666666666665,0.5833333333333333,0.0,0.0,1.069047619047619,0.4666666666666667
2026-07-30 11:35:00+05:30,2026-07-30 11:40:00+05:30,2026-07-30 11:40:00+05:30,8,11,0.9999999999999999,-4.163336342344337e-17,1.0,1.0,2.0,1,5.0,2026-07-30 11:30:00+05:30,1.1454545454545457,0.5727272727272729,0.0,0.0,1.044949494949495,0.4772727272727273
2026-07-30 11:40:00+05:30,2026-07-30 11:45:00+05:30,2026-07-30 11:45:00+05:30,9,10,1.0,-5.551115123125783e-17,1.0,1.0,2.0,1,5.0,2026-07-30 11:35:00+05:30,1.4141414141414141,0.7070707070707071,0.0,0.0,1.3820707070707072,0.3111111111111111
2026-07-30 11:45:00+05:30,2026-07-30 11:50:00+05:30,2026-07-30 11:50:00+05:30,10,9,1.0,5.551115123125783e-17,1.0,1.0,2.0,1,5.0,2026-07-30 11:40:00+05:30,1.4000000000000001,0.7000000000000001,0.0,0.0,1.366666666666667,0.31666666666666665
2026-07-30 11:50:00+05:30,2026-07-30 11:55:00+05:30,2026-07-30 11:55:00+05:30,10,9,1.0,5.551115123125783e-17,1.0,1.0,2.0,1,5.0,2026-07-30 11:45:00+05:30,1.0555555555555556,0.5277777777777778,0.0,0.0,1.0555555555555556,0.47222222222222215
2026-07-30 11:55:00+05:30,2026-07-30 12:00:00+05:30,2026-07-30 12:00:00+05:30,8,11,0.9999999999999999,-2.7755575615628914e-17,1.0,1.0,2.0,1,5.0,2026-07-30 11:50:00+05:30,1.3363636363636364,0.6681818181818182,0.0,0.0,1.2584595959595961,0.3693181818181818
2026-07-30 12:00:00+05:30,2026-07-30 12:05:00+05:30,2026-07-30 12:05:00+05:30,8,11,1.0,-2.7755575615628914e-17,1.0,1.0,2.0,1,5.0,2026-07-30 11:55:00+05:30,1.2954545454545454,0.6477272727272727,0.0,0.0,1.2954545454545454,0.3522727272727273
2026-07-30 12:05:00+05:30,2026-07-30 12:10:00+05:30,2026-07-30 12:10:00+05:30,6,13,1.0,-5.551115123125783e-17,1.0,1.0,2.0,1,5.0,2026-07-30 12:00:00+05:30,1.0096153846153844,0.5048076923076922,0.0,0.0,0.8911713286713288,0.5576923076923077
2026-07-30 12:10:00+05:30,2026-07-30 12:15:00+05:30,2026-07-30 12:15:00+05:30,11,8,1.0,1.3877787807814457e-17,1.0,1.0,2.0,1,5.0,2026-07-30 12:05:00+05:30,1.1748251748251746,0.5874125874125873,0.0,0.0,0.879079254079254,0.5568181818181818
2026-07-30 12:15:00+05:30,2026-07-30 12:20:00+05:30,2026-07-30 12:20:00+05:30,9,10,1.0,-5.551115123125783e-17,1.0,1.0,2.0,1,5.0,2026-07-30 12:10:00+05:30,1.3363636363636364,0.6681818181818182,0.0,0.0,1.2584595959595961,0.37222222222222223
2026-07-30 12:20:00+05:30,2026-07-30 12:25:00+05:30,2026-07-30 12:25:00+05:30,8,11,1.0,-2.7755575615628914e-17,1.0,1.0,2.0,1,5.0,2026-07-30 12:15:00+05:30,0.8080808080808082,0.4040404040404041,0.0,0.0,0.7415404040404041,0.6306818181818181
2026-07-30 12:25:00+05:30,2026-07-30 12:30:00+05:30,2026-07-30 12:30:00+05:30,9,10,1.0,-5.551115123125783e-17,1.0,1.0,2.0,1,5.0,2026-07-30 12:20:00+05:30,1.2121212121212122,0.6060606060606061,0.0,0.0,1.1685606060606062,0.41666666666666663
2026-07-30 12:30:00+05:30,2026-07-30 12:35:00+05:30,2026-07-30 12:35:00+05:30,10,9,1.0,5.551115123125783e-17,1.0,1.0,2.0,1,5.0,2026-07-30 12:25:00+05:30,0.7999999999999998,0.3999999999999999,0.0,0.0,0.7333333333333334,0.6333333333333333
2026-07-30 12:35:00+05:30,2026-07-30 12:40:00+05:30,2026-07-30 12:40:00+05:30,10,9,1.0,4.163336342344337e-17,1.0,1.0,2.0,1,5.0,2026-07-30 12:30:00+05:30,1.2666666666666666,0.6333333333333333,0.0,0.0,1.2666666666666666,0.3666666666666666
2026-07-30 12:40:00+05:30,2026-07-30 12:45:00+05:30,2026-07-30 12:45:00+05:30,11,8,0.9999999999999999,1.3877787807814457e-17,1.0,1.0,2.0,1,5.0,2026-07-30 12:35:00+05:30,1.4141414141414141,0.7070707070707071,0.0,0.0,1.382070707070707,0.3068181818181818
2026-07-30 12:45:00+05:30,2026-07-30 12:50:00+05:30,2026-07-30 12:50:00+05:30,11,8,1.0,2.7755575615628914e-17,1.0,1.0,2.0,1,5.0,2026-07-30 12:40:00+05:30,0.8636363636363635,0.43181818181818177,0.0,0.0,0.8636363636363635,0.5681818181818181
2026-07-30 12:50:00+05:30,2026-07-30 12:55:00+05:30,2026-07-30 12:55:00+05:30,8,11,1.0,-1.3877787807814457e-17,1.0,1.0,2.0,1,5.0,2026-07-30 12:45:00+05:30,1.4545454545454546,0.7272727272727273,0.0,0.0,1.3522727272727273,0.32386363636363635
2026-07-30 12:55:00+05:30,2026-07-30 13:00:00+05:30,2026-07-30 13:00:00+05:30,10,9,1.0,5.551115123125783e-17,1.0,1.0,2.0,1,5.0,2026-07-30 12:50:00+05:30,0.9545454545454545,0.47727272727272724,0.0,0.0,0.831439393939394,0.5833333333333334
2026-07-30 13:00:00+05:30,2026-07-30 13:05:00+05:30,2026-07-30 13:05:00+05:30,16,3,0.9999999999999999,2.7755575615628914e-17,1.0,1.0,2.0,1,5.0,2026-07-30 12:55:00+05:30,1.5625000000000002,0.7812500000000001,0.0,0.0,1.4312500000000001,0.21875
2026-07-30 13:05:00+05:30,2026-07-30 13:10:00+05:30,2026-07-30 13:10:00+05:30,5,14,1.0,6.938893903907228e-17,1.0,1.0,2.0,1,5.0,2026-07-30 13:00:00+05:30,1.6071428571428574,0.8035714285714287,0.0,0.0,1.0702380952380952,0.4714285714285714
2026-07-30 13:10:00+05:30,2026-07-30 13:15:00+05:30,2026-07-30 13:15:00+05:30,6,13,1.0,-5.551115123125783e-17,1.0,1.0,2.0,1,5.0,2026-07-30 13:05:00+05:30,0.9523809523809523,0.47619047619047616,0.0,0.0,0.8915750915750915,0.5512820512820512
2026-07-30 13:15:00+05:30,2026-07-30 13:20:00+05:30,2026-07-30 13:20:00+05:30,12,7,0.9999999999999998,0.0,1.0,1.0,2.0,1,5.0,2026-07-30 13:10:00+05:30,1.6025641025641022,0.8012820512820511,0.0,0.0,1.4203296703296702,0.29761904761904756
2026-07-30 13:20:00+05:30,2026-07-30 13:25:00+05:30,2026-07-30 13:25:00+05:30,13,6,1.0,4.163336342344337e-17,1.0,1.0,2.0,1,5.0,2026-07-30 13:15:00+05:30,0.8791208791208791,0.43956043956043955,0.0,0.0,0.8145604395604396,0.5961538461538461
2026-07-30 13:25:00+05:30,2026-07-30 13:30:00+05:30,2026-07-30 13:30:00+05:30,7,12,0.9999999999999998,0.0,1.0,1.0,2.0,1,5.0,2026-07-30 13:20:00+05:30,1.282051282051282,0.641025641025641,0.0,0.0,0.9505494505494505,0.5238095238095237
2026-07-30 13:30:00+05:30,2026-07-30 13:35:00+05:30,2026-07-30 13:35:00+05:30,10,9,1.0,5.551115123125783e-17,1.0,1.0,2.0,1,5.0,2026-07-30 13:25:00+05:30,1.0999999999999999,0.5499999999999999,0.0,0.0,0.930952380952381,0.5333333333333333
2026-07-30 13:35:00+05:30,2026-07-30 13:40:00+05:30,2026-07-30 13:40:00+05:30,14,5,1.0,-5.551115123125783e-17,1.0,1.0,2.0,1,5.0,2026-07-30 13:30:00+05:30,0.9126984126984128,0.4563492063492064,0.0,0.0,0.6063492063492064,0.7214285714285714
2026-07-30 13:40:00+05:30,2026-07-30 13:45:00+05:30,2026-07-30 13:45:00+05:30,10,9,1.0,5.551115123125783e-17,1.0,1.0,2.0,1,5.0,2026-07-30 13:35:00+05:30,1.2777777777777777,0.6388888888888888,0.0,0.0,1.0888888888888888,0.46111111111111114
2026-07-30 13:45:00+05:30,2026-07-30 13:50:00+05:30,2026-07-30 13:50:00+05:30,11,8,0.9999999999999999,2.7755575615628914e-17,1.0,1.0,2.0,1,5.0,2026-07-30 13:40:00+05:30,0.8080808080808081,0.40404040404040403,0.0,0.0,0.7415404040404041,0.6306818181818181
2026-07-30 13:50:00+05:30,2026-07-30 13:55:00+05:30,2026-07-30 13:55:00+05:30,8,11,1.0,-2.7755575615628914e-17,1.0,1.0,2.0,1,5.0,2026-07-30 13:45:00+05:30,1.2727272727272725,0.6363636363636362,0.0,0.0,1.1363636363636362,0.4318181818181818
2026-07-30 13:55:00+05:30,2026-07-30 14:00:00+05:30,2026-07-30 14:00:00+05:30,8,11,1.0,-1.3877787807814457e-17,1.0,1.0,2.0,1,5.0,2026-07-30 13:50:00+05:30,0.8636363636363635,0.43181818181818177,0.0,0.0,0.8636363636363635,0.5681818181818181
2026-07-30 14:00:00+05:30,2026-07-30 14:05:00+05:30,2026-07-30 14:05:00+05:30,8,11,1.0,0.0,1.0,1.0,2.0,1,5.0,2026-07-30 13:55:00+05:30,0.8636363636363635,0.43181818181818177,0.0,0.0,0.8636363636363635,0.5681818181818181
2026-07-30 14:05:00+05:30,2026-07-30 14:10:00+05:30,2026-07-30 14:10:00+05:30,8,11,0.9999999999999999,-1.3877787807814457e-17,1.0,1.0,2.0,1,5.0,2026-07-30 14:00:00+05:30,0.8636363636363635,0.43181818181818177,0.0,0.0,0.8636363636363635,0.5681818181818181
2026-07-30 14:10:00+05:30,2026-07-30 14:15:00+05:30,2026-07-30 14:15:00+05:30,5,14,1.0,5.551115123125783e-17,1.0,1.0,2.0,1,5.0,2026-07-30 14:05:00+05:30,0.7857142857142857,0.39285714285714285,0.0,0.0,0.5383116883116883,0.7571428571428571
2026-07-30 14:15:00+05:30,2026-07-30 14:20:00+05:30,2026-07-30 14:20:00+05:30,5,14,1.0,6.938893903907228e-17,1.0,1.0,2.0,1,5.0,2026-07-30 14:10:00+05:30,0.5428571428571429,0.27142857142857146,0.0,0.0,0.5428571428571429,0.7285714285714285
2026-07-30 14:20:00+05:30,2026-07-30 14:25:00+05:30,2026-07-30 14:25:00+05:30,7,12,0.9999999999999998,0.0,1.0,1.0,2.0,1,5.0,2026-07-30 14:15:00+05:30,1.2857142857142856,0.6428571428571428,0.0,0.0,1.2095238095238097,0.40476190476190477
2026-07-30 14:25:00+05:30,2026-07-30 14:30:00+05:30,2026-07-30 14:30:00+05:30,2,17,1.0,-3.469446951953614e-17,1.0,1.0,2.0,1,5.0,2026-07-30 14:20:00+05:30,1.2100840336134455,0.6050420168067228,0.0,0.0,0.8967086834733894,0.5735294117647058
2026-07-30 14:30:00+05:30,2026-07-30 14:35:00+05:30,2026-07-30 14:35:00+05:30,12,7,0.9999999999999998,0.0,1.0,1.0,2.0,1,5.0,2026-07-30 14:25:00+05:30,1.7058823529411762,0.8529411764705881,0.0,0.0,1.4957983193277307,0.3571428571428571
2026-07-30 14:35:00+05:30,2026-07-30 14:40:00+05:30,2026-07-30 14:40:00+05:30,10,9,1.0,4.163336342344337e-17,1.0,1.0,2.0,1,5.0,2026-07-30 14:30:00+05:30,1.1666666666666665,0.5833333333333333,0.0,0.0,1.069047619047619,0.4666666666666667
2026-07-30 14:40:00+05:30,2026-07-30 14:45:00+05:30,2026-07-30 14:45:00+05:30,10,9,1.0,5.551115123125783e-17,1.0,1.0,2.0,1,5.0,2026-07-30 14:35:00+05:30,1.0555555555555556,0.5277777777777778,0.0,0.0,1.0555555555555556,0.4722222222222222
2026-07-30 14:45:00+05:30,2026-07-30 14:50:00+05:30,2026-07-30 14:50:00+05:30,17,2,1.0,3.469446951953614e-17,1.0,1.0,2.0,1,5.0,2026-07-30 14:40:00+05:30,1.3594771241830064,0.6797385620915032,0.0,0.0,0.9797385620915032,0.5147058823529412
2026-07-30 14:50:00+05:30,2026-07-30 14:55:00+05:30,2026-07-30 14:55:00+05:30,4,15,0.9999999999999999,4.163336342344337e-17,1.0,1.0,2.0,1,5.0,2026-07-30 14:45:00+05:30,1.7568627450980392,0.8784313725490196,0.0,0.0,1.2534313725490196,0.4083333333333333
2026-07-30 14:55:00+05:30,2026-07-30 15:00:00+05:30,2026-07-30 15:00:00+05:30,8,11,1.0,-2.7755575615628914e-17,1.0,1.0,2.0,1,5.0,2026-07-30 14:50:00+05:30,1.15,0.575,0.0,0.0,0.9159090909090909,0.5340909090909092
2026-07-30 15:00:00+05:30,2026-07-30 15:05:00+05:30,2026-07-30 15:05:00+05:30,10,9,1.0,5.551115123125783e-17,1.0,1.0,2.0,1,5.0,2026-07-30 14:55:00+05:30,1.1454545454545455,0.5727272727272728,0.0,0.0,1.044949494949495,0.4777777777777778
2026-07-30 15:05:00+05:30,2026-07-30 15:10:00+05:30,2026-07-30 15:10:00+05:30,11,8,1.0,1.3877787807814457e-17,1.0,1.0,2.0,1,5.0,2026-07-30 15:00:00+05:30,1.2121212121212122,0.6060606060606061,0.0,0.0,1.168560606060606,0.4147727272727273
2026-07-30 15:10:00+05:30,2026-07-30 15:15:00+05:30,2026-07-30 15:15:00+05:30,10,9,1.0,5.551115123125783e-17,1.0,1.0,2.0,1,5.0,2026-07-30 15:05:00+05:30,1.2121212121212122,0.6060606060606061,0.0,0.0,1.168560606060606,0.41666666666666674
2026-07-30 15:15:00+05:30,2026-07-30 15:20:00+05:30,2026-07-30 15:20:00+05:30,11,8,0.9999999999999999,1.3877787807814457e-17,1.0,1.0,2.0,1,5.0,2026-07-30 15:10:00+05:30,1.2121212121212122,0.6060606060606061,0.0,0.0,1.168560606060606,0.4147727272727273
2026-07-30 15:20:00+05:30,2026-07-30 15:25:00+05:30,2026-07-30 15:25:00+05:30,11,8,0.9999999999999999,1.3877787807814457e-17,1.0,1.0,2.0,1,5.0,2026-07-30 15:15:00+05:30,0.8636363636363636,0.4318181818181818,0.0,0.0,0.8636363636363636,0.5681818181818182
2026-07-31 09:15:00+05:30,2026-07-31 09:20:00+05:30,2026-07-31 09:20:00+05:30,4,15,0.9999999999999999,4.163336342344337e-17,1.0,1.0,2.0,1,5.0,2026-07-30 15:20:00+05:30,1.2606060606060607,0.6303030303030304,0.0,0.0,0.8178030303030306,0.6083333333333333
2026-07-31 09:20:00+05:30,2026-07-31 09:25:00+05:30,2026-07-31 09:25:00+05:30,12,7,0.9999999999999998,0.0,1.0,1.0,2.0,1,5.0,2026-07-31 09:15:00+05:30,1.65,0.825,0.0,0.0,1.4142857142857141,0.32738095238095233
2026-07-31 09:25:00+05:30,2026-07-31 09:30:00+05:30,2026-07-31 09:30:00+05:30,9,10,1.0,-5.551115123125783e-17,1.0,1.0,2.0,1,5.0,2026-07-31 09:20:00+05:30,1.1,0.55,0.0,0.0,0.930952380952381,0.5333333333333333
2026-07-31 09:30:00+05:30,2026-07-31 09:35:00+05:30,2026-07-31 09:35:00+05:30,9,10,1.0,-5.551115123125783e-17,1.0,1.0,2.0,1,5.0,2026-07-31 09:25:00+05:30,0.4222222222222222,0.2111111111111111,0.0,0.0,0.4222222222222222,0.788888888888889
2026-07-31 09:35:00+05:30,2026-07-31 09:40:00+05:30,2026-07-31 09:40:00+05:30,7,12,0.9999999999999998,0.0,1.0,1.0,2.0,1,5.0,2026-07-31 09:30:00+05:30,1.3611111111111112,0.6805555555555556,0.0,0.0,1.2876984126984126,0.35119047619047616
2026-07-31 09:40:00+05:30,2026-07-31 09:45:00+05:30,2026-07-31 09:45:00+05:30,12,7,0.9999999999999998,1.3877787807814457e-17,1.0,1.0,2.0,1,5.0,2026-07-31 09:35:00+05:30,1.1666666666666663,0.5833333333333331,0.0,0.0,0.869047619047619,0.5654761904761905
2026-07-31 09:45:00+05:30,2026-07-31 09:50:00+05:30,2026-07-31 09:50:00+05:30,10,9,1.0,5.551115123125783e-17,1.0,1.0,2.0,1,5.0,2026-07-31 09:40:00+05:30,0.9722222222222222,0.4861111111111111,0.0,0.0,0.8503968253968254,0.5722222222222222
2026-07-31 09:50:00+05:30,2026-07-31 09:55:00+05:30,2026-07-31 09:55:00+05:30,7,12,0.9999999999999998,0.0,1.0,1.0,2.0,1,5.0,2026-07-31 09:45:00+05:30,1.4666666666666668,0.7333333333333334,0.0,0.0,1.3682539682539683,0.3095238095238095
2026-07-31 09:55:00+05:30,2026-07-31 10:00:00+05:30,2026-07-31 10:00:00+05:30,5,14,1.0000000000000002,5.551115123125783e-17,1.0,1.0,2.0,1,5.0,2026-07-31 09:50:00+05:30,0.8571428571428571,0.42857142857142855,0.0,0.0,0.7119047619047618,0.6571428571428571
2026-07-31 10:00:00+05:30,2026-07-31 10:05:00+05:30,2026-07-31 10:05:00+05:30,12,7,0.9999999999999998,-1.3877787807814457e-17,1.0,1.0,2.0,1,5.0,2026-07-31 09:55:00+05:30,1.5476190476190474,0.7738095238095237,0.0,0.0,1.288095238095238,0.369047619047619
2026-07-31 10:05:00+05:30,2026-07-31 10:10:00+05:30,2026-07-31 10:10:00+05:30,9,10,1.0,-4.163336342344337e-17,1.0,1.0,2.0,1,5.0,2026-07-31 10:00:00+05:30,1.2833333333333332,0.6416666666666666,0.0,0.0,1.1496031746031745,0.4277777777777777
2026-07-31 10:10:00+05:30,2026-07-31 10:15:00+05:30,2026-07-31 10:15:00+05:30,7,12,0.9999999999999998,0.0,1.0,1.0,2.0,1,5.0,2026-07-31 10:05:00+05:30,1.3611111111111112,0.6805555555555556,0.0,0.0,1.2876984126984126,0.35119047619047616
2026-07-31 10:15:00+05:30,2026-07-31 10:20:00+05:30,2026-07-31 10:20:00+05:30,12,7,0.9999999999999998,-1.3877787807814457e-17,1.0,1.0,2.0,1,5.0,2026-07-31 10:10:00+05:30,1.333333333333333,0.6666666666666665,0.0,0.0,1.095238095238095,0.4523809523809524
2026-07-31 10:20:00+05:30,2026-07-31 10:25:00+05:30,2026-07-31 10:25:00+05:30,14,5,1.0000000000000002,-5.551115123125783e-17,1.0,1.0,2.0,1,5.0,2026-07-31 10:15:00+05:30,0.8571428571428571,0.42857142857142855,0.0,0.0,0.7119047619047619,0.6571428571428571
2026-07-31 10:25:00+05:30,2026-07-31 10:30:00+05:30,2026-07-31 10:30:00+05:30,11,8,1.0,1.3877787807814457e-17,1.0,1.0,2.0,1,5.0,2026-07-31 10:20:00+05:30,1.1785714285714288,0.5892857142857144,0.0,0.0,1.0256493506493507,0.48863636363636365
2026-07-31 10:30:00+05:30,2026-07-31 10:35:00+05:30,2026-07-31 10:35:00+05:30,10,9,1.0,4.163336342344337e-17,1.0,1.0,2.0,1,5.0,2026-07-31 10:25:00+05:30,1.2121212121212122,0.6060606060606061,0.0,0.0,1.1685606060606062,0.41666666666666663
2026-07-31 10:35:00+05:30,2026-07-31 10:40:00+05:30,2026-07-31 10:40:00+05:30,8,11,1.0,-2.7755575615628914e-17,1.0,1.0,2.0,1,5.0,2026-07-31 10:30:00+05:30,1.3363636363636364,0.6681818181818182,0.0,0.0,1.2584595959595961,0.3693181818181818
2026-07-31 10:40:00+05:30,2026-07-31 10:45:00+05:30,2026-07-31 10:45:00+05:30,12,7,0.9999999999999998,0.0,1.0,1.0,2.0,1,5.0,2026-07-31 10:35:00+05:30,1.3939393939393938,0.6969696969696969,0.0,0.0,1.2326839826839828,0.38095238095238093
2026-07-31 10:45:00+05:30,2026-07-31 10:50:00+05:30,2026-07-31 10:50:00+05:30,7,12,0.9999999999999998,0.0,1.0,1.0,2.0,1,5.0,2026-07-31 10:40:00+05:30,1.4999999999999998,0.7499999999999999,0.0,0.0,1.3214285714285712,0.3392857142857143
2026-07-31 10:50:00+05:30,2026-07-31 10:55:00+05:30,2026-07-31 10:55:00+05:30,13,6,1.0,5.551115123125783e-17,1.0,1.0,2.0,1,5.0,2026-07-31 10:45:00+05:30,1.6025641025641022,0.8012820512820511,0.0,0.0,1.4203296703296702,0.28205128205128205
2026-07-31 10:55:00+05:30,2026-07-31 11:00:00+05:30,2026-07-31 11:00:00+05:30,5,14,0.9999999999999999,6.938893903907228e-17,1.0,1.0,2.0,1,5.0,2026-07-31 10:50:00+05:30,1.4835164835164838,0.7417582417582419,0.0,0.0,1.1084249084249085,0.44285714285714284
2026-07-31 11:00:00+05:30,2026-07-31 11:05:00+05:30,2026-07-31 11:05:00+05:30,14,5,1.0,-5.551115123125783e-17,1.0,1.0,2.0,1,5.0,2026-07-31 10:55:00+05:30,1.4285714285714286,0.7142857142857143,0.0,0.0,0.9142857142857143,0.5428571428571428
2026-07-31 11:05:00+05:30,2026-07-31 11:10:00+05:30,2026-07-31 11:10:00+05:30,10,9,1.0,4.163336342344337e-17,1.0,1.0,2.0,1,5.0,2026-07-31 11:00:00+05:30,1.2777777777777777,0.6388888888888888,0.0,0.0,1.088888888888889,0.4611111111111111
2026-07-31 11:10:00+05:30,2026-07-31 11:15:00+05:30,2026-07-31 11:15:00+05:30,13,6,0.9999999999999999,5.551115123125783e-17,1.0,1.0,2.0,1,5.0,2026-07-31 11:05:00+05:30,1.1282051282051282,0.5641025641025641,0.0,0.0,0.964102564102564,0.5192307692307692
2026-07-31 11:15:00+05:30,2026-07-31 11:20:00+05:30,2026-07-31 11:20:00+05:30,11,8,1.0,2.7755575615628914e-17,1.0,1.0,2.0,1,5.0,2026-07-31 11:10:00+05:30,0.8076923076923076,0.4038461538461538,0.0,0.0,0.6614219114219114,0.6590909090909091
2026-07-31 11:20:00+05:30,2026-07-31 11:25:00+05:30,2026-07-31 11:25:00+05:30,10,9,1.0,4.163336342344337e-17,1.0,1.0,2.0,1,5.0,2026-07-31 11:15:00+05:30,1.2121212121212122,0.6060606060606061,0.0,0.0,1.1685606060606062,0.4166666666666667
2026-07-31 11:25:00+05:30,2026-07-31 11:30:00+05:30,2026-07-31 11:30:00+05:30,4,15,0.9999999999999999,2.7755575615628914e-17,1.0,1.0,2.0,1,5.0,2026-07-31 11:20:00+05:30,1.4999999999999998,0.7499999999999999,0.0,0.0,1.2916666666666665,0.325
2026-07-31 11:30:00+05:30,2026-07-31 11:35:00+05:30,2026-07-31 11:35:00+05:30,8,11,0.9999999999999999,-4.163336342344337e-17,1.0,1.0,2.0,1,5.0,2026-07-31 11:25:00+05:30,1.1500000000000001,0.5750000000000001,0.0,0.0,0.9159090909090908,0.5340909090909092
2026-07-31 11:35:00+05:30,2026-07-31 11:40:00+05:30,2026-07-31 11:40:00+05:30,11,8,1.0,0.0,1.0,1.0,2.0,1,5.0,2026-07-31 11:30:00+05:30,1.090909090909091,0.5454545454545455,0.0,0.0,0.9204545454545455,0.5397727272727273
2026-07-31 11:40:00+05:30,2026-07-31 11:45:00+05:30,2026-07-31 11:45:00+05:30,10,9,1.0,5.551115123125783e-17,1.0,1.0,2.0,1,5.0,2026-07-31 11:35:00+05:30,1.0101010101010102,0.5050505050505051,0.0,0.0,0.9550505050505051,0.5222222222222221
2026-07-31 11:45:00+05:30,2026-07-31 11:50:00+05:30,2026-07-31 11:50:00+05:30,11,8,1.0,1.3877787807814457e-17,1.0,1.0,2.0,1,5.0,2026-07-31 11:40:00+05:30,1.0101010101010102,0.5050505050505051,0.0,0.0,0.9550505050505051,0.5227272727272727
2026-07-31 11:50:00+05:30,2026-07-31 11:55:00+05:30,2026-07-31 11:55:00+05:30,13,6,1.0,5.551115123125783e-17,1.0,1.0,2.0,1,5.0,2026-07-31 11:45:00+05:30,1.0096153846153846,0.5048076923076923,0.0,0.0,0.8911713286713286,0.5576923076923077
2026-07-31 11:55:00+05:30,2026-07-31 12:00:00+05:30,2026-07-31 12:00:00+05:30,8,11,0.9999999999999999,-1.3877787807814457e-17,1.0,1.0,2.0,1,5.0,2026-07-31 11:50:00+05:30,1.5104895104895106,0.7552447552447553,0.0,0.0,1.3385780885780885,0.34090909090909094
2026-07-31 12:00:00+05:30,2026-07-31 12:05:00+05:30,2026-07-31 12:05:00+05:30,11,8,0.9999999999999999,1.3877787807814457e-17,1.0,1.0,2.0,1,5.0,2026-07-31 11:55:00+05:30,1.4545454545454541,0.7272727272727271,0.0,0.0,1.352272727272727,0.32386363636363635
2026-07-31 12:05:00+05:30,2026-07-31 12:10:00+05:30,2026-07-31 12:10:00+05:30,11,8,1.0,0.0,1.0,1.0,2.0,1,5.0,2026-07-31 12:00:00+05:30,0.6477272727272727,0.32386363636363635,0.0,0.0,0.6477272727272727,0.6761363636363635
2026-07-31 12:10:00+05:30,2026-07-31 12:15:00+05:30,2026-07-31 12:15:00+05:30,12,7,0.9999999999999998,0.0,1.0,1.0,2.0,1,5.0,2026-07-31 12:05:00+05:30,1.4583333333333333,0.7291666666666666,0.0,0.0,1.430465367965368,0.27976190476190477
2026-07-31 12:15:00+05:30,2026-07-31 12:20:00+05:30,2026-07-31 12:20:00+05:30,11,8,1.0,2.7755575615628914e-17,1.0,1.0,2.0,1,5.0,2026-07-31 12:10:00+05:30,1.6666666666666667,0.8333333333333334,0.0,0.0,1.6515151515151514,0.18181818181818182
2026-07-31 12:20:00+05:30,2026-07-31 12:25:00+05:30,2026-07-31 12:25:00+05:30,12,7,0.9999999999999998,0.0,1.0,1.0,2.0,1,5.0,2026-07-31 12:15:00+05:30,1.4583333333333333,0.7291666666666666,0.0,0.0,1.4304653679653678,0.27976190476190477
2026-07-31 12:25:00+05:30,2026-07-31 12:30:00+05:30,2026-07-31 12:30:00+05:30,12,7,0.9999999999999998,6.938893903907228e-18,1.0,1.0,2.0,1,5.0,2026-07-31 12:20:00+05:30,0.6785714285714286,0.3392857142857143,0.0,0.0,0.6785714285714286,0.6607142857142856
2026-07-31 12:30:00+05:30,2026-07-31 12:35:00+05:30,2026-07-31 12:35:00+05:30,13,6,1.0,6.938893903907228e-17,1.0,1.0,2.0,1,5.0,2026-07-31 12:25:00+05:30,1.098901098901099,0.5494505494505495,0.0,0.0,1.0494505494505495,0.47435897435897434
2026-07-31 12:35:00+05:30,2026-07-31 12:40:00+05:30,2026-07-31 12:40:00+05:30,15,4,0.9999999999999999,-2.7755575615628914e-17,1.0,1.0,2.0,1,5.0,2026-07-31 12:30:00+05:30,0.9333333333333333,0.4666666666666667,0.0,0.0,0.7935897435897435,0.6166666666666666
2026-07-31 12:40:00+05:30,2026-07-31 12:45:00+05:30,2026-07-31 12:45:00+05:30,11,8,1.0,0.0,1.0,1.0,2.0,1,5.0,2026-07-31 12:35:00+05:30,0.9583333333333333,0.47916666666666663,0.0,0.0,0.649621212121212,0.6420454545454546
2026-07-31 12:45:00+05:30,2026-07-31 12:50:00+05:30,2026-07-31 12:50:00+05:30,10,9,1.0,5.551115123125783e-17,1.0,1.0,2.0,1,5.0,2026-07-31 12:40:00+05:30,1.0101010101010102,0.5050505050505051,0.0,0.0,0.9550505050505051,0.5222222222222223
2026-07-31 12:50:00+05:30,2026-07-31 12:55:00+05:30,2026-07-31 12:55:00+05:30,11,8,1.0,0.0,1.0,1.0,2.0,1,5.0,2026-07-31 12:45:00+05:30,1.0101010101010102,0.5050505050505051,0.0,0.0,0.9550505050505051,0.5227272727272727
2026-07-31 12:55:00+05:30,2026-07-31 13:00:00+05:30,2026-07-31 13:00:00+05:30,7,12,0.9999999999999998,0.0,1.0,1.0,2.0,1,5.0,2026-07-31 12:50:00+05:30,1.3939393939393938,0.6969696969696969,0.0,0.0,1.2326839826839826,0.38095238095238093
2026-07-31 13:00:00+05:30,2026-07-31 13:05:00+05:30,2026-07-31 13:05:00+05:30,9,10,1.0000000000000002,-4.163336342344337e-17,1.0,1.0,2.0,1,5.0,2026-07-31 12:55:00+05:30,0.9722222222222221,0.48611111111111105,0.0,0.0,0.8503968253968254,0.5722222222222222
2026-07-31 13:05:00+05:30,2026-07-31 13:10:00+05:30,2026-07-31 13:10:00+05:30,10,9,1.0,5.551115123125783e-17,1.0,1.0,2.0,1,5.0,2026-07-31 13:00:00+05:30,1.2000000000000002,0.6000000000000001,0.0,0.0,1.1555555555555557,0.4222222222222223
2026-07-31 13:10:00+05:30,2026-07-31 13:15:00+05:30,2026-07-31 13:15:00+05:30,11,8,1.0,0.0,1.0,1.0,2.0,1,5.0,2026-07-31 13:05:00+05:30,1.0101010101010102,0.5050505050505051,0.0,0.0,0.9550505050505051,0.5227272727272727
2026-07-31 13:15:00+05:30,2026-07-31 13:20:00+05:30,2026-07-31 13:20:00+05:30,15,4,0.9999999999999999,-2.7755575615628914e-17,1.0,1.0,2.0,1,5.0,2026-07-31 13:10:00+05:30,1.15,0.575,0.0,0.0,0.9159090909090909,0.55
2026-07-31 13:20:00+05:30,2026-07-31 13:25:00+05:30,2026-07-31 13:25:00+05:30,7,12,0.9999999999999998,1.3877787807814457e-17,1.0,1.0,2.0,1,5.0,2026-07-31 13:15:00+05:30,1.4999999999999998,0.7499999999999999,0.0,0.0,1.1428571428571428,0.44047619047619047
2026-07-31 13:25:00+05:30,2026-07-31 13:30:00+05:30,2026-07-31 13:30:00+05:30,9,10,1.0000000000000002,-4.163336342344337e-17,1.0,1.0,2.0,1,5.0,2026-07-31 13:20:00+05:30,0.7777777777777777,0.38888888888888884,0.0,0.0,0.6317460317460317,0.6777777777777779
2026-07-31 13:30:00+05:30,2026-07-31 13:35:00+05:30,2026-07-31 13:35:00+05:30,8,11,1.0,-1.3877787807814457e-17,1.0,1.0,2.0,1,5.0,2026-07-31 13:25:00+05:30,1.0101010101010102,0.5050505050505051,0.0,0.0,0.9550505050505051,0.5227272727272727
2026-07-31 13:35:00+05:30,2026-07-31 13:40:00+05:30,2026-07-31 13:40:00+05:30,6,13,1.0000000000000002,-5.551115123125783e-17,1.0,1.0,2.0,1,5.0,2026-07-31 13:30:00+05:30,0.8076923076923076,0.4038461538461538,0.0,0.0,0.6614219114219114,0.6794871794871795
2026-07-31 13:40:00+05:30,2026-07-31 13:45:00+05:30,2026-07-31 13:45:00+05:30,12,7,0.9999999999999998,0.0,1.0,1.0,2.0,1,5.0,2026-07-31 13:35:00+05:30,1.4423076923076925,0.7211538461538463,0.0,0.0,1.1854395604395602,0.4107142857142857
2026-07-31 13:45:00+05:30,2026-07-31 13:50:00+05:30,2026-07-31 13:50:00+05:30,14,5,1.0,-6.938893903907228e-17,1.0,1.0,2.0,1,5.0,2026-07-31 13:40:00+05:30,1.2857142857142856,0.6428571428571428,0.0,0.0,1.2095238095238097,0.3857142857142857
2026-07-31 13:50:00+05:30,2026-07-31 13:55:00+05:30,2026-07-31 13:55:00+05:30,7,12,0.9999999999999998,0.0,1.0,1.0,2.0,1,5.0,2026-07-31 13:45:00+05:30,1.392857142857143,0.6964285714285715,0.0,0.0,1.0392857142857141,0.4821428571428571
2026-07-31 13:55:00+05:30,2026-07-31 14:00:00+05:30,2026-07-31 14:00:00+05:30,9,10,1.0,-5.551115123125783e-17,1.0,1.0,2.0,1,5.0,2026-07-31 13:50:00+05:30,0.9722222222222221,0.48611111111111105,0.0,0.0,0.8503968253968254,0.5722222222222222
2026-07-31 14:00:00+05:30,2026-07-31 14:05:00+05:30,2026-07-31 14:05:00+05:30,8,11,1.0,-1.3877787807814457e-17,1.0,1.0,2.0,1,5.0,2026-07-31 13:55:00+05:30,1.6161616161616161,0.8080808080808081,0.0,0.0,1.5955808080808083,0.19886363636363635
2026-07-31 14:05:00+05:30,2026-07-31 14:10:00+05:30,2026-07-31 14:10:00+05:30,9,10,1.0,-4.163336342344337e-17,1.0,1.0,2.0,1,5.0,2026-07-31 14:00:00+05:30,1.0101010101010102,0.5050505050505051,0.0,0.0,0.9550505050505051,0.5222222222222221
2026-07-31 14:10:00+05:30,2026-07-31 14:15:00+05:30,2026-07-31 14:15:00+05:30,9,10,1.0,-5.551115123125783e-17,1.0,1.0,2.0,1,5.0,2026-07-31 14:05:00+05:30,1.2666666666666666,0.6333333333333333,0.0,0.0,1.2666666666666666,0.3666666666666667
2026-07-31 14:15:00+05:30,2026-07-31 14:20:00+05:30,2026-07-31 14:20:00+05:30,6,13,1.0,-5.551115123125783e-17,1.0,1.0,2.0,1,5.0,2026-07-31 14:10:00+05:30,0.752136752136752,0.376068376068376,0.0,0.0,0.5094017094017094,0.7628205128205129
2026-07-31 14:20:00+05:30,2026-07-31 14:25:00+05:30,2026-07-31 14:25:00+05:30,6,13,1.0,-5.551115123125783e-17,1.0,1.0,2.0,1,5.0,2026-07-31 14:15:00+05:30,1.2179487179487178,0.6089743589743589,0.0,0.0,1.2179487179487178,0.391025641025641
2026-07-31 14:25:00+05:30,2026-07-31 14:30:00+05:30,2026-07-31 14:30:00+05:30,3,16,0.9999999999999999,-5.551115123125783e-17,1.0,1.0,2.0,1,5.0,2026-07-31 14:20:00+05:30,0.9166666666666667,0.45833333333333337,0.0,0.0,0.6634615384615384,0.7083333333333333
2026-07-31 14:30:00+05:30,2026-07-31 14:35:00+05:30,2026-07-31 14:35:00+05:30,4,15,0.9999999999999999,2.7755575615628914e-17,1.0,1.0,2.0,1,5.0,2026-07-31 14:25:00+05:30,0.6249999999999999,0.31249999999999994,0.0,0.0,0.5125,0.7166666666666667
2026-07-31 14:35:00+05:30,2026-07-31 14:40:00+05:30,2026-07-31 14:40:00+05:30,9,10,1.0,-4.163336342344337e-17,1.0,1.0,2.0,1,5.0,2026-07-31 14:30:00+05:30,1.422222222222222,0.711111111111111,0.0,0.0,1.2361111111111112,0.40555555555555556
2026-07-31 14:40:00+05:30,2026-07-31 14:45:00+05:30,2026-07-31 14:45:00+05:30,10,9,1.0,5.551115123125783e-17,1.0,1.0,2.0,1,5.0,2026-07-31 14:35:00+05:30,0.9999999999999999,0.49999999999999994,0.0,0.0,0.9444444444444444,0.5277777777777778
2026-07-31 14:45:00+05:30,2026-07-31 14:50:00+05:30,2026-07-31 14:50:00+05:30,11,8,1.0,1.3877787807814457e-17,1.0,1.0,2.0,1,5.0,2026-07-31 14:40:00+05:30,1.2121212121212122,0.6060606060606061,0.0,0.0,1.1685606060606062,0.4147727272727273
2026-07-31 14:50:00+05:30,2026-07-31 14:55:00+05:30,2026-07-31 14:55:00+05:30,9,10,1.0,-4.163336342344337e-17,1.0,1.0,2.0,1,5.0,2026-07-31 14:45:00+05:30,1.1454545454545455,0.5727272727272728,0.0,0.0,1.044949494949495,0.47777777777777775
2026-07-31 14:55:00+05:30,2026-07-31 15:00:00+05:30,2026-07-31 15:00:00+05:30,10,9,1.0,4.163336342344337e-17,1.0,1.0,2.0,1,5.0,2026-07-31 14:50:00+05:30,1.4,0.7,0.0,0.0,1.3666666666666667,0.31666666666666665
2026-07-31 15:00:00+05:30,2026-07-31 15:05:00+05:30,2026-07-31 15:05:00+05:30,8,11,1.0,0.0,1.0,1.0,2.0,1,5.0,2026-07-31 14:55:00+05:30,1.7181818181818183,0.8590909090909091,0.0,0.0,1.6854797979797982,0.1534090909090909
2026-07-31 15:05:00+05:30,2026-07-31 15:10:00+05:30,2026-07-31 15:10:00+05:30,14,5,0.9999999999999999,-5.551115123125783e-17,1.0,1.0,2.0,1,5.0,2026-07-31 15:00:00+05:30,1.6233766233766238,0.8116883116883119,0.0,0.0,1.461688311688312,0.24285714285714288
2026-07-31 15:10:00+05:30,2026-07-31 15:15:00+05:30,2026-07-31 15:15:00+05:30,9,10,1.0,-5.551115123125783e-17,1.0,1.0,2.0,1,5.0,2026-07-31 15:05:00+05:30,1.1999999999999997,0.5999999999999999,0.0,0.0,0.9111111111111111,0.5388888888888889
2026-07-31 15:15:00+05:30,2026-07-31 15:20:00+05:30,2026-07-31 15:20:00+05:30,8,11,1.0,-1.3877787807814457e-17,1.0,1.0,2.0,1,5.0,2026-07-31 15:10:00+05:30,1.2121212121212122,0.6060606060606061,0.0,0.0,1.1685606060606062,0.4147727272727273
2026-07-31 15:20:00+05:30,2026-07-31 15:25:00+05:30,2026-07-31 15:25:00+05:30,10,9,1.0,5.551115123125783e-17,1.0,1.0,2.0,1,5.0,2026-07-31 15:15:00+05:30,1.1454545454545455,0.5727272727272728,0.0,0.0,1.044949494949495,0.47777777777777775
2026-08-03 09:15:00+05:30,2026-08-03 09:20:00+05:30,2026-08-03 09:20:00+05:30,8,11,1.0,-1.3877787807814457e-17,1.0,1.0,2.0,1,5.0,2026-07-31 15:20:00+05:30,0.9545454545454544,0.4772727272727272,0.0,0.0,0.831439393939394,0.5852272727272727
2026-08-03 09:20:00+05:30,2026-08-03 09:25:00+05:30,2026-08-03 09:25:00+05:30,6,13,1.0,-5.551115123125783e-17,1.0,1.0,2.0,1,5.0,2026-08-03 09:15:00+05:30,1.0096153846153846,0.5048076923076923,0.0,0.0,0.8911713286713286,0.5576923076923077
2026-08-03 09:25:00+05:30,2026-08-03 09:30:00+05:30,2026-08-03 09:30:00+05:30,13,6,0.9999999999999999,5.551115123125783e-17,1.0,1.0,2.0,1,5.0,2026-08-03 09:20:00+05:30,1.3846153846153848,0.6923076923076924,0.0,0.0,1.0256410256410255,0.4871794871794871
2026-08-03 09:30:00+05:30,2026-08-03 09:35:00+05:30,2026-08-03 09:35:00+05:30,8,11,1.0,-4.163336342344337e-17,1.0,1.0,2.0,1,5.0,2026-08-03 09:25:00+05:30,1.1748251748251748,0.5874125874125874,0.0,0.0,0.8790792540792541,0.5568181818181819
2026-08-03 09:35:00+05:30,2026-08-03 09:40:00+05:30,2026-08-03 09:40:00+05:30,11,8,1.0,2.7755575615628914e-17,1.0,1.0,2.0,1,5.0,2026-08-03 09:30:00+05:30,1.090909090909091,0.5454545454545455,0.0,0.0,0.9204545454545454,0.5397727272727273
2026-08-03 09:40:00+05:30,2026-08-03 09:45:00+05:30,2026-08-03 09:45:00+05:30,10,9,1.0,5.551115123125783e-17,1.0,1.0,2.0,1,5.0,2026-08-03 09:35:00+05:30,0.606060606060606,0.303030303030303,0.0,0.0,0.5280303030303031,0.7333333333333334
2026-08-03 09:45:00+05:30,2026-08-03 09:50:00+05:30,2026-08-03 09:50:00+05:30,12,7,0.9999999999999998,-1.3877787807814457e-17,1.0,1.0,2.0,1,5.0,2026-08-03 09:40:00+05:30,1.5555555555555558,0.7777777777777779,0.0,0.0,1.5063492063492068,0.23809523809523805
2026-08-03 09:50:00+05:30,2026-08-03 09:55:00+05:30,2026-08-03 09:55:00+05:30,8,11,0.9999999999999999,-2.7755575615628914e-17,1.0,1.0,2.0,1,5.0,2026-08-03 09:45:00+05:30,1.5681818181818181,0.7840909090909091,0.0,0.0,1.4537337662337664,0.27840909090909094
2026-08-03 09:55:00+05:30,2026-08-03 10:00:00+05:30,2026-08-03 10:00:00+05:30,11,8,1.0,2.7755575615628914e-17,1.0,1.0,2.0,1,5.0,2026-08-03 09:50:00+05:30,1.2727272727272727,0.6363636363636364,0.0,0.0,1.1363636363636362,0.4318181818181818
2026-08-03 10:00:00+05:30,2026-08-03 10:05:00+05:30,2026-08-03 10:05:00+05:30,10,9,1.0,5.551115123125783e-17,1.0,1.0,2.0,1,5.0,2026-08-03 09:55:00+05:30,1.2121212121212122,0.6060606060606061,0.0,0.0,1.1685606060606062,0.4166666666666667
2026-08-03 10:05:00+05:30,2026-08-03 10:10:00+05:30,2026-08-03 10:10:00+05:30,12,7,0.9999999999999998,0.0,1.0,1.0,2.0,1,5.0,2026-08-03 10:00:00+05:30,0.9722222222222222,0.4861111111111111,0.0,0.0,0.8503968253968254,0.5773809523809522
2026-08-03 10:10:00+05:30,2026-08-03 10:15:00+05:30,2026-08-03 10:15:00+05:30,13,6,1.0,5.551115123125783e-17,1.0,1.0,2.0,1,5.0,2026-08-03 10:05:00+05:30,0.4395604395604395,0.21978021978021975,0.0,0.0,0.3447802197802198,0.8397435897435898
2026-08-03 10:15:00+05:30,2026-08-03 10:20:00+05:30,2026-08-03 10:20:00+05:30,9,10,1.0,-4.163336342344337e-17,1.0,1.0,2.0,1,5.0,2026-08-03 10:10:00+05:30,1.0615384615384615,0.5307692307692308,0.0,0.0,0.8085470085470087,0.5888888888888889
2026-08-03 10:20:00+05:30,2026-08-03 10:25:00+05:30,2026-08-03 10:25:00+05:30,10,9,1.0,5.551115123125783e-17,1.0,1.0,2.0,1,5.0,2026-08-03 10:15:00+05:30,1.4,0.7,0.0,0.0,1.3666666666666667,0.31666666666666665
2026-08-03 10:25:00+05:30,2026-08-03 10:30:00+05:30,2026-08-03 10:30:00+05:30,7,12,0.9999999999999998,0.0,1.0,1.0,2.0,1,5.0,2026-08-03 10:20:00+05:30,1.4666666666666666,0.7333333333333333,0.0,0.0,1.3682539682539683,0.30952380952380953
2026-08-03 10:30:00+05:30,2026-08-03 10:35:00+05:30,2026-08-03 10:35:00+05:30,9,10,1.0,-5.551115123125783e-17,1.0,1.0,2.0,1,5.0,2026-08-03 10:25:00+05:30,0.9722222222222222,0.4861111111111111,0.0,0.0,0.8503968253968254,0.5722222222222222
2026-08-03 10:35:00+05:30,2026-08-03 10:40:00+05:30,2026-08-03 10:40:00+05:30,11,8,0.9999999999999999,2.7755575615628914e-17,1.0,1.0,2.0,1,5.0,2026-08-03 10:30:00+05:30,1.3363636363636364,0.6681818181818182,0.0,0.0,1.258459595959596,0.3693181818181818
2026-08-03 10:40:00+05:30,2026-08-03 10:45:00+05:30,2026-08-03 10:45:00+05:30,9,10,1.0,-4.163336342344337e-17,1.0,1.0,2.0,1,5.0,2026-08-03 10:35:00+05:30,1.3363636363636364,0.6681818181818182,0.0,0.0,1.2584595959595961,0.37222222222222223
2026-08-03 10:45:00+05:30,2026-08-03 10:50:00+05:30,2026-08-03 10:50:00+05:30,10,9,1.0,5.551115123125783e-17,1.0,1.0,2.0,1,5.0,2026-08-03 10:40:00+05:30,1.2,0.6,0.0,0.0,1.1555555555555557,0.4222222222222222
2026-08-03 10:50:00+05:30,2026-08-03 10:55:00+05:30,2026-08-03 10:55:00+05:30,8,11,0.9999999999999999,-1.3877787807814457e-17,1.0,1.0,2.0,1,5.0,2026-08-03 10:45:00+05:30,0.9545454545454545,0.47727272727272724,0.0,0.0,0.8314393939393939,0.5852272727272727
2026-08-03 10:55:00+05:30,2026-08-03 11:00:00+05:30,2026-08-03 11:00:00+05:30,10,9,1.0,4.163336342344337e-17,1.0,1.0,2.0,1,5.0,2026-08-03 10:50:00+05:30,1.1454545454545455,0.5727272727272728,0.0,0.0,1.044949494949495,0.47777777777777775
2026-08-03 11:00:00+05:30,2026-08-03 11:05:00+05:30,2026-08-03 11:05:00+05:30,8,11,0.9999999999999999,-1.3877787807814457e-17,1.0,1.0,2.0,1,5.0,2026-08-03 10:55:00+05:30,1.3363636363636364,0.6681818181818182,0.0,0.0,1.2584595959595961,0.3693181818181818
2026-08-03 11:05:00+05:30,2026-08-03 11:10:00+05:30,2026-08-03 11:10:00+05:30,9,10,1.0,-5.551115123125783e-17,1.0,1.0,2.0,1,5.0,2026-08-03 11:00:00+05:30,1.2121212121212122,0.6060606060606061,0.0,0.0,1.1685606060606062,0.4166666666666667
2026-08-03 11:10:00+05:30,2026-08-03 11:15:00+05:30,2026-08-03 11:15:00+05:30,8,11,1.0,-1.3877787807814457e-17,1.0,1.0,2.0,1,5.0,2026-08-03 11:05:00+05:30,1.2121212121212122,0.6060606060606061,0.0,0.0,1.168560606060606,0.4147727272727273
2026-08-03 11:15:00+05:30,2026-08-03 11:20:00+05:30,2026-08-03 11:20:00+05:30,11,8,1.0,1.3877787807814457e-17,1.0,1.0,2.0,1,5.0,2026-08-03 11:10:00+05:30,1.4545454545454544,0.7272727272727272,0.0,0.0,1.352272727272727,0.32386363636363635
2026-08-03 11:20:00+05:30,2026-08-03 11:25:00+05:30,2026-08-03 11:25:00+05:30,12,7,0.9999999999999998,0.0,1.0,1.0,2.0,1,5.0,2026-08-03 11:15:00+05:30,1.25,0.625,0.0,0.0,1.2094155844155845,0.39285714285714285
2026-08-03 11:25:00+05:30,2026-08-03 11:30:00+05:30,2026-08-03 11:30:00+05:30,10,9,1.0,4.163336342344337e-17,1.0,1.0,2.0,1,5.0,2026-08-03 11:20:00+05:30,1.5555555555555558,0.7777777777777779,0.0,0.0,1.5063492063492063,0.2555555555555556
2026-08-03 11:30:00+05:30,2026-08-03 11:35:00+05:30,2026-08-03 11:35:00+05:30,11,8,0.9999999999999999,2.7755575615628914e-17,1.0,1.0,2.0,1,5.0,2026-08-03 11:25:00+05:30,0.8080808080808082,0.4040404040404041,0.0,0.0,0.7415404040404041,0.6306818181818182
2026-08-03 11:35:00+05:30,2026-08-03 11:40:00+05:30,2026-08-03 11:40:00+05:30,10,9,1.0,4.163336342344337e-17,1.0,1.0,2.0,1,5.0,2026-08-03 11:30:00+05:30,1.2121212121212124,0.6060606060606062,0.0,0.0,1.1685606060606062,0.4166666666666667
2026-08-03 11:40:00+05:30,2026-08-03 11:45:00+05:30,2026-08-03 11:45:00+05:30,10,9,1.0,4.163336342344337e-17,1.0,1.0,2.0,1,5.0,2026-08-03 11:35:00+05:30,1.0555555555555556,0.5277777777777778,0.0,0.0,1.0555555555555556,0.47222222222222215
2026-08-03 11:45:00+05:30,2026-08-03 11:50:00+05:30,2026-08-03 11:50:00+05:30,11,8,1.0,1.3877787807814457e-17,1.0,1.0,2.0,1,5.0,2026-08-03 11:40:00+05:30,1.4141414141414141,0.7070707070707071,0.0,0.0,1.3820707070707072,0.3068181818181818
2026-08-03 11:50:00+05:30,2026-08-03 11:55:00+05:30,2026-08-03 11:55:00+05:30,12,7,0.9999999999999998,0.0,1.0,1.0,2.0,1,5.0,2026-08-03 11:45:00+05:30,1.0416666666666665,0.5208333333333333,0.0,0.0,0.9883658008658007,0.5059523809523809
2026-08-03 11:55:00+05:30,2026-08-03 12:00:00+05:30,2026-08-03 12:00:00+05:30,8,11,1.0,-2.7755575615628914e-17,1.0,1.0,2.0,1,5.0,2026-08-03 11:50:00+05:30,1.3939393939393938,0.6969696969696969,0.0,0.0,1.2326839826839828,0.3863636363636364
2026-08-03 12:00:00+05:30,2026-08-03 12:05:00+05:30,2026-08-03 12:05:00+05:30,10,9,1.0,4.163336342344337e-17,1.0,1.0,2.0,1,5.0,2026-08-03 11:55:00+05:30,0.9545454545454545,0.47727272727272724,0.0,0.0,0.831439393939394,0.5833333333333334
2026-08-03 12:05:00+05:30,2026-08-03 12:10:00+05:30,2026-08-03 12:10:00+05:30,11,8,0.9999999999999999,1.3877787807814457e-17,1.0,1.0,2.0,1,5.0,2026-08-03 12:00:00+05:30,1.0101010101010102,0.5050505050505051,0.0,0.0,0.955050505050505,0.5227272727272727
2026-08-03 12:10:00+05:30,2026-08-03 12:15:00+05:30,2026-08-03 12:15:00+05:30,12,7,0.9999999999999998,6.938893903907228e-18,1.0,1.0,2.0,1,5.0,2026-08-03 12:05:00+05:30,1.0416666666666667,0.5208333333333334,0.0,0.0,0.988365800865801,0.5059523809523808
2026-08-03 12:15:00+05:30,2026-08-03 12:20:00+05:30,2026-08-03 12:20:00+05:30,10,9,1.0,4.163336342344337e-17,1.0,1.0,2.0,1,5.0,2026-08-03 12:10:00+05:30,1.1666666666666665,0.5833333333333333,0.0,0.0,1.069047619047619,0.4666666666666667
2026-08-03 12:20:00+05:30,2026-08-03 12:25:00+05:30,2026-08-03 12:25:00+05:30,8,11,1.0,-1.3877787807814457e-17,1.0,1.0,2.0,1,5.0,2026-08-03 12:15:00+05:30,1.3363636363636364,0.6681818181818182,0.0,0.0,1.258459595959596,0.3693181818181818
2026-08-03 12:25:00+05:30,2026-08-03 12:30:00+05:30,2026-08-03 12:30:00+05:30,10,9,1.0,4.163336342344337e-17,1.0,1.0,2.0,1,5.0,2026-08-03 12:20:00+05:30,1.3363636363636364,0.6681818181818182,0.0,0.0,1.2584595959595961,0.37222222222222223
2026-08-03 12:30:00+05:30,2026-08-03 12:35:00+05:30,2026-08-03 12:35:00+05:30,8,11,1.0,0.0,1.0,1.0,2.0,1,5.0,2026-08-03 12:25:00+05:30,1.1454545454545455,0.5727272727272728,0.0,0.0,1.044949494949495,0.4772727272727273
2026-08-03 12:35:00+05:30,2026-08-03 12:40:00+05:30,2026-08-03 12:40:00+05:30,10,9,1.0,4.163336342344337e-17,1.0,1.0,2.0,1,5.0,2026-08-03 12:30:00+05:30,0.7636363636363634,0.3818181818181817,0.0,0.0,0.617929292929293,0.688888888888889
2026-08-03 12:40:00+05:30,2026-08-03 12:45:00+05:30,2026-08-03 12:45:00+05:30,8,11,1.0,-1.3877787807814457e-17,1.0,1.0,2.0,1,5.0,2026-08-03 12:35:00+05:30,1.3363636363636364,0.6681818181818182,0.0,0.0,1.2584595959595961,0.3693181818181818
2026-08-03 12:45:00+05:30,2026-08-03 12:50:00+05:30,2026-08-03 12:50:00+05:30,8,11,1.0,-1.3877787807814457e-17,1.0,1.0,2.0,1,5.0,2026-08-03 12:40:00+05:30,1.5113636363636362,0.7556818181818181,0.0,0.0,1.5113636363636362,0.24431818181818182
2026-08-03 12:50:00+05:30,2026-08-03 12:55:00+05:30,2026-08-03 12:55:00+05:30,7,12,0.9999999999999998,0.0,1.0,1.0,2.0,1,5.0,2026-08-03 12:45:00+05:30,1.0416666666666665,0.5208333333333333,0.0,0.0,0.9883658008658008,0.5059523809523809
2026-08-03 12:55:00+05:30,2026-08-03 13:00:00+05:30,2026-08-03 13:00:00+05:30,8,11,1.0,-1.3877787807814457e-17,1.0,1.0,2.0,1,5.0,2026-08-03 12:50:00+05:30,0.6249999999999999,0.31249999999999994,0.0,0.0,0.5462662337662337,0.7215909090909091
2026-08-03 13:00:00+05:30,2026-08-03 13:05:00+05:30,2026-08-03 13:05:00+05:30,7,12,0.9999999999999998,0.0,1.0,1.0,2.0,1,5.0,2026-08-03 12:55:00+05:30,0.8333333333333333,0.41666666666666663,0.0,0.0,0.7673160173160173,0.619047619047619
2026-08-03 13:05:00+05:30,2026-08-03 13:10:00+05:30,2026-08-03 13:10:00+05:30,9,10,1.0,-5.551115123125783e-17,1.0,1.0,2.0,1,5.0,2026-08-03 13:00:00+05:30,1.3611111111111112,0.6805555555555556,0.0,0.0,1.2876984126984126,0.3611111111111111
2026-08-03 13:10:00+05:30,2026-08-03 13:15:00+05:30,2026-08-03 13:15:00+05:30,8,11,0.9999999999999999,-1.3877787807814457e-17,1.0,1.0,2.0,1,5.0,2026-08-03 13:05:00+05:30,1.0101010101010102,0.5050505050505051,0.0,0.0,0.9550505050505051,0.5227272727272728
2026-08-03 13:15:00+05:30,2026-08-03 13:20:00+05:30,2026-08-03 13:20:00+05:30,11,8,1.0,4.163336342344337e-17,1.0,1.0,2.0,1,5.0,2026-08-03 13:10:00+05:30,1.4545454545454546,0.7272727272727273,0.0,0.0,1.352272727272727,0.32386363636363635
2026-08-03 13:20:00+05:30,2026-08-03 13:25:00+05:30,2026-08-03 13:25:00+05:30,10,9,1.0,5.551115123125783e-17,1.0,1.0,2.0,1,5.0,2026-08-03 13:15:00+05:30,1.0101010101010102,0.5050505050505051,0.0,0.0,0.9550505050505051,0.5222222222222223
2026-08-03 13:25:00+05:30,2026-08-03 13:30:00+05:30,2026-08-03 13:30:00+05:30,13,6,0.9999999999999999,5.551115123125783e-17,1.0,1.0,2.0,1,5.0,2026-08-03 13:20:00+05:30,1.1282051282051282,0.5641025641025641,0.0,0.0,0.964102564102564,0.5192307692307693
2026-08-03 13:30:00+05:30,2026-08-03 13:35:00+05:30,2026-08-03 13:35:00+05:30,11,8,1.0,2.7755575615628914e-17,1.0,1.0,2.0,1,5.0,2026-08-03 13:25:00+05:30,1.211538461538462,0.605769230769231,0.0,0.0,1.120920745920746,0.44318181818181823
2026-08-03 13:35:00+05:30,2026-08-03 13:40:00+05:30,2026-08-03 13:40:00+05:30,7,12,0.9999999999999998,0.0,1.0,1.0,2.0,1,5.0,2026-08-03 13:30:00+05:30,1.2196969696969697,0.6098484848484849,0.0,0.0,1.0116341991341993,0.49404761904761907
2026-08-03 13:40:00+05:30,2026-08-03 13:45:00+05:30,2026-08-03 13:45:00+05:30,12,7,0.9999999999999998,6.938893903907228e-18,1.0,1.0,2.0,1,5.0,2026-08-03 13:35:00+05:30,1.4999999999999998,0.7499999999999999,0.0,0.0,1.3214285714285712,0.3392857142857143
2026-08-03 13:45:00+05:30,2026-08-03 13:50:00+05:30,2026-08-03 13:50:00+05:30,5,14,1.0,5.551115123125783e-17,1.0,1.0,2.0,1,5.0,2026-08-03 13:40:00+05:30,1.5476190476190477,0.7738095238095238,0.0,0.0,1.288095238095238,0.34285714285714286
2026-08-03 13:50:00+05:30,2026-08-03 13:55:00+05:30,2026-08-03 13:55:00+05:30,6,13,1.0,-5.551115123125783e-17,1.0,1.0,2.0,1,5.0,2026-08-03 13:45:00+05:30,1.4285714285714284,0.7142857142857142,0.0,0.0,1.4065934065934065,0.3076923076923077
2026-08-03 13:55:00+05:30,2026-08-03 14:00:00+05:30,2026-08-03 14:00:00+05:30,12,7,0.9999999999999998,-1.3877787807814457e-17,1.0,1.0,2.0,1,5.0,2026-08-03 13:50:00+05:30,1.2820512820512822,0.6410256410256411,0.0,0.0,0.9505494505494505,0.5238095238095238
2026-08-03 14:00:00+05:30,2026-08-03 14:05:00+05:30,2026-08-03 14:05:00+05:30,8,11,1.0,-2.7755575615628914e-17,1.0,1.0,2.0,1,5.0,2026-08-03 13:55:00+05:30,1.0454545454545454,0.5227272727272727,0.0,0.0,0.7905844155844156,0.6022727272727273
2026-08-03 14:05:00+05:30,2026-08-03 14:10:00+05:30,2026-08-03 14:10:00+05:30,9,10,1.0,-4.163336342344337e-17,1.0,1.0,2.0,1,5.0,2026-08-03 14:00:00+05:30,1.0101010101010102,0.5050505050505051,0.0,0.0,0.9550505050505051,0.5222222222222223
2026-08-03 14:10:00+05:30,2026-08-03 14:15:00+05:30,2026-08-03 14:15:00+05:30,14,5,1.0000000000000002,-5.551115123125783e-17,1.0,1.0,2.0,1,5.0,2026-08-03 14:05:00+05:30,1.3714285714285712,0.6857142857142856,0.0,0.0,1.1523809523809523,0.41428571428571426
2026-08-03 14:15:00+05:30,2026-08-03 14:20:00+05:30,2026-08-03 14:20:00+05:30,8,11,1.0,-1.3877787807814457e-17,1.0,1.0,2.0,1,5.0,2026-08-03 14:10:00+05:30,1.461038961038961,0.7305194805194805,0.0,0.0,1.2180194805194806,0.40340909090909094
2026-08-03 14:20:00+05:30,2026-08-03 14:25:00+05:30,2026-08-03 14:25:00+05:30,9,10,1.0,-5.551115123125783e-17,1.0,1.0,2.0,1,5.0,2026-08-03 14:15:00+05:30,1.0101010101010102,0.5050505050505051,0.0,0.0,0.9550505050505051,0.5222222222222223
2026-08-03 14:25:00+05:30,2026-08-03 14:30:00+05:30,2026-08-03 14:30:00+05:30,9,10,1.0,-5.551115123125783e-17,1.0,1.0,2.0,1,5.0,2026-08-03 14:20:00+05:30,0.8444444444444444,0.4222222222222222,0.0,0.0,0.8444444444444444,0.5777777777777778
2026-08-03 14:30:00+05:30,2026-08-03 14:35:00+05:30,2026-08-03 14:35:00+05:30,6,13,1.0,-5.551115123125783e-17,1.0,1.0,2.0,1,5.0,2026-08-03 14:25:00+05:30,1.316239316239316,0.658119658119658,0.0,0.0,1.1914529914529912,0.3974358974358974
2026-08-03 14:35:00+05:30,2026-08-03 14:40:00+05:30,2026-08-03 14:40:00+05:30,11,8,1.0,2.7755575615628914e-17,1.0,1.0,2.0,1,5.0,2026-08-03 14:30:00+05:30,1.3426573426573425,0.6713286713286712,0.0,0.0,1.1088286713286712,0.4488636363636364
2026-08-03 14:40:00+05:30,2026-08-03 14:45:00+05:30,2026-08-03 14:45:00+05:30,9,10,1.0,-5.551115123125783e-17,1.0,1.0,2.0,1,5.0,2026-08-03 14:35:00+05:30,1.1454545454545455,0.5727272727272728,0.0,0.0,1.044949494949495,0.47777777777777775
2026-08-03 14:45:00+05:30,2026-08-03 14:50:00+05:30,2026-08-03 14:50:00+05:30,13,6,0.9999999999999999,6.938893903907228e-17,1.0,1.0,2.0,1,5.0,2026-08-03 14:40:00+05:30,1.2384615384615383,0.6192307692307691,0.0,0.0,1.035897435897436,0.4807692307692307
2026-08-03 14:50:00+05:30,2026-08-03 14:55:00+05:30,2026-08-03 14:55:00+05:30,12,7,0.9999999999999998,-1.3877787807814457e-17,1.0,1.0,2.0,1,5.0,2026-08-03 14:45:00+05:30,0.6593406593406592,0.3296703296703296,0.0,0.0,0.5796703296703296,0.7023809523809522
2026-08-03 14:55:00+05:30,2026-08-03 15:00:00+05:30,2026-08-03 15:00:00+05:30,8,11,1.0,-1.3877787807814457e-17,1.0,1.0,2.0,1,5.0,2026-08-03 14:50:00+05:30,1.3939393939393938,0.6969696969696969,0.0,0.0,1.2326839826839828,0.38636363636363635
2026-08-03 15:00:00+05:30,2026-08-03 15:05:00+05:30,2026-08-03 15:05:00+05:30,9,10,1.0,-5.551115123125783e-17,1.0,1.0,2.0,1,5.0,2026-08-03 14:55:00+05:30,1.0101010101010102,0.5050505050505051,0.0,0.0,0.9550505050505051,0.5222222222222223
2026-08-03 15:05:00+05:30,2026-08-03 15:10:00+05:30,2026-08-03 15:10:00+05:30,10,9,1.0000000000000002,4.163336342344337e-17,1.0,1.0,2.0,1,5.0,2026-08-03 15:00:00+05:30,1.0,0.5,0.0,0.0,0.9444444444444444,0.5277777777777778
2026-08-03 15:10:00+05:30,2026-08-03 15:15:00+05:30,2026-08-03 15:15:00+05:30,12,7,0.9999999999999998,0.0,1.0,1.0,2.0,1,5.0,2026-08-03 15:05:00+05:30,1.1666666666666665,0.5833333333333333,0.0,0.0,1.069047619047619,0.4642857142857143
2026-08-03 15:15:00+05:30,2026-08-03 15:20:00+05:30,2026-08-03 15:20:00+05:30,2,2,1.0,0.0,1.0,1.0,2.0,1,5.0,2026-08-03 15:10:00+05:30,1.7738095238095237,0.8869047619047619,0.0,0.7738095238095237,0.6130952380952381,0.5
2026-08-03 15:20:00+05:30,2026-08-03 15:25:00+05:30,2026-08-03 15:25:00+05:30,2,2,1.0,0.0,1.0,1.0,2.0,1,5.0,2026-08-03 15:15:00+05:30,1.0,0.5,0.0,0.0,1.0,0.5
2026-08-04 09:15:00+05:30,2026-08-04 09:20:00+05:30,2026-08-04 09:20:00+05:30,3,1,0.9999999999999999,-2.7755575615628914e-17,1.0,1.0,2.0,1,5.0,2026-08-03 15:20:00+05:30,1.6666666666666665,0.8333333333333333,0.0,0.0,1.583333333333333,0.16666666666666666
2026-08-04 09:20:00+05:30,2026-08-04 09:25:00+05:30,2026-08-04 09:25:00+05:30,9,10,1.0,-5.551115123125783e-17,1.0,1.0,2.0,1,5.0,2026-08-04 09:15:00+05:30,1.5666666666666667,0.7833333333333333,0.7833333333333334,0.0,0.0,0.21666666666666665
2026-08-04 09:25:00+05:30,2026-08-04 09:30:00+05:30,2026-08-04 09:30:00+05:30,11,8,1.0,0.0,1.0,1.0,2.0,1,5.0,2026-08-04 09:20:00+05:30,0.9545454545454544,0.4772727272727272,0.0,0.0,0.831439393939394,0.5852272727272727
2026-08-04 09:30:00+05:30,2026-08-04 09:35:00+05:30,2026-08-04 09:35:00+05:30,10,9,1.0000000000000002,4.163336342344337e-17,1.0,1.0,2.0,1,5.0,2026-08-04 09:25:00+05:30,1.0101010101010102,0.5050505050505051,0.0,0.0,0.9550505050505051,0.5222222222222223
2026-08-04 09:35:00+05:30,2026-08-04 09:40:00+05:30,2026-08-04 09:40:00+05:30,11,8,0.9999999999999999,2.7755575615628914e-17,1.0,1.0,2.0,1,5.0,2026-08-04 09:30:00+05:30,1.2121212121212124,0.6060606060606062,0.0,0.0,1.1685606060606062,0.4147727272727273
2026-08-04 09:40:00+05:30,2026-08-04 09:45:00+05:30,2026-08-04 09:45:00+05:30,10,9,1.0,4.163336342344337e-17,1.0,1.0,2.0,1,5.0,2026-08-04 09:35:00+05:30,1.6161616161616161,0.8080808080808081,0.0,0.0,1.5955808080808083,0.20555555555555555
2026-08-04 09:45:00+05:30,2026-08-04 09:50:00+05:30,2026-08-04 09:50:00+05:30,9,10,1.0,-5.551115123125783e-17,1.0,1.0,2.0,1,5.0,2026-08-04 09:40:00+05:30,1.2000000000000002,0.6000000000000001,0.0,0.0,1.1555555555555557,0.4222222222222222
2026-08-04 09:50:00+05:30,2026-08-04 09:55:00+05:30,2026-08-04 09:55:00+05:30,9,10,1.0,-4.163336342344337e-17,1.0,1.0,2.0,1,5.0,2026-08-04 09:45:00+05:30,0.6333333333333333,0.31666666666666665,0.0,0.0,0.6333333333333333,0.6833333333333335
2026-08-04 09:55:00+05:30,2026-08-04 10:00:00+05:30,2026-08-04 10:00:00+05:30,8,11,0.9999999999999999,-1.3877787807814457e-17,1.0,1.0,2.0,1,5.0,2026-08-04 09:50:00+05:30,1.2121212121212124,0.6060606060606062,0.0,0.0,1.168560606060606,0.4147727272727273
2026-08-04 10:00:00+05:30,2026-08-04 10:05:00+05:30,2026-08-04 10:05:00+05:30,7,12,0.9999999999999998,0.0,1.0,1.0,2.0,1,5.0,2026-08-04 09:55:00+05:30,1.25,0.625,0.0,0.0,1.2094155844155843,0.39285714285714285
2026-08-04 10:05:00+05:30,2026-08-04 10:10:00+05:30,2026-08-04 10:10:00+05:30,8,11,1.0,-1.3877787807814457e-17,1.0,1.0,2.0,1,5.0,2026-08-04 10:00:00+05:30,1.0416666666666667,0.5208333333333334,0.0,0.0,0.9883658008658007,0.5056818181818182
2026-08-04 10:10:00+05:30,2026-08-04 10:15:00+05:30,2026-08-04 10:15:00+05:30,10,9,1.0,5.551115123125783e-17,1.0,1.0,2.0,1,5.0,2026-08-04 10:05:00+05:30,1.1454545454545455,0.5727272727272728,0.0,0.0,1.044949494949495,0.4777777777777778
2026-08-04 10:15:00+05:30,2026-08-04 10:20:00+05:30,2026-08-04 10:20:00+05:30,13,6,1.0,5.551115123125783e-17,1.0,1.0,2.0,1,5.0,2026-08-04 10:10:00+05:30,1.1282051282051282,0.5641025641025641,0.0,0.0,0.964102564102564,0.5192307692307693
2026-08-04 10:20:00+05:30,2026-08-04 10:25:00+05:30,2026-08-04 10:25:00+05:30,10,9,1.0,5.551115123125783e-17,1.0,1.0,2.0,1,5.0,2026-08-04 10:15:00+05:30,1.316239316239316,0.658119658119658,0.0,0.0,1.1914529914529912,0.4111111111111111
2026-08-04 10:25:00+05:30,2026-08-04 10:30:00+05:30,2026-08-04 10:30:00+05:30,6,13,1.0,-5.551115123125783e-17,1.0,1.0,2.0,1,5.0,2026-08-04 10:20:00+05:30,1.4153846153846152,0.7076923076923076,0.0,0.0,1.2632478632478632,0.3589743589743589
2026-08-04 10:30:00+05:30,2026-08-04 10:35:00+05:30,2026-08-04 10:35:00+05:30,9,10,1.0,-5.551115123125783e-17,1.0,1.0,2.0,1,5.0,2026-08-04 10:25:00+05:30,1.1282051282051282,0.5641025641025641,0.0,0.0,0.9641025641025641,0.5166666666666666
2026-08-04 10:35:00+05:30,2026-08-04 10:40:00+05:30,2026-08-04 10:40:00+05:30,8,11,0.9999999999999999,-2.7755575615628914e-17,1.0,1.0,2.0,1,5.0,2026-08-04 10:30:00+05:30,1.2121212121212122,0.6060606060606061,0.0,0.0,1.1685606060606062,0.4147727272727273
2026-08-04 10:40:00+05:30,2026-08-04 10:45:00+05:30,2026-08-04 10:45:00+05:30,11,8,1.0,1.3877787807814457e-17,1.0,1.0,2.0,1,5.0,2026-08-04 10:35:00+05:30,1.6363636363636362,0.8181818181818181,0.0,0.0,1.5681818181818181,0.2159090909090909
2026-08-04 10:45:00+05:30,2026-08-04 10:50:00+05:30,2026-08-04 10:50:00+05:30,7,12,0.9999999999999998,0.0,1.0,1.0,2.0,1,5.0,2026-08-04 10:40:00+05:30,1.2196969696969697,0.6098484848484849,0.0,0.0,1.0116341991341993,0.494047619047619
2026-08-04 10:50:00+05:30,2026-08-04 10:55:00+05:30,2026-08-04 10:55:00+05:30,11,8,1.0,0.0,1.0,1.0,2.0,1,5.0,2026-08-04 10:45:00+05:30,1.5681818181818181,0.7840909090909091,0.0,0.0,1.4537337662337662,0.27840909090909094
2026-08-04 10:55:00+05:30,2026-08-04 11:00:00+05:30,2026-08-04 11:00:00+05:30,12,7,0.9999999999999998,0.0,1.0,1.0,2.0,1,5.0,2026-08-04 10:50:00+05:30,0.8333333333333331,0.4166666666666666,0.0,0.0,0.7673160173160173,0.619047619047619
2026-08-04 11:00:00+05:30,2026-08-04 11:05:00+05:30,2026-08-04 11:05:00+05:30,13,6,1.0,5.551115123125783e-17,1.0,1.0,2.0,1,5.0,2026-08-04 10:55:00+05:30,1.0989010989010988,0.5494505494505494,0.0,0.0,1.0494505494505495,0.4743589743589744
2026-08-04 11:05:00+05:30,2026-08-04 11:10:00+05:30,2026-08-04 11:10:00+05:30,11,8,1.0,1.3877787807814457e-17,1.0,1.0,2.0,1,5.0,2026-08-04 11:00:00+05:30,1.2115384615384612,0.6057692307692306,0.0,0.0,1.120920745920746,0.4431818181818182
2026-08-04 11:10:00+05:30,2026-08-04 11:15:00+05:30,2026-08-04 11:15:00+05:30,10,9,1.0,5.551115123125783e-17,1.0,1.0,2.0,1,5.0,2026-08-04 11:05:00+05:30,1.0101010101010102,0.5050505050505051,0.0,0.0,0.955050505050505,0.5222222222222221
2026-08-04 11:15:00+05:30,2026-08-04 11:20:00+05:30,2026-08-04 11:20:00+05:30,12,7,0.9999999999999998,-6.938893903907228e-18,1.0,1.0,2.0,1,5.0,2026-08-04 11:10:00+05:30,0.9722222222222222,0.4861111111111111,0.0,0.0,0.8503968253968254,0.5773809523809523
2026-08-04 11:20:00+05:30,2026-08-04 11:25:00+05:30,2026-08-04 11:25:00+05:30,9,10,1.0,-5.551115123125783e-17,1.0,1.0,2.0,1,5.0,2026-08-04 11:15:00+05:30,1.65,0.825,0.0,0.0,1.586904761904762,0.21666666666666665
2026-08-04 11:25:00+05:30,2026-08-04 11:30:00+05:30,2026-08-04 11:30:00+05:30,7,12,0.9999999999999998,1.3877787807814457e-17,1.0,1.0,2.0,1,5.0,2026-08-04 11:20:00+05:30,0.7777777777777777,0.38888888888888884,0.0,0.0,0.6317460317460317,0.6904761904761904
2026-08-04 11:30:00+05:30,2026-08-04 11:35:00+05:30,2026-08-04 11:35:00+05:30,11,8,1.0,1.3877787807814457e-17,1.0,1.0,2.0,1,5.0,2026-08-04 11:25:00+05:30,1.2196969696969697,0.6098484848484849,0.0,0.0,1.0116341991341993,0.4943181818181818
2026-08-04 11:35:00+05:30,2026-08-04 11:40:00+05:30,2026-08-04 11:40:00+05:30,8,11,1.0,-1.3877787807814457e-17,1.0,1.0,2.0,1,5.0,2026-08-04 11:30:00+05:30,1.0909090909090908,0.5454545454545454,0.0,0.0,0.9204545454545455,0.5397727272727273
2026-08-04 11:40:00+05:30,2026-08-04 11:45:00+05:30,2026-08-04 11:45:00+05:30,8,11,0.9999999999999999,-1.3877787807814457e-17,1.0,1.0,2.0,1,5.0,2026-08-04 11:35:00+05:30,0.8636363636363635,0.43181818181818177,0.0,0.0,0.8636363636363635,0.5681818181818181
2026-08-04 11:45:00+05:30,2026-08-04 11:50:00+05:30,2026-08-04 11:50:00+05:30,9,10,1.0,-5.551115123125783e-17,1.0,1.0,2.0,1,5.0,2026-08-04 11:40:00+05:30,1.2121212121212122,0.6060606060606061,0.0,0.0,1.1685606060606062,0.41666666666666663
2026-08-04 11:50:00+05:30,2026-08-04 11:55:00+05:30,2026-08-04 11:55:00+05:30,10,9,1.0,5.551115123125783e-17,1.0,1.0,2.0,1,5.0,2026-08-04 11:45:00+05:30,1.2,0.6,0.0,0.0,1.1555555555555554,0.4222222222222223
2026-08-04 11:55:00+05:30,2026-08-04 12:00:00+05:30,2026-08-04 12:00:00+05:30,10,9,1.0,5.551115123125783e-17,1.0,1.0,2.0,1,5.0,2026-08-04 11:50:00+05:30,0.6333333333333333,0.31666666666666665,0.0,0.0,0.6333333333333333,0.6833333333333333
2026-08-04 12:00:00+05:30,2026-08-04 12:05:00+05:30,2026-08-04 12:05:00+05:30,9,10,1.0,-5.551115123125783e-17,1.0,1.0,2.0,1,5.0,2026-08-04 11:55:00+05:30,1.0,0.5,0.0,0.0,0.9444444444444444,0.5277777777777778
2026-08-04 12:05:00+05:30,2026-08-04 12:10:00+05:30,2026-08-04 12:10:00+05:30,8,11,1.0,-1.3877787807814457e-17,1.0,1.0,2.0,1,5.0,2026-08-04 12:00:00+05:30,1.0101010101010102,0.5050505050505051,0.0,0.0,0.9550505050505051,0.5227272727272727
2026-08-04 12:10:00+05:30,2026-08-04 12:15:00+05:30,2026-08-04 12:15:00+05:30,9,10,1.0,-5.551115123125783e-17,1.0,1.0,2.0,1,5.0,2026-08-04 12:05:00+05:30,1.4141414141414141,0.7070707070707071,0.0,0.0,1.3820707070707072,0.3111111111111111
2026-08-04 12:15:00+05:30,2026-08-04 12:20:00+05:30,2026-08-04 12:20:00+05:30,13,6,0.9999999999999999,5.551115123125783e-17,1.0,1.0,2.0,1,5.0,2026-08-04 12:10:00+05:30,1.0615384615384613,0.5307692307692307,0.0,0.0,0.8085470085470086,0.6025641025641025
2026-08-04 12:20:00+05:30,2026-08-04 12:25:00+05:30,2026-08-04 12:25:00+05:30,11,8,0.9999999999999999,2.7755575615628914e-17,1.0,1.0,2.0,1,5.0,2026-08-04 12:15:00+05:30,1.211538461538462,0.605769230769231,0.0,0.0,1.120920745920746,0.44318181818181823
2026-08-04 12:25:00+05:30,2026-08-04 12:30:00+05:30,2026-08-04 12:30:00+05:30,10,9,1.0,5.551115123125783e-17,1.0,1.0,2.0,1,5.0,2026-08-04 12:20:00+05:30,0.606060606060606,0.303030303030303,0.0,0.0,0.5280303030303031,0.7333333333333334
2026-08-04 12:30:00+05:30,2026-08-04 12:35:00+05:30,2026-08-04 12:35:00+05:30,8,11,0.9999999999999999,-2.7755575615628914e-17,1.0,1.0,2.0,1,5.0,2026-08-04 12:25:00+05:30,0.7636363636363634,0.3818181818181817,0.0,0.0,0.617929292929293,0.6931818181818181
2026-08-04 12:35:00+05:30,2026-08-04 12:40:00+05:30,2026-08-04 12:40:00+05:30,10,9,1.0,4.163336342344337e-17,1.0,1.0,2.0,1,5.0,2026-08-04 12:30:00+05:30,1.3363636363636362,0.6681818181818181,0.0,0.0,1.2584595959595961,0.37222222222222223
2026-08-04 12:40:00+05:30,2026-08-04 12:45:00+05:30,2026-08-04 12:45:00+05:30,7,12,0.9999999999999998,0.0,1.0,1.0,2.0,1,5.0,2026-08-04 12:35:00+05:30,1.1,0.55,0.0,0.0,0.930952380952381,0.5357142857142856
2026-08-04 12:45:00+05:30,2026-08-04 12:50:00+05:30,2026-08-04 12:50:00+05:30,9,10,1.0,-5.551115123125783e-17,1.0,1.0,2.0,1,5.0,2026-08-04 12:40:00+05:30,1.3611111111111112,0.6805555555555556,0.0,0.0,1.2876984126984126,0.3611111111111111
2026-08-04 12:50:00+05:30,2026-08-04 12:55:00+05:30,2026-08-04 12:55:00+05:30,11,8,1.0,1.3877787807814457e-17,1.0,1.0,2.0,1,5.0,2026-08-04 12:45:00+05:30,1.1454545454545455,0.5727272727272728,0.0,0.0,1.044949494949495,0.4772727272727273
2026-08-04 12:55:00+05:30,2026-08-04 13:00:00+05:30,2026-08-04 13:00:00+05:30,9,10,1.0,-4.163336342344337e-17,1.0,1.0,2.0,1,5.0,2026-08-04 12:50:00+05:30,1.3363636363636364,0.6681818181818182,0.0,0.0,1.2584595959595961,0.3722222222222222
2026-08-04 13:00:00+05:30,2026-08-04 13:05:00+05:30,2026-08-04 13:05:00+05:30,10,9,1.0,5.551115123125783e-17,1.0,1.0,2.0,1,5.0,2026-08-04 12:55:00+05:30,1.2000000000000002,0.6000000000000001,0.0,0.0,1.1555555555555557,0.4222222222222222
2026-08-04 13:05:00+05:30,2026-08-04 13:10:00+05:30,2026-08-04 13:10:00+05:30,9,10,1.0,-4.163336342344337e-17,1.0,1.0,2.0,1,5.0,2026-08-04 13:00:00+05:30,1.2,0.6,0.0,0.0,1.1555555555555557,0.42222222222222217
2026-08-04 13:10:00+05:30,2026-08-04 13:15:00+05:30,2026-08-04 13:15:00+05:30,11,8,1.0,1.3877787807814457e-17,1.0,1.0,2.0,1,5.0,2026-08-04 13:05:00+05:30,1.3363636363636362,0.6681818181818181,0.0,0.0,1.2584595959595961,0.3693181818181818
2026-08-04 13:15:00+05:30,2026-08-04 13:20:00+05:30,2026-08-04 13:20:00+05:30,9,10,1.0,-4.163336342344337e-17,1.0,1.0,2.0,1,5.0,2026-08-04 13:10:00+05:30,0.9545454545454545,0.47727272727272724,0.0,0.0,0.831439393939394,0.5833333333333334
2026-08-04 13:20:00+05:30,2026-08-04 13:25:00+05:30,2026-08-04 13:25:00+05:30,11,8,1.0,1.3877787807814457e-17,1.0,1.0,2.0,1,5.0,2026-08-04 13:15:00+05:30,0.9545454545454545,0.47727272727272724,0.0,0.0,0.831439393939394,0.5852272727272727
2026-08-04 13:25:00+05:30,2026-08-04 13:30:00+05:30,2026-08-04 13:30:00+05:30,6,13,1.0,-4.163336342344337e-17,1.0,1.0,2.0,1,5.0,2026-08-04 13:20:00+05:30,1.3426573426573427,0.6713286713286714,0.0,0.0,1.1088286713286712,0.4423076923076923
2026-08-04 13:30:00+05:30,2026-08-04 13:35:00+05:30,2026-08-04 13:35:00+05:30,10,9,1.0,5.551115123125783e-17,1.0,1.0,2.0,1,5.0,2026-08-04 13:25:00+05:30,1.5923076923076922,0.7961538461538461,0.0,0.0,1.4905982905982904,0.27222222222222225
2026-08-04 13:35:00+05:30,2026-08-04 13:40:00+05:30,2026-08-04 13:40:00+05:30,10,9,1.0,4.163336342344337e-17,1.0,1.0,2.0,1,5.0,2026-08-04 13:30:00+05:30,1.0555555555555556,0.5277777777777778,0.0,0.0,1.0555555555555556,0.4722222222222222
2026-08-04 13:40:00+05:30,2026-08-04 13:45:00+05:30,2026-08-04 13:45:00+05:30,13,6,1.0,4.163336342344337e-17,1.0,1.0,2.0,1,5.0,2026-08-04 13:35:00+05:30,1.316239316239316,0.658119658119658,0.0,0.0,1.1914529914529912,0.39743589743589747
2026-08-04 13:45:00+05:30,2026-08-04 13:50:00+05:30,2026-08-04 13:50:00+05:30,11,8,1.0,0.0,1.0,1.0,2.0,1,5.0,2026-08-04 13:40:00+05:30,1.2115384615384615,0.6057692307692307,0.0,0.0,1.120920745920746,0.4431818181818182
2026-08-04 13:50:00+05:30,2026-08-04 13:55:00+05:30,2026-08-04 13:55:00+05:30,8,11,1.0,-1.3877787807814457e-17,1.0,1.0,2.0,1,5.0,2026-08-04 13:45:00+05:30,1.0909090909090908,0.5454545454545454,0.0,0.0,0.9204545454545454,0.5397727272727273
2026-08-04 13:55:00+05:30,2026-08-04 14:00:00+05:30,2026-08-04 14:00:00+05:30,7,12,0.9999999999999998,0.0,1.0,1.0,2.0,1,5.0,2026-08-04 13:50:00+05:30,1.2499999999999998,0.6249999999999999,0.0,0.0,1.2094155844155843,0.3928571428571428
2026-08-04 14:00:00+05:30,2026-08-04 14:05:00+05:30,2026-08-04 14:05:00+05:30,7,12,0.9999999999999998,0.0,1.0,1.0,2.0,1,5.0,2026-08-04 13:55:00+05:30,1.357142857142857,0.6785714285714285,0.0,0.0,1.357142857142857,0.3214285714285714
2026-08-04 14:05:00+05:30,2026-08-04 14:10:00+05:30,2026-08-04 14:10:00+05:30,11,8,1.0,1.3877787807814457e-17,1.0,1.0,2.0,1,5.0,2026-08-04 14:00:00+05:30,1.5681818181818181,0.7840909090909091,0.0,0.0,1.4537337662337664,0.27840909090909094
2026-08-04 14:10:00+05:30,2026-08-04 14:15:00+05:30,2026-08-04 14:15:00+05:30,12,7,0.9999999999999998,0.0,1.0,1.0,2.0,1,5.0,2026-08-04 14:05:00+05:30,1.4583333333333335,0.7291666666666667,0.0,0.0,1.430465367965368,0.27976190476190477
2026-08-04 14:15:00+05:30,2026-08-04 14:20:00+05:30,2026-08-04 14:20:00+05:30,10,9,1.0,5.551115123125783e-17,1.0,1.0,2.0,1,5.0,2026-08-04 14:10:00+05:30,0.7777777777777777,0.38888888888888884,0.0,0.0,0.6317460317460317,0.6777777777777778
2026-08-04 14:20:00+05:30,2026-08-04 14:25:00+05:30,2026-08-04 14:25:00+05:30,8,11,1.0,-1.3877787807814457e-17,1.0,1.0,2.0,1,5.0,2026-08-04 14:15:00+05:30,1.3363636363636364,0.6681818181818182,0.0,0.0,1.2584595959595961,0.3693181818181818
2026-08-04 14:25:00+05:30,2026-08-04 14:30:00+05:30,2026-08-04 14:30:00+05:30,9,10,1.0,-4.163336342344337e-17,1.0,1.0,2.0,1,5.0,2026-08-04 14:20:00+05:30,1.0101010101010102,0.5050505050505051,0.0,0.0,0.9550505050505051,0.5222222222222224
2026-08-04 14:30:00+05:30,2026-08-04 14:35:00+05:30,2026-08-04 14:35:00+05:30,10,9,1.0000000000000002,4.163336342344337e-17,1.0,1.0,2.0,1,5.0,2026-08-04 14:25:00+05:30,0.9999999999999999,0.49999999999999994,0.0,0.0,0.9444444444444444,0.5277777777777778
2026-08-04 14:35:00+05:30,2026-08-04 14:40:00+05:30,2026-08-04 14:40:00+05:30,8,11,0.9999999999999999,-2.7755575615628914e-17,1.0,1.0,2.0,1,5.0,2026-08-04 14:30:00+05:30,1.1454545454545455,0.5727272727272728,0.0,0.0,1.044949494949495,0.4772727272727273
2026-08-04 14:40:00+05:30,2026-08-04 14:45:00+05:30,2026-08-04 14:45:00+05:30,8,11,0.9999999999999999,-2.7755575615628914e-17,1.0,1.0,2.0,1,5.0,2026-08-04 14:35:00+05:30,1.0795454545454546,0.5397727272727273,0.0,0.0,1.0795454545454546,0.46022727272727276
2026-08-04 14:45:00+05:30,2026-08-04 14:50:00+05:30,2026-08-04 14:50:00+05:30,9,10,1.0,-5.551115123125783e-17,1.0,1.0,2.0,1,5.0,2026-08-04 14:40:00+05:30,1.0101010101010104,0.5050505050505052,0.0,0.0,0.9550505050505051,0.5222222222222223
2026-08-04 14:50:00+05:30,2026-08-04 14:55:00+05:30,2026-08-04 14:55:00+05:30,12,7,0.9999999999999998,-1.3877787807814457e-17,1.0,1.0,2.0,1,5.0,2026-08-04 14:45:00+05:30,0.9166666666666666,0.4583333333333333,0.0,0.0,0.7123015873015873,0.6488095238095237
2026-08-04 14:55:00+05:30,2026-08-04 15:00:00+05:30,2026-08-04 15:00:00+05:30,6,13,1.0,-5.551115123125783e-17,1.0,1.0,2.0,1,5.0,2026-08-04 14:50:00+05:30,1.1217948717948716,0.5608974358974358,0.0,0.0,0.7156593406593406,0.6474358974358975
2026-08-04 15:00:00+05:30,2026-08-04 15:05:00+05:30,2026-08-04 15:05:00+05:30,11,8,0.9999999999999999,4.163336342344337e-17,1.0,1.0,2.0,1,5.0,2026-08-04 14:55:00+05:30,1.3426573426573425,0.6713286713286712,0.0,0.0,1.1088286713286712,0.4488636363636364
2026-08-04 15:05:00+05:30,2026-08-04 15:10:00+05:30,2026-08-04 15:10:00+05:30,12,7,0.9999999999999998,0.0,1.0,1.0,2.0,1,5.0,2026-08-04 15:00:00+05:30,1.2500000000000002,0.6250000000000001,0.0,0.0,1.2094155844155843,0.3928571428571429
2026-08-04 15:10:00+05:30,2026-08-04 15:15:00+05:30,2026-08-04 15:15:00+05:30,13,6,1.0,4.163336342344337e-17,1.0,1.0,2.0,1,5.0,2026-08-04 15:05:00+05:30,1.5384615384615383,0.7692307692307692,0.0,0.0,1.5192307692307692,0.23076923076923078
2026-08-04 15:15:00+05:30,2026-08-04 15:20:00+05:30,2026-08-04 15:20:00+05:30,2,2,1.0,0.0,1.0,1.0,2.0,1,5.0,2026-08-04 15:10:00+05:30,1.6794871794871797,0.8397435897435899,0.0,0.8012820512820513,0.28846153846153844,0.75
2026-08-04 15:20:00+05:30,2026-08-04 15:25:00+05:30,2026-08-04 15:25:00+05:30,2,2,1.0,0.0,1.0,1.0,2.0,1,5.0,2026-08-04 15:15:00+05:30,1.0,0.5,0.0,0.0,1.0,0.5
2026-08-05 09:15:00+05:30,2026-08-05 09:20:00+05:30,2026-08-05 09:20:00+05:30,3,1,0.9999999999999999,-5.551115123125783e-17,1.0,1.0,2.0,1,5.0,2026-08-04 15:20:00+05:30,0.8333333333333334,0.4166666666666667,0.0,0.0,0.41666666666666663,0.8333333333333333
2026-08-05 09:20:00+05:30,2026-08-05 09:25:00+05:30,2026-08-05 09:25:00+05:30,7,12,0.9999999999999998,0.0,1.0,1.0,2.0,1,5.0,2026-08-05 09:15:00+05:30,1.9166666666666665,0.9583333333333333,0.8333333333333331,0.0,0.625,0.041666666666666664
2026-08-05 09:25:00+05:30,2026-08-05 09:30:00+05:30,2026-08-05 09:30:00+05:30,12,7,0.9999999999999998,0.0,1.0,1.0,2.0,1,5.0,2026-08-05 09:20:00+05:30,1.4999999999999998,0.7499999999999999,0.0,0.0,1.3214285714285714,0.3392857142857142
2026-08-05 09:30:00+05:30,2026-08-05 09:35:00+05:30,2026-08-05 09:35:00+05:30,10,9,1.0,4.163336342344337e-17,1.0,1.0,2.0,1,5.0,2026-08-05 09:25:00+05:30,1.5555555555555554,0.7777777777777777,0.0,0.0,1.5063492063492063,0.25555555555555554
2026-08-05 09:35:00+05:30,2026-08-05 09:40:00+05:30,2026-08-05 09:40:00+05:30,9,10,1.0,-5.551115123125783e-17,1.0,1.0,2.0,1,5.0,2026-08-05 09:30:00+05:30,1.2,0.6,0.0,0.0,1.1555555555555557,0.4222222222222223
2026-08-05 09:40:00+05:30,2026-08-05 09:45:00+05:30,2026-08-05 09:45:00+05:30,8,11,0.9999999999999999,-4.163336342344337e-17,1.0,1.0,2.0,1,5.0,2026-08-05 09:35:00+05:30,1.2121212121212122,0.6060606060606061,0.0,0.0,1.1685606060606062,0.4147727272727273
2026-08-05 09:45:00+05:30,2026-08-05 09:50:00+05:30,2026-08-05 09:50:00+05:30,8,11,1.0,0.0,1.0,1.0,2.0,1,5.0,2026-08-05 09:40:00+05:30,1.0795454545454546,0.5397727272727273,0.0,0.0,1.0795454545454546,0.46022727272727276
2026-08-05 09:50:00+05:30,2026-08-05 09:55:00+05:30,2026-08-05 09:55:00+05:30,11,8,1.0,2.7755575615628914e-17,1.0,1.0,2.0,1,5.0,2026-08-05 09:45:00+05:30,1.0909090909090908,0.5454545454545454,0.0,0.0,0.9204545454545455,0.5397727272727273
2026-08-05 09:55:00+05:30,2026-08-05 10:00:00+05:30,2026-08-05 10:00:00+05:30,10,9,1.0,4.163336342344337e-17,1.0,1.0,2.0,1,5.0,2026-08-05 09:50:00+05:30,0.8080808080808081,0.40404040404040403,0.0,0.0,0.7415404040404041,0.6277777777777778
2026-08-05 10:00:00+05:30,2026-08-05 10:05:00+05:30,2026-08-05 10:05:00+05:30,9,10,1.0,-4.163336342344337e-17,1.0,1.0,2.0,1,5.0,2026-08-05 09:55:00+05:30,0.7999999999999999,0.39999999999999997,0.0,0.0,0.7333333333333333,0.6333333333333334
2026-08-05 10:05:00+05:30,2026-08-05 10:10:00+05:30,2026-08-05 10:10:00+05:30,10,9,1.0,5.551115123125783e-17,1.0,1.0,2.0,1,5.0,2026-08-05 10:00:00+05:30,1.4000000000000004,0.7000000000000002,0.0,0.0,1.366666666666667,0.31666666666666665
2026-08-05 10:10:00+05:30,2026-08-05 10:15:00+05:30,2026-08-05 10:15:00+05:30,10,9,1.0,5.551115123125783e-17,1.0,1.0,2.0,1,5.0,2026-08-05 10:05:00+05:30,1.2666666666666668,0.6333333333333334,0.0,0.0,1.2666666666666668,0.3666666666666667
2026-08-05 10:15:00+05:30,2026-08-05 10:20:00+05:30,2026-08-05 10:20:00+05:30,8,11,0.9999999999999999,-1.3877787807814457e-17,1.0,1.0,2.0,1,5.0,2026-08-05 10:10:00+05:30,1.1454545454545455,0.5727272727272728,0.0,0.0,1.044949494949495,0.4772727272727273
2026-08-05 10:20:00+05:30,2026-08-05 10:25:00+05:30,2026-08-05 10:25:00+05:30,9,10,1.0,-5.551115123125783e-17,1.0,1.0,2.0,1,5.0,2026-08-05 10:15:00+05:30,1.2121212121212122,0.6060606060606061,0.0,0.0,1.1685606060606062,0.41666666666666663
2026-08-05 10:25:00+05:30,2026-08-05 10:30:00+05:30,2026-08-05 10:30:00+05:30,7,12,0.9999999999999998,0.0,1.0,1.0,2.0,1,5.0,2026-08-05 10:20:00+05:30,0.5833333333333333,0.29166666666666663,0.0,0.0,0.41309523809523807,0.8035714285714285
2026-08-05 10:30:00+05:30,2026-08-05 10:35:00+05:30,2026-08-05 10:35:00+05:30,8,11,1.0,-2.7755575615628914e-17,1.0,1.0,2.0,1,5.0,2026-08-05 10:25:00+05:30,1.4583333333333335,0.7291666666666667,0.0,0.0,1.4304653679653678,0.2897727272727273
2026-08-05 10:35:00+05:30,2026-08-05 10:40:00+05:30,2026-08-05 10:40:00+05:30,9,10,1.0000000000000002,-4.163336342344337e-17,1.0,1.0,2.0,1,5.0,2026-08-05 10:30:00+05:30,1.0101010101010102,0.5050505050505051,0.0,0.0,0.9550505050505051,0.5222222222222223
2026-08-05 10:40:00+05:30,2026-08-05 10:45:00+05:30,2026-08-05 10:45:00+05:30,7,12,0.9999999999999998,0.0,1.0,1.0,2.0,1,5.0,2026-08-05 10:35:00+05:30,1.1666666666666665,0.5833333333333333,0.0,0.0,1.069047619047619,0.4642857142857143
2026-08-05 10:45:00+05:30,2026-08-05 10:50:00+05:30,2026-08-05 10:50:00+05:30,11,8,1.0,1.3877787807814457e-17,1.0,1.0,2.0,1,5.0,2026-08-05 10:40:00+05:30,1.0454545454545456,0.5227272727272728,0.0,0.0,0.7905844155844156,0.6022727272727273
2026-08-05 10:50:00+05:30,2026-08-05 10:55:00+05:30,2026-08-05 10:55:00+05:30,12,7,0.9999999999999998,0.0,1.0,1.0,2.0,1,5.0,2026-08-05 10:45:00+05:30,1.25,0.625,0.0,0.0,1.2094155844155845,0.3928571428571428
2026-08-05 10:55:00+05:30,2026-08-05 11:00:00+05:30,2026-08-05 11:00:00+05:30,9,10,1.0,-4.163336342344337e-17,1.0,1.0,2.0,1,5.0,2026-08-05 10:50:00+05:30,0.9166666666666666,0.4583333333333333,0.0,0.0,0.7123015873015873,0.638888888888889
2026-08-05 11:00:00+05:30,2026-08-05 11:05:00+05:30,2026-08-05 11:05:00+05:30,6,13,0.9999999999999999,-5.551115123125783e-17,1.0,1.0,2.0,1,5.0,2026-08-05 10:55:00+05:30,1.6923076923076925,0.8461538461538463,0.0,0.0,1.6461538461538465,0.15384615384615385
2026-08-05 11:05:00+05:30,2026-08-05 11:10:00+05:30,2026-08-05 11:10:00+05:30,9,10,1.0,-5.551115123125783e-17,1.0,1.0,2.0,1,5.0,2026-08-05 11:00:00+05:30,1.3162393162393164,0.6581196581196582,0.0,0.0,1.1914529914529917,0.41111111111111115
2026-08-05 11:10:00+05:30,2026-08-05 11:15:00+05:30,2026-08-05 11:15:00+05:30,10,9,1.0,5.551115123125783e-17,1.0,1.0,2.0,1,5.0,2026-08-05 11:05:00+05:30,1.4,0.7,0.0,0.0,1.3666666666666667,0.31666666666666665
2026-08-05 11:15:00+05:30,2026-08-05 11:20:00+05:30,2026-08-05 11:20:00+05:30,10,9,1.0,5.551115123125783e-17,1.0,1.0,2.0,1,5.0,2026-08-05 11:10:00+05:30,1.0555555555555556,0.5277777777777778,0.0,0.0,1.0555555555555556,0.4722222222222222
2026-08-05 11:20:00+05:30,2026-08-05 11:25:00+05:30,2026-08-05 11:25:00+05:30,8,11,1.0,-2.7755575615628914e-17,1.0,1.0,2.0,1,5.0,2026-08-05 11:15:00+05:30,0.9545454545454545,0.47727272727272724,0.0,0.0,0.831439393939394,0.5852272727272727
2026-08-05 11:25:00+05:30,2026-08-05 11:30:00+05:30,2026-08-05 11:30:00+05:30,9,10,1.0,-4.163336342344337e-17,1.0,1.0,2.0,1,5.0,2026-08-05 11:20:00+05:30,1.4141414141414144,0.7070707070707072,0.0,0.0,1.382070707070707,0.3111111111111111
2026-08-05 11:30:00+05:30,2026-08-05 11:35:00+05:30,2026-08-05 11:35:00+05:30,9,10,1.0,-5.551115123125783e-17,1.0,1.0,2.0,1,5.0,2026-08-05 11:25:00+05:30,1.2666666666666668,0.6333333333333334,0.0,0.0,1.2666666666666668,0.36666666666666664
2026-08-05 11:35:00+05:30,2026-08-05 11:40:00+05:30,2026-08-05 11:40:00+05:30,10,9,1.0,5.551115123125783e-17,1.0,1.0,2.0,1,5.0,2026-08-05 11:30:00+05:30,1.2,0.6,0.0,0.0,1.1555555555555557,0.42222222222222217
2026-08-05 11:40:00+05:30,2026-08-05 11:45:00+05:30,2026-08-05 11:45:00+05:30,10,9,1.0,5.551115123125783e-17,1.0,1.0,2.0,1,5.0,2026-08-05 11:35:00+05:30,1.0555555555555556,0.5277777777777778,0.0,0.0,1.0555555555555556,0.4722222222222222
2026-08-05 11:45:00+05:30,2026-08-05 11:50:00+05:30,2026-08-05 11:50:00+05:30,11,8,0.9999999999999999,1.3877787807814457e-17,1.0,1.0,2.0,1,5.0,2026-08-05 11:40:00+05:30,0.808080808080808,0.404040404040404,0.0,0.0,0.7415404040404041,0.6306818181818181
2026-08-05 11:50:00+05:30,2026-08-05 11:55:00+05:30,2026-08-05 11:55:00+05:30,10,9,1.0,4.163336342344337e-17,1.0,1.0,2.0,1,5.0,2026-08-05 11:45:00+05:30,1.2121212121212122,0.6060606060606061,0.0,0.0,1.1685606060606062,0.41666666666666663
2026-08-05 11:55:00+05:30,2026-08-05 12:00:00+05:30,2026-08-05 12:00:00+05:30,9,10,1.0,-5.551115123125783e-17,1.0,1.0,2.0,1,5.0,2026-08-05 11:50:00+05:30,0.7999999999999998,0.3999999999999999,0.0,0.0,0.7333333333333334,0.6333333333333334
2026-08-05 12:00:00+05:30,2026-08-05 12:05:00+05:30,2026-08-05 12:05:00+05:30,9,10,1.0000000000000002,-4.163336342344337e-17,1.0,1.0,2.0,1,5.0,2026-08-05 11:55:00+05:30,1.0555555555555556,0.5277777777777778,0.0,0.0,1.0555555555555556,0.4722222222222222
2026-08-05 12:05:00+05:30,2026-08-05 12:10:00+05:30,2026-08-05 12:10:00+05:30,12,7,0.9999999999999998,0.0,1.0,1.0,2.0,1,5.0,2026-08-05 12:00:00+05:30,1.0999999999999999,0.5499999999999999,0.0,0.0,0.930952380952381,0.5357142857142857
2026-08-05 12:10:00+05:30,2026-08-05 12:15:00+05:30,2026-08-05 12:15:00+05:30,10,9,1.0,5.551115123125783e-17,1.0,1.0,2.0,1,5.0,2026-08-05 12:05:00+05:30,1.1666666666666665,0.5833333333333333,0.0,0.0,1.069047619047619,0.4666666666666667
2026-08-05 12:15:00+05:30,2026-08-05 12:20:00+05:30,2026-08-05 12:20:00+05:30,9,10,1.0,-5.551115123125783e-17,1.0,1.0,2.0,1,5.0,2026-08-05 12:10:00+05:30,0.7999999999999998,0.3999999999999999,0.0,0.0,0.7333333333333334,0.6333333333333334
2026-08-05 12:20:00+05:30,2026-08-05 12:25:00+05:30,2026-08-05 12:25:00+05:30,11,8,1.0,1.3877787807814457e-17,1.0,1.0,2.0,1,5.0,2026-08-05 12:15:00+05:30,1.5272727272727273,0.7636363636363637,0.0,0.0,1.4719696969696972,0.26136363636363635
2026-08-05 12:25:00+05:30,2026-08-05 12:30:00+05:30,2026-08-05 12:30:00+05:30,7,12,0.9999999999999998,0.0,1.0,1.0,2.0,1,5.0,2026-08-05 12:20:00+05:30,1.2196969696969697,0.6098484848484849,0.0,0.0,1.0116341991341993,0.494047619047619
2026-08-05 12:30:00+05:30,2026-08-05 12:35:00+05:30,2026-08-05 12:35:00+05:30,7,12,0.9999999999999998,1.3877787807814457e-17,1.0,1.0,2.0,1,5.0,2026-08-05 12:25:00+05:30,1.130952380952381,0.5654761904761905,0.0,0.0,1.130952380952381,0.43452380952380953
2026-08-05 12:35:00+05:30,2026-08-05 12:40:00+05:30,2026-08-05 12:40:00+05:30,12,7,0.9999999999999998,0.0,1.0,1.0,2.0,1,5.0,2026-08-05 12:30:00+05:30,1.333333333333333,0.6666666666666665,0.0,0.0,1.0952380952380951,0.45238095238095233
2026-08-05 12:40:00+05:30,2026-08-05 12:45:00+05:30,2026-08-05 12:45:00+05:30,7,12,0.9999999999999998,0.0,1.0,1.0,2.0,1,5.0,2026-08-05 12:35:00+05:30,1.333333333333333,0.6666666666666665,0.0,0.0,1.0952380952380951,0.4523809523809524
2026-08-05 12:45:00+05:30,2026-08-05 12:50:00+05:30,2026-08-05 12:50:00+05:30,8,11,0.9999999999999999,-2.7755575615628914e-17,1.0,1.0,2.0,1,5.0,2026-08-05 12:40:00+05:30,1.25,0.625,0.0,0.0,1.2094155844155843,0.39772727272727276
2026-08-05 12:50:00+05:30,2026-08-05 12:55:00+05:30,2026-08-05 12:55:00+05:30,9,10,1.0000000000000002,-4.163336342344337e-17,1.0,1.0,2.0,1,5.0,2026-08-05 12:45:00+05:30,0.8080808080808081,0.40404040404040403,0.0,0.0,0.7415404040404041,0.6277777777777778
2026-08-05 12:55:00+05:30,2026-08-05 13:00:00+05:30,2026-08-05 13:00:00+05:30,8,11,0.9999999999999999,-1.3877787807814457e-17,1.0,1.0,2.0,1,5.0,2026-08-05 12:50:00+05:30,0.8080808080808081,0.40404040404040403,0.0,0.0,0.741540404040404,0.6306818181818181
2026-08-05 13:00:00+05:30,2026-08-05 13:05:00+05:30,2026-08-05 13:05:00+05:30,10,9,1.0,5.551115123125783e-17,1.0,1.0,2.0,1,5.0,2026-08-05 12:55:00+05:30,0.9545454545454544,0.4772727272727272,0.0,0.0,0.831439393939394,0.5833333333333334
2026-08-05 13:05:00+05:30,2026-08-05 13:10:00+05:30,2026-08-05 13:10:00+05:30,12,7,0.9999999999999998,0.0,1.0,1.0,2.0,1,5.0,2026-08-05 13:00:00+05:30,1.1666666666666665,0.5833333333333333,0.0,0.0,1.069047619047619,0.4642857142857143
2026-08-05 13:10:00+05:30,2026-08-05 13:15:00+05:30,2026-08-05 13:15:00+05:30,10,9,1.0,5.551115123125783e-17,1.0,1.0,2.0,1,5.0,2026-08-05 13:05:00+05:30,1.1666666666666665,0.5833333333333333,0.0,0.0,1.069047619047619,0.4666666666666666
2026-08-05 13:15:00+05:30,2026-08-05 13:20:00+05:30,2026-08-05 13:20:00+05:30,9,10,1.0,-5.551115123125783e-17,1.0,1.0,2.0,1,5.0,2026-08-05 13:10:00+05:30,1.2,0.6,0.0,0.0,1.1555555555555557,0.4222222222222223
2026-08-05 13:20:00+05:30,2026-08-05 13:25:00+05:30,2026-08-05 13:25:00+05:30,7,12,0.9999999999999998,0.0,1.0,1.0,2.0,1,5.0,2026-08-05 13:15:00+05:30,1.5555555555555558,0.7777777777777779,0.0,0.0,1.5063492063492063,0.23809523809523808
2026-08-05 13:25:00+05:30,2026-08-05 13:30:00+05:30,2026-08-05 13:30:00+05:30,6,13,0.9999999999999999,-5.551115123125783e-17,1.0,1.0,2.0,1,5.0,2026-08-05 13:20:00+05:30,1.3186813186813187,0.6593406593406593,0.0,0.0,1.2843406593406592,0.35256410256410253
2026-08-05 13:30:00+05:30,2026-08-05 13:35:00+05:30,2026-08-05 13:35:00+05:30,9,10,1.0,-4.163336342344337e-17,1.0,1.0,2.0,1,5.0,2026-08-05 13:25:00+05:30,0.9401709401709399,0.47008547008546997,0.0,0.0,0.7367521367521367,0.6222222222222223
2026-08-05 13:35:00+05:30,2026-08-05 13:40:00+05:30,2026-08-05 13:40:00+05:30,8,11,1.0,-1.3877787807814457e-17,1.0,1.0,2.0,1,5.0,2026-08-05 13:30:00+05:30,1.2121212121212124,0.6060606060606062,0.0,0.0,1.1685606060606062,0.4147727272727273
2026-08-05 13:40:00+05:30,2026-08-05 13:45:00+05:30,2026-08-05 13:45:00+05:30,12,7,0.9999999999999998,1.3877787807814457e-17,1.0,1.0,2.0,1,5.0,2026-08-05 13:35:00+05:30,0.8712121212121213,0.43560606060606066,0.0,0.0,0.5695346320346321,0.7202380952380951
2026-08-05 13:45:00+05:30,2026-08-05 13:50:00+05:30,2026-08-05 13:50:00+05:30,10,9,1.0,5.551115123125783e-17,1.0,1.0,2.0,1,5.0,2026-08-05 13:40:00+05:30,0.9722222222222221,0.48611111111111105,0.0,0.0,0.8503968253968254,0.5722222222222223
2026-08-05 13:50:00+05:30,2026-08-05 13:55:00+05:30,2026-08-05 13:55:00+05:30,8,11,1.0,-2.7755575615628914e-17,1.0,1.0,2.0,1,5.0,2026-08-05 13:45:00+05:30,0.9545454545454545,0.47727272727272724,0.0,0.0,0.831439393939394,0.5852272727272727
2026-08-05 13:55:00+05:30,2026-08-05 14:00:00+05:30,2026-08-05 14:00:00+05:30,12,7,0.9999999999999998,0.0,1.0,1.0,2.0,1,5.0,2026-08-05 13:50:00+05:30,1.0454545454545456,0.5227272727272728,0.0,0.0,0.7905844155844157,0.6071428571428571
2026-08-05 14:00:00+05:30,2026-08-05 14:05:00+05:30,2026-08-05 14:05:00+05:30,8,11,1.0,-4.163336342344337e-17,1.0,1.0,2.0,1,5.0,2026-08-05 13:55:00+05:30,1.5681818181818181,0.7840909090909091,0.0,0.0,1.4537337662337664,0.27840909090909094
2026-08-05 14:05:00+05:30,2026-08-05 14:10:00+05:30,2026-08-05 14:10:00+05:30,12,7,0.9999999999999998,0.0,1.0,1.0,2.0,1,5.0,2026-08-05 14:00:00+05:30,1.393939393939394,0.696969696969697,0.0,0.0,1.2326839826839828,0.38095238095238093
2026-08-05 14:10:00+05:30,2026-08-05 14:15:00+05:30,2026-08-05 14:15:00+05:30,8,11,1.0,-2.7755575615628914e-17,1.0,1.0,2.0,1,5.0,2026-08-05 14:05:00+05:30,1.2196969696969695,0.6098484848484848,0.0,0.0,1.0116341991341993,0.4943181818181819
2026-08-05 14:15:00+05:30,2026-08-05 14:20:00+05:30,2026-08-05 14:20:00+05:30,7,12,0.9999999999999998,0.0,1.0,1.0,2.0,1,5.0,2026-08-05 14:10:00+05:30,1.0416666666666665,0.5208333333333333,0.0,0.0,0.9883658008658008,0.5059523809523809
2026-08-05 14:20:00+05:30,2026-08-05 14:25:00+05:30,2026-08-05 14:25:00+05:30,6,13,1.0,-5.551115123125783e-17,1.0,1.0,2.0,1,5.0,2026-08-05 14:15:00+05:30,0.879120879120879,0.4395604395604395,0.0,0.0,0.8145604395604396,0.5961538461538461
2026-08-05 14:25:00+05:30,2026-08-05 14:30:00+05:30,2026-08-05 14:30:00+05:30,8,11,1.0,-2.7755575615628914e-17,1.0,1.0,2.0,1,5.0,2026-08-05 14:20:00+05:30,1.4134615384615383,0.7067307692307692,0.0,0.0,1.3506701631701632,0.33522727272727276
2026-08-05 14:30:00+05:30,2026-08-05 14:35:00+05:30,2026-08-05 14:35:00+05:30,10,9,1.0,5.551115123125783e-17,1.0,1.0,2.0,1,5.0,2026-08-05 14:25:00+05:30,1.3363636363636364,0.6681818181818182,0.0,0.0,1.2584595959595961,0.37222222222222223
2026-08-05 14:35:00+05:30,2026-08-05 14:40:00+05:30,2026-08-05 14:40:00+05:30,11,8,0.9999999999999999,1.3877787807814457e-17,1.0,1.0,2.0,1,5.0,2026-08-05 14:30:00+05:30,1.0101010101010102,0.5050505050505051,0.0,0.0,0.955050505050505,0.5227272727272727
2026-08-05 14:40:00+05:30,2026-08-05 14:45:00+05:30,2026-08-05 14:45:00+05:30,10,9,1.0,5.551115123125783e-17,1.0,1.0,2.0,1,5.0,2026-08-05 14:35:00+05:30,1.2121212121212122,0.6060606060606061,0.0,0.0,1.1685606060606062,0.4166666666666667
2026-08-05 14:45:00+05:30,2026-08-05 14:50:00+05:30,2026-08-05 14:50:00+05:30,9,10,1.0,-4.163336342344337e-17,1.0,1.0,2.0,1,5.0,2026-08-05 14:40:00+05:30,0.9999999999999999,0.49999999999999994,0.0,0.0,0.9444444444444444,0.5277777777777778
2026-08-05 14:50:00+05:30,2026-08-05 14:55:00+05:30,2026-08-05 14:55:00+05:30,9,10,1.0,-5.551115123125783e-17,1.0,1.0,2.0,1,5.0,2026-08-05 14:45:00+05:30,1.2666666666666668,0.6333333333333334,0.0,0.0,1.2666666666666668,0.3666666666666667
2026-08-05 14:55:00+05:30,2026-08-05 15:00:00+05:30,2026-08-05 15:00:00+05:30,11,8,1.0,2.7755575615628914e-17,1.0,1.0,2.0,1,5.0,2026-08-05 14:50:00+05:30,0.7636363636363634,0.3818181818181817,0.0,0.0,0.617929292929293,0.6931818181818181
2026-08-05 15:00:00+05:30,2026-08-05 15:05:00+05:30,2026-08-05 15:05:00+05:30,11,8,1.0,2.7755575615628914e-17,1.0,1.0,2.0,1,5.0,2026-08-05 14:55:00+05:30,1.0795454545454546,0.5397727272727273,0.0,0.0,1.0795454545454546,0.4602272727272727
2026-08-05 15:05:00+05:30,2026-08-05 15:10:00+05:30,2026-08-05 15:10:00+05:30,10,9,1.0,5.551115123125783e-17,1.0,1.0,2.0,1,5.0,2026-08-05 15:00:00+05:30,0.8080808080808081,0.40404040404040403,0.0,0.0,0.7415404040404041,0.6277777777777778
2026-08-05 15:10:00+05:30,2026-08-05 15:15:00+05:30,2026-08-05 15:15:00+05:30,11,8,0.9999999999999999,1.3877787807814457e-17,1.0,1.0,2.0,1,5.0,2026-08-05 15:05:00+05:30,1.4141414141414141,0.7070707070707071,0.0,0.0,1.382070707070707,0.3068181818181818
2026-08-05 15:15:00+05:30,2026-08-05 15:20:00+05:30,2026-08-05 15:20:00+05:30,1,3,0.9999999999999999,2.7755575615628914e-17,1.0,1.0,2.0,1,5.0,2026-08-05 15:10:00+05:30,1.784090909090909,0.8920454545454545,0.0,0.8011363636363635,0.4242424242424242,0.6666666666666666
2026-08-05 15:20:00+05:30,2026-08-05 15:25:00+05:30,2026-08-05 15:25:00+05:30,1,3,1.0,0.0,1.0,1.0,2.0,1,5.0,2026-08-05 15:15:00+05:30,1.3333333333333333,0.6666666666666666,0.0,0.0,1.3333333333333333,0.3333333333333333
2026-08-06 09:15:00+05:30,2026-08-06 09:20:00+05:30,2026-08-06 09:20:00+05:30,3,1,0.9999999999999999,-5.551115123125783e-17,1.0,1.0,2.0,1,5.0,2026-08-05 15:20:00+05:30,1.3333333333333335,0.6666666666666667,0.0,0.0,0.6666666666666666,0.6666666666666666
2026-08-06 09:20:00+05:30,2026-08-06 09:25:00+05:30,2026-08-06 09:25:00+05:30,7,12,0.9999999999999998,1.3877787807814457e-17,1.0,1.0,2.0,1,5.0,2026-08-06 09:15:00+05:30,1.773809523809524,0.886904761904762,0.8035714285714284,0.0,0.41666666666666663,0.11309523809523808
2026-08-06 09:25:00+05:30,2026-08-06 09:30:00+05:30,2026-08-06 09:30:00+05:30,11,8,1.0,1.3877787807814457e-17,1.0,1.0,2.0,1,5.0,2026-08-06 09:20:00+05:30,1.2196969696969695,0.6098484848484848,0.0,0.0,1.0116341991341993,0.4943181818181818
2026-08-06 09:30:00+05:30,2026-08-06 09:35:00+05:30,2026-08-06 09:35:00+05:30,12,7,0.9999999999999998,-1.3877787807814457e-17,1.0,1.0,2.0,1,5.0,2026-08-06 09:25:00+05:30,1.0416666666666667,0.5208333333333334,0.0,0.0,0.9883658008658007,0.5059523809523808
2026-08-06 09:35:00+05:30,2026-08-06 09:40:00+05:30,2026-08-06 09:40:00+05:30,7,12,0.9999999999999998,1.3877787807814457e-17,1.0,1.0,2.0,1,5.0,2026-08-06 09:30:00+05:30,1.1666666666666665,0.5833333333333333,0.0,0.0,0.8690476190476191,0.5654761904761905
2026-08-06 09:40:00+05:30,2026-08-06 09:45:00+05:30,2026-08-06 09:45:00+05:30,9,10,1.0,-5.551115123125783e-17,1.0,1.0,2.0,1,5.0,2026-08-06 09:35:00+05:30,1.1666666666666665,0.5833333333333333,0.0,0.0,1.069047619047619,0.4666666666666667
2026-08-06 09:45:00+05:30,2026-08-06 09:50:00+05:30,2026-08-06 09:50:00+05:30,9,10,1.0000000000000002,-4.163336342344337e-17,1.0,1.0,2.0,1,5.0,2026-08-06 09:40:00+05:30,1.2666666666666668,0.6333333333333334,0.0,0.0,1.2666666666666668,0.36666666666666664
2026-08-06 09:50:00+05:30,2026-08-06 09:55:00+05:30,2026-08-06 09:55:00+05:30,8,11,1.0,-1.3877787807814457e-17,1.0,1.0,2.0,1,5.0,2026-08-06 09:45:00+05:30,1.0101010101010102,0.5050505050505051,0.0,0.0,0.9550505050505051,0.5227272727272727
2026-08-06 09:55:00+05:30,2026-08-06 10:00:00+05:30,2026-08-06 10:00:00+05:30,7,12,0.9999999999999998,0.0,1.0,1.0,2.0,1,5.0,2026-08-06 09:50:00+05:30,1.25,0.625,0.0,0.0,1.2094155844155843,0.39285714285714285
2026-08-06 10:00:00+05:30,2026-08-06 10:05:00+05:30,2026-08-06 10:05:00+05:30,10,9,1.0,5.551115123125783e-17,1.0,1.0,2.0,1,5.0,2026-08-06 09:55:00+05:30,1.4666666666666666,0.7333333333333333,0.0,0.0,1.3682539682539683,0.3222222222222222
2026-08-06 10:05:00+05:30,2026-08-06 10:10:00+05:30,2026-08-06 10:10:00+05:30,10,9,1.0,5.551115123125783e-17,1.0,1.0,2.0,1,5.0,2026-08-06 10:00:00+05:30,0.6333333333333333,0.31666666666666665,0.0,0.0,0.6333333333333333,0.6833333333333333
2026-08-06 10:10:00+05:30,2026-08-06 10:15:00+05:30,2026-08-06 10:15:00+05:30,12,7,0.9999999999999998,0.0,1.0,1.0,2.0,1,5.0,2026-08-06 10:05:00+05:30,0.9722222222222221,0.48611111111111105,0.0,0.0,0.8503968253968254,0.5773809523809523
2026-08-06 10:15:00+05:30,2026-08-06 10:20:00+05:30,2026-08-06 10:20:00+05:30,8,11,1.0,-4.163336342344337e-17,1.0,1.0,2.0,1,5.0,2026-08-06 10:10:00+05:30,1.2196969696969697,0.6098484848484849,0.0,0.0,1.0116341991341993,0.4943181818181819
2026-08-06 10:20:00+05:30,2026-08-06 10:25:00+05:30,2026-08-06 10:25:00+05:30,11,8,1.0,2.7755575615628914e-17,1.0,1.0,2.0,1,5.0,2026-08-06 10:15:00+05:30,1.2727272727272727,0.6363636363636364,0.0,0.0,1.1363636363636362,0.4318181818181819
2026-08-06 10:25:00+05:30,2026-08-06 10:30:00+05:30,2026-08-06 10:30:00+05:30,7,12,0.9999999999999998,-6.938893903907228e-18,1.0,1.0,2.0,1,5.0,2026-08-06 10:20:00+05:30,1.2196969696969697,0.6098484848484849,0.0,0.0,1.011634199134199,0.49404761904761896
2026-08-06 10:30:00+05:30,2026-08-06 10:35:00+05:30,2026-08-06 10:35:00+05:30,11,8,0.9999999999999999,2.7755575615628914e-17,1.0,1.0,2.0,1,5.0,2026-08-06 10:25:00+05:30,1.393939393939394,0.696969696969697,0.0,0.0,1.2326839826839828,0.3863636363636364
2026-08-06 10:35:00+05:30,2026-08-06 10:40:00+05:30,2026-08-06 10:40:00+05:30,10,9,1.0,4.163336342344337e-17,1.0,1.0,2.0,1,5.0,2026-08-06 10:30:00+05:30,1.0101010101010102,0.5050505050505051,0.0,0.0,0.955050505050505,0.5222222222222223
2026-08-06 10:40:00+05:30,2026-08-06 10:45:00+05:30,2026-08-06 10:45:00+05:30,8,11,1.0,-1.3877787807814457e-17,1.0,1.0,2.0,1,5.0,2026-08-06 10:35:00+05:30,1.3363636363636364,0.6681818181818182,0.0,0.0,1.2584595959595961,0.3693181818181818
2026-08-06 10:45:00+05:30,2026-08-06 10:50:00+05:30,2026-08-06 10:50:00+05:30,8,11,1.0,0.0,1.0,1.0,2.0,1,5.0,2026-08-06 10:40:00+05:30,1.0795454545454546,0.5397727272727273,0.0,0.0,1.0795454545454546,0.4602272727272727
2026-08-06 10:50:00+05:30,2026-08-06 10:55:00+05:30,2026-08-06 10:55:00+05:30,11,8,0.9999999999999999,4.163336342344337e-17,1.0,1.0,2.0,1,5.0,2026-08-06 10:45:00+05:30,1.0909090909090908,0.5454545454545454,0.0,0.0,0.9204545454545455,0.5397727272727273
2026-08-06 10:55:00+05:30,2026-08-06 11:00:00+05:30,2026-08-06 11:00:00+05:30,7,12,0.9999999999999998,0.0,1.0,1.0,2.0,1,5.0,2026-08-06 10:50:00+05:30,1.0454545454545456,0.5227272727272728,0.0,0.0,0.7905844155844157,0.6071428571428571
2026-08-06 11:00:00+05:30,2026-08-06 11:05:00+05:30,2026-08-06 11:05:00+05:30,8,11,0.9999999999999999,-1.3877787807814457e-17,1.0,1.0,2.0,1,5.0,2026-08-06 10:55:00+05:30,1.0416666666666667,0.5208333333333334,0.0,0.0,0.9883658008658008,0.5056818181818182
2026-08-06 11:05:00+05:30,2026-08-06 11:10:00+05:30,2026-08-06 11:10:00+05:30,12,7,0.9999999999999998,0.0,1.0,1.0,2.0,1,5.0,2026-08-06 11:00:00+05:30,1.5681818181818181,0.7840909090909091,0.0,0.0,1.4537337662337664,0.2678571428571428
2026-08-06 11:10:00+05:30,2026-08-06 11:15:00+05:30,2026-08-06 11:15:00+05:30,8,11,1.0,1.3877787807814457e-17,1.0,1.0,2.0,1,5.0,2026-08-06 11:05:00+05:30,1.2196969696969695,0.6098484848484848,0.0,0.0,1.0116341991341993,0.4943181818181818
2026-08-06 11:15:00+05:30,2026-08-06 11:20:00+05:30,2026-08-06 11:20:00+05:30,14,5,1.0,-5.551115123125783e-17,1.0,1.0,2.0,1,5.0,2026-08-06 11:10:00+05:30,1.2987012987012987,0.6493506493506493,0.0,0.0,0.9743506493506494,0.5142857142857143
2026-08-06 11:20:00+05:30,2026-08-06 11:25:00+05:30,2026-08-06 11:25:00+05:30,11,8,0.9999999999999999,2.7755575615628914e-17,1.0,1.0,2.0,1,5.0,2026-08-06 11:15:00+05:30,1.1785714285714288,0.5892857142857144,0.0,0.0,1.0256493506493505,0.48863636363636365
2026-08-06 11:25:00+05:30,2026-08-06 11:30:00+05:30,2026-08-06 11:30:00+05:30,13,6,0.9999999999999999,5.551115123125783e-17,1.0,1.0,2.0,1,5.0,2026-08-06 11:20:00+05:30,1.4134615384615388,0.7067307692307694,0.0,0.0,1.3506701631701632,0.3141025641025641
2026-08-06 11:30:00+05:30,2026-08-06 11:35:00+05:30,2026-08-06 11:35:00+05:30,8,11,1.0,-1.3877787807814457e-17,1.0,1.0,2.0,1,5.0,2026-08-06 11:25:00+05:30,1.3426573426573427,0.6713286713286714,0.0,0.0,1.1088286713286715,0.44886363636363635
2026-08-06 11:35:00+05:30,2026-08-06 11:40:00+05:30,2026-08-06 11:40:00+05:30,8,11,1.0,-4.163336342344337e-17,1.0,1.0,2.0,1,5.0,2026-08-06 11:30:00+05:30,1.0795454545454546,0.5397727272727273,0.0,0.0,1.0795454545454546,0.46022727272727276
2026-08-06 11:40:00+05:30,2026-08-06 11:45:00+05:30,2026-08-06 11:45:00+05:30,10,9,1.0000000000000002,4.163336342344337e-17,1.0,1.0,2.0,1,5.0,2026-08-06 11:35:00+05:30,1.1454545454545453,0.5727272727272726,0.0,0.0,1.044949494949495,0.47777777777777775
2026-08-06 11:45:00+05:30,2026-08-06 11:50:00+05:30,2026-08-06 11:50:00+05:30,12,7,0.9999999999999998,0.0,1.0,1.0,2.0,1,5.0,2026-08-06 11:40:00+05:30,1.1666666666666665,0.5833333333333333,0.0,0.0,1.069047619047619,0.46428571428571425
2026-08-06 11:50:00+05:30,2026-08-06 11:55:00+05:30,2026-08-06 11:55:00+05:30,10,9,1.0,5.551115123125783e-17,1.0,1.0,2.0,1,5.0,2026-08-06 11:45:00+05:30,0.9722222222222223,0.48611111111111116,0.0,0.0,0.8503968253968254,0.5722222222222223
2026-08-06 11:55:00+05:30,2026-08-06 12:00:00+05:30,2026-08-06 12:00:00+05:30,9,10,1.0,-4.163336342344337e-17,1.0,1.0,2.0,1,5.0,2026-08-06 11:50:00+05:30,1.0,0.5,0.0,0.0,0.9444444444444444,0.5277777777777778
2026-08-06 12:00:00+05:30,2026-08-06 12:05:00+05:30,2026-08-06 12:05:00+05:30,11,8,0.9999999999999999,2.7755575615628914e-17,1.0,1.0,2.0,1,5.0,2026-08-06 11:55:00+05:30,1.1454545454545455,0.5727272727272728,0.0,0.0,1.044949494949495,0.4772727272727273
2026-08-06 12:05:00+05:30,2026-08-06 12:10:00+05:30,2026-08-06 12:10:00+05:30,11,8,1.0,2.7755575615628914e-17,1.0,1.0,2.0,1,5.0,2026-08-06 12:00:00+05:30,1.0795454545454544,0.5397727272727272,0.0,0.0,1.0795454545454544,0.46022727272727276
2026-08-06 12:10:00+05:30,2026-08-06 12:15:00+05:30,2026-08-06 12:15:00+05:30,9,10,1.0,-5.551115123125783e-17,1.0,1.0,2.0,1,5.0,2026-08-06 12:05:00+05:30,1.1454545454545455,0.5727272727272728,0.0,0.0,1.044949494949495,0.47777777777777775
2026-08-06 12:15:00+05:30,2026-08-06 12:20:00+05:30,2026-08-06 12:20:00+05:30,9,10,1.0,-5.551115123125783e-17,1.0,1.0,2.0,1,5.0,2026-08-06 12:10:00+05:30,0.8444444444444443,0.42222222222222217,0.0,0.0,0.8444444444444443,0.5777777777777778
2026-08-06 12:20:00+05:30,2026-08-06 12:25:00+05:30,2026-08-06 12:25:00+05:30,8,11,1.0,0.0,1.0,1.0,2.0,1,5.0,2026-08-06 12:15:00+05:30,0.808080808080808,0.404040404040404,0.0,0.0,0.7415404040404041,0.6306818181818182
2026-08-06 12:25:00+05:30,2026-08-06 12:30:00+05:30,2026-08-06 12:30:00+05:30,11,8,1.0,0.0,1.0,1.0,2.0,1,5.0,2026-08-06 12:20:00+05:30,1.2727272727272727,0.6363636363636364,0.0,0.0,1.1363636363636362,0.4318181818181819
2026-08-06 12:30:00+05:30,2026-08-06 12:35:00+05:30,2026-08-06 12:35:00+05:30,11,8,0.9999999999999999,1.3877787807814457e-17,1.0,1.0,2.0,1,5.0,2026-08-06 12:25:00+05:30,1.0795454545454546,0.5397727272727273,0.0,0.0,1.0795454545454546,0.4602272727272727
2026-08-06 12:35:00+05:30,2026-08-06 12:40:00+05:30,2026-08-06 12:40:00+05:30,10,9,1.0,5.551115123125783e-17,1.0,1.0,2.0,1,5.0,2026-08-06 12:30:00+05:30,1.2121212121212124,0.6060606060606062,0.0,0.0,1.168560606060606,0.41666666666666663
2026-08-06 12:40:00+05:30,2026-08-06 12:45:00+05:30,2026-08-06 12:45:00+05:30,10,9,1.0,5.551115123125783e-17,1.0,1.0,2.0,1,5.0,2026-08-06 12:35:00+05:30,1.0555555555555556,0.5277777777777778,0.0,0.0,1.0555555555555556,0.47222222222222215
2026-08-06 12:45:00+05:30,2026-08-06 12:50:00+05:30,2026-08-06 12:50:00+05:30,13,6,0.9999999999999999,5.551115123125783e-17,1.0,1.0,2.0,1,5.0,2026-08-06 12:40:00+05:30,1.1282051282051282,0.5641025641025641,0.0,0.0,0.9641025641025641,0.5192307692307693
2026-08-06 12:50:00+05:30,2026-08-06 12:55:00+05:30,2026-08-06 12:55:00+05:30,9,10,1.0,-4.163336342344337e-17,1.0,1.0,2.0,1,5.0,2026-08-06 12:45:00+05:30,1.4153846153846152,0.7076923076923076,0.0,0.0,1.2632478632478632,0.37777777777777777
2026-08-06 12:55:00+05:30,2026-08-06 13:00:00+05:30,2026-08-06 13:00:00+05:30,10,9,1.0,4.163336342344337e-17,1.0,1.0,2.0,1,5.0,2026-08-06 12:50:00+05:30,1.2000000000000002,0.6000000000000001,0.0,0.0,1.1555555555555557,0.4222222222222223
2026-08-06 13:00:00+05:30,2026-08-06 13:05:00+05:30,2026-08-06 13:05:00+05:30,10,9,1.0,4.163336342344337e-17,1.0,1.0,2.0,1,5.0,2026-08-06 12:55:00+05:30,1.2666666666666666,0.6333333333333333,0.0,0.0,1.2666666666666666,0.36666666666666664
2026-08-06 13:05:00+05:30,2026-08-06 13:10:00+05:30,2026-08-06 13:10:00+05:30,9,10,1.0000000000000002,-4.163336342344337e-17,1.0,1.0,2.0,1,5.0,2026-08-06 13:00:00+05:30,1.4,0.7,0.0,0.0,1.3666666666666667,0.31666666666666665
2026-08-06 13:10:00+05:30,2026-08-06 13:15:00+05:30,2026-08-06 13:15:00+05:30,14,5,0.9999999999999999,-6.938893903907228e-17,1.0,1.0,2.0,1,5.0,2026-08-06 13:05:00+05:30,1.3714285714285714,0.6857142857142857,0.0,0.0,1.1523809523809523,0.41428571428571426
2026-08-06 13:15:00+05:30,2026-08-06 13:20:00+05:30,2026-08-06 13:20:00+05:30,9,10,1.0,-5.551115123125783e-17,1.0,1.0,2.0,1,5.0,2026-08-06 13:10:00+05:30,1.0285714285714285,0.5142857142857142,0.0,0.0,0.6698412698412698,0.6444444444444445
2026-08-06 13:20:00+05:30,2026-08-06 13:25:00+05:30,2026-08-06 13:25:00+05:30,9,10,1.0,-5.551115123125783e-17,1.0,1.0,2.0,1,5.0,2026-08-06 13:15:00+05:30,1.2666666666666668,0.6333333333333334,0.0,0.0,1.2666666666666668,0.3666666666666667
2026-08-06 13:25:00+05:30,2026-08-06 13:30:00+05:30,2026-08-06 13:30:00+05:30,11,8,1.0,1.3877787807814457e-17,1.0,1.0,2.0,1,5.0,2026-08-06 13:20:00+05:30,0.9545454545454544,0.4772727272727272,0.0,0.0,0.831439393939394,0.5852272727272727
2026-08-06 13:30:00+05:30,2026-08-06 13:35:00+05:30,2026-08-06 13:35:00+05:30,10,9,1.0,4.163336342344337e-17,1.0,1.0,2.0,1,5.0,2026-08-06 13:25:00+05:30,1.0101010101010102,0.5050505050505051,0.0,0.0,0.955050505050505,0.5222222222222223
2026-08-06 13:35:00+05:30,2026-08-06 13:40:00+05:30,2026-08-06 13:40:00+05:30,12,7,0.9999999999999998,0.0,1.0,1.0,2.0,1,5.0,2026-08-06 13:30:00+05:30,1.3611111111111112,0.6805555555555556,0.0,0.0,1.2876984126984126,0.35119047619047616
2026-08-06 13:40:00+05:30,2026-08-06 13:45:00+05:30,2026-08-06 13:45:00+05:30,11,8,1.0,2.7755575615628914e-17,1.0,1.0,2.0,1,5.0,2026-08-06 13:35:00+05:30,0.8333333333333333,0.41666666666666663,0.0,0.0,0.7673160173160173,0.6136363636363635
2026-08-06 13:45:00+05:30,2026-08-06 13:50:00+05:30,2026-08-06 13:50:00+05:30,9,10,1.0000000000000002,-4.163336342344337e-17,1.0,1.0,2.0,1,5.0,2026-08-06 13:40:00+05:30,0.7636363636363634,0.3818181818181817,0.0,0.0,0.617929292929293,0.688888888888889
2026-08-06 13:50:00+05:30,2026-08-06 13:55:00+05:30,2026-08-06 13:55:00+05:30,15,4,0.9999999999999999,-2.7755575615628914e-17,1.0,1.0,2.0,1,5.0,2026-08-06 13:45:00+05:30,1.3333333333333333,0.6666666666666666,0.0,0.0,1.027777777777778,0.4833333333333333
2026-08-06 13:55:00+05:30,2026-08-06 14:00:00+05:30,2026-08-06 14:00:00+05:30,11,8,1.0,2.7755575615628914e-17,1.0,1.0,2.0,1,5.0,2026-08-06 13:50:00+05:30,1.15,0.575,0.0,0.0,0.915909090909091,0.5340909090909091
2026-08-06 14:00:00+05:30,2026-08-06 14:05:00+05:30,2026-08-06 14:05:00+05:30,8,11,1.0,-1.3877787807814457e-17,1.0,1.0,2.0,1,5.0,2026-08-06 13:55:00+05:30,1.4545454545454546,0.7272727272727273,0.0,0.0,1.3522727272727273,0.32386363636363635
2026-08-06 14:05:00+05:30,2026-08-06 14:10:00+05:30,2026-08-06 14:10:00+05:30,11,8,0.9999999999999999,4.163336342344337e-17,1.0,1.0,2.0,1,5.0,2026-08-06 14:00:00+05:30,1.0909090909090908,0.5454545454545454,0.0,0.0,0.9204545454545455,0.5397727272727273
2026-08-06 14:10:00+05:30,2026-08-06 14:15:00+05:30,2026-08-06 14:15:00+05:30,9,10,1.0,-4.163336342344337e-17,1.0,1.0,2.0,1,5.0,2026-08-06 14:05:00+05:30,1.1454545454545455,0.5727272727272728,0.0,0.0,1.044949494949495,0.47777777777777786
2026-08-06 14:15:00+05:30,2026-08-06 14:20:00+05:30,2026-08-06 14:20:00+05:30,10,9,1.0,5.551115123125783e-17,1.0,1.0,2.0,1,5.0,2026-08-06 14:10:00+05:30,0.5999999999999999,0.29999999999999993,0.0,0.0,0.5222222222222221,0.7388888888888889
2026-08-06 14:20:00+05:30,2026-08-06 14:25:00+05:30,2026-08-06 14:25:00+05:30,12,7,0.9999999999999998,0.0,1.0,1.0,2.0,1,5.0,2026-08-06 14:15:00+05:30,1.5555555555555554,0.7777777777777777,0.0,0.0,1.5063492063492063,0.23809523809523805
2026-08-06 14:25:00+05:30,2026-08-06 14:30:00+05:30,2026-08-06 14:30:00+05:30,8,11,0.9999999999999999,-1.3877787807814457e-17,1.0,1.0,2.0,1,5.0,2026-08-06 14:20:00+05:30,1.2196969696969697,0.6098484848484849,0.0,0.0,1.0116341991341993,0.4943181818181819
2026-08-06 14:30:00+05:30,2026-08-06 14:35:00+05:30,2026-08-06 14:35:00+05:30,11,8,1.0,2.7755575615628914e-17,1.0,1.0,2.0,1,5.0,2026-08-06 14:25:00+05:30,1.4545454545454544,0.7272727272727272,0.0,0.0,1.352272727272727,0.32386363636363635
2026-08-06 14:35:00+05:30,2026-08-06 14:40:00+05:30,2026-08-06 14:40:00+05:30,10,9,1.0,5.551115123125783e-17,1.0,1.0,2.0,1,5.0,2026-08-06 14:30:00+05:30,1.2121212121212122,0.6060606060606061,0.0,0.0,1.168560606060606,0.41666666666666663
2026-08-06 14:40:00+05:30,2026-08-06 14:45:00+05:30,2026-08-06 14:45:00+05:30,12,7,0.9999999999999998,6.938893903907228e-18,1.0,1.0,2.0,1,5.0,2026-08-06 14:35:00+05:30,1.3611111111111112,0.6805555555555556,0.0,0.0,1.2876984126984126,0.35119047619047616
2026-08-06 14:45:00+05:30,2026-08-06 14:50:00+05:30,2026-08-06 14:50:00+05:30,10,9,1.0,4.163336342344337e-17,1.0,1.0,2.0,1,5.0,2026-08-06 14:40:00+05:30,1.1666666666666665,0.5833333333333333,0.0,0.0,1.069047619047619,0.4666666666666667
2026-08-06 14:50:00+05:30,2026-08-06 14:55:00+05:30,2026-08-06 14:55:00+05:30,8,11,1.0,-5.551115123125783e-17,1.0,1.0,2.0,1,5.0,2026-08-06 14:45:00+05:30,1.3363636363636362,0.6681818181818181,0.0,0.0,1.2584595959595961,0.3693181818181818
2026-08-06 14:55:00+05:30,2026-08-06 15:00:00+05:30,2026-08-06 15:00:00+05:30,7,12,0.9999999999999998,0.0,1.0,1.0,2.0,1,5.0,2026-08-06 14:50:00+05:30,1.0416666666666665,0.5208333333333333,0.0,0.0,0.9883658008658008,0.5059523809523809
2026-08-06 15:00:00+05:30,2026-08-06 15:05:00+05:30,2026-08-06 15:05:00+05:30,9,10,1.0,-4.163336342344337e-17,1.0,1.0,2.0,1,5.0,2026-08-06 14:55:00+05:30,1.1666666666666665,0.5833333333333333,0.0,0.0,1.069047619047619,0.4666666666666667
2026-08-06 15:05:00+05:30,2026-08-06 15:10:00+05:30,2026-08-06 15:10:00+05:30,8,11,1.0,0.0,1.0,1.0,2.0,1,5.0,2026-08-06 15:00:00+05:30,1.2121212121212122,0.6060606060606061,0.0,0.0,1.1685606060606062,0.4147727272727273
2026-08-06 15:10:00+05:30,2026-08-06 15:15:00+05:30,2026-08-06 15:15:00+05:30,9,10,1.0000000000000002,-4.163336342344337e-17,1.0,1.0,2.0,1,5.0,2026-08-06 15:05:00+05:30,1.0101010101010102,0.5050505050505051,0.0,0.0,0.9550505050505051,0.5222222222222223
2026-08-06 15:15:00+05:30,2026-08-06 15:20:00+05:30,2026-08-06 15:20:00+05:30,3,1,0.9999999999999999,-5.551115123125783e-17,1.0,1.0,2.0,1,5.0,2026-08-06 15:10:00+05:30,1.777777777777778,0.888888888888889,0.0,0.7833333333333334,0.7722222222222223,0.3333333333333333
2026-08-06 15:20:00+05:30,2026-08-06 15:25:00+05:30,2026-08-06 15:25:00+05:30,1,3,1.0,0.0,1.0,1.0,2.0,1,5.0,2026-08-06 15:15:00+05:30,1.3333333333333335,0.6666666666666667,0.0,0.0,0.6666666666666666,0.6666666666666666
2026-08-07 09:15:00+05:30,2026-08-07 09:20:00+05:30,2026-08-07 09:20:00+05:30,3,1,0.9999999999999999,-2.7755575615628914e-17,1.0,1.0,2.0,1,5.0,2026-08-06 15:20:00+05:30,1.3333333333333335,0.6666666666666667,0.0,0.0,0.6666666666666666,0.6666666666666666
2026-08-07 09:20:00+05:30,2026-08-07 09:25:00+05:30,2026-08-07 09:25:00+05:30,14,5,1.0,-6.938893903907228e-17,1.0,1.0,2.0,1,5.0,2026-08-07 09:15:00+05:30,1.5857142857142859,0.7928571428571429,0.7928571428571428,0.0,0.0,0.20714285714285713
2026-08-07 09:25:00+05:30,2026-08-07 09:30:00+05:30,2026-08-07 09:30:00+05:30,11,8,1.0,0.0,1.0,1.0,2.0,1,5.0,2026-08-07 09:20:00+05:30,0.7857142857142857,0.39285714285714285,0.0,0.0,0.5383116883116883,0.7045454545454546
2026-08-07 09:30:00+05:30,2026-08-07 09:35:00+05:30,2026-08-07 09:35:00+05:30,11,8,1.0,2.7755575615628914e-17,1.0,1.0,2.0,1,5.0,2026-08-07 09:25:00+05:30,0.6477272727272727,0.32386363636363635,0.0,0.0,0.6477272727272727,0.6761363636363636
2026-08-07 09:35:00+05:30,2026-08-07 09:40:00+05:30,2026-08-07 09:40:00+05:30,5,14,0.9999999999999999,6.938893903907228e-17,1.0,1.0,2.0,1,5.0,2026-08-07 09:30:00+05:30,1.2987012987012987,0.6493506493506493,0.0,0.0,0.9743506493506493,0.5142857142857143
2026-08-07 09:40:00+05:30,2026-08-07 09:45:00+05:30,2026-08-07 09:45:00+05:30,11,8,0.9999999999999999,1.3877787807814457e-17,1.0,1.0,2.0,1,5.0,2026-08-07 09:35:00+05:30,1.2987012987012987,0.6493506493506493,0.0,0.0,0.9743506493506493,0.5113636363636364
2026-08-07 09:45:00+05:30,2026-08-07 09:50:00+05:30,2026-08-07 09:50:00+05:30,8,11,0.9999999999999999,-4.163336342344337e-17,1.0,1.0,2.0,1,5.0,2026-08-07 09:40:00+05:30,1.4545454545454541,0.7272727272727271,0.0,0.0,1.352272727272727,0.32386363636363635
2026-08-07 09:50:00+05:30,2026-08-07 09:55:00+05:30,2026-08-07 09:55:00+05:30,9,10,1.0,-5.551115123125783e-17,1.0,1.0,2.0,1,5.0,2026-08-07 09:45:00+05:30,1.2121212121212122,0.6060606060606061,0.0,0.0,1.168560606060606,0.4166666666666667
2026-08-07 09:55:00+05:30,2026-08-07 10:00:00+05:30,2026-08-07 10:00:00+05:30,10,9,1.0,4.163336342344337e-17,1.0,1.0,2.0,1,5.0,2026-08-07 09:50:00+05:30,1.4,0.7,0.0,0.0,1.3666666666666667,0.31666666666666665
2026-08-07 10:00:00+05:30,2026-08-07 10:05:00+05:30,2026-08-07 10:05:00+05:30,8,11,1.0,-1.3877787807814457e-17,1.0,1.0,2.0,1,5.0,2026-08-07 09:55:00+05:30,1.5272727272727271,0.7636363636363636,0.0,0.0,1.4719696969696972,0.26136363636363635
2026-08-07 10:05:00+05:30,2026-08-07 10:10:00+05:30,2026-08-07 10:10:00+05:30,8,11,1.0,-2.7755575615628914e-17,1.0,1.0,2.0,1,5.0,2026-08-07 10:00:00+05:30,0.8636363636363636,0.4318181818181818,0.0,0.0,0.8636363636363636,0.5681818181818181
2026-08-07 10:10:00+05:30,2026-08-07 10:15:00+05:30,2026-08-07 10:15:00+05:30,6,13,1.0,-5.551115123125783e-17,1.0,1.0,2.0,1,5.0,2026-08-07 10:05:00+05:30,1.4134615384615383,0.7067307692307692,0.0,0.0,1.3506701631701632,0.3141025641025641
2026-08-07 10:15:00+05:30,2026-08-07 10:20:00+05:30,2026-08-07 10:20:00+05:30,8,11,1.0,-4.163336342344337e-17,1.0,1.0,2.0,1,5.0,2026-08-07 10:10:00+05:30,1.0096153846153846,0.5048076923076923,0.0,0.0,0.8911713286713286,0.5511363636363636
2026-08-07 10:20:00+05:30,2026-08-07 10:25:00+05:30,2026-08-07 10:25:00+05:30,9,10,1.0,-5.551115123125783e-17,1.0,1.0,2.0,1,5.0,2026-08-07 10:15:00+05:30,1.2121212121212122,0.6060606060606061,0.0,0.0,1.1685606060606062,0.4166666666666667
2026-08-07 10:25:00+05:30,2026-08-07 10:30:00+05:30,2026-08-07 10:30:00+05:30,9,10,1.0000000000000002,-4.163336342344337e-17,1.0,1.0,2.0,1,5.0,2026-08-07 10:20:00+05:30,1.0555555555555556,0.5277777777777778,0.0,0.0,1.0555555555555556,0.4722222222222222
2026-08-07 10:30:00+05:30,2026-08-07 10:35:00+05:30,2026-08-07 10:35:00+05:30,11,8,1.0,2.7755575615628914e-17,1.0,1.0,2.0,1,5.0,2026-08-07 10:25:00+05:30,1.1454545454545453,0.5727272727272726,0.0,0.0,1.044949494949495,0.4772727272727273
2026-08-07 10:35:00+05:30,2026-08-07 10:40:00+05:30,2026-08-07 10:40:00+05:30,9,10,1.0,-5.551115123125783e-17,1.0,1.0,2.0,1,5.0,2026-08-07 10:30:00+05:30,1.1454545454545453,0.5727272727272726,0.0,0.0,1.044949494949495,0.4777777777777777
2026-08-07 10:40:00+05:30,2026-08-07 10:45:00+05:30,2026-08-07 10:45:00+05:30,7,12,0.9999999999999998,0.0,1.0,1.0,2.0,1,5.0,2026-08-07 10:35:00+05:30,1.1666666666666665,0.5833333333333333,0.0,0.0,1.069047619047619,0.46428571428571425
2026-08-07 10:45:00+05:30,2026-08-07 10:50:00+05:30,2026-08-07 10:50:00+05:30,9,10,1.0,-4.163336342344337e-17,1.0,1.0,2.0,1,5.0,2026-08-07 10:40:00+05:30,1.3611111111111112,0.6805555555555556,0.0,0.0,1.2876984126984126,0.36111111111111116
2026-08-07 10:50:00+05:30,2026-08-07 10:55:00+05:30,2026-08-07 10:55:00+05:30,9,10,1.0000000000000002,-4.163336342344337e-17,1.0,1.0,2.0,1,5.0,2026-08-07 10:45:00+05:30,1.0555555555555556,0.5277777777777778,0.0,0.0,1.0555555555555556,0.4722222222222222
2026-08-07 10:55:00+05:30,2026-08-07 11:00:00+05:30,2026-08-07 11:00:00+05:30,6,13,1.0,-5.551115123125783e-17,1.0,1.0,2.0,1,5.0,2026-08-07 10:50:00+05:30,1.316239316239316,0.658119658119658,0.0,0.0,1.1914529914529912,0.39743589743589747
2026-08-07 11:00:00+05:30,2026-08-07 11:05:00+05:30,2026-08-07 11:05:00+05:30,10,9,1.0,5.551115123125783e-17,1.0,1.0,2.0,1,5.0,2026-08-07 10:55:00+05:30,1.2384615384615383,0.6192307692307691,0.0,0.0,1.0358974358974358,0.4833333333333333
2026-08-07 11:05:00+05:30,2026-08-07 11:10:00+05:30,2026-08-07 11:10:00+05:30,9,10,1.0,-5.551115123125783e-17,1.0,1.0,2.0,1,5.0,2026-08-07 11:00:00+05:30,1.4,0.7,0.0,0.0,1.3666666666666667,0.31666666666666665
2026-08-07 11:10:00+05:30,2026-08-07 11:15:00+05:30,2026-08-07 11:15:00+05:30,10,9,1.0,4.163336342344337e-17,1.0,1.0,2.0,1,5.0,2026-08-07 11:05:00+05:30,0.9999999999999999,0.49999999999999994,0.0,0.0,0.9444444444444444,0.5277777777777778
2026-08-07 11:15:00+05:30,2026-08-07 11:20:00+05:30,2026-08-07 11:20:00+05:30,9,10,1.0,-4.163336342344337e-17,1.0,1.0,2.0,1,5.0,2026-08-07 11:10:00+05:30,0.7999999999999998,0.3999999999999999,0.0,0.0,0.7333333333333334,0.6333333333333334
2026-08-07 11:20:00+05:30,2026-08-07 11:25:00+05:30,2026-08-07 11:25:00+05:30,12,7,0.9999999999999998,0.0,1.0,1.0,2.0,1,5.0,2026-08-07 11:15:00+05:30,1.0999999999999996,0.5499999999999998,0.0,0.0,0.930952380952381,0.5357142857142857
2026-08-07 11:25:00+05:30,2026-08-07 11:30:00+05:30,2026-08-07 11:30:00+05:30,11,8,0.9999999999999999,2.7755575615628914e-17,1.0,1.0,2.0,1,5.0,2026-08-07 11:20:00+05:30,1.4583333333333335,0.7291666666666667,0.0,0.0,1.4304653679653678,0.2897727272727273
2026-08-07 11:30:00+05:30,2026-08-07 11:35:00+05:30,2026-08-07 11:35:00+05:30,11,8,1.0,2.7755575615628914e-17,1.0,1.0,2.0,1,5.0,2026-08-07 11:25:00+05:30,0.8636363636363636,0.4318181818181818,0.0,0.0,0.8636363636363636,0.5681818181818182
2026-08-07 11:35:00+05:30,2026-08-07 11:40:00+05:30,2026-08-07 11:40:00+05:30,9,10,1.0,-4.163336342344337e-17,1.0,1.0,2.0,1,5.0,2026-08-07 11:30:00+05:30,1.1454545454545455,0.5727272727272728,0.0,0.0,1.0449494949494949,0.47777777777777775
2026-08-07 11:40:00+05:30,2026-08-07 11:45:00+05:30,2026-08-07 11:45:00+05:30,12,7,0.9999999999999998,0.0,1.0,1.0,2.0,1,5.0,2026-08-07 11:35:00+05:30,1.1,0.55,0.0,0.0,0.930952380952381,0.5357142857142857
2026-08-07 11:45:00+05:30,2026-08-07 11:50:00+05:30,2026-08-07 11:50:00+05:30,8,11,1.0,0.0,1.0,1.0,2.0,1,5.0,2026-08-07 11:40:00+05:30,1.5681818181818181,0.7840909090909091,0.0,0.0,1.4537337662337664,0.27840909090909094
2026-08-07 11:50:00+05:30,2026-08-07 11:55:00+05:30,2026-08-07 11:55:00+05:30,9,10,1.0,-5.551115123125783e-17,1.0,1.0,2.0,1,5.0,2026-08-07 11:45:00+05:30,1.0101010101010102,0.5050505050505051,0.0,0.0,0.9550505050505051,0.5222222222222223
2026-08-07 11:55:00+05:30,2026-08-07 12:00:00+05:30,2026-08-07 12:00:00+05:30,10,9,1.0,5.551115123125783e-17,1.0,1.0,2.0,1,5.0,2026-08-07 11:50:00+05:30,1.0,0.5,0.0,0.0,0.9444444444444446,0.5277777777777778
2026-08-07 12:00:00+05:30,2026-08-07 12:05:00+05:30,2026-08-07 12:05:00+05:30,9,10,1.0,-4.163336342344337e-17,1.0,1.0,2.0,1,5.0,2026-08-07 11:55:00+05:30,1.0,0.5,0.0,0.0,0.9444444444444444,0.5277777777777778
2026-08-07 12:05:00+05:30,2026-08-07 12:10:00+05:30,2026-08-07 12:10:00+05:30,11,8,1.0,2.7755575615628914e-17,1.0,1.0,2.0,1,5.0,2026-08-07 12:00:00+05:30,1.1454545454545453,0.5727272727272726,0.0,0.0,1.044949494949495,0.4772727272727273
2026-08-07 12:10:00+05:30,2026-08-07 12:15:00+05:30,2026-08-07 12:15:00+05:30,11,8,0.9999999999999999,1.3877787807814457e-17,1.0,1.0,2.0,1,5.0,2026-08-07 12:05:00+05:30,1.0795454545454546,0.5397727272727273,0.0,0.0,1.0795454545454546,0.46022727272727276
2026-08-07 12:15:00+05:30,2026-08-07 12:20:00+05:30,2026-08-07 12:20:00+05:30,10,9,1.0,4.163336342344337e-17,1.0,1.0,2.0,1,5.0,2026-08-07 12:10:00+05:30,1.2121212121212122,0.6060606060606061,0.0,0.0,1.168560606060606,0.4166666666666667
2026-08-07 12:20:00+05:30,2026-08-07 12:25:00+05:30,2026-08-07 12:25:00+05:30,9,10,1.0,-4.163336342344337e-17,1.0,1.0,2.0,1,5.0,2026-08-07 12:15:00+05:30,1.0,0.5,0.0,0.0,0.9444444444444444,0.5277777777777778
2026-08-07 12:25:00+05:30,2026-08-07 12:30:00+05:30,2026-08-07 12:30:00+05:30,13,6,1.0000000000000002,5.551115123125783e-17,1.0,1.0,2.0,1,5.0,2026-08-07 12:20:00+05:30,0.7076923076923076,0.3538461538461538,0.0,0.0,0.35384615384615387,0.8461538461538461
2026-08-07 12:30:00+05:30,2026-08-07 12:35:00+05:30,2026-08-07 12:35:00+05:30,9,10,1.0,-4.163336342344337e-17,1.0,1.0,2.0,1,5.0,2026-08-07 12:25:00+05:30,1.0615384615384615,0.5307692307692308,0.0,0.0,0.8085470085470087,0.5888888888888889
2026-08-07 12:35:00+05:30,2026-08-07 12:40:00+05:30,2026-08-07 12:40:00+05:30,8,11,1.0,0.0,1.0,1.0,2.0,1,5.0,2026-08-07 12:30:00+05:30,1.4141414141414141,0.7070707070707071,0.0,0.0,1.3820707070707072,0.3068181818181818
2026-08-07 12:40:00+05:30,2026-08-07 12:45:00+05:30,2026-08-07 12:45:00+05:30,10,9,1.0,4.163336342344337e-17,1.0,1.0,2.0,1,5.0,2026-08-07 12:35:00+05:30,0.9545454545454544,0.4772727272727272,0.0,0.0,0.831439393939394,0.5833333333333334
2026-08-07 12:45:00+05:30,2026-08-07 12:50:00+05:30,2026-08-07 12:50:00+05:30,11,8,1.0,0.0,1.0,1.0,2.0,1,5.0,2026-08-07 12:40:00+05:30,1.4141414141414144,0.7070707070707072,0.0,0.0,1.3820707070707072,0.3068181818181818
2026-08-07 12:50:00+05:30,2026-08-07 12:55:00+05:30,2026-08-07 12:55:00+05:30,10,9,1.0,5.551115123125783e-17,1.0,1.0,2.0,1,5.0,2026-08-07 12:45:00+05:30,1.4141414141414141,0.7070707070707071,0.0,0.0,1.3820707070707072,0.3111111111111111
2026-08-07 12:55:00+05:30,2026-08-07 13:00:00+05:30,2026-08-07 13:00:00+05:30,9,10,1.0,-4.163336342344337e-17,1.0,1.0,2.0,1,5.0,2026-08-07 12:50:00+05:30,1.4000000000000001,0.7000000000000001,0.0,0.0,1.366666666666667,0.31666666666666665
2026-08-07 13:00:00+05:30,2026-08-07 13:05:00+05:30,2026-08-07 13:05:00+05:30,11,8,1.0,1.3877787807814457e-17,1.0,1.0,2.0,1,5.0,2026-08-07 12:55:00+05:30,1.3363636363636362,0.6681818181818181,0.0,0.0,1.2584595959595961,0.3693181818181818
2026-08-07 13:05:00+05:30,2026-08-07 13:10:00+05:30,2026-08-07 13:10:00+05:30,9,10,1.0,-4.163336342344337e-17,1.0,1.0,2.0,1,5.0,2026-08-07 13:00:00+05:30,1.1454545454545455,0.5727272727272728,0.0,0.0,1.044949494949495,0.47777777777777775
2026-08-07 13:10:00+05:30,2026-08-07 13:15:00+05:30,2026-08-07 13:15:00+05:30,13,6,1.0,5.551115123125783e-17,1.0,1.0,2.0,1,5.0,2026-08-07 13:05:00+05:30,1.4153846153846152,0.7076923076923076,0.0,0.0,1.2632478632478632,0.3589743589743589
2026-08-07 13:15:00+05:30,2026-08-07 13:20:00+05:30,2026-08-07 13:20:00+05:30,9,10,1.0,-5.551115123125783e-17,1.0,1.0,2.0,1,5.0,2026-08-07 13:10:00+05:30,1.5923076923076922,0.7961538461538461,0.0,0.0,1.4905982905982906,0.2722222222222222
2026-08-07 13:20:00+05:30,2026-08-07 13:25:00+05:30,2026-08-07 13:25:00+05:30,12,7,0.9999999999999998,-1.3877787807814457e-17,1.0,1.0,2.0,1,5.0,2026-08-07 13:15:00+05:30,1.0999999999999999,0.5499999999999999,0.0,0.0,0.930952380952381,0.5357142857142857
2026-08-07 13:25:00+05:30,2026-08-07 13:30:00+05:30,2026-08-07 13:30:00+05:30,9,10,1.0,-5.551115123125783e-17,1.0,1.0,2.0,1,5.0,2026-08-07 13:20:00+05:30,1.2833333333333332,0.6416666666666666,0.0,0.0,1.1496031746031745,0.4277777777777778
2026-08-07 13:30:00+05:30,2026-08-07 13:35:00+05:30,2026-08-07 13:35:00+05:30,9,10,1.0,-4.163336342344337e-17,1.0,1.0,2.0,1,5.0,2026-08-07 13:25:00+05:30,0.8444444444444443,0.42222222222222217,0.0,0.0,0.8444444444444443,0.5777777777777778
2026-08-07 13:35:00+05:30,2026-08-07 13:40:00+05:30,2026-08-07 13:40:00+05:30,13,6,0.9999999999999999,5.551115123125783e-17,1.0,1.0,2.0,1,5.0,2026-08-07 13:30:00+05:30,0.8846153846153846,0.4423076923076923,0.0,0.0,0.5811965811965812,0.7243589743589742
2026-08-07 13:40:00+05:30,2026-08-07 13:45:00+05:30,2026-08-07 13:45:00+05:30,11,8,1.0,2.7755575615628914e-17,1.0,1.0,2.0,1,5.0,2026-08-07 13:35:00+05:30,1.0096153846153846,0.5048076923076923,0.0,0.0,0.8911713286713286,0.5511363636363636
2026-08-07 13:45:00+05:30,2026-08-07 13:50:00+05:30,2026-08-07 13:50:00+05:30,16,3,0.9999999999999999,2.7755575615628914e-17,1.0,1.0,2.0,1,5.0,2026-08-07 13:40:00+05:30,1.125,0.5625,0.0,0.0,0.7746212121212122,0.6458333333333333
2026-08-07 13:50:00+05:30,2026-08-07 13:55:00+05:30,2026-08-07 13:55:00+05:30,9,10,1.0,-5.551115123125783e-17,1.0,1.0,2.0,1,5.0,2026-08-07 13:45:00+05:30,1.3000000000000003,0.6500000000000001,0.0,0.0,0.8722222222222222,0.5444444444444444
2026-08-07 13:55:00+05:30,2026-08-07 14:00:00+05:30,2026-08-07 14:00:00+05:30,10,9,1.0,5.551115123125783e-17,1.0,1.0,2.0,1,5.0,2026-08-07 13:50:00+05:30,1.0,0.5,0.0,0.0,0.9444444444444444,0.5277777777777778
2026-08-07 14:00:00+05:30,2026-08-07 14:05:00+05:30,2026-08-07 14:05:00+05:30,11,8,1.0,1.3877787807814457e-17,1.0,1.0,2.0,1,5.0,2026-08-07 13:55:00+05:30,1.0101010101010102,0.5050505050505051,0.0,0.0,0.9550505050505051,0.5227272727272727
2026-08-07 14:05:00+05:30,2026-08-07 14:10:00+05:30,2026-08-07 14:10:00+05:30,6,13,1.0,-5.551115123125783e-17,1.0,1.0,2.0,1,5.0,2026-08-07 14:00:00+05:30,1.5104895104895102,0.7552447552447551,0.0,0.0,1.3385780885780885,0.3205128205128205
2026-08-07 14:10:00+05:30,2026-08-07 14:15:00+05:30,2026-08-07 14:15:00+05:30,11,8,1.0,1.3877787807814457e-17,1.0,1.0,2.0,1,5.0,2026-08-07 14:05:00+05:30,1.5104895104895102,0.7552447552447551,0.0,0.0,1.3385780885780885,0.34090909090909094
2026-08-07 14:15:00+05:30,2026-08-07 14:20:00+05:30,2026-08-07 14:20:00+05:30,13,6,1.0,4.163336342344337e-17,1.0,1.0,2.0,1,5.0,2026-08-07 14:10:00+05:30,1.0096153846153846,0.5048076923076923,0.0,0.0,0.8911713286713286,0.5576923076923077
2026-08-07 14:20:00+05:30,2026-08-07 14:25:00+05:30,2026-08-07 14:25:00+05:30,11,8,1.0,1.3877787807814457e-17,1.0,1.0,2.0,1,5.0,2026-08-07 14:15:00+05:30,1.2115384615384617,0.6057692307692308,0.0,0.0,1.1209207459207462,0.4431818181818182
2026-08-07 14:25:00+05:30,2026-08-07 14:30:00+05:30,2026-08-07 14:30:00+05:30,8,11,1.0,-1.3877787807814457e-17,1.0,1.0,2.0,1,5.0,2026-08-07 14:20:00+05:30,1.0909090909090908,0.5454545454545454,0.0,0.0,0.9204545454545455,0.5397727272727273
2026-08-07 14:30:00+05:30,2026-08-07 14:35:00+05:30,2026-08-07 14:35:00+05:30,8,11,1.0,-1.3877787807814457e-17,1.0,1.0,2.0,1,5.0,2026-08-07 14:25:00+05:30,1.0795454545454546,0.5397727272727273,0.0,0.0,1.0795454545454546,0.4602272727272727
2026-08-07 14:35:00+05:30,2026-08-07 14:40:00+05:30,2026-08-07 14:40:00+05:30,8,11,1.0,-1.3877787807814457e-17,1.0,1.0,2.0,1,5.0,2026-08-07 14:30:00+05:30,0.8636363636363636,0.4318181818181818,0.0,0.0,0.8636363636363636,0.5681818181818181
2026-08-07 14:40:00+05:30,2026-08-07 14:45:00+05:30,2026-08-07 14:45:00+05:30,11,8,1.0,-1.3877787807814457e-17,1.0,1.0,2.0,1,5.0,2026-08-07 14:35:00+05:30,1.4545454545454546,0.7272727272727273,0.0,0.0,1.352272727272727,0.32386363636363635
2026-08-07 14:45:00+05:30,2026-08-07 14:50:00+05:30,2026-08-07 14:50:00+05:30,10,9,1.0,5.551115123125783e-17,1.0,1.0,2.0,1,5.0,2026-08-07 14:40:00+05:30,1.4141414141414141,0.7070707070707071,0.0,0.0,1.382070707070707,0.3111111111111111
2026-08-07 14:50:00+05:30,2026-08-07 14:55:00+05:30,2026-08-07 14:55:00+05:30,4,15,0.9999999999999999,2.7755575615628914e-17,1.0,1.0,2.0,1,5.0,2026-08-07 14:45:00+05:30,1.1666666666666665,0.5833333333333333,0.0,0.0,0.763888888888889,0.6416666666666666
2026-08-07 14:55:00+05:30,2026-08-07 15:00:00+05:30,2026-08-07 15:00:00+05:30,12,7,0.9999999999999998,6.938893903907228e-18,1.0,1.0,2.0,1,5.0,2026-08-07 14:50:00+05:30,1.6500000000000001,0.8250000000000001,0.0,0.0,1.4142857142857141,0.32738095238095233
2026-08-07 15:00:00+05:30,2026-08-07 15:05:00+05:30,2026-08-07 15:05:00+05:30,11,8,1.0,2.7755575615628914e-17,1.0,1.0,2.0,1,5.0,2026-08-07 14:55:00+05:30,1.0416666666666667,0.5208333333333334,0.0,0.0,0.988365800865801,0.5056818181818181
2026-08-07 15:05:00+05:30,2026-08-07 15:10:00+05:30,2026-08-07 15:10:00+05:30,11,8,1.0,2.7755575615628914e-17,1.0,1.0,2.0,1,5.0,2026-08-07 15:00:00+05:30,1.0795454545454546,0.5397727272727273,0.0,0.0,1.0795454545454546,0.46022727272727276
2026-08-07 15:10:00+05:30,2026-08-07 15:15:00+05:30,2026-08-07 15:15:00+05:30,9,10,1.0,-5.551115123125783e-17,1.0,1.0,2.0,1,5.0,2026-08-07 15:05:00+05:30,0.7636363636363636,0.3818181818181818,0.0,0.0,0.617929292929293,0.6888888888888889
2026-08-07 15:15:00+05:30,2026-08-07 15:20:00+05:30,2026-08-07 15:20:00+05:30,2,2,1.0,0.0,1.0,1.0,2.0,1,5.0,2026-08-07 15:10:00+05:30,1.8,0.9,0.0,0.8,0.6,0.5
2026-08-07 15:20:00+05:30,2026-08-07 15:25:00+05:30,2026-08-07 15:25:00+05:30,1,3,0.9999999999999999,2.7755575615628914e-17,1.0,1.0,2.0,1,5.0,2026-08-07 15:15:00+05:30,0.8333333333333333,0.41666666666666663,0.0,0.0,0.41666666666666663,0.8333333333333333
2026-08-10 09:15:00+05:30,2026-08-10 09:20:00+05:30,2026-08-10 09:20:00+05:30,2,2,1.0,0.0,1.0,1.0,2.0,1,5.0,2026-08-07 15:20:00+05:30,1.6666666666666665,0.8333333333333333,0.0,0.0,1.583333333333333,0.25
2026-08-10 09:20:00+05:30,2026-08-10 09:25:00+05:30,2026-08-10 09:25:00+05:30,9,10,1.0,-5.551115123125783e-17,1.0,1.0,2.0,1,5.0,2026-08-10 09:15:00+05:30,1.6888888888888889,0.8444444444444444,0.7944444444444445,0.0,0.3,0.15555555555555556
2026-08-10 09:25:00+05:30,2026-08-10 09:30:00+05:30,2026-08-10 09:30:00+05:30,12,7,0.9999999999999998,0.0,1.0,1.0,2.0,1,5.0,2026-08-10 09:20:00+05:30,0.9166666666666665,0.45833333333333326,0.0,0.0,0.7123015873015873,0.6488095238095236
2026-08-10 09:30:00+05:30,2026-08-10 09:35:00+05:30,2026-08-10 09:35:00+05:30,9,10,1.0,-5.551115123125783e-17,1.0,1.0,2.0,1,5.0,2026-08-10 09:25:00+05:30,1.2833333333333332,0.6416666666666666,0.0,0.0,1.1496031746031745,0.4277777777777778
2026-08-10 09:35:00+05:30,2026-08-10 09:40:00+05:30,2026-08-10 09:40:00+05:30,11,8,1.0,0.0,1.0,1.0,2.0,1,5.0,2026-08-10 09:30:00+05:30,1.3363636363636364,0.6681818181818182,0.0,0.0,1.2584595959595961,0.3693181818181818
2026-08-10 09:40:00+05:30,2026-08-10 09:45:00+05:30,2026-08-10 09:45:00+05:30,12,7,0.9999999999999998,0.0,1.0,1.0,2.0,1,5.0,2026-08-10 09:35:00+05:30,1.2500000000000002,0.6250000000000001,0.0,0.0,1.2094155844155845,0.3928571428571428
2026-08-10 09:45:00+05:30,2026-08-10 09:50:00+05:30,2026-08-10 09:50:00+05:30,8,11,1.0,-2.7755575615628914e-17,1.0,1.0,2.0,1,5.0,2026-08-10 09:40:00+05:30,1.0454545454545456,0.5227272727272728,0.0,0.0,0.7905844155844157,0.6022727272727273
2026-08-10 09:50:00+05:30,2026-08-10 09:55:00+05:30,2026-08-10 09:55:00+05:30,9,10,1.0,-5.551115123125783e-17,1.0,1.0,2.0,1,5.0,2026-08-10 09:45:00+05:30,1.2121212121212122,0.6060606060606061,0.0,0.0,1.1685606060606062,0.4166666666666667
2026-08-10 09:55:00+05:30,2026-08-10 10:00:00+05:30,2026-08-10 10:00:00+05:30,12,7,0.9999999999999998,0.0,1.0,1.0,2.0,1,5.0,2026-08-10 09:50:00+05:30,1.2833333333333332,0.6416666666666666,0.0,0.0,1.1496031746031745,0.42261904761904767
2026-08-10 10:00:00+05:30,2026-08-10 10:05:00+05:30,2026-08-10 10:05:00+05:30,9,10,1.0,-5.551115123125783e-17,1.0,1.0,2.0,1,5.0,2026-08-10 09:55:00+05:30,1.2833333333333332,0.6416666666666666,0.0,0.0,1.1496031746031745,0.42777777777777776
2026-08-10 10:05:00+05:30,2026-08-10 10:10:00+05:30,2026-08-10 10:10:00+05:30,10,9,1.0,5.551115123125783e-17,1.0,1.0,2.0,1,5.0,2026-08-10 10:00:00+05:30,1.4000000000000001,0.7000000000000001,0.0,0.0,1.3666666666666667,0.31666666666666665
2026-08-10 10:10:00+05:30,2026-08-10 10:15:00+05:30,2026-08-10 10:15:00+05:30,12,7,0.9999999999999998,0.0,1.0,1.0,2.0,1,5.0,2026-08-10 10:05:00+05:30,1.1666666666666665,0.5833333333333333,0.0,0.0,1.069047619047619,0.4642857142857142
2026-08-10 10:15:00+05:30,2026-08-10 10:20:00+05:30,2026-08-10 10:20:00+05:30,11,8,0.9999999999999999,2.7755575615628914e-17,1.0,1.0,2.0,1,5.0,2026-08-10 10:10:00+05:30,1.0416666666666665,0.5208333333333333,0.0,0.0,0.9883658008658008,0.5056818181818181
2026-08-10 10:20:00+05:30,2026-08-10 10:25:00+05:30,2026-08-10 10:25:00+05:30,13,6,0.9999999999999999,5.551115123125783e-17,1.0,1.0,2.0,1,5.0,2026-08-10 10:15:00+05:30,0.6057692307692306,0.3028846153846153,0.0,0.0,0.4316724941724942,0.8012820512820512
2026-08-10 10:25:00+05:30,2026-08-10 10:30:00+05:30,2026-08-10 10:30:00+05:30,12,7,0.9999999999999998,0.0,1.0,1.0,2.0,1,5.0,2026-08-10 10:20:00+05:30,1.0989010989010988,0.5494505494505494,0.0,0.0,1.0494505494505495,0.4761904761904762
2026-08-10 10:30:00+05:30,2026-08-10 10:35:00+05:30,2026-08-10 10:35:00+05:30,9,10,1.0,-5.551115123125783e-17,1.0,1.0,2.0,1,5.0,2026-08-10 10:25:00+05:30,1.2833333333333332,0.6416666666666666,0.0,0.0,1.1496031746031745,0.42777777777777776
2026-08-10 10:35:00+05:30,2026-08-10 10:40:00+05:30,2026-08-10 10:40:00+05:30,13,6,1.0,5.551115123125783e-17,1.0,1.0,2.0,1,5.0,2026-08-10 10:30:00+05:30,1.4153846153846152,0.7076923076923076,0.0,0.0,1.2632478632478632,0.358974358974359
2026-08-10 10:40:00+05:30,2026-08-10 10:45:00+05:30,2026-08-10 10:45:00+05:30,9,10,1.0,-4.163336342344337e-17,1.0,1.0,2.0,1,5.0,2026-08-10 10:35:00+05:30,1.4153846153846152,0.7076923076923076,0.0,0.0,1.2632478632478634,0.37777777777777777
2026-08-10 10:45:00+05:30,2026-08-10 10:50:00+05:30,2026-08-10 10:50:00+05:30,10,9,1.0,5.551115123125783e-17,1.0,1.0,2.0,1,5.0,2026-08-10 10:40:00+05:30,1.2,0.6,0.0,0.0,1.1555555555555557,0.4222222222222223
2026-08-10 10:50:00+05:30,2026-08-10 10:55:00+05:30,2026-08-10 10:55:00+05:30,7,12,0.9999999999999998,1.3877787807814457e-17,1.0,1.0,2.0,1,5.0,2026-08-10 10:45:00+05:30,1.2833333333333332,0.6416666666666666,0.0,0.0,1.1496031746031745,0.42261904761904767
2026-08-10 10:55:00+05:30,2026-08-10 11:00:00+05:30,2026-08-10 11:00:00+05:30,9,10,1.0,-5.551115123125783e-17,1.0,1.0,2.0,1,5.0,2026-08-10 10:50:00+05:30,1.3611111111111112,0.6805555555555556,0.0,0.0,1.287698412698413,0.3611111111111111
2026-08-10 11:00:00+05:30,2026-08-10 11:05:00+05:30,2026-08-10 11:05:00+05:30,8,11,1.0,-2.7755575615628914e-17,1.0,1.0,2.0,1,5.0,2026-08-10 10:55:00+05:30,1.4141414141414141,0.7070707070707071,0.0,0.0,1.3820707070707072,0.3068181818181818
2026-08-10 11:05:00+05:30,2026-08-10 11:10:00+05:30,2026-08-10 11:10:00+05:30,8,11,0.9999999999999999,-1.3877787807814457e-17,1.0,1.0,2.0,1,5.0,2026-08-10 11:00:00+05:30,1.2954545454545454,0.6477272727272727,0.0,0.0,1.2954545454545454,0.3522727272727273
2026-08-10 11:10:00+05:30,2026-08-10 11:15:00+05:30,2026-08-10 11:15:00+05:30,11,8,1.0,1.3877787807814457e-17,1.0,1.0,2.0,1,5.0,2026-08-10 11:05:00+05:30,1.0909090909090908,0.5454545454545454,0.0,0.0,0.9204545454545455,0.5397727272727273
2026-08-10 11:15:00+05:30,2026-08-10 11:20:00+05:30,2026-08-10 11:20:00+05:30,10,9,1.0,5.551115123125783e-17,1.0,1.0,2.0,1,5.0,2026-08-10 11:10:00+05:30,1.0101010101010102,0.5050505050505051,0.0,0.0,0.9550505050505051,0.5222222222222223
2026-08-10 11:20:00+05:30,2026-08-10 11:25:00+05:30,2026-08-10 11:25:00+05:30,10,9,1.0,4.163336342344337e-17,1.0,1.0,2.0,1,5.0,2026-08-10 11:15:00+05:30,0.8444444444444443,0.42222222222222217,0.0,0.0,0.8444444444444443,0.5777777777777778
2026-08-10 11:25:00+05:30,2026-08-10 11:30:00+05:30,2026-08-10 11:30:00+05:30,11,8,0.9999999999999999,1.3877787807814457e-17,1.0,1.0,2.0,1,5.0,2026-08-10 11:20:00+05:30,1.2121212121212122,0.6060606060606061,0.0,0.0,1.1685606060606062,0.4147727272727273
2026-08-10 11:30:00+05:30,2026-08-10 11:35:00+05:30,2026-08-10 11:35:00+05:30,12,7,0.9999999999999998,-1.3877787807814457e-17,1.0,1.0,2.0,1,5.0,2026-08-10 11:25:00+05:30,1.25,0.625,0.0,0.0,1.2094155844155843,0.3928571428571429
2026-08-10 11:35:00+05:30,2026-08-10 11:40:00+05:30,2026-08-10 11:40:00+05:30,9,10,1.0,-5.551115123125783e-17,1.0,1.0,2.0,1,5.0,2026-08-10 11:30:00+05:30,1.2833333333333332,0.6416666666666666,0.0,0.0,1.1496031746031745,0.42777777777777776
2026-08-10 11:40:00+05:30,2026-08-10 11:45:00+05:30,2026-08-10 11:45:00+05:30,12,7,0.9999999999999998,0.0,1.0,1.0,2.0,1,5.0,2026-08-10 11:35:00+05:30,1.1,0.55,0.0,0.0,0.930952380952381,0.5357142857142857
2026-08-10 11:45:00+05:30,2026-08-10 11:50:00+05:30,2026-08-10 11:50:00+05:30,9,10,1.0,-5.551115123125783e-17,1.0,1.0,2.0,1,5.0,2026-08-10 11:40:00+05:30,1.4666666666666666,0.7333333333333333,0.0,0.0,1.3682539682539683,0.3222222222222222
2026-08-10 11:50:00+05:30,2026-08-10 11:55:00+05:30,2026-08-10 11:55:00+05:30,7,12,0.9999999999999998,0.0,1.0,1.0,2.0,1,5.0,2026-08-10 11:45:00+05:30,0.7777777777777777,0.38888888888888884,0.0,0.0,0.6317460317460317,0.6904761904761904
2026-08-10 11:55:00+05:30,2026-08-10 12:00:00+05:30,2026-08-10 12:00:00+05:30,8,11,1.0,-1.3877787807814457e-17,1.0,1.0,2.0,1,5.0,2026-08-10 11:50:00+05:30,0.6249999999999999,0.31249999999999994,0.0,0.0,0.5462662337662337,0.7215909090909091
2026-08-10 12:00:00+05:30,2026-08-10 12:05:00+05:30,2026-08-10 12:05:00+05:30,11,8,1.0,1.3877787807814457e-17,1.0,1.0,2.0,1,5.0,2026-08-10 11:55:00+05:30,1.4545454545454546,0.7272727272727273,0.0,0.0,1.352272727272727,0.3238636363636364
2026-08-10 12:05:00+05:30,2026-08-10 12:10:00+05:30,2026-08-10 12:10:00+05:30,7,12,0.9999999999999998,0.0,1.0,1.0,2.0,1,5.0,2026-08-10 12:00:00+05:30,1.2196969696969697,0.6098484848484849,0.0,0.0,1.0116341991341993,0.494047619047619
2026-08-10 12:10:00+05:30,2026-08-10 12:15:00+05:30,2026-08-10 12:15:00+05:30,10,9,1.0,4.163336342344337e-17,1.0,1.0,2.0,1,5.0,2026-08-10 12:05:00+05:30,1.4666666666666668,0.7333333333333334,0.0,0.0,1.3682539682539683,0.32222222222222224
2026-08-10 12:15:00+05:30,2026-08-10 12:20:00+05:30,2026-08-10 12:20:00+05:30,8,11,1.0,-2.7755575615628914e-17,1.0,1.0,2.0,1,5.0,2026-08-10 12:10:00+05:30,1.3363636363636362,0.6681818181818181,0.0,0.0,1.2584595959595961,0.3693181818181818
2026-08-10 12:20:00+05:30,2026-08-10 12:25:00+05:30,2026-08-10 12:25:00+05:30,6,13,1.0000000000000002,-5.551115123125783e-17,1.0,1.0,2.0,1,5.0,2026-08-10 12:15:00+05:30,0.6057692307692307,0.30288461538461536,0.0,0.0,0.4316724941724942,0.8012820512820513
2026-08-10 12:25:00+05:30,2026-08-10 12:30:00+05:30,2026-08-10 12:30:00+05:30,11,8,1.0,1.3877787807814457e-17,1.0,1.0,2.0,1,5.0,2026-08-10 12:20:00+05:30,1.3426573426573425,0.6713286713286712,0.0,0.0,1.1088286713286712,0.4488636363636364
2026-08-10 12:30:00+05:30,2026-08-10 12:35:00+05:30,2026-08-10 12:35:00+05:30,6,13,1.0,-5.551115123125783e-17,1.0,1.0,2.0,1,5.0,2026-08-10 12:25:00+05:30,1.006993006993007,0.5034965034965035,0.0,0.0,0.6493298368298368,0.6858974358974359
2026-08-10 12:35:00+05:30,2026-08-10 12:40:00+05:30,2026-08-10 12:40:00+05:30,10,9,1.0,5.551115123125783e-17,1.0,1.0,2.0,1,5.0,2026-08-10 12:30:00+05:30,1.4153846153846152,0.7076923076923076,0.0,0.0,1.2632478632478632,0.37777777777777777
2026-08-10 12:40:00+05:30,2026-08-10 12:45:00+05:30,2026-08-10 12:45:00+05:30,8,11,0.9999999999999999,-1.3877787807814457e-17,1.0,1.0,2.0,1,5.0,2026-08-10 12:35:00+05:30,1.1454545454545455,0.5727272727272728,0.0,0.0,1.044949494949495,0.47727272727272735
2026-08-10 12:45:00+05:30,2026-08-10 12:50:00+05:30,2026-08-10 12:50:00+05:30,9,10,1.0,-5.551115123125783e-17,1.0,1.0,2.0,1,5.0,2026-08-10 12:40:00+05:30,1.0101010101010102,0.5050505050505051,0.0,0.0,0.955050505050505,0.5222222222222223
2026-08-10 12:50:00+05:30,2026-08-10 12:55:00+05:30,2026-08-10 12:55:00+05:30,11,8,1.0,1.3877787807814457e-17,1.0,1.0,2.0,1,5.0,2026-08-10 12:45:00+05:30,0.9545454545454545,0.47727272727272724,0.0,0.0,0.831439393939394,0.5852272727272727
2026-08-10 12:55:00+05:30,2026-08-10 13:00:00+05:30,2026-08-10 13:00:00+05:30,10,9,1.0000000000000002,4.163336342344337e-17,1.0,1.0,2.0,1,5.0,2026-08-10 12:50:00+05:30,1.2121212121212122,0.6060606060606061,0.0,0.0,1.1685606060606062,0.41666666666666663
2026-08-10 13:00:00+05:30,2026-08-10 13:05:00+05:30,2026-08-10 13:05:00+05:30,9,10,1.0,-5.551115123125783e-17,1.0,1.0,2.0,1,5.0,2026-08-10 12:55:00+05:30,1.0,0.5,0.0,0.0,0.9444444444444444,0.5277777777777778
2026-08-10 13:05:00+05:30,2026-08-10 13:10:00+05:30,2026-08-10 13:10:00+05:30,11,8,1.0,0.0,1.0,1.0,2.0,1,5.0,2026-08-10 13:00:00+05:30,1.5272727272727271,0.7636363636363636,0.0,0.0,1.4719696969696972,0.26136363636363635
2026-08-10 13:10:00+05:30,2026-08-10 13:15:00+05:30,2026-08-10 13:15:00+05:30,10,9,1.0,5.551115123125783e-17,1.0,1.0,2.0,1,5.0,2026-08-10 13:05:00+05:30,1.0101010101010102,0.5050505050505051,0.0,0.0,0.9550505050505051,0.5222222222222223
2026-08-10 13:15:00+05:30,2026-08-10 13:20:00+05:30,2026-08-10 13:20:00+05:30,9,10,1.0,-4.163336342344337e-17,1.0,1.0,2.0,1,5.0,2026-08-10 13:10:00+05:30,1.2,0.6,0.0,0.0,1.1555555555555557,0.4222222222222222
2026-08-10 13:20:00+05:30,2026-08-10 13:25:00+05:30,2026-08-10 13:25:00+05:30,13,6,0.9999999999999999,5.551115123125783e-17,1.0,1.0,2.0,1,5.0,2026-08-10 13:15:00+05:30,1.415384615384615,0.7076923076923075,0.0,0.0,1.263247863247863,0.358974358974359
2026-08-10 13:25:00+05:30,2026-08-10 13:30:00+05:30,2026-08-10 13:30:00+05:30,7,12,0.9999999999999998,0.0,1.0,1.0,2.0,1,5.0,2026-08-10 13:20:00+05:30,1.282051282051282,0.641025641025641,0.0,0.0,0.9505494505494505,0.5238095238095237
2026-08-10 13:30:00+05:30,2026-08-10 13:35:00+05:30,2026-08-10 13:35:00+05:30,9,10,1.0,-5.551115123125783e-17,1.0,1.0,2.0,1,5.0,2026-08-10 13:25:00+05:30,0.9722222222222222,0.4861111111111111,0.0,0.0,0.8503968253968254,0.5722222222222222
2026-08-10 13:35:00+05:30,2026-08-10 13:40:00+05:30,2026-08-10 13:40:00+05:30,8,11,1.0,-2.7755575615628914e-17,1.0,1.0,2.0,1,5.0,2026-08-10 13:30:00+05:30,1.0101010101010102,0.5050505050505051,0.0,0.0,0.955050505050505,0.5227272727272727
2026-08-10 13:40:00+05:30,2026-08-10 13:45:00+05:30,2026-08-10 13:45:00+05:30,12,7,0.9999999999999998,0.0,1.0,1.0,2.0,1,5.0,2026-08-10 13:35:00+05:30,0.8712121212121213,0.43560606060606066,0.0,0.0,0.5695346320346321,0.7202380952380951
2026-08-10 13:45:00+05:30,2026-08-10 13:50:00+05:30,2026-08-10 13:50:00+05:30,10,9,1.0000000000000002,4.163336342344337e-17,1.0,1.0,2.0,1,5.0,2026-08-10 13:40:00+05:30,1.1666666666666665,0.5833333333333333,0.0,0.0,1.069047619047619,0.4666666666666666
2026-08-10 13:50:00+05:30,2026-08-10 13:55:00+05:30,2026-08-10 13:55:00+05:30,8,11,1.0,-1.3877787807814457e-17,1.0,1.0,2.0,1,5.0,2026-08-10 13:45:00+05:30,1.1454545454545453,0.5727272727272726,0.0,0.0,1.044949494949495,0.4772727272727273
2026-08-10 13:55:00+05:30,2026-08-10 14:00:00+05:30,2026-08-10 14:00:00+05:30,7,12,0.9999999999999998,1.3877787807814457e-17,1.0,1.0,2.0,1,5.0,2026-08-10 13:50:00+05:30,1.2500000000000002,0.6250000000000001,0.0,0.0,1.2094155844155845,0.39285714285714285
2026-08-10 14:00:00+05:30,2026-08-10 14:05:00+05:30,2026-08-10 14:05:00+05:30,11,8,1.0,1.3877787807814457e-17,1.0,1.0,2.0,1,5.0,2026-08-10 13:55:00+05:30,1.3939393939393938,0.6969696969696969,0.0,0.0,1.2326839826839826,0.38636363636363635
2026-08-10 14:05:00+05:30,2026-08-10 14:10:00+05:30,2026-08-10 14:10:00+05:30,11,8,1.0,0.0,1.0,1.0,2.0,1,5.0,2026-08-10 14:00:00+05:30,0.8636363636363635,0.43181818181818177,0.0,0.0,0.8636363636363635,0.5681818181818181
2026-08-10 14:10:00+05:30,2026-08-10 14:15:00+05:30,2026-08-10 14:15:00+05:30,7,12,0.9999999999999998,1.3877787807814457e-17,1.0,1.0,2.0,1,5.0,2026-08-10 14:05:00+05:30,1.3939393939393938,0.6969696969696969,0.0,0.0,1.2326839826839828,0.38095238095238093
2026-08-10 14:15:00+05:30,2026-08-10 14:20:00+05:30,2026-08-10 14:20:00+05:30,9,10,1.0,-5.551115123125783e-17,1.0,1.0,2.0,1,5.0,2026-08-10 14:10:00+05:30,1.3611111111111112,0.6805555555555556,0.0,0.0,1.287698412698413,0.36111111111111116
2026-08-10 14:20:00+05:30,2026-08-10 14:25:00+05:30,2026-08-10 14:25:00+05:30,9,10,1.0,-5.551115123125783e-17,1.0,1.0,2.0,1,5.0,2026-08-10 14:15:00+05:30,1.0555555555555556,0.5277777777777778,0.0,0.0,1.0555555555555556,0.4722222222222223
2026-08-10 14:25:00+05:30,2026-08-10 14:30:00+05:30,2026-08-10 14:30:00+05:30,6,13,1.0,-5.551115123125783e-17,1.0,1.0,2.0,1,5.0,2026-08-10 14:20:00+05:30,1.128205128205128,0.564102564102564,0.0,0.0,0.9641025641025641,0.5192307692307692
2026-08-10 14:30:00+05:30,2026-08-10 14:35:00+05:30,2026-08-10 14:35:00+05:30,9,10,1.0,-5.551115123125783e-17,1.0,1.0,2.0,1,5.0,2026-08-10 14:25:00+05:30,1.1282051282051282,0.5641025641025641,0.0,0.0,0.9641025641025641,0.5166666666666667
2026-08-10 14:35:00+05:30,2026-08-10 14:40:00+05:30,2026-08-10 14:40:00+05:30,8,11,1.0,-2.7755575615628914e-17,1.0,1.0,2.0,1,5.0,2026-08-10 14:30:00+05:30,1.2121212121212122,0.6060606060606061,0.0,0.0,1.1685606060606062,0.4147727272727273
2026-08-10 14:40:00+05:30,2026-08-10 14:45:00+05:30,2026-08-10 14:45:00+05:30,13,6,1.0,5.551115123125783e-17,1.0,1.0,2.0,1,5.0,2026-08-10 14:35:00+05:30,1.0069930069930069,0.5034965034965034,0.0,0.0,0.6493298368298368,0.6858974358974359
2026-08-10 14:45:00+05:30,2026-08-10 14:50:00+05:30,2026-08-10 14:50:00+05:30,9,10,1.0,-5.551115123125783e-17,1.0,1.0,2.0,1,5.0,2026-08-10 14:40:00+05:30,1.0615384615384613,0.5307692307692307,0.0,0.0,0.8085470085470086,0.5888888888888889
2026-08-10 14:50:00+05:30,2026-08-10 14:55:00+05:30,2026-08-10 14:55:00+05:30,9,10,1.0,-4.163336342344337e-17,1.0,1.0,2.0,1,5.0,2026-08-10 14:45:00+05:30,1.4777777777777779,0.7388888888888889,0.0,0.0,1.4777777777777779,0.26111111111111107
2026-08-10 14:55:00+05:30,2026-08-10 15:00:00+05:30,2026-08-10 15:00:00+05:30,9,10,1.0,-4.163336342344337e-17,1.0,1.0,2.0,1,5.0,2026-08-10 14:50:00+05:30,0.8444444444444444,0.4222222222222222,0.0,0.0,0.8444444444444444,0.5777777777777778
2026-08-10 15:00:00+05:30,2026-08-10 15:05:00+05:30,2026-08-10 15:05:00+05:30,12,7,0.9999999999999998,0.0,1.0,1.0,2.0,1,5.0,2026-08-10 14:55:00+05:30,1.2833333333333332,0.6416666666666666,0.0,0.0,1.1496031746031745,0.4226190476190476
2026-08-10 15:05:00+05:30,2026-08-10 15:10:00+05:30,2026-08-10 15:10:00+05:30,8,11,1.0,0.0,1.0,1.0,2.0,1,5.0,2026-08-10 15:00:00+05:30,1.0454545454545454,0.5227272727272727,0.0,0.0,0.7905844155844156,0.6022727272727273
2026-08-10 15:10:00+05:30,2026-08-10 15:15:00+05:30,2026-08-10 15:15:00+05:30,10,9,1.0,4.163336342344337e-17,1.0,1.0,2.0,1,5.0,2026-08-10 15:05:00+05:30,1.5272727272727271,0.7636363636363636,0.0,0.0,1.4719696969696972,0.26666666666666666
2026-08-10 15:15:00+05:30,2026-08-10 15:20:00+05:30,2026-08-10 15:20:00+05:30,2,2,1.0,0.0,1.0,1.0,2.0,1,5.0,2026-08-10 15:10:00+05:30,1.788888888888889,0.8944444444444445,0.0,0.788888888888889,0.6055555555555556,0.5
2026-08-10 15:20:00+05:30,2026-08-10 15:25:00+05:30,2026-08-10 15:25:00+05:30,3,1,0.9999999999999999,-2.7755575615628914e-17,1.0,1.0,2.0,1,5.0,2026-08-10 15:15:00+05:30,0.8333333333333334,0.4166666666666667,0.0,0.0,0.41666666666666663,0.8333333333333333
2026-08-11 09:15:00+05:30,2026-08-11 09:20:00+05:30,2026-08-11 09:20:00+05:30,2,2,1.0,0.0,1.0,1.0,2.0,1,5.0,2026-08-10 15:20:00+05:30,0.8333333333333334,0.4166666666666667,0.0,0.0,0.41666666666666663,0.75
2026-08-11 09:20:00+05:30,2026-08-11 09:25:00+05:30,2026-08-11 09:25:00+05:30,10,9,1.0,5.551115123125783e-17,1.0,1.0,2.0,1,5.0,2026-08-11 09:15:00+05:30,1.6888888888888889,0.8444444444444444,0.7944444444444445,0.0,0.3,0.15555555555555556
2026-08-11 09:25:00+05:30,2026-08-11 09:30:00+05:30,2026-08-11 09:30:00+05:30,11,8,1.0,1.3877787807814457e-17,1.0,1.0,2.0,1,5.0,2026-08-11 09:20:00+05:30,0.8080808080808081,0.40404040404040403,0.0,0.0,0.741540404040404,0.6306818181818182
2026-08-11 09:30:00+05:30,2026-08-11 09:35:00+05:30,2026-08-11 09:35:00+05:30,9,10,1.0,-5.551115123125783e-17,1.0,1.0,2.0,1,5.0,2026-08-11 09:25:00+05:30,1.1454545454545455,0.5727272727272728,0.0,0.0,1.044949494949495,0.47777777777777775
2026-08-11 09:35:00+05:30,2026-08-11 09:40:00+05:30,2026-08-11 09:40:00+05:30,8,11,0.9999999999999999,-1.3877787807814457e-17,1.0,1.0,2.0,1,5.0,2026-08-11 09:30:00+05:30,1.2121212121212122,0.6060606060606061,0.0,0.0,1.1685606060606062,0.4147727272727273
2026-08-11 09:40:00+05:30,2026-08-11 09:45:00+05:30,2026-08-11 09:45:00+05:30,8,11,0.9999999999999999,-2.7755575615628914e-17,1.0,1.0,2.0,1,5.0,2026-08-11 09:35:00+05:30,1.0795454545454546,0.5397727272727273,0.0,0.0,1.0795454545454546,0.46022727272727276
2026-08-11 09:45:00+05:30,2026-08-11 09:50:00+05:30,2026-08-11 09:50:00+05:30,9,10,1.0,-4.163336342344337e-17,1.0,1.0,2.0,1,5.0,2026-08-11 09:40:00+05:30,1.0101010101010102,0.5050505050505051,0.0,0.0,0.955050505050505,0.5222222222222221
2026-08-11 09:50:00+05:30,2026-08-11 09:55:00+05:30,2026-08-11 09:55:00+05:30,10,9,1.0000000000000002,4.163336342344337e-17,1.0,1.0,2.0,1,5.0,2026-08-11 09:45:00+05:30,1.2,0.6,0.0,0.0,1.1555555555555557,0.4222222222222222
2026-08-11 09:55:00+05:30,2026-08-11 10:00:00+05:30,2026-08-11 10:00:00+05:30,15,4,0.9999999999999999,-2.0816681711721685e-17,1.0,1.0,2.0,1,5.0,2026-08-11 09:50:00+05:30,1.2444444444444442,0.6222222222222221,0.0,0.0,0.9722222222222221,0.5166666666666666
2026-08-11 10:00:00+05:30,2026-08-11 10:05:00+05:30,2026-08-11 10:05:00+05:30,7,12,0.9999999999999998,0.0,1.0,1.0,2.0,1,5.0,2026-08-11 09:55:00+05:30,1.4999999999999998,0.7499999999999999,0.0,0.0,1.1428571428571428,0.44047619047619047
2026-08-11 10:05:00+05:30,2026-08-11 10:10:00+05:30,2026-08-11 10:10:00+05:30,5,14,0.9999999999999999,5.551115123125783e-17,1.0,1.0,2.0,1,5.0,2026-08-11 10:00:00+05:30,0.6428571428571428,0.3214285714285714,0.0,0.0,0.46309523809523806,0.7928571428571428
2026-08-11 10:10:00+05:30,2026-08-11 10:15:00+05:30,2026-08-11 10:15:00+05:30,9,10,1.0,-4.163336342344337e-17,1.0,1.0,2.0,1,5.0,2026-08-11 10:05:00+05:30,0.9126984126984129,0.45634920634920645,0.0,0.0,0.6063492063492064,0.6722222222222223
2026-08-11 10:15:00+05:30,2026-08-11 10:20:00+05:30,2026-08-11 10:20:00+05:30,8,11,1.0,-1.3877787807814457e-17,1.0,1.0,2.0,1,5.0,2026-08-11 10:10:00+05:30,0.8080808080808081,0.40404040404040403,0.0,0.0,0.7415404040404041,0.6306818181818181
2026-08-11 10:20:00+05:30,2026-08-11 10:25:00+05:30,2026-08-11 10:25:00+05:30,9,10,1.0000000000000002,-4.163336342344337e-17,1.0,1.0,2.0,1,5.0,2026-08-11 10:15:00+05:30,1.2121212121212122,0.6060606060606061,0.0,0.0,1.1685606060606062,0.4166666666666667
2026-08-11 10:25:00+05:30,2026-08-11 10:30:00+05:30,2026-08-11 10:30:00+05:30,12,7,0.9999999999999998,0.0,1.0,1.0,2.0,1,5.0,2026-08-11 10:20:00+05:30,1.4666666666666666,0.7333333333333333,0.0,0.0,1.3682539682539683,0.30952380952380953
2026-08-11 10:30:00+05:30,2026-08-11 10:35:00+05:30,2026-08-11 10:35:00+05:30,6,13,1.0,-5.551115123125783e-17,1.0,1.0,2.0,1,5.0,2026-08-11 10:25:00+05:30,1.6025641025641026,0.8012820512820513,0.0,0.0,1.4203296703296702,0.28205128205128205
2026-08-11 10:35:00+05:30,2026-08-11 10:40:00+05:30,2026-08-11 10:40:00+05:30,12,7,0.9999999999999998,0.0,1.0,1.0,2.0,1,5.0,2026-08-11 10:30:00+05:30,1.282051282051282,0.641025641025641,0.0,0.0,0.9505494505494505,0.5238095238095237
2026-08-11 10:40:00+05:30,2026-08-11 10:45:00+05:30,2026-08-11 10:45:00+05:30,7,12,0.9999999999999998,0.0,1.0,1.0,2.0,1,5.0,2026-08-11 10:35:00+05:30,1.1666666666666663,0.5833333333333331,0.0,0.0,0.869047619047619,0.5654761904761904
2026-08-11 10:45:00+05:30,2026-08-11 10:50:00+05:30,2026-08-11 10:50:00+05:30,7,12,0.9999999999999998,0.0,1.0,1.0,2.0,1,5.0,2026-08-11 10:40:00+05:30,0.6785714285714286,0.3392857142857143,0.0,0.0,0.6785714285714286,0.6607142857142857
2026-08-11 10:50:00+05:30,2026-08-11 10:55:00+05:30,2026-08-11 10:55:00+05:30,14,5,1.0,-5.551115123125783e-17,1.0,1.0,2.0,1,5.0,2026-08-11 10:45:00+05:30,1.5476190476190477,0.7738095238095238,0.0,0.0,1.288095238095238,0.34285714285714286
2026-08-11 10:55:00+05:30,2026-08-11 11:00:00+05:30,2026-08-11 11:00:00+05:30,5,14,1.0,5.551115123125783e-17,1.0,1.0,2.0,1,5.0,2026-08-11 10:50:00+05:30,1.5714285714285714,0.7857142857142857,0.0,0.0,1.1857142857142857,0.4071428571428572
2026-08-11 11:00:00+05:30,2026-08-11 11:05:00+05:30,2026-08-11 11:05:00+05:30,7,12,0.9999999999999998,1.3877787807814457e-17,1.0,1.0,2.0,1,5.0,2026-08-11 10:55:00+05:30,1.0714285714285714,0.5357142857142857,0.0,0.0,0.9607142857142855,0.5178571428571428
2026-08-11 11:05:00+05:30,2026-08-11 11:10:00+05:30,2026-08-11 11:10:00+05:30,6,13,1.0,-5.551115123125783e-17,1.0,1.0,2.0,1,5.0,2026-08-11 11:00:00+05:30,0.6593406593406592,0.3296703296703296,0.0,0.0,0.5796703296703296,0.717948717948718
2026-08-11 11:10:00+05:30,2026-08-11 11:15:00+05:30,2026-08-11 11:15:00+05:30,9,10,1.0,-5.551115123125783e-17,1.0,1.0,2.0,1,5.0,2026-08-11 11:05:00+05:30,1.1282051282051282,0.5641025641025641,0.0,0.0,0.964102564102564,0.5166666666666666
2026-08-11 11:15:00+05:30,2026-08-11 11:20:00+05:30,2026-08-11 11:20:00+05:30,10,9,1.0,4.163336342344337e-17,1.0,1.0,2.0,1,5.0,2026-08-11 11:10:00+05:30,0.7999999999999998,0.3999999999999999,0.0,0.0,0.7333333333333334,0.6333333333333334
2026-08-11 11:20:00+05:30,2026-08-11 11:25:00+05:30,2026-08-11 11:25:00+05:30,8,11,1.0,0.0,1.0,1.0,2.0,1,5.0,2026-08-11 11:15:00+05:30,0.7636363636363634,0.3818181818181817,0.0,0.0,0.617929292929293,0.6931818181818181
2026-08-11 11:25:00+05:30,2026-08-11 11:30:00+05:30,2026-08-11 11:30:00+05:30,8,11,1.0,-5.551115123125783e-17,1.0,1.0,2.0,1,5.0,2026-08-11 11:20:00+05:30,1.0795454545454546,0.5397727272727273,0.0,0.0,1.0795454545454546,0.4602272727272727
2026-08-11 11:30:00+05:30,2026-08-11 11:35:00+05:30,2026-08-11 11:35:00+05:30,11,8,0.9999999999999999,1.3877787807814457e-17,1.0,1.0,2.0,1,5.0,2026-08-11 11:25:00+05:30,1.2727272727272727,0.6363636363636364,0.0,0.0,1.1363636363636362,0.4318181818181819
2026-08-11 11:35:00+05:30,2026-08-11 11:40:00+05:30,2026-08-11 11:40:00+05:30,9,10,1.0,-5.551115123125783e-17,1.0,1.0,2.0,1,5.0,2026-08-11 11:30:00+05:30,0.9545454545454545,0.47727272727272724,0.0,0.0,0.8314393939393939,0.5833333333333334
2026-08-11 11:40:00+05:30,2026-08-11 11:45:00+05:30,2026-08-11 11:45:00+05:30,8,11,1.0,0.0,1.0,1.0,2.0,1,5.0,2026-08-11 11:35:00+05:30,1.0101010101010102,0.5050505050505051,0.0,0.0,0.9550505050505051,0.5227272727272727
2026-08-11 11:45:00+05:30,2026-08-11 11:50:00+05:30,2026-08-11 11:50:00+05:30,12,7,0.9999999999999998,-1.3877787807814457e-17,1.0,1.0,2.0,1,5.0,2026-08-11 11:40:00+05:30,1.2196969696969695,0.6098484848484848,0.0,0.0,1.0116341991341993,0.49404761904761907
2026-08-11 11:50:00+05:30,2026-08-11 11:55:00+05:30,2026-08-11 11:55:00+05:30,11,8,0.9999999999999999,1.3877787807814457e-17,1.0,1.0,2.0,1,5.0,2026-08-11 11:45:00+05:30,0.8333333333333334,0.4166666666666667,0.0,0.0,0.7673160173160173,0.6136363636363635
2026-08-11 11:55:00+05:30,2026-08-11 12:00:00+05:30,2026-08-11 12:00:00+05:30,5,14,0.9999999999999999,5.551115123125783e-17,1.0,1.0,2.0,1,5.0,2026-08-11 11:50:00+05:30,1.2987012987012985,0.6493506493506492,0.0,0.0,0.9743506493506493,0.5142857142857142
2026-08-11 12:00:00+05:30,2026-08-11 12:05:00+05:30,2026-08-11 12:05:00+05:30,9,10,1.0,-5.551115123125783e-17,1.0,1.0,2.0,1,5.0,2026-08-11 11:55:00+05:30,1.0952380952380953,0.5476190476190477,0.0,0.0,0.8476190476190477,0.5666666666666667
2026-08-11 12:05:00+05:30,2026-08-11 12:10:00+05:30,2026-08-11 12:10:00+05:30,9,10,1.0000000000000002,-4.163336342344337e-17,1.0,1.0,2.0,1,5.0,2026-08-11 12:00:00+05:30,1.688888888888889,0.8444444444444446,0.0,0.0,1.688888888888889,0.15555555555555556
2026-08-11 12:10:00+05:30,2026-08-11 12:15:00+05:30,2026-08-11 12:15:00+05:30,10,9,1.0,4.163336342344337e-17,1.0,1.0,2.0,1,5.0,2026-08-11 12:05:00+05:30,0.9999999999999999,0.49999999999999994,0.0,0.0,0.9444444444444444,0.5277777777777778
2026-08-11 12:15:00+05:30,2026-08-11 12:20:00+05:30,2026-08-11 12:20:00+05:30,7,12,0.9999999999999998,0.0,1.0,1.0,2.0,1,5.0,2026-08-11 12:10:00+05:30,1.4666666666666668,0.7333333333333334,0.0,0.0,1.3682539682539683,0.30952380952380953
2026-08-11 12:20:00+05:30,2026-08-11 12:25:00+05:30,2026-08-11 12:25:00+05:30,11,8,0.9999999999999999,1.3877787807814457e-17,1.0,1.0,2.0,1,5.0,2026-08-11 12:15:00+05:30,1.21969696969697,0.609848484848485,0.0,0.0,1.0116341991341993,0.4943181818181819
2026-08-11 12:25:00+05:30,2026-08-11 12:30:00+05:30,2026-08-11 12:30:00+05:30,12,7,0.9999999999999998,0.0,1.0,1.0,2.0,1,5.0,2026-08-11 12:20:00+05:30,1.0416666666666665,0.5208333333333333,0.0,0.0,0.988365800865801,0.5059523809523809
2026-08-11 12:30:00+05:30,2026-08-11 12:35:00+05:30,2026-08-11 12:35:00+05:30,11,8,1.0,0.0,1.0,1.0,2.0,1,5.0,2026-08-11 12:25:00+05:30,1.25,0.625,0.0,0.0,1.2094155844155845,0.3977272727272727
2026-08-11 12:35:00+05:30,2026-08-11 12:40:00+05:30,2026-08-11 12:40:00+05:30,7,12,0.9999999999999998,1.3877787807814457e-17,1.0,1.0,2.0,1,5.0,2026-08-11 12:30:00+05:30,1.0454545454545452,0.5227272727272726,0.0,0.0,0.7905844155844155,0.607142857142857
2026-08-11 12:40:00+05:30,2026-08-11 12:45:00+05:30,2026-08-11 12:45:00+05:30,8,11,1.0,0.0,1.0,1.0,2.0,1,5.0,2026-08-11 12:35:00+05:30,1.0416666666666667,0.5208333333333334,0.0,0.0,0.9883658008658007,0.5056818181818182
2026-08-11 12:45:00+05:30,2026-08-11 12:50:00+05:30,2026-08-11 12:50:00+05:30,8,11,1.0,-2.7755575615628914e-17,1.0,1.0,2.0,1,5.0,2026-08-11 12:40:00+05:30,0.6477272727272727,0.32386363636363635,0.0,0.0,0.6477272727272727,0.6761363636363636
2026-08-11 12:50:00+05:30,2026-08-11 12:55:00+05:30,2026-08-11 12:55:00+05:30,5,14,1.0,6.938893903907228e-17,1.0,1.0,2.0,1,5.0,2026-08-11 12:45:00+05:30,0.9821428571428571,0.49107142857142855,0.0,0.0,0.7819805194805194,0.6214285714285714
2026-08-11 12:55:00+05:30,2026-08-11 13:00:00+05:30,2026-08-11 13:00:00+05:30,8,11,1.0,-2.7755575615628914e-17,1.0,1.0,2.0,1,5.0,2026-08-11 12:50:00+05:30,1.3750000000000002,0.6875000000000001,0.0,0.0,1.2693181818181818,0.38068181818181823
2026-08-11 13:00:00+05:30,2026-08-11 13:05:00+05:30,2026-08-11 13:05:00+05:30,9,10,1.0,-5.551115123125783e-17,1.0,1.0,2.0,1,5.0,2026-08-11 12:55:00+05:30,1.2121212121212122,0.6060606060606061,0.0,0.0,1.168560606060606,0.41666666666666663
2026-08-11 13:05:00+05:30,2026-08-11 13:10:00+05:30,2026-08-11 13:10:00+05:30,10,9,1.0,5.551115123125783e-17,1.0,1.0,2.0,1,5.0,2026-08-11 13:00:00+05:30,1.4,0.7,0.0,0.0,1.3666666666666667,0.31666666666666665
2026-08-11 13:10:00+05:30,2026-08-11 13:15:00+05:30,2026-08-11 13:15:00+05:30,7,12,0.9999999999999998,0.0,1.0,1.0,2.0,1,5.0,2026-08-11 13:05:00+05:30,1.2833333333333332,0.6416666666666666,0.0,0.0,1.1496031746031745,0.42261904761904756
2026-08-11 13:15:00+05:30,2026-08-11 13:20:00+05:30,2026-08-11 13:20:00+05:30,10,9,1.0,4.163336342344337e-17,1.0,1.0,2.0,1,5.0,2026-08-11 13:10:00+05:30,0.9166666666666667,0.45833333333333337,0.0,0.0,0.7123015873015873,0.638888888888889
2026-08-11 13:20:00+05:30,2026-08-11 13:25:00+05:30,2026-08-11 13:25:00+05:30,5,14,1.0,6.938893903907228e-17,1.0,1.0,2.0,1,5.0,2026-08-11 13:15:00+05:30,1.3714285714285712,0.6857142857142856,0.0,0.0,1.1523809523809523,0.41428571428571426
2026-08-11 13:25:00+05:30,2026-08-11 13:30:00+05:30,2026-08-11 13:30:00+05:30,13,6,1.0,5.551115123125783e-17,1.0,1.0,2.0,1,5.0,2026-08-11 13:20:00+05:30,1.335164835164835,0.6675824175824175,0.0,0.0,0.8509157509157508,0.5705128205128205
2026-08-11 13:30:00+05:30,2026-08-11 13:35:00+05:30,2026-08-11 13:35:00+05:30,11,8,1.0,2.7755575615628914e-17,1.0,1.0,2.0,1,5.0,2026-08-11 13:25:00+05:30,0.8076923076923076,0.4038461538461538,0.0,0.0,0.6614219114219114,0.6590909090909091
2026-08-11 13:35:00+05:30,2026-08-11 13:40:00+05:30,2026-08-11 13:40:00+05:30,8,11,0.9999999999999999,-2.7755575615628914e-17,1.0,1.0,2.0,1,5.0,2026-08-11 13:30:00+05:30,1.2727272727272727,0.6363636363636364,0.0,0.0,1.1363636363636362,0.4318181818181818
2026-08-11 13:40:00+05:30,2026-08-11 13:45:00+05:30,2026-08-11 13:45:00+05:30,7,12,0.9999999999999998,1.3877787807814457e-17,1.0,1.0,2.0,1,5.0,2026-08-11 13:35:00+05:30,1.2500000000000002,0.6250000000000001,0.0,0.0,1.2094155844155845,0.3928571428571429
2026-08-11 13:45:00+05:30,2026-08-11 13:50:00+05:30,2026-08-11 13:50:00+05:30,8,11,0.9999999999999999,-1.3877787807814457e-17,1.0,1.0,2.0,1,5.0,2026-08-11 13:40:00+05:30,0.8333333333333333,0.41666666666666663,0.0,0.0,0.7673160173160173,0.6136363636363635
2026-08-11 13:50:00+05:30,2026-08-11 13:55:00+05:30,2026-08-11 13:55:00+05:30,7,12,0.9999999999999998,0.0,1.0,1.0,2.0,1,5.0,2026-08-11 13:45:00+05:30,1.0416666666666665,0.5208333333333333,0.0,0.0,0.988365800865801,0.5059523809523809
2026-08-11 13:55:00+05:30,2026-08-11 14:00:00+05:30,2026-08-11 14:00:00+05:30,9,10,1.0,-5.551115123125783e-17,1.0,1.0,2.0,1,5.0,2026-08-11 13:50:00+05:30,0.9722222222222221,0.48611111111111105,0.0,0.0,0.8503968253968254,0.5722222222222223
2026-08-11 14:00:00+05:30,2026-08-11 14:05:00+05:30,2026-08-11 14:05:00+05:30,9,10,1.0,-4.163336342344337e-17,1.0,1.0,2.0,1,5.0,2026-08-11 13:55:00+05:30,1.2666666666666668,0.6333333333333334,0.0,0.0,1.2666666666666668,0.36666666666666664
2026-08-11 14:05:00+05:30,2026-08-11 14:10:00+05:30,2026-08-11 14:10:00+05:30,11,8,0.9999999999999999,4.163336342344337e-17,1.0,1.0,2.0,1,5.0,2026-08-11 14:00:00+05:30,1.3363636363636364,0.6681818181818182,0.0,0.0,1.2584595959595961,0.3693181818181818
2026-08-11 14:10:00+05:30,2026-08-11 14:15:00+05:30,2026-08-11 14:15:00+05:30,10,9,1.0,5.551115123125783e-17,1.0,1.0,2.0,1,5.0,2026-08-11 14:05:00+05:30,1.0101010101010102,0.5050505050505051,0.0,0.0,0.955050505050505,0.5222222222222223
2026-08-11 14:15:00+05:30,2026-08-11 14:20:00+05:30,2026-08-11 14:20:00+05:30,7,12,0.9999999999999998,0.0,1.0,1.0,2.0,1,5.0,2026-08-11 14:10:00+05:30,1.1,0.55,0.0,0.0,0.930952380952381,0.5357142857142857
2026-08-11 14:20:00+05:30,2026-08-11 14:25:00+05:30,2026-08-11 14:25:00+05:30,10,9,1.0,4.163336342344337e-17,1.0,1.0,2.0,1,5.0,2026-08-11 14:15:00+05:30,1.1,0.55,0.0,0.0,0.930952380952381,0.5333333333333333
2026-08-11 14:25:00+05:30,2026-08-11 14:30:00+05:30,2026-08-11 14:30:00+05:30,9,10,1.0,-4.163336342344337e-17,1.0,1.0,2.0,1,5.0,2026-08-11 14:20:00+05:30,1.2,0.6,0.0,0.0,1.1555555555555557,0.4222222222222222
2026-08-11 14:30:00+05:30,2026-08-11 14:35:00+05:30,2026-08-11 14:35:00+05:30,9,10,1.0,-4.163336342344337e-17,1.0,1.0,2.0,1,5.0,2026-08-11 14:25:00+05:30,1.0555555555555556,0.5277777777777778,0.0,0.0,1.0555555555555556,0.47222222222222215
2026-08-11 14:35:00+05:30,2026-08-11 14:40:00+05:30,2026-08-11 14:40:00+05:30,10,9,1.0,5.551115123125783e-17,1.0,1.0,2.0,1,5.0,2026-08-11 14:30:00+05:30,0.9999999999999999,0.49999999999999994,0.0,0.0,0.9444444444444444,0.5277777777777778
2026-08-11 14:40:00+05:30,2026-08-11 14:45:00+05:30,2026-08-11 14:45:00+05:30,9,10,1.0,-5.551115123125783e-17,1.0,1.0,2.0,1,5.0,2026-08-11 14:35:00+05:30,1.2,0.6,0.0,0.0,1.1555555555555557,0.42222222222222217
2026-08-11 14:45:00+05:30,2026-08-11 14:50:00+05:30,2026-08-11 14:50:00+05:30,12,7,0.9999999999999998,0.0,1.0,1.0,2.0,1,5.0,2026-08-11 14:40:00+05:30,1.4666666666666668,0.7333333333333334,0.0,0.0,1.3682539682539683,0.3095238095238095
2026-08-11 14:50:00+05:30,2026-08-11 14:55:00+05:30,2026-08-11 14:55:00+05:30,12,7,0.9999999999999998,0.0,1.0,1.0,2.0,1,5.0,2026-08-11 14:45:00+05:30,1.3571428571428572,0.6785714285714286,0.0,0.0,1.3571428571428572,0.3214285714285714
2026-08-11 14:55:00+05:30,2026-08-11 15:00:00+05:30,2026-08-11 15:00:00+05:30,10,9,1.0,5.551115123125783e-17,1.0,1.0,2.0,1,5.0,2026-08-11 14:50:00+05:30,1.3611111111111112,0.6805555555555556,0.0,0.0,1.2876984126984126,0.3611111111111111
2026-08-11 15:00:00+05:30,2026-08-11 15:05:00+05:30,2026-08-11 15:05:00+05:30,9,10,1.0,-4.163336342344337e-17,1.0,1.0,2.0,1,5.0,2026-08-11 14:55:00+05:30,1.4000000000000001,0.7000000000000001,0.0,0.0,1.366666666666667,0.31666666666666665
2026-08-11 15:05:00+05:30,2026-08-11 15:10:00+05:30,2026-08-11 15:10:00+05:30,10,9,1.0,5.551115123125783e-17,1.0,1.0,2.0,1,5.0,2026-08-11 15:00:00+05:30,0.9999999999999999,0.49999999999999994,0.0,0.0,0.9444444444444444,0.5277777777777778
2026-08-11 15:10:00+05:30,2026-08-11 15:15:00+05:30,2026-08-11 15:15:00+05:30,8,11,1.0,-2.7755575615628914e-17,1.0,1.0,2.0,1,5.0,2026-08-11 15:05:00+05:30,1.5272727272727271,0.7636363636363636,0.0,0.0,1.471969696969697,0.26136363636363635
2026-08-11 15:15:00+05:30,2026-08-11 15:20:00+05:30,2026-08-11 15:20:00+05:30,2,2,1.0,0.0,1.0,1.0,2.0,1,5.0,2026-08-11 15:10:00+05:30,1.6590909090909092,0.8295454545454546,0.0,0.7670454545454545,0.3125,0.75
2026-08-11 15:20:00+05:30,2026-08-11 15:25:00+05:30,2026-08-11 15:25:00+05:30,1,3,1.0,0.0,1.0,1.0,2.0,1,5.0,2026-08-11 15:15:00+05:30,1.6666666666666665,0.8333333333333333,0.0,0.0,1.5833333333333333,0.16666666666666666
2026-08-12 09:15:00+05:30,2026-08-12 09:20:00+05:30,2026-08-12 09:20:00+05:30,3,1,0.9999999999999999,-5.551115123125783e-17,1.0,1.0,2.0,1,5.0,2026-08-11 15:20:00+05:30,1.3333333333333335,0.6666666666666667,0.0,0.0,0.6666666666666666,0.6666666666666666
2026-08-12 09:20:00+05:30,2026-08-12 09:25:00+05:30,2026-08-12 09:25:00+05:30,8,11,1.0,0.0,1.0,1.0,2.0,1,5.0,2026-08-12 09:15:00+05:30,1.875,0.9375,0.7840909090909091,0.0,0.9867424242424242,0.0625
2026-08-12 09:25:00+05:30,2026-08-12 09:30:00+05:30,2026-08-12 09:30:00+05:30,11,8,1.0,1.3877787807814457e-17,1.0,1.0,2.0,1,5.0,2026-08-12 09:20:00+05:30,0.9090909090909092,0.4545454545454546,0.0,0.0,0.7045454545454546,0.6477272727272727
2026-08-12 09:30:00+05:30,2026-08-12 09:35:00+05:30,2026-08-12 09:35:00+05:30,6,13,1.0,-5.551115123125783e-17,1.0,1.0,2.0,1,5.0,2026-08-12 09:25:00+05:30,1.6783216783216781,0.8391608391608391,0.0,0.0,1.5683275058275057,0.1987179487179487
2026-08-12 09:35:00+05:30,2026-08-12 09:40:00+05:30,2026-08-12 09:40:00+05:30,10,9,1.0,5.551115123125783e-17,1.0,1.0,2.0,1,5.0,2026-08-12 09:30:00+05:30,1.2384615384615383,0.6192307692307691,0.0,0.0,1.035897435897436,0.4833333333333333
2026-08-12 09:40:00+05:30,2026-08-12 09:45:00+05:30,2026-08-12 09:45:00+05:30,8,11,1.0,-1.3877787807814457e-17,1.0,1.0,2.0,1,5.0,2026-08-12 09:35:00+05:30,0.9545454545454545,0.47727272727272724,0.0,0.0,0.831439393939394,0.5852272727272727
2026-08-12 09:45:00+05:30,2026-08-12 09:50:00+05:30,2026-08-12 09:50:00+05:30,7,12,0.9999999999999998,1.3877787807814457e-17,1.0,1.0,2.0,1,5.0,2026-08-12 09:40:00+05:30,1.0416666666666667,0.5208333333333334,0.0,0.0,0.9883658008658007,0.5059523809523809
2026-08-12 09:50:00+05:30,2026-08-12 09:55:00+05:30,2026-08-12 09:55:00+05:30,10,9,1.0,4.163336342344337e-17,1.0,1.0,2.0,1,5.0,2026-08-12 09:45:00+05:30,0.9166666666666665,0.45833333333333326,0.0,0.0,0.7123015873015873,0.6388888888888888
2026-08-12 09:55:00+05:30,2026-08-12 10:00:00+05:30,2026-08-12 10:00:00+05:30,9,10,1.0,-5.551115123125783e-17,1.0,1.0,2.0,1,5.0,2026-08-12 09:50:00+05:30,1.2,0.6,0.0,0.0,1.1555555555555557,0.42222222222222217
2026-08-12 10:00:00+05:30,2026-08-12 10:05:00+05:30,2026-08-12 10:05:00+05:30,6,13,1.0,-4.163336342344337e-17,1.0,1.0,2.0,1,5.0,2026-08-12 09:55:00+05:30,0.7521367521367521,0.37606837606837606,0.0,0.0,0.5094017094017094,0.7628205128205128
2026-08-12 10:05:00+05:30,2026-08-12 10:10:00+05:30,2026-08-12 10:10:00+05:30,7,12,0.9999999999999998,1.3877787807814457e-17,1.0,1.0,2.0,1,5.0,2026-08-12 10:00:00+05:30,0.8791208791208791,0.43956043956043955,0.0,0.0,0.8145604395604396,0.5892857142857142
2026-08-12 10:10:00+05:30,2026-08-12 10:15:00+05:30,2026-08-12 10:15:00+05:30,6,13,0.9999999999999999,-5.551115123125783e-17,1.0,1.0,2.0,1,5.0,2026-08-12 10:05:00+05:30,0.6593406593406592,0.3296703296703296,0.0,0.0,0.5796703296703296,0.717948717948718
2026-08-12 10:15:00+05:30,2026-08-12 10:20:00+05:30,2026-08-12 10:20:00+05:30,7,12,0.9999999999999998,0.0,1.0,1.0,2.0,1,5.0,2026-08-12 10:10:00+05:30,0.6593406593406592,0.3296703296703296,0.0,0.0,0.5796703296703296,0.7023809523809523
2026-08-12 10:20:00+05:30,2026-08-12 10:25:00+05:30,2026-08-12 10:25:00+05:30,10,9,1.0,5.551115123125783e-17,1.0,1.0,2.0,1,5.0,2026-08-12 10:15:00+05:30,1.2833333333333332,0.6416666666666666,0.0,0.0,1.1496031746031745,0.4277777777777778
2026-08-12 10:25:00+05:30,2026-08-12 10:30:00+05:30,2026-08-12 10:30:00+05:30,10,9,1.0,4.163336342344337e-17,1.0,1.0,2.0,1,5.0,2026-08-12 10:20:00+05:30,1.2666666666666666,0.6333333333333333,0.0,0.0,1.2666666666666666,0.3666666666666667
2026-08-12 10:30:00+05:30,2026-08-12 10:35:00+05:30,2026-08-12 10:35:00+05:30,9,10,1.0,-5.551115123125783e-17,1.0,1.0,2.0,1,5.0,2026-08-12 10:25:00+05:30,1.4000000000000001,0.7000000000000001,0.0,0.0,1.3666666666666667,0.31666666666666665
2026-08-12 10:35:00+05:30,2026-08-12 10:40:00+05:30,2026-08-12 10:40:00+05:30,9,10,1.0,-4.163336342344337e-17,1.0,1.0,2.0,1,5.0,2026-08-12 10:30:00+05:30,1.4777777777777779,0.7388888888888889,0.0,0.0,1.4777777777777779,0.26111111111111107
2026-08-12 10:40:00+05:30,2026-08-12 10:45:00+05:30,2026-08-12 10:45:00+05:30,7,12,0.9999999999999998,0.0,1.0,1.0,2.0,1,5.0,2026-08-12 10:35:00+05:30,0.9722222222222221,0.48611111111111105,0.0,0.0,0.8503968253968254,0.5773809523809522
2026-08-12 10:45:00+05:30,2026-08-12 10:50:00+05:30,2026-08-12 10:50:00+05:30,7,12,0.9999999999999998,0.0,1.0,1.0,2.0,1,5.0,2026-08-12 10:40:00+05:30,0.6785714285714286,0.3392857142857143,0.0,0.0,0.6785714285714286,0.6607142857142856
2026-08-12 10:50:00+05:30,2026-08-12 10:55:00+05:30,2026-08-12 10:55:00+05:30,8,11,0.9999999999999999,-1.3877787807814457e-17,1.0,1.0,2.0,1,5.0,2026-08-12 10:45:00+05:30,1.2500000000000002,0.6250000000000001,0.0,0.0,1.2094155844155843,0.39772727272727276
2026-08-12 10:55:00+05:30,2026-08-12 11:00:00+05:30,2026-08-12 11:00:00+05:30,6,13,1.0,-5.551115123125783e-17,1.0,1.0,2.0,1,5.0,2026-08-12 10:50:00+05:30,1.2115384615384617,0.6057692307692308,0.0,0.0,1.120920745920746,0.4358974358974359
2026-08-12 11:00:00+05:30,2026-08-12 11:05:00+05:30,2026-08-12 11:05:00+05:30,5,14,1.0,6.938893903907228e-17,1.0,1.0,2.0,1,5.0,2026-08-12 10:55:00+05:30,0.9523809523809524,0.4761904761904762,0.0,0.0,0.8915750915750915,0.5571428571428572
2026-08-12 11:05:00+05:30,2026-08-12 11:10:00+05:30,2026-08-12 11:10:00+05:30,12,7,0.9999999999999998,-1.3877787807814457e-17,1.0,1.0,2.0,1,5.0,2026-08-12 11:00:00+05:30,1.5476190476190477,0.7738095238095238,0.0,0.0,1.288095238095238,0.36904761904761896
2026-08-12 11:10:00+05:30,2026-08-12 11:15:00+05:30,2026-08-12 11:15:00+05:30,8,11,1.0,-1.3877787807814457e-17,1.0,1.0,2.0,1,5.0,2026-08-12 11:05:00+05:30,1.2196969696969697,0.6098484848484849,0.0,0.0,1.011634199134199,0.4943181818181819
2026-08-12 11:15:00+05:30,2026-08-12 11:20:00+05:30,2026-08-12 11:20:00+05:30,9,10,1.0,-4.163336342344337e-17,1.0,1.0,2.0,1,5.0,2026-08-12 11:10:00+05:30,1.4141414141414141,0.7070707070707071,0.0,0.0,1.382070707070707,0.3111111111111111
2026-08-12 11:20:00+05:30,2026-08-12 11:25:00+05:30,2026-08-12 11:25:00+05:30,9,10,1.0,-5.551115123125783e-17,1.0,1.0,2.0,1,5.0,2026-08-12 11:15:00+05:30,1.0555555555555556,0.5277777777777778,0.0,0.0,1.0555555555555556,0.4722222222222222
2026-08-12 11:25:00+05:30,2026-08-12 11:30:00+05:30,2026-08-12 11:30:00+05:30,8,11,1.0,0.0,1.0,1.0,2.0,1,5.0,2026-08-12 11:20:00+05:30,1.0101010101010102,0.5050505050505051,0.0,0.0,0.9550505050505051,0.5227272727272727
2026-08-12 11:30:00+05:30,2026-08-12 11:35:00+05:30,2026-08-12 11:35:00+05:30,12,7,0.9999999999999998,-1.3877787807814457e-17,1.0,1.0,2.0,1,5.0,2026-08-12 11:25:00+05:30,1.2196969696969695,0.6098484848484848,0.0,0.0,1.011634199134199,0.49404761904761907
2026-08-12 11:35:00+05:30,2026-08-12 11:40:00+05:30,2026-08-12 11:40:00+05:30,8,11,1.0,-1.3877787807814457e-17,1.0,1.0,2.0,1,5.0,2026-08-12 11:30:00+05:30,1.2196969696969697,0.6098484848484849,0.0,0.0,1.0116341991341993,0.4943181818181819
2026-08-12 11:40:00+05:30,2026-08-12 11:45:00+05:30,2026-08-12 11:45:00+05:30,10,9,1.0,5.551115123125783e-17,1.0,1.0,2.0,1,5.0,2026-08-12 11:35:00+05:30,0.7636363636363634,0.3818181818181817,0.0,0.0,0.617929292929293,0.688888888888889
2026-08-12 11:45:00+05:30,2026-08-12 11:50:00+05:30,2026-08-12 11:50:00+05:30,11,8,1.0,0.0,1.0,1.0,2.0,1,5.0,2026-08-12 11:40:00+05:30,1.01010101010101,0.505050505050505,0.0,0.0,0.9550505050505051,0.5227272727272727
2026-08-12 11:50:00+05:30,2026-08-12 11:55:00+05:30,2026-08-12 11:55:00+05:30,5,14,1.0000000000000002,5.551115123125783e-17,1.0,1.0,2.0,1,5.0,2026-08-12 11:45:00+05:30,1.6233766233766234,0.8116883116883117,0.0,0.0,1.461688311688312,0.24285714285714283
2026-08-12 11:55:00+05:30,2026-08-12 12:00:00+05:30,2026-08-12 12:00:00+05:30,7,12,0.9999999999999998,1.3877787807814457e-17,1.0,1.0,2.0,1,5.0,2026-08-12 11:50:00+05:30,0.8571428571428572,0.4285714285714286,0.0,0.0,0.7119047619047619,0.6309523809523808
2026-08-12 12:00:00+05:30,2026-08-12 12:05:00+05:30,2026-08-12 12:05:00+05:30,9,10,1.0,-5.551115123125783e-17,1.0,1.0,2.0,1,5.0,2026-08-12 11:55:00+05:30,1.3611111111111112,0.6805555555555556,0.0,0.0,1.287698412698413,0.3611111111111111
2026-08-12 12:05:00+05:30,2026-08-12 12:10:00+05:30,2026-08-12 12:10:00+05:30,9,10,1.0,-5.551115123125783e-17,1.0,1.0,2.0,1,5.0,2026-08-12 12:00:00+05:30,1.0555555555555556,0.5277777777777778,0.0,0.0,1.0555555555555556,0.4722222222222222
2026-08-12 12:10:00+05:30,2026-08-12 12:15:00+05:30,2026-08-12 12:15:00+05:30,11,8,0.9999999999999999,1.3877787807814457e-17,1.0,1.0,2.0,1,5.0,2026-08-12 12:05:00+05:30,0.9545454545454544,0.4772727272727272,0.0,0.0,0.831439393939394,0.5852272727272727
2026-08-12 12:15:00+05:30,2026-08-12 12:20:00+05:30,2026-08-12 12:20:00+05:30,12,7,0.9999999999999998,0.0,1.0,1.0,2.0,1,5.0,2026-08-12 12:10:00+05:30,0.8333333333333334,0.4166666666666667,0.0,0.0,0.7673160173160173,0.6190476190476188
2026-08-12 12:20:00+05:30,2026-08-12 12:25:00+05:30,2026-08-12 12:25:00+05:30,9,10,1.0,-5.551115123125783e-17,1.0,1.0,2.0,1,5.0,2026-08-12 12:15:00+05:30,0.9166666666666665,0.45833333333333326,0.0,0.0,0.7123015873015873,0.638888888888889
2026-08-12 12:25:00+05:30,2026-08-12 12:30:00+05:30,2026-08-12 12:30:00+05:30,7,12,0.9999999999999998,-6.938893903907228e-18,1.0,1.0,2.0,1,5.0,2026-08-12 12:20:00+05:30,0.972222222222222,0.486111111111111,0.0,0.0,0.8503968253968254,0.5773809523809523
2026-08-12 12:30:00+05:30,2026-08-12 12:35:00+05:30,2026-08-12 12:35:00+05:30,9,10,1.0,-5.551115123125783e-17,1.0,1.0,2.0,1,5.0,2026-08-12 12:25:00+05:30,1.5555555555555554,0.7777777777777777,0.0,0.0,1.5063492063492063,0.25555555555555554
2026-08-12 12:35:00+05:30,2026-08-12 12:40:00+05:30,2026-08-12 12:40:00+05:30,12,7,0.9999999999999998,-1.3877787807814457e-17,1.0,1.0,2.0,1,5.0,2026-08-12 12:30:00+05:30,0.9166666666666666,0.4583333333333333,0.0,0.0,0.7123015873015873,0.6488095238095236
2026-08-12 12:40:00+05:30,2026-08-12 12:45:00+05:30,2026-08-12 12:45:00+05:30,13,6,1.0,5.551115123125783e-17,1.0,1.0,2.0,1,5.0,2026-08-12 12:35:00+05:30,1.0989010989010988,0.5494505494505494,0.0,0.0,1.0494505494505495,0.47435897435897434
2026-08-12 12:45:00+05:30,2026-08-12 12:50:00+05:30,2026-08-12 12:50:00+05:30,9,10,1.0,-5.551115123125783e-17,1.0,1.0,2.0,1,5.0,2026-08-12 12:40:00+05:30,1.5923076923076924,0.7961538461538462,0.0,0.0,1.4905982905982904,0.2722222222222222
2026-08-12 12:50:00+05:30,2026-08-12 12:55:00+05:30,2026-08-12 12:55:00+05:30,10,9,1.0,5.551115123125783e-17,1.0,1.0,2.0,1,5.0,2026-08-12 12:45:00+05:30,1.2,0.6,0.0,0.0,1.1555555555555557,0.4222222222222223
2026-08-12 12:55:00+05:30,2026-08-12 13:00:00+05:30,2026-08-12 13:00:00+05:30,8,11,0.9999999999999999,-1.3877787807814457e-17,1.0,1.0,2.0,1,5.0,2026-08-12 12:50:00+05:30,0.9545454545454544,0.4772727272727272,0.0,0.0,0.831439393939394,0.5852272727272727
2026-08-12 13:00:00+05:30,2026-08-12 13:05:00+05:30,2026-08-12 13:05:00+05:30,8,11,1.0,-2.7755575615628914e-17,1.0,1.0,2.0,1,5.0,2026-08-12 12:55:00+05:30,0.6477272727272727,0.32386363636363635,0.0,0.0,0.6477272727272727,0.6761363636363635
2026-08-12 13:05:00+05:30,2026-08-12 13:10:00+05:30,2026-08-12 13:10:00+05:30,10,9,1.0000000000000002,4.163336342344337e-17,1.0,1.0,2.0,1,5.0,2026-08-12 13:00:00+05:30,1.3363636363636362,0.6681818181818181,0.0,0.0,1.258459595959596,0.3722222222222222
2026-08-12 13:10:00+05:30,2026-08-12 13:15:00+05:30,2026-08-12 13:15:00+05:30,10,9,1.0000000000000002,4.163336342344337e-17,1.0,1.0,2.0,1,5.0,2026-08-12 13:05:00+05:30,1.0555555555555556,0.5277777777777778,0.0,0.0,1.0555555555555556,0.47222222222222215
2026-08-12 13:15:00+05:30,2026-08-12 13:20:00+05:30,2026-08-12 13:20:00+05:30,11,8,1.0,1.3877787807814457e-17,1.0,1.0,2.0,1,5.0,2026-08-12 13:10:00+05:30,1.6161616161616164,0.8080808080808082,0.0,0.0,1.595580808080808,0.19886363636363635
2026-08-12 13:20:00+05:30,2026-08-12 13:25:00+05:30,2026-08-12 13:25:00+05:30,10,9,1.0000000000000002,4.163336342344337e-17,1.0,1.0,2.0,1,5.0,2026-08-12 13:15:00+05:30,1.6161616161616164,0.8080808080808082,0.0,0.0,1.595580808080808,0.20555555555555555
2026-08-12 13:25:00+05:30,2026-08-12 13:30:00+05:30,2026-08-12 13:30:00+05:30,8,11,1.0,-1.3877787807814457e-17,1.0,1.0,2.0,1,5.0,2026-08-12 13:20:00+05:30,1.3363636363636362,0.6681818181818181,0.0,0.0,1.2584595959595961,0.3693181818181818
2026-08-12 13:30:00+05:30,2026-08-12 13:35:00+05:30,2026-08-12 13:35:00+05:30,8,11,0.9999999999999999,-4.163336342344337e-17,1.0,1.0,2.0,1,5.0,2026-08-12 13:25:00+05:30,1.0795454545454546,0.5397727272727273,0.0,0.0,1.0795454545454546,0.46022727272727276
2026-08-12 13:35:00+05:30,2026-08-12 13:40:00+05:30,2026-08-12 13:40:00+05:30,13,6,1.0,6.938893903907228e-17,1.0,1.0,2.0,1,5.0,2026-08-12 13:30:00+05:30,1.3426573426573427,0.6713286713286714,0.0,0.0,1.1088286713286712,0.4423076923076923
2026-08-12 13:40:00+05:30,2026-08-12 13:45:00+05:30,2026-08-12 13:45:00+05:30,8,11,1.0,-1.3877787807814457e-17,1.0,1.0,2.0,1,5.0,2026-08-12 13:35:00+05:30,1.5104895104895102,0.7552447552447551,0.0,0.0,1.3385780885780885,0.34090909090909094
2026-08-12 13:45:00+05:30,2026-08-12 13:50:00+05:30,2026-08-12 13:50:00+05:30,8,11,1.0,-1.3877787807814457e-17,1.0,1.0,2.0,1,5.0,2026-08-12 13:40:00+05:30,1.2954545454545454,0.6477272727272727,0.0,0.0,1.2954545454545454,0.3522727272727273
2026-08-12 13:50:00+05:30,2026-08-12 13:55:00+05:30,2026-08-12 13:55:00+05:30,8,11,0.9999999999999999,-2.7755575615628914e-17,1.0,1.0,2.0,1,5.0,2026-08-12 13:45:00+05:30,1.0795454545454546,0.5397727272727273,0.0,0.0,1.0795454545454546,0.46022727272727276
2026-08-12 13:55:00+05:30,2026-08-12 14:00:00+05:30,2026-08-12 14:00:00+05:30,12,7,0.9999999999999998,1.3877787807814457e-17,1.0,1.0,2.0,1,5.0,2026-08-12 13:50:00+05:30,1.393939393939394,0.696969696969697,0.0,0.0,1.2326839826839828,0.38095238095238093
2026-08-12 14:00:00+05:30,2026-08-12 14:05:00+05:30,2026-08-12 14:05:00+05:30,8,11,0.9999999999999999,-1.3877787807814457e-17,1.0,1.0,2.0,1,5.0,2026-08-12 13:55:00+05:30,1.5681818181818181,0.7840909090909091,0.0,0.0,1.4537337662337664,0.27840909090909094
2026-08-12 14:05:00+05:30,2026-08-12 14:10:00+05:30,2026-08-12 14:10:00+05:30,10,9,1.0,4.163336342344337e-17,1.0,1.0,2.0,1,5.0,2026-08-12 14:00:00+05:30,1.3363636363636364,0.6681818181818182,0.0,0.0,1.258459595959596,0.37222222222222223
2026-08-12 14:10:00+05:30,2026-08-12 14:15:00+05:30,2026-08-12 14:15:00+05:30,9,10,1.0,-5.551115123125783e-17,1.0,1.0,2.0,1,5.0,2026-08-12 14:05:00+05:30,1.6,0.8,0.0,0.0,1.577777777777778,0.21111111111111108
2026-08-12 14:15:00+05:30,2026-08-12 14:20:00+05:30,2026-08-12 14:20:00+05:30,8,11,1.0,-1.3877787807814457e-17,1.0,1.0,2.0,1,5.0,2026-08-12 14:10:00+05:30,1.2121212121212122,0.6060606060606061,0.0,0.0,1.1685606060606062,0.41477272727272735
2026-08-12 14:20:00+05:30,2026-08-12 14:25:00+05:30,2026-08-12 14:25:00+05:30,9,10,1.0,-4.163336342344337e-17,1.0,1.0,2.0,1,5.0,2026-08-12 14:15:00+05:30,1.2121212121212122,0.6060606060606061,0.0,0.0,1.1685606060606062,0.41666666666666663
2026-08-12 14:25:00+05:30,2026-08-12 14:30:00+05:30,2026-08-12 14:30:00+05:30,5,14,1.0,5.551115123125783e-17,1.0,1.0,2.0,1,5.0,2026-08-12 14:20:00+05:30,1.0952380952380953,0.5476190476190477,0.0,0.0,0.8476190476190477,0.5857142857142857
2026-08-12 14:30:00+05:30,2026-08-12 14:35:00+05:30,2026-08-12 14:35:00+05:30,10,9,1.0000000000000002,4.163336342344337e-17,1.0,1.0,2.0,1,5.0,2026-08-12 14:25:00+05:30,1.3714285714285714,0.6857142857142857,0.0,0.0,1.1523809523809523,0.4333333333333333
2026-08-12 14:35:00+05:30,2026-08-12 14:40:00+05:30,2026-08-12 14:40:00+05:30,11,8,1.0,0.0,1.0,1.0,2.0,1,5.0,2026-08-12 14:30:00+05:30,1.0101010101010102,0.5050505050505051,0.0,0.0,0.9550505050505051,0.5227272727272727
2026-08-12 14:40:00+05:30,2026-08-12 14:45:00+05:30,2026-08-12 14:45:00+05:30,12,7,0.9999999999999998,0.0,1.0,1.0,2.0,1,5.0,2026-08-12 14:35:00+05:30,0.8333333333333333,0.41666666666666663,0.0,0.0,0.7673160173160173,0.619047619047619
2026-08-12 14:45:00+05:30,2026-08-12 14:50:00+05:30,2026-08-12 14:50:00+05:30,9,10,1.0,-5.551115123125783e-17,1.0,1.0,2.0,1,5.0,2026-08-12 14:40:00+05:30,0.9166666666666665,0.45833333333333326,0.0,0.0,0.7123015873015873,0.638888888888889
2026-08-12 14:50:00+05:30,2026-08-12 14:55:00+05:30,2026-08-12 14:55:00+05:30,8,11,1.0,-1.3877787807814457e-17,1.0,1.0,2.0,1,5.0,2026-08-12 14:45:00+05:30,1.2121212121212122,0.6060606060606061,0.0,0.0,1.1685606060606062,0.4147727272727273
2026-08-12 14:55:00+05:30,2026-08-12 15:00:00+05:30,2026-08-12 15:00:00+05:30,9,10,1.0,-5.551115123125783e-17,1.0,1.0,2.0,1,5.0,2026-08-12 14:50:00+05:30,1.0101010101010102,0.5050505050505051,0.0,0.0,0.9550505050505051,0.5222222222222223
2026-08-12 15:00:00+05:30,2026-08-12 15:05:00+05:30,2026-08-12 15:05:00+05:30,11,8,1.0,2.7755575615628914e-17,1.0,1.0,2.0,1,5.0,2026-08-12 14:55:00+05:30,0.9545454545454545,0.47727272727272724,0.0,0.0,0.831439393939394,0.5852272727272727
2026-08-12 15:05:00+05:30,2026-08-12 15:10:00+05:30,2026-08-12 15:10:00+05:30,11,8,1.0,1.3877787807814457e-17,1.0,1.0,2.0,1,5.0,2026-08-12 15:00:00+05:30,1.2954545454545454,0.6477272727272727,0.0,0.0,1.2954545454545454,0.3522727272727273
2026-08-12 15:10:00+05:30,2026-08-12 15:15:00+05:30,2026-08-12 15:15:00+05:30,10,9,1.0,5.551115123125783e-17,1.0,1.0,2.0,1,5.0,2026-08-12 15:05:00+05:30,1.2121212121212122,0.6060606060606061,0.0,0.0,1.1685606060606062,0.41666666666666674
2026-08-12 15:15:00+05:30,2026-08-12 15:20:00+05:30,2026-08-12 15:20:00+05:30,1,3,0.9999999999999999,5.551115123125783e-17,1.0,1.0,2.0,1,5.0,2026-08-12 15:10:00+05:30,1.6777777777777778,0.8388888888888889,0.0,0.788888888888889,0.21666666666666667,0.8333333333333333
2026-08-12 15:20:00+05:30,2026-08-12 15:25:00+05:30,2026-08-12 15:25:00+05:30,2,2,1.0,0.0,1.0,1.0,2.0,1,5.0,2026-08-12 15:15:00+05:30,0.8333333333333334,0.4166666666666667,0.0,0.0,0.41666666666666663,0.75
2026-08-13 09:15:00+05:30,2026-08-13 09:20:00+05:30,2026-08-13 09:20:00+05:30,1,3,0.9999999999999999,2.7755575615628914e-17,1.0,1.0,2.0,1,5.0,2026-08-12 15:20:00+05:30,0.8333333333333334,0.4166666666666667,0.0,0.0,0.41666666666666663,0.8333333333333333
2026-08-13 09:20:00+05:30,2026-08-13 09:25:00+05:30,2026-08-13 09:25:00+05:30,13,6,1.0,5.551115123125783e-17,1.0,1.0,2.0,1,5.0,2026-08-13 09:15:00+05:30,2.0,1.0,0.8012820512820513,0.0,1.1987179487179487,0.0
2026-08-13 09:25:00+05:30,2026-08-13 09:30:00+05:30,2026-08-13 09:30:00+05:30,13,6,1.0,5.551115123125783e-17,1.0,1.0,2.0,1,5.0,2026-08-13 09:20:00+05:30,1.2179487179487178,0.6089743589743589,0.0,0.0,1.2179487179487178,0.391025641025641
2026-08-13 09:30:00+05:30,2026-08-13 09:35:00+05:30,2026-08-13 09:35:00+05:30,9,10,1.0,-5.551115123125783e-17,1.0,1.0,2.0,1,5.0,2026-08-13 09:25:00+05:30,1.0615384615384613,0.5307692307692307,0.0,0.0,0.8085470085470086,0.5888888888888889
2026-08-13 09:35:00+05:30,2026-08-13 09:40:00+05:30,2026-08-13 09:40:00+05:30,8,11,0.9999999999999999,-2.7755575615628914e-17,1.0,1.0,2.0,1,5.0,2026-08-13 09:30:00+05:30,1.2121212121212122,0.6060606060606061,0.0,0.0,1.1685606060606062,0.4147727272727273
2026-08-13 09:40:00+05:30,2026-08-13 09:45:00+05:30,2026-08-13 09:45:00+05:30,8,11,1.0,-2.7755575615628914e-17,1.0,1.0,2.0,1,5.0,2026-08-13 09:35:00+05:30,0.8636363636363635,0.43181818181818177,0.0,0.0,0.8636363636363635,0.5681818181818181
2026-08-13 09:45:00+05:30,2026-08-13 09:50:00+05:30,2026-08-13 09:50:00+05:30,10,9,1.0,5.551115123125783e-17,1.0,1.0,2.0,1,5.0,2026-08-13 09:40:00+05:30,1.1454545454545453,0.5727272727272726,0.0,0.0,1.044949494949495,0.47777777777777775
2026-08-13 09:50:00+05:30,2026-08-13 09:55:00+05:30,2026-08-13 09:55:00+05:30,15,4,0.9999999999999999,-2.7755575615628914e-17,1.0,1.0,2.0,1,5.0,2026-08-13 09:45:00+05:30,1.0666666666666664,0.5333333333333332,0.0,0.0,0.7083333333333333,0.6749999999999999
2026-08-13 09:55:00+05:30,2026-08-13 10:00:00+05:30,2026-08-13 10:00:00+05:30,7,12,0.9999999999999998,0.0,1.0,1.0,2.0,1,5.0,2026-08-13 09:50:00+05:30,1.3499999999999999,0.6749999999999999,0.0,0.0,0.8714285714285713,0.5535714285714285
2026-08-13 10:00:00+05:30,2026-08-13 10:05:00+05:30,2026-08-13 10:05:00+05:30,11,8,0.9999999999999999,1.3877787807814457e-17,1.0,1.0,2.0,1,5.0,2026-08-13 09:55:00+05:30,1.393939393939394,0.696969696969697,0.0,0.0,1.2326839826839828,0.3863636363636364
2026-08-13 10:05:00+05:30,2026-08-13 10:10:00+05:30,2026-08-13 10:10:00+05:30,10,9,1.0,5.551115123125783e-17,1.0,1.0,2.0,1,5.0,2026-08-13 10:00:00+05:30,1.4141414141414141,0.7070707070707071,0.0,0.0,1.382070707070707,0.31111111111111106
2026-08-13 10:10:00+05:30,2026-08-13 10:15:00+05:30,2026-08-13 10:15:00+05:30,10,9,1.0,5.551115123125783e-17,1.0,1.0,2.0,1,5.0,2026-08-13 10:05:00+05:30,0.8444444444444444,0.4222222222222222,0.0,0.0,0.8444444444444444,0.5777777777777778
2026-08-13 10:15:00+05:30,2026-08-13 10:20:00+05:30,2026-08-13 10:20:00+05:30,10,9,1.0,4.163336342344337e-17,1.0,1.0,2.0,1,5.0,2026-08-13 10:10:00+05:30,0.8444444444444444,0.4222222222222222,0.0,0.0,0.8444444444444444,0.5777777777777778
2026-08-13 10:20:00+05:30,2026-08-13 10:25:00+05:30,2026-08-13 10:25:00+05:30,9,10,1.0,-5.551115123125783e-17,1.0,1.0,2.0,1,5.0,2026-08-13 10:15:00+05:30,0.9999999999999999,0.49999999999999994,0.0,0.0,0.9444444444444444,0.5277777777777778
2026-08-13 10:25:00+05:30,2026-08-13 10:30:00+05:30,2026-08-13 10:30:00+05:30,9,10,1.0,-5.551115123125783e-17,1.0,1.0,2.0,1,5.0,2026-08-13 10:20:00+05:30,0.8444444444444443,0.42222222222222217,0.0,0.0,0.8444444444444443,0.5777777777777778
2026-08-13 10:30:00+05:30,2026-08-13 10:35:00+05:30,2026-08-13 10:35:00+05:30,10,9,1.0,5.551115123125783e-17,1.0,1.0,2.0,1,5.0,2026-08-13 10:25:00+05:30,1.2,0.6,0.0,0.0,1.1555555555555557,0.42222222222222217
2026-08-13 10:35:00+05:30,2026-08-13 10:40:00+05:30,2026-08-13 10:40:00+05:30,13,6,1.0,5.551115123125783e-17,1.0,1.0,2.0,1,5.0,2026-08-13 10:30:00+05:30,1.1282051282051282,0.5641025641025641,0.0,0.0,0.964102564102564,0.5192307692307692
2026-08-13 10:40:00+05:30,2026-08-13 10:45:00+05:30,2026-08-13 10:45:00+05:30,13,6,1.0000000000000002,5.551115123125783e-17,1.0,1.0,2.0,1,5.0,2026-08-13 10:35:00+05:30,1.2179487179487178,0.6089743589743589,0.0,0.0,1.2179487179487178,0.391025641025641
2026-08-13 10:45:00+05:30,2026-08-13 10:50:00+05:30,2026-08-13 10:50:00+05:30,10,9,1.0000000000000002,4.163336342344337e-17,1.0,1.0,2.0,1,5.0,2026-08-13 10:40:00+05:30,1.316239316239316,0.658119658119658,0.0,0.0,1.1914529914529914,0.41111111111111104
2026-08-13 10:50:00+05:30,2026-08-13 10:55:00+05:30,2026-08-13 10:55:00+05:30,11,8,1.0,2.7755575615628914e-17,1.0,1.0,2.0,1,5.0,2026-08-13 10:45:00+05:30,1.2121212121212124,0.6060606060606062,0.0,0.0,1.1685606060606062,0.4147727272727273
2026-08-13 10:55:00+05:30,2026-08-13 11:00:00+05:30,2026-08-13 11:00:00+05:30,9,10,1.0,-6.938893903907228e-17,1.0,1.0,2.0,1,5.0,2026-08-13 10:50:00+05:30,1.7181818181818183,0.8590909090909091,0.0,0.0,1.685479797979798,0.1611111111111111
2026-08-13 11:00:00+05:30,2026-08-13 11:05:00+05:30,2026-08-13 11:05:00+05:30,11,8,1.0,2.7755575615628914e-17,1.0,1.0,2.0,1,5.0,2026-08-13 10:55:00+05:30,0.7636363636363634,0.3818181818181817,0.0,0.0,0.617929292929293,0.6931818181818181
2026-08-13 11:05:00+05:30,2026-08-13 11:10:00+05:30,2026-08-13 11:10:00+05:30,12,7,0.9999999999999998,0.0,1.0,1.0,2.0,1,5.0,2026-08-13 11:00:00+05:30,1.4583333333333333,0.7291666666666666,0.0,0.0,1.4304653679653678,0.27976190476190477
2026-08-13 11:10:00+05:30,2026-08-13 11:15:00+05:30,2026-08-13 11:15:00+05:30,6,13,1.0,-5.551115123125783e-17,1.0,1.0,2.0,1,5.0,2026-08-13 11:05:00+05:30,1.282051282051282,0.641025641025641,0.0,0.0,0.9505494505494505,0.5256410256410257
2026-08-13 11:15:00+05:30,2026-08-13 11:20:00+05:30,2026-08-13 11:20:00+05:30,11,8,0.9999999999999999,2.7755575615628914e-17,1.0,1.0,2.0,1,5.0,2026-08-13 11:10:00+05:30,1.1748251748251748,0.5874125874125874,0.0,0.0,0.879079254079254,0.5568181818181818
2026-08-13 11:20:00+05:30,2026-08-13 11:25:00+05:30,2026-08-13 11:25:00+05:30,12,7,0.9999999999999998,0.0,1.0,1.0,2.0,1,5.0,2026-08-13 11:15:00+05:30,1.0416666666666665,0.5208333333333333,0.0,0.0,0.9883658008658008,0.5059523809523809
2026-08-13 11:25:00+05:30,2026-08-13 11:30:00+05:30,2026-08-13 11:30:00+05:30,15,4,0.9999999999999999,-4.163336342344337e-17,1.0,1.0,2.0,1,5.0,2026-08-13 11:20:00+05:30,1.2571428571428571,0.6285714285714286,0.0,0.0,1.1285714285714286,0.425
2026-08-13 11:30:00+05:30,2026-08-13 11:35:00+05:30,2026-08-13 11:35:00+05:30,17,2,1.0,3.469446951953614e-17,1.0,1.0,2.0,1,5.0,2026-08-13 11:25:00+05:30,0.9264705882352939,0.46323529411764697,0.0,0.0,0.7465686274509804,0.6617647058823529
2026-08-13 11:35:00+05:30,2026-08-13 11:40:00+05:30,2026-08-13 11:40:00+05:30,9,10,1.0,-4.163336342344337e-17,1.0,1.0,2.0,1,5.0,2026-08-13 11:30:00+05:30,1.4294117647058822,0.7147058823529411,0.0,0.0,1.0202614379084967,0.49444444444444446
2026-08-13 11:40:00+05:30,2026-08-13 11:45:00+05:30,2026-08-13 11:45:00+05:30,7,12,0.9999999999999998,1.3877787807814457e-17,1.0,1.0,2.0,1,5.0,2026-08-13 11:35:00+05:30,1.1666666666666665,0.5833333333333333,0.0,0.0,1.069047619047619,0.4642857142857143
2026-08-13 11:45:00+05:30,2026-08-13 11:50:00+05:30,2026-08-13 11:50:00+05:30,11,8,0.9999999999999999,4.163336342344337e-17,1.0,1.0,2.0,1,5.0,2026-08-13 11:40:00+05:30,1.5681818181818181,0.7840909090909091,0.0,0.0,1.4537337662337664,0.27840909090909094
2026-08-13 11:50:00+05:30,2026-08-13 11:55:00+05:30,2026-08-13 11:55:00+05:30,12,7,0.9999999999999998,0.0,1.0,1.0,2.0,1,5.0,2026-08-13 11:45:00+05:30,0.8333333333333334,0.4166666666666667,0.0,0.0,0.7673160173160173,0.6190476190476188
2026-08-13 11:55:00+05:30,2026-08-13 12:00:00+05:30,2026-08-13 12:00:00+05:30,11,8,1.0,1.3877787807814457e-17,1.0,1.0,2.0,1,5.0,2026-08-13 11:50:00+05:30,1.25,0.625,0.0,0.0,1.2094155844155843,0.39772727272727276
2026-08-13 12:00:00+05:30,2026-08-13 12:05:00+05:30,2026-08-13 12:05:00+05:30,8,11,1.0,0.0,1.0,1.0,2.0,1,5.0,2026-08-13 11:55:00+05:30,1.090909090909091,0.5454545454545455,0.0,0.0,0.9204545454545454,0.5397727272727273
2026-08-13 12:05:00+05:30,2026-08-13 12:10:00+05:30,2026-08-13 12:10:00+05:30,10,9,1.0,5.551115123125783e-17,1.0,1.0,2.0,1,5.0,2026-08-13 12:00:00+05:30,1.5272727272727271,0.7636363636363636,0.0,0.0,1.4719696969696972,0.26666666666666666
2026-08-13 12:10:00+05:30,2026-08-13 12:15:00+05:30,2026-08-13 12:15:00+05:30,4,15,0.9999999999999999,4.163336342344337e-17,1.0,1.0,2.0,1,5.0,2026-08-13 12:05:00+05:30,1.4999999999999998,0.7499999999999999,0.0,0.0,1.2916666666666665,0.32499999999999996
2026-08-13 12:15:00+05:30,2026-08-13 12:20:00+05:30,2026-08-13 12:20:00+05:30,9,10,1.0,-5.551115123125783e-17,1.0,1.0,2.0,1,5.0,2026-08-13 12:10:00+05:30,1.4222222222222216,0.7111111111111108,0.0,0.0,1.2361111111111107,0.4055555555555555
2026-08-13 12:20:00+05:30,2026-08-13 12:25:00+05:30,2026-08-13 12:25:00+05:30,10,9,1.0,5.551115123125783e-17,1.0,1.0,2.0,1,5.0,2026-08-13 12:15:00+05:30,1.4,0.7,0.0,0.0,1.3666666666666667,0.31666666666666665
2026-08-13 12:25:00+05:30,2026-08-13 12:30:00+05:30,2026-08-13 12:30:00+05:30,9,10,1.0,-5.551115123125783e-17,1.0,1.0,2.0,1,5.0,2026-08-13 12:20:00+05:30,0.7999999999999999,0.39999999999999997,0.0,0.0,0.7333333333333333,0.6333333333333334
2026-08-13 12:30:00+05:30,2026-08-13 12:35:00+05:30,2026-08-13 12:35:00+05:30,11,8,1.0,1.3877787807814457e-17,1.0,1.0,2.0,1,5.0,2026-08-13 12:25:00+05:30,1.5272727272727273,0.7636363636363637,0.0,0.0,1.4719696969696972,0.26136363636363635
2026-08-13 12:35:00+05:30,2026-08-13 12:40:00+05:30,2026-08-13 12:40:00+05:30,6,13,1.0,-5.551115123125783e-17,1.0,1.0,2.0,1,5.0,2026-08-13 12:30:00+05:30,1.5104895104895102,0.7552447552447551,0.0,0.0,1.3385780885780885,0.3205128205128205
2026-08-13 12:40:00+05:30,2026-08-13 12:45:00+05:30,2026-08-13 12:45:00+05:30,8,11,1.0,-1.3877787807814457e-17,1.0,1.0,2.0,1,5.0,2026-08-13 12:35:00+05:30,0.8076923076923077,0.40384615384615385,0.0,0.0,0.6614219114219114,0.659090909090909
2026-08-13 12:45:00+05:30,2026-08-13 12:50:00+05:30,2026-08-13 12:50:00+05:30,6,13,0.9999999999999999,-5.551115123125783e-17,1.0,1.0,2.0,1,5.0,2026-08-13 12:40:00+05:30,1.211538461538462,0.605769230769231,0.0,0.0,1.120920745920746,0.4358974358974359
2026-08-13 12:50:00+05:30,2026-08-13 12:55:00+05:30,2026-08-13 12:55:00+05:30,12,7,0.9999999999999998,0.0,1.0,1.0,2.0,1,5.0,2026-08-13 12:45:00+05:30,1.442307692307692,0.721153846153846,0.0,0.0,1.1854395604395602,0.4107142857142857
2026-08-13 12:55:00+05:30,2026-08-13 13:00:00+05:30,2026-08-13 13:00:00+05:30,10,9,1.0,4.163336342344337e-17,1.0,1.0,2.0,1,5.0,2026-08-13 12:50:00+05:30,1.3611111111111112,0.6805555555555556,0.0,0.0,1.2876984126984126,0.3611111111111111
2026-08-13 13:00:00+05:30,2026-08-13 13:05:00+05:30,2026-08-13 13:05:00+05:30,9,10,1.0,-5.551115123125783e-17,1.0,1.0,2.0,1,5.0,2026-08-13 12:55:00+05:30,0.9999999999999999,0.49999999999999994,0.0,0.0,0.9444444444444444,0.5277777777777779
2026-08-13 13:05:00+05:30,2026-08-13 13:10:00+05:30,2026-08-13 13:10:00+05:30,9,10,1.0,-5.551115123125783e-17,1.0,1.0,2.0,1,5.0,2026-08-13 13:00:00+05:30,0.8444444444444443,0.42222222222222217,0.0,0.0,0.8444444444444443,0.5777777777777777
2026-08-13 13:10:00+05:30,2026-08-13 13:15:00+05:30,2026-08-13 13:15:00+05:30,9,10,1.0,-5.551115123125783e-17,1.0,1.0,2.0,1,5.0,2026-08-13 13:05:00+05:30,1.4777777777777779,0.7388888888888889,0.0,0.0,1.4777777777777779,0.26111111111111107
2026-08-13 13:15:00+05:30,2026-08-13 13:20:00+05:30,2026-08-13 13:20:00+05:30,9,10,1.0,-5.551115123125783e-17,1.0,1.0,2.0,1,5.0,2026-08-13 13:10:00+05:30,1.2666666666666668,0.6333333333333334,0.0,0.0,1.2666666666666668,0.3666666666666667
2026-08-13 13:20:00+05:30,2026-08-13 13:25:00+05:30,2026-08-13 13:25:00+05:30,8,11,0.9999999999999999,-4.163336342344337e-17,1.0,1.0,2.0,1,5.0,2026-08-13 13:15:00+05:30,1.0101010101010102,0.5050505050505051,0.0,0.0,0.955050505050505,0.5227272727272727
2026-08-13 13:25:00+05:30,2026-08-13 13:30:00+05:30,2026-08-13 13:30:00+05:30,10,9,1.0,5.551115123125783e-17,1.0,1.0,2.0,1,5.0,2026-08-13 13:20:00+05:30,0.9545454545454544,0.4772727272727272,0.0,0.0,0.831439393939394,0.5833333333333333
2026-08-13 13:30:00+05:30,2026-08-13 13:35:00+05:30,2026-08-13 13:35:00+05:30,10,9,1.0000000000000002,4.163336342344337e-17,1.0,1.0,2.0,1,5.0,2026-08-13 13:25:00+05:30,1.0555555555555556,0.5277777777777778,0.0,0.0,1.0555555555555556,0.4722222222222222
2026-08-13 13:35:00+05:30,2026-08-13 13:40:00+05:30,2026-08-13 13:40:00+05:30,12,7,0.9999999999999998,0.0,1.0,1.0,2.0,1,5.0,2026-08-13 13:30:00+05:30,0.9722222222222222,0.4861111111111111,0.0,0.0,0.8503968253968254,0.5773809523809522
2026-08-13 13:40:00+05:30,2026-08-13 13:45:00+05:30,2026-08-13 13:45:00+05:30,11,8,1.0,2.7755575615628914e-17,1.0,1.0,2.0,1,5.0,2026-08-13 13:35:00+05:30,1.25,0.625,0.0,0.0,1.2094155844155843,0.39772727272727276
2026-08-13 13:45:00+05:30,2026-08-13 13:50:00+05:30,2026-08-13 13:50:00+05:30,10,9,1.0,4.163336342344337e-17,1.0,1.0,2.0,1,5.0,2026-08-13 13:40:00+05:30,1.0101010101010102,0.5050505050505051,0.0,0.0,0.955050505050505,0.5222222222222221
2026-08-13 13:50:00+05:30,2026-08-13 13:55:00+05:30,2026-08-13 13:55:00+05:30,8,11,1.0,-1.3877787807814457e-17,1.0,1.0,2.0,1,5.0,2026-08-13 13:45:00+05:30,1.3363636363636364,0.6681818181818182,0.0,0.0,1.2584595959595961,0.3693181818181818
2026-08-13 13:55:00+05:30,2026-08-13 14:00:00+05:30,2026-08-13 14:00:00+05:30,11,8,1.0,2.7755575615628914e-17,1.0,1.0,2.0,1,5.0,2026-08-13 13:50:00+05:30,1.4545454545454546,0.7272727272727273,0.0,0.0,1.3522727272727273,0.3238636363636364
2026-08-13 14:00:00+05:30,2026-08-13 14:05:00+05:30,2026-08-13 14:05:00+05:30,9,10,1.0,-4.163336342344337e-17,1.0,1.0,2.0,1,5.0,2026-08-13 13:55:00+05:30,0.9545454545454544,0.4772727272727272,0.0,0.0,0.831439393939394,0.5833333333333334
2026-08-13 14:05:00+05:30,2026-08-13 14:10:00+05:30,2026-08-13 14:10:00+05:30,7,12,0.9999999999999998,1.3877787807814457e-17,1.0,1.0,2.0,1,5.0,2026-08-13 14:00:00+05:30,0.9722222222222221,0.48611111111111105,0.0,0.0,0.8503968253968254,0.5773809523809523
2026-08-13 14:10:00+05:30,2026-08-13 14:15:00+05:30,2026-08-13 14:15:00+05:30,10,9,1.0,5.551115123125783e-17,1.0,1.0,2.0,1,5.0,2026-08-13 14:05:00+05:30,1.2833333333333332,0.6416666666666666,0.0,0.0,1.1496031746031745,0.4277777777777778
2026-08-13 14:15:00+05:30,2026-08-13 14:20:00+05:30,2026-08-13 14:20:00+05:30,8,11,1.0,-2.7755575615628914e-17,1.0,1.0,2.0,1,5.0,2026-08-13 14:10:00+05:30,1.1454545454545455,0.5727272727272728,0.0,0.0,1.044949494949495,0.4772727272727273
2026-08-13 14:20:00+05:30,2026-08-13 14:25:00+05:30,2026-08-13 14:25:00+05:30,11,8,0.9999999999999999,4.163336342344337e-17,1.0,1.0,2.0,1,5.0,2026-08-13 14:15:00+05:30,1.2727272727272725,0.6363636363636362,0.0,0.0,1.1363636363636362,0.4318181818181818
2026-08-13 14:25:00+05:30,2026-08-13 14:30:00+05:30,2026-08-13 14:30:00+05:30,9,10,1.0,-5.551115123125783e-17,1.0,1.0,2.0,1,5.0,2026-08-13 14:20:00+05:30,1.1454545454545453,0.5727272727272726,0.0,0.0,1.044949494949495,0.47777777777777775
2026-08-13 14:30:00+05:30,2026-08-13 14:35:00+05:30,2026-08-13 14:35:00+05:30,10,9,1.0,5.551115123125783e-17,1.0,1.0,2.0,1,5.0,2026-08-13 14:25:00+05:30,1.4000000000000001,0.7000000000000001,0.0,0.0,1.366666666666667,0.31666666666666665
2026-08-13 14:35:00+05:30,2026-08-13 14:40:00+05:30,2026-08-13 14:40:00+05:30,13,6,0.9999999999999999,5.551115123125783e-17,1.0,1.0,2.0,1,5.0,2026-08-13 14:30:00+05:30,1.3162393162393164,0.6581196581196582,0.0,0.0,1.1914529914529917,0.39743589743589747
2026-08-13 14:40:00+05:30,2026-08-13 14:45:00+05:30,2026-08-13 14:45:00+05:30,9,10,1.0,-4.163336342344337e-17,1.0,1.0,2.0,1,5.0,2026-08-13 14:35:00+05:30,1.2384615384615383,0.6192307692307691,0.0,0.0,1.035897435897436,0.4833333333333334
2026-08-13 14:45:00+05:30,2026-08-13 14:50:00+05:30,2026-08-13 14:50:00+05:30,9,10,1.0,-5.551115123125783e-17,1.0,1.0,2.0,1,5.0,2026-08-13 14:40:00+05:30,1.4777777777777779,0.7388888888888889,0.0,0.0,1.4777777777777779,0.26111111111111107
2026-08-13 14:50:00+05:30,2026-08-13 14:55:00+05:30,2026-08-13 14:55:00+05:30,12,7,0.9999999999999998,-1.3877787807814457e-17,1.0,1.0,2.0,1,5.0,2026-08-13 14:45:00+05:30,1.6500000000000004,0.8250000000000002,0.0,0.0,1.586904761904762,0.19642857142857142
2026-08-13 14:55:00+05:30,2026-08-13 15:00:00+05:30,2026-08-13 15:00:00+05:30,9,10,1.0,-5.551115123125783e-17,1.0,1.0,2.0,1,5.0,2026-08-13 14:50:00+05:30,1.2833333333333332,0.6416666666666666,0.0,0.0,1.1496031746031745,0.4277777777777778
2026-08-13 15:00:00+05:30,2026-08-13 15:05:00+05:30,2026-08-13 15:05:00+05:30,12,7,0.9999999999999998,-1.3877787807814457e-17,1.0,1.0,2.0,1,5.0,2026-08-13 14:55:00+05:30,1.1,0.55,0.0,0.0,0.930952380952381,0.5357142857142857
2026-08-13 15:05:00+05:30,2026-08-13 15:10:00+05:30,2026-08-13 15:10:00+05:30,8,11,1.0,-2.7755575615628914e-17,1.0,1.0,2.0,1,5.0,2026-08-13 15:00:00+05:30,1.2196969696969695,0.6098484848484848,0.0,0.0,1.0116341991341993,0.4943181818181819
2026-08-13 15:10:00+05:30,2026-08-13 15:15:00+05:30,2026-08-13 15:15:00+05:30,10,9,1.0,5.551115123125783e-17,1.0,1.0,2.0,1,5.0,2026-08-13 15:05:00+05:30,1.3363636363636364,0.6681818181818182,0.0,0.0,1.2584595959595961,0.3722222222222222
2026-08-13 15:15:00+05:30,2026-08-13 15:20:00+05:30,2026-08-13 15:20:00+05:30,2,2,1.0,0.0,1.0,1.0,2.0,1,5.0,2026-08-13 15:10:00+05:30,1.6888888888888889,0.8444444444444444,0.0,0.7944444444444445,0.3,0.75
2026-08-13 15:20:00+05:30,2026-08-13 15:25:00+05:30,2026-08-13 15:25:00+05:30,2,2,1.0,0.0,1.0,1.0,2.0,1,5.0,2026-08-13 15:15:00+05:30,1.0,0.5,0.0,0.0,1.0,0.5
2026-08-14 09:15:00+05:30,2026-08-14 09:20:00+05:30,2026-08-14 09:20:00+05:30,1,3,0.9999999999999999,5.551115123125783e-17,1.0,1.0,2.0,1,5.0,2026-08-13 15:20:00+05:30,1.6666666666666665,0.8333333333333333,0.0,0.0,1.583333333333333,0.16666666666666666
2026-08-14 09:20:00+05:30,2026-08-14 09:25:00+05:30,2026-08-14 09:25:00+05:30,9,10,1.0,-5.551115123125783e-17,1.0,1.0,2.0,1,5.0,2026-08-14 09:15:00+05:30,1.788888888888889,0.8944444444444445,0.7833333333333334,0.0,0.4444444444444444,0.10555555555555556
2026-08-14 09:25:00+05:30,2026-08-14 09:30:00+05:30,2026-08-14 09:30:00+05:30,6,13,1.0,-4.163336342344337e-17,1.0,1.0,2.0,1,5.0,2026-08-14 09:20:00+05:30,0.94017094017094,0.47008547008547,0.0,0.0,0.7367521367521367,0.641025641025641
2026-08-14 09:30:00+05:30,2026-08-14 09:35:00+05:30,2026-08-14 09:35:00+05:30,7,12,0.9999999999999998,0.0,1.0,1.0,2.0,1,5.0,2026-08-14 09:25:00+05:30,0.6593406593406592,0.3296703296703296,0.0,0.0,0.5796703296703296,0.7023809523809522
2026-08-14 09:35:00+05:30,2026-08-14 09:40:00+05:30,2026-08-14 09:40:00+05:30,12,7,0.9999999999999998,0.0,1.0,1.0,2.0,1,5.0,2026-08-14 09:30:00+05:30,1.1666666666666665,0.5833333333333333,0.0,0.0,0.8690476190476188,0.5654761904761904
2026-08-14 09:40:00+05:30,2026-08-14 09:45:00+05:30,2026-08-14 09:45:00+05:30,8,11,1.0,0.0,1.0,1.0,2.0,1,5.0,2026-08-14 09:35:00+05:30,1.3939393939393938,0.6969696969696969,0.0,0.0,1.2326839826839828,0.3863636363636364
2026-08-14 09:45:00+05:30,2026-08-14 09:50:00+05:30,2026-08-14 09:50:00+05:30,10,9,1.0,4.163336342344337e-17,1.0,1.0,2.0,1,5.0,2026-08-14 09:40:00+05:30,0.7636363636363634,0.3818181818181817,0.0,0.0,0.617929292929293,0.688888888888889
2026-08-14 09:50:00+05:30,2026-08-14 09:55:00+05:30,2026-08-14 09:55:00+05:30,10,9,1.0,4.163336342344337e-17,1.0,1.0,2.0,1,5.0,2026-08-14 09:45:00+05:30,1.2666666666666668,0.6333333333333334,0.0,0.0,1.2666666666666668,0.36666666666666664
2026-08-14 09:55:00+05:30,2026-08-14 10:00:00+05:30,2026-08-14 10:00:00+05:30,12,7,0.9999999999999998,0.0,1.0,1.0,2.0,1,5.0,2026-08-14 09:50:00+05:30,1.3611111111111112,0.6805555555555556,0.0,0.0,1.2876984126984126,0.35119047619047616
2026-08-14 10:00:00+05:30,2026-08-14 10:05:00+05:30,2026-08-14 10:05:00+05:30,9,10,1.0,-5.551115123125783e-17,1.0,1.0,2.0,1,5.0,2026-08-14 09:55:00+05:30,1.2833333333333332,0.6416666666666666,0.0,0.0,1.1496031746031745,0.42777777777777776
2026-08-14 10:05:00+05:30,2026-08-14 10:10:00+05:30,2026-08-14 10:10:00+05:30,9,10,1.0,-4.163336342344337e-17,1.0,1.0,2.0,1,5.0,2026-08-14 10:00:00+05:30,1.2666666666666668,0.6333333333333334,0.0,0.0,1.2666666666666668,0.3666666666666667
2026-08-14 10:10:00+05:30,2026-08-14 10:15:00+05:30,2026-08-14 10:15:00+05:30,9,10,1.0,-5.551115123125783e-17,1.0,1.0,2.0,1,5.0,2026-08-14 10:05:00+05:30,0.8444444444444444,0.4222222222222222,0.0,0.0,0.8444444444444444,0.5777777777777778
2026-08-14 10:15:00+05:30,2026-08-14 10:20:00+05:30,2026-08-14 10:20:00+05:30,10,9,1.0,5.551115123125783e-17,1.0,1.0,2.0,1,5.0,2026-08-14 10:10:00+05:30,1.4000000000000004,0.7000000000000002,0.0,0.0,1.366666666666667,0.31666666666666665
2026-08-14 10:20:00+05:30,2026-08-14 10:25:00+05:30,2026-08-14 10:25:00+05:30,10,9,1.0000000000000002,4.163336342344337e-17,1.0,1.0,2.0,1,5.0,2026-08-14 10:15:00+05:30,0.8444444444444444,0.4222222222222222,0.0,0.0,0.8444444444444444,0.5777777777777778
2026-08-14 10:25:00+05:30,2026-08-14 10:30:00+05:30,2026-08-14 10:30:00+05:30,7,12,0.9999999999999998,0.0,1.0,1.0,2.0,1,5.0,2026-08-14 10:20:00+05:30,1.2833333333333332,0.6416666666666666,0.0,0.0,1.1496031746031745,0.42261904761904756
2026-08-14 10:30:00+05:30,2026-08-14 10:35:00+05:30,2026-08-14 10:35:00+05:30,8,11,1.0,-1.3877787807814457e-17,1.0,1.0,2.0,1,5.0,2026-08-14 10:25:00+05:30,1.0416666666666667,0.5208333333333334,0.0,0.0,0.9883658008658007,0.5056818181818182
2026-08-14 10:35:00+05:30,2026-08-14 10:40:00+05:30,2026-08-14 10:40:00+05:30,9,10,1.0,-5.551115123125783e-17,1.0,1.0,2.0,1,5.0,2026-08-14 10:30:00+05:30,1.01010101010101,0.505050505050505,0.0,0.0,0.9550505050505051,0.5222222222222223
2026-08-14 10:40:00+05:30,2026-08-14 10:45:00+05:30,2026-08-14 10:45:00+05:30,12,7,0.9999999999999998,0.0,1.0,1.0,2.0,1,5.0,2026-08-14 10:35:00+05:30,1.0999999999999996,0.5499999999999998,0.0,0.0,0.930952380952381,0.5357142857142857
2026-08-14 10:45:00+05:30,2026-08-14 10:50:00+05:30,2026-08-14 10:50:00+05:30,14,5,1.0,-5.551115123125783e-17,1.0,1.0,2.0,1,5.0,2026-08-14 10:40:00+05:30,0.6428571428571428,0.3214285714285714,0.0,0.0,0.4630952380952381,0.7928571428571428
2026-08-14 10:50:00+05:30,2026-08-14 10:55:00+05:30,2026-08-14 10:55:00+05:30,7,12,0.9999999999999998,0.0,1.0,1.0,2.0,1,5.0,2026-08-14 10:45:00+05:30,1.0833333333333335,0.5416666666666667,0.0,0.0,0.5416666666666667,0.7083333333333331
2026-08-14 10:55:00+05:30,2026-08-14 11:00:00+05:30,2026-08-14 11:00:00+05:30,5,14,1.0,6.938893903907228e-17,1.0,1.0,2.0,1,5.0,2026-08-14 10:50:00+05:30,0.8571428571428571,0.42857142857142855,0.0,0.0,0.7119047619047619,0.6571428571428571
2026-08-14 11:00:00+05:30,2026-08-14 11:05:00+05:30,2026-08-14 11:05:00+05:30,12,7,0.9999999999999998,0.0,1.0,1.0,2.0,1,5.0,2026-08-14 10:55:00+05:30,1.7023809523809526,0.8511904761904763,0.0,0.0,1.5369047619047618,0.25595238095238093
2026-08-14 11:05:00+05:30,2026-08-14 11:10:00+05:30,2026-08-14 11:10:00+05:30,10,9,1.0,4.163336342344337e-17,1.0,1.0,2.0,1,5.0,2026-08-14 11:00:00+05:30,1.1666666666666665,0.5833333333333333,0.0,0.0,1.069047619047619,0.4666666666666666
2026-08-14 11:10:00+05:30,2026-08-14 11:15:00+05:30,2026-08-14 11:15:00+05:30,9,10,1.0000000000000002,-4.163336342344337e-17,1.0,1.0,2.0,1,5.0,2026-08-14 11:05:00+05:30,1.4000000000000004,0.7000000000000002,0.0,0.0,1.366666666666667,0.31666666666666665
2026-08-14 11:15:00+05:30,2026-08-14 11:20:00+05:30,2026-08-14 11:20:00+05:30,11,8,0.9999999999999999,1.3877787807814457e-17,1.0,1.0,2.0,1,5.0,2026-08-14 11:10:00+05:30,1.1454545454545453,0.5727272727272726,0.0,0.0,1.044949494949495,0.4772727272727273
2026-08-14 11:20:00+05:30,2026-08-14 11:25:00+05:30,2026-08-14 11:25:00+05:30,11,8,1.0,4.163336342344337e-17,1.0,1.0,2.0,1,5.0,2026-08-14 11:15:00+05:30,1.0795454545454546,0.5397727272727273,0.0,0.0,1.0795454545454546,0.46022727272727276
2026-08-14 11:25:00+05:30,2026-08-14 11:30:00+05:30,2026-08-14 11:30:00+05:30,8,11,0.9999999999999999,-1.3877787807814457e-17,1.0,1.0,2.0,1,5.0,2026-08-14 11:20:00+05:30,1.4545454545454546,0.7272727272727273,0.0,0.0,1.352272727272727,0.3238636363636364
2026-08-14 11:30:00+05:30,2026-08-14 11:35:00+05:30,2026-08-14 11:35:00+05:30,7,12,0.9999999999999998,1.3877787807814457e-17,1.0,1.0,2.0,1,5.0,2026-08-14 11:25:00+05:30,0.8333333333333334,0.4166666666666667,0.0,0.0,0.7673160173160173,0.6190476190476188
2026-08-14 11:35:00+05:30,2026-08-14 11:40:00+05:30,2026-08-14 11:40:00+05:30,8,11,0.9999999999999999,-2.7755575615628914e-17,1.0,1.0,2.0,1,5.0,2026-08-14 11:30:00+05:30,1.4583333333333335,0.7291666666666667,0.0,0.0,1.4304653679653678,0.2897727272727273
2026-08-14 11:40:00+05:30,2026-08-14 11:45:00+05:30,2026-08-14 11:45:00+05:30,12,7,0.9999999999999998,0.0,1.0,1.0,2.0,1,5.0,2026-08-14 11:35:00+05:30,1.0454545454545456,0.5227272727272728,0.0,0.0,0.7905844155844156,0.607142857142857
2026-08-14 11:45:00+05:30,2026-08-14 11:50:00+05:30,2026-08-14 11:50:00+05:30,6,13,1.0000000000000002,-5.551115123125783e-17,1.0,1.0,2.0,1,5.0,2026-08-14 11:40:00+05:30,1.1217948717948718,0.5608974358974359,0.0,0.0,0.7156593406593407,0.6474358974358974
2026-08-14 11:50:00+05:30,2026-08-14 11:55:00+05:30,2026-08-14 11:55:00+05:30,11,8,1.0,1.3877787807814457e-17,1.0,1.0,2.0,1,5.0,2026-08-14 11:45:00+05:30,1.5104895104895102,0.7552447552447551,0.0,0.0,1.3385780885780885,0.34090909090909094
2026-08-14 11:55:00+05:30,2026-08-14 12:00:00+05:30,2026-08-14 12:00:00+05:30,11,8,1.0,1.3877787807814457e-17,1.0,1.0,2.0,1,5.0,2026-08-14 11:50:00+05:30,1.5113636363636362,0.7556818181818181,0.0,0.0,1.5113636363636362,0.24431818181818182
2026-08-14 12:00:00+05:30,2026-08-14 12:05:00+05:30,2026-08-14 12:05:00+05:30,12,7,0.9999999999999998,0.0,1.0,1.0,2.0,1,5.0,2026-08-14 11:55:00+05:30,1.4583333333333333,0.7291666666666666,0.0,0.0,1.4304653679653678,0.27976190476190477
2026-08-14 12:05:00+05:30,2026-08-14 12:10:00+05:30,2026-08-14 12:10:00+05:30,12,7,0.9999999999999998,0.0,1.0,1.0,2.0,1,5.0,2026-08-14 12:00:00+05:30,1.3571428571428572,0.6785714285714286,0.0,0.0,1.3571428571428572,0.3214285714285714
2026-08-14 12:10:00+05:30,2026-08-14 12:15:00+05:30,2026-08-14 12:15:00+05:30,13,6,1.0000000000000002,5.551115123125783e-17,1.0,1.0,2.0,1,5.0,2026-08-14 12:05:00+05:30,1.0989010989010988,0.5494505494505494,0.0,0.0,1.0494505494505495,0.4743589743589744
2026-08-14 12:15:00+05:30,2026-08-14 12:20:00+05:30,2026-08-14 12:20:00+05:30,10,9,1.0,4.163336342344337e-17,1.0,1.0,2.0,1,5.0,2026-08-14 12:10:00+05:30,1.1282051282051282,0.5641025641025641,0.0,0.0,0.9641025641025641,0.5166666666666667
2026-08-14 12:20:00+05:30,2026-08-14 12:25:00+05:30,2026-08-14 12:25:00+05:30,10,9,1.0000000000000002,4.163336342344337e-17,1.0,1.0,2.0,1,5.0,2026-08-14 12:15:00+05:30,1.2666666666666668,0.6333333333333334,0.0,0.0,1.2666666666666668,0.36666666666666664
2026-08-14 12:25:00+05:30,2026-08-14 12:30:00+05:30,2026-08-14 12:30:00+05:30,7,12,0.9999999999999998,0.0,1.0,1.0,2.0,1,5.0,2026-08-14 12:20:00+05:30,1.2833333333333332,0.6416666666666666,0.0,0.0,1.1496031746031745,0.42261904761904756
2026-08-14 12:30:00+05:30,2026-08-14 12:35:00+05:30,2026-08-14 12:35:00+05:30,6,13,1.0000000000000002,-5.551115123125783e-17,1.0,1.0,2.0,1,5.0,2026-08-14 12:25:00+05:30,0.8791208791208791,0.43956043956043955,0.0,0.0,0.8145604395604396,0.5961538461538461
2026-08-14 12:35:00+05:30,2026-08-14 12:40:00+05:30,2026-08-14 12:40:00+05:30,10,9,1.0,5.551115123125783e-17,1.0,1.0,2.0,1,5.0,2026-08-14 12:30:00+05:30,1.4153846153846152,0.7076923076923076,0.0,0.0,1.2632478632478632,0.37777777777777777
2026-08-14 12:40:00+05:30,2026-08-14 12:45:00+05:30,2026-08-14 12:45:00+05:30,11,8,1.0,2.7755575615628914e-17,1.0,1.0,2.0,1,5.0,2026-08-14 12:35:00+05:30,0.8080808080808081,0.40404040404040403,0.0,0.0,0.7415404040404041,0.6306818181818181
2026-08-14 12:45:00+05:30,2026-08-14 12:50:00+05:30,2026-08-14 12:50:00+05:30,9,10,1.0,-5.551115123125783e-17,1.0,1.0,2.0,1,5.0,2026-08-14 12:40:00+05:30,0.7636363636363634,0.3818181818181817,0.0,0.0,0.617929292929293,0.688888888888889
2026-08-14 12:50:00+05:30,2026-08-14 12:55:00+05:30,2026-08-14 12:55:00+05:30,7,12,0.9999999999999998,1.3877787807814457e-17,1.0,1.0,2.0,1,5.0,2026-08-14 12:45:00+05:30,1.5555555555555554,0.7777777777777777,0.0,0.0,1.5063492063492063,0.23809523809523805
2026-08-14 12:55:00+05:30,2026-08-14 13:00:00+05:30,2026-08-14 13:00:00+05:30,7,12,0.9999999999999998,0.0,1.0,1.0,2.0,1,5.0,2026-08-14 12:50:00+05:30,1.130952380952381,0.5654761904761905,0.0,0.0,1.130952380952381,0.4345238095238096
2026-08-14 13:00:00+05:30,2026-08-14 13:05:00+05:30,2026-08-14 13:05:00+05:30,7,12,0.9999999999999998,1.3877787807814457e-17,1.0,1.0,2.0,1,5.0,2026-08-14 12:55:00+05:30,0.9047619047619047,0.45238095238095233,0.0,0.0,0.9047619047619047,0.5476190476190476
2026-08-14 13:05:00+05:30,2026-08-14 13:10:00+05:30,2026-08-14 13:10:00+05:30,8,11,0.9999999999999999,-1.3877787807814457e-17,1.0,1.0,2.0,1,5.0,2026-08-14 13:00:00+05:30,1.041666666666667,0.5208333333333335,0.0,0.0,0.9883658008658007,0.5056818181818182
2026-08-14 13:10:00+05:30,2026-08-14 13:15:00+05:30,2026-08-14 13:15:00+05:30,10,9,1.0000000000000002,4.163336342344337e-17,1.0,1.0,2.0,1,5.0,2026-08-14 13:05:00+05:30,1.1454545454545455,0.5727272727272728,0.0,0.0,1.044949494949495,0.47777777777777775
2026-08-14 13:15:00+05:30,2026-08-14 13:20:00+05:30,2026-08-14 13:20:00+05:30,9,10,1.0,-5.551115123125783e-17,1.0,1.0,2.0,1,5.0,2026-08-14 13:10:00+05:30,0.3999999999999999,0.19999999999999996,0.0,0.0,0.3111111111111111,0.8444444444444446
2026-08-14 13:20:00+05:30,2026-08-14 13:25:00+05:30,2026-08-14 13:25:00+05:30,13,6,0.9999999999999999,5.551115123125783e-17,1.0,1.0,2.0,1,5.0,2026-08-14 13:15:00+05:30,1.4153846153846152,0.7076923076923076,0.0,0.0,1.2632478632478632,0.3589743589743589
2026-08-14 13:25:00+05:30,2026-08-14 13:30:00+05:30,2026-08-14 13:30:00+05:30,8,11,0.9999999999999999,0.0,1.0,1.0,2.0,1,5.0,2026-08-14 13:20:00+05:30,1.1748251748251748,0.5874125874125874,0.0,0.0,0.8790792540792541,0.5568181818181819
2026-08-14 13:30:00+05:30,2026-08-14 13:35:00+05:30,2026-08-14 13:35:00+05:30,8,11,1.0,-1.3877787807814457e-17,1.0,1.0,2.0,1,5.0,2026-08-14 13:25:00+05:30,0.8636363636363636,0.4318181818181818,0.0,0.0,0.8636363636363636,0.5681818181818181
2026-08-14 13:35:00+05:30,2026-08-14 13:40:00+05:30,2026-08-14 13:40:00+05:30,11,8,1.0,1.3877787807814457e-17,1.0,1.0,2.0,1,5.0,2026-08-14 13:30:00+05:30,1.2727272727272725,0.6363636363636362,0.0,0.0,1.1363636363636362,0.4318181818181818
2026-08-14 13:40:00+05:30,2026-08-14 13:45:00+05:30,2026-08-14 13:45:00+05:30,9,10,1.0,-4.163336342344337e-17,1.0,1.0,2.0,1,5.0,2026-08-14 13:35:00+05:30,1.1454545454545455,0.5727272727272728,0.0,0.0,1.044949494949495,0.47777777777777775
2026-08-14 13:45:00+05:30,2026-08-14 13:50:00+05:30,2026-08-14 13:50:00+05:30,9,10,1.0000000000000002,-4.163336342344337e-17,1.0,1.0,2.0,1,5.0,2026-08-14 13:40:00+05:30,1.0555555555555556,0.5277777777777778,0.0,0.0,1.0555555555555556,0.4722222222222222
2026-08-14 13:50:00+05:30,2026-08-14 13:55:00+05:30,2026-08-14 13:55:00+05:30,9,10,1.0,-4.163336342344337e-17,1.0,1.0,2.0,1,5.0,2026-08-14 13:45:00+05:30,1.0555555555555556,0.5277777777777778,0.0,0.0,1.0555555555555556,0.47222222222222227
2026-08-14 13:55:00+05:30,2026-08-14 14:00:00+05:30,2026-08-14 14:00:00+05:30,10,9,1.0,4.163336342344337e-17,1.0,1.0,2.0,1,5.0,2026-08-14 13:50:00+05:30,0.7999999999999999,0.39999999999999997,0.0,0.0,0.7333333333333334,0.6333333333333334
2026-08-14 14:00:00+05:30,2026-08-14 14:05:00+05:30,2026-08-14 14:05:00+05:30,11,8,1.0,1.3877787807814457e-17,1.0,1.0,2.0,1,5.0,2026-08-14 13:55:00+05:30,0.8080808080808081,0.40404040404040403,0.0,0.0,0.7415404040404041,0.6306818181818181
2026-08-14 14:05:00+05:30,2026-08-14 14:10:00+05:30,2026-08-14 14:10:00+05:30,10,9,1.0,5.551115123125783e-17,1.0,1.0,2.0,1,5.0,2026-08-14 14:00:00+05:30,0.8080808080808081,0.40404040404040403,0.0,0.0,0.7415404040404041,0.6277777777777779
2026-08-14 14:10:00+05:30,2026-08-14 14:15:00+05:30,2026-08-14 14:15:00+05:30,11,8,1.0,2.7755575615628914e-17,1.0,1.0,2.0,1,5.0,2026-08-14 14:05:00+05:30,1.2121212121212122,0.6060606060606061,0.0,0.0,1.1685606060606062,0.4147727272727273
2026-08-14 14:15:00+05:30,2026-08-14 14:20:00+05:30,2026-08-14 14:20:00+05:30,11,8,0.9999999999999999,1.3877787807814457e-17,1.0,1.0,2.0,1,5.0,2026-08-14 14:10:00+05:30,1.2954545454545454,0.6477272727272727,0.0,0.0,1.2954545454545454,0.3522727272727273
2026-08-14 14:20:00+05:30,2026-08-14 14:25:00+05:30,2026-08-14 14:25:00+05:30,7,12,0.9999999999999998,1.3877787807814457e-17,1.0,1.0,2.0,1,5.0,2026-08-14 14:15:00+05:30,1.393939393939394,0.696969696969697,0.0,0.0,1.2326839826839828,0.38095238095238093
2026-08-14 14:25:00+05:30,2026-08-14 14:30:00+05:30,2026-08-14 14:30:00+05:30,8,11,1.0,-2.7755575615628914e-17,1.0,1.0,2.0,1,5.0,2026-08-14 14:20:00+05:30,1.2500000000000002,0.6250000000000001,0.0,0.0,1.2094155844155845,0.39772727272727276
2026-08-14 14:30:00+05:30,2026-08-14 14:35:00+05:30,2026-08-14 14:35:00+05:30,8,11,1.0,-1.3877787807814457e-17,1.0,1.0,2.0,1,5.0,2026-08-14 14:25:00+05:30,0.8636363636363636,0.4318181818181818,0.0,0.0,0.8636363636363636,0.5681818181818181
2026-08-14 14:35:00+05:30,2026-08-14 14:40:00+05:30,2026-08-14 14:40:00+05:30,14,5,1.0,-5.551115123125783e-17,1.0,1.0,2.0,1,5.0,2026-08-14 14:30:00+05:30,1.2987012987012985,0.6493506493506492,0.0,0.0,0.9743506493506493,0.5142857142857142
2026-08-14 14:40:00+05:30,2026-08-14 14:45:00+05:30,2026-08-14 14:45:00+05:30,11,8,0.9999999999999999,1.3877787807814457e-17,1.0,1.0,2.0,1,5.0,2026-08-14 14:35:00+05:30,1.1785714285714288,0.5892857142857144,0.0,0.0,1.0256493506493507,0.48863636363636365
2026-08-14 14:45:00+05:30,2026-08-14 14:50:00+05:30,2026-08-14 14:50:00+05:30,9,10,1.0,-5.551115123125783e-17,1.0,1.0,2.0,1,5.0,2026-08-14 14:40:00+05:30,0.9545454545454544,0.4772727272727272,0.0,0.0,0.831439393939394,0.5833333333333334
2026-08-14 14:50:00+05:30,2026-08-14 14:55:00+05:30,2026-08-14 14:55:00+05:30,11,8,1.0,1.3877787807814457e-17,1.0,1.0,2.0,1,5.0,2026-08-14 14:45:00+05:30,0.7636363636363636,0.3818181818181818,0.0,0.0,0.617929292929293,0.6931818181818181
2026-08-14 14:55:00+05:30,2026-08-14 15:00:00+05:30,2026-08-14 15:00:00+05:30,11,8,1.0,2.7755575615628914e-17,1.0,1.0,2.0,1,5.0,2026-08-14 14:50:00+05:30,1.0795454545454546,0.5397727272727273,0.0,0.0,1.0795454545454546,0.46022727272727276
2026-08-14 15:00:00+05:30,2026-08-14 15:05:00+05:30,2026-08-14 15:05:00+05:30,10,9,1.0000000000000002,4.163336342344337e-17,1.0,1.0,2.0,1,5.0,2026-08-14 14:55:00+05:30,0.6060606060606061,0.30303030303030304,0.0,0.0,0.5280303030303031,0.7333333333333334
2026-08-14 15:05:00+05:30,2026-08-14 15:10:00+05:30,2026-08-14 15:10:00+05:30,11,8,1.0,1.3877787807814457e-17,1.0,1.0,2.0,1,5.0,2026-08-14 15:00:00+05:30,1.4141414141414144,0.7070707070707072,0.0,0.0,1.3820707070707072,0.3068181818181818
2026-08-14 15:10:00+05:30,2026-08-14 15:15:00+05:30,2026-08-14 15:15:00+05:30,6,13,1.0,-5.551115123125783e-17,1.0,1.0,2.0,1,5.0,2026-08-14 15:05:00+05:30,1.3426573426573427,0.6713286713286714,0.0,0.0,1.1088286713286715,0.4423076923076923
2026-08-14 15:15:00+05:30,2026-08-14 15:20:00+05:30,2026-08-14 15:20:00+05:30,2,2,1.0,0.0,1.0,1.0,2.0,1,5.0,2026-08-14 15:10:00+05:30,1.8461538461538463,0.9230769230769231,0.0,0.8461538461538461,0.5769230769230769,0.5
2026-08-14 15:20:00+05:30,2026-08-14 15:25:00+05:30,2026-08-14 15:25:00+05:30,2,2,1.0,0.0,1.0,1.0,2.0,1,5.0,2026-08-14 15:15:00+05:30,1.0,0.5,0.0,0.0,1.0,0.5
2026-08-17 09:15:00+05:30,2026-08-17 09:20:00+05:30,2026-08-17 09:20:00+05:30,3,1,0.9999999999999999,-5.551115123125783e-17,1.0,1.0,2.0,1,5.0,2026-08-14 15:20:00+05:30,0.8333333333333334,0.4166666666666667,0.0,0.0,0.41666666666666663,0.8333333333333333
2026-08-17 09:20:00+05:30,2026-08-17 09:25:00+05:30,2026-08-17 09:25:00+05:30,9,10,1.0,-4.163336342344337e-17,1.0,1.0,2.0,1,5.0,2026-08-17 09:15:00+05:30,1.788888888888889,0.8944444444444445,0.7944444444444445,0.0,0.43333333333333335,0.10555555555555556
2026-08-17 09:25:00+05:30,2026-08-17 09:30:00+05:30,2026-08-17 09:30:00+05:30,6,13,1.0,-6.938893903907228e-17,1.0,1.0,2.0,1,5.0,2026-08-17 09:20:00+05:30,0.9401709401709402,0.4700854700854701,0.0,0.0,0.7367521367521367,0.641025641025641
2026-08-17 09:30:00+05:30,2026-08-17 09:35:00+05:30,2026-08-17 09:35:00+05:30,9,10,1.0,-5.551115123125783e-17,1.0,1.0,2.0,1,5.0,2026-08-17 09:25:00+05:30,0.752136752136752,0.376068376068376,0.0,0.0,0.5094017094017094,0.7277777777777779
2026-08-17 09:35:00+05:30,2026-08-17 09:40:00+05:30,2026-08-17 09:40:00+05:30,11,8,1.0,1.3877787807814457e-17,1.0,1.0,2.0,1,5.0,2026-08-17 09:30:00+05:30,1.3363636363636366,0.6681818181818183,0.0,0.0,1.2584595959595961,0.3693181818181818
2026-08-17 09:40:00+05:30,2026-08-17 09:45:00+05:30,2026-08-17 09:45:00+05:30,12,7,0.9999999999999998,0.0,1.0,1.0,2.0,1,5.0,2026-08-17 09:35:00+05:30,0.8333333333333333,0.41666666666666663,0.0,0.0,0.7673160173160173,0.6190476190476191
2026-08-17 09:45:00+05:30,2026-08-17 09:50:00+05:30,2026-08-17 09:50:00+05:30,11,8,1.0,2.7755575615628914e-17,1.0,1.0,2.0,1,5.0,2026-08-17 09:40:00+05:30,1.25,0.625,0.0,0.0,1.2094155844155843,0.39772727272727276
2026-08-17 09:50:00+05:30,2026-08-17 09:55:00+05:30,2026-08-17 09:55:00+05:30,7,12,0.9999999999999998,0.0,1.0,1.0,2.0,1,5.0,2026-08-17 09:45:00+05:30,1.3939393939393938,0.6969696969696969,0.0,0.0,1.2326839826839828,0.38095238095238093
2026-08-17 09:55:00+05:30,2026-08-17 10:00:00+05:30,2026-08-17 10:00:00+05:30,9,10,1.0,-6.938893903907228e-17,1.0,1.0,2.0,1,5.0,2026-08-17 09:50:00+05:30,1.1666666666666665,0.5833333333333333,0.0,0.0,1.069047619047619,0.4666666666666667
2026-08-17 10:00:00+05:30,2026-08-17 10:05:00+05:30,2026-08-17 10:05:00+05:30,10,9,1.0,4.163336342344337e-17,1.0,1.0,2.0,1,5.0,2026-08-17 09:55:00+05:30,1.6,0.8,0.0,0.0,1.577777777777778,0.21111111111111108
2026-08-17 10:05:00+05:30,2026-08-17 10:10:00+05:30,2026-08-17 10:10:00+05:30,6,13,0.9999999999999999,-6.938893903907228e-17,1.0,1.0,2.0,1,5.0,2026-08-17 10:00:00+05:30,1.415384615384615,0.7076923076923075,0.0,0.0,1.263247863247863,0.358974358974359
2026-08-17 10:10:00+05:30,2026-08-17 10:15:00+05:30,2026-08-17 10:15:00+05:30,9,10,1.0,-5.551115123125783e-17,1.0,1.0,2.0,1,5.0,2026-08-17 10:05:00+05:30,1.1282051282051282,0.5641025641025641,0.0,0.0,0.9641025641025641,0.5166666666666667
2026-08-17 10:15:00+05:30,2026-08-17 10:20:00+05:30,2026-08-17 10:20:00+05:30,10,9,1.0,5.551115123125783e-17,1.0,1.0,2.0,1,5.0,2026-08-17 10:10:00+05:30,1.4000000000000001,0.7000000000000001,0.0,0.0,1.366666666666667,0.31666666666666665
2026-08-17 10:20:00+05:30,2026-08-17 10:25:00+05:30,2026-08-17 10:25:00+05:30,8,11,1.0,-2.7755575615628914e-17,1.0,1.0,2.0,1,5.0,2026-08-17 10:15:00+05:30,0.7636363636363636,0.3818181818181818,0.0,0.0,0.617929292929293,0.6931818181818181
2026-08-17 10:25:00+05:30,2026-08-17 10:30:00+05:30,2026-08-17 10:30:00+05:30,10,9,1.0,5.551115123125783e-17,1.0,1.0,2.0,1,5.0,2026-08-17 10:20:00+05:30,1.1454545454545455,0.5727272727272728,0.0,0.0,1.044949494949495,0.47777777777777775
2026-08-17 10:30:00+05:30,2026-08-17 10:35:00+05:30,2026-08-17 10:35:00+05:30,8,11,1.0,-2.7755575615628914e-17,1.0,1.0,2.0,1,5.0,2026-08-17 10:25:00+05:30,1.3363636363636364,0.6681818181818182,0.0,0.0,1.2584595959595961,0.3693181818181819
2026-08-17 10:35:00+05:30,2026-08-17 10:40:00+05:30,2026-08-17 10:40:00+05:30,7,12,0.9999999999999998,0.0,1.0,1.0,2.0,1,5.0,2026-08-17 10:30:00+05:30,1.0416666666666665,0.5208333333333333,0.0,0.0,0.9883658008658007,0.5059523809523809
2026-08-17 10:40:00+05:30,2026-08-17 10:45:00+05:30,2026-08-17 10:45:00+05:30,7,12,0.9999999999999998,0.0,1.0,1.0,2.0,1,5.0,2026-08-17 10:35:00+05:30,1.130952380952381,0.5654761904761905,0.0,0.0,1.130952380952381,0.43452380952380953
2026-08-17 10:45:00+05:30,2026-08-17 10:50:00+05:30,2026-08-17 10:50:00+05:30,8,11,1.0,0.0,1.0,1.0,2.0,1,5.0,2026-08-17 10:40:00+05:30,0.8333333333333333,0.41666666666666663,0.0,0.0,0.7673160173160173,0.6136363636363636
2026-08-17 10:50:00+05:30,2026-08-17 10:55:00+05:30,2026-08-17 10:55:00+05:30,9,10,1.0,-4.163336342344337e-17,1.0,1.0,2.0,1,5.0,2026-08-17 10:45:00+05:30,0.8080808080808082,0.4040404040404041,0.0,0.0,0.7415404040404041,0.6277777777777778
2026-08-17 10:55:00+05:30,2026-08-17 11:00:00+05:30,2026-08-17 11:00:00+05:30,11,8,0.9999999999999999,1.3877787807814457e-17,1.0,1.0,2.0,1,5.0,2026-08-17 10:50:00+05:30,1.1454545454545453,0.5727272727272726,0.0,0.0,1.044949494949495,0.47727272727272735
2026-08-17 11:00:00+05:30,2026-08-17 11:05:00+05:30,2026-08-17 11:05:00+05:30,8,11,1.0,0.0,1.0,1.0,2.0,1,5.0,2026-08-17 10:55:00+05:30,1.090909090909091,0.5454545454545455,0.0,0.0,0.9204545454545454,0.5397727272727273
2026-08-17 11:05:00+05:30,2026-08-17 11:10:00+05:30,2026-08-17 11:10:00+05:30,4,15,0.9999999999999999,4.163336342344337e-17,1.0,1.0,2.0,1,5.0,2026-08-17 11:00:00+05:30,1.3416666666666663,0.6708333333333332,0.0,0.0,1.1821969696969696,0.3916666666666666
2026-08-17 11:10:00+05:30,2026-08-17 11:15:00+05:30,2026-08-17 11:15:00+05:30,13,6,0.9999999999999999,5.551115123125783e-17,1.0,1.0,2.0,1,5.0,2026-08-17 11:05:00+05:30,1.8666666666666665,0.9333333333333332,0.0,0.0,1.7666666666666664,0.16666666666666666
2026-08-17 11:15:00+05:30,2026-08-17 11:20:00+05:30,2026-08-17 11:20:00+05:30,8,11,1.0,-1.3877787807814457e-17,1.0,1.0,2.0,1,5.0,2026-08-17 11:10:00+05:30,1.3426573426573427,0.6713286713286714,0.0,0.0,1.1088286713286712,0.44886363636363635
2026-08-17 11:20:00+05:30,2026-08-17 11:25:00+05:30,2026-08-17 11:25:00+05:30,9,10,1.0,-5.551115123125783e-17,1.0,1.0,2.0,1,5.0,2026-08-17 11:15:00+05:30,1.01010101010101,0.505050505050505,0.0,0.0,0.9550505050505051,0.5222222222222223
2026-08-17 11:25:00+05:30,2026-08-17 11:30:00+05:30,2026-08-17 11:30:00+05:30,14,5,1.0,-5.551115123125783e-17,1.0,1.0,2.0,1,5.0,2026-08-17 11:20:00+05:30,1.3714285714285714,0.6857142857142857,0.0,0.0,1.1523809523809523,0.41428571428571426
2026-08-17 11:30:00+05:30,2026-08-17 11:35:00+05:30,2026-08-17 11:35:00+05:30,10,9,1.0,5.551115123125783e-17,1.0,1.0,2.0,1,5.0,2026-08-17 11:25:00+05:30,1.4603174603174602,0.7301587301587301,0.0,0.0,1.33015873015873,0.35555555555555557
2026-08-17 11:35:00+05:30,2026-08-17 11:40:00+05:30,2026-08-17 11:40:00+05:30,8,11,1.0,-1.3877787807814457e-17,1.0,1.0,2.0,1,5.0,2026-08-17 11:30:00+05:30,1.1454545454545455,0.5727272727272728,0.0,0.0,1.044949494949495,0.4772727272727273
2026-08-17 11:40:00+05:30,2026-08-17 11:45:00+05:30,2026-08-17 11:45:00+05:30,10,9,1.0,5.551115123125783e-17,1.0,1.0,2.0,1,5.0,2026-08-17 11:35:00+05:30,1.1454545454545455,0.5727272727272728,0.0,0.0,1.044949494949495,0.47777777777777786
2026-08-17 11:45:00+05:30,2026-08-17 11:50:00+05:30,2026-08-17 11:50:00+05:30,12,7,0.9999999999999998,0.0,1.0,1.0,2.0,1,5.0,2026-08-17 11:40:00+05:30,1.1666666666666665,0.5833333333333333,0.0,0.0,1.069047619047619,0.4642857142857143
2026-08-17 11:50:00+05:30,2026-08-17 11:55:00+05:30,2026-08-17 11:55:00+05:30,11,8,1.0,2.7755575615628914e-17,1.0,1.0,2.0,1,5.0,2026-08-17 11:45:00+05:30,0.8333333333333333,0.41666666666666663,0.0,0.0,0.7673160173160173,0.6136363636363635
2026-08-17 11:55:00+05:30,2026-08-17 12:00:00+05:30,2026-08-17 12:00:00+05:30,8,11,1.0,-2.7755575615628914e-17,1.0,1.0,2.0,1,5.0,2026-08-17 11:50:00+05:30,1.0909090909090908,0.5454545454545454,0.0,0.0,0.9204545454545455,0.5397727272727273
2026-08-17 12:00:00+05:30,2026-08-17 12:05:00+05:30,2026-08-17 12:05:00+05:30,10,9,1.0,4.163336342344337e-17,1.0,1.0,2.0,1,5.0,2026-08-17 11:55:00+05:30,0.7636363636363634,0.3818181818181817,0.0,0.0,0.617929292929293,0.688888888888889
2026-08-17 12:05:00+05:30,2026-08-17 12:10:00+05:30,2026-08-17 12:10:00+05:30,9,10,1.0,-5.551115123125783e-17,1.0,1.0,2.0,1,5.0,2026-08-17 12:00:00+05:30,1.4000000000000001,0.7000000000000001,0.0,0.0,1.366666666666667,0.31666666666666665
2026-08-17 12:10:00+05:30,2026-08-17 12:15:00+05:30,2026-08-17 12:15:00+05:30,12,7,0.9999999999999998,0.0,1.0,1.0,2.0,1,5.0,2026-08-17 12:05:00+05:30,1.4666666666666666,0.7333333333333333,0.0,0.0,1.3682539682539683,0.30952380952380953
2026-08-17 12:15:00+05:30,2026-08-17 12:20:00+05:30,2026-08-17 12:20:00+05:30,8,11,1.0,-2.7755575615628914e-17,1.0,1.0,2.0,1,5.0,2026-08-17 12:10:00+05:30,1.5681818181818181,0.7840909090909091,0.0,0.0,1.4537337662337664,0.27840909090909094
2026-08-17 12:20:00+05:30,2026-08-17 12:25:00+05:30,2026-08-17 12:25:00+05:30,9,10,1.0,-5.551115123125783e-17,1.0,1.0,2.0,1,5.0,2026-08-17 12:15:00+05:30,1.2121212121212122,0.6060606060606061,0.0,0.0,1.1685606060606062,0.41666666666666663
2026-08-17 12:25:00+05:30,2026-08-17 12:30:00+05:30,2026-08-17 12:30:00+05:30,11,8,1.0,2.7755575615628914e-17,1.0,1.0,2.0,1,5.0,2026-08-17 12:20:00+05:30,1.1454545454545453,0.5727272727272726,0.0,0.0,1.044949494949495,0.47727272727272735
2026-08-17 12:30:00+05:30,2026-08-17 12:35:00+05:30,2026-08-17 12:35:00+05:30,14,5,1.0,-6.938893903907228e-17,1.0,1.0,2.0,1,5.0,2026-08-17 12:25:00+05:30,1.1785714285714288,0.5892857142857144,0.0,0.0,1.0256493506493507,0.48571428571428565
2026-08-17 12:35:00+05:30,2026-08-17 12:40:00+05:30,2026-08-17 12:40:00+05:30,7,12,0.9999999999999998,-6.938893903907228e-18,1.0,1.0,2.0,1,5.0,2026-08-17 12:30:00+05:30,1.392857142857143,0.6964285714285715,0.0,0.0,1.0392857142857144,0.4821428571428571
2026-08-17 12:40:00+05:30,2026-08-17 12:45:00+05:30,2026-08-17 12:45:00+05:30,11,8,1.0,1.3877787807814457e-17,1.0,1.0,2.0,1,5.0,2026-08-17 12:35:00+05:30,1.3939393939393938,0.6969696969696969,0.0,0.0,1.2326839826839826,0.3863636363636364
2026-08-17 12:45:00+05:30,2026-08-17 12:50:00+05:30,2026-08-17 12:50:00+05:30,12,7,0.9999999999999998,0.0,1.0,1.0,2.0,1,5.0,2026-08-17 12:40:00+05:30,0.8333333333333333,0.41666666666666663,0.0,0.0,0.7673160173160173,0.6190476190476191
2026-08-17 12:50:00+05:30,2026-08-17 12:55:00+05:30,2026-08-17 12:55:00+05:30,9,10,1.0,-5.551115123125783e-17,1.0,1.0,2.0,1,5.0,2026-08-17 12:45:00+05:30,0.9166666666666666,0.4583333333333333,0.0,0.0,0.7123015873015873,0.638888888888889
2026-08-17 12:55:00+05:30,2026-08-17 13:00:00+05:30,2026-08-17 13:00:00+05:30,10,9,1.0,5.551115123125783e-17,1.0,1.0,2.0,1,5.0,2026-08-17 12:50:00+05:30,1.0,0.5,0.0,0.0,0.9444444444444444,0.5277777777777778
2026-08-17 13:00:00+05:30,2026-08-17 13:05:00+05:30,2026-08-17 13:05:00+05:30,11,8,1.0,1.3877787807814457e-17,1.0,1.0,2.0,1,5.0,2026-08-17 12:55:00+05:30,0.8080808080808081,0.40404040404040403,0.0,0.0,0.7415404040404041,0.6306818181818181
2026-08-17 13:05:00+05:30,2026-08-17 13:10:00+05:30,2026-08-17 13:10:00+05:30,7,12,0.9999999999999998,0.0,1.0,1.0,2.0,1,5.0,2026-08-17 13:00:00+05:30,1.5681818181818181,0.7840909090909091,0.0,0.0,1.4537337662337664,0.2678571428571428
2026-08-17 13:10:00+05:30,2026-08-17 13:15:00+05:30,2026-08-17 13:15:00+05:30,12,7,0.9999999999999998,-1.3877787807814457e-17,1.0,1.0,2.0,1,5.0,2026-08-17 13:05:00+05:30,1.333333333333333,0.6666666666666665,0.0,0.0,1.0952380952380951,0.45238095238095244
2026-08-17 13:15:00+05:30,2026-08-17 13:20:00+05:30,2026-08-17 13:20:00+05:30,11,8,1.0,1.3877787807814457e-17,1.0,1.0,2.0,1,5.0,2026-08-17 13:10:00+05:30,1.0416666666666667,0.5208333333333334,0.0,0.0,0.9883658008658008,0.5056818181818181
2026-08-17 13:20:00+05:30,2026-08-17 13:25:00+05:30,2026-08-17 13:25:00+05:30,7,12,0.9999999999999998,1.3877787807814457e-17,1.0,1.0,2.0,1,5.0,2026-08-17 13:15:00+05:30,1.2196969696969697,0.6098484848484849,0.0,0.0,1.0116341991341993,0.494047619047619
2026-08-17 13:25:00+05:30,2026-08-17 13:30:00+05:30,2026-08-17 13:30:00+05:30,11,8,0.9999999999999999,2.7755575615628914e-17,1.0,1.0,2.0,1,5.0,2026-08-17 13:20:00+05:30,1.2196969696969697,0.6098484848484849,0.0,0.0,1.0116341991341993,0.4943181818181818
2026-08-17 13:30:00+05:30,2026-08-17 13:35:00+05:30,2026-08-17 13:35:00+05:30,11,8,0.9999999999999999,4.163336342344337e-17,1.0,1.0,2.0,1,5.0,2026-08-17 13:25:00+05:30,1.0795454545454546,0.5397727272727273,0.0,0.0,1.0795454545454546,0.4602272727272728
2026-08-17 13:35:00+05:30,2026-08-17 13:40:00+05:30,2026-08-17 13:40:00+05:30,12,7,0.9999999999999998,0.0,1.0,1.0,2.0,1,5.0,2026-08-17 13:30:00+05:30,1.25,0.625,0.0,0.0,1.2094155844155843,0.39285714285714285
2026-08-17 13:40:00+05:30,2026-08-17 13:45:00+05:30,2026-08-17 13:45:00+05:30,9,10,1.0,-5.551115123125783e-17,1.0,1.0,2.0,1,5.0,2026-08-17 13:35:00+05:30,1.2833333333333332,0.6416666666666666,0.0,0.0,1.1496031746031745,0.42777777777777776
2026-08-17 13:45:00+05:30,2026-08-17 13:50:00+05:30,2026-08-17 13:50:00+05:30,9,10,1.0,-5.551115123125783e-17,1.0,1.0,2.0,1,5.0,2026-08-17 13:40:00+05:30,1.4777777777777779,0.7388888888888889,0.0,0.0,1.4777777777777779,0.2611111111111111
2026-08-17 13:50:00+05:30,2026-08-17 13:55:00+05:30,2026-08-17 13:55:00+05:30,10,9,1.0,5.551115123125783e-17,1.0,1.0,2.0,1,5.0,2026-08-17 13:45:00+05:30,0.9999999999999998,0.4999999999999999,0.0,0.0,0.9444444444444444,0.5277777777777778
2026-08-17 13:55:00+05:30,2026-08-17 14:00:00+05:30,2026-08-17 14:00:00+05:30,8,11,1.0,-1.3877787807814457e-17,1.0,1.0,2.0,1,5.0,2026-08-17 13:50:00+05:30,1.3363636363636362,0.6681818181818181,0.0,0.0,1.2584595959595961,0.3693181818181818
2026-08-17 14:00:00+05:30,2026-08-17 14:05:00+05:30,2026-08-17 14:05:00+05:30,11,8,1.0,2.7755575615628914e-17,1.0,1.0,2.0,1,5.0,2026-08-17 13:55:00+05:30,1.272727272727273,0.6363636363636365,0.0,0.0,1.1363636363636362,0.4318181818181819
2026-08-17 14:05:00+05:30,2026-08-17 14:10:00+05:30,2026-08-17 14:10:00+05:30,10,9,1.0,4.163336342344337e-17,1.0,1.0,2.0,1,5.0,2026-08-17 14:00:00+05:30,1.2121212121212122,0.6060606060606061,0.0,0.0,1.1685606060606062,0.41666666666666674
2026-08-17 14:10:00+05:30,2026-08-17 14:15:00+05:30,2026-08-17 14:15:00+05:30,12,7,0.9999999999999998,0.0,1.0,1.0,2.0,1,5.0,2026-08-17 14:05:00+05:30,1.5555555555555554,0.7777777777777777,0.0,0.0,1.5063492063492063,0.23809523809523808
2026-08-17 14:15:00+05:30,2026-08-17 14:20:00+05:30,2026-08-17 14:20:00+05:30,9,10,1.0,-5.551115123125783e-17,1.0,1.0,2.0,1,5.0,2026-08-17 14:10:00+05:30,0.9166666666666666,0.4583333333333333,0.0,0.0,0.7123015873015873,0.638888888888889
2026-08-17 14:20:00+05:30,2026-08-17 14:25:00+05:30,2026-08-17 14:25:00+05:30,9,10,1.0,-5.551115123125783e-17,1.0,1.0,2.0,1,5.0,2026-08-17 14:15:00+05:30,1.4777777777777779,0.7388888888888889,0.0,0.0,1.4777777777777779,0.26111111111111107
2026-08-17 14:25:00+05:30,2026-08-17 14:30:00+05:30,2026-08-17 14:30:00+05:30,10,9,1.0,5.551115123125783e-17,1.0,1.0,2.0,1,5.0,2026-08-17 14:20:00+05:30,1.4000000000000001,0.7000000000000001,0.0,0.0,1.3666666666666667,0.31666666666666665
2026-08-17 14:30:00+05:30,2026-08-17 14:35:00+05:30,2026-08-17 14:35:00+05:30,10,9,1.0,4.163336342344337e-17,1.0,1.0,2.0,1,5.0,2026-08-17 14:25:00+05:30,1.0555555555555556,0.5277777777777778,0.0,0.0,1.0555555555555556,0.4722222222222222
2026-08-17 14:35:00+05:30,2026-08-17 14:40:00+05:30,2026-08-17 14:40:00+05:30,7,12,0.9999999999999998,-6.938893903907228e-18,1.0,1.0,2.0,1,5.0,2026-08-17 14:30:00+05:30,1.2833333333333332,0.6416666666666666,0.0,0.0,1.1496031746031745,0.42261904761904756
2026-08-17 14:40:00+05:30,2026-08-17 14:45:00+05:30,2026-08-17 14:45:00+05:30,10,9,1.0,5.551115123125783e-17,1.0,1.0,2.0,1,5.0,2026-08-17 14:35:00+05:30,1.0999999999999999,0.5499999999999999,0.0,0.0,0.930952380952381,0.5333333333333333
2026-08-17 14:45:00+05:30,2026-08-17 14:50:00+05:30,2026-08-17 14:50:00+05:30,11,8,1.0,2.7755575615628914e-17,1.0,1.0,2.0,1,5.0,2026-08-17 14:40:00+05:30,1.4141414141414141,0.7070707070707071,0.0,0.0,1.382070707070707,0.3068181818181818
2026-08-17 14:50:00+05:30,2026-08-17 14:55:00+05:30,2026-08-17 14:55:00+05:30,10,9,1.0,5.551115123125783e-17,1.0,1.0,2.0,1,5.0,2026-08-17 14:45:00+05:30,1.0101010101010102,0.5050505050505051,0.0,0.0,0.9550505050505051,0.5222222222222223
2026-08-17 14:55:00+05:30,2026-08-17 15:00:00+05:30,2026-08-17 15:00:00+05:30,8,11,1.0,0.0,1.0,1.0,2.0,1,5.0,2026-08-17 14:50:00+05:30,0.9545454545454544,0.4772727272727272,0.0,0.0,0.831439393939394,0.5852272727272727
2026-08-17 15:00:00+05:30,2026-08-17 15:05:00+05:30,2026-08-17 15:05:00+05:30,9,10,1.0000000000000002,-4.163336342344337e-17,1.0,1.0,2.0,1,5.0,2026-08-17 14:55:00+05:30,1.0101010101010102,0.5050505050505051,0.0,0.0,0.9550505050505051,0.5222222222222221
2026-08-17 15:05:00+05:30,2026-08-17 15:10:00+05:30,2026-08-17 15:10:00+05:30,7,12,0.9999999999999998,-6.938893903907228e-18,1.0,1.0,2.0,1,5.0,2026-08-17 15:00:00+05:30,1.1666666666666665,0.5833333333333333,0.0,0.0,1.069047619047619,0.4642857142857143
2026-08-17 15:10:00+05:30,2026-08-17 15:15:00+05:30,2026-08-17 15:15:00+05:30,5,14,1.0,6.938893903907228e-17,1.0,1.0,2.0,1,5.0,2026-08-17 15:05:00+05:30,0.6428571428571429,0.32142857142857145,0.0,0.0,0.4630952380952381,0.7928571428571428
2026-08-17 15:15:00+05:30,2026-08-17 15:20:00+05:30,2026-08-17 15:20:00+05:30,3,1,0.9999999999999999,-2.7755575615628914e-17,1.0,1.0,2.0,1,5.0,2026-08-17 15:10:00+05:30,1.9285714285714288,0.9642857142857144,0.0,0.8571428571428571,0.6071428571428572,0.5
2026-08-17 15:20:00+05:30,2026-08-17 15:25:00+05:30,2026-08-17 15:25:00+05:30,3,1,0.9999999999999999,-2.7755575615628914e-17,1.0,1.0,2.0,1,5.0,2026-08-17 15:15:00+05:30,0.0,0.0,0.0,0.0,0.0,0.9999999999999999
2026-08-18 09:15:00+05:30,2026-08-18 09:20:00+05:30,2026-08-18 09:20:00+05:30,1,3,0.9999999999999999,2.7755575615628914e-17,1.0,1.0,2.0,1,5.0,2026-08-17 15:20:00+05:30,1.9999999999999998,0.9999999999999999,0.0,0.0,1.9999999999999998,0.0
2026-08-18 09:20:00+05:30,2026-08-18 09:25:00+05:30,2026-08-18 09:25:00+05:30,9,10,1.0,-5.551115123125783e-17,1.0,1.0,2.0,1,5.0,2026-08-18 09:15:00+05:30,2.0,1.0,0.7833333333333334,0.0,1.2166666666666668,0.0
2026-08-18 09:25:00+05:30,2026-08-18 09:30:00+05:30,2026-08-18 09:30:00+05:30,11,8,1.0,1.3877787807814457e-17,1.0,1.0,2.0,1,5.0,2026-08-18 09:20:00+05:30,1.1454545454545453,0.5727272727272726,0.0,0.0,1.044949494949495,0.4772727272727273
2026-08-18 09:30:00+05:30,2026-08-18 09:35:00+05:30,2026-08-18 09:35:00+05:30,8,11,1.0,-1.3877787807814457e-17,1.0,1.0,2.0,1,5.0,2026-08-18 09:25:00+05:30,1.6363636363636362,0.8181818181818181,0.0,0.0,1.5681818181818181,0.2159090909090909
2026-08-18 09:35:00+05:30,2026-08-18 09:40:00+05:30,2026-08-18 09:40:00+05:30,11,8,1.0,1.3877787807814457e-17,1.0,1.0,2.0,1,5.0,2026-08-18 09:30:00+05:30,1.272727272727273,0.6363636363636365,0.0,0.0,1.1363636363636365,0.4318181818181818
2026-08-18 09:40:00+05:30,2026-08-18 09:45:00+05:30,2026-08-18 09:45:00+05:30,9,10,1.0,-4.163336342344337e-17,1.0,1.0,2.0,1,5.0,2026-08-18 09:35:00+05:30,1.1454545454545453,0.5727272727272726,0.0,0.0,1.044949494949495,0.4777777777777778
2026-08-18 09:45:00+05:30,2026-08-18 09:50:00+05:30,2026-08-18 09:50:00+05:30,10,9,1.0,5.551115123125783e-17,1.0,1.0,2.0,1,5.0,2026-08-18 09:40:00+05:30,1.2,0.6,0.0,0.0,1.1555555555555557,0.4222222222222223
2026-08-18 09:50:00+05:30,2026-08-18 09:55:00+05:30,2026-08-18 09:55:00+05:30,12,7,0.9999999999999998,0.0,1.0,1.0,2.0,1,5.0,2026-08-18 09:45:00+05:30,1.5555555555555558,0.7777777777777779,0.0,0.0,1.5063492063492063,0.23809523809523808
2026-08-18 09:55:00+05:30,2026-08-18 10:00:00+05:30,2026-08-18 10:00:00+05:30,9,10,1.0,-5.551115123125783e-17,1.0,1.0,2.0,1,5.0,2026-08-18 09:50:00+05:30,1.1,0.55,0.0,0.0,0.930952380952381,0.5333333333333333
2026-08-18 10:00:00+05:30,2026-08-18 10:05:00+05:30,2026-08-18 10:05:00+05:30,7,12,0.9999999999999998,0.0,1.0,1.0,2.0,1,5.0,2026-08-18 09:55:00+05:30,1.75,0.875,0.0,0.0,1.725,0.125
2026-08-18 10:05:00+05:30,2026-08-18 10:10:00+05:30,2026-08-18 10:10:00+05:30,8,11,1.0,-2.7755575615628914e-17,1.0,1.0,2.0,1,5.0,2026-08-18 10:00:00+05:30,1.25,0.625,0.0,0.0,1.2094155844155843,0.39772727272727276
2026-08-18 10:10:00+05:30,2026-08-18 10:15:00+05:30,2026-08-18 10:15:00+05:30,7,12,0.9999999999999998,0.0,1.0,1.0,2.0,1,5.0,2026-08-18 10:05:00+05:30,1.25,0.625,0.0,0.0,1.2094155844155843,0.3928571428571428
2026-08-18 10:15:00+05:30,2026-08-18 10:20:00+05:30,2026-08-18 10:20:00+05:30,11,8,0.9999999999999999,1.3877787807814457e-17,1.0,1.0,2.0,1,5.0,2026-08-18 10:10:00+05:30,1.2196969696969697,0.6098484848484849,0.0,0.0,1.0116341991341993,0.4943181818181819
2026-08-18 10:20:00+05:30,2026-08-18 10:25:00+05:30,2026-08-18 10:25:00+05:30,11,8,1.0,2.7755575615628914e-17,1.0,1.0,2.0,1,5.0,2026-08-18 10:15:00+05:30,1.5113636363636362,0.7556818181818181,0.0,0.0,1.5113636363636362,0.24431818181818182
2026-08-18 10:25:00+05:30,2026-08-18 10:30:00+05:30,2026-08-18 10:30:00+05:30,10,9,1.0,5.551115123125783e-17,1.0,1.0,2.0,1,5.0,2026-08-18 10:20:00+05:30,1.0101010101010102,0.5050505050505051,0.0,0.0,0.955050505050505,0.5222222222222223
2026-08-18 10:30:00+05:30,2026-08-18 10:35:00+05:30,2026-08-18 10:35:00+05:30,9,10,1.0,-5.551115123125783e-17,1.0,1.0,2.0,1,5.0,2026-08-18 10:25:00+05:30,0.8,0.4,0.0,0.0,0.7333333333333334,0.6333333333333333
2026-08-18 10:35:00+05:30,2026-08-18 10:40:00+05:30,2026-08-18 10:40:00+05:30,7,12,0.9999999999999998,1.3877787807814457e-17,1.0,1.0,2.0,1,5.0,2026-08-18 10:30:00+05:30,1.5555555555555558,0.7777777777777779,0.0,0.0,1.5063492063492068,0.23809523809523805
2026-08-18 10:40:00+05:30,2026-08-18 10:45:00+05:30,2026-08-18 10:45:00+05:30,8,11,1.0,-2.7755575615628914e-17,1.0,1.0,2.0,1,5.0,2026-08-18 10:35:00+05:30,0.8333333333333333,0.41666666666666663,0.0,0.0,0.7673160173160172,0.6136363636363635
2026-08-18 10:45:00+05:30,2026-08-18 10:50:00+05:30,2026-08-18 10:50:00+05:30,9,10,1.0,-4.163336342344337e-17,1.0,1.0,2.0,1,5.0,2026-08-18 10:40:00+05:30,1.2121212121212122,0.6060606060606061,0.0,0.0,1.168560606060606,0.41666666666666663
2026-08-18 10:50:00+05:30,2026-08-18 10:55:00+05:30,2026-08-18 10:55:00+05:30,11,8,0.9999999999999999,0.0,1.0,1.0,2.0,1,5.0,2026-08-18 10:45:00+05:30,1.3363636363636366,0.6681818181818183,0.0,0.0,1.2584595959595961,0.3693181818181818
2026-08-18 10:55:00+05:30,2026-08-18 11:00:00+05:30,2026-08-18 11:00:00+05:30,10,9,1.0000000000000002,4.163336342344337e-17,1.0,1.0,2.0,1,5.0,2026-08-18 10:50:00+05:30,0.6060606060606061,0.30303030303030304,0.0,0.0,0.5280303030303031,0.7333333333333334
2026-08-18 11:00:00+05:30,2026-08-18 11:05:00+05:30,2026-08-18 11:05:00+05:30,7,12,0.9999999999999998,0.0,1.0,1.0,2.0,1,5.0,2026-08-18 10:55:00+05:30,0.7333333333333334,0.3666666666666667,0.0,0.0,0.4936507936507937,0.7619047619047619
2026-08-18 11:05:00+05:30,2026-08-18 11:10:00+05:30,2026-08-18 11:10:00+05:30,8,11,1.0,-1.3877787807814457e-17,1.0,1.0,2.0,1,5.0,2026-08-18 11:00:00+05:30,0.8333333333333333,0.41666666666666663,0.0,0.0,0.7673160173160173,0.6136363636363635
2026-08-18 11:10:00+05:30,2026-08-18 11:15:00+05:30,2026-08-18 11:15:00+05:30,8,11,1.0,-1.3877787807814457e-17,1.0,1.0,2.0,1,5.0,2026-08-18 11:05:00+05:30,0.6477272727272727,0.32386363636363635,0.0,0.0,0.6477272727272727,0.6761363636363635
2026-08-18 11:15:00+05:30,2026-08-18 11:20:00+05:30,2026-08-18 11:20:00+05:30,7,12,0.9999999999999998,-6.938893903907228e-18,1.0,1.0,2.0,1,5.0,2026-08-18 11:10:00+05:30,1.0416666666666665,0.5208333333333333,0.0,0.0,0.9883658008658008,0.5059523809523808
2026-08-18 11:20:00+05:30,2026-08-18 11:25:00+05:30,2026-08-18 11:25:00+05:30,8,11,1.0,-2.7755575615628914e-17,1.0,1.0,2.0,1,5.0,2026-08-18 11:15:00+05:30,1.25,0.625,0.0,0.0,1.2094155844155843,0.39772727272727276
2026-08-18 11:25:00+05:30,2026-08-18 11:30:00+05:30,2026-08-18 11:30:00+05:30,8,11,1.0,-1.3877787807814457e-17,1.0,1.0,2.0,1,5.0,2026-08-18 11:20:00+05:30,1.2954545454545454,0.6477272727272727,0.0,0.0,1.2954545454545454,0.3522727272727273
2026-08-18 11:30:00+05:30,2026-08-18 11:35:00+05:30,2026-08-18 11:35:00+05:30,10,9,1.0,4.163336342344337e-17,1.0,1.0,2.0,1,5.0,2026-08-18 11:25:00+05:30,1.7181818181818183,0.8590909090909091,0.0,0.0,1.6854797979797982,0.1611111111111111
2026-08-18 11:35:00+05:30,2026-08-18 11:40:00+05:30,2026-08-18 11:40:00+05:30,9,10,1.0,-5.551115123125783e-17,1.0,1.0,2.0,1,5.0,2026-08-18 11:30:00+05:30,1.0,0.5,0.0,0.0,0.9444444444444444,0.5277777777777778
2026-08-18 11:40:00+05:30,2026-08-18 11:45:00+05:30,2026-08-18 11:45:00+05:30,11,8,1.0,1.3877787807814457e-17,1.0,1.0,2.0,1,5.0,2026-08-18 11:35:00+05:30,1.3363636363636362,0.6681818181818181,0.0,0.0,1.2584595959595961,0.3693181818181819
2026-08-18 11:45:00+05:30,2026-08-18 11:50:00+05:30,2026-08-18 11:50:00+05:30,10,9,1.0,5.551115123125783e-17,1.0,1.0,2.0,1,5.0,2026-08-18 11:40:00+05:30,1.0101010101010102,0.5050505050505051,0.0,0.0,0.9550505050505051,0.5222222222222221
2026-08-18 11:50:00+05:30,2026-08-18 11:55:00+05:30,2026-08-18 11:55:00+05:30,7,12,0.9999999999999998,0.0,1.0,1.0,2.0,1,5.0,2026-08-18 11:45:00+05:30,0.9166666666666666,0.4583333333333333,0.0,0.0,0.7123015873015873,0.6488095238095236
2026-08-18 11:55:00+05:30,2026-08-18 12:00:00+05:30,2026-08-18 12:00:00+05:30,8,11,0.9999999999999999,-2.7755575615628914e-17,1.0,1.0,2.0,1,5.0,2026-08-18 11:50:00+05:30,1.0416666666666667,0.5208333333333334,0.0,0.0,0.9883658008658008,0.5056818181818182
2026-08-18 12:00:00+05:30,2026-08-18 12:05:00+05:30,2026-08-18 12:05:00+05:30,7,12,0.9999999999999998,0.0,1.0,1.0,2.0,1,5.0,2026-08-18 11:55:00+05:30,1.4583333333333333,0.7291666666666666,0.0,0.0,1.4304653679653678,0.27976190476190477
2026-08-18 12:05:00+05:30,2026-08-18 12:10:00+05:30,2026-08-18 12:10:00+05:30,11,8,1.0,2.7755575615628914e-17,1.0,1.0,2.0,1,5.0,2026-08-18 12:00:00+05:30,1.2196969696969697,0.6098484848484849,0.0,0.0,1.0116341991341993,0.4943181818181819
2026-08-18 12:10:00+05:30,2026-08-18 12:15:00+05:30,2026-08-18 12:15:00+05:30,5,14,1.0,6.938893903907228e-17,1.0,1.0,2.0,1,5.0,2026-08-18 12:05:00+05:30,1.6233766233766236,0.8116883116883118,0.0,0.0,1.461688311688312,0.24285714285714283
2026-08-18 12:15:00+05:30,2026-08-18 12:20:00+05:30,2026-08-18 12:20:00+05:30,7,12,0.9999999999999998,1.3877787807814457e-17,1.0,1.0,2.0,1,5.0,2026-08-18 12:10:00+05:30,1.0714285714285714,0.5357142857142857,0.0,0.0,0.9607142857142856,0.5178571428571429
2026-08-18 12:20:00+05:30,2026-08-18 12:25:00+05:30,2026-08-18 12:25:00+05:30,10,9,1.0,5.551115123125783e-17,1.0,1.0,2.0,1,5.0,2026-08-18 12:15:00+05:30,1.2833333333333332,0.6416666666666666,0.0,0.0,1.1496031746031745,0.4277777777777778
2026-08-18 12:25:00+05:30,2026-08-18 12:30:00+05:30,2026-08-18 12:30:00+05:30,9,10,1.0,-5.551115123125783e-17,1.0,1.0,2.0,1,5.0,2026-08-18 12:20:00+05:30,1.0,0.5,0.0,0.0,0.9444444444444446,0.5277777777777778
2026-08-18 12:30:00+05:30,2026-08-18 12:35:00+05:30,2026-08-18 12:35:00+05:30,10,9,1.0,5.551115123125783e-17,1.0,1.0,2.0,1,5.0,2026-08-18 12:25:00+05:30,1.2,0.6,0.0,0.0,1.1555555555555557,0.4222222222222223
2026-08-18 12:35:00+05:30,2026-08-18 12:40:00+05:30,2026-08-18 12:40:00+05:30,9,10,1.0,-5.551115123125783e-17,1.0,1.0,2.0,1,5.0,2026-08-18 12:30:00+05:30,1.0,0.5,0.0,0.0,0.9444444444444446,0.5277777777777778
2026-08-18 12:40:00+05:30,2026-08-18 12:45:00+05:30,2026-08-18 12:45:00+05:30,11,8,1.0,1.3877787807814457e-17,1.0,1.0,2.0,1,5.0,2026-08-18 12:35:00+05:30,0.7636363636363636,0.3818181818181818,0.0,0.0,0.617929292929293,0.6931818181818181
2026-08-18 12:45:00+05:30,2026-08-18 12:50:00+05:30,2026-08-18 12:50:00+05:30,13,6,1.0,5.551115123125783e-17,1.0,1.0,2.0,1,5.0,2026-08-18 12:40:00+05:30,1.6153846153846154,0.8076923076923077,0.0,0.0,1.5804195804195804,0.19230769230769232
2026-08-18 12:50:00+05:30,2026-08-18 12:55:00+05:30,2026-08-18 12:55:00+05:30,9,10,1.0,-5.551115123125783e-17,1.0,1.0,2.0,1,5.0,2026-08-18 12:45:00+05:30,1.4153846153846152,0.7076923076923076,0.0,0.0,1.2632478632478632,0.37777777777777777
2026-08-18 12:55:00+05:30,2026-08-18 13:00:00+05:30,2026-08-18 13:00:00+05:30,9,10,1.0,-4.163336342344337e-17,1.0,1.0,2.0,1,5.0,2026-08-18 12:50:00+05:30,0.6333333333333333,0.31666666666666665,0.0,0.0,0.6333333333333333,0.6833333333333333
2026-08-18 13:00:00+05:30,2026-08-18 13:05:00+05:30,2026-08-18 13:05:00+05:30,12,7,0.9999999999999998,0.0,1.0,1.0,2.0,1,5.0,2026-08-18 12:55:00+05:30,1.1,0.55,0.0,0.0,0.930952380952381,0.5357142857142857
2026-08-18 13:05:00+05:30,2026-08-18 13:10:00+05:30,2026-08-18 13:10:00+05:30,6,13,0.9999999999999999,-8.326672684688674e-17,1.0,1.0,2.0,1,5.0,2026-08-18 13:00:00+05:30,1.282051282051282,0.641025641025641,0.0,0.0,0.9505494505494505,0.5256410256410255
2026-08-18 13:10:00+05:30,2026-08-18 13:15:00+05:30,2026-08-18 13:15:00+05:30,13,6,1.0,4.163336342344337e-17,1.0,1.0,2.0,1,5.0,2026-08-18 13:05:00+05:30,1.2307692307692306,0.6153846153846153,0.0,0.0,0.7820512820512819,0.608974358974359
2026-08-18 13:15:00+05:30,2026-08-18 13:20:00+05:30,2026-08-18 13:20:00+05:30,10,9,1.0,4.163336342344337e-17,1.0,1.0,2.0,1,5.0,2026-08-18 13:10:00+05:30,0.94017094017094,0.47008547008547,0.0,0.0,0.7367521367521367,0.6222222222222223
2026-08-18 13:20:00+05:30,2026-08-18 13:25:00+05:30,2026-08-18 13:25:00+05:30,10,9,1.0,4.163336342344337e-17,1.0,1.0,2.0,1,5.0,2026-08-18 13:15:00+05:30,0.8444444444444443,0.42222222222222217,0.0,0.0,0.8444444444444443,0.5777777777777778
2026-08-18 13:25:00+05:30,2026-08-18 13:30:00+05:30,2026-08-18 13:30:00+05:30,13,6,1.0,5.551115123125783e-17,1.0,1.0,2.0,1,5.0,2026-08-18 13:20:00+05:30,0.9401709401709402,0.4700854700854701,0.0,0.0,0.7367521367521367,0.6410256410256411
2026-08-18 13:30:00+05:30,2026-08-18 13:35:00+05:30,2026-08-18 13:35:00+05:30,11,8,0.9999999999999999,2.7755575615628914e-17,1.0,1.0,2.0,1,5.0,2026-08-18 13:25:00+05:30,1.2115384615384617,0.6057692307692308,0.0,0.0,1.120920745920746,0.44318181818181823
2026-08-18 13:35:00+05:30,2026-08-18 13:40:00+05:30,2026-08-18 13:40:00+05:30,11,8,1.0,2.7755575615628914e-17,1.0,1.0,2.0,1,5.0,2026-08-18 13:30:00+05:30,0.8636363636363635,0.43181818181818177,0.0,0.0,0.8636363636363635,0.5681818181818181
2026-08-18 13:40:00+05:30,2026-08-18 13:45:00+05:30,2026-08-18 13:45:00+05:30,9,10,1.0,-4.163336342344337e-17,1.0,1.0,2.0,1,5.0,2026-08-18 13:35:00+05:30,0.9545454545454544,0.4772727272727272,0.0,0.0,0.831439393939394,0.5833333333333334
2026-08-18 13:45:00+05:30,2026-08-18 13:50:00+05:30,2026-08-18 13:50:00+05:30,8,11,0.9999999999999999,-2.7755575615628914e-17,1.0,1.0,2.0,1,5.0,2026-08-18 13:40:00+05:30,1.2121212121212122,0.6060606060606061,0.0,0.0,1.1685606060606062,0.4147727272727273
2026-08-18 13:50:00+05:30,2026-08-18 13:55:00+05:30,2026-08-18 13:55:00+05:30,9,10,1.0,-5.551115123125783e-17,1.0,1.0,2.0,1,5.0,2026-08-18 13:45:00+05:30,0.606060606060606,0.303030303030303,0.0,0.0,0.5280303030303031,0.7333333333333334
2026-08-18 13:55:00+05:30,2026-08-18 14:00:00+05:30,2026-08-18 14:00:00+05:30,8,11,1.0,-2.7755575615628914e-17,1.0,1.0,2.0,1,5.0,2026-08-18 13:50:00+05:30,1.0101010101010102,0.5050505050505051,0.0,0.0,0.9550505050505051,0.5227272727272727
2026-08-18 14:00:00+05:30,2026-08-18 14:05:00+05:30,2026-08-18 14:05:00+05:30,13,6,1.0,5.551115123125783e-17,1.0,1.0,2.0,1,5.0,2026-08-18 13:55:00+05:30,1.3426573426573425,0.6713286713286712,0.0,0.0,1.1088286713286712,0.4423076923076923
2026-08-18 14:05:00+05:30,2026-08-18 14:10:00+05:30,2026-08-18 14:10:00+05:30,10,9,1.0,5.551115123125783e-17,1.0,1.0,2.0,1,5.0,2026-08-18 14:00:00+05:30,1.3162393162393164,0.6581196581196582,0.0,0.0,1.1914529914529917,0.41111111111111115
2026-08-18 14:10:00+05:30,2026-08-18 14:15:00+05:30,2026-08-18 14:15:00+05:30,9,10,1.0000000000000002,-4.163336342344337e-17,1.0,1.0,2.0,1,5.0,2026-08-18 14:05:00+05:30,0.9999999999999999,0.49999999999999994,0.0,0.0,0.9444444444444444,0.5277777777777778
2026-08-18 14:15:00+05:30,2026-08-18 14:20:00+05:30,2026-08-18 14:20:00+05:30,9,10,1.0,-5.551115123125783e-17,1.0,1.0,2.0,1,5.0,2026-08-18 14:10:00+05:30,1.4777777777777779,0.7388888888888889,0.0,0.0,1.4777777777777779,0.26111111111111107
2026-08-18 14:20:00+05:30,2026-08-18 14:25:00+05:30,2026-08-18 14:25:00+05:30,10,9,1.0,5.551115123125783e-17,1.0,1.0,2.0,1,5.0,2026-08-18 14:15:00+05:30,1.2,0.6,0.0,0.0,1.1555555555555557,0.42222222222222217
2026-08-18 14:25:00+05:30,2026-08-18 14:30:00+05:30,2026-08-18 14:30:00+05:30,11,8,1.0,2.7755575615628914e-17,1.0,1.0,2.0,1,5.0,2026-08-18 14:20:00+05:30,1.4141414141414141,0.7070707070707071,0.0,0.0,1.382070707070707,0.3068181818181818
2026-08-18 14:30:00+05:30,2026-08-18 14:35:00+05:30,2026-08-18 14:35:00+05:30,11,8,1.0,1.3877787807814457e-17,1.0,1.0,2.0,1,5.0,2026-08-18 14:25:00+05:30,1.0795454545454546,0.5397727272727273,0.0,0.0,1.0795454545454546,0.46022727272727276
2026-08-18 14:35:00+05:30,2026-08-18 14:40:00+05:30,2026-08-18 14:40:00+05:30,8,11,0.9999999999999999,-2.7755575615628914e-17,1.0,1.0,2.0,1,5.0,2026-08-18 14:30:00+05:30,1.0909090909090908,0.5454545454545454,0.0,0.0,0.9204545454545455,0.5397727272727273
2026-08-18 14:40:00+05:30,2026-08-18 14:45:00+05:30,2026-08-18 14:45:00+05:30,10,9,1.0,5.551115123125783e-17,1.0,1.0,2.0,1,5.0,2026-08-18 14:35:00+05:30,1.3363636363636366,0.6681818181818183,0.0,0.0,1.2584595959595961,0.37222222222222223
2026-08-18 14:45:00+05:30,2026-08-18 14:50:00+05:30,2026-08-18 14:50:00+05:30,10,9,1.0,5.551115123125783e-17,1.0,1.0,2.0,1,5.0,2026-08-18 14:40:00+05:30,0.8444444444444443,0.42222222222222217,0.0,0.0,0.8444444444444443,0.5777777777777778
2026-08-18 14:50:00+05:30,2026-08-18 14:55:00+05:30,2026-08-18 14:55:00+05:30,9,10,1.0,-4.163336342344337e-17,1.0,1.0,2.0,1,5.0,2026-08-18 14:45:00+05:30,1.2,0.6,0.0,0.0,1.1555555555555557,0.42222222222222217
2026-08-18 14:55:00+05:30,2026-08-18 15:00:00+05:30,2026-08-18 15:00:00+05:30,8,11,0.9999999999999999,-1.3877787807814457e-17,1.0,1.0,2.0,1,5.0,2026-08-18 14:50:00+05:30,1.2121212121212122,0.6060606060606061,0.0,0.0,1.168560606060606,0.4147727272727273
2026-08-18 15:00:00+05:30,2026-08-18 15:05:00+05:30,2026-08-18 15:05:00+05:30,9,10,1.0,-4.163336342344337e-17,1.0,1.0,2.0,1,5.0,2026-08-18 14:55:00+05:30,1.4141414141414141,0.7070707070707071,0.0,0.0,1.382070707070707,0.31111111111111106
2026-08-18 15:05:00+05:30,2026-08-18 15:10:00+05:30,2026-08-18 15:10:00+05:30,10,9,1.0,5.551115123125783e-17,1.0,1.0,2.0,1,5.0,2026-08-18 15:00:00+05:30,1.4000000000000004,0.7000000000000002,0.0,0.0,1.3666666666666667,0.31666666666666665
2026-08-18 15:10:00+05:30,2026-08-18 15:15:00+05:30,2026-08-18 15:15:00+05:30,9,10,1.0,-4.163336342344337e-17,1.0,1.0,2.0,1,5.0,2026-08-18 15:05:00+05:30,1.2,0.6,0.0,0.0,1.1555555555555557,0.4222222222222222
2026-08-18 15:15:00+05:30,2026-08-18 15:20:00+05:30,2026-08-18 15:20:00+05:30,3,1,0.9999999999999999,-2.7755575615628914e-17,1.0,1.0,2.0,1,5.0,2026-08-18 15:10:00+05:30,1.9000000000000001,0.9500000000000001,0.0,0.8,0.65,0.5
2026-08-18 15:20:00+05:30,2026-08-18 15:25:00+05:30,2026-08-18 15:25:00+05:30,3,1,0.9999999999999999,-5.551115123125783e-17,1.0,1.0,2.0,1,5.0,2026-08-18 15:15:00+05:30,1.3333333333333333,0.6666666666666666,0.0,0.0,1.3333333333333333,0.3333333333333333
2026-08-19 09:15:00+05:30,2026-08-19 09:20:00+05:30,2026-08-19 09:20:00+05:30,3,1,0.9999999999999999,-2.7755575615628914e-17,1.0,1.0,2.0,1,5.0,2026-08-18 15:20:00+05:30,1.3333333333333333,0.6666666666666666,0.0,0.0,1.3333333333333333,0.3333333333333333
2026-08-19 09:20:00+05:30,2026-08-19 09:25:00+05:30,2026-08-19 09:25:00+05:30,8,11,0.9999999999999999,-1.3877787807814457e-17,1.0,1.0,2.0,1,5.0,2026-08-19 09:15:00+05:30,2.0,1.0,0.8011363636363635,0.0,1.1988636363636365,0.0
2026-08-19 09:25:00+05:30,2026-08-19 09:30:00+05:30,2026-08-19 09:30:00+05:30,12,7,0.9999999999999998,0.0,1.0,1.0,2.0,1,5.0,2026-08-19 09:20:00+05:30,1.393939393939394,0.696969696969697,0.0,0.0,1.2326839826839828,0.38095238095238093
2026-08-19 09:30:00+05:30,2026-08-19 09:35:00+05:30,2026-08-19 09:35:00+05:30,9,10,1.0,-5.551115123125783e-17,1.0,1.0,2.0,1,5.0,2026-08-19 09:25:00+05:30,1.4666666666666668,0.7333333333333334,0.0,0.0,1.3682539682539683,0.3222222222222222
2026-08-19 09:35:00+05:30,2026-08-19 09:40:00+05:30,2026-08-19 09:40:00+05:30,9,10,1.0,-5.551115123125783e-17,1.0,1.0,2.0,1,5.0,2026-08-19 09:30:00+05:30,1.2666666666666668,0.6333333333333334,0.0,0.0,1.2666666666666668,0.3666666666666667
2026-08-19 09:40:00+05:30,2026-08-19 09:45:00+05:30,2026-08-19 09:45:00+05:30,10,9,1.0,5.551115123125783e-17,1.0,1.0,2.0,1,5.0,2026-08-19 09:35:00+05:30,1.6,0.8,0.0,0.0,1.577777777777778,0.2111111111111111
2026-08-19 09:45:00+05:30,2026-08-19 09:50:00+05:30,2026-08-19 09:50:00+05:30,8,11,1.0,-2.7755575615628914e-17,1.0,1.0,2.0,1,5.0,2026-08-19 09:40:00+05:30,0.9545454545454545,0.47727272727272724,0.0,0.0,0.831439393939394,0.5852272727272727
2026-08-19 09:50:00+05:30,2026-08-19 09:55:00+05:30,2026-08-19 09:55:00+05:30,10,9,1.0,5.551115123125783e-17,1.0,1.0,2.0,1,5.0,2026-08-19 09:45:00+05:30,0.9545454545454544,0.4772727272727272,0.0,0.0,0.831439393939394,0.5833333333333334
2026-08-19 09:55:00+05:30,2026-08-19 10:00:00+05:30,2026-08-19 10:00:00+05:30,13,6,1.0,5.551115123125783e-17,1.0,1.0,2.0,1,5.0,2026-08-19 09:50:00+05:30,1.1282051282051282,0.5641025641025641,0.0,0.0,0.9641025641025641,0.5192307692307693
2026-08-19 10:00:00+05:30,2026-08-19 10:05:00+05:30,2026-08-19 10:05:00+05:30,9,10,1.0,-4.163336342344337e-17,1.0,1.0,2.0,1,5.0,2026-08-19 09:55:00+05:30,1.2384615384615385,0.6192307692307693,0.0,0.0,1.035897435897436,0.48333333333333334
2026-08-19 10:05:00+05:30,2026-08-19 10:10:00+05:30,2026-08-19 10:10:00+05:30,7,12,0.9999999999999998,0.0,1.0,1.0,2.0,1,5.0,2026-08-19 10:00:00+05:30,0.9722222222222222,0.4861111111111111,0.0,0.0,0.8503968253968254,0.5773809523809522
2026-08-19 10:10:00+05:30,2026-08-19 10:15:00+05:30,2026-08-19 10:15:00+05:30,11,8,1.0,2.7755575615628914e-17,1.0,1.0,2.0,1,5.0,2026-08-19 10:05:00+05:30,1.5681818181818181,0.7840909090909091,0.0,0.0,1.4537337662337664,0.27840909090909094
2026-08-19 10:15:00+05:30,2026-08-19 10:20:00+05:30,2026-08-19 10:20:00+05:30,11,8,1.0,5.551115123125783e-17,1.0,1.0,2.0,1,5.0,2026-08-19 10:10:00+05:30,0.4318181818181818,0.2159090909090909,0.0,0.0,0.4318181818181818,0.7840909090909091
2026-08-19 10:20:00+05:30,2026-08-19 10:25:00+05:30,2026-08-19 10:25:00+05:30,10,9,1.0,5.551115123125783e-17,1.0,1.0,2.0,1,5.0,2026-08-19 10:15:00+05:30,1.2121212121212122,0.6060606060606061,0.0,0.0,1.168560606060606,0.41666666666666663
2026-08-19 10:25:00+05:30,2026-08-19 10:30:00+05:30,2026-08-19 10:30:00+05:30,12,7,0.9999999999999998,0.0,1.0,1.0,2.0,1,5.0,2026-08-19 10:20:00+05:30,1.1666666666666665,0.5833333333333333,0.0,0.0,1.069047619047619,0.4642857142857142
2026-08-19 10:30:00+05:30,2026-08-19 10:35:00+05:30,2026-08-19 10:35:00+05:30,10,9,1.0,5.551115123125783e-17,1.0,1.0,2.0,1,5.0,2026-08-19 10:25:00+05:30,0.7777777777777777,0.38888888888888884,0.0,0.0,0.6317460317460317,0.6777777777777779
2026-08-19 10:35:00+05:30,2026-08-19 10:40:00+05:30,2026-08-19 10:40:00+05:30,12,7,0.9999999999999998,0.0,1.0,1.0,2.0,1,5.0,2026-08-19 10:30:00+05:30,1.3611111111111112,0.6805555555555556,0.0,0.0,1.2876984126984126,0.3511904761904762
2026-08-19 10:40:00+05:30,2026-08-19 10:45:00+05:30,2026-08-19 10:45:00+05:30,8,11,1.0,-1.3877787807814457e-17,1.0,1.0,2.0,1,5.0,2026-08-19 10:35:00+05:30,1.5681818181818181,0.7840909090909091,0.0,0.0,1.4537337662337664,0.27840909090909094
2026-08-19 10:45:00+05:30,2026-08-19 10:50:00+05:30,2026-08-19 10:50:00+05:30,11,8,1.0,1.3877787807814457e-17,1.0,1.0,2.0,1,5.0,2026-08-19 10:40:00+05:30,1.2727272727272727,0.6363636363636364,0.0,0.0,1.1363636363636362,0.4318181818181818
2026-08-19 10:50:00+05:30,2026-08-19 10:55:00+05:30,2026-08-19 10:55:00+05:30,10,9,1.0,5.551115123125783e-17,1.0,1.0,2.0,1,5.0,2026-08-19 10:45:00+05:30,0.8080808080808081,0.40404040404040403,0.0,0.0,0.7415404040404041,0.6277777777777779
2026-08-19 10:55:00+05:30,2026-08-19 11:00:00+05:30,2026-08-19 11:00:00+05:30,8,11,1.0,-1.3877787807814457e-17,1.0,1.0,2.0,1,5.0,2026-08-19 10:50:00+05:30,1.1454545454545453,0.5727272727272726,0.0,0.0,1.044949494949495,0.4772727272727273
2026-08-19 11:00:00+05:30,2026-08-19 11:05:00+05:30,2026-08-19 11:05:00+05:30,9,10,1.0,-4.163336342344337e-17,1.0,1.0,2.0,1,5.0,2026-08-19 10:55:00+05:30,1.0101010101010104,0.5050505050505052,0.0,0.0,0.9550505050505051,0.5222222222222223
2026-08-19 11:05:00+05:30,2026-08-19 11:10:00+05:30,2026-08-19 11:10:00+05:30,8,11,0.9999999999999999,0.0,1.0,1.0,2.0,1,5.0,2026-08-19 11:00:00+05:30,1.0101010101010104,0.5050505050505052,0.0,0.0,0.9550505050505051,0.5227272727272727
2026-08-19 11:10:00+05:30,2026-08-19 11:15:00+05:30,2026-08-19 11:15:00+05:30,10,9,1.0,5.551115123125783e-17,1.0,1.0,2.0,1,5.0,2026-08-19 11:05:00+05:30,1.1454545454545455,0.5727272727272728,0.0,0.0,1.044949494949495,0.47777777777777775
2026-08-19 11:15:00+05:30,2026-08-19 11:20:00+05:30,2026-08-19 11:20:00+05:30,9,10,1.0,-5.551115123125783e-17,1.0,1.0,2.0,1,5.0,2026-08-19 11:10:00+05:30,1.0,0.5,0.0,0.0,0.9444444444444444,0.5277777777777778
2026-08-19 11:20:00+05:30,2026-08-19 11:25:00+05:30,2026-08-19 11:25:00+05:30,11,8,0.9999999999999999,1.3877787807814457e-17,1.0,1.0,2.0,1,5.0,2026-08-19 11:15:00+05:30,0.9545454545454545,0.47727272727272724,0.0,0.0,0.831439393939394,0.5852272727272727
2026-08-19 11:25:00+05:30,2026-08-19 11:30:00+05:30,2026-08-19 11:30:00+05:30,12,7,0.9999999999999998,0.0,1.0,1.0,2.0,1,5.0,2026-08-19 11:20:00+05:30,1.0416666666666665,0.5208333333333333,0.0,0.0,0.9883658008658008,0.5059523809523809
2026-08-19 11:30:00+05:30,2026-08-19 11:35:00+05:30,2026-08-19 11:35:00+05:30,11,8,1.0,2.7755575615628914e-17,1.0,1.0,2.0,1,5.0,2026-08-19 11:25:00+05:30,1.25,0.625,0.0,0.0,1.2094155844155843,0.39772727272727276
2026-08-19 11:35:00+05:30,2026-08-19 11:40:00+05:30,2026-08-19 11:40:00+05:30,12,7,0.9999999999999998,6.938893903907228e-18,1.0,1.0,2.0,1,5.0,2026-08-19 11:30:00+05:30,1.0416666666666667,0.5208333333333334,0.0,0.0,0.988365800865801,0.5059523809523808
2026-08-19 11:40:00+05:30,2026-08-19 11:45:00+05:30,2026-08-19 11:45:00+05:30,10,9,1.0000000000000002,4.163336342344337e-17,1.0,1.0,2.0,1,5.0,2026-08-19 11:35:00+05:30,1.1666666666666665,0.5833333333333333,0.0,0.0,1.069047619047619,0.4666666666666667
2026-08-19 11:45:00+05:30,2026-08-19 11:50:00+05:30,2026-08-19 11:50:00+05:30,11,8,1.0,1.3877787807814457e-17,1.0,1.0,2.0,1,5.0,2026-08-19 11:40:00+05:30,1.2121212121212122,0.6060606060606061,0.0,0.0,1.1685606060606062,0.4147727272727273
2026-08-19 11:50:00+05:30,2026-08-19 11:55:00+05:30,2026-08-19 11:55:00+05:30,9,10,1.0000000000000002,-4.163336342344337e-17,1.0,1.0,2.0,1,5.0,2026-08-19 11:45:00+05:30,0.9545454545454545,0.47727272727272724,0.0,0.0,0.831439393939394,0.5833333333333334
2026-08-19 11:55:00+05:30,2026-08-19 12:00:00+05:30,2026-08-19 12:00:00+05:30,8,11,1.0,0.0,1.0,1.0,2.0,1,5.0,2026-08-19 11:50:00+05:30,0.8080808080808082,0.4040404040404041,0.0,0.0,0.7415404040404041,0.6306818181818181
2026-08-19 12:00:00+05:30,2026-08-19 12:05:00+05:30,2026-08-19 12:05:00+05:30,11,8,1.0,1.3877787807814457e-17,1.0,1.0,2.0,1,5.0,2026-08-19 11:55:00+05:30,1.0909090909090908,0.5454545454545454,0.0,0.0,0.9204545454545454,0.5397727272727273
2026-08-19 12:05:00+05:30,2026-08-19 12:10:00+05:30,2026-08-19 12:10:00+05:30,11,8,0.9999999999999999,1.3877787807814457e-17,1.0,1.0,2.0,1,5.0,2026-08-19 12:00:00+05:30,1.0795454545454546,0.5397727272727273,0.0,0.0,1.0795454545454546,0.46022727272727276
2026-08-19 12:10:00+05:30,2026-08-19 12:15:00+05:30,2026-08-19 12:15:00+05:30,9,10,1.0,-4.163336342344337e-17,1.0,1.0,2.0,1,5.0,2026-08-19 12:05:00+05:30,0.7636363636363634,0.3818181818181817,0.0,0.0,0.617929292929293,0.6888888888888889
2026-08-19 12:15:00+05:30,2026-08-19 12:20:00+05:30,2026-08-19 12:20:00+05:30,12,7,0.9999999999999998,-1.3877787807814457e-17,1.0,1.0,2.0,1,5.0,2026-08-19 12:10:00+05:30,1.2833333333333332,0.6416666666666666,0.0,0.0,1.1496031746031745,0.42261904761904767
2026-08-19 12:20:00+05:30,2026-08-19 12:25:00+05:30,2026-08-19 12:25:00+05:30,9,10,1.0,-5.551115123125783e-17,1.0,1.0,2.0,1,5.0,2026-08-19 12:15:00+05:30,1.2833333333333332,0.6416666666666666,0.0,0.0,1.1496031746031745,0.4277777777777778
2026-08-19 12:25:00+05:30,2026-08-19 12:30:00+05:30,2026-08-19 12:30:00+05:30,10,9,1.0,5.551115123125783e-17,1.0,1.0,2.0,1,5.0,2026-08-19 12:20:00+05:30,1.0,0.5,0.0,0.0,0.9444444444444444,0.5277777777777778
2026-08-19 12:30:00+05:30,2026-08-19 12:35:00+05:30,2026-08-19 12:35:00+05:30,10,9,1.0,5.551115123125783e-17,1.0,1.0,2.0,1,5.0,2026-08-19 12:25:00+05:30,0.8444444444444443,0.42222222222222217,0.0,0.0,0.8444444444444443,0.5777777777777778
2026-08-19 12:35:00+05:30,2026-08-19 12:40:00+05:30,2026-08-19 12:40:00+05:30,8,11,1.0,-1.3877787807814457e-17,1.0,1.0,2.0,1,5.0,2026-08-19 12:30:00+05:30,1.1454545454545453,0.5727272727272726,0.0,0.0,1.044949494949495,0.47727272727272735
2026-08-19 12:40:00+05:30,2026-08-19 12:45:00+05:30,2026-08-19 12:45:00+05:30,9,10,1.0,-5.551115123125783e-17,1.0,1.0,2.0,1,5.0,2026-08-19 12:35:00+05:30,1.4141414141414141,0.7070707070707071,0.0,0.0,1.3820707070707072,0.31111111111111106
2026-08-19 12:45:00+05:30,2026-08-19 12:50:00+05:30,2026-08-19 12:50:00+05:30,12,7,0.9999999999999998,0.0,1.0,1.0,2.0,1,5.0,2026-08-19 12:40:00+05:30,1.0999999999999999,0.5499999999999999,0.0,0.0,0.930952380952381,0.5357142857142857
2026-08-19 12:50:00+05:30,2026-08-19 12:55:00+05:30,2026-08-19 12:55:00+05:30,12,7,0.9999999999999998,0.0,1.0,1.0,2.0,1,5.0,2026-08-19 12:45:00+05:30,0.45238095238095233,0.22619047619047616,0.0,0.0,0.45238095238095233,0.7738095238095236
2026-08-19 12:55:00+05:30,2026-08-19 13:00:00+05:30,2026-08-19 13:00:00+05:30,10,9,1.0,5.551115123125783e-17,1.0,1.0,2.0,1,5.0,2026-08-19 12:50:00+05:30,0.7777777777777777,0.38888888888888884,0.0,0.0,0.6317460317460317,0.6777777777777778
2026-08-19 13:00:00+05:30,2026-08-19 13:05:00+05:30,2026-08-19 13:05:00+05:30,11,8,1.0,2.7755575615628914e-17,1.0,1.0,2.0,1,5.0,2026-08-19 12:55:00+05:30,1.0101010101010102,0.5050505050505051,0.0,0.0,0.955050505050505,0.5227272727272727
2026-08-19 13:05:00+05:30,2026-08-19 13:10:00+05:30,2026-08-19 13:10:00+05:30,11,8,1.0,0.0,1.0,1.0,2.0,1,5.0,2026-08-19 13:00:00+05:30,1.0795454545454546,0.5397727272727273,0.0,0.0,1.0795454545454546,0.46022727272727276
2026-08-19 13:10:00+05:30,2026-08-19 13:15:00+05:30,2026-08-19 13:15:00+05:30,9,10,1.0,-5.551115123125783e-17,1.0,1.0,2.0,1,5.0,2026-08-19 13:05:00+05:30,1.3363636363636362,0.6681818181818181,0.0,0.0,1.2584595959595961,0.37222222222222223
2026-08-19 13:15:00+05:30,2026-08-19 13:20:00+05:30,2026-08-19 13:20:00+05:30,7,12,0.9999999999999998,0.0,1.0,1.0,2.0,1,5.0,2026-08-19 13:10:00+05:30,1.1666666666666665,0.5833333333333333,0.0,0.0,1.069047619047619,0.4642857142857143
2026-08-19 13:20:00+05:30,2026-08-19 13:25:00+05:30,2026-08-19 13:25:00+05:30,10,9,1.0,5.551115123125783e-17,1.0,1.0,2.0,1,5.0,2026-08-19 13:15:00+05:30,1.2833333333333332,0.6416666666666666,0.0,0.0,1.1496031746031745,0.4277777777777778
2026-08-19 13:25:00+05:30,2026-08-19 13:30:00+05:30,2026-08-19 13:30:00+05:30,7,12,0.9999999999999998,0.0,1.0,1.0,2.0,1,5.0,2026-08-19 13:20:00+05:30,1.2833333333333332,0.6416666666666666,0.0,0.0,1.1496031746031745,0.4226190476190476
2026-08-19 13:30:00+05:30,2026-08-19 13:35:00+05:30,2026-08-19 13:35:00+05:30,8,11,1.0,-2.7755575615628914e-17,1.0,1.0,2.0,1,5.0,2026-08-19 13:25:00+05:30,0.8333333333333333,0.41666666666666663,0.0,0.0,0.7673160173160173,0.6136363636363635
2026-08-19 13:35:00+05:30,2026-08-19 13:40:00+05:30,2026-08-19 13:40:00+05:30,10,9,1.0,5.551115123125783e-17,1.0,1.0,2.0,1,5.0,2026-08-19 13:30:00+05:30,0.9545454545454544,0.4772727272727272,0.0,0.0,0.831439393939394,0.5833333333333334
2026-08-19 13:40:00+05:30,2026-08-19 13:45:00+05:30,2026-08-19 13:45:00+05:30,9,10,1.0000000000000002,-4.163336342344337e-17,1.0,1.0,2.0,1,5.0,2026-08-19 13:35:00+05:30,0.9999999999999999,0.49999999999999994,0.0,0.0,0.9444444444444444,0.5277777777777778
2026-08-19 13:45:00+05:30,2026-08-19 13:50:00+05:30,2026-08-19 13:50:00+05:30,8,11,1.0,-2.7755575615628914e-17,1.0,1.0,2.0,1,5.0,2026-08-19 13:40:00+05:30,1.2121212121212122,0.6060606060606061,0.0,0.0,1.1685606060606062,0.4147727272727273
2026-08-19 13:50:00+05:30,2026-08-19 13:55:00+05:30,2026-08-19 13:55:00+05:30,11,8,0.9999999999999999,1.3877787807814457e-17,1.0,1.0,2.0,1,5.0,2026-08-19 13:45:00+05:30,1.090909090909091,0.5454545454545455,0.0,0.0,0.9204545454545455,0.5397727272727273
2026-08-19 13:55:00+05:30,2026-08-19 14:00:00+05:30,2026-08-19 14:00:00+05:30,9,10,1.0,-5.551115123125783e-17,1.0,1.0,2.0,1,5.0,2026-08-19 13:50:00+05:30,1.3363636363636364,0.6681818181818182,0.0,0.0,1.2584595959595961,0.37222222222222223
2026-08-19 14:00:00+05:30,2026-08-19 14:05:00+05:30,2026-08-19 14:05:00+05:30,11,8,1.0,1.3877787807814457e-17,1.0,1.0,2.0,1,5.0,2026-08-19 13:55:00+05:30,0.9545454545454544,0.4772727272727272,0.0,0.0,0.831439393939394,0.5852272727272727
2026-08-19 14:05:00+05:30,2026-08-19 14:10:00+05:30,2026-08-19 14:10:00+05:30,9,10,1.0,-4.163336342344337e-17,1.0,1.0,2.0,1,5.0,2026-08-19 14:00:00+05:30,1.3363636363636364,0.6681818181818182,0.0,0.0,1.2584595959595961,0.37222222222222223
2026-08-19 14:10:00+05:30,2026-08-19 14:15:00+05:30,2026-08-19 14:15:00+05:30,10,9,1.0,5.551115123125783e-17,1.0,1.0,2.0,1,5.0,2026-08-19 14:05:00+05:30,1.0,0.5,0.0,0.0,0.9444444444444444,0.5277777777777778
2026-08-19 14:15:00+05:30,2026-08-19 14:20:00+05:30,2026-08-19 14:20:00+05:30,7,12,0.9999999999999998,1.3877787807814457e-17,1.0,1.0,2.0,1,5.0,2026-08-19 14:10:00+05:30,1.2833333333333332,0.6416666666666666,0.0,0.0,1.1496031746031745,0.4226190476190476
2026-08-19 14:20:00+05:30,2026-08-19 14:25:00+05:30,2026-08-19 14:25:00+05:30,11,8,1.0,0.0,1.0,1.0,2.0,1,5.0,2026-08-19 14:15:00+05:30,1.2196969696969697,0.6098484848484849,0.0,0.0,1.011634199134199,0.4943181818181818
2026-08-19 14:25:00+05:30,2026-08-19 14:30:00+05:30,2026-08-19 14:30:00+05:30,9,10,1.0,-5.551115123125783e-17,1.0,1.0,2.0,1,5.0,2026-08-19 14:20:00+05:30,1.3363636363636364,0.6681818181818182,0.0,0.0,1.2584595959595961,0.3722222222222222
2026-08-19 14:30:00+05:30,2026-08-19 14:35:00+05:30,2026-08-19 14:35:00+05:30,8,11,1.0,-2.7755575615628914e-17,1.0,1.0,2.0,1,5.0,2026-08-19 14:25:00+05:30,1.2121212121212122,0.6060606060606061,0.0,0.0,1.168560606060606,0.4147727272727273
2026-08-19 14:35:00+05:30,2026-08-19 14:40:00+05:30,2026-08-19 14:40:00+05:30,9,10,1.0,-5.551115123125783e-17,1.0,1.0,2.0,1,5.0,2026-08-19 14:30:00+05:30,1.0101010101010102,0.5050505050505051,0.0,0.0,0.955050505050505,0.5222222222222221
2026-08-19 14:40:00+05:30,2026-08-19 14:45:00+05:30,2026-08-19 14:45:00+05:30,9,10,1.0,-5.551115123125783e-17,1.0,1.0,2.0,1,5.0,2026-08-19 14:35:00+05:30,0.8444444444444443,0.42222222222222217,0.0,0.0,0.8444444444444443,0.5777777777777777
2026-08-19 14:45:00+05:30,2026-08-19 14:50:00+05:30,2026-08-19 14:50:00+05:30,11,8,1.0,0.0,1.0,1.0,2.0,1,5.0,2026-08-19 14:40:00+05:30,1.5272727272727271,0.7636363636363636,0.0,0.0,1.4719696969696972,0.26136363636363635
2026-08-19 14:50:00+05:30,2026-08-19 14:55:00+05:30,2026-08-19 14:55:00+05:30,9,10,1.0,-4.163336342344337e-17,1.0,1.0,2.0,1,5.0,2026-08-19 14:45:00+05:30,1.5272727272727271,0.7636363636363636,0.0,0.0,1.4719696969696972,0.26666666666666666
2026-08-19 14:55:00+05:30,2026-08-19 15:00:00+05:30,2026-08-19 15:00:00+05:30,10,9,1.0,5.551115123125783e-17,1.0,1.0,2.0,1,5.0,2026-08-19 14:50:00+05:30,0.9999999999999999,0.49999999999999994,0.0,0.0,0.9444444444444444,0.5277777777777778
2026-08-19 15:00:00+05:30,2026-08-19 15:05:00+05:30,2026-08-19 15:05:00+05:30,11,8,0.9999999999999999,1.3877787807814457e-17,1.0,1.0,2.0,1,5.0,2026-08-19 14:55:00+05:30,1.6161616161616161,0.8080808080808081,0.0,0.0,1.595580808080808,0.19886363636363635
2026-08-19 15:05:00+05:30,2026-08-19 15:10:00+05:30,2026-08-19 15:10:00+05:30,9,10,1.0,-4.163336342344337e-17,1.0,1.0,2.0,1,5.0,2026-08-19 15:00:00+05:30,1.1454545454545453,0.5727272727272726,0.0,0.0,1.044949494949495,0.47777777777777775
2026-08-19 15:10:00+05:30,2026-08-19 15:15:00+05:30,2026-08-19 15:15:00+05:30,9,10,1.0,-5.551115123125783e-17,1.0,1.0,2.0,1,5.0,2026-08-19 15:05:00+05:30,1.0555555555555556,0.5277777777777778,0.0,0.0,1.0555555555555556,0.4722222222222222
2026-08-19 15:15:00+05:30,2026-08-19 15:20:00+05:30,2026-08-19 15:20:00+05:30,2,2,1.0,0.0,1.0,1.0,2.0,1,5.0,2026-08-19 15:10:00+05:30,1.9000000000000001,0.9500000000000001,0.0,0.7944444444444445,0.9055555555555557,0.25
2026-08-19 15:20:00+05:30,2026-08-19 15:25:00+05:30,2026-08-19 15:25:00+05:30,2,2,1.0,0.0,1.0,1.0,2.0,1,5.0,2026-08-19 15:15:00+05:30,2.0,1.0,0.0,0.0,2.0,0.0
