period,symbol,condition,component,horizon_bars,observations,mean,median,positive_fraction
Q1_time,AXISBANK,prior_negative,close_to_close,1,1629,4.348401886758535e-05,6.53664205626514e-05,0.5230202578268877
Q1_time,BANKBEES,prior_negative,close_to_close,1,1611,9.574838772473351e-05,8.999399141738454e-05,0.5834885164494104
Q1_time,BHARTIARTL,prior_negative,close_to_close,1,1626,-9.778004541823257e-06,3.459098142354224e-06,0.5030750307503075
Q1_time,GOLDBEES,prior_negative,close_to_close,1,1565,2.1060642084198864e-05,5.725272055720791e-05,0.5220447284345048
Q1_time,HCLTECH,prior_negative,close_to_close,1,1691,6.0891099396104774e-05,2.9844857214362313e-05,0.5138971023063276
Q1_time,HDFCBANK,prior_negative,close_to_close,1,1650,1.570162924016262e-06,9.096467573324103e-07,0.5006060606060606
Q1_time,ICICIBANK,prior_negative,close_to_close,1,1699,8.92804203047516e-06,2.1031449733261505e-05,0.5150088287227781
Q1_time,INFY,prior_negative,close_to_close,1,1705,-4.3391504261796156e-05,-3.0302981010853368e-05,0.4850439882697947
Q1_time,ITBEES,prior_negative,close_to_close,1,1690,4.775362384084685e-05,5.333145974291871e-05,0.5384615384615384
Q1_time,ITC,prior_negative,close_to_close,1,1720,8.437124143829769e-06,-9.298711708871028e-06,0.49127906976744184
Q1_time,KOTAKBANK,prior_negative,close_to_close,1,1666,2.579925425951409e-05,1.5263862921154216e-05,0.5102040816326531
Q1_time,LT,prior_negative,close_to_close,1,1654,6.506223658717906e-05,3.640544529510495e-05,0.5217654171704957
Q1_time,M&M,prior_negative,close_to_close,1,1691,3.524485933302719e-05,2.1715268291027582e-05,0.5133057362507392
Q1_time,MARUTI,prior_negative,close_to_close,1,1659,2.8388897126050273e-05,3.86272793247433e-05,0.5207956600361664
Q1_time,NIFTYBEES,prior_negative,close_to_close,1,1640,7.17390743603047e-05,6.789970336477165e-05,0.5969512195121951
Q1_time,RELIANCE,prior_negative,close_to_close,1,1713,4.393702694386051e-05,7.643531874959272e-06,0.5014594279042616
Q1_time,SBIN,prior_negative,close_to_close,1,1698,4.172546750334226e-05,1.3809116179246117e-06,0.5005889281507656
Q1_time,SUNPHARMA,prior_negative,close_to_close,1,1626,3.16984760020977e-05,7.545176955538036e-05,0.5412054120541205
Q1_time,TATASTEEL,prior_negative,close_to_close,1,1697,3.2408429017335335e-05,3.381278160023238e-05,0.5144372421921037
Q1_time,AXISBANK,prior_positive,close_to_close,1,1673,9.058221479587707e-06,-1.547454803022913e-05,0.4907352062163778
Q1_time,BANKBEES,prior_positive,close_to_close,1,1691,-8.623383035794266e-05,-6.65025250389004e-05,0.4435245416913069
Q1_time,BHARTIARTL,prior_positive,close_to_close,1,1676,4.4325773405036554e-05,2.444679403187934e-05,0.5119331742243437
Q1_time,GOLDBEES,prior_positive,close_to_close,1,1737,2.4908687920159912e-05,5.1373620375303216e-05,0.5290731145653426
Q1_time,HCLTECH,prior_positive,close_to_close,1,1611,-4.4106665975787105e-05,-8.50116926651835e-05,0.4605834885164494
Q1_time,HDFCBANK,prior_positive,close_to_close,1,1652,-1.3763578084665176e-05,-5.565996291676076e-07,0.4993946731234867
Q1_time,ICICIBANK,prior_positive,close_to_close,1,1603,-6.552145929521613e-05,-6.249436763778975e-05,0.45477230193387397
Q1_time,INFY,prior_positive,close_to_close,1,1597,1.7248461496042185e-05,-3.608612209686653e-05,0.48215403882279273
Q1_time,ITBEES,prior_positive,close_to_close,1,1612,-7.129903090553887e-05,-8.452140492040989e-05,0.43548387096774194
Q1_time,ITC,prior_positive,close_to_close,1,1582,-5.3218803275783425e-05,-5.119306222680579e-05,0.46523388116308473
Q1_time,KOTAKBANK,prior_positive,close_to_close,1,1636,-4.045091987193977e-05,-4.879361216006407e-05,0.480440097799511
Q1_time,LT,prior_positive,close_to_close,1,1648,-4.338951137740802e-05,-3.961410624535158e-05,0.47572815533980584
Q1_time,M&M,prior_positive,close_to_close,1,1611,-5.435513687521548e-05,-7.469660939548841e-05,0.4605834885164494
Q1_time,MARUTI,prior_positive,close_to_close,1,1643,-5.293563288312771e-05,-5.523328399213866e-05,0.47352404138770543
Q1_time,NIFTYBEES,prior_positive,close_to_close,1,1662,-8.591414111822498e-05,-6.676114268527262e-05,0.4109506618531889
Q1_time,RELIANCE,prior_positive,close_to_close,1,1589,-2.412052205304861e-05,-6.14381739011343e-05,0.460037759597231
Q1_time,SBIN,prior_positive,close_to_close,1,1604,7.1879286895768324e-06,-6.705831766044373e-05,0.470074812967581
Q1_time,SUNPHARMA,prior_positive,close_to_close,1,1676,-8.188409852979028e-06,-3.7229427227203984e-05,0.4755369928400955
Q1_time,TATASTEEL,prior_positive,close_to_close,1,1605,-8.264960185328322e-05,-0.00010362463288165417,0.45607476635514016
Q1_time,AXISBANK,prior_negative,close_to_close,2,1629,4.395740390699019e-05,2.7976915443810794e-05,0.5131982811540823
Q1_time,BANKBEES,prior_negative,close_to_close,2,1611,-1.9183473615996304e-06,2.4824206717720556e-05,0.5176908752327747
Q1_time,BHARTIARTL,prior_negative,close_to_close,2,1626,2.073646331335549e-05,2.506614920585088e-05,0.5116851168511685
Q1_time,GOLDBEES,prior_negative,close_to_close,2,1565,1.9081125823449088e-05,3.813234217375783e-05,0.5233226837060703
Q1_time,HCLTECH,prior_negative,close_to_close,2,1691,5.649046510469659e-06,-2.4305009889986134e-05,0.4878769958604376
Q1_time,HDFCBANK,prior_negative,close_to_close,2,1650,2.0330558286366837e-05,1.920926680248287e-05,0.5096969696969696
Q1_time,ICICIBANK,prior_negative,close_to_close,2,1699,-5.528059636703984e-05,-2.9459115102720775e-05,0.4785167745732784
Q1_time,INFY,prior_negative,close_to_close,2,1705,-2.286140936768926e-06,-3.608612209686653e-05,0.48035190615835777
Q1_time,ITBEES,prior_negative,close_to_close,2,1690,-7.236303605535311e-06,-5.143864031791222e-06,0.49644970414201184
Q1_time,ITC,prior_negative,close_to_close,2,1720,5.137129375052016e-06,-1.130389090024821e-05,0.49011627906976746
Q1_time,KOTAKBANK,prior_negative,close_to_close,2,1666,-3.356148588121101e-05,-3.631489997437305e-05,0.48139255702280914
Q1_time,LT,prior_negative,close_to_close,2,1654,-2.3735641111739806e-05,-3.267530227062882e-05,0.4782345828295042
Q1_time,M&M,prior_negative,close_to_close,2,1691,-5.318285417769299e-05,-3.467711493161511e-05,0.47782377291543465
Q1_time,MARUTI,prior_negative,close_to_close,2,1659,2.205870784081556e-05,-1.2631739955581978e-05,0.4936708860759494
Q1_time,NIFTYBEES,prior_negative,close_to_close,2,1640,-4.34974155929526e-06,1.1794559343272372e-05,0.5140243902439025
Q1_time,RELIANCE,prior_negative,close_to_close,2,1713,1.5508259603217596e-05,-7.70932472171637e-06,0.49620548744892
Q1_time,SBIN,prior_negative,close_to_close,2,1698,2.7995198026958017e-05,-2.292199709162516e-05,0.48586572438162545
Q1_time,SUNPHARMA,prior_negative,close_to_close,2,1626,2.583573762894169e-05,-2.038804556046009e-07,0.4993849938499385
Q1_time,TATASTEEL,prior_negative,close_to_close,2,1697,-2.124317459208752e-05,-6.539858936646973e-06,0.49616971125515613
Q1_time,AXISBANK,prior_positive,close_to_close,2,1673,8.50101787607931e-06,1.4242521023296315e-06,0.5002988643156007
Q1_time,BANKBEES,prior_positive,close_to_close,2,1691,6.344146208050891e-06,4.9971275072397585e-06,0.5062093435836783
Q1_time,BHARTIARTL,prior_positive,close_to_close,2,1676,1.584782661134035e-05,8.91669923971012e-06,0.5041766109785203
Q1_time,GOLDBEES,prior_positive,close_to_close,2,1737,2.7319254241006835e-05,6.980789652386325e-05,0.5284974093264249
Q1_time,HCLTECH,prior_positive,close_to_close,2,1611,1.2610205101271605e-05,-3.319321856428938e-05,0.4872749844816884
Q1_time,HDFCBANK,prior_positive,close_to_close,2,1652,-3.2311919616356924e-05,-2.25484476783777e-05,0.49031476997578693
Q1_time,ICICIBANK,prior_positive,close_to_close,2,1603,2.1920172283100477e-06,-8.932124542011051e-06,0.49344978165938863
Q1_time,INFY,prior_positive,close_to_close,2,1597,-2.787852711477719e-05,-2.4244479818216497e-05,0.4865372573575454
Q1_time,ITBEES,prior_positive,close_to_close,2,1612,-1.592430085381053e-05,-3.541489377607997e-05,0.47890818858560796
Q1_time,ITC,prior_positive,close_to_close,2,1582,-4.8628117060631285e-05,-4.943555379208827e-05,0.4671302149178255
Q1_time,KOTAKBANK,prior_positive,close_to_close,2,1636,2.0458617624140605e-05,1.4981558770434573e-05,0.5103911980440098
Q1_time,LT,prior_positive,close_to_close,2,1648,4.7384334147456855e-05,3.0637271202881196e-05,0.5200242718446602
Q1_time,M&M,prior_positive,close_to_close,2,1611,3.756566476271191e-05,-6.798008801804254e-06,0.4978274363749224
Q1_time,MARUTI,prior_positive,close_to_close,2,1643,-4.640192844465451e-05,3.131165338275831e-06,0.5009129640900791
Q1_time,NIFTYBEES,prior_positive,close_to_close,2,1662,-1.0839165459594279e-05,-6.856163009913744e-06,0.4927797833935018
Q1_time,RELIANCE,prior_positive,close_to_close,2,1589,6.091197719345401e-06,-5.167520812631658e-05,0.4657016991818754
Q1_time,SBIN,prior_positive,close_to_close,2,1604,2.3158458827449658e-05,-2.7092873017004527e-05,0.486284289276808
Q1_time,SUNPHARMA,prior_positive,close_to_close,2,1676,-2.9381310490808037e-06,2.554954999769063e-05,0.516109785202864
Q1_time,TATASTEEL,prior_positive,close_to_close,2,1605,-2.5181844484467474e-05,-6.204702967977434e-05,0.4753894080996885
Q1_time,AXISBANK,prior_negative,close_to_close,3,1629,-1.4224937174472447e-06,1.8613915200107762e-05,0.5095150399017803
Q1_time,BANKBEES,prior_negative,close_to_close,3,1611,-3.974234734015416e-06,8.917277372560246e-07,0.5015518311607697
Q1_time,BHARTIARTL,prior_negative,close_to_close,3,1626,1.169546898583336e-05,1.8280625398276536e-05,0.5116851168511685
Q1_time,GOLDBEES,prior_negative,close_to_close,3,1565,5.354475786364261e-05,4.682321213618967e-05,0.5233226837060703
Q1_time,HCLTECH,prior_negative,close_to_close,3,1691,1.1366178062442576e-05,-4.153507403799176e-05,0.47723240685984625
Q1_time,HDFCBANK,prior_negative,close_to_close,3,1650,-1.3362901986309389e-05,-2.7893694063508346e-05,0.48727272727272725
Q1_time,ICICIBANK,prior_negative,close_to_close,3,1699,-1.9666301835716392e-05,-1.3232950812162576e-06,0.4991171277221895
Q1_time,INFY,prior_negative,close_to_close,3,1705,-4.2509233616006994e-05,-2.7971781527019106e-05,0.4873900293255132
Q1_time,ITBEES,prior_negative,close_to_close,3,1690,5.392971906596646e-06,-1.7077785173393485e-05,0.4911242603550296
Q1_time,ITC,prior_negative,close_to_close,3,1720,-3.5270646086381314e-05,-4.417898675278717e-05,0.4686046511627907
Q1_time,KOTAKBANK,prior_negative,close_to_close,3,1666,-9.324619314512343e-06,-1.2492592584579918e-05,0.4963985594237695
Q1_time,LT,prior_negative,close_to_close,3,1654,-5.434605412608971e-07,-2.1004075808813305e-05,0.4860943168077388
Q1_time,M&M,prior_negative,close_to_close,3,1691,-9.399607062939259e-06,-4.4228584507218394e-05,0.48314606741573035
Q1_time,MARUTI,prior_negative,close_to_close,3,1659,-4.192248759812267e-05,-3.219656750764869e-05,0.4864376130198915
Q1_time,NIFTYBEES,prior_negative,close_to_close,3,1640,-3.425353244623761e-06,3.7704209529717286e-06,0.5048780487804878
Q1_time,RELIANCE,prior_negative,close_to_close,3,1713,-1.6004707062224787e-05,-5.280229068154051e-05,0.4705195563339171
Q1_time,SBIN,prior_negative,close_to_close,3,1698,5.202228553502373e-05,-1.4392005317202344e-05,0.4923439340400471
Q1_time,SUNPHARMA,prior_negative,close_to_close,3,1626,1.6714042505993597e-05,2.6332836278915778e-05,0.514760147601476
Q1_time,TATASTEEL,prior_negative,close_to_close,3,1697,-1.2838922505078855e-05,-3.418130964223513e-05,0.48791985857395404
Q1_time,AXISBANK,prior_positive,close_to_close,3,1673,5.356503132496116e-05,1.2502250438978864e-05,0.5038852361028093
Q1_time,BANKBEES,prior_positive,close_to_close,3,1691,8.142967181370914e-06,3.0033803770201928e-05,0.5215848610289769
Q1_time,BHARTIARTL,prior_positive,close_to_close,3,1676,2.655618692195234e-05,1.729895319179601e-05,0.5047732696897375
Q1_time,GOLDBEES,prior_positive,close_to_close,3,1737,-3.261839606686258e-06,5.725272055720791e-05,0.5284974093264249
Q1_time,HCLTECH,prior_positive,close_to_close,3,1611,6.354638982613209e-06,-4.144344821272643e-07,0.49844816883923027
Q1_time,HDFCBANK,prior_positive,close_to_close,3,1652,1.3397567217758264e-06,2.294658299884881e-05,0.5127118644067796
Q1_time,ICICIBANK,prior_positive,close_to_close,3,1603,-3.559362162800567e-05,-3.756407725905947e-05,0.47161572052401746
Q1_time,INFY,prior_positive,close_to_close,3,1597,1.7038755413726586e-05,-4.419945634136379e-05,0.4796493425172198
Q1_time,ITBEES,prior_positive,close_to_close,3,1612,-2.8747768455629626e-05,-2.7642567985307527e-05,0.4844913151364764
Q1_time,ITC,prior_positive,close_to_close,3,1582,-6.5293468796438e-06,-1.6137732023111288e-05,0.48988621997471554
Q1_time,KOTAKBANK,prior_positive,close_to_close,3,1636,-4.620658378414342e-06,-6.3412218017089566e-06,0.4944987775061125
Q1_time,LT,prior_positive,close_to_close,3,1648,2.3225647202286662e-05,2.5936722210884782e-05,0.5115291262135923
Q1_time,M&M,prior_positive,close_to_close,3,1611,-8.52948977481608e-06,-1.3225253250611301e-05,0.49224084419615144
Q1_time,MARUTI,prior_positive,close_to_close,3,1643,1.681317737139266e-05,1.3046394494552351e-05,0.5076080340839927
Q1_time,NIFTYBEES,prior_positive,close_to_close,3,1662,-1.1989357835876693e-05,3.502392442980261e-07,0.5012033694344163
Q1_time,RELIANCE,prior_positive,close_to_close,3,1589,4.097312121628514e-05,-8.892967938249147e-06,0.4933920704845815
Q1_time,SBIN,prior_positive,close_to_close,3,1604,-1.8065372858185496e-06,-3.2716800546561675e-05,0.4800498753117207
Q1_time,SUNPHARMA,prior_positive,close_to_close,3,1676,6.509216011075897e-06,5.058157114357716e-06,0.5017899761336515
Q1_time,TATASTEEL,prior_positive,close_to_close,3,1605,-3.65027220050945e-05,-3.216198497837633e-05,0.4834890965732087
Q1_time,AXISBANK,prior_negative,close_to_close,6,1629,4.838915420693036e-05,8.077487553555715e-05,0.5285451197053407
Q1_time,BANKBEES,prior_negative,close_to_close,6,1611,-7.027189742071756e-06,1.9566957039881177e-05,0.5176908752327747
Q1_time,BHARTIARTL,prior_negative,close_to_close,6,1626,2.9437594034905727e-05,2.956197487929966e-05,0.5141451414514145
Q1_time,GOLDBEES,prior_negative,close_to_close,6,1565,3.522763514443386e-05,5.1373620375303216e-05,0.5214057507987221
Q1_time,HCLTECH,prior_negative,close_to_close,6,1691,6.766877727723568e-06,-3.246726571363523e-05,0.4861028976936724
Q1_time,HDFCBANK,prior_negative,close_to_close,6,1650,1.4479144445649592e-05,9.619809236367021e-06,0.5048484848484849
Q1_time,ICICIBANK,prior_negative,close_to_close,6,1699,-2.405784343089826e-05,-2.1272991869979293e-05,0.48793407886992346
Q1_time,INFY,prior_negative,close_to_close,6,1705,2.470338108848203e-06,-4.256974213527148e-05,0.4774193548387097
Q1_time,ITBEES,prior_negative,close_to_close,6,1690,-3.150977979288117e-05,-3.55405053843954e-05,0.47810650887573963
Q1_time,ITC,prior_negative,close_to_close,6,1720,-1.6554201134887938e-05,-3.814519041964171e-05,0.47325581395348837
Q1_time,KOTAKBANK,prior_negative,close_to_close,6,1666,-5.015938991777757e-05,-1.94653008762122e-05,0.4891956782713085
Q1_time,LT,prior_negative,close_to_close,6,1654,5.6023909075503685e-05,4.001975900524052e-05,0.5181378476420798
Q1_time,M&M,prior_negative,close_to_close,6,1691,-1.4693381979104251e-06,-9.876242979292257e-06,0.4931992903607333
Q1_time,MARUTI,prior_negative,close_to_close,6,1659,-1.012863877900424e-05,1.2686645809136996e-06,0.5015069318866787
Q1_time,NIFTYBEES,prior_negative,close_to_close,6,1640,1.213773539330562e-07,-3.4546256090349113e-07,0.499390243902439
Q1_time,RELIANCE,prior_negative,close_to_close,6,1713,1.804061917797549e-05,-2.820444657204558e-05,0.4798598949211909
Q1_time,SBIN,prior_negative,close_to_close,6,1698,1.5169962721142623e-05,-4.6056001911635544e-05,0.4752650176678445
Q1_time,SUNPHARMA,prior_negative,close_to_close,6,1626,4.615724880126705e-05,2.7373383182103584e-05,0.5202952029520295
Q1_time,TATASTEEL,prior_negative,close_to_close,6,1697,-4.609868618009703e-05,-6.322424635672264e-05,0.47672362993517975
Q1_time,AXISBANK,prior_positive,close_to_close,6,1673,1.5275684995007963e-06,-3.849520339582746e-05,0.4847579199043634
Q1_time,BANKBEES,prior_positive,close_to_close,6,1691,9.808277888406991e-06,6.66268030543223e-06,0.5050266114725015
Q1_time,BHARTIARTL,prior_positive,close_to_close,6,1676,1.2681018373952817e-05,1.0682638767211478e-05,0.5035799522673031
Q1_time,GOLDBEES,prior_positive,close_to_close,6,1737,1.5102090922927636e-05,5.953129722130468e-05,0.5308002302820956
Q1_time,HCLTECH,prior_positive,close_to_close,6,1611,1.1248676219215163e-05,-1.970546329403843e-05,0.489137181874612
Q1_time,HDFCBANK,prior_positive,close_to_close,6,1652,-2.9178167069591418e-05,-1.2374428229220774e-05,0.49455205811138014
Q1_time,ICICIBANK,prior_positive,close_to_close,6,1603,-2.9180435587586198e-05,-1.650909672005574e-05,0.4840923268870867
Q1_time,INFY,prior_positive,close_to_close,6,1597,-3.2565743051090835e-05,-1.4849410559341562e-05,0.49029430181590483
Q1_time,ITBEES,prior_positive,close_to_close,6,1612,1.0610502623098312e-05,-2.6468720543188677e-06,0.4987593052109181
Q1_time,ITC,prior_positive,close_to_close,6,1582,-2.631354020663085e-05,-1.8749215057225073e-05,0.4854614412136536
Q1_time,KOTAKBANK,prior_positive,close_to_close,6,1636,3.4109851655403455e-05,8.815933645446128e-07,0.5006112469437652
Q1_time,LT,prior_positive,close_to_close,6,1648,-3.2073347280039926e-05,-2.9349366297257466e-05,0.48058252427184467
Q1_time,M&M,prior_positive,close_to_close,6,1611,-1.6114950996453727e-05,-4.170554719779624e-05,0.48168839230291743
Q1_time,MARUTI,prior_positive,close_to_close,6,1643,-1.58826285598065e-05,-1.3292567955514034e-05,0.4930006086427267
Q1_time,NIFTYBEES,prior_positive,close_to_close,6,1662,-1.4704901723717683e-05,4.92730963351043e-06,0.50661853188929
Q1_time,RELIANCE,prior_positive,close_to_close,6,1589,2.5557838360017194e-06,-3.09952077525587e-05,0.48332284455632474
Q1_time,SBIN,prior_positive,close_to_close,6,1604,3.565290124260729e-05,-6.267947134800764e-06,0.4981296758104738
Q1_time,SUNPHARMA,prior_positive,close_to_close,6,1676,-1.9584070320689312e-05,-9.603412881553026e-06,0.4970167064439141
Q1_time,TATASTEEL,prior_positive,close_to_close,6,1605,5.876516936284428e-07,-6.501111837062564e-06,0.49595015576323986
Q1_time,AXISBANK,prior_negative,close_to_close,12,1629,6.487206535598103e-05,1.8210017119256618e-05,0.5070595457335789
Q1_time,BANKBEES,prior_negative,close_to_close,12,1611,-3.2394721930889515e-06,1.2383153600846621e-05,0.5096213531967722
Q1_time,BHARTIARTL,prior_negative,close_to_close,12,1626,4.683145825917529e-05,3.103891383501867e-05,0.5178351783517835
Q1_time,GOLDBEES,prior_negative,close_to_close,12,1565,2.0142585416569938e-05,4.4176572434945845e-05,0.5239616613418531
Q1_time,HCLTECH,prior_negative,close_to_close,12,1691,5.277344644383269e-05,-1.045466210180473e-05,0.4943820224719101
Q1_time,HDFCBANK,prior_negative,close_to_close,12,1650,-1.1988199091750633e-05,-7.6881655397296e-06,0.49575757575757573
Q1_time,ICICIBANK,prior_negative,close_to_close,12,1699,-4.9489580040418223e-05,-2.3972312835715862e-05,0.48087110064743965
Q1_time,INFY,prior_negative,close_to_close,12,1705,-1.285421097321544e-05,-2.200796160696362e-05,0.48856304985337246
Q1_time,ITBEES,prior_negative,close_to_close,12,1690,9.881162024492068e-06,-1.1911571534051776e-05,0.4940828402366864
Q1_time,ITC,prior_negative,close_to_close,12,1720,-2.967828218538415e-05,-4.263673819565914e-05,0.4703488372093023
Q1_time,KOTAKBANK,prior_negative,close_to_close,12,1666,9.408809973600927e-06,-3.247481084014671e-06,0.49759903961584634
Q1_time,LT,prior_negative,close_to_close,12,1654,5.2484199669675976e-05,1.9014110677219808e-05,0.5126964933494559
Q1_time,M&M,prior_negative,close_to_close,12,1691,-2.417213720437388e-05,-4.96554985488938e-05,0.48137196924896514
Q1_time,MARUTI,prior_negative,close_to_close,12,1659,-2.7164319493242364e-05,-1.3643022311413437e-05,0.4918625678119349
Q1_time,NIFTYBEES,prior_negative,close_to_close,12,1640,-2.454319559985359e-05,-1.6181630841737802e-05,0.48109756097560974
Q1_time,RELIANCE,prior_negative,close_to_close,12,1713,2.2114115712493578e-05,-2.266629119784813e-06,0.4985405720957385
Q1_time,SBIN,prior_negative,close_to_close,12,1698,4.120379248465018e-05,-1.9958191358261513e-05,0.4840989399293286
Q1_time,SUNPHARMA,prior_negative,close_to_close,12,1626,-1.1950215520514374e-05,1.589452647922219e-05,0.5079950799507995
Q1_time,TATASTEEL,prior_negative,close_to_close,12,1697,-2.805690406855116e-05,-5.655955301143837e-05,0.4779021803182086
Q1_time,AXISBANK,prior_positive,close_to_close,12,1673,-1.410522868494132e-05,9.941104332475675e-06,0.5050806933652122
Q1_time,BANKBEES,prior_positive,close_to_close,12,1691,5.377211203770434e-06,1.2920930523167395e-05,0.5121230041395624
Q1_time,BHARTIARTL,prior_positive,close_to_close,12,1676,-5.807346302284682e-06,-5.990775109290373e-07,0.49940334128878283
Q1_time,GOLDBEES,prior_positive,close_to_close,12,1737,3.5000764654317604e-05,6.194885978810176e-05,0.5279217040875072
Q1_time,HCLTECH,prior_positive,close_to_close,12,1611,-3.8912380817422263e-05,-4.732585784493018e-05,0.478584729981378
Q1_time,HDFCBANK,prior_positive,close_to_close,12,1652,-4.710103342962721e-06,8.194984156877852e-06,0.5036319612590799
Q1_time,ICICIBANK,prior_positive,close_to_close,12,1603,-5.897315319597963e-06,-1.650909672005574e-05,0.4897067997504679
Q1_time,INFY,prior_positive,close_to_close,12,1597,-1.7826168629089044e-05,-4.590857255232228e-05,0.4777708202880401
Q1_time,ITBEES,prior_positive,close_to_close,12,1612,-3.2889261380659504e-05,-3.010050104990732e-05,0.4826302729528536
Q1_time,ITC,prior_positive,close_to_close,12,1582,-1.3188991885139295e-05,-1.849640593616792e-05,0.488621997471555
Q1_time,KOTAKBANK,prior_positive,close_to_close,12,1636,-2.9318824775705438e-05,-1.9877474705637388e-05,0.4908312958435208
Q1_time,LT,prior_positive,close_to_close,12,1648,-2.8443537639829136e-05,-2.1997131846329047e-05,0.48604368932038833
Q1_time,M&M,prior_positive,close_to_close,12,1611,5.093005800342879e-06,-8.4437887760321e-06,0.4928615766604593
Q1_time,MARUTI,prior_positive,close_to_close,12,1643,2.732043893780866e-06,7.18021894131123e-06,0.5033475349969568
Q1_time,NIFTYBEES,prior_positive,close_to_close,12,1662,8.29845071780815e-06,1.5251961946047584e-05,0.5234657039711191
Q1_time,RELIANCE,prior_positive,close_to_close,12,1589,5.824493933920999e-06,-5.7330319841015294e-05,0.4657016991818754
Q1_time,SBIN,prior_positive,close_to_close,12,1604,1.1053743156830883e-05,-2.914287639527478e-05,0.49002493765586036
Q1_time,SUNPHARMA,prior_positive,close_to_close,12,1676,3.505959530499022e-05,1.586319456116215e-05,0.5083532219570406
Q1_time,TATASTEEL,prior_positive,close_to_close,12,1605,-1.6206217130797212e-05,-1.0220145814754389e-05,0.49470404984423677
Q1_time,AXISBANK,prior_negative,close_to_open,1,1629,-3.0561566330149635e-06,1.1288570838528954e-06,0.5070595457335789
Q1_time,BANKBEES,prior_negative,close_to_open,1,1611,5.34413555319541e-05,5.044613200290273e-06,0.5456238361266295
Q1_time,BHARTIARTL,prior_negative,close_to_open,1,1626,-1.798760445155702e-05,-8.207781813343276e-07,0.4932349323493235
Q1_time,GOLDBEES,prior_negative,close_to_open,1,1565,7.016748839206749e-05,7.310574280568657e-07,0.5028753993610223
Q1_time,HCLTECH,prior_negative,close_to_open,1,1691,1.5480875422812726e-05,-9.659536616999119e-07,0.4878769958604376
Q1_time,HDFCBANK,prior_negative,close_to_open,1,1650,-5.824990874302241e-06,8.926527872617692e-07,0.5036363636363637
Q1_time,ICICIBANK,prior_negative,close_to_open,1,1699,-1.5791489996705945e-05,-3.2340444867045507e-06,0.47616244849911715
Q1_time,INFY,prior_negative,close_to_open,1,1705,-3.511587095230352e-05,2.1144881767434477e-06,0.513782991202346
Q1_time,ITBEES,prior_negative,close_to_open,1,1690,3.433416547827315e-05,4.029709123819379e-06,0.5295857988165681
Q1_time,ITC,prior_negative,close_to_open,1,1720,2.4283341230922138e-05,3.8454994424619304e-06,0.5203488372093024
Q1_time,KOTAKBANK,prior_negative,close_to_open,1,1666,8.980701406239556e-06,0.0,0.49819927971188477
Q1_time,LT,prior_negative,close_to_open,1,1654,1.254688060047772e-05,-2.095046925976791e-06,0.4818621523579202
Q1_time,M&M,prior_negative,close_to_open,1,1691,9.091465206233863e-06,-8.54277133095e-07,0.4920165582495565
Q1_time,MARUTI,prior_negative,close_to_open,1,1659,2.7695404145428483e-05,-1.8296432707848926e-06,0.48342374924653403
Q1_time,NIFTYBEES,prior_negative,close_to_open,1,1640,5.1555926915717904e-05,1.2369919213260792e-05,0.5786585365853658
Q1_time,RELIANCE,prior_negative,close_to_open,1,1713,2.1156072295145285e-05,3.858966221366907e-06,0.5236427320490368
Q1_time,SBIN,prior_negative,close_to_open,1,1698,3.857708482095371e-05,2.0922267492951008e-06,0.5123674911660777
Q1_time,SUNPHARMA,prior_negative,close_to_open,1,1626,-2.0889518048113345e-05,1.170322757843012e-06,0.509840098400984
Q1_time,TATASTEEL,prior_negative,close_to_open,1,1697,5.858512469918248e-05,9.77631257805441e-06,0.5586328815556865
Q1_time,AXISBANK,prior_positive,close_to_open,1,1673,-1.0090131215030525e-05,-8.521751631586203e-06,0.4465032875074716
Q1_time,BANKBEES,prior_positive,close_to_open,1,1691,1.1327102927906981e-05,-1.8296432707848926e-06,0.48137196924896514
Q1_time,BHARTIARTL,prior_positive,close_to_open,1,1676,-3.065727168234278e-05,-2.2155055458735374e-06,0.4785202863961814
Q1_time,GOLDBEES,prior_positive,close_to_open,1,1737,1.6816289463000945e-05,-3.225652755733943e-06,0.47956246401842256
Q1_time,HCLTECH,prior_positive,close_to_open,1,1611,-3.8264946467466505e-05,-4.950926026006355e-06,0.46679081315952825
Q1_time,HDFCBANK,prior_positive,close_to_open,1,1652,-7.466514753135218e-05,-6.469625533001628e-06,0.4515738498789346
Q1_time,ICICIBANK,prior_positive,close_to_open,1,1603,-6.518716246892086e-05,-6.440674555556007e-06,0.45477230193387397
Q1_time,INFY,prior_positive,close_to_open,1,1597,-1.2173615925767373e-05,-7.894562782729943e-06,0.45021916092673764
Q1_time,ITBEES,prior_positive,close_to_open,1,1612,-2.166176013832151e-06,-5.366373540979488e-06,0.45533498759305213
Q1_time,ITC,prior_positive,close_to_open,1,1582,-2.9006551135894128e-05,-4.962706397502551e-06,0.46776232616940583
Q1_time,KOTAKBANK,prior_positive,close_to_open,1,1636,-2.010330840396281e-05,-5.369760064753857e-06,0.44987775061124696
Q1_time,LT,prior_positive,close_to_open,1,1648,-1.8287559241482736e-05,-6.8456308250888475e-06,0.4484223300970874
Q1_time,M&M,prior_positive,close_to_open,1,1611,-8.856757279712799e-06,-6.125730667475941e-06,0.45189323401613907
Q1_time,MARUTI,prior_positive,close_to_open,1,1643,-1.0347635857587703e-05,-7.80138464157032e-06,0.4424832623250152
Q1_time,NIFTYBEES,prior_positive,close_to_open,1,1662,-5.102348669506704e-06,-9.813733401984697e-06,0.43020457280385077
Q1_time,RELIANCE,prior_positive,close_to_open,1,1589,-1.3975001790226907e-05,-5.380336235995111e-06,0.46507237256135936
Q1_time,SBIN,prior_positive,close_to_open,1,1604,-8.116108348340396e-06,-1.8920834845096803e-06,0.486284289276808
Q1_time,SUNPHARMA,prior_positive,close_to_open,1,1676,-1.3773439870134737e-05,-4.978026933401113e-06,0.46121718377088305
Q1_time,TATASTEEL,prior_positive,close_to_open,1,1605,-5.15936858099237e-07,0.0,0.4996884735202492
Q1_time,AXISBANK,prior_negative,open_to_close,1,1629,4.638639802393699e-05,5.32954837948031e-05,0.525475751995089
Q1_time,BANKBEES,prior_negative,open_to_close,1,1611,4.226476120833088e-05,5.670488755215523e-05,0.547486033519553
Q1_time,BHARTIARTL,prior_negative,open_to_close,1,1626,8.068170350697022e-06,1.1576754656840937e-05,0.503690036900369
Q1_time,GOLDBEES,prior_negative,open_to_close,1,1565,-4.940201212805958e-05,4.2396536670202194e-05,0.5207667731629393
Q1_time,HCLTECH,prior_negative,open_to_close,1,1691,4.517841450474841e-05,3.088585979406212e-05,0.5186280307510349
Q1_time,HDFCBANK,prior_negative,open_to_close,1,1650,7.2831905941400175e-06,-1.3030977571835495e-05,0.49636363636363634
Q1_time,ICICIBANK,prior_negative,open_to_close,1,1699,2.4609825409363916e-05,2.7838376163892434e-05,0.5208946439081813
Q1_time,INFY,prior_negative,open_to_close,1,1705,-8.230833757626574e-06,-2.7281156487387232e-05,0.4838709677419355
Q1_time,ITBEES,prior_negative,open_to_close,1,1690,1.34172509199525e-05,1.8484535542910096e-05,0.5106508875739645
Q1_time,ITC,prior_negative,open_to_close,1,1720,-1.5959936847645106e-05,-2.7928931517089912e-05,0.48023255813953486
Q1_time,KOTAKBANK,prior_negative,open_to_close,1,1666,1.6677987426526015e-05,1.8448138795655142e-05,0.5102040816326531
Q1_time,LT,prior_negative,open_to_close,1,1654,5.227860603838718e-05,4.196743761144785e-05,0.5241837968561064
Q1_time,M&M,prior_negative,open_to_close,1,1691,2.5667802797955923e-05,1.7653041802734304e-05,0.5079834417504435
Q1_time,MARUTI,prior_negative,open_to_close,1,1659,5.655253196731284e-07,2.9004029050853474e-05,0.5183845690174804
Q1_time,NIFTYBEES,prior_negative,open_to_close,1,1640,2.1375967316391037e-05,3.042501411921565e-05,0.5420731707317074
Q1_time,RELIANCE,prior_negative,open_to_close,1,1713,2.2606279141836273e-05,-4.475418039859606e-06,0.4979568009340339
Q1_time,SBIN,prior_negative,open_to_close,1,1698,2.9458046091728836e-06,-1.5115101482190659e-05,0.4923439340400471
Q1_time,SUNPHARMA,prior_negative,open_to_close,1,1626,5.268380143076145e-05,7.908416876316172e-05,0.5424354243542435
Q1_time,TATASTEEL,prior_negative,open_to_close,1,1697,-2.612525704001514e-05,1.1388533015275018e-06,0.5008839127872716
Q1_time,AXISBANK,prior_positive,open_to_close,1,1673,1.9316010281866415e-05,7.389612926530148e-06,0.5068738792588166
Q1_time,BANKBEES,prior_positive,open_to_close,1,1691,-9.717082800777649e-05,-5.632333299265206e-05,0.4512123004139562
Q1_time,BHARTIARTL,prior_positive,open_to_close,1,1676,7.466419854843011e-05,2.9125287062124305e-05,0.5149164677804295
Q1_time,GOLDBEES,prior_positive,open_to_close,1,1737,8.780472986466766e-06,3.7361791062186076e-05,0.5198618307426598
Q1_time,HCLTECH,prior_positive,open_to_close,1,1611,-6.1852369548740005e-06,-7.875961793698784e-05,0.46617008069522037
Q1_time,HDFCBANK,prior_positive,open_to_close,1,1652,6.1008519971335455e-05,3.6491913801608045e-05,0.5151331719128329
Q1_time,ICICIBANK,prior_positive,open_to_close,1,1603,-4.1402109056927055e-07,-3.727804583865247e-05,0.47723019338739864
Q1_time,INFY,prior_positive,open_to_close,1,1597,2.9213011367402692e-05,-1.582894131689032e-05,0.49092047589229804
Q1_time,ITBEES,prior_positive,open_to_close,1,1612,-6.76720833530576e-05,-6.389734770454212e-05,0.45471464019851116
Q1_time,ITC,prior_positive,open_to_close,1,1582,-2.4484835331252277e-05,-3.059515575422491e-05,0.4804045512010114
Q1_time,KOTAKBANK,prior_positive,open_to_close,1,1636,-2.031199889974062e-05,-3.8554524134923015e-05,0.4792176039119804
Q1_time,LT,prior_positive,open_to_close,1,1648,-2.5358197947851416e-05,-3.095769419299754e-05,0.4854368932038835
Q1_time,M&M,prior_positive,open_to_close,1,1611,-4.550548235261993e-05,-5.210598717048715e-05,0.4717566728739913
Q1_time,MARUTI,prior_positive,open_to_close,1,1643,-4.264267639240993e-05,-2.3123505358750102e-05,0.49056603773584906
Q1_time,NIFTYBEES,prior_positive,open_to_close,1,1662,-8.022562557876553e-05,-4.451120163306843e-05,0.43381468110709986
Q1_time,RELIANCE,prior_positive,open_to_close,1,1589,-1.046136016204388e-05,-4.034277386577578e-05,0.4770295783511643
Q1_time,SBIN,prior_positive,open_to_close,1,1604,1.5165790108258535e-05,-3.925007865601682e-05,0.48129675810473815
Q1_time,SUNPHARMA,prior_positive,open_to_close,1,1676,5.4594914603233175e-06,-2.8330815487059833e-05,0.48448687350835323
Q1_time,TATASTEEL,prior_positive,open_to_close,1,1605,-8.229647298320704e-05,-9.870183232019158e-05,0.4635514018691589
Q2_time,AXISBANK,prior_negative,close_to_close,1,1686,4.795991844068637e-05,8.366976981052015e-06,0.5065243179122183
Q2_time,BANKBEES,prior_negative,close_to_close,1,1632,8.410642921311824e-05,7.953637634276601e-05,0.5765931372549019
Q2_time,BHARTIARTL,prior_negative,close_to_close,1,1654,2.7410109245453345e-05,5.943309231397509e-05,0.533857315598549
Q2_time,GOLDBEES,prior_negative,close_to_close,1,1590,8.64345023269402e-05,4.3140767741833226e-05,0.5257861635220126
Q2_time,HCLTECH,prior_negative,close_to_close,1,1603,6.364675918360534e-05,6.018207949798349e-05,0.5308796007485964
Q2_time,HDFCBANK,prior_negative,close_to_close,1,1689,1.1878973876451171e-05,3.607476150598477e-06,0.5020722320899941
Q2_time,ICICIBANK,prior_negative,close_to_close,1,1638,3.27654751043212e-05,1.5177680977850207e-05,0.5122100122100122
Q2_time,INFY,prior_negative,close_to_close,1,1653,7.776294837268566e-05,2.9415673569498248e-05,0.5130066545674531
Q2_time,ITBEES,prior_negative,close_to_close,1,1633,5.098652863602626e-05,6.237070730711692e-05,0.5419473361910594
Q2_time,ITC,prior_negative,close_to_close,1,1724,-3.184935119005849e-05,-1.426834408262904e-05,0.49129930394431554
Q2_time,KOTAKBANK,prior_negative,close_to_close,1,1660,2.925513538416443e-05,3.371035959718082e-05,0.5144578313253012
Q2_time,LT,prior_negative,close_to_close,1,1699,1.0715822377238527e-05,3.427277714735451e-05,0.516774573278399
Q2_time,M&M,prior_negative,close_to_close,1,1659,4.445505352999473e-05,5.033159675921824e-05,0.5250150693188668
Q2_time,MARUTI,prior_negative,close_to_close,1,1648,1.961296407368811e-06,3.8390807191103336e-05,0.5254854368932039
Q2_time,NIFTYBEES,prior_negative,close_to_close,1,1631,6.810631824902537e-05,6.536309469296681e-05,0.6033108522378908
Q2_time,RELIANCE,prior_negative,close_to_close,1,1694,-3.153619597156705e-06,7.97370328692929e-06,0.5082644628099173
Q2_time,SBIN,prior_negative,close_to_close,1,1657,3.258426119949265e-05,7.742281040242383e-06,0.5033192516596259
Q2_time,SUNPHARMA,prior_negative,close_to_close,1,1661,-2.117865221844387e-05,2.2196947966654816e-05,0.5105358217941
Q2_time,TATASTEEL,prior_negative,close_to_close,1,1664,0.00010032002358498245,3.38288337458945e-05,0.5150240384615384
Q2_time,AXISBANK,prior_positive,close_to_close,1,1617,-2.3980336590281032e-05,-5.066471483943729e-05,0.47186147186147187
Q2_time,BANKBEES,prior_positive,close_to_close,1,1671,-7.564993861916057e-05,-6.78777226346498e-05,0.43686415320167565
Q2_time,BHARTIARTL,prior_positive,close_to_close,1,1649,-8.575868734710624e-05,-5.708462782052755e-05,0.4645239539114615
Q2_time,GOLDBEES,prior_positive,close_to_close,1,1713,0.00010170776016293556,2.0612881394395835e-05,0.5119673088149446
Q2_time,HCLTECH,prior_positive,close_to_close,1,1700,-1.665753508031327e-05,-2.432866833925365e-06,0.49941176470588233
Q2_time,HDFCBANK,prior_positive,close_to_close,1,1614,-5.900695438865455e-05,-3.3078709325297234e-05,0.4745972738537794
Q2_time,ICICIBANK,prior_positive,close_to_close,1,1665,-3.189027725780941e-05,-5.231599252857803e-06,0.4954954954954955
Q2_time,INFY,prior_positive,close_to_close,1,1650,-3.106261516464141e-05,-1.825779097122367e-05,0.4860606060606061
Q2_time,ITBEES,prior_positive,close_to_close,1,1670,-2.046344327611004e-05,-4.8641978092687596e-05,0.47005988023952094
Q2_time,ITC,prior_positive,close_to_close,1,1579,-0.00011610978024101712,-6.488536335165344e-05,0.4635845471817606
Q2_time,KOTAKBANK,prior_positive,close_to_close,1,1643,-3.851668337760648e-05,-5.142190457901256e-05,0.480219111381619
Q2_time,LT,prior_positive,close_to_close,1,1604,-4.447948163937513e-05,-7.031251936593128e-05,0.4532418952618454
Q2_time,M&M,prior_positive,close_to_close,1,1644,-8.763031665643543e-05,-5.247788562310402e-05,0.4708029197080292
Q2_time,MARUTI,prior_positive,close_to_close,1,1655,-4.165983141496986e-05,-3.225690070335352e-05,0.47673716012084594
Q2_time,NIFTYBEES,prior_positive,close_to_close,1,1672,-8.142795801957467e-05,-5.7755472692596875e-05,0.41088516746411485
Q2_time,RELIANCE,prior_positive,close_to_close,1,1609,-5.784784395017628e-05,-6.194699427671435e-05,0.4642635177128651
Q2_time,SBIN,prior_positive,close_to_close,1,1646,2.6501762981723455e-05,-6.7321930339129865e-06,0.4933171324422843
Q2_time,SUNPHARMA,prior_positive,close_to_close,1,1642,-3.726201180636279e-05,-2.8699416384540363e-05,0.4835566382460414
Q2_time,TATASTEEL,prior_positive,close_to_close,1,1639,2.0981755663604224e-06,-6.811741746273438e-05,0.4777303233679073
Q2_time,AXISBANK,prior_negative,close_to_close,2,1686,1.6545364501647515e-05,-1.2931704703878573e-05,0.49525504151838673
Q2_time,BANKBEES,prior_negative,close_to_close,2,1632,1.3777304435163368e-05,2.3325834596866895e-05,0.5128676470588235
Q2_time,BHARTIARTL,prior_negative,close_to_close,2,1654,-8.903722520444405e-06,2.502532247195296e-05,0.5133010882708585
Q2_time,GOLDBEES,prior_negative,close_to_close,2,1590,5.073705231170561e-05,2.905116618548729e-05,0.5163522012578616
Q2_time,HCLTECH,prior_negative,close_to_close,2,1603,3.3190262754072785e-05,2.3785435209157222e-05,0.5121646912039926
Q2_time,HDFCBANK,prior_negative,close_to_close,2,1689,8.932818239374954e-06,-2.0182349722132188e-06,0.4997039668442866
Q2_time,ICICIBANK,prior_negative,close_to_close,2,1638,-4.768930322716826e-06,-2.0649450971709708e-05,0.48534798534798534
Q2_time,INFY,prior_negative,close_to_close,2,1653,3.03730279814805e-05,1.2017502765798087e-05,0.5033272837265578
Q2_time,ITBEES,prior_negative,close_to_close,2,1633,3.337257096677972e-05,3.0479316979106514e-05,0.5235762400489896
Q2_time,ITC,prior_negative,close_to_close,2,1724,-8.057844423686545e-05,-2.1598821344658145e-05,0.4831786542923434
Q2_time,KOTAKBANK,prior_negative,close_to_close,2,1660,-8.429580668447365e-06,-8.906494181809558e-06,0.49698795180722893
Q2_time,LT,prior_negative,close_to_close,2,1699,1.3100036281476553e-05,-1.979285142281493e-05,0.49087698646262506
Q2_time,M&M,prior_negative,close_to_close,2,1659,-1.4186339984263491e-05,-3.5851276674665105e-06,0.49668474984930683
Q2_time,MARUTI,prior_negative,close_to_close,2,1648,-2.5985246964669997e-05,-1.3087031819637527e-05,0.49150485436893204
Q2_time,NIFTYBEES,prior_negative,close_to_close,2,1631,-2.750959954647678e-06,3.860895280933326e-06,0.5052115266707541
Q2_time,RELIANCE,prior_negative,close_to_close,2,1694,-2.071602922830496e-05,-8.658358302795674e-07,0.5
Q2_time,SBIN,prior_negative,close_to_close,2,1657,4.799858586040331e-05,-2.9100413650142963e-06,0.49909474954737476
Q2_time,SUNPHARMA,prior_negative,close_to_close,2,1661,-3.135730845909062e-05,-1.5478523038409746e-05,0.49307645996387717
Q2_time,TATASTEEL,prior_negative,close_to_close,2,1664,4.539361002011331e-05,-1.9140006007334343e-06,0.4987980769230769
Q2_time,AXISBANK,prior_positive,close_to_close,2,1617,8.035167052031506e-06,-2.946583876903584e-05,0.48299319727891155
Q2_time,BANKBEES,prior_positive,close_to_close,2,1671,-6.515584572819087e-06,-1.5867662821343793e-06,0.4991023339317774
Q2_time,BHARTIARTL,prior_positive,close_to_close,2,1649,-4.960092671806923e-05,-2.033306865937032e-05,0.4845360824742268
Q2_time,GOLDBEES,prior_positive,close_to_close,2,1713,0.00013429819033383244,2.8713037449933245e-05,0.5201401050788091
Q2_time,HCLTECH,prior_positive,close_to_close,2,1700,1.4053970072374441e-05,2.6810896696128417e-05,0.5176470588235295
Q2_time,HDFCBANK,prior_positive,close_to_close,2,1614,-5.534614552990485e-05,-3.0240917313789065e-05,0.47769516728624534
Q2_time,ICICIBANK,prior_positive,close_to_close,2,1665,5.819565978868031e-06,2.0825182190363658e-05,0.5225225225225225
Q2_time,INFY,prior_positive,close_to_close,2,1650,1.817644152899628e-05,-8.252361499918231e-06,0.49636363636363634
Q2_time,ITBEES,prior_positive,close_to_close,2,1670,-2.343105288195523e-06,-1.2492912770359047e-05,0.4880239520958084
Q2_time,ITC,prior_positive,close_to_close,2,1579,-6.31672281111909e-05,-4.9949373574226857e-05,0.47245091830272323
Q2_time,KOTAKBANK,prior_positive,close_to_close,2,1643,-1.635510648325769e-07,-6.787928058964936e-06,0.497869750456482
Q2_time,LT,prior_positive,close_to_close,2,1604,-4.944035816072063e-05,-3.07269465921652e-05,0.4800498753117207
Q2_time,M&M,prior_positive,close_to_close,2,1644,-2.863783390670538e-05,-2.2027266595633e-06,0.49939172749391725
Q2_time,MARUTI,prior_positive,close_to_close,2,1655,-1.583696545366629e-05,1.0964510411332678e-05,0.5099697885196375
Q2_time,NIFTYBEES,prior_positive,close_to_close,2,1672,-1.2478116150287291e-05,4.517835286223094e-06,0.506578947368421
Q2_time,RELIANCE,prior_positive,close_to_close,2,1609,-3.961891910603087e-05,-3.4933859652030996e-05,0.47296457426973276
Q2_time,SBIN,prior_positive,close_to_close,2,1646,1.0959959827872276e-05,-3.620069590303161e-06,0.49696233292831105
Q2_time,SUNPHARMA,prior_positive,close_to_close,2,1642,-2.718767908970297e-05,4.187969222987002e-07,0.5012180267965896
Q2_time,TATASTEEL,prior_positive,close_to_close,2,1639,5.8094460639529406e-05,-1.2631109382833664e-05,0.4942037827943868
Q2_time,AXISBANK,prior_negative,close_to_close,3,1686,-1.2508080877573633e-05,-4.100671010394253e-05,0.4804270462633452
Q2_time,BANKBEES,prior_negative,close_to_close,3,1632,2.296504975561803e-06,1.9323387118834003e-05,0.5098039215686274
Q2_time,BHARTIARTL,prior_negative,close_to_close,3,1654,-3.749961620781352e-05,9.835075543588078e-06,0.5066505441354293
Q2_time,GOLDBEES,prior_negative,close_to_close,3,1590,8.623578446438806e-05,1.7988873720493746e-05,0.5106918238993711
Q2_time,HCLTECH,prior_negative,close_to_close,3,1603,3.729211081758562e-05,6.720040211493576e-05,0.5302557704304429
Q2_time,HDFCBANK,prior_negative,close_to_close,3,1689,-2.5759433313111732e-05,-2.9198245015028666e-05,0.4854943753700414
Q2_time,ICICIBANK,prior_negative,close_to_close,3,1638,1.7497503956859647e-05,1.5597425898396716e-05,0.5085470085470085
Q2_time,INFY,prior_negative,close_to_close,3,1653,5.137532175397058e-05,1.5339492128014294e-05,0.5081669691470054
Q2_time,ITBEES,prior_negative,close_to_close,3,1633,4.0290464700078204e-05,1.3080903645533567e-05,0.511328842620943
Q2_time,ITC,prior_negative,close_to_close,3,1724,-6.62017991654649e-05,-2.5441904187280105e-05,0.4820185614849188
Q2_time,KOTAKBANK,prior_negative,close_to_close,3,1660,-1.6227933257089598e-05,-3.7584405521799285e-05,0.4855421686746988
Q2_time,LT,prior_negative,close_to_close,3,1699,2.577610005064727e-06,-5.267418646999963e-07,0.4991171277221895
Q2_time,M&M,prior_negative,close_to_close,3,1659,-4.3240433300308566e-07,4.0307747281896145e-07,0.5003013863773358
Q2_time,MARUTI,prior_negative,close_to_close,3,1648,-3.182413391159267e-05,4.150089647257844e-06,0.504247572815534
Q2_time,NIFTYBEES,prior_negative,close_to_close,3,1631,4.2015779400462604e-06,1.0432895644890077e-05,0.5229920294297977
Q2_time,RELIANCE,prior_negative,close_to_close,3,1694,2.1294479598508503e-05,-3.0239199552540934e-06,0.4988193624557261
Q2_time,SBIN,prior_negative,close_to_close,3,1657,3.204912673925501e-05,-9.60052625651836e-06,0.49064574532287264
Q2_time,SUNPHARMA,prior_negative,close_to_close,3,1661,-4.4608304412278456e-05,-1.728825821828428e-05,0.49367850692354004
Q2_time,TATASTEEL,prior_negative,close_to_close,3,1664,3.653411469010605e-05,-1.9140006007334343e-06,0.49939903846153844
Q2_time,AXISBANK,prior_positive,close_to_close,3,1617,3.8270978230945586e-05,-2.5164797427719985e-06,0.49845392702535557
Q2_time,BANKBEES,prior_positive,close_to_close,3,1671,4.5622009790862665e-06,8.492443509965237e-07,0.5020945541591861
Q2_time,BHARTIARTL,prior_positive,close_to_close,3,1649,-2.168008730166029e-05,-9.18077474271195e-06,0.49120679199514855
Q2_time,GOLDBEES,prior_positive,close_to_close,3,1713,0.00010019223774661183,4.0592679035488124e-05,0.5253940455341506
Q2_time,HCLTECH,prior_positive,close_to_close,3,1700,1.0526695500994942e-05,1.2594970653552905e-06,0.5011764705882353
Q2_time,HDFCBANK,prior_positive,close_to_close,3,1614,-2.058748906238215e-05,-1.0392999555985323e-05,0.4919454770755886
Q2_time,ICICIBANK,prior_positive,close_to_close,3,1665,-1.6659372856000826e-05,-6.77467555616003e-07,0.4990990990990991
Q2_time,INFY,prior_positive,close_to_close,3,1650,-3.993185994565915e-06,-1.4116533683466995e-05,0.4909090909090909
Q2_time,ITBEES,prior_positive,close_to_close,3,1670,-8.391472702355689e-06,2.0217615478990147e-07,0.5005988023952096
Q2_time,ITC,prior_positive,close_to_close,3,1579,-7.77898839307144e-05,-4.844195716513511e-05,0.4743508549715009
Q2_time,KOTAKBANK,prior_positive,close_to_close,3,1643,8.31220400135886e-06,1.9486599042902396e-05,0.5100426049908704
Q2_time,LT,prior_positive,close_to_close,3,1604,-3.756186592103332e-05,-4.01569892193464e-05,0.47194513715710723
Q2_time,M&M,prior_positive,close_to_close,3,1644,-4.0260219612939675e-05,-4.6575884564137304e-06,0.49635036496350365
Q2_time,MARUTI,prior_positive,close_to_close,3,1655,-9.753613197456619e-06,-2.079502373007901e-06,0.4972809667673716
Q2_time,NIFTYBEES,prior_positive,close_to_close,3,1672,-1.9066972197602665e-05,-6.648489878324153e-06,0.48983253588516745
Q2_time,RELIANCE,prior_positive,close_to_close,3,1609,-8.476618775018489e-05,-3.502982312484108e-05,0.4742075823492853
Q2_time,SBIN,prior_positive,close_to_close,3,1646,2.680449668481451e-05,7.743726191737776e-06,0.5048602673147023
Q2_time,SUNPHARMA,prior_positive,close_to_close,3,1642,-1.5230256797327944e-05,-2.3045522669135667e-06,0.5
Q2_time,TATASTEEL,prior_positive,close_to_close,3,1639,6.88962563798772e-05,-9.030570293734478e-06,0.4942037827943868
Q2_time,AXISBANK,prior_negative,close_to_close,6,1686,2.5350734009736726e-05,-1.4071404362341213e-05,0.4940688018979834
Q2_time,BANKBEES,prior_negative,close_to_close,6,1632,2.0408023062760626e-05,1.8355657235223808e-05,0.5134803921568627
Q2_time,BHARTIARTL,prior_negative,close_to_close,6,1654,-3.241990670251181e-05,-9.268950086309532e-06,0.48911729141475213
Q2_time,GOLDBEES,prior_negative,close_to_close,6,1590,4.58556204800268e-05,3.32619249688489e-05,0.520125786163522
Q2_time,HCLTECH,prior_negative,close_to_close,6,1603,5.688196973954822e-05,2.3785435209157222e-05,0.5096693699313787
Q2_time,HDFCBANK,prior_negative,close_to_close,6,1689,-5.21469798138074e-05,-3.3666682276889404e-05,0.47957371225577267
Q2_time,ICICIBANK,prior_negative,close_to_close,6,1638,4.3862205871177346e-05,1.615107722725675e-05,0.510989010989011
Q2_time,INFY,prior_negative,close_to_close,6,1653,-2.103377965812643e-05,1.4015515447773907e-05,0.5015124016938899
Q2_time,ITBEES,prior_negative,close_to_close,6,1633,5.253887953398879e-06,-8.867007813859553e-07,0.4990814451928965
Q2_time,ITC,prior_negative,close_to_close,6,1724,-6.855534085999622e-05,-4.598829403617802e-05,0.4802784222737819
Q2_time,KOTAKBANK,prior_negative,close_to_close,6,1660,-2.6261672084253574e-05,-3.422738938489251e-05,0.4891566265060241
Q2_time,LT,prior_negative,close_to_close,6,1699,-1.1614296628542742e-05,-8.32832584548212e-06,0.49440847557386697
Q2_time,M&M,prior_negative,close_to_close,6,1659,-4.732488320237501e-05,4.2841443311360066e-06,0.5027124773960217
Q2_time,MARUTI,prior_negative,close_to_close,6,1648,-4.6507180809333584e-05,-2.0887330576813202e-06,0.4981796116504854
Q2_time,NIFTYBEES,prior_negative,close_to_close,6,1631,-1.8186079020151054e-05,-7.209404887890134e-07,0.49724095646842426
Q2_time,RELIANCE,prior_negative,close_to_close,6,1694,-7.367674923734239e-05,-4.41440308665738e-05,0.4657615112160567
Q2_time,SBIN,prior_negative,close_to_close,6,1657,5.3958460406815104e-05,-8.229090856101998e-06,0.4924562462281231
Q2_time,SUNPHARMA,prior_negative,close_to_close,6,1661,-3.4854798291506014e-05,-2.2606263900166253e-05,0.48826008428657436
Q2_time,TATASTEEL,prior_negative,close_to_close,6,1664,4.5321000011753147e-05,-1.3817364080311479e-05,0.4921875
Q2_time,AXISBANK,prior_positive,close_to_close,6,1617,-1.4136497526303926e-06,-3.207473315691711e-05,0.4836116264687693
Q2_time,BANKBEES,prior_positive,close_to_close,6,1671,-1.2261387548250888e-05,-4.514848073795168e-07,0.49970077797725915
Q2_time,BHARTIARTL,prior_positive,close_to_close,6,1649,-2.8239863601211293e-05,1.102594018167108e-05,0.5081867798665858
Q2_time,GOLDBEES,prior_positive,close_to_close,6,1713,0.00013575302808327893,2.5995655481336755e-05,0.5160537069468768
Q2_time,HCLTECH,prior_positive,close_to_close,6,1700,-8.781137764990192e-06,2.8825731408724557e-05,0.5205882352941177
Q2_time,HDFCBANK,prior_positive,close_to_close,6,1614,1.1044662285809901e-05,-2.212261352530565e-06,0.4993804213135068
Q2_time,ICICIBANK,prior_positive,close_to_close,6,1665,-4.296215911203523e-05,-2.3352979023153755e-06,0.4966966966966967
Q2_time,INFY,prior_positive,close_to_close,6,1650,7.024294421188009e-05,-3.283339537958461e-06,0.49818181818181817
Q2_time,ITBEES,prior_positive,close_to_close,6,1670,2.5856586180222134e-05,1.3210488158952663e-05,0.5119760479041916
Q2_time,ITC,prior_positive,close_to_close,6,1579,-7.4647051097082e-05,-2.5689689646440288e-05,0.47625079164027867
Q2_time,KOTAKBANK,prior_positive,close_to_close,6,1643,1.92852868373617e-05,1.4683568129706762e-05,0.5069993913572732
Q2_time,LT,prior_positive,close_to_close,6,1604,-2.27716060868184e-05,-3.220147536319039e-05,0.4763092269326683
Q2_time,M&M,prior_positive,close_to_close,6,1644,6.9528815691025015e-06,-4.527543795528212e-06,0.49391727493917276
Q2_time,MARUTI,prior_positive,close_to_close,6,1655,4.7182544287398025e-06,4.360808877686584e-06,0.5027190332326285
Q2_time,NIFTYBEES,prior_positive,close_to_close,6,1672,2.784910149340187e-06,7.4430742944800086e-06,0.5155502392344498
Q2_time,RELIANCE,prior_positive,close_to_close,6,1609,1.7692604547086087e-05,1.2486516501467981e-05,0.509633312616532
Q2_time,SBIN,prior_positive,close_to_close,6,1646,4.327118910972149e-06,4.223899303693962e-06,0.503037667071689
Q2_time,SUNPHARMA,prior_positive,close_to_close,6,1642,-2.8121550558028835e-05,1.2853181616778102e-05,0.5042630937880633
Q2_time,TATASTEEL,prior_positive,close_to_close,6,1639,5.8488375252439724e-05,6.294498782829144e-06,0.5015253203172666
Q2_time,AXISBANK,prior_negative,close_to_close,12,1686,2.6928227245978383e-05,-6.370326097293586e-06,0.49762752075919336
Q2_time,BANKBEES,prior_negative,close_to_close,12,1632,-7.624004582680151e-06,1.0023599344920351e-05,0.5079656862745098
Q2_time,BHARTIARTL,prior_negative,close_to_close,12,1654,-2.8041624461919946e-05,-1.1236987531125666e-05,0.49274486094316805
Q2_time,GOLDBEES,prior_negative,close_to_close,12,1590,8.490951061916606e-05,2.916527290624774e-05,0.519496855345912
Q2_time,HCLTECH,prior_negative,close_to_close,12,1603,1.2012319225829238e-05,1.910747894010948e-05,0.5109170305676856
Q2_time,HDFCBANK,prior_negative,close_to_close,12,1689,-1.700392480934199e-05,-7.7444503337402e-07,0.4985198342214328
Q2_time,ICICIBANK,prior_negative,close_to_close,12,1638,1.632027388952532e-05,6.365586493685871e-06,0.5042735042735043
Q2_time,INFY,prior_negative,close_to_close,12,1653,-2.081968242564581e-06,-4.163538888984279e-06,0.4960677555958863
Q2_time,ITBEES,prior_negative,close_to_close,12,1633,1.6295418887245683e-05,1.7395489191872468e-05,0.51316595223515
Q2_time,ITC,prior_negative,close_to_close,12,1724,-7.875772102564874e-05,-3.1435456521862935e-05,0.4802784222737819
Q2_time,KOTAKBANK,prior_negative,close_to_close,12,1660,2.6175596764697313e-05,2.4854505877642327e-06,0.5018072289156627
Q2_time,LT,prior_negative,close_to_close,12,1699,-3.1405302962933e-05,-4.868220362972161e-06,0.4955856386109476
Q2_time,M&M,prior_negative,close_to_close,12,1659,-3.6819341072317654e-05,-8.038638376999842e-06,0.4912597950572634
Q2_time,MARUTI,prior_negative,close_to_close,12,1648,-8.746064991911961e-05,-1.2061294369681319e-05,0.4933252427184466
Q2_time,NIFTYBEES,prior_negative,close_to_close,12,1631,-1.7036444133194893e-06,4.469697174448571e-06,0.5033721643163703
Q2_time,RELIANCE,prior_negative,close_to_close,12,1694,-4.419933397072927e-05,-4.151310057191437e-06,0.49586776859504134
Q2_time,SBIN,prior_negative,close_to_close,12,1657,1.4539741296548101e-05,-6.553831398100243e-06,0.496077248038624
Q2_time,SUNPHARMA,prior_negative,close_to_close,12,1661,-7.77633934515667e-06,2.2550471108773174e-06,0.50210716435882
Q2_time,TATASTEEL,prior_negative,close_to_close,12,1664,5.661818858975304e-05,-9.841731762380253e-06,0.49399038461538464
Q2_time,AXISBANK,prior_positive,close_to_close,12,1617,4.4256631461676005e-07,-4.6095561384166704e-05,0.4811379097093383
Q2_time,BANKBEES,prior_positive,close_to_close,12,1671,1.5030106163040029e-05,8.38795994024318e-06,0.5056852184320766
Q2_time,BHARTIARTL,prior_positive,close_to_close,12,1649,-3.2295374759847586e-05,8.340186964347017e-06,0.5051546391752577
Q2_time,GOLDBEES,prior_positive,close_to_close,12,1713,0.0001365524770651928,2.95440729534567e-05,0.5178050204319906
Q2_time,HCLTECH,prior_positive,close_to_close,12,1700,2.7645533568559453e-05,3.229684257093234e-05,0.5194117647058824
Q2_time,HDFCBANK,prior_positive,close_to_close,12,1614,-2.6570288199133257e-05,-3.216252455250866e-05,0.47831474597273854
Q2_time,ICICIBANK,prior_positive,close_to_close,12,1665,-1.8804025012046845e-05,3.5439659810059627e-06,0.5033033033033033
Q2_time,INFY,prior_positive,close_to_close,12,1650,4.737260962635349e-05,8.802032955800782e-06,0.5036363636363637
Q2_time,ITBEES,prior_positive,close_to_close,12,1670,9.420664658727085e-06,-3.952165508623766e-06,0.49760479041916167
Q2_time,ITC,prior_positive,close_to_close,12,1579,-6.688969023230849e-05,-4.844195716513511e-05,0.4743508549715009
Q2_time,KOTAKBANK,prior_positive,close_to_close,12,1643,-3.475461460152039e-05,-1.6118174291954483e-05,0.49543517954960437
Q2_time,LT,prior_positive,close_to_close,12,1604,1.4438671939528994e-05,-4.145004412019359e-05,0.47443890274314215
Q2_time,M&M,prior_positive,close_to_close,12,1644,-1.1184312168795752e-05,8.742242715847236e-06,0.504257907542579
Q2_time,MARUTI,prior_positive,close_to_close,12,1655,2.494202819214983e-05,1.2352261041675356e-05,0.5063444108761329
Q2_time,NIFTYBEES,prior_positive,close_to_close,12,1672,-1.4275496631834806e-05,4.579640460815492e-06,0.5089712918660287
Q2_time,RELIANCE,prior_positive,close_to_close,12,1609,-2.2967944962182842e-05,-3.4933859652030996e-05,0.47607209446861404
Q2_time,SBIN,prior_positive,close_to_close,12,1646,4.5751318664713394e-05,8.400345709193752e-06,0.5006075334143378
Q2_time,SUNPHARMA,prior_positive,close_to_close,12,1642,-5.9658302997373174e-05,-2.3705227256627502e-05,0.4884287454323995
Q2_time,TATASTEEL,prior_positive,close_to_close,12,1639,5.3751422530601986e-05,-5.614204415373223e-07,0.4996949359365467
Q2_time,AXISBANK,prior_negative,close_to_open,1,1686,3.626179942039639e-05,1.2913352062105007e-06,0.5112692763938316
Q2_time,BANKBEES,prior_negative,close_to_open,1,1632,4.664023624304789e-05,5.019909192894979e-07,0.5049019607843137
Q2_time,BHARTIARTL,prior_negative,close_to_open,1,1654,8.412664940727839e-06,-8.921691365527796e-07,0.49032648125755746
Q2_time,GOLDBEES,prior_negative,close_to_open,1,1590,5.9934010125761916e-05,1.1099373103488444e-06,0.5062893081761006
Q2_time,HCLTECH,prior_negative,close_to_open,1,1603,2.6776237872562297e-05,-2.266275910489668e-06,0.48284466625077976
Q2_time,HDFCBANK,prior_negative,close_to_open,1,1689,-1.6939238114390383e-05,-1.5945668817389051e-06,0.4896388395500296
Q2_time,ICICIBANK,prior_negative,close_to_open,1,1638,-1.4371162616320439e-05,-7.366328174446885e-07,0.49145299145299143
Q2_time,INFY,prior_negative,close_to_open,1,1653,4.241474665181562e-05,3.2911074474561985e-06,0.5257108287961283
Q2_time,ITBEES,prior_negative,close_to_open,1,1633,0.00015328555803423898,4.519018110098965e-06,0.5345988977342315
Q2_time,ITC,prior_negative,close_to_open,1,1724,1.0713810458510228e-05,4.541183878443217e-07,0.5023201856148491
Q2_time,KOTAKBANK,prior_negative,close_to_open,1,1660,1.728299284511453e-05,-2.402964717133453e-06,0.48012048192771084
Q2_time,LT,prior_negative,close_to_open,1,1699,4.36706843180429e-07,-5.948953827741546e-06,0.4543849323131254
Q2_time,M&M,prior_negative,close_to_open,1,1659,-2.998880164915806e-06,-4.961922954602491e-06,0.46172393007836043
Q2_time,MARUTI,prior_negative,close_to_open,1,1648,3.730531509894451e-06,-4.184548534004924e-06,0.47148058252427183
Q2_time,NIFTYBEES,prior_negative,close_to_open,1,1631,2.7701760600560034e-05,5.608327348188218e-06,0.5413856529736358
Q2_time,RELIANCE,prior_negative,close_to_open,1,1694,1.4270864912772811e-08,2.0829656526832885e-06,0.5182998819362455
Q2_time,SBIN,prior_negative,close_to_open,1,1657,3.340030980729305e-05,5.794091611993007e-07,0.5045262522631261
Q2_time,SUNPHARMA,prior_negative,close_to_open,1,1661,-7.096829209313091e-06,-3.726652596877964e-06,0.4744130042143287
Q2_time,TATASTEEL,prior_negative,close_to_open,1,1664,6.245017020318133e-05,4.914949171001979e-06,0.5258413461538461
Q2_time,AXISBANK,prior_positive,close_to_open,1,1617,-1.1412769505967562e-05,-8.16962353895735e-06,0.43351886209029067
Q2_time,BANKBEES,prior_positive,close_to_open,1,1671,-6.941384280066622e-06,-6.933679920834774e-06,0.42848593656493117
Q2_time,BHARTIARTL,prior_positive,close_to_open,1,1649,-4.6788028570471625e-05,-7.698701576624383e-06,0.4408732565191025
Q2_time,GOLDBEES,prior_positive,close_to_open,1,1713,1.8484006918411754e-05,-7.243641184663376e-06,0.4500875656742557
Q2_time,HCLTECH,prior_positive,close_to_open,1,1700,-1.0673320377672645e-05,-6.103667331993265e-06,0.4576470588235294
Q2_time,HDFCBANK,prior_positive,close_to_open,1,1614,-6.309524065406116e-05,-6.2778491376357254e-06,0.45848822800495664
Q2_time,ICICIBANK,prior_positive,close_to_open,1,1665,-7.394602158999042e-05,-1.0857097274423003e-05,0.4252252252252252
Q2_time,INFY,prior_positive,close_to_open,1,1650,-4.57167493655725e-06,-1.605200396286187e-06,0.48787878787878786
Q2_time,ITBEES,prior_positive,close_to_open,1,1670,-2.0235897585735113e-05,-5.121784835832033e-06,0.455688622754491
Q2_time,ITC,prior_positive,close_to_open,1,1579,-4.051160637616148e-05,-8.892195011545034e-06,0.4300189993666878
Q2_time,KOTAKBANK,prior_positive,close_to_open,1,1643,-4.99775974759434e-05,-8.199415804790692e-06,0.42726719415702985
Q2_time,LT,prior_positive,close_to_open,1,1604,-1.9228031462516257e-05,-8.294266871106743e-06,0.4339152119700748
Q2_time,M&M,prior_positive,close_to_open,1,1644,-5.279947536915335e-05,-9.142962355219224e-06,0.42031630170316303
Q2_time,MARUTI,prior_positive,close_to_open,1,1655,-4.798545344892724e-05,-9.448654181528257e-06,0.43021148036253776
Q2_time,NIFTYBEES,prior_positive,close_to_open,1,1672,-1.0708282395819417e-06,-9.12379055876637e-06,0.42105263157894735
Q2_time,RELIANCE,prior_positive,close_to_open,1,1609,-3.44128954181786e-05,-6.376478620599239e-06,0.4605344934742076
Q2_time,SBIN,prior_positive,close_to_open,1,1646,-4.650562730574622e-06,-2.2711327759056867e-06,0.4835965978128797
Q2_time,SUNPHARMA,prior_positive,close_to_open,1,1642,-2.258545074158941e-05,-8.099798027007736e-06,0.4482338611449452
Q2_time,TATASTEEL,prior_positive,close_to_open,1,1639,3.4205854681671824e-06,-5.865061035294062e-07,0.49481391092129345
Q2_time,AXISBANK,prior_negative,open_to_close,1,1686,1.1040775647411362e-05,-1.8599908956991776e-05,0.49466192170818507
Q2_time,BANKBEES,prior_negative,open_to_close,1,1632,3.753636797196364e-05,6.204764634926759e-05,0.5508578431372549
Q2_time,BHARTIARTL,prior_negative,open_to_close,1,1654,1.89462653069946e-05,5.308157236593354e-05,0.5296251511487303
Q2_time,GOLDBEES,prior_negative,open_to_close,1,1590,2.6054827751003735e-05,3.537106381183244e-05,0.5226415094339623
Q2_time,HCLTECH,prior_negative,open_to_close,1,1603,3.671987309473083e-05,5.7638846600223864e-05,0.529008109794136
Q2_time,HDFCBANK,prior_negative,open_to_close,1,1689,2.8919513250647402e-05,-5.964448709742118e-07,0.4979277679100059
Q2_time,ICICIBANK,prior_negative,open_to_close,1,1638,4.696719145949768e-05,9.748357972695474e-06,0.5048840048840049
Q2_time,INFY,prior_negative,open_to_close,1,1653,3.507459917191262e-05,1.767407262950573e-05,0.5081669691470054
Q2_time,ITBEES,prior_negative,open_to_close,1,1633,-9.759519535416456e-05,1.4459796758755269e-05,0.5107164727495407
Q2_time,ITC,prior_negative,open_to_close,1,1724,-4.293119241906639e-05,-3.520636780574016e-05,0.47505800464037123
Q2_time,KOTAKBANK,prior_negative,open_to_close,1,1660,1.1731638364194218e-05,6.032540300654485e-06,0.5030120481927711
Q2_time,LT,prior_negative,open_to_close,1,1699,1.0077899022643025e-05,3.119909276775055e-05,0.516774573278399
Q2_time,M&M,prior_negative,open_to_close,1,1659,4.7533523920885605e-05,5.001757034427275e-05,0.5250150693188668
Q2_time,MARUTI,prior_negative,open_to_close,1,1648,-2.039795047418008e-06,3.6822760375516804e-05,0.5279126213592233
Q2_time,NIFTYBEES,prior_negative,open_to_close,1,1631,4.0342110634310125e-05,3.530769048091614e-05,0.5573267933782955
Q2_time,RELIANCE,prior_negative,open_to_close,1,1694,-3.5253243317575996e-06,5.762490796648904e-06,0.5047225501770957
Q2_time,SBIN,prior_negative,open_to_close,1,1657,-1.0986519597444866e-06,-1.5606849921800947e-05,0.4876282438141219
Q2_time,SUNPHARMA,prior_negative,open_to_close,1,1661,-1.4204658864838776e-05,2.3059302992801798e-05,0.5111378687537628
Q2_time,TATASTEEL,prior_negative,open_to_close,1,1664,3.763164424273333e-05,1.3566577865800435e-06,0.5012019230769231
Q2_time,AXISBANK,prior_positive,open_to_close,1,1617,-1.2706088793031401e-05,-3.950751966370748e-05,0.48299319727891155
Q2_time,BANKBEES,prior_positive,open_to_close,1,1671,-6.854308877894134e-05,-4.586134160287447e-05,0.46020347097546377
Q2_time,BHARTIARTL,prior_positive,open_to_close,1,1649,-3.902598551506928e-05,-3.522294404132803e-05,0.4802910855063675
Q2_time,GOLDBEES,prior_positive,open_to_close,1,1713,8.227633128474478e-05,3.1439983305428206e-05,0.517221249270286
Q2_time,HCLTECH,prior_positive,open_to_close,1,1700,-6.2703554530382175e-06,-8.49954146124753e-06,0.4923529411764706
Q2_time,HDFCBANK,prior_positive,open_to_close,1,1614,3.972506669814146e-06,-2.7336964226850854e-05,0.48203221809169766
Q2_time,ICICIBANK,prior_positive,open_to_close,1,1665,4.168975763505464e-05,9.79561118805459e-06,0.5069069069069069
Q2_time,INFY,prior_positive,open_to_close,1,1650,-2.6534004794468242e-05,-1.8409493887063997e-05,0.48787878787878786
Q2_time,ITBEES,prior_positive,open_to_close,1,1670,1.9607092346161067e-06,-2.7765496888817705e-05,0.48323353293413174
Q2_time,ITC,prior_positive,open_to_close,1,1579,-7.595377150913573e-05,-5.445839024202187e-05,0.47055098163394554
Q2_time,KOTAKBANK,prior_positive,open_to_close,1,1643,1.0948167191861258e-05,-3.55875663581615e-05,0.4850882531953743
Q2_time,LT,prior_positive,open_to_close,1,1604,-2.5494540337268622e-05,-4.631661540810713e-05,0.4625935162094763
Q2_time,M&M,prior_positive,open_to_close,1,1644,-3.538701159402054e-05,-3.928599549583701e-05,0.4835766423357664
Q2_time,MARUTI,prior_positive,open_to_close,1,1655,6.240510069988679e-06,-2.7058837258903752e-05,0.486404833836858
Q2_time,NIFTYBEES,prior_positive,open_to_close,1,1672,-7.933496092061101e-05,-4.3066898586432663e-05,0.4300239234449761
Q2_time,RELIANCE,prior_positive,open_to_close,1,1609,-2.364438277215832e-05,-4.323294188408106e-05,0.4791796146674953
Q2_time,SBIN,prior_positive,open_to_close,1,1646,3.09913751363014e-05,3.1942827801168006e-06,0.5018226002430134
Q2_time,SUNPHARMA,prior_positive,open_to_close,1,1642,-1.4782026614497717e-05,-2.4600631235632834e-05,0.4866017052375152
Q2_time,TATASTEEL,prior_positive,open_to_close,1,1639,-1.5375438963544775e-06,-6.393187181448335e-05,0.47284929835265405
Q3_time,AXISBANK,prior_negative,close_to_close,1,1653,6.0724960556495574e-05,1.09295147131045e-05,0.5063520871143375
Q3_time,BANKBEES,prior_negative,close_to_close,1,1606,8.055442755072875e-05,6.890796782911084e-05,0.5610211706102117
Q3_time,BHARTIARTL,prior_negative,close_to_close,1,1653,6.0099604993903555e-05,2.6458934206805267e-05,0.5160314579552329
Q3_time,GOLDBEES,prior_negative,close_to_close,1,1629,0.00013679800748934778,6.166375567999581e-05,0.5168815224063843
Q3_time,HCLTECH,prior_negative,close_to_close,1,1725,5.195183787849943e-06,-4.2256813839544865e-05,0.48579710144927535
Q3_time,HDFCBANK,prior_negative,close_to_close,1,1704,-7.96388585820518e-06,-2.797543216856435e-05,0.48884976525821594
Q3_time,ICICIBANK,prior_negative,close_to_close,1,1669,4.807806227982294e-05,6.4354751112056305e-06,0.5026962252846016
Q3_time,INFY,prior_negative,close_to_close,1,1712,2.2502455866594953e-05,1.6064322486769582e-05,0.5040887850467289
Q3_time,ITBEES,prior_negative,close_to_close,1,1707,-7.177156077379131e-07,-1.0464054487883457e-05,0.4932630345635618
Q3_time,ITC,prior_negative,close_to_close,1,1655,4.043984015541778e-05,1.753950778919189e-05,0.5057401812688822
Q3_time,KOTAKBANK,prior_negative,close_to_close,1,1657,1.9576230884086013e-05,3.72724885137559e-05,0.52021726010863
Q3_time,LT,prior_negative,close_to_close,1,1637,3.433569763124041e-05,5.418110385935204e-05,0.5155772755039707
Q3_time,M&M,prior_negative,close_to_close,1,1637,4.285519680376947e-06,3.982029933484606e-05,0.5210751374465485
Q3_time,MARUTI,prior_negative,close_to_close,1,1682,2.931272302453015e-05,8.355258704971058e-06,0.5017835909631391
Q3_time,NIFTYBEES,prior_negative,close_to_close,1,1644,8.975013564181874e-05,7.592836965099792e-05,0.5875912408759124
Q3_time,RELIANCE,prior_negative,close_to_close,1,1676,6.005302149445383e-05,2.3572762755253507e-05,0.5089498806682577
Q3_time,SBIN,prior_negative,close_to_close,1,1648,0.00011471196557302111,2.529670555557567e-05,0.5097087378640777
Q3_time,SUNPHARMA,prior_negative,close_to_close,1,1643,0.00015477745894176305,5.853505533412153e-05,0.5337796713329276
Q3_time,TATASTEEL,prior_negative,close_to_close,1,1625,0.00010478087676372046,6.35695049801975e-05,0.5224615384615384
Q3_time,AXISBANK,prior_positive,close_to_close,1,1650,-5.1147716669422514e-05,-1.697731455477556e-05,0.49333333333333335
Q3_time,BANKBEES,prior_positive,close_to_close,1,1697,-9.603948076279337e-05,-4.09528030115723e-05,0.4696523276370065
Q3_time,BHARTIARTL,prior_positive,close_to_close,1,1650,-4.569520010492245e-05,-4.47514267265618e-05,0.48303030303030303
Q3_time,GOLDBEES,prior_positive,close_to_close,1,1674,-0.00012464698142737715,-6.630618353564102e-06,0.497610513739546
Q3_time,HCLTECH,prior_positive,close_to_close,1,1578,-6.602487405133514e-05,-0.00011206401882185575,0.46894803548795944
Q3_time,HDFCBANK,prior_positive,close_to_close,1,1599,-5.975844236889296e-05,-5.09063233293805e-05,0.4796747967479675
Q3_time,ICICIBANK,prior_positive,close_to_close,1,1634,-5.214303472514348e-05,-3.3992342025458556e-05,0.48714810281517745
Q3_time,INFY,prior_positive,close_to_close,1,1591,-0.00010828624097780631,-0.00012531365050904512,0.45757385292269015
Q3_time,ITBEES,prior_positive,close_to_close,1,1596,-8.157504323806442e-05,-6.268844388481062e-05,0.4724310776942356
Q3_time,ITC,prior_positive,close_to_close,1,1648,-1.6425683199210932e-05,-1.9239854299838794e-05,0.49211165048543687
Q3_time,KOTAKBANK,prior_positive,close_to_close,1,1646,-3.7793191918754525e-05,-6.672126953953377e-05,0.47691373025516404
Q3_time,LT,prior_positive,close_to_close,1,1666,7.232561166984888e-06,-1.7230855648161153e-05,0.492797118847539
Q3_time,M&M,prior_positive,close_to_close,1,1666,-1.7089618096501514e-05,-4.202364455677428e-05,0.48739495798319327
Q3_time,MARUTI,prior_positive,close_to_close,1,1621,-6.552836457545808e-05,-4.4341121178138746e-05,0.47995064774830354
Q3_time,NIFTYBEES,prior_positive,close_to_close,1,1659,-8.803568034405044e-05,-5.805645008427e-05,0.41832429174201324
Q3_time,RELIANCE,prior_positive,close_to_close,1,1627,-1.0032547211966173e-05,-5.624281183698915e-05,0.4763368162261832
Q3_time,SBIN,prior_positive,close_to_close,1,1655,-6.804086728979167e-05,-2.029051725096115e-05,0.4918429003021148
Q3_time,SUNPHARMA,prior_positive,close_to_close,1,1660,-5.2334304132821396e-05,-7.645403662016108e-05,0.4710843373493976
Q3_time,TATASTEEL,prior_positive,close_to_close,1,1678,-2.7382831344305035e-05,-2.5407430943949182e-05,0.4934445768772348
Q3_time,AXISBANK,prior_negative,close_to_close,2,1653,2.531322934836558e-05,5.022369011601746e-06,0.5009074410163339
Q3_time,BANKBEES,prior_negative,close_to_close,2,1606,4.9833134116799225e-06,3.277364980688254e-05,0.5298879202988792
Q3_time,BHARTIARTL,prior_negative,close_to_close,2,1653,7.384143202548018e-05,3.100428889281823e-05,0.5136116152450091
Q3_time,GOLDBEES,prior_negative,close_to_close,2,1629,6.679407539465291e-05,4.2370024826161e-05,0.5168815224063843
Q3_time,HCLTECH,prior_negative,close_to_close,2,1725,-5.3680419284246416e-05,-6.015135339372383e-05,0.47884057971014493
Q3_time,HDFCBANK,prior_negative,close_to_close,2,1704,-1.5639199626607986e-05,-3.3141774241666534e-05,0.4818075117370892
Q3_time,ICICIBANK,prior_negative,close_to_close,2,1669,1.0935840444175115e-05,-8.138057050077752e-06,0.49430796884361894
Q3_time,INFY,prior_negative,close_to_close,2,1712,-1.671465691842046e-05,-5.1184931263662285e-05,0.48189252336448596
Q3_time,ITBEES,prior_negative,close_to_close,2,1707,-4.207289112444738e-05,-1.7399200054175117e-05,0.4926772114821324
Q3_time,ITC,prior_negative,close_to_close,2,1655,9.373627053521574e-06,-2.4431570403364133e-05,0.4882175226586103
Q3_time,KOTAKBANK,prior_negative,close_to_close,2,1657,2.5668164409477944e-05,4.788505247383355e-06,0.5033192516596259
Q3_time,LT,prior_negative,close_to_close,2,1637,2.8965348216771317e-05,3.0522350345322614e-05,0.5137446548564447
Q3_time,M&M,prior_negative,close_to_close,2,1637,1.4920180084147668e-05,3.474922283729239e-05,0.5149664019547954
Q3_time,MARUTI,prior_negative,close_to_close,2,1682,-2.104520133551147e-05,-6.933268783950917e-06,0.49702734839476814
Q3_time,NIFTYBEES,prior_negative,close_to_close,2,1644,1.932097536738436e-06,-6.117701258066965e-06,0.4927007299270073
Q3_time,RELIANCE,prior_negative,close_to_close,2,1676,4.0306823639522135e-05,5.194407630557433e-06,0.5017899761336515
Q3_time,SBIN,prior_negative,close_to_close,2,1648,-2.2921878553665862e-05,-2.2335213177244204e-05,0.49089805825242716
Q3_time,SUNPHARMA,prior_negative,close_to_close,2,1643,4.4884264045647244e-05,2.602784440568478e-07,0.5009129640900791
Q3_time,TATASTEEL,prior_negative,close_to_close,2,1625,4.218045504579796e-05,2.579334603550502e-05,0.5076923076923077
Q3_time,AXISBANK,prior_positive,close_to_close,2,1650,-1.5411134226548657e-05,-6.7450158204430635e-06,0.4987878787878788
Q3_time,BANKBEES,prior_positive,close_to_close,2,1697,-2.476826845967919e-05,-1.4580956448659679e-06,0.4991160872127283
Q3_time,BHARTIARTL,prior_positive,close_to_close,2,1650,-5.878349263856338e-05,-4.235667303135863e-05,0.4860606060606061
Q3_time,GOLDBEES,prior_positive,close_to_close,2,1674,-5.527994225292331e-05,-2.284258869392505e-06,0.4982078853046595
Q3_time,HCLTECH,prior_positive,close_to_close,2,1578,-5.002106772212321e-06,-6.870683824076248e-05,0.4759188846641318
Q3_time,HDFCBANK,prior_positive,close_to_close,2,1599,-5.320401359713802e-05,-4.240194837763008e-05,0.48655409631019386
Q3_time,ICICIBANK,prior_positive,close_to_close,2,1634,-1.5074546585612398e-05,-7.817772522792145e-06,0.49510403916768664
Q3_time,INFY,prior_positive,close_to_close,2,1591,-6.932332945757808e-05,-4.294386544863153e-05,0.4808296668761785
Q3_time,ITBEES,prior_positive,close_to_close,2,1596,-3.757210858697739e-05,-5.970197460058383e-05,0.4730576441102757
Q3_time,ITC,prior_positive,close_to_close,2,1648,1.4614583486887236e-05,1.0136860962825826e-05,0.5091019417475728
Q3_time,KOTAKBANK,prior_positive,close_to_close,2,1646,-4.446518020474397e-05,-1.7140480492144894e-05,0.4933171324422843
Q3_time,LT,prior_positive,close_to_close,2,1666,1.5693871356563686e-05,-9.652273905446594e-06,0.4951980792316927
Q3_time,M&M,prior_positive,close_to_close,2,1666,-2.673817977237255e-05,-2.2729590784001095e-05,0.49339735894357745
Q3_time,MARUTI,prior_positive,close_to_close,2,1621,-1.0598566645961048e-05,-3.3588981164129304e-05,0.4855027760641579
Q3_time,NIFTYBEES,prior_positive,close_to_close,2,1659,-6.024457197917735e-07,9.478153462028072e-06,0.512959614225437
Q3_time,RELIANCE,prior_positive,close_to_close,2,1627,9.18658430613174e-06,-4.3485653012314586e-05,0.4830977258758451
Q3_time,SBIN,prior_positive,close_to_close,2,1655,7.030455777061127e-05,2.842462935891287e-05,0.511178247734139
Q3_time,SUNPHARMA,prior_positive,close_to_close,2,1660,5.616372310714811e-05,4.423619728420147e-06,0.5036144578313253
Q3_time,TATASTEEL,prior_positive,close_to_close,2,1678,3.396029159487387e-05,3.032105455020063e-05,0.5083432657926102
Q3_time,AXISBANK,prior_negative,close_to_close,3,1653,2.0643219871405437e-05,-1.650471209091453e-05,0.4966727162734422
Q3_time,BANKBEES,prior_negative,close_to_close,3,1606,-1.8434438677026182e-05,1.1926847594156964e-05,0.5062266500622665
Q3_time,BHARTIARTL,prior_negative,close_to_close,3,1653,-3.116185037066217e-05,-1.1309434446024928e-05,0.4954627949183303
Q3_time,GOLDBEES,prior_negative,close_to_close,3,1629,5.15064325368101e-05,5.8833992074896406e-05,0.5242480049109883
Q3_time,HCLTECH,prior_negative,close_to_close,3,1725,-4.876135040742216e-05,-5.015520923528575e-05,0.48405797101449277
Q3_time,HDFCBANK,prior_negative,close_to_close,3,1704,-8.168967839210525e-05,-4.489788392957515e-05,0.4788732394366197
Q3_time,ICICIBANK,prior_negative,close_to_close,3,1669,-2.199584839792032e-05,-2.1977265085663472e-05,0.4889155182744158
Q3_time,INFY,prior_negative,close_to_close,3,1712,-0.00010853515464475839,-7.919877725356652e-05,0.4678738317757009
Q3_time,ITBEES,prior_negative,close_to_close,3,1707,-0.00012097781347401564,-5.3717713572851416e-05,0.48154657293497366
Q3_time,ITC,prior_negative,close_to_close,3,1655,4.586569527251735e-06,5.715487600853244e-07,0.5009063444108761
Q3_time,KOTAKBANK,prior_negative,close_to_close,3,1657,-3.782236937529881e-05,-3.0282962393274955e-05,0.48823174411587206
Q3_time,LT,prior_negative,close_to_close,3,1637,-4.557546064434176e-05,-1.7294466327169263e-05,0.4917532070861332
Q3_time,M&M,prior_negative,close_to_close,3,1637,1.9597905886650157e-05,9.521995582671824e-06,0.5021380574221136
Q3_time,MARUTI,prior_negative,close_to_close,3,1682,-7.335411611552109e-06,1.8479811543912553e-05,0.5077288941736029
Q3_time,NIFTYBEES,prior_negative,close_to_close,3,1644,-9.765944382680864e-06,4.239373714807579e-06,0.5048661800486618
Q3_time,RELIANCE,prior_negative,close_to_close,3,1676,2.3645559500062405e-05,-2.3518468445430708e-05,0.48687350835322196
Q3_time,SBIN,prior_negative,close_to_close,3,1648,-1.6142873599698405e-05,-1.9745898761975354e-05,0.4945388349514563
Q3_time,SUNPHARMA,prior_negative,close_to_close,3,1643,3.5419854390496775e-05,-1.7264931804514573e-06,0.4972611077297626
Q3_time,TATASTEEL,prior_negative,close_to_close,3,1625,6.421706973632365e-05,3.905339161917412e-05,0.5169230769230769
Q3_time,AXISBANK,prior_positive,close_to_close,3,1650,-1.0130227969247603e-05,1.6777050359745934e-05,0.5036363636363637
Q3_time,BANKBEES,prior_positive,close_to_close,3,1697,-1.9763889813258646e-06,2.599972884694446e-05,0.521508544490277
Q3_time,BHARTIARTL,prior_positive,close_to_close,3,1650,4.5910326547917585e-05,8.606319102232805e-06,0.5036363636363637
Q3_time,GOLDBEES,prior_positive,close_to_close,3,1674,-3.8033933705374987e-05,-2.753403804800491e-05,0.491636798088411
Q3_time,HCLTECH,prior_positive,close_to_close,3,1578,-1.2217947304978398e-05,-8.698398790373138e-05,0.4695817490494297
Q3_time,HDFCBANK,prior_positive,close_to_close,3,1599,1.953252179482719e-05,-2.9167892963162994e-05,0.4903064415259537
Q3_time,ICICIBANK,prior_positive,close_to_close,3,1634,1.8662051262914393e-05,2.4998569701444826e-06,0.5006119951040392
Q3_time,INFY,prior_positive,close_to_close,3,1591,2.9981864800973972e-05,-1.7003115642930426e-05,0.4965430546825896
Q3_time,ITBEES,prior_positive,close_to_close,3,1596,4.5411701213757614e-05,-2.3340127204828258e-05,0.4843358395989975
Q3_time,ITC,prior_positive,close_to_close,3,1648,1.8108821996320067e-05,-1.212772216790946e-05,0.495752427184466
Q3_time,KOTAKBANK,prior_positive,close_to_close,3,1646,1.9246154016865476e-05,1.5295885594913776e-05,0.508505467800729
Q3_time,LT,prior_positive,close_to_close,3,1666,8.954361571701098e-05,4.592921391019216e-05,0.5168067226890757
Q3_time,M&M,prior_positive,close_to_close,3,1666,-3.3389297502187865e-05,1.8959398440309032e-05,0.5054021608643458
Q3_time,MARUTI,prior_positive,close_to_close,3,1621,-2.7438542901496356e-05,-4.927728959243834e-05,0.4743985194324491
Q3_time,NIFTYBEES,prior_positive,close_to_close,3,1659,1.3490013104645967e-05,3.876047371274751e-07,0.5009041591320073
Q3_time,RELIANCE,prior_positive,close_to_close,3,1627,2.6538605690461008e-05,-1.9235912890757008e-06,0.49846342962507684
Q3_time,SBIN,prior_positive,close_to_close,3,1655,6.279814785246087e-05,1.8953866728652383e-05,0.5075528700906344
Q3_time,SUNPHARMA,prior_positive,close_to_close,3,1660,6.792315517761176e-05,9.881482447435567e-06,0.5078313253012048
Q3_time,TATASTEEL,prior_positive,close_to_close,3,1678,1.0954144641969677e-05,-2.3606420809754356e-06,0.49880810488676997
Q3_time,AXISBANK,prior_negative,close_to_close,6,1653,8.953068410866226e-06,2.0169925389828354e-06,0.5021173623714459
Q3_time,BANKBEES,prior_negative,close_to_close,6,1606,-2.2898059788077328e-05,8.023273337037047e-07,0.5006226650062267
Q3_time,BHARTIARTL,prior_negative,close_to_close,6,1653,2.1898914074947897e-05,1.5458391861961703e-05,0.5039322444041138
Q3_time,GOLDBEES,prior_negative,close_to_close,6,1629,-5.200598774409301e-06,4.850592053078236e-05,0.5150399017802333
Q3_time,HCLTECH,prior_negative,close_to_close,6,1725,-7.32576809488283e-05,-9.818628028449326e-05,0.4678260869565217
Q3_time,HDFCBANK,prior_negative,close_to_close,6,1704,-6.367615594202563e-05,-5.089927372456084e-05,0.47593896713615025
Q3_time,ICICIBANK,prior_negative,close_to_close,6,1669,1.0674059360556576e-06,-1.6733045121113892e-07,0.49910125823846613
Q3_time,INFY,prior_negative,close_to_close,6,1712,-7.250096511708768e-05,-4.169293580200128e-05,0.48364485981308414
Q3_time,ITBEES,prior_negative,close_to_close,6,1707,-6.522193267686551e-05,-2.7916724459626304e-05,0.48154657293497366
Q3_time,ITC,prior_negative,close_to_close,6,1655,1.9011173434999625e-06,-2.0458794610329033e-05,0.48942598187311176
Q3_time,KOTAKBANK,prior_negative,close_to_close,6,1657,5.039461575604276e-06,3.006468508832806e-05,0.5117682558841279
Q3_time,LT,prior_negative,close_to_close,6,1637,3.7819376923009424e-05,3.755378117265007e-05,0.5137446548564447
Q3_time,M&M,prior_negative,close_to_close,6,1637,-4.5604791845891475e-05,-2.3525251895220275e-05,0.4917532070861332
Q3_time,MARUTI,prior_negative,close_to_close,6,1682,-6.943279614781165e-05,-3.9858148979807505e-05,0.47443519619500596
Q3_time,NIFTYBEES,prior_negative,close_to_close,6,1644,5.0989484962160825e-06,5.0304123339617855e-06,0.5072992700729927
Q3_time,RELIANCE,prior_negative,close_to_close,6,1676,5.996751692137909e-07,-1.949270273554627e-05,0.49522673031026254
Q3_time,SBIN,prior_negative,close_to_close,6,1648,-1.787028207348039e-06,2.8053558122508154e-06,0.5012135922330098
Q3_time,SUNPHARMA,prior_negative,close_to_close,6,1643,7.995713688288966e-05,-3.3248074645294548e-06,0.4984783931832015
Q3_time,TATASTEEL,prior_negative,close_to_close,6,1625,2.9842505219797096e-05,3.292155141917637e-05,0.512
Q3_time,AXISBANK,prior_positive,close_to_close,6,1650,7.514245991866882e-06,-3.852760157771801e-06,0.4987878787878788
Q3_time,BANKBEES,prior_positive,close_to_close,6,1697,2.273798641436084e-06,2.7860968937710876e-05,0.5268120212139069
Q3_time,BHARTIARTL,prior_positive,close_to_close,6,1650,-1.0552601655565905e-05,-1.570081965838865e-05,0.49454545454545457
Q3_time,GOLDBEES,prior_positive,close_to_close,6,1674,2.105576651267871e-05,3.161261555568876e-06,0.501194743130227
Q3_time,HCLTECH,prior_positive,close_to_close,6,1578,2.4126496434378556e-05,-2.90200669040687e-05,0.4873257287705957
Q3_time,HDFCBANK,prior_positive,close_to_close,6,1599,-2.2462078672509585e-06,-1.8695595148178132e-05,0.49280800500312694
Q3_time,ICICIBANK,prior_positive,close_to_close,6,1634,-1.0613155299846015e-05,-1.5391809343697437e-05,0.488984088127295
Q3_time,INFY,prior_positive,close_to_close,6,1591,2.5388524477728874e-06,-5.1323701443901156e-05,0.4795725958516656
Q3_time,ITBEES,prior_positive,close_to_close,6,1596,-4.949483569151822e-06,-4.062648766806683e-05,0.4849624060150376
Q3_time,ITC,prior_positive,close_to_close,6,1648,2.4118180171726644e-05,1.717971295927173e-05,0.5072815533980582
Q3_time,KOTAKBANK,prior_positive,close_to_close,6,1646,-3.317073966936864e-05,-3.3034655074768805e-05,0.4842041312272175
Q3_time,LT,prior_positive,close_to_close,6,1666,5.675086793693109e-06,-1.3563645620239757e-05,0.49459783913565425
Q3_time,M&M,prior_positive,close_to_close,6,1666,3.026686438491257e-05,2.6106460330231734e-05,0.5156062424969988
Q3_time,MARUTI,prior_positive,close_to_close,6,1621,3.556737654501271e-05,2.3421803706149787e-05,0.5089450956199877
Q3_time,NIFTYBEES,prior_positive,close_to_close,6,1659,-4.439229596095158e-06,-5.6999722063349285e-06,0.49668474984930683
Q3_time,RELIANCE,prior_positive,close_to_close,6,1627,3.959874051729493e-05,-1.5998790318778118e-05,0.4880147510755993
Q3_time,SBIN,prior_positive,close_to_close,6,1655,5.2420059103249485e-05,2.9535221859826972e-06,0.5009063444108761
Q3_time,SUNPHARMA,prior_positive,close_to_close,6,1660,1.6371659961089995e-05,5.300880131684838e-06,0.5060240963855421
Q3_time,TATASTEEL,prior_positive,close_to_close,6,1678,4.378782333767774e-05,1.5295434488468416e-05,0.5035756853396901
Q3_time,AXISBANK,prior_negative,close_to_close,12,1653,-3.7789620912958785e-05,-5.039344214622738e-06,0.49788263762855417
Q3_time,BANKBEES,prior_negative,close_to_close,12,1606,-3.0429925730348907e-05,1.6486249498814313e-05,0.512453300124533
Q3_time,BHARTIARTL,prior_negative,close_to_close,12,1653,3.527415551761078e-05,-2.556066735369313e-07,0.499697519661222
Q3_time,GOLDBEES,prior_negative,close_to_close,12,1629,-3.9609565590359195e-05,5.318105935391134e-06,0.5033763044812769
Q3_time,HCLTECH,prior_negative,close_to_close,12,1725,-3.414052519755079e-05,-5.4914466368504046e-05,0.48289855072463767
Q3_time,HDFCBANK,prior_negative,close_to_close,12,1704,-4.4629742537077495e-05,-5.491552818607311e-05,0.47300469483568075
Q3_time,ICICIBANK,prior_negative,close_to_close,12,1669,-8.752565417420072e-06,-4.290463367997673e-06,0.49550629119233075
Q3_time,INFY,prior_negative,close_to_close,12,1712,-6.081288291839669e-06,-7.1658647782647615e-06,0.49707943925233644
Q3_time,ITBEES,prior_negative,close_to_close,12,1707,-7.573318340890955e-05,-2.5966730685858216e-05,0.4797891036906854
Q3_time,ITC,prior_negative,close_to_close,12,1655,1.957072141398706e-05,-2.2620970366032315e-05,0.48882175226586105
Q3_time,KOTAKBANK,prior_negative,close_to_close,12,1657,3.084760885575109e-05,2.064922941654353e-05,0.5099577549788775
Q3_time,LT,prior_negative,close_to_close,12,1637,2.8408573432403185e-05,1.3576428919643342e-05,0.5039706780696396
Q3_time,M&M,prior_negative,close_to_close,12,1637,3.1633199242652832e-06,-1.1203085769129206e-05,0.49786194257788635
Q3_time,MARUTI,prior_negative,close_to_close,12,1682,6.471585348698962e-06,-8.788408341780465e-06,0.49643281807372175
Q3_time,NIFTYBEES,prior_negative,close_to_close,12,1644,-7.770920313776481e-06,9.923472917767833e-06,0.5115571776155717
Q3_time,RELIANCE,prior_negative,close_to_close,12,1676,1.3245160735251627e-05,-9.874273320683219e-06,0.4946300715990454
Q3_time,SBIN,prior_negative,close_to_close,12,1648,1.3325670594942125e-05,7.0180020564542835e-06,0.5048543689320388
Q3_time,SUNPHARMA,prior_negative,close_to_close,12,1643,4.178560175545291e-05,-1.9730388970795164e-08,0.4996956786366403
Q3_time,TATASTEEL,prior_negative,close_to_close,12,1625,6.041162420767565e-05,3.1574604739292855e-05,0.5095384615384615
Q3_time,AXISBANK,prior_positive,close_to_close,12,1650,5.13077819275026e-05,1.8509972092079136e-06,0.5012121212121212
Q3_time,BANKBEES,prior_positive,close_to_close,12,1697,1.0771803346697396e-05,1.840535701716803e-05,0.5150265173836182
Q3_time,BHARTIARTL,prior_positive,close_to_close,12,1650,-2.3129642808146543e-05,-5.441683316074562e-06,0.4993939393939394
Q3_time,GOLDBEES,prior_positive,close_to_close,12,1674,1.1084866666809122e-05,4.158046967865799e-05,0.5125448028673835
Q3_time,HCLTECH,prior_positive,close_to_close,12,1578,-1.022846137421699e-05,-7.97899405756635e-05,0.4721166032953105
Q3_time,HDFCBANK,prior_positive,close_to_close,12,1599,-1.907016431033343e-05,-2.315103625496768e-06,0.4984365228267667
Q3_time,ICICIBANK,prior_positive,close_to_close,12,1634,7.2603522048073205e-06,-1.0627733401562413e-05,0.4938800489596083
Q3_time,INFY,prior_positive,close_to_close,12,1591,-6.280302574867305e-05,-8.752326576282206e-05,0.4663733500942803
Q3_time,ITBEES,prior_positive,close_to_close,12,1596,1.3435640657913672e-05,-3.5304715734994316e-05,0.4880952380952381
Q3_time,ITC,prior_positive,close_to_close,12,1648,8.948707944070097e-06,1.2156414619873208e-05,0.508495145631068
Q3_time,KOTAKBANK,prior_positive,close_to_close,12,1646,-5.343760417271005e-05,-2.435225690888216e-05,0.4866342648845686
Q3_time,LT,prior_positive,close_to_close,12,1666,-8.104316381479329e-07,1.4508302626238428e-05,0.5048019207683073
Q3_time,M&M,prior_positive,close_to_close,12,1666,-8.430100669512183e-06,2.2774135765053587e-05,0.5102040816326531
Q3_time,MARUTI,prior_positive,close_to_close,12,1621,-2.1683651031086875e-05,-2.3663272422499076e-05,0.48673658235657
Q3_time,NIFTYBEES,prior_positive,close_to_close,12,1659,9.161981645286287e-06,-5.583969593572508e-06,0.49306811332127787
Q3_time,RELIANCE,prior_positive,close_to_close,12,1627,2.6621080606228867e-05,-1.938050617505343e-05,0.48862937922556854
Q3_time,SBIN,prior_positive,close_to_close,12,1655,3.059184826385316e-05,-1.1301083681383457e-05,0.49486404833836856
Q3_time,SUNPHARMA,prior_positive,close_to_close,12,1660,5.74889446447489e-05,6.621634177050219e-06,0.5060240963855421
Q3_time,TATASTEEL,prior_positive,close_to_close,12,1678,6.9181859038016145e-06,1.5295434488468416e-05,0.5053635280095352
Q3_time,AXISBANK,prior_negative,close_to_open,1,1653,4.353655253910061e-05,6.64551233628716e-07,0.5027223230490018
Q3_time,BANKBEES,prior_negative,close_to_open,1,1606,5.092003241871997e-05,1.3483868219507953e-09,0.5
Q3_time,BHARTIARTL,prior_negative,close_to_open,1,1653,-8.635080327239444e-06,-4.010117115754102e-06,0.47428917120387176
Q3_time,GOLDBEES,prior_negative,close_to_open,1,1629,0.00012437345061221927,-4.039322772899892e-06,0.478207489257213
Q3_time,HCLTECH,prior_negative,close_to_open,1,1725,-1.3862392206389087e-05,-1.5284178630811972e-06,0.4881159420289855
Q3_time,HDFCBANK,prior_negative,close_to_open,1,1704,-5.543299141579677e-05,-7.008667874582504e-07,0.4923708920187793
Q3_time,ICICIBANK,prior_negative,close_to_open,1,1669,-1.0461760543211796e-05,-4.2861026982834695e-06,0.4763331336129419
Q3_time,INFY,prior_negative,close_to_open,1,1712,2.0369306826134986e-05,4.242945715869793e-06,0.5239485981308412
Q3_time,ITBEES,prior_negative,close_to_open,1,1707,0.00018436076295133154,0.0,0.4973637961335677
Q3_time,ITC,prior_negative,close_to_open,1,1655,4.421144865613342e-05,1.9096506103223455e-06,0.5081570996978853
Q3_time,KOTAKBANK,prior_negative,close_to_open,1,1657,-2.498191821528421e-05,-4.062115069499346e-06,0.47616173808086903
Q3_time,LT,prior_negative,close_to_open,1,1637,3.590153639686423e-05,-3.156774271558433e-06,0.4807574832009774
Q3_time,M&M,prior_negative,close_to_open,1,1637,-2.5372228683895412e-05,-7.365719422040378e-06,0.45876603543066585
Q3_time,MARUTI,prior_negative,close_to_open,1,1682,3.719934557808346e-05,-3.459198791146014e-07,0.4946492271105826
Q3_time,NIFTYBEES,prior_negative,close_to_open,1,1644,5.629612138406507e-05,2.916758679623166e-06,0.517639902676399
Q3_time,RELIANCE,prior_negative,close_to_open,1,1676,1.916992109300621e-05,-2.5748734898782084e-06,0.48329355608591884
Q3_time,SBIN,prior_negative,close_to_open,1,1648,5.1772262333435355e-05,2.710163057405444e-06,0.5121359223300971
Q3_time,SUNPHARMA,prior_negative,close_to_open,1,1643,7.270667403537029e-05,3.023846874931439e-07,0.5015216068167986
Q3_time,TATASTEEL,prior_negative,close_to_open,1,1625,2.437604376598039e-05,2.0377156223494453e-06,0.5076923076923077
Q3_time,AXISBANK,prior_positive,close_to_open,1,1650,-5.853445873675801e-05,-7.779499999345364e-06,0.4533333333333333
Q3_time,BANKBEES,prior_positive,close_to_open,1,1697,-3.093666374004409e-05,-1.2209478268872717e-05,0.4036535061873895
Q3_time,BHARTIARTL,prior_positive,close_to_open,1,1650,-1.770375004010943e-05,-6.680224888419266e-06,0.4581818181818182
Q3_time,GOLDBEES,prior_positive,close_to_open,1,1674,-0.00013091078397033378,-7.487431274032384e-06,0.4647550776583035
Q3_time,HCLTECH,prior_positive,close_to_open,1,1578,-2.153194896007664e-05,-6.587396656447684e-06,0.45627376425855515
Q3_time,HDFCBANK,prior_positive,close_to_open,1,1599,-6.885323279688698e-05,-5.447935410752959e-06,0.4740462789243277
Q3_time,ICICIBANK,prior_positive,close_to_open,1,1634,-7.604706459060806e-05,-6.75962021292547e-06,0.4583843329253366
Q3_time,INFY,prior_positive,close_to_open,1,1591,-6.869329378990454e-05,-7.86513181190286e-06,0.45191703331238214
Q3_time,ITBEES,prior_positive,close_to_open,1,1596,5.563960706422202e-06,-7.664881182719203e-06,0.4473684210526316
Q3_time,ITC,prior_positive,close_to_open,1,1648,-3.4592517088816586e-05,-8.152975426485422e-06,0.4484223300970874
Q3_time,KOTAKBANK,prior_positive,close_to_open,1,1646,-3.892313489240683e-05,-1.160003411634605e-05,0.4380315917375456
Q3_time,LT,prior_positive,close_to_open,1,1666,-4.904838983759789e-06,-7.040919878039305e-06,0.4531812725090036
Q3_time,M&M,prior_positive,close_to_open,1,1666,-4.158955562060536e-05,-8.858238668721067e-06,0.4447779111644658
Q3_time,MARUTI,prior_positive,close_to_open,1,1621,-6.867104044420923e-06,-5.67820477877697e-06,0.46699568167797656
Q3_time,NIFTYBEES,prior_positive,close_to_open,1,1659,1.019170684508067e-05,-1.1579834221459646e-05,0.42374924653405666
Q3_time,RELIANCE,prior_positive,close_to_open,1,1627,-1.0383362920076866e-05,-1.3807213818815987e-05,0.42347879532882604
Q3_time,SBIN,prior_positive,close_to_open,1,1655,-1.4624113723667708e-05,-8.309384350387491e-06,0.4610271903323263
Q3_time,SUNPHARMA,prior_positive,close_to_open,1,1660,-2.2583825180691593e-05,-9.05422077413571e-06,0.4475903614457831
Q3_time,TATASTEEL,prior_positive,close_to_open,1,1678,6.314686579237917e-07,-3.1079005265104923e-06,0.47794994040524436
Q3_time,AXISBANK,prior_negative,open_to_close,1,1653,1.8372260347708605e-05,-1.5220189889099216e-06,0.499697519661222
Q3_time,BANKBEES,prior_negative,open_to_close,1,1606,2.9686599339231148e-05,4.794540218676217e-05,0.5317559153175592
Q3_time,BHARTIARTL,prior_negative,open_to_close,1,1653,6.852539336553657e-05,2.9419214986003972e-05,0.5117967332123412
Q3_time,GOLDBEES,prior_negative,open_to_close,1,1629,1.3049474630420471e-05,5.976907536069879e-05,0.519950890116636
Q3_time,HCLTECH,prior_negative,open_to_close,1,1725,1.919232769946197e-05,-6.785804637978978e-05,0.48057971014492756
Q3_time,HDFCBANK,prior_negative,open_to_close,1,1704,5.0325821218671804e-05,-2.3572205621288006e-05,0.4865023474178404
Q3_time,ICICIBANK,prior_negative,open_to_close,1,1669,5.834368784043353e-05,8.752325748977922e-06,0.5074895146794488
Q3_time,INFY,prior_negative,open_to_close,1,1712,2.2784135860608305e-06,-1.1779165554590433e-05,0.4953271028037383
Q3_time,ITBEES,prior_negative,open_to_close,1,1707,-0.00018220281780383218,-4.883563388593156e-05,0.4780316344463972
Q3_time,ITC,prior_negative,open_to_close,1,1655,-3.842322515362938e-06,7.074491067417097e-06,0.5033232628398792
Q3_time,KOTAKBANK,prior_negative,open_to_close,1,1657,4.383023248510687e-05,2.5500871880715056e-05,0.5129752564876282
Q3_time,LT,prior_negative,open_to_close,1,1637,-2.889020519152578e-06,8.680409353503363e-06,0.5051924251679902
Q3_time,M&M,prior_negative,open_to_close,1,1637,2.9628781725213355e-05,3.5485698088502345e-05,0.5192425167990226
Q3_time,MARUTI,prior_negative,open_to_close,1,1682,-7.415675694813787e-06,2.6479037558301184e-06,0.5011890606420928
Q3_time,NIFTYBEES,prior_negative,open_to_close,1,1644,3.3599560067893824e-05,5.909150285935787e-05,0.5571776155717761
Q3_time,RELIANCE,prior_negative,open_to_close,1,1676,4.1094117037805876e-05,2.455545963911089e-05,0.5119331742243437
Q3_time,SBIN,prior_negative,open_to_close,1,1648,6.168239854281195e-05,1.5922595436547312e-05,0.5066747572815534
Q3_time,SUNPHARMA,prior_negative,open_to_close,1,1643,8.210138186422143e-05,4.448173854196577e-05,0.515520389531345
Q3_time,TATASTEEL,prior_negative,open_to_close,1,1625,8.102230282160476e-05,4.884810934913716e-05,0.5150769230769231
Q3_time,AXISBANK,prior_positive,open_to_close,1,1650,6.690078506924421e-06,-2.1903675663650636e-05,0.4896969696969697
Q3_time,BANKBEES,prior_positive,open_to_close,1,1697,-6.571716093514505e-05,-2.1136282702030346e-05,0.48379493223335296
Q3_time,BHARTIARTL,prior_positive,open_to_close,1,1650,-2.7620507256267362e-05,-2.8245550840978575e-05,0.48787878787878786
Q3_time,GOLDBEES,prior_positive,open_to_close,1,1674,1.9965914779601546e-06,-5.697324250970702e-06,0.498805256869773
Q3_time,HCLTECH,prior_positive,open_to_close,1,1578,-4.408747517747153e-05,-7.664970847208925e-05,0.4740177439797212
Q3_time,HDFCBANK,prior_positive,open_to_close,1,1599,9.922807210230288e-06,-2.8893865973150172e-05,0.4884302689180738
Q3_time,ICICIBANK,prior_positive,open_to_close,1,1634,2.4054898329771614e-05,-1.734579796201014e-05,0.48959608323133413
Q3_time,INFY,prior_positive,open_to_close,1,1591,-3.968484701582195e-05,-0.00010389158766504418,0.4582023884349466
Q3_time,ITBEES,prior_positive,open_to_close,1,1596,-8.69510672392564e-05,-3.630336838543314e-05,0.48120300751879697
Q3_time,ITC,prior_positive,open_to_close,1,1648,1.8087781192303202e-05,-5.229824074270349e-06,0.4969660194174757
Q3_time,KOTAKBANK,prior_positive,open_to_close,1,1646,1.015573463320028e-06,-5.056527345164646e-05,0.4842041312272175
Q3_time,LT,prior_positive,open_to_close,1,1666,1.2046044189811779e-05,6.667683174557394e-06,0.5048019207683073
Q3_time,M&M,prior_positive,open_to_close,1,1666,2.4895921742523855e-05,-8.338875392733278e-06,0.4957983193277311
Q3_time,MARUTI,prior_positive,open_to_close,1,1621,-5.897332329292762e-05,-5.188447776816041e-05,0.47995064774830354
Q3_time,NIFTYBEES,prior_positive,open_to_close,1,1659,-9.847794726769802e-05,-3.88435399348112e-05,0.4496684749849307
Q3_time,RELIANCE,prior_positive,open_to_close,1,1627,2.5120389027244767e-07,-3.355925683136879e-05,0.4843269821757836
Q3_time,SBIN,prior_positive,open_to_close,1,1655,-5.3199292963348185e-05,-1.3943059113946145e-05,0.4936555891238671
Q3_time,SUNPHARMA,prior_positive,open_to_close,1,1660,-2.9887858509370653e-05,-3.23330476575154e-05,0.4891566265060241
Q3_time,TATASTEEL,prior_positive,open_to_close,1,1678,-2.9415485955923077e-05,-4.69005857247351e-05,0.48867699642431467
Q4_time,AXISBANK,prior_negative,close_to_close,1,1589,1.044803043776251e-05,6.290721494162099e-05,0.5324103209565765
Q4_time,BANKBEES,prior_negative,close_to_close,1,1609,8.673132398142542e-05,6.960589109571299e-05,0.5643256681168427
Q4_time,BHARTIARTL,prior_negative,close_to_close,1,1669,2.931878338541259e-05,1.8226072885269636e-05,0.5080886758538047
Q4_time,GOLDBEES,prior_negative,close_to_close,1,1665,4.929329054437149e-05,4.4066627736520176e-05,0.5177177177177177
Q4_time,HCLTECH,prior_negative,close_to_close,1,1720,1.2125788795808975e-06,-2.141638846620922e-05,0.48604651162790696
Q4_time,HDFCBANK,prior_negative,close_to_close,1,1665,5.604926731647012e-05,5.758128822359106e-05,0.5261261261261261
Q4_time,ICICIBANK,prior_negative,close_to_close,1,1641,6.797866205496401e-05,8.397380923132652e-05,0.5405240706886045
Q4_time,INFY,prior_negative,close_to_close,1,1723,-6.162257367446381e-05,-3.0528966881067835e-05,0.4840394660475914
Q4_time,ITBEES,prior_negative,close_to_close,1,1681,-1.259219355702585e-05,5.882115321518031e-06,0.5056513979773944
Q4_time,ITC,prior_negative,close_to_close,1,1673,2.7199963257175817e-05,5.082206649279251e-05,0.5206216377764495
Q4_time,KOTAKBANK,prior_negative,close_to_close,1,1634,0.00011407735569713567,7.43480637764212e-05,0.5336597307221542
Q4_time,LT,prior_negative,close_to_close,1,1663,0.000139309507708845,4.369723543093699e-05,0.5201443174984967
Q4_time,M&M,prior_negative,close_to_close,1,1728,1.6068566766427345e-05,-1.8609764093735492e-05,0.4913194444444444
Q4_time,MARUTI,prior_negative,close_to_close,1,1682,5.5068309536515955e-05,2.8823389939690446e-05,0.5071343638525565
Q4_time,NIFTYBEES,prior_negative,close_to_close,1,1602,8.342442636771021e-05,9.269451013512361e-05,0.6054931335830213
Q4_time,RELIANCE,prior_negative,close_to_close,1,1668,-2.7295745350675323e-05,-2.3544487852257293e-06,0.4988009592326139
Q4_time,SBIN,prior_negative,close_to_close,1,1676,4.7097164099854114e-05,3.7170134379054133e-05,0.5155131264916468
Q4_time,SUNPHARMA,prior_negative,close_to_close,1,1656,3.394145225502336e-05,5.899220391572822e-06,0.5030193236714976
Q4_time,TATASTEEL,prior_negative,close_to_close,1,1651,4.334185354985102e-05,6.181489969942563e-05,0.5251362810417929
Q4_time,AXISBANK,prior_positive,close_to_close,1,1713,3.5882185192911346e-05,1.9758404331845115e-05,0.5061295971978984
Q4_time,BANKBEES,prior_positive,close_to_close,1,1693,-4.4436488395977916e-05,-5.149872731345805e-05,0.46367395156526875
Q4_time,BHARTIARTL,prior_positive,close_to_close,1,1633,-3.2213583877552425e-05,-2.7622551234982343e-05,0.4807103490508267
Q4_time,GOLDBEES,prior_positive,close_to_close,1,1637,-2.695236220630254e-05,-4.370385144410649e-05,0.47342700061087356
Q4_time,HCLTECH,prior_positive,close_to_close,1,1582,-0.00013541137306760884,-6.332621947000635e-05,0.4715549936788875
Q4_time,HDFCBANK,prior_positive,close_to_close,1,1637,-7.073386729963452e-05,-7.323226871047076e-05,0.4648747709224191
Q4_time,ICICIBANK,prior_positive,close_to_close,1,1661,-4.239983519206181e-05,-6.624208126061585e-05,0.4653822998193859
Q4_time,INFY,prior_positive,close_to_close,1,1579,1.4517282906990274e-06,-8.801807986946123e-05,0.47181760607979734
Q4_time,ITBEES,prior_positive,close_to_close,1,1621,-2.651636160390649e-05,-5.368468775923674e-05,0.47501542257865514
Q4_time,ITC,prior_positive,close_to_close,1,1629,-4.4071643618461544e-05,-6.085724474310289e-05,0.46593001841620624
Q4_time,KOTAKBANK,prior_positive,close_to_close,1,1668,-7.293016904179691e-05,-4.927180029233745e-05,0.4766187050359712
Q4_time,LT,prior_positive,close_to_close,1,1639,-9.022231570490893e-05,-6.350566191412919e-05,0.4722391702257474
Q4_time,M&M,prior_positive,close_to_close,1,1574,-1.9681538193575663e-05,-0.0001002684270080545,0.46124523506988563
Q4_time,MARUTI,prior_positive,close_to_close,1,1620,-3.271372612678222e-05,-7.233967012860843e-05,0.4734567901234568
Q4_time,NIFTYBEES,prior_positive,close_to_close,1,1700,-6.816226879439369e-05,-5.994846762231537e-05,0.4288235294117647
Q4_time,RELIANCE,prior_positive,close_to_close,1,1634,-1.5777714309087352e-05,-1.0777012731654088e-05,0.49020807833537333
Q4_time,SBIN,prior_positive,close_to_close,1,1626,-5.9480656300517086e-05,-7.459691131940659e-05,0.46863468634686345
Q4_time,SUNPHARMA,prior_positive,close_to_close,1,1646,-4.233775896636986e-06,-1.3189229653068032e-05,0.4945321992709599
Q4_time,TATASTEEL,prior_positive,close_to_close,1,1651,-1.4120694227606896e-05,-6.922533357422989e-05,0.47486371895820717
Q4_time,AXISBANK,prior_negative,close_to_close,2,1589,-4.79422060456889e-06,4.4320013271432275e-05,0.5198237885462555
Q4_time,BANKBEES,prior_negative,close_to_close,2,1608,1.7021109323468818e-05,1.3458978328147043e-05,0.5080845771144279
Q4_time,BHARTIARTL,prior_negative,close_to_close,2,1669,1.0545324989030253e-05,2.0513822347091435e-05,0.5104853205512283
Q4_time,GOLDBEES,prior_negative,close_to_close,2,1664,3.990667850778091e-06,1.5960725612144497e-05,0.5072115384615384
Q4_time,HCLTECH,prior_negative,close_to_close,2,1720,-6.617224078446422e-05,-5.856416523344286e-05,0.4744186046511628
Q4_time,HDFCBANK,prior_negative,close_to_close,2,1665,-3.1990082003796335e-05,-9.618513089516487e-06,0.49309309309309307
Q4_time,ICICIBANK,prior_negative,close_to_close,2,1641,1.8356930766055136e-05,1.819255748778146e-05,0.5106642291285801
Q4_time,INFY,prior_negative,close_to_close,2,1722,2.7617032455875996e-05,-5.197546766427188e-05,0.4808362369337979
Q4_time,ITBEES,prior_negative,close_to_close,2,1680,-5.207759300670014e-05,-3.757925410797597e-05,0.4851190476190476
Q4_time,ITC,prior_negative,close_to_close,2,1672,2.902496670709453e-05,-1.6523169294868005e-05,0.4922248803827751
Q4_time,KOTAKBANK,prior_negative,close_to_close,2,1634,2.095844006229566e-05,-1.0734122708559442e-06,0.4981640146878825
Q4_time,LT,prior_negative,close_to_close,2,1663,3.188765479830081e-05,-4.5872512099291246e-05,0.48045700541190617
Q4_time,M&M,prior_negative,close_to_close,2,1727,-2.4876301810948375e-05,-4.9471469033285993e-05,0.4823393167342212
Q4_time,MARUTI,prior_negative,close_to_close,2,1681,6.639995757476259e-05,-1.5971210955996852e-05,0.49375371802498513
Q4_time,NIFTYBEES,prior_negative,close_to_close,2,1601,1.7095838458874357e-05,2.247085028079924e-05,0.5246720799500312
Q4_time,RELIANCE,prior_negative,close_to_close,2,1668,-2.087549586339079e-05,-1.1041704760711424e-05,0.4904076738609113
Q4_time,SBIN,prior_negative,close_to_close,2,1676,2.338460125262418e-05,-4.670711274036408e-06,0.49761336515513127
Q4_time,SUNPHARMA,prior_negative,close_to_close,2,1655,1.755283364815716e-05,5.882115321518031e-06,0.5015105740181269
Q4_time,TATASTEEL,prior_negative,close_to_close,2,1651,1.7331222304070996e-05,1.937116624606272e-06,0.500908540278619
Q4_time,AXISBANK,prior_positive,close_to_close,2,1712,5.021981257288059e-05,3.5742499914941865e-05,0.518107476635514
Q4_time,BANKBEES,prior_positive,close_to_close,2,1693,2.216498062941698e-05,2.0929084122508048e-05,0.5174246898995866
Q4_time,BHARTIARTL,prior_positive,close_to_close,2,1632,-1.3521360236250541e-05,-3.1288791551595566e-05,0.47794117647058826
Q4_time,GOLDBEES,prior_positive,close_to_close,2,1637,1.7855035388116033e-05,-2.9616064542227325e-05,0.483811850946854
Q4_time,HCLTECH,prior_positive,close_to_close,2,1581,-6.028777820493851e-05,-2.7859730633806988e-05,0.4845034788108792
Q4_time,HDFCBANK,prior_positive,close_to_close,2,1636,2.010029617345436e-05,-1.4457209962114075e-06,0.49877750611246946
Q4_time,ICICIBANK,prior_positive,close_to_close,2,1660,7.205601152983523e-06,-6.5216852417985665e-06,0.4951807228915663
Q4_time,INFY,prior_positive,close_to_close,2,1579,-9.363204159553793e-05,-6.450644009126094e-05,0.4756174794173528
Q4_time,ITBEES,prior_positive,close_to_close,2,1621,1.462389156755628e-05,-4.5522845186650365e-06,0.49660703269586676
Q4_time,ITC,prior_positive,close_to_close,2,1629,-4.587368908589281e-05,-8.62480475443005e-06,0.4953959484346225
Q4_time,KOTAKBANK,prior_positive,close_to_close,2,1667,1.8373385693822913e-05,3.68329037147687e-05,0.5116976604679064
Q4_time,LT,prior_positive,close_to_close,2,1638,1.7563788346773544e-05,3.2079844260019604e-05,0.5122100122100122
Q4_time,M&M,prior_positive,close_to_close,2,1574,2.3548976140960047e-05,-6.600132718691717e-05,0.4707750952986023
Q4_time,MARUTI,prior_positive,close_to_close,2,1620,-4.5544703364357774e-05,-2.5939167419713398e-05,0.48703703703703705
Q4_time,NIFTYBEES,prior_positive,close_to_close,2,1700,-5.851111924856497e-06,3.0864036200950733e-06,0.5047058823529412
Q4_time,RELIANCE,prior_positive,close_to_close,2,1633,-2.141235247623978e-05,-1.5639792488864046e-06,0.4990814451928965
Q4_time,SBIN,prior_positive,close_to_close,2,1625,-3.637755357643872e-05,-2.763312884293854e-05,0.4867692307692308
Q4_time,SUNPHARMA,prior_positive,close_to_close,2,1646,1.2100294285061209e-05,-1.1606258035540902e-05,0.4957472660996355
Q4_time,TATASTEEL,prior_positive,close_to_close,2,1650,1.1594543340337689e-05,-2.5993146662326184e-06,0.4987878787878788
Q4_time,AXISBANK,prior_negative,close_to_close,3,1588,7.287948263627374e-05,5.503413658521542e-05,0.5277078085642317
Q4_time,BANKBEES,prior_negative,close_to_close,3,1607,1.5073833685921118e-05,2.0929084122508048e-05,0.5164903546981954
Q4_time,BHARTIARTL,prior_negative,close_to_close,3,1668,2.74762589387625e-05,4.092265495315827e-06,0.5011990407673861
Q4_time,GOLDBEES,prior_negative,close_to_close,3,1664,3.610941202319376e-05,1.5162642574953806e-05,0.5096153846153846
Q4_time,HCLTECH,prior_negative,close_to_close,3,1720,-9.477357869420739e-05,-5.553862987373655e-05,0.4720930232558139
Q4_time,HDFCBANK,prior_negative,close_to_close,3,1664,-4.020740547033807e-06,-1.2585589620895473e-05,0.49038461538461536
Q4_time,ICICIBANK,prior_negative,close_to_close,3,1640,-1.533031517593998e-06,3.4860327055420576e-06,0.500609756097561
Q4_time,INFY,prior_negative,close_to_close,3,1722,-5.058355411764841e-05,-4.917802179519378e-05,0.4808362369337979
Q4_time,ITBEES,prior_negative,close_to_close,3,1680,-3.478688915558905e-05,3.4617125355007215e-06,0.5035714285714286
Q4_time,ITC,prior_negative,close_to_close,3,1671,-5.33276622696811e-06,1.2312175852686254e-05,0.5068821065230401
Q4_time,KOTAKBANK,prior_negative,close_to_close,3,1634,7.015991518851338e-05,4.018273106076099e-05,0.51468788249694
Q4_time,LT,prior_negative,close_to_close,3,1662,1.396727549763932e-05,9.775629111718402e-06,0.5042117930204573
Q4_time,M&M,prior_negative,close_to_close,3,1727,2.8633771244141117e-05,-5.460496427801061e-05,0.4788650839606254
Q4_time,MARUTI,prior_negative,close_to_close,3,1680,3.886597456068876e-05,-2.5939167419713398e-05,0.4880952380952381
Q4_time,NIFTYBEES,prior_negative,close_to_close,3,1601,2.3512474866079097e-05,2.658995321525644e-05,0.5265459088069956
Q4_time,RELIANCE,prior_negative,close_to_close,3,1668,-5.175745917209593e-05,-2.9327772166773724e-05,0.48501199040767384
Q4_time,SBIN,prior_negative,close_to_close,3,1676,8.727921278044268e-06,-1.961919646891987e-05,0.4904534606205251
Q4_time,SUNPHARMA,prior_negative,close_to_close,3,1654,3.0893860506007586e-05,-5.805844317687437e-06,0.49818621523579204
Q4_time,TATASTEEL,prior_negative,close_to_close,3,1651,-3.294606826294292e-05,-4.591721721002799e-05,0.48455481526347666
Q4_time,AXISBANK,prior_positive,close_to_close,3,1712,-2.2319565147275248e-05,2.1478473941025978e-05,0.5105140186915887
Q4_time,BANKBEES,prior_positive,close_to_close,3,1693,2.3285810733674952e-05,1.3051864067914476e-05,0.5091553455404607
Q4_time,BHARTIARTL,prior_positive,close_to_close,3,1632,-3.0611471667474875e-05,-2.1029501770081856e-05,0.4877450980392157
Q4_time,GOLDBEES,prior_positive,close_to_close,3,1636,-1.5522161198747044e-05,-3.462860077961693e-05,0.48105134474327627
Q4_time,HCLTECH,prior_positive,close_to_close,3,1580,-2.7457025621863228e-05,-3.352288068805523e-05,0.4873417721518987
Q4_time,HDFCBANK,prior_positive,close_to_close,3,1636,-9.414366218169208e-06,6.778819379219268e-06,0.5012224938875306
Q4_time,ICICIBANK,prior_positive,close_to_close,3,1660,2.69499499110562e-05,8.184272834761519e-06,0.505421686746988
Q4_time,INFY,prior_positive,close_to_close,3,1578,-8.840250716813785e-06,-6.20249101171175e-05,0.4752851711026616
Q4_time,ITBEES,prior_positive,close_to_close,3,1620,-2.469114191094908e-06,-4.961855917021141e-05,0.4777777777777778
Q4_time,ITC,prior_positive,close_to_close,3,1629,-9.912801739180688e-06,-2.92882691409788e-05,0.48066298342541436
Q4_time,KOTAKBANK,prior_positive,close_to_close,3,1666,-3.0076066155394617e-05,-7.609117240662649e-06,0.4951980792316927
Q4_time,LT,prior_positive,close_to_close,3,1638,3.4828926638698146e-05,-2.742172682538042e-05,0.4877899877899878
Q4_time,M&M,prior_positive,close_to_close,3,1573,-3.470871303614233e-05,-6.846442691311861e-05,0.47488874761602035
Q4_time,MARUTI,prior_positive,close_to_close,3,1620,-1.386566078924976e-05,-1.5468760328155343e-05,0.49320987654320986
Q4_time,NIFTYBEES,prior_positive,close_to_close,3,1699,-1.4394746366208652e-05,1.5983404544709738e-06,0.5026486168334314
Q4_time,RELIANCE,prior_positive,close_to_close,3,1632,9.710652651786339e-06,1.2188910718974923e-05,0.5042892156862745
Q4_time,SBIN,prior_positive,close_to_close,3,1624,-2.035912373064677e-05,-1.82059062726799e-05,0.4944581280788177
Q4_time,SUNPHARMA,prior_positive,close_to_close,3,1646,-2.4948245272028635e-06,-5.48788109143287e-06,0.49878493317132444
Q4_time,TATASTEEL,prior_positive,close_to_close,3,1649,6.290821883784917e-05,4.502141293711354e-05,0.5154639175257731
Q4_time,AXISBANK,prior_negative,close_to_close,6,1586,-3.7517021476642147e-06,2.820924509535887e-05,0.5145018915510718
Q4_time,BANKBEES,prior_negative,close_to_close,6,1605,1.2207724166022224e-05,1.0337580068335128e-05,0.5065420560747663
Q4_time,BHARTIARTL,prior_negative,close_to_close,6,1665,-5.452628208058075e-05,-2.6486291699298874e-05,0.4840840840840841
Q4_time,GOLDBEES,prior_negative,close_to_close,6,1663,1.774450110353194e-05,4.180869232928153e-06,0.5015033072760072
Q4_time,HCLTECH,prior_negative,close_to_close,6,1719,-8.022417723573837e-05,-7.470729868067994e-05,0.4653868528214078
Q4_time,HDFCBANK,prior_negative,close_to_close,6,1662,-1.689902424233727e-05,-5.458059627187303e-06,0.49578820697954273
Q4_time,ICICIBANK,prior_negative,close_to_close,6,1638,-4.380573034050866e-06,-2.90507977241086e-05,0.4877899877899878
Q4_time,INFY,prior_negative,close_to_close,6,1721,-8.240573084275358e-06,-4.3360979294970736e-05,0.4834398605461941
Q4_time,ITBEES,prior_negative,close_to_close,6,1679,-1.717981011033178e-05,-1.4270951514794294e-05,0.4949374627754616
Q4_time,ITC,prior_negative,close_to_close,6,1671,-1.5049983347647324e-05,-2.7000700527080035e-05,0.4859365649311789
Q4_time,KOTAKBANK,prior_negative,close_to_close,6,1632,4.4385152571778e-05,1.3703043516586169e-06,0.5006127450980392
Q4_time,LT,prior_negative,close_to_close,6,1660,5.188887418083608e-05,1.9012062383210048e-05,0.5060240963855421
Q4_time,M&M,prior_negative,close_to_close,6,1724,-3.2130055865569724e-05,-6.945428801546916e-05,0.4709976798143852
Q4_time,MARUTI,prior_negative,close_to_close,6,1678,4.447367568578222e-05,-1.3431285952683272e-05,0.49463647199046484
Q4_time,NIFTYBEES,prior_negative,close_to_close,6,1600,-5.227668578971158e-06,2.7374799328553907e-06,0.504375
Q4_time,RELIANCE,prior_negative,close_to_close,6,1668,1.1248448440647808e-05,1.702331109457167e-05,0.5077937649880095
Q4_time,SBIN,prior_negative,close_to_close,6,1674,-1.1389008406015519e-06,-1.7818124148074234e-05,0.491636798088411
Q4_time,SUNPHARMA,prior_negative,close_to_close,6,1653,7.439177964727801e-05,1.888453801630115e-05,0.5081669691470054
Q4_time,TATASTEEL,prior_negative,close_to_close,6,1649,3.1648509245901144e-05,1.137238134636521e-05,0.5051546391752577
Q4_time,AXISBANK,prior_positive,close_to_close,6,1711,4.568634409810714e-05,5.88741445941627e-05,0.5230859146697837
Q4_time,BANKBEES,prior_positive,close_to_close,6,1692,2.593755060750379e-05,2.5781655521719652e-05,0.5183215130023641
Q4_time,BHARTIARTL,prior_positive,close_to_close,6,1632,5.6506761558020446e-05,9.620320277274143e-06,0.5055147058823529
Q4_time,GOLDBEES,prior_positive,close_to_close,6,1634,-1.548990781969258e-06,-2.6754612020800516e-05,0.4883720930232558
Q4_time,HCLTECH,prior_positive,close_to_close,6,1578,-5.202770879177027e-05,-1.3495464984164547e-05,0.49429657794676807
Q4_time,HDFCBANK,prior_positive,close_to_close,6,1635,5.401992811210079e-06,-6.723961231340004e-06,0.4960244648318043
Q4_time,ICICIBANK,prior_positive,close_to_close,6,1659,3.4894137303571604e-05,4.177713295294705e-05,0.5189873417721519
Q4_time,INFY,prior_positive,close_to_close,6,1576,-6.670429492497381e-05,-6.971206230970942e-05,0.4720812182741117
Q4_time,ITBEES,prior_positive,close_to_close,6,1618,-3.0161382142286034e-05,-3.31314658241365e-05,0.48640296662546356
Q4_time,ITC,prior_positive,close_to_close,6,1626,-3.5051190944775467e-06,3.92242574631046e-06,0.5018450184501845
Q4_time,KOTAKBANK,prior_positive,close_to_close,6,1665,5.70340756538275e-06,2.2853702745715162e-05,0.5093093093093093
Q4_time,LT,prior_positive,close_to_close,6,1637,-3.0358436017063542e-06,-4.040701689210654e-05,0.4862553451435553
Q4_time,M&M,prior_positive,close_to_close,6,1573,3.305603560659872e-05,-4.519895203414226e-05,0.4837889383343929
Q4_time,MARUTI,prior_positive,close_to_close,6,1619,-1.8362098934112907e-05,-2.5236325296310952e-05,0.48672019765287217
Q4_time,NIFTYBEES,prior_positive,close_to_close,6,1697,1.5191205576849295e-05,2.0780431965171505e-05,0.5244549204478491
Q4_time,RELIANCE,prior_positive,close_to_close,6,1629,-4.532909482174858e-05,-3.0833038744934853e-05,0.48189073050951503
Q4_time,SBIN,prior_positive,close_to_close,6,1623,-1.4031583076548127e-05,-1.950758599728042e-05,0.4929143561306223
Q4_time,SUNPHARMA,prior_positive,close_to_close,6,1644,-3.8449753905444574e-05,-3.099409602234773e-05,0.48965936739659366
Q4_time,TATASTEEL,prior_positive,close_to_close,6,1648,-1.1943542108119949e-06,-9.76132096227537e-06,0.4945388349514563
Q4_time,AXISBANK,prior_negative,close_to_close,12,1584,2.611856696898983e-05,8.836719901517744e-06,0.5063131313131313
Q4_time,BANKBEES,prior_negative,close_to_close,12,1602,1.4862887158995976e-05,2.255970505349314e-06,0.5024968789013733
Q4_time,BHARTIARTL,prior_negative,close_to_close,12,1662,-6.470911295438206e-06,-2.04925498899994e-06,0.4981949458483754
Q4_time,GOLDBEES,prior_negative,close_to_close,12,1658,-4.5312633990167117e-05,-3.60949945948899e-05,0.4806996381182147
Q4_time,HCLTECH,prior_negative,close_to_close,12,1715,-0.0001445575813150158,-8.437522071796932e-05,0.4583090379008746
Q4_time,HDFCBANK,prior_negative,close_to_close,12,1658,-1.9634363114146294e-05,-3.3215151273549142e-06,0.49758745476477684
Q4_time,ICICIBANK,prior_negative,close_to_close,12,1633,4.476579653922112e-06,-1.870340774942327e-05,0.4898958971218616
Q4_time,INFY,prior_negative,close_to_close,12,1717,-0.0001430994302588363,-9.814649268009075e-05,0.46359930110658126
Q4_time,ITBEES,prior_negative,close_to_close,12,1677,-7.7973012644505e-05,-2.786733489516341e-05,0.4865831842576029
Q4_time,ITC,prior_negative,close_to_close,12,1667,4.380166626203911e-06,9.550251059173547e-06,0.5026994601079784
Q4_time,KOTAKBANK,prior_negative,close_to_close,12,1630,6.002575639008106e-05,5.104302037455143e-05,0.5233128834355828
Q4_time,LT,prior_negative,close_to_close,12,1657,3.1486567452449175e-05,-4.737313115944005e-05,0.4785757392878696
Q4_time,M&M,prior_negative,close_to_close,12,1720,5.112309828441144e-05,-4.594791122364581e-05,0.48255813953488375
Q4_time,MARUTI,prior_negative,close_to_close,12,1677,-1.0303393549029919e-05,-4.3069568586653634e-05,0.481216457960644
Q4_time,NIFTYBEES,prior_negative,close_to_close,12,1596,1.035369088559067e-05,9.027154002706604e-06,0.5100250626566416
Q4_time,RELIANCE,prior_negative,close_to_close,12,1667,-4.6160683214586236e-05,-1.2061367137371345e-05,0.4907018596280744
Q4_time,SBIN,prior_negative,close_to_close,12,1671,-4.5540712397934136e-05,-2.8942875309443147e-05,0.4865350089766607
Q4_time,SUNPHARMA,prior_negative,close_to_close,12,1650,4.074729791805929e-05,-9.847051048357953e-07,0.5
Q4_time,TATASTEEL,prior_negative,close_to_close,12,1645,3.2644020943125714e-05,-6.044340943601881e-06,0.49544072948328266
Q4_time,AXISBANK,prior_positive,close_to_close,12,1707,1.6167197449141323e-05,7.23769081479987e-05,0.5313415348564734
Q4_time,BANKBEES,prior_positive,close_to_close,12,1689,2.2553757254089166e-05,2.724552264961784e-05,0.5227945529899348
Q4_time,BHARTIARTL,prior_positive,close_to_close,12,1629,9.701859604946007e-06,-1.612781945195844e-05,0.4910988336402701
Q4_time,GOLDBEES,prior_positive,close_to_close,12,1633,6.115643579353123e-05,1.8998628031125582e-05,0.5088793631353338
Q4_time,HCLTECH,prior_positive,close_to_close,12,1576,1.7075374957229252e-05,3.0456746812315054e-06,0.501269035532995
Q4_time,HDFCBANK,prior_positive,close_to_close,12,1633,7.379779430071583e-06,-9.98576709363184e-06,0.49295774647887325
Q4_time,ICICIBANK,prior_positive,close_to_close,12,1658,2.3645114298101455e-05,2.5554373275628173e-05,0.5162846803377563
Q4_time,INFY,prior_positive,close_to_close,12,1574,8.208950076397063e-05,-1.354732281178922e-05,0.4936467598475222
Q4_time,ITBEES,prior_positive,close_to_close,12,1614,3.3805030229791224e-05,-1.2925690532002024e-05,0.4944237918215613
Q4_time,ITC,prior_positive,close_to_close,12,1624,-2.1703763997451304e-05,-2.631297560199176e-05,0.4852216748768473
Q4_time,KOTAKBANK,prior_positive,close_to_close,12,1661,-1.171723043010335e-05,-3.401691889346218e-05,0.4864539434075858
Q4_time,LT,prior_positive,close_to_close,12,1634,1.7954737101023476e-05,3.549401700812652e-05,0.5140758873929009
Q4_time,M&M,prior_positive,close_to_close,12,1571,-5.8508582474408315e-05,-7.26008889477825e-05,0.4716740929344367
Q4_time,MARUTI,prior_positive,close_to_close,12,1614,3.614109109585968e-05,2.7094210876482138e-06,0.5006195786864932
Q4_time,NIFTYBEES,prior_positive,close_to_close,12,1695,1.6610741501322385e-06,1.4591639976579973e-05,0.51976401179941
Q4_time,RELIANCE,prior_positive,close_to_close,12,1624,1.6555819182790286e-05,1.2581550420947977e-07,0.5
Q4_time,SBIN,prior_positive,close_to_close,12,1620,3.453052350222712e-05,-3.971674227461669e-06,0.49876543209876545
Q4_time,SUNPHARMA,prior_positive,close_to_close,12,1641,-1.9195720576185267e-06,-1.0504371035619593e-05,0.4984765386959171
Q4_time,TATASTEEL,prior_positive,close_to_close,12,1646,-5.400837215738858e-06,8.037678538648931e-06,0.5036452004860267
Q4_time,AXISBANK,prior_negative,close_to_open,1,1589,2.9721130821816417e-06,4.778787070151377e-06,0.526117054751416
Q4_time,BANKBEES,prior_negative,close_to_open,1,1609,3.21364978194971e-05,-2.8602388176380956e-06,0.47607209446861404
Q4_time,BHARTIARTL,prior_negative,close_to_open,1,1669,3.028966082247712e-05,-5.550429511311547e-07,0.49310964649490713
Q4_time,GOLDBEES,prior_negative,close_to_open,1,1665,3.1867406387980306e-05,-5.5219646648378235e-06,0.46726726726726725
Q4_time,HCLTECH,prior_negative,close_to_open,1,1720,2.5313008047023246e-05,4.178275359161142e-06,0.5174418604651163
Q4_time,HDFCBANK,prior_negative,close_to_open,1,1665,-5.51872209295879e-05,-9.15241527004667e-06,0.45165165165165166
Q4_time,ICICIBANK,prior_negative,close_to_open,1,1641,5.347977216448677e-06,-4.2027714735665735e-06,0.46861669713589277
Q4_time,INFY,prior_negative,close_to_open,1,1723,-8.996509033443885e-06,0.0,0.4962275101567034
Q4_time,ITBEES,prior_negative,close_to_open,1,1681,7.608738698044308e-05,-4.125142053316526e-06,0.4681737061273052
Q4_time,ITC,prior_negative,close_to_open,1,1673,4.785988397805727e-05,4.056699613977057e-06,0.5182307232516438
Q4_time,KOTAKBANK,prior_negative,close_to_open,1,1634,1.869140238107727e-05,1.7116353890622715e-06,0.5079559363525091
Q4_time,LT,prior_negative,close_to_open,1,1663,7.701510050992011e-05,1.0004855591710335e-06,0.5069152134696332
Q4_time,M&M,prior_negative,close_to_open,1,1728,-7.132728758503251e-06,-7.737660553921691e-07,0.49016203703703703
Q4_time,MARUTI,prior_negative,close_to_open,1,1682,2.616209834427377e-05,-8.61608129850021e-06,0.4393579072532699
Q4_time,NIFTYBEES,prior_negative,close_to_open,1,1602,4.8177280138818253e-05,2.3620667714398096e-06,0.5124843945068664
Q4_time,RELIANCE,prior_negative,close_to_open,1,1668,-1.874924871652054e-06,-2.530119964415532e-06,0.47721822541966424
Q4_time,SBIN,prior_negative,close_to_open,1,1676,2.3098536481646703e-05,-4.270157101909305e-06,0.4767303102625298
Q4_time,SUNPHARMA,prior_negative,close_to_open,1,1656,4.034943306374519e-05,4.139556058121071e-06,0.5157004830917874
Q4_time,TATASTEEL,prior_negative,close_to_open,1,1651,4.65335528658243e-05,3.2777657384100065e-06,0.5196850393700787
Q4_time,AXISBANK,prior_positive,close_to_open,1,1713,-2.9836099227364173e-05,-4.2493158601460595e-06,0.4746059544658494
Q4_time,BANKBEES,prior_positive,close_to_open,1,1693,1.6080252614186044e-05,-1.100294175593936e-05,0.409923213230951
Q4_time,BHARTIARTL,prior_positive,close_to_open,1,1633,-3.895045869610563e-05,-9.157328737593081e-06,0.4402939375382731
Q4_time,GOLDBEES,prior_positive,close_to_open,1,1637,4.7449810738432144e-05,-1.0478556861808701e-05,0.43555284056200366
Q4_time,HCLTECH,prior_positive,close_to_open,1,1582,-5.731687836463792e-05,-5.947767374441742e-06,0.4633375474083439
Q4_time,HDFCBANK,prior_positive,close_to_open,1,1637,-5.681093934681463e-05,-1.8063801233184997e-05,0.3946243127672572
Q4_time,ICICIBANK,prior_positive,close_to_open,1,1661,-4.809011065819616e-05,-1.443647208052938e-05,0.4111980734497291
Q4_time,INFY,prior_positive,close_to_open,1,1579,4.533852737095868e-06,-5.559466357009222e-06,0.4629512349588347
Q4_time,ITBEES,prior_positive,close_to_open,1,1621,2.5975187452408618e-05,-1.3821109021464975e-05,0.40037014188772363
Q4_time,ITC,prior_positive,close_to_open,1,1629,-6.126385075086531e-06,-1.0463099743803403e-05,0.4340085942295887
Q4_time,KOTAKBANK,prior_positive,close_to_open,1,1668,-8.02361930203978e-05,-1.1038408398562134e-05,0.4460431654676259
Q4_time,LT,prior_positive,close_to_open,1,1639,-4.679926593397426e-05,-7.4590572113033794e-06,0.44600366076876147
Q4_time,M&M,prior_positive,close_to_open,1,1574,-3.785777475609169e-05,-9.86167270849683e-06,0.43456162642947904
Q4_time,MARUTI,prior_positive,close_to_open,1,1620,-3.23120902936463e-05,-1.859135157162048e-05,0.404320987654321
Q4_time,NIFTYBEES,prior_positive,close_to_open,1,1700,-2.538684994572604e-05,-1.5356374325043503e-05,0.3847058823529412
Q4_time,RELIANCE,prior_positive,close_to_open,1,1634,-5.4553416040815654e-05,-5.889381322167949e-06,0.45777233782129745
Q4_time,SBIN,prior_positive,close_to_open,1,1626,-4.376073119177911e-05,-7.0167785295264604e-06,0.45141451414514144
Q4_time,SUNPHARMA,prior_positive,close_to_open,1,1646,-9.124612181163773e-06,-7.233191384964983e-06,0.4538274605103281
Q4_time,TATASTEEL,prior_positive,close_to_open,1,1651,9.313616568641597e-06,-1.8943669781538535e-06,0.48394912174439736
Q4_time,AXISBANK,prior_negative,open_to_close,1,1589,7.1565479212417945e-06,5.269198926453422e-05,0.5204531151667715
Q4_time,BANKBEES,prior_negative,open_to_close,1,1609,5.4542769162199685e-05,6.50575001439551e-05,0.5525170913610938
Q4_time,BHARTIARTL,prior_negative,open_to_close,1,1669,-3.970989615924114e-07,3.853088905800587e-06,0.5038945476333133
Q4_time,GOLDBEES,prior_negative,open_to_close,1,1665,1.753071044879314e-05,2.4288208277428096e-05,0.5153153153153153
Q4_time,HCLTECH,prior_negative,open_to_close,1,1720,-2.4504666167892467e-05,-3.4502658704447e-05,0.48546511627906974
Q4_time,HDFCBANK,prior_negative,open_to_close,1,1665,0.0001110701633371552,7.326323478899928e-05,0.5303303303303303
Q4_time,ICICIBANK,prior_negative,open_to_close,1,1641,6.283303654455329e-05,7.411392206461512e-05,0.538695917123705
Q4_time,INFY,prior_negative,open_to_close,1,1723,-5.279143872978768e-05,-6.12441225159515e-05,0.4764944863609983
Q4_time,ITBEES,prior_negative,open_to_close,1,1681,-8.789879396583141e-05,-1.7962487229220947e-05,0.49375371802498513
Q4_time,ITC,prior_negative,open_to_close,1,1673,-2.0585671439757e-05,2.8892461535663942e-06,0.5026897788404064
Q4_time,KOTAKBANK,prior_negative,open_to_close,1,1634,9.566280065629049e-05,5.178185191680637e-05,0.5244798041615667
Q4_time,LT,prior_negative,open_to_close,1,1663,6.169532214462198e-05,3.190408213981581e-05,0.5147324113048707
Q4_time,M&M,prior_negative,open_to_close,1,1728,2.3000803916507162e-05,-2.6554870302453182e-05,0.4878472222222222
Q4_time,MARUTI,prior_negative,open_to_close,1,1682,2.8435352785474954e-05,3.683876780759112e-05,0.5190249702734839
Q4_time,NIFTYBEES,prior_negative,open_to_close,1,1602,3.533879561945012e-05,7.677734661701605e-05,0.583645443196005
Q4_time,RELIANCE,prior_negative,open_to_close,1,1668,-2.505833839331074e-05,-1.0959536638735403e-06,0.4988009592326139
Q4_time,SBIN,prior_negative,open_to_close,1,1676,2.40743105488821e-05,1.938121549169897e-05,0.5113365155131265
Q4_time,SUNPHARMA,prior_negative,open_to_close,1,1656,-6.352033378008926e-06,-1.7949394613445504e-06,0.49879227053140096
Q4_time,TATASTEEL,prior_negative,open_to_close,1,1651,-3.5771945890685296e-06,3.352784480261291e-05,0.514839491217444
Q4_time,AXISBANK,prior_positive,open_to_close,1,1713,6.557179468814012e-05,2.7088226467267013e-05,0.5072971395213076
Q4_time,BANKBEES,prior_positive,open_to_close,1,1693,-6.029391964940106e-05,-3.4902622085781283e-05,0.4731246308328411
Q4_time,BHARTIARTL,prior_positive,open_to_close,1,1633,6.9921829928813055e-06,-3.30358012053944e-05,0.484996938150643
Q4_time,GOLDBEES,prior_positive,open_to_close,1,1637,-7.339404475554379e-05,-1.528220950290185e-05,0.4923640806353085
Q4_time,HCLTECH,prior_positive,open_to_close,1,1582,-7.893622738799562e-05,-4.6207504093426235e-05,0.48166877370417194
Q4_time,HDFCBANK,prior_positive,open_to_close,1,1637,-1.3894401055863883e-05,-3.769466345043209e-05,0.48014660965180206
Q4_time,ICICIBANK,prior_positive,open_to_close,1,1661,5.593079752206772e-06,-4.128052502370509e-05,0.4786273329319687
Q4_time,INFY,prior_positive,open_to_close,1,1579,-3.68356120609219e-06,-6.044109595838688e-05,0.47815072830905636
Q4_time,ITBEES,prior_positive,open_to_close,1,1621,-5.1114927152410245e-05,-1.769504218323496e-05,0.4873534855027761
Q4_time,ITC,prior_positive,open_to_close,1,1629,-3.8058466229600385e-05,-5.3816774861011496e-05,0.47268262737876
Q4_time,KOTAKBANK,prior_positive,open_to_close,1,1668,7.4099566003424956e-06,-2.0289527275711233e-05,0.49160671462829736
Q4_time,LT,prior_positive,open_to_close,1,1639,-4.3630307227138126e-05,-4.921794928994559e-05,0.4801708358755339
Q4_time,M&M,prior_positive,open_to_close,1,1574,1.7887699920991126e-05,-8.918182743703238e-05,0.4663278271918678
Q4_time,MARUTI,prior_positive,open_to_close,1,1620,-8.782576678686587e-07,-2.7486448471077617e-05,0.4901234567901235
Q4_time,NIFTYBEES,prior_positive,open_to_close,1,1700,-4.253499278692264e-05,-2.4891150335483892e-05,0.46
Q4_time,RELIANCE,prior_positive,open_to_close,1,1634,3.890319576888723e-05,5.831893081509242e-07,0.5
Q4_time,SBIN,prior_positive,open_to_close,1,1626,-1.616509259569045e-05,-4.4507603115717036e-05,0.48154981549815495
Q4_time,SUNPHARMA,prior_positive,open_to_close,1,1646,5.042917964523761e-06,-8.598795366422532e-06,0.49696233292831105
Q4_time,TATASTEEL,prior_positive,open_to_close,1,1651,-2.361613400430829e-05,-8.495708017644852e-05,0.465778316172017
