symbol,state,horizon,observations,mean,median,positive_fraction,bucket
AXISBANK,prior_return_negative,1,6406,3.5762179956759896e-05,0.0,0.49203871370590074,
AXISBANK,prior_return_negative,2,6406,4.1034105489457454e-05,0.0,0.4984389634717452,
AXISBANK,prior_return_negative,3,6405,4.16509973233632e-05,7.436049970266367e-05,0.502263856362217,
AXISBANK,prior_return_negative,6,6403,7.469491071778737e-05,7.323861139596488e-05,0.5008589723567078,
AXISBANK,prior_return_negative,12,6402,0.00015091588777103746,3.576793762072317e-05,0.5,
AXISBANK,prior_return_positive,1,6311,-1.3099215561307434e-05,0.0,0.4625257486927587,
AXISBANK,prior_return_positive,2,6310,2.561459920463001e-06,0.0,0.4735340729001585,
AXISBANK,prior_return_positive,3,6310,2.5111272232568913e-05,-7.369471904933311e-05,0.48019017432646594,
AXISBANK,prior_return_positive,6,6309,5.9878847787938625e-05,0.0,0.4969091773656681,
AXISBANK,prior_return_positive,12,6304,0.00015139311724591658,0.0,0.49841370558375636,
AXISBANK,prior_6_return_negative,1,6413,1.705122753642974e-05,0.0,0.4899423046935911,
AXISBANK,prior_6_return_negative,2,6412,2.933865043267648e-05,0.0,0.4995321272613849,
AXISBANK,prior_6_return_negative,3,6411,4.2695054542259764e-05,0.0,0.4991420995164561,
AXISBANK,prior_6_return_negative,6,6409,9.32879829153648e-05,8.04764204089814e-05,0.5067873303167421,
AXISBANK,prior_6_return_negative,12,6409,0.00023104919158173083,7.794232268110157e-05,0.5042908410048369,
AXISBANK,prior_6_return_positive,1,6581,1.2001468636193703e-05,0.0,0.46679835891201943,
AXISBANK,prior_6_return_positive,2,6581,2.3887280361168522e-05,0.0,0.4745479410423948,
AXISBANK,prior_6_return_positive,3,6581,3.3945824237904384e-05,0.0,0.4844248594438535,
AXISBANK,prior_6_return_positive,6,6580,6.254576682148224e-05,0.0,0.4907294832826748,
AXISBANK,prior_6_return_positive,12,6574,7.265565651659906e-05,0.0,0.49315485244904167,
AXISBANK,sign_x_abs_quartile_positive,1,1390,4.081940810194402e-06,0.0,0.46402877697841727,Q1
AXISBANK,sign_x_abs_quartile_positive,2,1390,5.513666105290665e-05,0.0,0.4748201438848921,Q1
AXISBANK,sign_x_abs_quartile_positive,3,1390,5.9587509572008284e-05,0.0,0.4906474820143885,Q1
AXISBANK,sign_x_abs_quartile_positive,6,1390,0.00015292622330815997,8.864069511715922e-05,0.5129496402877698,Q1
AXISBANK,sign_x_abs_quartile_positive,1,1637,-4.403101814128027e-05,0.0,0.46059865607819184,Q2
AXISBANK,sign_x_abs_quartile_positive,2,1636,-5.183558663943434e-05,-7.83362414484845e-05,0.460880195599022,Q2
AXISBANK,sign_x_abs_quartile_positive,3,1636,-2.9977637956641027e-05,-8.146342839215892e-05,0.46638141809290956,Q2
AXISBANK,sign_x_abs_quartile_positive,6,1636,-5.261231346510503e-05,0.0,0.4877750611246944,Q2
AXISBANK,sign_x_abs_quartile_positive,1,1594,-2.8543563485514418e-05,-7.428041110368877e-05,0.4604767879548306,Q3
AXISBANK,sign_x_abs_quartile_positive,2,1594,-1.7080645725859372e-05,0.0,0.48431618569636137,Q3
AXISBANK,sign_x_abs_quartile_positive,3,1594,1.927105851153173e-05,0.0,0.4993726474278545,Q3
AXISBANK,sign_x_abs_quartile_positive,6,1593,2.6930350873541796e-07,0.0,0.49968612680477087,Q3
AXISBANK,sign_x_abs_quartile_positive,1,1690,1.7298325301541037e-05,-7.760766668701846e-05,0.4650887573964497,Q4
AXISBANK,sign_x_abs_quartile_positive,2,1690,3.0504391872021125e-05,-7.322123230135702e-05,0.47455621301775147,Q4
AXISBANK,sign_x_abs_quartile_positive,3,1690,5.5592211782308554e-05,-0.0001562194886194912,0.4668639053254438,Q4
AXISBANK,sign_x_abs_quartile_positive,6,1690,0.00014843369505044898,0.0,0.48994082840236686,Q4
AXISBANK,sign_x_abs_quartile_negative,1,1420,2.6317946517729177e-05,0.0,0.48732394366197185,Q1
AXISBANK,sign_x_abs_quartile_negative,2,1420,2.4790832098467168e-05,7.485425678133151e-05,0.5056338028169014,Q1
AXISBANK,sign_x_abs_quartile_negative,3,1420,2.633830754513858e-05,8.7003131711616e-05,0.5218309859154929,Q1
AXISBANK,sign_x_abs_quartile_negative,6,1420,4.806116413199777e-05,0.00015125198853516153,0.5204225352112676,Q1
AXISBANK,sign_x_abs_quartile_negative,1,1666,5.910607518116506e-06,0.0,0.4801920768307323,Q2
AXISBANK,sign_x_abs_quartile_negative,2,1666,3.3204405028852155e-05,0.0,0.4939975990396158,Q2
AXISBANK,sign_x_abs_quartile_negative,3,1666,3.5771615950016585e-07,0.0,0.492797118847539,Q2
AXISBANK,sign_x_abs_quartile_negative,6,1666,8.399917062826861e-05,7.222741911405706e-05,0.5006002400960384,Q2
AXISBANK,sign_x_abs_quartile_negative,1,1708,2.0807258117270202e-05,0.0,0.49765807962529274,Q3
AXISBANK,sign_x_abs_quartile_negative,2,1708,5.4594581028146677e-05,0.0,0.4859484777517564,Q3
AXISBANK,sign_x_abs_quartile_negative,3,1708,2.4258539637501094e-06,0.0,0.4929742388758782,Q3
AXISBANK,sign_x_abs_quartile_negative,6,1707,0.00010457485455199464,0.0,0.49502050380785,Q3
AXISBANK,sign_x_abs_quartile_negative,1,1612,9.07786425299931e-05,7.289161985779558e-05,0.5024813895781638,Q4
AXISBANK,sign_x_abs_quartile_negative,2,1612,4.90666346225179e-05,8.141382116377827e-05,0.5099255583126551,Q4
AXISBANK,sign_x_abs_quartile_negative,3,1611,0.00013943819208580514,7.947862025114993e-05,0.5046554934823091,Q4
AXISBANK,sign_x_abs_quartile_negative,6,1610,5.687749395751881e-05,0.0,0.49006211180124226,Q4
BANKBEES,prior_return_negative,1,6410,3.432213101800677e-05,3.249945251782016e-05,0.5145085803432138,
BANKBEES,prior_return_negative,2,6410,1.866140247042293e-05,4.8789272257820926e-05,0.5174726989079563,
BANKBEES,prior_return_negative,3,6409,5.565194329953858e-06,3.3478966839028956e-05,0.5125604618505227,
BANKBEES,prior_return_negative,6,6408,-1.5306254010278142e-05,4.916783467012742e-05,0.5098314606741573,
BANKBEES,prior_return_negative,12,6406,-9.77736623085919e-05,-1.7861615239866957e-05,0.49453637215110835,
BANKBEES,prior_return_positive,1,6444,-3.6048997947189144e-05,-1.656575375502678e-05,0.4652389819987585,
BANKBEES,prior_return_positive,2,6443,-1.786067259901845e-05,-3.227107704717458e-05,0.4747788297376998,
BANKBEES,prior_return_positive,3,6443,-6.3082056462945595e-06,-3.249496328061596e-05,0.4814527394071085,
BANKBEES,prior_return_positive,6,6441,8.321769697772209e-06,-1.7769248538468396e-05,0.48579413134606425,
BANKBEES,prior_return_positive,12,6437,8.691373602138292e-05,-3.293427964490281e-05,0.4902905080006214,
BANKBEES,prior_6_return_negative,1,6533,1.0046338473781509e-05,0.0,0.4944129802540946,
BANKBEES,prior_6_return_negative,2,6532,-1.4423080015068417e-06,1.6322001833213307e-05,0.5022963870177587,
BANKBEES,prior_6_return_negative,3,6531,-2.2063303983157177e-05,1.622323166783346e-05,0.5016077170418006,
BANKBEES,prior_6_return_negative,6,6530,-6.968884770587243e-05,1.688817716671842e-05,0.5036753445635528,
BANKBEES,prior_6_return_negative,12,6530,-0.00017971120111723006,-3.6143659157494845e-05,0.4911179173047473,
BANKBEES,prior_6_return_positive,1,6574,-1.1899331893515797e-05,0.0,0.4811378156373593,
BANKBEES,prior_6_return_positive,2,6574,1.139354122403543e-06,0.0,0.4882871919683602,
BANKBEES,prior_6_return_positive,3,6574,2.1311242456201325e-05,0.0,0.4905689078186796,
BANKBEES,prior_6_return_positive,6,6572,6.999179554242546e-05,0.0,0.4922398052343275,
BANKBEES,prior_6_return_positive,12,6566,0.00017606653885136105,-1.6174509360811218e-05,0.4934511117879988,
BANKBEES,sign_x_abs_quartile_positive,1,1421,3.1658192316068785e-05,0.0,0.47431386347642507,Q1
BANKBEES,sign_x_abs_quartile_positive,2,1421,7.955452672597258e-05,0.0,0.4904996481351161,Q1
BANKBEES,sign_x_abs_quartile_positive,3,1421,3.7935202949843504e-05,-1.626360043582853e-05,0.4813511611541168,Q1
BANKBEES,sign_x_abs_quartile_positive,6,1421,3.2518879992805766e-05,-1.60382351526156e-05,0.4876847290640394,Q1
BANKBEES,sign_x_abs_quartile_positive,1,1679,-6.458435203913422e-05,-1.674116485028687e-05,0.4592019058963669,Q2
BANKBEES,sign_x_abs_quartile_positive,2,1678,-5.922673181140722e-05,-4.926621303302792e-05,0.46245530393325385,Q2
BANKBEES,sign_x_abs_quartile_positive,3,1678,-6.366066178027396e-05,-3.1834182879053596e-05,0.4827175208581645,Q2
BANKBEES,sign_x_abs_quartile_positive,6,1676,-2.7573908013644097e-05,-7.96178343948073e-06,0.48568019093078757,Q2
BANKBEES,sign_x_abs_quartile_positive,1,1697,-3.849103239991902e-05,-4.9781789821290445e-05,0.44431349440188567,Q3
BANKBEES,sign_x_abs_quartile_positive,2,1697,-5.057233902242303e-05,-6.980680965418262e-05,0.4543311726576311,Q3
BANKBEES,sign_x_abs_quartile_positive,3,1697,-8.328951840787382e-06,-6.9888527798323e-05,0.47200942840306426,Q3
BANKBEES,sign_x_abs_quartile_positive,6,1697,-7.858363598596497e-05,-0.00014270933675841757,0.4578668238067177,Q3
BANKBEES,sign_x_abs_quartile_positive,1,1647,-6.285951730203502e-05,0.0,0.4851244687310261,Q4
BANKBEES,sign_x_abs_quartile_positive,2,1647,-2.6059247560710195e-05,0.0,0.49483910139647846,Q4
BANKBEES,sign_x_abs_quartile_positive,3,1647,1.603347259885393e-05,-1.670397220454589e-05,0.4899817850637523,Q4
BANKBEES,sign_x_abs_quartile_positive,6,1647,0.00011351638752436179,5.003168673489711e-05,0.5130540376442015,Q4
BANKBEES,sign_x_abs_quartile_negative,1,1526,-2.691921199801876e-06,0.0,0.4967234600262123,Q1
BANKBEES,sign_x_abs_quartile_negative,2,1526,-2.4407051819784875e-05,1.6253831258694618e-05,0.5039318479685452,Q1
BANKBEES,sign_x_abs_quartile_negative,3,1526,-4.055179324872388e-05,0.0,0.49606815203145477,Q1
BANKBEES,sign_x_abs_quartile_negative,6,1526,-3.895493701526132e-05,7.96178343953624e-06,0.5,Q1
BANKBEES,sign_x_abs_quartile_negative,1,1624,1.1645883945945916e-05,1.626280792821344e-05,0.5030788177339901,Q2
BANKBEES,sign_x_abs_quartile_negative,2,1624,-7.278274688065327e-06,1.622462557804294e-05,0.5024630541871922,Q2
BANKBEES,sign_x_abs_quartile_negative,3,1624,-7.281312277004342e-05,1.6755924831413083e-05,0.5049261083743842,Q2
BANKBEES,sign_x_abs_quartile_negative,6,1624,-0.0001246643266821961,-1.6329484640753567e-05,0.4932266009852217,Q2
BANKBEES,sign_x_abs_quartile_negative,1,1605,4.880646900465265e-05,3.290393695598581e-05,0.518380062305296,Q3
BANKBEES,sign_x_abs_quartile_negative,2,1605,3.786572493508433e-05,9.83606557376504e-05,0.5383177570093458,Q3
BANKBEES,sign_x_abs_quartile_negative,3,1604,6.682276185934872e-05,8.58939451955365e-05,0.5261845386533666,Q3
BANKBEES,sign_x_abs_quartile_negative,6,1604,-8.944616425985063e-06,7.656522848231706e-05,0.5243142144638404,Q3
BANKBEES,sign_x_abs_quartile_negative,1,1655,7.665585093391986e-05,0.00010633395952241997,0.538368580060423,Q4
BANKBEES,sign_x_abs_quartile_negative,2,1655,6.520252597281598e-05,8.631106507861475e-05,0.5244712990936556,Q4
BANKBEES,sign_x_abs_quartile_negative,3,1655,6.562789626246652e-05,6.904527644002734e-05,0.5220543806646526,Q4
BANKBEES,sign_x_abs_quartile_negative,6,1654,0.00010771752688427629,0.00013226940426969147,0.5211608222490931,Q4
BHARTIARTL,prior_return_negative,1,6415,2.8889894944664434e-05,4.7619047619074095e-05,0.5041309431021045,
BHARTIARTL,prior_return_negative,2,6415,3.720455212684815e-05,5.087246273594026e-05,0.5089633671083398,
BHARTIARTL,prior_return_negative,3,6414,3.556961240040224e-05,4.7258997043941875e-05,0.5009354536950421,
BHARTIARTL,prior_return_negative,6,6411,3.218892309235248e-05,0.0,0.4953985337700827,
BHARTIARTL,prior_return_negative,12,6409,-6.325709181610334e-05,-5.325664376643058e-05,0.4907161803713528,
BHARTIARTL,prior_return_positive,1,6415,-3.924116300169089e-05,-4.761904761896307e-05,0.46749805144193296,
BHARTIARTL,prior_return_positive,2,6414,-5.707828553822635e-05,-5.101390875578149e-05,0.470533208606174,
BHARTIARTL,prior_return_positive,3,6414,-6.537776304974072e-05,-5.230131245653746e-05,0.47832865606485814,
BHARTIARTL,prior_return_positive,6,6414,-9.029074060553455e-05,-0.00010923291260944712,0.4741191144371687,
BHARTIARTL,prior_return_positive,12,6411,-5.042899089569722e-05,-0.00014898688915376823,0.47746061456871003,
BHARTIARTL,prior_6_return_negative,1,6659,1.4406920076171285e-05,4.6500813764227544e-05,0.5008259498423187,
BHARTIARTL,prior_6_return_negative,2,6658,4.179983817790229e-06,4.761111461903944e-05,0.5031541003304295,
BHARTIARTL,prior_6_return_negative,3,6657,-7.298001212768938e-06,0.0,0.49947423764458465,
BHARTIARTL,prior_6_return_negative,6,6655,-3.522451849585447e-05,0.0,0.4940646130728775,
BHARTIARTL,prior_6_return_negative,12,6654,1.5226579131961054e-06,9.913764402391667e-05,0.5063119927862939,
BHARTIARTL,prior_6_return_positive,1,6408,-2.4500966897611485e-05,-4.740122771834665e-05,0.4705056179775281,
BHARTIARTL,prior_6_return_positive,2,6408,-2.3842156534945023e-05,-4.776575697418295e-05,0.47752808988764045,
BHARTIARTL,prior_6_return_positive,3,6408,-2.1155365071249123e-05,-4.961302627176645e-05,0.47924469413233456,
BHARTIARTL,prior_6_return_positive,6,6407,-1.7580859737633686e-05,-0.00010695187165776776,0.4761979085375371,
BHARTIARTL,prior_6_return_positive,12,6402,-9.87427662445533e-05,-0.00026886852093516156,0.4631365198375508,
BHARTIARTL,sign_x_abs_quartile_positive,1,1456,-3.341218339887208e-05,0.0,0.4732142857142857,Q1
BHARTIARTL,sign_x_abs_quartile_positive,2,1456,7.960637103131471e-06,0.0,0.4793956043956044,Q1
BHARTIARTL,sign_x_abs_quartile_positive,3,1456,-1.4752395762215936e-06,0.0,0.49793956043956045,Q1
BHARTIARTL,sign_x_abs_quartile_positive,6,1456,2.798014122397103e-05,0.0,0.4958791208791209,Q1
BHARTIARTL,sign_x_abs_quartile_positive,1,1670,-3.161762365075108e-05,0.0,0.4682634730538922,Q2
BHARTIARTL,sign_x_abs_quartile_positive,2,1670,-5.1679534903995166e-05,-4.947678668337785e-05,0.4658682634730539,Q2
BHARTIARTL,sign_x_abs_quartile_positive,3,1670,-0.000113005133299766,-9.784041683114086e-05,0.4694610778443114,Q2
BHARTIARTL,sign_x_abs_quartile_positive,6,1670,-0.0001038989821989305,-0.00011022314859110427,0.4724550898203593,Q2
BHARTIARTL,sign_x_abs_quartile_positive,1,1646,-7.44164037746079e-05,-5.2170979585541843e-05,0.4629404617253949,Q3
BHARTIARTL,sign_x_abs_quartile_positive,2,1645,-0.0001329885102983969,-4.963764519005931e-05,0.47416413373860183,Q3
BHARTIARTL,sign_x_abs_quartile_positive,3,1645,-0.00018339904139689307,-0.00010658140154540252,0.46322188449848023,Q3
BHARTIARTL,sign_x_abs_quartile_positive,6,1645,-0.000283720937761391,-0.00024794208072997925,0.4492401215805471,Q3
BHARTIARTL,sign_x_abs_quartile_positive,1,1643,-1.691606178778478e-05,-5.437737901026196e-05,0.4662203286670724,Q4
BHARTIARTL,sign_x_abs_quartile_positive,2,1643,-4.4199566849548625e-05,-0.00014087152516895074,0.46378575776019476,Q4
BHARTIARTL,sign_x_abs_quartile_positive,3,1643,4.4567846823152706e-05,-4.9900199600716455e-05,0.4850882531953743,Q4
BHARTIARTL,sign_x_abs_quartile_positive,6,1643,1.2397046271273107e-05,-9.984523987804916e-05,0.48143639683505784,Q4
BHARTIARTL,sign_x_abs_quartile_negative,1,1466,1.2660041305516706e-05,0.0,0.4979536152796726,Q1
BHARTIARTL,sign_x_abs_quartile_negative,2,1466,2.3800995597083476e-05,0.0,0.4924965893587995,Q1
BHARTIARTL,sign_x_abs_quartile_negative,3,1466,2.0293651172334424e-05,0.0,0.4843110504774898,Q1
BHARTIARTL,sign_x_abs_quartile_negative,6,1466,4.578525530915371e-05,-9.576713746373144e-05,0.46998635743519784,Q1
BHARTIARTL,sign_x_abs_quartile_negative,1,1633,-1.4379660375358904e-05,4.654193428277331e-05,0.5015309246785058,Q2
BHARTIARTL,sign_x_abs_quartile_negative,2,1633,4.887797695098171e-06,4.9748768718105296e-05,0.511328842620943,Q2
BHARTIARTL,sign_x_abs_quartile_negative,3,1632,-2.2328979662431622e-05,4.6712915038327196e-05,0.5006127450980392,Q2
BHARTIARTL,sign_x_abs_quartile_negative,6,1632,2.501469145991902e-05,5.5368310902359497e-05,0.5067401960784313,Q2
BHARTIARTL,sign_x_abs_quartile_negative,1,1656,5.6326592319602514e-05,5.417451309064347e-05,0.5163043478260869,Q3
BHARTIARTL,sign_x_abs_quartile_negative,2,1656,3.112475890241179e-05,9.274093076105938e-05,0.5126811594202898,Q3
BHARTIARTL,sign_x_abs_quartile_negative,3,1656,4.211492747911334e-05,5.247847965106356e-05,0.5036231884057971,Q3
BHARTIARTL,sign_x_abs_quartile_negative,6,1655,-9.847516446071227e-05,0.0,0.4936555891238671,Q3
BHARTIARTL,sign_x_abs_quartile_negative,1,1660,5.841819519749048e-05,2.365296371631409e-05,0.5,Q4
BHARTIARTL,sign_x_abs_quartile_negative,2,1660,8.689793251199838e-05,9.5505194408263e-05,0.5174698795180723,Q4
BHARTIARTL,sign_x_abs_quartile_negative,3,1660,9.945275675976771e-05,0.00011227137505187557,0.5132530120481927,Q4
BHARTIARTL,sign_x_abs_quartile_negative,6,1658,0.00015765646705774632,7.525143120856725e-05,0.508443908323281,Q4
GOLDBEES,prior_return_negative,1,5924,1.2364583042432085e-05,0.0,0.4853139770425388,
GOLDBEES,prior_return_negative,2,5924,2.8811955464794342e-05,7.603416216295233e-05,0.5015192437542201,
GOLDBEES,prior_return_negative,3,5924,6.379525810139356e-05,7.991697269682518e-05,0.5072586090479406,
GOLDBEES,prior_return_negative,6,5922,0.00014034403425134109,7.9428406187243e-05,0.5070921985815603,
GOLDBEES,prior_return_negative,12,5919,0.0002056057365028114,0.00017713222920923144,0.523568170299037,
GOLDBEES,prior_return_positive,1,6376,4.923412330755329e-05,0.0,0.48462986198243413,
GOLDBEES,prior_return_positive,2,6375,8.852134599207702e-05,7.623694442338014e-05,0.5008627450980392,
GOLDBEES,prior_return_positive,3,6374,0.0001132178342287905,7.964003326532687e-05,0.5080012550988391,
GOLDBEES,prior_return_positive,6,6373,0.0001673944844606995,0.00015590894917383302,0.5287933469323709,
GOLDBEES,prior_return_positive,12,6370,0.0003919572748877176,0.00024949077903901884,0.5353218210361067,
GOLDBEES,prior_6_return_negative,1,6032,3.096706468745038e-05,0.0,0.4781167108753316,
GOLDBEES,prior_6_return_negative,2,6031,3.7773165147430554e-05,0.0,0.4929530757751617,
GOLDBEES,prior_6_return_negative,3,6031,6.049452205921401e-05,7.794839816055443e-05,0.5055546343889902,
GOLDBEES,prior_6_return_negative,6,6031,9.85013780020225e-05,8.099133392724944e-05,0.5101973138782955,
GOLDBEES,prior_6_return_negative,12,6028,0.0003884359693331921,0.00021925016707247114,0.5285335102853351,
GOLDBEES,prior_6_return_positive,1,6840,2.2175958160339902e-05,0.0,0.4855263157894737,
GOLDBEES,prior_6_return_positive,2,6840,6.927588877127705e-05,7.77122011126341e-05,0.5052631578947369,
GOLDBEES,prior_6_return_positive,3,6839,0.00010495685229693636,8.034709946969087e-05,0.5103085246381049,
GOLDBEES,prior_6_return_positive,6,6836,0.00023451906794745854,0.00015271271905770156,0.523990637799883,
GOLDBEES,prior_6_return_positive,12,6833,0.0002986110581486003,0.0002267402312750022,0.5297819405824674,
GOLDBEES,sign_x_abs_quartile_positive,1,1196,0.0001197943271000865,0.0,0.4882943143812709,Q1
GOLDBEES,sign_x_abs_quartile_positive,2,1195,0.00019671948016148928,8.012178511340728e-05,0.5146443514644351,Q1
GOLDBEES,sign_x_abs_quartile_positive,3,1195,0.0002581530134468605,0.00010109179134665247,0.5297071129707113,Q1
GOLDBEES,sign_x_abs_quartile_positive,6,1195,0.00031756461890063663,0.00019739439399923953,0.5456066945606695,Q1
GOLDBEES,sign_x_abs_quartile_positive,1,1718,0.0001235116138704015,0.0,0.47729918509895225,Q2
GOLDBEES,sign_x_abs_quartile_positive,2,1718,0.00014200922052254834,7.140481236822538e-05,0.5005820721769499,Q2
GOLDBEES,sign_x_abs_quartile_positive,3,1718,0.00016942577351561184,7.64555247932952e-05,0.5029103608847497,Q2
GOLDBEES,sign_x_abs_quartile_positive,6,1718,0.00032621107705969475,0.00015290520682009756,0.5285215366705471,Q2
GOLDBEES,sign_x_abs_quartile_positive,1,1723,1.9742926930618123e-05,0.0,0.4910040626813697,Q3
GOLDBEES,sign_x_abs_quartile_positive,2,1723,7.839218150782327e-05,7.698822080226542e-05,0.502031340684852,Q3
GOLDBEES,sign_x_abs_quartile_positive,3,1723,5.278943011756658e-05,8.02568218298827e-05,0.5084155542658154,Q3
GOLDBEES,sign_x_abs_quartile_positive,6,1723,-7.855533492728119e-05,9.107468123858986e-05,0.514219384793964,Q3
GOLDBEES,sign_x_abs_quartile_positive,1,1739,-4.345443400434069e-05,0.0,0.48303622771707877,Q4
GOLDBEES,sign_x_abs_quartile_positive,2,1739,-2.8635864111101954e-05,0.0,0.4905117883841288,Q4
GOLDBEES,sign_x_abs_quartile_positive,3,1738,1.79102170960437e-05,0.0,0.49769850402761795,Q4
GOLDBEES,sign_x_abs_quartile_positive,6,1737,0.00015097037511394772,0.00022865853658537993,0.531951640759931,Q4
GOLDBEES,sign_x_abs_quartile_negative,1,1197,-2.258372114312363e-05,0.0,0.4644945697577276,Q1
GOLDBEES,sign_x_abs_quartile_negative,2,1197,3.2414819851070454e-05,0.0,0.47368421052631576,Q1
GOLDBEES,sign_x_abs_quartile_negative,3,1197,0.00013847122794245632,0.0,0.4678362573099415,Q1
GOLDBEES,sign_x_abs_quartile_negative,6,1197,0.0001872974516682662,0.0,0.47953216374269003,Q1
GOLDBEES,sign_x_abs_quartile_negative,1,1585,-4.8052325128324654e-05,0.0,0.4668769716088328,Q2
GOLDBEES,sign_x_abs_quartile_negative,2,1585,-2.8138844900755547e-05,0.0,0.465615141955836,Q2
GOLDBEES,sign_x_abs_quartile_negative,3,1585,2.4499940100189925e-05,0.0,0.4908517350157729,Q2
GOLDBEES,sign_x_abs_quartile_negative,6,1585,8.059603793675396e-05,0.0,0.4933753943217666,Q2
GOLDBEES,sign_x_abs_quartile_negative,1,1579,2.3037952860083683e-05,0.0,0.4857504749841672,Q3
GOLDBEES,sign_x_abs_quartile_negative,2,1579,6.031044491762792e-05,8.707009142372435e-05,0.5243825205826472,Q3
GOLDBEES,sign_x_abs_quartile_negative,3,1579,8.738524493273808e-05,9.592326139085117e-05,0.5250158328055732,Q3
GOLDBEES,sign_x_abs_quartile_negative,6,1577,5.7934746639956396e-05,8.059316569952735e-05,0.50856055802156,Q3
GOLDBEES,sign_x_abs_quartile_negative,1,1563,8.961389117978829e-05,8.732861758797839e-05,0.5195137555982086,Q4
GOLDBEES,sign_x_abs_quartile_negative,2,1563,5.198423637522292e-05,0.00015984654731449055,0.5361484325015995,Q4
GOLDBEES,sign_x_abs_quartile_negative,3,1563,2.262273981953986e-05,0.00018204988166758973,0.5361484325015995,Q4
GOLDBEES,sign_x_abs_quartile_negative,6,1563,0.0002481218845864114,0.0002730996813837816,0.5406269993602048,Q4
HCLTECH,prior_return_negative,1,6524,3.2881229970254807e-05,0.0,0.4909564684242796,
HCLTECH,prior_return_negative,2,6524,1.1839044464271406e-05,0.0,0.49954015941140406,
HCLTECH,prior_return_negative,3,6524,-5.2345958929601065e-06,5.935951343982726e-05,0.5004598405885959,
HCLTECH,prior_return_negative,6,6522,-5.0645754421707465e-05,0.0,0.4973934375958295,
HCLTECH,prior_return_negative,12,6522,-0.00014502314735357336,0.0,0.4934069303894511,
HCLTECH,prior_return_positive,1,6223,-6.691784183853459e-05,-6.689858175001895e-05,0.45106861642294716,
HCLTECH,prior_return_positive,2,6222,-8.307604303297351e-05,-7.11365704548772e-05,0.4601414336226294,
HCLTECH,prior_return_positive,3,6221,-0.00010657692405715405,-7.02493853178554e-05,0.47098537212666775,
HCLTECH,prior_return_positive,6,6220,-0.0001610662782697611,-8.306683428388473e-05,0.48006430868167205,
HCLTECH,prior_return_positive,12,6216,-0.00025357505384847627,-0.00013870109271485465,0.4806949806949807,
HCLTECH,prior_6_return_negative,1,6609,-2.3369698553826572e-05,0.0,0.4740505371463156,
HCLTECH,prior_6_return_negative,2,6609,-3.951716569236939e-05,0.0,0.4849447722802239,
HCLTECH,prior_6_return_negative,3,6609,-2.807347588055319e-05,0.0,0.499470419125435,
HCLTECH,prior_6_return_negative,6,6609,-0.000118430391054557,0.0,0.49251021334543804,
HCLTECH,prior_6_return_negative,12,6609,-0.00029988228828919207,-0.00011983223487121997,0.48418822817370255,
HCLTECH,prior_6_return_positive,1,6435,-1.640182914537377e-05,0.0,0.46682206682206684,
HCLTECH,prior_6_return_positive,2,6434,-3.882942538537914e-05,-6.131063504533074e-05,0.47295617034504195,
HCLTECH,prior_6_return_positive,3,6433,-8.87899072131756e-05,-6.928086462532068e-05,0.47116430903155604,
HCLTECH,prior_6_return_positive,6,6430,-0.00010279385775136375,-7.283875853442145e-05,0.48087091757387246,
HCLTECH,prior_6_return_positive,12,6424,-0.00013612879916187885,-6.14873811681238e-05,0.4895703611457036,
HCLTECH,sign_x_abs_quartile_positive,1,1375,-1.0633592618374105e-05,-6.97885407217047e-05,0.44072727272727275,Q1
HCLTECH,sign_x_abs_quartile_positive,2,1375,-8.401467038038729e-06,-6.503219093456636e-05,0.46036363636363636,Q1
HCLTECH,sign_x_abs_quartile_positive,3,1375,-7.934355170333792e-05,-7.375175160417857e-05,0.4632727272727273,Q1
HCLTECH,sign_x_abs_quartile_positive,6,1375,-0.00023757943069453366,-6.103143118696419e-05,0.48727272727272725,Q1
HCLTECH,sign_x_abs_quartile_positive,1,1633,-0.00011087933162469971,0.0,0.46785058175137784,Q2
HCLTECH,sign_x_abs_quartile_positive,2,1632,-9.974531166047202e-05,-6.43181129189041e-05,0.46629901960784315,Q2
HCLTECH,sign_x_abs_quartile_positive,3,1631,-0.0002023257334014979,-0.00011657049600743985,0.45677498467198036,Q2
HCLTECH,sign_x_abs_quartile_positive,6,1631,-0.00018738422534797001,0.0,0.489883507050889,Q2
HCLTECH,sign_x_abs_quartile_positive,1,1579,-0.00012754149971254113,-7.42335387127202e-05,0.441418619379354,Q3
HCLTECH,sign_x_abs_quartile_positive,2,1579,-0.00014965458735265253,-7.265329845984603e-05,0.4629512349588347,Q3
HCLTECH,sign_x_abs_quartile_positive,3,1579,-7.657294808322244e-05,0.0,0.4851171627612413,Q3
HCLTECH,sign_x_abs_quartile_positive,6,1579,-0.00025104985627860953,-0.0001790189760114691,0.4635845471817606,Q3
HCLTECH,sign_x_abs_quartile_positive,1,1636,-1.1830417678300287e-05,-0.00012083132653462059,0.45232273838630804,Q4
HCLTECH,sign_x_abs_quartile_positive,2,1636,-6.494998808932107e-05,-0.00012144560160298745,0.4511002444987775,Q4
HCLTECH,sign_x_abs_quartile_positive,3,1636,-6.29680346981751e-05,-7.004261181053906e-05,0.4779951100244499,Q4
HCLTECH,sign_x_abs_quartile_positive,6,1635,1.6434777353843068e-05,-0.00011894849530158513,0.4801223241590214,Q4
HCLTECH,sign_x_abs_quartile_negative,1,1465,6.030410412400425e-05,0.0,0.4784982935153584,Q1
HCLTECH,sign_x_abs_quartile_negative,2,1465,4.4388402884826204e-05,0.0,0.4955631399317406,Q1
HCLTECH,sign_x_abs_quartile_negative,3,1465,3.727959036316457e-05,0.0,0.4853242320819113,Q1
HCLTECH,sign_x_abs_quartile_negative,6,1464,6.836202070249756e-05,0.0,0.49385245901639346,Q1
HCLTECH,sign_x_abs_quartile_negative,1,1670,1.4953060454566155e-05,0.0,0.48922155688622754,Q2
HCLTECH,sign_x_abs_quartile_negative,2,1670,5.1932358050484515e-05,6.936983642724659e-05,0.511377245508982,Q2
HCLTECH,sign_x_abs_quartile_negative,3,1670,1.0140385658346176e-05,6.48846041924056e-05,0.5047904191616767,Q2
HCLTECH,sign_x_abs_quartile_negative,6,1670,-9.095487832990984e-05,0.0,0.49700598802395207,Q2
HCLTECH,sign_x_abs_quartile_negative,1,1722,3.414462693426781e-05,2.9563058002723963e-05,0.5,Q3
HCLTECH,sign_x_abs_quartile_negative,2,1722,-1.6114441773835895e-05,0.0,0.4965156794425087,Q3
HCLTECH,sign_x_abs_quartile_negative,3,1722,-0.00010620195575286934,0.0,0.49477351916376305,Q3
HCLTECH,sign_x_abs_quartile_negative,6,1721,-0.00015759214854848045,0.0,0.48692620569436373,Q3
HCLTECH,sign_x_abs_quartile_negative,1,1667,2.5436696607283445e-05,0.0,0.4943011397720456,Q4
HCLTECH,sign_x_abs_quartile_negative,2,1667,-2.805582084650718e-05,0.0,0.4943011397720456,Q4
HCLTECH,sign_x_abs_quartile_negative,3,1667,4.629887238709961e-05,0.00012963443090496796,0.5152969406118776,Q4
HCLTECH,sign_x_abs_quartile_negative,6,1667,-4.3688507402209e-06,0.0001641631781992281,0.5116976604679064,Q4
HDFCBANK,prior_return_negative,1,6388,5.4290274058397775e-06,0.0,0.4920162805259862,
HDFCBANK,prior_return_negative,2,6388,-1.3919865453479002e-05,0.0,0.48857232310582344,
HDFCBANK,prior_return_negative,3,6387,-5.140672338852145e-05,-6.006366748756431e-05,0.47377485517457335,
HDFCBANK,prior_return_negative,6,6385,-8.500227014062689e-05,-0.00010037137408402952,0.474079874706343,
HDFCBANK,prior_return_negative,12,6382,-0.00029461655538641615,-0.00020200675367165744,0.4675650266374177,
HDFCBANK,prior_return_positive,1,6358,-4.159396847469098e-05,0.0,0.4709027996225228,
HDFCBANK,prior_return_positive,2,6357,-6.333850447148738e-05,-5.4039448797560397e-05,0.4681453515809344,
HDFCBANK,prior_return_positive,3,6357,-5.8686246721558765e-05,-6.250781347660883e-05,0.47349378637722195,
HDFCBANK,prior_return_positive,6,6356,-0.00013856680582112347,-0.00019655053890071938,0.46019509125235997,
HDFCBANK,prior_return_positive,12,6353,-0.00018988531005082417,-0.0002145002145000907,0.464977176137258,
HDFCBANK,prior_6_return_negative,1,6858,-3.0814874732376243e-06,0.0,0.4890638670166229,
HDFCBANK,prior_6_return_negative,2,6857,-2.674727235910219e-05,0.0,0.4879684993437363,
HDFCBANK,prior_6_return_negative,3,6856,-6.238551870712862e-05,-6.227242846690295e-05,0.47272462077012833,
HDFCBANK,prior_6_return_negative,6,6854,-0.0001294612486740815,-0.00012924180368945049,0.47009045812664135,
HDFCBANK,prior_6_return_negative,12,6853,-0.0002948539483517064,-0.0001908761213972321,0.473953013278856,
HDFCBANK,prior_6_return_positive,1,6163,-3.9031653140878614e-05,0.0,0.4731461950348856,
HDFCBANK,prior_6_return_positive,2,6163,-5.097350208944673e-05,-5.367398421984859e-05,0.46633133214343664,
HDFCBANK,prior_6_return_positive,3,6163,-5.140741014619651e-05,-6.220065932704966e-05,0.47493104007788417,
HDFCBANK,prior_6_return_positive,6,6162,-8.954035826616578e-05,-0.00013180481957686396,0.4644595910418695,
HDFCBANK,prior_6_return_positive,12,6157,-0.000154753289348842,-0.00023534949399850458,0.4604515185967192,
HDFCBANK,sign_x_abs_quartile_positive,1,1453,-5.6524271452889554e-05,0.0,0.48107364074328973,Q1
HDFCBANK,sign_x_abs_quartile_positive,2,1453,-0.0001563320371681999,-5.51359100182669e-05,0.452856159669649,Q1
HDFCBANK,sign_x_abs_quartile_positive,3,1453,-0.0001435411135535617,-5.2792735719675576e-05,0.4686854783207158,Q1
HDFCBANK,sign_x_abs_quartile_positive,6,1453,-0.00017281034776107175,-6.317917614351298e-05,0.47143840330351,Q1
HDFCBANK,sign_x_abs_quartile_positive,1,1669,-8.672581818687159e-05,-6.37999234401887e-05,0.4463750748951468,Q2
HDFCBANK,sign_x_abs_quartile_positive,2,1669,-7.619777091187895e-05,0.0,0.481725584182145,Q2
HDFCBANK,sign_x_abs_quartile_positive,3,1669,-0.00012396982405815334,-0.0001018226249872578,0.46135410425404433,Q2
HDFCBANK,sign_x_abs_quartile_positive,6,1669,-0.0002497575459185375,-0.00021349274124671247,0.4439784301977232,Q2
HDFCBANK,sign_x_abs_quartile_positive,1,1637,4.0374956999635425e-05,0.0,0.48808796579108127,Q3
HDFCBANK,sign_x_abs_quartile_positive,2,1636,8.8289647943995e-05,-5.089608202052398e-05,0.4743276283618582,Q3
HDFCBANK,sign_x_abs_quartile_positive,3,1636,9.706893233136452e-05,0.0,0.4908312958435208,Q3
HDFCBANK,sign_x_abs_quartile_positive,6,1636,-6.18696754128795e-05,-0.0001532571145403394,0.4639364303178484,Q3
HDFCBANK,sign_x_abs_quartile_positive,1,1599,-6.483620962823717e-05,-5.1268905408852206e-05,0.46966854283927456,Q4
HDFCBANK,sign_x_abs_quartile_positive,2,1599,-0.0001205504736111949,-9.966115208293047e-05,0.46153846153846156,Q4
HDFCBANK,sign_x_abs_quartile_positive,3,1599,-7.279697895977383e-05,-0.00010170870626524664,0.4727954971857411,Q4
HDFCBANK,sign_x_abs_quartile_positive,6,1598,-6.982043140720501e-05,-0.0002860147379438738,0.46307884856070086,Q4
HDFCBANK,sign_x_abs_quartile_negative,1,1386,-9.138595862585934e-05,-2.474267616781045e-05,0.45165945165945165,Q1
HDFCBANK,sign_x_abs_quartile_negative,2,1386,-0.00014603786769614373,-0.00010130687510984115,0.44516594516594515,Q1
HDFCBANK,sign_x_abs_quartile_negative,3,1386,-0.0002145789488201861,-0.00015271861525167907,0.4365079365079365,Q1
HDFCBANK,sign_x_abs_quartile_negative,6,1386,-0.0003224067919808886,-0.00015995309418470605,0.4531024531024531,Q1
HDFCBANK,sign_x_abs_quartile_negative,1,1634,4.0200603969089986e-05,0.0,0.49938800489596086,Q2
HDFCBANK,sign_x_abs_quartile_negative,2,1634,1.258901714141458e-05,5.034762216860056e-05,0.5018359853121175,Q2
HDFCBANK,sign_x_abs_quartile_negative,3,1634,-3.8709346160711706e-05,-5.303782657056777e-05,0.4730722154222766,Q2
HDFCBANK,sign_x_abs_quartile_negative,6,1634,-8.671091394240235e-05,-5.378086711743668e-05,0.4749082007343941,Q2
HDFCBANK,sign_x_abs_quartile_negative,1,1665,2.0708313160174546e-06,5.021845025865446e-05,0.5009009009009009,Q3
HDFCBANK,sign_x_abs_quartile_negative,2,1665,-4.240103497508974e-05,0.0,0.4966966966966967,Q3
HDFCBANK,sign_x_abs_quartile_negative,3,1665,-6.497791591597399e-05,0.0,0.4828828828828829,Q3
HDFCBANK,sign_x_abs_quartile_negative,6,1665,-6.056957515338392e-05,-0.00012738853503191372,0.47267267267267266,Q3
HDFCBANK,sign_x_abs_quartile_negative,1,1703,5.414318537714823e-05,5.4552397577900535e-05,0.5091015854374633,Q4
HDFCBANK,sign_x_abs_quartile_negative,2,1703,9.60162380120284e-05,5.167691592178336e-05,0.5032295948326483,Q4
HDFCBANK,sign_x_abs_quartile_negative,3,1702,8.255639389482436e-05,0.0,0.49588719153936545,Q4
HDFCBANK,sign_x_abs_quartile_negative,6,1700,8.626487932345799e-05,0.0,0.49176470588235294,Q4
ICICIBANK,prior_return_negative,1,6331,2.8882689237780116e-05,0.0,0.4915495182435634,
ICICIBANK,prior_return_negative,2,6331,3.721905934847843e-05,0.0,0.49660401200442267,
ICICIBANK,prior_return_negative,3,6330,1.1666696250085316e-05,0.0,0.49510268562401266,
ICICIBANK,prior_return_negative,6,6328,-3.4267523709138775e-05,0.0,0.4990518331226296,
ICICIBANK,prior_return_negative,12,6326,-0.0001382092718102978,-7.446293617680011e-05,0.4799241226683528,
ICICIBANK,prior_return_positive,1,6285,-3.165466544011528e-05,0.0,0.46412092283214,
ICICIBANK,prior_return_positive,2,6284,-5.709053049830246e-05,-7.072405405328386e-05,0.4680140038192234,
ICICIBANK,prior_return_positive,3,6284,-3.676192171881238e-05,0.0,0.4805856142584341,
ICICIBANK,prior_return_positive,6,6283,-4.608099578699035e-05,0.0,0.4878242877606239,
ICICIBANK,prior_return_positive,12,6279,-2.5153822751666117e-05,-7.720219254214733e-05,0.4790571747093486,
ICICIBANK,prior_6_return_negative,1,6503,4.646006696905903e-06,0.0,0.4913117022912502,
ICICIBANK,prior_6_return_negative,2,6502,-1.4144400439385161e-05,0.0,0.4895416794832359,
ICICIBANK,prior_6_return_negative,3,6501,-3.7678357985420056e-05,0.0,0.4933087217351177,
ICICIBANK,prior_6_return_negative,6,6498,-0.00012626465416572803,0.0,0.49061249615266234,
ICICIBANK,prior_6_return_negative,12,6498,-0.0001679190003486455,-7.279874872956338e-05,0.48476454293628807,
ICICIBANK,prior_6_return_positive,1,6492,-1.6397559408919912e-05,0.0,0.46241528034504004,
ICICIBANK,prior_6_return_positive,2,6492,-1.3807612914447287e-05,0.0,0.4745841035120148,
ICICIBANK,prior_6_return_positive,3,6492,-7.12255326908175e-06,-7.023957531626657e-05,0.4787430683918669,
ICICIBANK,prior_6_return_positive,6,6492,3.552790062836253e-05,0.0,0.49168207024029575,
ICICIBANK,prior_6_return_positive,12,6486,-8.10218279378071e-06,-0.00014597474714656,0.47332716620413195,
ICICIBANK,sign_x_abs_quartile_positive,1,1343,8.46682437466728e-05,0.0,0.498138495904691,Q1
ICICIBANK,sign_x_abs_quartile_positive,2,1343,2.8452559969918435e-05,0.0,0.4951600893521966,Q1
ICICIBANK,sign_x_abs_quartile_positive,3,1343,6.686116061787377e-05,0.0,0.49069247952345496,Q1
ICICIBANK,sign_x_abs_quartile_positive,6,1343,5.158782979152989e-06,0.0,0.49218168279970215,Q1
ICICIBANK,sign_x_abs_quartile_positive,1,1621,9.055355337320143e-07,-7.117437722414799e-05,0.45342381246144353,Q2
ICICIBANK,sign_x_abs_quartile_positive,2,1621,3.411008264801292e-06,-7.195279896377027e-05,0.4626773596545342,Q2
ICICIBANK,sign_x_abs_quartile_positive,3,1621,4.599930012912952e-07,0.0,0.48673658235657,Q2
ICICIBANK,sign_x_abs_quartile_positive,6,1621,-2.244564836456997e-05,0.0,0.49784083898827886,Q2
ICICIBANK,sign_x_abs_quartile_positive,1,1672,-7.928713109151575e-05,-7.091696195077324e-05,0.451555023923445,Q3
ICICIBANK,sign_x_abs_quartile_positive,2,1671,-6.579177943388643e-05,-7.161271841893413e-05,0.4649910233393178,Q3
ICICIBANK,sign_x_abs_quartile_positive,3,1671,2.549618836159294e-07,0.0,0.48773189706762415,Q3
ICICIBANK,sign_x_abs_quartile_positive,6,1671,-9.537013543591653e-05,0.0,0.48533812088569717,Q3
ICICIBANK,sign_x_abs_quartile_positive,1,1649,-0.00011010237329173521,-7.251631617111176e-05,0.45967252880533654,Q4
ICICIBANK,sign_x_abs_quartile_positive,2,1649,-0.00017741653284060146,-0.00014879845249593515,0.454214675560946,Q4
ICICIBANK,sign_x_abs_quartile_positive,3,1649,-0.0001952566068850436,-0.00016245633985856323,0.45906610066707093,Q4
ICICIBANK,sign_x_abs_quartile_positive,6,1648,-6.110876805720776e-05,-8.028297969892018e-05,0.47694174757281554,Q4
ICICIBANK,sign_x_abs_quartile_negative,1,1365,2.166360813876077e-05,0.0,0.4981684981684982,Q1
ICICIBANK,sign_x_abs_quartile_negative,2,1365,3.384392963972449e-05,6.970098278369363e-05,0.5003663003663004,Q1
ICICIBANK,sign_x_abs_quartile_negative,3,1365,2.603023459991699e-05,6.965728615226929e-05,0.5003663003663004,Q1
ICICIBANK,sign_x_abs_quartile_negative,6,1365,-2.3932680537872058e-05,7.381163271347191e-05,0.5098901098901099,Q1
ICICIBANK,sign_x_abs_quartile_negative,1,1682,-5.931019804693573e-05,0.0,0.46730083234244946,Q2
ICICIBANK,sign_x_abs_quartile_negative,2,1682,-2.198676691552646e-05,0.0,0.48573127229488705,Q2
ICICIBANK,sign_x_abs_quartile_negative,3,1682,-4.7406992977069906e-05,-3.538820864890102e-05,0.47265160523186683,Q2
ICICIBANK,sign_x_abs_quartile_negative,6,1682,-0.00018609649431116187,-7.48498633084127e-05,0.4750297265160523,Q2
ICICIBANK,sign_x_abs_quartile_negative,1,1630,4.241186506627812e-05,0.0,0.4883435582822086,Q3
ICICIBANK,sign_x_abs_quartile_negative,2,1630,2.616910236209714e-05,7.242440787991189e-05,0.5104294478527608,Q3
ICICIBANK,sign_x_abs_quartile_negative,3,1630,-5.317355742917169e-05,0.0,0.498159509202454,Q3
ICICIBANK,sign_x_abs_quartile_negative,6,1630,5.083837913065674e-05,0.0,0.49754601226993866,Q3
ICICIBANK,sign_x_abs_quartile_negative,1,1654,0.00011119340599267838,7.338642813004004e-05,0.5139056831922612,Q4
ICICIBANK,sign_x_abs_quartile_negative,2,1654,0.0001111021800959433,0.0,0.4909310761789601,Q4
ICICIBANK,sign_x_abs_quartile_negative,3,1653,0.00012385382808901077,7.324934075580991e-05,0.5105868118572293,Q4
ICICIBANK,sign_x_abs_quartile_negative,6,1651,2.78443151733307e-05,0.00014699397324702268,0.5160508782556027,Q4
INFY,prior_return_negative,1,6553,-1.4318896849016078e-06,0.0,0.4877155501297116,
INFY,prior_return_negative,2,6553,7.2830315630546106e-06,0.0,0.49336181901419196,
INFY,prior_return_negative,3,6553,-1.7093251710695222e-05,0.0,0.48603692965054174,
INFY,prior_return_negative,6,6552,-0.00010408927541326095,-6.248439866579636e-05,0.48473748473748474,
INFY,prior_return_negative,12,6550,-0.0002464253309240877,-0.0001618992650676554,0.47587786259541986,
INFY,prior_return_positive,1,6217,-2.2924168281737174e-05,-6.810133478629687e-05,0.45552517291298056,
INFY,prior_return_positive,2,6216,-7.078062934471886e-05,-8.68923995073767e-05,0.4584942084942085,
INFY,prior_return_positive,3,6215,-9.210538355582168e-05,-0.00012330456226883335,0.46162510056315365,
INFY,prior_return_positive,6,6213,-0.00011051138708821038,-0.00018275967103253965,0.46080798326090455,
INFY,prior_return_positive,12,6210,-0.00019124710574664898,-0.00027297236588602614,0.4647342995169082,
INFY,prior_6_return_negative,1,6764,-1.9244775478716856e-05,0.0,0.481224127735068,
INFY,prior_6_return_negative,2,6764,-4.8173437175061297e-05,0.0,0.4856593731519811,
INFY,prior_6_return_negative,3,6764,-8.590752040925008e-05,-6.263312505772056e-05,0.47752808988764045,
INFY,prior_6_return_negative,6,6764,-0.00020586475571137886,-8.701326968835188e-05,0.4726493199290361,
INFY,prior_6_return_negative,12,6764,-0.00046927000312919714,-0.00031881602150563015,0.4597871082199882,
INFY,prior_6_return_positive,1,6257,-1.6565797015346663e-05,-6.320712976415344e-05,0.4609237653827713,
INFY,prior_6_return_positive,2,6256,-2.5667229211557927e-05,-6.719612171546263e-05,0.4678708439897698,
INFY,prior_6_return_positive,3,6255,-2.2074731139369868e-05,-7.853608733210393e-05,0.469224620303757,
INFY,prior_6_return_positive,6,6252,-4.6856507661802344e-06,-8.591445897487837e-05,0.4755278310940499,
INFY,prior_6_return_positive,12,6246,5.7353236107199965e-05,-0.00013670330850973356,0.4809478065962216,
INFY,sign_x_abs_quartile_positive,1,1404,5.846517062899774e-06,0.0,0.46652421652421655,Q1
INFY,sign_x_abs_quartile_positive,2,1404,-2.464108151356187e-05,0.0,0.47293447293447294,Q1
INFY,sign_x_abs_quartile_positive,3,1403,-3.326726808919404e-05,0.0,0.48752672843905914,Q1
INFY,sign_x_abs_quartile_positive,6,1402,-7.693329044918324e-05,-6.951220325962515e-05,0.47574893009985736,Q1
INFY,sign_x_abs_quartile_positive,1,1624,-9.04959422772157e-05,-6.407587694007288e-05,0.4562807881773399,Q2
INFY,sign_x_abs_quartile_positive,2,1623,-0.00016083454861982988,-6.825938566545897e-05,0.4645717806531115,Q2
INFY,sign_x_abs_quartile_positive,3,1623,-0.00019481480525471544,-0.00012856775520686536,0.4553296364756624,Q2
INFY,sign_x_abs_quartile_positive,6,1623,-0.0002879779835788421,-0.00014138272303110266,0.4596426370918053,Q2
INFY,sign_x_abs_quartile_positive,1,1580,-3.655041545255017e-08,-0.00012278988802810753,0.44113924050632913,Q3
INFY,sign_x_abs_quartile_positive,2,1580,-5.495932432599601e-05,-0.00018520860379606097,0.4253164556962025,Q3
INFY,sign_x_abs_quartile_positive,3,1580,-6.844127489143088e-05,-0.00017704260220913204,0.44367088607594934,Q3
INFY,sign_x_abs_quartile_positive,6,1580,-0.00022701533527472355,-0.00025359133366176234,0.4506329113924051,Q3
INFY,sign_x_abs_quartile_positive,1,1609,-2.3026129578980464e-06,-0.00012297854024478916,0.4592914853946551,Q4
INFY,sign_x_abs_quartile_positive,2,1609,-3.574027887922557e-05,-7.838219156597326e-05,0.4723430702299565,Q4
INFY,sign_x_abs_quartile_positive,3,1609,-6.304495861617685e-05,-0.0001994415636218383,0.4630205096333126,Q4
INFY,sign_x_abs_quartile_positive,6,1608,0.00015380952880175857,-0.00030064404128626876,0.458955223880597,Q4
INFY,sign_x_abs_quartile_negative,1,1459,7.052618795014129e-06,0.0,0.4852638793694311,Q1
INFY,sign_x_abs_quartile_negative,2,1459,4.25476820435217e-06,0.0,0.4722412611377656,Q1
INFY,sign_x_abs_quartile_negative,3,1459,-5.798950113300031e-05,-6.079766536959408e-05,0.47772446881425634,Q1
INFY,sign_x_abs_quartile_negative,6,1459,-0.00012108228701192229,0.0,0.49417409184372857,Q1
INFY,sign_x_abs_quartile_negative,1,1679,7.2402476231508695e-06,0.0,0.4854079809410363,Q2
INFY,sign_x_abs_quartile_negative,2,1679,2.547382340433115e-05,6.431281754437634e-05,0.5068493150684932,Q2
INFY,sign_x_abs_quartile_negative,3,1679,6.907526945249189e-05,0.0,0.4913639070875521,Q2
INFY,sign_x_abs_quartile_negative,6,1679,3.044507983838527e-06,-8.282945415383214e-05,0.47587849910661106,Q2
INFY,sign_x_abs_quartile_negative,1,1721,2.473883388075598e-05,0.0,0.49331783846600813,Q3
INFY,sign_x_abs_quartile_negative,2,1721,2.5013989709225706e-05,6.398771435889294e-05,0.5020337013364323,Q3
INFY,sign_x_abs_quartile_negative,3,1721,-1.570783927793735e-05,0.0,0.48692620569436373,Q3
INFY,sign_x_abs_quartile_negative,6,1721,-6.218740346237509e-05,0.0,0.4898314933178385,Q3
INFY,sign_x_abs_quartile_negative,1,1694,-4.39225813430562e-05,0.0,0.48642266824085006,Q4
INFY,sign_x_abs_quartile_negative,2,1694,-2.615208191434616e-05,0.0,0.48937426210153484,Q4
INFY,sign_x_abs_quartile_negative,3,1694,-6.868334257410982e-05,0.0,0.487012987012987,Q4
INFY,sign_x_abs_quartile_negative,6,1693,-0.000238287704254819,-0.0001245407559624656,0.4802126402835204,Q4
ITBEES,prior_return_negative,1,5838,-2.923880738822609e-06,0.0,0.43816375471051733,
ITBEES,prior_return_negative,2,5837,-1.326275812908921e-05,0.0,0.45382902175775225,
ITBEES,prior_return_negative,3,5837,-3.700145157176292e-05,0.0,0.45571355148192566,
ITBEES,prior_return_negative,6,5835,-0.0001546310066146943,0.0,0.4646101113967438,
ITBEES,prior_return_negative,12,5835,-0.0002603644267767403,-0.00023562676720068065,0.4673521850899743,
ITBEES,prior_return_positive,1,5519,-2.499376704177712e-05,0.0,0.40097843812284834,
ITBEES,prior_return_positive,2,5519,-2.600546075006043e-05,0.0,0.42870085160355137,
ITBEES,prior_return_positive,3,5518,-3.611239240552174e-05,0.0,0.4347589706415368,
ITBEES,prior_return_positive,6,5517,6.798573253939185e-06,0.0,0.4571324995468552,
ITBEES,prior_return_positive,12,5512,-4.774962695394265e-05,0.0,0.46879535558780844,
ITBEES,prior_6_return_negative,1,6513,-1.0507898379128928e-05,0.0,0.4225395363119914,
ITBEES,prior_6_return_negative,2,6513,-4.6463362466166706e-05,0.0,0.44127130354675265,
ITBEES,prior_6_return_negative,3,6513,-9.76597103556943e-05,0.0,0.44127130354675265,
ITBEES,prior_6_return_negative,6,6513,-0.00021868836901507233,0.0,0.4509442653155228,
ITBEES,prior_6_return_negative,12,6513,-0.00045009442800944684,-0.0002430133657350675,0.45539689851067094,
ITBEES,prior_6_return_positive,1,6040,-2.9086717739479774e-05,0.0,0.41274834437086094,
ITBEES,prior_6_return_positive,2,6039,-3.2237342570900124e-05,0.0,0.43434343434343436,
ITBEES,prior_6_return_positive,3,6038,-1.7613317294393876e-05,0.0,0.441040079496522,
ITBEES,prior_6_return_positive,6,6035,-7.626014908304624e-06,0.0,0.46048053024026514,
ITBEES,prior_6_return_positive,12,6029,2.8249694682894983e-05,0.0,0.4723834798474042,
ITBEES,sign_x_abs_quartile_positive,1,700,-5.5984369561932676e-05,0.0,0.3842857142857143,Q1
ITBEES,sign_x_abs_quartile_positive,2,700,-7.541023016901325e-05,0.0,0.4185714285714286,Q1
ITBEES,sign_x_abs_quartile_positive,3,700,-3.441981131718817e-05,0.0,0.4442857142857143,Q1
ITBEES,sign_x_abs_quartile_positive,6,700,-0.00011251633165651159,0.0,0.4585714285714286,Q1
ITBEES,sign_x_abs_quartile_positive,1,1612,-4.219399485524911e-05,0.0,0.4075682382133995,Q2
ITBEES,sign_x_abs_quartile_positive,2,1612,1.0136671969508561e-05,0.0,0.4472704714640198,Q2
ITBEES,sign_x_abs_quartile_positive,3,1611,3.149068661929057e-05,0.0,0.45934202358783366,Q2
ITBEES,sign_x_abs_quartile_positive,6,1611,8.423941590143381e-05,0.0,0.4723774053382992,Q2
ITBEES,sign_x_abs_quartile_positive,1,1581,-2.9214006435833856e-05,0.0,0.3788741302972802,Q3
ITBEES,sign_x_abs_quartile_positive,2,1581,-3.017905256785718e-05,0.0,0.4098671726755218,Q3
ITBEES,sign_x_abs_quartile_positive,3,1581,-2.664292258096195e-05,0.0,0.4098671726755218,Q3
ITBEES,sign_x_abs_quartile_positive,6,1581,-2.485204355045319e-06,-0.00023769907297355175,0.4370651486401012,Q3
ITBEES,sign_x_abs_quartile_positive,1,1626,9.503396230934716e-06,0.0,0.4231242312423124,Q4
ITBEES,sign_x_abs_quartile_positive,2,1626,-3.6509354161340614e-05,-0.00023441225796982934,0.43296432964329645,Q4
ITBEES,sign_x_abs_quartile_positive,3,1626,-0.00011302788986150893,-0.0002372479374345149,0.43050430504305043,Q4
ITBEES,sign_x_abs_quartile_positive,6,1625,-9.545495464826226e-06,-0.00023713540431602453,0.46092307692307694,Q4
ITBEES,sign_x_abs_quartile_negative,1,750,-0.00010466134436352345,0.0,0.388,Q1
ITBEES,sign_x_abs_quartile_negative,2,750,-0.00013269452105260093,0.0,0.44666666666666666,Q1
ITBEES,sign_x_abs_quartile_negative,3,750,-9.078392721334216e-05,0.0,0.4573333333333333,Q1
ITBEES,sign_x_abs_quartile_negative,6,750,-0.00013696520228862304,0.0,0.4693333333333333,Q1
ITBEES,sign_x_abs_quartile_negative,1,1691,-1.0153394148797999e-05,0.0,0.423418095801301,Q2
ITBEES,sign_x_abs_quartile_negative,2,1690,-1.712225726537073e-05,0.0,0.43550295857988164,Q2
ITBEES,sign_x_abs_quartile_negative,3,1690,4.0644206948771665e-06,0.0,0.4461538461538462,Q2
ITBEES,sign_x_abs_quartile_negative,6,1689,-0.00012559662964623802,0.0,0.46121965660153935,Q2
ITBEES,sign_x_abs_quartile_negative,1,1720,2.12965564280762e-06,0.0,0.4377906976744186,Q3
ITBEES,sign_x_abs_quartile_negative,2,1720,-1.3219483432495236e-05,0.0,0.4558139534883721,Q3
ITBEES,sign_x_abs_quartile_negative,3,1720,-7.084478547669654e-05,0.0,0.4476744186046512,Q3
ITBEES,sign_x_abs_quartile_negative,6,1719,-0.00022757821481094676,0.0,0.4566608493310064,Q3
ITBEES,sign_x_abs_quartile_negative,1,1677,4.468263227154711e-05,0.0,0.47584973166368516,Q4
ITBEES,sign_x_abs_quartile_negative,2,1677,4.399540719876286e-05,0.0,0.47346451997614786,Q4
ITBEES,sign_x_abs_quartile_negative,3,1677,-1.9621566707691056e-05,0.0,0.4728682170542636,Q4
ITBEES,sign_x_abs_quartile_negative,6,1677,-0.00011699962024314876,0.0,0.4740608228980322,Q4
ITC,prior_return_negative,1,6107,-4.014225031981208e-07,0.0,0.46569510397904046,
ITC,prior_return_negative,2,6106,-2.8457681632790883e-05,0.0,0.47019325253848676,
ITC,prior_return_negative,3,6105,-4.8007156677766006e-05,0.0,0.47862407862407863,
ITC,prior_return_negative,6,6105,-0.0001459487642116345,-0.00012941633234120342,0.45716625716625714,
ITC,prior_return_negative,12,6104,-0.00032753506421069985,-0.00016952026254224428,0.456913499344692,
ITC,prior_return_positive,1,5810,-6.039041230146586e-05,0.0,0.41772805507745264,
ITC,prior_return_positive,2,5810,-8.562509490127238e-05,-0.0001291322335582601,0.4244406196213425,
ITC,prior_return_positive,3,5810,-0.00012040157917781405,-0.00013045463495592324,0.42994836488812394,
ITC,prior_return_positive,6,5807,-0.00018029332333605332,-0.000175254118471857,0.4284484243154813,
ITC,prior_return_positive,12,5802,-0.00030487782550745704,-0.00032265872664716255,0.4372630127542227,
ITC,prior_6_return_negative,1,6810,-5.874566412276457e-06,0.0,0.45594713656387664,
ITC,prior_6_return_negative,2,6810,-3.5884429144613147e-05,0.0,0.45859030837004405,
ITC,prior_6_return_negative,3,6810,-6.915044901737943e-05,0.0,0.4647577092511013,
ITC,prior_6_return_negative,6,6810,-0.00012241863843656051,-0.00012889089867618164,0.45741556534508077,
ITC,prior_6_return_negative,12,6810,-0.00031376530798225263,-0.00013028467256120946,0.46901615271659325,
ITC,prior_6_return_positive,1,5869,-3.987150114109037e-05,0.0,0.4230703697393082,
ITC,prior_6_return_positive,2,5868,-5.649906797313055e-05,0.0,0.4347307430129516,
ITC,prior_6_return_positive,3,5867,-7.268628780216313e-05,-0.00012448649321539218,0.44230441452190217,
ITC,prior_6_return_positive,6,5864,-0.00015850424693003337,-0.00016901887577897012,0.4309345156889495,
ITC,prior_6_return_positive,12,5858,-0.00025010861405353325,-0.00038837465370822333,0.4238648002731308,
ITC,sign_x_abs_quartile_positive,1,1004,-4.139987637035926e-05,0.0,0.40139442231075695,Q1
ITC,sign_x_abs_quartile_positive,2,1004,-5.447775705333015e-05,0.0,0.4243027888446215,Q1
ITC,sign_x_abs_quartile_positive,3,1004,-4.9080369248808305e-05,-0.00012976915102003161,0.4213147410358566,Q1
ITC,sign_x_abs_quartile_positive,6,1004,-1.4341433866399478e-05,-0.00012971914165205156,0.4352589641434263,Q1
ITC,sign_x_abs_quartile_positive,1,1622,-5.03888521043676e-05,0.0,0.40998766954377314,Q2
ITC,sign_x_abs_quartile_positive,2,1622,-6.54154349289506e-05,0.0,0.4284833538840937,Q2
ITC,sign_x_abs_quartile_positive,3,1622,-9.873909222020733e-05,0.0,0.4395807644882861,Q2
ITC,sign_x_abs_quartile_positive,6,1622,-0.0001422352336495536,-0.00016856300161871562,0.4321824907521578,Q2
ITC,sign_x_abs_quartile_positive,1,1576,-6.363612835040542e-05,0.0,0.4219543147208122,Q3
ITC,sign_x_abs_quartile_positive,2,1576,-9.623543849566787e-05,-0.00012975218208677308,0.4168781725888325,Q3
ITC,sign_x_abs_quartile_positive,3,1576,-0.00012341351152755095,-0.00013003056212768094,0.43274111675126903,Q3
ITC,sign_x_abs_quartile_positive,6,1574,-0.00033128764197205596,-0.0003234415202981178,0.4040660736975858,Q3
ITC,sign_x_abs_quartile_positive,1,1608,-7.915520099636367e-05,-0.00012683990459971817,0.43159203980099503,Q4
ITC,sign_x_abs_quartile_positive,2,1608,-0.00011505923306649168,-0.00016553572963079466,0.42786069651741293,Q4
ITC,sign_x_abs_quartile_positive,3,1608,-0.00018383207869944,-0.0002583312495324508,0.4228855721393035,Q4
ITC,sign_x_abs_quartile_positive,6,1607,-0.00017449423246235498,-0.00026051843167906874,0.44430616054760425,Q4
ITC,sign_x_abs_quartile_negative,1,1006,-4.066322285267411e-05,0.0,0.42047713717693835,Q1
ITC,sign_x_abs_quartile_negative,2,1006,-3.126464433415609e-05,0.0,0.4463220675944334,Q1
ITC,sign_x_abs_quartile_negative,3,1006,-5.312351288398894e-05,0.0,0.45825049701789267,Q1
ITC,sign_x_abs_quartile_negative,6,1006,-0.00023839992628539556,-0.0001302935931423721,0.43240556660039764,Q1
ITC,sign_x_abs_quartile_negative,1,1681,1.895770710203083e-05,0.0,0.46579417013682334,Q2
ITC,sign_x_abs_quartile_negative,2,1681,-1.7443485605256936e-05,0.0,0.46519928613920286,Q2
ITC,sign_x_abs_quartile_negative,3,1681,-9.406080560037534e-05,0.0,0.4818560380725758,Q2
ITC,sign_x_abs_quartile_negative,6,1681,-0.00019954946542924282,-0.00013024225058599903,0.45211183819155265,Q2
ITC,sign_x_abs_quartile_negative,1,1726,3.064596461941293e-05,0.0,0.48377752027809967,Q3
ITC,sign_x_abs_quartile_negative,2,1725,2.6205027434794837e-05,0.0,0.48579710144927535,Q3
ITC,sign_x_abs_quartile_negative,3,1725,1.6004270694070052e-05,0.0,0.487536231884058,Q3
ITC,sign_x_abs_quartile_negative,6,1725,-3.4703658618709636e-05,0.0,0.4776811594202899,Q3
ITC,sign_x_abs_quartile_negative,1,1694,-2.7335965530614698e-05,0.0,0.474025974025974,Q4
ITC,sign_x_abs_quartile_negative,2,1694,-9.338343853143111e-05,0.0,0.4734356552538371,Q4
ITC,sign_x_abs_quartile_negative,3,1693,-6.446106927909539e-05,0.0,0.47844063792085056,Q4
ITC,sign_x_abs_quartile_negative,6,1693,-0.00015114023459249232,-0.00015837820715869366,0.4559952746603662,Q4
KOTAKBANK,prior_return_negative,1,6098,4.455368760701178e-05,0.0,0.46867825516562805,
KOTAKBANK,prior_return_negative,2,6098,3.539944053576002e-05,0.0,0.4778615939652345,
KOTAKBANK,prior_return_negative,3,6098,2.8043292893075403e-05,0.0,0.4758937356510331,
KOTAKBANK,prior_return_negative,6,6096,4.209517276294549e-05,0.0,0.4729330708661417,
KOTAKBANK,prior_return_negative,12,6095,4.1239971729522486e-05,-0.00013312034078805102,0.4712059064807219,
KOTAKBANK,prior_return_positive,1,5899,-5.569027751970675e-05,0.0,0.431259535514494,
KOTAKBANK,prior_return_positive,2,5898,-5.898145950601005e-05,0.0,0.44608341810783314,
KOTAKBANK,prior_return_positive,3,5897,-6.107591427094452e-05,0.0,0.44598948617941325,
KOTAKBANK,prior_return_positive,6,5896,-7.280029429504318e-05,-0.00013195236252450115,0.46014246947082765,
KOTAKBANK,prior_return_positive,12,5891,-0.0001506510847557403,-0.00023596035865980358,0.4600237650653539,
KOTAKBANK,prior_6_return_negative,1,6605,1.8574772680925613e-05,0.0,0.45162755488266465,
KOTAKBANK,prior_6_return_negative,2,6604,1.004980428498693e-05,0.0,0.465778316172017,
KOTAKBANK,prior_6_return_negative,3,6603,7.849730305661674e-06,0.0,0.4694835680751174,
KOTAKBANK,prior_6_return_negative,6,6602,1.8230147216404042e-05,0.0,0.4701605574068464,
KOTAKBANK,prior_6_return_negative,12,6602,-2.0983567751303005e-06,-0.000128164934711128,0.4739472887003938,
KOTAKBANK,prior_6_return_positive,1,6144,-2.2571148110173128e-05,0.0,0.4412434895833333,
KOTAKBANK,prior_6_return_positive,2,6144,-1.9986168391418605e-05,0.0,0.4542643229166667,
KOTAKBANK,prior_6_return_positive,3,6144,-1.8988141592417734e-05,0.0,0.45068359375,
KOTAKBANK,prior_6_return_positive,6,6142,-5.406902304749291e-05,-0.00012900744403654407,0.4610875936177141,
KOTAKBANK,prior_6_return_positive,12,6136,-5.397359263496023e-05,-0.00023622518927524094,0.4600717079530639,
KOTAKBANK,sign_x_abs_quartile_positive,1,1004,-5.559340213617725e-06,0.0,0.42231075697211157,Q1
KOTAKBANK,sign_x_abs_quartile_positive,2,1004,2.1612339580723525e-05,0.0,0.4352589641434263,Q1
KOTAKBANK,sign_x_abs_quartile_positive,3,1004,-2.198633155335467e-05,0.0,0.43227091633466136,Q1
KOTAKBANK,sign_x_abs_quartile_positive,6,1004,9.467002863136311e-05,0.0,0.46713147410358563,Q1
KOTAKBANK,sign_x_abs_quartile_positive,1,1651,-2.9679665109523753e-05,0.0,0.4270139309509388,Q2
KOTAKBANK,sign_x_abs_quartile_positive,2,1650,-3.124312086699647e-05,0.0,0.43696969696969695,Q2
KOTAKBANK,sign_x_abs_quartile_positive,3,1649,-3.5970550507812224e-05,0.0,0.4414796846573681,Q2
KOTAKBANK,sign_x_abs_quartile_positive,6,1649,-0.00012046777963530045,-0.00023137436372044906,0.4475439660400243,Q2
KOTAKBANK,sign_x_abs_quartile_positive,1,1586,-2.7040927051467502e-05,0.0,0.4337957124842371,Q3
KOTAKBANK,sign_x_abs_quartile_positive,2,1586,-4.571274444283803e-05,0.0,0.4520807061790668,Q3
KOTAKBANK,sign_x_abs_quartile_positive,3,1586,1.3637979935554867e-06,0.0,0.46153846153846156,Q3
KOTAKBANK,sign_x_abs_quartile_positive,6,1585,-3.700216497967387e-05,0.0,0.4694006309148265,Q3
KOTAKBANK,sign_x_abs_quartile_positive,1,1658,-0.0001393530350511621,-0.00011876538836924633,0.4384800965018094,Q4
KOTAKBANK,sign_x_abs_quartile_positive,2,1658,-0.0001480819511390883,-0.00013077041783321475,0.4559710494571773,Q4
KOTAKBANK,sign_x_abs_quartile_positive,3,1658,-0.00016944386936464922,-0.00013458950201883368,0.4439083232810615,Q4
KOTAKBANK,sign_x_abs_quartile_positive,6,1658,-0.00016102499625939059,-0.00024188432526101034,0.45958986731001206,Q4
KOTAKBANK,sign_x_abs_quartile_negative,1,1086,-3.021943031818792e-05,0.0,0.43370165745856354,Q1
KOTAKBANK,sign_x_abs_quartile_negative,2,1086,1.8099541546053946e-05,0.0,0.4622467771639042,Q1
KOTAKBANK,sign_x_abs_quartile_negative,3,1086,8.134296211099267e-06,0.0,0.46593001841620624,Q1
KOTAKBANK,sign_x_abs_quartile_negative,6,1086,0.0001186761885658204,0.0,0.4723756906077348,Q1
KOTAKBANK,sign_x_abs_quartile_negative,1,1652,-2.0258285719888624e-05,0.0,0.44854721549636806,Q2
KOTAKBANK,sign_x_abs_quartile_negative,2,1652,-1.8963562759414635e-05,0.0,0.4685230024213075,Q2
KOTAKBANK,sign_x_abs_quartile_negative,3,1652,-5.049800872052246e-05,0.0,0.4648910411622276,Q2
KOTAKBANK,sign_x_abs_quartile_negative,6,1651,-4.996210624901403e-05,-0.00013022528975126235,0.4609327680193822,Q2
KOTAKBANK,sign_x_abs_quartile_negative,1,1715,7.898042444175322e-05,0.0,0.482798833819242,Q3
KOTAKBANK,sign_x_abs_quartile_negative,2,1715,4.7120485297297436e-06,0.0,0.480466472303207,Q3
KOTAKBANK,sign_x_abs_quartile_negative,3,1715,4.3555839214914906e-05,0.0,0.47113702623906706,Q3
KOTAKBANK,sign_x_abs_quartile_negative,6,1714,2.0955886720253422e-05,0.0,0.4725787631271879,Q3
KOTAKBANK,sign_x_abs_quartile_negative,1,1645,0.0001231136464709782,0.0,0.4972644376899696,Q4
KOTAKBANK,sign_x_abs_quartile_negative,2,1645,0.00013340810256420456,0.0,0.4948328267477204,Q4
KOTAKBANK,sign_x_abs_quartile_negative,3,1645,0.00010388972676561948,0.0,0.49848024316109424,Q4
KOTAKBANK,sign_x_abs_quartile_negative,6,1645,0.00010595676593254868,0.0,0.4857142857142857,Q4
LT,prior_return_negative,1,6477,3.667735906813606e-05,2.7602197134823925e-05,0.5132005558128764,
LT,prior_return_negative,2,6477,3.6509659123651396e-05,2.5652207372495184e-05,0.5059441099274355,
LT,prior_return_negative,3,6476,3.4012747981911224e-05,4.87521899618093e-05,0.5067943174799259,
LT,prior_return_negative,6,6475,7.207143338537962e-05,2.4360535931799987e-05,0.5011583011583012,
LT,prior_return_negative,12,6473,2.768171447350067e-07,7.392075694845346e-05,0.5059477830990268,
LT,prior_return_positive,1,6524,-2.5442605479237157e-05,-2.5375559307982964e-05,0.4762415695892091,
LT,prior_return_positive,2,6523,-1.1477441002693719e-05,-2.7165792833683255e-05,0.4798405641575962,
LT,prior_return_positive,3,6523,4.092529811017768e-06,-2.539166645521007e-05,0.4870458378046911,
LT,prior_return_positive,6,6522,-3.2691093434697203e-06,-2.768633652178165e-05,0.4898804047838086,
LT,prior_return_positive,12,6518,0.000146109020083518,2.6929645993711837e-05,0.5026081620128874,
LT,prior_6_return_negative,1,6592,2.1367195637319506e-05,0.0,0.4986347087378641,
LT,prior_6_return_negative,2,6592,2.1107374227860807e-05,0.0,0.4975728155339806,
LT,prior_6_return_negative,3,6592,2.0076040675393008e-05,0.0,0.4954490291262136,
LT,prior_6_return_negative,6,6592,-5.137852602390962e-05,-7.535516771467465e-05,0.4836165048543689,
LT,prior_6_return_negative,12,6590,-9.10067934268967e-05,0.0,0.4990895295902883,
LT,prior_6_return_positive,1,6538,-1.3464482877005735e-05,0.0,0.48852860201896603,
LT,prior_6_return_positive,2,6537,-2.5635956353297333e-06,-2.3265011748874187e-05,0.48661465504053847,
LT,prior_6_return_positive,3,6536,8.384353019126069e-06,0.0,0.49571603427172584,
LT,prior_6_return_positive,6,6533,0.00011677889623657666,4.8486023903837605e-05,0.5063523649165774,
LT,prior_6_return_positive,12,6529,0.00022331414124276467,7.621563944915088e-05,0.5071220707612192,
LT,sign_x_abs_quartile_positive,1,1536,1.3854566423401375e-05,0.0,0.482421875,Q1
LT,sign_x_abs_quartile_positive,2,1536,0.00010000696759849662,2.4696846754990176e-05,0.50390625,Q1
LT,sign_x_abs_quartile_positive,3,1536,8.729607761296498e-05,-2.5294111625495663e-05,0.4876302083333333,Q1
LT,sign_x_abs_quartile_positive,6,1536,-5.143806468518097e-05,-7.449170968570895e-05,0.484375,Q1
LT,sign_x_abs_quartile_positive,1,1721,-4.73256016366782e-05,-2.643055372009151e-05,0.47298082510168504,Q2
LT,sign_x_abs_quartile_positive,2,1721,1.7515835851059232e-05,0.0,0.49331783846600813,Q2
LT,sign_x_abs_quartile_positive,3,1721,1.9457459874377992e-05,-2.5247424762731008e-05,0.48285880302149914,Q2
LT,sign_x_abs_quartile_positive,6,1721,0.00015685668226892707,2.4497795198419325e-05,0.5008715862870424,Q2
LT,sign_x_abs_quartile_positive,1,1617,4.862353793270507e-05,-2.5726119729285735e-05,0.4749536178107607,Q3
LT,sign_x_abs_quartile_positive,2,1617,-5.2877885836503165e-05,-7.663814024783111e-05,0.46567717996289426,Q3
LT,sign_x_abs_quartile_positive,3,1617,-2.7842350690177688e-05,0.0,0.49845392702535557,Q3
LT,sign_x_abs_quartile_positive,6,1616,-6.494327983118476e-05,-4.687055432800458e-05,0.48948019801980197,Q3
LT,sign_x_abs_quartile_positive,1,1650,-0.00011178489248081736,-7.328807615664124e-05,0.47515151515151516,Q4
LT,sign_x_abs_quartile_positive,2,1649,-0.00010498439174888372,-0.00013027618551331166,0.4572468162522741,Q4
LT,sign_x_abs_quartile_positive,3,1649,-5.8130024641620674e-05,-5.762526291519521e-05,0.4796846573681019,Q4
LT,sign_x_abs_quartile_positive,6,1649,-6.507839524517919e-05,-7.335501381511289e-05,0.4839296543359612,Q4
LT,sign_x_abs_quartile_negative,1,1557,6.375743492409689e-05,0.0,0.4900449582530507,Q1
LT,sign_x_abs_quartile_negative,2,1557,5.3596873654217696e-05,-2.4527839097343573e-05,0.47719974309569685,Q1
LT,sign_x_abs_quartile_negative,3,1557,2.754210363534002e-06,-2.450379808871528e-05,0.4913294797687861,Q1
LT,sign_x_abs_quartile_negative,6,1557,4.818194875556429e-05,-4.8965601664785474e-05,0.49068721901091844,Q1
LT,sign_x_abs_quartile_negative,1,1582,3.7123710097573925e-05,2.616311720859965e-05,0.5132743362831859,Q2
LT,sign_x_abs_quartile_negative,2,1582,6.832466663238976e-06,2.5170271813035328e-05,0.504424778761062,Q2
LT,sign_x_abs_quartile_negative,3,1581,9.016912950627971e-05,5.142445747208235e-05,0.5104364326375711,Q2
LT,sign_x_abs_quartile_negative,6,1581,5.135290595625686e-05,0.0,0.4990512333965844,Q2
LT,sign_x_abs_quartile_negative,1,1685,-8.463473663952965e-06,6.968641114979413e-05,0.5258160237388724,Q3
LT,sign_x_abs_quartile_negative,2,1685,5.757234815796965e-05,7.539961797520256e-05,0.5186943620178042,Q3
LT,sign_x_abs_quartile_negative,3,1685,0.00013246578621715078,7.43623429095841e-05,0.5157270029673591,Q3
LT,sign_x_abs_quartile_negative,6,1684,0.00022435239903241866,7.399833786247978e-05,0.5112826603325415,Q3
LT,sign_x_abs_quartile_negative,1,1653,5.675751497694931e-05,8.190008190012144e-05,0.5220810647307925,Q4
LT,sign_x_abs_quartile_negative,2,1653,2.7346860832940235e-05,0.00012677806232419542,0.5214761040532365,Q4
LT,sign_x_abs_quartile_negative,3,1653,-9.06134259712599e-05,5.0919089566558995e-05,0.5087719298245614,Q4
LT,sign_x_abs_quartile_negative,6,1653,-4.074721556534522e-05,5.063291139228987e-05,0.5027223230490018,Q4
M&M,prior_return_negative,1,6573,1.1923733023114615e-05,2.728661864215276e-05,0.5022059942187738,
M&M,prior_return_negative,2,6572,5.060865988835918e-06,0.0,0.4951308581862447,
M&M,prior_return_negative,3,6572,1.6298024359460215e-05,-3.1085827970955826e-05,0.4879793061472915,
M&M,prior_return_negative,6,6570,-9.23147490843986e-06,-3.0960049075989815e-05,0.4901065449010654,
M&M,prior_return_negative,12,6569,-0.00010824722735471312,-0.00020942956621905484,0.47632820825087535,
M&M,prior_return_positive,1,6434,-2.9473203633921327e-05,-3.075315195483208e-05,0.47295617034504195,
M&M,prior_return_positive,2,6434,-4.066229181300684e-05,-5.836713096557533e-05,0.4741995648119366,
M&M,prior_return_positive,3,6433,-7.235197520351438e-05,-0.00010821046936293488,0.47271879371988185,
M&M,prior_return_positive,6,6432,-0.00011563840501007679,-0.0001322938089100556,0.4743470149253731,
M&M,prior_return_positive,12,6427,-0.00014961568806930555,-0.00016229375169052318,0.48234012758674344,
M&M,prior_6_return_negative,1,6764,1.2221850900235778e-05,0.0,0.4967474866942638,
M&M,prior_6_return_negative,2,6763,6.520808910603756e-06,0.0,0.4920893094780423,
M&M,prior_6_return_negative,3,6762,6.974797687191407e-06,-5.341523670582271e-05,0.4838805087252292,
M&M,prior_6_return_negative,6,6759,-9.398103954241326e-05,-8.880468888750048e-05,0.47862109779553186,
M&M,prior_6_return_negative,12,6759,-0.00036431422199808395,-0.0003019323671497043,0.4685604379346057,
M&M,prior_6_return_positive,1,6357,-3.822741151798651e-05,-2.7779321073451158e-05,0.47789837973887056,
M&M,prior_6_return_positive,2,6357,-5.6121643296517306e-05,-5.698979882606814e-05,0.47726915211577786,
M&M,prior_6_return_positive,3,6357,-8.241000928333956e-05,-8.75912408759838e-05,0.4760106968695926,
M&M,prior_6_return_positive,6,6357,-6.203313429415965e-05,-6.235385814490346e-05,0.48434796287557025,
M&M,prior_6_return_positive,12,6351,7.307252970712734e-05,-9.312432096852952e-05,0.4877971972917651,
M&M,sign_x_abs_quartile_positive,1,1577,1.4361014401128997e-05,-2.7191646726154595e-05,0.47305009511731133,Q1
M&M,sign_x_abs_quartile_positive,2,1577,-3.8603230687436895e-05,-5.3883665166898354e-05,0.47368421052631576,Q1
M&M,sign_x_abs_quartile_positive,3,1577,-9.959162073414603e-06,-5.566379070409688e-05,0.48129359543436906,Q1
M&M,sign_x_abs_quartile_positive,6,1577,-9.00718596324403e-06,-8.27015851138091e-05,0.4787571337983513,Q1
M&M,sign_x_abs_quartile_positive,1,1597,-6.499250439582268e-05,-5.61371993150761e-05,0.4627426424546024,Q2
M&M,sign_x_abs_quartile_positive,2,1597,-9.745733116939555e-05,-8.014533019873316e-05,0.46900438321853477,Q2
M&M,sign_x_abs_quartile_positive,3,1597,-0.00021173460301327252,-0.00016552637386901825,0.45084533500313084,Q2
M&M,sign_x_abs_quartile_positive,6,1596,-0.00024744263752293647,-0.00017835235182639408,0.4667919799498747,Q2
M&M,sign_x_abs_quartile_positive,1,1635,-7.923381793586888e-05,-5.811250581122529e-05,0.4685015290519878,Q3
M&M,sign_x_abs_quartile_positive,2,1635,-7.708177617688194e-05,-8.32223701731083e-05,0.4685015290519878,Q3
M&M,sign_x_abs_quartile_positive,3,1634,-8.38648944842753e-05,-0.00011270801980178824,0.47674418604651164,Q3
M&M,sign_x_abs_quartile_positive,6,1634,-0.0001559415794467652,-0.00013157247754957968,0.4700122399020808,Q3
M&M,sign_x_abs_quartile_positive,1,1625,1.2961483048642573e-05,-2.6954904444820293e-05,0.48738461538461536,Q4
M&M,sign_x_abs_quartile_positive,2,1625,4.979948996672532e-05,-5.716408951894625e-05,0.48553846153846153,Q4
M&M,sign_x_abs_quartile_positive,3,1625,1.5655840433888595e-05,-6.345177664968116e-05,0.48184615384615387,Q4
M&M,sign_x_abs_quartile_positive,6,1625,-4.9141475974250576e-05,-0.00019043991620637524,0.48184615384615387,Q4
M&M,sign_x_abs_quartile_negative,1,1523,6.2044893156722315e-06,0.0,0.49047931713722914,Q1
M&M,sign_x_abs_quartile_negative,2,1522,3.183775297385544e-05,-2.7780628141627073e-05,0.4783180026281209,Q1
M&M,sign_x_abs_quartile_negative,3,1522,4.49823212401376e-05,-8.246193668925983e-05,0.47371879106438897,Q1
M&M,sign_x_abs_quartile_negative,6,1522,-2.715357179148036e-05,-9.374564798914076e-05,0.480946123521682,Q1
M&M,sign_x_abs_quartile_negative,1,1706,-1.5829204714099093e-05,0.0,0.4976553341148886,Q2
M&M,sign_x_abs_quartile_negative,2,1706,1.0344248411343817e-05,-2.8569388046573163e-05,0.48534583821805394,Q2
M&M,sign_x_abs_quartile_negative,3,1706,-2.8465302317657805e-05,-4.2277401622603517e-05,0.4876905041031653,Q2
M&M,sign_x_abs_quartile_negative,6,1705,-8.651652573384716e-05,-0.00010663822980538917,0.47331378299120236,Q2
M&M,sign_x_abs_quartile_negative,1,1667,9.90345088701612e-06,3.0824240182525386e-05,0.50749850029994,Q3
M&M,sign_x_abs_quartile_negative,2,1667,6.069441384037599e-06,5.8520599250933e-05,0.5134973005398921,Q3
M&M,sign_x_abs_quartile_negative,3,1667,-2.2560950645890942e-06,0.0,0.4931013797240552,Q3
M&M,sign_x_abs_quartile_negative,6,1667,9.612591557245375e-06,0.0,0.4967006598680264,Q3
M&M,sign_x_abs_quartile_negative,1,1677,4.735887331351267e-05,5.487118988178885e-05,0.5122242098986285,Q4
M&M,sign_x_abs_quartile_negative,2,1677,-2.561842297228477e-05,2.9373751615491273e-05,0.5020870602265951,Q4
M&M,sign_x_abs_quartile_negative,3,1677,5.4245819552461146e-05,0.0,0.49612403100775193,Q4
M&M,sign_x_abs_quartile_negative,6,1676,6.692328900266384e-05,5.5518664858755784e-05,0.5089498806682577,Q4
MARUTI,prior_return_negative,1,6372,7.271174688429063e-06,0.0,0.49639045825486505,
MARUTI,prior_return_negative,2,6371,2.1202403523822688e-05,6.06060606060943e-05,0.5018050541516246,
MARUTI,prior_return_negative,3,6370,-1.7080297684566443e-05,0.0,0.4978021978021978,
MARUTI,prior_return_negative,6,6368,-4.1467706821380615e-05,0.0,0.49277638190954776,
MARUTI,prior_return_negative,12,6368,-0.00025233978914467894,-0.0001239942194094512,0.48335427135678394,
MARUTI,prior_return_positive,1,6364,-3.497099353943617e-05,0.0,0.4677875549968573,
MARUTI,prior_return_positive,2,6364,-7.346340812428701e-05,-6.0564098743720596e-05,0.47313010685103707,
MARUTI,prior_return_positive,3,6364,-5.8884704562113764e-05,-6.323910933997423e-05,0.47093023255813954,
MARUTI,prior_return_positive,6,6363,-0.00012326296753214824,-0.000129651238169326,0.46864686468646866,
MARUTI,prior_return_positive,12,6357,-9.022741586176678e-05,-7.724393635100135e-05,0.48434796287557025,
MARUTI,prior_6_return_negative,1,6695,2.1639286763726555e-05,0.0,0.4949962658700523,
MARUTI,prior_6_return_negative,2,6694,-1.7131922143609731e-06,2.90478126997451e-05,0.5,
MARUTI,prior_6_return_negative,3,6694,-2.997561354861657e-05,0.0,0.492978786973409,
MARUTI,prior_6_return_negative,6,6694,-0.00013331377784967977,-6.368412989538053e-05,0.48222288616671644,
MARUTI,prior_6_return_negative,12,6694,-0.000308768544670811,-0.0001284633832078219,0.4828204362115327,
MARUTI,prior_6_return_positive,1,6349,-4.745425417063705e-05,0.0,0.4670026775870216,
MARUTI,prior_6_return_positive,2,6349,-4.61092153768594e-05,-5.9822924144525835e-05,0.475822964246338,
MARUTI,prior_6_return_positive,3,6348,-4.250125545153811e-05,-6.184483137738894e-05,0.47700063011972277,
MARUTI,prior_6_return_positive,6,6345,-1.730845888773908e-05,-7.438262421899378e-05,0.47801418439716314,
MARUTI,prior_6_return_positive,12,6339,3.191400184273235e-07,-6.444544692918441e-05,0.4874585896829153,
MARUTI,sign_x_abs_quartile_positive,1,1410,-1.845665142876919e-05,0.0,0.474468085106383,Q1
MARUTI,sign_x_abs_quartile_positive,2,1410,-2.6889907198969605e-05,0.0,0.474468085106383,Q1
MARUTI,sign_x_abs_quartile_positive,3,1410,-2.4812060556061646e-05,-5.9200084879529324e-05,0.4695035460992908,Q1
MARUTI,sign_x_abs_quartile_positive,6,1410,9.742467736684757e-05,0.0,0.49148936170212765,Q1
MARUTI,sign_x_abs_quartile_positive,1,1646,-4.692975662199909e-05,-5.921915243928266e-05,0.45625759416767925,Q2
MARUTI,sign_x_abs_quartile_positive,2,1646,-6.79133518548975e-05,0.0,0.46962332928311057,Q2
MARUTI,sign_x_abs_quartile_positive,3,1646,-7.109287593949249e-05,-6.228397917795725e-05,0.4726609963547995,Q2
MARUTI,sign_x_abs_quartile_positive,6,1646,-7.757575258317591e-05,-0.0001766901407036503,0.46354799513973266,Q2
MARUTI,sign_x_abs_quartile_positive,1,1675,-4.969870520585375e-05,-6.101281269066394e-05,0.462089552238806,Q3
MARUTI,sign_x_abs_quartile_positive,2,1675,-0.00015368541176335164,-6.823609689521337e-05,0.46746268656716417,Q3
MARUTI,sign_x_abs_quartile_positive,3,1675,-8.724280569958344e-05,-6.216972334471826e-05,0.4728358208955224,Q3
MARUTI,sign_x_abs_quartile_positive,6,1675,-0.0002286856096063032,-0.00017935075028396863,0.4614925373134328,Q3
MARUTI,sign_x_abs_quartile_positive,1,1633,-2.2069696111936118e-05,-5.984082340970698e-05,0.47948560930802203,Q4
MARUTI,sign_x_abs_quartile_positive,2,1633,-3.698586545966939e-05,-6.127450980397686e-05,0.48132271892222905,Q4
MARUTI,sign_x_abs_quartile_positive,3,1633,-4.691162345746368e-05,-0.00012593665386306796,0.4684629516227802,Q4
MARUTI,sign_x_abs_quartile_positive,6,1632,-0.0002518094195170643,-0.00023234571992286623,0.46139705882352944,Q4
MARUTI,sign_x_abs_quartile_negative,1,1419,9.1067443335332e-06,0.0,0.485553206483439,Q1
MARUTI,sign_x_abs_quartile_negative,2,1419,1.0444793637261877e-06,0.0,0.49541930937279777,Q1
MARUTI,sign_x_abs_quartile_negative,3,1418,-8.031173112479326e-05,-6.214782064811741e-05,0.4675599435825106,Q1
MARUTI,sign_x_abs_quartile_negative,6,1418,-0.0001415276798056523,-0.00012139645715769642,0.47249647390691113,Q1
MARUTI,sign_x_abs_quartile_negative,1,1657,-2.8976834148780534e-05,0.0,0.49185274592637296,Q2
MARUTI,sign_x_abs_quartile_negative,2,1657,4.4940884162085885e-05,6.151196407699899e-05,0.5063367531683766,Q2
MARUTI,sign_x_abs_quartile_negative,3,1657,2.4276125271807212e-05,6.442468754030983e-05,0.5111647555823778,Q2
MARUTI,sign_x_abs_quartile_negative,6,1657,-6.981411684914533e-05,0.0,0.4864212432106216,Q2
MARUTI,sign_x_abs_quartile_negative,1,1627,-1.385975777256054e-05,6.0499727751128773e-05,0.5027658266748617,Q3
MARUTI,sign_x_abs_quartile_negative,2,1627,-4.188399794886882e-05,0.0,0.4849416103257529,Q3
MARUTI,sign_x_abs_quartile_negative,3,1627,-7.254905524742404e-05,0.0,0.4880147510755993,Q3
MARUTI,sign_x_abs_quartile_negative,6,1626,4.727067225242671e-05,6.289407557336091e-05,0.5030750307503075,Q3
MARUTI,sign_x_abs_quartile_negative,1,1669,6.22971210220921e-05,6.147037128112487e-05,0.5038945476333133,Q4
MARUTI,sign_x_abs_quartile_negative,2,1668,7.63049258029857e-05,0.00014461628741158083,0.5191846522781774,Q4
MARUTI,sign_x_abs_quartile_negative,3,1668,4.969563057340705e-05,0.00014214816561819443,0.5197841726618705,Q4
MARUTI,sign_x_abs_quartile_negative,6,1667,-1.4733190484432394e-05,7.310475911981307e-05,0.5062987402519497,Q4
NIFTYBEES,prior_return_negative,1,6194,8.41945133645181e-06,0.0,0.4996771068776235,
NIFTYBEES,prior_return_negative,2,6193,3.567583360011672e-06,3.68595650570569e-05,0.5165509446148878,
NIFTYBEES,prior_return_negative,3,6192,-2.9828012935225757e-06,3.542399197420387e-05,0.5101744186046512,
NIFTYBEES,prior_return_negative,6,6190,-4.281055060016157e-05,3.457941180651236e-05,0.5051696284329564,
NIFTYBEES,prior_return_negative,12,6189,-0.00013708798298232145,0.0,0.49571820972693487,
NIFTYBEES,prior_return_positive,1,6441,-1.7264180661618735e-05,0.0,0.4792734047508151,
NIFTYBEES,prior_return_positive,2,6441,-2.3811276170072806e-05,0.0,0.48191274646793975,
NIFTYBEES,prior_return_positive,3,6441,-2.8344614783398314e-05,0.0,0.4895202608290638,
NIFTYBEES,prior_return_positive,6,6440,-2.872506923169294e-05,0.0,0.49006211180124226,
NIFTYBEES,prior_return_positive,12,6435,-8.3943295054554e-06,3.388222538447394e-05,0.5005439005439005,
NIFTYBEES,prior_6_return_negative,1,6461,-2.812252665545764e-07,0.0,0.491409998452252,
NIFTYBEES,prior_6_return_negative,2,6460,-1.7616412775895697e-05,3.3920152586741636e-05,0.5023219814241486,
NIFTYBEES,prior_6_return_negative,3,6460,-3.6593494165235547e-05,0.0,0.49953560371517025,
NIFTYBEES,prior_6_return_negative,6,6460,-6.632008030850483e-05,0.0,0.49907120743034056,
NIFTYBEES,prior_6_return_negative,12,6460,-0.00018120433309820578,-3.6646523064232106e-05,0.484984520123839,
NIFTYBEES,prior_6_return_positive,1,6565,-1.0879625463861842e-05,0.0,0.4848438690022848,
NIFTYBEES,prior_6_return_positive,2,6565,-5.353297787476605e-06,0.0,0.4933739527798934,
NIFTYBEES,prior_6_return_positive,3,6564,-1.4639392020588467e-06,0.0,0.4964960390006094,
NIFTYBEES,prior_6_return_positive,6,6561,-1.1377741839013676e-05,0.0,0.49382716049382713,
NIFTYBEES,prior_6_return_positive,12,6555,3.070941217070952e-05,3.745318352055271e-05,0.5077040427154844,
NIFTYBEES,sign_x_abs_quartile_positive,1,1380,-1.9886718344858432e-05,0.0,0.4673913043478261,Q1
NIFTYBEES,sign_x_abs_quartile_positive,2,1380,-2.875337806091981e-05,0.0,0.4789855072463768,Q1
NIFTYBEES,sign_x_abs_quartile_positive,3,1380,-6.667095928349538e-05,0.0,0.47246376811594204,Q1
NIFTYBEES,sign_x_abs_quartile_positive,6,1380,-0.0001088540322284276,0.0,0.486231884057971,Q1
NIFTYBEES,sign_x_abs_quartile_positive,1,1721,-5.679349628031406e-05,0.0,0.47123765252760025,Q2
NIFTYBEES,sign_x_abs_quartile_positive,2,1721,-5.901112038603518e-05,0.0,0.4694944799535154,Q2
NIFTYBEES,sign_x_abs_quartile_positive,3,1721,-6.185967217044683e-05,0.0,0.4851830331202789,Q2
NIFTYBEES,sign_x_abs_quartile_positive,6,1721,-4.447698567266373e-05,0.0,0.4822777454968042,Q2
NIFTYBEES,sign_x_abs_quartile_positive,1,1713,-2.9144126210540965e-05,0.0,0.47694103911266783,Q3
NIFTYBEES,sign_x_abs_quartile_positive,2,1713,-2.7398876529258438e-05,0.0,0.4810274372446001,Q3
NIFTYBEES,sign_x_abs_quartile_positive,3,1713,-6.86688457216053e-05,0.0,0.4892002335084647,Q3
NIFTYBEES,sign_x_abs_quartile_positive,6,1713,-4.7273633271857e-05,0.0,0.49620548744892,Q3
NIFTYBEES,sign_x_abs_quartile_positive,1,1627,3.928124091671515e-05,3.3704078193474984e-05,0.5003073140749846,Q4
NIFTYBEES,sign_x_abs_quartile_positive,2,1627,2.1391300302161426e-05,0.0,0.49846342962507684,Q4
NIFTYBEES,sign_x_abs_quartile_positive,3,1627,8.207036786589057e-05,3.6839196905447125e-05,0.5089121081745543,Q4
NIFTYBEES,sign_x_abs_quartile_positive,6,1626,7.549430797077051e-05,0.0,0.495079950799508,Q4
NIFTYBEES,sign_x_abs_quartile_negative,1,1348,-5.646135051389806e-06,0.0,0.4977744807121662,Q1
NIFTYBEES,sign_x_abs_quartile_negative,2,1348,-5.867300587456907e-06,3.390527998470283e-05,0.5044510385756676,Q1
NIFTYBEES,sign_x_abs_quartile_negative,3,1348,-2.157047074047464e-05,1.691074508736179e-05,0.5,Q1
NIFTYBEES,sign_x_abs_quartile_negative,6,1348,-0.00011949873028834557,-3.492235006008482e-05,0.4792284866468843,Q1
NIFTYBEES,sign_x_abs_quartile_negative,1,1582,-2.1474872871411802e-05,0.0,0.4829329962073325,Q2
NIFTYBEES,sign_x_abs_quartile_negative,2,1581,-7.247618893379984e-05,0.0,0.49778621125869704,Q2
NIFTYBEES,sign_x_abs_quartile_negative,3,1580,-6.11614062899441e-05,0.0,0.49050632911392406,Q2
NIFTYBEES,sign_x_abs_quartile_negative,6,1579,-0.00011327848652985443,0.0,0.49461684610512985,Q2
NIFTYBEES,sign_x_abs_quartile_negative,1,1588,1.296724070866056e-05,0.0,0.49433249370277077,Q3
NIFTYBEES,sign_x_abs_quartile_negative,2,1588,3.4398156644785717e-05,7.518231977499124e-05,0.5365239294710328,Q3
NIFTYBEES,sign_x_abs_quartile_negative,3,1588,1.711046114751683e-05,6.875346350920797e-05,0.5214105793450882,Q3
NIFTYBEES,sign_x_abs_quartile_negative,6,1588,-1.7895923637830086e-05,0.00010168987571224086,0.517632241813602,Q3
NIFTYBEES,sign_x_abs_quartile_negative,1,1676,4.364101567092868e-05,6.756420633846627e-05,0.5220763723150358,Q4
NIFTYBEES,sign_x_abs_quartile_negative,2,1676,5.3677653277363975e-05,7.363830984585817e-05,0.5250596658711217,Q4
NIFTYBEES,sign_x_abs_quartile_negative,3,1676,4.7775118487185554e-05,7.502082348442851e-05,0.5262529832935561,Q4
NIFTYBEES,sign_x_abs_quartile_negative,6,1675,6.171488786937554e-05,0.00013454423141601168,0.524179104477612,Q4
RELIANCE,prior_return_negative,1,6431,3.102515957045989e-05,6.350415952249833e-05,0.5010107292800497,
RELIANCE,prior_return_negative,2,6431,3.0157335844147356e-05,0.0,0.4965013217229047,
RELIANCE,prior_return_negative,3,6430,9.734561276661731e-06,0.0,0.48833592534992226,
RELIANCE,prior_return_negative,6,6428,3.3058540582437803e-06,-6.418073717390227e-05,0.48568761667703797,
RELIANCE,prior_return_negative,12,6427,-7.778284290407913e-05,-0.0001944894651539908,0.4722265442663762,
RELIANCE,prior_return_positive,1,6312,-4.91063009483116e-05,-6.688963240630841e-05,0.45453105196451205,
RELIANCE,prior_return_positive,2,6311,-6.907471347907521e-05,-7.292882147036384e-05,0.4572967833940738,
RELIANCE,prior_return_positive,3,6311,-5.91459866062975e-05,-7.273785277850386e-05,0.4688638884487403,
RELIANCE,prior_return_positive,6,6310,-9.421042481721887e-05,-0.0002105636926387766,0.4554675118858954,
RELIANCE,prior_return_positive,12,6305,-9.354738088490263e-05,-0.00022158209616673918,0.4662965900079302,
RELIANCE,prior_6_return_negative,1,6813,1.5088850161556495e-05,0.0,0.49522970791134596,
RELIANCE,prior_6_return_negative,2,6813,1.5063872529043172e-05,0.0,0.49170703067664756,
RELIANCE,prior_6_return_negative,3,6813,2.511280442248863e-05,0.0,0.4921473653309849,
RELIANCE,prior_6_return_negative,6,6813,3.403231578465515e-05,0.0,0.4865697930427125,
RELIANCE,prior_6_return_negative,12,6813,-8.710041079962303e-05,-0.0002201511704703618,0.46734184646998383,
RELIANCE,prior_6_return_positive,1,6220,-3.289802680653993e-05,-6.467469606652454e-05,0.4585209003215434,
RELIANCE,prior_6_return_positive,2,6219,-4.5315949087802614e-05,-7.195279896377027e-05,0.4618105804791767,
RELIANCE,prior_6_return_positive,3,6218,-7.066251480796478e-05,-7.558294643522645e-05,0.46477967192023156,
RELIANCE,prior_6_return_positive,6,6215,-0.0001244597394075365,-0.00020775623268698418,0.45454545454545453,
RELIANCE,prior_6_return_positive,12,6209,-9.653603813128563e-05,-0.00020508613617720162,0.4702850700595909,
RELIANCE,sign_x_abs_quartile_positive,1,1410,-3.633252741461457e-08,0.0,0.46879432624113476,Q1
RELIANCE,sign_x_abs_quartile_positive,2,1410,-2.0023716340495966e-05,-6.569699005626317e-05,0.4673758865248227,Q1
RELIANCE,sign_x_abs_quartile_positive,3,1410,-1.9467535917545133e-06,-6.504489445235961e-05,0.4695035460992908,Q1
RELIANCE,sign_x_abs_quartile_positive,6,1410,-6.207072853519187e-05,-0.00012900550184108406,0.4666666666666667,Q1
RELIANCE,sign_x_abs_quartile_positive,1,1640,-7.918065906572662e-05,-6.472702527648977e-05,0.4554878048780488,Q2
RELIANCE,sign_x_abs_quartile_positive,2,1640,-0.00010137402032836278,-0.0001293577436971005,0.4426829268292683,Q2
RELIANCE,sign_x_abs_quartile_positive,3,1640,-0.00011034571974064747,-7.472746630027283e-05,0.4628048780487805,Q2
RELIANCE,sign_x_abs_quartile_positive,6,1640,-0.00016527070518480643,-0.00021287166519684542,0.450609756097561,Q2
RELIANCE,sign_x_abs_quartile_positive,1,1654,-5.388667730989858e-05,-7.047717252867125e-05,0.4467956469165659,Q3
RELIANCE,sign_x_abs_quartile_positive,2,1654,-8.261780242687303e-05,-7.31372912660122e-05,0.45223700120918986,Q3
RELIANCE,sign_x_abs_quartile_positive,3,1654,-7.50942754261366e-05,-0.00012929101480474436,0.4655380894800484,Q3
RELIANCE,sign_x_abs_quartile_positive,6,1654,-4.21522773639915e-05,-0.00025771538013702466,0.4480048367593712,Q3
RELIANCE,sign_x_abs_quartile_positive,1,1608,-5.654409053714197e-05,-0.00013060357031990932,0.4490049751243781,Q4
RELIANCE,sign_x_abs_quartile_positive,2,1607,-6.521085138380922e-05,-7.215527815873646e-05,0.4685749844430616,Q4
RELIANCE,sign_x_abs_quartile_positive,3,1607,-4.066738455412436e-05,-7.215527815873646e-05,0.477909147479776,Q4
RELIANCE,sign_x_abs_quartile_positive,6,1606,-0.00010347710466930637,-0.00022135335174677806,0.45828144458281445,Q4
RELIANCE,sign_x_abs_quartile_negative,1,1425,-2.783228245663363e-05,0.0,0.49473684210526314,Q1
RELIANCE,sign_x_abs_quartile_negative,2,1425,-2.2052859658217017e-06,0.0,0.4975438596491228,Q1
RELIANCE,sign_x_abs_quartile_negative,3,1424,-4.238754454185613e-05,0.0,0.4936797752808989,Q1
RELIANCE,sign_x_abs_quartile_negative,6,1424,-0.0001194619473945288,-0.00013454500006021552,0.4669943820224719,Q1
RELIANCE,sign_x_abs_quartile_negative,1,1663,5.8021508270565615e-05,6.419309282335028e-05,0.5045099218280217,Q2
RELIANCE,sign_x_abs_quartile_negative,2,1663,6.782567585284784e-05,6.844158510710407e-05,0.5099218280216476,Q2
RELIANCE,sign_x_abs_quartile_negative,3,1663,8.068872316363321e-05,0.0,0.4954900781719784,Q2
RELIANCE,sign_x_abs_quartile_negative,6,1662,3.678909043100501e-05,-0.00012817337741044543,0.4753309265944645,Q2
RELIANCE,sign_x_abs_quartile_negative,1,1648,1.4636891702881078e-05,0.0,0.47633495145631066,Q3
RELIANCE,sign_x_abs_quartile_negative,2,1648,-2.2394277836635656e-05,-7.180812905044354e-05,0.4508495145631068,Q3
RELIANCE,sign_x_abs_quartile_negative,3,1648,-4.486888400433268e-05,-7.533345175275707e-05,0.45813106796116504,Q3
RELIANCE,sign_x_abs_quartile_negative,6,1648,-6.445030872673418e-05,0.0,0.49150485436893204,Q3
RELIANCE,sign_x_abs_quartile_negative,1,1695,6.995424065960581e-05,0.00012964283399230503,0.5268436578171092,Q4
RELIANCE,sign_x_abs_quartile_negative,2,1695,7.150208274129626e-05,0.00013484358144544295,0.5268436578171092,Q4
RELIANCE,sign_x_abs_quartile_negative,3,1695,3.6998033424516986e-05,7.15409929890054e-05,0.5061946902654867,Q4
RELIANCE,sign_x_abs_quartile_negative,6,1694,0.00013957171396784392,7.26533122658024e-05,0.5059031877213696,Q4
SBIN,prior_return_negative,1,6397,7.086539717040437e-05,5.134260923145284e-05,0.5094575582304205,
SBIN,prior_return_negative,2,6397,8.370744056932972e-05,0.0,0.49992183836173204,
SBIN,prior_return_negative,3,6397,9.302498302393762e-05,0.0,0.49554478661872753,
SBIN,prior_return_negative,6,6395,0.00010348126562608556,4.975619464619996e-05,0.5021110242376857,
SBIN,prior_return_negative,12,6392,0.00010724589042845998,5.076400876879994e-05,0.5015644555694618,
SBIN,prior_return_positive,1,6374,-3.935549171628618e-05,-5.142842452421359e-05,0.4585817383118921,
SBIN,prior_return_positive,2,6373,-2.23100390627505e-05,-0.00010082169682923414,0.4531617762435274,
SBIN,prior_return_positive,3,6372,-5.4172628403838055e-06,-0.00010262199432448105,0.46437539234149405,
SBIN,prior_return_positive,6,6371,6.356820179416361e-05,-0.00010658708164568154,0.4713545754198713,
SBIN,prior_return_positive,12,6368,0.0002140362206712767,-8.760037573440904e-05,0.4864949748743719,
SBIN,prior_6_return_negative,1,6653,1.3241296418087288e-05,0.0,0.4966180670374267,
SBIN,prior_6_return_negative,2,6652,1.3950951111158609e-05,0.0,0.4920324714371618,
SBIN,prior_6_return_negative,3,6651,1.0002453712717158e-05,0.0,0.49060291685460833,
SBIN,prior_6_return_negative,6,6648,-6.109480418130994e-05,0.0,0.4960890493381468,
SBIN,prior_6_return_negative,12,6648,-0.0002179232646676288,0.0,0.49217809867629364,
SBIN,prior_6_return_positive,1,6411,1.0133363676079351e-05,-4.8090795421673604e-05,0.4677897363905787,
SBIN,prior_6_return_positive,2,6411,3.9944448234562743e-05,-8.701705534297499e-05,0.4593667134612385,
SBIN,prior_6_return_positive,3,6411,6.720148596191374e-05,-9.461185486558943e-05,0.46685384495398535,
SBIN,prior_6_return_positive,6,6411,0.00022541635576156312,-0.00010328444536256143,0.47465294025892996,
SBIN,prior_6_return_positive,12,6405,0.0005521302876730501,0.0,0.49789227166276345,
SBIN,sign_x_abs_quartile_positive,1,1463,2.358885147444134e-05,0.0,0.47026657552973344,Q1
SBIN,sign_x_abs_quartile_positive,2,1463,1.8166791786503897e-05,-5.678591709246117e-05,0.4470266575529733,Q1
SBIN,sign_x_abs_quartile_positive,3,1463,-4.415919967879084e-05,-0.00010160536476333526,0.44771018455228984,Q1
SBIN,sign_x_abs_quartile_positive,6,1462,-0.00010125774488359969,-0.00017097660550902116,0.45006839945280436,Q1
SBIN,sign_x_abs_quartile_positive,1,1637,-5.46869770553419e-05,-9.716284492822247e-05,0.434331093463653,Q2
SBIN,sign_x_abs_quartile_positive,2,1637,-4.782673440097333e-05,-0.00010687757174154822,0.43738546120952965,Q2
SBIN,sign_x_abs_quartile_positive,3,1637,-2.2191974728659684e-06,-9.970089730815257e-05,0.46731826511912034,Q2
SBIN,sign_x_abs_quartile_positive,6,1637,0.00011378603739607916,-8.259684480060869e-05,0.48014660965180206,Q2
SBIN,sign_x_abs_quartile_positive,1,1620,-5.496174919934167e-05,-5.0933371181061116e-05,0.4617283950617284,Q3
SBIN,sign_x_abs_quartile_positive,2,1619,-4.403204889951858e-05,-9.457159069425902e-05,0.4657195799876467,Q3
SBIN,sign_x_abs_quartile_positive,3,1619,2.728594702836354e-05,-0.0001001051103659556,0.4718962322421248,Q3
SBIN,sign_x_abs_quartile_positive,6,1619,8.28199401913768e-05,-5.2767663975439305e-05,0.4836318715256331,Q3
SBIN,sign_x_abs_quartile_positive,1,1654,-6.457181303759832e-05,-5.2698763351677336e-05,0.46916565900846435,Q4
SBIN,sign_x_abs_quartile_positive,2,1654,-1.1595915325181506e-05,-0.00011484753965201877,0.4619105199516324,Q4
SBIN,sign_x_abs_quartile_positive,3,1653,-6.326080861883602e-06,-0.000152578577967577,0.4688445251058681,Q4
SBIN,sign_x_abs_quartile_positive,6,1653,0.0001407614097176155,-0.00023046784973490553,0.4694494857834241,Q4
SBIN,sign_x_abs_quartile_negative,1,1401,3.850049281980075e-05,0.0,0.4796573875802998,Q1
SBIN,sign_x_abs_quartile_negative,2,1401,7.546905806207429e-05,0.0,0.4825124910778016,Q1
SBIN,sign_x_abs_quartile_negative,3,1401,9.332741013140343e-05,-8.255593164363528e-05,0.4675231977159172,Q1
SBIN,sign_x_abs_quartile_negative,6,1401,0.00012420309911613325,0.0,0.4889364739471806,Q1
SBIN,sign_x_abs_quartile_negative,1,1665,5.8329861733798505e-05,5.0451541294682656e-05,0.5045045045045045,Q2
SBIN,sign_x_abs_quartile_negative,2,1665,7.509058889934722e-05,0.0,0.4990990990990991,Q2
SBIN,sign_x_abs_quartile_negative,3,1665,2.0857074314913032e-05,0.0,0.4900900900900901,Q2
SBIN,sign_x_abs_quartile_negative,6,1664,0.00012547147446916208,5.132550517628065e-05,0.5042067307692307,Q2
SBIN,sign_x_abs_quartile_negative,1,1682,8.666637099013445e-05,8.721986831405903e-05,0.5208085612366231,Q3
SBIN,sign_x_abs_quartile_negative,2,1682,0.00015206410121640517,4.6713732558045784e-05,0.5023781212841855,Q3
SBIN,sign_x_abs_quartile_negative,3,1682,0.00018324243163900887,4.522952399554914e-05,0.5011890606420928,Q3
SBIN,sign_x_abs_quartile_negative,6,1682,0.00018967792092153978,4.5885444874493864e-05,0.5005945303210464,Q3
SBIN,sign_x_abs_quartile_negative,1,1649,9.490278924581887e-05,0.00010398253093479859,0.5281989084293511,Q4
SBIN,sign_x_abs_quartile_negative,2,1649,2.9682655071940277e-05,9.152899180819851e-05,0.5130382049727107,Q4
SBIN,sign_x_abs_quartile_negative,3,1649,7.361329051479058e-05,0.00010355182768972959,0.5191024863553669,Q4
SBIN,sign_x_abs_quartile_negative,6,1648,-2.431349799126283e-05,9.585991396798832e-05,0.5127427184466019,Q4
SUNPHARMA,prior_return_negative,1,6322,2.9606144198828782e-05,5.656108597285048e-05,0.5117051565960139,
SUNPHARMA,prior_return_negative,2,6321,6.31570012079799e-05,5.8153058851040385e-05,0.510045878816643,
SUNPHARMA,prior_return_negative,3,6320,6.891880921569974e-05,5.924347976882238e-05,0.5098101265822785,
SUNPHARMA,prior_return_negative,6,6318,0.0001439451752955292,0.00011750970924828685,0.5174105729661285,
SUNPHARMA,prior_return_negative,12,6316,0.00020433687764705104,0.00017616522580610194,0.5177327422419252,
SUNPHARMA,prior_return_positive,1,6405,-1.6463093208559145e-05,-5.551546105586613e-05,0.46198282591725215,
SUNPHARMA,prior_return_positive,2,6405,-3.7144752283266946e-05,-5.7051574623434576e-05,0.4721311475409836,
SUNPHARMA,prior_return_positive,3,6405,-2.4877649240844387e-05,-5.630313608462334e-05,0.47743950039032007,
SUNPHARMA,prior_return_positive,6,6404,-5.212545427919824e-05,-5.439223849351693e-05,0.4862585883822611,
SUNPHARMA,prior_return_positive,12,6400,-3.491382394371386e-05,0.0,0.4990625,
SUNPHARMA,prior_6_return_negative,1,6433,3.7520465140434016e-05,5.336748852613482e-05,0.500544069640914,
SUNPHARMA,prior_6_return_negative,2,6433,7.124568308730003e-05,5.639839828552873e-05,0.5055184206435567,
SUNPHARMA,prior_6_return_negative,3,6433,0.00010464060394876969,0.00010573618821041464,0.515778019586507,
SUNPHARMA,prior_6_return_negative,6,6433,0.0001626466021404093,0.0001210067763794953,0.5199751282449868,
SUNPHARMA,prior_6_return_negative,12,6429,0.00023377352647667557,0.00012042389210020765,0.512521387463058,
SUNPHARMA,prior_6_return_positive,1,6611,-2.3934659100204998e-05,0.0,0.47088186356073214,
SUNPHARMA,prior_6_return_positive,2,6610,-4.4056697862260546e-05,-5.5300566822347186e-05,0.4736762481089259,
SUNPHARMA,prior_6_return_positive,3,6609,-6.373316075724513e-05,-5.8312438043106596e-05,0.47041912543501285,
SUNPHARMA,prior_6_return_positive,6,6606,-7.462370415614297e-05,-5.8061906506146066e-05,0.4822888283378747,
SUNPHARMA,prior_6_return_positive,12,6605,-4.878956219817372e-05,5.580045756392593e-05,0.5017411052233157,
SUNPHARMA,sign_x_abs_quartile_positive,1,1394,1.935245007632801e-06,0.0,0.4734576757532281,Q1
SUNPHARMA,sign_x_abs_quartile_positive,2,1394,-2.524467081974646e-06,0.0,0.48493543758967,Q1
SUNPHARMA,sign_x_abs_quartile_positive,3,1394,7.022101064250393e-05,0.0,0.48565279770444764,Q1
SUNPHARMA,sign_x_abs_quartile_positive,6,1393,6.876910051605145e-05,0.0001086366105378378,0.5104091888011486,Q1
SUNPHARMA,sign_x_abs_quartile_positive,1,1720,-3.744922063558796e-05,-5.537868723765049e-05,0.4645348837209302,Q2
SUNPHARMA,sign_x_abs_quartile_positive,2,1720,-5.936422644478159e-05,-5.618937470514007e-05,0.4645348837209302,Q2
SUNPHARMA,sign_x_abs_quartile_positive,3,1720,-7.589395908365023e-05,-5.699448199669721e-05,0.47325581395348837,Q2
SUNPHARMA,sign_x_abs_quartile_positive,6,1720,-7.367459033720108e-05,0.0,0.4947674418604651,Q2
SUNPHARMA,sign_x_abs_quartile_positive,1,1653,-1.9517047795733476e-05,-5.555555555547542e-05,0.45795523290986084,Q3
SUNPHARMA,sign_x_abs_quartile_positive,2,1653,-9.72959842126729e-05,-6.119576525298598e-05,0.4676346037507562,Q3
SUNPHARMA,sign_x_abs_quartile_positive,3,1653,-6.979259663012964e-05,-5.334755934915947e-05,0.48154869933454325,Q3
SUNPHARMA,sign_x_abs_quartile_positive,6,1653,2.3663549477344623e-05,-5.44543672402753e-05,0.48759830611010285,Q3
SUNPHARMA,sign_x_abs_quartile_positive,1,1638,-7.002139219720832e-06,-5.965856105566436e-05,0.4536019536019536,Q4
SUNPHARMA,sign_x_abs_quartile_positive,2,1638,1.7425946353187133e-05,-6.08254209969461e-05,0.47374847374847373,Q4
SUNPHARMA,sign_x_abs_quartile_positive,3,1638,-6.913712069460369e-06,-6.15120394862334e-05,0.4706959706959707,Q4
SUNPHARMA,sign_x_abs_quartile_positive,6,1638,-0.00020879262401032357,-0.0002876552143386002,0.4554334554334554,Q4
SUNPHARMA,sign_x_abs_quartile_negative,1,1426,1.073845634403908e-05,5.3258285852231246e-05,0.5014025245441796,Q1
SUNPHARMA,sign_x_abs_quartile_negative,2,1426,0.00011958364928721104,5.625088003236023e-05,0.5063113604488079,Q1
SUNPHARMA,sign_x_abs_quartile_negative,3,1425,0.0001032438819665615,0.0,0.4975438596491228,Q1
SUNPHARMA,sign_x_abs_quartile_negative,6,1424,0.0002115614059862702,0.00011141948033110971,0.5161516853932584,Q1
SUNPHARMA,sign_x_abs_quartile_negative,1,1583,2.7429435044996858e-06,5.587840858289894e-05,0.5097915350600126,Q2
SUNPHARMA,sign_x_abs_quartile_negative,2,1582,4.111233674238491e-05,5.706235835412077e-05,0.506953223767383,Q2
SUNPHARMA,sign_x_abs_quartile_negative,3,1582,5.660127360605114e-05,5.9602781881884503e-05,0.5139064475347661,Q2
SUNPHARMA,sign_x_abs_quartile_negative,6,1582,0.00010477444711463874,6.119829378981034e-05,0.5132743362831859,Q2
SUNPHARMA,sign_x_abs_quartile_negative,1,1649,7.398570316207717e-05,5.595970900951208e-05,0.5081867798665858,Q3
SUNPHARMA,sign_x_abs_quartile_negative,2,1649,8.799761145403735e-05,0.00010839520893179966,0.5191024863553669,Q3
SUNPHARMA,sign_x_abs_quartile_negative,3,1649,6.93126691303888e-05,6.155740227753448e-05,0.5136446331109763,Q3
SUNPHARMA,sign_x_abs_quartile_negative,6,1648,0.0001017762466766432,0.00012262742877633404,0.5182038834951457,Q3
SUNPHARMA,sign_x_abs_quartile_negative,1,1664,2.73512624979012e-05,0.00011159842912944473,0.5258413461538461,Q4
SUNPHARMA,sign_x_abs_quartile_negative,2,1664,1.1142633856921587e-05,5.989555006735703e-05,0.5072115384615384,Q4
SUNPHARMA,sign_x_abs_quartile_negative,3,1664,5.084407223562995e-05,0.00011668632446593108,0.5126201923076923,Q4
SUNPHARMA,sign_x_abs_quartile_negative,6,1664,0.0001650851836143259,0.00018684379965405729,0.5216346153846154,Q4
TATASTEEL,prior_return_negative,1,6459,4.3759569220322054e-05,4.88639139994973e-05,0.5051865613872116,
TATASTEEL,prior_return_negative,2,6459,6.570904375018713e-05,5.405697605276316e-05,0.5050317386592352,
TATASTEEL,prior_return_negative,3,6459,4.750523354614724e-05,0.0,0.4951230840687413,
TATASTEEL,prior_return_negative,6,6458,7.976632817816766e-05,0.0,0.4944255187364509,
TATASTEEL,prior_return_negative,12,6456,0.00014750151080064115,0.0,0.4965923172242875,
TATASTEEL,prior_return_positive,1,6428,-1.446440739722686e-05,-5.690547179781902e-05,0.46639701306782827,
TATASTEEL,prior_return_positive,2,6427,-5.360337977257092e-06,-6.00060006001879e-05,0.47082620196047925,
TATASTEEL,prior_return_positive,3,6426,4.6877464944317766e-05,-9.410673326432084e-05,0.4733893557422969,
TATASTEEL,prior_return_positive,6,6424,9.788780716709134e-05,-0.00011885659951271776,0.47665006226650064,
TATASTEEL,prior_return_positive,12,6420,0.00021517165136167302,-0.00011637389348817528,0.48707165109034267,
TATASTEEL,prior_6_return_negative,1,6640,2.4423548321265725e-05,0.0,0.49653614457831324,
TATASTEEL,prior_6_return_negative,2,6640,4.4787011490218075e-05,0.0,0.4987951807228916,
TATASTEEL,prior_6_return_negative,3,6640,7.072162928409758e-05,0.0,0.49864457831325304,
TATASTEEL,prior_6_return_negative,6,6637,0.0001332939306854903,4.646840148714304e-05,0.5000753352418261,
TATASTEEL,prior_6_return_negative,12,6636,0.00017392707861947228,6.0004252198875285e-05,0.5027124773960217,
TATASTEEL,prior_6_return_positive,1,6411,4.4014351668945996e-06,-4.6748632602455764e-05,0.4754328497894244,
TATASTEEL,prior_6_return_positive,2,6410,1.4692442536768726e-05,-5.717554756456966e-05,0.4764430577223089,
TATASTEEL,prior_6_return_positive,3,6409,1.7759785668630354e-05,-0.00011792452830172717,0.4671555624902481,
TATASTEEL,prior_6_return_positive,6,6409,4.9948463412159676e-05,-0.00017543859649127302,0.46965205180215325,
TATASTEEL,prior_6_return_positive,12,6404,0.00018370569865202424,-0.00016751006970527893,0.481105559025609,
TATASTEEL,sign_x_abs_quartile_positive,1,1502,5.152036467633231e-07,-6.0619619000723546e-05,0.44607190412782954,Q1
TATASTEEL,sign_x_abs_quartile_positive,2,1502,-1.773806862382871e-05,-5.914626467734552e-05,0.4627163781624501,Q1
TATASTEEL,sign_x_abs_quartile_positive,3,1501,-5.210610034801077e-05,-0.00011662487608610217,0.4643570952698201,Q1
TATASTEEL,sign_x_abs_quartile_positive,6,1501,8.417388631489662e-05,-0.00011564704521804803,0.4756828780812791,Q1
TATASTEEL,sign_x_abs_quartile_positive,1,1639,3.359494478698709e-05,0.0,0.4734594264795607,Q2
TATASTEEL,sign_x_abs_quartile_positive,2,1638,4.3969518071607355e-05,0.0,0.48717948717948717,Q2
TATASTEEL,sign_x_abs_quartile_positive,3,1638,0.0001435603690508774,0.0,0.49145299145299143,Q2
TATASTEEL,sign_x_abs_quartile_positive,6,1637,0.000129577753742643,-0.00010858942339020405,0.4807574832009774,Q2
TATASTEEL,sign_x_abs_quartile_positive,1,1649,-0.00010032065780656333,-0.0001103691849235755,0.46027895694360216,Q3
TATASTEEL,sign_x_abs_quartile_positive,2,1649,-8.482548173360124e-05,-0.00014527845036316211,0.45603395997574286,Q3
TATASTEEL,sign_x_abs_quartile_positive,3,1649,-9.706545915058325e-06,-0.00014118975903609776,0.45906610066707093,Q3
TATASTEEL,sign_x_abs_quartile_positive,6,1648,0.00014220039895525586,-0.00011543679556430542,0.47694174757281554,Q3
TATASTEEL,sign_x_abs_quartile_positive,1,1638,1.0143836135737675e-05,0.0,0.48412698412698413,Q4
TATASTEEL,sign_x_abs_quartile_positive,2,1638,3.6658629835515875e-05,-0.00010731356696408456,0.47680097680097683,Q4
TATASTEEL,sign_x_abs_quartile_positive,3,1638,9.786328208983158e-05,-0.00010427808233842706,0.47802197802197804,Q4
TATASTEEL,sign_x_abs_quartile_positive,6,1638,3.420099482769638e-05,-0.00022516334685629413,0.4731379731379731,Q4
TATASTEEL,sign_x_abs_quartile_negative,1,1477,8.792244932174347e-05,0.0,0.4976303317535545,Q1
TATASTEEL,sign_x_abs_quartile_negative,2,1477,4.22932312582297e-05,0.0,0.4928909952606635,Q1
TATASTEEL,sign_x_abs_quartile_negative,3,1477,0.00011870081284740894,0.0,0.48747461069735953,Q1
TATASTEEL,sign_x_abs_quartile_negative,6,1477,9.668241962190197e-05,0.0,0.4867975626269465,Q1
TATASTEEL,sign_x_abs_quartile_negative,1,1664,-6.5573609488724705e-06,0.0,0.4855769230769231,Q2
TATASTEEL,sign_x_abs_quartile_negative,2,1664,5.24653011595176e-05,5.786703398591442e-05,0.5078125,Q2
TATASTEEL,sign_x_abs_quartile_negative,3,1664,-1.832625061669233e-05,0.0,0.49939903846153844,Q2
TATASTEEL,sign_x_abs_quartile_negative,6,1664,-0.00013371011357108132,-5.760368663587645e-05,0.4795673076923077,Q2
TATASTEEL,sign_x_abs_quartile_negative,1,1653,2.595696633560181e-05,5.7937427578425016e-05,0.5136116152450091,Q3
TATASTEEL,sign_x_abs_quartile_negative,2,1653,3.697096425179092e-05,0.0,0.49183303085299457,Q3
TATASTEEL,sign_x_abs_quartile_negative,3,1653,-6.650302448576534e-05,-9.374707040410435e-05,0.4767090139140956,Q3
TATASTEEL,sign_x_abs_quartile_negative,6,1653,1.0544981918080363e-05,0.0,0.49183303085299457,Q3
TATASTEEL,sign_x_abs_quartile_negative,1,1665,7.254425418139283e-05,0.00010687757174165924,0.5231231231231231,Q4
TATASTEEL,sign_x_abs_quartile_negative,2,1665,0.0001282476552410845,0.00014859576997383606,0.5261261261261261,Q4
TATASTEEL,sign_x_abs_quartile_negative,3,1665,0.00016332707711717008,0.00017374181965590374,0.5159159159159159,Q4
TATASTEEL,sign_x_abs_quartile_negative,6,1664,0.00034699145881295074,0.00019670250475312123,0.5186298076923077,Q4
