symbol,signal_timestamp,entry_timestamp,exit_timestamp,z_score,prior_return,entry_price,exit_price,gross_return
BSE,2026-05-12 11:45:00+05:30,2026-05-12 11:50:00+05:30,2026-05-12 12:15:00+05:30,2.4330690543074347,0.009108686702346658,3925.5,3918.0,-0.0019105846388994818
ITC,2026-05-12 11:50:00+05:30,2026-05-12 11:55:00+05:30,2026-05-12 12:20:00+05:30,2.1895815411284643,0.0008443093549477254,296.65,296.7,0.00016854879487615548
KOTAKBANK,2026-05-12 12:15:00+05:30,2026-05-12 12:20:00+05:30,2026-05-12 12:45:00+05:30,5.324000200736412,0.0007922883929751823,380.3,377.55,-0.007231133315803273
POWERGRID,2026-05-12 12:45:00+05:30,2026-05-12 12:50:00+05:30,2026-05-12 13:15:00+05:30,2.773909355471222,0.0008093234056330001,310.1,310.35,0.0008061915511126116
INFY,2026-05-12 13:00:00+05:30,2026-05-12 13:05:00+05:30,2026-05-12 13:30:00+05:30,2.0075202520699333,0.005262202866993304,1111.6,1115.6,0.003598416696653395
SBIN,2026-05-12 13:25:00+05:30,2026-05-12 13:30:00+05:30,2026-05-12 13:55:00+05:30,2.938304152503905,0.00591715976331364,972.4,972.6,0.00020567667626503194
CANBK,2026-05-12 13:30:00+05:30,2026-05-12 13:35:00+05:30,2026-05-12 14:00:00+05:30,2.5197768534011726,0.00643367752184254,126.92,126.28,-0.005042546485975463
ICICIBANK,2026-05-12 14:45:00+05:30,2026-05-12 14:50:00+05:30,2026-05-12 15:15:00+05:30,2.8808214127105445,0.0016088810232484096,1247.6,1240.7,-0.005530618788073038
AXISBANK,2026-05-13 11:45:00+05:30,2026-05-13 11:50:00+05:30,2026-05-13 12:15:00+05:30,2.2143572350617617,0.0073938622992526515,1267.6,1273.7,0.004812243609971789
HDFCBANK,2026-05-13 11:45:00+05:30,2026-05-13 11:50:00+05:30,2026-05-13 12:15:00+05:30,2.13552446385475,0.0053202101483007525,754.75,755.9,0.0015236833388538873
LT,2026-05-13 11:45:00+05:30,2026-05-13 11:50:00+05:30,2026-05-13 12:15:00+05:30,2.50912737324944,0.005513706608682112,3889.0,3903.7,0.0037798920030855943
SILVERBEES,2026-05-13 11:45:00+05:30,2026-05-13 11:50:00+05:30,2026-05-13 12:15:00+05:30,2.463609126714267,0.005872451842154458,269.23,269.69,0.0017085763102180351
TITAN,2026-05-13 11:45:00+05:30,2026-05-13 11:50:00+05:30,2026-05-13 12:15:00+05:30,2.266970829349982,0.005604602717984353,4070.5,4086.6,0.003955288048151262
ADANIPOWER,2026-05-13 12:00:00+05:30,2026-05-13 12:05:00+05:30,2026-05-13 12:30:00+05:30,3.2890841420972476,0.004226145755071409,215.7,215.64,-0.00027816411682890507
VEDL,2026-05-13 12:00:00+05:30,2026-05-13 12:05:00+05:30,2026-05-13 12:30:00+05:30,2.081819001409662,0.004402515723270328,319.85,321.95,0.006565577614506601
DIXON,2026-05-13 12:05:00+05:30,2026-05-13 12:10:00+05:30,2026-05-13 12:35:00+05:30,3.9302813066013758,0.01794064319114419,10833.0,10906.0,0.006738668882119381
ETERNAL,2026-05-13 12:10:00+05:30,2026-05-13 12:15:00+05:30,2026-05-13 12:40:00+05:30,2.6868956299060134,0.00041536863966773474,241.72,240.14,-0.006536488499089943
SWIGGY,2026-05-13 12:10:00+05:30,2026-05-13 12:15:00+05:30,2026-05-13 12:40:00+05:30,2.9049667641888783,0.003106796116504995,259.6,258.85,-0.0028890600924499354
TATAINVEST,2026-05-13 12:10:00+05:30,2026-05-13 12:15:00+05:30,2026-05-13 12:40:00+05:30,2.0802438951271163,0.0006661238990453011,678.0,674.0,-0.005899705014749235
TRENT,2026-05-13 12:10:00+05:30,2026-05-13 12:15:00+05:30,2026-05-13 12:40:00+05:30,2.0434618386112207,0.00674857876398316,2748.1,2728.7,-0.0070594228739856435
WAAREEENER,2026-05-13 12:10:00+05:30,2026-05-13 12:15:00+05:30,2026-05-13 12:40:00+05:30,2.187695111976397,0.00239984640982982,3136.3,3129.2,-0.002263814048401147
ICICIBANK,2026-05-13 12:15:00+05:30,2026-05-13 12:20:00+05:30,2026-05-13 12:45:00+05:30,2.0990353096975145,0.0004027710649265881,1243.6,1242.8,-0.0006432936635574205
RELIANCE,2026-05-13 12:25:00+05:30,2026-05-13 12:30:00+05:30,2026-05-13 12:55:00+05:30,2.0379015148673485,0.00022055580061741686,1362.3,1369.2,0.005064963664391131
KAYNES,2026-05-13 12:35:00+05:30,2026-05-13 12:40:00+05:30,2026-05-13 13:05:00+05:30,2.7789564630738486,0.009348290598290676,4170.0,4171.0,0.00023980815347712792
BEL,2026-05-13 12:50:00+05:30,2026-05-13 12:55:00+05:30,2026-05-13 13:20:00+05:30,2.256562672871713,0.0021114369501464836,428.1,430.25,0.00502219107685109
BHARTIARTL,2026-05-13 12:55:00+05:30,2026-05-13 13:00:00+05:30,2026-05-13 13:25:00+05:30,2.5080490462972658,0.0033174023053135215,1787.3,1782.9,-0.002461813909248489
HDFCBANK,2026-05-13 12:55:00+05:30,2026-05-13 13:00:00+05:30,2026-05-13 13:25:00+05:30,3.0669106015186265,0.0016532204734822642,759.8,754.75,-0.006646485917346623
INDIGO,2026-05-13 12:55:00+05:30,2026-05-13 13:00:00+05:30,2026-05-13 13:25:00+05:30,2.023289522243278,0.0006562448730869086,4278.0,4270.0,-0.0018700327255727345
ITC,2026-05-13 12:55:00+05:30,2026-05-13 13:00:00+05:30,2026-05-13 13:25:00+05:30,2.1731361327857632,0.0028711366323255216,297.1,297.1,0.0
LT,2026-05-13 12:55:00+05:30,2026-05-13 13:00:00+05:30,2026-05-13 13:25:00+05:30,2.5928356723183756,0.0031788351107464585,3923.7,3924.3,0.00015291688967056238
MARUTI,2026-05-13 12:55:00+05:30,2026-05-13 13:00:00+05:30,2026-05-13 13:25:00+05:30,2.7468420668019156,0.00236822001527881,13155.0,13115.0,-0.003040668947168368
MAXHEALTH,2026-05-13 12:55:00+05:30,2026-05-13 13:00:00+05:30,2026-05-13 13:25:00+05:30,2.100997150829147,0.0024364097066562618,1030.25,1029.6,-0.0006309148264984632
BAJAJ-AUTO,2026-05-13 13:10:00+05:30,2026-05-13 13:15:00+05:30,2026-05-13 13:40:00+05:30,2.8963875015907274,0.0015543789770242622,10340.5,10295.0,-0.004400174072820451
M&M,2026-05-13 13:10:00+05:30,2026-05-13 13:15:00+05:30,2026-05-13 13:40:00+05:30,2.023000660061547,0.0016251354279523955,3157.0,3141.7,-0.004846373139056115
TATASTEEL,2026-05-13 13:10:00+05:30,2026-05-13 13:15:00+05:30,2026-05-13 13:40:00+05:30,2.2648161609006356,0.004986610028626659,218.2,217.33,-0.003987167736021924
IDEA,2026-05-13 13:40:00+05:30,2026-05-13 13:45:00+05:30,2026-05-13 14:10:00+05:30,2.109764704418937,0.009448818897637823,12.82,12.83,0.0007800312012480326
SUNPHARMA,2026-05-13 14:05:00+05:30,2026-05-13 14:10:00+05:30,2026-05-13 14:35:00+05:30,2.8140330805235947,5.454942177607336e-05,1839.2,1830.1,-0.0049478033927795595
BHARTIARTL,2026-05-13 14:20:00+05:30,2026-05-13 14:25:00+05:30,2026-05-13 14:50:00+05:30,2.6427276266342514,0.000559847721419704,1791.0,1795.0,0.002233389168062594
TATASTEEL,2026-05-13 14:20:00+05:30,2026-05-13 14:25:00+05:30,2026-05-13 14:50:00+05:30,3.1301947643354344,0.0006439446207626709,218.58,220.39,0.008280721017476234
DIXON,2026-05-13 14:30:00+05:30,2026-05-13 14:35:00+05:30,2026-05-13 15:00:00+05:30,2.7095229702874417,0.008522727272727293,11087.0,11123.0,0.0032470460900153597
KAYNES,2026-05-13 14:30:00+05:30,2026-05-13 14:35:00+05:30,2026-05-13 15:00:00+05:30,2.5612459455147167,0.007209458809958713,4212.7,4189.2,-0.005578370166401614
GMDCLTD,2026-05-13 14:35:00+05:30,2026-05-13 14:40:00+05:30,2026-05-13 15:05:00+05:30,2.000103732901724,0.004666215097463677,668.0,664.5,-0.0052395209580838875
HINDCOPPER,2026-05-13 14:35:00+05:30,2026-05-13 14:40:00+05:30,2026-05-13 15:05:00+05:30,2.064327172875645,0.003699655259396417,598.2,594.75,-0.005767301905717281
VEDL,2026-05-13 14:40:00+05:30,2026-05-13 14:45:00+05:30,2026-05-13 15:10:00+05:30,3.3730594611174713,0.0009322560596645157,323.2,323.5,0.0009282178217822068
HINDALCO,2026-05-13 14:50:00+05:30,2026-05-13 14:55:00+05:30,2026-05-13 15:20:00+05:30,2.942432541114837,0.0015802193716305535,1081.0,1071.9,-0.008418131359851921
ADANIPOWER,2026-05-14 11:45:00+05:30,2026-05-14 11:50:00+05:30,2026-05-14 12:15:00+05:30,4.299812030269696,0.017559062300465333,224.75,224.34,-0.0018242491657396442
BAJFINANCE,2026-05-14 11:45:00+05:30,2026-05-14 11:50:00+05:30,2026-05-14 12:15:00+05:30,3.1397712362995547,0.009653701521019187,906.5,905.9,-0.0006618863761721494
DIXON,2026-05-14 11:45:00+05:30,2026-05-14 11:50:00+05:30,2026-05-14 12:15:00+05:30,3.3176644398850588,0.017865365134911215,11099.0,11111.0,0.0010811784845481398
HDFCBANK,2026-05-14 11:45:00+05:30,2026-05-14 11:50:00+05:30,2026-05-14 12:15:00+05:30,2.7797766760725984,0.02566489361702118,769.75,769.9,0.00019486846378691247
ICICIBANK,2026-05-14 11:45:00+05:30,2026-05-14 11:50:00+05:30,2026-05-14 12:15:00+05:30,2.5831758417560042,0.01226597805035512,1252.9,1254.9,0.0015962965919067429
ITC,2026-05-14 11:45:00+05:30,2026-05-14 11:50:00+05:30,2026-05-14 12:15:00+05:30,2.1837833241441746,0.007382550335570448,300.2,299.45,-0.0024983344437041755
KOTAKBANK,2026-05-14 11:45:00+05:30,2026-05-14 11:50:00+05:30,2026-05-14 12:15:00+05:30,3.5207659438499124,0.013909127036693558,383.1,383.05,-0.00013051422605070417
M&M,2026-05-14 11:45:00+05:30,2026-05-14 11:50:00+05:30,2026-05-14 12:15:00+05:30,2.3704423620929176,0.008265521881207105,3150.0,3151.4,0.0004444444444444695
RELIANCE,2026-05-14 11:45:00+05:30,2026-05-14 11:50:00+05:30,2026-05-14 12:15:00+05:30,4.12644613958843,0.007120311238346888,1376.4,1371.5,-0.0035600116245277924
SAMMAANCAP,2026-05-14 11:45:00+05:30,2026-05-14 11:50:00+05:30,2026-05-14 12:15:00+05:30,3.0997385199406065,0.024963715529753294,142.4,143.48,0.007584269662921139
BAJAJ-AUTO,2026-05-14 11:50:00+05:30,2026-05-14 11:55:00+05:30,2026-05-14 12:20:00+05:30,2.6336802165959856,0.0058541777541245565,10433.5,10417.0,-0.001581444385872377
INDIGO,2026-05-14 12:00:00+05:30,2026-05-14 12:05:00+05:30,2026-05-14 12:30:00+05:30,2.4268398597435503,0.008408337280909617,4266.1,4297.8,0.007430674386441849
SWIGGY,2026-05-14 12:00:00+05:30,2026-05-14 12:05:00+05:30,2026-05-14 12:30:00+05:30,2.0492828862484194,0.006130116669962549,254.75,254.1,-0.002551521099116827
TATAINVEST,2026-05-14 12:00:00+05:30,2026-05-14 12:05:00+05:30,2026-05-14 12:30:00+05:30,2.036877710260298,0.008279391841035766,670.15,671.15,0.0014922032380810801
PAYTM,2026-05-14 12:05:00+05:30,2026-05-14 12:10:00+05:30,2026-05-14 12:35:00+05:30,2.2294534695027077,0.006412540078375439,1133.3,1130.8,-0.0022059472337421226
ANANTRAJ,2026-05-14 12:10:00+05:30,2026-05-14 12:15:00+05:30,2026-05-14 12:40:00+05:30,2.028336015957319,0.010072235222301273,497.1,499.7,0.005230335948501308
HEROMOTOCO,2026-05-14 12:10:00+05:30,2026-05-14 12:15:00+05:30,2026-05-14 12:40:00+05:30,2.047540138228521,0.009806926141587402,4961.5,5010.5,0.00987604555074073
CANBK,2026-05-14 12:15:00+05:30,2026-05-14 12:20:00+05:30,2026-05-14 12:45:00+05:30,2.438379872852371,0.0035870864886409226,126.52,128.41,0.014938349668036643
MARUTI,2026-05-14 12:15:00+05:30,2026-05-14 12:20:00+05:30,2026-05-14 12:45:00+05:30,2.2632520454528615,0.002537095410163781,13072.0,13121.0,0.0037484700122398795
SBIN,2026-05-14 12:15:00+05:30,2026-05-14 12:20:00+05:30,2026-05-14 12:45:00+05:30,2.300786397564482,0.0013306038894573824,982.0,984.9,0.0029531568228104987
TMPV,2026-05-14 12:15:00+05:30,2026-05-14 12:20:00+05:30,2026-05-14 12:45:00+05:30,2.6697896522477276,0.0005955926146514745,337.45,338.0,0.001629871092013735
SUNPHARMA,2026-05-14 12:20:00+05:30,2026-05-14 12:25:00+05:30,2026-05-14 12:50:00+05:30,2.1781314241532796,0.0034594594594594685,1859.4,1865.6,0.00333440894912318
WAAREEENER,2026-05-14 12:20:00+05:30,2026-05-14 12:25:00+05:30,2026-05-14 12:50:00+05:30,2.7696372404367215,0.003103256786332498,3072.9,3061.0,-0.0038725633766149015
TRENT,2026-05-14 12:25:00+05:30,2026-05-14 12:30:00+05:30,2026-05-14 12:55:00+05:30,2.251850203725538,0.0005066406108635846,2768.0,2764.7,-0.0011921965317919225
BEL,2026-05-14 12:30:00+05:30,2026-05-14 12:35:00+05:30,2026-05-14 13:00:00+05:30,2.0217093209559804,0.0033985702566508014,429.2,431.95,0.006407269338303712
MAXHEALTH,2026-05-14 12:35:00+05:30,2026-05-14 12:40:00+05:30,2026-05-14 13:05:00+05:30,2.4904352913926924,0.005432169983655477,1048.2,1049.35,0.0010971188704445023
HAL,2026-05-14 12:40:00+05:30,2026-05-14 12:45:00+05:30,2026-05-14 13:10:00+05:30,8.549540788821549,0.001175267155635984,4789.0,4695.9,-0.019440384213823436
BHARTIARTL,2026-05-14 12:55:00+05:30,2026-05-14 13:00:00+05:30,2026-05-14 13:25:00+05:30,2.2874189165094303,0.004383354077601487,1862.8,1872.3,0.005099849688640745
HCLTECH,2026-05-14 13:15:00+05:30,2026-05-14 13:20:00+05:30,2026-05-14 13:45:00+05:30,3.033458511141388,0.010490142882980669,1123.7,1126.7,0.0026697517130906956
TCS,2026-05-14 13:15:00+05:30,2026-05-14 13:20:00+05:30,2026-05-14 13:45:00+05:30,2.4613139223717515,0.01001759848382311,2244.0,2248.8,0.002139037433155133
VEDL,2026-05-14 13:15:00+05:30,2026-05-14 13:20:00+05:30,2026-05-14 13:45:00+05:30,2.277464331219514,0.0020951810835079243,335.7,338.1,0.0071492403932083
IDEA,2026-05-14 13:35:00+05:30,2026-05-14 13:40:00+05:30,2026-05-14 14:05:00+05:30,3.1437058736254966,0.00781860828772496,12.89,12.93,0.003103180760279267
SWIGGY,2026-05-14 13:35:00+05:30,2026-05-14 13:40:00+05:30,2026-05-14 14:05:00+05:30,2.8194705046119064,0.003938558487593502,256.0,256.8,0.0031250000000000444
BAJAJ-AUTO,2026-05-14 13:45:00+05:30,2026-05-14 13:50:00+05:30,2026-05-14 14:15:00+05:30,2.0591281155165913,0.0010051213325037445,10487.0,10450.0,-0.003528177743873373
TITAN,2026-05-14 13:45:00+05:30,2026-05-14 13:50:00+05:30,2026-05-14 14:15:00+05:30,2.4766153409786877,0.002088696750376595,4128.7,4127.5,-0.00029064838811243554
HDFCBANK,2026-05-14 13:55:00+05:30,2026-05-14 14:00:00+05:30,2026-05-14 14:25:00+05:30,2.049183931773864,0.004264116810957619,777.7,776.05,-0.0021216407355022504
BSE,2026-05-14 14:00:00+05:30,2026-05-14 14:05:00+05:30,2026-05-14 14:30:00+05:30,4.15962157907452,0.002313202666401226,4047.0,4046.0,-0.00024709661477639866
GMDCLTD,2026-05-14 14:00:00+05:30,2026-05-14 14:05:00+05:30,2026-05-14 14:30:00+05:30,2.378564838936288,0.002331002331002363,667.75,665.3,-0.0036690378135531
PAYTM,2026-05-14 14:00:00+05:30,2026-05-14 14:05:00+05:30,2026-05-14 14:30:00+05:30,2.040544357856486,0.00515555555555558,1134.4,1138.5,0.0036142454160787985
ETERNAL,2026-05-14 14:05:00+05:30,2026-05-14 14:10:00+05:30,2026-05-14 14:35:00+05:30,3.73574507086372,0.002502358780817948,245.29,245.7,0.00167149088833618
MCX,2026-05-14 14:05:00+05:30,2026-05-14 14:10:00+05:30,2026-05-14 14:35:00+05:30,2.142337712175644,0.0018918918918919836,3341.2,3332.9,-0.00248413743565179
TATAINVEST,2026-05-14 14:05:00+05:30,2026-05-14 14:10:00+05:30,2026-05-14 14:35:00+05:30,3.351219762575473,0.0011189854531890031,675.0,673.35,-0.0024444444444443603
HINDALCO,2026-05-14 14:25:00+05:30,2026-05-14 14:30:00+05:30,2026-05-14 14:55:00+05:30,2.115891503935013,0.0009073586788856947,1104.1,1101.3,-0.0025360021737160787
M&M,2026-05-14 14:25:00+05:30,2026-05-14 14:30:00+05:30,2026-05-14 14:55:00+05:30,3.9401709897274397,0.0015205752843159281,3172.3,3165.7,-0.002080509409576714
TMPV,2026-05-14 14:25:00+05:30,2026-05-14 14:30:00+05:30,2026-05-14 14:55:00+05:30,2.531502510124263,0.0017759360663014423,339.25,338.8,-0.001326455416359562
WAAREEENER,2026-05-14 14:25:00+05:30,2026-05-14 14:30:00+05:30,2026-05-14 14:55:00+05:30,2.0840044218579643,0.000294011956486262,3073.5,3067.6,-0.0019196355945990673
BAJFINANCE,2026-05-14 14:30:00+05:30,2026-05-14 14:35:00+05:30,2026-05-14 15:00:00+05:30,2.368823088542481,0.004736204427800539,913.2,912.05,-0.0012593079281647546
TATAINVEST,2026-05-15 11:45:00+05:30,2026-05-15 11:50:00+05:30,2026-05-15 12:15:00+05:30,2.1757081568708014,0.004332237824917762,673.85,672.5,-0.002003413222527284
TMPV,2026-05-15 11:50:00+05:30,2026-05-15 11:55:00+05:30,2026-05-15 12:20:00+05:30,2.2850910690086317,0.0001403902849923533,358.3,359.6,0.0036282444878594777
INDIGO,2026-05-15 12:05:00+05:30,2026-05-15 12:10:00+05:30,2026-05-15 12:35:00+05:30,2.3706544615122325,0.0037748159194705977,4320.0,4329.4,0.002175925925925748
SAMMAANCAP,2026-05-15 12:10:00+05:30,2026-05-15 12:15:00+05:30,2026-05-15 12:40:00+05:30,2.6615095557981383,0.012619638426090152,143.29,144.57,0.008932933212366434
GRSE,2026-05-15 12:35:00+05:30,2026-05-15 12:40:00+05:30,2026-05-15 13:05:00+05:30,2.020661305662857,0.0034853540971448993,2709.1,2698.0,-0.004097301686907029
AXISBANK,2026-05-15 12:45:00+05:30,2026-05-15 12:50:00+05:30,2026-05-15 13:15:00+05:30,2.1759742761121936,0.002233567326100916,1257.7,1263.0,0.0042140415043332435
ITC,2026-05-15 12:45:00+05:30,2026-05-15 12:50:00+05:30,2026-05-15 13:15:00+05:30,4.561000312396481,0.0019993335554813196,301.7,303.0,0.004308916141862795
SBIN,2026-05-15 12:50:00+05:30,2026-05-15 12:55:00+05:30,2026-05-15 13:20:00+05:30,2.826511813173006,0.0022715539494062575,971.8,971.0,-0.0008232146532207718
TMPV,2026-05-15 12:55:00+05:30,2026-05-15 13:00:00+05:30,2026-05-15 13:25:00+05:30,2.0853267528792805,0.009454949944382562,363.3,361.55,-0.004816955684007751
MAXHEALTH,2026-05-15 13:00:00+05:30,2026-05-15 13:05:00+05:30,2026-05-15 13:30:00+05:30,2.4652176992713453,0.0073149741824440895,1054.9,1053.2,-0.0016115271589725033
INFY,2026-05-15 13:10:00+05:30,2026-05-15 13:15:00+05:30,2026-05-15 13:40:00+05:30,2.631763567071036,0.00209414549758713,1102.9,1095.3,-0.006890923927826753
POWERGRID,2026-05-15 13:10:00+05:30,2026-05-15 13:15:00+05:30,2026-05-15 13:40:00+05:30,2.008431782034997,0.00016345210853230263,306.6,306.25,-0.0011415525114155667
TRENT,2026-05-15 13:10:00+05:30,2026-05-15 13:15:00+05:30,2026-05-15 13:40:00+05:30,2.0466178140664666,0.006692302003993067,2727.1,2722.3,-0.0017601114737265666
VEDL,2026-05-15 13:10:00+05:30,2026-05-15 13:15:00+05:30,2026-05-15 13:40:00+05:30,2.2914708279616467,0.004722730042656886,330.35,329.3,-0.003178447101559012
TATAINVEST,2026-05-15 13:30:00+05:30,2026-05-15 13:35:00+05:30,2026-05-15 14:00:00+05:30,3.145869853094387,0.011904761904761862,677.55,674.1,-0.005091875138366064
TITAN,2026-05-15 14:05:00+05:30,2026-05-15 14:10:00+05:30,2026-05-15 14:35:00+05:30,4.121191490944463,0.00023990595686496086,4185.0,4181.0,-0.0009557945041815952
ADANIPOWER,2026-05-15 14:10:00+05:30,2026-05-15 14:15:00+05:30,2026-05-15 14:40:00+05:30,3.9715546916418334,0.0010839618806739448,223.15,222.35,-0.003585032489356932
INFY,2026-05-18 11:50:00+05:30,2026-05-18 11:55:00+05:30,2026-05-18 12:20:00+05:30,2.111762531466695,0.005078904407763485,1109.6,1112.4,0.0025234318673397205
HCLTECH,2026-05-18 12:10:00+05:30,2026-05-18 12:15:00+05:30,2026-05-18 12:40:00+05:30,2.2438845417489723,0.002372583479789192,1144.4,1143.4,-0.000873820342537579
LT,2026-05-18 12:10:00+05:30,2026-05-18 12:15:00+05:30,2026-05-18 12:40:00+05:30,2.0113127564383806,7.696451935657045e-05,3902.4,3913.1,0.002741902419024056
SUNPHARMA,2026-05-18 12:10:00+05:30,2026-05-18 12:15:00+05:30,2026-05-18 12:40:00+05:30,2.174499040129983,0.0009007576961796993,1894.7,1894.4,-0.0001583364120968378
TCS,2026-05-18 12:10:00+05:30,2026-05-18 12:15:00+05:30,2026-05-18 12:40:00+05:30,2.331505287238176,0.0003968079008862535,2278.2,2279.2,0.0004389430251954263
BAJFINANCE,2026-05-18 12:15:00+05:30,2026-05-18 12:20:00+05:30,2026-05-18 12:45:00+05:30,2.147546005236118,0.0018254231662795384,906.75,914.25,0.008271298593879317
KOTAKBANK,2026-05-18 12:15:00+05:30,2026-05-18 12:20:00+05:30,2026-05-18 12:45:00+05:30,2.3766240354200687,0.00272585669781944,386.4,387.65,0.0032349896480330376
DIXON,2026-05-18 12:20:00+05:30,2026-05-18 12:25:00+05:30,2026-05-18 12:50:00+05:30,3.9996791378214076,0.005050032731693577,10825.0,10815.0,-0.0009237875288683473
ETERNAL,2026-05-18 12:25:00+05:30,2026-05-18 12:30:00+05:30,2026-05-18 12:55:00+05:30,2.288769806357414,0.0031115468223861242,235.75,236.18,0.0018239660657477508
M&M,2026-05-18 12:25:00+05:30,2026-05-18 12:30:00+05:30,2026-05-18 12:55:00+05:30,2.1932846479209402,0.003474928552871015,3096.8,3108.0,0.0036166365280287938
MARUTI,2026-05-18 12:25:00+05:30,2026-05-18 12:30:00+05:30,2026-05-18 12:55:00+05:30,2.105065457482786,0.001469678217821846,12970.0,13064.0,0.007247494217424766
SILVERBEES,2026-05-18 12:25:00+05:30,2026-05-18 12:30:00+05:30,2026-05-18 12:55:00+05:30,3.7042401448565943,0.0028599801390267743,253.41,253.31,-0.0003946174184128459
BEL,2026-05-18 12:30:00+05:30,2026-05-18 12:35:00+05:30,2026-05-18 13:00:00+05:30,2.8546131562946306,0.006342747726184816,422.0,424.8,0.006635071090047351
HDFCBANK,2026-05-18 12:30:00+05:30,2026-05-18 12:35:00+05:30,2026-05-18 13:00:00+05:30,2.2047139112162584,0.0065402223675605775,771.9,773.3,0.0018137064386578583
HINDALCO,2026-05-18 12:30:00+05:30,2026-05-18 12:35:00+05:30,2026-05-18 13:00:00+05:30,2.3296173853163507,0.0016253943971697993,1052.0,1053.0,0.000950570342205248
HINDZINC,2026-05-18 12:30:00+05:30,2026-05-18 12:35:00+05:30,2026-05-18 13:00:00+05:30,2.113235112647576,0.0036888532477945546,627.2,628.65,0.0023118622448978776
HEROMOTOCO,2026-05-18 12:35:00+05:30,2026-05-18 12:40:00+05:30,2026-05-18 13:05:00+05:30,2.39763225173623,0.0036374658987572417,4972.0,4964.5,-0.001508447304907512
ICICIBANK,2026-05-18 12:35:00+05:30,2026-05-18 12:40:00+05:30,2026-05-18 13:05:00+05:30,2.5632673336286587,0.0025064683053042103,1242.3,1244.1,0.0014489253803429136
IDEA,2026-05-18 12:35:00+05:30,2026-05-18 12:40:00+05:30,2026-05-18 13:05:00+05:30,2.0885914391663944,0.0119236883942766,12.81,12.75,-0.004683840749414525
POWERGRID,2026-05-18 12:35:00+05:30,2026-05-18 12:40:00+05:30,2026-05-18 13:05:00+05:30,2.3981721316908975,0.008922443376801814,294.9,293.6,-0.004408273991183265
SAMMAANCAP,2026-05-18 12:35:00+05:30,2026-05-18 12:40:00+05:30,2026-05-18 13:05:00+05:30,2.2385738505619313,0.005189189189189092,139.87,139.28,-0.004218202616715572
GOLDBEES,2026-05-18 12:55:00+05:30,2026-05-18 13:00:00+05:30,2026-05-18 13:25:00+05:30,3.1744036320066344,0.00023171391055853974,129.7,129.84,0.0010794140323824308
INDIGO,2026-05-18 12:55:00+05:30,2026-05-18 13:00:00+05:30,2026-05-18 13:25:00+05:30,2.086392061909249,0.0018824415266600614,4269.9,4259.0,-0.002552752991873297
SBIN,2026-05-18 12:55:00+05:30,2026-05-18 13:00:00+05:30,2026-05-18 13:25:00+05:30,3.596744454355907,0.0019204096874001486,942.0,941.1,-0.0009554140127387978
TATASTEEL,2026-05-18 12:55:00+05:30,2026-05-18 13:00:00+05:30,2026-05-18 13:25:00+05:30,3.3560686021812995,0.003604036520903353,210.24,209.61,-0.0029965753424657793
TITAN,2026-05-18 12:55:00+05:30,2026-05-18 13:00:00+05:30,2026-05-18 13:25:00+05:30,2.1357181133308774,0.0005092637501211694,4137.2,4139.5,0.000555931547906896
PAYTM,2026-05-18 13:00:00+05:30,2026-05-18 13:05:00+05:30,2026-05-18 13:30:00+05:30,2.511388289313,0.005339224891834693,1094.8,1093.8,-0.0009134088417975805
HAL,2026-05-18 13:15:00+05:30,2026-05-18 13:20:00+05:30,2026-05-18 13:45:00+05:30,2.546310180434632,0.005493987267153999,4280.7,4263.0,-0.004134837760179422
BSE,2026-05-18 13:25:00+05:30,2026-05-18 13:30:00+05:30,2026-05-18 13:55:00+05:30,2.1653090365576815,0.004684418145956659,4081.4,4094.0,0.003087175969030298
MCX,2026-05-18 13:25:00+05:30,2026-05-18 13:30:00+05:30,2026-05-18 13:55:00+05:30,2.1458974595567737,0.005226323851860615,3347.2,3354.6,0.0022108030592733474
ETERNAL,2026-05-18 13:30:00+05:30,2026-05-18 13:35:00+05:30,2026-05-18 14:00:00+05:30,2.752690182796357,0.005970022863917235,237.94,240.19,0.009456165419853724
MAXHEALTH,2026-05-18 13:45:00+05:30,2026-05-18 13:50:00+05:30,2026-05-18 14:15:00+05:30,2.31586964358641,0.004327563249001187,1058.3,1056.05,-0.0021260512142114996
SAMMAANCAP,2026-05-18 13:50:00+05:30,2026-05-18 13:55:00+05:30,2026-05-18 14:20:00+05:30,2.086684483808916,0.0007169486664755365,139.99,139.64,-0.00250017858418472
WAAREEENER,2026-05-18 13:50:00+05:30,2026-05-18 13:55:00+05:30,2026-05-18 14:20:00+05:30,2.244231809795021,0.0010680194913557095,3004.0,2998.9,-0.0016977363515312538
GMDCLTD,2026-05-18 13:55:00+05:30,2026-05-18 14:00:00+05:30,2026-05-18 14:25:00+05:30,2.085247724764645,0.0019047619047620756,632.05,631.0,-0.0016612609761885722
SWIGGY,2026-05-18 13:55:00+05:30,2026-05-18 14:00:00+05:30,2026-05-18 14:25:00+05:30,2.2797273639014453,0.009667673716012182,251.2,251.0,-0.0007961783439489611
TITAN,2026-05-18 14:00:00+05:30,2026-05-18 14:05:00+05:30,2026-05-18 14:30:00+05:30,2.187299016663043,0.0043483512501509836,4158.6,4155.4,-0.0007694897321215421
NETWEB,2026-05-18 14:10:00+05:30,2026-05-18 14:15:00+05:30,2026-05-18 14:40:00+05:30,2.686868568403117,0.0014527972951556833,3812.1,3795.1,-0.004459484273759862
HAL,2026-05-18 14:25:00+05:30,2026-05-18 14:30:00+05:30,2026-05-18 14:55:00+05:30,2.088553365067277,0.002765279340082527,4290.2,4308.6,0.004288844342921205
HINDZINC,2026-05-18 14:25:00+05:30,2026-05-18 14:30:00+05:30,2026-05-18 14:55:00+05:30,2.0476719897990527,0.004587155963302614,636.0,634.45,-0.0024371069182389515
INFY,2026-05-18 14:30:00+05:30,2026-05-18 14:35:00+05:30,2026-05-18 15:00:00+05:30,2.3326751393337264,0.0020650026934816434,1117.3,1120.4,0.0027745457800054663
ITC,2026-05-18 14:35:00+05:30,2026-05-18 14:40:00+05:30,2026-05-18 15:05:00+05:30,2.103389855609087,0.0024975024975024684,301.45,301.8,0.0011610549013103544
HCLTECH,2026-05-18 14:40:00+05:30,2026-05-18 14:45:00+05:30,2026-05-18 15:10:00+05:30,2.4587016956653143,0.0017494751574527179,1146.6,1145.2,-0.0012210012210011056
SUNPHARMA,2026-05-18 14:40:00+05:30,2026-05-18 14:45:00+05:30,2026-05-18 15:10:00+05:30,2.442540047281122,0.0025887573964498145,1901.6,1903.9,0.0012095077829197276
TRENT,2026-05-18 14:40:00+05:30,2026-05-18 14:45:00+05:30,2026-05-18 15:10:00+05:30,2.0971537497919392,0.0002988308243996318,2682.0,2690.1,0.0030201342281879207
BAJAJ-AUTO,2026-05-19 11:45:00+05:30,2026-05-19 11:50:00+05:30,2026-05-19 12:15:00+05:30,4.114699842051922,0.00643513287812536,10262.5,10248.5,-0.0013641900121802442
LT,2026-05-19 11:45:00+05:30,2026-05-19 11:50:00+05:30,2026-05-19 12:15:00+05:30,2.1660102390885454,0.003053590513512061,3946.0,3942.3,-0.0009376583882412248
M&M,2026-05-19 11:45:00+05:30,2026-05-19 11:50:00+05:30,2026-05-19 12:15:00+05:30,4.789317823472234,0.01486482100548514,3137.5,3144.8,0.0023266932270917806
HEROMOTOCO,2026-05-19 11:50:00+05:30,2026-05-19 11:55:00+05:30,2026-05-19 12:20:00+05:30,2.3527060654792047,0.009961762930166929,5029.0,5025.5,-0.0006959634122092329
CANBK,2026-05-19 12:05:00+05:30,2026-05-19 12:10:00+05:30,2026-05-19 12:35:00+05:30,2.4068867453198703,0.00245841186593454,122.49,122.45,-0.00032655726998120915
MARUTI,2026-05-19 12:10:00+05:30,2026-05-19 12:15:00+05:30,2026-05-19 12:40:00+05:30,2.0867571215861727,0.0014582853634199644,13067.0,13036.0,-0.0023723884594780698
NETWEB,2026-05-19 12:20:00+05:30,2026-05-19 12:25:00+05:30,2026-05-19 12:50:00+05:30,3.517582651847309,0.0009290473283252165,3788.5,3773.0,-0.004091329022040346
GRSE,2026-05-19 12:25:00+05:30,2026-05-19 12:30:00+05:30,2026-05-19 12:55:00+05:30,3.1532291661129057,0.0062405446293494204,2680.0,2665.1,-0.005559701492537372
PAYTM,2026-05-19 12:30:00+05:30,2026-05-19 12:35:00+05:30,2026-05-19 13:00:00+05:30,2.0184014732758513,0.0013416815742397503,1122.0,1121.0,-0.0008912655971479166
SWIGGY,2026-05-19 12:30:00+05:30,2026-05-19 12:35:00+05:30,2026-05-19 13:00:00+05:30,5.635152773741936,0.006024096385542244,262.0,260.45,-0.005916030534351191
BAJFINANCE,2026-05-19 12:35:00+05:30,2026-05-19 12:40:00+05:30,2026-05-19 13:05:00+05:30,2.0316527260597352,0.0016728724839458753,928.6,925.4,-0.0034460478139134443
IDEA,2026-05-19 12:40:00+05:30,2026-05-19 12:45:00+05:30,2026-05-19 13:10:00+05:30,2.1025546196285902,0.01043997017151388,13.63,13.65,0.0014673514306675628
ICICIBANK,2026-05-19 12:45:00+05:30,2026-05-19 12:50:00+05:30,2026-05-19 13:15:00+05:30,2.1064372644918268,0.0027375201288244444,1246.5,1246.0,-0.00040112314480544864
HCLTECH,2026-05-19 13:15:00+05:30,2026-05-19 13:20:00+05:30,2026-05-19 13:45:00+05:30,2.200855961866395,0.002548636479483557,1181.5,1181.2,-0.0002539145154464295
LT,2026-05-19 13:30:00+05:30,2026-05-19 13:35:00+05:30,2026-05-19 14:00:00+05:30,2.071290287829392,0.0014437324282567943,3956.1,3951.3,-0.0012133161446878926
SBIN,2026-05-19 13:30:00+05:30,2026-05-19 13:35:00+05:30,2026-05-19 14:00:00+05:30,2.1339657215227152,0.00021097046413509624,949.4,947.7,-0.0017906045923740121
DIXON,2026-05-19 13:45:00+05:30,2026-05-19 13:50:00+05:30,2026-05-19 14:15:00+05:30,2.084317689241033,0.005262202866993304,11107.0,11065.0,-0.0037813991176735007
ETERNAL,2026-05-19 14:00:00+05:30,2026-05-19 14:05:00+05:30,2026-05-19 14:30:00+05:30,2.4730889302126733,0.002538889336664907,249.22,248.53,-0.002768638151031233
KAYNES,2026-05-19 14:00:00+05:30,2026-05-19 14:05:00+05:30,2026-05-19 14:30:00+05:30,3.1998013646614383,0.004024080095290206,3129.7,3097.1,-0.010416333833913716
GMDCLTD,2026-05-19 14:05:00+05:30,2026-05-19 14:10:00+05:30,2026-05-19 14:35:00+05:30,2.0070754158055686,0.00023386342376041647,642.5,643.05,0.0008560311284044886
BAJAJ-AUTO,2026-05-19 14:10:00+05:30,2026-05-19 14:15:00+05:30,2026-05-19 14:40:00+05:30,2.2939938804801274,0.0011214588717147755,10274.5,10245.0,-0.0028711859457881683
VEDL,2026-05-19 14:10:00+05:30,2026-05-19 14:15:00+05:30,2026-05-19 14:40:00+05:30,2.9084784269875636,0.0013450904199669989,335.4,335.2,-0.0005963029218842841
INFY,2026-05-19 14:15:00+05:30,2026-05-19 14:20:00+05:30,2026-05-19 14:45:00+05:30,2.0331245178137944,0.003789509947463632,1165.9,1168.4,0.0021442662320954042
POWERGRID,2026-05-19 14:15:00+05:30,2026-05-19 14:20:00+05:30,2026-05-19 14:45:00+05:30,2.0048213168316016,0.0025113008538422132,299.25,299.25,0.0
AXISBANK,2026-05-20 11:45:00+05:30,2026-05-20 11:50:00+05:30,2026-05-20 12:15:00+05:30,2.0933772398492354,0.003054171355087565,1249.2,1242.6,-0.005283381364073136
BAJFINANCE,2026-05-20 11:45:00+05:30,2026-05-20 11:50:00+05:30,2026-05-20 12:15:00+05:30,2.240020770900631,0.0007618632999564223,921.55,916.0,-0.006022462156149877
IDEA,2026-05-20 11:45:00+05:30,2026-05-20 11:50:00+05:30,2026-05-20 12:15:00+05:30,2.491922381320585,0.004444444444444473,13.62,13.58,-0.002936857562408135
KOTAKBANK,2026-05-20 11:45:00+05:30,2026-05-20 11:50:00+05:30,2026-05-20 12:15:00+05:30,2.7591785211182245,0.00473684210526315,382.65,382.15,-0.001306677120083588
RELIANCE,2026-05-20 11:45:00+05:30,2026-05-20 11:50:00+05:30,2026-05-20 12:15:00+05:30,2.7543407181454564,0.009296049179098764,1348.0,1348.7,0.0005192878338278195
SAMMAANCAP,2026-05-20 11:45:00+05:30,2026-05-20 11:50:00+05:30,2026-05-20 12:15:00+05:30,2.2546268590093623,0.014699493120926777,140.32,139.01,-0.009335803876852955
SILVERBEES,2026-05-20 11:45:00+05:30,2026-05-20 11:50:00+05:30,2026-05-20 12:15:00+05:30,3.882997714172132,0.0023708108976934206,250.73,251.55,0.003270450285167481
TATAINVEST,2026-05-20 11:45:00+05:30,2026-05-20 11:50:00+05:30,2026-05-20 12:15:00+05:30,2.7806483095601418,0.006084575600851849,662.6,660.4,-0.003320253546634566
INDIGO,2026-05-20 11:50:00+05:30,2026-05-20 11:55:00+05:30,2026-05-20 12:20:00+05:30,2.443276218017904,0.006832253932104626,4247.7,4244.3,-0.0008004331756008565
GMDCLTD,2026-05-20 11:55:00+05:30,2026-05-20 12:00:00+05:30,2026-05-20 12:25:00+05:30,3.099307317685714,0.002897415818324145,643.4,639.5,-0.006061548026111252
ADANIPOWER,2026-05-20 12:00:00+05:30,2026-05-20 12:05:00+05:30,2026-05-20 12:30:00+05:30,2.92702634363682,0.006336961013913678,219.93,220.05,0.000545628154412725
GOLDBEES,2026-05-20 12:15:00+05:30,2026-05-20 12:20:00+05:30,2026-05-20 12:45:00+05:30,3.30551333981845,0.0005397070161914375,130.0,130.09,0.0006923076923077698
NETWEB,2026-05-20 12:20:00+05:30,2026-05-20 12:25:00+05:30,2026-05-20 12:50:00+05:30,2.553113217775332,0.004305562892915615,3828.0,3814.2,-0.0036050156739811934
TRENT,2026-05-20 12:20:00+05:30,2026-05-20 12:25:00+05:30,2026-05-20 12:50:00+05:30,2.032022277505591,0.0017343173431734193,2717.3,2726.1,0.0032385088138959794
MAXHEALTH,2026-05-20 12:25:00+05:30,2026-05-20 12:30:00+05:30,2026-05-20 12:55:00+05:30,2.432173512618595,0.0014072614691809093,1069.45,1071.3,0.001729861143578315
HINDZINC,2026-05-20 12:35:00+05:30,2026-05-20 12:40:00+05:30,2026-05-20 13:05:00+05:30,2.4012405623831787,0.004954451014863137,630.55,631.45,0.001427325350884301
BHARTIARTL,2026-05-20 12:45:00+05:30,2026-05-20 12:50:00+05:30,2026-05-20 13:15:00+05:30,3.3252738075634247,0.0010511378567299445,1907.7,1906.5,-0.0006290297216543506
BSE,2026-05-20 13:10:00+05:30,2026-05-20 13:15:00+05:30,2026-05-20 13:40:00+05:30,2.115274760858295,0.0038341720584711414,4197.7,4186.5,-0.0026681277842627305
ETERNAL,2026-05-20 13:50:00+05:30,2026-05-20 13:55:00+05:30,2026-05-20 14:20:00+05:30,2.608382902324118,0.00016359249110475815,244.93,244.9,-0.00012248397501324337
INFY,2026-05-20 13:50:00+05:30,2026-05-20 13:55:00+05:30,2026-05-20 14:20:00+05:30,2.6251604003249187,0.0010281014393420662,1169.4,1172.4,0.002565418163160693
MARUTI,2026-05-20 13:55:00+05:30,2026-05-20 14:00:00+05:30,2026-05-20 14:25:00+05:30,3.829372384617205,0.0007693491306355327,13039.0,13032.0,-0.0005368509855050441
MCX,2026-05-20 13:55:00+05:30,2026-05-20 14:00:00+05:30,2026-05-20 14:25:00+05:30,2.1075445863376214,0.0007297991592714048,3433.0,3431.7,-0.0003786775415088872
PAYTM,2026-05-20 13:55:00+05:30,2026-05-20 14:00:00+05:30,2026-05-20 14:25:00+05:30,3.099235180326297,0.00167165229632249,1142.0,1151.6,0.00840630472854631
HINDCOPPER,2026-05-20 14:00:00+05:30,2026-05-20 14:05:00+05:30,2026-05-20 14:30:00+05:30,2.8742663309715595,0.0028161337209302584,552.75,552.2,-0.0009950248756217528
SBIN,2026-05-20 14:00:00+05:30,2026-05-20 14:05:00+05:30,2026-05-20 14:30:00+05:30,2.4461289828389754,0.003807911994922808,949.4,953.1,0.0038971982304614183
AXISBANK,2026-05-20 14:05:00+05:30,2026-05-20 14:10:00+05:30,2026-05-20 14:35:00+05:30,2.466143064205019,0.005955255110252855,1251.9,1253.3,0.0011183001837207218
HDFCBANK,2026-05-20 14:05:00+05:30,2026-05-20 14:10:00+05:30,2026-05-20 14:35:00+05:30,2.716525432390218,0.0032336830990562504,761.35,760.6,-0.0009850922703092957
INDIGO,2026-05-20 14:05:00+05:30,2026-05-20 14:10:00+05:30,2026-05-20 14:35:00+05:30,2.8982716093063217,0.0017868478593090487,4273.9,4271.9,-0.0004679566672126656
M&M,2026-05-20 14:05:00+05:30,2026-05-20 14:10:00+05:30,2026-05-20 14:35:00+05:30,2.3344776490141013,0.0026926529042186065,3134.6,3135.0,0.00012760798826016995
BEL,2026-05-20 14:10:00+05:30,2026-05-20 14:15:00+05:30,2026-05-20 14:40:00+05:30,2.099617419527553,0.0023083464949580357,412.3,412.6,0.0007276255154013977
POWERGRID,2026-05-20 14:10:00+05:30,2026-05-20 14:15:00+05:30,2026-05-20 14:40:00+05:30,2.712045412672705,0.0011723329425554763,299.35,300.7,0.004509771170870147
TATASTEEL,2026-05-20 14:10:00+05:30,2026-05-20 14:15:00+05:30,2026-05-20 14:40:00+05:30,4.491885936035655,0.004611686209095911,205.79,206.22,0.0020895087224841458
GRSE,2026-05-20 14:15:00+05:30,2026-05-20 14:20:00+05:30,2026-05-20 14:45:00+05:30,2.142050578016815,0.004541811381244987,2636.0,2640.0,0.0015174506828528056
HAL,2026-05-20 14:15:00+05:30,2026-05-20 14:20:00+05:30,2026-05-20 14:45:00+05:30,2.7110994499629277,0.0030267753201396186,4315.7,4313.3,-0.0005561090900664256
BAJFINANCE,2026-05-20 14:20:00+05:30,2026-05-20 14:25:00+05:30,2026-05-20 14:50:00+05:30,4.256630773202438,0.003653017828908034,924.1,922.4,-0.0018396277459149513
BSE,2026-05-20 14:20:00+05:30,2026-05-20 14:25:00+05:30,2026-05-20 14:50:00+05:30,2.1774240154326523,0.0019824209420082894,4206.5,4212.7,0.001473909425888431
CANBK,2026-05-20 14:20:00+05:30,2026-05-20 14:25:00+05:30,2026-05-20 14:50:00+05:30,2.6547968679818608,0.0040249712502054,122.69,123.28,0.004808867878392631
ICICIBANK,2026-05-20 14:20:00+05:30,2026-05-20 14:25:00+05:30,2026-05-20 14:50:00+05:30,2.622930747188543,0.0031756371630975444,1235.0,1238.6,0.002914979757084879
KOTAKBANK,2026-05-20 14:20:00+05:30,2026-05-20 14:25:00+05:30,2026-05-20 14:50:00+05:30,2.0879007283159394,0.005513258072985083,383.7,383.4,-0.0007818608287725182
TATAINVEST,2026-05-20 14:20:00+05:30,2026-05-20 14:25:00+05:30,2026-05-20 14:50:00+05:30,5.174657302511382,0.0010598031794095686,663.75,662.85,-0.0013559322033898091
ANANTRAJ,2026-05-20 14:25:00+05:30,2026-05-20 14:30:00+05:30,2026-05-20 14:55:00+05:30,3.7410271563328874,0.008464953029833744,487.9,487.9,0.0
SAMMAANCAP,2026-05-20 14:25:00+05:30,2026-05-20 14:30:00+05:30,2026-05-20 14:55:00+05:30,2.1472941798458245,0.004030226700251882,139.76,140.68,0.006582713222667458
BAJAJ-AUTO,2026-05-20 14:30:00+05:30,2026-05-20 14:35:00+05:30,2026-05-20 15:00:00+05:30,2.0052728512727462,0.0012950261403423813,10443.5,10449.5,0.0005745200363862502
SUNPHARMA,2026-05-20 14:35:00+05:30,2026-05-20 14:40:00+05:30,2026-05-20 15:05:00+05:30,3.1186489655262464,0.0011720206701828495,1882.6,1881.2,-0.0007436523956230179
HINDALCO,2026-05-20 14:40:00+05:30,2026-05-20 14:45:00+05:30,2026-05-20 15:10:00+05:30,3.053298101758843,0.0017597480781696984,1083.4,1087.6,0.0038766845117221838
ITC,2026-05-20 14:45:00+05:30,2026-05-20 14:50:00+05:30,2026-05-20 15:15:00+05:30,2.1277418912724673,0.0016730801405386853,299.45,299.5,0.0001669727834363588
TITAN,2026-05-20 14:45:00+05:30,2026-05-20 14:50:00+05:30,2026-05-20 15:15:00+05:30,3.6893945556368206,0.003431288448812575,4109.5,4106.1,-0.0008273512592772425
NETWEB,2026-05-20 14:50:00+05:30,2026-05-20 14:55:00+05:30,2026-05-20 15:20:00+05:30,2.029577151249004,0.007094062007356738,3837.9,3841.0,0.0008077333958675936
IDEA,2026-05-20 14:55:00+05:30,2026-05-20 15:00:00+05:30,2026-05-20 15:25:00+05:30,4.047062648315583,0.002954209748892156,13.65,13.57,-0.00586080586080584
DIXON,2026-05-21 11:45:00+05:30,2026-05-21 11:50:00+05:30,2026-05-21 12:15:00+05:30,4.59871637410996,0.01287788839163384,11159.0,11235.0,0.006810646115243291
BAJAJ-AUTO,2026-05-21 12:05:00+05:30,2026-05-21 12:10:00+05:30,2026-05-21 12:35:00+05:30,2.0817876502203188,0.004143126177024392,10675.0,10670.0,-0.0004683840749414303
KAYNES,2026-05-21 12:05:00+05:30,2026-05-21 12:10:00+05:30,2026-05-21 12:35:00+05:30,2.3040583538296264,0.006745852430443566,3136.1,3110.8,-0.008067344791301223
POWERGRID,2026-05-21 12:05:00+05:30,2026-05-21 12:10:00+05:30,2026-05-21 12:35:00+05:30,2.4229509350566505,0.0019795447047177284,304.15,302.0,-0.007068880486601925
TITAN,2026-05-21 12:15:00+05:30,2026-05-21 12:20:00+05:30,2026-05-21 12:45:00+05:30,2.4062030506688448,0.002643171806167466,4101.5,4082.0,-0.004754358161648153
SUNPHARMA,2026-05-21 12:55:00+05:30,2026-05-21 13:00:00+05:30,2026-05-21 13:25:00+05:30,4.998999522601796,0.003569906223358954,1886.0,1892.8,0.003605514316012748
ANANTRAJ,2026-05-21 13:05:00+05:30,2026-05-21 13:10:00+05:30,2026-05-21 13:35:00+05:30,2.2680149765870654,0.004275679527639298,493.6,495.95,0.004760940032414895
TRENT,2026-05-21 13:15:00+05:30,2026-05-21 13:20:00+05:30,2026-05-21 13:45:00+05:30,2.8841369239310053,0.002510734298813766,2763.3,2788.8,0.00922809684073389
PAYTM,2026-05-21 13:35:00+05:30,2026-05-21 13:40:00+05:30,2026-05-21 14:05:00+05:30,2.6895077251360093,0.006089604175728569,1159.2,1153.3,-0.00508971704623884
BAJFINANCE,2026-05-21 13:40:00+05:30,2026-05-21 13:45:00+05:30,2026-05-21 14:10:00+05:30,2.459122428933344,0.005957963259226595,913.15,913.8,0.000711821716037786
HAL,2026-05-21 13:45:00+05:30,2026-05-21 13:50:00+05:30,2026-05-21 14:15:00+05:30,2.092767812364564,0.0011216664759070571,4380.0,4387.6,0.001735159817351617
TCS,2026-05-21 14:00:00+05:30,2026-05-21 14:05:00+05:30,2026-05-21 14:30:00+05:30,2.0815210920093494,0.0021092505703586006,2326.4,2323.8,-0.0011176066024758402
SILVERBEES,2026-05-21 14:25:00+05:30,2026-05-21 14:30:00+05:30,2026-05-21 14:55:00+05:30,2.181351333560242,0.001470880540647812,252.18,252.43,0.0009913553810769749
ANANTRAJ,2026-05-21 14:30:00+05:30,2026-05-21 14:35:00+05:30,2026-05-21 15:00:00+05:30,2.9853506303759567,0.0003014166582939737,502.5,510.8,0.016517412935323383
DIXON,2026-05-21 14:30:00+05:30,2026-05-21 14:35:00+05:30,2026-05-21 15:00:00+05:30,2.310345516228389,0.005712755511916523,11281.0,11263.0,-0.0015956032266642994
WAAREEENER,2026-05-21 14:30:00+05:30,2026-05-21 14:35:00+05:30,2026-05-21 15:00:00+05:30,2.2286686431965217,0.003762527885992073,3019.8,3041.9,0.007318365454665798
HINDALCO,2026-05-21 14:35:00+05:30,2026-05-21 14:40:00+05:30,2026-05-21 15:05:00+05:30,2.335847874772971,0.00018243181610877457,1098.3,1097.6,-0.0006373486297004405
HDFCBANK,2026-05-21 14:40:00+05:30,2026-05-21 14:45:00+05:30,2026-05-21 15:10:00+05:30,2.539407564275872,0.004365368079899401,760.45,757.8,-0.003484778749424766
KAYNES,2026-05-21 14:40:00+05:30,2026-05-21 14:45:00+05:30,2026-05-21 15:10:00+05:30,4.2142358546079945,0.0038831835686776728,3145.0,3180.0,0.0111287758346581
GRSE,2026-05-21 14:45:00+05:30,2026-05-21 14:50:00+05:30,2026-05-21 15:15:00+05:30,2.3100257057281244,0.0030090270812437314,2701.0,2685.6,-0.005701592002961942
KOTAKBANK,2026-05-21 14:45:00+05:30,2026-05-21 14:50:00+05:30,2026-05-21 15:15:00+05:30,2.2202851215086334,0.005142405063291111,381.4,380.6,-0.002097535395909733
CANBK,2026-05-21 14:50:00+05:30,2026-05-21 14:55:00+05:30,2026-05-21 15:20:00+05:30,2.051465080710519,0.0007273315015354775,123.86,123.87,8.073631519467384e-05
ICICIBANK,2026-05-21 14:50:00+05:30,2026-05-21 14:55:00+05:30,2026-05-21 15:20:00+05:30,2.129749350302694,0.002982427857488368,1244.9,1242.7,-0.0017672102176882198
MARUTI,2026-05-21 14:50:00+05:30,2026-05-21 14:55:00+05:30,2026-05-21 15:20:00+05:30,2.0622444917990355,0.001768414577887123,13042.0,13006.0,-0.002760312835454637
BAJFINANCE,2026-05-22 11:45:00+05:30,2026-05-22 11:50:00+05:30,2026-05-22 12:15:00+05:30,2.3321508022358066,0.004242358316110195,922.45,919.3,-0.00341481923139475
HEROMOTOCO,2026-05-22 11:45:00+05:30,2026-05-22 11:50:00+05:30,2026-05-22 12:15:00+05:30,2.7071919874587715,0.006741799154759587,4998.0,5001.0,0.0006002400960383181
MAXHEALTH,2026-05-22 11:45:00+05:30,2026-05-22 11:50:00+05:30,2026-05-22 12:15:00+05:30,2.505697826908443,0.007620249478231145,1042.6,1047.35,0.0045559178975638215
RELIANCE,2026-05-22 11:45:00+05:30,2026-05-22 11:50:00+05:30,2026-05-22 12:15:00+05:30,2.1193074948550894,0.0020658108307509693,1358.4,1358.9,0.00036808009422850674
TMPV,2026-05-22 11:55:00+05:30,2026-05-22 12:00:00+05:30,2026-05-22 12:25:00+05:30,2.136361517251801,0.0019278435692646756,364.15,363.3,-0.0023342029383495166
ICICIBANK,2026-05-22 12:10:00+05:30,2026-05-22 12:15:00+05:30,2026-05-22 12:40:00+05:30,2.286456116076439,0.0035697287006186684,1267.2,1266.6,-0.00047348484848497296
KAYNES,2026-05-22 12:30:00+05:30,2026-05-22 12:35:00+05:30,2026-05-22 13:00:00+05:30,2.222827594643709,0.0015262515262515208,3293.0,3311.0,0.005466140297601063
M&M,2026-05-22 12:35:00+05:30,2026-05-22 12:40:00+05:30,2026-05-22 13:05:00+05:30,3.849900299763764,0.0008354218880535225,3121.3,3121.5,6.407586582501956e-05
AXISBANK,2026-05-22 12:40:00+05:30,2026-05-22 12:45:00+05:30,2026-05-22 13:10:00+05:30,2.3718337601359307,0.0012511729746638167,1281.6,1286.0,0.0034332084893884396
MARUTI,2026-05-22 12:50:00+05:30,2026-05-22 12:55:00+05:30,2026-05-22 13:20:00+05:30,3.0579031031899886,0.00068986662578574,13068.0,13062.0,-0.00045913682277320955
RELIANCE,2026-05-22 12:50:00+05:30,2026-05-22 12:55:00+05:30,2026-05-22 13:20:00+05:30,2.6951285607710975,0.003973802340127897,1364.0,1363.6,-0.00029325513196487574
TITAN,2026-05-22 12:50:00+05:30,2026-05-22 12:55:00+05:30,2026-05-22 13:20:00+05:30,2.0207778762874,0.0009556481254595628,4090.0,4097.9,0.0019315403422981436
TATAINVEST,2026-05-22 13:00:00+05:30,2026-05-22 13:05:00+05:30,2026-05-22 13:30:00+05:30,2.911302178526616,0.0023977221639441826,669.9,670.3,0.000597104045379826
TRENT,2026-05-22 13:05:00+05:30,2026-05-22 13:10:00+05:30,2026-05-22 13:35:00+05:30,3.3641886689200318,0.0023944505088207,2856.9,2863.7,0.0023802023171968223
CANBK,2026-05-22 13:10:00+05:30,2026-05-22 13:15:00+05:30,2026-05-22 13:40:00+05:30,2.0579605009103643,0.0032349373230893264,124.14,124.14,0.0
IDEA,2026-05-22 13:15:00+05:30,2026-05-22 13:20:00+05:30,2026-05-22 13:45:00+05:30,2.454500517056653,0.0021865889212826506,13.76,13.92,0.011627906976744207
NETWEB,2026-05-22 13:20:00+05:30,2026-05-22 13:25:00+05:30,2026-05-22 13:50:00+05:30,2.8645771666753466,0.005425189492264559,3882.7,3878.6,-0.001055966209081327
SAMMAANCAP,2026-05-22 13:30:00+05:30,2026-05-22 13:35:00+05:30,2026-05-22 14:00:00+05:30,2.2230917783193593,0.0023869427778853147,155.64,157.94,0.014777692109997576
SUNPHARMA,2026-05-22 13:35:00+05:30,2026-05-22 13:40:00+05:30,2026-05-22 14:05:00+05:30,3.341973253049579,0.002942592691669743,1876.2,1868.2,-0.004263937746508906
INDIGO,2026-05-22 14:15:00+05:30,2026-05-22 14:20:00+05:30,2026-05-22 14:45:00+05:30,3.323496369520069,0.0026198111929174317,4449.0,4450.8,0.0004045853000673727
HINDALCO,2026-05-22 14:20:00+05:30,2026-05-22 14:25:00+05:30,2026-05-22 14:50:00+05:30,2.4307034342044838,0.0009999090991730242,1103.6,1105.2,0.0014498006524104046
SAMMAANCAP,2026-05-22 14:40:00+05:30,2026-05-22 14:45:00+05:30,2026-05-22 15:10:00+05:30,2.0382430024912277,0.003272704386682701,160.61,161.43,0.005105535147251095
KAYNES,2026-05-22 14:50:00+05:30,2026-05-22 14:55:00+05:30,2026-05-22 15:20:00+05:30,2.554384891299175,0.003666666666666707,3319.5,3325.0,0.0016568760355475387
VEDL,2026-05-22 14:50:00+05:30,2026-05-22 14:55:00+05:30,2026-05-22 15:20:00+05:30,2.1418729227538877,0.0016724950585371712,329.5,330.1,0.0018209408194234111
KOTAKBANK,2026-05-25 11:45:00+05:30,2026-05-25 11:50:00+05:30,2026-05-25 12:15:00+05:30,2.4777117247156064,0.002169197396963085,393.35,395.05,0.00432185076903524
BEL,2026-05-25 11:55:00+05:30,2026-05-25 12:00:00+05:30,2026-05-25 12:25:00+05:30,6.545063200696172,0.0010752688172042113,420.8,420.5,-0.0007129277566539916
MCX,2026-05-25 11:55:00+05:30,2026-05-25 12:00:00+05:30,2026-05-25 12:25:00+05:30,2.1129925741378397,0.004692561533105266,3320.0,3336.3,0.0049096385542168886
WAAREEENER,2026-05-25 11:55:00+05:30,2026-05-25 12:00:00+05:30,2026-05-25 12:25:00+05:30,2.249729535332498,0.006002200806962454,3022.0,3008.1,-0.004599602911978806
POWERGRID,2026-05-25 12:00:00+05:30,2026-05-25 12:05:00+05:30,2026-05-25 12:30:00+05:30,2.413548641557698,0.0005077001184634611,296.0,296.1,0.00033783783783780663
BSE,2026-05-25 12:25:00+05:30,2026-05-25 12:30:00+05:30,2026-05-25 12:55:00+05:30,3.3304478852226085,0.0013125820363772966,4283.8,4274.2,-0.0022410009804380016
ADANIPOWER,2026-05-25 12:30:00+05:30,2026-05-25 12:35:00+05:30,2026-05-25 13:00:00+05:30,3.3453098562556294,0.005968169761273234,229.66,231.29,0.007097448401985451
BAJFINANCE,2026-05-25 12:30:00+05:30,2026-05-25 12:35:00+05:30,2026-05-25 13:00:00+05:30,2.1214117089267837,0.0015490625500775845,939.2,943.1,0.004152470187393398
AXISBANK,2026-05-25 13:00:00+05:30,2026-05-25 13:05:00+05:30,2026-05-25 13:30:00+05:30,2.2500145481592755,0.0029203811865969875,1306.0,1306.4,0.0003062787136294265
TCS,2026-05-25 13:00:00+05:30,2026-05-25 13:05:00+05:30,2026-05-25 13:30:00+05:30,2.0171987363236275,0.0032091591135783304,2316.0,2319.3,0.0014248704663213374
TMPV,2026-05-25 13:00:00+05:30,2026-05-25 13:05:00+05:30,2026-05-25 13:30:00+05:30,2.7780024484971793,0.0010751243112483433,373.5,373.45,-0.0001338688085675832
KAYNES,2026-05-25 13:05:00+05:30,2026-05-25 13:10:00+05:30,2026-05-25 13:35:00+05:30,2.051682503421593,0.0011883541295305555,3378.6,3384.9,0.0018646776771444884
RELIANCE,2026-05-25 13:10:00+05:30,2026-05-25 13:15:00+05:30,2026-05-25 13:40:00+05:30,2.7575813434228853,0.0029416090601559475,1363.8,1362.7,-0.0008065698782812047
GMDCLTD,2026-05-25 13:20:00+05:30,2026-05-25 13:25:00+05:30,2026-05-25 13:50:00+05:30,2.0288594933782558,0.0029032011612804,657.1,655.45,-0.0025110333282605257
ICICIBANK,2026-05-25 13:30:00+05:30,2026-05-25 13:35:00+05:30,2026-05-25 14:00:00+05:30,2.2222901717104593,0.0021116846550914836,1282.1,1282.9,0.0006239762889010958
IDEA,2026-05-25 13:35:00+05:30,2026-05-25 13:40:00+05:30,2026-05-25 14:05:00+05:30,2.820236043894327,0.0043321299638989785,13.96,13.96,0.0
HINDALCO,2026-05-25 14:15:00+05:30,2026-05-25 14:20:00+05:30,2026-05-25 14:45:00+05:30,3.972957969134478,0.0009194556822360589,1093.2,1100.5,0.006677643615075057
VEDL,2026-05-25 14:20:00+05:30,2026-05-25 14:25:00+05:30,2026-05-25 14:50:00+05:30,2.2974420318489597,0.0016548819016095617,333.4,333.05,-0.0010497900419914608
DIXON,2026-05-25 14:25:00+05:30,2026-05-25 14:30:00+05:30,2026-05-25 14:55:00+05:30,2.1159003536939336,0.002114343707713129,11845.0,11833.0,-0.0010130856901646723
LT,2026-05-25 14:25:00+05:30,2026-05-25 14:30:00+05:30,2026-05-25 14:55:00+05:30,2.409114294981704,0.000870538490237438,4031.8,4033.9,0.0005208591696015397
HDFCBANK,2026-05-25 14:30:00+05:30,2026-05-25 14:35:00+05:30,2026-05-25 15:00:00+05:30,3.00471327863382,0.0008933699189586086,785.45,786.8,0.0017187599465273706
KAYNES,2026-05-25 14:30:00+05:30,2026-05-25 14:35:00+05:30,2026-05-25 15:00:00+05:30,2.3177535930184443,0.002958579881656709,3396.0,3400.9,0.001442873969375702
AXISBANK,2026-05-25 14:40:00+05:30,2026-05-25 14:45:00+05:30,2026-05-25 15:10:00+05:30,2.202807741180026,0.002528541874186052,1309.2,1311.8,0.0019859456156430255
ICICIBANK,2026-05-25 14:40:00+05:30,2026-05-25 14:45:00+05:30,2026-05-25 15:10:00+05:30,2.167844437603037,0.0024951267056529947,1287.0,1292.4,0.004195804195804342
ITC,2026-05-25 14:40:00+05:30,2026-05-25 14:45:00+05:30,2026-05-25 15:10:00+05:30,3.51179991452588,0.0005085607730124231,295.5,295.7,0.0006768189509305245
MAXHEALTH,2026-05-25 14:40:00+05:30,2026-05-25 14:45:00+05:30,2026-05-25 15:10:00+05:30,2.1104082018685664,0.00044928115015974157,1003.65,1002.3,-0.0013450904199671099
CANBK,2026-05-25 14:45:00+05:30,2026-05-25 14:50:00+05:30,2026-05-25 15:15:00+05:30,5.009825967417622,0.0024966840914413257,128.99,129.48,0.0037987440886888546
IDEA,2026-05-25 14:45:00+05:30,2026-05-25 14:50:00+05:30,2026-05-25 15:15:00+05:30,2.107472761731768,0.0014295925661185205,14.02,14.04,0.0014265335235377208
SBIN,2026-05-25 14:45:00+05:30,2026-05-25 14:50:00+05:30,2026-05-25 15:15:00+05:30,6.7638504355086155,0.0018738288569644101,965.4,970.5,0.005282784338098256
BEL,2026-05-25 14:50:00+05:30,2026-05-25 14:55:00+05:30,2026-05-25 15:20:00+05:30,2.0040470419285836,0.0013078111996196462,421.35,421.8,0.0010679957280170793
RELIANCE,2026-05-25 14:50:00+05:30,2026-05-25 14:55:00+05:30,2026-05-25 15:20:00+05:30,2.0075607619907285,0.0022010271460015662,1367.0,1366.4,-0.00043891733723477877
SAMMAANCAP,2026-05-25 14:50:00+05:30,2026-05-25 14:55:00+05:30,2026-05-25 15:20:00+05:30,2.164309147876089,0.0017857142857142794,168.89,168.74,-0.0008881520516310637
MARUTI,2026-05-25 14:55:00+05:30,2026-05-25 15:00:00+05:30,2026-05-25 15:25:00+05:30,3.829196278784561,0.0019809523809524165,13172.0,13180.0,0.000607348921955575
TATASTEEL,2026-05-25 14:55:00+05:30,2026-05-25 15:00:00+05:30,2026-05-25 15:25:00+05:30,2.8913537753246237,0.001190816423740193,210.33,210.3,-0.00014263300527739275
NETWEB,2026-05-26 11:45:00+05:30,2026-05-26 11:50:00+05:30,2026-05-26 12:15:00+05:30,2.541950699782576,0.016205811200998843,3900.3,3900.0,-7.69171602185148e-05
WAAREEENER,2026-05-26 11:50:00+05:30,2026-05-26 11:55:00+05:30,2026-05-26 12:20:00+05:30,2.006765103714424,0.002722587754837358,3096.0,3089.5,-0.0020994832041343336
ADANIPOWER,2026-05-26 11:55:00+05:30,2026-05-26 12:00:00+05:30,2026-05-26 12:25:00+05:30,2.009823021868336,0.0042473454091191964,243.2,243.98,0.003207236842105221
HINDZINC,2026-05-26 12:00:00+05:30,2026-05-26 12:05:00+05:30,2026-05-26 12:30:00+05:30,2.773873204938638,0.0028764673870793622,646.5,645.5,-0.0015467904098994678
LT,2026-05-26 12:00:00+05:30,2026-05-26 12:05:00+05:30,2026-05-26 12:30:00+05:30,2.1667096628512144,0.0022548193666682703,4049.8,4046.0,-0.0009383179416267984
KAYNES,2026-05-26 12:05:00+05:30,2026-05-26 12:10:00+05:30,2026-05-26 12:35:00+05:30,2.22313686458413,0.005831339712918604,3375.0,3342.5,-0.009629629629629655
MARUTI,2026-05-26 12:10:00+05:30,2026-05-26 12:15:00+05:30,2026-05-26 12:40:00+05:30,4.17574221970981,0.0011312217194570096,13313.0,13265.0,-0.003605498385037209
HCLTECH,2026-05-26 12:15:00+05:30,2026-05-26 12:20:00+05:30,2026-05-26 12:45:00+05:30,2.12647066428804,0.0007709439780707594,1169.6,1170.5,0.0007694938440492294
INDIGO,2026-05-26 12:20:00+05:30,2026-05-26 12:25:00+05:30,2026-05-26 12:50:00+05:30,2.421042642425396,0.006114221724524027,4505.0,4489.9,-0.0033518312985572063
TRENT,2026-05-26 12:20:00+05:30,2026-05-26 12:25:00+05:30,2026-05-26 12:50:00+05:30,2.4543232686526526,0.0027043163698943218,2870.7,2860.6,-0.0035183056397394274
HAL,2026-05-26 12:25:00+05:30,2026-05-26 12:30:00+05:30,2026-05-26 12:55:00+05:30,2.4267538032900555,0.0011974424436862474,4436.5,4424.0,-0.0028175363462188407
SUNPHARMA,2026-05-26 12:25:00+05:30,2026-05-26 12:30:00+05:30,2026-05-26 12:55:00+05:30,2.803352978381219,0.0032281008918311205,1838.0,1830.5,-0.004080522306855294
BSE,2026-05-26 13:25:00+05:30,2026-05-26 13:30:00+05:30,2026-05-26 13:55:00+05:30,3.9026263632370846,0.0031156242787906407,4360.0,4359.6,-9.174311926596346e-05
PAYTM,2026-05-26 13:50:00+05:30,2026-05-26 13:55:00+05:30,2026-05-26 14:20:00+05:30,2.697886383448574,0.002675465976990976,1127.5,1124.1,-0.003015521064301585
IDEA,2026-05-26 14:05:00+05:30,2026-05-26 14:10:00+05:30,2026-05-26 14:35:00+05:30,2.4170998592377644,0.0014154281670204494,14.18,14.16,-0.0014104372355430161
TMPV,2026-05-26 14:25:00+05:30,2026-05-26 14:30:00+05:30,2026-05-26 14:55:00+05:30,2.2151246643536053,0.0037711313394017676,386.7,386.5,-0.0005171967933798038
BSE,2026-05-26 14:30:00+05:30,2026-05-26 14:35:00+05:30,2026-05-26 15:00:00+05:30,2.6343732093788623,0.0019267822736031004,4378.0,4383.4,0.001233439926907165
SWIGGY,2026-05-26 14:45:00+05:30,2026-05-26 14:50:00+05:30,2026-05-26 15:15:00+05:30,2.1764278562684924,0.0013836726625815476,253.55,253.55,0.0
INDIGO,2026-05-27 11:45:00+05:30,2026-05-27 11:50:00+05:30,2026-05-27 12:15:00+05:30,2.168760910967775,0.006694988767543819,4522.1,4518.0,-0.0009066584109154174
POWERGRID,2026-05-27 12:05:00+05:30,2026-05-27 12:10:00+05:30,2026-05-27 12:35:00+05:30,2.5582102053966325,0.0026805159993299466,300.0,299.0,-0.0033333333333332993
CANBK,2026-05-27 12:15:00+05:30,2026-05-27 12:20:00+05:30,2026-05-27 12:45:00+05:30,4.469450254767795,0.0010791644184076077,130.84,130.61,-0.001757872210333189
SWIGGY,2026-05-27 12:30:00+05:30,2026-05-27 12:35:00+05:30,2026-05-27 13:00:00+05:30,2.621894988337554,0.004161937192584064,266.65,268.35,0.0063753984624039806
BHARTIARTL,2026-05-27 12:35:00+05:30,2026-05-27 12:40:00+05:30,2026-05-27 13:05:00+05:30,2.1207584333612646,0.0017720975190633759,1867.1,1864.2,-0.001553210861764187
SAMMAANCAP,2026-05-27 12:45:00+05:30,2026-05-27 12:50:00+05:30,2026-05-27 13:15:00+05:30,2.0973749702720084,0.003347570125822541,174.84,174.83,-5.71951498512524e-05
SUNPHARMA,2026-05-27 12:55:00+05:30,2026-05-27 13:00:00+05:30,2026-05-27 13:25:00+05:30,2.0244990510630827,0.0008698488637599588,1842.4,1841.6,-0.00043421623968742384
MARUTI,2026-05-27 13:00:00+05:30,2026-05-27 13:05:00+05:30,2026-05-27 13:30:00+05:30,3.362347654772672,0.0017408416590978248,13273.0,13270.0,-0.00022602275295713348
HEROMOTOCO,2026-05-27 13:20:00+05:30,2026-05-27 13:25:00+05:30,2026-05-27 13:50:00+05:30,2.2529573233274682,0.0010906206623042536,5053.0,5039.0,-0.0027706313081338196
INDIGO,2026-05-27 13:20:00+05:30,2026-05-27 13:25:00+05:30,2026-05-27 13:50:00+05:30,2.362986642811681,0.003983362309910143,4577.8,4586.7,0.0019441653195857445
IDEA,2026-05-27 13:40:00+05:30,2026-05-27 13:45:00+05:30,2026-05-27 14:10:00+05:30,2.996029118047175,0.0007037297677692234,14.23,14.23,0.0
TRENT,2026-05-27 13:40:00+05:30,2026-05-27 13:45:00+05:30,2026-05-27 14:10:00+05:30,2.6520500736164405,0.0019076553502668236,2839.3,2852.7,0.004719473109569217
ETERNAL,2026-05-27 13:50:00+05:30,2026-05-27 13:55:00+05:30,2026-05-27 14:20:00+05:30,2.015664176620038,0.0013396902951259282,254.56,257.95,0.01331709616593324
MAXHEALTH,2026-05-27 13:50:00+05:30,2026-05-27 13:55:00+05:30,2026-05-27 14:20:00+05:30,4.8539271273012,0.0012674271229404788,993.4,999.0,0.005637205556674019
POWERGRID,2026-05-27 13:55:00+05:30,2026-05-27 14:00:00+05:30,2026-05-27 14:25:00+05:30,2.1543516783557743,0.0028409090909091717,300.3,300.05,-0.0008325008325008598
NETWEB,2026-05-27 14:00:00+05:30,2026-05-27 14:05:00+05:30,2026-05-27 14:30:00+05:30,3.0121650519152263,0.00025068939583849925,4007.0,4023.0,0.003993012228600046
SUNPHARMA,2026-05-27 14:00:00+05:30,2026-05-27 14:05:00+05:30,2026-05-27 14:30:00+05:30,2.4685255532439596,0.001846220677671706,1848.0,1848.4,0.0002164502164503368
ANANTRAJ,2026-05-27 14:05:00+05:30,2026-05-27 14:10:00+05:30,2026-05-27 14:35:00+05:30,3.022119537665913,0.0002960039467192477,507.6,506.3,-0.002561071710007856
KOTAKBANK,2026-05-27 14:05:00+05:30,2026-05-27 14:10:00+05:30,2026-05-27 14:35:00+05:30,2.0171626237699734,0.0019319938176198814,389.45,389.05,-0.001027089485171384
TITAN,2026-05-27 14:15:00+05:30,2026-05-27 14:20:00+05:30,2026-05-27 14:45:00+05:30,2.0664993763538697,0.0007533231270198115,4122.2,4129.8,0.0018436757071467191
TMPV,2026-05-27 14:20:00+05:30,2026-05-27 14:25:00+05:30,2026-05-27 14:50:00+05:30,2.4912695842533243,0.0015300267754685404,393.45,399.8,0.016139280721819915
TATAINVEST,2026-05-27 14:25:00+05:30,2026-05-27 14:30:00+05:30,2026-05-27 14:55:00+05:30,2.5452421006451496,0.002487926240304361,685.3,684.0,-0.0018969794250692784
BAJFINANCE,2026-05-27 14:40:00+05:30,2026-05-27 14:45:00+05:30,2026-05-27 15:10:00+05:30,2.085448142395536,0.0013448090371166455,932.1,929.6,-0.002682115652826944
HEROMOTOCO,2026-05-27 14:40:00+05:30,2026-05-27 14:45:00+05:30,2026-05-27 15:10:00+05:30,3.755200497434943,0.0030802861685215177,5061.0,5064.5,0.0006915629322268302
WAAREEENER,2026-05-27 14:45:00+05:30,2026-05-27 14:50:00+05:30,2026-05-27 15:15:00+05:30,2.4088839474219643,0.0040103028919826755,3085.5,3126.7,0.013352779128180225
HINDALCO,2026-05-27 14:50:00+05:30,2026-05-27 14:55:00+05:30,2026-05-27 15:20:00+05:30,3.806569628614128,0.0029759299781182413,1149.1,1149.8,0.0006091723957879491
VEDL,2026-05-27 14:55:00+05:30,2026-05-27 15:00:00+05:30,2026-05-27 15:25:00+05:30,2.0330134780540368,0.003966567502479146,354.75,354.5,-0.0007047216349541641
ICICIBANK,2026-05-29 11:45:00+05:30,2026-05-29 11:50:00+05:30,2026-05-29 12:15:00+05:30,2.1214161610258895,0.0023432008123096537,1285.1,1280.5,-0.003579487977589224
TATAINVEST,2026-05-29 11:50:00+05:30,2026-05-29 11:55:00+05:30,2026-05-29 12:20:00+05:30,3.673416036481331,0.0024908424908425264,686.75,685.5,-0.0018201674554059188
TMPV,2026-05-29 12:45:00+05:30,2026-05-29 12:50:00+05:30,2026-05-29 13:15:00+05:30,2.18776255397486,0.0053649407361198165,403.35,400.1,-0.008057518284368403
BHARTIARTL,2026-05-29 12:55:00+05:30,2026-05-29 13:00:00+05:30,2026-05-29 13:25:00+05:30,2.6252457919157215,0.0028955419580418695,1837.5,1835.5,-0.00108843537414971
SAMMAANCAP,2026-05-29 13:00:00+05:30,2026-05-29 13:05:00+05:30,2026-05-29 13:30:00+05:30,2.1721520485653065,0.004149377593360981,176.88,176.69,-0.0010741745816372772
NETWEB,2026-05-29 13:25:00+05:30,2026-05-29 13:30:00+05:30,2026-05-29 13:55:00+05:30,2.4104243469000872,0.003359241206692065,4650.3,4668.8,0.003978237963142117
VEDL,2026-05-29 13:30:00+05:30,2026-05-29 13:35:00+05:30,2026-05-29 14:00:00+05:30,2.0139187072284943,0.009978617248752597,354.6,355.9,0.0036661026508741923
SAMMAANCAP,2026-05-29 14:05:00+05:30,2026-05-29 14:10:00+05:30,2026-05-29 14:35:00+05:30,3.665481016909671,0.00418812609655328,178.24,180.55,0.012960053859964127
TATAINVEST,2026-05-29 14:25:00+05:30,2026-05-29 14:30:00+05:30,2026-05-29 14:55:00+05:30,2.970148285294828,0.0033610989332164554,688.45,689.55,0.0015977921417675844
HCLTECH,2026-05-29 14:30:00+05:30,2026-05-29 14:35:00+05:30,2026-05-29 15:00:00+05:30,2.8917904748569927,0.0011812352345594856,1190.0,1188.1,-0.0015966386554622236
MARUTI,2026-05-29 14:35:00+05:30,2026-05-29 14:40:00+05:30,2026-05-29 15:05:00+05:30,2.4538167749125175,0.002333810133253067,13333.0,13084.0,-0.01867546688667221
PAYTM,2026-05-29 14:50:00+05:30,2026-05-29 14:55:00+05:30,2026-05-29 15:20:00+05:30,2.0318501521631704,0.003992901508429458,1134.1,1113.2,-0.01842870999030055
TCS,2026-05-29 14:50:00+05:30,2026-05-29 14:55:00+05:30,2026-05-29 15:20:00+05:30,2.101882533350374,0.005697506245343487,2297.4,2250.2,-0.020544963872203503
HCLTECH,2026-06-01 11:50:00+05:30,2026-06-01 11:55:00+05:30,2026-06-01 12:20:00+05:30,2.1281185337565174,0.0017453457446807707,1206.8,1210.0,0.0026516407026848654
NETWEB,2026-06-01 12:05:00+05:30,2026-06-01 12:10:00+05:30,2026-06-01 12:35:00+05:30,2.4428215272553793,0.00869472789115644,4792.6,4722.0,-0.014731043692359114
HINDALCO,2026-06-01 12:15:00+05:30,2026-06-01 12:20:00+05:30,2026-06-01 12:45:00+05:30,2.8416525362973255,0.0025636492220648677,1137.5,1144.2,0.005890109890109851
TATASTEEL,2026-06-01 13:30:00+05:30,2026-06-01 13:35:00+05:30,2026-06-01 14:00:00+05:30,2.0709528060050015,0.003251099636641941,210.42,209.91,-0.002423723980610193
SUNPHARMA,2026-06-01 13:55:00+05:30,2026-06-01 14:00:00+05:30,2026-06-01 14:25:00+05:30,2.085101766695445,0.004857621440536031,1801.0,1803.0,0.001110494169905607
WAAREEENER,2026-06-01 14:15:00+05:30,2026-06-01 14:20:00+05:30,2026-06-01 14:45:00+05:30,2.6865435474693595,0.0022185781807659843,3124.0,3117.0,-0.0022407170294493906
MCX,2026-06-01 14:30:00+05:30,2026-06-01 14:35:00+05:30,2026-06-01 15:00:00+05:30,2.3375446981482657,0.0021523293758245465,2900.1,2896.0,-0.0014137443536429428
HEROMOTOCO,2026-06-01 14:35:00+05:30,2026-06-01 14:40:00+05:30,2026-06-01 15:05:00+05:30,2.2237816375875434,0.000729014788585669,4814.6,4831.0,0.00340630581979795
HAL,2026-06-01 14:40:00+05:30,2026-06-01 14:45:00+05:30,2026-06-01 15:10:00+05:30,2.9603308172891145,0.0016861431816583838,4287.7,4262.7,-0.005830631807262621
SILVERBEES,2026-06-01 14:45:00+05:30,2026-06-01 14:50:00+05:30,2026-06-01 15:15:00+05:30,4.770185841230851,0.0008833922261484162,250.38,249.52,-0.0034347791357136614
BAJFINANCE,2026-06-02 12:05:00+05:30,2026-06-02 12:10:00+05:30,2026-06-02 12:35:00+05:30,2.0447441796576387,0.002870428842068895,873.85,874.0,0.00017165417405728967
MARUTI,2026-06-02 12:10:00+05:30,2026-06-02 12:15:00+05:30,2026-06-02 12:40:00+05:30,3.054397697981835,0.004227005870841571,12854.0,12913.0,0.0045900108915513105
TRENT,2026-06-02 12:25:00+05:30,2026-06-02 12:30:00+05:30,2026-06-02 12:55:00+05:30,2.165024731553045,0.0021602160216021016,2790.5,2815.0,0.008779788568356928
BHARTIARTL,2026-06-02 12:30:00+05:30,2026-06-02 12:35:00+05:30,2026-06-02 13:00:00+05:30,2.131118542037069,0.0015709156193894902,1788.7,1798.7,0.005590652429138476
SUNPHARMA,2026-06-02 12:30:00+05:30,2026-06-02 12:35:00+05:30,2026-06-02 13:00:00+05:30,2.677067195018974,0.0012393667962369292,1780.9,1792.4,0.006457409175136153
MAXHEALTH,2026-06-02 12:35:00+05:30,2026-06-02 12:40:00+05:30,2026-06-02 13:05:00+05:30,2.1136504194964405,0.003219920575292523,936.25,940.9,0.004966622162883905
HINDZINC,2026-06-02 12:40:00+05:30,2026-06-02 12:45:00+05:30,2026-06-02 13:10:00+05:30,2.3443915270641504,0.0030625402965827053,624.0,628.25,0.006810897435897356
ITC,2026-06-02 12:40:00+05:30,2026-06-02 12:45:00+05:30,2026-06-02 13:10:00+05:30,3.151282588391985,0.003931379556826098,281.45,281.4,-0.0001776514478593061
TMPV,2026-06-02 12:40:00+05:30,2026-06-02 12:45:00+05:30,2026-06-02 13:10:00+05:30,3.0305165350254275,0.0053997102594496305,383.8,386.3,0.006513809275664473
HDFCBANK,2026-06-02 12:45:00+05:30,2026-06-02 12:50:00+05:30,2026-06-02 13:15:00+05:30,2.361512198143752,0.003080838523876528,751.1,749.5,-0.0021302090267607543
ICICIBANK,2026-06-02 12:45:00+05:30,2026-06-02 12:50:00+05:30,2026-06-02 13:15:00+05:30,2.7212830941621924,0.003104828825884365,1232.6,1234.9,0.00186597436313507
KOTAKBANK,2026-06-02 12:45:00+05:30,2026-06-02 12:50:00+05:30,2026-06-02 13:15:00+05:30,3.82157089418605,0.005040456293938345,380.05,380.8,0.0019734245494014147
M&M,2026-06-02 12:45:00+05:30,2026-06-02 12:50:00+05:30,2026-06-02 13:15:00+05:30,2.4119463869949906,0.00530486167069566,2998.7,2999.2,0.00016673892019869463
SBIN,2026-06-02 12:45:00+05:30,2026-06-02 12:50:00+05:30,2026-06-02 13:15:00+05:30,2.84600750526714,0.002437602670764649,949.85,955.7,0.006158867189556272
TITAN,2026-06-02 12:45:00+05:30,2026-06-02 12:50:00+05:30,2026-06-02 13:15:00+05:30,2.210150240043831,0.0022635126731835875,4031.7,4040.0,0.002058684921993237
ANANTRAJ,2026-06-02 12:55:00+05:30,2026-06-02 13:00:00+05:30,2026-06-02 13:25:00+05:30,3.2219278883137554,0.004004732866114358,553.25,552.75,-0.0009037505648441524
CANBK,2026-06-02 12:55:00+05:30,2026-06-02 13:00:00+05:30,2026-06-02 13:25:00+05:30,2.3588073302618597,0.010272846811308245,123.08,124.27,0.00966850828729271
LT,2026-06-02 12:55:00+05:30,2026-06-02 13:00:00+05:30,2026-06-02 13:25:00+05:30,2.1680735633016543,0.007505406436840056,3963.2,3982.0,0.00474364150181672
MCX,2026-06-02 12:55:00+05:30,2026-06-02 13:00:00+05:30,2026-06-02 13:25:00+05:30,2.542071873957309,0.004166225329237605,2862.0,2874.0,0.004192872117400492
PAYTM,2026-06-02 12:55:00+05:30,2026-06-02 13:00:00+05:30,2026-06-02 13:25:00+05:30,2.100946249291352,0.00984289229604407,1069.0,1077.0,0.007483629560336658
TATAINVEST,2026-06-02 12:55:00+05:30,2026-06-02 13:00:00+05:30,2026-06-02 13:25:00+05:30,2.3231323742199796,0.006791940230925997,668.05,668.6,0.000823291669785231
RELIANCE,2026-06-02 13:00:00+05:30,2026-06-02 13:05:00+05:30,2026-06-02 13:30:00+05:30,2.043090399632305,0.008140695799093933,1313.6,1327.0,0.010200974421437303
AXISBANK,2026-06-02 13:10:00+05:30,2026-06-02 13:15:00+05:30,2026-06-02 13:40:00+05:30,2.258068208162616,0.007032124021096431,1262.4,1261.8,-0.00047528517110273505
IDEA,2026-06-02 13:10:00+05:30,2026-06-02 13:15:00+05:30,2026-06-02 13:40:00+05:30,2.5225840760444234,0.008664259927797957,14.01,14.06,0.0035688793718773315
SWIGGY,2026-06-02 13:10:00+05:30,2026-06-02 13:15:00+05:30,2026-06-02 13:40:00+05:30,2.2679949719696078,0.009368148295794354,254.2,255.0,0.0031471282454760274
ETERNAL,2026-06-02 13:15:00+05:30,2026-06-02 13:20:00+05:30,2026-06-02 13:45:00+05:30,2.1318390568625785,0.0036144578313253017,250.15,251.45,0.005196881870877412
INDIGO,2026-06-02 13:15:00+05:30,2026-06-02 13:20:00+05:30,2026-06-02 13:45:00+05:30,5.510544923825976,0.003136635450750269,4459.3,4466.3,0.0015697531002623055
DIXON,2026-06-02 13:20:00+05:30,2026-06-02 13:25:00+05:30,2026-06-02 13:50:00+05:30,2.6137527736582173,0.0051241966301893704,11611.0,11610.0,-8.612522607875928e-05
GMDCLTD,2026-06-02 13:20:00+05:30,2026-06-02 13:25:00+05:30,2026-06-02 13:50:00+05:30,2.4749734521589204,0.014848092591182471,672.6,665.0,-0.011299435028248594
BEL,2026-06-02 13:25:00+05:30,2026-06-02 13:30:00+05:30,2026-06-02 13:55:00+05:30,2.752765050091964,0.003208292201382079,407.1,407.9,0.0019651191353473596
HINDCOPPER,2026-06-02 13:25:00+05:30,2026-06-02 13:30:00+05:30,2026-06-02 13:55:00+05:30,2.018551193307819,0.0029436114432894733,545.5,544.4,-0.00201649862511466
BHARTIARTL,2026-06-02 13:35:00+05:30,2026-06-02 13:40:00+05:30,2026-06-02 14:05:00+05:30,2.62974239674934,0.008617334741757965,1814.6,1821.5,0.003802490907087064
MAXHEALTH,2026-06-02 13:40:00+05:30,2026-06-02 13:45:00+05:30,2026-06-02 14:10:00+05:30,2.6365897119312924,0.007917950898076453,950.0,951.3,0.0013684210526314633
WAAREEENER,2026-06-02 13:45:00+05:30,2026-06-02 13:50:00+05:30,2026-06-02 14:15:00+05:30,2.672804622664414,0.002185115126214887,3088.0,3097.2,0.0029792746113987967
MCX,2026-06-02 14:00:00+05:30,2026-06-02 14:05:00+05:30,2026-06-02 14:30:00+05:30,2.417297963645259,0.003096729297146883,2889.4,2880.9,-0.0029417872222606833
NETWEB,2026-06-02 14:00:00+05:30,2026-06-02 14:05:00+05:30,2026-06-02 14:30:00+05:30,2.550275800765435,0.008390833972229172,4770.4,4763.9,-0.0013625691765889458
POWERGRID,2026-06-02 14:00:00+05:30,2026-06-02 14:05:00+05:30,2026-06-02 14:30:00+05:30,2.385934130150427,0.004637060816836014,282.5,282.9,0.001415929203539834
ADANIPOWER,2026-06-02 14:05:00+05:30,2026-06-02 14:10:00+05:30,2026-06-02 14:35:00+05:30,2.1550211217799293,0.0022775127841518916,234.47,234.38,-0.0003838444150637832
CANBK,2026-06-02 14:05:00+05:30,2026-06-02 14:10:00+05:30,2026-06-02 14:35:00+05:30,2.0241225886388365,0.0012065637065636903,124.88,124.61,-0.0021620755925688684
SAMMAANCAP,2026-06-02 14:05:00+05:30,2026-06-02 14:10:00+05:30,2026-06-02 14:35:00+05:30,2.1256451677739716,0.0036809815950920033,180.18,178.7,-0.008214008214008306
ITC,2026-06-02 14:20:00+05:30,2026-06-02 14:25:00+05:30,2026-06-02 14:50:00+05:30,2.081813713923896,0.002309879175550922,282.7,283.05,0.0012380615493456926
HCLTECH,2026-06-02 14:35:00+05:30,2026-06-02 14:40:00+05:30,2026-06-02 15:05:00+05:30,2.286030906243631,0.0030657523194836944,1242.5,1242.2,-0.00024144869215292353
AXISBANK,2026-06-03 11:45:00+05:30,2026-06-03 11:50:00+05:30,2026-06-03 12:15:00+05:30,2.1193163905166816,0.005577109602327823,1244.9,1242.4,-0.0020081934291911185
BHARTIARTL,2026-06-03 11:50:00+05:30,2026-06-03 11:55:00+05:30,2026-06-03 12:20:00+05:30,2.141395458813313,0.000991407799074695,1820.5,1816.9,-0.001977478714638825
MAXHEALTH,2026-06-03 11:50:00+05:30,2026-06-03 11:55:00+05:30,2026-06-03 12:20:00+05:30,2.045127299369139,0.006752866041982886,964.4,963.7,-0.00072583990045616
POWERGRID,2026-06-03 12:20:00+05:30,2026-06-03 12:25:00+05:30,2026-06-03 12:50:00+05:30,3.5185128463070603,0.0017683465959328348,284.0,284.3,0.0010563380281689572
ADANIPOWER,2026-06-03 12:25:00+05:30,2026-06-03 12:30:00+05:30,2026-06-03 12:55:00+05:30,2.5352828915402688,0.0029311608258975053,233.11,233.25,0.0006005748359143581
CANBK,2026-06-03 12:30:00+05:30,2026-06-03 12:35:00+05:30,2026-06-03 13:00:00+05:30,3.6881583025942626,0.0046955958549221855,124.42,124.9,0.003857900659058
HDFCBANK,2026-06-03 12:30:00+05:30,2026-06-03 12:35:00+05:30,2026-06-03 13:00:00+05:30,3.2823270671926883,0.001341651573086411,749.45,748.1,-0.0018013209687104403
ICICIBANK,2026-06-03 12:30:00+05:30,2026-06-03 12:35:00+05:30,2026-06-03 13:00:00+05:30,8.122103236221747,0.004504873454009406,1233.0,1234.1,0.0008921330089213253
M&M,2026-06-03 12:30:00+05:30,2026-06-03 12:35:00+05:30,2026-06-03 13:00:00+05:30,2.115872725902166,0.0013623978201635634,3017.7,3012.3,-0.001789442290486054
TATASTEEL,2026-06-03 12:30:00+05:30,2026-06-03 12:35:00+05:30,2026-06-03 13:00:00+05:30,2.225329904708921,0.0020611638385581443,209.6,209.38,-0.001049618320610679
TMPV,2026-06-03 12:30:00+05:30,2026-06-03 12:35:00+05:30,2026-06-03 13:00:00+05:30,2.1239143858845373,0.0014157014157014647,390.25,392.4,0.0055092889173606885
TRENT,2026-06-03 12:30:00+05:30,2026-06-03 12:35:00+05:30,2026-06-03 13:00:00+05:30,2.1942286318968223,0.006761565836298944,2831.3,2834.3,0.0010595839367075754
GOLDBEES,2026-06-03 12:35:00+05:30,2026-06-03 12:40:00+05:30,2026-06-03 13:05:00+05:30,2.323151178535264,0.0031355334326252926,128.04,127.91,-0.0010153077163386204
IDEA,2026-06-03 12:35:00+05:30,2026-06-03 12:40:00+05:30,2026-06-03 13:05:00+05:30,2.3071048492693977,0.0070372976776917895,14.33,14.34,0.0006978367062107083
ITC,2026-06-03 12:35:00+05:30,2026-06-03 12:40:00+05:30,2026-06-03 13:05:00+05:30,2.22940995244271,0.0072621641249093205,277.75,277.4,-0.0012601260126013925
KOTAKBANK,2026-06-03 12:35:00+05:30,2026-06-03 12:40:00+05:30,2026-06-03 13:05:00+05:30,2.5123950979535703,0.009985354812940939,379.95,378.9,-0.0027635215159890203
MARUTI,2026-06-03 12:35:00+05:30,2026-06-03 12:40:00+05:30,2026-06-03 13:05:00+05:30,3.1629979674576734,0.0007614986293025261,13170.0,13094.0,-0.005770690964312819
SBIN,2026-06-03 12:35:00+05:30,2026-06-03 12:40:00+05:30,2026-06-03 13:05:00+05:30,2.5587739404609353,0.005489527261098859,944.85,949.45,0.004868497645128977
BAJFINANCE,2026-06-03 12:40:00+05:30,2026-06-03 12:45:00+05:30,2026-06-03 13:10:00+05:30,2.5500299440446192,0.007166801525835043,873.0,868.65,-0.00498281786941579
LT,2026-06-03 13:00:00+05:30,2026-06-03 13:05:00+05:30,2026-06-03 13:30:00+05:30,2.3988899596592095,0.004642028209248528,3947.9,3946.0,-0.000481268522505629
AXISBANK,2026-06-03 13:20:00+05:30,2026-06-03 13:25:00+05:30,2026-06-03 13:50:00+05:30,2.1518250492312907,0.0040777164787717535,1258.0,1261.5,0.002782193958664525
GRSE,2026-06-03 13:20:00+05:30,2026-06-03 13:25:00+05:30,2026-06-03 13:50:00+05:30,2.309269012793926,0.0003466872110939878,2601.2,2598.1,-0.001191757650315206
INDIGO,2026-06-03 13:20:00+05:30,2026-06-03 13:25:00+05:30,2026-06-03 13:50:00+05:30,2.3955023165275553,0.0022272215973002663,4468.3,4453.8,-0.0032450820222456045
HINDCOPPER,2026-06-03 13:25:00+05:30,2026-06-03 13:30:00+05:30,2026-06-03 13:55:00+05:30,2.131757556992812,0.0044329516069450126,544.35,545.0,0.0011940846881601797
RELIANCE,2026-06-03 13:25:00+05:30,2026-06-03 13:30:00+05:30,2026-06-03 13:55:00+05:30,2.3827365922368235,0.00045945325063168063,1308.9,1310.9,0.0015280006112001754
TATAINVEST,2026-06-03 13:25:00+05:30,2026-06-03 13:30:00+05:30,2026-06-03 13:55:00+05:30,2.27516696111197,0.0013585931013662123,664.5,664.2,-0.0004514672686229959
BEL,2026-06-03 13:30:00+05:30,2026-06-03 13:35:00+05:30,2026-06-03 14:00:00+05:30,2.7355227365075345,0.001978239366963397,406.2,406.35,0.00036927621861160276
TITAN,2026-06-03 13:30:00+05:30,2026-06-03 13:35:00+05:30,2026-06-03 14:00:00+05:30,2.3383643356596266,0.0005214023239645815,4037.0,4058.2,0.005251424324993703
CANBK,2026-06-03 13:35:00+05:30,2026-06-03 13:40:00+05:30,2026-06-03 14:05:00+05:30,2.0723259116655055,0.005124099279423477,125.66,126.31,0.005172688206271037
IDEA,2026-06-03 13:40:00+05:30,2026-06-03 13:45:00+05:30,2026-06-03 14:10:00+05:30,3.1170161532123837,0.04114365411436549,14.98,14.92,-0.004005340453938633
ANANTRAJ,2026-06-03 13:45:00+05:30,2026-06-03 13:50:00+05:30,2026-06-03 14:15:00+05:30,2.191786850201279,0.001379944802207822,546.3,546.45,0.0002745744096652736
BAJFINANCE,2026-06-03 13:45:00+05:30,2026-06-03 13:50:00+05:30,2026-06-03 14:15:00+05:30,2.7610573862803145,0.005698497668796376,876.05,875.1,-0.0010844129901260713
BSE,2026-06-03 13:45:00+05:30,2026-06-03 13:50:00+05:30,2026-06-03 14:15:00+05:30,3.3684585800450235,0.003656683748358258,3920.2,3957.1,0.009412785061986728
GMDCLTD,2026-06-03 13:45:00+05:30,2026-06-03 13:50:00+05:30,2026-06-03 14:15:00+05:30,2.932653690073094,0.0031847133757962887,665.75,666.3,0.0008261359369132748
MARUTI,2026-06-03 13:45:00+05:30,2026-06-03 13:50:00+05:30,2026-06-03 14:15:00+05:30,2.146026670382273,0.0012976108693993904,13168.0,13144.0,-0.0018226002430133947
TATASTEEL,2026-06-03 13:45:00+05:30,2026-06-03 13:50:00+05:30,2026-06-03 14:15:00+05:30,3.0712896795365476,0.00396958247644541,210.78,211.75,0.004601954644653183
TMPV,2026-06-03 13:45:00+05:30,2026-06-03 13:50:00+05:30,2026-06-03 14:15:00+05:30,2.0202460023132445,0.0038163083577154033,396.25,397.1,0.002145110410094686
WAAREEENER,2026-06-03 13:45:00+05:30,2026-06-03 13:50:00+05:30,2026-06-03 14:15:00+05:30,2.061449573036423,0.005956886621688362,3059.0,3063.4,0.0014383785550833306
SAMMAANCAP,2026-06-03 13:55:00+05:30,2026-06-03 14:00:00+05:30,2026-06-03 14:25:00+05:30,2.066610393699476,0.00508317929759694,174.68,175.72,0.0059537439890084976
SWIGGY,2026-06-03 14:00:00+05:30,2026-06-03 14:05:00+05:30,2026-06-03 14:30:00+05:30,2.1905405547762635,0.0021947326416600355,251.35,251.7,0.001392480604734514
SUNPHARMA,2026-06-03 14:05:00+05:30,2026-06-03 14:10:00+05:30,2026-06-03 14:35:00+05:30,2.195652041010061,0.0033416402356138963,1773.2,1779.3,0.0034401082788177995
HAL,2026-06-03 14:15:00+05:30,2026-06-03 14:20:00+05:30,2026-06-03 14:45:00+05:30,2.7962757716731326,0.0024495948746936502,4270.0,4282.1,0.0028337236533959587
MAXHEALTH,2026-06-03 14:15:00+05:30,2026-06-03 14:20:00+05:30,2026-06-03 14:45:00+05:30,2.288731254991884,0.0015571473061350982,966.0,966.15,0.0001552795031056764
PAYTM,2026-06-03 14:20:00+05:30,2026-06-03 14:25:00+05:30,2026-06-03 14:50:00+05:30,2.4660624771701865,0.0029431311117442682,1062.8,1065.6,0.0026345502446367686
GRSE,2026-06-03 14:25:00+05:30,2026-06-03 14:30:00+05:30,2026-06-03 14:55:00+05:30,2.5397259380666974,0.0036180285593319095,2616.0,2617.1,0.0004204892966359619
HEROMOTOCO,2026-06-03 14:25:00+05:30,2026-06-03 14:30:00+05:30,2026-06-03 14:55:00+05:30,2.10499578233616,0.0010319917440659854,4857.3,4854.0,-0.0006793897844481478
KAYNES,2026-06-03 14:30:00+05:30,2026-06-03 14:35:00+05:30,2026-06-03 15:00:00+05:30,2.061991685555655,0.0019563914044997688,3184.0,3211.3,0.008574120603015212
MCX,2026-06-03 14:30:00+05:30,2026-06-03 14:35:00+05:30,2026-06-03 15:00:00+05:30,2.1527273434950582,0.011106774067634273,2851.5,2837.0,-0.005085042959845687
HINDALCO,2026-06-03 14:35:00+05:30,2026-06-03 14:40:00+05:30,2026-06-03 15:05:00+05:30,2.064776512944977,0.0030712530712531105,1144.5,1138.3,-0.005417212756662293
TITAN,2026-06-03 14:35:00+05:30,2026-06-03 14:40:00+05:30,2026-06-03 15:05:00+05:30,2.007603336263706,0.0068503277315066224,4083.8,4089.0,0.0012733238650275425
BEL,2026-06-03 14:40:00+05:30,2026-06-03 14:45:00+05:30,2026-06-03 15:10:00+05:30,2.186408382986776,0.0025833435846966957,407.9,406.55,-0.003309634714390719
M&M,2026-06-03 14:40:00+05:30,2026-06-03 14:45:00+05:30,2026-06-03 15:10:00+05:30,2.482338127580741,0.002953866578161435,3025.9,3010.2,-0.00518853894709026
VEDL,2026-06-03 14:40:00+05:30,2026-06-03 14:45:00+05:30,2026-06-03 15:10:00+05:30,2.0156230811881626,0.0048639610883114415,330.65,327.6,-0.009224255254800973
CANBK,2026-06-03 14:45:00+05:30,2026-06-03 14:50:00+05:30,2026-06-03 15:15:00+05:30,2.3055356596013517,0.004441976679622428,127.12,127.62,0.00393329137822529
GMDCLTD,2026-06-03 14:50:00+05:30,2026-06-03 14:55:00+05:30,2026-06-03 15:20:00+05:30,2.005519013544977,0.003076692180699503,669.7,668.0,-0.0025384500522622755
HDFCBANK,2026-06-03 14:50:00+05:30,2026-06-03 14:55:00+05:30,2026-06-03 15:20:00+05:30,2.8945511018094776,0.004600920184036683,755.25,753.6,-0.0021847070506454402
TATAINVEST,2026-06-03 14:50:00+05:30,2026-06-03 14:55:00+05:30,2026-06-03 15:20:00+05:30,2.0669969546061746,0.0002254283137961277,667.7,664.9,-0.00419350007488406
WAAREEENER,2026-06-03 14:50:00+05:30,2026-06-03 14:55:00+05:30,2026-06-03 15:20:00+05:30,3.0328124377746946,0.005353528758895276,3092.1,3091.6,-0.000161702402897701
ETERNAL,2026-06-03 14:55:00+05:30,2026-06-03 15:00:00+05:30,2026-06-03 15:25:00+05:30,2.111812467985607,0.0014110058455956143,248.45,246.65,-0.007244918494666908
BSE,2026-06-04 11:45:00+05:30,2026-06-04 11:50:00+05:30,2026-06-04 12:15:00+05:30,2.531750637714645,0.010833188725550835,4091.5,4072.9,-0.0045460100207747045
DIXON,2026-06-04 11:45:00+05:30,2026-06-04 11:50:00+05:30,2026-06-04 12:15:00+05:30,2.3608120799576646,0.006812350703353065,11442.0,11539.0,0.008477538891802139
KAYNES,2026-06-04 11:45:00+05:30,2026-06-04 11:50:00+05:30,2026-06-04 12:15:00+05:30,2.4630650618738694,0.010617037222083514,3231.0,3235.0,0.0012380068090374063
TATASTEEL,2026-06-04 11:45:00+05:30,2026-06-04 11:50:00+05:30,2026-06-04 12:15:00+05:30,2.079749213482969,0.007130633200228109,211.9,211.7,-0.0009438414346391033
ANANTRAJ,2026-06-04 12:00:00+05:30,2026-06-04 12:05:00+05:30,2026-06-04 12:30:00+05:30,2.5169315872297515,0.01040492499783241,583.15,582.35,-0.0013718597273427724
GRSE,2026-06-04 12:05:00+05:30,2026-06-04 12:10:00+05:30,2026-06-04 12:35:00+05:30,2.316017787892375,0.005027558468643001,2707.0,2686.2,-0.007683782785371296
HDFCBANK,2026-06-04 12:05:00+05:30,2026-06-04 12:10:00+05:30,2026-06-04 12:35:00+05:30,3.5211854867160843,0.0006665777896279756,754.85,753.75,-0.001457243160892907
ICICIBANK,2026-06-04 12:05:00+05:30,2026-06-04 12:10:00+05:30,2026-06-04 12:35:00+05:30,2.3571738803118927,0.002555298251217808,1259.4,1253.8,-0.004446561854851594
IDEA,2026-06-04 12:05:00+05:30,2026-06-04 12:10:00+05:30,2026-06-04 12:35:00+05:30,2.891428774907057,0.00465425531914887,15.18,15.11,-0.00461133069828723
MAXHEALTH,2026-06-04 12:20:00+05:30,2026-06-04 12:25:00+05:30,2026-06-04 12:50:00+05:30,2.6770913693511655,0.005333333333333412,963.4,960.25,-0.003269669919036766
KOTAKBANK,2026-06-04 12:25:00+05:30,2026-06-04 12:30:00+05:30,2026-06-04 12:55:00+05:30,2.4860609904488586,0.004331845628773978,383.8,381.7,-0.0054715997915582015
M&M,2026-06-04 12:50:00+05:30,2026-06-04 12:55:00+05:30,2026-06-04 13:20:00+05:30,2.795197657500125,0.00019815059445171812,3052.4,3033.3,-0.006257371248853283
BEL,2026-06-04 12:55:00+05:30,2026-06-04 13:00:00+05:30,2026-06-04 13:25:00+05:30,2.2354839636138872,0.000978593272171091,409.5,410.25,0.001831501831501825
SAMMAANCAP,2026-06-04 13:00:00+05:30,2026-06-04 13:05:00+05:30,2026-06-04 13:30:00+05:30,2.6312301859411833,0.0023592669812355638,183.7,184.57,0.0047359825802939515
TITAN,2026-06-04 13:10:00+05:30,2026-06-04 13:15:00+05:30,2026-06-04 13:40:00+05:30,2.3891037418540013,0.007182587666263451,4177.3,4213.3,0.008618006846527582
BAJAJ-AUTO,2026-06-04 13:40:00+05:30,2026-06-04 13:45:00+05:30,2026-06-04 14:10:00+05:30,3.5124106028637403,0.002329644729178737,10393.0,10428.0,0.0033676513037621536
MAXHEALTH,2026-06-04 14:05:00+05:30,2026-06-04 14:10:00+05:30,2026-06-04 14:35:00+05:30,2.0513822553908336,0.002800248911014158,968.45,968.0,-0.00046466002374934146
TMPV,2026-06-04 14:05:00+05:30,2026-06-04 14:10:00+05:30,2026-06-04 14:35:00+05:30,3.0199709218746307,0.002512562814070307,400.8,400.65,-0.00037425149700609506
ICICIBANK,2026-06-04 14:10:00+05:30,2026-06-04 14:15:00+05:30,2026-06-04 14:40:00+05:30,2.1661752454260577,0.005675913342393368,1259.1,1260.6,0.0011913271384322854
TRENT,2026-06-04 14:15:00+05:30,2026-06-04 14:20:00+05:30,2026-06-04 14:45:00+05:30,2.3735072807081146,0.010694217872031953,2802.0,2825.5,0.008386866523911518
POWERGRID,2026-06-04 14:20:00+05:30,2026-06-04 14:25:00+05:30,2026-06-04 14:50:00+05:30,2.369959770592367,0.0014171833480955964,283.25,284.15,0.0031774051191526542
MCX,2026-06-04 14:30:00+05:30,2026-06-04 14:35:00+05:30,2026-06-04 15:00:00+05:30,2.141275768967589,0.0016238253178550988,2903.3,2891.8,-0.003961009885302902
SUNPHARMA,2026-06-04 14:30:00+05:30,2026-06-04 14:35:00+05:30,2026-06-04 15:00:00+05:30,3.28709451252343,0.000674119431492537,1786.2,1779.4,-0.003806964505654431
BEL,2026-06-04 14:35:00+05:30,2026-06-04 14:40:00+05:30,2026-06-04 15:05:00+05:30,2.4821645761706153,0.0006093845216330607,411.25,409.3,-0.004741641337385971
HDFCBANK,2026-06-04 14:35:00+05:30,2026-06-04 14:40:00+05:30,2026-06-04 15:05:00+05:30,2.4278623127586902,0.0009280127270316907,756.95,755.25,-0.0022458550762930463
NETWEB,2026-06-04 14:35:00+05:30,2026-06-04 14:40:00+05:30,2026-06-04 15:05:00+05:30,2.2038054645303657,0.004689067715052175,4917.2,4936.0,0.0038233140811845256
SILVERBEES,2026-06-04 14:35:00+05:30,2026-06-04 14:40:00+05:30,2026-06-04 15:05:00+05:30,2.1573941969059676,0.00016248933663742804,246.2,246.58,0.001543460601137303
TCS,2026-06-04 14:40:00+05:30,2026-06-04 14:45:00+05:30,2026-06-04 15:10:00+05:30,2.7043543739874845,0.0016564444643418774,2239.6,2240.7,0.0004911591355598599
HCLTECH,2026-06-04 14:45:00+05:30,2026-06-04 14:50:00+05:30,2026-06-04 15:15:00+05:30,2.4410518882482113,0.0017971758664954152,1172.3,1169.1,-0.00272967670391544
VEDL,2026-06-04 14:45:00+05:30,2026-06-04 14:50:00+05:30,2026-06-04 15:15:00+05:30,2.77362757710023,0.0021370783086551715,329.15,327.0,-0.0065319763025974975
TMPV,2026-06-05 11:50:00+05:30,2026-06-05 11:55:00+05:30,2026-06-05 12:20:00+05:30,2.0439091504313613,0.0007530120481928915,400.35,400.75,0.000999125764955533
HEROMOTOCO,2026-06-05 12:00:00+05:30,2026-06-05 12:05:00+05:30,2026-06-05 12:30:00+05:30,2.354872486879613,2.0676963794485914e-05,4856.8,4847.7,-0.0018736616702356157
ICICIBANK,2026-06-05 12:05:00+05:30,2026-06-05 12:10:00+05:30,2026-06-05 12:35:00+05:30,2.053016471634154,0.003501512016552688,1261.4,1260.0,-0.0011098779134296466
SUNPHARMA,2026-06-05 12:10:00+05:30,2026-06-05 12:15:00+05:30,2026-06-05 12:40:00+05:30,2.6924495715387016,0.0018986988328586474,1798.0,1795.5,-0.0013904338153504225
MAXHEALTH,2026-06-05 12:15:00+05:30,2026-06-05 12:20:00+05:30,2026-06-05 12:45:00+05:30,2.403128895678771,0.0020133188787363476,972.5,970.45,-0.0021079691516708854
ITC,2026-06-05 12:20:00+05:30,2026-06-05 12:25:00+05:30,2026-06-05 12:50:00+05:30,3.0403950813093865,0.0028607187555873548,281.15,280.4,-0.002667615152054048
GOLDBEES,2026-06-05 12:50:00+05:30,2026-06-05 12:55:00+05:30,2026-06-05 13:20:00+05:30,2.025621705471797,0.0005482026783616423,127.83,127.64,-0.001486349057341796
MAXHEALTH,2026-06-05 13:20:00+05:30,2026-06-05 13:25:00+05:30,2026-06-05 13:50:00+05:30,2.2158835523542337,0.0037096192488019764,974.0,971.55,-0.0025154004106776595
TITAN,2026-06-05 13:55:00+05:30,2026-06-05 14:00:00+05:30,2026-06-05 14:25:00+05:30,2.9946990215660296,0.002479046157478404,4254.5,4262.1,0.0017863438711953616
INDIGO,2026-06-05 14:25:00+05:30,2026-06-05 14:30:00+05:30,2026-06-05 14:55:00+05:30,2.404845294470114,0.0007622292965070443,4469.4,4482.1,0.0028415447263616667
BEL,2026-06-05 14:40:00+05:30,2026-06-05 14:45:00+05:30,2026-06-05 15:10:00+05:30,3.8900208392429723,0.0018461538461538307,408.2,408.15,-0.00012248897599220765
M&M,2026-06-05 14:40:00+05:30,2026-06-05 14:45:00+05:30,2026-06-05 15:10:00+05:30,4.298886553340708,0.0013504166529429984,3052.7,3038.1,-0.00478265142333012
MAXHEALTH,2026-06-05 14:40:00+05:30,2026-06-05 14:45:00+05:30,2026-06-05 15:10:00+05:30,2.694476591452027,0.0006666666666665932,978.5,977.25,-0.0012774655084312192
POWERGRID,2026-06-05 14:40:00+05:30,2026-06-05 14:45:00+05:30,2026-06-05 15:10:00+05:30,2.334541649195467,0.0007016312927556889,286.25,285.8,-0.0015720524017467374
TATASTEEL,2026-06-05 14:40:00+05:30,2026-06-05 14:45:00+05:30,2026-06-05 15:10:00+05:30,2.4042049244244854,0.004425854773600468,207.0,206.65,-0.0016908212560385882
WAAREEENER,2026-06-05 14:40:00+05:30,2026-06-05 14:45:00+05:30,2026-06-05 15:10:00+05:30,2.3954133843665244,0.0033848176141966224,3059.9,3054.0,-0.0019281675871760662
SILVERBEES,2026-06-05 14:45:00+05:30,2026-06-05 14:50:00+05:30,2026-06-05 15:15:00+05:30,2.9089729439210705,0.0015210063306749788,243.79,243.6,-0.0007793592846302433
TRENT,2026-06-05 14:50:00+05:30,2026-06-05 14:55:00+05:30,2026-06-05 15:20:00+05:30,2.406509033343537,0.007284192215698981,2788.9,2772.6,-0.0058445982286924325
AXISBANK,2026-06-05 14:55:00+05:30,2026-06-05 15:00:00+05:30,2026-06-05 15:25:00+05:30,2.1663329050399036,0.0022099447513812542,1270.8,1273.3,0.0019672647151400824
CANBK,2026-06-05 14:55:00+05:30,2026-06-05 15:00:00+05:30,2026-06-05 15:25:00+05:30,2.150312487387697,0.009687836383207582,131.56,131.75,0.0014442079659471307
M&M,2026-06-08 11:45:00+05:30,2026-06-08 11:50:00+05:30,2026-06-08 12:15:00+05:30,2.49026440587039,0.0037916918327629556,2990.1,2988.3,-0.0006019865556334825
MARUTI,2026-06-08 11:45:00+05:30,2026-06-08 11:50:00+05:30,2026-06-08 12:15:00+05:30,2.308926649080841,0.0033204633204633183,12993.0,12992.0,-7.696451935657045e-05
POWERGRID,2026-06-08 11:55:00+05:30,2026-06-08 12:00:00+05:30,2026-06-08 12:25:00+05:30,2.16900521744636,0.003444712366517333,291.85,291.05,-0.002741134144252255
SAMMAANCAP,2026-06-08 12:05:00+05:30,2026-06-08 12:10:00+05:30,2026-06-08 12:35:00+05:30,2.9897042634327025,0.005118326912493254,183.3,181.3,-0.010911074740861948
ICICIBANK,2026-06-08 12:10:00+05:30,2026-06-08 12:15:00+05:30,2026-06-08 12:40:00+05:30,2.1084454808144755,0.0014426544842509603,1251.1,1252.2,0.0008792262808730023
BEL,2026-06-08 12:25:00+05:30,2026-06-08 12:30:00+05:30,2026-06-08 12:55:00+05:30,2.153234525073257,0.003050640634533197,411.9,413.6,0.004127215343530111
BAJFINANCE,2026-06-08 12:30:00+05:30,2026-06-08 12:35:00+05:30,2026-06-08 13:00:00+05:30,2.28199439258728,0.0024722589547518936,874.9,871.55,-0.0038290090296033696
MCX,2026-06-08 12:30:00+05:30,2026-06-08 12:35:00+05:30,2026-06-08 13:00:00+05:30,3.150184132208761,0.004372133027522818,2809.3,2837.5,0.010038087779874028
BSE,2026-06-08 12:35:00+05:30,2026-06-08 12:40:00+05:30,2026-06-08 13:05:00+05:30,2.5189607382711765,0.0007626019980171428,3945.6,3947.8,0.0005575831305759671
HINDALCO,2026-06-08 12:40:00+05:30,2026-06-08 12:45:00+05:30,2026-06-08 13:10:00+05:30,2.261973154899376,0.004310748758317162,1074.3,1075.7,0.0013031741599180968
KOTAKBANK,2026-06-08 12:40:00+05:30,2026-06-08 12:45:00+05:30,2026-06-08 13:10:00+05:30,2.5244972340929417,0.0018582426333952906,377.9,377.1,-0.002116962159301239
GRSE,2026-06-08 12:45:00+05:30,2026-06-08 12:50:00+05:30,2026-06-08 13:15:00+05:30,2.8893099144632335,0.003639707290908456,2631.8,2617.0,-0.0056235276236796805
HAL,2026-06-08 12:45:00+05:30,2026-06-08 12:50:00+05:30,2026-06-08 13:15:00+05:30,4.155391892141104,0.0027120902126851476,4236.0,4210.0,-0.006137865911236995
HDFCBANK,2026-06-08 12:45:00+05:30,2026-06-08 12:50:00+05:30,2026-06-08 13:15:00+05:30,2.003346268780755,0.0014214160010830312,740.0,738.2,-0.0024324324324324076
LT,2026-06-08 12:50:00+05:30,2026-06-08 12:55:00+05:30,2026-06-08 13:20:00+05:30,2.403936094017007,0.0016690204134035547,3904.9,3902.4,-0.0006402212604675883
TMPV,2026-06-08 12:50:00+05:30,2026-06-08 12:55:00+05:30,2026-06-08 13:20:00+05:30,2.526978386257488,0.003211716341212645,391.3,391.85,0.0014055711730129872
VEDL,2026-06-08 12:50:00+05:30,2026-06-08 12:55:00+05:30,2026-06-08 13:20:00+05:30,2.168626980321981,0.0021039003074931895,309.75,309.1,-0.0020984665052461438
RELIANCE,2026-06-08 12:55:00+05:30,2026-06-08 13:00:00+05:30,2026-06-08 13:25:00+05:30,2.210491722407806,0.000940512579355568,1277.0,1272.0,-0.003915426781519238
WAAREEENER,2026-06-08 12:55:00+05:30,2026-06-08 13:00:00+05:30,2026-06-08 13:25:00+05:30,3.4339067753514763,0.0013214403700032573,3037.6,3030.0,-0.002501975243613397
MAXHEALTH,2026-06-08 13:55:00+05:30,2026-06-08 14:00:00+05:30,2026-06-08 14:25:00+05:30,2.3294025491020838,4.9778485738505296e-05,1007.75,1006.1,-0.0016373108409823978
HAL,2026-06-08 14:45:00+05:30,2026-06-08 14:50:00+05:30,2026-06-08 15:15:00+05:30,4.816053062495179,0.00903312144529922,4267.0,4236.5,-0.007147879071947472
SBIN,2026-06-08 14:45:00+05:30,2026-06-08 14:50:00+05:30,2026-06-08 15:15:00+05:30,2.732335813747723,0.002855103497501732,985.35,983.35,-0.002029735626934537
INDIGO,2026-06-08 14:55:00+05:30,2026-06-08 15:00:00+05:30,2026-06-08 15:25:00+05:30,2.5958189828844156,0.0013262902746333793,4383.3,4375.0,-0.0018935505212968051
CANBK,2026-06-09 11:45:00+05:30,2026-06-09 11:50:00+05:30,2026-06-09 12:15:00+05:30,2.4397455751000123,0.00521032871044369,131.85,132.52,0.005081532043989423
DIXON,2026-06-09 11:45:00+05:30,2026-06-09 11:50:00+05:30,2026-06-09 12:15:00+05:30,3.4210848739927258,0.0015596568754874252,11620.0,11614.0,-0.000516351118760805
HINDALCO,2026-06-09 11:45:00+05:30,2026-06-09 11:50:00+05:30,2026-06-09 12:15:00+05:30,2.686228565817106,0.003205430376166607,1067.7,1065.3,-0.0022478224220287
HINDZINC,2026-06-09 11:45:00+05:30,2026-06-09 11:50:00+05:30,2026-06-09 12:15:00+05:30,5.045761339866907,0.010968432316746934,569.55,568.3,-0.0021947151259766873
INDIGO,2026-06-09 11:45:00+05:30,2026-06-09 11:50:00+05:30,2026-06-09 12:15:00+05:30,4.54180081902329,0.008699179662850609,4488.7,4528.0,0.008755318911934484
MARUTI,2026-06-09 11:45:00+05:30,2026-06-09 11:50:00+05:30,2026-06-09 12:15:00+05:30,2.598777312632917,0.003099333643266755,12964.0,13041.0,0.005939524838012966
SBIN,2026-06-09 11:45:00+05:30,2026-06-09 11:50:00+05:30,2026-06-09 12:15:00+05:30,2.860307088884548,0.0021214264067077604,993.5,1000.2,0.0067438349270256825
VEDL,2026-06-09 11:45:00+05:30,2026-06-09 11:50:00+05:30,2026-06-09 12:15:00+05:30,3.5743819891798467,0.001142484086828599,308.35,307.9,-0.0014593805740231724
LT,2026-06-09 11:50:00+05:30,2026-06-09 11:55:00+05:30,2026-06-09 12:20:00+05:30,2.022829571135579,0.0017685958886553,3910.1,3916.4,0.0016112119894631238
SWIGGY,2026-06-09 11:50:00+05:30,2026-06-09 11:55:00+05:30,2026-06-09 12:20:00+05:30,3.0909337244021513,0.0030744004919041057,246.15,247.1,0.003859435303676495
NETWEB,2026-06-09 11:55:00+05:30,2026-06-09 12:00:00+05:30,2026-06-09 12:25:00+05:30,2.1396184091167147,0.023191568390751094,4420.0,4405.0,-0.0033936651583710287
SAMMAANCAP,2026-06-09 11:55:00+05:30,2026-06-09 12:00:00+05:30,2026-06-09 12:25:00+05:30,2.681226931899572,0.0071242790908061515,179.05,178.57,-0.0026808154146887864
AXISBANK,2026-06-09 12:15:00+05:30,2026-06-09 12:20:00+05:30,2026-06-09 12:45:00+05:30,2.316245244716141,0.0026610315410502405,1284.4,1282.1,-0.0017907194020555517
PAYTM,2026-06-09 12:15:00+05:30,2026-06-09 12:20:00+05:30,2026-06-09 12:45:00+05:30,2.4021210962217148,0.002558514166587811,1059.3,1059.3,0.0
ETERNAL,2026-06-09 12:20:00+05:30,2026-06-09 12:25:00+05:30,2026-06-09 12:50:00+05:30,2.086836788912889,0.004681457358029828,246.85,244.7,-0.008709742758760353
ICICIBANK,2026-06-09 12:30:00+05:30,2026-06-09 12:35:00+05:30,2026-06-09 13:00:00+05:30,2.2292356811333014,0.006091772151898711,1273.5,1274.5,0.0007852375343542217
HDFCBANK,2026-06-09 12:35:00+05:30,2026-06-09 12:40:00+05:30,2026-06-09 13:05:00+05:30,2.1544388991902372,0.002856948506904322,738.2,740.5,0.0031156868057435894
TITAN,2026-06-09 12:40:00+05:30,2026-06-09 12:45:00+05:30,2026-06-09 13:10:00+05:30,2.2067734704291313,0.001138235009202626,4139.5,4138.6,-0.00021741756250748256
SAMMAANCAP,2026-06-09 13:05:00+05:30,2026-06-09 13:10:00+05:30,2026-06-09 13:35:00+05:30,2.0358907462122486,0.0021737918733628625,180.06,180.22,0.0008885926913251296
AXISBANK,2026-06-09 13:20:00+05:30,2026-06-09 13:25:00+05:30,2026-06-09 13:50:00+05:30,2.2348235164282393,0.002573902191716826,1286.5,1285.8,-0.0005441119315974241
HEROMOTOCO,2026-06-09 13:20:00+05:30,2026-06-09 13:25:00+05:30,2026-06-09 13:50:00+05:30,2.0224408487966476,0.0014074304046363117,4839.8,4843.9,0.0008471424439024933
BEL,2026-06-09 13:35:00+05:30,2026-06-09 13:40:00+05:30,2026-06-09 14:05:00+05:30,2.1900775768441174,0.00012166930283497024,412.35,412.0,-0.0008487935006669112
GRSE,2026-06-09 13:40:00+05:30,2026-06-09 13:45:00+05:30,2026-06-09 14:10:00+05:30,4.0749074825460525,0.007368860865271332,2653.0,2648.0,-0.0018846588767432726
HINDALCO,2026-06-09 13:40:00+05:30,2026-06-09 13:45:00+05:30,2026-06-09 14:10:00+05:30,2.1292848847708146,0.004126805477396189,1072.8,1079.5,0.0062453392990307055
TATAINVEST,2026-06-09 13:50:00+05:30,2026-06-09 13:55:00+05:30,2026-06-09 14:20:00+05:30,2.370797210649899,7.614406457023826e-05,659.7,657.5,-0.0033348491738669495
GMDCLTD,2026-06-09 14:05:00+05:30,2026-06-09 14:10:00+05:30,2026-06-09 14:35:00+05:30,2.3904516536353206,0.0016100466913540057,623.4,622.9,-0.0008020532563361993
WAAREEENER,2026-06-09 14:10:00+05:30,2026-06-09 14:15:00+05:30,2026-06-09 14:40:00+05:30,2.320115423327021,0.00224592925322864,3035.9,3036.9,0.0003293916136895003
TATASTEEL,2026-06-09 14:15:00+05:30,2026-06-09 14:20:00+05:30,2026-06-09 14:45:00+05:30,2.0676596767925663,0.0007896165424665647,202.99,202.98,-4.92635105178163e-05
MARUTI,2026-06-09 14:25:00+05:30,2026-06-09 14:30:00+05:30,2026-06-09 14:55:00+05:30,2.120540307296708,0.0009213051823415697,13054.0,13151.0,0.007430672590776677
AXISBANK,2026-06-09 14:35:00+05:30,2026-06-09 14:40:00+05:30,2026-06-09 15:05:00+05:30,3.0828786039619973,0.00209627329192541,1294.9,1291.7,-0.002471233299868758
ICICIBANK,2026-06-09 14:35:00+05:30,2026-06-09 14:40:00+05:30,2026-06-09 15:05:00+05:30,2.019724470031729,0.0012549019607841494,1277.8,1276.9,-0.000704335576772519
ITC,2026-06-09 14:35:00+05:30,2026-06-09 14:40:00+05:30,2026-06-09 15:05:00+05:30,2.014665553136391,0.0017959770114941431,279.75,280.2,0.0016085790884718953
KOTAKBANK,2026-06-09 14:35:00+05:30,2026-06-09 14:40:00+05:30,2026-06-09 15:05:00+05:30,2.1222882963440193,0.002109982856389303,380.55,381.75,0.0031533307055577886
SBIN,2026-06-09 14:35:00+05:30,2026-06-09 14:40:00+05:30,2026-06-09 15:05:00+05:30,2.268613110194993,0.0007962575893301072,1007.0,1001.65,-0.00531281032770603
TRENT,2026-06-09 14:35:00+05:30,2026-06-09 14:40:00+05:30,2026-06-09 15:05:00+05:30,2.432672850009688,0.005107955368787165,2780.0,2775.1,-0.0017625899280575563
HAL,2026-06-09 14:40:00+05:30,2026-06-09 14:45:00+05:30,2026-06-09 15:10:00+05:30,3.064447815243668,0.00044689058236890844,4261.1,4265.9,0.0011264696909247807
PAYTM,2026-06-09 14:40:00+05:30,2026-06-09 14:45:00+05:30,2026-06-09 15:10:00+05:30,2.0653346686143523,0.0016918883353698178,1067.5,1071.8,0.004028103044496412
HCLTECH,2026-06-09 14:45:00+05:30,2026-06-09 14:50:00+05:30,2026-06-09 15:15:00+05:30,2.1083610049512833,0.0028944829400932015,1144.0,1146.6,0.002272727272727204
BSE,2026-06-09 14:50:00+05:30,2026-06-09 14:55:00+05:30,2026-06-09 15:20:00+05:30,2.2216387291718944,0.002337858220211153,3996.0,3992.0,-0.0010010010010009784
INFY,2026-06-09 14:50:00+05:30,2026-06-09 14:55:00+05:30,2026-06-09 15:20:00+05:30,2.258573438215535,0.001131024882547349,1151.6,1155.6,0.003473428273706114
RELIANCE,2026-06-09 14:50:00+05:30,2026-06-09 14:55:00+05:30,2026-06-09 15:20:00+05:30,2.6760717679718486,0.0034948371723591,1267.2,1272.3,0.0040246212121211045
SWIGGY,2026-06-09 14:50:00+05:30,2026-06-09 14:55:00+05:30,2026-06-09 15:20:00+05:30,4.765736308596073,0.0038345105953581093,249.45,250.35,0.0036079374624173877
BHARTIARTL,2026-06-09 14:55:00+05:30,2026-06-09 15:00:00+05:30,2026-06-09 15:25:00+05:30,3.1581421127120435,0.0014994168934303609,1805.6,1798.0,-0.004209127159946813
ETERNAL,2026-06-09 14:55:00+05:30,2026-06-09 15:00:00+05:30,2026-06-09 15:25:00+05:30,2.4844808327908057,0.001835985312117483,245.9,245.5,-0.0016266775111833942
HEROMOTOCO,2026-06-09 14:55:00+05:30,2026-06-09 15:00:00+05:30,2026-06-09 15:25:00+05:30,2.108873110345675,0.002143622722400762,4865.7,4850.0,-0.0032266683108288507
INDIGO,2026-06-09 14:55:00+05:30,2026-06-09 15:00:00+05:30,2026-06-09 15:25:00+05:30,2.081125704520182,0.0025604803107894814,4544.4,4531.7,-0.0027946483584191384
MCX,2026-06-09 14:55:00+05:30,2026-06-09 15:00:00+05:30,2026-06-09 15:25:00+05:30,2.2682705929363745,0.0037462537462538137,2816.0,2827.0,0.00390625
TATAINVEST,2026-06-09 14:55:00+05:30,2026-06-09 15:00:00+05:30,2026-06-09 15:25:00+05:30,2.1376220184200343,0.003422053231939115,660.2,664.35,0.006285973947288692
AXISBANK,2026-06-10 11:45:00+05:30,2026-06-10 11:50:00+05:30,2026-06-10 12:15:00+05:30,2.241178706519476,0.005951018539711583,1319.1,1320.7,0.0012129482222729138
HINDALCO,2026-06-10 11:45:00+05:30,2026-06-10 11:50:00+05:30,2026-06-10 12:15:00+05:30,2.3541686654858975,0.0067043386648788506,1050.9,1055.3,0.004186887429821873
HINDZINC,2026-06-10 11:45:00+05:30,2026-06-10 11:50:00+05:30,2026-06-10 12:15:00+05:30,2.4112514416122566,0.005949112209408858,550.1,552.85,0.004999091074350037
MARUTI,2026-06-10 11:45:00+05:30,2026-06-10 11:50:00+05:30,2026-06-10 12:15:00+05:30,2.196072384977746,0.0033449901170745644,13201.0,13161.0,-0.0030300734792818584
NETWEB,2026-06-10 12:00:00+05:30,2026-06-10 12:05:00+05:30,2026-06-10 12:30:00+05:30,2.1331493981358323,0.006188925081433316,4333.0,4365.0,0.00738518347565198
SBIN,2026-06-10 12:20:00+05:30,2026-06-10 12:25:00+05:30,2026-06-10 12:50:00+05:30,2.0795912543737063,0.0018834258524980108,1011.4,1009.4,-0.001977456990310489
HDFCBANK,2026-06-10 12:45:00+05:30,2026-06-10 12:50:00+05:30,2026-06-10 13:15:00+05:30,2.231541181827264,0.0007406908625682274,745.1,753.45,0.011206549456448833
BEL,2026-06-10 12:55:00+05:30,2026-06-10 13:00:00+05:30,2026-06-10 13:25:00+05:30,3.6782037689611093,0.0014547217844587124,413.3,413.65,0.0008468424872973834
ITC,2026-06-10 12:55:00+05:30,2026-06-10 13:00:00+05:30,2026-06-10 13:25:00+05:30,2.1365721216381077,0.0015831134564643357,284.8,284.9,0.000351123595505598
BAJFINANCE,2026-06-10 13:00:00+05:30,2026-06-10 13:05:00+05:30,2026-06-10 13:30:00+05:30,3.33580085083361,0.0008440718023745575,892.8,891.75,-0.0011760752688171339
GRSE,2026-06-10 13:00:00+05:30,2026-06-10 13:05:00+05:30,2026-06-10 13:30:00+05:30,3.1613720160625385,0.0015151515151514694,2652.4,2645.6,-0.0025637158799578508
LT,2026-06-10 13:00:00+05:30,2026-06-10 13:05:00+05:30,2026-06-10 13:30:00+05:30,2.933022168677442,0.002026855839878383,3961.9,3942.4,-0.00492188091572221
M&M,2026-06-10 13:00:00+05:30,2026-06-10 13:05:00+05:30,2026-06-10 13:30:00+05:30,3.04195693688804,3.3471682956198734e-05,2994.1,2994.1,0.0
POWERGRID,2026-06-10 13:00:00+05:30,2026-06-10 13:05:00+05:30,2026-06-10 13:30:00+05:30,3.1541667416192705,0.0010404022888848008,289.1,288.95,-0.0005188516084401185
HINDCOPPER,2026-06-10 13:25:00+05:30,2026-06-10 13:30:00+05:30,2026-06-10 13:55:00+05:30,2.821006893013518,0.004535594557286471,511.2,511.4,0.00039123630672932563
WAAREEENER,2026-06-10 13:45:00+05:30,2026-06-10 13:50:00+05:30,2026-06-10 14:15:00+05:30,2.782898363388258,0.003604193971166403,3069.0,3058.0,-0.0035842293906810374
BHARTIARTL,2026-06-10 14:20:00+05:30,2026-06-10 14:25:00+05:30,2026-06-10 14:50:00+05:30,2.306925515211689,0.0003911270045258153,1792.8,1780.4,-0.006916555109326095
AXISBANK,2026-06-11 11:45:00+05:30,2026-06-11 11:50:00+05:30,2026-06-11 12:15:00+05:30,2.003039616072337,0.005352431209950881,1332.7,1333.7,0.000750356419299214
ETERNAL,2026-06-11 11:45:00+05:30,2026-06-11 11:50:00+05:30,2026-06-11 12:15:00+05:30,2.3538133305498614,0.011080332409972193,237.4,237.05,-0.0014743049705139288
HCLTECH,2026-06-11 11:45:00+05:30,2026-06-11 11:50:00+05:30,2026-06-11 12:15:00+05:30,2.2063016410270317,0.005077062556663625,1109.6,1110.6,0.0009012256669069796
HDFCBANK,2026-06-11 11:45:00+05:30,2026-06-11 11:50:00+05:30,2026-06-11 12:15:00+05:30,4.2047577193021555,0.00572660513373302,749.2,754.0,0.006406833956219993
KOTAKBANK,2026-06-11 11:45:00+05:30,2026-06-11 11:50:00+05:30,2026-06-11 12:15:00+05:30,2.533734517781384,0.004607705106873139,393.6,395.0,0.0035569105691055647
SWIGGY,2026-06-11 11:45:00+05:30,2026-06-11 11:50:00+05:30,2026-06-11 12:15:00+05:30,2.3419195700499444,0.0051964248596965135,242.2,241.7,-0.002064409578860449
TRENT,2026-06-11 11:45:00+05:30,2026-06-11 11:50:00+05:30,2026-06-11 12:15:00+05:30,2.928961343679811,0.010912476722532594,2725.9,2708.8,-0.0062731574892695985
WAAREEENER,2026-06-11 11:45:00+05:30,2026-06-11 11:50:00+05:30,2026-06-11 12:15:00+05:30,2.097610030768957,0.007376362112321955,2999.0,2999.2,6.668889629879438e-05
TITAN,2026-06-11 11:50:00+05:30,2026-06-11 11:55:00+05:30,2026-06-11 12:20:00+05:30,2.210338240178017,0.0033401786377018627,4063.3,4058.8,-0.001107474220461202
MAXHEALTH,2026-06-11 11:55:00+05:30,2026-06-11 12:00:00+05:30,2026-06-11 12:25:00+05:30,2.0672202542666804,0.0017821782178217838,1012.95,1017.25,0.004245026901623872
INFY,2026-06-11 12:00:00+05:30,2026-06-11 12:05:00+05:30,2026-06-11 12:30:00+05:30,2.224630834676087,0.005731172203814694,1124.7,1121.5,-0.002845203165288579
M&M,2026-06-11 12:10:00+05:30,2026-06-11 12:15:00+05:30,2026-06-11 12:40:00+05:30,2.802629428507891,0.005490248913738949,3000.5,3003.3,0.0009331778036993921
MARUTI,2026-06-11 12:15:00+05:30,2026-06-11 12:20:00+05:30,2026-06-11 12:45:00+05:30,2.2637042728227037,0.003504494895627097,13194.0,13157.0,-0.002804304987115369
SUNPHARMA,2026-06-11 12:20:00+05:30,2026-06-11 12:25:00+05:30,2026-06-11 12:50:00+05:30,3.4788404901227,0.0013941556993084525,1799.0,1802.0,0.0016675931072818173
BAJAJ-AUTO,2026-06-11 12:25:00+05:30,2026-06-11 12:30:00+05:30,2026-06-11 12:55:00+05:30,2.1690983749177932,0.0013741656851198325,10214.0,10154.0,-0.0058742901899353495
SBIN,2026-06-11 12:25:00+05:30,2026-06-11 12:30:00+05:30,2026-06-11 12:55:00+05:30,2.952300245042434,0.001197067185395806,1006.45,1008.5,0.0020368622385611435
HEROMOTOCO,2026-06-11 12:30:00+05:30,2026-06-11 12:35:00+05:30,2026-06-11 13:00:00+05:30,2.267189232046122,0.0027607235568007926,4871.2,4851.8,-0.0039825915585480764
RELIANCE,2026-06-11 12:30:00+05:30,2026-06-11 12:35:00+05:30,2026-06-11 13:00:00+05:30,2.8600336428659054,0.0026780088216762366,1275.9,1269.5,-0.005016067089897436
ICICIBANK,2026-06-11 12:45:00+05:30,2026-06-11 12:50:00+05:30,2026-06-11 13:15:00+05:30,2.095805387708887,0.0032421020885169405,1331.1,1325.8,-0.003981669296070911
SILVERBEES,2026-06-11 12:45:00+05:30,2026-06-11 12:50:00+05:30,2026-06-11 13:15:00+05:30,2.6916515859261883,0.0006776904310110687,221.84,222.09,0.0011269383339342909
KOTAKBANK,2026-06-11 12:55:00+05:30,2026-06-11 13:00:00+05:30,2026-06-11 13:25:00+05:30,2.0546596923920037,0.007336200354161271,399.3,396.0,-0.008264462809917439
WAAREEENER,2026-06-11 13:45:00+05:30,2026-06-11 13:50:00+05:30,2026-06-11 14:15:00+05:30,2.526907650830493,0.006357279084551859,3011.1,3003.5,-0.002523994553485398
CANBK,2026-06-11 14:25:00+05:30,2026-06-11 14:30:00+05:30,2026-06-11 14:55:00+05:30,2.5726622196702884,0.004023351214894166,127.71,127.34,-0.0028971889437005016
BEL,2026-06-11 14:30:00+05:30,2026-06-11 14:35:00+05:30,2026-06-11 15:00:00+05:30,2.604563827422061,0.0019846192011907515,404.2,402.2,-0.004948045522018774
ITC,2026-06-11 14:35:00+05:30,2026-06-11 14:40:00+05:30,2026-06-11 15:05:00+05:30,2.430254326047662,0.0007087172218285254,282.55,282.05,-0.0017695983011856153
NETWEB,2026-06-11 14:55:00+05:30,2026-06-11 15:00:00+05:30,2026-06-11 15:25:00+05:30,2.045284805396453,0.0262199563000729,4241.0,4219.0,-0.005187455788729034
BHARTIARTL,2026-06-12 11:45:00+05:30,2026-06-12 11:50:00+05:30,2026-06-12 12:15:00+05:30,2.218390087911646,0.0021548151831591866,1815.6,1814.1,-0.0008261731658956162
BSE,2026-06-12 11:45:00+05:30,2026-06-12 11:50:00+05:30,2026-06-12 12:15:00+05:30,2.1669698335558385,0.003242969343805413,3968.1,3944.0,-0.006073435649303183
ITC,2026-06-12 11:45:00+05:30,2026-06-12 11:50:00+05:30,2026-06-12 12:15:00+05:30,3.0999683742849546,0.003345659447085758,285.1,284.55,-0.0019291476674850871
IDEA,2026-06-12 11:50:00+05:30,2026-06-12 11:55:00+05:30,2026-06-12 12:20:00+05:30,5.67457650152079,0.0034317089910775866,14.7,14.94,0.01632653061224487
AXISBANK,2026-06-12 12:20:00+05:30,2026-06-12 12:25:00+05:30,2026-06-12 12:50:00+05:30,2.0244982550665904,0.0006010066861994456,1335.8,1336.6,0.0005988920497079775
BAJAJ-AUTO,2026-06-12 12:25:00+05:30,2026-06-12 12:30:00+05:30,2026-06-12 12:55:00+05:30,2.0161663030783994,0.0016950842556586743,10036.0,10014.0,-0.0021921084097249466
MAXHEALTH,2026-06-12 12:30:00+05:30,2026-06-12 12:35:00+05:30,2026-06-12 13:00:00+05:30,2.119728381593993,0.0014307563273965318,1015.75,1013.1,-0.0026089096726557015
NETWEB,2026-06-12 12:35:00+05:30,2026-06-12 12:40:00+05:30,2026-06-12 13:05:00+05:30,4.124688154382506,0.015775460394941376,4586.1,4519.0,-0.014631168094895508
SWIGGY,2026-06-12 12:50:00+05:30,2026-06-12 12:55:00+05:30,2026-06-12 13:20:00+05:30,3.844179779979181,0.001432078559738148,245.35,244.8,-0.002241695536987942
AXISBANK,2026-06-12 13:25:00+05:30,2026-06-12 13:30:00+05:30,2026-06-12 13:55:00+05:30,2.248342941257898,0.0011222504863086513,1342.1,1343.1,0.0007451009611803006
HEROMOTOCO,2026-06-12 13:25:00+05:30,2026-06-12 13:30:00+05:30,2026-06-12 13:55:00+05:30,2.628083138564595,0.001330059341108969,4913.2,4939.5,0.005352926809411462
ICICIBANK,2026-06-12 13:25:00+05:30,2026-06-12 13:30:00+05:30,2026-06-12 13:55:00+05:30,2.8272767670357646,0.0003013863773355663,1330.3,1335.8,0.004134405773133842
INDIGO,2026-06-12 13:25:00+05:30,2026-06-12 13:30:00+05:30,2026-06-12 13:55:00+05:30,2.101818569176082,0.000516162333053849,4667.9,4697.0,0.006234066710940844
LT,2026-06-12 13:25:00+05:30,2026-06-12 13:30:00+05:30,2026-06-12 13:55:00+05:30,2.0122194551231867,0.0006360028492926606,3943.0,3998.5,0.014075576971848802
TMPV,2026-06-12 13:25:00+05:30,2026-06-12 13:30:00+05:30,2026-06-12 13:55:00+05:30,2.921718976148136,0.0022389042539181503,381.8,385.3,0.009167103195390158
ANANTRAJ,2026-06-12 13:30:00+05:30,2026-06-12 13:35:00+05:30,2026-06-12 14:00:00+05:30,2.4069954041419566,0.0024630541871921707,529.65,532.3,0.005003304068724512
BAJAJ-AUTO,2026-06-12 13:30:00+05:30,2026-06-12 13:35:00+05:30,2026-06-12 14:00:00+05:30,2.53444867339435,0.005592170960655007,10070.0,10070.0,0.0
BAJFINANCE,2026-06-12 13:30:00+05:30,2026-06-12 13:35:00+05:30,2026-06-12 14:00:00+05:30,2.1476379710796687,0.004451456584211311,893.0,900.45,0.008342665173572295
BSE,2026-06-12 13:30:00+05:30,2026-06-12 13:35:00+05:30,2026-06-12 14:00:00+05:30,2.2617061705951436,0.005117810995692862,3974.6,3989.8,0.0038242842046998238
GOLDBEES,2026-06-12 13:30:00+05:30,2026-06-12 13:35:00+05:30,2026-06-12 14:00:00+05:30,2.9072650019265676,0.0022317738469168624,121.38,121.71,0.002718734552644486
HDFCBANK,2026-06-12 13:30:00+05:30,2026-06-12 13:35:00+05:30,2026-06-12 14:00:00+05:30,6.775805600014661,0.0035547363570536117,765.5,767.6,0.002743305029392573
MARUTI,2026-06-12 13:30:00+05:30,2026-06-12 13:35:00+05:30,2026-06-12 14:00:00+05:30,2.40545049184786,0.004254026131874866,13249.0,13377.0,0.009661106498603633
RELIANCE,2026-06-12 13:30:00+05:30,2026-06-12 13:35:00+05:30,2026-06-12 14:00:00+05:30,2.2309152835074495,0.003401898734177289,1273.1,1284.0,0.008561778336344528
ADANIPOWER,2026-06-12 13:35:00+05:30,2026-06-12 13:40:00+05:30,2026-06-12 14:05:00+05:30,2.0319141122947513,0.007888545462932939,218.85,220.05,0.005483207676490798
KOTAKBANK,2026-06-12 13:35:00+05:30,2026-06-12 13:40:00+05:30,2026-06-12 14:05:00+05:30,2.4299833902946197,0.004148334380892571,400.3,402.05,0.004371721209093238
PAYTM,2026-06-12 13:35:00+05:30,2026-06-12 13:40:00+05:30,2026-06-12 14:05:00+05:30,3.2708139436022097,0.00930052315442742,1049.8,1063.1,0.012669079824728424
TATAINVEST,2026-06-12 13:35:00+05:30,2026-06-12 13:40:00+05:30,2026-06-12 14:05:00+05:30,3.5398754962835204,0.0029626253418413295,664.45,662.5,-0.002934758070584742
TITAN,2026-06-12 13:35:00+05:30,2026-06-12 13:40:00+05:30,2026-06-12 14:05:00+05:30,2.742362743279167,0.0038920917560631985,4124.4,4119.2,-0.001260789448162103
BHARTIARTL,2026-06-12 13:40:00+05:30,2026-06-12 13:45:00+05:30,2026-06-12 14:10:00+05:30,2.0468501121336033,0.002261944168597596,1817.2,1814.9,-0.0012656834690732977
M&M,2026-06-12 13:40:00+05:30,2026-06-12 13:45:00+05:30,2026-06-12 14:10:00+05:30,3.1566390662610493,0.00026673779674579734,3007.0,3017.0,0.0033255736614565823
MAXHEALTH,2026-06-12 13:40:00+05:30,2026-06-12 13:45:00+05:30,2026-06-12 14:10:00+05:30,2.107582864268591,0.002121570949279672,1015.95,1014.4,-0.001525665633151263
GMDCLTD,2026-06-12 13:45:00+05:30,2026-06-12 13:50:00+05:30,2026-06-12 14:15:00+05:30,2.6989608730542174,0.009036144578313143,606.0,609.3,0.00544554455445545
SILVERBEES,2026-06-12 13:45:00+05:30,2026-06-12 13:50:00+05:30,2026-06-12 14:15:00+05:30,2.3357611875102235,0.0037837124378548026,228.94,228.5,-0.0019219009347427596
HINDCOPPER,2026-06-12 13:50:00+05:30,2026-06-12 13:55:00+05:30,2026-06-12 14:20:00+05:30,2.3853777174113358,0.0005897385492432683,511.7,509.9,-0.003517686144225207
HINDZINC,2026-06-12 13:50:00+05:30,2026-06-12 13:55:00+05:30,2026-06-12 14:20:00+05:30,2.1394151208885406,0.0053057553956834536,559.7,558.95,-0.0013400035733428517
SWIGGY,2026-06-12 13:55:00+05:30,2026-06-12 14:00:00+05:30,2026-06-12 14:25:00+05:30,2.7774468924621853,0.007557189542483744,247.0,247.4,0.0016194331983805377
CANBK,2026-06-12 14:10:00+05:30,2026-06-12 14:15:00+05:30,2026-06-12 14:40:00+05:30,2.0313293217944595,0.0033094743323327513,130.48,131.49,0.007740649908032138
SBIN,2026-06-12 14:10:00+05:30,2026-06-12 14:15:00+05:30,2026-06-12 14:40:00+05:30,2.0034623664007047,0.0015835312747427555,1013.4,1016.95,0.003503059009275722
GRSE,2026-06-12 14:15:00+05:30,2026-06-12 14:20:00+05:30,2026-06-12 14:45:00+05:30,2.5938839825419366,0.0029389312977099458,2636.8,2636.1,-0.0002654733009709309
KAYNES,2026-06-12 14:15:00+05:30,2026-06-12 14:20:00+05:30,2026-06-12 14:45:00+05:30,2.4215725175010467,0.0031838771089083284,3061.4,3079.0,0.0057490037237863945
IDEA,2026-06-12 14:20:00+05:30,2026-06-12 14:25:00+05:30,2026-06-12 14:50:00+05:30,2.2484751403613656,0.004024144869215318,15.05,14.94,-0.0073089700996678
MCX,2026-06-12 14:25:00+05:30,2026-06-12 14:30:00+05:30,2026-06-12 14:55:00+05:30,2.575726877224697,0.0033358174527129414,2840.0,2845.8,0.0020422535211268578
VEDL,2026-06-12 14:25:00+05:30,2026-06-12 14:30:00+05:30,2026-06-12 14:55:00+05:30,2.265253507052876,0.003430251551780339,308.1,308.5,0.0012982797792924217
BAJFINANCE,2026-06-12 14:35:00+05:30,2026-06-12 14:40:00+05:30,2026-06-12 15:05:00+05:30,2.3684633921801597,0.008051529790660261,909.5,915.85,0.006981858163826349
LT,2026-06-12 14:35:00+05:30,2026-06-12 14:40:00+05:30,2026-06-12 15:05:00+05:30,2.287990165092425,0.004517320555056381,4044.8,4051.7,0.0017058939873417778
NETWEB,2026-06-12 14:35:00+05:30,2026-06-12 14:40:00+05:30,2026-06-12 15:05:00+05:30,2.3434878575111284,0.01106194690265494,4586.5,4600.1,0.0029652240270359176
ITC,2026-06-12 14:40:00+05:30,2026-06-12 14:45:00+05:30,2026-06-12 15:10:00+05:30,2.01279132143158,0.0005275189027607041,284.65,285.0,0.0012295801861936795
POWERGRID,2026-06-12 14:40:00+05:30,2026-06-12 14:45:00+05:30,2026-06-12 15:10:00+05:30,2.4230707614157034,0.0012319605772614928,284.7,284.55,-0.0005268703898839711
TITAN,2026-06-12 14:40:00+05:30,2026-06-12 14:45:00+05:30,2026-06-12 15:10:00+05:30,5.0147335169171905,0.0016022528646340017,4151.0,4183.1,0.007733076367140601
ADANIPOWER,2026-06-12 14:45:00+05:30,2026-06-12 14:50:00+05:30,2026-06-12 15:15:00+05:30,2.2966318933704737,0.005775877751500902,222.01,223.42,0.006351065267330203
AXISBANK,2026-06-12 14:45:00+05:30,2026-06-12 14:50:00+05:30,2026-06-12 15:15:00+05:30,2.3840432654175574,0.0034190575293593373,1354.7,1356.0,0.000959622056543763
M&M,2026-06-12 14:45:00+05:30,2026-06-12 14:50:00+05:30,2026-06-12 15:15:00+05:30,2.1425631033635586,0.006728538283062635,3040.6,3041.7,0.0003617707031506878
HDFCBANK,2026-06-12 14:50:00+05:30,2026-06-12 14:55:00+05:30,2026-06-12 15:20:00+05:30,2.0348371012817434,0.003572820579446523,774.0,771.7,-0.0029715762273900825
BHARTIARTL,2026-06-12 14:55:00+05:30,2026-06-12 15:00:00+05:30,2026-06-12 15:25:00+05:30,2.1383092143367914,0.0004403104188452911,1819.0,1825.0,0.0032985156679494754
TITAN,2026-06-15 11:45:00+05:30,2026-06-15 11:50:00+05:30,2026-06-15 12:15:00+05:30,2.7568068746526464,0.008476977567886568,4283.8,4276.5,-0.0017040944955414306
HAL,2026-06-15 11:50:00+05:30,2026-06-15 11:55:00+05:30,2026-06-15 12:20:00+05:30,2.690123505970322,0.0010418639893921,4232.8,4221.2,-0.0027405027405028592
SBIN,2026-06-15 11:50:00+05:30,2026-06-15 11:55:00+05:30,2026-06-15 12:20:00+05:30,2.4277047699415073,0.001998148057897442,1029.3,1027.15,-0.0020887982123771742
BHARTIARTL,2026-06-15 12:00:00+05:30,2026-06-15 12:05:00+05:30,2026-06-15 12:30:00+05:30,2.327360622407321,0.001146851619245437,1836.5,1835.0,-0.0008167710318540689
MCX,2026-06-15 12:35:00+05:30,2026-06-15 12:40:00+05:30,2026-06-15 13:05:00+05:30,2.7051883304930877,0.001294928778917015,2873.0,2888.0,0.005221023320570728
HAL,2026-06-15 12:55:00+05:30,2026-06-15 13:00:00+05:30,2026-06-15 13:25:00+05:30,3.1175862044500544,0.003814081303894712,4238.4,4271.1,0.00771517553793899
ITC,2026-06-15 12:55:00+05:30,2026-06-15 13:00:00+05:30,2026-06-15 13:25:00+05:30,2.6499585339036043,0.0013905788284374054,288.2,288.05,-0.000520471894517649
M&M,2026-06-15 12:55:00+05:30,2026-06-15 13:00:00+05:30,2026-06-15 13:25:00+05:30,2.4864298642067686,0.0034700114605883403,3158.5,3159.0,0.00015830299192653996
TRENT,2026-06-15 13:20:00+05:30,2026-06-15 13:25:00+05:30,2026-06-15 13:50:00+05:30,2.4922969921442872,0.004486936112932716,2920.5,2915.9,-0.001575072761513363
GOLDBEES,2026-06-15 13:25:00+05:30,2026-06-15 13:30:00+05:30,2026-06-15 13:55:00+05:30,2.4487453822203493,0.0005657479996765691,123.9,123.9,0.0
TATAINVEST,2026-06-15 13:25:00+05:30,2026-06-15 13:30:00+05:30,2026-06-15 13:55:00+05:30,2.088701365006771,0.002072232089993964,677.8,677.0,-0.0011802891708467822
BEL,2026-06-15 13:35:00+05:30,2026-06-15 13:40:00+05:30,2026-06-15 14:05:00+05:30,2.911360778813313,0.0036724201248623523,411.5,411.65,0.00036452004860265674
GRSE,2026-06-15 13:40:00+05:30,2026-06-15 13:45:00+05:30,2026-06-15 14:10:00+05:30,2.2421668179969667,0.001790844308472872,2689.2,2687.3,-0.0007065298229955719
SAMMAANCAP,2026-06-15 13:40:00+05:30,2026-06-15 13:45:00+05:30,2026-06-15 14:10:00+05:30,2.4305088090951563,0.00747309129440632,181.14,181.58,0.0024290603952745737
PAYTM,2026-06-15 13:45:00+05:30,2026-06-15 13:50:00+05:30,2026-06-15 14:15:00+05:30,2.296925450744824,0.0011579228645228756,1128.0,1129.6,0.0014184397163119478
SILVERBEES,2026-06-15 13:50:00+05:30,2026-06-15 13:55:00+05:30,2026-06-15 14:20:00+05:30,2.180807933168231,0.0011371772733015373,237.85,238.23,0.0015976455749422414
TITAN,2026-06-15 13:55:00+05:30,2026-06-15 14:00:00+05:30,2026-06-15 14:25:00+05:30,2.6487355937494947,0.002457002457002533,4291.1,4288.0,-0.0007224254853068768
ITC,2026-06-15 14:00:00+05:30,2026-06-15 14:05:00+05:30,2026-06-15 14:30:00+05:30,2.668280542022373,0.001909390730775895,288.7,288.15,-0.0019050917907863507
MAXHEALTH,2026-06-15 14:05:00+05:30,2026-06-15 14:10:00+05:30,2026-06-15 14:35:00+05:30,3.280445769182885,0.00024319066147859836,1031.8,1031.2,-0.0005815080441945453
BHARTIARTL,2026-06-15 14:10:00+05:30,2026-06-15 14:15:00+05:30,2026-06-15 14:40:00+05:30,3.7533506102329044,0.0015247222827270424,1844.0,1850.7,0.003633405639913212
KOTAKBANK,2026-06-15 14:20:00+05:30,2026-06-15 14:25:00+05:30,2026-06-15 14:50:00+05:30,2.042547308165499,0.0030978934324659146,405.65,405.95,0.0007395538025392057
TRENT,2026-06-15 14:25:00+05:30,2026-06-15 14:30:00+05:30,2026-06-15 14:55:00+05:30,2.2052993472811275,0.007441956171336361,2940.2,2916.5,-0.008060676144479917
WAAREEENER,2026-06-15 14:25:00+05:30,2026-06-15 14:30:00+05:30,2026-06-15 14:55:00+05:30,2.7438323044144433,0.0007192598162619745,3064.7,3062.3,-0.0007831109080822518
HCLTECH,2026-06-15 14:30:00+05:30,2026-06-15 14:35:00+05:30,2026-06-15 15:00:00+05:30,2.3982539867260573,0.0005348546978072299,1123.9,1119.6,-0.0038259631639827596
DIXON,2026-06-15 14:35:00+05:30,2026-06-15 14:40:00+05:30,2026-06-15 15:05:00+05:30,7.787504300847434,0.004703905921881635,12050.0,11952.0,-0.008132780082987567
POWERGRID,2026-06-15 14:40:00+05:30,2026-06-15 14:45:00+05:30,2026-06-15 15:10:00+05:30,2.041937627817129,0.0019311797752810111,285.95,285.1,-0.0029725476481901048
SUNPHARMA,2026-06-15 14:40:00+05:30,2026-06-15 14:45:00+05:30,2026-06-15 15:10:00+05:30,2.428601525951642,0.0006097560975608651,1806.5,1806.0,-0.00027677830058125963
BSE,2026-06-15 14:50:00+05:30,2026-06-15 14:55:00+05:30,2026-06-15 15:20:00+05:30,2.045428487546897,0.0021939870289557906,4159.3,4123.9,-0.008511047532036797
HDFCBANK,2026-06-16 11:45:00+05:30,2026-06-16 11:50:00+05:30,2026-06-16 12:15:00+05:30,2.9761534631010407,0.005050505050504972,786.2,784.05,-0.002734673111167707
SWIGGY,2026-06-16 11:45:00+05:30,2026-06-16 11:50:00+05:30,2026-06-16 12:15:00+05:30,2.493981676936617,0.005584440593106255,262.0,261.3,-0.0026717557251908497
TITAN,2026-06-16 11:45:00+05:30,2026-06-16 11:50:00+05:30,2026-06-16 12:15:00+05:30,2.188140919420439,0.004940505184051203,4336.0,4325.1,-0.002513837638376315
BSE,2026-06-16 12:30:00+05:30,2026-06-16 12:35:00+05:30,2026-06-16 13:00:00+05:30,2.3805328142127613,0.0031412082694135535,4126.9,4118.6,-0.0020111948435870275
M&M,2026-06-16 12:55:00+05:30,2026-06-16 13:00:00+05:30,2026-06-16 13:25:00+05:30,2.533457123584182,0.002910230579807438,3140.2,3147.7,0.002388382905547326
GOLDBEES,2026-06-16 13:05:00+05:30,2026-06-16 13:10:00+05:30,2026-06-16 13:35:00+05:30,2.4453277951830783,0.0017816650469710815,123.78,123.78,0.0
MCX,2026-06-16 13:15:00+05:30,2026-06-16 13:20:00+05:30,2026-06-16 13:45:00+05:30,2.264475260319319,0.006091334812154514,2863.8,2876.3,0.004364829946225335
CANBK,2026-06-16 13:20:00+05:30,2026-06-16 13:25:00+05:30,2026-06-16 13:50:00+05:30,3.3260636556852097,0.0020446800454372305,132.61,132.71,0.0007540909433676468
HAL,2026-06-16 13:25:00+05:30,2026-06-16 13:30:00+05:30,2026-06-16 13:55:00+05:30,2.186496090718306,0.0037923399444104167,4274.0,4266.7,-0.0017080018717828827
HCLTECH,2026-06-16 13:25:00+05:30,2026-06-16 13:30:00+05:30,2026-06-16 13:55:00+05:30,2.1681072527268106,0.0006114605171210208,1149.5,1147.0,-0.002174858634188759
HDFCBANK,2026-06-16 13:25:00+05:30,2026-06-16 13:30:00+05:30,2026-06-16 13:55:00+05:30,2.096767308924737,0.002036919159770889,787.5,785.8,-0.0021587301587302488
SAMMAANCAP,2026-06-16 13:25:00+05:30,2026-06-16 13:30:00+05:30,2026-06-16 13:55:00+05:30,2.727337103762973,0.0011145165784343103,180.14,179.92,-0.0012212723437325934
SILVERBEES,2026-06-16 13:25:00+05:30,2026-06-16 13:30:00+05:30,2026-06-16 13:55:00+05:30,2.0357540528353497,0.0016187433439829313,235.39,235.74,0.001486894090658053
ADANIPOWER,2026-06-16 13:30:00+05:30,2026-06-16 13:35:00+05:30,2026-06-16 14:00:00+05:30,2.8521237879827046,0.0025535795713633735,220.35,222.13,0.008078057635579672
GMDCLTD,2026-06-16 13:30:00+05:30,2026-06-16 13:35:00+05:30,2026-06-16 14:00:00+05:30,2.0689110584197996,0.005237315875613824,615.45,614.1,-0.0021935169388253017
SUNPHARMA,2026-06-16 13:30:00+05:30,2026-06-16 13:35:00+05:30,2026-06-16 14:00:00+05:30,2.3695769363383374,0.0020030045067602753,1802.4,1802.1,-0.0001664447403463276
TATASTEEL,2026-06-16 13:30:00+05:30,2026-06-16 13:35:00+05:30,2026-06-16 14:00:00+05:30,2.252954413141327,0.006030927835051436,195.35,195.16,-0.0009726132582543734
TRENT,2026-06-16 13:30:00+05:30,2026-06-16 13:35:00+05:30,2026-06-16 14:00:00+05:30,2.5136760319310674,0.005097794423637225,2899.7,2896.8,-0.0010001034589783853
WAAREEENER,2026-06-16 13:30:00+05:30,2026-06-16 13:35:00+05:30,2026-06-16 14:00:00+05:30,2.7535427222422215,0.00019587359623929324,3066.3,3062.2,-0.001337116394351634
BAJFINANCE,2026-06-16 13:35:00+05:30,2026-06-16 13:40:00+05:30,2026-06-16 14:05:00+05:30,2.2683896349526864,0.0006790994097058967,958.75,959.5,0.0007822685788787531
BSE,2026-06-16 13:35:00+05:30,2026-06-16 13:40:00+05:30,2026-06-16 14:05:00+05:30,2.5637575703798468,0.0032292526586701342,4139.0,4139.0,0.0
TITAN,2026-06-16 13:35:00+05:30,2026-06-16 13:40:00+05:30,2026-06-16 14:05:00+05:30,2.5209453180626666,0.0036116127239895768,4341.3,4335.8,-0.0012669016193306293
BAJAJ-AUTO,2026-06-16 13:50:00+05:30,2026-06-16 13:55:00+05:30,2026-06-16 14:20:00+05:30,4.262973549112821,0.0009072580645161921,9946.0,9930.0,-0.001608686909310264
ETERNAL,2026-06-16 14:00:00+05:30,2026-06-16 14:05:00+05:30,2026-06-16 14:30:00+05:30,2.1093977528999526,0.002382843526608447,252.55,253.15,0.0023757671748168008
MARUTI,2026-06-16 14:00:00+05:30,2026-06-16 14:05:00+05:30,2026-06-16 14:30:00+05:30,2.091345945479646,0.0012425084052039015,13715.0,13720.0,0.0003645643456069436
ANANTRAJ,2026-06-16 14:10:00+05:30,2026-06-16 14:15:00+05:30,2026-06-16 14:40:00+05:30,3.1445769540376975,0.0017621962530141033,541.85,540.3,-0.002860570268524598
ITC,2026-06-16 14:10:00+05:30,2026-06-16 14:15:00+05:30,2026-06-16 14:40:00+05:30,2.2848547436820006,0.00034376074252318034,291.15,291.25,0.00034346556757691715
KOTAKBANK,2026-06-16 14:10:00+05:30,2026-06-16 14:15:00+05:30,2026-06-16 14:40:00+05:30,2.711581695269682,0.0004905567819475376,408.35,408.0,-0.0008571078731480775
SBIN,2026-06-16 14:10:00+05:30,2026-06-16 14:15:00+05:30,2026-06-16 14:40:00+05:30,2.783467407985666,0.0013858641853097264,1013.8,1011.1,-0.0026632471887945153
TMPV,2026-06-16 14:10:00+05:30,2026-06-16 14:15:00+05:30,2026-06-16 14:40:00+05:30,2.0832998931409263,0.003962167689161689,393.75,392.1,-0.004190476190476078
PAYTM,2026-06-16 14:15:00+05:30,2026-06-16 14:20:00+05:30,2026-06-16 14:45:00+05:30,2.1200493788933388,0.0036192544335866828,1110.3,1108.9,-0.0012609204719443712
HINDALCO,2026-06-16 14:20:00+05:30,2026-06-16 14:25:00+05:30,2026-06-16 14:50:00+05:30,2.247187818896237,0.001023017902813228,981.0,982.0,0.0010193679918450993
HCLTECH,2026-06-16 14:30:00+05:30,2026-06-16 14:35:00+05:30,2026-06-16 15:00:00+05:30,3.171968146581375,0.00427201394943344,1154.5,1157.2,0.002338674750974379
HINDZINC,2026-06-16 14:30:00+05:30,2026-06-16 14:35:00+05:30,2026-06-16 15:00:00+05:30,2.265994838253843,0.0009785606262788793,563.9,564.1,0.0003546728143288824
VEDL,2026-06-16 14:30:00+05:30,2026-06-16 14:35:00+05:30,2026-06-16 15:00:00+05:30,2.4039166558248413,0.0015032570569566417,301.0,299.9,-0.003654485049834011
DIXON,2026-06-16 14:35:00+05:30,2026-06-16 14:40:00+05:30,2026-06-16 15:05:00+05:30,5.224937498645228,0.00853913771452497,12123.0,12219.0,0.007918831972284046
GMDCLTD,2026-06-16 14:35:00+05:30,2026-06-16 14:40:00+05:30,2026-06-16 15:05:00+05:30,2.060562589351319,0.003663898387884723,616.8,618.85,0.0033236057068743996
INFY,2026-06-16 14:35:00+05:30,2026-06-16 14:40:00+05:30,2026-06-16 15:05:00+05:30,2.188475728757084,0.0015768725361366975,1144.6,1143.7,-0.0007863008911408453
SUNPHARMA,2026-06-16 14:35:00+05:30,2026-06-16 14:40:00+05:30,2026-06-16 15:05:00+05:30,3.1957767240179,0.002996504078575102,1809.4,1800.0,-0.005195092295788739
TCS,2026-06-16 14:35:00+05:30,2026-06-16 14:40:00+05:30,2026-06-16 15:05:00+05:30,3.1416229749896902,0.0015071934231560835,2195.0,2199.7,0.0021412300683369967
BSE,2026-06-16 14:50:00+05:30,2026-06-16 14:55:00+05:30,2026-06-16 15:20:00+05:30,2.4731990075608477,0.001330752480038777,4158.0,4170.0,0.0028860028860029363
KAYNES,2026-06-16 14:50:00+05:30,2026-06-16 14:55:00+05:30,2026-06-16 15:20:00+05:30,2.999507624191412,0.0009448223733938832,3187.3,3172.6,-0.004612054089668471
HAL,2026-06-17 11:45:00+05:30,2026-06-17 11:50:00+05:30,2026-06-17 12:15:00+05:30,2.551777328503542,0.010237405906195596,4363.6,4395.9,0.00740214501787495
GRSE,2026-06-17 11:55:00+05:30,2026-06-17 12:00:00+05:30,2026-06-17 12:25:00+05:30,2.0883498154247095,0.0022611016383720095,2708.0,2738.9,0.011410635155095994
BEL,2026-06-17 12:00:00+05:30,2026-06-17 12:05:00+05:30,2026-06-17 12:30:00+05:30,2.1723674017734456,0.0024342745861734016,413.3,413.4,0.00024195499637058582
SBIN,2026-06-17 12:05:00+05:30,2026-06-17 12:10:00+05:30,2026-06-17 12:35:00+05:30,2.1582240376777015,0.0012754476330634201,1021.1,1021.55,0.00044070120458328255
ADANIPOWER,2026-06-17 12:15:00+05:30,2026-06-17 12:20:00+05:30,2026-06-17 12:45:00+05:30,5.669070056979723,0.00013613468257922534,221.43,220.32,-0.005012870884704035
BAJFINANCE,2026-06-17 12:15:00+05:30,2026-06-17 12:20:00+05:30,2026-06-17 12:45:00+05:30,2.153472889650332,0.0020894274968659143,960.35,957.2,-0.0032800541469255595
TATAINVEST,2026-06-17 12:15:00+05:30,2026-06-17 12:20:00+05:30,2026-06-17 12:45:00+05:30,2.384467156745939,0.0012634708286882734,674.1,673.1,-0.0014834594273847035
BAJAJ-AUTO,2026-06-17 13:15:00+05:30,2026-06-17 13:20:00+05:30,2026-06-17 13:45:00+05:30,2.5196371899672934,0.0003011141222524216,9977.0,9973.0,-0.00040092212087805557
GRSE,2026-06-17 13:15:00+05:30,2026-06-17 13:20:00+05:30,2026-06-17 13:45:00+05:30,2.1204039181511605,0.0025218376521325414,2758.9,2752.7,-0.0022472724636631858
PAYTM,2026-06-17 13:20:00+05:30,2026-06-17 13:25:00+05:30,2026-06-17 13:50:00+05:30,2.332393131709658,0.000719295090811034,1115.2,1114.4,-0.0007173601147776321
MCX,2026-06-17 13:25:00+05:30,2026-06-17 13:30:00+05:30,2026-06-17 13:55:00+05:30,2.9030682424792733,0.005116443189837616,2855.1,2842.7,-0.004343105320304019
AXISBANK,2026-06-17 13:35:00+05:30,2026-06-17 13:40:00+05:30,2026-06-17 14:05:00+05:30,2.024100284587773,0.00014738393515112413,1358.2,1358.0,-0.00014725371815638155
TATAINVEST,2026-06-17 13:35:00+05:30,2026-06-17 13:40:00+05:30,2026-06-17 14:05:00+05:30,2.7089528910826486,0.0017821341055912487,675.1,674.2,-0.0013331358317285602
VEDL,2026-06-17 13:35:00+05:30,2026-06-17 13:40:00+05:30,2026-06-17 14:05:00+05:30,2.7335046612570513,0.002130099950844011,306.7,305.85,-0.0027714378871860346
HINDALCO,2026-06-17 13:40:00+05:30,2026-06-17 13:45:00+05:30,2026-06-17 14:10:00+05:30,6.773629653049715,0.004441752473248517,1008.6,1007.7,-0.0008923259964306318
SUNPHARMA,2026-06-17 13:40:00+05:30,2026-06-17 13:45:00+05:30,2026-06-17 14:10:00+05:30,2.512263197330484,0.0001104118361487938,1813.7,1812.5,-0.0006616309202183146
TATASTEEL,2026-06-17 13:40:00+05:30,2026-06-17 13:45:00+05:30,2026-06-17 14:10:00+05:30,3.217906237461646,0.0024731237066573097,199.08,199.08,0.0
SBIN,2026-06-17 13:45:00+05:30,2026-06-17 13:50:00+05:30,2026-06-17 14:15:00+05:30,2.50655065317406,0.0018609206660136213,1023.8,1024.45,0.0006348896268804083
BHARTIARTL,2026-06-17 13:50:00+05:30,2026-06-17 13:55:00+05:30,2026-06-17 14:20:00+05:30,3.4203377770845584,0.00253191833216615,1865.9,1866.7,0.00042874752130339644
POWERGRID,2026-06-17 13:55:00+05:30,2026-06-17 14:00:00+05:30,2026-06-17 14:25:00+05:30,3.771199945486983,0.0008815232722143573,284.45,284.35,-0.00035155563367894604
IDEA,2026-06-17 14:10:00+05:30,2026-06-17 14:15:00+05:30,2026-06-17 14:40:00+05:30,3.0462035832829084,0.004034969737727101,14.95,14.89,-0.004013377926421313
TRENT,2026-06-17 14:10:00+05:30,2026-06-17 14:15:00+05:30,2026-06-17 14:40:00+05:30,4.591515183357494,0.0006577432827967744,3060.8,3080.6,0.006468897020386777
BAJAJ-AUTO,2026-06-17 14:20:00+05:30,2026-06-17 14:25:00+05:30,2026-06-17 14:50:00+05:30,2.9487139521069956,0.0018048731575253107,9998.0,10030.0,0.003200640128025567
GRSE,2026-06-17 14:25:00+05:30,2026-06-17 14:30:00+05:30,2026-06-17 14:55:00+05:30,2.6873667580497926,0.004825834542815821,2780.6,2801.5,0.007516363374811208
BEL,2026-06-17 14:30:00+05:30,2026-06-17 14:35:00+05:30,2026-06-17 15:00:00+05:30,2.4424622938159946,0.0016912297656439534,415.45,418.0,0.0061379227343845155
LT,2026-06-17 14:35:00+05:30,2026-06-17 14:40:00+05:30,2026-06-17 15:05:00+05:30,2.6289361703134,0.0006183997716677769,4212.9,4208.5,-0.0010444112131784422
INDIGO,2026-06-17 14:40:00+05:30,2026-06-17 14:45:00+05:30,2026-06-17 15:10:00+05:30,3.2322693449927624,0.0017925208612341592,4870.7,4870.8,2.053092984599658e-05
ITC,2026-06-17 14:40:00+05:30,2026-06-17 14:45:00+05:30,2026-06-17 15:10:00+05:30,2.473576529230932,0.0017232465965879573,290.55,290.8,0.0008604371020477508
TITAN,2026-06-17 14:45:00+05:30,2026-06-17 14:50:00+05:30,2026-06-17 15:15:00+05:30,2.3597651600240432,0.0015328300160146746,4374.4,4387.1,0.0029032553035845954
GOLDBEES,2026-06-17 14:50:00+05:30,2026-06-17 14:55:00+05:30,2026-06-17 15:20:00+05:30,2.4534730855706464,0.000728273183363104,123.74,123.73,-8.081461128162104e-05
MAXHEALTH,2026-06-17 14:50:00+05:30,2026-06-17 14:55:00+05:30,2026-06-17 15:20:00+05:30,2.2181677253007233,0.0007351499705940956,1023.0,1028.5,0.005376344086021501
BHARTIARTL,2026-06-17 14:55:00+05:30,2026-06-17 15:00:00+05:30,2026-06-17 15:25:00+05:30,2.0663139541999374,0.0020356779343224662,1872.6,1874.2,0.000854426999893354
HAL,2026-06-17 14:55:00+05:30,2026-06-17 15:00:00+05:30,2026-06-17 15:25:00+05:30,3.437893744368247,0.0006117870980897333,4441.0,4484.0,0.009682503940553921
HEROMOTOCO,2026-06-17 14:55:00+05:30,2026-06-17 15:00:00+05:30,2026-06-17 15:25:00+05:30,2.4387156316810064,0.001662027673762001,5007.4,5021.0,0.002715980349083491
RELIANCE,2026-06-17 14:55:00+05:30,2026-06-17 15:00:00+05:30,2026-06-17 15:25:00+05:30,2.937704746079731,0.00030091025351697276,1331.6,1332.1,0.0003754881345749972
SUNPHARMA,2026-06-17 14:55:00+05:30,2026-06-17 15:00:00+05:30,2026-06-17 15:25:00+05:30,2.2895738528848493,0.0004415254705005811,1816.0,1821.0,0.002753303964757814
WAAREEENER,2026-06-17 14:55:00+05:30,2026-06-17 15:00:00+05:30,2026-06-17 15:25:00+05:30,2.2411911859583125,0.0010426509400149886,3076.6,3079.0,0.0007800819086003496
INDIGO,2026-06-18 11:45:00+05:30,2026-06-18 11:50:00+05:30,2026-06-18 12:15:00+05:30,2.2748747627746737,0.004946346448645889,4914.0,4945.0,0.006308506308506212
SBIN,2026-06-18 11:45:00+05:30,2026-06-18 11:50:00+05:30,2026-06-18 12:15:00+05:30,4.97355789764341,0.01009708737864079,1044.65,1039.2,-0.005217058344900272
BEL,2026-06-18 11:50:00+05:30,2026-06-18 11:55:00+05:30,2026-06-18 12:20:00+05:30,2.0699265554504818,0.00035327366933568527,426.4,428.4,0.004690431519699834
GRSE,2026-06-18 11:50:00+05:30,2026-06-18 11:55:00+05:30,2026-06-18 12:20:00+05:30,2.002075894780681,0.002760573349849693,2842.0,2852.4,0.0036593947923997394
TATAINVEST,2026-06-18 11:50:00+05:30,2026-06-18 11:55:00+05:30,2026-06-18 12:20:00+05:30,2.7872433973824022,0.005920224968548826,683.4,694.65,0.016461808604038675
NETWEB,2026-06-18 11:55:00+05:30,2026-06-18 12:00:00+05:30,2026-06-18 12:25:00+05:30,2.320999651250756,0.011876206634294784,5205.0,5178.0,-0.005187319884726205
ICICIBANK,2026-06-18 12:00:00+05:30,2026-06-18 12:05:00+05:30,2026-06-18 12:30:00+05:30,4.194027616430804,0.0038259564891223174,1344.2,1344.4,0.00014878738282986248
M&M,2026-06-18 12:15:00+05:30,2026-06-18 12:20:00+05:30,2026-06-18 12:45:00+05:30,2.4419341852516294,0.0032880035753048986,3145.6,3140.1,-0.0017484740590030245
ADANIPOWER,2026-06-18 12:20:00+05:30,2026-06-18 12:25:00+05:30,2026-06-18 12:50:00+05:30,2.231321353653205,0.0012716290476406655,221.24,227.15,0.02671307177725546
POWERGRID,2026-06-18 12:25:00+05:30,2026-06-18 12:30:00+05:30,2026-06-18 12:55:00+05:30,2.055599890443096,0.005272407732864748,286.7,286.5,-0.0006975933031042603
TATASTEEL,2026-06-18 12:25:00+05:30,2026-06-18 12:30:00+05:30,2026-06-18 12:55:00+05:30,2.5096888616371755,0.0021584178295352974,199.99,199.6,-0.0019500975048752922
HINDZINC,2026-06-18 12:30:00+05:30,2026-06-18 12:35:00+05:30,2026-06-18 13:00:00+05:30,2.632684709448015,0.0005266391643992119,571.0,570.1,-0.0015761821366023776
BHARTIARTL,2026-06-18 12:50:00+05:30,2026-06-18 12:55:00+05:30,2026-06-18 13:20:00+05:30,2.2838281098998006,0.002248634757468615,1874.6,1870.6,-0.002133788541555548
MAXHEALTH,2026-06-18 12:50:00+05:30,2026-06-18 12:55:00+05:30,2026-06-18 13:20:00+05:30,2.3706033434295737,9.23872875091547e-05,1088.35,1089.6,0.0011485275876326195
SUNPHARMA,2026-06-18 12:50:00+05:30,2026-06-18 12:55:00+05:30,2026-06-18 13:20:00+05:30,2.9014442813494687,0.0014870297956710576,1821.3,1820.9,-0.00021962334596159483
RELIANCE,2026-06-18 13:05:00+05:30,2026-06-18 13:10:00+05:30,2026-06-18 13:35:00+05:30,2.03047488588777,0.00030086498683723484,1331.0,1328.7,-0.001728024042073617
AXISBANK,2026-06-18 13:10:00+05:30,2026-06-18 13:15:00+05:30,2026-06-18 13:40:00+05:30,2.108096349242947,0.0020577643859778227,1365.5,1360.3,-0.0038081288905162936
BAJFINANCE,2026-06-18 13:30:00+05:30,2026-06-18 13:35:00+05:30,2026-06-18 14:00:00+05:30,2.933721872337797,0.0016246527959751234,956.85,954.55,-0.002403720541359733
HINDALCO,2026-06-18 13:30:00+05:30,2026-06-18 13:35:00+05:30,2026-06-18 14:00:00+05:30,2.2340813435622366,0.001990445859872514,1007.9,1006.3,-0.0015874590733208072
SAMMAANCAP,2026-06-18 13:30:00+05:30,2026-06-18 13:35:00+05:30,2026-06-18 14:00:00+05:30,2.8595403206354573,0.0028818443804035088,174.5,174.63,0.0007449856733523497
TITAN,2026-06-18 13:30:00+05:30,2026-06-18 13:35:00+05:30,2026-06-18 14:00:00+05:30,2.2563300774353343,0.000528723477621007,4362.0,4357.7,-0.0009857863365428932
IDEA,2026-06-18 13:40:00+05:30,2026-06-18 13:45:00+05:30,2026-06-18 14:10:00+05:30,4.051712510655321,0.004045853000674393,14.95,14.9,-0.0033444816053510573
INDIGO,2026-06-18 13:50:00+05:30,2026-06-18 13:55:00+05:30,2026-06-18 14:20:00+05:30,2.6640469884067737,0.00404612583451347,4986.0,4983.9,-0.00042117930204577103
SBIN,2026-06-18 14:20:00+05:30,2026-06-18 14:25:00+05:30,2026-06-18 14:50:00+05:30,2.1418565078476357,0.002450627072221323,1044.05,1042.6,-0.0013888223744074057
TATASTEEL,2026-06-18 14:20:00+05:30,2026-06-18 14:25:00+05:30,2026-06-18 14:50:00+05:30,3.361066342111238,0.0014521055530518634,200.44,199.92,-0.002594292556375999
SUNPHARMA,2026-06-18 14:25:00+05:30,2026-06-18 14:30:00+05:30,2026-06-18 14:55:00+05:30,2.3406751970940993,0.0009331430453398681,1826.2,1825.5,-0.0003833096046435003
HEROMOTOCO,2026-06-18 14:30:00+05:30,2026-06-18 14:35:00+05:30,2026-06-18 15:00:00+05:30,2.0604613158206457,0.00041930395543388066,5017.0,5015.8,-0.00023918676499901093
TITAN,2026-06-18 14:35:00+05:30,2026-06-18 14:40:00+05:30,2026-06-18 15:05:00+05:30,2.191484300918006,6.884365605719367e-05,4365.5,4394.2,0.0065742755698086075
TMPV,2026-06-18 14:50:00+05:30,2026-06-18 14:55:00+05:30,2026-06-18 15:20:00+05:30,4.114499683023018,0.0005525625086337804,362.85,364.95,0.005787515502273521
POWERGRID,2026-06-19 11:50:00+05:30,2026-06-19 11:55:00+05:30,2026-06-19 12:20:00+05:30,2.015158100498347,0.000863856254319284,290.0,291.2,0.004137931034482678
LT,2026-06-19 11:55:00+05:30,2026-06-19 12:00:00+05:30,2026-06-19 12:25:00+05:30,4.190314224079315,0.0011972319996169656,4203.2,4208.5,0.0012609440426343266
TATAINVEST,2026-06-19 12:00:00+05:30,2026-06-19 12:05:00+05:30,2026-06-19 12:30:00+05:30,3.1908186450891556,0.0032400589101619914,682.5,680.4,-0.003076923076923088
TCS,2026-06-19 12:10:00+05:30,2026-06-19 12:15:00+05:30,2026-06-19 12:40:00+05:30,2.1407881747955115,0.0017840783065721233,2082.3,2077.0,-0.0025452624501753895
SILVERBEES,2026-06-19 12:20:00+05:30,2026-06-19 12:25:00+05:30,2026-06-19 12:50:00+05:30,2.5292376188736188,0.0040767715633731605,219.64,220.45,0.0036878528501183006
HINDALCO,2026-06-19 12:25:00+05:30,2026-06-19 12:30:00+05:30,2026-06-19 12:55:00+05:30,2.7384824353490567,0.0007937295366604591,1011.6,1009.2,-0.0023724792408066353
GOLDBEES,2026-06-19 12:30:00+05:30,2026-06-19 12:35:00+05:30,2026-06-19 13:00:00+05:30,3.0125851209707486,0.0019298540023493516,119.7,119.54,-0.001336675020885525
HINDZINC,2026-06-19 12:35:00+05:30,2026-06-19 12:40:00+05:30,2026-06-19 13:05:00+05:30,2.1960763518806683,0.003475006682705173,564.3,562.75,-0.0027467659046606085
ETERNAL,2026-06-19 12:45:00+05:30,2026-06-19 12:50:00+05:30,2026-06-19 13:15:00+05:30,2.4861998882272545,0.002712652586708053,259.7,258.85,-0.0032730073161338913
MAXHEALTH,2026-06-19 12:45:00+05:30,2026-06-19 12:50:00+05:30,2026-06-19 13:15:00+05:30,3.1513590968592955,0.0005517241379309201,1089.8,1087.3,-0.0022939988988804894
INDIGO,2026-06-19 12:55:00+05:30,2026-06-19 13:00:00+05:30,2026-06-19 13:25:00+05:30,2.355177738520737,0.0005225815528711042,4984.1,4980.0,-0.0008226159186213167
AXISBANK,2026-06-19 13:10:00+05:30,2026-06-19 13:15:00+05:30,2026-06-19 13:40:00+05:30,2.4094977407164517,0.000517101277978993,1355.0,1354.8,-0.00014760147601478035
TMPV,2026-06-19 13:10:00+05:30,2026-06-19 13:15:00+05:30,2026-06-19 13:40:00+05:30,2.7704051352030246,0.0011163829193412411,359.45,359.55,0.00027820280984847123
TATASTEEL,2026-06-19 13:30:00+05:30,2026-06-19 13:35:00+05:30,2026-06-19 14:00:00+05:30,2.0224090278953697,0.0015171437240819596,198.24,198.29,0.00025221953188037105
HINDCOPPER,2026-06-19 13:40:00+05:30,2026-06-19 13:45:00+05:30,2026-06-19 14:10:00+05:30,2.204983698120168,0.0006927263730827082,506.1,507.1,0.0019758940920766577
RELIANCE,2026-06-19 13:40:00+05:30,2026-06-19 13:45:00+05:30,2026-06-19 14:10:00+05:30,2.3623503106274586,0.0027932960893854997,1329.5,1332.2,0.0020308386611509466
GOLDBEES,2026-06-19 13:45:00+05:30,2026-06-19 13:50:00+05:30,2026-06-19 14:15:00+05:30,2.4055792697387433,0.0024233308264394182,120.12,120.11,-8.32500832501637e-05
ETERNAL,2026-06-19 13:50:00+05:30,2026-06-19 13:55:00+05:30,2026-06-19 14:20:00+05:30,2.7859550156948076,0.010817075526366349,261.35,260.95,-0.0015305146355463206
MAXHEALTH,2026-06-19 13:50:00+05:30,2026-06-19 13:55:00+05:30,2026-06-19 14:20:00+05:30,3.045278903817813,0.002023360618044645,1090.25,1084.55,-0.005228158679202011
BAJAJ-AUTO,2026-06-19 13:55:00+05:30,2026-06-19 14:00:00+05:30,2026-06-19 14:25:00+05:30,2.7957142975255405,0.004622650989850374,10024.0,10017.0,-0.0006983240223463749
HEROMOTOCO,2026-06-19 13:55:00+05:30,2026-06-19 14:00:00+05:30,2026-06-19 14:25:00+05:30,2.176530425568266,0.003068475452196351,4971.9,4970.4,-0.00030169552887227
HINDALCO,2026-06-19 13:55:00+05:30,2026-06-19 14:00:00+05:30,2026-06-19 14:25:00+05:30,2.585898242319364,0.001686173378297795,1013.2,1011.9,-0.001283063560994946
CANBK,2026-06-19 14:00:00+05:30,2026-06-19 14:05:00+05:30,2026-06-19 14:30:00+05:30,2.7605885920079913,0.0035973918908789315,134.26,133.81,-0.0033517056457618155
HDFCBANK,2026-06-19 14:00:00+05:30,2026-06-19 14:05:00+05:30,2026-06-19 14:30:00+05:30,2.481270211614864,0.0016078204386134054,780.15,779.15,-0.0012818047811318234
KOTAKBANK,2026-06-19 14:00:00+05:30,2026-06-19 14:05:00+05:30,2026-06-19 14:30:00+05:30,2.5343861833112284,0.002252816020025028,400.95,400.65,-0.0007482229704451893
SBIN,2026-06-19 14:00:00+05:30,2026-06-19 14:05:00+05:30,2026-06-19 14:30:00+05:30,2.4698990075708576,0.0013063673311397572,1036.0,1035.95,-4.8262548262512084e-05
TRENT,2026-06-19 14:05:00+05:30,2026-06-19 14:10:00+05:30,2026-06-19 14:35:00+05:30,2.8790389257575093,0.0008562458376937254,3162.2,3179.8,0.005565745367149599
BHARTIARTL,2026-06-19 14:10:00+05:30,2026-06-19 14:15:00+05:30,2026-06-19 14:40:00+05:30,2.1988482788957935,0.0021708053158255858,1893.9,1899.3,0.0028512593061935654
INDIGO,2026-06-19 14:15:00+05:30,2026-06-19 14:20:00+05:30,2026-06-19 14:45:00+05:30,2.6148023088048165,2.005977813879234e-05,4997.0,5001.6,0.0009205523313988717
TCS,2026-06-19 14:15:00+05:30,2026-06-19 14:20:00+05:30,2026-06-19 14:45:00+05:30,2.5357224191349235,0.0036644165863066736,2087.6,2100.5,0.006179344702050171
AXISBANK,2026-06-19 14:25:00+05:30,2026-06-19 14:30:00+05:30,2026-06-19 14:55:00+05:30,2.8461338920553247,0.0018471996453377493,1357.4,1354.6,-0.0020627670546634613
ICICIBANK,2026-06-19 14:25:00+05:30,2026-06-19 14:30:00+05:30,2026-06-19 14:55:00+05:30,3.0332252326896434,0.0021546920276394044,1351.3,1345.0,-0.004662177162732095
HCLTECH,2026-06-19 14:35:00+05:30,2026-06-19 14:40:00+05:30,2026-06-19 15:05:00+05:30,2.45310718946062,0.0013426423200859627,1120.3,1133.6,0.01187182004820131
TATASTEEL,2026-06-19 14:35:00+05:30,2026-06-19 14:40:00+05:30,2026-06-19 15:05:00+05:30,2.3371642478701324,0.0012103484794998565,198.85,198.97,0.0006034699522252662
INDIGO,2026-06-22 11:45:00+05:30,2026-06-22 11:50:00+05:30,2026-06-22 12:15:00+05:30,2.447214192974476,0.004275980578256622,5039.0,5037.5,-0.0002976781107362214
SAMMAANCAP,2026-06-22 11:45:00+05:30,2026-06-22 11:50:00+05:30,2026-06-22 12:15:00+05:30,2.594869248080436,0.014194504617489612,177.15,177.06,-0.0005080440304826572
MARUTI,2026-06-22 11:50:00+05:30,2026-06-22 11:55:00+05:30,2026-06-22 12:20:00+05:30,2.05753142443245,0.000520098075637021,13480.0,13478.0,-0.00014836795252226587
TRENT,2026-06-22 12:15:00+05:30,2026-06-22 12:20:00+05:30,2026-06-22 12:45:00+05:30,2.3444768839589276,0.0015316329082271096,3214.9,3205.6,-0.0028927804908396304
SBIN,2026-06-22 12:20:00+05:30,2026-06-22 12:25:00+05:30,2026-06-22 12:50:00+05:30,2.9263404830411606,0.00043427909669957465,1037.8,1036.8,-0.0009635767970707088
DIXON,2026-06-22 12:25:00+05:30,2026-06-22 12:30:00+05:30,2026-06-22 12:55:00+05:30,2.932022032166521,0.0011355341065779623,12386.0,12379.0,-0.0005651542063620507
BHARTIARTL,2026-06-22 12:30:00+05:30,2026-06-22 12:35:00+05:30,2026-06-22 13:00:00+05:30,2.192235009912098,0.00015647819737107937,1922.0,1915.9,-0.0031737773152965554
BSE,2026-06-22 12:35:00+05:30,2026-06-22 12:40:00+05:30,2026-06-22 13:05:00+05:30,5.798687842512108,0.0016002000250030513,4031.7,4020.2,-0.002852394771436395
SUNPHARMA,2026-06-22 12:35:00+05:30,2026-06-22 12:40:00+05:30,2026-06-22 13:05:00+05:30,2.6295844238276307,0.002002272850262443,1856.0,1859.9,0.0021012931034483096
ANANTRAJ,2026-06-22 12:40:00+05:30,2026-06-22 12:45:00+05:30,2026-06-22 13:10:00+05:30,2.2686457694649467,0.0038781687476352467,533.0,532.0,-0.0018761726078799779
MAXHEALTH,2026-06-22 12:45:00+05:30,2026-06-22 12:50:00+05:30,2026-06-22 13:15:00+05:30,3.0051472379968436,0.003239241092086953,1085.9,1092.55,0.006123952481812189
HINDZINC,2026-06-22 12:50:00+05:30,2026-06-22 12:55:00+05:30,2026-06-22 13:20:00+05:30,4.7705743021944915,0.002123893805309862,568.75,567.8,-0.001670329670329762
KOTAKBANK,2026-06-22 12:50:00+05:30,2026-06-22 12:55:00+05:30,2026-06-22 13:20:00+05:30,2.386316473210654,0.0010001250156270736,400.7,401.05,0.000873471425006267
HEROMOTOCO,2026-06-22 13:20:00+05:30,2026-06-22 13:25:00+05:30,2026-06-22 13:50:00+05:30,3.524096017003455,0.000919374825119057,5021.8,5022.0,3.982635708310589e-05
HAL,2026-06-22 13:50:00+05:30,2026-06-22 13:55:00+05:30,2026-06-22 14:20:00+05:30,2.7006536472397102,0.0012222448563861121,4428.5,4429.1,0.00013548605622681897
HDFCBANK,2026-06-22 13:50:00+05:30,2026-06-22 13:55:00+05:30,2026-06-22 14:20:00+05:30,2.8256908444143463,0.0017191977077364307,787.8,787.45,-0.0004442751967502767
INFY,2026-06-22 13:55:00+05:30,2026-06-22 14:00:00+05:30,2026-06-22 14:25:00+05:30,4.112236215327602,0.0005626406601648704,1070.0,1080.0,0.009345794392523255
KOTAKBANK,2026-06-22 14:00:00+05:30,2026-06-22 14:05:00+05:30,2026-06-22 14:30:00+05:30,2.409548591057446,0.00012464165524117554,401.9,402.55,0.0016173177407317052
CANBK,2026-06-22 14:05:00+05:30,2026-06-22 14:10:00+05:30,2026-06-22 14:35:00+05:30,2.4089137927486575,0.0008204057279235233,134.38,134.3,-0.000595326685518538
TITAN,2026-06-22 14:10:00+05:30,2026-06-22 14:15:00+05:30,2026-06-22 14:40:00+05:30,4.223879774263019,0.0005720038438659092,4380.0,4382.0,0.0004566210045662267
GOLDBEES,2026-06-22 14:15:00+05:30,2026-06-22 14:20:00+05:30,2026-06-22 14:45:00+05:30,2.258717345576198,0.0008287063893261948,120.8,120.95,0.0012417218543046005
MARUTI,2026-06-22 14:20:00+05:30,2026-06-22 14:25:00+05:30,2026-06-22 14:50:00+05:30,3.3126708717242166,0.0007423904974015461,13494.0,13442.0,-0.003853564547206201
ADANIPOWER,2026-06-22 14:25:00+05:30,2026-06-22 14:30:00+05:30,2026-06-22 14:55:00+05:30,5.673855017633345,0.0025160506680548256,232.04,232.35,0.0013359765557663383
BAJFINANCE,2026-06-22 14:35:00+05:30,2026-06-22 14:40:00+05:30,2026-06-22 15:05:00+05:30,3.4064447051403426,0.0005708651201410397,967.3,968.3,0.001033805437816504
SBIN,2026-06-22 14:35:00+05:30,2026-06-22 14:40:00+05:30,2026-06-22 15:05:00+05:30,3.2136275336457873,0.0014941919313637975,1040.05,1041.35,0.0012499399067351646
BEL,2026-06-22 14:40:00+05:30,2026-06-22 14:45:00+05:30,2026-06-22 15:10:00+05:30,2.963955658635065,0.003605489648755622,431.75,432.1,0.0008106543138390876
HINDZINC,2026-06-22 14:40:00+05:30,2026-06-22 14:45:00+05:30,2026-06-22 15:10:00+05:30,2.1966418815451054,0.0033471329164096453,570.5,572.3,0.0031551270815073362
NETWEB,2026-06-22 14:40:00+05:30,2026-06-22 14:45:00+05:30,2026-06-22 15:10:00+05:30,3.47015146432364,0.0009852216748769127,5094.6,5110.5,0.0031209515958072753
HINDCOPPER,2026-06-22 14:45:00+05:30,2026-06-22 14:50:00+05:30,2026-06-22 15:15:00+05:30,3.5495292635649562,0.0021657806654853395,511.65,509.5,-0.0042020912733313764
LT,2026-06-22 14:45:00+05:30,2026-06-22 14:50:00+05:30,2026-06-22 15:15:00+05:30,2.1266403440939956,0.0007855646543515338,4207.7,4200.0,-0.0018299783729828212
VEDL,2026-06-22 14:45:00+05:30,2026-06-22 14:50:00+05:30,2026-06-22 15:15:00+05:30,2.586959347287974,0.002961987822938772,305.45,305.35,-0.0003273858241936711
BSE,2026-06-22 14:50:00+05:30,2026-06-22 14:55:00+05:30,2026-06-22 15:20:00+05:30,3.9525806093218874,0.003818603838570356,4041.6,4030.5,-0.002746437054631845
MCX,2026-06-22 14:50:00+05:30,2026-06-22 14:55:00+05:30,2026-06-22 15:20:00+05:30,2.5175909379195724,0.0071740047826698294,2867.8,2876.2,0.0029290745519212624
HAL,2026-06-22 14:55:00+05:30,2026-06-22 15:00:00+05:30,2026-06-22 15:25:00+05:30,2.9505442201569934,0.018378451604163182,4516.7,4522.0,0.0011734230743685181
MARUTI,2026-06-23 13:05:00+05:30,2026-06-23 13:10:00+05:30,2026-06-23 13:35:00+05:30,2.0305319395478802,0.0033057851239668423,13367.0,13356.0,-0.0008229221216428106
ADANIPOWER,2026-06-23 13:45:00+05:30,2026-06-23 13:50:00+05:30,2026-06-23 14:15:00+05:30,2.0348406837945947,0.004926752703173998,231.01,231.64,0.0027271546686289394
POWERGRID,2026-06-23 14:00:00+05:30,2026-06-23 14:05:00+05:30,2026-06-23 14:30:00+05:30,2.2267775844513764,0.0018919848641212322,291.7,292.05,0.0011998628728147054
AXISBANK,2026-06-23 14:10:00+05:30,2026-06-23 14:15:00+05:30,2026-06-23 14:40:00+05:30,2.2431851551945576,0.003527336860670083,1366.0,1370.1,0.0030014641288431676
KAYNES,2026-06-23 14:10:00+05:30,2026-06-23 14:15:00+05:30,2026-06-23 14:40:00+05:30,2.184306198104615,0.0036424768842813204,3237.0,3230.2,-0.0021007105344454935
INFY,2026-06-23 14:20:00+05:30,2026-06-23 14:25:00+05:30,2026-06-23 14:50:00+05:30,3.885138359630514,0.00281143965099373,1036.9,1036.2,-0.0006750892082167947
MARUTI,2026-06-23 14:20:00+05:30,2026-06-23 14:25:00+05:30,2026-06-23 14:50:00+05:30,2.1858351114582595,0.002166766288105304,13438.0,13522.0,0.006250930197946092
HCLTECH,2026-06-23 14:25:00+05:30,2026-06-23 14:30:00+05:30,2026-06-23 14:55:00+05:30,2.4406689558624306,0.004947822957898529,1116.9,1115.1,-0.0016116035455279176
TMPV,2026-06-23 14:30:00+05:30,2026-06-23 14:35:00+05:30,2026-06-23 15:00:00+05:30,4.6045990933876455,0.015272623465600876,360.25,355.0,-0.014573213046495503
GMDCLTD,2026-06-23 14:40:00+05:30,2026-06-23 14:45:00+05:30,2026-06-23 15:10:00+05:30,2.6741017694960822,0.0032437827497298066,604.05,601.3,-0.0045526032613194545
HAL,2026-06-23 14:40:00+05:30,2026-06-23 14:45:00+05:30,2026-06-23 15:10:00+05:30,3.5717731142156226,0.0025226592847256146,4520.1,4500.0,-0.004446804274241822
ITC,2026-06-23 14:40:00+05:30,2026-06-23 14:45:00+05:30,2026-06-23 15:10:00+05:30,2.240615792585874,0.000689179875947632,290.85,290.1,-0.002578648788035043
MCX,2026-06-23 14:40:00+05:30,2026-06-23 14:45:00+05:30,2026-06-23 15:10:00+05:30,2.342010469255778,0.0009908347783005311,2833.5,2830.1,-0.001199929415916734
TCS,2026-06-23 14:40:00+05:30,2026-06-23 14:45:00+05:30,2026-06-23 15:10:00+05:30,2.1958797160313375,0.0011139632876446814,2069.3,2057.7,-0.005605760402068505
SILVERBEES,2026-06-23 14:50:00+05:30,2026-06-23 14:55:00+05:30,2026-06-23 15:20:00+05:30,2.3222125005645196,0.002469826180157453,215.44,215.14,-0.0013924990716673857
VEDL,2026-06-23 14:50:00+05:30,2026-06-23 14:55:00+05:30,2026-06-23 15:20:00+05:30,2.2382809472905074,0.008751562779067745,282.95,281.5,-0.0051245803145432145
BAJAJ-AUTO,2026-06-23 14:55:00+05:30,2026-06-23 15:00:00+05:30,2026-06-23 15:25:00+05:30,2.2640526910869077,0.001091053362427985,10110.0,9999.0,-0.010979228486646897
HINDCOPPER,2026-06-24 11:45:00+05:30,2026-06-24 11:50:00+05:30,2026-06-24 12:15:00+05:30,2.6309577371624324,0.02110091743119269,500.65,497.3,-0.006691301308299091
SBIN,2026-06-24 11:45:00+05:30,2026-06-24 11:50:00+05:30,2026-06-24 12:15:00+05:30,3.4113027926874757,0.00655498907501828,1038.85,1041.6,0.0026471579150022517
TRENT,2026-06-24 11:45:00+05:30,2026-06-24 11:50:00+05:30,2026-06-24 12:15:00+05:30,2.208306344041727,0.009978172747115766,3240.9,3251.3,0.003208985158443589
CANBK,2026-06-24 11:50:00+05:30,2026-06-24 11:55:00+05:30,2026-06-24 12:20:00+05:30,2.077857368435889,0.0070102457437792864,130.78,130.77,-7.646429117591502e-05
GOLDBEES,2026-06-24 11:50:00+05:30,2026-06-24 11:55:00+05:30,2026-06-24 12:20:00+05:30,2.2284972841848436,0.002295332823259555,118.03,118.11,0.0006777937812421087
IDEA,2026-06-24 11:50:00+05:30,2026-06-24 11:55:00+05:30,2026-06-24 12:20:00+05:30,2.134764439443675,0.010474860335195624,14.5,14.51,0.0006896551724138167
LT,2026-06-24 12:15:00+05:30,2026-06-24 12:20:00+05:30,2026-06-24 12:45:00+05:30,2.43324596559432,0.0008357610201059629,4200.0,4172.1,-0.0066428571428570615
INDIGO,2026-06-24 12:45:00+05:30,2026-06-24 12:50:00+05:30,2026-06-24 13:15:00+05:30,2.226885041502901,0.004501228501228471,5118.4,5134.7,0.003184588934041832
BHARTIARTL,2026-06-24 12:50:00+05:30,2026-06-24 12:55:00+05:30,2026-06-24 13:20:00+05:30,2.2070331396642597,0.0014854111405835368,1890.5,1889.2,-0.0006876487701665823
M&M,2026-06-24 12:55:00+05:30,2026-06-24 13:00:00+05:30,2026-06-24 13:25:00+05:30,2.2557075177967656,0.001796211626387878,3069.8,3087.0,0.005602970877581548
RELIANCE,2026-06-24 12:55:00+05:30,2026-06-24 13:00:00+05:30,2026-06-24 13:25:00+05:30,3.5637790725094356,0.0012955342173448514,1316.2,1318.0,0.0013675733171250037
PAYTM,2026-06-24 13:00:00+05:30,2026-06-24 13:05:00+05:30,2026-06-24 13:30:00+05:30,2.740928555210061,0.0013863216266174483,1086.0,1093.4,0.00681399631675883
TATAINVEST,2026-06-24 13:00:00+05:30,2026-06-24 13:05:00+05:30,2026-06-24 13:30:00+05:30,2.319664410414919,0.00044856459330144816,669.25,672.45,0.004781471796787562
TCS,2026-06-24 13:00:00+05:30,2026-06-24 13:05:00+05:30,2026-06-24 13:30:00+05:30,2.0514242232229307,0.0005741352088417528,2098.3,2108.7,0.0049563932707428204
TITAN,2026-06-24 13:00:00+05:30,2026-06-24 13:05:00+05:30,2026-06-24 13:30:00+05:30,2.085908310029608,0.0005830903790087216,4294.6,4300.0,0.0012573930051691384
HCLTECH,2026-06-24 13:05:00+05:30,2026-06-24 13:10:00+05:30,2026-06-24 13:35:00+05:30,2.753034603730481,0.0020683453237408944,1117.4,1118.0,0.0005369608018612748
BAJFINANCE,2026-06-24 13:10:00+05:30,2026-06-24 13:15:00+05:30,2026-06-24 13:40:00+05:30,2.3011222113552368,0.0017813517915310495,986.3,989.3,0.003041670891209547
SUNPHARMA,2026-06-24 13:10:00+05:30,2026-06-24 13:15:00+05:30,2026-06-24 13:40:00+05:30,2.064705712890314,0.000959948802730537,1879.4,1880.7,0.0006917101202510434
ANANTRAJ,2026-06-24 13:15:00+05:30,2026-06-24 13:20:00+05:30,2026-06-24 13:45:00+05:30,2.3773509027600106,0.001055966209081216,521.9,524.7,0.005365012454493279
POWERGRID,2026-06-24 13:15:00+05:30,2026-06-24 13:20:00+05:30,2026-06-24 13:45:00+05:30,2.3335983510014247,0.004993972791458523,292.15,292.05,-0.0003422899195617557
TATASTEEL,2026-06-24 13:15:00+05:30,2026-06-24 13:20:00+05:30,2026-06-24 13:45:00+05:30,2.206638735394148,0.0012990387113536173,192.92,192.8,-0.0006220194899438924
HEROMOTOCO,2026-06-24 13:20:00+05:30,2026-06-24 13:25:00+05:30,2026-06-24 13:50:00+05:30,2.3575590716708894,0.005454545454545379,4927.5,4946.9,0.003937087772704073
MARUTI,2026-06-24 13:20:00+05:30,2026-06-24 13:25:00+05:30,2026-06-24 13:50:00+05:30,2.2572256500726007,0.005601392778745051,13294.0,13293.0,-7.522190461861644e-05
TRENT,2026-06-24 13:20:00+05:30,2026-06-24 13:25:00+05:30,2026-06-24 13:50:00+05:30,2.191897089165049,0.0062094702067785335,3304.8,3286.5,-0.0055374001452432875
ADANIPOWER,2026-06-24 13:30:00+05:30,2026-06-24 13:35:00+05:30,2026-06-24 14:00:00+05:30,2.680308222287892,0.001348353703623184,230.96,229.68,-0.005542085209560121
AXISBANK,2026-06-24 13:35:00+05:30,2026-06-24 13:40:00+05:30,2026-06-24 14:05:00+05:30,2.4513052311285075,0.002029132545836587,1383.7,1378.8,-0.0035412300354124016
BAJAJ-AUTO,2026-06-24 13:35:00+05:30,2026-06-24 13:40:00+05:30,2026-06-24 14:05:00+05:30,2.0184374562873937,0.0006111224281930561,9833.0,9820.0,-0.001322078714532715
INFY,2026-06-24 13:45:00+05:30,2026-06-24 13:50:00+05:30,2026-06-24 14:15:00+05:30,2.9754281207576354,0.0028565987430966278,1055.2,1064.4,0.00871872630780901
SWIGGY,2026-06-24 13:45:00+05:30,2026-06-24 13:50:00+05:30,2026-06-24 14:15:00+05:30,2.0741968032284506,0.003910269602799055,245.1,245.8,0.002855977152182776
INDIGO,2026-06-24 13:50:00+05:30,2026-06-24 13:55:00+05:30,2026-06-24 14:20:00+05:30,2.1923664523970134,0.006952694412526439,5178.0,5170.2,-0.0015063731170336103
MAXHEALTH,2026-06-24 13:55:00+05:30,2026-06-24 14:00:00+05:30,2026-06-24 14:25:00+05:30,2.9465469723334423,0.0006018239896301569,1083.05,1081.7,-0.0012464798485757322
TCS,2026-06-24 14:10:00+05:30,2026-06-24 14:15:00+05:30,2026-06-24 14:40:00+05:30,2.3668949706937714,0.0008546196942360584,2118.0,2117.2,-0.0003777148253070184
TITAN,2026-06-24 14:10:00+05:30,2026-06-24 14:15:00+05:30,2026-06-24 14:40:00+05:30,4.089939967566763,0.0018393052548251188,4321.4,4319.7,-0.0003933910306844757
HDFCBANK,2026-06-24 14:20:00+05:30,2026-06-24 14:25:00+05:30,2026-06-24 14:50:00+05:30,2.4874296770476616,0.0001898734177214756,791.3,794.4,0.003917603942878767
KOTAKBANK,2026-06-24 14:20:00+05:30,2026-06-24 14:25:00+05:30,2026-06-24 14:50:00+05:30,2.2914697613868644,0.0007376444553726103,407.15,406.45,-0.0017192680830160345
DIXON,2026-06-24 14:25:00+05:30,2026-06-24 14:30:00+05:30,2026-06-24 14:55:00+05:30,2.935130958131147,0.000498380264141618,12095.0,12100.0,0.0004133939644481721
NETWEB,2026-06-24 14:35:00+05:30,2026-06-24 14:40:00+05:30,2026-06-24 15:05:00+05:30,2.0170346481352475,0.004005552250644362,5062.8,5082.7,0.003930631271233276
ICICIBANK,2026-06-24 14:50:00+05:30,2026-06-24 14:55:00+05:30,2026-06-24 15:20:00+05:30,2.0660979190749824,0.003062340503098726,1376.9,1373.9,-0.002178807466046928
ITC,2026-06-24 14:55:00+05:30,2026-06-24 15:00:00+05:30,2026-06-24 15:25:00+05:30,2.2104397938683324,0.000516351118760694,290.7,290.2,-0.0017199862401100496
ICICIBANK,2026-06-25 11:45:00+05:30,2026-06-25 11:50:00+05:30,2026-06-25 12:15:00+05:30,2.5043529566728577,0.003172085646312439,1391.4,1403.4,0.00862440707201384
HDFCBANK,2026-06-25 11:50:00+05:30,2026-06-25 11:55:00+05:30,2026-06-25 12:20:00+05:30,3.0245774365236997,0.0034480596827786147,801.35,802.15,0.0009983153428587688
POWERGRID,2026-06-25 11:50:00+05:30,2026-06-25 11:55:00+05:30,2026-06-25 12:20:00+05:30,2.3138503697735695,0.004707112970711247,288.55,288.75,0.0006931207762952418
HINDALCO,2026-06-25 11:55:00+05:30,2026-06-25 12:00:00+05:30,2026-06-25 12:25:00+05:30,2.8788981198489756,0.00010362694300525277,969.9,962.6,-0.00752654912877615
LT,2026-06-25 11:55:00+05:30,2026-06-25 12:00:00+05:30,2026-06-25 12:25:00+05:30,2.9646688301000816,0.0025295508274232326,4260.0,4260.0,0.0
SBIN,2026-06-25 11:55:00+05:30,2026-06-25 12:00:00+05:30,2026-06-25 12:25:00+05:30,3.0665726815127448,0.0014748560825919022,1053.55,1051.15,-0.0022780124341510444
BEL,2026-06-25 12:05:00+05:30,2026-06-25 12:10:00+05:30,2026-06-25 12:35:00+05:30,2.4760187554330733,0.0008502368516944969,412.3,410.65,-0.004001940334707799
KOTAKBANK,2026-06-25 12:15:00+05:30,2026-06-25 12:20:00+05:30,2026-06-25 12:45:00+05:30,2.0357120929608747,0.0009727626459143934,412.85,412.7,-0.0003633280852610721
PAYTM,2026-06-25 12:55:00+05:30,2026-06-25 13:00:00+05:30,2026-06-25 13:25:00+05:30,2.769412832791157,0.0020715122039087763,1117.0,1121.0,0.0035810205908684
ADANIPOWER,2026-06-25 13:00:00+05:30,2026-06-25 13:05:00+05:30,2026-06-25 13:30:00+05:30,2.9821023877094532,0.0008687342541915388,232.2,231.32,-0.0037898363479759167
BAJAJ-AUTO,2026-06-25 13:00:00+05:30,2026-06-25 13:05:00+05:30,2026-06-25 13:30:00+05:30,2.2444097775344467,0.000908173562058634,9925.0,9909.0,-0.0016120906801007084
ETERNAL,2026-06-25 13:00:00+05:30,2026-06-25 13:05:00+05:30,2026-06-25 13:30:00+05:30,2.087599219421178,0.0045045045045044585,256.7,255.95,-0.0029216984807167723
M&M,2026-06-25 13:00:00+05:30,2026-06-25 13:05:00+05:30,2026-06-25 13:30:00+05:30,2.062339397141711,0.0026075209701235114,3195.7,3198.0,0.0007197171198798369
HAL,2026-06-25 13:20:00+05:30,2026-06-25 13:25:00+05:30,2026-06-25 13:50:00+05:30,3.425097851484401,0.002674713668472606,4397.9,4401.2,0.0007503581254690861
SILVERBEES,2026-06-25 13:30:00+05:30,2026-06-25 13:35:00+05:30,2026-06-25 14:00:00+05:30,3.037145111580975,0.001269097476448433,205.62,207.16,0.0074895438186945995
BHARTIARTL,2026-06-25 13:35:00+05:30,2026-06-25 13:40:00+05:30,2026-06-25 14:05:00+05:30,2.2912309355046747,0.0015573814510498885,1868.4,1864.8,-0.0019267822736031004
TITAN,2026-06-25 13:40:00+05:30,2026-06-25 13:45:00+05:30,2026-06-25 14:10:00+05:30,2.8829840025474787,0.0035211267605634866,4285.7,4289.6,0.0009100030333435427
GOLDBEES,2026-06-25 13:45:00+05:30,2026-06-25 13:50:00+05:30,2026-06-25 14:15:00+05:30,2.9188626157151205,0.0018268812527184597,115.35,115.29,-0.000520156046813991
PAYTM,2026-06-25 14:00:00+05:30,2026-06-25 14:05:00+05:30,2026-06-25 14:30:00+05:30,2.19165205173243,0.0014272970561997056,1125.6,1125.9,0.00026652452025599516
ETERNAL,2026-06-25 14:05:00+05:30,2026-06-25 14:10:00+05:30,2026-06-25 14:35:00+05:30,2.005406655565231,0.004688415706192606,257.15,256.05,-0.004277658953917851
TMPV,2026-06-25 14:05:00+05:30,2026-06-25 14:10:00+05:30,2026-06-25 14:35:00+05:30,3.0869655469862027,0.003109101187111163,355.85,354.5,-0.0037937333145988683
POWERGRID,2026-06-29 11:45:00+05:30,2026-06-29 11:50:00+05:30,2026-06-29 12:15:00+05:30,3.394510656099814,0.00456220389542028,286.85,287.15,0.00104584277496933
ADANIPOWER,2026-06-29 11:55:00+05:30,2026-06-29 12:00:00+05:30,2026-06-29 12:25:00+05:30,2.2313579443577227,0.004631671812968641,227.57,226.63,-0.004130597178889972
TATASTEEL,2026-06-29 12:15:00+05:30,2026-06-29 12:20:00+05:30,2026-06-29 12:45:00+05:30,2.670874556056646,0.0002099076406381073,191.13,189.28,-0.009679275885522864
IDEA,2026-06-29 13:00:00+05:30,2026-06-29 13:05:00+05:30,2026-06-29 13:30:00+05:30,3.642020954874067,0.004985754985755042,14.15,14.16,0.0007067137809186885
VEDL,2026-06-29 13:05:00+05:30,2026-06-29 13:10:00+05:30,2026-06-29 13:35:00+05:30,2.681851603157253,0.0023572076155937705,276.9,278.4,0.005417118093174356
HAL,2026-06-29 13:10:00+05:30,2026-06-29 13:15:00+05:30,2026-06-29 13:40:00+05:30,2.2258641573318885,0.004627799353503326,4325.1,4325.0,-2.312085269717823e-05
MCX,2026-06-29 13:10:00+05:30,2026-06-29 13:15:00+05:30,2026-06-29 13:40:00+05:30,2.659468424014243,0.0016541723858796153,2858.9,2861.0,0.0007345482528244851
TATAINVEST,2026-06-29 13:10:00+05:30,2026-06-29 13:15:00+05:30,2026-06-29 13:40:00+05:30,2.3614773423065865,0.003141361256544517,672.45,672.7,0.00037177485314887626
HINDZINC,2026-06-29 13:25:00+05:30,2026-06-29 13:30:00+05:30,2026-06-29 13:55:00+05:30,2.129270434951916,0.0011476664116296664,523.9,523.2,-0.0013361328497804026
PAYTM,2026-06-29 14:05:00+05:30,2026-06-29 14:10:00+05:30,2026-06-29 14:35:00+05:30,2.3389664177799903,0.0021373230029386736,1128.2,1132.9,0.004165928026945709
CANBK,2026-06-29 14:10:00+05:30,2026-06-29 14:15:00+05:30,2026-06-29 14:40:00+05:30,2.2284718584341103,0.002536059597400442,126.58,126.85,0.0021330383946911446
IDEA,2026-06-29 14:10:00+05:30,2026-06-29 14:15:00+05:30,2026-06-29 14:40:00+05:30,2.142947686785323,0.00210526315789461,14.31,14.3,-0.0006988120195666747
TCS,2026-06-29 14:10:00+05:30,2026-06-29 14:15:00+05:30,2026-06-29 14:40:00+05:30,2.1490109032074214,0.0013932929758817547,2086.8,2086.7,-4.792026068634048e-05
VEDL,2026-06-29 14:10:00+05:30,2026-06-29 14:15:00+05:30,2026-06-29 14:40:00+05:30,2.4075012892146925,0.00035919540229900626,278.95,278.75,-0.0007169743681663121
BHARTIARTL,2026-06-29 14:15:00+05:30,2026-06-29 14:20:00+05:30,2026-06-29 14:45:00+05:30,2.4843252427395885,0.0038713195201744988,1843.3,1843.2,-5.425052894258986e-05
ICICIBANK,2026-06-29 14:15:00+05:30,2026-06-29 14:20:00+05:30,2026-06-29 14:45:00+05:30,2.1741854703145496,0.0011538184178263577,1390.2,1389.2,-0.0007193209610127926
GRSE,2026-06-29 14:20:00+05:30,2026-06-29 14:25:00+05:30,2026-06-29 14:50:00+05:30,2.857292263353311,0.004065950462548429,2698.3,2694.5,-0.0014082941111071001
INFY,2026-06-29 14:25:00+05:30,2026-06-29 14:30:00+05:30,2026-06-29 14:55:00+05:30,2.633556489025179,0.0017423289129805397,1036.0,1034.0,-0.0019305019305019266
BAJFINANCE,2026-06-29 14:30:00+05:30,2026-06-29 14:35:00+05:30,2026-06-29 15:00:00+05:30,2.51125675957912,0.0007611122386848024,988.45,981.5,-0.00703121048105626
HEROMOTOCO,2026-06-29 14:30:00+05:30,2026-06-29 14:35:00+05:30,2026-06-29 15:00:00+05:30,2.4553926090281832,0.000998170021627054,4825.3,4813.4,-0.002466167906658767
HINDCOPPER,2026-06-29 14:30:00+05:30,2026-06-29 14:35:00+05:30,2026-06-29 15:00:00+05:30,2.455997095333548,0.0017315135465472142,493.25,494.75,0.003041054232133744
ANANTRAJ,2026-06-29 14:35:00+05:30,2026-06-29 14:40:00+05:30,2026-06-29 15:05:00+05:30,2.6806237874964083,0.00019443904335991746,516.1,515.2,-0.0017438480914551135
WAAREEENER,2026-06-29 14:35:00+05:30,2026-06-29 14:40:00+05:30,2026-06-29 15:05:00+05:30,2.284641481305516,0.008977292730153241,2873.0,2889.7,0.00581273929690207
INDIGO,2026-06-29 14:50:00+05:30,2026-06-29 14:55:00+05:30,2026-06-29 15:20:00+05:30,5.0074545928993786,0.0015402532025996507,5351.0,5328.1,-0.004279573911418311
SWIGGY,2026-06-29 14:50:00+05:30,2026-06-29 14:55:00+05:30,2026-06-29 15:20:00+05:30,2.862091934293516,0.004424778761061843,238.95,238.5,-0.0018832391713746732
PAYTM,2026-06-30 11:45:00+05:30,2026-06-30 11:50:00+05:30,2026-06-30 12:15:00+05:30,2.869927651903616,0.00632577754348973,1147.7,1148.5,0.0006970462664459554
SWIGGY,2026-06-30 11:45:00+05:30,2026-06-30 11:50:00+05:30,2026-06-30 12:15:00+05:30,2.3133337983722737,0.006303845345660752,239.55,241.2,0.006887914840325582
GOLDBEES,2026-06-30 11:50:00+05:30,2026-06-30 11:55:00+05:30,2026-06-30 12:20:00+05:30,2.0969912633332815,0.0013060513713540889,115.32,116.01,0.005983350676378896
SILVERBEES,2026-06-30 11:50:00+05:30,2026-06-30 11:55:00+05:30,2026-06-30 12:20:00+05:30,4.9509116985449735,0.0026387756081176494,210.68,213.9,0.015283842794759916
DIXON,2026-06-30 11:55:00+05:30,2026-06-30 12:00:00+05:30,2026-06-30 12:25:00+05:30,6.361015429902997,0.012834585831292822,12173.0,11976.0,-0.016183356608888477
HINDCOPPER,2026-06-30 11:55:00+05:30,2026-06-30 12:00:00+05:30,2026-06-30 12:25:00+05:30,3.1217775729023085,0.00040217172732748274,498.7,501.65,0.005915379987968761
HINDZINC,2026-06-30 11:55:00+05:30,2026-06-30 12:00:00+05:30,2026-06-30 12:25:00+05:30,2.9293968909109402,0.0014421690222095052,521.4,527.75,0.01217874952052167
KAYNES,2026-06-30 11:55:00+05:30,2026-06-30 12:00:00+05:30,2026-06-30 12:25:00+05:30,2.089491769755588,0.002917670937460537,3171.0,3148.7,-0.00703248186691896
HINDALCO,2026-06-30 12:00:00+05:30,2026-06-30 12:05:00+05:30,2026-06-30 12:30:00+05:30,2.1287708523992666,0.0057639907776148025,961.4,960.6,-0.0008321198252547735
BSE,2026-06-30 12:05:00+05:30,2026-06-30 12:10:00+05:30,2026-06-30 12:35:00+05:30,2.3509906908975675,0.0024657745357408167,3907.9,3894.3,-0.0034801299930908858
GMDCLTD,2026-06-30 12:05:00+05:30,2026-06-30 12:10:00+05:30,2026-06-30 12:35:00+05:30,3.4774126826281413,0.00043365134431927466,579.15,579.85,0.0012086678753346902
TATASTEEL,2026-06-30 12:05:00+05:30,2026-06-30 12:10:00+05:30,2026-06-30 12:35:00+05:30,2.2520254218528986,5.309546564724599e-05,188.7,188.86,0.0008479067302598065
KOTAKBANK,2026-06-30 12:25:00+05:30,2026-06-30 12:30:00+05:30,2026-06-30 12:55:00+05:30,2.5018491059071843,0.0002542911633820477,394.4,394.3,-0.00025354969574031827
BAJFINANCE,2026-06-30 12:30:00+05:30,2026-06-30 12:35:00+05:30,2026-06-30 13:00:00+05:30,2.2532139907998223,0.0009042499748821431,999.05,1001.25,0.0022020919873879663
ANANTRAJ,2026-06-30 12:40:00+05:30,2026-06-30 12:45:00+05:30,2026-06-30 13:10:00+05:30,2.3511783943662725,0.0013601476731759377,516.0,515.2,-0.0015503875968991832
RELIANCE,2026-06-30 12:40:00+05:30,2026-06-30 12:45:00+05:30,2026-06-30 13:10:00+05:30,2.2992416070761044,0.0023938223938222425,1298.9,1295.6,-0.0025406112864733155
GRSE,2026-06-30 12:50:00+05:30,2026-06-30 12:55:00+05:30,2026-06-30 13:20:00+05:30,3.7983240701525567,0.0020540782790559042,2700.7,2713.0,0.004554374791720717
NETWEB,2026-06-30 12:55:00+05:30,2026-06-30 13:00:00+05:30,2026-06-30 13:25:00+05:30,2.9270956835391693,0.004458414142089584,4524.9,4560.4,0.007845477248116017
SAMMAANCAP,2026-06-30 13:05:00+05:30,2026-06-30 13:10:00+05:30,2026-06-30 13:35:00+05:30,3.504450414729368,0.006394977036219052,173.91,174.07,0.0009200161002818064
VEDL,2026-06-30 13:15:00+05:30,2026-06-30 13:20:00+05:30,2026-06-30 13:45:00+05:30,2.3274290265354205,0.0007139032661076516,281.1,281.0,-0.0003557452863750532
GMDCLTD,2026-06-30 13:30:00+05:30,2026-06-30 13:35:00+05:30,2026-06-30 14:00:00+05:30,2.3143645114607065,0.0043950361944156136,584.0,582.0,-0.003424657534246589
INDIGO,2026-06-30 13:30:00+05:30,2026-06-30 13:35:00+05:30,2026-06-30 14:00:00+05:30,2.468414761005625,0.002786557199229378,5367.3,5372.2,0.0009129357405026628
MAXHEALTH,2026-06-30 13:30:00+05:30,2026-06-30 13:35:00+05:30,2026-06-30 14:00:00+05:30,2.4131436390890197,0.0017014964443087255,1149.7,1147.4,-0.002000521875271777
MARUTI,2026-06-30 13:35:00+05:30,2026-06-30 13:40:00+05:30,2026-06-30 14:05:00+05:30,2.0984176996146275,0.005274036063003251,14123.0,14113.0,-0.0007080648587410865
BEL,2026-06-30 13:40:00+05:30,2026-06-30 13:45:00+05:30,2026-06-30 14:10:00+05:30,2.3121041934191777,0.002431610942249307,412.4,411.6,-0.0019398642095052043
ETERNAL,2026-06-30 13:40:00+05:30,2026-06-30 13:45:00+05:30,2026-06-30 14:10:00+05:30,2.627362599420453,0.0017090770983667625,264.2,264.45,0.0009462528387584879
IDEA,2026-06-30 13:40:00+05:30,2026-06-30 13:45:00+05:30,2026-06-30 14:10:00+05:30,2.268528255548087,0.002068965517241228,14.56,14.56,0.0
TITAN,2026-06-30 13:45:00+05:30,2026-06-30 13:50:00+05:30,2026-06-30 14:15:00+05:30,2.5447097784495143,0.0017715194185783378,4418.7,4410.7,-0.0018104872473804212
KAYNES,2026-06-30 13:50:00+05:30,2026-06-30 13:55:00+05:30,2026-06-30 14:20:00+05:30,2.151648089929649,0.0017088607594937244,3172.0,3167.6,-0.0013871374527112401
ANANTRAJ,2026-06-30 13:55:00+05:30,2026-06-30 14:00:00+05:30,2026-06-30 14:25:00+05:30,3.2705087548520253,0.0015527950310558758,518.75,519.2,0.0008674698795181346
BAJAJ-AUTO,2026-06-30 14:05:00+05:30,2026-06-30 14:10:00+05:30,2026-06-30 14:35:00+05:30,2.1094611052475583,0.00010284891494394266,9738.0,9730.0,-0.0008215239268843932
SAMMAANCAP,2026-06-30 14:10:00+05:30,2026-06-30 14:15:00+05:30,2026-06-30 14:40:00+05:30,2.9068354168380237,0.01614293100476827,177.34,175.94,-0.00789444005864448
BAJFINANCE,2026-06-30 14:20:00+05:30,2026-06-30 14:25:00+05:30,2026-06-30 14:50:00+05:30,3.7773016940584307,0.0011968880909634105,1010.75,1009.25,-0.0014840465001236813
CANBK,2026-06-30 14:20:00+05:30,2026-06-30 14:25:00+05:30,2026-06-30 14:50:00+05:30,2.148742780095429,0.0014393091316167173,125.38,125.57,0.0015153932046578777
GRSE,2026-06-30 14:25:00+05:30,2026-06-30 14:30:00+05:30,2026-06-30 14:55:00+05:30,2.0840891455393837,0.005842547054690561,2729.9,2726.0,-0.0014286237591121242
HAL,2026-06-30 14:25:00+05:30,2026-06-30 14:30:00+05:30,2026-06-30 14:55:00+05:30,2.4999068998449134,0.002523644961804461,4412.2,4404.1,-0.0018358188658718078
HDFCBANK,2026-06-30 14:25:00+05:30,2026-06-30 14:30:00+05:30,2026-06-30 14:55:00+05:30,2.248484411814326,0.0013141426783478405,800.75,799.1,-0.002060568217296277
INDIGO,2026-06-30 14:35:00+05:30,2026-06-30 14:40:00+05:30,2026-06-30 15:05:00+05:30,2.282671591877105,0.002252336100666552,5395.9,5376.0,-0.003687985322188947
TRENT,2026-06-30 14:40:00+05:30,2026-06-30 14:45:00+05:30,2026-06-30 15:10:00+05:30,2.188979855407762,0.0032050303714783457,3291.9,3287.2,-0.0014277468938911353
ETERNAL,2026-06-30 14:45:00+05:30,2026-06-30 14:50:00+05:30,2026-06-30 15:15:00+05:30,3.071275450602547,0.005672149744753163,266.25,264.45,-0.006760563380281748
POWERGRID,2026-06-30 14:45:00+05:30,2026-06-30 14:50:00+05:30,2026-06-30 15:15:00+05:30,2.8369434175644304,0.0027957365018347335,287.55,286.2,-0.0046948356807512415
SUNPHARMA,2026-06-30 14:45:00+05:30,2026-06-30 14:50:00+05:30,2026-06-30 15:15:00+05:30,2.182444361079187,0.0021419009370815534,1873.8,1862.0,-0.006297363646066811
VEDL,2026-06-30 14:45:00+05:30,2026-06-30 14:50:00+05:30,2026-06-30 15:15:00+05:30,2.208101838392194,0.0026718916993231367,281.7,280.55,-0.004082357117500823
WAAREEENER,2026-06-30 14:50:00+05:30,2026-06-30 14:55:00+05:30,2026-06-30 15:20:00+05:30,3.2449033095412796,0.0029927760577914686,2923.8,2953.3,0.010089609412408551
BAJFINANCE,2026-07-01 11:45:00+05:30,2026-07-01 11:50:00+05:30,2026-07-01 12:15:00+05:30,2.1813162955905456,0.005032067094227877,1021.8,1022.2,0.00039146604032103127
BHARTIARTL,2026-07-01 11:45:00+05:30,2026-07-01 11:50:00+05:30,2026-07-01 12:15:00+05:30,2.415235773676197,0.005305750576129364,1877.8,1883.7,0.0031419746511875957
ETERNAL,2026-07-01 11:45:00+05:30,2026-07-01 11:50:00+05:30,2026-07-01 12:15:00+05:30,2.5879306937878668,0.0018308311973636027,274.45,274.6,0.0005465476407362502
KOTAKBANK,2026-07-01 11:45:00+05:30,2026-07-01 11:50:00+05:30,2026-07-01 12:15:00+05:30,2.5739007714087467,0.002658564375237482,398.0,397.4,-0.0015075376884422509
ICICIBANK,2026-07-01 11:50:00+05:30,2026-07-01 11:55:00+05:30,2026-07-01 12:20:00+05:30,3.209454680712253,0.002107558139534893,1380.1,1380.8,0.0005072096224911782
HDFCBANK,2026-07-01 11:55:00+05:30,2026-07-01 12:00:00+05:30,2026-07-01 12:25:00+05:30,3.005503250009475,0.0023836406975286106,800.95,799.6,-0.0016854984705662046
IDEA,2026-07-01 12:20:00+05:30,2026-07-01 12:25:00+05:30,2026-07-01 12:50:00+05:30,2.0460849148642932,0.0027266530334015826,14.79,14.69,-0.006761325219743042
RELIANCE,2026-07-01 12:35:00+05:30,2026-07-01 12:40:00+05:30,2026-07-01 13:05:00+05:30,2.0144282310361583,0.001605381851540466,1311.5,1308.2,-0.002516202821197022
SBIN,2026-07-01 12:35:00+05:30,2026-07-01 12:40:00+05:30,2026-07-01 13:05:00+05:30,2.3877501426597303,0.002315038101668554,1040.8,1041.0,0.00019215987701781678
INDIGO,2026-07-01 12:40:00+05:30,2026-07-01 12:45:00+05:30,2026-07-01 13:10:00+05:30,3.0216530736634373,0.0014903129657228842,5390.5,5363.0,-0.0051015675725814
ADANIPOWER,2026-07-01 12:55:00+05:30,2026-07-01 13:00:00+05:30,2026-07-01 13:25:00+05:30,2.0475134902165824,0.004749340369393007,228.3,227.55,-0.003285151116951379
MCX,2026-07-01 12:55:00+05:30,2026-07-01 13:00:00+05:30,2026-07-01 13:25:00+05:30,2.2175330826931416,0.0008074011774601431,2986.4,2988.0,0.0005357621216179886
GMDCLTD,2026-07-01 13:15:00+05:30,2026-07-01 13:20:00+05:30,2026-07-01 13:45:00+05:30,5.409837314546712,0.009974017265945934,609.85,605.85,-0.006558989915553037
SILVERBEES,2026-07-01 13:15:00+05:30,2026-07-01 13:20:00+05:30,2026-07-01 13:45:00+05:30,2.1452820491554028,0.0018594450271764984,210.63,211.26,0.0029910269192423566
GOLDBEES,2026-07-01 13:25:00+05:30,2026-07-01 13:30:00+05:30,2026-07-01 13:55:00+05:30,2.8003890853160534,0.0018311824206487248,115.03,115.09,0.0005216030600712074
KOTAKBANK,2026-07-01 13:30:00+05:30,2026-07-01 13:35:00+05:30,2026-07-01 14:00:00+05:30,2.0274574454071357,0.0008851795649975625,397.75,398.8,0.0026398491514771916
MAXHEALTH,2026-07-01 13:35:00+05:30,2026-07-01 13:40:00+05:30,2026-07-01 14:05:00+05:30,2.317843988741517,0.0008795074758134458,1141.0,1140.7,-0.0002629272567922225
SWIGGY,2026-07-01 13:35:00+05:30,2026-07-01 13:40:00+05:30,2026-07-01 14:05:00+05:30,8.423557700276033,0.003227942393643435,246.77,246.15,-0.0025124609960692768
ITC,2026-07-01 13:40:00+05:30,2026-07-01 13:45:00+05:30,2026-07-01 14:10:00+05:30,3.935107386112133,0.002067539627842896,290.65,290.5,-0.0005160846378805539
DIXON,2026-07-01 13:50:00+05:30,2026-07-01 13:55:00+05:30,2026-07-01 14:20:00+05:30,3.72354967666358,0.0029325513196480912,12016.0,11984.0,-0.0026631158455392434
SBIN,2026-07-01 14:05:00+05:30,2026-07-01 14:10:00+05:30,2026-07-01 14:35:00+05:30,2.209405250760666,0.00086397235288449,1044.7,1044.2,-0.00047860629845886127
LT,2026-07-01 14:10:00+05:30,2026-07-01 14:15:00+05:30,2026-07-01 14:40:00+05:30,4.652393394697028,0.0020051351020906605,4106.2,4104.9,-0.0003165944181968694
PAYTM,2026-07-01 14:20:00+05:30,2026-07-01 14:25:00+05:30,2026-07-01 14:50:00+05:30,2.2200424478543503,0.004311802502536377,1190.9,1193.4,0.0020992526660508215
TMPV,2026-07-01 14:25:00+05:30,2026-07-01 14:30:00+05:30,2026-07-01 14:55:00+05:30,7.721231565088714,0.0025914195220269054,352.75,348.6,-0.0117647058823529
INDIGO,2026-07-01 14:35:00+05:30,2026-07-01 14:40:00+05:30,2026-07-01 15:05:00+05:30,2.0647237922788326,0.0005573618207153075,5396.0,5400.0,0.000741289844329085
BSE,2026-07-01 14:40:00+05:30,2026-07-01 14:45:00+05:30,2026-07-01 15:10:00+05:30,2.31862848246739,0.0027465540918569786,3947.5,3947.8,7.599746675124308e-05
ETERNAL,2026-07-01 14:40:00+05:30,2026-07-01 14:45:00+05:30,2026-07-01 15:10:00+05:30,2.1313598797137154,0.003249097472924012,279.0,279.85,0.0030465949820790428
BEL,2026-07-01 14:55:00+05:30,2026-07-01 15:00:00+05:30,2026-07-01 15:25:00+05:30,2.457852244136149,0.0030048076923077094,416.65,416.3,-0.0008400336013439924
HEROMOTOCO,2026-07-01 14:55:00+05:30,2026-07-01 15:00:00+05:30,2026-07-01 15:25:00+05:30,2.35905794859451,0.001658718639850676,4841.0,4825.0,-0.0033051022516008555
TRENT,2026-07-01 14:55:00+05:30,2026-07-01 15:00:00+05:30,2026-07-01 15:25:00+05:30,2.856578378957872,0.0008531383302865514,3288.6,3288.7,3.0408076385102234e-05
DIXON,2026-07-02 11:45:00+05:30,2026-07-02 11:50:00+05:30,2026-07-02 12:15:00+05:30,2.756559817294087,0.0036089238845145033,12264.0,12345.0,0.006604696673189858
GOLDBEES,2026-07-02 11:45:00+05:30,2026-07-02 11:50:00+05:30,2026-07-02 12:15:00+05:30,2.3218800433802795,0.0034976966387987307,117.7,117.75,0.00042480883602369346
HCLTECH,2026-07-02 11:55:00+05:30,2026-07-02 12:00:00+05:30,2026-07-02 12:25:00+05:30,2.0275924183763663,0.000926784059314123,1080.4,1081.2,0.0007404664938910344
TRENT,2026-07-02 12:00:00+05:30,2026-07-02 12:05:00+05:30,2026-07-02 12:30:00+05:30,2.7951963764735406,0.0017878787878788938,3323.0,3315.3,-0.002317183268131129
WAAREEENER,2026-07-02 12:00:00+05:30,2026-07-02 12:05:00+05:30,2026-07-02 12:30:00+05:30,2.2329561699940603,0.0024508111839833813,2906.3,2896.3,-0.003440801018477102
TCS,2026-07-02 12:05:00+05:30,2026-07-02 12:10:00+05:30,2026-07-02 12:35:00+05:30,3.41929978139716,0.002243792985707982,2060.7,2059.3,-0.000679380792934281
HEROMOTOCO,2026-07-02 12:15:00+05:30,2026-07-02 12:20:00+05:30,2026-07-02 12:45:00+05:30,2.386276408598473,0.00170531350733083,4823.4,4842.1,0.0038769332835759673
M&M,2026-07-02 12:15:00+05:30,2026-07-02 12:20:00+05:30,2026-07-02 12:45:00+05:30,2.2726803304865317,0.001247840276444645,3133.6,3130.6,-0.0009573653306101937
ICICIBANK,2026-07-02 12:20:00+05:30,2026-07-02 12:25:00+05:30,2026-07-02 12:50:00+05:30,2.246535429467589,0.005411645861894687,1393.8,1396.4,0.0018654039316976512
TITAN,2026-07-02 12:20:00+05:30,2026-07-02 12:25:00+05:30,2026-07-02 12:50:00+05:30,2.377570389275621,0.00403939545227594,4442.1,4450.0,0.001778438126111448
ITC,2026-07-02 12:35:00+05:30,2026-07-02 12:40:00+05:30,2026-07-02 13:05:00+05:30,3.5019828161638173,0.0008647526807332717,289.95,290.15,0.0006897740989826318
BHARTIARTL,2026-07-02 13:00:00+05:30,2026-07-02 13:05:00+05:30,2026-07-02 13:30:00+05:30,3.7359106593930203,0.0004852013585636694,1863.5,1865.4,0.0010195867990341334
KAYNES,2026-07-02 13:00:00+05:30,2026-07-02 13:05:00+05:30,2026-07-02 13:30:00+05:30,2.6084612698591294,0.0007890168849613577,3174.0,3155.6,-0.005797101449275366
BAJAJ-AUTO,2026-07-02 13:10:00+05:30,2026-07-02 13:15:00+05:30,2026-07-02 13:40:00+05:30,2.23274633117821,0.0011784598042732242,9792.5,9811.0,0.0018892009190707437
MARUTI,2026-07-02 13:15:00+05:30,2026-07-02 13:20:00+05:30,2026-07-02 13:45:00+05:30,2.584193157926315,0.0007660700605891524,14420.0,14364.0,-0.003883495145631022
HEROMOTOCO,2026-07-02 13:20:00+05:30,2026-07-02 13:25:00+05:30,2026-07-02 13:50:00+05:30,2.2653792200721545,0.0032836992214120286,4860.0,4841.8,-0.0037448559670781867
M&M,2026-07-02 13:20:00+05:30,2026-07-02 13:25:00+05:30,2026-07-02 13:50:00+05:30,2.4693883186967347,0.006739922059669112,3154.6,3138.0,-0.005262156850313837
GMDCLTD,2026-07-02 13:35:00+05:30,2026-07-02 13:40:00+05:30,2026-07-02 14:05:00+05:30,8.030535174477242,0.0015637860082304833,613.65,612.05,-0.00260734946630814
TRENT,2026-07-02 13:40:00+05:30,2026-07-02 13:45:00+05:30,2026-07-02 14:10:00+05:30,2.1892438291550365,0.0018939393939392257,3344.7,3321.0,-0.007085837294824593
TCS,2026-07-02 13:45:00+05:30,2026-07-02 13:50:00+05:30,2026-07-02 14:15:00+05:30,2.147305503075414,0.00014543339150652201,2067.2,2063.0,-0.002031733746129971
TITAN,2026-07-02 14:15:00+05:30,2026-07-02 14:20:00+05:30,2026-07-02 14:45:00+05:30,2.0598741636752385,0.0048003589053386975,4482.5,4489.5,0.0015616285554935772
BHARTIARTL,2026-07-02 14:20:00+05:30,2026-07-02 14:25:00+05:30,2026-07-02 14:50:00+05:30,2.2083274973029474,0.0016635363563186623,1870.2,1877.3,0.003796385413324721
LT,2026-07-02 14:30:00+05:30,2026-07-02 14:35:00+05:30,2026-07-02 15:00:00+05:30,3.8752300576273937,0.002687636870396082,4038.0,4059.6,0.005349182763744409
ANANTRAJ,2026-07-02 14:35:00+05:30,2026-07-02 14:40:00+05:30,2026-07-02 15:05:00+05:30,3.118430133502854,0.00038439361906594804,522.45,535.95,0.025839793281653645
BAJFINANCE,2026-07-02 14:35:00+05:30,2026-07-02 14:40:00+05:30,2026-07-02 15:05:00+05:30,2.844375029423527,0.0035513465522343246,1019.1,1018.2,-0.0008831321754488863
BEL,2026-07-02 14:35:00+05:30,2026-07-02 14:40:00+05:30,2026-07-02 15:05:00+05:30,2.2929356634747835,0.000603718908476214,414.7,415.65,0.002290812635640238
HINDCOPPER,2026-07-02 14:40:00+05:30,2026-07-02 14:45:00+05:30,2026-07-02 15:10:00+05:30,2.1259096503206125,0.002535496957403627,494.85,495.25,0.0008083257552793377
M&M,2026-07-02 14:40:00+05:30,2026-07-02 14:45:00+05:30,2026-07-02 15:10:00+05:30,2.369189098066954,0.0030535322370304208,3161.4,3176.5,0.004776364901625918
POWERGRID,2026-07-02 14:40:00+05:30,2026-07-02 14:45:00+05:30,2026-07-02 15:10:00+05:30,3.295993375630104,0.0026037146328763416,288.7,288.15,-0.0019050917907863507
SBIN,2026-07-02 14:45:00+05:30,2026-07-02 14:50:00+05:30,2026-07-02 15:15:00+05:30,5.003413378436752,0.002576090067741621,1053.3,1050.4,-0.002753251685179814
TCS,2026-07-02 14:50:00+05:30,2026-07-02 14:55:00+05:30,2026-07-02 15:20:00+05:30,2.10529230074521,0.004992729035385501,2071.8,2071.7,-4.826720725958911e-05
HAL,2026-07-02 14:55:00+05:30,2026-07-02 15:00:00+05:30,2026-07-02 15:25:00+05:30,2.331107099434953,0.002441560790342301,4438.9,4425.1,-0.003108878325711162
ICICIBANK,2026-07-02 14:55:00+05:30,2026-07-02 15:00:00+05:30,2026-07-02 15:25:00+05:30,2.5105711692830104,0.0022165022165023807,1403.7,1401.9,-0.0012823252831801746
IDEA,2026-07-02 14:55:00+05:30,2026-07-02 15:00:00+05:30,2026-07-02 15:25:00+05:30,2.2763166842643408,0.0041522491349481605,14.52,14.43,-0.006198347107438051
NETWEB,2026-07-02 14:55:00+05:30,2026-07-02 15:00:00+05:30,2026-07-02 15:25:00+05:30,2.4217437071458683,0.0023518769787425065,4438.0,4433.9,-0.0009238395673727418
TATASTEEL,2026-07-02 14:55:00+05:30,2026-07-02 15:00:00+05:30,2026-07-02 15:25:00+05:30,2.3881181448596482,0.0009649404953362417,186.95,188.5,0.008290986894891716
BHARTIARTL,2026-07-03 11:45:00+05:30,2026-07-03 11:50:00+05:30,2026-07-03 12:15:00+05:30,2.0705813214364555,0.0032695248642091723,1900.8,1906.5,0.002998737373737459
POWERGRID,2026-07-03 11:45:00+05:30,2026-07-03 11:50:00+05:30,2026-07-03 12:15:00+05:30,2.205503901127856,0.002588885053503631,290.5,290.35,-0.000516351118760694
BAJFINANCE,2026-07-03 11:50:00+05:30,2026-07-03 11:55:00+05:30,2026-07-03 12:20:00+05:30,2.0646317371009983,0.002224801702456869,1037.6,1037.0,-0.0005782575173476356
M&M,2026-07-03 11:50:00+05:30,2026-07-03 11:55:00+05:30,2026-07-03 12:20:00+05:30,2.097628504722126,0.003076240010148501,3164.9,3160.7,-0.0013270561471137032
ANANTRAJ,2026-07-03 11:55:00+05:30,2026-07-03 12:00:00+05:30,2026-07-03 12:25:00+05:30,3.361327631703817,0.005962362586174663,542.7,547.25,0.008384005896443725
MAXHEALTH,2026-07-03 11:55:00+05:30,2026-07-03 12:00:00+05:30,2026-07-03 12:25:00+05:30,2.4729367415997805,0.006942613586431001,1149.3,1156.9,0.006612720786565829
RELIANCE,2026-07-03 11:55:00+05:30,2026-07-03 12:00:00+05:30,2026-07-03 12:25:00+05:30,2.454147162040201,0.0030693677102517913,1309.2,1303.5,-0.004353803849679205
SAMMAANCAP,2026-07-03 12:00:00+05:30,2026-07-03 12:05:00+05:30,2026-07-03 12:30:00+05:30,4.103853803702625,0.009092988676655533,176.99,175.29,-0.009605062432905931
ITC,2026-07-03 12:05:00+05:30,2026-07-03 12:10:00+05:30,2026-07-03 12:35:00+05:30,2.0129033732092863,0.0013764624913970014,291.3,289.95,-0.004634397528321399
GOLDBEES,2026-07-03 12:10:00+05:30,2026-07-03 12:15:00+05:30,2026-07-03 12:40:00+05:30,2.4187970713010944,0.000498794579765427,120.42,120.52,0.0008304268393954928
ETERNAL,2026-07-03 12:15:00+05:30,2026-07-03 12:20:00+05:30,2026-07-03 12:45:00+05:30,2.625802364360248,0.003329828250963951,287.3,286.0,-0.004524886877828038
INFY,2026-07-03 12:20:00+05:30,2026-07-03 12:25:00+05:30,2026-07-03 12:50:00+05:30,2.1405144829696354,0.001519323900864178,1058.5,1051.5,-0.006613131790269233
DIXON,2026-07-03 12:30:00+05:30,2026-07-03 12:35:00+05:30,2026-07-03 13:00:00+05:30,2.187441045210184,0.0037955261245254945,12444.0,12434.0,-0.0008036001285760541
KAYNES,2026-07-03 12:40:00+05:30,2026-07-03 12:45:00+05:30,2026-07-03 13:10:00+05:30,2.1389433807198963,0.0033475349969567247,3292.1,3319.8,0.008414082196774197
TITAN,2026-07-03 12:45:00+05:30,2026-07-03 12:50:00+05:30,2026-07-03 13:15:00+05:30,3.433956124100582,0.001519519116891077,4486.0,4485.0,-0.00022291573785104823
HINDCOPPER,2026-07-03 12:50:00+05:30,2026-07-03 12:55:00+05:30,2026-07-03 13:20:00+05:30,2.1265035646655828,0.0008985623003194831,502.3,502.65,0.0006967947441767208
POWERGRID,2026-07-03 12:50:00+05:30,2026-07-03 12:55:00+05:30,2026-07-03 13:20:00+05:30,2.388867526532672,0.0030997072498708533,291.35,289.6,-0.006006521366054618
SILVERBEES,2026-07-03 13:00:00+05:30,2026-07-03 13:05:00+05:30,2026-07-03 13:30:00+05:30,2.7309134740158254,0.0007227718299678276,221.74,221.96,0.0009921529719492117
KAYNES,2026-07-03 13:45:00+05:30,2026-07-03 13:50:00+05:30,2026-07-03 14:15:00+05:30,2.428276822827673,0.003976143141153132,3349.0,3338.0,-0.0032845625559868585
BHARTIARTL,2026-07-03 14:05:00+05:30,2026-07-03 14:10:00+05:30,2026-07-03 14:35:00+05:30,2.6231495102370195,0.001680054601774561,1910.5,1911.2,0.0003663962313531499
WAAREEENER,2026-07-03 14:45:00+05:30,2026-07-03 14:50:00+05:30,2026-07-03 15:15:00+05:30,2.1531418682278525,0.0005260758250622555,2857.4,2853.8,-0.001259886610205041
INDIGO,2026-07-03 14:50:00+05:30,2026-07-03 14:55:00+05:30,2026-07-03 15:20:00+05:30,4.150702701775478,0.0028748956691087013,5430.0,5426.0,-0.0007366482504603811
PAYTM,2026-07-03 14:50:00+05:30,2026-07-03 14:55:00+05:30,2026-07-03 15:20:00+05:30,5.051961227903811,0.0024803637866888106,1223.4,1215.9,-0.006130456105934323
BSE,2026-07-06 11:45:00+05:30,2026-07-06 11:50:00+05:30,2026-07-06 12:15:00+05:30,2.400011504562754,0.008092761621736333,3810.1,3797.0,-0.0034382299677173656
MCX,2026-07-06 11:45:00+05:30,2026-07-06 11:50:00+05:30,2026-07-06 12:15:00+05:30,2.875718113644963,0.006343797578481913,2792.4,2765.4,-0.00966910184787284
INDIGO,2026-07-06 11:50:00+05:30,2026-07-06 11:55:00+05:30,2026-07-06 12:20:00+05:30,2.919614580629544,0.0011111111111110628,5415.0,5416.5,0.0002770083102492382
BHARTIARTL,2026-07-06 12:00:00+05:30,2026-07-06 12:05:00+05:30,2026-07-06 12:30:00+05:30,2.3876909757908167,0.0008319467554076532,1926.3,1928.5,0.001142085864091813
HDFCBANK,2026-07-06 12:00:00+05:30,2026-07-06 12:05:00+05:30,2026-07-06 12:30:00+05:30,2.1707713268457622,0.0031553398058252746,827.6,827.5,-0.00012083131947804304
CANBK,2026-07-06 12:10:00+05:30,2026-07-06 12:15:00+05:30,2026-07-06 12:40:00+05:30,3.8038977355847297,0.00528891695610989,127.47,126.81,-0.005177688867968877
POWERGRID,2026-07-06 12:10:00+05:30,2026-07-06 12:15:00+05:30,2026-07-06 12:40:00+05:30,3.5905542504450136,0.002103418054338446,286.45,286.85,0.0013964042590330905
SBIN,2026-07-06 12:10:00+05:30,2026-07-06 12:15:00+05:30,2026-07-06 12:40:00+05:30,2.8239611593897864,0.0019219680953295182,1046.9,1046.0,-0.0008596809628427238
ITC,2026-07-06 12:15:00+05:30,2026-07-06 12:20:00+05:30,2026-07-06 12:45:00+05:30,4.11608311764974,0.0020782819535851704,289.55,289.55,0.0
DIXON,2026-07-06 12:45:00+05:30,2026-07-06 12:50:00+05:30,2026-07-06 13:15:00+05:30,2.4032070979013067,0.007095480487428585,13138.0,13080.0,-0.004414674988582723
HINDALCO,2026-07-06 12:45:00+05:30,2026-07-06 12:50:00+05:30,2026-07-06 13:15:00+05:30,2.3200355563722925,5.12873115192658e-05,976.1,979.25,0.0032271283679949914
TRENT,2026-07-06 12:55:00+05:30,2026-07-06 13:00:00+05:30,2026-07-06 13:25:00+05:30,2.2159092552626154,0.0033283358320839174,3353.8,3347.0,-0.002027550837855663
ADANIPOWER,2026-07-06 13:05:00+05:30,2026-07-06 13:10:00+05:30,2026-07-06 13:35:00+05:30,2.085250562441385,0.004032806198740468,222.0,224.51,0.011306306306306357
HDFCBANK,2026-07-06 13:05:00+05:30,2026-07-06 13:10:00+05:30,2026-07-06 13:35:00+05:30,2.303365424693178,0.002839879154078684,830.6,829.95,-0.0007825668191668855
BHARTIARTL,2026-07-06 13:10:00+05:30,2026-07-06 13:15:00+05:30,2026-07-06 13:40:00+05:30,2.2151632149036886,0.0004149377593360981,1931.2,1930.9,-0.00015534382767190547
GOLDBEES,2026-07-06 13:10:00+05:30,2026-07-06 13:15:00+05:30,2026-07-06 13:40:00+05:30,2.13167831893208,0.0007513148009015147,119.97,119.83,-0.001166958406268237
SAMMAANCAP,2026-07-06 13:10:00+05:30,2026-07-06 13:15:00+05:30,2026-07-06 13:40:00+05:30,2.0158852405084766,0.00039723073430941724,177.21,177.4,0.0010721742565318326
SILVERBEES,2026-07-06 13:10:00+05:30,2026-07-06 13:15:00+05:30,2026-07-06 13:40:00+05:30,3.767413053703514,0.002777145458684238,220.68,220.37,-0.001404748957766877
SUNPHARMA,2026-07-06 13:35:00+05:30,2026-07-06 13:40:00+05:30,2026-07-06 14:05:00+05:30,3.161359014259412,0.002732527588019007,1911.7,1908.8,-0.0015169744206727787
WAAREEENER,2026-07-06 13:40:00+05:30,2026-07-06 13:45:00+05:30,2026-07-06 14:10:00+05:30,2.1061962942512173,0.0031071079458175888,2875.0,2870.5,-0.00156521739130433
DIXON,2026-07-06 13:50:00+05:30,2026-07-06 13:55:00+05:30,2026-07-06 14:20:00+05:30,2.108408107488383,0.007262996941896027,13182.0,13207.0,0.0018965255651646196
ETERNAL,2026-07-06 14:05:00+05:30,2026-07-06 14:10:00+05:30,2026-07-06 14:35:00+05:30,3.2118112666522753,0.005522893283449237,282.9,283.6,0.002474372569812866
GRSE,2026-07-06 14:20:00+05:30,2026-07-06 14:25:00+05:30,2026-07-06 14:50:00+05:30,2.2079975115457837,0.0010897203051216664,2761.5,2764.0,0.0009053050878145008
NETWEB,2026-07-06 14:40:00+05:30,2026-07-06 14:45:00+05:30,2026-07-06 15:10:00+05:30,2.0921188940399826,0.001795046580322479,4410.0,4409.4,-0.00013605442176878313
BAJAJ-AUTO,2026-07-06 14:50:00+05:30,2026-07-06 14:55:00+05:30,2026-07-06 15:20:00+05:30,2.215856132771096,0.001200660363199768,10010.0,10028.5,0.0018481518481519021
TITAN,2026-07-06 14:50:00+05:30,2026-07-06 14:55:00+05:30,2026-07-06 15:20:00+05:30,2.2497845663232217,0.0003573103463678784,4487.0,4483.8,-0.000713171383998179
VEDL,2026-07-06 14:50:00+05:30,2026-07-06 14:55:00+05:30,2026-07-06 15:20:00+05:30,3.402301984496748,0.0026685643124000347,281.8,281.95,0.000532292405961643
ANANTRAJ,2026-07-06 14:55:00+05:30,2026-07-06 15:00:00+05:30,2026-07-06 15:25:00+05:30,2.479174456157087,0.0075222456655352765,552.0,550.05,-0.003532608695652306
INFY,2026-07-06 14:55:00+05:30,2026-07-06 15:00:00+05:30,2026-07-06 15:25:00+05:30,3.0333477408397984,0.0028985507246377384,1039.0,1043.8,0.004619826756496526
PAYTM,2026-07-06 14:55:00+05:30,2026-07-06 15:00:00+05:30,2026-07-06 15:25:00+05:30,2.22870118609036,0.0038079470198675303,1216.2,1217.0,0.0006577865482650935
INFY,2026-07-07 11:45:00+05:30,2026-07-07 11:50:00+05:30,2026-07-07 12:15:00+05:30,2.1260467697386765,0.007895959126799745,1085.0,1082.0,-0.0027649769585254003
IDEA,2026-07-07 11:50:00+05:30,2026-07-07 11:55:00+05:30,2026-07-07 12:20:00+05:30,2.584877437621769,0.007930785868781598,14.05,13.96,-0.006405693950177871
ETERNAL,2026-07-07 12:05:00+05:30,2026-07-07 12:10:00+05:30,2026-07-07 12:35:00+05:30,2.086996768735728,0.0020746887966804906,290.3,288.0,-0.007922838442990021
SWIGGY,2026-07-07 12:05:00+05:30,2026-07-07 12:10:00+05:30,2026-07-07 12:35:00+05:30,2.641075392424415,0.006238546418684265,258.27,257.6,-0.0025941843806867038
WAAREEENER,2026-07-07 12:20:00+05:30,2026-07-07 12:25:00+05:30,2026-07-07 12:50:00+05:30,2.3592996091771585,0.0006683786540964132,2850.8,2845.3,-0.0019292830082783263
ITC,2026-07-07 12:25:00+05:30,2026-07-07 12:30:00+05:30,2026-07-07 12:55:00+05:30,2.009134900272154,0.0015630427231678734,288.7,288.8,0.0003463803255976394
POWERGRID,2026-07-07 12:25:00+05:30,2026-07-07 12:30:00+05:30,2026-07-07 12:55:00+05:30,2.34275369394012,0.000523468853603104,287.1,286.85,-0.0008707767328457461
KOTAKBANK,2026-07-07 12:45:00+05:30,2026-07-07 12:50:00+05:30,2026-07-07 13:15:00+05:30,2.0581893916133756,0.002499671095908429,381.95,381.4,-0.00143997905485016
SWIGGY,2026-07-07 13:10:00+05:30,2026-07-07 13:15:00+05:30,2026-07-07 13:40:00+05:30,2.114429979949877,0.0234860248447204,262.99,262.38,-0.0023194798281304108
M&M,2026-07-07 13:30:00+05:30,2026-07-07 13:35:00+05:30,2026-07-07 14:00:00+05:30,2.439942842801205,0.0023161189358371637,3206.8,3203.4,-0.0010602469751778143
BSE,2026-07-07 13:40:00+05:30,2026-07-07 13:45:00+05:30,2026-07-07 14:10:00+05:30,2.5080043269149326,0.006053935057787507,3672.3,3681.8,0.0025869346186313535
INDIGO,2026-07-07 13:40:00+05:30,2026-07-07 13:45:00+05:30,2026-07-07 14:10:00+05:30,3.2235433611268527,0.0012076172782164996,5400.0,5400.5,9.259259259253305e-05
MARUTI,2026-07-07 13:40:00+05:30,2026-07-07 13:45:00+05:30,2026-07-07 14:10:00+05:30,2.4265886462983546,0.0011008669327094989,14567.0,14587.0,0.0013729662936774467
HCLTECH,2026-07-07 13:50:00+05:30,2026-07-07 13:55:00+05:30,2026-07-07 14:20:00+05:30,3.447688176908824,0.0013695112556706412,1172.8,1171.1,-0.0014495225102320042
ITC,2026-07-07 13:50:00+05:30,2026-07-07 13:55:00+05:30,2026-07-07 14:20:00+05:30,4.175682857289419,0.003645833333333348,290.35,289.1,-0.004305148958153926
HEROMOTOCO,2026-07-07 14:00:00+05:30,2026-07-07 14:05:00+05:30,2026-07-07 14:30:00+05:30,3.1137356498845037,0.0018019821803985092,5010.2,5011.9,0.0003393078120632609
BAJFINANCE,2026-07-07 14:10:00+05:30,2026-07-07 14:15:00+05:30,2026-07-07 14:40:00+05:30,3.8353925835403064,0.0029945904173105387,1042.3,1051.7,0.009018516741821081
ADANIPOWER,2026-07-07 14:35:00+05:30,2026-07-07 14:40:00+05:30,2026-07-07 15:05:00+05:30,3.3983603930679447,0.0018407731247123138,218.29,218.32,0.0001374318567044508
SBIN,2026-07-07 14:35:00+05:30,2026-07-07 14:40:00+05:30,2026-07-07 15:05:00+05:30,2.444509038968127,0.0011521843494959327,1043.4,1038.4,-0.004792026068621835
MCX,2026-07-07 14:40:00+05:30,2026-07-07 14:45:00+05:30,2026-07-07 15:10:00+05:30,2.184179966823576,0.004136029411764719,2624.0,2649.0,0.009527439024390238
CANBK,2026-07-07 14:45:00+05:30,2026-07-07 14:50:00+05:30,2026-07-07 15:15:00+05:30,2.013752950491364,0.000960537901224523,125.14,124.95,-0.001518299504554843
GRSE,2026-07-07 14:45:00+05:30,2026-07-07 14:50:00+05:30,2026-07-07 15:15:00+05:30,2.46881849329984,0.001630354231510145,2704.0,2693.2,-0.0039940828402367234
HINDALCO,2026-07-07 14:45:00+05:30,2026-07-07 14:50:00+05:30,2026-07-07 15:15:00+05:30,2.212294072068874,0.0005166890565257987,968.65,970.2,0.0016001651783410509
VEDL,2026-07-07 14:55:00+05:30,2026-07-07 15:00:00+05:30,2026-07-07 15:25:00+05:30,2.133304661943565,0.005093687465890451,276.45,274.7,-0.0063302586362814495
GOLDBEES,2026-07-08 11:45:00+05:30,2026-07-08 11:50:00+05:30,2026-07-08 12:15:00+05:30,2.0746395941645472,0.0008427439743805554,118.77,118.57,-0.0016839269175717986
SILVERBEES,2026-07-08 11:50:00+05:30,2026-07-08 11:55:00+05:30,2026-07-08 12:20:00+05:30,2.0169363677014718,0.0006044824700084384,215.42,215.17,-0.0011605236282610232
TRENT,2026-07-08 11:55:00+05:30,2026-07-08 12:00:00+05:30,2026-07-08 12:25:00+05:30,2.565980584974687,0.001293793197371551,2950.9,2951.6,0.00023721576468194172
SWIGGY,2026-07-08 12:00:00+05:30,2026-07-08 12:05:00+05:30,2026-07-08 12:30:00+05:30,3.63173599220615,0.002604756511891182,269.08,268.07,-0.0037535305485356663
HINDALCO,2026-07-08 12:15:00+05:30,2026-07-08 12:20:00+05:30,2026-07-08 12:45:00+05:30,2.006334741338822,0.002870617182694435,978.8,975.5,-0.0033714752758479127
IDEA,2026-07-08 12:35:00+05:30,2026-07-08 12:40:00+05:30,2026-07-08 13:05:00+05:30,2.0156609748738816,0.002826855123674754,14.22,14.23,0.0007032348804500987
TITAN,2026-07-08 12:45:00+05:30,2026-07-08 12:50:00+05:30,2026-07-08 13:15:00+05:30,4.473113790485413,0.0008269858541893882,4620.0,4618.9,-0.00023809523809537048
BAJAJ-AUTO,2026-07-08 13:00:00+05:30,2026-07-08 13:05:00+05:30,2026-07-08 13:30:00+05:30,2.235255652348331,0.003878823587175395,10232.5,10252.5,0.001954556559980558
BAJFINANCE,2026-07-08 13:00:00+05:30,2026-07-08 13:05:00+05:30,2026-07-08 13:30:00+05:30,2.001558524449613,0.0023332685203190096,1033.2,1032.2,-0.0009678668215253872
PAYTM,2026-07-08 13:00:00+05:30,2026-07-08 13:05:00+05:30,2026-07-08 13:30:00+05:30,3.078182455239453,0.002808988764045006,1253.2,1248.8,-0.003511011809767095
TMPV,2026-07-08 13:00:00+05:30,2026-07-08 13:05:00+05:30,2026-07-08 13:30:00+05:30,2.5355688331013413,0.001629146919431168,339.2,338.6,-0.001768867924528239
TRENT,2026-07-08 13:00:00+05:30,2026-07-08 13:05:00+05:30,2026-07-08 13:30:00+05:30,2.1898303622667776,0.008266702805258097,2971.5,2957.6,-0.004677772168938277
INDIGO,2026-07-08 13:05:00+05:30,2026-07-08 13:10:00+05:30,2026-07-08 13:35:00+05:30,2.081053672494105,0.002749597041812768,5300.0,5295.5,-0.0008490566037735459
HDFCBANK,2026-07-08 13:20:00+05:30,2026-07-08 13:25:00+05:30,2026-07-08 13:50:00+05:30,2.400539990603578,0.0027236412056652615,829.45,821.55,-0.009524383627705246
MCX,2026-07-08 14:15:00+05:30,2026-07-08 14:20:00+05:30,2026-07-08 14:45:00+05:30,3.8541950277079065,0.002409459910293954,2717.5,2705.9,-0.004268629254829737
BSE,2026-07-08 14:40:00+05:30,2026-07-08 14:45:00+05:30,2026-07-08 15:10:00+05:30,2.169597997535951,0.005365069854843529,3697.7,3739.0,0.011169105119398504
GOLDBEES,2026-07-09 11:45:00+05:30,2026-07-09 11:50:00+05:30,2026-07-09 12:15:00+05:30,2.6113333110208568,0.0035714285714285587,118.08,118.21,0.0011009485094850557
INDIGO,2026-07-09 11:45:00+05:30,2026-07-09 11:50:00+05:30,2026-07-09 12:15:00+05:30,2.0753122627241303,0.005676897912056278,5230.0,5226.5,-0.0006692160611854181
POWERGRID,2026-07-09 11:45:00+05:30,2026-07-09 11:50:00+05:30,2026-07-09 12:15:00+05:30,2.4334822454129044,0.0024809498493709725,283.15,283.35,0.0007063393960800024
SILVERBEES,2026-07-09 11:45:00+05:30,2026-07-09 11:50:00+05:30,2026-07-09 12:15:00+05:30,2.2982008965377094,0.004939678920870216,211.73,212.69,0.00453407641807968
VEDL,2026-07-09 11:45:00+05:30,2026-07-09 11:50:00+05:30,2026-07-09 12:15:00+05:30,2.403961205065877,0.004237288135593431,273.25,273.0,-0.0009149130832570851
TCS,2026-07-09 11:50:00+05:30,2026-07-09 11:55:00+05:30,2026-07-09 12:20:00+05:30,2.676590346167529,0.0045738454728765365,2044.6,2050.9,0.0030812872933581037
HINDALCO,2026-07-09 11:55:00+05:30,2026-07-09 12:00:00+05:30,2026-07-09 12:25:00+05:30,2.0848051535818417,0.005428541601419923,965.0,963.0,-0.002072538860103612
HINDZINC,2026-07-09 11:55:00+05:30,2026-07-09 12:00:00+05:30,2026-07-09 12:25:00+05:30,3.4692672179565736,0.002762167825506978,527.95,528.55,0.001136471256747651
INFY,2026-07-09 12:00:00+05:30,2026-07-09 12:05:00+05:30,2026-07-09 12:30:00+05:30,2.1613809157108315,0.004862236628849104,1055.0,1053.5,-0.0014218009478672577
TATASTEEL,2026-07-09 12:00:00+05:30,2026-07-09 12:05:00+05:30,2026-07-09 12:30:00+05:30,2.243920304294283,0.0015991471215353048,188.01,188.16,0.0007978299026647484
BAJAJ-AUTO,2026-07-09 12:05:00+05:30,2026-07-09 12:10:00+05:30,2026-07-09 12:35:00+05:30,2.2117635223211267,0.003006999901409735,10176.0,10194.5,0.00181800314465419
BAJFINANCE,2026-07-09 12:10:00+05:30,2026-07-09 12:15:00+05:30,2026-07-09 12:40:00+05:30,2.228428494088844,0.00418618558756112,1008.4,1004.4,-0.003966679888932956
HINDCOPPER,2026-07-09 12:15:00+05:30,2026-07-09 12:20:00+05:30,2026-07-09 12:45:00+05:30,2.9710866163586704,0.0011320366368219315,487.7,488.7,0.0020504408447816758
SWIGGY,2026-07-09 12:15:00+05:30,2026-07-09 12:20:00+05:30,2026-07-09 12:45:00+05:30,2.6242018035011245,0.005272661610689955,280.48,276.36,-0.014689104392470065
TRENT,2026-07-09 12:15:00+05:30,2026-07-09 12:20:00+05:30,2026-07-09 12:45:00+05:30,2.966048856315241,0.0032893609731026174,2937.0,2926.3,-0.003643173306094538
RELIANCE,2026-07-09 12:20:00+05:30,2026-07-09 12:25:00+05:30,2026-07-09 12:50:00+05:30,2.3709738168779535,0.004044174832789071,1293.6,1291.5,-0.0016233766233765268
ADANIPOWER,2026-07-09 12:25:00+05:30,2026-07-09 12:30:00+05:30,2026-07-09 12:55:00+05:30,3.0068466777173666,0.004624753880672294,220.08,219.63,-0.002044711014176692
CANBK,2026-07-09 12:25:00+05:30,2026-07-09 12:30:00+05:30,2026-07-09 12:55:00+05:30,2.2033119926318094,0.0037225863882819343,124.17,124.32,0.0012080212611740304
ANANTRAJ,2026-07-09 12:40:00+05:30,2026-07-09 12:45:00+05:30,2026-07-09 13:10:00+05:30,2.224228968094363,0.003116651825467498,562.7,564.45,0.003110005331437682
GMDCLTD,2026-07-09 12:40:00+05:30,2026-07-09 12:45:00+05:30,2026-07-09 13:10:00+05:30,3.797484585190759,0.0011049723756906271,591.7,593.1,0.002366063883724845
NETWEB,2026-07-09 12:40:00+05:30,2026-07-09 12:45:00+05:30,2026-07-09 13:10:00+05:30,2.452487178081224,0.001113744075829315,4249.5,4257.8,0.001953170961289663
HCLTECH,2026-07-09 12:45:00+05:30,2026-07-09 12:50:00+05:30,2026-07-09 13:15:00+05:30,3.110907053284815,0.0040851803563668465,1159.1,1156.6,-0.002156845828660159
HINDALCO,2026-07-09 13:10:00+05:30,2026-07-09 13:15:00+05:30,2026-07-09 13:40:00+05:30,2.0541195506221803,0.0038409633551335087,968.45,967.5,-0.0009809489390263382
TATASTEEL,2026-07-09 13:10:00+05:30,2026-07-09 13:15:00+05:30,2026-07-09 13:40:00+05:30,2.10562095765144,0.0029207158409008116,189.06,189.02,-0.00021157304559393797
CANBK,2026-07-09 13:35:00+05:30,2026-07-09 13:40:00+05:30,2026-07-09 14:05:00+05:30,2.1193321997863492,0.0023302531137001647,124.89,124.78,-0.0008807750820721827
KAYNES,2026-07-09 13:35:00+05:30,2026-07-09 13:40:00+05:30,2026-07-09 14:05:00+05:30,2.193240000571314,0.0019411676870240147,3364.0,3376.1,0.0035969084423306263
KOTAKBANK,2026-07-09 13:40:00+05:30,2026-07-09 13:45:00+05:30,2026-07-09 14:10:00+05:30,2.0395193714955044,0.004319654427645814,373.0,373.3,0.0008042895442359477
PAYTM,2026-07-09 13:40:00+05:30,2026-07-09 13:45:00+05:30,2026-07-09 14:10:00+05:30,2.7391132881895057,0.0034116153602030685,1267.4,1268.0,0.0004734101309766814
GRSE,2026-07-09 13:50:00+05:30,2026-07-09 13:55:00+05:30,2026-07-09 14:20:00+05:30,2.015839061007441,0.0012530376670718546,2638.1,2638.1,0.0
ITC,2026-07-09 14:10:00+05:30,2026-07-09 14:15:00+05:30,2026-07-09 14:40:00+05:30,3.2069306659352055,0.0003533568904594553,283.5,283.15,-0.0012345679012346622
SUNPHARMA,2026-07-09 14:20:00+05:30,2026-07-09 14:25:00+05:30,2026-07-09 14:50:00+05:30,4.288370955367399,0.0006717999069816294,1940.9,1941.0,5.152248956674654e-05
BAJFINANCE,2026-07-09 14:25:00+05:30,2026-07-09 14:30:00+05:30,2026-07-09 14:55:00+05:30,2.25596300603621,0.0013917884481557952,1008.0,1007.0,-0.0009920634920634885
ICICIBANK,2026-07-09 14:30:00+05:30,2026-07-09 14:35:00+05:30,2026-07-09 15:00:00+05:30,3.3706363003788096,0.0010829542993284758,1388.8,1380.0,-0.006336405529953848
SWIGGY,2026-07-09 14:30:00+05:30,2026-07-09 14:35:00+05:30,2026-07-09 15:00:00+05:30,2.1295820506389,0.004086021505376403,280.8,281.09,0.001032763532763381
TCS,2026-07-09 14:30:00+05:30,2026-07-09 14:35:00+05:30,2026-07-09 15:00:00+05:30,2.010560817403576,0.0013163026521061383,2057.0,2047.1,-0.004812834224598994
BSE,2026-07-09 14:40:00+05:30,2026-07-09 14:45:00+05:30,2026-07-09 15:10:00+05:30,2.155534870864303,0.0034555526246373702,3813.2,3794.8,-0.004825343543480409
KAYNES,2026-07-09 14:40:00+05:30,2026-07-09 14:45:00+05:30,2026-07-09 15:10:00+05:30,2.4704016166989207,0.01851248481976242,3421.4,3419.9,-0.0004384170222715422
ANANTRAJ,2026-07-09 14:50:00+05:30,2026-07-09 14:55:00+05:30,2026-07-09 15:20:00+05:30,2.114971271653376,0.004343971631205701,566.85,570.35,0.006174472964629141
NETWEB,2026-07-09 14:50:00+05:30,2026-07-09 14:55:00+05:30,2026-07-09 15:20:00+05:30,2.6728638106785874,0.002915863236608196,4279.9,4291.0,0.0025935185401528837
KOTAKBANK,2026-07-09 14:55:00+05:30,2026-07-09 15:00:00+05:30,2026-07-09 15:25:00+05:30,2.506840694529504,0.0045484949832774735,376.85,377.25,0.0010614302772986584
BAJFINANCE,2026-07-10 11:45:00+05:30,2026-07-10 11:50:00+05:30,2026-07-10 12:15:00+05:30,2.406032691558857,0.00029653059207279675,1013.4,1013.5,9.8677718571194e-05
MAXHEALTH,2026-07-10 11:55:00+05:30,2026-07-10 12:00:00+05:30,2026-07-10 12:25:00+05:30,2.0443197283331958,0.002545685971451883,1103.8,1107.9,0.0037144410219243085
HEROMOTOCO,2026-07-10 12:00:00+05:30,2026-07-10 12:05:00+05:30,2026-07-10 12:30:00+05:30,2.1519401776716434,0.003172085646312439,4950.3,4952.0,0.00034341353049316403
M&M,2026-07-10 12:20:00+05:30,2026-07-10 12:25:00+05:30,2026-07-10 12:50:00+05:30,2.251099447045376,0.0001279754287177859,3129.0,3126.0,-0.0009587727708533222
WAAREEENER,2026-07-10 12:30:00+05:30,2026-07-10 12:35:00+05:30,2026-07-10 13:00:00+05:30,2.5833148475992997,0.002967256667701701,2912.4,2911.6,-0.00027468754292003794
CANBK,2026-07-10 12:40:00+05:30,2026-07-10 12:45:00+05:30,2026-07-10 13:10:00+05:30,4.694477875123769,0.0049968274111675814,127.68,129.7,0.015820802005012347
SBIN,2026-07-10 12:40:00+05:30,2026-07-10 12:45:00+05:30,2026-07-10 13:10:00+05:30,6.574739896251236,0.0005853087503659982,1034.2,1040.9,0.006478437439566775
PAYTM,2026-07-10 12:45:00+05:30,2026-07-10 12:50:00+05:30,2026-07-10 13:15:00+05:30,2.2888220152313,0.0014414687808208537,1321.0,1344.3,0.017638152914458693
AXISBANK,2026-07-10 12:50:00+05:30,2026-07-10 12:55:00+05:30,2026-07-10 13:20:00+05:30,2.859854783240167,0.002357414448669104,1321.5,1318.9,-0.001967461218312483
BAJFINANCE,2026-07-10 12:50:00+05:30,2026-07-10 12:55:00+05:30,2026-07-10 13:20:00+05:30,2.232884396883524,0.007893438579181122,1021.1,1016.9,-0.004113211242777415
LT,2026-07-10 13:00:00+05:30,2026-07-10 13:05:00+05:30,2026-07-10 13:30:00+05:30,2.2570443301174996,0.0011949253807235216,3940.0,3942.1,0.0005329949238579434
MAXHEALTH,2026-07-10 13:15:00+05:30,2026-07-10 13:20:00+05:30,2026-07-10 13:45:00+05:30,3.634867405604414,0.0013605442176871652,1113.8,1111.9,-0.001705871790267377
MARUTI,2026-07-10 13:25:00+05:30,2026-07-10 13:30:00+05:30,2026-07-10 13:55:00+05:30,2.3016531050522118,0.00014444604940044847,13871.0,13919.0,0.003460457068704459
POWERGRID,2026-07-10 13:25:00+05:30,2026-07-10 13:30:00+05:30,2026-07-10 13:55:00+05:30,2.3723731238424244,0.0005302226935313126,283.3,282.55,-0.002647370278856309
ANANTRAJ,2026-07-10 13:30:00+05:30,2026-07-10 13:35:00+05:30,2026-07-10 14:00:00+05:30,2.4392512366310215,0.00034284734721845567,586.0,585.0,-0.0017064846416382506
RELIANCE,2026-07-10 13:30:00+05:30,2026-07-10 13:35:00+05:30,2026-07-10 14:00:00+05:30,4.768416690784855,0.0014606396063960858,1304.6,1303.5,-0.000843170320404707
HDFCBANK,2026-07-10 13:35:00+05:30,2026-07-10 13:40:00+05:30,2026-07-10 14:05:00+05:30,3.0231348300134537,0.002002548698343265,826.4,824.75,-0.0019966118102613395
ICICIBANK,2026-07-10 13:40:00+05:30,2026-07-10 13:45:00+05:30,2026-07-10 14:10:00+05:30,2.7518514017653346,0.002716031734686819,1404.4,1404.3,-7.120478496169813e-05
BEL,2026-07-10 13:55:00+05:30,2026-07-10 14:00:00+05:30,2026-07-10 14:25:00+05:30,4.728437616983321,0.002421893921046303,415.0,415.2,0.0004819277108434328
M&M,2026-07-10 13:55:00+05:30,2026-07-10 14:00:00+05:30,2026-07-10 14:25:00+05:30,4.288083992731204,0.003045359833306671,3134.3,3129.0,-0.0016909676801838414
TMPV,2026-07-10 14:00:00+05:30,2026-07-10 14:05:00+05:30,2026-07-10 14:30:00+05:30,7.874457454832718,0.0035826242722794,340.0,338.0,-0.00588235294117645
NETWEB,2026-07-10 14:05:00+05:30,2026-07-10 14:10:00+05:30,2026-07-10 14:35:00+05:30,2.7164284805811225,0.0022367715930009524,4305.3,4301.0,-0.000998768959189933
BHARTIARTL,2026-07-10 14:15:00+05:30,2026-07-10 14:20:00+05:30,2026-07-10 14:45:00+05:30,3.4585268430852074,0.0014111744107041524,1919.9,1920.4,0.0002604302307411821
HINDCOPPER,2026-07-10 14:15:00+05:30,2026-07-10 14:20:00+05:30,2026-07-10 14:45:00+05:30,3.3574817662740393,0.001798920647611446,502.3,499.55,-0.005474815847103298
HINDZINC,2026-07-10 14:20:00+05:30,2026-07-10 14:25:00+05:30,2026-07-10 14:50:00+05:30,2.784569340015654,0.0011161752395125735,538.65,537.35,-0.002413441009932127
PAYTM,2026-07-10 14:25:00+05:30,2026-07-10 14:30:00+05:30,2026-07-10 14:55:00+05:30,2.5015385241582835,0.005166604268064479,1358.0,1346.7,-0.008321060382916023
MARUTI,2026-07-10 14:30:00+05:30,2026-07-10 14:35:00+05:30,2026-07-10 15:00:00+05:30,2.1593837140441394,0.0031611466340972783,13963.0,13848.0,-0.008236052424264173
ANANTRAJ,2026-07-10 14:35:00+05:30,2026-07-10 14:40:00+05:30,2026-07-10 15:05:00+05:30,2.7872842759685033,0.00042735042735042583,588.85,587.1,-0.0029718943703829215
HCLTECH,2026-07-10 14:35:00+05:30,2026-07-10 14:40:00+05:30,2026-07-10 15:05:00+05:30,2.6345526544499664,0.0064069264069264165,1166.5,1164.4,-0.0018002571795969757
RELIANCE,2026-07-10 14:35:00+05:30,2026-07-10 14:40:00+05:30,2026-07-10 15:05:00+05:30,2.4940038702620764,0.002378212504794641,1306.8,1306.0,-0.0006121824303642054
HDFCBANK,2026-07-10 14:45:00+05:30,2026-07-10 14:50:00+05:30,2026-07-10 15:15:00+05:30,2.092559039509656,0.0011514453669474456,827.1,824.8,-0.0027808003868941
LT,2026-07-10 14:45:00+05:30,2026-07-10 14:50:00+05:30,2026-07-10 15:15:00+05:30,4.170435660153623,0.0010927573062262663,3952.1,3945.8,-0.0015940892183901045
POWERGRID,2026-07-10 14:45:00+05:30,2026-07-10 14:50:00+05:30,2026-07-10 15:15:00+05:30,2.8199495314518095,0.0037201062887510794,283.65,283.0,-0.002291556495681246
AXISBANK,2026-07-10 14:55:00+05:30,2026-07-10 15:00:00+05:30,2026-07-10 15:25:00+05:30,4.1974992360793255,0.0007579202667880036,1325.0,1323.7,-0.0009811320754716801
ITC,2026-07-10 14:55:00+05:30,2026-07-10 15:00:00+05:30,2026-07-10 15:25:00+05:30,3.4546936385896196,0.000710479573712286,281.75,281.8,0.00017746228926363017
INFY,2026-07-13 11:45:00+05:30,2026-07-13 11:50:00+05:30,2026-07-13 12:15:00+05:30,2.4430034004313557,0.005346607669616477,1094.4,1104.0,0.008771929824561209
SUNPHARMA,2026-07-13 11:45:00+05:30,2026-07-13 11:50:00+05:30,2026-07-13 12:15:00+05:30,2.373872314425309,0.005636154889886225,1927.9,1925.0,-0.0015042273976866305
TMPV,2026-07-13 11:45:00+05:30,2026-07-13 11:50:00+05:30,2026-07-13 12:15:00+05:30,2.2255895477724095,0.003573555687909513,337.55,338.75,0.003555028884609568
KOTAKBANK,2026-07-13 11:50:00+05:30,2026-07-13 11:55:00+05:30,2026-07-13 12:20:00+05:30,2.43338362945661,0.00264865580717788,378.8,379.65,0.0022439281942976397
TCS,2026-07-13 11:50:00+05:30,2026-07-13 11:55:00+05:30,2026-07-13 12:20:00+05:30,2.248847567865003,0.004453103256331747,2176.1,2189.0,0.005928036395386194
HCLTECH,2026-07-13 11:55:00+05:30,2026-07-13 12:00:00+05:30,2026-07-13 12:25:00+05:30,2.320370444982696,0.006342847604740465,1215.0,1221.8,0.005596707818930069
MAXHEALTH,2026-07-13 12:00:00+05:30,2026-07-13 12:05:00+05:30,2026-07-13 12:30:00+05:30,2.9897544772076943,0.005072923272035457,1113.2,1116.3,0.002784764642472126
ICICIBANK,2026-07-13 12:15:00+05:30,2026-07-13 12:20:00+05:30,2026-07-13 12:45:00+05:30,2.365624036792722,0.001715388464012646,1404.1,1404.5,0.00028487999430248934
TITAN,2026-07-13 12:15:00+05:30,2026-07-13 12:20:00+05:30,2026-07-13 12:45:00+05:30,3.0386274331489016,0.0045088216074928855,4622.0,4605.0,-0.0036780614452618376
BAJFINANCE,2026-07-13 12:35:00+05:30,2026-07-13 12:40:00+05:30,2026-07-13 13:05:00+05:30,2.3503258294222498,0.001573099990168192,1020.0,1019.6,-0.00039215686274507444
PAYTM,2026-07-13 12:40:00+05:30,2026-07-13 12:45:00+05:30,2026-07-13 13:10:00+05:30,2.7784156255769266,0.00014774322227961711,1362.1,1375.0,0.009470670288525218
LT,2026-07-13 12:50:00+05:30,2026-07-13 12:55:00+05:30,2026-07-13 13:20:00+05:30,2.0365075080178108,0.00099332688095366,3932.0,3931.4,-0.00015259409969481386
TATAINVEST,2026-07-13 12:50:00+05:30,2026-07-13 12:55:00+05:30,2026-07-13 13:20:00+05:30,2.4027927468105923,0.0005818181818182389,689.15,688.0,-0.0016687223391134154
TMPV,2026-07-13 12:50:00+05:30,2026-07-13 12:55:00+05:30,2026-07-13 13:20:00+05:30,3.1241800832690734,0.0048708487084869745,341.35,340.05,-0.0038084077925882864
NETWEB,2026-07-13 13:05:00+05:30,2026-07-13 13:10:00+05:30,2026-07-13 13:35:00+05:30,2.64423331113546,0.0032354816616677606,4256.0,4285.0,0.006813909774436189
GOLDBEES,2026-07-13 13:30:00+05:30,2026-07-13 13:35:00+05:30,2026-07-13 14:00:00+05:30,2.3587948629028257,0.0011986301369864005,116.99,117.02,0.00025643217368997995
SILVERBEES,2026-07-13 13:30:00+05:30,2026-07-13 13:35:00+05:30,2026-07-13 14:00:00+05:30,2.6320368179873,0.0014035427354563978,207.3,207.56,0.00125422093584171
BSE,2026-07-13 13:35:00+05:30,2026-07-13 13:40:00+05:30,2026-07-13 14:05:00+05:30,2.5704297449630356,0.0009236046971896616,3800.0,3802.6,0.0006842105263158427
HINDCOPPER,2026-07-13 13:40:00+05:30,2026-07-13 13:45:00+05:30,2026-07-13 14:10:00+05:30,3.273784748471467,0.0011118973011219335,496.0,496.4,0.0008064516129031585
TATASTEEL,2026-07-13 13:40:00+05:30,2026-07-13 13:45:00+05:30,2026-07-13 14:10:00+05:30,2.166025429694706,0.0004273960893257378,187.67,187.4,-0.001438695582671623
VEDL,2026-07-13 13:40:00+05:30,2026-07-13 13:45:00+05:30,2026-07-13 14:10:00+05:30,3.719193293431186,0.0035315985130111027,270.15,269.55,-0.002220988339811103
CANBK,2026-07-13 13:45:00+05:30,2026-07-13 13:50:00+05:30,2026-07-13 14:15:00+05:30,4.6250694142387605,0.002740584135933144,128.55,128.99,0.0034227926876702064
ANANTRAJ,2026-07-13 13:50:00+05:30,2026-07-13 13:55:00+05:30,2026-07-13 14:20:00+05:30,2.3046738556180375,0.0025197671387608978,577.7,579.35,0.0028561537129998538
HINDALCO,2026-07-13 13:50:00+05:30,2026-07-13 13:55:00+05:30,2026-07-13 14:20:00+05:30,3.195427325928404,0.0030250873624366736,963.25,961.2,-0.002128211783026135
BAJFINANCE,2026-07-13 14:00:00+05:30,2026-07-13 14:05:00+05:30,2026-07-13 14:30:00+05:30,3.3549137000459233,0.003738685556867516,1022.7,1025.7,0.0029334115576415964
KOTAKBANK,2026-07-13 14:00:00+05:30,2026-07-13 14:05:00+05:30,2026-07-13 14:30:00+05:30,2.656750752447656,0.002638174383326808,381.4,384.1,0.007079181961195724
BAJAJ-AUTO,2026-07-13 14:05:00+05:30,2026-07-13 14:10:00+05:30,2026-07-13 14:35:00+05:30,2.349137489017831,0.003749695641587447,10336.5,10395.5,0.005707928215546776
BEL,2026-07-13 14:05:00+05:30,2026-07-13 14:10:00+05:30,2026-07-13 14:35:00+05:30,2.1074907073674654,0.0013424456919697292,410.55,410.75,0.00048715138229193933
INDIGO,2026-07-13 14:05:00+05:30,2026-07-13 14:10:00+05:30,2026-07-13 14:35:00+05:30,2.3502517069717666,0.0009596928982724684,5224.0,5232.0,0.0015313935681469104
HINDZINC,2026-07-13 14:10:00+05:30,2026-07-13 14:15:00+05:30,2026-07-13 14:40:00+05:30,2.0222797576614444,0.003391427225624133,532.95,532.3,-0.0012196266066236694
NETWEB,2026-07-13 14:10:00+05:30,2026-07-13 14:15:00+05:30,2026-07-13 14:40:00+05:30,3.1609835651847886,0.007351225204200729,4343.4,4368.2,0.005709812589215879
PAYTM,2026-07-13 14:10:00+05:30,2026-07-13 14:15:00+05:30,2026-07-13 14:40:00+05:30,2.6094200697085705,0.0136496350364963,1393.0,1388.0,-0.003589375448671883
TRENT,2026-07-13 14:10:00+05:30,2026-07-13 14:15:00+05:30,2026-07-13 14:40:00+05:30,2.227427569084751,0.0003443881943727689,2910.6,2900.5,-0.003470074898646258
GRSE,2026-07-13 14:15:00+05:30,2026-07-13 14:20:00+05:30,2026-07-13 14:45:00+05:30,2.947214543936618,0.0011398176291792517,2638.8,2637.9,-0.00034106412005463493
HEROMOTOCO,2026-07-13 14:15:00+05:30,2026-07-13 14:20:00+05:30,2026-07-13 14:45:00+05:30,2.1471200800602297,0.001806336384485796,4938.2,4962.9,0.005001822526426558
ICICIBANK,2026-07-13 14:15:00+05:30,2026-07-13 14:20:00+05:30,2026-07-13 14:45:00+05:30,2.023580057163644,0.0037037037037037646,1409.8,1410.5,0.0004965243296921606
POWERGRID,2026-07-13 14:15:00+05:30,2026-07-13 14:20:00+05:30,2026-07-13 14:45:00+05:30,4.10259724452142,0.0014040014040015425,285.85,285.9,0.00017491691446536173
HAL,2026-07-13 14:25:00+05:30,2026-07-13 14:30:00+05:30,2026-07-13 14:55:00+05:30,3.095132351939703,0.0012263099219620432,4498.4,4510.0,0.0025786946469856797
ITC,2026-07-13 14:30:00+05:30,2026-07-13 14:35:00+05:30,2026-07-13 15:00:00+05:30,2.3899183253556284,0.0001785395465094819,280.3,279.75,-0.001962183374955462
LT,2026-07-13 14:30:00+05:30,2026-07-13 14:35:00+05:30,2026-07-13 15:00:00+05:30,2.3454109059672463,0.0009421950598420548,3935.4,3934.8,-0.00015246226558929266
M&M,2026-07-13 14:35:00+05:30,2026-07-13 14:40:00+05:30,2026-07-13 15:05:00+05:30,2.001497589777922,0.0021592785469326525,3157.4,3161.5,0.0012985367707607498
IDEA,2026-07-13 14:50:00+05:30,2026-07-13 14:55:00+05:30,2026-07-13 15:20:00+05:30,2.983853689156779,0.0028632784538296097,14.03,13.95,-0.005702066999287214
TMPV,2026-07-13 14:50:00+05:30,2026-07-13 14:55:00+05:30,2026-07-13 15:20:00+05:30,2.109609909479914,0.0004405286343611703,341.65,342.3,0.0019025318308210082
ANANTRAJ,2026-07-13 14:55:00+05:30,2026-07-13 15:00:00+05:30,2026-07-13 15:25:00+05:30,3.9027794539389475,0.012341417105376618,588.15,588.7,0.0009351355946614071
HINDCOPPER,2026-07-14 11:45:00+05:30,2026-07-14 11:50:00+05:30,2026-07-14 12:15:00+05:30,6.231776755470359,0.004842615012106588,502.9,501.6,-0.0025850069596340397
NETWEB,2026-07-14 11:45:00+05:30,2026-07-14 11:50:00+05:30,2026-07-14 12:15:00+05:30,2.169762987642858,0.014025372761727661,4463.3,4439.0,-0.005444402123989001
SUNPHARMA,2026-07-14 11:50:00+05:30,2026-07-14 11:55:00+05:30,2026-07-14 12:20:00+05:30,4.193656915065234,0.0015015015015014122,1942.2,1947.3,0.002625888168056756
PAYTM,2026-07-14 12:50:00+05:30,2026-07-14 12:55:00+05:30,2026-07-14 13:20:00+05:30,2.371207720024342,0.0026825201189009107,1384.8,1389.5,0.0033939919121894757
ETERNAL,2026-07-14 13:00:00+05:30,2026-07-14 13:05:00+05:30,2026-07-14 13:30:00+05:30,3.1196950040975913,0.004950495049504955,285.8,286.1,0.0010496850944716751
BHARTIARTL,2026-07-14 13:10:00+05:30,2026-07-14 13:15:00+05:30,2026-07-14 13:40:00+05:30,2.55516109202181,0.00206900118967579,1939.8,1935.3,-0.002319826786266632
M&M,2026-07-14 13:15:00+05:30,2026-07-14 13:20:00+05:30,2026-07-14 13:45:00+05:30,2.0479481520909304,9.650336153388395e-05,3112.0,3106.7,-0.001703084832904933
POWERGRID,2026-07-14 13:15:00+05:30,2026-07-14 13:20:00+05:30,2026-07-14 13:45:00+05:30,4.049559709611865,0.0012354394634661592,283.9,284.55,0.0022895385699190918
BAJFINANCE,2026-07-14 13:20:00+05:30,2026-07-14 13:25:00+05:30,2026-07-14 13:50:00+05:30,3.184693790190874,0.0007954658446851504,1009.0,1009.5,0.0004955401387511937
MCX,2026-07-14 13:40:00+05:30,2026-07-14 13:45:00+05:30,2026-07-14 14:10:00+05:30,3.1694077765927404,0.0033799087076205048,2890.7,2888.6,-0.0007264676375964285
AXISBANK,2026-07-14 14:10:00+05:30,2026-07-14 14:15:00+05:30,2026-07-14 14:40:00+05:30,3.272922890323964,0.0027548209366392573,1315.7,1319.7,0.0030402067340580263
TCS,2026-07-14 14:15:00+05:30,2026-07-14 14:20:00+05:30,2026-07-14 14:45:00+05:30,2.0093107993009798,0.0026459854014599937,2198.2,2198.0,-9.098353198067066e-05
POWERGRID,2026-07-14 14:20:00+05:30,2026-07-14 14:25:00+05:30,2026-07-14 14:50:00+05:30,2.1408399864176997,0.002284308557371162,285.35,285.0,-0.0012265638689329394
INDIGO,2026-07-14 14:25:00+05:30,2026-07-14 14:30:00+05:30,2026-07-14 14:55:00+05:30,2.1735480101769595,0.0033490937746256666,5100.5,5106.5,0.0011763552592882753
DIXON,2026-07-15 11:45:00+05:30,2026-07-15 11:50:00+05:30,2026-07-15 12:15:00+05:30,2.07510496266112,0.002291035400192154,13590.0,13602.0,0.0008830022075054789
HEROMOTOCO,2026-07-15 11:45:00+05:30,2026-07-15 11:50:00+05:30,2026-07-15 12:15:00+05:30,2.339224503313855,0.0035126903553299726,4943.5,4939.5,-0.0008091433195104303
TITAN,2026-07-15 11:50:00+05:30,2026-07-15 11:55:00+05:30,2026-07-15 12:20:00+05:30,2.0487061232780572,0.002113842398884236,4601.6,4594.8,-0.0014777468706537178
BSE,2026-07-15 12:15:00+05:30,2026-07-15 12:20:00+05:30,2026-07-15 12:45:00+05:30,2.282063016997775,0.0014251781472685021,3795.9,3789.0,-0.001817750731051948
CANBK,2026-07-15 12:15:00+05:30,2026-07-15 12:20:00+05:30,2026-07-15 12:45:00+05:30,2.035482419096347,0.005357705641348742,127.45,127.06,-0.0030600235386426533
TRENT,2026-07-15 12:25:00+05:30,2026-07-15 12:30:00+05:30,2026-07-15 12:55:00+05:30,2.0979227465189645,0.00048595924884597963,2882.9,2865.9,-0.005896839987512559
SBIN,2026-07-15 12:30:00+05:30,2026-07-15 12:35:00+05:30,2026-07-15 13:00:00+05:30,2.0969498561949265,0.00535540408958135,1034.8,1028.4,-0.006184770003865303
SWIGGY,2026-07-15 12:50:00+05:30,2026-07-15 12:55:00+05:30,2026-07-15 13:20:00+05:30,4.4966174605728595,0.0030763314747164205,263.04,263.29,0.0009504257907542168
DIXON,2026-07-15 13:30:00+05:30,2026-07-15 13:35:00+05:30,2026-07-15 14:00:00+05:30,2.7476314452803723,0.0017029468384421875,13663.0,13620.0,-0.0031471858303446787
TCS,2026-07-15 13:55:00+05:30,2026-07-15 14:00:00+05:30,2026-07-15 14:25:00+05:30,2.346808700917422,0.0004115226337448874,2195.2,2193.8,-0.0006377551020406713
ETERNAL,2026-07-15 14:15:00+05:30,2026-07-15 14:20:00+05:30,2026-07-15 14:45:00+05:30,2.291601443297829,0.004248810333106645,295.95,295.1,-0.002872106774792882
KAYNES,2026-07-15 14:20:00+05:30,2026-07-15 14:25:00+05:30,2026-07-15 14:50:00+05:30,2.090892121630216,0.002442775716999801,3328.0,3335.0,0.0021033653846154188
SWIGGY,2026-07-15 14:25:00+05:30,2026-07-15 14:30:00+05:30,2026-07-15 14:55:00+05:30,2.0676430389259934,0.009184629803186573,270.4,269.75,-0.0024038461538460343
SAMMAANCAP,2026-07-15 14:30:00+05:30,2026-07-15 14:35:00+05:30,2026-07-15 15:00:00+05:30,2.297468768738855,0.003749462167312201,163.81,163.69,-0.0007325560100116535
GMDCLTD,2026-07-15 14:45:00+05:30,2026-07-15 14:50:00+05:30,2026-07-15 15:15:00+05:30,5.204996142746029,0.013082376772451054,600.85,595.95,-0.008155113589082053
BHARTIARTL,2026-07-16 11:45:00+05:30,2026-07-16 11:50:00+05:30,2026-07-16 12:15:00+05:30,2.3558757532420866,0.00316998389024592,1931.4,1932.6,0.0006213109661383776
INDIGO,2026-07-16 11:45:00+05:30,2026-07-16 11:50:00+05:30,2026-07-16 12:15:00+05:30,3.403984035522809,0.012246865959498532,5250.5,5237.0,-0.0025711836967907686
MAXHEALTH,2026-07-16 11:45:00+05:30,2026-07-16 11:50:00+05:30,2026-07-16 12:15:00+05:30,2.0751182009661746,0.0029912980420594426,1108.4,1101.5,-0.0062251894622881165
TCS,2026-07-16 11:50:00+05:30,2026-07-16 11:55:00+05:30,2026-07-16 12:20:00+05:30,2.516049345198034,0.0019421860885275866,2226.5,2223.0,-0.0015719739501459662
TRENT,2026-07-16 11:55:00+05:30,2026-07-16 12:00:00+05:30,2026-07-16 12:25:00+05:30,2.7334861658027934,0.0005563862711688294,2883.9,2886.6,0.00093623218558192
ANANTRAJ,2026-07-16 12:10:00+05:30,2026-07-16 12:15:00+05:30,2026-07-16 12:40:00+05:30,2.1206960871106433,0.0031990316444752143,582.8,578.1,-0.00806451612903214
DIXON,2026-07-16 12:15:00+05:30,2026-07-16 12:20:00+05:30,2026-07-16 12:45:00+05:30,2.4277874535569968,0.0001395868230038566,14380.0,14498.0,0.008205841446453421
ITC,2026-07-16 12:20:00+05:30,2026-07-16 12:25:00+05:30,2026-07-16 12:50:00+05:30,2.1789547776209335,0.0008991188635136815,278.45,279.3,0.0030526126773209317
IDEA,2026-07-16 12:25:00+05:30,2026-07-16 12:30:00+05:30,2026-07-16 12:55:00+05:30,3.9325012231166303,0.0014388489208632116,13.97,13.87,-0.007158196134574135
KAYNES,2026-07-16 12:35:00+05:30,2026-07-16 12:40:00+05:30,2026-07-16 13:05:00+05:30,2.7611217337882628,0.007496251874062887,3442.5,3407.9,-0.010050835148874393
MARUTI,2026-07-16 13:00:00+05:30,2026-07-16 13:05:00+05:30,2026-07-16 13:30:00+05:30,2.297623550025421,0.001673214025898373,13790.0,13798.0,0.0005801305293691161
HAL,2026-07-16 13:10:00+05:30,2026-07-16 13:15:00+05:30,2026-07-16 13:40:00+05:30,2.2235437008207555,0.0015730337078652123,4457.2,4450.6,-0.0014807502467916178
GOLDBEES,2026-07-16 13:50:00+05:30,2026-07-16 13:55:00+05:30,2026-07-16 14:20:00+05:30,2.7329086050322458,0.0004303296324985606,116.34,116.33,-8.59549596011755e-05
INDIGO,2026-07-16 13:55:00+05:30,2026-07-16 14:00:00+05:30,2026-07-16 14:25:00+05:30,2.1778039313247937,0.0010483179262366082,5260.0,5254.0,-0.0011406844106464087
SBIN,2026-07-16 13:55:00+05:30,2026-07-16 14:00:00+05:30,2026-07-16 14:25:00+05:30,3.2095331249443984,0.0010682723123238702,1033.4,1031.1,-0.0022256628604607753
KAYNES,2026-07-16 14:05:00+05:30,2026-07-16 14:10:00+05:30,2026-07-16 14:35:00+05:30,2.510339576126736,0.009223515544423133,3440.8,3451.7,0.003167867937688751
MARUTI,2026-07-16 14:10:00+05:30,2026-07-16 14:15:00+05:30,2026-07-16 14:40:00+05:30,2.6406415895451634,0.0016682381954014058,13833.0,13837.0,0.000289163594303421
M&M,2026-07-16 14:30:00+05:30,2026-07-16 14:35:00+05:30,2026-07-16 15:00:00+05:30,2.1872955577311246,0.004488618146841983,3136.3,3120.6,-0.0050058986704079045
LT,2026-07-16 14:35:00+05:30,2026-07-16 14:40:00+05:30,2026-07-16 15:05:00+05:30,2.041353956687092,0.0006891068115557619,3779.1,3775.4,-0.0009790690905241428
BAJFINANCE,2026-07-16 14:45:00+05:30,2026-07-16 14:50:00+05:30,2026-07-16 15:15:00+05:30,2.2829485305849944,0.0008682230368513011,1038.2,1038.1,-9.632055480657264e-05
ICICIBANK,2026-07-16 14:45:00+05:30,2026-07-16 14:50:00+05:30,2026-07-16 15:15:00+05:30,2.1087118554392688,0.0021990494431438634,1415.4,1418.5,0.0021901935848522847
SUNPHARMA,2026-07-16 14:45:00+05:30,2026-07-16 14:50:00+05:30,2026-07-16 15:15:00+05:30,2.1516618643750336,0.0006667692465507358,1952.6,1949.7,-0.0014851992215506593
WAAREEENER,2026-07-16 14:45:00+05:30,2026-07-16 14:50:00+05:30,2026-07-16 15:15:00+05:30,4.100852934191686,0.00248880039820798,2843.5,2831.8,-0.004114647441533226
BAJAJ-AUTO,2026-07-16 14:50:00+05:30,2026-07-16 14:55:00+05:30,2026-07-16 15:20:00+05:30,2.554976077859339,0.0026718484333252412,10332.5,10331.5,-9.678199854823433e-05
GMDCLTD,2026-07-16 14:50:00+05:30,2026-07-16 14:55:00+05:30,2026-07-16 15:20:00+05:30,2.231417534615394,0.0011040339702759194,591.3,585.05,-0.01056993066125489
AXISBANK,2026-07-16 14:55:00+05:30,2026-07-16 15:00:00+05:30,2026-07-16 15:25:00+05:30,3.3387329721324495,0.0039215686274509665,1309.0,1308.5,-0.00038197097020631343
GOLDBEES,2026-07-17 11:45:00+05:30,2026-07-17 11:50:00+05:30,2026-07-17 12:15:00+05:30,2.5706183933111397,0.0033801352054081413,115.92,115.77,-0.0012939958592133038
ICICIBANK,2026-07-17 11:45:00+05:30,2026-07-17 11:50:00+05:30,2026-07-17 12:15:00+05:30,2.041522232833593,0.0021625392396231735,1437.8,1442.5,0.0032688830157185933
LT,2026-07-17 11:45:00+05:30,2026-07-17 11:50:00+05:30,2026-07-17 12:15:00+05:30,3.2900528974745624,0.006794448116325125,3809.9,3819.2,0.0024410089503661414
SILVERBEES,2026-07-17 11:45:00+05:30,2026-07-17 11:50:00+05:30,2026-07-17 12:15:00+05:30,2.7370576372169473,0.004843444227005778,205.32,205.1,-0.0010714981492304654
HAL,2026-07-17 11:50:00+05:30,2026-07-17 11:55:00+05:30,2026-07-17 12:20:00+05:30,2.123326640480582,0.004964443848114897,4502.5,4495.1,-0.0016435313714602273
INDIGO,2026-07-17 11:55:00+05:30,2026-07-17 12:00:00+05:30,2026-07-17 12:25:00+05:30,3.4132669049428253,0.003628724216959478,5277.0,5270.0,-0.0013265112753458874
TCS,2026-07-17 11:55:00+05:30,2026-07-17 12:00:00+05:30,2026-07-17 12:25:00+05:30,2.0287153026834126,0.0029377726342028065,2254.7,2261.0,0.0027941633033219393
HCLTECH,2026-07-17 12:30:00+05:30,2026-07-17 12:35:00+05:30,2026-07-17 13:00:00+05:30,2.0188769107547033,0.0024074381537440015,1208.8,1206.0,-0.0023163467902050927
INFY,2026-07-17 12:30:00+05:30,2026-07-17 12:35:00+05:30,2026-07-17 13:00:00+05:30,2.0873505827628938,0.002640203932993357,1102.2,1102.7,0.00045363817818899754
TMPV,2026-07-17 12:35:00+05:30,2026-07-17 12:40:00+05:30,2026-07-17 13:05:00+05:30,2.9010825145544774,0.0025560066155463357,334.05,335.05,0.002993563837748736
HEROMOTOCO,2026-07-17 12:45:00+05:30,2026-07-17 12:50:00+05:30,2026-07-17 13:15:00+05:30,2.5523663529321365,0.0020884520884520974,4904.0,4910.0,0.0012234910277324484
ITC,2026-07-17 12:45:00+05:30,2026-07-17 12:50:00+05:30,2026-07-17 13:15:00+05:30,3.407548644866524,0.0033989266547405084,281.2,281.0,-0.0007112375533427917
GRSE,2026-07-17 13:00:00+05:30,2026-07-17 13:05:00+05:30,2026-07-17 13:30:00+05:30,3.4046446736691114,0.0030336029869322267,2582.9,2577.6,-0.0020519571024817385
M&M,2026-07-17 13:00:00+05:30,2026-07-17 13:05:00+05:30,2026-07-17 13:30:00+05:30,3.4965019824890367,0.0025356576862123337,3168.1,3172.0,0.0012310217480508978
MARUTI,2026-07-17 13:00:00+05:30,2026-07-17 13:05:00+05:30,2026-07-17 13:30:00+05:30,2.782947423080425,0.002108017736424994,13805.0,13768.0,-0.0026801883375588975
SWIGGY,2026-07-17 13:05:00+05:30,2026-07-17 13:10:00+05:30,2026-07-17 13:35:00+05:30,2.1506256764402742,0.009009009009008917,280.6,279.85,-0.0026728439059159337
SAMMAANCAP,2026-07-17 13:10:00+05:30,2026-07-17 13:15:00+05:30,2026-07-17 13:40:00+05:30,2.476082731670034,0.0017226528854434875,163.46,162.91,-0.003364737550471175
ANANTRAJ,2026-07-17 13:30:00+05:30,2026-07-17 13:35:00+05:30,2026-07-17 14:00:00+05:30,7.040899309875233,0.006455035812184873,577.6,588.1,0.018178670360110782
KAYNES,2026-07-17 13:30:00+05:30,2026-07-17 13:35:00+05:30,2026-07-17 14:00:00+05:30,2.2387152151050502,0.004065879025367591,3415.4,3406.8,-0.002518006675645612
RELIANCE,2026-07-17 13:35:00+05:30,2026-07-17 13:40:00+05:30,2026-07-17 14:05:00+05:30,3.4171560261642044,0.00045437334343034763,1322.6,1319.6,-0.002268259488885538
GMDCLTD,2026-07-17 14:05:00+05:30,2026-07-17 14:10:00+05:30,2026-07-17 14:35:00+05:30,2.12122205829102,0.0019807096107473665,582.0,582.55,0.0009450171821305808
HDFCBANK,2026-07-17 14:15:00+05:30,2026-07-17 14:20:00+05:30,2026-07-17 14:45:00+05:30,3.495877939111941,0.0018339650323999646,821.0,819.75,-0.001522533495736944
HINDCOPPER,2026-07-17 14:15:00+05:30,2026-07-17 14:20:00+05:30,2026-07-17 14:45:00+05:30,5.075832332421696,0.0010373443983402453,483.45,485.3,0.0038266625297342927
ICICIBANK,2026-07-17 14:15:00+05:30,2026-07-17 14:20:00+05:30,2026-07-17 14:45:00+05:30,2.1662595687754265,0.006418753924509968,1444.0,1440.0,-0.0027700831024930483
SAMMAANCAP,2026-07-17 14:15:00+05:30,2026-07-17 14:20:00+05:30,2026-07-17 14:45:00+05:30,2.4692187414384947,0.0012890553066111643,163.5,163.4,-0.0006116207951070152
SBIN,2026-07-17 14:20:00+05:30,2026-07-17 14:25:00+05:30,2026-07-17 14:50:00+05:30,4.120667560004273,0.0055839029556175035,1045.0,1044.6,-0.0003827751196172624
TMPV,2026-07-17 14:20:00+05:30,2026-07-17 14:25:00+05:30,2026-07-17 14:50:00+05:30,2.4199775294027486,0.0032963739886124888,335.35,335.75,0.001192783658863883
KOTAKBANK,2026-07-17 14:25:00+05:30,2026-07-17 14:30:00+05:30,2026-07-17 14:55:00+05:30,2.233760699037983,0.006888484533402739,388.1,389.35,0.0032208193764493576
PAYTM,2026-07-17 14:25:00+05:30,2026-07-17 14:30:00+05:30,2026-07-17 14:55:00+05:30,2.0933775059943205,0.0028458024413988703,1340.8,1355.9,0.011261933174224525
WAAREEENER,2026-07-17 14:30:00+05:30,2026-07-17 14:35:00+05:30,2026-07-17 15:00:00+05:30,3.0908837057647953,0.0011701712705223244,2830.0,2843.1,0.00462897526501771
AXISBANK,2026-07-17 14:40:00+05:30,2026-07-17 14:45:00+05:30,2026-07-17 15:10:00+05:30,2.686200735806863,0.004329333130791424,1325.9,1328.7,0.0021117731352289226
BAJAJ-AUTO,2026-07-17 14:40:00+05:30,2026-07-17 14:45:00+05:30,2026-07-17 15:10:00+05:30,2.498684371235617,0.0006721075372060348,10430.0,10446.5,0.0015819750719079373
BAJFINANCE,2026-07-17 14:40:00+05:30,2026-07-17 14:45:00+05:30,2026-07-17 15:10:00+05:30,2.1252030214547744,0.00342628723708005,1055.6,1056.0,0.00037893141341416303
BEL,2026-07-17 14:40:00+05:30,2026-07-17 14:45:00+05:30,2026-07-17 15:10:00+05:30,2.7348689064777973,0.00232786081842673,409.35,409.5,0.0003664345914253797
GOLDBEES,2026-07-17 14:40:00+05:30,2026-07-17 14:45:00+05:30,2026-07-17 15:10:00+05:30,2.278104017461189,0.0014702066937646308,115.81,115.78,-0.00025904498747952864
TATASTEEL,2026-07-17 14:40:00+05:30,2026-07-17 14:45:00+05:30,2026-07-17 15:10:00+05:30,2.5977062480091684,0.005494804417605081,185.25,186.01,0.004102564102564044
BHARTIARTL,2026-07-17 14:45:00+05:30,2026-07-17 14:50:00+05:30,2026-07-17 15:15:00+05:30,2.043694646709235,0.0012069055989925026,1909.3,1908.5,-0.0004190017283820513
MARUTI,2026-07-17 14:45:00+05:30,2026-07-17 14:50:00+05:30,2026-07-17 15:15:00+05:30,2.1678583065056265,0.002105416001161542,13807.0,13801.0,-0.00043456217860504687
NETWEB,2026-07-17 14:50:00+05:30,2026-07-17 14:55:00+05:30,2026-07-17 15:20:00+05:30,3.4981988596752744,0.0011317551636329526,4256.9,4236.8,-0.004721745871408611
SILVERBEES,2026-07-17 14:50:00+05:30,2026-07-17 14:55:00+05:30,2026-07-17 15:20:00+05:30,2.2290560783997506,0.00014638430760216536,205.21,205.15,-0.00029238341211446084
HAL,2026-07-17 14:55:00+05:30,2026-07-17 15:00:00+05:30,2026-07-17 15:25:00+05:30,4.936993567682501,0.00015581524763486065,4506.0,4501.0,-0.0011096316023080366
HINDZINC,2026-07-17 14:55:00+05:30,2026-07-17 15:00:00+05:30,2026-07-17 15:25:00+05:30,2.4479270697414783,0.0018375241779498008,518.5,518.25,-0.00048216007714563247
HINDZINC,2026-07-20 11:45:00+05:30,2026-07-20 11:50:00+05:30,2026-07-20 12:15:00+05:30,2.322310934839781,0.005425987624940509,529.25,526.35,-0.005479452054794498
BHARTIARTL,2026-07-20 11:50:00+05:30,2026-07-20 11:55:00+05:30,2026-07-20 12:20:00+05:30,2.257613710348428,0.00046550118961397047,1937.5,1933.2,-0.0022193548387096085
MAXHEALTH,2026-07-20 12:10:00+05:30,2026-07-20 12:15:00+05:30,2026-07-20 12:40:00+05:30,2.237743081123319,0.0005475951446562988,1098.0,1100.0,0.0018214936247722413
SBIN,2026-07-20 12:10:00+05:30,2026-07-20 12:15:00+05:30,2026-07-20 12:40:00+05:30,2.0651445904092594,9.585889570540296e-05,1046.1,1044.6,-0.0014338973329509619
SUNPHARMA,2026-07-20 12:15:00+05:30,2026-07-20 12:20:00+05:30,2026-07-20 12:45:00+05:30,2.153001626212767,0.002673796791443861,1948.7,1951.2,0.0012829065530866046
PAYTM,2026-07-20 12:20:00+05:30,2026-07-20 12:25:00+05:30,2026-07-20 12:50:00+05:30,2.0651041252205053,0.00827185334227587,1354.1,1344.0,-0.007458828742338053
GOLDBEES,2026-07-20 13:00:00+05:30,2026-07-20 13:05:00+05:30,2026-07-20 13:30:00+05:30,3.136719859020894,0.000343288705801692,116.62,116.78,0.0013719773623734888
INDIGO,2026-07-20 13:00:00+05:30,2026-07-20 13:05:00+05:30,2026-07-20 13:30:00+05:30,2.3597299678183927,0.00048072300740309437,5215.5,5251.0,0.006806634071517603
LT,2026-07-20 13:00:00+05:30,2026-07-20 13:05:00+05:30,2026-07-20 13:30:00+05:30,2.141685480714579,0.0035955174133270873,3830.2,3843.1,0.0033679703409743578
MCX,2026-07-20 13:00:00+05:30,2026-07-20 13:05:00+05:30,2026-07-20 13:30:00+05:30,3.0877676677086523,0.0016376517497953547,2828.0,2823.2,-0.0016973125884017781
SILVERBEES,2026-07-20 13:00:00+05:30,2026-07-20 13:05:00+05:30,2026-07-20 13:30:00+05:30,2.1268516937568065,0.0017397187454695207,207.59,208.05,0.0022159063538707002
VEDL,2026-07-20 13:05:00+05:30,2026-07-20 13:10:00+05:30,2026-07-20 13:35:00+05:30,2.6084268551178154,0.001734772552043351,260.75,260.5,-0.0009587727708533222
BAJFINANCE,2026-07-20 13:10:00+05:30,2026-07-20 13:15:00+05:30,2026-07-20 13:40:00+05:30,4.3422402874610455,0.0018140156578192457,1058.1,1061.0,0.0027407617427466224
HCLTECH,2026-07-20 13:10:00+05:30,2026-07-20 13:15:00+05:30,2026-07-20 13:40:00+05:30,2.6065652614346067,0.0013187175471853774,1216.6,1218.7,0.0017261219792865656
BSE,2026-07-20 13:15:00+05:30,2026-07-20 13:20:00+05:30,2026-07-20 13:45:00+05:30,2.202835126184887,0.0038016528925619575,3650.0,3647.5,-0.00068493150684934
SBIN,2026-07-20 13:15:00+05:30,2026-07-20 13:20:00+05:30,2026-07-20 13:45:00+05:30,3.3235901665227954,0.003063373540111103,1049.7,1051.8,0.002000571591883382
TATAINVEST,2026-07-20 13:15:00+05:30,2026-07-20 13:20:00+05:30,2026-07-20 13:45:00+05:30,2.378619045914338,0.002730996813836928,661.4,661.1,-0.0004535833081341645
CANBK,2026-07-20 13:20:00+05:30,2026-07-20 13:25:00+05:30,2026-07-20 13:50:00+05:30,2.1650186400955556,0.0038407273867377967,128.35,128.57,0.0017140631086871583
ICICIBANK,2026-07-20 13:20:00+05:30,2026-07-20 13:25:00+05:30,2026-07-20 13:50:00+05:30,2.547322984576783,0.006211608806681035,1460.2,1463.0,0.0019175455417066445
ADANIPOWER,2026-07-20 13:25:00+05:30,2026-07-20 13:30:00+05:30,2026-07-20 13:55:00+05:30,2.492087128910377,0.0030733944954128845,219.15,219.25,0.0004563084645219373
HEROMOTOCO,2026-07-20 13:30:00+05:30,2026-07-20 13:35:00+05:30,2026-07-20 14:00:00+05:30,2.5615328524347856,0.001746015632930753,4945.3,4954.6,0.0018805734738034374
GMDCLTD,2026-07-20 13:45:00+05:30,2026-07-20 13:50:00+05:30,2026-07-20 14:15:00+05:30,2.1729564847831258,0.0008605111436192914,582.1,582.6,0.0008589589417626886
MAXHEALTH,2026-07-20 13:45:00+05:30,2026-07-20 13:50:00+05:30,2026-07-20 14:15:00+05:30,2.095685481642633,0.0016342836390048632,1105.4,1106.5,0.0009951148905373852
TMPV,2026-07-20 13:45:00+05:30,2026-07-20 13:50:00+05:30,2026-07-20 14:15:00+05:30,2.012362991383493,0.00044910179640722525,334.75,336.7,0.005825242718446644
ANANTRAJ,2026-07-20 13:55:00+05:30,2026-07-20 14:00:00+05:30,2026-07-20 14:25:00+05:30,2.5383325449501686,0.003054989816700493,592.7,590.5,-0.0037118272313143574
DIXON,2026-07-20 13:55:00+05:30,2026-07-20 14:00:00+05:30,2026-07-20 14:25:00+05:30,4.534547921130477,0.0016533480297602487,14569.0,14570.0,6.863889079555818e-05
KOTAKBANK,2026-07-20 13:55:00+05:30,2026-07-20 14:00:00+05:30,2026-07-20 14:25:00+05:30,2.3071956653348593,0.0017067086779571916,381.95,383.45,0.003927215604136558
POWERGRID,2026-07-20 13:55:00+05:30,2026-07-20 14:00:00+05:30,2026-07-20 14:25:00+05:30,4.772160076327011,0.00017424638438745532,288.15,288.5,0.0012146451500956168
BHARTIARTL,2026-07-20 14:00:00+05:30,2026-07-20 14:05:00+05:30,2026-07-20 14:30:00+05:30,2.1540647075231942,0.0031576767781344994,1940.0,1937.4,-0.0013402061855669611
HAL,2026-07-20 14:00:00+05:30,2026-07-20 14:05:00+05:30,2026-07-20 14:30:00+05:30,2.2488697069762043,2.2292070710472345e-05,4494.8,4480.0,-0.003292693779478495
HINDALCO,2026-07-20 14:00:00+05:30,2026-07-20 14:05:00+05:30,2026-07-20 14:30:00+05:30,2.202777517246981,0.0018388147525481013,954.25,949.55,-0.00492533403196227
GOLDBEES,2026-07-20 14:05:00+05:30,2026-07-20 14:10:00+05:30,2026-07-20 14:35:00+05:30,2.0175328368619234,0.00042815550607988584,116.86,116.77,-0.0007701523190142279
SBIN,2026-07-20 14:20:00+05:30,2026-07-20 14:25:00+05:30,2026-07-20 14:50:00+05:30,2.0760930722506625,0.007796158965582833,1058.9,1060.6,0.001605439607139214
CANBK,2026-07-20 14:25:00+05:30,2026-07-20 14:30:00+05:30,2026-07-20 14:55:00+05:30,2.2604015821800356,0.006066734074823055,129.49,129.13,-0.0027801374623523945
NETWEB,2026-07-20 14:25:00+05:30,2026-07-20 14:30:00+05:30,2026-07-20 14:55:00+05:30,2.070784142356552,0.0006946107784431277,4181.3,4189.9,0.0020567766005785693
SWIGGY,2026-07-20 14:25:00+05:30,2026-07-20 14:30:00+05:30,2026-07-20 14:55:00+05:30,2.5444835287944807,0.003049564610353661,273.2,271.2,-0.007320644216691097
HCLTECH,2026-07-20 14:40:00+05:30,2026-07-20 14:45:00+05:30,2026-07-20 15:10:00+05:30,2.7948774431548578,0.0021348222349946155,1222.8,1221.5,-0.0010631337912986316
BAJAJ-AUTO,2026-07-20 14:45:00+05:30,2026-07-20 14:50:00+05:30,2026-07-20 15:15:00+05:30,2.0376033616950724,0.0017191977077364307,10491.5,10511.0,0.00185864747652853
HEROMOTOCO,2026-07-20 14:45:00+05:30,2026-07-20 14:50:00+05:30,2026-07-20 15:15:00+05:30,2.137252703379744,0.002505202335495227,4969.5,4982.0,0.0025153435959353043
ETERNAL,2026-07-20 14:50:00+05:30,2026-07-20 14:55:00+05:30,2026-07-20 15:20:00+05:30,2.136960115484432,0.002966323503751367,287.7,287.3,-0.0013903371567604017
GMDCLTD,2026-07-21 11:45:00+05:30,2026-07-21 11:50:00+05:30,2026-07-21 12:15:00+05:30,2.4064363958041817,0.009357130479986209,582.15,583.7,0.0026625440178649207
GOLDBEES,2026-07-21 11:45:00+05:30,2026-07-21 11:50:00+05:30,2026-07-21 12:15:00+05:30,2.589437317823917,0.0014458241197483623,117.75,117.82,0.0005944798301484866
HINDCOPPER,2026-07-21 11:45:00+05:30,2026-07-21 11:50:00+05:30,2026-07-21 12:15:00+05:30,2.4659572010766015,0.005464480874316946,487.25,489.0,0.0035915854284247484
HINDZINC,2026-07-21 11:45:00+05:30,2026-07-21 11:50:00+05:30,2026-07-21 12:15:00+05:30,3.221848247671263,0.01359057213457504,532.8,532.75,-9.38438438438105e-05
M&M,2026-07-21 11:45:00+05:30,2026-07-21 11:50:00+05:30,2026-07-21 12:15:00+05:30,2.618487803079948,0.006688009128656969,3178.8,3187.2,0.002642506606266304
SILVERBEES,2026-07-21 11:45:00+05:30,2026-07-21 11:50:00+05:30,2026-07-21 12:15:00+05:30,3.037306434468403,0.0033288948069241098,211.1,211.78,0.0032212221695879784
SUNPHARMA,2026-07-21 11:45:00+05:30,2026-07-21 11:50:00+05:30,2026-07-21 12:15:00+05:30,2.06489823511582,0.002098259979529171,1959.2,1960.0,0.0004083299305839283
HCLTECH,2026-07-21 11:50:00+05:30,2026-07-21 11:55:00+05:30,2026-07-21 12:20:00+05:30,2.6992501386239245,0.005798758575628726,1235.1,1231.8,-0.0026718484333252412
SWIGGY,2026-07-21 11:55:00+05:30,2026-07-21 12:00:00+05:30,2026-07-21 12:25:00+05:30,2.5253254526368836,0.004568075466092392,271.22,271.08,-0.0005161861219675767
HEROMOTOCO,2026-07-21 12:00:00+05:30,2026-07-21 12:05:00+05:30,2026-07-21 12:30:00+05:30,2.179404526857018,0.0012232047965670123,5003.6,5000.0,-0.0007194819729795521
KOTAKBANK,2026-07-21 12:00:00+05:30,2026-07-21 12:05:00+05:30,2026-07-21 12:30:00+05:30,2.0726447672516555,0.0018224420723769175,385.05,385.75,0.0018179457213347572
GRSE,2026-07-21 12:10:00+05:30,2026-07-21 12:15:00+05:30,2026-07-21 12:40:00+05:30,3.8196422699295454,0.00077911959485788,2574.5,2571.0,-0.0013594872790833046
INDIGO,2026-07-21 12:15:00+05:30,2026-07-21 12:20:00+05:30,2026-07-21 12:45:00+05:30,3.353323442634479,0.0021780303030303205,5306.0,5307.0,0.00018846588767429395
TATASTEEL,2026-07-21 12:20:00+05:30,2026-07-21 12:25:00+05:30,2026-07-21 12:50:00+05:30,3.6141056249700583,0.0028115706947824393,186.36,186.03,-0.001770766258853862
VEDL,2026-07-21 12:20:00+05:30,2026-07-21 12:25:00+05:30,2026-07-21 12:50:00+05:30,2.2660886969767984,0.0003809523809523707,263.45,264.85,0.00531410134750443
ADANIPOWER,2026-07-21 12:35:00+05:30,2026-07-21 12:40:00+05:30,2026-07-21 13:05:00+05:30,4.088669534798568,0.004083484573502716,221.6,221.44,-0.0007220216606498298
ANANTRAJ,2026-07-21 12:40:00+05:30,2026-07-21 12:45:00+05:30,2026-07-21 13:10:00+05:30,5.814208766659396,0.001163757273483057,604.9,605.05,0.0002479748718795527
BAJAJ-AUTO,2026-07-21 12:50:00+05:30,2026-07-21 12:55:00+05:30,2026-07-21 13:20:00+05:30,3.0177569950729093,0.0013323816321675341,10523.5,10502.0,-0.0020430465149426924
MAXHEALTH,2026-07-21 13:05:00+05:30,2026-07-21 13:10:00+05:30,2026-07-21 13:35:00+05:30,4.542070211667053,0.0016533480297602487,1096.3,1091.7,-0.004195931770500705
HINDALCO,2026-07-21 13:10:00+05:30,2026-07-21 13:15:00+05:30,2026-07-21 13:40:00+05:30,4.05143194996864,0.0006880491161214142,947.7,952.2,0.0047483380816715215
AXISBANK,2026-07-21 13:20:00+05:30,2026-07-21 13:25:00+05:30,2026-07-21 13:50:00+05:30,2.018898594665379,0.002872646026172987,1258.4,1258.8,0.0003178639542273931
HEROMOTOCO,2026-07-21 13:20:00+05:30,2026-07-21 13:25:00+05:30,2026-07-21 13:50:00+05:30,2.743337386191587,0.0003394365353512896,5019.2,5017.5,-0.0003386993943257366
TATASTEEL,2026-07-21 13:25:00+05:30,2026-07-21 13:30:00+05:30,2026-07-21 13:55:00+05:30,2.364359071876264,0.005214212761382564,186.99,186.57,-0.002246109417616049
HAL,2026-07-21 13:30:00+05:30,2026-07-21 13:35:00+05:30,2026-07-21 14:00:00+05:30,2.880021729890715,0.0012750822092477687,4486.0,4557.0,0.015827017387427533
MARUTI,2026-07-21 13:30:00+05:30,2026-07-21 13:35:00+05:30,2026-07-21 14:00:00+05:30,2.2665751828314606,0.0008946544397225864,13454.0,13466.0,0.0008919280511372474
NETWEB,2026-07-21 13:30:00+05:30,2026-07-21 13:35:00+05:30,2026-07-21 14:00:00+05:30,2.1981839539781682,0.001386897346089544,4266.0,4256.8,-0.002156586966713503
IDEA,2026-07-21 13:35:00+05:30,2026-07-21 13:40:00+05:30,2026-07-21 14:05:00+05:30,3.3702962271726844,0.001474926253687281,13.62,13.58,-0.002936857562408135
BEL,2026-07-21 13:40:00+05:30,2026-07-21 13:45:00+05:30,2026-07-21 14:10:00+05:30,2.372268866394907,0.001966568338249708,407.75,408.45,0.0017167381974247942
TITAN,2026-07-21 13:40:00+05:30,2026-07-21 13:45:00+05:30,2026-07-21 14:10:00+05:30,2.3032216999037214,0.0016263642199871864,4683.3,4667.4,-0.0033950419575941027
BHARTIARTL,2026-07-21 13:45:00+05:30,2026-07-21 13:50:00+05:30,2026-07-21 14:15:00+05:30,2.9911634565053933,0.0010287536649349338,1948.0,1945.8,-0.0011293634496920557
INDIGO,2026-07-21 13:45:00+05:30,2026-07-21 13:50:00+05:30,2026-07-21 14:15:00+05:30,2.266760336473127,0.0036879432624112862,5316.5,5310.0,-0.0012226088592118822
HINDCOPPER,2026-07-21 14:10:00+05:30,2026-07-21 14:15:00+05:30,2026-07-21 14:40:00+05:30,2.0038802434732728,0.004201250128086809,490.9,490.0,-0.0018333672845792792
LT,2026-07-21 14:10:00+05:30,2026-07-21 14:15:00+05:30,2026-07-21 14:40:00+05:30,2.2657575916198467,0.001280175566934938,3836.6,3839.0,0.0006255538758275225
MAXHEALTH,2026-07-21 14:20:00+05:30,2026-07-21 14:25:00+05:30,2026-07-21 14:50:00+05:30,3.0277208189930636,0.0012802926383173041,1100.4,1101.8,0.0012722646310432406
HEROMOTOCO,2026-07-21 14:25:00+05:30,2026-07-21 14:30:00+05:30,2026-07-21 14:55:00+05:30,2.672079483938546,0.004484304932735439,5044.3,5037.6,-0.0013282318656701042
M&M,2026-07-21 14:25:00+05:30,2026-07-21 14:30:00+05:30,2026-07-21 14:55:00+05:30,4.016979915193483,0.0014447689940011443,3197.8,3190.4,-0.002314090937519553
GRSE,2026-07-21 14:30:00+05:30,2026-07-21 14:35:00+05:30,2026-07-21 15:00:00+05:30,2.866036455297353,0.0018255972033403012,2583.3,2602.0,0.007238803081329959
HAL,2026-07-21 14:35:00+05:30,2026-07-21 14:40:00+05:30,2026-07-21 15:05:00+05:30,2.0679229959640617,0.002786921220100824,4574.0,4582.5,0.001858329689549576
MARUTI,2026-07-21 14:35:00+05:30,2026-07-21 14:40:00+05:30,2026-07-21 15:05:00+05:30,3.1008229090633175,0.0057181048566761206,13556.0,13534.0,-0.0016228976099144088
BEL,2026-07-21 14:45:00+05:30,2026-07-21 14:50:00+05:30,2026-07-21 15:15:00+05:30,2.1518933898521673,0.000612070020810318,409.45,409.7,0.0006105751618024069
ETERNAL,2026-07-21 14:45:00+05:30,2026-07-21 14:50:00+05:30,2026-07-21 15:15:00+05:30,12.216472459489669,0.0007032348804503208,287.95,286.55,-0.0048619552005555455
ITC,2026-07-21 14:45:00+05:30,2026-07-21 14:50:00+05:30,2026-07-21 15:15:00+05:30,2.110247533836789,0.0030438675022381734,280.7,280.9,0.0007125044531528513
SILVERBEES,2026-07-21 14:45:00+05:30,2026-07-21 14:50:00+05:30,2026-07-21 15:15:00+05:30,2.2544475094079166,0.0004246484854204535,212.2,212.17,-0.0001413760603204972
SWIGGY,2026-07-21 14:45:00+05:30,2026-07-21 14:50:00+05:30,2026-07-21 15:15:00+05:30,2.1988990657775345,0.0014478764478764727,271.48,270.0,-0.005451598644467426
TITAN,2026-07-21 14:45:00+05:30,2026-07-21 14:50:00+05:30,2026-07-21 15:15:00+05:30,2.4586573294038065,0.0021425204610703297,4684.0,4689.3,0.0011315115286081312
INFY,2026-07-21 14:55:00+05:30,2026-07-21 15:00:00+05:30,2026-07-21 15:25:00+05:30,4.22613057543039,9.320533134493658e-05,1074.6,1070.6,-0.003722315280104249
HCLTECH,2026-07-22 11:45:00+05:30,2026-07-22 11:50:00+05:30,2026-07-22 12:15:00+05:30,2.23925659783444,0.0025889967637540146,1239.9,1236.6,-0.002661504960077554
ITC,2026-07-22 11:45:00+05:30,2026-07-22 11:50:00+05:30,2026-07-22 12:15:00+05:30,2.409155532452994,0.0035797386790763497,280.5,280.35,-0.0005347593582887278
TCS,2026-07-22 11:45:00+05:30,2026-07-22 11:50:00+05:30,2026-07-22 12:15:00+05:30,2.251498218786943,0.00533164648472817,2225.3,2219.3,-0.0026962656720441736
TRENT,2026-07-22 12:00:00+05:30,2026-07-22 12:05:00+05:30,2026-07-22 12:30:00+05:30,3.3422680196944388,0.0026783540297052877,2887.0,2888.6,0.000554208520956001
MAXHEALTH,2026-07-22 12:15:00+05:30,2026-07-22 12:20:00+05:30,2026-07-22 12:45:00+05:30,2.231321605002183,0.003507800240007297,1087.7,1087.1,-0.0005516226900801335
BHARTIARTL,2026-07-22 12:40:00+05:30,2026-07-22 12:45:00+05:30,2026-07-22 13:10:00+05:30,3.589165143777778,0.00242043464826458,1950.9,1951.5,0.0003075503613716446
IDEA,2026-07-22 12:40:00+05:30,2026-07-22 12:45:00+05:30,2026-07-22 13:10:00+05:30,2.2788879664325354,0.001494768310911887,13.49,13.45,-0.002965159377316562
DIXON,2026-07-22 12:45:00+05:30,2026-07-22 12:50:00+05:30,2026-07-22 13:15:00+05:30,2.646913366205357,0.003286183740534465,14060.0,14033.0,-0.0019203413940256375
ITC,2026-07-22 12:50:00+05:30,2026-07-22 12:55:00+05:30,2026-07-22 13:20:00+05:30,2.5673822757057683,0.0024968789013732895,281.45,281.95,0.0017765144785930609
RELIANCE,2026-07-22 12:50:00+05:30,2026-07-22 12:55:00+05:30,2026-07-22 13:20:00+05:30,2.8344174465920347,0.0017848828185629273,1291.9,1289.1,-0.0021673504141188626
POWERGRID,2026-07-22 13:20:00+05:30,2026-07-22 13:25:00+05:30,2026-07-22 13:50:00+05:30,2.0415242512288825,0.0027816411682890507,288.65,288.85,0.0006928806513080144
TATASTEEL,2026-07-22 13:30:00+05:30,2026-07-22 13:35:00+05:30,2026-07-22 14:00:00+05:30,4.003369850325538,0.0003227368081328841,186.44,186.38,-0.00032181935207042933
ADANIPOWER,2026-07-22 13:55:00+05:30,2026-07-22 14:00:00+05:30,2026-07-22 14:25:00+05:30,2.4535188551119425,0.006482758620689699,219.41,216.17,-0.014766874800601681
IDEA,2026-07-22 13:55:00+05:30,2026-07-22 14:00:00+05:30,2026-07-22 14:25:00+05:30,2.0683432309649756,0.003717472118959231,13.51,13.5,-0.0007401924500369805
MCX,2026-07-22 13:55:00+05:30,2026-07-22 14:00:00+05:30,2026-07-22 14:25:00+05:30,2.6201461676468725,0.00556217719507357,2790.2,2796.3,0.002186223209805771
GOLDBEES,2026-07-22 14:40:00+05:30,2026-07-22 14:45:00+05:30,2026-07-22 15:10:00+05:30,2.0108698508108946,0.00016784155756965902,119.19,119.17,-0.0001677993120228205
HINDZINC,2026-07-22 14:45:00+05:30,2026-07-22 14:50:00+05:30,2026-07-22 15:15:00+05:30,2.2946128708170552,0.00046838407494154133,534.95,535.35,0.0007477334330310281
WAAREEENER,2026-07-22 14:45:00+05:30,2026-07-22 14:50:00+05:30,2026-07-22 15:15:00+05:30,2.1066757404985825,0.005119007585098867,2694.3,2703.4,0.0033775006495193605
ANANTRAJ,2026-07-22 14:55:00+05:30,2026-07-22 15:00:00+05:30,2026-07-22 15:25:00+05:30,3.274157088957318,0.00016349219324784947,616.15,615.5,-0.0010549379209607856
INFY,2026-07-23 11:50:00+05:30,2026-07-23 11:55:00+05:30,2026-07-23 12:20:00+05:30,2.340464436707629,9.541984732819309e-05,1051.1,1050.6,-0.000475692132052119
TCS,2026-07-23 11:50:00+05:30,2026-07-23 11:55:00+05:30,2026-07-23 12:20:00+05:30,2.23842193444378,0.0008562415502479936,2225.9,2230.5,0.0020665798104138045
TATASTEEL,2026-07-23 11:55:00+05:30,2026-07-23 12:00:00+05:30,2026-07-23 12:25:00+05:30,2.121450566071696,0.0010275269049808688,185.5,185.01,-0.0026415094339623524
POWERGRID,2026-07-23 12:00:00+05:30,2026-07-23 12:05:00+05:30,2026-07-23 12:30:00+05:30,2.248183301707137,0.0012071046732196056,290.4,289.95,-0.0015495867768594573
HCLTECH,2026-07-23 12:05:00+05:30,2026-07-23 12:10:00+05:30,2026-07-23 12:35:00+05:30,3.1743755579660955,0.005248284214775856,1248.5,1242.7,-0.004645574689627563
HINDCOPPER,2026-07-23 12:05:00+05:30,2026-07-23 12:10:00+05:30,2026-07-23 12:35:00+05:30,2.302503742561529,0.005969847212385027,498.0,495.05,-0.005923694779116473
TRENT,2026-07-23 12:05:00+05:30,2026-07-23 12:10:00+05:30,2026-07-23 12:35:00+05:30,4.133466655692195,0.0022049956933678505,2928.2,2902.0,-0.008947476265282361
MAXHEALTH,2026-07-23 12:20:00+05:30,2026-07-23 12:25:00+05:30,2026-07-23 12:50:00+05:30,2.174793996343785,0.0003687995574406244,1086.0,1084.0,-0.0018416206261510082
SUNPHARMA,2026-07-23 13:45:00+05:30,2026-07-23 13:50:00+05:30,2026-07-23 14:15:00+05:30,2.1020372737219137,0.004188427529861816,1944.1,1950.1,0.0030862609948048014
TITAN,2026-07-23 13:45:00+05:30,2026-07-23 13:50:00+05:30,2026-07-23 14:15:00+05:30,2.2661903700884274,0.0034224598930481243,4693.9,4694.3,8.521698374508446e-05
TCS,2026-07-23 14:00:00+05:30,2026-07-23 14:05:00+05:30,2026-07-23 14:30:00+05:30,2.3102956102192547,0.003946188340807177,2242.2,2249.5,0.0032557309785032906
INFY,2026-07-23 14:30:00+05:30,2026-07-23 14:35:00+05:30,2026-07-23 15:00:00+05:30,2.306116362295091,0.0030595659240844064,1054.9,1044.7,-0.009669162953834576
MCX,2026-07-23 14:30:00+05:30,2026-07-23 14:35:00+05:30,2026-07-23 15:00:00+05:30,2.273512685857226,0.0010248151672644923,2746.7,2750.5,0.0013834783558452912
ADANIPOWER,2026-07-24 11:45:00+05:30,2026-07-24 11:50:00+05:30,2026-07-24 12:15:00+05:30,2.960540385416815,0.0030635810906349814,214.08,213.6,-0.0022421524663678305
HAL,2026-07-24 11:45:00+05:30,2026-07-24 11:50:00+05:30,2026-07-24 12:15:00+05:30,2.1193794295074464,0.0041537548625303344,4574.7,4573.9,-0.00017487485518175028
KOTAKBANK,2026-07-24 11:45:00+05:30,2026-07-24 11:50:00+05:30,2026-07-24 12:15:00+05:30,2.413905999668491,0.0032671197072660085,383.9,383.45,-0.0011721802552747684
LT,2026-07-24 11:45:00+05:30,2026-07-24 11:50:00+05:30,2026-07-24 12:15:00+05:30,2.310774853050665,0.007294199374783039,3778.9,3784.6,0.001508375453174171
MARUTI,2026-07-24 11:45:00+05:30,2026-07-24 11:50:00+05:30,2026-07-24 12:15:00+05:30,3.374259436029869,0.0072289156626506035,13418.0,13445.0,0.0020122223878371592
POWERGRID,2026-07-24 11:45:00+05:30,2026-07-24 11:50:00+05:30,2026-07-24 12:15:00+05:30,2.042117578873014,0.0027724831051811893,289.8,289.35,-0.0015527950310558758
RELIANCE,2026-07-24 11:45:00+05:30,2026-07-24 11:50:00+05:30,2026-07-24 12:15:00+05:30,2.061723541215892,0.005099239036636005,1281.6,1280.0,-0.0012484394506865337
SILVERBEES,2026-07-24 11:45:00+05:30,2026-07-24 11:50:00+05:30,2026-07-24 12:15:00+05:30,2.7512640674148137,0.0014452955629427056,208.25,208.9,0.0031212484993998757
TITAN,2026-07-24 11:45:00+05:30,2026-07-24 11:50:00+05:30,2026-07-24 12:15:00+05:30,2.9790226385025274,0.004296547723903865,4681.5,4679.2,-0.0004912955249386508
VEDL,2026-07-24 11:45:00+05:30,2026-07-24 11:50:00+05:30,2026-07-24 12:15:00+05:30,2.7927790163805337,0.0036314984709480136,263.15,263.0,-0.0005700171005129651
ANANTRAJ,2026-07-24 11:50:00+05:30,2026-07-24 11:55:00+05:30,2026-07-24 12:20:00+05:30,2.527576642791808,0.01295784381478926,588.1,586.45,-0.0028056452984186464
AXISBANK,2026-07-24 11:50:00+05:30,2026-07-24 11:55:00+05:30,2026-07-24 12:20:00+05:30,4.658085013091053,0.002218752568000415,1223.0,1224.3,0.0010629599345870488
DIXON,2026-07-24 11:50:00+05:30,2026-07-24 11:55:00+05:30,2026-07-24 12:20:00+05:30,2.2925541530092586,0.0027100271002709064,13704.0,13723.0,0.0013864565090484504
GOLDBEES,2026-07-24 11:50:00+05:30,2026-07-24 11:55:00+05:30,2026-07-24 12:20:00+05:30,4.570733581231258,0.0011976047904191933,117.24,117.19,-0.0004264756055953889
GRSE,2026-07-24 11:50:00+05:30,2026-07-24 11:55:00+05:30,2026-07-24 12:20:00+05:30,2.234776676500209,0.003492798555786658,2560.0,2561.6,0.0006249999999998757
SAMMAANCAP,2026-07-24 11:50:00+05:30,2026-07-24 11:55:00+05:30,2026-07-24 12:20:00+05:30,2.163269980397117,0.008078476630121179,157.25,157.15,-0.0006359300476946883
TATAINVEST,2026-07-24 11:50:00+05:30,2026-07-24 11:55:00+05:30,2026-07-24 12:20:00+05:30,2.3743840176556463,0.006404098623118859,629.55,629.65,0.00015884361845763806
TATASTEEL,2026-07-24 11:50:00+05:30,2026-07-24 11:55:00+05:30,2026-07-24 12:20:00+05:30,2.263104824990927,0.0012621412500686269,182.85,182.93,0.00043751709051131904
TMPV,2026-07-24 11:50:00+05:30,2026-07-24 11:55:00+05:30,2026-07-24 12:20:00+05:30,2.0393579735826077,0.00031046258925782055,322.5,323.6,0.003410852713178425
TRENT,2026-07-24 11:50:00+05:30,2026-07-24 11:55:00+05:30,2026-07-24 12:20:00+05:30,2.1301421030621,0.0012849899284572697,2895.1,2908.1,0.004490345756623215
WAAREEENER,2026-07-24 11:50:00+05:30,2026-07-24 11:55:00+05:30,2026-07-24 12:20:00+05:30,2.2628669964001538,0.0032222222222222374,2714.0,2713.7,-0.00011053795136339861
HINDZINC,2026-07-24 11:55:00+05:30,2026-07-24 12:00:00+05:30,2026-07-24 12:25:00+05:30,2.5079576086242885,0.0017129805862199365,526.85,526.7,-0.000284711018316397
MAXHEALTH,2026-07-24 11:55:00+05:30,2026-07-24 12:00:00+05:30,2026-07-24 12:25:00+05:30,2.054949038802821,0.0009298000929800487,1078.2,1079.2,0.0009274717121128262
ICICIBANK,2026-07-24 12:00:00+05:30,2026-07-24 12:05:00+05:30,2026-07-24 12:30:00+05:30,4.035642794884537,0.0018987341772152,1429.5,1435.1,0.003917453655124081
SBIN,2026-07-24 12:00:00+05:30,2026-07-24 12:05:00+05:30,2026-07-24 12:30:00+05:30,2.4804508771415197,0.0016944084521079983,1007.4,1012.7,0.00526106809608895
ITC,2026-07-24 12:10:00+05:30,2026-07-24 12:15:00+05:30,2026-07-24 12:40:00+05:30,2.46982615179988,0.0038965639390717843,283.95,284.8,0.002993484768445187
BEL,2026-07-24 12:25:00+05:30,2026-07-24 12:30:00+05:30,2026-07-24 12:55:00+05:30,2.7503381141896983,0.0014866204162535812,405.05,404.9,-0.0003703246512777314
CANBK,2026-07-24 12:25:00+05:30,2026-07-24 12:30:00+05:30,2026-07-24 12:55:00+05:30,2.696787144583803,0.002002082165452057,125.97,125.95,-0.00015876796062552767
HCLTECH,2026-07-24 12:25:00+05:30,2026-07-24 12:30:00+05:30,2026-07-24 12:55:00+05:30,2.1650472004787105,0.005278733104055133,1257.7,1260.5,0.002226286077760875
HDFCBANK,2026-07-24 12:25:00+05:30,2026-07-24 12:30:00+05:30,2026-07-24 12:55:00+05:30,4.4520796476983255,0.001483779591286094,745.45,745.95,0.000670735797169586
NETWEB,2026-07-24 12:25:00+05:30,2026-07-24 12:30:00+05:30,2026-07-24 12:55:00+05:30,3.15591172729371,0.0017098545419518274,4176.0,4179.0,0.0007183908045977905
PAYTM,2026-07-24 12:25:00+05:30,2026-07-24 12:30:00+05:30,2026-07-24 12:55:00+05:30,4.281164095502215,0.003577106518283024,1280.7,1291.7,0.008589052861716295
TCS,2026-07-24 12:25:00+05:30,2026-07-24 12:30:00+05:30,2026-07-24 12:55:00+05:30,2.1627146410824056,0.003213998750111635,2249.0,2250.7,0.0007558915073364592
HINDALCO,2026-07-24 12:30:00+05:30,2026-07-24 12:35:00+05:30,2026-07-24 13:00:00+05:30,2.0047785859047673,0.0005823186871360964,945.95,945.7,-0.00026428458163751944
HINDCOPPER,2026-07-24 12:30:00+05:30,2026-07-24 12:35:00+05:30,2026-07-24 13:00:00+05:30,2.20296733811003,0.0036443148688045657,481.05,482.75,0.00353393618127007
INDIGO,2026-07-24 12:30:00+05:30,2026-07-24 12:35:00+05:30,2026-07-24 13:00:00+05:30,2.3135326901154865,0.004467912266449936,4956.0,4953.0,-0.000605326876513268
SWIGGY,2026-07-24 12:30:00+05:30,2026-07-24 12:35:00+05:30,2026-07-24 13:00:00+05:30,2.5333671366832835,0.006390034781202036,249.6,249.78,0.0007211538461537881
ETERNAL,2026-07-24 12:40:00+05:30,2026-07-24 12:45:00+05:30,2026-07-24 13:10:00+05:30,2.381260797339677,0.00811249323958907,280.0,280.55,0.0019642857142858627
MCX,2026-07-24 12:45:00+05:30,2026-07-24 12:50:00+05:30,2026-07-24 13:15:00+05:30,2.0809471673844486,0.004443628351083362,2737.4,2737.1,-0.00010959304449487117
IDEA,2026-07-24 12:50:00+05:30,2026-07-24 12:55:00+05:30,2026-07-24 13:20:00+05:30,2.2149376053636898,0.0015503875968991832,12.96,12.94,-0.0015432098765433278
KOTAKBANK,2026-07-24 12:50:00+05:30,2026-07-24 12:55:00+05:30,2026-07-24 13:20:00+05:30,2.3157098663003874,0.006910940148650457,385.95,385.6,-0.0009068532193288181
SILVERBEES,2026-07-24 12:50:00+05:30,2026-07-24 12:55:00+05:30,2026-07-24 13:20:00+05:30,2.2416432588721675,0.007994255624700797,210.55,210.25,-0.0014248397055331985
BAJFINANCE,2026-07-24 12:55:00+05:30,2026-07-24 13:00:00+05:30,2026-07-24 13:25:00+05:30,2.858847824215937,0.004358161648177372,1016.9,1011.7,-0.005113580489723657
M&M,2026-07-24 12:55:00+05:30,2026-07-24 13:00:00+05:30,2026-07-24 13:25:00+05:30,2.1716176571593526,0.0029849798355086055,3163.5,3157.2,-0.0019914651493599944
KAYNES,2026-07-24 13:10:00+05:30,2026-07-24 13:15:00+05:30,2026-07-24 13:40:00+05:30,2.2569586688348706,0.0028409090909091717,3182.0,3174.6,-0.0023255813953488857
VEDL,2026-07-24 13:15:00+05:30,2026-07-24 13:20:00+05:30,2026-07-24 13:45:00+05:30,2.1878059951231847,0.003793626707132125,264.9,264.35,-0.00207625519063781
BAJFINANCE,2026-07-24 14:00:00+05:30,2026-07-24 14:05:00+05:30,2026-07-24 14:30:00+05:30,2.0402486978465646,0.002767618859345511,1015.7,1012.0,-0.003642807915723245
BEL,2026-07-24 14:00:00+05:30,2026-07-24 14:05:00+05:30,2026-07-24 14:30:00+05:30,2.478383336966372,0.0011109739538328611,406.0,405.25,-0.001847290640394128
CANBK,2026-07-24 14:00:00+05:30,2026-07-24 14:05:00+05:30,2026-07-24 14:30:00+05:30,2.130433337304674,0.0003963535473643365,126.6,125.9,-0.005529225908372792
ETERNAL,2026-07-24 14:00:00+05:30,2026-07-24 14:05:00+05:30,2026-07-24 14:30:00+05:30,2.501531652242277,0.005717348579596049,282.45,280.35,-0.0074349442379181285
GRSE,2026-07-24 14:00:00+05:30,2026-07-24 14:05:00+05:30,2026-07-24 14:30:00+05:30,2.127398604413486,0.0008573989633267054,2573.8,2569.4,-0.0017095345403683737
HAL,2026-07-24 14:00:00+05:30,2026-07-24 14:05:00+05:30,2026-07-24 14:30:00+05:30,3.3444629711752243,0.0005454347114650648,4595.1,4587.0,-0.0017627472742705041
MAXHEALTH,2026-07-24 14:00:00+05:30,2026-07-24 14:05:00+05:30,2026-07-24 14:30:00+05:30,3.493734525229364,0.0005562250857513718,1083.0,1079.5,-0.003231763619575223
MCX,2026-07-24 14:00:00+05:30,2026-07-24 14:05:00+05:30,2026-07-24 14:30:00+05:30,2.540628756212949,0.0014285191018643673,2740.1,2734.1,-0.00218970110579908
SWIGGY,2026-07-24 14:00:00+05:30,2026-07-24 14:05:00+05:30,2026-07-24 14:30:00+05:30,3.0531604222319695,0.005719999999999947,252.7,250.69,-0.00795409576573003
BHARTIARTL,2026-07-24 14:10:00+05:30,2026-07-24 14:15:00+05:30,2026-07-24 14:40:00+05:30,2.5535190623122275,0.0007937767899666159,1893.7,1893.0,-0.00036964672334582893
GOLDBEES,2026-07-24 14:10:00+05:30,2026-07-24 14:15:00+05:30,2026-07-24 14:40:00+05:30,2.0392147784533954,0.0009359312515953011,117.83,117.81,-0.00016973606042602896
HCLTECH,2026-07-24 14:10:00+05:30,2026-07-24 14:15:00+05:30,2026-07-24 14:40:00+05:30,2.1853447770811942,0.004199683042789282,1270.2,1269.0,-0.0009447331128956682
IDEA,2026-07-24 14:10:00+05:30,2026-07-24 14:15:00+05:30,2026-07-24 14:40:00+05:30,3.133674951105878,0.0038580246913579863,13.01,13.07,0.004611837048424272
HINDZINC,2026-07-24 14:25:00+05:30,2026-07-24 14:30:00+05:30,2026-07-24 14:55:00+05:30,4.860122158026461,0.00409095233564849,532.0,531.05,-0.0017857142857143904
SAMMAANCAP,2026-07-24 14:25:00+05:30,2026-07-24 14:30:00+05:30,2026-07-24 14:55:00+05:30,3.8740447302663186,0.002017654476670794,160.23,160.41,0.001123385133870114
VEDL,2026-07-24 14:25:00+05:30,2026-07-24 14:30:00+05:30,2026-07-24 14:55:00+05:30,2.539085821584418,0.0020790020790020236,265.7,265.1,-0.0022581859239743096
INFY,2026-07-24 14:35:00+05:30,2026-07-24 14:40:00+05:30,2026-07-24 15:05:00+05:30,2.474665917653713,0.0004853426519122461,1033.9,1041.1,0.00696392300996207
GMDCLTD,2026-07-24 14:40:00+05:30,2026-07-24 14:45:00+05:30,2026-07-24 15:10:00+05:30,3.2761721044013705,0.0003565380158658815,563.65,562.4,-0.002217688281735075
INDIGO,2026-07-24 14:55:00+05:30,2026-07-24 15:00:00+05:30,2026-07-24 15:25:00+05:30,2.0306711568753086,0.004867166903265163,4974.5,5000.0,0.005126143330987931
INDIGO,2026-07-27 11:45:00+05:30,2026-07-27 11:50:00+05:30,2026-07-27 12:15:00+05:30,2.1330014783288207,0.006969990319457997,5213.5,5211.0,-0.00047952431188258426
BAJAJ-AUTO,2026-07-27 11:50:00+05:30,2026-07-27 11:55:00+05:30,2026-07-27 12:20:00+05:30,2.0319674540204393,0.003128351805505858,11235.0,11209.0,-0.002314196706720062
M&M,2026-07-27 11:50:00+05:30,2026-07-27 11:55:00+05:30,2026-07-27 12:20:00+05:30,2.0876724957410637,0.002064499984359758,3208.0,3217.9,0.003086034912718194
MARUTI,2026-07-27 11:50:00+05:30,2026-07-27 11:55:00+05:30,2026-07-27 12:20:00+05:30,2.514025195816778,0.0028672254080281956,13652.0,13623.0,-0.00212423088192204
PAYTM,2026-07-27 11:50:00+05:30,2026-07-27 11:55:00+05:30,2026-07-27 12:20:00+05:30,2.0641422666558653,0.004619480112746599,1284.1,1286.2,0.001635386652129922
ANANTRAJ,2026-07-27 11:55:00+05:30,2026-07-27 12:00:00+05:30,2026-07-27 12:25:00+05:30,2.1994480784403994,0.006755643433844272,615.6,612.7,-0.004710851202079258
ETERNAL,2026-07-27 11:55:00+05:30,2026-07-27 12:00:00+05:30,2026-07-27 12:25:00+05:30,2.267676622580296,0.006492397061336197,295.5,295.65,0.0005076142131978933
POWERGRID,2026-07-27 12:00:00+05:30,2026-07-27 12:05:00+05:30,2026-07-27 12:30:00+05:30,2.071997783024446,0.001386722135552132,289.45,289.0,-0.001554672655035394
CANBK,2026-07-27 12:15:00+05:30,2026-07-27 12:20:00+05:30,2026-07-27 12:45:00+05:30,4.624122089515139,0.011049723756906049,128.53,128.6,0.0005446199330894075
GRSE,2026-07-27 12:15:00+05:30,2026-07-27 12:20:00+05:30,2026-07-27 12:45:00+05:30,2.584578797235055,0.0013006885998469997,2620.5,2620.4,-3.8160656363306344e-05
HINDALCO,2026-07-27 12:25:00+05:30,2026-07-27 12:30:00+05:30,2026-07-27 12:55:00+05:30,2.705593231201851,0.0011593591905565415,951.2,947.6,-0.003784693019344032
SUNPHARMA,2026-07-27 12:30:00+05:30,2026-07-27 12:35:00+05:30,2026-07-27 13:00:00+05:30,2.5367610930637,0.00025506300056110653,1966.5,1971.7,0.002644291889143169
NETWEB,2026-07-27 12:35:00+05:30,2026-07-27 12:40:00+05:30,2026-07-27 13:05:00+05:30,2.185863072285771,0.004525205158264933,4306.5,4282.1,-0.005665853941715926
SILVERBEES,2026-07-27 12:50:00+05:30,2026-07-27 12:55:00+05:30,2026-07-27 13:20:00+05:30,2.0905380741741384,0.0005152466157665181,213.63,212.9,-0.0034171230632401572
BEL,2026-07-27 13:00:00+05:30,2026-07-27 13:05:00+05:30,2026-07-27 13:30:00+05:30,3.091050237366744,0.0009869232667159,406.35,406.4,0.00012304663467443966
HAL,2026-07-27 13:10:00+05:30,2026-07-27 13:15:00+05:30,2026-07-27 13:40:00+05:30,2.7211911744404746,0.0029687737014323368,4634.7,4614.5,-0.004358426651131619
HEROMOTOCO,2026-07-27 13:15:00+05:30,2026-07-27 13:20:00+05:30,2026-07-27 13:45:00+05:30,2.262283647080666,0.0023961504468230643,5111.1,5111.1,0.0
TMPV,2026-07-27 13:15:00+05:30,2026-07-27 13:20:00+05:30,2026-07-27 13:45:00+05:30,3.2616717605840746,0.0013761467889907841,328.15,328.25,0.00030473868657643344
GRSE,2026-07-27 13:20:00+05:30,2026-07-27 13:25:00+05:30,2026-07-27 13:50:00+05:30,3.1422935598706836,0.0028621584490917673,2635.9,2637.7,0.000682878713152979
ICICIBANK,2026-07-27 13:20:00+05:30,2026-07-27 13:25:00+05:30,2026-07-27 13:50:00+05:30,2.3515937316591575,0.0005563282336578101,1439.7,1440.5,0.0005556713204140085
BSE,2026-07-27 13:30:00+05:30,2026-07-27 13:35:00+05:30,2026-07-27 14:00:00+05:30,2.61362788066846,0.007470985770908767,3544.3,3538.5,-0.001636430324746807
MCX,2026-07-27 13:30:00+05:30,2026-07-27 13:35:00+05:30,2026-07-27 14:00:00+05:30,4.165159633180563,0.0033435092309930248,2761.3,2752.7,-0.0031144750660921927
TATASTEEL,2026-07-27 13:30:00+05:30,2026-07-27 13:35:00+05:30,2026-07-27 14:00:00+05:30,3.011325452983973,0.002229472539423627,184.47,184.45,-0.00010841871306987994
BAJFINANCE,2026-07-27 13:50:00+05:30,2026-07-27 13:55:00+05:30,2026-07-27 14:20:00+05:30,3.619093683430681,0.0011497556769186623,1047.0,1046.7,-0.0002865329512893311
BHARTIARTL,2026-07-27 14:00:00+05:30,2026-07-27 14:05:00+05:30,2026-07-27 14:30:00+05:30,8.02886275590797,0.0015759613364152436,1913.4,1910.2,-0.0016724155952754227
HDFCBANK,2026-07-27 14:00:00+05:30,2026-07-27 14:05:00+05:30,2026-07-27 14:30:00+05:30,2.444387447673538,0.0016232668244844373,740.75,741.25,0.0006749915626054204
SAMMAANCAP,2026-07-27 14:05:00+05:30,2026-07-27 14:10:00+05:30,2026-07-27 14:35:00+05:30,2.8568983964991688,0.0035484857754666255,164.39,164.7,0.0018857594744206008
AXISBANK,2026-07-27 14:10:00+05:30,2026-07-27 14:15:00+05:30,2026-07-27 14:40:00+05:30,3.466708055355267,0.002452583387835272,1228.0,1227.4,-0.00048859934853418
KOTAKBANK,2026-07-27 14:10:00+05:30,2026-07-27 14:15:00+05:30,2026-07-27 14:40:00+05:30,2.251025297558594,0.003644884144753835,385.65,385.15,-0.00129651238169326
NETWEB,2026-07-27 14:10:00+05:30,2026-07-27 14:15:00+05:30,2026-07-27 14:40:00+05:30,2.655448230192794,0.003292700014011496,4308.8,4329.5,0.004804121797252092
ETERNAL,2026-07-27 14:15:00+05:30,2026-07-27 14:20:00+05:30,2026-07-27 14:45:00+05:30,2.115478458251932,0.005431093007467691,296.3,296.35,0.0001687478906513551
M&M,2026-07-27 14:15:00+05:30,2026-07-27 14:20:00+05:30,2026-07-27 14:45:00+05:30,2.030287203981304,0.001828946960538147,3233.9,3241.5,0.002350103590092356
KAYNES,2026-07-27 14:20:00+05:30,2026-07-27 14:25:00+05:30,2026-07-27 14:50:00+05:30,3.0506926215231935,0.0023248507697142262,3203.0,3188.7,-0.004464564470808674
TATAINVEST,2026-07-27 14:20:00+05:30,2026-07-27 14:25:00+05:30,2026-07-27 14:50:00+05:30,2.344111451008333,0.0036360823147145727,649.05,649.6,0.0008473923426548513
ICICIBANK,2026-07-27 14:25:00+05:30,2026-07-27 14:30:00+05:30,2026-07-27 14:55:00+05:30,2.904707999008588,0.0029850746268655914,1447.2,1445.0,-0.001520176893311298
TITAN,2026-07-27 14:25:00+05:30,2026-07-27 14:30:00+05:30,2026-07-27 14:55:00+05:30,3.0895360931411,0.00010617063744855493,4716.2,4722.4,0.0013146177006913007
BEL,2026-07-27 14:35:00+05:30,2026-07-27 14:40:00+05:30,2026-07-27 15:05:00+05:30,2.48960531201998,0.0023399014778324734,407.6,407.9,0.0007360157016682578
MARUTI,2026-07-27 14:35:00+05:30,2026-07-27 14:40:00+05:30,2026-07-27 15:05:00+05:30,4.5366125174185825,0.0005866392901665574,13664.0,13710.0,0.003366510538641787
GRSE,2026-07-27 14:50:00+05:30,2026-07-27 14:55:00+05:30,2026-07-27 15:20:00+05:30,2.157004147396481,0.003674242424242413,2652.5,2656.5,0.0015080113100849335
MAXHEALTH,2026-07-27 14:55:00+05:30,2026-07-27 15:00:00+05:30,2026-07-27 15:25:00+05:30,2.3161706837765466,0.0032632342277012505,1108.2,1117.3,0.00821151416711774
KOTAKBANK,2026-07-28 11:45:00+05:30,2026-07-28 11:50:00+05:30,2026-07-28 12:15:00+05:30,2.7375487256234106,0.0050675675675675436,387.05,385.85,-0.0031003746286009104
TITAN,2026-07-28 11:45:00+05:30,2026-07-28 11:50:00+05:30,2026-07-28 12:15:00+05:30,2.3229762660328164,0.004843727164540512,4822.0,4827.9,0.0012235586893405426
MARUTI,2026-07-28 11:55:00+05:30,2026-07-28 12:00:00+05:30,2026-07-28 12:25:00+05:30,2.5208894815192218,0.00014556040756907862,13775.0,13804.0,0.002105263157894832
GOLDBEES,2026-07-28 12:00:00+05:30,2026-07-28 12:05:00+05:30,2026-07-28 12:30:00+05:30,3.0776247649037645,0.00042724087840717573,117.15,117.11,-0.00034144259496382556
LT,2026-07-28 12:05:00+05:30,2026-07-28 12:10:00+05:30,2026-07-28 12:35:00+05:30,2.8852244054305776,0.0018382352941177516,3826.9,3829.3,0.0006271394601373714
BAJFINANCE,2026-07-28 12:10:00+05:30,2026-07-28 12:15:00+05:30,2026-07-28 12:40:00+05:30,2.5245602937881264,0.0038270187523918864,1050.4,1049.3,-0.0010472201066261677
INFY,2026-07-28 12:10:00+05:30,2026-07-28 12:15:00+05:30,2026-07-28 12:40:00+05:30,2.539260600971864,0.006501715730539814,1116.5,1112.0,-0.0040304523063143805
BAJAJ-AUTO,2026-07-28 12:20:00+05:30,2026-07-28 12:25:00+05:30,2026-07-28 12:50:00+05:30,2.6506871419718054,0.0010243620006236132,11245.0,11305.0,0.00533570475767009
BHARTIARTL,2026-07-28 12:25:00+05:30,2026-07-28 12:30:00+05:30,2026-07-28 12:55:00+05:30,2.078791021373749,0.00015791967152711806,1900.6,1901.5,0.0004735346732611667
DIXON,2026-07-28 12:25:00+05:30,2026-07-28 12:30:00+05:30,2026-07-28 12:55:00+05:30,2.8927801319453086,0.0015988372093023173,13797.0,13767.0,-0.0021743857360295715
HAL,2026-07-28 12:25:00+05:30,2026-07-28 12:30:00+05:30,2026-07-28 12:55:00+05:30,3.168366819833877,0.004295231416549861,4606.9,4601.6,-0.0011504482406823335
KAYNES,2026-07-28 12:55:00+05:30,2026-07-28 13:00:00+05:30,2026-07-28 13:25:00+05:30,4.705319652537419,0.0011874628917847296,3224.0,3213.5,-0.0032568238213399603
M&M,2026-07-28 13:00:00+05:30,2026-07-28 13:05:00+05:30,2026-07-28 13:30:00+05:30,2.213731629595338,0.0003968375103025057,3281.0,3276.5,-0.0013715330691862482
MARUTI,2026-07-28 13:00:00+05:30,2026-07-28 13:05:00+05:30,2026-07-28 13:30:00+05:30,2.356240329616377,0.001883512025499856,13831.0,13779.0,-0.0037596703058346836
BAJAJ-AUTO,2026-07-28 13:25:00+05:30,2026-07-28 13:30:00+05:30,2026-07-28 13:55:00+05:30,2.2431229276891713,0.006501547987616041,11382.0,11356.5,-0.002240379546652571
POWERGRID,2026-07-28 13:30:00+05:30,2026-07-28 13:35:00+05:30,2026-07-28 14:00:00+05:30,2.0426323430636586,0.000175438596491162,285.9,286.7,0.0027981811822315183
HEROMOTOCO,2026-07-28 13:50:00+05:30,2026-07-28 13:55:00+05:30,2026-07-28 14:20:00+05:30,2.0680458170927323,0.0001939074285934872,5163.6,5165.4,0.00034859400418296715
ITC,2026-07-28 13:50:00+05:30,2026-07-28 13:55:00+05:30,2026-07-28 14:20:00+05:30,3.0643165434269193,0.0015881418740073538,284.4,284.55,0.0005274261603376296
TRENT,2026-07-28 13:50:00+05:30,2026-07-28 13:55:00+05:30,2026-07-28 14:20:00+05:30,2.4785879390156795,0.0012301804264625016,2932.9,2930.5,-0.00081830270380856
INDIGO,2026-07-28 14:05:00+05:30,2026-07-28 14:10:00+05:30,2026-07-28 14:35:00+05:30,2.0396961967958087,0.00047528517110273505,5266.5,5255.0,-0.002183613405487561
ANANTRAJ,2026-07-28 14:10:00+05:30,2026-07-28 14:15:00+05:30,2026-07-28 14:40:00+05:30,2.100059474874841,0.0056478677253006815,613.25,611.0,-0.003668976763147147
DIXON,2026-07-28 14:15:00+05:30,2026-07-28 14:20:00+05:30,2026-07-28 14:45:00+05:30,2.259513001589904,0.001018181818181807,13794.0,13865.0,0.005147165434246759
ETERNAL,2026-07-28 14:20:00+05:30,2026-07-28 14:25:00+05:30,2026-07-28 14:50:00+05:30,2.0593139671336504,0.001638269986893759,306.15,307.8,0.005389514943655138
SAMMAANCAP,2026-07-28 14:20:00+05:30,2026-07-28 14:25:00+05:30,2026-07-28 14:50:00+05:30,3.288903770194158,0.0011656441717791122,163.15,163.06,-0.0005516395954643372
AXISBANK,2026-07-29 11:45:00+05:30,2026-07-29 11:50:00+05:30,2026-07-29 12:15:00+05:30,2.0062052716703267,0.001474926253687281,1223.1,1225.3,0.0017987082004742305
MARUTI,2026-07-29 11:45:00+05:30,2026-07-29 11:50:00+05:30,2026-07-29 12:15:00+05:30,2.5182350216840272,0.0018032313906519715,13899.0,13901.0,0.00014389524426228206
DIXON,2026-07-29 11:50:00+05:30,2026-07-29 11:55:00+05:30,2026-07-29 12:20:00+05:30,2.019201387421968,0.00539926115373679,14174.0,14200.0,0.00183434457457321
GRSE,2026-07-29 11:55:00+05:30,2026-07-29 12:00:00+05:30,2026-07-29 12:25:00+05:30,2.084223941951575,0.0009609840476647591,2606.1,2619.6,0.005180154253482172
GOLDBEES,2026-07-29 12:00:00+05:30,2026-07-29 12:05:00+05:30,2026-07-29 12:30:00+05:30,2.0298523188241067,0.0010263427984946727,117.11,116.94,-0.0014516266757749197
INDIGO,2026-07-29 12:00:00+05:30,2026-07-29 12:05:00+05:30,2026-07-29 12:30:00+05:30,2.621959453587265,0.0023877745940783512,5261.5,5256.5,-0.0009502993442934704
HDFCBANK,2026-07-29 12:05:00+05:30,2026-07-29 12:10:00+05:30,2026-07-29 12:35:00+05:30,2.369110556894507,0.0006010819475055218,750.35,750.55,0.00026654228026901094
KAYNES,2026-07-29 12:05:00+05:30,2026-07-29 12:10:00+05:30,2026-07-29 12:35:00+05:30,2.2588337512265344,0.009510195746667005,3491.0,3611.0,0.03437410484101977
KOTAKBANK,2026-07-29 12:05:00+05:30,2026-07-29 12:10:00+05:30,2026-07-29 12:35:00+05:30,5.656237989564619,0.0010305294344969962,390.45,390.75,0.0007683442182098155
TMPV,2026-07-29 12:05:00+05:30,2026-07-29 12:10:00+05:30,2026-07-29 12:35:00+05:30,2.4709650867649917,0.0038080731150038627,330.3,329.8,-0.001513775355737157
BEL,2026-07-29 12:15:00+05:30,2026-07-29 12:20:00+05:30,2026-07-29 12:45:00+05:30,3.377098038986734,0.002731885000650358,386.65,385.6,-0.002715634294581548
NETWEB,2026-07-29 12:30:00+05:30,2026-07-29 12:35:00+05:30,2026-07-29 13:00:00+05:30,2.4575584801438817,0.008605930559043129,4429.0,4460.1,0.007021901106344597
SUNPHARMA,2026-07-29 12:30:00+05:30,2026-07-29 12:35:00+05:30,2026-07-29 13:00:00+05:30,2.7246406117289492,0.00015204500532162157,1978.3,1981.5,0.0016175504220796721
IDEA,2026-07-29 12:35:00+05:30,2026-07-29 12:40:00+05:30,2026-07-29 13:05:00+05:30,2.053875987521337,0.0007680491551458335,13.05,13.08,0.0022988505747125743
TRENT,2026-07-29 13:00:00+05:30,2026-07-29 13:05:00+05:30,2026-07-29 13:30:00+05:30,2.869627331441509,0.001007049345417954,2995.8,2994.0,-0.0006008411776488032
GRSE,2026-07-29 13:05:00+05:30,2026-07-29 13:10:00+05:30,2026-07-29 13:35:00+05:30,2.2013606389001104,0.004892779328007357,2628.5,2625.9,-0.000989157314057465
INDIGO,2026-07-29 13:05:00+05:30,2026-07-29 13:10:00+05:30,2026-07-29 13:35:00+05:30,2.4169796940564603,0.0020926471987063877,5269.5,5278.5,0.0017079419299743659
RELIANCE,2026-07-29 13:05:00+05:30,2026-07-29 13:10:00+05:30,2026-07-29 13:35:00+05:30,5.256934227173996,0.0008643721515009251,1277.0,1279.2,0.0017227877838685846
CANBK,2026-07-29 13:10:00+05:30,2026-07-29 13:15:00+05:30,2026-07-29 13:40:00+05:30,2.3985677036544146,0.0012821540187515357,125.18,124.85,-0.002636203866432485
HAL,2026-07-29 13:10:00+05:30,2026-07-29 13:15:00+05:30,2026-07-29 13:40:00+05:30,2.2755664622055702,0.0007442919375668655,4590.0,4585.0,-0.0010893246187363426
AXISBANK,2026-07-29 13:50:00+05:30,2026-07-29 13:55:00+05:30,2026-07-29 14:20:00+05:30,2.085823503146414,0.0004071661237785573,1230.5,1233.7,0.002600568874441267
BHARTIARTL,2026-07-29 13:55:00+05:30,2026-07-29 14:00:00+05:30,2026-07-29 14:25:00+05:30,2.1298301584955994,0.003647197821954995,1956.0,1954.5,-0.0007668711656442229
WAAREEENER,2026-07-29 14:05:00+05:30,2026-07-29 14:10:00+05:30,2026-07-29 14:35:00+05:30,2.504279112294469,0.003473505284162348,2722.6,2722.8,7.345919341816831e-05
SWIGGY,2026-07-29 14:10:00+05:30,2026-07-29 14:15:00+05:30,2026-07-29 14:40:00+05:30,2.3980833950085825,0.0029073792053162517,290.01,287.62,-0.008241095134650434
DIXON,2026-07-29 14:15:00+05:30,2026-07-29 14:20:00+05:30,2026-07-29 14:45:00+05:30,2.7525594964480073,0.0006344730348959438,14236.0,14254.0,0.0012644001123911508
IDEA,2026-07-29 14:15:00+05:30,2026-07-29 14:20:00+05:30,2026-07-29 14:45:00+05:30,2.9883063224502826,0.010769230769230864,13.13,13.08,-0.0038080731150038627
BSE,2026-07-29 14:20:00+05:30,2026-07-29 14:25:00+05:30,2026-07-29 14:50:00+05:30,3.40808126255798,0.001810774105930335,3548.0,3542.7,-0.001493799323562639
ADANIPOWER,2026-07-29 14:30:00+05:30,2026-07-29 14:35:00+05:30,2026-07-29 15:00:00+05:30,6.077681494773049,0.0009090909090909705,210.75,210.08,-0.0031791221826807936
BEL,2026-07-29 14:30:00+05:30,2026-07-29 14:35:00+05:30,2026-07-29 15:00:00+05:30,2.1676648491164903,0.0005186721991701226,387.0,387.7,0.0018087855297157507
PAYTM,2026-07-29 14:35:00+05:30,2026-07-29 14:40:00+05:30,2026-07-29 15:05:00+05:30,2.5048069319469906,0.0021212121212121904,1327.2,1326.0,-0.000904159132007254
HCLTECH,2026-07-29 14:45:00+05:30,2026-07-29 14:50:00+05:30,2026-07-29 15:15:00+05:30,2.769790382177185,0.0007446570854121592,1345.8,1342.9,-0.002154852132560503
HINDCOPPER,2026-07-29 14:45:00+05:30,2026-07-29 14:50:00+05:30,2026-07-29 15:15:00+05:30,2.969673762981926,0.0013514918390686859,482.7,482.9,0.0004143360265174145
MARUTI,2026-07-29 14:45:00+05:30,2026-07-29 14:50:00+05:30,2026-07-29 15:15:00+05:30,2.530400433662861,0.002950489349453189,13953.0,13920.0,-0.002365082777897265
GMDCLTD,2026-07-29 14:50:00+05:30,2026-07-29 14:55:00+05:30,2026-07-29 15:20:00+05:30,2.800845226855545,0.0014921442991311373,571.0,575.75,0.008318739054290702
TITAN,2026-07-29 14:55:00+05:30,2026-07-29 15:00:00+05:30,2026-07-29 15:25:00+05:30,2.8999688651079087,0.0007236189216011102,4848.6,4855.0,0.001319968650744574
MAXHEALTH,2026-07-30 11:45:00+05:30,2026-07-30 11:50:00+05:30,2026-07-30 12:15:00+05:30,2.3659927659870066,0.0048417466152606,1123.3,1128.4,0.004540194071040782
TITAN,2026-07-30 11:45:00+05:30,2026-07-30 11:50:00+05:30,2026-07-30 12:15:00+05:30,2.033955841859027,0.004465670160640256,4855.9,4853.0,-0.0005972116394488136
WAAREEENER,2026-07-30 11:45:00+05:30,2026-07-30 11:50:00+05:30,2026-07-30 12:15:00+05:30,2.9390309323041652,0.005349636988918549,2636.0,2618.0,-0.006828528072837625
SUNPHARMA,2026-07-30 11:55:00+05:30,2026-07-30 12:00:00+05:30,2026-07-30 12:25:00+05:30,2.1004508010320024,0.002293234956877166,2011.7,2016.5,0.0023860416563106224
TRENT,2026-07-30 12:00:00+05:30,2026-07-30 12:05:00+05:30,2026-07-30 12:30:00+05:30,3.3617328829820283,0.0009307582355482236,3021.8,3008.8,-0.004302071612945935
TMPV,2026-07-30 12:05:00+05:30,2026-07-30 12:10:00+05:30,2026-07-30 12:35:00+05:30,2.1178316498801073,0.001509889778046114,331.95,332.95,0.0030125018828137673
SBIN,2026-07-30 12:20:00+05:30,2026-07-30 12:25:00+05:30,2026-07-30 12:50:00+05:30,2.103759164038926,0.0009843488532335076,1017.8,1025.2,0.007270583611711734
GRSE,2026-07-30 12:25:00+05:30,2026-07-30 12:30:00+05:30,2026-07-30 12:55:00+05:30,4.214640154146482,0.0021276595744681437,2598.0,2595.5,-0.0009622786759045932
SAMMAANCAP,2026-07-30 12:30:00+05:30,2026-07-30 12:35:00+05:30,2026-07-30 13:00:00+05:30,2.438159967139178,0.00018732438339053026,160.71,160.11,-0.0037334328915437087
SILVERBEES,2026-07-30 12:30:00+05:30,2026-07-30 12:35:00+05:30,2026-07-30 13:00:00+05:30,2.2605151087626796,0.0006810663553220575,206.07,205.8,-0.0013102343863734545
CANBK,2026-07-30 12:35:00+05:30,2026-07-30 12:40:00+05:30,2026-07-30 13:05:00+05:30,3.0412455116555717,0.0016935483870967882,124.32,124.51,0.001528314028314215
DIXON,2026-07-30 12:35:00+05:30,2026-07-30 12:40:00+05:30,2026-07-30 13:05:00+05:30,2.1193888834855796,0.0020182336975433923,14403.0,14395.0,-0.000555439838922478
POWERGRID,2026-07-30 12:35:00+05:30,2026-07-30 12:40:00+05:30,2026-07-30 13:05:00+05:30,2.411418780394691,0.004559004032965053,286.35,284.9,-0.005063733193644282
RELIANCE,2026-07-30 12:40:00+05:30,2026-07-30 12:45:00+05:30,2026-07-30 13:10:00+05:30,2.3261120457280233,0.0025587345894393376,1295.4,1292.1,-0.002547475683186806
BHARTIARTL,2026-07-30 12:45:00+05:30,2026-07-30 12:50:00+05:30,2026-07-30 13:15:00+05:30,2.230935413083422,0.0034429599177800974,1953.9,1949.5,-0.002251906443523244
HCLTECH,2026-07-30 12:55:00+05:30,2026-07-30 13:00:00+05:30,2026-07-30 13:25:00+05:30,3.093543513732808,0.0013970588235294734,1365.1,1360.7,-0.003223207091055502
M&M,2026-07-30 13:00:00+05:30,2026-07-30 13:05:00+05:30,2026-07-30 13:30:00+05:30,7.125970665604117,0.0011982671213937035,3298.3,3276.0,-0.0067610587272232125
WAAREEENER,2026-07-30 13:05:00+05:30,2026-07-30 13:10:00+05:30,2026-07-30 13:35:00+05:30,2.8266783687762853,0.005569118095819281,2646.6,2627.6,-0.0071790221416156985
GOLDBEES,2026-07-30 13:40:00+05:30,2026-07-30 13:45:00+05:30,2026-07-30 14:10:00+05:30,2.281686894231475,0.0008550662676356513,117.13,117.3,0.0014513788098693414
HDFCBANK,2026-07-30 13:50:00+05:30,2026-07-30 13:55:00+05:30,2026-07-30 14:20:00+05:30,2.2923990844258904,0.0003996270147861303,751.75,751.6,-0.00019953441968734165
HAL,2026-07-30 13:55:00+05:30,2026-07-30 14:00:00+05:30,2026-07-30 14:25:00+05:30,2.9373545970987047,0.00261417807165909,4567.4,4553.0,-0.003152778385952515
SILVERBEES,2026-07-30 13:55:00+05:30,2026-07-30 14:00:00+05:30,2026-07-30 14:25:00+05:30,3.0822683878482753,0.0029189978107515557,206.59,206.27,-0.001548961711602681
MARUTI,2026-07-30 14:05:00+05:30,2026-07-30 14:10:00+05:30,2026-07-30 14:35:00+05:30,2.2347574041846685,0.008910606496119522,14062.0,14045.0,-0.001208931873133312
SWIGGY,2026-07-30 14:35:00+05:30,2026-07-30 14:40:00+05:30,2026-07-30 15:05:00+05:30,2.0895514211528967,0.008568861861654176,292.41,296.36,0.013508429944256273
HINDCOPPER,2026-07-30 14:50:00+05:30,2026-07-30 14:55:00+05:30,2026-07-30 15:20:00+05:30,3.0766235565326494,0.0027171073257394873,481.3,479.9,-0.002908788697278286
ETERNAL,2026-07-30 14:55:00+05:30,2026-07-30 15:00:00+05:30,2026-07-30 15:25:00+05:30,3.8723432101839452,0.007529873956457767,309.6,310.2,0.0019379844961238124
TATAINVEST,2026-07-30 14:55:00+05:30,2026-07-30 15:00:00+05:30,2026-07-30 15:25:00+05:30,3.0387604249877107,0.002813564341774155,679.45,676.0,-0.0050776363234970034
BAJAJ-AUTO,2026-07-31 11:45:00+05:30,2026-07-31 11:50:00+05:30,2026-07-31 12:15:00+05:30,2.096620312763195,0.003863853434054043,11558.0,11579.5,0.0018601834227374159
DIXON,2026-07-31 11:45:00+05:30,2026-07-31 11:50:00+05:30,2026-07-31 12:15:00+05:30,4.022015988617264,0.009179415855354645,14582.0,14505.0,-0.0052804827869976645
SUNPHARMA,2026-07-31 11:45:00+05:30,2026-07-31 11:50:00+05:30,2026-07-31 12:15:00+05:30,2.976825456121047,0.0031288800595976607,2021.6,2023.1,0.0007419865453106578
TMPV,2026-07-31 11:45:00+05:30,2026-07-31 11:50:00+05:30,2026-07-31 12:15:00+05:30,2.2835410402019183,0.0025200118588792897,338.3,337.9,-0.0011823825007390987
TRENT,2026-07-31 11:45:00+05:30,2026-07-31 11:50:00+05:30,2026-07-31 12:15:00+05:30,2.3131743784717353,0.0029331377908139444,3013.5,3009.6,-0.0012941762070681762
BSE,2026-07-31 11:55:00+05:30,2026-07-31 12:00:00+05:30,2026-07-31 12:25:00+05:30,2.230839922997998,0.001846773742235186,3588.5,3620.0,0.008778040964191103
IDEA,2026-07-31 12:00:00+05:30,2026-07-31 12:05:00+05:30,2026-07-31 12:30:00+05:30,3.6437557484647782,0.0030911901081918103,13.03,13.01,-0.0015349194167305624
KOTAKBANK,2026-07-31 12:00:00+05:30,2026-07-31 12:05:00+05:30,2026-07-31 12:30:00+05:30,3.1425499403452455,0.0005136106831022946,390.1,390.3,0.0005126890540887441
RELIANCE,2026-07-31 12:05:00+05:30,2026-07-31 12:10:00+05:30,2026-07-31 12:35:00+05:30,2.198414350696382,0.0005389590391131627,1300.5,1300.7,0.00015378700499812936
AXISBANK,2026-07-31 12:10:00+05:30,2026-07-31 12:15:00+05:30,2026-07-31 12:40:00+05:30,4.052137794989054,0.0002441803678985277,1231.3,1229.9,-0.0011370096645820782
ADANIPOWER,2026-07-31 12:20:00+05:30,2026-07-31 12:25:00+05:30,2026-07-31 12:50:00+05:30,5.5566496547522135,0.0035328941086603116,211.89,212.01,0.0005663315871442531
MCX,2026-07-31 12:20:00+05:30,2026-07-31 12:25:00+05:30,2026-07-31 12:50:00+05:30,2.6716328934563025,0.0028671432826929966,2698.4,2697.0,-0.0005188259709457688
TATASTEEL,2026-07-31 12:20:00+05:30,2026-07-31 12:25:00+05:30,2026-07-31 12:50:00+05:30,3.254084702715849,0.0006409914000320427,187.75,189.0,0.0066577896138482195
BHARTIARTL,2026-07-31 12:25:00+05:30,2026-07-31 12:30:00+05:30,2026-07-31 12:55:00+05:30,2.1675758686246884,0.00035666972383574524,1964.4,1971.6,0.0036652412950517466
TITAN,2026-07-31 12:25:00+05:30,2026-07-31 12:30:00+05:30,2026-07-31 12:55:00+05:30,2.6953916681745747,0.0005144032921811093,4868.1,4878.5,0.002136357100305908
WAAREEENER,2026-07-31 12:30:00+05:30,2026-07-31 12:35:00+05:30,2026-07-31 13:00:00+05:30,2.379661518975651,0.0014920362564809775,2694.4,2685.7,-0.0032289192399050926
BAJFINANCE,2026-07-31 12:45:00+05:30,2026-07-31 12:50:00+05:30,2026-07-31 13:15:00+05:30,2.1470511941556407,0.0023788546255507637,1139.9,1140.7,0.0007018159487675035
GMDCLTD,2026-07-31 12:45:00+05:30,2026-07-31 12:50:00+05:30,2026-07-31 13:15:00+05:30,3.189300176576511,0.002552367540925804,571.4,569.0,-0.004200210010500527
PAYTM,2026-07-31 12:50:00+05:30,2026-07-31 12:55:00+05:30,2026-07-31 13:20:00+05:30,3.790158186661086,0.005671641791044735,1352.5,1355.0,0.001848428835489857
SUNPHARMA,2026-07-31 12:50:00+05:30,2026-07-31 12:55:00+05:30,2026-07-31 13:20:00+05:30,2.137753046065351,0.005387771242153283,2034.8,2041.7,0.0033909966581482376
LT,2026-07-31 12:55:00+05:30,2026-07-31 13:00:00+05:30,2026-07-31 13:25:00+05:30,2.627669020093655,0.001447766122272709,3946.7,3941.0,-0.0014442445587452557
CANBK,2026-07-31 13:05:00+05:30,2026-07-31 13:10:00+05:30,2026-07-31 13:35:00+05:30,2.0335585377503698,0.0009633911368016612,124.97,124.95,-0.00016003840921818835
SBIN,2026-07-31 13:05:00+05:30,2026-07-31 13:10:00+05:30,2026-07-31 13:35:00+05:30,3.6006955599539494,0.0027293108490105134,1030.5,1029.1,-0.0013585638039786962
ITC,2026-07-31 13:20:00+05:30,2026-07-31 13:25:00+05:30,2026-07-31 13:50:00+05:30,2.090371617983035,0.0003538570417549458,283.05,281.25,-0.006359300476947549
ICICIBANK,2026-07-31 13:25:00+05:30,2026-07-31 13:30:00+05:30,2026-07-31 13:55:00+05:30,2.3436085961346813,0.002442939903678276,1436.5,1435.2,-0.0009049773755656076
TATASTEEL,2026-07-31 13:25:00+05:30,2026-07-31 13:30:00+05:30,2026-07-31 13:55:00+05:30,2.586786694517198,0.009100529100529053,190.86,190.87,5.239442523308213e-05
BAJFINANCE,2026-07-31 13:55:00+05:30,2026-07-31 14:00:00+05:30,2026-07-31 14:25:00+05:30,2.2777327280950086,0.0023626181309066574,1149.2,1149.2,0.0
RELIANCE,2026-07-31 13:55:00+05:30,2026-07-31 14:00:00+05:30,2026-07-31 14:25:00+05:30,2.2419399071501442,0.00046068796068787776,1304.1,1305.0,0.0006901311249138953
TATAINVEST,2026-07-31 13:55:00+05:30,2026-07-31 14:00:00+05:30,2026-07-31 14:25:00+05:30,2.109720999775048,0.0005143654934234299,681.0,680.55,-0.0006607929515418665
TMPV,2026-07-31 14:00:00+05:30,2026-07-31 14:05:00+05:30,2026-07-31 14:30:00+05:30,4.320572788925962,0.0063478004133452615,340.95,340.0,-0.0027863323067898182
BEL,2026-07-31 14:05:00+05:30,2026-07-31 14:10:00+05:30,2026-07-31 14:35:00+05:30,2.6721071708234847,0.0020661157024792765,388.75,388.35,-0.0010289389067523746
ANANTRAJ,2026-07-31 14:25:00+05:30,2026-07-31 14:30:00+05:30,2026-07-31 14:55:00+05:30,5.411543459456362,0.005182186234817809,626.5,625.85,-0.001037509976057449
NETWEB,2026-07-31 14:30:00+05:30,2026-07-31 14:35:00+05:30,2026-07-31 15:00:00+05:30,2.0304015489636464,0.004385578279266555,4559.8,4512.9,-0.010285538839422848
HINDCOPPER,2026-07-31 14:35:00+05:30,2026-07-31 14:40:00+05:30,2026-07-31 15:05:00+05:30,2.894321344971161,0.009817958682757144,496.15,492.2,-0.007961302025597083
AXISBANK,2026-08-03 11:45:00+05:30,2026-08-03 11:50:00+05:30,2026-08-03 12:15:00+05:30,2.8171996345474795,0.0019278656920234116,1251.0,1250.0,-0.0007993605115906854
HINDALCO,2026-08-03 11:45:00+05:30,2026-08-03 11:50:00+05:30,2026-08-03 12:15:00+05:30,2.336089582794648,0.0031454517781950297,989.0,988.5,-0.0005055611729019027
KAYNES,2026-08-03 11:50:00+05:30,2026-08-03 11:55:00+05:30,2026-08-03 12:20:00+05:30,3.22124398001222,0.001663585951940938,3822.8,3841.9,0.004996337762896319
LT,2026-08-03 11:50:00+05:30,2026-08-03 11:55:00+05:30,2026-08-03 12:20:00+05:30,4.19606587404374,0.0038038138902185548,4000.0,4009.4,0.0023500000000000743
TRENT,2026-08-03 11:50:00+05:30,2026-08-03 11:55:00+05:30,2026-08-03 12:20:00+05:30,2.0871303106739076,0.0046932729754018965,3025.0,3031.9,0.0022809917355373077
PAYTM,2026-08-03 11:55:00+05:30,2026-08-03 12:00:00+05:30,2026-08-03 12:25:00+05:30,3.4902459885339727,0.009099957343950082,1429.4,1426.7,-0.001888904435427441
TMPV,2026-08-03 11:55:00+05:30,2026-08-03 12:00:00+05:30,2026-08-03 12:25:00+05:30,2.120316633217613,0.0030237580993521807,348.5,348.0,-0.0014347202295552641
MAXHEALTH,2026-08-03 12:00:00+05:30,2026-08-03 12:05:00+05:30,2026-08-03 12:30:00+05:30,2.3971929104189345,0.0009952949692362267,1110.2,1111.7,0.0013511079084849165
BEL,2026-08-03 12:05:00+05:30,2026-08-03 12:10:00+05:30,2026-08-03 12:35:00+05:30,2.1131496079076895,0.0017978682419417247,390.65,390.4,-0.0006399590426212631
POWERGRID,2026-08-03 12:10:00+05:30,2026-08-03 12:15:00+05:30,2026-08-03 12:40:00+05:30,2.250970619934944,0.0005265929436544248,285.4,284.4,-0.003503854239663595
M&M,2026-08-03 12:15:00+05:30,2026-08-03 12:20:00+05:30,2026-08-03 12:45:00+05:30,2.178653828064366,0.0004698282190573888,3413.8,3401.9,-0.003485851543734264
INFY,2026-08-03 12:35:00+05:30,2026-08-03 12:40:00+05:30,2026-08-03 13:05:00+05:30,2.3213442875223005,0.003101309441764455,1166.0,1165.1,-0.0007718696397942537
TITAN,2026-08-03 12:40:00+05:30,2026-08-03 12:45:00+05:30,2026-08-03 13:10:00+05:30,2.6096732313508646,0.002393617021276606,4903.9,4895.9,-0.001631354636105975
ETERNAL,2026-08-03 12:45:00+05:30,2026-08-03 12:50:00+05:30,2026-08-03 13:15:00+05:30,2.207799175894354,0.002766476810414975,309.0,309.35,0.0011326860841425201
HCLTECH,2026-08-03 12:45:00+05:30,2026-08-03 12:50:00+05:30,2026-08-03 13:15:00+05:30,2.1750905909208593,0.0014029387875655885,1357.8,1357.1,-0.0005155398438650982
SWIGGY,2026-08-03 12:45:00+05:30,2026-08-03 12:50:00+05:30,2026-08-03 13:15:00+05:30,2.6381622448515927,0.005786428195686533,287.2,287.5,0.0010445682451254434
HAL,2026-08-03 12:50:00+05:30,2026-08-03 12:55:00+05:30,2026-08-03 13:20:00+05:30,2.7437627632569948,0.0030447274754492604,4686.5,4671.0,-0.0033073722394110217
NETWEB,2026-08-03 13:00:00+05:30,2026-08-03 13:05:00+05:30,2026-08-03 13:30:00+05:30,4.3196756599220345,0.007389697891762692,4658.3,4646.4,-0.0025545799969947103
TATASTEEL,2026-08-03 13:20:00+05:30,2026-08-03 13:25:00+05:30,2026-08-03 13:50:00+05:30,3.5852905439379774,0.001785526730385456,191.0,190.98,-0.00010471204188489125
HINDZINC,2026-08-03 13:30:00+05:30,2026-08-03 13:35:00+05:30,2026-08-03 14:00:00+05:30,2.5453904776664413,0.0026534907127824248,548.65,549.7,0.0019137883896838126
KOTAKBANK,2026-08-03 13:35:00+05:30,2026-08-03 13:40:00+05:30,2026-08-03 14:05:00+05:30,2.71829620194983,0.0006371049949032148,393.05,392.75,-0.0007632616715430585
ICICIBANK,2026-08-03 13:45:00+05:30,2026-08-03 13:50:00+05:30,2026-08-03 14:15:00+05:30,2.7179941446576454,0.0009687240520341867,1447.4,1447.4,0.0
HINDCOPPER,2026-08-03 14:00:00+05:30,2026-08-03 14:05:00+05:30,2026-08-03 14:30:00+05:30,2.2773147370387035,0.002223120452708116,496.9,496.4,-0.0010062386798148637
HINDALCO,2026-08-03 14:05:00+05:30,2026-08-03 14:10:00+05:30,2026-08-03 14:35:00+05:30,2.223174912089454,0.0015161469651792103,991.3,992.45,0.0011600928074246841
INFY,2026-08-03 14:10:00+05:30,2026-08-03 14:15:00+05:30,2026-08-03 14:40:00+05:30,2.001198242830704,0.0008566044200788436,1170.9,1168.7,-0.0018788965752840614
INDIGO,2026-08-03 14:15:00+05:30,2026-08-03 14:20:00+05:30,2026-08-03 14:45:00+05:30,2.8038709301660787,0.002230897936419396,5398.5,5393.5,-0.0009261831990368119
HEROMOTOCO,2026-08-03 14:30:00+05:30,2026-08-03 14:35:00+05:30,2026-08-03 15:00:00+05:30,2.260512183828065,0.003881700554528633,5440.0,5421.5,-0.0034007352941176627
TCS,2026-08-03 14:40:00+05:30,2026-08-03 14:45:00+05:30,2026-08-03 15:10:00+05:30,2.8310931220108833,0.0007389465905824899,2442.2,2453.4,0.004586028990254842
HEROMOTOCO,2026-08-04 11:45:00+05:30,2026-08-04 11:50:00+05:30,2026-08-04 12:15:00+05:30,2.015809140363919,0.012304351759703236,5588.0,5579.5,-0.001521116678597001
ITC,2026-08-04 12:20:00+05:30,2026-08-04 12:25:00+05:30,2026-08-04 12:50:00+05:30,2.448318776738542,0.00348857491714627,288.45,287.8,-0.00225342347027202
NETWEB,2026-08-04 12:30:00+05:30,2026-08-04 12:35:00+05:30,2026-08-04 13:00:00+05:30,2.1601385252523353,0.005109020949123577,4716.9,4747.1,0.0064025101231741655
DIXON,2026-08-04 12:45:00+05:30,2026-08-04 12:50:00+05:30,2026-08-04 13:15:00+05:30,2.4610134431427246,0.0023676280671545147,14008.0,14020.0,0.0008566533409479771
KAYNES,2026-08-04 13:05:00+05:30,2026-08-04 13:10:00+05:30,2026-08-04 13:35:00+05:30,3.185739875604116,0.001831549752740802,3840.2,3857.1,0.004400812457684422
WAAREEENER,2026-08-04 13:20:00+05:30,2026-08-04 13:25:00+05:30,2026-08-04 13:50:00+05:30,2.411334970684626,0.0007116904521107248,2678.3,2681.0,0.0010081021543515423
PAYTM,2026-08-04 13:25:00+05:30,2026-08-04 13:30:00+05:30,2026-08-04 13:55:00+05:30,2.4073697995398557,0.003488537661967994,1414.0,1419.1,0.003606789250353515
SILVERBEES,2026-08-04 13:30:00+05:30,2026-08-04 13:35:00+05:30,2026-08-04 14:00:00+05:30,2.0382267822697147,0.0001445086705202936,207.78,207.45,-0.0015882183078256285
TCS,2026-08-04 13:30:00+05:30,2026-08-04 13:35:00+05:30,2026-08-04 14:00:00+05:30,2.322563026955183,0.0016313213703098572,2458.6,2454.0,-0.0018709834865370256
GOLDBEES,2026-08-04 13:35:00+05:30,2026-08-04 13:40:00+05:30,2026-08-04 14:05:00+05:30,3.629500871421352,0.0004260758414997845,117.43,117.3,-0.0011070424934004341
HINDALCO,2026-08-04 13:55:00+05:30,2026-08-04 14:00:00+05:30,2026-08-04 14:25:00+05:30,2.3333674367943527,0.001641219475804423,1008.0,1011.75,0.0037202380952381375
HINDCOPPER,2026-08-04 13:55:00+05:30,2026-08-04 14:00:00+05:30,2026-08-04 14:25:00+05:30,2.0594894024101302,0.0014141414141413122,495.85,494.55,-0.0026217606130886084
SWIGGY,2026-08-04 14:00:00+05:30,2026-08-04 14:05:00+05:30,2026-08-04 14:30:00+05:30,3.1112727968164577,0.001563857515204159,289.7,290.5,0.002761477390403888
VEDL,2026-08-04 14:05:00+05:30,2026-08-04 14:10:00+05:30,2026-08-04 14:35:00+05:30,2.1148036907765144,0.0018663680477790656,268.75,268.25,-0.0018604651162790198
IDEA,2026-08-04 14:10:00+05:30,2026-08-04 14:15:00+05:30,2026-08-04 14:40:00+05:30,2.3715485287554294,0.003129890453834161,12.82,12.81,-0.0007800312012480326
M&M,2026-08-04 14:15:00+05:30,2026-08-04 14:20:00+05:30,2026-08-04 14:45:00+05:30,2.6015753915878785,0.005532829100326486,3420.8,3417.1,-0.001081618334892509
SBIN,2026-08-04 14:15:00+05:30,2026-08-04 14:20:00+05:30,2026-08-04 14:45:00+05:30,2.608276504570158,0.003581107239643888,1038.6,1034.8,-0.0036587714230694734
BSE,2026-08-04 14:25:00+05:30,2026-08-04 14:30:00+05:30,2026-08-04 14:55:00+05:30,2.1605963482302104,0.0020321242657905803,3606.0,3594.5,-0.0031891292290626705
GOLDBEES,2026-08-05 11:45:00+05:30,2026-08-05 11:50:00+05:30,2026-08-05 12:15:00+05:30,2.0429075618076706,0.002937473772555599,119.43,119.64,0.0017583521728208318
NETWEB,2026-08-05 11:45:00+05:30,2026-08-05 11:50:00+05:30,2026-08-05 12:15:00+05:30,2.7719800527490337,0.01943260937337632,4916.2,4867.0,-0.010007729547211186
HINDZINC,2026-08-05 12:20:00+05:30,2026-08-05 12:25:00+05:30,2026-08-05 12:50:00+05:30,3.939199817585993,0.006993618323279938,580.25,583.05,0.004825506247307043
MCX,2026-08-05 12:25:00+05:30,2026-08-05 12:30:00+05:30,2026-08-05 12:55:00+05:30,2.4190614168450453,3.860705737013248e-05,2603.1,2611.3,0.0031500902769776573
HINDALCO,2026-08-05 12:35:00+05:30,2026-08-05 12:40:00+05:30,2026-08-05 13:05:00+05:30,2.580580108302286,0.001668875472438991,1022.5,1027.8,0.005183374083129522
HAL,2026-08-05 13:05:00+05:30,2026-08-05 13:10:00+05:30,2026-08-05 13:35:00+05:30,2.1145457482167673,0.0024918743228601326,4627.3,4631.1,0.0008212132344995737
TATASTEEL,2026-08-05 13:05:00+05:30,2026-08-05 13:10:00+05:30,2026-08-05 13:35:00+05:30,7.588113827055999,0.0025742054110848844,191.92,191.31,-0.0031784076698623265
PAYTM,2026-08-05 13:10:00+05:30,2026-08-05 13:15:00+05:30,2026-08-05 13:40:00+05:30,3.7515137949120354,0.001969473165928104,1427.6,1434.5,0.004833286634911893
TITAN,2026-08-05 13:10:00+05:30,2026-08-05 13:15:00+05:30,2026-08-05 13:40:00+05:30,2.0894119200936303,0.0012016293279022427,4918.0,4913.8,-0.0008540056933712403
DIXON,2026-08-05 13:15:00+05:30,2026-08-05 13:20:00+05:30,2026-08-05 13:45:00+05:30,2.2118732587863392,0.0037783375314861534,14356.0,14354.0,-0.00013931457230431654
SAMMAANCAP,2026-08-05 13:15:00+05:30,2026-08-05 13:20:00+05:30,2026-08-05 13:45:00+05:30,3.9179105548811375,0.0007429420505198348,161.87,161.61,-0.001606227219373535
GMDCLTD,2026-08-05 13:35:00+05:30,2026-08-05 13:40:00+05:30,2026-08-05 14:05:00+05:30,3.5154367514237,0.00499561787905356,575.45,573.0,-0.0042575375792858194
HEROMOTOCO,2026-08-05 13:35:00+05:30,2026-08-05 13:40:00+05:30,2026-08-05 14:05:00+05:30,2.67766365097272,0.003262786596119893,5689.0,5665.5,-0.004130778695728643
ITC,2026-08-05 13:35:00+05:30,2026-08-05 13:40:00+05:30,2026-08-05 14:05:00+05:30,3.112657443994755,0.00017510068289272596,286.05,286.3,0.0008739730816291758
BSE,2026-08-05 13:50:00+05:30,2026-08-05 13:55:00+05:30,2026-08-05 14:20:00+05:30,2.0244129201533543,0.002412374059883593,3535.6,3508.6,-0.007636610476298267
MCX,2026-08-05 13:50:00+05:30,2026-08-05 13:55:00+05:30,2026-08-05 14:20:00+05:30,2.359263037506898,0.0045363678302323684,2620.9,2608.7,-0.004654889541760521
INDIGO,2026-08-05 14:00:00+05:30,2026-08-05 14:05:00+05:30,2026-08-05 14:30:00+05:30,2.3356460551625364,0.004737135426342132,5414.0,5410.5,-0.0006464721093460968
ANANTRAJ,2026-08-05 14:20:00+05:30,2026-08-05 14:25:00+05:30,2026-08-05 14:50:00+05:30,2.908492371569568,0.0025534631343759884,631.15,629.35,-0.0028519369405053396
HINDCOPPER,2026-08-05 14:20:00+05:30,2026-08-05 14:25:00+05:30,2026-08-05 14:50:00+05:30,2.051867709853829,0.0023398654577360123,516.2,527.4,0.021697016660209067
HINDZINC,2026-08-05 14:30:00+05:30,2026-08-05 14:35:00+05:30,2026-08-05 15:00:00+05:30,2.152198677528946,0.006589644843816966,589.55,595.95,0.010855737426851197
HINDALCO,2026-08-05 14:35:00+05:30,2026-08-05 14:40:00+05:30,2026-08-05 15:05:00+05:30,2.3266499909071032,0.005267778753292429,1031.6,1037.65,0.005864676231097432
GMDCLTD,2026-08-05 14:45:00+05:30,2026-08-05 14:50:00+05:30,2026-08-05 15:15:00+05:30,3.8045029028624895,0.0008726003490402423,577.1,579.8,0.004678565239992993
RELIANCE,2026-08-06 11:45:00+05:30,2026-08-06 11:50:00+05:30,2026-08-06 12:15:00+05:30,2.3714373353245493,0.0057326301307039085,1316.6,1316.1,-0.0003797660641045031
GRSE,2026-08-06 12:00:00+05:30,2026-08-06 12:05:00+05:30,2026-08-06 12:30:00+05:30,2.662227470748297,0.00391236306729259,2587.7,2607.0,0.007458360706418921
HDFCBANK,2026-08-06 12:15:00+05:30,2026-08-06 12:20:00+05:30,2026-08-06 12:45:00+05:30,2.4548203760376652,0.0007482993197278631,736.9,736.55,-0.000474962681503599
CANBK,2026-08-06 12:20:00+05:30,2026-08-06 12:25:00+05:30,2026-08-06 12:50:00+05:30,2.7026543585895233,0.00046364268603671377,129.75,129.5,-0.0019267822736031004
HAL,2026-08-06 12:40:00+05:30,2026-08-06 12:45:00+05:30,2026-08-06 13:10:00+05:30,2.6282410885695255,0.0014917138361567606,4914.0,4929.1,0.00307285307285321
SAMMAANCAP,2026-08-06 12:40:00+05:30,2026-08-06 12:45:00+05:30,2026-08-06 13:10:00+05:30,6.0292980953245054,0.002882904986812207,164.47,165.75,0.007782574329664893
HCLTECH,2026-08-06 12:45:00+05:30,2026-08-06 12:50:00+05:30,2026-08-06 13:15:00+05:30,2.4222705098915265,7.491197842535158e-05,1340.0,1340.5,0.0003731343283581712
SBIN,2026-08-06 13:05:00+05:30,2026-08-06 13:10:00+05:30,2026-08-06 13:35:00+05:30,3.2796533883899057,0.0005666257436962585,1062.8,1079.6,0.015807301467820833
MCX,2026-08-06 13:10:00+05:30,2026-08-06 13:15:00+05:30,2026-08-06 13:40:00+05:30,2.5506924946459906,0.0021092278719396784,2662.9,2659.3,-0.0013519095722708263
PAYTM,2026-08-06 13:25:00+05:30,2026-08-06 13:30:00+05:30,2026-08-06 13:55:00+05:30,5.043942851219861,0.002833644343078312,1457.3,1453.5,-0.0026075619295957697
BEL,2026-08-06 13:35:00+05:30,2026-08-06 13:40:00+05:30,2026-08-06 14:05:00+05:30,2.2872932369999908,0.0036404720060256857,400.05,399.9,-0.00037495313085877946
TRENT,2026-08-06 13:35:00+05:30,2026-08-06 13:40:00+05:30,2026-08-06 14:05:00+05:30,5.420061901948197,0.041731974921630055,3192.5,3111.2,-0.02546593578700085
SAMMAANCAP,2026-08-06 13:45:00+05:30,2026-08-06 13:50:00+05:30,2026-08-06 14:15:00+05:30,2.9538883268492873,0.012368024132730193,168.11,166.92,-0.007078698471239209
HCLTECH,2026-08-06 13:50:00+05:30,2026-08-06 13:55:00+05:30,2026-08-06 14:20:00+05:30,2.3853241242685868,0.000372995151062927,1345.2,1348.0,0.0020814748736246447
GOLDBEES,2026-08-06 14:00:00+05:30,2026-08-06 14:05:00+05:30,2026-08-06 14:30:00+05:30,2.09748667925463,0.0009015654454553879,122.16,122.46,0.0024557956777995216
CANBK,2026-08-06 14:05:00+05:30,2026-08-06 14:10:00+05:30,2026-08-06 14:35:00+05:30,3.457640332965167,0.0009249980729206797,130.22,130.9,0.005221932114882533
TATAINVEST,2026-08-06 14:10:00+05:30,2026-08-06 14:15:00+05:30,2026-08-06 14:40:00+05:30,2.5126198053872306,7.488953793166608e-05,668.5,667.7,-0.0011967090501121547
BAJFINANCE,2026-08-06 14:20:00+05:30,2026-08-06 14:25:00+05:30,2026-08-06 14:50:00+05:30,2.463064505048661,0.0008673779165582207,1154.9,1153.8,-0.0009524634167461521
KAYNES,2026-08-06 14:20:00+05:30,2026-08-06 14:25:00+05:30,2026-08-06 14:50:00+05:30,2.1492000759159056,0.0005206977349647701,3851.4,3845.5,-0.0015319104741133849
SILVERBEES,2026-08-06 14:25:00+05:30,2026-08-06 14:30:00+05:30,2026-08-06 14:55:00+05:30,2.652676743564679,0.001680672268907557,214.78,214.63,-0.0006983890492597844
HINDCOPPER,2026-08-06 14:35:00+05:30,2026-08-06 14:40:00+05:30,2026-08-06 15:05:00+05:30,4.910233484989998,0.010060744115413911,535.05,545.45,0.019437435753667964
GMDCLTD,2026-08-06 14:40:00+05:30,2026-08-06 14:45:00+05:30,2026-08-06 15:10:00+05:30,4.551884833325491,0.002271006813020282,597.9,596.9,-0.0016725204883759615
GOLDBEES,2026-08-07 11:45:00+05:30,2026-08-07 11:50:00+05:30,2026-08-07 12:15:00+05:30,3.683761570786046,0.0029450261780104015,122.69,122.68,-8.150623522695799e-05
ITC,2026-08-07 11:45:00+05:30,2026-08-07 11:50:00+05:30,2026-08-07 12:15:00+05:30,2.146521606590451,0.0019298245614034482,285.55,285.1,-0.0015759061460339785
M&M,2026-08-07 11:45:00+05:30,2026-08-07 11:50:00+05:30,2026-08-07 12:15:00+05:30,2.600119609522606,0.0055335052293075115,3471.0,3471.5,0.00014405070584855295
POWERGRID,2026-08-07 11:45:00+05:30,2026-08-07 11:50:00+05:30,2026-08-07 12:15:00+05:30,2.242288943878781,0.0029465930018417463,272.4,271.3,-0.004038179148311172
RELIANCE,2026-08-07 11:45:00+05:30,2026-08-07 11:50:00+05:30,2026-08-07 12:15:00+05:30,2.130772042805521,0.007547169811320753,1335.1,1332.7,-0.0017976181559432591
SILVERBEES,2026-08-07 11:45:00+05:30,2026-08-07 11:50:00+05:30,2026-08-07 12:15:00+05:30,4.710967647534318,0.009376160415893064,217.96,219.1,0.005230317489447467
HINDZINC,2026-08-07 12:00:00+05:30,2026-08-07 12:05:00+05:30,2026-08-07 12:30:00+05:30,2.929989151610339,0.0021788318109445814,601.0,600.75,-0.0004159733777038266
ETERNAL,2026-08-07 12:10:00+05:30,2026-08-07 12:15:00+05:30,2026-08-07 12:40:00+05:30,2.0633206686998613,0.002870813397129135,315.3,316.7,0.004440215667617986
IDEA,2026-08-07 12:20:00+05:30,2026-08-07 12:25:00+05:30,2026-08-07 12:50:00+05:30,3.544330361961587,0.0007861635220125507,12.78,12.8,0.0015649452269170805
HINDALCO,2026-08-07 12:45:00+05:30,2026-08-07 12:50:00+05:30,2026-08-07 13:15:00+05:30,5.817690449846166,0.0010174911575173695,1036.3,1036.65,0.0003377400366690875
KAYNES,2026-08-07 12:45:00+05:30,2026-08-07 12:50:00+05:30,2026-08-07 13:15:00+05:30,2.9897481297254576,0.0022653300351516137,3869.0,3856.4,-0.0032566554665287573
LT,2026-08-07 12:50:00+05:30,2026-08-07 12:55:00+05:30,2026-08-07 13:20:00+05:30,3.0662043319292684,0.0019066485081093987,4049.8,4049.0,-0.0001975406192898932
SAMMAANCAP,2026-08-07 12:50:00+05:30,2026-08-07 12:55:00+05:30,2026-08-07 13:20:00+05:30,2.219510698485242,0.0020115818348063197,164.7,164.0,-0.004250151791135304
VEDL,2026-08-07 13:00:00+05:30,2026-08-07 13:05:00+05:30,2026-08-07 13:30:00+05:30,2.5285379379011017,0.0012794735880092833,275.25,275.2,-0.00018165304268846771
M&M,2026-08-07 13:20:00+05:30,2026-08-07 13:25:00+05:30,2026-08-07 13:50:00+05:30,2.1346423034379742,0.0009461822977894219,3499.9,3494.0,-0.0016857624503557878
BHARTIARTL,2026-08-07 13:25:00+05:30,2026-08-07 13:30:00+05:30,2026-08-07 13:55:00+05:30,2.831585367387665,0.002611500844897252,1959.8,1954.8,-0.002551280742932982
TCS,2026-08-07 13:25:00+05:30,2026-08-07 13:30:00+05:30,2026-08-07 13:55:00+05:30,3.354328600925657,0.002136752136752351,2444.5,2448.9,0.001799959091838943
HCLTECH,2026-08-07 13:30:00+05:30,2026-08-07 13:35:00+05:30,2026-08-07 14:00:00+05:30,2.4136140772124417,0.005734286565385771,1352.7,1354.5,0.0013306719893546592
INFY,2026-08-07 13:35:00+05:30,2026-08-07 13:40:00+05:30,2026-08-07 14:05:00+05:30,4.272925657969893,0.0009375266342794841,1177.8,1176.5,-0.001103752759381904
TATAINVEST,2026-08-07 13:35:00+05:30,2026-08-07 13:40:00+05:30,2026-08-07 14:05:00+05:30,3.3781026905505036,0.0038904899135447923,699.45,694.5,-0.0070769890628351595
GOLDBEES,2026-08-07 13:40:00+05:30,2026-08-07 13:45:00+05:30,2026-08-07 14:10:00+05:30,2.4445237151870995,0.001954397394136942,123.15,123.36,0.001705237515225333
MARUTI,2026-08-07 13:40:00+05:30,2026-08-07 13:45:00+05:30,2026-08-07 14:10:00+05:30,2.0085173528202853,0.001502253380070151,14013.0,13971.0,-0.0029972168700492796
CANBK,2026-08-07 13:45:00+05:30,2026-08-07 13:50:00+05:30,2026-08-07 14:15:00+05:30,2.485274425832641,0.00015204500532162157,132.18,131.88,-0.002269632319564341
PAYTM,2026-08-07 13:45:00+05:30,2026-08-07 13:50:00+05:30,2026-08-07 14:15:00+05:30,3.445701396152268,0.0002066258006749866,1456.9,1447.0,-0.0067952501887570405
SBIN,2026-08-07 13:45:00+05:30,2026-08-07 13:50:00+05:30,2026-08-07 14:15:00+05:30,11.133529227185138,0.0012898470609912227,1112.6,1115.5,0.0026065072802445854
SILVERBEES,2026-08-07 14:00:00+05:30,2026-08-07 14:05:00+05:30,2026-08-07 14:30:00+05:30,2.2534596722917675,0.0024203123572930085,220.36,220.02,-0.0015429297513160911
HINDZINC,2026-08-07 14:30:00+05:30,2026-08-07 14:35:00+05:30,2026-08-07 15:00:00+05:30,3.2287867737802953,0.0016641704110500477,604.25,603.7,-0.000910219280099267
WAAREEENER,2026-08-07 14:35:00+05:30,2026-08-07 14:40:00+05:30,2026-08-07 15:05:00+05:30,4.257847660549599,0.0010360393694961445,2717.2,2719.9,0.0009936699543648952
TATAINVEST,2026-08-07 14:50:00+05:30,2026-08-07 14:55:00+05:30,2026-08-07 15:20:00+05:30,4.058972009236494,0.005832373271889457,702.0,691.0,-0.015669515669515688
BAJFINANCE,2026-08-10 11:45:00+05:30,2026-08-10 11:50:00+05:30,2026-08-10 12:15:00+05:30,2.2430486397116143,0.00018475750577362504,1085.0,1088.4,0.003133640552995365
BEL,2026-08-10 11:45:00+05:30,2026-08-10 11:50:00+05:30,2026-08-10 12:15:00+05:30,3.0227515860327783,0.0036128067771272754,403.5,404.2,0.0017348203221809744
DIXON,2026-08-10 11:45:00+05:30,2026-08-10 11:50:00+05:30,2026-08-10 12:15:00+05:30,2.5448227473609433,0.004115810388873209,14190.0,14150.0,-0.0028188865398167673
MCX,2026-08-10 11:45:00+05:30,2026-08-10 11:50:00+05:30,2026-08-10 12:15:00+05:30,2.0666535387011664,0.017324888226527557,2726.3,2731.0,0.0017239482081941038
AXISBANK,2026-08-10 12:00:00+05:30,2026-08-10 12:05:00+05:30,2026-08-10 12:30:00+05:30,2.8717549772452586,0.0011273049359850074,1244.7,1246.8,0.0016871535309712637
HAL,2026-08-10 12:05:00+05:30,2026-08-10 12:10:00+05:30,2026-08-10 12:35:00+05:30,4.516789249665096,0.002054892067302694,4947.0,4948.0,0.00020214271275520446
KOTAKBANK,2026-08-10 12:05:00+05:30,2026-08-10 12:10:00+05:30,2026-08-10 12:35:00+05:30,2.141164339568503,0.0029521242459247254,391.1,391.55,0.0011506008693429326
M&M,2026-08-10 12:10:00+05:30,2026-08-10 12:15:00+05:30,2026-08-10 12:40:00+05:30,2.1308632923893067,0.0006521862417059321,3530.8,3517.4,-0.0037951738982666683
GOLDBEES,2026-08-10 12:15:00+05:30,2026-08-10 12:20:00+05:30,2026-08-10 12:45:00+05:30,2.0472596999370936,0.0005608974358974894,124.94,124.89,-0.00040019209220421015
POWERGRID,2026-08-10 12:15:00+05:30,2026-08-10 12:20:00+05:30,2026-08-10 12:45:00+05:30,3.811364960462594,0.00241008527994091,271.05,271.05,0.0
IDEA,2026-08-10 12:20:00+05:30,2026-08-10 12:25:00+05:30,2026-08-10 12:50:00+05:30,2.2805686539156915,0.0038729666924866013,12.99,13.02,0.002309468822170757
ICICIBANK,2026-08-10 12:25:00+05:30,2026-08-10 12:30:00+05:30,2026-08-10 12:55:00+05:30,2.0625243467950605,0.001124385101897385,1426.6,1427.6,0.0007009673349220868
BHARTIARTL,2026-08-10 12:30:00+05:30,2026-08-10 12:35:00+05:30,2026-08-10 13:00:00+05:30,2.097053965651146,0.0006675910234683613,1950.0,1948.7,-0.0006666666666665932
TRENT,2026-08-10 12:35:00+05:30,2026-08-10 12:40:00+05:30,2026-08-10 13:05:00+05:30,2.0923886820527713,0.003170723651616969,3039.4,3030.1,-0.003059814437060049
HINDCOPPER,2026-08-10 12:40:00+05:30,2026-08-10 12:45:00+05:30,2026-08-10 13:10:00+05:30,4.338738798758564,0.0009306654257794644,542.25,542.15,-0.00018441678192715472
DIXON,2026-08-10 12:50:00+05:30,2026-08-10 12:55:00+05:30,2026-08-10 13:20:00+05:30,2.055231586505625,0.0043109540636041555,14225.0,14235.0,0.0007029876977153737
GRSE,2026-08-10 12:55:00+05:30,2026-08-10 13:00:00+05:30,2026-08-10 13:25:00+05:30,2.0509789175706694,0.0024790827393865733,2588.9,2588.0,-0.00034763799296999576
BAJFINANCE,2026-08-10 13:35:00+05:30,2026-08-10 13:40:00+05:30,2026-08-10 14:05:00+05:30,3.0149981869471487,0.002298216583930923,1093.2,1098.4,0.004756677643615204
ADANIPOWER,2026-08-10 13:45:00+05:30,2026-08-10 13:50:00+05:30,2026-08-10 14:15:00+05:30,4.83948815969863,0.004413740165035485,210.32,208.98,-0.006371243818942607
TITAN,2026-08-10 13:45:00+05:30,2026-08-10 13:50:00+05:30,2026-08-10 14:15:00+05:30,2.5132130625971008,1.9692792438075202e-05,5098.5,5074.2,-0.004766107678729092
WAAREEENER,2026-08-10 13:50:00+05:30,2026-08-10 13:55:00+05:30,2026-08-10 14:20:00+05:30,2.7880560306075353,0.0021002984634657107,2720.5,2717.4,-0.0011394964160998944
HINDALCO,2026-08-10 14:05:00+05:30,2026-08-10 14:10:00+05:30,2026-08-10 14:35:00+05:30,3.554182268636913,0.000667524912983275,1055.0,1053.6,-0.0013270142180095146
SUNPHARMA,2026-08-10 14:05:00+05:30,2026-08-10 14:10:00+05:30,2026-08-10 14:35:00+05:30,2.338688698211297,0.0015416238437822027,1953.5,1951.0,-0.0012797542871768597
ICICIBANK,2026-08-10 14:30:00+05:30,2026-08-10 14:35:00+05:30,2026-08-10 15:00:00+05:30,2.610870158524534,0.00014021312394829621,1429.1,1428.5,-0.00041984465747668676
LT,2026-08-10 14:40:00+05:30,2026-08-10 14:45:00+05:30,2026-08-10 15:10:00+05:30,2.4691519974625464,0.00017207472959679393,4074.3,4070.7,-0.0008835873647007331
GMDCLTD,2026-08-10 14:45:00+05:30,2026-08-10 14:50:00+05:30,2026-08-10 15:15:00+05:30,2.772808902834425,0.0023255813953488857,604.2,602.8,-0.0023171135385635644
HDFCBANK,2026-08-11 11:45:00+05:30,2026-08-11 11:50:00+05:30,2026-08-11 12:15:00+05:30,2.090096230226452,0.00027472527472527375,728.65,728.5,-0.00020586015233647892
MARUTI,2026-08-11 11:50:00+05:30,2026-08-11 11:55:00+05:30,2026-08-11 12:20:00+05:30,3.347761677364486,0.0018450184501845879,14145.0,14126.0,-0.00134323082361254
ETERNAL,2026-08-11 11:55:00+05:30,2026-08-11 12:00:00+05:30,2026-08-11 12:25:00+05:30,4.666807365794464,0.0035853976531941,309.05,310.55,0.004853583562530295
SWIGGY,2026-08-11 12:05:00+05:30,2026-08-11 12:10:00+05:30,2026-08-11 12:35:00+05:30,3.617957128617144,0.0032810791104629367,276.5,277.0,0.001808318264014508
ITC,2026-08-11 12:10:00+05:30,2026-08-11 12:15:00+05:30,2026-08-11 12:40:00+05:30,2.668914783351316,0.00017784101013695874,281.7,280.85,-0.003017394391196193
MCX,2026-08-11 12:10:00+05:30,2026-08-11 12:15:00+05:30,2026-08-11 12:40:00+05:30,2.495401869268923,0.008991971454058723,2849.0,2851.6,0.0009126009126008139
TCS,2026-08-11 12:10:00+05:30,2026-08-11 12:15:00+05:30,2026-08-11 12:40:00+05:30,2.19612844493877,0.0002051282051283021,2442.3,2438.7,-0.0014740203906155047
SAMMAANCAP,2026-08-11 12:20:00+05:30,2026-08-11 12:25:00+05:30,2026-08-11 12:50:00+05:30,2.0850981972926546,0.002298279396235836,161.65,163.5,0.011444478812248748
TRENT,2026-08-11 12:20:00+05:30,2026-08-11 12:25:00+05:30,2026-08-11 12:50:00+05:30,3.05974734563416,0.00016624551137112142,3016.9,3017.3,0.00013258642977898027
M&M,2026-08-11 12:30:00+05:30,2026-08-11 12:35:00+05:30,2026-08-11 13:00:00+05:30,2.8293893465022784,0.0005715755479980267,3505.8,3475.9,-0.008528723829083207
HDFCBANK,2026-08-11 12:50:00+05:30,2026-08-11 12:55:00+05:30,2026-08-11 13:20:00+05:30,3.0361596974874163,0.0016472203157171794,729.75,730.15,0.0005481329222336573
RELIANCE,2026-08-11 13:00:00+05:30,2026-08-11 13:05:00+05:30,2026-08-11 13:30:00+05:30,2.0485444057856825,0.0017415007193155585,1323.2,1323.7,0.00037787182587667445
TMPV,2026-08-11 13:00:00+05:30,2026-08-11 13:05:00+05:30,2026-08-11 13:30:00+05:30,2.4666621537550086,0.003182870370370239,347.5,347.8,0.0008633093525181046
BEL,2026-08-11 13:10:00+05:30,2026-08-11 13:15:00+05:30,2026-08-11 13:40:00+05:30,2.401090234493595,0.0017369727047145123,403.95,402.9,-0.0025993316004456757
KOTAKBANK,2026-08-11 13:25:00+05:30,2026-08-11 13:30:00+05:30,2026-08-11 13:55:00+05:30,2.1247921143212425,0.0019250513347022213,390.75,391.35,0.0015355086372361715
KAYNES,2026-08-11 13:30:00+05:30,2026-08-11 13:35:00+05:30,2026-08-11 14:00:00+05:30,2.642105340029792,0.018471094643927488,3744.0,3736.9,-0.0018963675213674591
LT,2026-08-11 13:30:00+05:30,2026-08-11 13:35:00+05:30,2026-08-11 14:00:00+05:30,2.2492989895522015,0.0008162861453979708,4050.9,4043.9,-0.0017280110592707842
SBIN,2026-08-11 13:30:00+05:30,2026-08-11 13:35:00+05:30,2026-08-11 14:00:00+05:30,2.0228727850307178,9.375585974136236e-05,1069.2,1068.8,-0.00037411148522270565
HAL,2026-08-11 13:45:00+05:30,2026-08-11 13:50:00+05:30,2026-08-11 14:15:00+05:30,2.6500239565325283,0.002315716130089962,4904.8,4887.7,-0.003486380688305424
INDIGO,2026-08-11 13:45:00+05:30,2026-08-11 13:50:00+05:30,2026-08-11 14:15:00+05:30,4.2397543245609794,0.0008562458376939475,5271.0,5259.5,-0.002181749193701399
NETWEB,2026-08-11 13:50:00+05:30,2026-08-11 13:55:00+05:30,2026-08-11 14:20:00+05:30,2.406808211426543,0.0017551467096161844,4861.0,4836.2,-0.005101830898991966
BAJFINANCE,2026-08-11 14:00:00+05:30,2026-08-11 14:05:00+05:30,2026-08-11 14:30:00+05:30,2.010101638367372,0.002009132420091264,1098.1,1100.1,0.001821327747928203
SUNPHARMA,2026-08-11 14:10:00+05:30,2026-08-11 14:15:00+05:30,2026-08-11 14:40:00+05:30,2.132387087985206,0.0017074558907228532,1939.2,1944.9,0.002939356435643692
SILVERBEES,2026-08-11 14:15:00+05:30,2026-08-11 14:20:00+05:30,2026-08-11 14:45:00+05:30,2.152106312501023,0.002118262123670389,222.29,222.25,-0.0001799451167393551
ICICIBANK,2026-08-11 14:20:00+05:30,2026-08-11 14:25:00+05:30,2026-08-11 14:50:00+05:30,2.648481744581282,0.0040943103204857945,1424.3,1422.2,-0.0014744084813591574
SWIGGY,2026-08-11 14:35:00+05:30,2026-08-11 14:40:00+05:30,2026-08-11 15:05:00+05:30,3.768567072319207,0.0003610760064993723,278.8,280.65,0.00663558106169293
ANANTRAJ,2026-08-11 14:50:00+05:30,2026-08-11 14:55:00+05:30,2026-08-11 15:20:00+05:30,2.6358177179983717,0.0008327781479013918,601.2,606.9,0.00948103792415167
TATAINVEST,2026-08-11 14:55:00+05:30,2026-08-11 15:00:00+05:30,2026-08-11 15:25:00+05:30,4.718798246249928,0.0010206313333818162,690.55,691.7,0.001665339222359119
MARUTI,2026-08-12 11:45:00+05:30,2026-08-12 11:50:00+05:30,2026-08-12 12:15:00+05:30,2.1957011167164913,0.005078683834048636,14053.0,14022.0,-0.002205934675869936
SWIGGY,2026-08-12 11:45:00+05:30,2026-08-12 11:50:00+05:30,2026-08-12 12:15:00+05:30,2.6045005026812995,0.008138903960933197,279.55,279.75,0.000715435521373653
PAYTM,2026-08-12 12:00:00+05:30,2026-08-12 12:05:00+05:30,2026-08-12 12:30:00+05:30,2.2639438789492794,0.0018147684605758219,1606.6,1603.8,-0.0017428109050168228
SILVERBEES,2026-08-12 12:05:00+05:30,2026-08-12 12:10:00+05:30,2026-08-12 12:35:00+05:30,3.4400618736127586,0.0012089191367421481,224.28,224.65,0.0016497235598358362
LT,2026-08-12 12:25:00+05:30,2026-08-12 12:30:00+05:30,2026-08-12 12:55:00+05:30,2.8629900376550173,0.0021533915917570923,4004.4,3991.2,-0.0032963739886125998
KOTAKBANK,2026-08-12 12:30:00+05:30,2026-08-12 12:35:00+05:30,2026-08-12 13:00:00+05:30,3.3236954109878005,0.0005130836326321386,390.9,390.5,-0.0010232796111536713
SBIN,2026-08-12 12:40:00+05:30,2026-08-12 12:45:00+05:30,2026-08-12 13:10:00+05:30,2.892990834738011,0.0007426661715559391,1083.0,1079.8,-0.002954755309325985
MCX,2026-08-12 13:05:00+05:30,2026-08-12 13:10:00+05:30,2026-08-12 13:35:00+05:30,2.112145335907653,0.0029830508474577577,2964.2,2969.2,0.0016867957627690888
POWERGRID,2026-08-12 13:05:00+05:30,2026-08-12 13:10:00+05:30,2026-08-12 13:35:00+05:30,2.9636395499089514,0.0014986886474335215,267.6,268.8,0.004484304932735439
RELIANCE,2026-08-12 13:05:00+05:30,2026-08-12 13:10:00+05:30,2026-08-12 13:35:00+05:30,3.1047291207697763,0.00022848438690026285,1315.1,1315.3,0.0001520796897573895
INDIGO,2026-08-12 13:15:00+05:30,2026-08-12 13:20:00+05:30,2026-08-12 13:45:00+05:30,2.205744735427864,0.0008560829449253404,5264.0,5265.0,0.00018996960486328263
HDFCBANK,2026-08-12 13:20:00+05:30,2026-08-12 13:25:00+05:30,2026-08-12 13:50:00+05:30,2.8760036516049907,0.0008992183717229096,724.15,723.1,-0.0014499758337360724
M&M,2026-08-12 13:20:00+05:30,2026-08-12 13:25:00+05:30,2026-08-12 13:50:00+05:30,2.2980008418001825,0.0007613024127430812,3422.6,3411.4,-0.0032723660375152397
ITC,2026-08-12 13:35:00+05:30,2026-08-12 13:40:00+05:30,2026-08-12 14:05:00+05:30,15.252686466557416,0.0003611412062116681,278.05,277.75,-0.001078942636216551
KOTAKBANK,2026-08-12 13:40:00+05:30,2026-08-12 13:45:00+05:30,2026-08-12 14:10:00+05:30,2.1536194191869673,0.0008968609865471766,391.05,391.25,0.0005114435494182334
PAYTM,2026-08-12 13:55:00+05:30,2026-08-12 14:00:00+05:30,2026-08-12 14:25:00+05:30,2.1344331426022953,0.0004995940798100396,1605.1,1601.9,-0.0019936452557471895
TITAN,2026-08-12 14:05:00+05:30,2026-08-12 14:10:00+05:30,2026-08-12 14:35:00+05:30,2.184966310449321,0.004084072118736959,5044.9,5045.6,0.0001387539891772871
BHARTIARTL,2026-08-12 14:10:00+05:30,2026-08-12 14:15:00+05:30,2026-08-12 14:40:00+05:30,2.4561244206705624,0.0008923884514435709,1908.0,1906.7,-0.0006813417190775217
HAL,2026-08-12 14:10:00+05:30,2026-08-12 14:15:00+05:30,2026-08-12 14:40:00+05:30,3.926126775185691,0.005911108383956032,4915.9,4968.1,0.010618604935006992
BAJFINANCE,2026-08-12 14:20:00+05:30,2026-08-12 14:25:00+05:30,2026-08-12 14:50:00+05:30,2.2902183217060443,0.0006446859458464349,1087.4,1089.5,0.0019312120654773057
BEL,2026-08-12 14:20:00+05:30,2026-08-12 14:25:00+05:30,2026-08-12 14:50:00+05:30,7.661997172832994,0.0026191070092291824,403.65,404.25,0.0014864362690449884
GRSE,2026-08-12 14:20:00+05:30,2026-08-12 14:25:00+05:30,2026-08-12 14:50:00+05:30,2.933521727854004,0.0015680125441004389,2559.5,2572.0,0.004883766360617381
INDIGO,2026-08-12 14:20:00+05:30,2026-08-12 14:25:00+05:30,2026-08-12 14:50:00+05:30,2.885070535855947,0.0004748338081670411,5270.5,5297.0,0.005027985959586312
ADANIPOWER,2026-08-12 14:25:00+05:30,2026-08-12 14:30:00+05:30,2026-08-12 14:55:00+05:30,4.695159367581706,0.0017523364485982906,206.15,206.79,0.0031045355323793267
HDFCBANK,2026-08-12 14:30:00+05:30,2026-08-12 14:35:00+05:30,2026-08-12 15:00:00+05:30,3.8597338206408347,0.0007605614326213761,724.8,729.15,0.006001655629139124
KAYNES,2026-08-12 14:30:00+05:30,2026-08-12 14:35:00+05:30,2026-08-12 15:00:00+05:30,6.309012687375619,0.00944683811919611,3785.5,3849.2,0.016827367586844444
LT,2026-08-12 14:30:00+05:30,2026-08-12 14:35:00+05:30,2026-08-12 15:00:00+05:30,3.1322661037339614,0.0012015620306398134,4006.7,4004.8,-0.0004742057054433202
SAMMAANCAP,2026-08-12 14:30:00+05:30,2026-08-12 14:35:00+05:30,2026-08-12 15:00:00+05:30,3.1724520908506877,0.013196572643692672,161.49,160.96,-0.0032819369620410432
TMPV,2026-08-12 14:30:00+05:30,2026-08-12 14:35:00+05:30,2026-08-12 15:00:00+05:30,4.716177480245238,0.004747774480712286,341.3,342.8,0.004394960445355922
M&M,2026-08-12 14:35:00+05:30,2026-08-12 14:40:00+05:30,2026-08-12 15:05:00+05:30,2.3615167079382298,0.0016403046280022426,3421.2,3418.0,-0.0009353443236290726
RELIANCE,2026-08-12 14:35:00+05:30,2026-08-12 14:40:00+05:30,2026-08-12 15:05:00+05:30,2.299996149757117,0.002435312024353209,1317.9,1320.1,0.0016693224068593526
GOLDBEES,2026-08-12 14:40:00+05:30,2026-08-12 14:45:00+05:30,2026-08-12 15:10:00+05:30,2.33279475606902,0.00023760494218283412,126.38,126.44,0.0004747586643456536
INFY,2026-08-12 14:40:00+05:30,2026-08-12 14:45:00+05:30,2026-08-12 15:10:00+05:30,2.295041859824944,0.002917953999313383,1169.2,1170.0,0.0006842285323298558
MCX,2026-08-12 14:40:00+05:30,2026-08-12 14:45:00+05:30,2026-08-12 15:10:00+05:30,2.2039361079343847,0.00852002715546507,2978.3,2970.0,-0.002786824698653656
SUNPHARMA,2026-08-12 14:40:00+05:30,2026-08-12 14:45:00+05:30,2026-08-12 15:10:00+05:30,2.3293231524574036,0.0007775646674614833,1934.9,1936.0,0.0005685048322909836
SILVERBEES,2026-08-12 14:45:00+05:30,2026-08-12 14:50:00+05:30,2026-08-12 15:15:00+05:30,3.341119590787993,0.002353359087074347,225.98,225.69,-0.0012832994070270942
ANANTRAJ,2026-08-12 14:50:00+05:30,2026-08-12 14:55:00+05:30,2026-08-12 15:20:00+05:30,6.129689451895225,0.00466122856667206,609.4,614.85,0.008943222842139775
NETWEB,2026-08-12 14:55:00+05:30,2026-08-12 15:00:00+05:30,2026-08-12 15:25:00+05:30,2.889302026682435,0.0007462686567165644,4839.5,4846.0,0.0013431139580535323
DIXON,2026-08-13 11:45:00+05:30,2026-08-13 11:50:00+05:30,2026-08-13 12:15:00+05:30,2.718699190070516,0.0055918663761800325,13823.0,13926.0,0.007451349200607638
LT,2026-08-13 11:45:00+05:30,2026-08-13 11:50:00+05:30,2026-08-13 12:15:00+05:30,2.2948903253359845,0.013132502944788405,4045.0,4047.3,0.000568603213844332
SAMMAANCAP,2026-08-13 11:45:00+05:30,2026-08-13 11:50:00+05:30,2026-08-13 12:15:00+05:30,2.5225502420741135,0.00700525394045548,162.9,162.11,-0.004849600982197666
TCS,2026-08-13 11:45:00+05:30,2026-08-13 11:50:00+05:30,2026-08-13 12:15:00+05:30,3.213731995471972,0.001406349882804303,2355.0,2360.0,0.002123142250530785
BAJAJ-AUTO,2026-08-13 11:50:00+05:30,2026-08-13 11:55:00+05:30,2026-08-13 12:20:00+05:30,2.6895025501541716,0.005249569707401092,11708.0,11731.0,0.001964468739323433
HCLTECH,2026-08-13 11:50:00+05:30,2026-08-13 11:55:00+05:30,2026-08-13 12:20:00+05:30,4.713523628630916,0.0010282021151586385,1367.5,1370.5,0.002193784277879418
PAYTM,2026-08-13 11:50:00+05:30,2026-08-13 11:55:00+05:30,2026-08-13 12:20:00+05:30,3.947588563618061,0.0038679892694490903,1617.1,1618.9,0.0011131037041618441
INFY,2026-08-13 11:55:00+05:30,2026-08-13 12:00:00+05:30,2026-08-13 12:25:00+05:30,2.5561613924654973,0.0028335909325092334,1171.0,1169.2,-0.001537147736976885
KOTAKBANK,2026-08-13 11:55:00+05:30,2026-08-13 12:00:00+05:30,2026-08-13 12:25:00+05:30,3.9253017589168753,0.0015384615384614886,391.6,392.05,0.0011491317671092904
POWERGRID,2026-08-13 11:55:00+05:30,2026-08-13 12:00:00+05:30,2026-08-13 12:25:00+05:30,2.7723404811616272,0.002438109527381771,267.85,268.05,0.0007466865783087862
MARUTI,2026-08-13 12:00:00+05:30,2026-08-13 12:05:00+05:30,2026-08-13 12:30:00+05:30,2.5344879854034867,0.0002157962883038156,13925.0,13900.0,-0.0017953321364452268
MAXHEALTH,2026-08-13 12:00:00+05:30,2026-08-13 12:05:00+05:30,2026-08-13 12:30:00+05:30,2.1737264395988674,0.0025588032673948824,1020.9,1017.0,-0.003820158683514485
BEL,2026-08-13 12:05:00+05:30,2026-08-13 12:10:00+05:30,2026-08-13 12:35:00+05:30,2.490473212705376,0.0029469548133596035,409.25,409.45,0.0004886988393402181
INDIGO,2026-08-13 12:05:00+05:30,2026-08-13 12:10:00+05:30,2026-08-13 12:35:00+05:30,2.9574099032446175,0.0027337858220211064,5331.0,5339.5,0.0015944475708122852
TRENT,2026-08-13 12:10:00+05:30,2026-08-13 12:15:00+05:30,2026-08-13 12:40:00+05:30,2.138274998394038,0.009229832983974395,2987.3,2995.0,0.0025775784152912706
AXISBANK,2026-08-13 12:25:00+05:30,2026-08-13 12:30:00+05:30,2026-08-13 12:55:00+05:30,2.633630813209048,0.0022971531708917414,1223.0,1220.5,-0.0020441537203598203
HDFCBANK,2026-08-13 12:30:00+05:30,2026-08-13 12:35:00+05:30,2026-08-13 13:00:00+05:30,2.2536053145736954,0.0003438789546079679,728.1,726.95,-0.001579453371789552
M&M,2026-08-13 12:30:00+05:30,2026-08-13 12:35:00+05:30,2026-08-13 13:00:00+05:30,2.220519490526215,0.0018755677988453456,3420.8,3423.0,0.0006431244153413118
HEROMOTOCO,2026-08-13 13:10:00+05:30,2026-08-13 13:15:00+05:30,2026-08-13 13:40:00+05:30,2.2091189199257717,0.0017875383043921556,5889.5,5877.0,-0.002122421258171303
KAYNES,2026-08-13 13:25:00+05:30,2026-08-13 13:30:00+05:30,2026-08-13 13:55:00+05:30,2.1426975367239476,0.004875059939261517,3778.2,3774.6,-0.000952834683182413
BAJFINANCE,2026-08-13 13:40:00+05:30,2026-08-13 13:45:00+05:30,2026-08-13 14:10:00+05:30,2.064758618792279,0.0010117733627665881,1089.9,1087.9,-0.001835030736764831
TATAINVEST,2026-08-13 13:40:00+05:30,2026-08-13 13:45:00+05:30,2026-08-13 14:10:00+05:30,3.4255628293727987,0.0007422802850356458,674.8,673.4,-0.0020746887966804906
TITAN,2026-08-13 13:40:00+05:30,2026-08-13 13:45:00+05:30,2026-08-13 14:10:00+05:30,4.159175460592964,0.001432750283565154,5043.0,5054.6,0.0023002181241325026
SWIGGY,2026-08-13 13:45:00+05:30,2026-08-13 13:50:00+05:30,2026-08-13 14:15:00+05:30,2.143226253476385,0.001610594130279308,280.3,279.9,-0.0014270424545131943
ANANTRAJ,2026-08-13 13:50:00+05:30,2026-08-13 13:55:00+05:30,2026-08-13 14:20:00+05:30,2.4028930832606195,0.007926878589339159,621.5,624.05,0.004102976669348335
MCX,2026-08-13 13:55:00+05:30,2026-08-13 14:00:00+05:30,2026-08-13 14:25:00+05:30,2.2432439545245924,0.011393007754047169,2981.2,2976.1,-0.001710720515228692
SUNPHARMA,2026-08-13 14:00:00+05:30,2026-08-13 14:05:00+05:30,2026-08-13 14:30:00+05:30,2.0360143273467584,0.00263511418828144,1942.5,1944.0,0.0007722007722008595
PAYTM,2026-08-13 14:15:00+05:30,2026-08-13 14:20:00+05:30,2026-08-13 14:45:00+05:30,2.7291000764271507,0.0017781592985466332,1640.9,1640.5,-0.00024376866353836846
DIXON,2026-08-13 14:20:00+05:30,2026-08-13 14:25:00+05:30,2026-08-13 14:50:00+05:30,2.8796155631746965,0.0022207894548320617,14039.0,14025.0,-0.0009972220243607
ADANIPOWER,2026-08-13 14:25:00+05:30,2026-08-13 14:30:00+05:30,2026-08-13 14:55:00+05:30,4.653011816608804,0.00014627011214041197,206.02,205.76,-0.0012620133967576885
NETWEB,2026-08-13 14:30:00+05:30,2026-08-13 14:35:00+05:30,2026-08-13 15:00:00+05:30,2.2695670284981873,0.0027210884353741083,5169.9,5170.5,0.00011605640341216805
MAXHEALTH,2026-08-13 14:40:00+05:30,2026-08-13 14:45:00+05:30,2026-08-13 15:10:00+05:30,3.284356942439108,0.009338444903175036,1028.3,1012.5,-0.015365165807643688
ANANTRAJ,2026-08-13 14:55:00+05:30,2026-08-13 15:00:00+05:30,2026-08-13 15:25:00+05:30,2.3392491874945827,0.009294127073151248,630.5,627.4,-0.004916732751784281
BAJAJ-AUTO,2026-08-14 11:45:00+05:30,2026-08-14 11:50:00+05:30,2026-08-14 12:15:00+05:30,2.1963268779892235,0.0005976775956284541,11749.0,11749.0,0.0
HEROMOTOCO,2026-08-14 11:45:00+05:30,2026-08-14 11:50:00+05:30,2026-08-14 12:15:00+05:30,2.4358858452726957,0.008568461138999561,5847.5,5820.0,-0.004702864471996526
VEDL,2026-08-14 11:45:00+05:30,2026-08-14 11:50:00+05:30,2026-08-14 12:15:00+05:30,2.451671250798681,0.006154419992540072,270.4,270.9,0.0018491124260355818
HINDALCO,2026-08-14 12:05:00+05:30,2026-08-14 12:10:00+05:30,2026-08-14 12:35:00+05:30,3.775431269537406,0.0032168445679194857,1032.2,1032.4,0.0001937608990505435
AXISBANK,2026-08-14 12:10:00+05:30,2026-08-14 12:15:00+05:30,2026-08-14 12:40:00+05:30,2.090995692895918,0.00156908084895524,1213.2,1212.7,-0.0004121332014507262
SUNPHARMA,2026-08-14 12:15:00+05:30,2026-08-14 12:20:00+05:30,2026-08-14 12:45:00+05:30,2.7767148233434664,0.0011974800853855605,1924.7,1919.4,-0.0027536758975424958
INDIGO,2026-08-14 12:25:00+05:30,2026-08-14 12:30:00+05:30,2026-08-14 12:55:00+05:30,2.0546895201314124,0.002529747962147555,5353.0,5340.5,-0.0023351391742948424
WAAREEENER,2026-08-14 12:45:00+05:30,2026-08-14 12:50:00+05:30,2026-08-14 13:15:00+05:30,3.1969818796801968,0.0003371417868514026,2676.6,2677.0,0.00014944332361954693
BEL,2026-08-14 12:50:00+05:30,2026-08-14 12:55:00+05:30,2026-08-14 13:20:00+05:30,2.01539768165848,0.000853554444579796,410.75,411.7,0.002312842361533729
DIXON,2026-08-14 13:00:00+05:30,2026-08-14 13:05:00+05:30,2026-08-14 13:30:00+05:30,4.970234988728638,0.0024163172482409845,14140.0,14127.0,-0.0009193776520509678
HAL,2026-08-14 13:00:00+05:30,2026-08-14 13:05:00+05:30,2026-08-14 13:30:00+05:30,8.429654272500022,0.0019587254149671107,4992.2,5011.0,0.0037658747646329704
TMPV,2026-08-14 13:05:00+05:30,2026-08-14 13:10:00+05:30,2026-08-14 13:35:00+05:30,2.4016046539857943,0.0019560637977731332,333.55,332.75,-0.0023984410133414125
RELIANCE,2026-08-14 13:10:00+05:30,2026-08-14 13:15:00+05:30,2026-08-14 13:40:00+05:30,2.0638349235165765,0.0008429118773944921,1307.2,1307.6,0.00030599755201943246
GRSE,2026-08-14 13:15:00+05:30,2026-08-14 13:20:00+05:30,2026-08-14 13:45:00+05:30,3.808497206423172,0.004274809160305315,2639.0,2632.8,-0.0023493747631677664
SILVERBEES,2026-08-14 13:15:00+05:30,2026-08-14 13:20:00+05:30,2026-08-14 13:45:00+05:30,2.0291744750511858,0.0035030253400665234,220.75,220.72,-0.0001359003397508607
MCX,2026-08-14 13:20:00+05:30,2026-08-14 13:25:00+05:30,2026-08-14 13:50:00+05:30,2.3971133857870464,0.0013237390536964266,2955.7,2958.0,0.0007781574584702078
MAXHEALTH,2026-08-14 13:25:00+05:30,2026-08-14 13:30:00+05:30,2026-08-14 13:55:00+05:30,4.119985437935586,0.0034972022382093737,1008.0,1014.4,0.006349206349206327
BHARTIARTL,2026-08-14 13:35:00+05:30,2026-08-14 13:40:00+05:30,2026-08-14 14:05:00+05:30,2.5318621871050038,0.0006511394941146609,2002.7,2002.4,-0.0001497977730063882
GOLDBEES,2026-08-14 13:35:00+05:30,2026-08-14 13:40:00+05:30,2026-08-14 14:05:00+05:30,2.0468266509147357,0.0017662170841361569,124.85,124.88,0.0002402883460153049
ETERNAL,2026-08-14 13:40:00+05:30,2026-08-14 13:45:00+05:30,2026-08-14 14:10:00+05:30,2.5910276802977585,0.0018808777429468737,319.95,319.9,-0.00015627441787779972
CANBK,2026-08-14 13:45:00+05:30,2026-08-14 13:50:00+05:30,2026-08-14 14:15:00+05:30,3.0632378997548506,0.00030590394616103467,130.98,131.39,0.003130248892960763
ICICIBANK,2026-08-14 13:45:00+05:30,2026-08-14 13:50:00+05:30,2026-08-14 14:15:00+05:30,2.701765334041483,0.0001421262080727459,1410.5,1413.0,0.0017724211272598378
KOTAKBANK,2026-08-14 13:45:00+05:30,2026-08-14 13:50:00+05:30,2026-08-14 14:15:00+05:30,2.0843763465657412,0.0010202780257619892,393.15,393.6,0.0011446012972149422
LT,2026-08-14 13:45:00+05:30,2026-08-14 13:50:00+05:30,2026-08-14 14:15:00+05:30,2.094303170399917,0.0015052808212416835,4061.0,4057.0,-0.0009849790691948135
M&M,2026-08-14 13:45:00+05:30,2026-08-14 13:50:00+05:30,2026-08-14 14:15:00+05:30,2.720279611854912,0.0014348462664715012,3424.9,3421.5,-0.0009927297147361847
SUNPHARMA,2026-08-14 13:45:00+05:30,2026-08-14 13:50:00+05:30,2026-08-14 14:15:00+05:30,2.00746294327062,0.0009374023539214793,1924.0,1920.3,-0.0019230769230769162
ANANTRAJ,2026-08-14 13:55:00+05:30,2026-08-14 14:00:00+05:30,2026-08-14 14:25:00+05:30,3.5773215448177567,0.004968744991184604,627.0,626.75,-0.0003987240829346206
HDFCBANK,2026-08-14 13:55:00+05:30,2026-08-14 14:00:00+05:30,2026-08-14 14:25:00+05:30,2.809201843679495,0.0005503198734264636,727.65,727.65,0.0
IDEA,2026-08-14 13:55:00+05:30,2026-08-14 14:00:00+05:30,2026-08-14 14:25:00+05:30,2.2858485338371697,0.002132196162046851,14.12,14.09,-0.0021246458923512845
SWIGGY,2026-08-14 13:55:00+05:30,2026-08-14 14:00:00+05:30,2026-08-14 14:25:00+05:30,2.1676277395197228,0.0021715526601517876,277.1,277.75,0.00234572356549978
HINDCOPPER,2026-08-14 14:00:00+05:30,2026-08-14 14:05:00+05:30,2026-08-14 14:30:00+05:30,2.216784165870974,0.0018050541516245744,528.05,528.25,0.00037875201212012044
HINDZINC,2026-08-14 14:00:00+05:30,2026-08-14 14:05:00+05:30,2026-08-14 14:30:00+05:30,2.972114686407086,0.0016947640710018863,562.45,564.3,0.0032891812605564397
ITC,2026-08-14 14:00:00+05:30,2026-08-14 14:05:00+05:30,2026-08-14 14:30:00+05:30,4.2368625348070355,0.0023520897412701025,277.6,277.65,0.0001801152737750389
DIXON,2026-08-14 14:05:00+05:30,2026-08-14 14:10:00+05:30,2026-08-14 14:35:00+05:30,2.669345951791555,0.0034685354286119185,14190.0,14174.0,-0.0011275546159267291
TATASTEEL,2026-08-14 14:35:00+05:30,2026-08-14 14:40:00+05:30,2026-08-14 15:05:00+05:30,2.9813976055702374,0.0007096069868997024,183.58,183.34,-0.0013073319533718486
HINDCOPPER,2026-08-17 11:45:00+05:30,2026-08-17 11:50:00+05:30,2026-08-17 12:15:00+05:30,2.2589232964228123,0.009417885012108718,562.5,566.05,0.006311111111110934
LT,2026-08-17 11:45:00+05:30,2026-08-17 11:50:00+05:30,2026-08-17 12:15:00+05:30,3.378704729622229,0.0024313997915943464,4045.5,4058.2,0.0031392905697689155
NETWEB,2026-08-17 11:45:00+05:30,2026-08-17 11:50:00+05:30,2026-08-17 12:15:00+05:30,2.2203095250022,0.009448421706148125,5214.5,5207.9,-0.0012657014095311947
TMPV,2026-08-17 11:45:00+05:30,2026-08-17 11:50:00+05:30,2026-08-17 12:15:00+05:30,3.504656014426634,0.004544077552256942,332.8,332.1,-0.0021033653846153078
MARUTI,2026-08-17 11:50:00+05:30,2026-08-17 11:55:00+05:30,2026-08-17 12:20:00+05:30,3.2650633527692894,0.0014420650371331778,13900.0,13900.0,0.0
HINDALCO,2026-08-17 11:55:00+05:30,2026-08-17 12:00:00+05:30,2026-08-17 12:25:00+05:30,2.1430277293507296,0.003132530120481869,1041.55,1042.1,0.0005280591426239933
TATASTEEL,2026-08-17 12:00:00+05:30,2026-08-17 12:05:00+05:30,2026-08-17 12:30:00+05:30,2.315517694363117,0.007077800943706913,183.94,183.97,0.00016309666195502004
VEDL,2026-08-17 12:00:00+05:30,2026-08-17 12:05:00+05:30,2026-08-17 12:30:00+05:30,2.5264152989834194,0.002786032689450213,270.45,269.55,-0.0033277870216305017
KOTAKBANK,2026-08-17 12:15:00+05:30,2026-08-17 12:20:00+05:30,2026-08-17 12:45:00+05:30,2.405887064491169,0.0008930849706558774,393.0,393.25,0.0006361323155217313
ETERNAL,2026-08-17 12:20:00+05:30,2026-08-17 12:25:00+05:30,2026-08-17 12:50:00+05:30,2.3413121658881435,0.0006261740763933155,319.95,319.45,-0.0015627441787778862
GOLDBEES,2026-08-17 12:20:00+05:30,2026-08-17 12:25:00+05:30,2026-08-17 12:50:00+05:30,2.3800153480071806,0.0007121379965184804,126.52,126.43,-0.000711349984192089
MCX,2026-08-17 12:20:00+05:30,2026-08-17 12:25:00+05:30,2026-08-17 12:50:00+05:30,2.094801559483311,0.0009830175248297657,2958.0,2960.4,0.0008113590263691961
TITAN,2026-08-17 12:20:00+05:30,2026-08-17 12:25:00+05:30,2026-08-17 12:50:00+05:30,2.3896165636234383,0.002101129111438338,5103.5,5108.5,0.0009797198001371132
SBIN,2026-08-17 12:25:00+05:30,2026-08-17 12:30:00+05:30,2026-08-17 12:55:00+05:30,2.426062907990337,0.001706970128022789,1056.7,1064.9,0.007760007570739136
SWIGGY,2026-08-17 12:25:00+05:30,2026-08-17 12:30:00+05:30,2026-08-17 12:55:00+05:30,2.3560395701541132,0.00236707938820091,275.45,276.5,0.003811944091486774
AXISBANK,2026-08-17 12:30:00+05:30,2026-08-17 12:35:00+05:30,2026-08-17 13:00:00+05:30,2.04589034119554,0.0008216926869351049,1221.7,1226.4,0.0038470983056397845
CANBK,2026-08-17 12:30:00+05:30,2026-08-17 12:35:00+05:30,2026-08-17 13:00:00+05:30,3.003354792689182,0.00247256992736844,129.98,130.8,0.006308662871211013
BSE,2026-08-17 12:40:00+05:30,2026-08-17 12:45:00+05:30,2026-08-17 13:10:00+05:30,2.429732348468034,0.0006938159879337213,3326.4,3341.6,0.004569504569504446
RELIANCE,2026-08-17 12:40:00+05:30,2026-08-17 12:45:00+05:30,2026-08-17 13:10:00+05:30,3.5177985024104776,0.0021500422329723268,1308.0,1315.3,0.0055810397553517355
HDFCBANK,2026-08-17 12:45:00+05:30,2026-08-17 12:50:00+05:30,2026-08-17 13:15:00+05:30,7.520909364527971,0.00048269204247697317,726.65,728.5,0.002545929952521897
WAAREEENER,2026-08-17 12:45:00+05:30,2026-08-17 12:50:00+05:30,2026-08-17 13:15:00+05:30,4.5998234011658585,0.0003728977887160756,2690.0,2693.2,0.0011895910780668206
ADANIPOWER,2026-08-17 12:50:00+05:30,2026-08-17 12:55:00+05:30,2026-08-17 13:20:00+05:30,2.255063141993756,0.003160649908637403,203.36,203.08,-0.0013768686073957204
POWERGRID,2026-08-17 12:55:00+05:30,2026-08-17 13:00:00+05:30,2026-08-17 13:25:00+05:30,2.1666205492235857,0.001499531396438547,267.1,267.4,0.001123174840883312
HINDALCO,2026-08-17 13:05:00+05:30,2026-08-17 13:10:00+05:30,2026-08-17 13:35:00+05:30,2.006411861481066,0.0037904231839556157,1047.3,1052.05,0.004535472166523391
GMDCLTD,2026-08-17 13:10:00+05:30,2026-08-17 13:15:00+05:30,2026-08-17 13:40:00+05:30,2.1147662115986607,0.0027576697690450125,582.0,579.95,-0.0035223367697593266
TATASTEEL,2026-08-17 13:15:00+05:30,2026-08-17 13:20:00+05:30,2026-08-17 13:45:00+05:30,2.234147338062529,0.004347826086956497,185.34,185.56,0.0011870076615949632
KOTAKBANK,2026-08-17 13:20:00+05:30,2026-08-17 13:25:00+05:30,2026-08-17 13:50:00+05:30,2.234861026512866,0.004831532104259351,395.1,394.05,-0.0026575550493546096
VEDL,2026-08-17 13:20:00+05:30,2026-08-17 13:25:00+05:30,2026-08-17 13:50:00+05:30,2.4866380657278677,0.0020411950269068058,270.3,269.55,-0.002774694783573839
M&M,2026-08-17 13:30:00+05:30,2026-08-17 13:35:00+05:30,2026-08-17 14:00:00+05:30,2.2690174581316214,0.0022908834586465865,3412.0,3410.0,-0.0005861664712778492
SWIGGY,2026-08-17 13:30:00+05:30,2026-08-17 13:35:00+05:30,2026-08-17 14:00:00+05:30,2.382238303028314,0.003616636528029016,277.6,276.5,-0.003962536023054852
AXISBANK,2026-08-17 13:40:00+05:30,2026-08-17 13:45:00+05:30,2026-08-17 14:10:00+05:30,2.030478588178245,0.0031810766721045436,1231.5,1229.7,-0.001461632155907444
WAAREEENER,2026-08-17 13:50:00+05:30,2026-08-17 13:55:00+05:30,2026-08-17 14:20:00+05:30,2.9553205726163756,0.007017674142284269,2714.7,2708.7,-0.00221018897115699
ADANIPOWER,2026-08-17 13:55:00+05:30,2026-08-17 14:00:00+05:30,2026-08-17 14:25:00+05:30,2.319803010293579,0.004628717746700817,204.39,204.08,-0.001516708253828325
HINDCOPPER,2026-08-17 14:40:00+05:30,2026-08-17 14:45:00+05:30,2026-08-17 15:10:00+05:30,2.4850874526485556,0.0011448701012768403,569.6,572.0,0.004213483146067398
NETWEB,2026-08-17 14:55:00+05:30,2026-08-17 15:00:00+05:30,2026-08-17 15:25:00+05:30,2.026077007850732,0.0014997115939243688,5213.9,5219.0,0.0009781545484186527
LT,2026-08-18 11:45:00+05:30,2026-08-18 11:50:00+05:30,2026-08-18 12:15:00+05:30,3.902611028748424,0.001795906317654028,4078.2,4079.4,0.0002942474621157043
GOLDBEES,2026-08-18 11:50:00+05:30,2026-08-18 11:55:00+05:30,2026-08-18 12:20:00+05:30,3.049920754274631,7.908889591901058e-05,126.55,126.56,7.902015013838692e-05
M&M,2026-08-18 11:50:00+05:30,2026-08-18 11:55:00+05:30,2026-08-18 12:20:00+05:30,2.001291692749865,0.002134253303706979,3428.8,3430.0,0.00034997666822200735
MCX,2026-08-18 11:50:00+05:30,2026-08-18 11:55:00+05:30,2026-08-18 12:20:00+05:30,2.509518824233819,0.001996672212978279,3038.9,3022.9,-0.005265063016222982
SILVERBEES,2026-08-18 11:50:00+05:30,2026-08-18 11:55:00+05:30,2026-08-18 12:20:00+05:30,2.8138712676909843,0.0009917057338622026,222.47,222.33,-0.0006292983323593626
HINDCOPPER,2026-08-18 11:55:00+05:30,2026-08-18 12:00:00+05:30,2026-08-18 12:25:00+05:30,2.1680349323073904,0.008358996920369455,572.75,571.9,-0.001484068092536095
BEL,2026-08-18 12:00:00+05:30,2026-08-18 12:05:00+05:30,2026-08-18 12:30:00+05:30,3.425116932131717,0.002064359441408703,413.8,412.45,-0.003262445625906274
KOTAKBANK,2026-08-18 12:05:00+05:30,2026-08-18 12:10:00+05:30,2026-08-18 12:35:00+05:30,2.0364891372435747,0.001276976120546447,392.5,391.1,-0.0035668789808916967
BAJFINANCE,2026-08-18 12:10:00+05:30,2026-08-18 12:15:00+05:30,2026-08-18 12:40:00+05:30,2.145443346496563,0.0032927833165645737,1098.7,1098.0,-0.0006371165923364508
HINDALCO,2026-08-18 12:10:00+05:30,2026-08-18 12:15:00+05:30,2026-08-18 12:40:00+05:30,2.277174534655887,0.002880599164626352,1045.0,1043.5,-0.0014354066985645675
IDEA,2026-08-18 12:10:00+05:30,2026-08-18 12:15:00+05:30,2026-08-18 12:40:00+05:30,2.5794995473601756,0.0007225433526012459,13.88,13.89,0.0007204610951008217
MARUTI,2026-08-18 12:10:00+05:30,2026-08-18 12:15:00+05:30,2026-08-18 12:40:00+05:30,2.234115645231125,0.0036268678369359986,13842.0,13782.0,-0.004334633723450332
TITAN,2026-08-18 12:10:00+05:30,2026-08-18 12:15:00+05:30,2026-08-18 12:40:00+05:30,2.07643832100387,0.0009707006874146717,5064.0,5058.2,-0.0011453396524486736
ADANIPOWER,2026-08-18 12:25:00+05:30,2026-08-18 12:30:00+05:30,2026-08-18 12:55:00+05:30,3.1791316160856278,0.001980293663060184,207.96,207.51,-0.0021638776687825656
MAXHEALTH,2026-08-18 12:40:00+05:30,2026-08-18 12:45:00+05:30,2026-08-18 13:10:00+05:30,4.08621912639562,0.007690002996105116,1012.1,1008.6,-0.0034581563086651945
TATAINVEST,2026-08-18 12:40:00+05:30,2026-08-18 12:45:00+05:30,2026-08-18 13:10:00+05:30,2.4986901868488607,0.0003061615001913598,653.9,653.15,-0.0011469643676402796
GRSE,2026-08-18 12:50:00+05:30,2026-08-18 12:55:00+05:30,2026-08-18 13:20:00+05:30,2.8482861610416066,0.004893104486600519,2674.3,2682.8,0.0031784018247764667
POWERGRID,2026-08-18 12:50:00+05:30,2026-08-18 12:55:00+05:30,2026-08-18 13:20:00+05:30,5.726806429222429,0.0014975664545113787,268.1,267.8,-0.0011189854531891141
GOLDBEES,2026-08-18 12:55:00+05:30,2026-08-18 13:00:00+05:30,2026-08-18 13:25:00+05:30,2.152287906931683,0.00023704171934268992,126.66,126.56,-0.000789515237644034
INDIGO,2026-08-18 13:10:00+05:30,2026-08-18 13:15:00+05:30,2026-08-18 13:40:00+05:30,2.082072139260626,0.0007684180194025281,5214.5,5228.0,0.0025889347013137165
BEL,2026-08-18 13:15:00+05:30,2026-08-18 13:20:00+05:30,2026-08-18 13:45:00+05:30,3.536613832729786,0.00218473115669382,414.2,414.15,-0.00012071463061325005
BSE,2026-08-18 13:15:00+05:30,2026-08-18 13:20:00+05:30,2026-08-18 13:45:00+05:30,2.263028224031573,0.0062536225252431965,3292.9,3311.7,0.005709253241823253
IDEA,2026-08-18 13:15:00+05:30,2026-08-18 13:20:00+05:30,2026-08-18 13:45:00+05:30,3.10300991817904,0.00647948164146861,14.05,14.02,-0.002135231316726105
HEROMOTOCO,2026-08-18 13:20:00+05:30,2026-08-18 13:25:00+05:30,2026-08-18 13:50:00+05:30,2.9597252255578743,0.0011356687341661509,5739.0,5758.0,0.0033106813033629834
INFY,2026-08-18 13:25:00+05:30,2026-08-18 13:30:00+05:30,2026-08-18 13:55:00+05:30,2.482392600373351,0.0016146393972011897,1118.3,1117.3,-0.0008942144326209434
SWIGGY,2026-08-18 13:25:00+05:30,2026-08-18 13:30:00+05:30,2026-08-18 13:55:00+05:30,2.195025327969059,0.0009150805270863316,274.35,273.1,-0.004556223801713166
ICICIBANK,2026-08-18 13:40:00+05:30,2026-08-18 13:45:00+05:30,2026-08-18 14:10:00+05:30,2.75301741937305,0.00014207572636215637,1410.7,1415.7,0.0035443396895158408
HAL,2026-08-18 13:45:00+05:30,2026-08-18 13:50:00+05:30,2026-08-18 14:15:00+05:30,2.639527747556182,0.0006661964103769069,5117.0,5111.2,-0.0011334766464725643
AXISBANK,2026-08-18 14:00:00+05:30,2026-08-18 14:05:00+05:30,2026-08-18 14:30:00+05:30,9.128949323480002,0.0015365952284676077,1247.4,1244.7,-0.0021645021645021467
M&M,2026-08-18 14:00:00+05:30,2026-08-18 14:05:00+05:30,2026-08-18 14:30:00+05:30,3.879972880349302,0.0012552179116678275,3433.6,3424.5,-0.00265027958993469
IDEA,2026-08-18 14:25:00+05:30,2026-08-18 14:30:00+05:30,2026-08-18 14:55:00+05:30,3.419717582878951,0.0064239828693790635,14.29,14.17,-0.008397480755773179
TATASTEEL,2026-08-18 14:25:00+05:30,2026-08-18 14:30:00+05:30,2026-08-18 14:55:00+05:30,2.364658558298566,0.001408221849103608,184.97,184.88,-0.00048656538898206314
TCS,2026-08-18 14:30:00+05:30,2026-08-18 14:35:00+05:30,2026-08-18 15:00:00+05:30,3.239548854321793,0.00017510068289272596,2292.1,2286.5,-0.002443174381571489
INDIGO,2026-08-18 14:35:00+05:30,2026-08-18 14:40:00+05:30,2026-08-18 15:05:00+05:30,2.1473578816017516,0.0008621515470830232,5232.0,5213.5,-0.003535932721712487
ETERNAL,2026-08-18 14:40:00+05:30,2026-08-18 14:45:00+05:30,2026-08-18 15:10:00+05:30,2.5618696974375803,0.002369293950402751,318.35,318.2,-0.00047117951939701364
SWIGGY,2026-08-18 14:40:00+05:30,2026-08-18 14:45:00+05:30,2026-08-18 15:10:00+05:30,3.284966277042499,0.0032991202346039916,274.6,274.0,-0.002184996358339464
KOTAKBANK,2026-08-19 11:45:00+05:30,2026-08-19 11:50:00+05:30,2026-08-19 12:15:00+05:30,2.041977773461501,0.0012861736334404128,389.95,390.55,0.001538658802410664
TMPV,2026-08-19 11:45:00+05:30,2026-08-19 11:50:00+05:30,2026-08-19 12:15:00+05:30,2.570976293072923,0.0017083398043173936,322.9,322.8,-0.00030969340353037556
ETERNAL,2026-08-19 11:50:00+05:30,2026-08-19 11:55:00+05:30,2026-08-19 12:20:00+05:30,3.270077925149301,0.00596265495057291,320.8,321.35,0.001714463840398972
VEDL,2026-08-19 11:50:00+05:30,2026-08-19 11:55:00+05:30,2026-08-19 12:20:00+05:30,2.7819924286267526,0.0009520182787510212,263.3,263.1,-0.0007595898214963759
IDEA,2026-08-19 12:00:00+05:30,2026-08-19 12:05:00+05:30,2026-08-19 12:30:00+05:30,2.929023674553762,0.0014336917562725038,14.06,14.08,0.0014224751066855834
INDIGO,2026-08-19 12:00:00+05:30,2026-08-19 12:05:00+05:30,2026-08-19 12:30:00+05:30,2.951236176123144,0.00706679574056146,5216.0,5183.0,-0.006326687116564367
DIXON,2026-08-19 12:05:00+05:30,2026-08-19 12:10:00+05:30,2026-08-19 12:35:00+05:30,2.295851818977972,0.0010553718426793424,14247.0,14350.0,0.007229592194847978
SWIGGY,2026-08-19 12:05:00+05:30,2026-08-19 12:10:00+05:30,2026-08-19 12:35:00+05:30,2.3173483683689224,0.0038617138653918026,273.5,275.75,0.00822669104204743
HCLTECH,2026-08-19 12:15:00+05:30,2026-08-19 12:20:00+05:30,2026-08-19 12:45:00+05:30,3.868764457578043,0.0008387982308981634,1318.7,1317.4,-0.0009858193675589266
GOLDBEES,2026-08-19 12:20:00+05:30,2026-08-19 12:25:00+05:30,2026-08-19 12:50:00+05:30,2.287791580788978,0.0003993291270665278,125.45,125.57,0.0009565563969708979
SILVERBEES,2026-08-19 12:20:00+05:30,2026-08-19 12:25:00+05:30,2026-08-19 12:50:00+05:30,3.2218809903188084,0.0014826483806700264,216.48,216.74,0.0012010347376201214
WAAREEENER,2026-08-19 12:25:00+05:30,2026-08-19 12:30:00+05:30,2026-08-19 12:55:00+05:30,2.3376828353338275,0.004637767887197608,2691.7,2682.3,-0.0034922168146522825
HINDZINC,2026-08-19 12:35:00+05:30,2026-08-19 12:40:00+05:30,2026-08-19 13:05:00+05:30,4.736173033011065,0.0013591881116346016,554.7,560.95,0.011267351721651275
ANANTRAJ,2026-08-19 12:40:00+05:30,2026-08-19 12:45:00+05:30,2026-08-19 13:10:00+05:30,4.830783333129504,0.0035502958579882726,638.5,635.45,-0.004776820673453308
TATAINVEST,2026-08-19 12:40:00+05:30,2026-08-19 12:45:00+05:30,2026-08-19 13:10:00+05:30,2.1192298471014044,0.0016151361329026503,651.45,651.2,-0.00038375930616318943
MARUTI,2026-08-19 12:55:00+05:30,2026-08-19 13:00:00+05:30,2026-08-19 13:25:00+05:30,2.381030904755904,0.000731528895391298,13698.0,13700.0,0.00014600671630904394
TATAINVEST,2026-08-19 13:55:00+05:30,2026-08-19 14:00:00+05:30,2026-08-19 14:25:00+05:30,2.156828432386814,0.0011519852545887055,652.35,652.7,0.0005365218057791221
AXISBANK,2026-08-19 14:00:00+05:30,2026-08-19 14:05:00+05:30,2026-08-19 14:30:00+05:30,2.914100517191969,0.0032621105855488164,1234.0,1235.3,0.0010534846029173206
TCS,2026-08-19 14:10:00+05:30,2026-08-19 14:15:00+05:30,2026-08-19 14:40:00+05:30,3.955144008065916,0.00013142907211083354,2288.2,2283.4,-0.0020977187308800493
KOTAKBANK,2026-08-19 14:25:00+05:30,2026-08-19 14:30:00+05:30,2026-08-19 14:55:00+05:30,2.2251550712175763,0.0017930327868853624,391.5,391.95,0.0011494252873562871
HINDALCO,2026-08-19 14:30:00+05:30,2026-08-19 14:35:00+05:30,2026-08-19 15:00:00+05:30,3.4997855403888756,0.0011617212837020663,1035.45,1037.2,0.0016900864358491141
DIXON,2026-08-19 14:35:00+05:30,2026-08-19 14:40:00+05:30,2026-08-19 15:05:00+05:30,2.854323677606081,0.0008340863279350241,14450.0,14498.0,0.003321799307958395
KAYNES,2026-08-19 14:35:00+05:30,2026-08-19 14:40:00+05:30,2026-08-19 15:05:00+05:30,2.825838908687881,0.003204370551309177,3816.6,3819.9,0.0008646439239112791
ICICIBANK,2026-08-19 14:40:00+05:30,2026-08-19 14:45:00+05:30,2026-08-19 15:10:00+05:30,2.3453967952574395,0.0010729613733906351,1399.7,1396.3,-0.0024290919482746753
BHARTIARTL,2026-08-20 11:45:00+05:30,2026-08-20 11:50:00+05:30,2026-08-20 12:15:00+05:30,2.94909587114479,0.0013916091124626107,1945.9,1943.3,-0.001336142658924011
HEROMOTOCO,2026-08-20 11:45:00+05:30,2026-08-20 11:50:00+05:30,2026-08-20 12:15:00+05:30,2.187890299048914,0.00351061962436372,5718.0,5716.0,-0.00034977264777891204
KOTAKBANK,2026-08-20 11:45:00+05:30,2026-08-20 11:50:00+05:30,2026-08-20 12:15:00+05:30,2.15500024299914,0.0017641129032257563,397.4,397.25,-0.00037745344740813813
LT,2026-08-20 11:45:00+05:30,2026-08-20 11:50:00+05:30,2026-08-20 12:15:00+05:30,2.0339828854609383,0.005206405606139164,4070.8,4073.3,0.0006141299007567103
MAXHEALTH,2026-08-20 11:45:00+05:30,2026-08-20 11:50:00+05:30,2026-08-20 12:15:00+05:30,2.4489872016294614,0.007178968655207285,996.9,997.9,0.0010031096398837036
M&M,2026-08-20 11:55:00+05:30,2026-08-20 12:00:00+05:30,2026-08-20 12:25:00+05:30,2.060293390095577,0.0010504814706739918,3434.7,3446.0,0.0032899525431624443
RELIANCE,2026-08-20 11:55:00+05:30,2026-08-20 12:00:00+05:30,2026-08-20 12:25:00+05:30,2.015436092116015,0.0011450381679389832,1311.8,1311.1,-0.0005336179295624133
ADANIPOWER,2026-08-20 12:00:00+05:30,2026-08-20 12:05:00+05:30,2026-08-20 12:30:00+05:30,4.3104828017447225,0.0003420473979964811,205.2,204.45,-0.003654970760233911
DIXON,2026-08-20 12:00:00+05:30,2026-08-20 12:05:00+05:30,2026-08-20 12:30:00+05:30,2.451359308102121,0.004708933324234055,14768.0,14750.0,-0.0012188515709642411
MARUTI,2026-08-20 12:10:00+05:30,2026-08-20 12:15:00+05:30,2026-08-20 12:40:00+05:30,3.2736564596002884,0.0008727272727273583,13784.0,13801.0,0.001233313987231588
HINDZINC,2026-08-20 12:15:00+05:30,2026-08-20 12:20:00+05:30,2026-08-20 12:45:00+05:30,3.5096612437157373,0.004484304932735439,573.9,573.15,-0.00130684788290647
WAAREEENER,2026-08-20 12:15:00+05:30,2026-08-20 12:20:00+05:30,2026-08-20 12:45:00+05:30,2.6244169063782348,0.0005190952910640867,2705.0,2708.8,0.0014048059149722736
GMDCLTD,2026-08-20 12:20:00+05:30,2026-08-20 12:25:00+05:30,2026-08-20 12:50:00+05:30,2.8239377042696288,0.0015178571428571264,562.25,564.0,0.003112494441974256
BEL,2026-08-20 12:45:00+05:30,2026-08-20 12:50:00+05:30,2026-08-20 13:15:00+05:30,2.1857816430606527,0.00048816206980717425,410.55,410.7,0.000365363536718899
ITC,2026-08-20 12:45:00+05:30,2026-08-20 12:50:00+05:30,2026-08-20 13:15:00+05:30,2.2331732825679675,0.0044960659423005644,268.4,269.25,0.0031669150521609346
SUNPHARMA,2026-08-20 12:45:00+05:30,2026-08-20 12:50:00+05:30,2026-08-20 13:15:00+05:30,2.523491908627449,0.0005271481286241997,1901.0,1903.0,0.0010520778537612685
BHARTIARTL,2026-08-20 12:50:00+05:30,2026-08-20 12:55:00+05:30,2026-08-20 13:20:00+05:30,2.024059953214158,0.0018525189111306961,1946.9,1947.2,0.0001540911192150496
SWIGGY,2026-08-20 12:55:00+05:30,2026-08-20 13:00:00+05:30,2026-08-20 13:25:00+05:30,2.1595068055209943,0.004102747056724754,281.8,281.6,-0.0007097232079488203
RELIANCE,2026-08-20 13:00:00+05:30,2026-08-20 13:05:00+05:30,2026-08-20 13:30:00+05:30,2.350050017960416,0.0029746014796736553,1314.9,1316.0,0.0008365655182902554
ICICIBANK,2026-08-20 13:05:00+05:30,2026-08-20 13:10:00+05:30,2026-08-20 13:35:00+05:30,2.9686970966282717,0.0022034259719951876,1411.4,1408.5,-0.002054697463511501
KOTAKBANK,2026-08-20 13:05:00+05:30,2026-08-20 13:10:00+05:30,2026-08-20 13:35:00+05:30,3.5353778357288124,0.002900378310214391,399.4,399.0,-0.0010015022533800266
BAJAJ-AUTO,2026-08-20 13:10:00+05:30,2026-08-20 13:15:00+05:30,2026-08-20 13:40:00+05:30,2.6481308967412387,0.0012820512820512775,11724.0,11695.0,-0.0024735585124531223
INFY,2026-08-20 13:40:00+05:30,2026-08-20 13:45:00+05:30,2026-08-20 14:10:00+05:30,2.3795987672697803,0.0023815824292141574,1138.1,1134.5,-0.0031631666813108916
TRENT,2026-08-20 13:50:00+05:30,2026-08-20 13:55:00+05:30,2026-08-20 14:20:00+05:30,4.075766732484755,0.0017913272721128415,2971.6,2972.0,0.0001346076187913603
MAXHEALTH,2026-08-20 14:00:00+05:30,2026-08-20 14:05:00+05:30,2026-08-20 14:30:00+05:30,2.6757944960582605,0.0025062656641603454,1000.9,998.6,-0.0022979318613247646
BAJAJ-AUTO,2026-08-20 14:25:00+05:30,2026-08-20 14:30:00+05:30,2026-08-20 14:55:00+05:30,2.322799802105976,0.002993243821089564,11730.0,11724.0,-0.000511508951406614
HINDCOPPER,2026-08-20 14:25:00+05:30,2026-08-20 14:30:00+05:30,2026-08-20 14:55:00+05:30,2.8402732529632186,0.003229858245110462,560.5,559.65,-0.0015165031222122982
DIXON,2026-08-20 14:30:00+05:30,2026-08-20 14:35:00+05:30,2026-08-20 15:00:00+05:30,2.0478079431728813,0.0029753854476601838,14819.0,14840.0,0.0014170996693434468
POWERGRID,2026-08-20 14:30:00+05:30,2026-08-20 14:35:00+05:30,2026-08-20 15:00:00+05:30,2.3079317465438045,0.0011280315848845035,266.55,266.2,-0.0013130744700807773
GOLDBEES,2026-08-21 11:45:00+05:30,2026-08-21 11:50:00+05:30,2026-08-21 12:15:00+05:30,2.2361723554136876,0.0009963212752914785,130.75,130.99,0.001835564053537464
BHARTIARTL,2026-08-21 11:50:00+05:30,2026-08-21 11:55:00+05:30,2026-08-21 12:20:00+05:30,2.480277598506428,0.000769625448948208,1952.1,1947.4,-0.0024076635418266434
KAYNES,2026-08-21 11:55:00+05:30,2026-08-21 12:00:00+05:30,2026-08-21 12:25:00+05:30,2.5978012036194413,0.0012062409859707746,3827.9,3880.5,0.013741215810235463
SWIGGY,2026-08-21 12:00:00+05:30,2026-08-21 12:05:00+05:30,2026-08-21 12:30:00+05:30,2.825273226702167,0.011002886002886125,281.3,283.4,0.0074653394952006735
PAYTM,2026-08-21 12:10:00+05:30,2026-08-21 12:15:00+05:30,2026-08-21 12:40:00+05:30,3.273898719848926,0.002406367618930094,1628.8,1627.9,-0.0005525540275048701
TITAN,2026-08-21 12:20:00+05:30,2026-08-21 12:25:00+05:30,2026-08-21 12:50:00+05:30,2.1000942912955116,0.00047635115018951346,5044.0,5058.0,0.0027755749405233843
M&M,2026-08-21 12:25:00+05:30,2026-08-21 12:30:00+05:30,2026-08-21 12:55:00+05:30,2.465729701919502,0.004420115918271961,3436.0,3432.6,-0.000989522700814982
VEDL,2026-08-21 12:45:00+05:30,2026-08-21 12:50:00+05:30,2026-08-21 13:15:00+05:30,2.249661517607605,0.0018261504747991708,274.75,278.55,0.013830755232029146
HEROMOTOCO,2026-08-21 13:00:00+05:30,2026-08-21 13:05:00+05:30,2026-08-21 13:30:00+05:30,2.327609991755484,0.0006169031462059937,5685.0,5692.0,0.0012313104661390017
HINDALCO,2026-08-21 13:00:00+05:30,2026-08-21 13:05:00+05:30,2026-08-21 13:30:00+05:30,2.4500658609315993,0.003054989816700715,1035.6,1037.5,0.0018346852066435382
HINDZINC,2026-08-21 13:00:00+05:30,2026-08-21 13:05:00+05:30,2026-08-21 13:30:00+05:30,2.1179862046161713,0.0026304624522697218,591.65,593.3,0.002788810952421228
LT,2026-08-21 13:05:00+05:30,2026-08-21 13:10:00+05:30,2026-08-21 13:35:00+05:30,2.085326681132932,0.0017462737960549646,4077.6,4083.1,0.0013488326466548628
HINDCOPPER,2026-08-21 13:10:00+05:30,2026-08-21 13:15:00+05:30,2026-08-21 13:40:00+05:30,7.133583460565535,0.0031419095828244537,578.5,576.9,-0.0027657735522904625
ICICIBANK,2026-08-21 13:10:00+05:30,2026-08-21 13:15:00+05:30,2026-08-21 13:40:00+05:30,2.319919023787976,0.0015531238969290762,1419.1,1418.9,-0.00014093439503892746
SILVERBEES,2026-08-21 13:15:00+05:30,2026-08-21 13:20:00+05:30,2026-08-21 13:45:00+05:30,3.0468114131562984,0.001124081279723299,232.04,232.18,0.0006033442509911779
PAYTM,2026-08-21 13:40:00+05:30,2026-08-21 13:45:00+05:30,2026-08-21 14:10:00+05:30,3.0821182363755533,0.0019039430045448835,1637.0,1632.4,-0.0028100183262064204
MAXHEALTH,2026-08-21 13:45:00+05:30,2026-08-21 13:50:00+05:30,2026-08-21 14:15:00+05:30,2.522848572732692,0.0005020584396022709,998.1,997.6,-0.0005009518084360121
GOLDBEES,2026-08-21 13:50:00+05:30,2026-08-21 13:55:00+05:30,2026-08-21 14:20:00+05:30,2.296007888610412,0.0003053901358986977,131.17,131.46,0.0022108713882749154
ADANIPOWER,2026-08-21 13:55:00+05:30,2026-08-21 14:00:00+05:30,2026-08-21 14:25:00+05:30,2.7093388503501075,0.003737031027191806,204.34,204.65,0.0015170793775081126
BAJAJ-AUTO,2026-08-21 14:05:00+05:30,2026-08-21 14:10:00+05:30,2026-08-21 14:35:00+05:30,2.0516849649815434,0.0008543357539512186,11722.0,11715.0,-0.0005971677188193469
HEROMOTOCO,2026-08-21 14:05:00+05:30,2026-08-21 14:10:00+05:30,2026-08-21 14:35:00+05:30,2.210973242097222,0.0009662684469431415,5703.5,5699.0,-0.0007889892171473178
ETERNAL,2026-08-21 14:10:00+05:30,2026-08-21 14:15:00+05:30,2026-08-21 14:40:00+05:30,4.898021156531193,0.0001530690341344787,327.85,327.65,-0.0006100350770170682
HINDZINC,2026-08-21 14:10:00+05:30,2026-08-21 14:15:00+05:30,2026-08-21 14:40:00+05:30,2.076802743522445,0.0038821841505611854,597.1,596.15,-0.0015910232791828127
LT,2026-08-21 14:10:00+05:30,2026-08-21 14:15:00+05:30,2026-08-21 14:40:00+05:30,2.1022445185133063,0.0021552251965419877,4092.0,4091.0,-0.00024437927663734094
SUNPHARMA,2026-08-21 14:20:00+05:30,2026-08-21 14:25:00+05:30,2026-08-21 14:50:00+05:30,3.107474013583772,0.0020115398867186496,1897.6,1896.5,-0.0005796795952781597
SILVERBEES,2026-08-21 14:25:00+05:30,2026-08-21 14:30:00+05:30,2026-08-21 14:55:00+05:30,2.161417162486423,0.0024091202409119994,233.31,232.89,-0.0018001800180018623
DIXON,2026-08-21 14:30:00+05:30,2026-08-21 14:35:00+05:30,2026-08-21 15:00:00+05:30,2.294098924970178,0.00310244823632555,14862.0,14844.0,-0.0012111425111021035
TITAN,2026-08-21 14:30:00+05:30,2026-08-21 14:35:00+05:30,2026-08-21 15:00:00+05:30,2.0544705684477442,0.0017180434052805893,5076.1,5076.5,7.88006540453079e-05
ANANTRAJ,2026-08-21 14:45:00+05:30,2026-08-21 14:50:00+05:30,2026-08-21 15:15:00+05:30,2.03883248102994,0.0010373443983402453,628.1,624.4,-0.005890781722655669
SAMMAANCAP,2026-08-21 14:45:00+05:30,2026-08-21 14:50:00+05:30,2026-08-21 15:15:00+05:30,2.2034902667405087,0.0029980013324450994,150.72,150.42,-0.001990445859872736
GOLDBEES,2026-08-24 11:45:00+05:30,2026-08-24 11:50:00+05:30,2026-08-24 12:15:00+05:30,4.547933188884252,0.003611466405838426,133.56,133.45,-0.0008235998802037514
MCX,2026-08-24 11:45:00+05:30,2026-08-24 11:50:00+05:30,2026-08-24 12:15:00+05:30,2.847040286294233,0.006041178646282841,3282.7,3284.1,0.00042647820391761293
SILVERBEES,2026-08-24 11:45:00+05:30,2026-08-24 11:50:00+05:30,2026-08-24 12:15:00+05:30,4.854620971684191,0.005526054483443454,233.39,232.84,-0.00235657054715277
HINDCOPPER,2026-08-24 11:55:00+05:30,2026-08-24 12:00:00+05:30,2026-08-24 12:25:00+05:30,2.451546732095105,0.005969625142656643,573.2,575.5,0.0040125610607117945
IDEA,2026-08-24 12:05:00+05:30,2026-08-24 12:10:00+05:30,2026-08-24 12:35:00+05:30,3.654406732901131,0.0014224751066855834,14.14,14.13,-0.0007072135785006761
HINDZINC,2026-08-24 12:25:00+05:30,2026-08-24 12:30:00+05:30,2026-08-24 12:55:00+05:30,2.3094772234442935,0.0024979184013322886,605.3,612.4,0.011729720799603438
INDIGO,2026-08-24 13:25:00+05:30,2026-08-24 13:30:00+05:30,2026-08-24 13:55:00+05:30,2.4422312390974756,0.0031387935262383593,5119.0,5111.0,-0.0015628052353975352
ITC,2026-08-24 13:25:00+05:30,2026-08-24 13:30:00+05:30,2026-08-24 13:55:00+05:30,2.2235983317282892,0.0003736222678871748,268.15,268.55,0.001491702405370221
MARUTI,2026-08-24 13:55:00+05:30,2026-08-24 14:00:00+05:30,2026-08-24 14:25:00+05:30,2.0231426594486708,0.0023672140849237966,13555.0,13531.0,-0.0017705643673920912
ETERNAL,2026-08-24 14:05:00+05:30,2026-08-24 14:10:00+05:30,2026-08-24 14:35:00+05:30,2.1558227194189343,0.0016796457474423931,328.35,328.25,-0.000304553068372182
AXISBANK,2026-08-24 14:10:00+05:30,2026-08-24 14:15:00+05:30,2026-08-24 14:40:00+05:30,3.6851921435724853,0.0011346138260797112,1236.4,1237.0,0.00048527984471036234
POWERGRID,2026-08-24 14:15:00+05:30,2026-08-24 14:20:00+05:30,2026-08-24 14:45:00+05:30,3.555266898862754,0.0013008734435977498,269.9,270.4,0.0018525379770284456
BSE,2026-08-24 14:20:00+05:30,2026-08-24 14:25:00+05:30,2026-08-24 14:50:00+05:30,2.1355404974280474,0.001264831656929477,3326.8,3314.8,-0.003607069856919609
HINDCOPPER,2026-08-24 14:25:00+05:30,2026-08-24 14:30:00+05:30,2026-08-24 14:55:00+05:30,2.319773764448002,0.002346193952033504,577.55,580.2,0.004588347329235631
HDFCBANK,2026-08-24 14:30:00+05:30,2026-08-24 14:35:00+05:30,2026-08-24 15:00:00+05:30,2.089361646370679,0.0006198347107437829,727.15,728.3,0.0015815168809736324
TATASTEEL,2026-08-24 14:30:00+05:30,2026-08-24 14:35:00+05:30,2026-08-24 15:00:00+05:30,2.486078946441471,0.0035142733564013096,185.84,185.37,-0.002529057253551459
ITC,2026-08-24 14:35:00+05:30,2026-08-24 14:40:00+05:30,2026-08-24 15:05:00+05:30,2.382425837860082,0.0018649757553150792,269.0,268.1,-0.0033457249070630857
SBIN,2026-08-24 14:35:00+05:30,2026-08-24 14:40:00+05:30,2026-08-24 15:05:00+05:30,3.422506350133279,0.00019338619222586395,1035.4,1034.9,-0.0004829051574271048
CANBK,2026-08-25 11:45:00+05:30,2026-08-25 11:50:00+05:30,2026-08-25 12:15:00+05:30,2.1117243151001253,0.001960169358632635,127.92,127.84,-0.0006253908692932519
BAJFINANCE,2026-08-25 11:50:00+05:30,2026-08-25 11:55:00+05:30,2026-08-25 12:20:00+05:30,3.0590405344282257,0.0012080661648548041,1079.2,1079.5,0.00027798369162335135
GOLDBEES,2026-08-25 11:50:00+05:30,2026-08-25 11:55:00+05:30,2026-08-25 12:20:00+05:30,2.005431078109411,0.002257506208142246,133.32,133.16,-0.0012001200120012046
ITC,2026-08-25 11:50:00+05:30,2026-08-25 11:55:00+05:30,2026-08-25 12:20:00+05:30,2.2792319433633423,0.002606590951405696,269.45,269.8,0.001298942289849725
SILVERBEES,2026-08-25 11:50:00+05:30,2026-08-25 11:55:00+05:30,2026-08-25 12:20:00+05:30,2.438889962747805,0.0030075843431263127,230.61,230.33,-0.0012141711114002085
TMPV,2026-08-25 11:50:00+05:30,2026-08-25 11:55:00+05:30,2026-08-25 12:20:00+05:30,2.0391628484944317,0.0017636684303350414,312.75,312.3,-0.0014388489208633226
INFY,2026-08-25 11:55:00+05:30,2026-08-25 12:00:00+05:30,2026-08-25 12:25:00+05:30,2.560797898275569,0.0016867897727270709,1129.9,1125.0,-0.004336666961678115
RELIANCE,2026-08-25 11:55:00+05:30,2026-08-25 12:00:00+05:30,2026-08-25 12:25:00+05:30,3.1892249849276397,0.00038396559668263386,1304.8,1305.1,0.00022992029429791394
SBIN,2026-08-25 11:55:00+05:30,2026-08-25 12:00:00+05:30,2026-08-25 12:25:00+05:30,2.1378251205409122,0.0011547344110856006,1042.5,1040.6,-0.0018225419664269493
ICICIBANK,2026-08-25 12:00:00+05:30,2026-08-25 12:05:00+05:30,2026-08-25 12:30:00+05:30,2.9238816880968863,0.001550934085301492,1422.7,1421.8,-0.0006325999859423392
M&M,2026-08-25 12:00:00+05:30,2026-08-25 12:05:00+05:30,2026-08-25 12:30:00+05:30,2.160571057987731,0.0003811199061858339,3413.9,3424.0,0.002958493218899072
HINDALCO,2026-08-25 12:05:00+05:30,2026-08-25 12:10:00+05:30,2026-08-25 12:35:00+05:30,2.177445195697615,0.002437043054427379,1049.85,1048.8,-0.0010001428775539
HINDZINC,2026-08-25 12:05:00+05:30,2026-08-25 12:10:00+05:30,2026-08-25 12:35:00+05:30,3.2538997028259335,0.0045961358413479925,595.65,594.9,-0.0012591286829514159
VEDL,2026-08-25 12:05:00+05:30,2026-08-25 12:10:00+05:30,2026-08-25 12:35:00+05:30,2.2917790317486513,0.0012731902510003668,275.75,275.9,0.0005439709882137933
BHARTIARTL,2026-08-25 12:10:00+05:30,2026-08-25 12:15:00+05:30,2026-08-25 12:40:00+05:30,2.3386217847838093,0.00015502273666800903,1938.3,1939.2,0.0004643244079864939
IDEA,2026-08-25 12:15:00+05:30,2026-08-25 12:20:00+05:30,2026-08-25 12:45:00+05:30,2.5371232172783498,0.013440860215053752,15.09,15.09,0.0
KOTAKBANK,2026-08-25 12:15:00+05:30,2026-08-25 12:20:00+05:30,2026-08-25 12:45:00+05:30,2.4704945383102586,0.0007492507492508071,401.25,400.35,-0.0022429906542055233
DIXON,2026-08-25 12:45:00+05:30,2026-08-25 12:50:00+05:30,2026-08-25 13:15:00+05:30,3.334551156263424,0.002207962464638058,14555.0,14706.0,0.01037444177258684
PAYTM,2026-08-25 12:45:00+05:30,2026-08-25 12:50:00+05:30,2026-08-25 13:15:00+05:30,3.548082744421281,0.0021932496649201827,1651.5,1683.0,0.019073569482288777
ADANIPOWER,2026-08-25 12:50:00+05:30,2026-08-25 12:55:00+05:30,2026-08-25 13:20:00+05:30,3.7862115397373555,0.00014715259724340513,204.71,203.77,-0.00459186165795511
LT,2026-08-25 12:55:00+05:30,2026-08-25 13:00:00+05:30,2026-08-25 13:25:00+05:30,2.2304640582213437,0.0019131245247847595,4088.1,4083.2,-0.001198600817005513
BEL,2026-08-25 13:35:00+05:30,2026-08-25 13:40:00+05:30,2026-08-25 14:05:00+05:30,2.4195200735226616,0.0004887585532746819,409.8,409.75,-0.00012201073694484421
HAL,2026-08-25 13:35:00+05:30,2026-08-25 13:40:00+05:30,2026-08-25 14:05:00+05:30,2.4046084039507942,0.001295097132284928,4882.8,4872.7,-0.002068485295322442
ETERNAL,2026-08-25 13:40:00+05:30,2026-08-25 13:45:00+05:30,2026-08-25 14:10:00+05:30,2.172313124771004,0.004103967168262779,330.45,330.15,-0.0009078529278256919
MARUTI,2026-08-25 13:40:00+05:30,2026-08-25 13:45:00+05:30,2026-08-25 14:10:00+05:30,2.278871823682251,0.002074074074074117,13545.0,13560.0,0.001107419712070845
MAXHEALTH,2026-08-25 13:40:00+05:30,2026-08-25 13:45:00+05:30,2026-08-25 14:10:00+05:30,2.089846710529336,0.0009041591320071429,997.3,1001.1,0.0038102877769978782
TITAN,2026-08-25 13:40:00+05:30,2026-08-25 13:45:00+05:30,2026-08-25 14:10:00+05:30,2.2405111930530826,0.00033545128063461327,5071.8,5081.2,0.0018533853858588856
INDIGO,2026-08-25 13:55:00+05:30,2026-08-25 14:00:00+05:30,2026-08-25 14:25:00+05:30,3.607033689293164,0.003728414442700112,5115.0,5129.5,0.0028347996089932437
LT,2026-08-25 14:00:00+05:30,2026-08-25 14:05:00+05:30,2026-08-25 14:30:00+05:30,2.3816731222453,0.002057210031348067,4095.0,4106.9,0.0029059829059827624
MCX,2026-08-25 14:00:00+05:30,2026-08-25 14:05:00+05:30,2026-08-25 14:30:00+05:30,2.191183050324542,0.000764525993883769,3278.7,3268.3,-0.0031719888980387134
BAJAJ-AUTO,2026-08-25 14:10:00+05:30,2026-08-25 14:15:00+05:30,2026-08-25 14:40:00+05:30,2.14099908078854,0.0024676650782844423,11787.0,11842.0,0.004666157631288748
HCLTECH,2026-08-25 14:10:00+05:30,2026-08-25 14:15:00+05:30,2026-08-25 14:40:00+05:30,2.1940577651990494,0.003315854410857355,1303.9,1304.4,0.0003834649896463649
ADANIPOWER,2026-08-25 14:20:00+05:30,2026-08-25 14:25:00+05:30,2026-08-25 14:50:00+05:30,2.8299462319442186,0.0010266940451746365,205.3,205.76,0.002240623477837156
NETWEB,2026-08-25 14:20:00+05:30,2026-08-25 14:25:00+05:30,2026-08-25 14:50:00+05:30,3.916101231661158,0.0035708114957093695,5254.3,5265.1,0.002055459338065946
M&M,2026-08-25 14:25:00+05:30,2026-08-25 14:30:00+05:30,2026-08-25 14:55:00+05:30,2.143760761752067,0.0020795501142290007,3424.3,3436.0,0.003416756709400337
TCS,2026-08-25 14:25:00+05:30,2026-08-25 14:30:00+05:30,2026-08-25 14:55:00+05:30,2.0828998263363965,0.0005699754472114904,2284.4,2289.0,0.0020136578532656824
AXISBANK,2026-08-25 14:30:00+05:30,2026-08-25 14:35:00+05:30,2026-08-25 15:00:00+05:30,2.9025686618957782,0.0017857142857142794,1235.4,1235.5,8.094544277148508e-05
SBIN,2026-08-25 14:30:00+05:30,2026-08-25 14:35:00+05:30,2026-08-25 15:00:00+05:30,2.092237136265351,0.0019215987701768356,1043.6,1043.5,-9.582215408188155e-05
CANBK,2026-08-25 14:35:00+05:30,2026-08-25 14:40:00+05:30,2026-08-25 15:05:00+05:30,2.0655118235633716,0.001097694840834329,127.88,128.07,0.0014857679074131713
GRSE,2026-08-25 14:35:00+05:30,2026-08-25 14:40:00+05:30,2026-08-25 15:05:00+05:30,2.3976576853961706,0.0020100502512561125,2594.0,2609.0,0.005782575173477245
IDEA,2026-08-25 14:35:00+05:30,2026-08-25 14:40:00+05:30,2026-08-25 15:05:00+05:30,2.400361410007166,0.006631299734747964,15.23,15.25,0.0013131976362441566
KOTAKBANK,2026-08-25 14:35:00+05:30,2026-08-25 14:40:00+05:30,2026-08-25 15:05:00+05:30,2.534840638362835,0.0009998750156230418,401.3,400.25,-0.0026164963867431057
BAJFINANCE,2026-08-25 14:40:00+05:30,2026-08-25 14:45:00+05:30,2026-08-25 15:10:00+05:30,2.7117071890766566,0.0016686752572541153,1082.1,1082.0,-9.241290084083253e-05
BEL,2026-08-25 14:40:00+05:30,2026-08-25 14:45:00+05:30,2026-08-25 15:10:00+05:30,2.725528626187555,0.0015863331299572625,410.85,411.2,0.0008518924181573073
ITC,2026-08-25 14:40:00+05:30,2026-08-25 14:45:00+05:30,2026-08-25 15:10:00+05:30,2.4119389388255534,0.0022292402006316436,270.15,270.1,-0.00018508236165071246
RELIANCE,2026-08-25 14:40:00+05:30,2026-08-25 14:45:00+05:30,2026-08-25 15:10:00+05:30,2.2174101759561906,0.0019949359318653936,1306.4,1312.7,0.004822412737293336
TMPV,2026-08-25 14:40:00+05:30,2026-08-25 14:45:00+05:30,2026-08-25 15:10:00+05:30,2.608344455965592,0.001121615125780906,312.85,313.8,0.003036599009109686
TRENT,2026-08-25 14:40:00+05:30,2026-08-25 14:45:00+05:30,2026-08-25 15:10:00+05:30,2.3704344481820767,0.0041580756013746,2928.8,2924.1,-0.0016047527997815614
TATAINVEST,2026-08-25 14:45:00+05:30,2026-08-25 14:50:00+05:30,2026-08-25 15:15:00+05:30,2.1960062894883654,0.00015570260801878177,643.25,643.95,0.0010882238631948482
GMDCLTD,2026-08-25 14:50:00+05:30,2026-08-25 14:55:00+05:30,2026-08-25 15:20:00+05:30,2.0915575505223107,0.003277526795995911,567.0,566.65,-0.0006172839506173311
SAMMAANCAP,2026-08-25 14:50:00+05:30,2026-08-25 14:55:00+05:30,2026-08-25 15:20:00+05:30,3.0320292770137676,0.0007349993318188641,149.95,150.32,0.0024674891630542817
GRSE,2026-08-26 11:45:00+05:30,2026-08-26 11:50:00+05:30,2026-08-26 12:15:00+05:30,3.144952139338497,0.006676586166113552,2647.9,2666.1,0.00687337135088173
KAYNES,2026-08-26 11:45:00+05:30,2026-08-26 11:50:00+05:30,2026-08-26 12:15:00+05:30,2.1578990380191136,0.013548387096774084,4083.0,4092.2,0.0022532451628702876
MCX,2026-08-26 11:45:00+05:30,2026-08-26 11:50:00+05:30,2026-08-26 12:15:00+05:30,2.211952854806529,0.004556639023056697,3316.1,3303.1,-0.003920267784445541
HDFCBANK,2026-08-26 11:55:00+05:30,2026-08-26 12:00:00+05:30,2026-08-26 12:25:00+05:30,2.189751729974723,0.0005500171880370441,728.65,729.55,0.0012351609140190956
KOTAKBANK,2026-08-26 12:15:00+05:30,2026-08-26 12:20:00+05:30,2026-08-26 12:45:00+05:30,2.619553196442819,0.005942275042444711,416.25,416.3,0.00012012012012019291
HINDCOPPER,2026-08-26 12:40:00+05:30,2026-08-26 12:45:00+05:30,2026-08-26 13:10:00+05:30,2.1469716016587985,0.005045408678102881,550.5,551.8,0.0023614895549499693
HINDZINC,2026-08-26 12:45:00+05:30,2026-08-26 12:50:00+05:30,2026-08-26 13:15:00+05:30,2.0005178204497103,0.006303539679974213,622.9,624.9,0.003210788248515062
GMDCLTD,2026-08-26 12:50:00+05:30,2026-08-26 12:55:00+05:30,2026-08-26 13:20:00+05:30,3.038963483343922,8.764241893066682e-05,572.25,574.95,0.004718217562254434
SUNPHARMA,2026-08-26 13:05:00+05:30,2026-08-26 13:10:00+05:30,2026-08-26 13:35:00+05:30,2.097167326280174,0.0017236876469051143,1918.9,1915.4,-0.001823961644692229
VEDL,2026-08-26 13:15:00+05:30,2026-08-26 13:20:00+05:30,2026-08-26 13:45:00+05:30,2.728738424944098,0.005141843971631088,283.55,281.95,-0.005642743784165183
HINDALCO,2026-08-26 13:30:00+05:30,2026-08-26 13:35:00+05:30,2026-08-26 14:00:00+05:30,2.373312351794111,0.0013376648194154406,1049.15,1050.5,0.001286755945288931
BEL,2026-08-26 13:35:00+05:30,2026-08-26 13:40:00+05:30,2026-08-26 14:05:00+05:30,3.2245813526166893,0.00036652412950521907,409.9,409.15,-0.0018297145645279622
HAL,2026-08-26 13:50:00+05:30,2026-08-26 13:55:00+05:30,2026-08-26 14:20:00+05:30,2.3469130584780684,0.0007750040789689105,4916.5,4906.1,-0.0021153259432522553
BSE,2026-08-26 14:00:00+05:30,2026-08-26 14:05:00+05:30,2026-08-26 14:30:00+05:30,2.2244191371930917,0.004770675443098948,3338.3,3330.6,-0.002306563220801139
MCX,2026-08-26 14:00:00+05:30,2026-08-26 14:05:00+05:30,2026-08-26 14:30:00+05:30,4.707693175644518,0.00015099809742391557,3334.3,3335.8,0.0004498695378341022
IDEA,2026-08-26 14:30:00+05:30,2026-08-26 14:35:00+05:30,2026-08-26 15:00:00+05:30,2.823937704269792,0.003984063745019917,15.18,15.07,-0.007246376811594124
TATASTEEL,2026-08-26 14:30:00+05:30,2026-08-26 14:35:00+05:30,2026-08-26 15:00:00+05:30,2.646165877987858,0.0020427910977314223,186.88,189.24,0.012628424657534332
GMDCLTD,2026-08-26 14:35:00+05:30,2026-08-26 14:40:00+05:30,2026-08-26 15:05:00+05:30,4.230408472951974,0.0029694323144104917,579.7,579.3,-0.0006900120752114658
HCLTECH,2026-08-26 14:35:00+05:30,2026-08-26 14:40:00+05:30,2026-08-26 15:05:00+05:30,2.9500953665329894,0.0012322858903264233,1301.7,1299.8,-0.001459629714988142
HINDALCO,2026-08-26 14:35:00+05:30,2026-08-26 14:40:00+05:30,2026-08-26 15:05:00+05:30,2.875838789227325,0.0028557829604949347,1055.65,1056.7,0.0009946478472977471
HINDCOPPER,2026-08-26 14:35:00+05:30,2026-08-26 14:40:00+05:30,2026-08-26 15:05:00+05:30,2.0993750652982603,0.0018839149546963085,560.4,556.35,-0.00722698072805128
SWIGGY,2026-08-26 14:35:00+05:30,2026-08-26 14:40:00+05:30,2026-08-26 15:05:00+05:30,2.1514223043215783,0.0001735207357278501,288.75,288.1,-0.0022510822510821704
VEDL,2026-08-26 14:35:00+05:30,2026-08-26 14:40:00+05:30,2026-08-26 15:05:00+05:30,2.3233090506683958,0.0019448373408770259,283.9,286.0,0.00739697076435375
ETERNAL,2026-08-26 14:40:00+05:30,2026-08-26 14:45:00+05:30,2026-08-26 15:10:00+05:30,3.1043884562342483,0.0013805798435342354,326.8,327.2,0.001223990208078174
HINDZINC,2026-08-26 14:40:00+05:30,2026-08-26 14:45:00+05:30,2026-08-26 15:10:00+05:30,2.0767429127607433,0.004713966123362168,629.9,630.0,0.0001587553579933676
TMPV,2026-08-27 11:45:00+05:30,2026-08-27 11:50:00+05:30,2026-08-27 12:15:00+05:30,4.5854328951041845,0.009535918626827788,318.45,317.75,-0.0021981472758674236
IDEA,2026-08-27 12:00:00+05:30,2026-08-27 12:05:00+05:30,2026-08-27 12:30:00+05:30,2.0427018029388138,0.0033311125916055673,15.05,15.04,-0.0006644518272426181
INDIGO,2026-08-27 12:00:00+05:30,2026-08-27 12:05:00+05:30,2026-08-27 12:30:00+05:30,3.017901425676034,0.001053841732132632,5233.0,5214.0,-0.0036308045098414343
NETWEB,2026-08-27 12:10:00+05:30,2026-08-27 12:15:00+05:30,2026-08-27 12:40:00+05:30,2.204438608579756,0.004883424857962559,5306.5,5344.2,0.007104494487892188
BAJAJ-AUTO,2026-08-27 12:15:00+05:30,2026-08-27 12:20:00+05:30,2026-08-27 12:45:00+05:30,2.7015076410670065,0.003348789283874387,11690.0,11701.0,0.0009409751924722709
HCLTECH,2026-08-27 12:15:00+05:30,2026-08-27 12:20:00+05:30,2026-08-27 12:45:00+05:30,2.6028815060722565,0.0014005602240896309,1288.3,1290.4,0.001630055111387252
ETERNAL,2026-08-27 12:30:00+05:30,2026-08-27 12:35:00+05:30,2026-08-27 13:00:00+05:30,2.0082232652276044,0.0013744654856446825,328.3,328.65,0.0010660980810233145
TCS,2026-08-27 12:30:00+05:30,2026-08-27 12:35:00+05:30,2026-08-27 13:00:00+05:30,2.7704019474792863,0.0004890192940338878,2255.1,2255.1,0.0
BEL,2026-08-27 12:35:00+05:30,2026-08-27 12:40:00+05:30,2026-08-27 13:05:00+05:30,4.137795694933144,0.0012186205215696244,411.45,410.6,-0.002065864625106273
HAL,2026-08-27 12:40:00+05:30,2026-08-27 12:45:00+05:30,2026-08-27 13:10:00+05:30,2.3655793339225704,0.000573300573300628,4894.0,4887.5,-0.0013281569268491777
ICICIBANK,2026-08-27 12:50:00+05:30,2026-08-27 12:55:00+05:30,2026-08-27 13:20:00+05:30,3.2108968594968497,0.00020778501177454167,1446.6,1450.6,0.0027651043826903976
MAXHEALTH,2026-08-27 12:50:00+05:30,2026-08-27 12:55:00+05:30,2026-08-27 13:20:00+05:30,3.1550455167665574,0.0008972186222708789,1005.8,1005.0,-0.0007953867568104567
TITAN,2026-08-27 12:50:00+05:30,2026-08-27 12:55:00+05:30,2026-08-27 13:20:00+05:30,3.0112595176363595,0.0017509046340609125,5159.0,5173.5,0.0028106222136072834
KOTAKBANK,2026-08-27 12:55:00+05:30,2026-08-27 13:00:00+05:30,2026-08-27 13:25:00+05:30,2.2286234772078566,0.0009426181218332719,426.0,426.7,0.0016431924882629456
AXISBANK,2026-08-27 13:00:00+05:30,2026-08-27 13:05:00+05:30,2026-08-27 13:30:00+05:30,3.047625256301566,0.0018293167899465779,1262.5,1263.0,0.0003960396039603964
TATAINVEST,2026-08-27 13:00:00+05:30,2026-08-27 13:05:00+05:30,2026-08-27 13:30:00+05:30,2.1665659513432742,0.0011736170878648977,640.0,639.8,-0.00031250000000004885
ITC,2026-08-27 13:15:00+05:30,2026-08-27 13:20:00+05:30,2026-08-27 13:45:00+05:30,2.1623852989057717,0.0013008734435977498,269.45,268.5,-0.0035257005010205233
GOLDBEES,2026-08-27 13:20:00+05:30,2026-08-27 13:25:00+05:30,2026-08-27 13:50:00+05:30,2.332265894243691,0.0038565368299268155,130.2,130.28,0.0006144393241167556
SILVERBEES,2026-08-27 13:30:00+05:30,2026-08-27 13:35:00+05:30,2026-08-27 14:00:00+05:30,2.678859129892533,0.0008388520971303048,227.1,226.73,-0.0016292382210479905
HEROMOTOCO,2026-08-27 14:25:00+05:30,2026-08-27 14:30:00+05:30,2026-08-27 14:55:00+05:30,2.5207445191131597,0.001708479453286671,5571.5,5580.5,0.0016153639055909164
MARUTI,2026-08-27 14:25:00+05:30,2026-08-27 14:30:00+05:30,2026-08-27 14:55:00+05:30,2.400737616201961,0.004624794867969628,13476.0,13457.0,-0.0014099139210448364
SILVERBEES,2026-08-28 11:45:00+05:30,2026-08-28 11:50:00+05:30,2026-08-28 12:15:00+05:30,2.3328073544065284,0.001632112924569995,227.4,228.84,0.006332453825857565
BEL,2026-08-28 11:55:00+05:30,2026-08-28 12:00:00+05:30,2026-08-28 12:25:00+05:30,2.4357779537179827,0.0010999755560987534,409.9,409.6,-0.0007318858258110739
TCS,2026-08-28 12:05:00+05:30,2026-08-28 12:10:00+05:30,2026-08-28 12:35:00+05:30,3.5671575582075885,0.002795338235926481,2339.0,2333.0,-0.002565198802907176
GOLDBEES,2026-08-28 12:15:00+05:30,2026-08-28 12:20:00+05:30,2026-08-28 12:45:00+05:30,4.429958757177468,0.0012338062924119875,130.28,130.56,0.002149217070924081
TITAN,2026-08-28 12:20:00+05:30,2026-08-28 12:25:00+05:30,2026-08-28 12:50:00+05:30,4.3251108037594275,0.0018874533001245197,5163.5,5152.9,-0.0020528711145541
MCX,2026-08-28 12:25:00+05:30,2026-08-28 12:30:00+05:30,2026-08-28 12:55:00+05:30,3.5358254637910576,0.006891317547055298,3317.0,3323.3,0.0018993066023516025
SUNPHARMA,2026-08-28 12:25:00+05:30,2026-08-28 12:30:00+05:30,2026-08-28 12:55:00+05:30,2.418384209972326,0.0037720033528918506,1918.1,1919.8,0.000886293728168619
BSE,2026-08-28 12:30:00+05:30,2026-08-28 12:35:00+05:30,2026-08-28 13:00:00+05:30,2.061718568231751,0.003261191817373277,3390.3,3385.9,-0.0012978202518951765
HINDZINC,2026-08-28 12:30:00+05:30,2026-08-28 12:35:00+05:30,2026-08-28 13:00:00+05:30,4.328152158189157,0.008122743682310585,618.45,620.7,0.0036381275770069887
ETERNAL,2026-08-28 12:35:00+05:30,2026-08-28 12:40:00+05:30,2026-08-28 13:05:00+05:30,5.597054771995363,0.0009182736455464191,328.0,327.45,-0.0016768292682927122
HDFCBANK,2026-08-28 12:45:00+05:30,2026-08-28 12:50:00+05:30,2026-08-28 13:15:00+05:30,2.1935915651649647,0.0019591379792891495,716.3,713.85,-0.003420354600027875
SILVERBEES,2026-08-28 12:50:00+05:30,2026-08-28 12:55:00+05:30,2026-08-28 13:20:00+05:30,2.428887064743835,0.006074112917322072,230.4,231.06,0.0028645833333333925
WAAREEENER,2026-08-28 12:55:00+05:30,2026-08-28 13:00:00+05:30,2026-08-28 13:25:00+05:30,3.0480754082648427,0.003508638114488427,2637.8,2645.5,0.0029190992493743906
BAJAJ-AUTO,2026-08-28 13:00:00+05:30,2026-08-28 13:05:00+05:30,2026-08-28 13:30:00+05:30,2.1888251754944617,0.001592757146449797,11959.0,11959.0,0.0
HINDCOPPER,2026-08-28 13:10:00+05:30,2026-08-28 13:15:00+05:30,2026-08-28 13:40:00+05:30,2.859630859025517,0.0038544702453697788,534.7,533.35,-0.002524780250607872
IDEA,2026-08-28 13:10:00+05:30,2026-08-28 13:15:00+05:30,2026-08-28 13:40:00+05:30,2.6579431246982383,0.004784688995215225,14.73,14.71,-0.0013577732518669228
TCS,2026-08-28 13:10:00+05:30,2026-08-28 13:15:00+05:30,2026-08-28 13:40:00+05:30,2.3997951882852324,0.004372053150450084,2343.7,2336.6,-0.0030293979604897325
GMDCLTD,2026-08-28 13:15:00+05:30,2026-08-28 13:20:00+05:30,2026-08-28 13:45:00+05:30,3.35889740552081,0.0040535777229468994,571.1,569.0,-0.003677114340746024
BHARTIARTL,2026-08-28 13:20:00+05:30,2026-08-28 13:25:00+05:30,2026-08-28 13:50:00+05:30,2.2924130163580814,0.004277617367126618,1880.1,1879.6,-0.00026594330088824947
CANBK,2026-08-28 13:30:00+05:30,2026-08-28 13:35:00+05:30,2026-08-28 14:00:00+05:30,2.284562961456756,0.0018022253565270763,127.96,127.78,-0.0014066895904969456
INDIGO,2026-08-28 13:30:00+05:30,2026-08-28 13:35:00+05:30,2026-08-28 14:00:00+05:30,3.3270313599639754,0.0021365446246479625,5176.0,5145.0,-0.005989180834621299
TMPV,2026-08-28 13:30:00+05:30,2026-08-28 13:35:00+05:30,2026-08-28 14:00:00+05:30,2.9065650346675302,0.0028562361155188842,316.8,316.95,0.00047348484848486194
BSE,2026-08-28 14:00:00+05:30,2026-08-28 14:05:00+05:30,2026-08-28 14:30:00+05:30,2.9194912027638362,0.0011220693320734831,3404.7,3405.2,0.0001468558169588352
HDFCBANK,2026-08-28 14:00:00+05:30,2026-08-28 14:05:00+05:30,2026-08-28 14:30:00+05:30,2.045388195372127,0.0027297543221109777,716.65,717.9,0.00174422660992124
M&M,2026-08-28 14:30:00+05:30,2026-08-28 14:35:00+05:30,2026-08-28 15:00:00+05:30,2.4663154929381252,0.0021090689966858367,3329.4,3331.0,0.00048056706914145764
GRSE,2026-08-28 14:45:00+05:30,2026-08-28 14:50:00+05:30,2026-08-28 15:15:00+05:30,2.514707350220131,0.0014170815779395163,2615.0,2614.9,-3.824091778203975e-05
AXISBANK,2026-08-31 11:45:00+05:30,2026-08-31 11:50:00+05:30,2026-08-31 12:15:00+05:30,2.001704420798297,0.0011107584893683686,1262.6,1262.5,-7.920164739416702e-05
HINDALCO,2026-08-31 11:45:00+05:30,2026-08-31 11:50:00+05:30,2026-08-31 12:15:00+05:30,2.7436306729658373,0.0005437200336118053,1013.5,1016.0,0.0024666995559941007
ICICIBANK,2026-08-31 11:45:00+05:30,2026-08-31 11:50:00+05:30,2026-08-31 12:15:00+05:30,2.037161013382463,0.0018959342742785878,1427.4,1431.0,0.0025220680958384367
M&M,2026-08-31 11:45:00+05:30,2026-08-31 11:50:00+05:30,2026-08-31 12:15:00+05:30,2.210942632657253,0.002174569616429922,3323.7,3339.6,0.004783825254986995
PAYTM,2026-08-31 11:45:00+05:30,2026-08-31 11:50:00+05:30,2026-08-31 12:15:00+05:30,2.0156861962779797,0.005397865114022293,1659.5,1672.5,0.007833684844832822
SAMMAANCAP,2026-08-31 11:45:00+05:30,2026-08-31 11:50:00+05:30,2026-08-31 12:15:00+05:30,2.0285048158728447,0.008891033151836814,146.88,146.3,-0.003948801742919228
SUNPHARMA,2026-08-31 11:45:00+05:30,2026-08-31 11:50:00+05:30,2026-08-31 12:15:00+05:30,2.853782750888665,0.0006806639091052613,1915.8,1922.7,0.0036016285624804745
ADANIPOWER,2026-08-31 11:50:00+05:30,2026-08-31 11:55:00+05:30,2026-08-31 12:20:00+05:30,2.194322623265706,0.0072279929156096046,210.79,210.72,-0.00033208406470897067
BEL,2026-08-31 11:50:00+05:30,2026-08-31 11:55:00+05:30,2026-08-31 12:20:00+05:30,2.3112215123797517,0.0017114914425426786,410.4,411.3,0.002192982456140413
DIXON,2026-08-31 11:50:00+05:30,2026-08-31 11:55:00+05:30,2026-08-31 12:20:00+05:30,2.1839849702469856,0.00013608219364491525,14719.0,14726.0,0.00047557578639856324
GMDCLTD,2026-08-31 11:50:00+05:30,2026-08-31 11:55:00+05:30,2026-08-31 12:20:00+05:30,2.4068904067998007,0.002598333482662918,560.8,559.8,-0.001783166904422262
GRSE,2026-08-31 11:50:00+05:30,2026-08-31 11:55:00+05:30,2026-08-31 12:20:00+05:30,2.7656061636779343,0.0011742142549611145,2567.4,2562.3,-0.001986445431175432
HAL,2026-08-31 11:50:00+05:30,2026-08-31 11:55:00+05:30,2026-08-31 12:20:00+05:30,3.4047069435518207,0.0026096033402922547,4812.0,4820.3,0.0017248545303407692
HCLTECH,2026-08-31 11:50:00+05:30,2026-08-31 11:55:00+05:30,2026-08-31 12:20:00+05:30,3.2435063537593867,0.003451979134703853,1312.2,1309.9,-0.0017527815881724917
INFY,2026-08-31 11:50:00+05:30,2026-08-31 11:55:00+05:30,2026-08-31 12:20:00+05:30,2.2969060915443316,0.0013400035733428517,1122.6,1121.9,-0.0006235524674860216
NETWEB,2026-08-31 11:50:00+05:30,2026-08-31 11:55:00+05:30,2026-08-31 12:20:00+05:30,2.011359209681818,0.001940428834772412,5190.0,5160.0,-0.005780346820809301
RELIANCE,2026-08-31 11:50:00+05:30,2026-08-31 11:55:00+05:30,2026-08-31 12:20:00+05:30,2.792677674280872,0.002659782523664278,1285.7,1284.8,-0.0007000077778642755
SBIN,2026-08-31 11:50:00+05:30,2026-08-31 11:55:00+05:30,2026-08-31 12:20:00+05:30,2.7942989774442997,0.003474232773595709,1041.9,1041.2,-0.0006718495057107532
SWIGGY,2026-08-31 11:50:00+05:30,2026-08-31 11:55:00+05:30,2026-08-31 12:20:00+05:30,2.191505046450498,0.0016172506738543202,280.0,281.1,0.003928571428571503
ANANTRAJ,2026-08-31 12:10:00+05:30,2026-08-31 12:15:00+05:30,2026-08-31 12:40:00+05:30,2.5722040409161413,0.0037926675094817064,596.35,594.4,-0.0032698918420391854
TRENT,2026-08-31 12:10:00+05:30,2026-08-31 12:15:00+05:30,2026-08-31 12:40:00+05:30,3.6034379717041087,0.0018457252307158,2888.3,2889.7,0.00048471419173901076
TATASTEEL,2026-08-31 12:15:00+05:30,2026-08-31 12:20:00+05:30,2026-08-31 12:45:00+05:30,2.6166340011030202,0.0029750426973722544,182.76,182.24,-0.0028452615451958208
TMPV,2026-08-31 12:15:00+05:30,2026-08-31 12:20:00+05:30,2026-08-31 12:45:00+05:30,2.288517737059372,0.0011107584893683686,315.65,317.75,0.006652938381118467
INDIGO,2026-08-31 12:20:00+05:30,2026-08-31 12:25:00+05:30,2026-08-31 12:50:00+05:30,2.6039270349747397,0.0027540080653092325,5104.5,5100.5,-0.0007836222940542648
MAXHEALTH,2026-08-31 12:25:00+05:30,2026-08-31 12:30:00+05:30,2026-08-31 12:55:00+05:30,2.573110362845493,0.0005952380952380931,1011.4,1010.8,-0.0005932370970931355
MARUTI,2026-08-31 12:30:00+05:30,2026-08-31 12:35:00+05:30,2026-08-31 13:00:00+05:30,2.2520603987645855,0.004052836985890096,13400.0,13443.0,0.0032089552238805386
WAAREEENER,2026-08-31 12:40:00+05:30,2026-08-31 12:45:00+05:30,2026-08-31 13:10:00+05:30,2.1809833051506335,0.0002315797599290459,2595.1,2590.1,-0.0019267080266656134
HCLTECH,2026-08-31 13:00:00+05:30,2026-08-31 13:05:00+05:30,2026-08-31 13:30:00+05:30,2.2989512771334373,0.0030515715593530945,1316.6,1318.7,0.0015950174692389574
SILVERBEES,2026-08-31 13:00:00+05:30,2026-08-31 13:05:00+05:30,2026-08-31 13:30:00+05:30,2.108320930084679,0.0017057186461979512,223.27,223.62,0.0015676087248621684
TCS,2026-08-31 13:00:00+05:30,2026-08-31 13:05:00+05:30,2026-08-31 13:30:00+05:30,2.296482448832465,0.0009907387465002415,2325.8,2325.2,-0.0002579757502796376
HINDCOPPER,2026-08-31 13:10:00+05:30,2026-08-31 13:15:00+05:30,2026-08-31 13:40:00+05:30,2.041405413534714,0.001996387489304974,527.2,527.2,0.0
ICICIBANK,2026-08-31 13:10:00+05:30,2026-08-31 13:15:00+05:30,2026-08-31 13:40:00+05:30,2.471562894126161,0.0015339562125227246,1441.3,1441.9,0.0004162908485396688
NETWEB,2026-08-31 13:35:00+05:30,2026-08-31 13:40:00+05:30,2026-08-31 14:05:00+05:30,3.4467345887983964,0.00385883265464404,5195.5,5175.0,-0.003945722259647733
HINDZINC,2026-08-31 13:40:00+05:30,2026-08-31 13:45:00+05:30,2026-08-31 14:10:00+05:30,2.184800283217437,0.00033517680576489184,598.1,596.7,-0.002340745694699886
ANANTRAJ,2026-08-31 13:45:00+05:30,2026-08-31 13:50:00+05:30,2026-08-31 14:15:00+05:30,3.5691486528284733,0.0015994612341105885,597.85,597.2,-0.0010872292381031157
HEROMOTOCO,2026-08-31 13:45:00+05:30,2026-08-31 13:50:00+05:30,2026-08-31 14:15:00+05:30,2.1043167467215866,0.0014393666786614023,5569.0,5571.0,0.00035913090321426644
HINDALCO,2026-08-31 14:05:00+05:30,2026-08-31 14:10:00+05:30,2026-08-31 14:35:00+05:30,2.25060239823135,0.0012750098077676242,1022.15,1024.05,0.0018588269823411885
VEDL,2026-08-31 14:05:00+05:30,2026-08-31 14:10:00+05:30,2026-08-31 14:35:00+05:30,6.936071720296335,0.0010795250089961073,279.2,280.2,0.003581661891117527
INFY,2026-08-31 14:15:00+05:30,2026-08-31 14:20:00+05:30,2026-08-31 14:45:00+05:30,2.27206415550137,8.902341315786266e-05,1124.0,1126.6,0.002313167259786475
LT,2026-08-31 14:15:00+05:30,2026-08-31 14:20:00+05:30,2026-08-31 14:45:00+05:30,2.4233830103584273,0.001748120770172168,4016.0,4023.6,0.001892430278884527
SUNPHARMA,2026-08-31 14:15:00+05:30,2026-08-31 14:20:00+05:30,2026-08-31 14:45:00+05:30,2.2052531196728613,0.00328142090733885,1930.5,1929.7,-0.00041440041440043984
AXISBANK,2026-08-31 14:30:00+05:30,2026-08-31 14:35:00+05:30,2026-08-31 15:00:00+05:30,4.039350872559233,0.0017435409732129425,1265.7,1264.8,-0.000711068973690554
GRSE,2026-08-31 14:30:00+05:30,2026-08-31 14:35:00+05:30,2026-08-31 15:00:00+05:30,2.183861096331486,0.0008230775260640311,2564.7,2564.8,3.899091511683217e-05
CANBK,2026-08-31 14:35:00+05:30,2026-08-31 14:40:00+05:30,2026-08-31 15:05:00+05:30,2.5687351689056683,0.0024573919936583533,126.54,126.22,-0.002528844634107852
ICICIBANK,2026-08-31 14:35:00+05:30,2026-08-31 14:40:00+05:30,2026-08-31 15:05:00+05:30,2.1819859946564,0.0008315432055991945,1447.8,1442.7,-0.0035225859925402947
KOTAKBANK,2026-08-31 14:35:00+05:30,2026-08-31 14:40:00+05:30,2026-08-31 15:05:00+05:30,2.045489187332821,0.0027254414030100094,423.65,423.65,0.0
GMDCLTD,2026-08-31 14:40:00+05:30,2026-08-31 14:45:00+05:30,2026-08-31 15:10:00+05:30,2.032676269514385,0.0020568771239490857,560.95,562.0,0.0018718245832960445
SBIN,2026-08-31 14:40:00+05:30,2026-08-31 14:45:00+05:30,2026-08-31 15:10:00+05:30,4.343487971506794,0.0009596928982724684,1045.7,1043.0,-0.0025820024863728586
NETWEB,2026-08-31 14:45:00+05:30,2026-08-31 14:50:00+05:30,2026-08-31 15:15:00+05:30,2.0581988024235613,0.0008309178743961532,5193.6,5175.9,-0.003408040665434542
ANANTRAJ,2026-08-31 14:50:00+05:30,2026-08-31 14:55:00+05:30,2026-08-31 15:20:00+05:30,2.9992187421947563,0.014986604152712468,602.8,605.0,0.0036496350364965124
HCLTECH,2026-09-01 11:45:00+05:30,2026-09-01 11:50:00+05:30,2026-09-01 12:15:00+05:30,2.48442368408946,0.006628928943840373,1355.6,1362.0,0.004721156683387573
INFY,2026-09-01 11:50:00+05:30,2026-09-01 11:55:00+05:30,2026-09-01 12:20:00+05:30,3.7561205849250228,0.002011896431070692,1149.0,1149.1,8.703220191463856e-05
TCS,2026-09-01 11:50:00+05:30,2026-09-01 11:55:00+05:30,2026-09-01 12:20:00+05:30,2.631097338334854,0.001533611655448519,2356.6,2363.9,0.0030976831027753615
BHARTIARTL,2026-09-01 12:00:00+05:30,2026-09-01 12:05:00+05:30,2026-09-01 12:30:00+05:30,2.1218996507627055,0.00037515408114030535,1867.4,1866.9,-0.00026775195458927925
ETERNAL,2026-09-01 12:00:00+05:30,2026-09-01 12:05:00+05:30,2026-09-01 12:30:00+05:30,2.428787552728823,0.00335980452046436,329.0,327.2,-0.00547112462006083
ITC,2026-09-01 12:05:00+05:30,2026-09-01 12:10:00+05:30,2026-09-01 12:35:00+05:30,2.828250723537926,0.006800151114469299,266.4,266.1,-0.001126126126125948
ADANIPOWER,2026-09-01 12:10:00+05:30,2026-09-01 12:15:00+05:30,2026-09-01 12:40:00+05:30,2.397333849467622,0.004324749361116709,205.29,204.61,-0.0033123873544740334
POWERGRID,2026-09-01 12:15:00+05:30,2026-09-01 12:20:00+05:30,2026-09-01 12:45:00+05:30,2.2841053769878403,0.0007604562737641984,263.55,263.2,-0.0013280212483400833
ANANTRAJ,2026-09-01 12:40:00+05:30,2026-09-01 12:45:00+05:30,2026-09-01 13:10:00+05:30,2.2292039311784073,0.002438409148238563,597.0,595.3,-0.0028475711892798072
BAJFINANCE,2026-09-01 12:40:00+05:30,2026-09-01 12:45:00+05:30,2026-09-01 13:10:00+05:30,2.8246436600821387,0.00142112742775935,1058.8,1058.1,-0.0006611258027956479
BSE,2026-09-01 12:45:00+05:30,2026-09-01 12:50:00+05:30,2026-09-01 13:15:00+05:30,2.5907029466639315,0.003115745310957596,3259.5,3253.0,-0.0019941708851051176
ITC,2026-09-01 13:30:00+05:30,2026-09-01 13:35:00+05:30,2026-09-01 14:00:00+05:30,2.2062484478375524,0.006774557771923373,267.95,267.4,-0.0020526217577906403
MAXHEALTH,2026-09-01 13:30:00+05:30,2026-09-01 13:35:00+05:30,2026-09-01 14:00:00+05:30,2.7853645630661266,0.00019743336623889718,1015.3,1013.1,-0.0021668472372696757
HDFCBANK,2026-09-02 11:50:00+05:30,2026-09-02 11:55:00+05:30,2026-09-02 12:20:00+05:30,2.417305134330014,0.0009260578429974853,704.15,702.7,-0.0020592203365759065
DIXON,2026-09-02 12:00:00+05:30,2026-09-02 12:05:00+05:30,2026-09-02 12:30:00+05:30,2.2243039399777063,0.001456209694195909,14463.0,14539.0,0.005254788079928074
BAJFINANCE,2026-09-02 12:10:00+05:30,2026-09-02 12:15:00+05:30,2026-09-02 12:40:00+05:30,3.3695471820527936,0.0024963994239077802,1047.8,1050.9,0.002958579881656931
TMPV,2026-09-02 12:10:00+05:30,2026-09-02 12:15:00+05:30,2026-09-02 12:40:00+05:30,5.963924091853243,0.00048756704046826194,309.5,311.65,0.006946688206785012
LT,2026-09-02 12:15:00+05:30,2026-09-02 12:20:00+05:30,2026-09-02 12:45:00+05:30,3.442881886408481,0.0034589845229380245,3983.3,3986.1,0.0007029347525919771
BAJAJ-AUTO,2026-09-02 12:20:00+05:30,2026-09-02 12:25:00+05:30,2026-09-02 12:50:00+05:30,2.230949731958998,0.0028461409676878713,12026.0,12010.0,-0.0013304506901713475
TRENT,2026-09-02 12:25:00+05:30,2026-09-02 12:30:00+05:30,2026-09-02 12:55:00+05:30,4.2564809012244185,0.002907801418439604,2839.9,2863.1,0.00816930173597652
POWERGRID,2026-09-02 12:30:00+05:30,2026-09-02 12:35:00+05:30,2026-09-02 13:00:00+05:30,2.2335804353964943,0.003566735498404361,267.8,267.85,0.00018670649738616873
WAAREEENER,2026-09-02 12:30:00+05:30,2026-09-02 12:35:00+05:30,2026-09-02 13:00:00+05:30,2.2075528778505626,3.851635019058719e-05,2603.2,2593.0,-0.003918254456053982
BHARTIARTL,2026-09-02 12:35:00+05:30,2026-09-02 12:40:00+05:30,2026-09-02 13:05:00+05:30,2.745420396462836,0.002146383344065139,1871.0,1870.9,-5.344735435586223e-05
HAL,2026-09-02 12:35:00+05:30,2026-09-02 12:40:00+05:30,2026-09-02 13:05:00+05:30,2.00424477166666,0.003454560868090928,4736.0,4741.6,0.0011824324324325453
INDIGO,2026-09-02 12:35:00+05:30,2026-09-02 12:40:00+05:30,2026-09-02 13:05:00+05:30,2.1870228893587944,0.0003042596348883375,4938.5,4940.0,0.00030373595221222516
PAYTM,2026-09-02 12:35:00+05:30,2026-09-02 12:40:00+05:30,2026-09-02 13:05:00+05:30,6.614476257144667,0.0026922113698972794,1620.0,1612.5,-0.00462962962962965
TITAN,2026-09-02 12:35:00+05:30,2026-09-02 12:40:00+05:30,2026-09-02 13:05:00+05:30,2.788567418297513,0.001906290759506435,5009.0,5018.0,0.0017967658215212179
ADANIPOWER,2026-09-02 12:40:00+05:30,2026-09-02 12:45:00+05:30,2026-09-02 13:10:00+05:30,2.1293260704862287,0.00428954423592498,206.51,206.77,0.001259018933707834
ETERNAL,2026-09-02 12:45:00+05:30,2026-09-02 12:50:00+05:30,2026-09-02 13:15:00+05:30,2.11324083157199,0.0038729666924863793,324.3,326.05,0.005396238051187163
ANANTRAJ,2026-09-02 13:00:00+05:30,2026-09-02 13:05:00+05:30,2026-09-02 13:30:00+05:30,2.5773673173998004,0.0020802635000432,579.3,579.15,-0.0002589331952356222
KAYNES,2026-09-02 13:05:00+05:30,2026-09-02 13:10:00+05:30,2026-09-02 13:35:00+05:30,2.3590817113694325,0.0017734988598934187,3570.4,3573.6,0.0008962581223392885
SAMMAANCAP,2026-09-02 13:10:00+05:30,2026-09-02 13:15:00+05:30,2026-09-02 13:40:00+05:30,2.497838634912769,0.008715344496294408,147.88,151.21,0.02251825804706531
M&M,2026-09-02 13:15:00+05:30,2026-09-02 13:20:00+05:30,2026-09-02 13:45:00+05:30,2.2634456808440655,0.004298628231873103,3180.9,3174.2,-0.0021063221100947604
RELIANCE,2026-09-02 13:25:00+05:30,2026-09-02 13:30:00+05:30,2026-09-02 13:55:00+05:30,2.1512174816960203,0.0009940357852882276,1310.2,1313.3,0.002366050984582424
TCS,2026-09-02 13:25:00+05:30,2026-09-02 13:30:00+05:30,2026-09-02 13:55:00+05:30,2.729500575431075,0.002609179177894605,2346.7,2342.0,-0.002002812460050185
HINDCOPPER,2026-09-02 13:30:00+05:30,2026-09-02 13:35:00+05:30,2026-09-02 14:00:00+05:30,3.066802603457647,0.0011544011544011301,521.8,521.85,9.58221540821036e-05
HINDZINC,2026-09-02 13:30:00+05:30,2026-09-02 13:35:00+05:30,2026-09-02 14:00:00+05:30,2.741523110119484,0.0004241961482989165,591.05,588.7,-0.003975974959817163
NETWEB,2026-09-02 13:50:00+05:30,2026-09-02 13:55:00+05:30,2026-09-02 14:20:00+05:30,3.305884196026097,0.0011760094080752737,5131.0,5104.0,-0.005262132137984765
ANANTRAJ,2026-09-02 14:05:00+05:30,2026-09-02 14:10:00+05:30,2026-09-02 14:35:00+05:30,2.590724072739466,0.012259345592678939,585.25,586.85,0.002733874412644166
HCLTECH,2026-09-02 14:05:00+05:30,2026-09-02 14:10:00+05:30,2026-09-02 14:35:00+05:30,2.056400130187607,0.0015759849906191725,1333.9,1331.6,-0.0017242671864459158
BAJAJ-AUTO,2026-09-02 14:15:00+05:30,2026-09-02 14:20:00+05:30,2026-09-02 14:45:00+05:30,2.0818638953310176,0.002331584644849727,12056.0,12131.0,0.006220968812209682
INDIGO,2026-09-02 14:15:00+05:30,2026-09-02 14:20:00+05:30,2026-09-02 14:45:00+05:30,2.150694888729598,0.003624647603705178,4996.0,4990.5,-0.0011008807045636004
BSE,2026-09-02 14:20:00+05:30,2026-09-02 14:25:00+05:30,2026-09-02 14:50:00+05:30,4.1149760991328,0.0016202821197102146,3163.0,3179.6,0.0052481821055958555
TITAN,2026-09-02 14:25:00+05:30,2026-09-02 14:30:00+05:30,2026-09-02 14:55:00+05:30,2.1638465655622556,0.003986843416724728,5048.0,5041.0,-0.0013866877971473457
HEROMOTOCO,2026-09-02 14:30:00+05:30,2026-09-02 14:35:00+05:30,2026-09-02 15:00:00+05:30,2.136365799198543,0.006037374221370406,5253.5,5257.0,0.0006662225183211579
LT,2026-09-02 14:30:00+05:30,2026-09-02 14:35:00+05:30,2026-09-02 15:00:00+05:30,2.3044476306163277,0.0018318695106649407,3997.4,3992.7,-0.001175764246760469
MAXHEALTH,2026-09-02 14:30:00+05:30,2026-09-02 14:35:00+05:30,2026-09-02 15:00:00+05:30,3.125303817379244,0.002925451427418624,994.6,990.4,-0.004222803136939568
SUNPHARMA,2026-09-02 14:30:00+05:30,2026-09-02 14:35:00+05:30,2026-09-02 15:00:00+05:30,2.3191183231978707,0.0002073505779898177,1931.3,1921.8,-0.004918966499249167
BEL,2026-09-02 14:35:00+05:30,2026-09-02 14:40:00+05:30,2026-09-02 15:05:00+05:30,3.290708682346168,0.0018536826495303416,405.85,404.85,-0.002463964518910955
HAL,2026-09-02 14:35:00+05:30,2026-09-02 14:40:00+05:30,2026-09-02 15:05:00+05:30,2.178738574005703,0.0022314849901057254,4765.3,4774.2,0.0018676683524645465
POWERGRID,2026-09-02 14:35:00+05:30,2026-09-02 14:40:00+05:30,2026-09-02 15:05:00+05:30,2.2602317163983776,0.0029917726252806087,268.0,267.4,-0.00223880597014936
SWIGGY,2026-09-02 14:35:00+05:30,2026-09-02 14:40:00+05:30,2026-09-02 15:05:00+05:30,2.6243549121359484,0.002997377294867043,268.65,268.1,-0.0020472734040571927
GRSE,2026-09-02 14:45:00+05:30,2026-09-02 14:50:00+05:30,2026-09-02 15:15:00+05:30,3.2286350664466013,8.013462617184608e-05,2500.0,2497.0,-0.0011999999999999789
BSE,2026-09-03 11:45:00+05:30,2026-09-03 11:50:00+05:30,2026-09-03 12:15:00+05:30,2.942098280226769,0.007982740021575063,3287.0,3288.8,0.0005476118040768085
HAL,2026-09-03 11:45:00+05:30,2026-09-03 11:50:00+05:30,2026-09-03 12:15:00+05:30,3.692325583835345,0.00502092050209213,4808.9,4786.2,-0.004720414231944914
INFY,2026-09-03 11:50:00+05:30,2026-09-03 11:55:00+05:30,2026-09-03 12:20:00+05:30,2.3300804100249546,0.002392556490917297,1132.3,1129.7,-0.0022962112514350874
HCLTECH,2026-09-03 12:40:00+05:30,2026-09-03 12:45:00+05:30,2026-09-03 13:10:00+05:30,2.506003465184309,0.0005307855626326408,1321.1,1321.4,0.0002270834910302888
SWIGGY,2026-09-03 12:45:00+05:30,2026-09-03 12:50:00+05:30,2026-09-03 13:15:00+05:30,2.5800445829359053,0.004135338345864659,268.7,270.45,0.006512839598064701
PAYTM,2026-09-03 12:50:00+05:30,2026-09-03 12:55:00+05:30,2026-09-03 13:20:00+05:30,2.029579740674909,0.0019659642440252867,1633.1,1630.0,-0.0018982303594390348
MARUTI,2026-09-03 12:55:00+05:30,2026-09-03 13:00:00+05:30,2026-09-03 13:25:00+05:30,2.029064684682357,0.0031080031080030768,12914.0,12874.0,-0.0030974136595942614
MAXHEALTH,2026-09-03 13:05:00+05:30,2026-09-03 13:10:00+05:30,2026-09-03 13:35:00+05:30,3.8599330836743952,0.004462022107291297,993.3,992.9,-0.00040269807711668104
HINDZINC,2026-09-03 13:45:00+05:30,2026-09-03 13:50:00+05:30,2026-09-03 14:15:00+05:30,2.0878835907277065,0.002644374306918218,588.35,587.95,-0.00067986742585191
IDEA,2026-09-03 13:50:00+05:30,2026-09-03 13:55:00+05:30,2026-09-03 14:20:00+05:30,2.626889912835227,0.0020761245674740803,14.56,14.54,-0.0013736263736264798
TATASTEEL,2026-09-03 14:10:00+05:30,2026-09-03 14:15:00+05:30,2026-09-03 14:40:00+05:30,4.302550484091734,0.0038948927533051236,183.54,183.88,0.001852457230031579
SAMMAANCAP,2026-09-03 14:15:00+05:30,2026-09-03 14:20:00+05:30,2026-09-03 14:45:00+05:30,2.2241679239246057,0.0019563090968373054,153.71,153.6,-0.0007156333355019528
HDFCBANK,2026-09-03 14:25:00+05:30,2026-09-03 14:30:00+05:30,2026-09-03 14:55:00+05:30,5.004813937427726,0.0005659309564234327,710.4,708.3,-0.002956081081081141
GMDCLTD,2026-09-03 14:35:00+05:30,2026-09-03 14:40:00+05:30,2026-09-03 15:05:00+05:30,2.935921375825767,0.005946569628117571,565.65,566.25,0.0010607265977193858
WAAREEENER,2026-09-03 14:40:00+05:30,2026-09-03 14:45:00+05:30,2026-09-03 15:10:00+05:30,3.8338999743253037,0.002727237308606467,2580.9,2581.0,3.874617381538492e-05
KOTAKBANK,2026-09-04 11:45:00+05:30,2026-09-04 11:50:00+05:30,2026-09-04 12:15:00+05:30,2.3513169638074816,0.0024781685154591226,425.4,425.65,0.0005876821814763122
AXISBANK,2026-09-04 11:50:00+05:30,2026-09-04 11:55:00+05:30,2026-09-04 12:20:00+05:30,3.039900962412253,0.0010237026537522897,1274.7,1273.7,-0.0007844983133286076
WAAREEENER,2026-09-04 12:30:00+05:30,2026-09-04 12:35:00+05:30,2026-09-04 13:00:00+05:30,4.035737249393935,0.004559857794265376,2604.8,2608.9,0.0015740171990170637
HAL,2026-09-04 13:05:00+05:30,2026-09-04 13:10:00+05:30,2026-09-04 13:35:00+05:30,3.5537992838752395,0.0025486797838718545,4932.7,4914.1,-0.0037707543535993038
GOLDBEES,2026-09-04 13:10:00+05:30,2026-09-04 13:15:00+05:30,2026-09-04 13:40:00+05:30,3.6621332128731443,0.0008651879817525021,127.57,127.41,-0.0012542133730500948
HINDZINC,2026-09-04 13:10:00+05:30,2026-09-04 13:15:00+05:30,2026-09-04 13:40:00+05:30,2.074454318426863,0.0031147402980047367,597.55,600.3,0.004602125345159358
SILVERBEES,2026-09-04 13:10:00+05:30,2026-09-04 13:15:00+05:30,2026-09-04 13:40:00+05:30,2.758552141365941,0.0014828794823402713,223.22,223.42,0.0008959770629870523
GRSE,2026-09-04 13:15:00+05:30,2026-09-04 13:20:00+05:30,2026-09-04 13:45:00+05:30,2.575821577013333,0.0035078038782909715,2550.5,2548.2,-0.000901783963928704
HINDCOPPER,2026-09-04 13:15:00+05:30,2026-09-04 13:20:00+05:30,2026-09-04 13:45:00+05:30,3.4428729620957363,0.0020237062734893563,521.45,523.25,0.0034519129350847333
BAJFINANCE,2026-09-04 13:20:00+05:30,2026-09-04 13:25:00+05:30,2026-09-04 13:50:00+05:30,3.421635649501733,0.0023696682464455776,1061.4,1058.5,-0.002732240437158584
HINDALCO,2026-09-04 13:20:00+05:30,2026-09-04 13:25:00+05:30,2026-09-04 13:50:00+05:30,2.2248123660982047,0.0029761904761904656,1012.6,1017.5,0.004839028244123966
M&M,2026-09-04 13:20:00+05:30,2026-09-04 13:25:00+05:30,2026-09-04 13:50:00+05:30,3.0586838337248405,0.0007584376185059138,3170.0,3167.0,-0.0009463722397475838
VEDL,2026-09-04 13:20:00+05:30,2026-09-04 13:25:00+05:30,2026-09-04 13:50:00+05:30,3.150467592325998,0.004442798963346872,271.95,272.85,0.003309431880860636
TATASTEEL,2026-09-04 13:30:00+05:30,2026-09-04 13:35:00+05:30,2026-09-04 14:00:00+05:30,2.2839849783730712,0.003537414965986363,184.91,188.81,0.02109134173381655
AXISBANK,2026-09-04 13:40:00+05:30,2026-09-04 13:45:00+05:30,2026-09-04 14:10:00+05:30,2.1065233066028175,0.0030588235294117805,1278.7,1280.5,0.001407679674669593
KAYNES,2026-09-04 13:45:00+05:30,2026-09-04 13:50:00+05:30,2026-09-04 14:15:00+05:30,2.155171149056421,0.003409440236983974,3590.0,3581.0,-0.002506963788300842
TRENT,2026-09-04 14:00:00+05:30,2026-09-04 14:05:00+05:30,2026-09-04 14:30:00+05:30,2.6382595902427295,0.003795199775099345,2872.8,2856.6,-0.005639097744360999
IDEA,2026-09-04 14:20:00+05:30,2026-09-04 14:25:00+05:30,2026-09-04 14:50:00+05:30,2.7726301157490876,0.0006657789613848664,15.1,15.08,-0.0013245033112582183
INDIGO,2026-09-04 14:25:00+05:30,2026-09-04 14:30:00+05:30,2026-09-04 14:55:00+05:30,2.0873628483022135,0.0024038461538462563,5006.0,5005.0,-0.00019976028765478215
M&M,2026-09-04 14:25:00+05:30,2026-09-04 14:30:00+05:30,2026-09-04 14:55:00+05:30,2.375374762988004,0.000631512472371254,3173.9,3180.2,0.0019849396641355987
WAAREEENER,2026-09-04 14:25:00+05:30,2026-09-04 14:30:00+05:30,2026-09-04 14:55:00+05:30,2.688221662196777,0.00401069518716568,2639.7,2635.0,-0.001780505360457596
SWIGGY,2026-09-04 14:30:00+05:30,2026-09-04 14:35:00+05:30,2026-09-04 15:00:00+05:30,4.277537851311001,0.0005388898868330383,281.9,281.4,-0.0017736786094360024
TATAINVEST,2026-09-04 14:30:00+05:30,2026-09-04 14:35:00+05:30,2026-09-04 15:00:00+05:30,2.884991851342478,0.001577162684330835,635.3,632.95,-0.00369903982370523
TITAN,2026-09-04 14:30:00+05:30,2026-09-04 14:35:00+05:30,2026-09-04 15:00:00+05:30,3.825332758444823,0.0017022128767396616,5007.5,5011.5,0.0007988017973039607
HEROMOTOCO,2026-09-04 14:35:00+05:30,2026-09-04 14:40:00+05:30,2026-09-04 15:05:00+05:30,2.1384519523733196,0.0005657708628006297,5311.5,5302.5,-0.0016944365998305955
ANANTRAJ,2026-09-04 14:45:00+05:30,2026-09-04 14:50:00+05:30,2026-09-04 15:15:00+05:30,4.097267627667021,0.005439129739241766,632.2,625.7,-0.010281556469471709
MAXHEALTH,2026-09-07 11:45:00+05:30,2026-09-07 11:50:00+05:30,2026-09-07 12:15:00+05:30,2.096577900108841,0.0017341630113230089,985.8,987.3,0.0015216068167984709
BAJFINANCE,2026-09-07 11:55:00+05:30,2026-09-07 12:00:00+05:30,2026-09-07 12:25:00+05:30,2.1815936638317597,9.404683532410196e-05,1064.0,1057.8,-0.005827067669172958
HDFCBANK,2026-09-07 11:55:00+05:30,2026-09-07 12:00:00+05:30,2026-09-07 12:25:00+05:30,2.236724004363842,0.0014076576576576016,711.7,710.0,-0.00238864690178453
MCX,2026-09-07 12:05:00+05:30,2026-09-07 12:10:00+05:30,2026-09-07 12:35:00+05:30,2.6531042294970204,0.006145083932853623,3361.0,3353.1,-0.0023504909253199147
MARUTI,2026-09-07 12:15:00+05:30,2026-09-07 12:20:00+05:30,2026-09-07 12:45:00+05:30,2.2897224343307188,0.001645639056500281,12796.0,12814.0,0.0014066895904969456
M&M,2026-09-07 12:20:00+05:30,2026-09-07 12:25:00+05:30,2026-09-07 12:50:00+05:30,2.0639604872848354,0.0028120063191152678,3175.0,3163.0,-0.0037795275590550848
BSE,2026-09-07 13:25:00+05:30,2026-09-07 13:30:00+05:30,2026-09-07 13:55:00+05:30,6.547684084648866,0.002744525547445198,3461.8,3453.7,-0.0023398232133573504
INDIGO,2026-09-07 13:25:00+05:30,2026-09-07 13:30:00+05:30,2026-09-07 13:55:00+05:30,2.6854808596923494,0.0009053415149380406,4983.5,4986.0,0.0005016554630279391
BAJAJ-AUTO,2026-09-07 13:30:00+05:30,2026-09-07 13:35:00+05:30,2026-09-07 14:00:00+05:30,2.4477231747458923,0.001017984390905946,11814.0,11817.0,0.0002539360081259545
GOLDBEES,2026-09-07 13:30:00+05:30,2026-09-07 13:35:00+05:30,2026-09-07 14:00:00+05:30,3.476944147824214,0.001119283658458592,125.49,125.77,0.002231253486333573
HEROMOTOCO,2026-09-07 13:35:00+05:30,2026-09-07 13:40:00+05:30,2026-09-07 14:05:00+05:30,2.3973590047667175,0.0027407617427464004,5315.5,5306.0,-0.0017872260370613846
KOTAKBANK,2026-09-07 13:35:00+05:30,2026-09-07 13:40:00+05:30,2026-09-07 14:05:00+05:30,5.005797207689515,0.0011837121212121549,424.3,423.9,-0.0009427292010371069
TRENT,2026-09-07 13:40:00+05:30,2026-09-07 13:45:00+05:30,2026-09-07 14:10:00+05:30,2.07737483078561,0.00294307659177373,2801.6,2812.6,0.003926327812678432
BHARTIARTL,2026-09-07 13:45:00+05:30,2026-09-07 13:50:00+05:30,2026-09-07 14:15:00+05:30,3.421488643889741,0.001197148609675125,1845.0,1848.4,0.0018428184281842341
IDEA,2026-09-07 13:45:00+05:30,2026-09-07 13:50:00+05:30,2026-09-07 14:15:00+05:30,4.3224915827991435,0.0006443298969072142,15.62,15.63,0.000640204865557159
SILVERBEES,2026-09-07 13:45:00+05:30,2026-09-07 13:50:00+05:30,2026-09-07 14:15:00+05:30,4.66938149659053,0.00237193814715142,220.35,220.13,-0.0009984116178806124
SWIGGY,2026-09-07 13:45:00+05:30,2026-09-07 13:50:00+05:30,2026-09-07 14:15:00+05:30,4.4213042335294555,0.002176673317612954,277.1,278.75,0.005954529050884005
SBIN,2026-09-07 13:50:00+05:30,2026-09-07 13:55:00+05:30,2026-09-07 14:20:00+05:30,2.86121778281062,0.0014946193702669586,1006.6,1005.5,-0.0010927876018279603
VEDL,2026-09-07 13:50:00+05:30,2026-09-07 13:55:00+05:30,2026-09-07 14:20:00+05:30,2.6907196690635504,0.0018601190476190688,269.4,269.1,-0.001113585746102319
SAMMAANCAP,2026-09-07 14:05:00+05:30,2026-09-07 14:10:00+05:30,2026-09-07 14:35:00+05:30,2.15475326236902,0.002557544757033181,157.01,156.62,-0.002483918221769188
ITC,2026-09-07 14:20:00+05:30,2026-09-07 14:25:00+05:30,2026-09-07 14:50:00+05:30,2.6837593227719116,0.0013287775246773048,263.95,263.5,-0.0017048683462776992
HCLTECH,2026-09-07 14:35:00+05:30,2026-09-07 14:40:00+05:30,2026-09-07 15:05:00+05:30,3.2620412732610475,0.002446917673060156,1273.3,1274.5,0.0009424330479856913
MAXHEALTH,2026-09-08 11:45:00+05:30,2026-09-08 11:50:00+05:30,2026-09-08 12:15:00+05:30,2.587129103659114,0.008198380566801555,994.2,992.7,-0.0015087507543753986
TITAN,2026-09-08 11:45:00+05:30,2026-09-08 11:50:00+05:30,2026-09-08 12:15:00+05:30,3.0902224085778354,0.003204486280793173,5009.5,4992.5,-0.003393552250723575
PAYTM,2026-09-08 11:55:00+05:30,2026-09-08 12:00:00+05:30,2026-09-08 12:25:00+05:30,3.424501168778681,0.00036352620418056425,1660.0,1662.3,0.0013855421686745917
SUNPHARMA,2026-09-08 12:00:00+05:30,2026-09-08 12:05:00+05:30,2026-09-08 12:30:00+05:30,2.4548394893811514,0.0027029891880432366,1894.0,1892.2,-0.0009503695881731833
MARUTI,2026-09-08 12:05:00+05:30,2026-09-08 12:10:00+05:30,2026-09-08 12:35:00+05:30,2.332419888392305,0.003011093502377271,12668.0,12687.0,0.0014998421218819225
BSE,2026-09-08 12:25:00+05:30,2026-09-08 12:30:00+05:30,2026-09-08 12:55:00+05:30,2.3752279329930275,0.003756062936235649,3404.3,3404.5,5.874922891635492e-05
BAJAJ-AUTO,2026-09-08 12:35:00+05:30,2026-09-08 12:40:00+05:30,2026-09-08 13:05:00+05:30,3.907688155769043,0.0008498342823148874,11821.0,11839.0,0.0015227138143980579
DIXON,2026-09-08 12:35:00+05:30,2026-09-08 12:40:00+05:30,2026-09-08 13:05:00+05:30,2.9434379409360263,0.0014147273113107595,14210.0,14191.0,-0.0013370865587614134
HEROMOTOCO,2026-09-08 12:35:00+05:30,2026-09-08 12:40:00+05:30,2026-09-08 13:05:00+05:30,2.125135097109162,0.0006585136406396241,5325.0,5321.5,-0.000657276995305156
LT,2026-09-08 12:45:00+05:30,2026-09-08 12:50:00+05:30,2026-09-08 13:15:00+05:30,2.1237271239737483,0.0027259648148614257,3974.9,3978.2,0.0008302095650203345
ANANTRAJ,2026-09-08 12:55:00+05:30,2026-09-08 13:00:00+05:30,2026-09-08 13:25:00+05:30,2.023021796195065,0.00023717289904334748,633.85,632.25,-0.0025242565275696016
MCX,2026-09-08 13:05:00+05:30,2026-09-08 13:10:00+05:30,2026-09-08 13:35:00+05:30,3.3253153074889803,0.006644817944015058,3358.7,3344.7,-0.004168279393813035
TMPV,2026-09-08 13:05:00+05:30,2026-09-08 13:10:00+05:30,2026-09-08 13:35:00+05:30,2.68512048850815,0.0021385096232933165,305.3,304.7,-0.001965280052407592
INFY,2026-09-08 13:15:00+05:30,2026-09-08 13:20:00+05:30,2026-09-08 13:45:00+05:30,2.7388508397922053,0.001842808440062571,1088.5,1084.5,-0.003674781809830052
BAJFINANCE,2026-09-08 13:45:00+05:30,2026-09-08 13:50:00+05:30,2026-09-08 14:15:00+05:30,2.272593895090684,0.0006641996394343153,1055.0,1057.5,0.0023696682464455776
PAYTM,2026-09-08 13:55:00+05:30,2026-09-08 14:00:00+05:30,2026-09-08 14:25:00+05:30,2.436329971450186,0.0003614022406939199,1667.6,1670.5,0.001739026145358702
BAJAJ-AUTO,2026-09-08 14:05:00+05:30,2026-09-08 14:10:00+05:30,2026-09-08 14:35:00+05:30,2.3836145247805747,0.0021996615905244266,11867.0,11850.0,-0.0014325440296620862
M&M,2026-09-08 14:05:00+05:30,2026-09-08 14:10:00+05:30,2026-09-08 14:35:00+05:30,2.091161315382453,0.000381898033225303,3148.0,3140.0,-0.0025412960609910717
KAYNES,2026-09-08 14:10:00+05:30,2026-09-08 14:15:00+05:30,2026-09-08 14:40:00+05:30,2.1476020525002237,0.0010892949538410246,3678.8,3673.0,-0.0015766010655648977
HAL,2026-09-08 14:25:00+05:30,2026-09-08 14:30:00+05:30,2026-09-08 14:55:00+05:30,2.0899959069784306,0.001009581122812575,5063.0,5031.0,-0.006320363420896702
GMDCLTD,2026-09-08 14:30:00+05:30,2026-09-08 14:35:00+05:30,2026-09-08 15:00:00+05:30,8.817347005606088,0.0009799554565701474,575.0,568.7,-0.01095652173913031
POWERGRID,2026-09-08 14:30:00+05:30,2026-09-08 14:35:00+05:30,2026-09-08 15:00:00+05:30,2.52834901329396,0.0022607385079127518,266.7,265.75,-0.0035620547431570726
TRENT,2026-09-08 14:30:00+05:30,2026-09-08 14:35:00+05:30,2026-09-08 15:00:00+05:30,2.785991369346109,0.003408071748878916,2802.5,2802.6,3.568242640494823e-05
SWIGGY,2026-09-09 11:45:00+05:30,2026-09-09 11:50:00+05:30,2026-09-09 12:15:00+05:30,2.077347402695216,0.005651777575205186,275.7,276.1,0.0014508523757708058
TMPV,2026-09-09 11:45:00+05:30,2026-09-09 11:50:00+05:30,2026-09-09 12:15:00+05:30,2.323261826120511,0.0028117763810782126,303.65,302.85,-0.0026346122180139764
BHARTIARTL,2026-09-09 12:25:00+05:30,2026-09-09 12:30:00+05:30,2026-09-09 12:55:00+05:30,3.589539319599003,0.0007675859422116016,1829.1,1830.2,0.0006013886610902741
TRENT,2026-09-09 12:25:00+05:30,2026-09-09 12:30:00+05:30,2026-09-09 12:55:00+05:30,3.231895771810862,0.0024528972627089196,2824.4,2836.5,0.0042840957371477195
ADANIPOWER,2026-09-09 12:30:00+05:30,2026-09-09 12:35:00+05:30,2026-09-09 13:00:00+05:30,2.589090916825177,0.0001866890693551504,215.35,214.62,-0.003389830508474523
AXISBANK,2026-09-09 12:30:00+05:30,2026-09-09 12:35:00+05:30,2026-09-09 13:00:00+05:30,4.318158001004651,0.003052699228791811,1252.4,1252.5,7.984669434679681e-05
ICICIBANK,2026-09-09 12:30:00+05:30,2026-09-09 12:35:00+05:30,2026-09-09 13:00:00+05:30,2.3614008736211125,0.0007899461400358021,1397.0,1398.0,0.0007158196134573469
M&M,2026-09-09 12:30:00+05:30,2026-09-09 12:35:00+05:30,2026-09-09 13:00:00+05:30,2.2031169270200346,0.0036048106676875857,3148.9,3142.4,-0.00206421289974279
MARUTI,2026-09-09 12:30:00+05:30,2026-09-09 12:35:00+05:30,2026-09-09 13:00:00+05:30,4.657485417531691,0.0010328116310478475,12648.0,12640.0,-0.0006325110689436864
TITAN,2026-09-09 12:30:00+05:30,2026-09-09 12:35:00+05:30,2026-09-09 13:00:00+05:30,4.409939107630491,0.0025087807325638867,5013.0,5009.0,-0.000797925393975718
IDEA,2026-09-09 12:35:00+05:30,2026-09-09 12:40:00+05:30,2026-09-09 13:05:00+05:30,2.578708522019549,0.007115135834411257,15.62,15.66,0.00256081946222797
KOTAKBANK,2026-09-09 12:35:00+05:30,2026-09-09 12:40:00+05:30,2026-09-09 13:05:00+05:30,2.388956628899235,0.0016861375406480583,415.7,415.8,0.00024055809477996348
TCS,2026-09-09 12:40:00+05:30,2026-09-09 12:45:00+05:30,2026-09-09 13:10:00+05:30,2.3337042981596285,0.0030904876607733556,2210.0,2211.0,0.0004524886877828038
INDIGO,2026-09-09 12:45:00+05:30,2026-09-09 12:50:00+05:30,2026-09-09 13:15:00+05:30,2.070910511009235,0.003313918457521492,5000.0,4989.5,-0.0020999999999999908
SWIGGY,2026-09-09 12:50:00+05:30,2026-09-09 12:55:00+05:30,2026-09-09 13:20:00+05:30,3.2849349105797914,0.010322346975733199,280.0,283.55,0.012678571428571539
SILVERBEES,2026-09-09 12:55:00+05:30,2026-09-09 13:00:00+05:30,2026-09-09 13:25:00+05:30,2.184715172255538,0.0009864143837152728,223.64,223.34,-0.0013414416025755438
TATASTEEL,2026-09-09 12:55:00+05:30,2026-09-09 13:00:00+05:30,2026-09-09 13:25:00+05:30,2.324575522480402,0.006012557199106094,189.7,189.09,-0.003215603584607152
TMPV,2026-09-09 12:55:00+05:30,2026-09-09 13:00:00+05:30,2026-09-09 13:25:00+05:30,2.167602888658357,0.004621987454605625,304.6,304.65,0.0001641497045303808
PAYTM,2026-09-09 13:00:00+05:30,2026-09-09 13:05:00+05:30,2026-09-09 13:30:00+05:30,2.0274179187660333,0.0029850746268655914,1748.8,1747.4,-0.0008005489478498662
HINDZINC,2026-09-09 13:25:00+05:30,2026-09-09 13:30:00+05:30,2026-09-09 13:55:00+05:30,2.287801545030921,0.004655029093931784,605.3,607.0,0.002808524698496795
POWERGRID,2026-09-09 13:30:00+05:30,2026-09-09 13:35:00+05:30,2026-09-09 14:00:00+05:30,2.3848847757070666,0.003930376193149954,268.35,267.75,-0.0022358859698156097
TATAINVEST,2026-09-09 13:30:00+05:30,2026-09-09 13:35:00+05:30,2026-09-09 14:00:00+05:30,2.4145177027737157,0.0031532988357050318,619.65,619.05,-0.0009682885499879834
VEDL,2026-09-09 13:35:00+05:30,2026-09-09 13:40:00+05:30,2026-09-09 14:05:00+05:30,2.796849392843204,0.002913859042068978,275.55,274.85,-0.0025403737978587637
INDIGO,2026-09-09 13:50:00+05:30,2026-09-09 13:55:00+05:30,2026-09-09 14:20:00+05:30,2.055848801428786,0.0006012626515683461,5001.0,4994.5,-0.0012997400519896285
KOTAKBANK,2026-09-09 14:00:00+05:30,2026-09-09 14:05:00+05:30,2026-09-09 14:30:00+05:30,3.116267240498103,0.001684717208182862,416.95,416.05,-0.002158532198105245
BSE,2026-09-09 14:25:00+05:30,2026-09-09 14:30:00+05:30,2026-09-09 14:55:00+05:30,2.3560807369973884,0.0011851941895095752,3302.6,3297.8,-0.0014534003512383098
PAYTM,2026-09-09 14:25:00+05:30,2026-09-09 14:30:00+05:30,2026-09-09 14:55:00+05:30,2.1254650630401746,0.004063644688644619,1756.0,1752.3,-0.002107061503416885
HDFCBANK,2026-09-10 11:45:00+05:30,2026-09-10 11:50:00+05:30,2026-09-10 12:15:00+05:30,2.8580945329550613,0.002325750417908168,690.6,692.7,0.003040834057341568
HEROMOTOCO,2026-09-10 11:45:00+05:30,2026-09-10 11:50:00+05:30,2026-09-10 12:15:00+05:30,2.1110242141143383,0.003639149588201551,5244.5,5240.0,-0.0008580417580322797
MARUTI,2026-09-10 11:45:00+05:30,2026-09-10 11:50:00+05:30,2026-09-10 12:15:00+05:30,2.254165150123596,0.0022961203483768955,12683.0,12670.0,-0.0010249940865725282
BAJAJ-AUTO,2026-09-10 12:00:00+05:30,2026-09-10 12:05:00+05:30,2026-09-10 12:30:00+05:30,2.035114052334868,0.0014491518199641895,11755.0,11736.0,-0.0016163334751170266
ADANIPOWER,2026-09-10 12:10:00+05:30,2026-09-10 12:15:00+05:30,2026-09-10 12:40:00+05:30,3.8028174980248317,0.002160841788801271,214.1,214.25,0.0007006071929005486
BEL,2026-09-10 12:15:00+05:30,2026-09-10 12:20:00+05:30,2026-09-10 12:45:00+05:30,3.670121040818003,0.0006172839506173311,406.05,405.65,-0.000985100357098978
POWERGRID,2026-09-10 12:15:00+05:30,2026-09-10 12:20:00+05:30,2026-09-10 12:45:00+05:30,2.0036568255127003,0.003336422613531065,270.8,271.05,0.0009231905465287849
ETERNAL,2026-09-10 12:20:00+05:30,2026-09-10 12:25:00+05:30,2026-09-10 12:50:00+05:30,3.599462321927774,0.001247271593389554,322.45,321.4,-0.0032563188091176976
GRSE,2026-09-10 12:25:00+05:30,2026-09-10 12:30:00+05:30,2026-09-10 12:55:00+05:30,2.00126233141374,0.001533185394391845,2484.6,2479.8,-0.0019319005071237738
SWIGGY,2026-09-10 12:30:00+05:30,2026-09-10 12:35:00+05:30,2026-09-10 13:00:00+05:30,2.556048905232733,0.0024897741419172004,282.5,281.95,-0.0019469026548672996
LT,2026-09-10 12:40:00+05:30,2026-09-10 12:45:00+05:30,2026-09-10 13:10:00+05:30,10.35781292536099,0.0025765963417434534,3962.5,3950.2,-0.003104100946372257
TMPV,2026-09-10 12:40:00+05:30,2026-09-10 12:45:00+05:30,2026-09-10 13:10:00+05:30,2.6351915129920314,0.002156602521566242,302.75,302.6,-0.0004954582989263878
MAXHEALTH,2026-09-10 12:50:00+05:30,2026-09-10 12:55:00+05:30,2026-09-10 13:20:00+05:30,2.0034891344046084,0.00019351717464921592,1034.5,1034.2,-0.0002899951667472145
BAJAJ-AUTO,2026-09-10 13:05:00+05:30,2026-09-10 13:10:00+05:30,2026-09-10 13:35:00+05:30,2.0059600993110425,0.0008520790729380501,11763.0,11728.0,-0.0029754314375584068
BHARTIARTL,2026-09-10 13:05:00+05:30,2026-09-10 13:10:00+05:30,2026-09-10 13:35:00+05:30,2.1147384361577544,0.0010930753675466587,1834.4,1843.4,0.004906236371565731
BSE,2026-09-10 13:40:00+05:30,2026-09-10 13:45:00+05:30,2026-09-10 14:10:00+05:30,2.048430181938379,0.0009471143564205864,3278.8,3277.3,-0.00045748444552884404
DIXON,2026-09-10 13:50:00+05:30,2026-09-10 13:55:00+05:30,2026-09-10 14:20:00+05:30,2.364866725604214,0.0005915847075352865,13568.0,13507.0,-0.004495872641509413
KOTAKBANK,2026-09-10 14:10:00+05:30,2026-09-10 14:15:00+05:30,2026-09-10 14:40:00+05:30,2.0649692355628386,0.0012078753472641868,415.05,415.45,0.0009637393085168977
MAXHEALTH,2026-09-10 14:15:00+05:30,2026-09-10 14:20:00+05:30,2026-09-10 14:45:00+05:30,2.4191525292699363,0.0008709958385755279,1035.2,1036.4,0.0011591962905719289
NETWEB,2026-09-10 14:20:00+05:30,2026-09-10 14:25:00+05:30,2026-09-10 14:50:00+05:30,2.4255517009336116,0.0030024019215373343,5017.5,5023.0,0.001096163428002006
MCX,2026-09-10 14:30:00+05:30,2026-09-10 14:35:00+05:30,2026-09-10 15:00:00+05:30,2.62052402849335,0.0014503263234229014,3319.8,3296.5,-0.007018495090065691
TCS,2026-09-10 14:30:00+05:30,2026-09-10 14:35:00+05:30,2026-09-10 15:00:00+05:30,2.8648571338695135,0.0017742595878258438,2205.3,2197.9,-0.0033555525325352775
ANANTRAJ,2026-09-10 14:35:00+05:30,2026-09-10 14:40:00+05:30,2026-09-10 15:05:00+05:30,3.1823228196664157,0.00668371977885962,611.5,609.15,-0.0038430089942763646
HEROMOTOCO,2026-09-10 14:40:00+05:30,2026-09-10 14:45:00+05:30,2026-09-10 15:10:00+05:30,2.2896332707403038,0.0016216731851568245,5255.0,5250.0,-0.0009514747859181716
MAXHEALTH,2026-09-11 11:50:00+05:30,2026-09-11 11:55:00+05:30,2026-09-11 12:20:00+05:30,2.016686966055744,9.653441451873412e-05,1038.4,1038.0,-0.0003852080123267765
HCLTECH,2026-09-11 11:55:00+05:30,2026-09-11 12:00:00+05:30,2026-09-11 12:25:00+05:30,2.1398238212522966,0.002384280194031252,1222.5,1218.6,-0.0031901840490797806
LT,2026-09-11 11:55:00+05:30,2026-09-11 12:00:00+05:30,2026-09-11 12:25:00+05:30,3.436476887164349,0.00023005546892984619,3925.9,3920.1,-0.001477368246771471
WAAREEENER,2026-09-11 12:05:00+05:30,2026-09-11 12:10:00+05:30,2026-09-11 12:35:00+05:30,2.596599878841303,0.001891998423334762,2547.6,2546.8,-0.00031402103940958437
BSE,2026-09-11 12:10:00+05:30,2026-09-11 12:15:00+05:30,2026-09-11 12:40:00+05:30,2.0577518995551625,0.001121146060417244,3218.4,3231.4,0.004039274173502472
SBIN,2026-09-11 12:20:00+05:30,2026-09-11 12:25:00+05:30,2026-09-11 12:50:00+05:30,2.002114538035462,0.0010038144950812455,999.3,1001.0,0.0017011908335835546
HINDZINC,2026-09-11 12:30:00+05:30,2026-09-11 12:35:00+05:30,2026-09-11 13:00:00+05:30,2.50567882580393,0.003633532312483645,581.05,581.15,0.0001721022287239915
INDIGO,2026-09-11 12:30:00+05:30,2026-09-11 12:35:00+05:30,2026-09-11 13:00:00+05:30,3.266451168179286,0.0017448424509904914,4897.0,4910.0,0.002654686542781226
BEL,2026-09-11 12:35:00+05:30,2026-09-11 12:40:00+05:30,2026-09-11 13:05:00+05:30,2.131595834702298,0.0008664438668153362,404.5,404.05,-0.0011124845488257318
AXISBANK,2026-09-11 12:40:00+05:30,2026-09-11 12:45:00+05:30,2026-09-11 13:10:00+05:30,2.3911164709584734,0.0010428365153218877,1249.9,1249.4,-0.0004000320025602244
BAJFINANCE,2026-09-11 12:40:00+05:30,2026-09-11 12:45:00+05:30,2026-09-11 13:10:00+05:30,2.5326289903191777,0.001461703371662404,1030.4,1029.6,-0.0007763975155281599
VEDL,2026-09-11 12:40:00+05:30,2026-09-11 12:45:00+05:30,2026-09-11 13:10:00+05:30,2.0979445357381907,0.0022761760242790974,264.4,263.3,-0.004160363086232799
HINDCOPPER,2026-09-11 12:45:00+05:30,2026-09-11 12:50:00+05:30,2026-09-11 13:15:00+05:30,3.30312843603803,0.002152641878669259,513.75,511.6,-0.00418491484184913
HINDALCO,2026-09-11 12:50:00+05:30,2026-09-11 12:55:00+05:30,2026-09-11 13:20:00+05:30,2.1719831243283974,0.0023319476832608377,989.4,988.5,-0.0009096422073984201
HDFCBANK,2026-09-11 12:55:00+05:30,2026-09-11 13:00:00+05:30,2026-09-11 13:25:00+05:30,2.4932196148899024,0.0035792549306064014,688.05,691.7,0.005304847031465831
INFY,2026-09-11 12:55:00+05:30,2026-09-11 13:00:00+05:30,2026-09-11 13:25:00+05:30,2.106044670306817,0.0015378700499806275,1042.5,1039.8,-0.0025899280575539807
HAL,2026-09-11 13:15:00+05:30,2026-09-11 13:20:00+05:30,2026-09-11 13:45:00+05:30,5.1243404112993085,0.0018371846166407302,4921.1,4906.5,-0.0029668163621955346
DIXON,2026-09-11 13:35:00+05:30,2026-09-11 13:40:00+05:30,2026-09-11 14:05:00+05:30,2.496634768611474,0.0030934057642975077,13320.0,13421.0,0.007582582582582598
BAJAJ-AUTO,2026-09-11 13:55:00+05:30,2026-09-11 14:00:00+05:30,2026-09-11 14:25:00+05:30,4.89563507844065,0.0013716245177881614,11711.0,11671.0,-0.0034155921782939025
GRSE,2026-09-11 13:55:00+05:30,2026-09-11 14:00:00+05:30,2026-09-11 14:25:00+05:30,2.038011422856811,0.0014233683593587454,2393.3,2420.6,0.011406844106463865
PAYTM,2026-09-11 13:55:00+05:30,2026-09-11 14:00:00+05:30,2026-09-11 14:25:00+05:30,2.160409501340889,0.0024397005822012208,1809.3,1811.5,0.0012159398662465737
TATASTEEL,2026-09-11 13:55:00+05:30,2026-09-11 14:00:00+05:30,2026-09-11 14:25:00+05:30,2.1629268732536304,0.001152263374485596,182.66,182.98,0.001751888755064046
GMDCLTD,2026-09-11 14:00:00+05:30,2026-09-11 14:05:00+05:30,2026-09-11 14:30:00+05:30,3.7218833851176543,0.001132897603485894,575.8,573.65,-0.003733935394234056
HDFCBANK,2026-09-11 14:00:00+05:30,2026-09-11 14:05:00+05:30,2026-09-11 14:30:00+05:30,4.37026745660916,0.01438484892294345,705.4,703.45,-0.0027643889991493253
HINDALCO,2026-09-11 14:00:00+05:30,2026-09-11 14:05:00+05:30,2026-09-11 14:30:00+05:30,2.2310038231289733,0.0010114291493881211,991.4,990.7,-0.000706072221101417
HINDCOPPER,2026-09-11 14:00:00+05:30,2026-09-11 14:05:00+05:30,2026-09-11 14:30:00+05:30,3.0850114441569207,0.0013683901866874404,514.15,513.4,-0.0014587182728775794
ICICIBANK,2026-09-11 14:00:00+05:30,2026-09-11 14:05:00+05:30,2026-09-11 14:30:00+05:30,3.2806417207334317,0.0016669082475719854,1387.9,1386.5,-0.0010087182073637013
ITC,2026-09-11 14:00:00+05:30,2026-09-11 14:05:00+05:30,2026-09-11 14:30:00+05:30,2.243945431929218,0.0009596928982724684,261.3,261.4,0.00038270187523914423
KAYNES,2026-09-11 14:00:00+05:30,2026-09-11 14:05:00+05:30,2026-09-11 14:30:00+05:30,4.3095229922622,0.001561776955113503,3478.0,3474.0,-0.0011500862564692849
NETWEB,2026-09-11 14:00:00+05:30,2026-09-11 14:05:00+05:30,2026-09-11 14:30:00+05:30,2.4694953063911824,0.0007975276642409046,5032.5,5020.0,-0.0024838549428712886
RELIANCE,2026-09-11 14:00:00+05:30,2026-09-11 14:05:00+05:30,2026-09-11 14:30:00+05:30,4.332725360470851,0.0031070745697896474,1263.4,1264.0,0.0004749089757796199
WAAREEENER,2026-09-11 14:00:00+05:30,2026-09-11 14:05:00+05:30,2026-09-11 14:30:00+05:30,4.087960985631976,0.0066510172143974255,2580.9,2618.4,0.014529815180750916
BSE,2026-09-11 14:10:00+05:30,2026-09-11 14:15:00+05:30,2026-09-11 14:40:00+05:30,2.130892647816581,0.004073889787286955,3235.6,3284.4,0.01508221040919766
CANBK,2026-09-11 14:10:00+05:30,2026-09-11 14:15:00+05:30,2026-09-11 14:40:00+05:30,2.177524148799974,0.0010544245275365682,123.58,123.81,0.0018611425797054881
MCX,2026-09-11 14:10:00+05:30,2026-09-11 14:15:00+05:30,2026-09-11 14:40:00+05:30,2.5540760274956127,0.0012491240898151457,3295.7,3293.9,-0.0005461662165852088
SAMMAANCAP,2026-09-11 14:10:00+05:30,2026-09-11 14:15:00+05:30,2026-09-11 14:40:00+05:30,2.0639968633701704,0.0023016517736258457,148.25,148.1,-0.0010118043844856706
VEDL,2026-09-11 14:10:00+05:30,2026-09-11 14:15:00+05:30,2026-09-11 14:40:00+05:30,2.708418339917567,0.004751948298802544,264.8,264.15,-0.002454682779456374
ADANIPOWER,2026-09-11 14:15:00+05:30,2026-09-11 14:20:00+05:30,2026-09-11 14:45:00+05:30,2.0665244486725722,0.005797795879252554,210.12,210.14,9.518370454975056e-05
BEL,2026-09-11 14:15:00+05:30,2026-09-11 14:20:00+05:30,2026-09-11 14:45:00+05:30,2.6342061652484583,0.0026022304832713505,405.0,404.2,-0.0019753086419753707
HAL,2026-09-11 14:20:00+05:30,2026-09-11 14:25:00+05:30,2026-09-11 14:50:00+05:30,2.245427944878129,0.004178131050647016,4929.5,4909.7,-0.004016634547114317
M&M,2026-09-11 14:20:00+05:30,2026-09-11 14:25:00+05:30,2026-09-11 14:50:00+05:30,2.691781028312078,0.001997100982444877,3116.5,3116.3,-6.417455478902045e-05
MARUTI,2026-09-11 14:20:00+05:30,2026-09-11 14:25:00+05:30,2026-09-11 14:50:00+05:30,2.193870709196321,0.002743927043822092,12430.0,12425.0,-0.0004022526146419958
MAXHEALTH,2026-09-11 14:35:00+05:30,2026-09-11 14:40:00+05:30,2026-09-11 15:05:00+05:30,2.349422557960609,0.0010601387818043317,1039.4,1039.3,-9.620935154908139e-05
TATAINVEST,2026-09-11 14:35:00+05:30,2026-09-11 14:40:00+05:30,2026-09-11 15:05:00+05:30,2.3469404907979095,0.002472952086553404,649.25,649.25,0.0
LT,2026-09-11 14:40:00+05:30,2026-09-11 14:45:00+05:30,2026-09-11 15:10:00+05:30,3.738563924585613,0.0014789881680947747,3936.1,3939.5,0.0008637991920936727
ANANTRAJ,2026-09-11 14:45:00+05:30,2026-09-11 14:50:00+05:30,2026-09-11 15:15:00+05:30,2.7443157321356564,0.0038851351351349983,596.7,599.5,0.004692475280710484
SUNPHARMA,2026-09-15 12:05:00+05:30,2026-09-15 12:10:00+05:30,2026-09-15 12:35:00+05:30,2.9265706595065617,0.00479799356632693,1840.8,1845.2,0.002390265102129474
LT,2026-09-15 12:15:00+05:30,2026-09-15 12:20:00+05:30,2026-09-15 12:45:00+05:30,2.172433837874837,0.0031889243213814034,3870.4,3872.3,0.0004909053327821766
MAXHEALTH,2026-09-15 12:25:00+05:30,2026-09-15 12:30:00+05:30,2026-09-15 12:55:00+05:30,3.756990994932742,0.0014518002322880807,1036.4,1033.5,-0.002798147433423437
TATAINVEST,2026-09-15 12:45:00+05:30,2026-09-15 12:50:00+05:30,2026-09-15 13:15:00+05:30,3.509583016634633,0.01648932421957583,730.1,728.3,-0.0024654156964800666
MAXHEALTH,2026-09-15 14:05:00+05:30,2026-09-15 14:10:00+05:30,2026-09-15 14:35:00+05:30,4.854063445167227,0.0038782237735117686,1039.0,1041.5,0.002406159769008598
KOTAKBANK,2026-09-16 11:55:00+05:30,2026-09-16 12:00:00+05:30,2026-09-16 12:25:00+05:30,2.396680655853366,0.0024227740763174133,414.7,414.95,0.0006028454304316533
HEROMOTOCO,2026-09-16 12:05:00+05:30,2026-09-16 12:10:00+05:30,2026-09-16 12:35:00+05:30,2.573126125795057,0.005851318944844142,5253.0,5236.0,-0.003236245954692518
ITC,2026-09-16 12:15:00+05:30,2026-09-16 12:20:00+05:30,2026-09-16 12:45:00+05:30,4.303098431534863,0.0003807348181992243,263.7,263.25,-0.0017064846416381396
KAYNES,2026-09-16 12:25:00+05:30,2026-09-16 12:30:00+05:30,2026-09-16 12:55:00+05:30,2.0367357545317555,0.003604135893648497,3407.4,3390.7,-0.004901097611081817
GOLDBEES,2026-09-16 12:30:00+05:30,2026-09-16 12:35:00+05:30,2026-09-16 13:00:00+05:30,2.300339165596308,0.0010421677088343628,124.98,124.94,-0.0003200512081933393
MCX,2026-09-16 12:30:00+05:30,2026-09-16 12:35:00+05:30,2026-09-16 13:00:00+05:30,2.5519028234206202,0.010498856719590277,3155.9,3175.0,0.0060521562787161365
PAYTM,2026-09-16 12:30:00+05:30,2026-09-16 12:35:00+05:30,2026-09-16 13:00:00+05:30,2.778759066131014,0.003264604810996552,1764.6,1783.9,0.010937322906041214
SILVERBEES,2026-09-16 12:30:00+05:30,2026-09-16 12:35:00+05:30,2026-09-16 13:00:00+05:30,3.2005177771456035,0.0005941770647652778,219.19,219.13,-0.0002737351156530954
VEDL,2026-09-16 12:30:00+05:30,2026-09-16 12:35:00+05:30,2026-09-16 13:00:00+05:30,2.09023632791707,0.004317111459968492,256.5,256.05,-0.0017543859649122862
BAJAJ-AUTO,2026-09-16 12:35:00+05:30,2026-09-16 12:40:00+05:30,2026-09-16 13:05:00+05:30,2.0793212962091068,0.0035720508799441664,11535.0,11528.0,-0.0006068487212830265
TITAN,2026-09-16 12:40:00+05:30,2026-09-16 12:45:00+05:30,2026-09-16 13:10:00+05:30,4.261503179931007,0.0014348672747770408,4904.0,4908.0,0.0008156606851550396
SWIGGY,2026-09-16 12:45:00+05:30,2026-09-16 12:50:00+05:30,2026-09-16 13:15:00+05:30,2.3100248652973625,0.0029531192321889943,272.55,272.3,-0.0009172628875435684
BHARTIARTL,2026-09-16 13:00:00+05:30,2026-09-16 13:05:00+05:30,2026-09-16 13:30:00+05:30,2.1010198948844794,0.00043672890053492175,1833.7,1833.1,-0.00032720728581558944
ICICIBANK,2026-09-16 13:00:00+05:30,2026-09-16 13:05:00+05:30,2026-09-16 13:30:00+05:30,3.133148772185043,0.0026633128652806537,1358.0,1353.9,-0.0030191458026508355
TRENT,2026-09-16 13:00:00+05:30,2026-09-16 13:05:00+05:30,2026-09-16 13:30:00+05:30,2.105764502214815,0.0008643042350906516,2790.6,2781.3,-0.0033326166415823533
SBIN,2026-09-16 13:05:00+05:30,2026-09-16 13:10:00+05:30,2026-09-16 13:35:00+05:30,2.309681581820694,0.0006087662337661559,988.9,987.1,-0.001820204267367731
TATAINVEST,2026-09-16 13:05:00+05:30,2026-09-16 13:10:00+05:30,2026-09-16 13:35:00+05:30,2.2080584879930325,0.004362050163576825,694.1,685.05,-0.0130384670796716
HAL,2026-09-16 13:15:00+05:30,2026-09-16 13:20:00+05:30,2026-09-16 13:45:00+05:30,2.0779355994485487,0.0009367482063400434,4705.0,4688.2,-0.0035706695005314204
HDFCBANK,2026-09-16 13:15:00+05:30,2026-09-16 13:20:00+05:30,2026-09-16 13:45:00+05:30,2.744934872437271,0.0007660167130918438,720.0,718.0,-0.002777777777777768
SUNPHARMA,2026-09-16 14:15:00+05:30,2026-09-16 14:20:00+05:30,2026-09-16 14:45:00+05:30,2.845238121201591,0.0005414185165133478,1851.1,1852.9,0.0009723947922857246
HDFCBANK,2026-09-16 14:30:00+05:30,2026-09-16 14:35:00+05:30,2026-09-16 15:00:00+05:30,2.02552886060666,0.001880615727519741,719.85,722.6,0.003820240327846003
BHARTIARTL,2026-09-16 14:40:00+05:30,2026-09-16 14:45:00+05:30,2026-09-16 15:10:00+05:30,2.3635195082636145,0.0009812472743131462,1837.4,1832.8,-0.0025035376074888926
DIXON,2026-09-16 14:40:00+05:30,2026-09-16 14:45:00+05:30,2026-09-16 15:10:00+05:30,2.3188810298348286,0.0050324056423942665,13183.0,13212.0,0.0021998027763028283
ITC,2026-09-16 14:40:00+05:30,2026-09-16 14:45:00+05:30,2026-09-16 15:10:00+05:30,3.0144713817047895,0.00037900322152717436,264.6,264.75,0.0005668934240361523
KOTAKBANK,2026-09-16 14:40:00+05:30,2026-09-16 14:45:00+05:30,2026-09-16 15:10:00+05:30,2.019207360327121,0.0019253910950662867,416.7,415.3,-0.003359731221502238
MCX,2026-09-16 14:40:00+05:30,2026-09-16 14:45:00+05:30,2026-09-16 15:10:00+05:30,2.030490885216534,0.007798251682284096,3211.4,3205.0,-0.001992900292707267
BHARTIARTL,2026-09-17 11:45:00+05:30,2026-09-17 11:50:00+05:30,2026-09-17 12:15:00+05:30,2.460093908108227,0.00027225701061794894,1840.2,1842.5,0.0012498641452016734
HINDALCO,2026-09-17 11:45:00+05:30,2026-09-17 11:50:00+05:30,2026-09-17 12:15:00+05:30,2.680923408971559,0.005001020616452356,985.7,986.5,0.0008116059653038299
MAXHEALTH,2026-09-17 11:45:00+05:30,2026-09-17 11:50:00+05:30,2026-09-17 12:15:00+05:30,4.262394618504681,0.006613499319198635,1037.5,1033.6,-0.003759036144578398
TCS,2026-09-17 11:45:00+05:30,2026-09-17 11:50:00+05:30,2026-09-17 12:15:00+05:30,2.195175686945559,0.006085753803596106,2183.8,2192.3,0.003892297829471536
TMPV,2026-09-17 11:45:00+05:30,2026-09-17 11:50:00+05:30,2026-09-17 12:15:00+05:30,3.6054900567695665,0.004966887417218624,305.25,307.1,0.0060606060606061
TRENT,2026-09-17 11:45:00+05:30,2026-09-17 11:50:00+05:30,2026-09-17 12:15:00+05:30,2.9098991755487145,0.007907695625606559,2801.3,2792.0,-0.0033198871952307973
HCLTECH,2026-09-17 11:50:00+05:30,2026-09-17 11:55:00+05:30,2026-09-17 12:20:00+05:30,2.1685937246071068,0.001852000966261258,1246.3,1249.3,0.0024071250902670815
INDIGO,2026-09-17 11:50:00+05:30,2026-09-17 11:55:00+05:30,2026-09-17 12:20:00+05:30,2.2299445059041956,0.0011425010386372225,4831.5,4845.5,0.002897650833074694
MARUTI,2026-09-17 11:50:00+05:30,2026-09-17 11:55:00+05:30,2026-09-17 12:20:00+05:30,2.2843427802017766,0.0031751200846699135,12341.0,12396.0,0.004456689085163168
BEL,2026-09-17 11:55:00+05:30,2026-09-17 12:00:00+05:30,2026-09-17 12:25:00+05:30,2.573627407073181,0.003308729956732037,394.25,394.7,0.0011414077362079666
HINDZINC,2026-09-17 11:55:00+05:30,2026-09-17 12:00:00+05:30,2026-09-17 12:25:00+05:30,2.085256553251119,0.002724316723789366,570.8,570.4,-0.0007007708479327412
INFY,2026-09-17 11:55:00+05:30,2026-09-17 12:00:00+05:30,2026-09-17 12:25:00+05:30,2.4747154697180194,0.003512769391436521,1058.3,1057.0,-0.0012283851459887751
LT,2026-09-17 11:55:00+05:30,2026-09-17 12:00:00+05:30,2026-09-17 12:25:00+05:30,2.549453835444318,0.0002339606946031303,3859.0,3865.0,0.0015548069448043655
GOLDBEES,2026-09-17 12:00:00+05:30,2026-09-17 12:05:00+05:30,2026-09-17 12:30:00+05:30,2.2675131991512387,0.0015316404675533857,124.31,124.21,-0.0008044405116242048
HDFCBANK,2026-09-17 12:05:00+05:30,2026-09-17 12:10:00+05:30,2026-09-17 12:35:00+05:30,2.676663490072615,0.0030118372207046384,717.6,718.05,0.0006270903010032747
M&M,2026-09-17 12:05:00+05:30,2026-09-17 12:10:00+05:30,2026-09-17 12:35:00+05:30,2.1273795080891276,0.0034802784222738303,3117.2,3117.7,0.000160400359296764
TATASTEEL,2026-09-17 12:05:00+05:30,2026-09-17 12:10:00+05:30,2026-09-17 12:35:00+05:30,2.1732414217261153,0.0023331524688008365,184.98,184.73,-0.001351497459184725
HEROMOTOCO,2026-09-17 12:10:00+05:30,2026-09-17 12:15:00+05:30,2026-09-17 12:40:00+05:30,2.326777738430867,0.0016003012331733402,5334.0,5321.5,-0.002343457067866539
HINDCOPPER,2026-09-17 12:10:00+05:30,2026-09-17 12:15:00+05:30,2026-09-17 12:40:00+05:30,2.137233656161221,0.004644442150892658,487.55,485.45,-0.004307250538406415
ANANTRAJ,2026-09-17 12:15:00+05:30,2026-09-17 12:20:00+05:30,2026-09-17 12:45:00+05:30,4.101046023893737,0.00550567508046762,596.4,595.15,-0.002095908786049594
GRSE,2026-09-17 12:15:00+05:30,2026-09-17 12:20:00+05:30,2026-09-17 12:45:00+05:30,2.884619853475162,0.0008961338226507465,2353.8,2342.9,-0.004630809754439635
ADANIPOWER,2026-09-17 12:20:00+05:30,2026-09-17 12:25:00+05:30,2026-09-17 12:50:00+05:30,2.0802883729683157,0.0030366851153451613,204.89,204.93,0.0001952267070135516
HAL,2026-09-17 12:20:00+05:30,2026-09-17 12:25:00+05:30,2026-09-17 12:50:00+05:30,2.3002926097657217,0.0010094212651412526,4781.3,4786.4,0.0010666555120990573
NETWEB,2026-09-17 12:45:00+05:30,2026-09-17 12:50:00+05:30,2026-09-17 13:15:00+05:30,2.6780028862669734,0.002617801047120505,4607.5,4600.5,-0.0015192620727075834
BAJFINANCE,2026-09-17 12:50:00+05:30,2026-09-17 12:55:00+05:30,2026-09-17 13:20:00+05:30,2.1807795009645425,0.0023591860808023224,1020.7,1016.2,-0.004408739100617232
SILVERBEES,2026-09-17 12:50:00+05:30,2026-09-17 12:55:00+05:30,2026-09-17 13:20:00+05:30,2.4708939583719296,0.0015272121436504804,216.6,217.02,0.0019390581717453337
GOLDBEES,2026-09-17 13:05:00+05:30,2026-09-17 13:10:00+05:30,2026-09-17 13:35:00+05:30,2.5349674710998933,0.00539409065292662,124.87,124.71,-0.001281332585889361
KAYNES,2026-09-17 14:00:00+05:30,2026-09-17 14:05:00+05:30,2026-09-17 14:30:00+05:30,2.3686531102628297,0.0018722341994781289,3543.7,3544.9,0.00033862911646020954
ADANIPOWER,2026-09-17 14:35:00+05:30,2026-09-17 14:40:00+05:30,2026-09-17 15:05:00+05:30,2.563059719669932,0.001417261264783365,205.47,205.26,-0.0010220470141626414
HCLTECH,2026-09-17 14:35:00+05:30,2026-09-17 14:40:00+05:30,2026-09-17 15:05:00+05:30,3.781016167420327,0.004021555537681909,1253.2,1244.8,-0.0067028407277370805
INFY,2026-09-17 14:35:00+05:30,2026-09-17 14:40:00+05:30,2026-09-17 15:05:00+05:30,4.028950862621227,0.0024679639297577882,1062.0,1058.5,-0.003295668549905817
SUNPHARMA,2026-09-17 14:35:00+05:30,2026-09-17 14:40:00+05:30,2026-09-17 15:05:00+05:30,2.8778013870902024,0.0014543495825478647,1860.7,1861.0,0.00016122964475728807
TATAINVEST,2026-09-17 14:35:00+05:30,2026-09-17 14:40:00+05:30,2026-09-17 15:05:00+05:30,11.618347615644788,0.0001490201922360601,689.65,716.6,0.039077793083448276
TATASTEEL,2026-09-17 14:35:00+05:30,2026-09-17 14:40:00+05:30,2026-09-17 15:05:00+05:30,3.293308167631133,0.0008130081300812275,186.0,187.4,0.007526881720430145
TCS,2026-09-17 14:35:00+05:30,2026-09-17 14:40:00+05:30,2026-09-17 15:05:00+05:30,25.389775477398654,0.0008212428141252115,2227.1,2192.5,-0.015535898702348283
TMPV,2026-09-17 14:35:00+05:30,2026-09-17 14:40:00+05:30,2026-09-17 15:05:00+05:30,8.297773651598868,0.0018029831175216948,312.5,315.8,0.010560000000000125
ANANTRAJ,2026-09-17 14:40:00+05:30,2026-09-17 14:45:00+05:30,2026-09-17 15:10:00+05:30,2.12934953452383,0.00016729401923876175,598.65,596.4,-0.0037584565271862047
HINDCOPPER,2026-09-17 14:50:00+05:30,2026-09-17 14:55:00+05:30,2026-09-17 15:20:00+05:30,2.1792423866142183,0.0007209062821833534,486.55,484.95,-0.0032884595622239
