symbol,bar_number,mean_return,median_return,mean_abs_return,return_std,mean_volume,median_volume,observations
AXISBANK,1,0.00038038592075234255,-1.0329969246658521e-06,0.007160755504444754,0.011178723721793201,355772.6440677966,225648.0,176
AXISBANK,2,3.275631764310179e-05,8.114907084322276e-05,0.0018529559487314804,0.002528282901128254,147104.50282485876,95553.0,177
AXISBANK,3,3.727536699520116e-05,-0.000164028540966199,0.0015368050858126528,0.002013132196689839,101952.89830508475,65963.0,177
AXISBANK,4,5.5541366709501566e-05,-8.046994447585831e-05,0.0016165828965973392,0.002134711317640575,93957.2372881356,62199.0,177
AXISBANK,5,-2.7120969277226655e-05,-7.71724031485288e-05,0.0014279871545036804,0.0018733543870326898,99472.39548022598,62684.0,177
AXISBANK,6,-7.580314016274817e-05,0.0,0.0013292739011588417,0.0017125233555812672,83613.15254237287,50313.0,177
AXISBANK,7,-0.00012184015947545437,-0.0001573564122738791,0.0011501479986413892,0.00143555702039992,79517.05084745762,53347.0,177
AXISBANK,8,-0.00038492974762433494,-0.000331427624492564,0.0013938164748610216,0.0018557373154602203,78603.20338983051,52289.0,177
AXISBANK,9,-6.0919599028843934e-05,-7.77242344162099e-05,0.0010481580002350372,0.0014807328794001835,69866.33898305085,47260.0,177
AXISBANK,10,6.515851216591909e-05,0.0,0.001127588193313773,0.00154204143412758,76541.05649717514,49144.0,177
AXISBANK,11,-8.929447859919225e-06,0.0,0.001166611487721057,0.0015948113609022133,72396.09039548022,41481.0,177
AXISBANK,12,0.00017253485740644317,0.00014615609470891577,0.0010744599706143472,0.0014040275483619604,71563.90395480226,43391.0,177
AXISBANK,13,0.00022183847899805533,0.00030900511342057957,0.0012780029469524486,0.0015799868204272717,76045.34090909091,49532.5,176
AXISBANK,14,9.220533514498361e-05,7.865270991658235e-05,0.0009540432828358088,0.001234252801375248,61612.32386363636,43294.5,176
AXISBANK,15,-0.0001801142089060618,-7.97711212929264e-05,0.001056932163932556,0.001417734927824748,55802.125,42833.0,176
AXISBANK,16,-1.463284694325533e-05,0.0,0.0010539447862694124,0.001351905225297605,58491.818181818184,46200.5,176
AXISBANK,17,-9.174067650926579e-05,-8.673186249213982e-05,0.0009966821734198694,0.0014234464576198306,69684.03409090909,45777.0,176
AXISBANK,18,8.910718107864249e-05,8.500253707866001e-05,0.0009829230036716777,0.0013359180528185932,61688.85227272727,45216.0,176
AXISBANK,19,3.8945766305706845e-05,3.894080996880156e-05,0.0009746851581437094,0.0014543661221392188,63492.51136363636,42309.5,176
AXISBANK,20,7.195249292365215e-05,-7.648227282858189e-05,0.0009626254540556572,0.0012514466030279546,65897.125,42232.5,176
AXISBANK,21,6.57473930299569e-05,0.0,0.000963962193797415,0.001328710520423866,63772.255681818184,49598.5,176
AXISBANK,22,-4.394966026458058e-07,0.0,0.0009071355257804976,0.0011901567095500335,73408.02840909091,44968.0,176
AXISBANK,23,-9.125373067704548e-05,0.0,0.0008899507752386016,0.0011555242610742096,67211.04545454546,42650.5,176
AXISBANK,24,5.162176313435538e-05,0.0,0.0008446327924808125,0.0011610377456865778,66023.42613636363,42527.5,176
AXISBANK,25,2.485976957873173e-05,0.0,0.0008305435647861344,0.0011792076637805024,65510.045454545456,41715.0,176
AXISBANK,26,4.939607179965351e-05,7.845633824443699e-05,0.0008860976404091605,0.0011932874976904968,62853.994318181816,46994.5,176
AXISBANK,27,2.861905242970066e-05,8.499524626559563e-05,0.0008466585792264864,0.0010977802971532055,55120.880681818184,39690.5,176
AXISBANK,28,0.0001243351696639124,7.533314409691183e-05,0.0008733977355306445,0.0011949728080784614,67670.47159090909,40269.0,176
AXISBANK,29,7.982650260787453e-05,0.0,0.0008746765217890876,0.0012304997845235715,56778.16477272727,40241.0,176
AXISBANK,30,-1.1220732532167418e-05,0.0,0.0008527466410495823,0.0010964992484330351,61122.17613636364,41961.0,176
AXISBANK,31,-7.766990237136252e-05,-3.6493686592198316e-05,0.0007907673890783715,0.001053984140165793,52989.142045454544,39554.5,176
AXISBANK,32,0.00010360745031756405,0.0001650699126679589,0.0008204066452380431,0.0011856072390823078,62645.64772727273,41671.0,176
AXISBANK,33,-9.269834997002167e-05,-0.00014447473392620314,0.0007827307256389894,0.001031769429627179,62983.431818181816,40627.0,176
AXISBANK,34,5.417672946563484e-05,-3.577049649444719e-05,0.0008206095465864642,0.0011497807366093538,69134.34090909091,41609.5,176
AXISBANK,35,-7.471901187980546e-05,-7.801660536754795e-05,0.0007471107653162192,0.0010133184238910813,56510.517045454544,38947.0,176
AXISBANK,36,6.400747358804355e-05,3.681885125184081e-05,0.0008591431951386934,0.0011475425877873556,69670.72159090909,40898.5,176
AXISBANK,37,-3.9537226623068636e-05,0.0,0.0007560063940590579,0.0010533785057773026,54686.51136363636,39728.0,176
AXISBANK,38,-1.8502628514757702e-05,0.0,0.0008265156898998404,0.001129879032314207,70244.14772727272,39133.5,176
AXISBANK,39,-9.399124977278739e-05,0.0,0.0007820794629653983,0.001047994306912481,66165.1875,47712.0,176
AXISBANK,40,4.828464992228463e-05,0.0,0.0008953124945560846,0.0012578708923343478,69240.44318181818,44072.5,176
AXISBANK,41,0.00015207009797098712,0.0,0.0008329726428362584,0.0011801035534527377,67866.73863636363,46625.5,176
AXISBANK,42,1.925577420750451e-05,0.0,0.0006934566346893857,0.0009423314428728991,61363.83522727273,43189.0,176
AXISBANK,43,5.2097118077553736e-05,0.0,0.0007770368742421218,0.0011325051386826656,56821.232954545456,44199.5,176
AXISBANK,44,0.00016072520921173172,7.373296928692152e-05,0.0007635379056024249,0.0010289939189352941,66958.4375,45402.5,176
AXISBANK,45,7.684056020492764e-05,8.34432016650899e-05,0.0007667008237948318,0.0010660994108044237,56455.98863636364,39861.0,176
AXISBANK,46,-1.6215010610926258e-05,0.0,0.0008251223605987681,0.0011129919741737831,65366.82386363636,51968.5,176
AXISBANK,47,7.74777138026578e-05,7.285445578320005e-05,0.0008105231031218046,0.001067784459407436,64692.181818181816,47787.5,176
AXISBANK,48,3.192677024626859e-05,0.0,0.0008224154018465415,0.0011649077374118711,64792.744318181816,48179.0,176
AXISBANK,49,4.341418619183766e-05,7.549497710124253e-05,0.000857561191229313,0.0011426493923383356,89892.03977272728,47800.0,176
AXISBANK,50,4.63523267784239e-05,0.0,0.0007982149736954397,0.001147799415985464,61917.57386363636,44560.0,176
AXISBANK,51,-2.838065669281207e-05,-3.6775522212373346e-05,0.0008698015271683565,0.0011993335774502934,68759.35227272728,48251.5,176
AXISBANK,52,-2.1311859759087654e-05,0.0,0.000798080490421028,0.001081304475508815,74741.32386363637,46048.0,176
AXISBANK,53,-6.535665022538805e-05,-7.981284375296882e-05,0.0007882383188010333,0.0010338061696930144,63389.181818181816,46369.5,176
AXISBANK,54,-3.148020070047242e-05,-8.07791654418577e-05,0.0007906594173368819,0.0010776567499853613,60666.170454545456,45505.5,176
AXISBANK,55,-0.00014412775471162105,-0.00015455332167230162,0.0008101325086151544,0.0010587555925934183,62053.107954545456,47427.5,176
AXISBANK,56,7.4871046297491435e-06,-7.915478044867585e-05,0.0007524746391673918,0.0010494386958984398,65506.670454545456,46663.0,176
AXISBANK,57,-0.00014740025272046216,-7.807486557359633e-05,0.0008047718552945993,0.001056589852118617,76326.625,52059.0,176
AXISBANK,58,0.00023414876487034287,0.00016221064935406648,0.0008936972095715742,0.0012035534212625231,69044.71590909091,55595.5,176
AXISBANK,59,-6.176921358028922e-05,-3.5991937805957e-05,0.0007392969295541588,0.0009738163138012678,80887.30681818182,55680.0,176
AXISBANK,60,0.00014350733017351206,8.038513757091525e-05,0.0008401309821538476,0.0010925773194962738,69142.67613636363,56130.5,176
AXISBANK,61,6.720354050231894e-05,3.597122302156919e-05,0.000731828504143496,0.0010366045920650693,78929.96022727272,65775.5,176
AXISBANK,62,0.00010213652221484664,7.868814171529959e-05,0.0008759481729602857,0.0012655408123994356,81566.57386363637,59834.5,176
AXISBANK,63,-7.263856596436174e-05,-7.551878345735119e-05,0.0007532060210603737,0.0009813387005436652,80938.85795454546,61606.0,176
AXISBANK,64,0.00013592447775050964,0.0001570291623612663,0.0009066636513733998,0.0012479354869651773,88532.29545454546,63750.5,176
AXISBANK,65,-0.00012723875852781364,-7.87758328043564e-05,0.0008429844890742854,0.0011239439684795258,89181.44318181818,72439.0,176
AXISBANK,66,-5.493289117009097e-06,0.0,0.0007769115120274654,0.0010440535558120354,93477.61931818182,74049.0,176
AXISBANK,67,-6.372984339530409e-06,0.0,0.0008762777001879181,0.0011365384045445585,102052.90909090909,84588.5,176
AXISBANK,68,8.42191725745307e-05,0.0,0.000865283898170241,0.0012495061447324646,121036.0625,84157.0,176
AXISBANK,69,6.531398655289801e-05,0.0,0.0008536390387763585,0.0012319182546134018,107709.98295454546,87198.0,176
AXISBANK,70,-0.00032786376681393707,-0.00016212180455016378,0.0013250528326300692,0.0018775987489096971,258947.98295454544,182940.0,176
AXISBANK,71,-2.1729225197980216e-05,-8.262824229626764e-05,0.000872293794136304,0.0011763615954169004,252600.18181818182,184008.5,176
AXISBANK,72,-6.324164448307158e-05,-8.487700714859825e-05,0.0008474476891630101,0.0012133134477072221,237555.94886363635,192186.0,176
AXISBANK,73,-7.71265313880459e-05,0.0,0.0009382424269721409,0.0013117819960001187,246319.25568181818,193267.5,176
AXISBANK,74,1.110347116544914e-05,0.0,0.0008602262044244747,0.001222648148661677,250902.13068181818,182171.0,176
AXISBANK,75,0.0001417475607045795,-3.703429375601086e-05,0.001140923862364276,0.0016096136444623595,200116.10227272726,145323.5,176
BANKBEES,1,-0.000765892327522182,-0.00028529884946359996,0.004720003648726884,0.00813539833107681,37447.41242937853,20886.0,176
BANKBEES,2,1.8870577516482618e-05,0.00014170773566779538,0.0010061902535367713,0.0012954813376296408,26054.666666666668,14403.0,177
BANKBEES,3,9.851015974030278e-05,7.159989976024406e-05,0.000811856705171272,0.0010586467435129184,21061.64406779661,13672.0,177
BANKBEES,4,4.354728446217042e-05,-5.072451515808485e-05,0.0009390745234616101,0.0013058141345063921,18083.971751412428,11993.0,177
BANKBEES,5,-0.00015237414456831903,-8.685380767081696e-05,0.0007527651633459613,0.0010465204511762498,18715.717514124295,11006.0,177
BANKBEES,6,-3.203284215249787e-05,-1.6241148574014375e-05,0.0007898113265384654,0.0010845808975591753,13810.677966101695,8859.0,177
BANKBEES,7,-4.7284037527484175e-05,-1.8911456560410933e-05,0.0007366873682531156,0.0009470995453976399,14750.661016949152,9370.0,177
BANKBEES,8,-8.609920843312185e-05,-0.00014741290354269854,0.00065143212208742,0.0008303058776303782,13127.446327683616,7575.0,177
BANKBEES,9,-6.21580353608588e-05,1.7123287671116927e-05,0.0006145689233709771,0.0008284461002929574,15259.429378531073,7054.0,177
BANKBEES,10,0.00014509219191468893,9.86842105261676e-05,0.0007331278746497635,0.0009697811888227808,13256.502824858757,8993.0,177
BANKBEES,11,-2.1526462589545977e-05,1.748282312630245e-05,0.0006198239016048274,0.0008545531798806187,11755.056497175141,7179.0,177
BANKBEES,12,7.161666222924071e-05,0.0001049868766402895,0.000620455675065934,0.0008123003588173861,12322.830508474577,6783.0,177
BANKBEES,13,0.00015117154245115262,0.00016923825189141262,0.0006719064453647929,0.0008677498318288958,11253.863636363636,7169.0,176
BANKBEES,14,-2.127451936176487e-05,1.7552312238100498e-05,0.0006505527991322048,0.0008694543882936287,10605.59090909091,6305.0,176
BANKBEES,15,-3.0116581710543227e-05,0.0,0.0005643148099718277,0.0007871701089007592,10338.829545454546,6631.0,176
BANKBEES,16,2.632204988040949e-06,1.7385797457580843e-05,0.0005895028951431514,0.0007847239939883386,11836.77840909091,7201.0,176
BANKBEES,17,-5.019933435624359e-05,-8.955758552753323e-06,0.0005608348269801213,0.0007588515116422797,9459.539772727272,5593.0,176
BANKBEES,18,-6.863064203078909e-05,-6.731386703989761e-05,0.0005817341009077781,0.0008105444012104647,9043.630681818182,5934.5,176
BANKBEES,19,-4.844229245694899e-05,-8.085643132038633e-06,0.0005250144710212168,0.0007212726326495755,9311.056818181818,5227.0,176
BANKBEES,20,4.66129749848752e-05,-1.6237374723448994e-05,0.0006411448130610321,0.0009719552172348121,8988.267045454546,5747.5,176
BANKBEES,21,-1.554005457192791e-05,8.0116649842088e-06,0.0005463348246027535,0.0007716926127521225,8749.375,5248.0,176
BANKBEES,22,5.4127057392716615e-05,0.0,0.0005077517468656862,0.0007224080018920812,9473.255681818182,5416.5,176
BANKBEES,23,-8.093298754097334e-05,-3.213457713918677e-05,0.0005050848865711231,0.0006888263883678278,9329.136363636364,5084.5,176
BANKBEES,24,-8.000526882740205e-05,0.0,0.00048804858767544025,0.0006595301251331207,9691.886363636364,5901.0,176
BANKBEES,25,-5.083262849848939e-05,-0.00011998223152936971,0.000539851355529266,0.0008121743753885949,8198.994318181818,5045.5,176
BANKBEES,26,4.183218564146859e-05,3.260049730668957e-05,0.0005560879182456038,0.0007674311118999774,8817.806818181818,4985.5,176
BANKBEES,27,4.121301813289876e-06,0.0,0.0005006068127294867,0.0006643385675715894,8755.642045454546,5215.5,176
BANKBEES,28,6.534137897546812e-05,8.387151347399868e-05,0.0004807843449401496,0.0006382382952261242,9939.761363636364,5249.5,176
BANKBEES,29,7.78772881115449e-05,8.705113133278264e-05,0.0005506696897892256,0.0007895383239868224,7938.465909090909,5039.5,176
BANKBEES,30,-3.5745306793636486e-05,0.0,0.0005016533833546791,0.0006934158871934742,8157.301136363636,5217.0,176
BANKBEES,31,-6.526186286874821e-05,-1.682795725599373e-05,0.0004964331944928177,0.0007120256305217445,9560.90340909091,4655.5,176
BANKBEES,32,2.0599574996363588e-06,3.3997619649506206e-05,0.00043446754739391705,0.0005843791790201091,10143.551136363636,4511.0,176
BANKBEES,33,2.9821649938334795e-06,0.0,0.00045171042957253387,0.0006344131516263935,10838.670454545454,5454.0,176
BANKBEES,34,5.74133980875432e-05,0.0,0.0005352897761398822,0.0007588143769712423,8902.704545454546,4602.5,176
BANKBEES,35,3.4040838739858836e-05,0.0,0.000398432091616044,0.0005371731466664111,8033.920454545455,4323.5,176
BANKBEES,36,5.059145818603718e-05,1.6888454500540995e-05,0.0005331070235333809,0.0007701253842527409,10235.517045454546,4175.5,176
BANKBEES,37,1.625314825669244e-05,0.0,0.0004556717318188451,0.0006257107936244141,9566.107954545454,5294.5,176
BANKBEES,38,-4.0237380099285164e-05,-8.04634695850126e-06,0.0005648591541285504,0.0009089582705465131,12245.448863636364,4442.0,176
BANKBEES,39,-3.0849957554551524e-06,0.0,0.0005635162803347169,0.0007933271663490959,9331.09659090909,5469.0,176
BANKBEES,40,1.7964126428349214e-06,0.0,0.0006433721201154611,0.0009827243579602707,10284.130681818182,5243.0,176
BANKBEES,41,8.49769678693382e-05,-1.7152109985263397e-05,0.0005541731630019604,0.0009224202926529691,10647.318181818182,4974.0,176
BANKBEES,42,7.74921548193988e-05,8.112800376491869e-06,0.00048042316568946535,0.00067341166127462,8293.789772727272,4579.0,176
BANKBEES,43,-1.1393965936068198e-05,2.572750072438179e-05,0.0005890983730017091,0.0008725958243650901,8179.130681818182,5189.5,176
BANKBEES,44,6.771427300656461e-06,-1.7364662612540105e-05,0.00047495459356979085,0.0006604872912501932,9377.136363636364,5223.5,176
BANKBEES,45,2.3709940339305706e-05,-3.2730070512632103e-05,0.0005205781806020435,0.0007934843890635416,13041.193181818182,5090.0,176
BANKBEES,46,2.81737810470566e-06,1.611577588345181e-05,0.0004928821533950865,0.0006766955834972652,13319.056818181818,5759.5,176
BANKBEES,47,6.917013268097766e-05,3.2904982631531965e-05,0.0005325660437234303,0.0007300192499127615,8033.0625,5013.5,176
BANKBEES,48,-1.693715332028861e-05,-4.100719541538789e-05,0.000499351035726936,0.00072767410458537,9517.744318181818,5259.0,176
BANKBEES,49,-5.234875363060241e-05,8.08825908316102e-06,0.000523311568184889,0.0007137911767708588,9695.5625,4838.5,176
BANKBEES,50,3.824853711107993e-05,4.059172640868969e-05,0.0005420729999943381,0.0007195412776063789,8833.051136363636,5734.0,176
BANKBEES,51,4.969532922541824e-06,7.98084596964621e-06,0.00048815802521045735,0.0006902006754650352,8456.40340909091,4454.5,176
BANKBEES,52,1.4118054262864868e-05,0.0,0.0005465162185542744,0.0007280511375160841,8526.09090909091,5416.5,176
BANKBEES,53,-4.79817821625525e-05,-1.618306280642967e-05,0.0004920054337636518,0.0006540649024164299,10881.511363636364,5537.5,176
BANKBEES,54,-2.1369178410489915e-05,-5.902296587939615e-05,0.0005225500985950499,0.0007560647086564064,10605.022727272728,4993.0,176
BANKBEES,55,-1.800177876956443e-05,-2.474546674097189e-05,0.000486108797070837,0.0006900922650986515,10386.056818181818,4960.5,176
BANKBEES,56,-3.806499446384009e-06,0.0,0.0004489169943828683,0.0006177628497301156,7829.159090909091,4482.0,176
BANKBEES,57,-8.280885754209087e-05,-1.7045972643514595e-05,0.00046303353351386407,0.0006464199340958553,8910.880681818182,5466.5,176
BANKBEES,58,6.203813350418094e-05,3.303743064531073e-05,0.0006093553994738872,0.0008303221089254661,12939.15340909091,5614.5,176
BANKBEES,59,-2.5046053877866975e-05,0.0,0.0005376677676810613,0.000705081470007861,9020.727272727272,4895.5,176
BANKBEES,60,-3.3188002152573226e-06,-3.379034824985139e-05,0.000547772447529861,0.0007449001503031709,9592.96590909091,5161.5,176
BANKBEES,61,4.929298683398009e-05,0.0,0.0005154645063589449,0.000717640870018655,10218.772727272728,5906.5,176
BANKBEES,62,0.00010961116368357425,0.0,0.0006449507948642851,0.001005495837672801,10911.65340909091,5540.5,176
BANKBEES,63,-2.862021743211338e-06,-2.7689443348299925e-05,0.0005734327800946057,0.0007734172194497777,8866.59659090909,5234.0,176
BANKBEES,64,5.125475541828343e-05,3.216103779080104e-05,0.0006329526201279847,0.0008915080323467414,12363.454545454546,7808.0,176
BANKBEES,65,8.623903277196628e-06,3.5984900055741065e-05,0.0005974397640635064,0.0008247335184069907,12021.880681818182,7325.0,176
BANKBEES,66,4.895345168008595e-05,6.945299711091923e-05,0.0006363552629393289,0.0008454423708721968,12009.142045454546,7413.5,176
BANKBEES,67,-1.9843647292105464e-05,2.48088320546902e-05,0.0005406634827590215,0.0007280472257678793,12707.238636363636,8721.5,176
BANKBEES,68,7.764555755237981e-05,6.734786922624192e-05,0.0005537644246762615,0.0007857359360321638,14609.079545454546,8069.0,176
BANKBEES,69,1.4978500310240925e-05,0.0,0.0005194683113339039,0.0007996122499674041,12290.886363636364,8272.0,176
BANKBEES,70,-0.00020552968753643661,-6.720500747914304e-05,0.0009301313084942385,0.0013337960899960095,19250.625,12685.0,176
BANKBEES,71,-5.6215597053522395e-05,-7.651998914376401e-05,0.0006444606201803712,0.0009382350934352342,17083.363636363636,11463.0,176
BANKBEES,72,-7.193576506601268e-05,1.6701902619931097e-05,0.0005672477315841391,0.0007666712621484371,19711.846590909092,13391.5,176
BANKBEES,73,1.1421592348909285e-05,-4.065695849475581e-05,0.0005868354994314023,0.0008514935800255455,20172.590909090908,14832.0,176
BANKBEES,74,-6.667692987782662e-07,-1.6429835707043594e-05,0.00044192822117072053,0.0006241491860465015,22614.80681818182,14593.5,176
BANKBEES,75,0.0006657683879016152,0.0003388767627964251,0.0009778955145888003,0.0015543046241235983,25926.136363636364,14084.0,176
BHARTIARTL,1,-0.0008936290490331424,-0.0003203891286406857,0.005267081742533071,0.007401658203145649,926062.8644067796,278638.0,176
BHARTIARTL,2,0.00012977015005525652,5.008263634986854e-05,0.001708183016363271,0.002312465621763419,159172.85875706215,99856.0,177
BHARTIARTL,3,-4.492303311600515e-05,-4.697923517804625e-05,0.0013923951844618746,0.0018504175462915051,107153.28813559322,68337.0,177
BHARTIARTL,4,9.173630599197077e-05,5.223023085765277e-05,0.001505185343484711,0.0019543317711536476,94100.7231638418,62612.0,177
BHARTIARTL,5,-6.101190891553576e-05,9.341865570555719e-05,0.0013156199419850207,0.0016741908416550825,85544.54237288136,58213.0,177
BHARTIARTL,6,0.0002322506607548931,5.127416294925524e-05,0.001386236406609613,0.0019027802634395037,75297.18644067796,55887.0,177
BHARTIARTL,7,-7.876181781692719e-05,0.0,0.001159302837652932,0.0015620133923951807,91665.69491525424,58735.0,177
BHARTIARTL,8,2.6037006398319827e-05,-9.559315552998271e-05,0.0011330096694943282,0.0016466204692037142,83222.25423728813,50561.0,177
BHARTIARTL,9,-0.00020628171974895653,-0.00010452597470478331,0.0010512020766279668,0.0013546844539880092,65653.05649717514,52036.0,177
BHARTIARTL,10,7.433903290256972e-07,0.0,0.0011027165995035572,0.0014738000331201283,74790.90395480226,46948.0,177
BHARTIARTL,11,0.00017939767473430782,0.00015537600994397494,0.000930041378016417,0.0012677639692574999,60114.79661016949,46963.0,177
BHARTIARTL,12,-4.871099460714004e-05,-0.00014807502467917288,0.0009803098738292782,0.0013436503228922026,63845.0,42752.0,177
BHARTIARTL,13,3.626442779049418e-05,5.1082581295047724e-05,0.001062958027852777,0.0014700954410637069,72533.59659090909,46579.5,176
BHARTIARTL,14,-9.589353572530343e-06,2.3305677262941416e-05,0.0009780923803621886,0.0012906095012444703,63085.005681818184,41129.0,176
BHARTIARTL,15,5.4122583234354e-05,-4.8883784385223006e-05,0.0008960112553577705,0.001275322163914569,68913.23863636363,46466.5,176
BHARTIARTL,16,3.5280407777738254e-05,0.0,0.0008533962333452875,0.001140132519577394,60300.65340909091,44269.0,176
BHARTIARTL,17,3.28219946475554e-05,0.0,0.0009044409593483464,0.0012292775634849182,65260.681818181816,44979.0,176
BHARTIARTL,18,5.312734289739801e-05,0.0,0.0008424887730155838,0.0011301280512289122,58550.505681818184,41502.5,176
BHARTIARTL,19,-7.550555585503784e-05,-2.379819133740968e-05,0.0008392820427821691,0.0011041574989785667,65398.09659090909,49863.0,176
BHARTIARTL,20,-1.8665647733828476e-05,0.0,0.0008982956064774009,0.0011798734539326628,75531.875,50603.0,176
BHARTIARTL,21,0.00010896839014496022,0.0,0.0008603917450414094,0.0012149363918214202,70526.60795454546,50046.5,176
BHARTIARTL,22,6.45578554425411e-05,0.0,0.0008044375040122846,0.0010965094825578523,73381.25,50642.5,176
BHARTIARTL,23,7.132119624868e-05,0.00015625476146674533,0.0007613496450856404,0.0010301196497802445,68846.76136363637,50832.5,176
BHARTIARTL,24,0.00012261006899456285,2.3241760795822408e-05,0.0007261994486384805,0.0009972736021551056,63836.82386363636,49732.0,176
BHARTIARTL,25,2.9239957742681595e-05,-0.00010545477263057546,0.0008286455523075757,0.001348505269830694,74938.90340909091,43072.5,176
BHARTIARTL,26,-2.6320760692424587e-05,4.6844346202723486e-05,0.000787975009918749,0.001186408527927962,68081.16477272728,43785.0,176
BHARTIARTL,27,4.318255263757794e-05,0.0,0.000768994028592171,0.0010227631320345793,66446.26136363637,47639.0,176
BHARTIARTL,28,4.598351483832356e-05,-5.0435947320737196e-05,0.000811277593580403,0.0011403356010713844,68448.41477272728,46264.0,176
BHARTIARTL,29,7.62569552663489e-05,4.9009917332476505e-05,0.0007537518276891503,0.0010182874945457855,69569.64772727272,46956.0,176
BHARTIARTL,30,-0.00022735194657838513,-0.0001638876714410431,0.0007795168247511408,0.0010671087452869224,64483.892045454544,48709.5,176
BHARTIARTL,31,-4.628837503705483e-06,0.0,0.0007759449747677407,0.0010123890100481021,65436.545454545456,45519.5,176
BHARTIARTL,32,-7.58825480439675e-05,2.3179268462292235e-05,0.0007612214187694162,0.0010477016443723806,59159.38636363636,47077.0,176
BHARTIARTL,33,-0.00016582296801046328,-0.00018915875421565698,0.0006849572112519325,0.0008866329609061757,62182.46022727273,47143.5,176
BHARTIARTL,34,1.716119645383212e-05,0.0,0.0007785125465206218,0.0010697920844099935,89234.30113636363,46817.0,176
BHARTIARTL,35,5.999714370895359e-05,-4.976963447189675e-05,0.0008364247305787223,0.0011284524473030356,63739.07386363636,47715.5,176
BHARTIARTL,36,0.000199674967636172,0.000190758087896703,0.0007820265083230333,0.0010332797383356869,62524.9375,45406.0,176
BHARTIARTL,37,-8.737094238701892e-05,0.0,0.0007640310241539563,0.0010438990250151723,60552.38636363636,44777.0,176
BHARTIARTL,38,2.5803585661635098e-05,2.357489744919672e-05,0.0007713543140601346,0.001077094834152905,66378.30113636363,49393.5,176
BHARTIARTL,39,-0.00013340537673229116,-4.891760176178872e-05,0.0007309638094724434,0.0011165347725657674,63361.48863636364,45750.5,176
BHARTIARTL,40,5.650555592485817e-05,7.25477141944042e-05,0.0007950799351939674,0.0010690496077163636,62812.482954545456,45016.5,176
BHARTIARTL,41,1.4764147236791384e-05,0.0,0.0007374692762916771,0.0010253132567001587,60760.5625,50345.5,176
BHARTIARTL,42,-0.00010416372826195886,-4.896179660823785e-05,0.0007437735542523769,0.0009923122744288921,66778.38068181818,50225.0,176
BHARTIARTL,43,2.1227996028423173e-05,0.0,0.000793646688936087,0.0011552823544680197,61521.892045454544,45019.0,176
BHARTIARTL,44,9.412437859816643e-05,9.726710099389191e-05,0.0006943867665613486,0.0009116525523421493,64907.32386363636,51032.0,176
BHARTIARTL,45,0.00014483506344271796,5.033161638701156e-05,0.0007744736737626319,0.001102130045057071,66074.77840909091,46011.5,176
BHARTIARTL,46,-4.1516641974681396e-05,-2.3454357819752136e-05,0.0006852665156192865,0.0010137211319029963,63765.25,55616.0,176
BHARTIARTL,47,0.00011215420237685017,5.255233967349504e-05,0.0007533382382758995,0.001021129103623777,73252.74431818182,55985.5,176
BHARTIARTL,48,8.799277249719007e-05,9.522924688676326e-05,0.0007575163704857832,0.0010533437510810266,72304.25568181818,48786.0,176
BHARTIARTL,49,8.810881876714335e-05,2.359046945032972e-05,0.000740897296675528,0.0010286574935590455,70443.71022727272,52952.0,176
BHARTIARTL,50,-0.00011607159058165156,-0.00012678679938271653,0.0007817469869188186,0.0010276066249387552,79310.92613636363,54211.5,176
BHARTIARTL,51,-3.1743403423981833e-05,0.0,0.0007334710045169734,0.0010660768010928839,72764.53977272728,56777.5,176
BHARTIARTL,52,1.1999428005050504e-05,-5.4815219333315124e-05,0.0008210355348544287,0.001132595094668603,80563.73295454546,54756.5,176
BHARTIARTL,53,-1.7443857626066947e-05,-2.3111768512495967e-05,0.0006874669413936552,0.0009692727812807833,72992.83522727272,59696.5,176
BHARTIARTL,54,-0.00011852774670972395,-5.251456022781209e-05,0.0007977530404532893,0.001116469087289462,71053.24431818182,57248.0,176
BHARTIARTL,55,-0.00015477513491910964,-5.2691951084815614e-05,0.000673738560990771,0.0009521203976617746,77134.96022727272,53759.5,176
BHARTIARTL,56,2.38079693260021e-05,2.3212627669466634e-05,0.0006844982001308601,0.000923091708330996,73275.27840909091,55875.5,176
BHARTIARTL,57,-3.0680474832572985e-05,-5.116289616724501e-05,0.0006887902400921536,0.000949963050420774,71030.22727272728,48854.0,176
BHARTIARTL,58,-4.504313917124553e-05,-2.3739435950964616e-05,0.0006865266212957028,0.0009273690674170133,70951.05681818182,58788.0,176
BHARTIARTL,59,-1.0373279167985836e-05,-7.032872379958421e-05,0.0007287572127604914,0.0009353404656567455,76976.01704545454,61243.5,176
BHARTIARTL,60,4.331837196322905e-05,7.504259332880014e-05,0.0006616947049064172,0.0008657394217894982,83344.67045454546,63149.5,176
BHARTIARTL,61,4.633544401396537e-06,-5.1404930161202955e-05,0.0007674491798610638,0.0010942408369343992,79607.28409090909,67527.5,176
BHARTIARTL,62,4.530604824420094e-05,2.4666995559918803e-05,0.0007657548888223444,0.0009808731237521938,91784.97159090909,73578.5,176
BHARTIARTL,63,-4.990951991821152e-05,-5.079321188911079e-05,0.0008209041625264883,0.0011454299214034827,96505.64772727272,72975.5,176
BHARTIARTL,64,3.6852832723582105e-05,7.585584794012057e-05,0.0008179946802499851,0.001121134678813691,96495.41477272728,81109.5,176
BHARTIARTL,65,8.573944541033306e-05,0.00014995530723205253,0.0007880184179746973,0.0010840663943727145,92520.875,77941.5,176
BHARTIARTL,66,2.280062265649855e-05,0.0,0.0007786221648918801,0.0010717753384221463,100302.77840909091,78559.5,176
BHARTIARTL,67,-9.461449398504396e-05,0.0,0.0008393010255783785,0.0012082234506123946,102050.3125,80996.0,176
BHARTIARTL,68,3.867790231830174e-05,5.154909330207236e-05,0.0008179093067940212,0.0011088689442372921,107406.04545454546,86790.5,176
BHARTIARTL,69,-2.191126288164142e-06,2.3644015699764154e-05,0.0006956078743978618,0.0010507401109877141,95952.67613636363,81120.0,176
BHARTIARTL,70,-7.062596432557172e-05,4.808978973647182e-05,0.0014284787787128368,0.0019732917884038655,394837.4772727273,262005.0,176
BHARTIARTL,71,-8.834205640137356e-05,-5.521811170894342e-05,0.000990707150965582,0.001394889705646941,381827.8977272727,277497.0,176
BHARTIARTL,72,-0.00013829907711304784,-0.0001444256516699438,0.0009534869664987948,0.0012899290861746967,340422.69886363635,247725.0,176
BHARTIARTL,73,-7.923801073616805e-05,-4.942125826118415e-05,0.000843621775605621,0.0011931698261760373,304066.2159090909,217200.5,176
BHARTIARTL,74,6.75550049786716e-05,0.0001026445795128117,0.0007829493869185824,0.001135558939757835,298699.5056818182,216635.5,176
BHARTIARTL,75,0.00024311234241055558,0.00017825364214552053,0.0012131176605044462,0.0017312921849304724,236040.68181818182,171961.0,176
GOLDBEES,1,0.00010034935731460236,0.0010152714124457285,0.012133966276228546,0.019989119443001566,3846873.966101695,2386808.0,176
GOLDBEES,2,0.00022113076860588517,-7.788161993782516e-05,0.0012851342680320216,0.0029006005815074157,2018467.1129943503,1253811.0,177
GOLDBEES,3,-8.563131420133069e-05,-8.008328661812669e-05,0.0008351606221210213,0.0021337724861982222,1560223.5423728814,956134.0,177
GOLDBEES,4,0.00035412542019618904,0.00015631105900748565,0.001067594310219999,0.0024064467948101457,1531353.9378531072,871629.0,177
GOLDBEES,5,-0.0001399856378309786,0.0,0.0009654047454347609,0.0017066829137550982,1312797.8192090394,757865.0,177
GOLDBEES,6,0.00011674923064942057,0.0,0.0008339936990237139,0.00257633408438399,1161439.079096045,606830.0,177
GOLDBEES,7,4.297241002381704e-05,-8.821453775587074e-05,0.0008921520395993443,0.0021498442024432897,1048109.5649717514,624126.0,177
GOLDBEES,8,-0.0002606469755914902,0.0,0.0009085573180449828,0.0026002331870162783,961205.6214689265,573379.0,177
GOLDBEES,9,0.0001221444501357618,0.0,0.0008450140273609975,0.0025698013637419155,823904.8248587571,470553.0,177
GOLDBEES,10,0.0003764976022644255,0.00010053282396715879,0.0007965893688496844,0.0019065105092942766,860738.7175141243,550962.0,177
GOLDBEES,11,-1.2241812385803729e-05,0.0,0.0006123079442166241,0.001043694519882799,754268.5649717514,487671.0,177
GOLDBEES,12,2.0426387431375058e-05,0.0,0.0005346980841611775,0.0008376731027793966,733361.9322033898,433162.0,177
GOLDBEES,13,0.00020842342624676692,7.627526900455539e-05,0.0006205839359088747,0.0011691768146080198,714882.6477272727,441969.0,176
GOLDBEES,14,6.888657190924693e-05,0.0,0.0006961956989777127,0.0016221294047601262,733980.9943181818,425888.5,176
GOLDBEES,15,-0.00015145680455204297,-3.8229222417585085e-05,0.0006703501293085577,0.0015055935452377004,682857.7386363636,390325.5,176
GOLDBEES,16,0.00010796463773814277,8.401634124177715e-05,0.0006450099547771791,0.0009712974767644887,642485.7272727273,446310.0,176
GOLDBEES,17,-7.947580986874397e-05,0.0,0.0007000865380094924,0.0013742663110537646,636908.6647727273,390967.5,176
GOLDBEES,18,-2.0588157879011676e-05,7.64232440730872e-05,0.0005587588131117756,0.001001400182843149,618962.0681818182,428637.5,176
GOLDBEES,19,-1.616818162310556e-05,7.75394424420428e-05,0.0007289573355948163,0.001441331860041131,649261.2556818182,377857.5,176
GOLDBEES,20,1.1660007549485485e-05,8.044139981688847e-05,0.0005551795284645364,0.0008531238859951584,621209.7102272727,389077.5,176
GOLDBEES,21,-6.420485816385264e-05,0.0,0.0005805804017639325,0.0010605484182089242,562517.9772727273,385556.0,176
GOLDBEES,22,-0.000119475411997003,7.923451797098302e-05,0.0009075474209535792,0.001383479437550939,683899.25,508927.0,176
GOLDBEES,23,2.1358119974897172e-05,0.0,0.0006555914937446376,0.0010236307736190239,590779.2443181818,405153.0,176
GOLDBEES,24,-7.439275111197579e-05,0.0,0.0007783732010187675,0.001452282476890322,593017.2329545454,388685.0,176
GOLDBEES,25,0.00011399522169257396,0.0001047082668198529,0.0006858331527898786,0.001205609305594016,624208.2954545454,393996.5,176
GOLDBEES,26,8.880280271703193e-05,0.0,0.0006549214967757154,0.0011138466087537147,611013.5284090909,390788.0,176
GOLDBEES,27,-0.00025852818849012406,-8.869500512459494e-05,0.0007106493887052436,0.0011676940732562786,672305.9829545454,395955.5,176
GOLDBEES,28,0.00012451533377452623,0.0,0.000705479104122448,0.0013478247001830466,634297.9318181818,399626.0,176
GOLDBEES,29,-3.234435385078245e-05,7.95107628617231e-05,0.0007666947583566983,0.0012771651795290178,598382.6931818182,388564.5,176
GOLDBEES,30,4.832579868908451e-05,0.0,0.000575044037399109,0.0008499927169493701,537854.2784090909,354089.0,176
GOLDBEES,31,2.210383079835873e-05,0.0,0.0006240949644936395,0.0009929086734579643,554866.2954545454,347760.0,176
GOLDBEES,32,-0.00010974510041051145,0.0,0.0006428306090220672,0.0011969949034431767,559539.1704545454,348081.5,176
GOLDBEES,33,-8.16009401442956e-05,0.0,0.0006041566905109006,0.000945283036744533,570397.9261363636,372244.5,176
GOLDBEES,34,5.164984387791661e-07,7.83387606865249e-05,0.0005880846052307021,0.0010376866884423321,566690.7386363636,352110.5,176
GOLDBEES,35,5.8761589132032905e-06,0.0,0.0005101348807378121,0.0007473676057988521,541784.7329545454,313247.5,176
GOLDBEES,36,-3.7673237079459664e-05,0.0,0.000573383943727707,0.0010172048428080474,537565.3181818182,324332.5,176
GOLDBEES,37,-0.000130480144411456,0.0,0.000670795505742586,0.0012631203632670553,587806.8238636364,319907.0,176
GOLDBEES,38,-8.730461865251574e-06,0.0,0.0006615662365004163,0.0011399915983067881,558627.0227272727,315743.5,176
GOLDBEES,39,0.0001717930223747822,0.0,0.0005441873673718744,0.0009156928732676202,486099.6193181818,272083.0,176
GOLDBEES,40,-7.774763872134524e-05,0.0,0.000643717942282808,0.0011968346237034052,553206.9204545454,332420.0,176
GOLDBEES,41,0.00012498495706522223,9.873930439974199e-05,0.0005538512209637566,0.0008318793806534142,509164.5909090909,324716.0,176
GOLDBEES,42,2.532974790657134e-05,7.767956548099253e-05,0.0005734274314029532,0.0009972972749807245,483033.5568181818,304452.0,176
GOLDBEES,43,0.0001239835918261315,3.433594286494923e-05,0.0005331051209077557,0.0008888257108662147,453565.5284090909,280603.0,176
GOLDBEES,44,-0.00010282169194512724,0.0,0.0005706229950613513,0.0009072712998717379,514171.4034090909,311088.0,176
GOLDBEES,45,0.00013097411329536575,8.289673174755041e-05,0.0005813786343005961,0.0009783973159409264,513586.0284090909,302105.0,176
GOLDBEES,46,5.041796899158225e-06,0.0,0.0004972030350936626,0.0007406019173431012,458376.57386363635,293133.0,176
GOLDBEES,47,1.3290532467034247e-05,-7.937491165038724e-05,0.0005485682370088336,0.0009440927030795734,485477.1534090909,263233.0,176
GOLDBEES,48,2.643037781041958e-05,0.0,0.000549583190937469,0.0009633768088996131,454506.6647727273,302811.0,176
GOLDBEES,49,0.00011026511786005081,3.7944903999331814e-05,0.0005727309982610406,0.0009191261924148318,440925.1590909091,289442.5,176
GOLDBEES,50,-0.00010219215163469438,-7.602891247726618e-05,0.0005569695722872018,0.0010077252923019239,470264.4318181818,302576.0,176
GOLDBEES,51,6.029111390166292e-05,0.0,0.00046199155918581693,0.0007964707719891389,420757.0284090909,292995.0,176
GOLDBEES,52,5.122649429042127e-05,7.981862018924257e-05,0.0006574982771746387,0.0010185054875691592,481992.88636363635,339681.0,176
GOLDBEES,53,-1.3610541829667381e-05,0.0,0.0007212033102111867,0.001370534836422317,522217.2215909091,335777.0,176
GOLDBEES,54,0.00013805528971506375,7.62761085167929e-05,0.0005178540180640364,0.0007422445316121982,504873.3125,336708.0,176
GOLDBEES,55,2.223191586814403e-05,0.0,0.0005662450964375441,0.0009321022045991347,502385.7784090909,328148.0,176
GOLDBEES,56,-1.8337339664339797e-05,0.0,0.0004897474057344593,0.0008353431519647886,520805.3806818182,341210.5,176
GOLDBEES,57,-0.00014159549103285647,-8.096511730898426e-05,0.0005110213182062912,0.0007659062793958904,548467.6761363636,299256.5,176
GOLDBEES,58,4.418598454088341e-05,3.7959307622181804e-05,0.0006249957302048196,0.0010819456159041388,542313.9431818182,336066.5,176
GOLDBEES,59,-2.1719416200861244e-05,7.660114404495211e-05,0.0005366453341799019,0.0008964065266380689,539270.6590909091,317515.0,176
GOLDBEES,60,2.898955573507548e-05,0.0,0.0005862597089295123,0.0010263693969502947,526816.5227272727,330753.5,176
GOLDBEES,61,5.510829414602451e-05,7.730343531775485e-05,0.0005923523940646571,0.000931635972838038,514679.8409090909,333573.5,176
GOLDBEES,62,7.114481627712002e-05,7.972265781686083e-05,0.0005600190040901568,0.00092203957386792,493765.3352272727,321511.5,176
GOLDBEES,63,-1.7702020491236354e-05,0.0,0.0005916988513738272,0.0011440807266762693,527568.0681818182,299897.5,176
GOLDBEES,64,9.631783913242875e-05,7.689144651756852e-05,0.0006211568855156888,0.0009957153749594729,631705.0284090909,350510.5,176
GOLDBEES,65,-7.435168330627737e-05,0.0,0.0007716482156083876,0.0019352492232701116,579386.7670454546,350865.0,176
GOLDBEES,66,7.747243871753467e-07,0.0,0.000608311381877593,0.0011823755100858278,600238.4886363636,338332.0,176
GOLDBEES,67,8.182013564988034e-05,8.637332183170088e-05,0.0006945629586159741,0.0012170414942666553,615743.1704545454,398157.0,176
GOLDBEES,68,3.1439457560630696e-05,0.0,0.0005756644629199149,0.001106916965321294,661184.1420454546,460927.5,176
GOLDBEES,69,-2.759234377870931e-05,-0.00010185792333416988,0.0006535536195488793,0.0011773839043127826,695199.0,465824.5,176
GOLDBEES,70,0.00012912056032009044,7.971523831051819e-05,0.0006666668580644662,0.0013433970605868074,804578.375,625069.0,176
GOLDBEES,71,0.0001662569611203043,0.00015505349655164924,0.0005907889664927469,0.0008992082052330304,928436.0909090909,697823.0,176
GOLDBEES,72,3.378163542267637e-05,8.92726828620738e-05,0.0007158476378265944,0.0014419270024374849,1055008.0738636365,855104.5,176
GOLDBEES,73,-1.6152130335017105e-05,0.0,0.0007560822090644893,0.0014518785275128275,1267339.3522727273,968677.0,176
GOLDBEES,74,0.00020957939032228726,8.008489730237933e-05,0.0007982935257880903,0.0014236369950126311,1414381.3636363635,1099679.5,176
GOLDBEES,75,0.0002710263473638908,7.55916140907642e-05,0.0009366433895629113,0.0017818160798352741,1416228.5284090908,1086299.0,176
HCLTECH,1,-0.00023485950059814705,0.0009793250912520923,0.008165193719218531,0.012967552394135806,148444.3615819209,102877.0,176
HCLTECH,2,-0.0004954016343569845,-0.000676631604847211,0.0023593335896361146,0.0029738425330236478,78580.03389830509,49228.0,177
HCLTECH,3,-0.000499347447765873,0.0,0.0019077404486730028,0.0026872300332472965,63869.45197740113,40252.0,177
HCLTECH,4,-0.0003898651107839428,-0.00038845008416410476,0.002168965473902186,0.0028909125443430995,59536.15254237288,37725.0,177
HCLTECH,5,-0.00018772338090409385,-0.00017943656917285278,0.0017018797936552157,0.0021910141317798663,53569.88700564972,37451.0,177
HCLTECH,6,0.0003555072709919204,7.534091765237783e-05,0.0015834204293749287,0.0021802866933203647,49171.28248587571,32568.0,177
HCLTECH,7,0.00015121625218521512,-7.012622720892203e-05,0.0016835886411237502,0.002172192295069089,48788.141242937854,29511.0,177
HCLTECH,8,0.00020779039621697344,0.0,0.00136266796602366,0.0019136264070715692,41947.536723163845,26166.0,177
HCLTECH,9,-6.253564248695169e-05,-0.0001717770334106472,0.00132508510267972,0.0017552904977386952,38752.93220338983,23582.0,177
HCLTECH,10,-2.674374595632666e-05,-6.291682395875853e-05,0.0012971171628920575,0.0017879906239396171,40928.69491525424,24345.0,177
HCLTECH,11,9.362391080040245e-05,-8.611039352446337e-05,0.0011008645066340867,0.0014664673031236958,40744.89265536723,23716.0,177
HCLTECH,12,0.00010435753576683578,0.0001420454545455474,0.001183738543432766,0.0015618165383927424,35521.42937853107,21868.0,177
HCLTECH,13,0.00014215159915615343,6.388634280474204e-05,0.0012802619047791225,0.001656282882799485,35822.94886363636,24274.0,176
HCLTECH,14,0.0001757801618885894,6.25078137208579e-05,0.00112079655921116,0.0015548377055319992,35470.69886363636,20151.5,176
HCLTECH,15,-0.00025187191027143096,-0.0002962549193005204,0.0011750921182894982,0.0015088781882130324,31196.772727272728,20619.5,176
HCLTECH,16,4.3199096190412404e-05,-0.00015844718851631967,0.0011486283567496405,0.0016203368395716277,33640.34090909091,19273.0,176
HCLTECH,17,0.0001345188500319591,2.9968832414239976e-05,0.0009947256713156412,0.0013505793080716786,35022.107954545456,18891.5,176
HCLTECH,18,7.070084934219877e-05,-6.708677656230844e-05,0.0010173204923911092,0.001414185188117963,30075.852272727272,19457.5,176
HCLTECH,19,-2.559398561587416e-05,-5.995190844920728e-05,0.0009367254543757882,0.0013715478470431254,36443.380681818184,20074.0,176
HCLTECH,20,5.061655310782991e-05,0.0,0.0009472860789360899,0.0013487483913528534,30809.846590909092,21851.0,176
HCLTECH,21,-1.6558284473159526e-05,0.0,0.0009532222010750162,0.0012567549892784236,33031.994318181816,20692.5,176
HCLTECH,22,-4.822068091339986e-05,-6.689368487938774e-05,0.0008977629477579651,0.0011931811406930349,32014.636363636364,20734.0,176
HCLTECH,23,0.00023134630703313094,0.00010307052965308205,0.0009572949449805597,0.0013003241032055585,29151.221590909092,21414.0,176
HCLTECH,24,0.0002118052070485436,0.00012716217166075516,0.0008643963956401421,0.001145294623019217,32420.0,19390.0,176
HCLTECH,25,-0.00017602431579894761,-0.00013095534377766116,0.0010068533057379552,0.0013737123494253294,33937.76136363636,20974.5,176
HCLTECH,26,-1.9754239239876632e-05,-3.070875813787621e-05,0.0008354469001329736,0.0010782373799341671,30954.5625,19970.0,176
HCLTECH,27,8.224286043463773e-05,7.270850270335583e-05,0.0009556811541256604,0.0012762523410640033,34434.08522727273,21143.0,176
HCLTECH,28,-3.8003443513524357e-05,-6.162727121850065e-05,0.0009596721451672663,0.0012883123549227,31009.426136363636,21762.5,176
HCLTECH,29,0.00017904885750768274,0.00017626317305097228,0.0008878038495480338,0.001084537069308722,29261.551136363636,19533.5,176
HCLTECH,30,-0.00011284757044210379,0.0,0.0009351689303859357,0.0012811037924099283,29873.448863636364,19116.5,176
HCLTECH,31,4.097146075257889e-05,6.498248721242827e-05,0.000877385618469667,0.0011923878394316065,35818.818181818184,20545.5,176
HCLTECH,32,7.981855684798104e-05,6.123570167360093e-05,0.0008672810587220021,0.0011483601392335938,30261.613636363636,17779.0,176
HCLTECH,33,-3.067331679173426e-05,0.0,0.0007897001342828783,0.0010574179642213319,30177.738636363636,19956.5,176
HCLTECH,34,-4.726771732357663e-06,-2.9054564472108524e-05,0.0009299717576594545,0.001330099797990733,33023.19886363636,19415.5,176
HCLTECH,35,0.00011721003016691207,0.00010060253132126995,0.0009961824915626324,0.001484059744300563,32851.63636363636,20468.5,176
HCLTECH,36,4.7472486962050655e-06,0.0,0.0008167278261463774,0.0011871379668843853,32066.823863636364,19195.0,176
HCLTECH,37,-0.00022141022235389304,-8.373456276122848e-05,0.0010214737109551987,0.00219703976736392,32387.63068181818,19649.0,176
HCLTECH,38,-5.319216984024655e-05,0.0,0.0007997823081660207,0.0011173757002614672,34716.39772727273,21064.5,176
HCLTECH,39,5.1414983897116184e-06,0.0,0.0009087295722760524,0.0012427702724981055,32158.801136363636,20529.5,176
HCLTECH,40,-0.00019215666670788537,-0.00012939873769152177,0.0008469994295663728,0.0011913511304762789,28869.846590909092,20230.0,176
HCLTECH,41,3.559902114120663e-05,0.0,0.0008754314015539496,0.001566404733385617,28444.982954545456,19092.5,176
HCLTECH,42,0.00010367102885625035,0.00012054635036773398,0.0008145876337373282,0.0011634703296675446,29871.272727272728,19527.5,176
HCLTECH,43,-9.407919413297618e-05,-6.206501789213226e-05,0.0008004860735651071,0.0013143935533202742,32962.767045454544,16375.5,176
HCLTECH,44,-4.828668409485491e-05,0.0,0.0007225271124729811,0.0010886411905919506,28330.125,17234.5,176
HCLTECH,45,-0.00013050242191061455,-6.27771913790931e-05,0.0007626599340849749,0.0012510109492792785,30175.551136363636,16615.5,176
HCLTECH,46,0.00018988618866028396,0.0,0.0008721871955986178,0.0012269229592598658,28707.028409090908,19342.0,176
HCLTECH,47,1.71097195256045e-05,-2.966302800189169e-05,0.0007491816514593148,0.001299088721061638,23849.096590909092,19215.5,176
HCLTECH,48,3.763101744769111e-05,6.285677705897275e-05,0.0008255125525093253,0.0011473751471105062,27012.5,17281.0,176
HCLTECH,49,-1.4867102738973741e-05,-0.00013978386813046084,0.0007630684669060781,0.0010509694201172994,25845.471590909092,17851.5,176
HCLTECH,50,-1.6627604292341032e-05,0.0,0.0007712655480675353,0.0010584659502260543,25479.448863636364,16831.5,176
HCLTECH,51,-4.8660424078925e-05,0.0,0.0008072607315520358,0.001093672145283305,27131.767045454544,18021.0,176
HCLTECH,52,1.759692053805086e-05,0.0,0.0008789987450051354,0.0012489354738585616,26607.653409090908,18103.5,176
HCLTECH,53,-0.00012716575808281917,-7.148241778054398e-05,0.0007137390754031072,0.0009523376247103608,25842.284090909092,16965.0,176
HCLTECH,54,-6.976516472625604e-05,-6.035188036446204e-05,0.0007579465971588885,0.0010404164488798085,27175.079545454544,17536.5,176
HCLTECH,55,-2.6217371955012343e-05,-6.784893417216553e-05,0.0006991594434071213,0.0009704549368649308,22535.426136363636,15169.5,176
HCLTECH,56,-0.0001583691299944758,-0.00013207202392229167,0.0007141073292823903,0.0010239135644782833,24868.596590909092,18128.5,176
HCLTECH,57,-0.00010457945807229081,-0.0001878523871549076,0.0008018961929021553,0.0011638240229765624,29284.903409090908,16178.5,176
HCLTECH,58,2.1508973786441892e-05,0.0,0.0007955704019164293,0.0010878191442618998,30089.886363636364,19264.5,176
HCLTECH,59,-1.4693532098921708e-05,0.0,0.0007916737834269007,0.0010350571655407645,31409.170454545456,22149.5,176
HCLTECH,60,-9.24922256961949e-05,-0.00010308373089301659,0.0008005846437292814,0.001088934995790101,34219.0625,23107.5,176
HCLTECH,61,1.210472714421116e-05,6.987631636268254e-05,0.0007596851614390943,0.0010496090723307108,35668.494318181816,23254.5,176
HCLTECH,62,5.5637182171595784e-05,-6.18955675326105e-05,0.0008238411841291735,0.0011308052554734385,32454.761363636364,22139.0,176
HCLTECH,63,-3.625024564386161e-05,0.0,0.0008482150092119778,0.0012199244869690094,33201.880681818184,23930.0,176
HCLTECH,64,0.000271126592550526,0.0001775774326612245,0.0009015062798005787,0.0012185851553465966,36183.72727272727,25545.5,176
HCLTECH,65,0.00011772866654401319,0.0,0.0007579145868551361,0.001048756968826671,34478.33522727273,25814.0,176
HCLTECH,66,5.5014506876354974e-05,6.508038924457615e-05,0.0008588871148645435,0.0011497933135734282,36924.329545454544,28291.5,176
HCLTECH,67,-0.00010518496370593194,0.0,0.0008519307849326808,0.0011345268144070863,37040.8125,28181.5,176
HCLTECH,68,4.416581172595418e-05,0.0,0.0007753648782785338,0.0010586567296918322,38495.96590909091,29522.5,176
HCLTECH,69,-5.3688259250235515e-05,-6.719556337742016e-05,0.0007117211633978361,0.0009549127821592366,43495.443181818184,30828.0,176
HCLTECH,70,-0.00013082501330513712,-0.0001715623445325276,0.0015138226996403146,0.0019808337228045246,126941.97159090909,80924.0,176
HCLTECH,71,-8.509483398988871e-05,-0.00015690110602273322,0.0009322462347319551,0.0012106413873121157,121931.54545454546,83642.0,176
HCLTECH,72,-0.0002503736237272038,-0.0001702284020514977,0.0007578173772136779,0.0009898390122206617,116639.77840909091,75452.5,176
HCLTECH,73,-6.66281975861959e-05,0.0,0.0007962399930356938,0.001080432511622563,120044.68181818182,85466.0,176
HCLTECH,74,-0.00011627461075718932,0.0,0.0007851480893053264,0.0011196469755559416,129440.94318181818,91591.5,176
HCLTECH,75,7.908959649082264e-05,0.0,0.0012640223063356505,0.001877792866334142,108031.92045454546,80002.0,176
HDFCBANK,1,-0.001536596240235772,-0.0011103581024420328,0.006032818605142931,0.0093760697236768,2085033.9943502825,1336582.0,176
HDFCBANK,2,0.0002121695755732557,6.441223832531762e-05,0.0015903806786413024,0.0021073716342164543,685832.5028248588,465000.0,177
HDFCBANK,3,0.00012567067814012712,0.0002015316404675449,0.0014360409949868938,0.001939406143852612,521791.81355932204,371505.0,177
HDFCBANK,4,2.0456228004051442e-05,0.00010241704219593473,0.0013604618671156244,0.0018877277619265486,440939.23728813557,304282.0,177
HDFCBANK,5,-0.00010892759259164905,-0.00021318552470284136,0.001171731998055646,0.0017348553182483396,405674.32768361585,293615.0,177
HDFCBANK,6,3.125016564384822e-05,-4.9544193420625326e-05,0.00110781524816374,0.00150909595333076,338934.29378531076,245152.0,177
HDFCBANK,7,2.1304922706100245e-05,5.766680122265555e-05,0.0010158282921652131,0.001404323826722587,370678.4915254237,262443.0,177
HDFCBANK,8,-6.0993378628262536e-05,-5.410962610241654e-05,0.0009718008362209987,0.0012700637141369788,355196.2259887006,219377.0,177
HDFCBANK,9,-1.2028448057265888e-05,0.0,0.0009258613127294183,0.0011961091850727396,373971.18079096044,230413.0,177
HDFCBANK,10,4.153063704451969e-05,5.93894761848901e-05,0.0009918570438088752,0.0013342097162740282,316013.25423728814,219870.0,177
HDFCBANK,11,-3.06300638218757e-05,-5.419173034193481e-05,0.0009063574779207878,0.001254409316740533,366101.33898305084,199712.0,177
HDFCBANK,12,-1.5903380005310431e-06,0.0,0.0008846788116287787,0.001178795505379737,299759.2259887006,215412.0,177
HDFCBANK,13,0.00018815916531653092,0.0,0.0009518054689066212,0.0013086002454494963,295107.92045454547,202195.0,176
HDFCBANK,14,2.9239874763925154e-05,6.448294745631244e-05,0.0009687139689089068,0.0013546278357372435,294106.9772727273,194567.0,176
HDFCBANK,15,2.2588935031488628e-05,-9.942870043272434e-05,0.0008178933051462587,0.0010494485199124058,262094.48295454544,175871.5,176
HDFCBANK,16,3.877470349969373e-05,0.0,0.0008230736462111861,0.0010947114466744437,269132.1590909091,193501.5,176
HDFCBANK,17,-1.6351457064048532e-05,0.0,0.0007437006803770917,0.0010579168349737192,246291.0284090909,176627.0,176
HDFCBANK,18,-0.00013003983762702932,-0.0001142213134682768,0.0008444548223039391,0.0012088167017281076,251115.91477272726,193936.5,176
HDFCBANK,19,-7.670736580796192e-05,-2.4900398406357827e-05,0.0006585722064384086,0.0008644205917345576,240177.0284090909,178610.0,176
HDFCBANK,20,7.928874295524148e-05,0.0,0.0007454338633522728,0.0010531015480592792,264771.3068181818,192682.0,176
HDFCBANK,21,4.736485737028133e-05,0.0,0.0007101479031335054,0.0010117059193631593,256928.27272727274,188019.0,176
HDFCBANK,22,2.8853542118806687e-05,5.4054262199398906e-05,0.0007568929500804608,0.0010492929570035906,293198.82386363635,224919.5,176
HDFCBANK,23,-0.00011587433634203128,-0.00010122494582687214,0.0007480993593466486,0.0009891221351769268,243783.5284090909,193683.5,176
HDFCBANK,24,0.00010019443060338292,2.7031410498978836e-05,0.0006397923559599751,0.0008469966902845073,247614.44318181818,190093.5,176
HDFCBANK,25,-0.00016358736766130332,-0.00013003631756342005,0.0007105088320094624,0.0010079545778607162,266841.8409090909,190788.0,176
HDFCBANK,26,-2.0977675876373483e-05,-6.036565064837518e-05,0.0007897171106392084,0.0011242208104663117,291206.5284090909,206087.5,176
HDFCBANK,27,0.00013401124987222156,0.0,0.00078979336363517,0.001144379531906854,334935.32386363635,210993.5,176
HDFCBANK,28,8.684696408552318e-05,0.0,0.0007847246087454896,0.001101985838118457,257537.85795454544,204035.0,176
HDFCBANK,29,7.389111589896862e-05,0.00010162871958885322,0.0007054637580169935,0.0009328587024277352,239688.54545454544,173091.5,176
HDFCBANK,30,-7.144309045712785e-05,-0.00015052914961355413,0.0007485128762676378,0.0010707227022266712,260956.88068181818,192272.0,176
HDFCBANK,31,7.354326801776748e-06,0.0,0.0006788087866264746,0.0009050431436876819,255459.00568181818,185662.0,176
HDFCBANK,32,-5.342051640980985e-07,0.0,0.0006853173236223937,0.0009186957022689383,237032.19886363635,184659.0,176
HDFCBANK,33,-0.00011605991796627729,-5.82170572983598e-05,0.0007078052908681655,0.0009824539153573798,239006.4090909091,176082.0,176
HDFCBANK,34,8.099884374718013e-05,0.00010225512305539475,0.000740579117075171,0.0010130507348671421,254409.8409090909,184589.5,176
HDFCBANK,35,4.959647678093567e-05,0.0,0.0007375119654725138,0.001036422840804191,257465.00568181818,190623.5,176
HDFCBANK,36,4.8540529017724525e-06,5.0205176070794444e-05,0.000710114415199437,0.0010263931334022008,260480.47727272726,202511.5,176
HDFCBANK,37,7.529857945948308e-06,-2.552192333210579e-05,0.0006674062317079695,0.0008533137656495526,259369.60795454544,199143.0,176
HDFCBANK,38,-4.726198422129457e-06,6.451406771768031e-05,0.0007943972141314314,0.0011154610070492445,293853.7215909091,208393.5,176
HDFCBANK,39,-7.052908810370588e-05,-2.5133205991789698e-05,0.0007206620230544417,0.0010415247217158568,267173.2272727273,188886.5,176
HDFCBANK,40,5.7511473768136456e-05,0.00014179897492194726,0.0008423622564057955,0.0013077337264578639,256777.38636363635,195604.5,176
HDFCBANK,41,0.00013696898065550117,0.0,0.0007124713016222573,0.0012959330357309041,265983.4090909091,207868.0,176
HDFCBANK,42,2.272370390133217e-05,0.0,0.0006794839041823625,0.0008742967119196593,277282.01704545453,199030.5,176
HDFCBANK,43,2.9445328748854945e-05,0.0,0.0007510599959733129,0.0011236947994453922,290166.42045454547,229646.0,176
HDFCBANK,44,6.944885701475624e-05,2.4745125210334784e-05,0.0007119903574692576,0.00099947101218692,325069.73863636365,218041.0,176
HDFCBANK,45,-1.42834294131692e-05,0.0,0.0006703005265755672,0.0008950267467552577,302238.79545454547,210405.0,176
HDFCBANK,46,1.6965085487979798e-05,-2.58051197357112e-05,0.0007032030098293836,0.0009432263378335553,274124.80113636365,218467.5,176
HDFCBANK,47,-8.98976703191232e-05,-2.7005130974866454e-05,0.0007139653376287886,0.0009705477557318686,292997.11363636365,211074.0,176
HDFCBANK,48,3.421528735731377e-05,5.534966122056062e-05,0.0007018842686383173,0.0009803451796780095,299313.5284090909,215006.0,176
HDFCBANK,49,3.156094934164625e-05,0.0001160068126571101,0.0007148491267385594,0.0009698888437815726,282977.3125,214816.0,176
HDFCBANK,50,-4.1459448355497305e-05,0.0,0.0006848903739770947,0.0009258262771764889,309721.7102272727,220188.0,176
HDFCBANK,51,4.639674539957445e-05,0.0,0.0006930358419441946,0.000877713868319631,298610.05113636365,223854.0,176
HDFCBANK,52,5.650809680768365e-05,6.239877938551963e-05,0.0007559512332304977,0.001005072563517415,296665.8181818182,231833.0,176
HDFCBANK,53,-9.690947384681892e-05,-2.478191911181593e-05,0.0006045642684217186,0.0008386668707392483,305251.0397727273,241334.0,176
HDFCBANK,54,-0.00011512013786803403,-0.00014938843727241302,0.0007394047576825446,0.0009860512411827332,323164.30113636365,238647.5,176
HDFCBANK,55,-1.2465808153665214e-05,5.725251513655216e-05,0.0006931731917534536,0.0009312699330233335,306837.32386363635,234930.0,176
HDFCBANK,56,-2.3271728112591898e-05,0.0,0.0006308114106144326,0.0008533980430417101,321908.7159090909,239603.0,176
HDFCBANK,57,-7.595975594076245e-06,0.0,0.0006235791408621222,0.0008352782755189798,326792.5,227795.0,176
HDFCBANK,58,-3.939793783634934e-05,-5.2758823011977984e-05,0.0007292361204134777,0.000985446312216621,313989.4431818182,241795.0,176
HDFCBANK,59,-6.277385500165299e-05,0.0,0.0006678774606019611,0.0008375052040448017,325122.7159090909,270496.0,176
HDFCBANK,60,3.9744882141818574e-05,0.0,0.0007419820531770747,0.000981298149660218,329185.7897727273,270623.5,176
HDFCBANK,61,-4.978276571202672e-05,0.0,0.0007147041126304249,0.0009691897971917606,389644.60795454547,314232.0,176
HDFCBANK,62,0.000141993815850432,0.000119831282549554,0.0008627661585495418,0.0011972734663447356,367015.2215909091,295236.0,176
HDFCBANK,63,2.5893494034386318e-05,0.0001009848472657282,0.0007764622129427845,0.0011170547719792944,396435.82386363635,313937.5,176
HDFCBANK,64,-6.251100050274425e-05,-2.6646770411475895e-05,0.0007896767129229649,0.0010568477556072782,411112.8409090909,312728.5,176
HDFCBANK,65,1.0957870155663634e-05,2.76075313345725e-05,0.0008003375180566746,0.0010700521693020892,412967.3465909091,349050.5,176
HDFCBANK,66,-3.670687822661452e-05,0.0,0.0008110591536612904,0.0011106404172981773,453729.8465909091,325282.5,176
HDFCBANK,67,-9.190410180448085e-05,0.0,0.0008325863524330065,0.0011052330882221374,450012.5625,397548.0,176
HDFCBANK,68,6.051200337460798e-05,5.8751812375468226e-05,0.0007817329294393338,0.0010363862857213136,429657.92045454547,391302.0,176
HDFCBANK,69,-5.927648074695187e-05,-5.147122491877543e-05,0.000598190816561756,0.0007955931782686351,407369.9602272727,320932.5,176
HDFCBANK,70,-0.0004915423883258715,-0.00022978733695905307,0.0013839538834193852,0.001918681948593254,1456085.7840909092,956424.0,176
HDFCBANK,71,4.48859945673876e-05,0.0,0.0010487985946221468,0.0014580817913988232,1393621.0568181819,974702.0,176
HDFCBANK,72,-0.00010094307390089972,0.0,0.0008660533624184285,0.0012068582561246552,1171461.1306818181,835204.5,176
HDFCBANK,73,-7.288347591097815e-06,0.0,0.0007811817391670819,0.0010756366915478934,1049457.9431818181,753037.0,176
HDFCBANK,74,-3.721247719968618e-05,0.00010379738139543182,0.0008355665562127889,0.0013290981338214014,1029353.6079545454,755616.5,176
HDFCBANK,75,0.00025356563839854277,0.0001688046564493062,0.0009906987075934221,0.0015249824501373447,774424.2613636364,566580.0,176
ICICIBANK,1,-0.0010438079779936484,-0.0005140055251788289,0.006225504767712667,0.008824610105312262,660515.3559322034,492349.0,176
ICICIBANK,2,-0.00014580014197852068,-0.000246042811449132,0.0016479534643234729,0.002118138249083777,271530.1581920904,197391.0,177
ICICIBANK,3,-4.068843372676978e-06,-8.014104824483059e-05,0.0012322500775637068,0.0016319666940470654,215461.72316384182,146457.0,177
ICICIBANK,4,0.00013165182761051093,0.0,0.0013058457784231373,0.0017431644734896582,223932.45762711865,135302.0,177
ICICIBANK,5,-8.182464117695016e-05,-0.00013904338153503115,0.0009681285068693877,0.0012932978580348182,179792.02259887007,114900.0,177
ICICIBANK,6,0.00012334804911207526,-7.128091809827097e-05,0.0010575676192493982,0.001473611592899768,159737.41242937854,115713.0,177
ICICIBANK,7,-0.00012809529151961422,0.0,0.0009175178446039964,0.0011902885876102303,156670.604519774,116140.0,177
ICICIBANK,8,-0.00012064709133053488,-7.298737318439663e-05,0.0007972450121916734,0.0011011709874872975,253603.20903954803,100978.0,177
ICICIBANK,9,-1.3150731632192121e-05,7.348078477464881e-05,0.0007951227702035396,0.0011164322483992175,155638.40677966102,105199.0,177
ICICIBANK,10,0.00017731314196048765,7.781495603476074e-05,0.0009366595357377207,0.001277447827178881,139099.4745762712,97291.0,177
ICICIBANK,11,4.8748889803222845e-05,0.0,0.0008811747097154894,0.0011513861612890174,142017.5197740113,91533.0,177
ICICIBANK,12,0.00014702027631825727,0.00014483307987522842,0.0007903265115007219,0.0010492643896890096,132057.14689265538,100495.0,177
ICICIBANK,13,0.00010141739759615371,3.4857780256469795e-05,0.0007489624617945282,0.0010116606316493922,125603.19886363637,101649.0,176
ICICIBANK,14,-7.31242892262517e-05,-7.149247052801178e-05,0.0007964923817552962,0.0011243025065020087,142040.82386363635,87309.0,176
ICICIBANK,15,2.150018819855528e-05,0.0,0.0007511503755244811,0.0009722944287801418,117924.11931818182,86758.0,176
ICICIBANK,16,3.060367376171587e-07,7.236329607540615e-05,0.0008331923273948906,0.001121261111897291,116560.86931818182,86553.5,176
ICICIBANK,17,1.4086664677617513e-05,0.0,0.0007286475113245801,0.0010300216316093344,128252.13636363637,90657.5,176
ICICIBANK,18,5.851541779183915e-06,7.362154071643978e-05,0.0007068933413772328,0.0009740843205011616,133373.16477272726,90927.0,176
ICICIBANK,19,6.83111258943406e-07,0.0,0.0007342895463043714,0.0009771841836331264,135494.81818181818,85337.0,176
ICICIBANK,20,3.8309351384880416e-05,0.0,0.0006852835836587255,0.0009633458741374819,118617.19886363637,90284.5,176
ICICIBANK,21,-0.00016237007051035646,-7.428870592240955e-05,0.0006562154790070781,0.0008940903773050042,114488.29545454546,88124.5,176
ICICIBANK,22,3.1997984072416505e-06,0.0,0.0006635748322561776,0.0009039471532097106,117132.91477272728,92079.5,176
ICICIBANK,23,-5.5709124234575655e-05,0.0,0.0007067753911557963,0.000998853655916543,112913.47159090909,89146.5,176
ICICIBANK,24,4.346834157266388e-06,0.0,0.0006181012459508206,0.0008112593854654659,114215.10795454546,86061.0,176
ICICIBANK,25,-0.00010978788030652156,-7.350788119425689e-05,0.0006711981805523543,0.0009157964673668342,109407.58522727272,80975.5,176
ICICIBANK,26,-4.747903327076293e-05,-3.618206816707881e-05,0.0006763931647484988,0.0009312589021083682,118176.14204545454,85995.5,176
ICICIBANK,27,-3.5254778910936724e-05,-7.124537809177767e-05,0.0006213285866531332,0.0009245334558901635,112952.61363636363,87414.0,176
ICICIBANK,28,8.222234759434899e-05,0.0,0.0006782895463289567,0.0009616720760893242,124791.55681818182,98730.0,176
ICICIBANK,29,5.029104453264995e-05,0.0,0.0006607942416628595,0.0009374963384252305,122323.38636363637,93687.5,176
ICICIBANK,30,-6.84725907911174e-05,-7.329699639430087e-05,0.0007202060276740364,0.0010169824820580964,127957.88636363637,102270.0,176
ICICIBANK,31,8.06683183167514e-05,7.220558670584243e-05,0.0006403402795428869,0.0008881869715434735,114211.28977272728,87638.5,176
ICICIBANK,32,-1.073001722586892e-05,0.0,0.0005837159237256008,0.0007872406065837795,118879.07386363637,90954.5,176
ICICIBANK,33,-2.3433050163418975e-05,0.0,0.0006609910838582161,0.0009101947283425093,133945.32954545456,94892.5,176
ICICIBANK,34,0.00011361469627856436,7.052650046923681e-05,0.0007493359623164816,0.0009993279123584667,133185.04545454544,94312.5,176
ICICIBANK,35,5.9809021467427265e-05,7.394011011285784e-05,0.0005867839136030068,0.0007930880297397859,139640.53977272726,99525.0,176
ICICIBANK,36,-3.859904449867648e-05,0.0,0.0006462093145847924,0.0008417696736840613,132124.5284090909,96784.0,176
ICICIBANK,37,6.452216755944668e-05,3.5290796160381e-05,0.0005936873608251399,0.0007712307694393903,133650.60227272726,96982.0,176
ICICIBANK,38,7.13336807925276e-06,0.0,0.0006873439300189664,0.000981433825078019,136629.22727272726,100638.5,176
ICICIBANK,39,-3.646325378148367e-05,0.0,0.0006877351646749062,0.0010322291537327745,134779.39204545456,104916.0,176
ICICIBANK,40,8.909707243273668e-05,7.250589346619041e-05,0.0007166513915535522,0.0010309697385908945,147410.07386363635,104689.5,176
ICICIBANK,41,0.00011678457271289462,3.64723904003883e-05,0.0006461898769823279,0.0009290900103262652,137024.5284090909,102074.0,176
ICICIBANK,42,4.037261074957908e-05,7.059398067355005e-05,0.0006539821697792828,0.0008597428689087026,150929.7159090909,110333.5,176
ICICIBANK,43,0.00016074723362585248,0.0,0.0007478839429314901,0.0011202394471213845,156587.6590909091,99368.5,176
ICICIBANK,44,3.0057157870697577e-05,0.0,0.0006877259228981179,0.0009086600490451987,146993.4034090909,104262.5,176
ICICIBANK,45,3.962597850765579e-05,0.0,0.0006415740135416414,0.00087946820134929,158363.55681818182,107984.5,176
ICICIBANK,46,5.782175712747013e-06,0.0,0.0006201173280897986,0.0008670502731994618,144095.05681818182,110947.0,176
ICICIBANK,47,4.279915786395353e-05,0.0,0.0006902971374253837,0.0009110897950187631,145564.01136363635,109114.5,176
ICICIBANK,48,-7.461626423386983e-05,-7.108107501813121e-05,0.000639454513722781,0.0008908526614826198,160815.02272727274,111543.5,176
ICICIBANK,49,-4.166818655594595e-06,7.309145243772353e-05,0.0006754591459134392,0.0008912049778861326,151091.26704545456,102232.5,176
ICICIBANK,50,-4.616435452132586e-05,-7.316359732040256e-05,0.0006257574700031716,0.0008309912351813326,160753.76136363635,108311.5,176
ICICIBANK,51,4.0344503527335596e-05,0.0,0.0007015490025469313,0.0010367237753118063,151611.51136363635,107284.5,176
ICICIBANK,52,8.364915057711584e-05,3.512962832863398e-05,0.0006265423696157264,0.000871203047146169,148781.41477272726,116783.5,176
ICICIBANK,53,-3.4902154476411e-05,-0.0001429097301251514,0.0006822194414259516,0.0008789066170628787,151994.96022727274,116595.5,176
ICICIBANK,54,-6.092940674373336e-05,0.0,0.0006809344743112726,0.0010331367811611905,166158.93181818182,116604.0,176
ICICIBANK,55,9.637305363749089e-05,7.26348399923138e-05,0.0006847507004665204,0.0009599388030900757,165445.42045454544,116408.0,176
ICICIBANK,56,9.469319669333888e-06,-3.526341773046893e-05,0.0005973857618210811,0.0008644673628115431,166596.27272727274,118293.0,176
ICICIBANK,57,-4.742293361108578e-05,-7.337046298483418e-05,0.0005987612156394483,0.0008240359761336701,159223.89204545456,112052.0,176
ICICIBANK,58,7.091005449529e-05,7.271668114361418e-05,0.0007091404431708297,0.0009820344741603634,150044.51136363635,116132.0,176
ICICIBANK,59,-1.1870723847674665e-05,-7.138495266950651e-05,0.0006571041596289924,0.0009661490973299654,166658.39772727274,129538.5,176
ICICIBANK,60,4.865204988613756e-05,7.287323248095223e-05,0.0006776201741050391,0.0008962941786928866,173611.93181818182,130184.5,176
ICICIBANK,61,7.641138056450891e-06,-7.300069593796366e-05,0.0006917249739554758,0.0009214055011600444,187544.43181818182,144700.5,176
ICICIBANK,62,0.0001669853176231994,7.234953290946589e-05,0.0007595555384228967,0.001043759499908303,186943.07386363635,147612.5,176
ICICIBANK,63,-9.581568611296351e-05,-3.538820864890102e-05,0.0006796426708281562,0.000956112448809523,197356.2840909091,153739.0,176
ICICIBANK,64,4.2056062476079145e-05,0.0,0.0007407889573756439,0.0010421292366244186,206357.77272727274,148544.0,176
ICICIBANK,65,5.377265033839858e-05,0.0,0.0007443340888250091,0.0009321619808357688,196221.88636363635,168124.0,176
ICICIBANK,66,8.875983505705268e-06,0.0,0.0006398258512325647,0.0008492955646357956,207958.94318181818,172629.0,176
ICICIBANK,67,-1.1979938120911476e-05,0.0,0.0007013370323228547,0.0009404329396401205,239349.17613636365,189862.5,176
ICICIBANK,68,-1.2293707563601486e-05,0.0,0.0007091790816123108,0.0010524660775895853,229856.42613636365,198526.5,176
ICICIBANK,69,-3.241645095378922e-05,0.0,0.0006299142701516173,0.00099340838243369,210193.81818181818,162496.0,176
ICICIBANK,70,-0.0005481438729074846,-0.00036589931684655186,0.0014218848530564432,0.0019898265924164597,749398.4204545454,469176.5,176
ICICIBANK,71,-1.0080271901935375e-05,7.187806850905698e-05,0.0010174995548832674,0.001376915237655163,696760.0965909091,489974.0,176
ICICIBANK,72,-0.00014226575652361522,-7.292831492072827e-05,0.0008043391625483875,0.0011469177997729249,571782.8863636364,400889.5,176
ICICIBANK,73,-6.451041586397957e-05,-7.195055695019548e-05,0.000716051070969463,0.0010085559945799123,528669.4090909091,369585.0,176
ICICIBANK,74,5.9610836214962515e-05,7.301156820094246e-05,0.0007706471092704304,0.0011029175110480087,490891.4659090909,357197.5,176
ICICIBANK,75,0.0003489279115398715,0.0002875826916525215,0.0009481641508617171,0.0011932348785803227,366720.9602272727,286672.5,176
INFY,1,0.000578599301032578,0.000389700054219011,0.00997419795913378,0.014167077046630916,645482.0903954803,452488.0,176
INFY,2,-0.0007743545876155858,-0.000733615911313823,0.0023746536754715433,0.0030277658235026233,295598.6836158192,211996.0,177
INFY,3,-0.0003847570449580735,-0.00020178919755153846,0.0016397555045705484,0.0020887400522032053,203887.14689265538,148926.0,177
INFY,4,-0.00046677854058707423,-0.00044152895168414474,0.001929902118444318,0.0026565437309129802,209276.37853107345,143195.0,177
INFY,5,-0.0002452484335547952,-0.00034916201117318746,0.0016071165036505774,0.0020380102237399153,175307.15254237287,129625.0,177
INFY,6,9.639797855993219e-05,0.0,0.0015927887301914604,0.0020865071274659983,167290.27683615818,113553.0,177
INFY,7,7.008747372671847e-05,0.0,0.0013591453034750823,0.0017814293204403006,156631.94350282487,100506.0,177
INFY,8,0.00012080635845405205,-0.00012218963831867047,0.0013690675058484266,0.0017935843021722418,130891.00564971751,89674.0,177
INFY,9,-8.891407079199802e-06,0.0,0.0011987938208131569,0.0015997326292315976,122165.34463276836,79965.0,177
INFY,10,8.982913788374538e-05,8.650519031139225e-05,0.0011126486269021469,0.0014872423366388996,127069.82485875706,88096.0,177
INFY,11,-0.00011182560477085122,-0.00023562676720068065,0.0010016366619709342,0.0013246305057823175,112509.16949152542,83453.0,177
INFY,12,1.4389772916756423e-05,0.0,0.0010659245943285612,0.0013705216810522142,109378.02824858757,77409.0,177
INFY,13,6.352817632759161e-05,0.0,0.0011147889561209474,0.0014907835870785974,115364.34659090909,80543.0,176
INFY,14,5.77839901643615e-05,0.0,0.0009950148244685362,0.0013126784782485313,112578.92045454546,71518.5,176
INFY,15,-9.000298266008148e-05,-0.0001842925014547414,0.001001497380057328,0.0013625032462192255,111722.49431818182,76467.0,176
INFY,16,4.035246919514404e-05,0.0,0.0009531814957368322,0.0012626392678993428,105274.54545454546,69684.5,176
INFY,17,0.00010307580822360276,-3.25626831650383e-05,0.000950607098236943,0.0012972436922428854,110096.86931818182,71275.0,176
INFY,18,0.00010976159650134504,7.017162292721757e-05,0.0009469218349008267,0.0013021253955914842,103332.82954545454,65827.5,176
INFY,19,-2.9031640958776655e-05,-3.432651379925433e-05,0.0009200569461877323,0.0013216567157765006,99543.42045454546,66850.0,176
INFY,20,-4.524248685915931e-05,-8.732934286054261e-05,0.0008311344512875103,0.0011304072075516173,100108.36363636363,70195.5,176
INFY,21,0.00011805072779831932,7.746867922664435e-05,0.0008520053231211306,0.0011258848163780092,85147.75568181818,69265.0,176
INFY,22,-2.9218223209127997e-05,0.0,0.0009411090004250041,0.0013657116329097321,100972.91477272728,81835.0,176
INFY,23,0.00010999058920498767,7.823233537906926e-05,0.0009084782320443204,0.0012592717357210416,91844.71590909091,68415.5,176
INFY,24,0.00012765840258880214,3.064476587399945e-05,0.0008208450844406167,0.0011768642029215065,92475.73863636363,70524.5,176
INFY,25,-0.00020469257817663474,-0.00026556977287728323,0.0009017323611508609,0.001238094552778427,91766.73863636363,69634.0,176
INFY,26,-6.581995612190492e-05,0.0,0.0008529740079514451,0.0011780388170715772,100219.03409090909,67281.5,176
INFY,27,0.00014456536019511544,8.603276648766478e-05,0.0009214211384121648,0.001218938216655471,99403.85795454546,72922.5,176
INFY,28,2.588590913356526e-05,-6.269885299259315e-05,0.0008069464104314915,0.0010953781644106435,98044.10795454546,73501.0,176
INFY,29,1.5782012616060512e-06,-3.2705389848231015e-05,0.0008066446802808591,0.0011254708650947022,91248.82954545454,66257.0,176
INFY,30,-0.00020237676118551267,-0.00015346248783798533,0.000835667663114752,0.0011907639371916013,99175.52840909091,68037.5,176
INFY,31,5.755136252317474e-05,6.108602531074148e-05,0.0008253486481920945,0.0011519373785622146,98412.03977272728,65686.0,176
INFY,32,-1.8694434662309588e-05,6.412066612171419e-05,0.0008614999625868717,0.0011165013970611613,97838.66477272728,66877.5,176
INFY,33,-4.1011686734262146e-05,0.0,0.0008945686717674715,0.00119422924519416,91290.80113636363,64256.5,176
INFY,34,-7.040277294977712e-05,-0.00012464017736596444,0.0008938259231250255,0.0012084932487987424,96173.19886363637,67759.5,176
INFY,35,0.00019716949475463393,0.0,0.0008972601497476639,0.001716263759356963,98478.02840909091,65047.5,176
INFY,36,9.74090058745991e-07,6.450439834859711e-05,0.0007592917201343735,0.001050406845327356,90461.88636363637,60351.5,176
INFY,37,-0.0002895664312382124,-0.00018718730286160223,0.0008939998631489042,0.0012692857845314506,96244.9375,66012.0,176
INFY,38,-0.0001328832065718111,-0.00014561946516250535,0.0007588626173273077,0.0009938577082870814,88911.4375,60739.5,176
INFY,39,-9.81810377413557e-06,-8.212881773278502e-05,0.000722803451127059,0.0009790718251411902,82231.30681818182,63275.5,176
INFY,40,-9.619514506110422e-05,-6.278663970482601e-05,0.0007952176352404041,0.0010626742206948135,97454.22727272728,67040.5,176
INFY,41,-2.5399786093977603e-05,-6.616808696718879e-05,0.0007364810081450645,0.001015422562155995,97930.82386363637,75269.5,176
INFY,42,4.014075831848793e-06,3.069367710251125e-05,0.0007066474123647872,0.0009690797146509221,89585.35227272728,72752.0,176
INFY,43,-2.180255082862961e-05,0.0,0.0007767860756718762,0.0010283191385428733,94635.53409090909,71079.0,176
INFY,44,2.1104655483223578e-06,0.0,0.0007830105826277718,0.0010830619841580547,90087.11363636363,70843.0,176
INFY,45,-4.029214500716522e-06,0.0,0.0006221412163839465,0.0008903095035357144,89202.32954545454,68253.0,176
INFY,46,0.00013450230984582865,3.040437823043085e-05,0.0008268900035636645,0.0013532276712740906,91238.22727272728,67737.5,176
INFY,47,4.201546777333085e-05,6.43119763926725e-05,0.0007386670378297914,0.0010535518694885996,95760.25,69963.0,176
INFY,48,3.2267623754638186e-05,3.121098626712726e-05,0.0007793544683687255,0.001052497793392671,91312.51704545454,67038.0,176
INFY,49,-6.892169837702749e-05,-0.00012527510472615244,0.0007477918415655548,0.0009757544716463492,97356.95454545454,68266.0,176
INFY,50,-8.547832388058896e-06,-6.159155865154142e-05,0.0007169455486907094,0.0009834375518301647,94321.85227272728,69110.0,176
INFY,51,-8.827176585506017e-05,-6.440727465140128e-05,0.0007171451698416563,0.0010000166373931546,88436.92613636363,68608.0,176
INFY,52,-1.3116122238373348e-05,0.0,0.0008188646915277971,0.0011164337446974105,101405.06818181818,80681.0,176
INFY,53,-3.976817562942136e-05,-7.497425888447484e-05,0.0006948546887106975,0.0009112844421351151,94757.70454545454,71599.0,176
INFY,54,-0.00013642215977411722,-6.329003658023247e-05,0.0007571089080344109,0.0010528677676466091,99248.28409090909,77527.0,176
INFY,55,-5.252294045193658e-05,-6.597964084154029e-05,0.0006914053606668548,0.0009502912383565147,100890.89204545454,73402.5,176
INFY,56,-3.6533274480181217e-06,-3.0699330754613285e-05,0.0007033155216714407,0.0010293637474338769,103974.86931818182,68799.0,176
INFY,57,-0.00016570224612069757,-0.00015176435548525102,0.0007688659940380973,0.0011349075580131653,108960.01704545454,71156.5,176
INFY,58,8.820282024069163e-06,0.00012477342528749436,0.0008446997093794401,0.0011247590117153658,108175.26704545454,84433.0,176
INFY,59,-3.137941725333725e-05,6.972260932169849e-05,0.0007940870747012075,0.0010248130609062766,117300.02272727272,91219.5,176
INFY,60,7.790499073757391e-05,0.0,0.0007833021586876258,0.0011320135235635272,113025.03409090909,89669.5,176
INFY,61,-5.0268825410113774e-05,-7.182421017459806e-05,0.0007424133823258097,0.0009676547252351807,113029.85227272728,91527.0,176
INFY,62,9.943216687030386e-05,7.30900419380065e-05,0.0008749232851913847,0.0012295669116385763,119079.52272727272,88154.0,176
INFY,63,-5.6734768972319105e-05,-0.00013384540079774965,0.0008634755255665031,0.0012864047138092796,121809.49431818182,98532.0,176
INFY,64,0.00020060953154072615,8.528231948012888e-05,0.0008917328239611,0.0012129176745342212,150393.625,105520.5,176
INFY,65,5.796807361944618e-05,6.641138339946728e-05,0.0009090342687931593,0.001202059360929049,150724.63068181818,120357.5,176
INFY,66,5.318751647396145e-05,0.0,0.0008077585380347985,0.0011102447057230805,135073.18181818182,111628.5,176
INFY,67,-2.2715362873396905e-06,3.3932813030213005e-05,0.000820145372173086,0.0010936708636608405,139415.16477272726,115856.5,176
INFY,68,5.7706698124955746e-05,7.872729057400996e-05,0.0007486920408216084,0.0009725594769050686,143125.02272727274,118101.0,176
INFY,69,0.00013704075713342844,0.0001688327569603354,0.0007936556091837512,0.0010086355069041123,146693.5340909091,116209.0,176
INFY,70,-7.237552986637126e-07,0.00012618908154804487,0.0016926124051387167,0.003301455574432878,477192.9147727273,324561.5,176
INFY,71,-2.344136319491889e-05,-0.00010815883671849713,0.0009726061548717413,0.0012388269831345344,504864.1818181818,352393.0,176
INFY,72,-0.00011834550530329807,-0.00013167235199618155,0.0009048789176184961,0.0012146468710793714,470109.07954545453,319935.0,176
INFY,73,-0.0002642115187269777,-0.00010468791727419324,0.0009363257711522694,0.001438772283282168,458978.0909090909,313207.5,176
INFY,74,6.557848640670832e-05,7.001053788657785e-05,0.0009170757747915208,0.0014492073161628876,434966.69886363635,307399.0,176
INFY,75,2.8723846401479275e-05,0.0,0.0010288828355239624,0.001415859188753081,337485.07954545453,227677.0,176
ITBEES,1,-0.00039534804162654933,-0.0001261670451678798,0.0077932313704707455,0.011675737362675194,955552.1468926554,607112.0,176
ITBEES,2,-0.0003055312886385407,-0.000320000000000098,0.002097939111821906,0.0027855060538041886,646486.5141242938,394311.0,177
ITBEES,3,-0.00043022152328573386,0.0,0.0014424203120132033,0.0018910161049133826,492685.3502824859,324240.0,177
ITBEES,4,-0.000277022504972522,-0.0003059975520195435,0.001694254441838661,0.0022820367387538045,506153.4406779661,311651.0,177
ITBEES,5,-0.0002473232826026869,-0.0002643404705260366,0.0013049038728661776,0.0016866602245673432,394478.0508474576,245865.0,177
ITBEES,6,0.00010288398908271304,0.0,0.0013618716521079763,0.0018179964716657658,369513.8587570622,225741.0,177
ITBEES,7,0.00014878171349378278,0.0,0.0012430654971302985,0.0015607220291808759,338860.3615819209,201196.0,177
ITBEES,8,2.9404868022193652e-05,0.0,0.0011158198914142151,0.0013957410586331943,304880.9830508475,185948.0,177
ITBEES,9,3.4519204245710386e-06,0.0,0.0010754704144823133,0.0014062141614251003,309146.5310734463,151054.0,177
ITBEES,10,7.664760311102408e-05,0.0,0.0009165219007491419,0.0012364167834263903,269601.78531073447,151431.0,177
ITBEES,11,-8.222982182145698e-05,-0.00024207213749705137,0.0009152953352851965,0.0012425819081145425,284076.7175141243,161577.0,177
ITBEES,12,3.152596961223129e-05,0.0,0.0009166138451241777,0.001205123097897202,219595.49717514124,146764.0,177
ITBEES,13,9.1749561698689e-05,0.0,0.0009549041633948048,0.0012422544665824458,272456.9375,148398.0,176
ITBEES,14,4.6268138856406995e-05,0.0,0.0009200332899223456,0.0012667889960319364,235990.8409090909,130840.5,176
ITBEES,15,-0.00017250321706791224,-0.0002610635252988658,0.0008957865563315459,0.0011996499210117488,240565.03977272726,133482.5,176
ITBEES,16,8.980074366666018e-05,0.0,0.0008055780782860802,0.0011145077565412602,251582.01136363635,122561.5,176
ITBEES,17,2.2770137667081887e-05,0.0,0.0008102046518913257,0.0011245970482268901,222139.67045454544,111550.5,176
ITBEES,18,1.4177438812578134e-05,0.0,0.0008072343390679916,0.0010947853802597922,204855.83522727274,103945.5,176
ITBEES,19,-7.10945531179688e-05,0.0,0.0007760518160377441,0.001071626292774295,174764.3409090909,99582.5,176
ITBEES,20,-2.557491069606003e-05,0.0,0.0007593134504212982,0.001015163776520026,173965.48295454544,94891.0,176
ITBEES,21,1.946906991978447e-05,0.0,0.0007062118397970339,0.0009419795118860984,179796.42045454544,98058.0,176
ITBEES,22,8.323207394057211e-06,0.0,0.000688078702240031,0.0009520815162443237,186023.36931818182,106451.0,176
ITBEES,23,-1.3634415683845042e-05,0.0,0.0006980337231968118,0.0009043308420017702,164140.50568181818,90523.5,176
ITBEES,24,0.00011653144158308565,0.0,0.0006941292244507014,0.0009609833227386375,166579.49431818182,86923.0,176
ITBEES,25,-9.892067281607035e-05,-0.00023689937744530987,0.0007549184403603475,0.0010209994113060809,191851.1875,92134.0,176
ITBEES,26,-5.486164446636928e-05,0.0,0.0006276780686495666,0.0008224632826981657,168048.80113636365,96734.5,176
ITBEES,27,0.00012992668480797098,0.0,0.0006740585445505834,0.000916501312997564,144439.39772727274,92473.0,176
ITBEES,28,7.863301222492024e-06,0.0,0.0006839850462436042,0.0009359596618420974,182560.85795454544,82955.0,176
ITBEES,29,3.257413658322376e-05,0.0,0.0006259028458287727,0.0008409497054625607,152784.83522727274,79074.0,176
ITBEES,30,-9.808551847193107e-05,0.0,0.0007136341463683564,0.0009756951962985343,156414.85227272726,81329.0,176
ITBEES,31,-3.3201765831507174e-05,0.0,0.0006316130861943149,0.0008178245637870494,148257.06818181818,75518.0,176
ITBEES,32,-2.409484456699438e-06,0.0,0.0007101283106548004,0.0009640285637505526,160999.75568181818,82124.0,176
ITBEES,33,-2.0110433589406755e-05,0.0,0.0006523838292851116,0.0008791460562642044,151385.26704545456,88987.0,176
ITBEES,34,-3.8823958316928034e-05,0.0,0.0007039019560865614,0.0009730557896671238,154387.05113636365,70762.5,176
ITBEES,35,0.00020129450427625796,0.0,0.0007407897516408801,0.0015299303692421975,149406.375,76211.5,176
ITBEES,36,-2.8650707977918097e-05,0.0,0.0006260695945129035,0.0008880219984626935,171036.63636363635,79649.5,176
ITBEES,37,-0.00018738929938326117,0.0,0.0007204232872377093,0.0012064893815524156,167709.55113636365,74045.0,176
ITBEES,38,-0.00012698773876779958,0.0,0.0005925242758769938,0.0007859397645293015,143137.58522727274,72356.0,176
ITBEES,39,3.7835021103478136e-05,0.0,0.0006207719313971794,0.0008381784815295192,142328.18181818182,72046.5,176
ITBEES,40,-0.00012717922307110515,0.0,0.0006746227931078285,0.0009117276596182129,133559.04545454544,82210.0,176
ITBEES,41,-1.9108896059471574e-05,0.0,0.0006539132798156034,0.0009102121617773888,142123.27272727274,77471.0,176
ITBEES,42,6.876985479245976e-05,0.0,0.0006884804584706221,0.0009468380466160787,147679.32386363635,79017.0,176
ITBEES,43,-0.00011155947337375405,0.0,0.000607665010178238,0.0008091039813565458,132550.7840909091,78386.0,176
ITBEES,44,1.889763578154614e-05,0.0,0.0006209499971664246,0.0008155037524141727,118952.73863636363,67454.5,176
ITBEES,45,-8.955922968404746e-05,0.0,0.0005775301745373205,0.0008127115815389643,130441.27272727272,70395.5,176
ITBEES,46,0.00011751944066633514,0.0,0.0007140856872323746,0.0011699640116192606,126029.56818181818,77504.5,176
ITBEES,47,3.6214133101361065e-05,0.0,0.00060624409265317,0.0008952281041572361,130166.72159090909,70978.5,176
ITBEES,48,6.287035804453364e-05,0.0,0.0005375203600751929,0.0007832125355953332,104193.3125,60653.5,176
ITBEES,49,-3.792775746824101e-05,0.0,0.0005998589984546061,0.0007851423849356843,124986.67045454546,68883.5,176
ITBEES,50,-5.018706212913658e-05,0.0,0.0005933005244577505,0.00081393996204245,131545.3465909091,73339.5,176
ITBEES,51,-8.122347457166501e-05,0.0,0.0005806392691840666,0.0008522517471319205,119482.19318181818,73027.5,176
ITBEES,52,4.368603177324045e-05,0.0,0.0007316433528557512,0.0009906222813074565,148247.69318181818,87611.0,176
ITBEES,53,-6.967596612418391e-05,0.0,0.0005970216410137723,0.0007892594284134336,125700.10227272728,73383.0,176
ITBEES,54,-7.439383110938295e-05,0.0,0.0005971095293869796,0.0008372829738665108,118587.22727272728,68577.5,176
ITBEES,55,-7.174358058254643e-05,0.0,0.000521155522849029,0.0007151411456360096,116796.41477272728,64018.0,176
ITBEES,56,-1.9552800023475196e-06,0.0,0.0006042875068817753,0.00083667795516782,131419.9375,66449.0,176
ITBEES,57,-9.901181101653598e-05,-0.00011865211200756676,0.0006694740346462834,0.0010108967178222982,165666.9715909091,78544.0,176
ITBEES,58,-1.2848292195468856e-05,0.0,0.000648923668663559,0.0008864651116151673,139962.42613636365,80378.5,176
ITBEES,59,-1.7058463721821393e-06,0.0,0.000576715209145708,0.0007510687041358174,167278.83522727274,93274.5,176
ITBEES,60,-1.1843804419062945e-05,0.0,0.0005809873288427535,0.0008288406459681953,155035.58522727274,82098.5,176
ITBEES,61,1.0316925384551928e-05,0.0,0.0006226167512540439,0.0008209174764157772,141266.07386363635,80141.5,176
ITBEES,62,3.390645755335022e-05,0.0,0.0006160697839010079,0.0008868823318037509,141871.2159090909,79292.5,176
ITBEES,63,-3.418530970334538e-05,0.0,0.0006673384712464046,0.0009859176909449488,181574.44318181818,76062.0,176
ITBEES,64,0.00022043799228186914,0.00024529709373322106,0.0006947171762094182,0.0009483356782114328,156721.7840909091,85227.5,176
ITBEES,65,0.00011981876410534156,0.0,0.0006124576650018338,0.0008264088751826587,178931.4659090909,78689.5,176
ITBEES,66,-3.835384669213793e-06,0.0,0.0006844843195224827,0.0009552280219420493,203629.26136363635,106379.5,176
ITBEES,67,-2.149145601990025e-05,0.0,0.0005946244330412847,0.0008139550340288006,179905.0284090909,99936.5,176
ITBEES,68,7.694425429207527e-05,0.0,0.0006075928231417848,0.0008155728599210025,165687.98863636365,95083.0,176
ITBEES,69,7.648652958877306e-05,0.0,0.0005989163682996135,0.0007784960610486494,186641.51136363635,117546.0,176
ITBEES,70,-0.00010609358460105597,0.0,0.0011065073425714474,0.001702581735766249,278137.1818181818,181781.0,176
ITBEES,71,-5.9958469984023397e-05,0.0,0.0007190870362340664,0.0009737773443195592,263449.375,175011.5,176
ITBEES,72,-6.488709712414543e-05,0.0,0.0005913062637420444,0.0007988802127683945,277987.44886363635,169432.5,176
ITBEES,73,-0.00014575211909645264,0.0,0.0006185752152024228,0.0008960310308806404,303056.3409090909,219077.0,176
ITBEES,74,3.0138254954192488e-05,0.0,0.0006048673694428356,0.0008816403408041633,321294.7102272727,223268.0,176
ITBEES,75,0.0006572092261749741,0.0003085749758166001,0.0011706007988814152,0.0020865896728933277,395039.4318181818,286170.0,176
ITC,1,-0.00039833317658513926,-0.00015401201293696598,0.004563185950737759,0.0067910813802912525,1032866.1073446327,510998.0,176
ITC,2,-0.00024569190590871797,-0.00025863183757912633,0.0016821010614005533,0.0025650968890885387,409770.5141242938,268423.0,177
ITC,3,-0.0001810465362239113,0.0,0.0013046673035721195,0.0017535811788778589,602134.8474576271,199434.0,177
ITC,4,-5.222452864184715e-05,-0.0001588814744201139,0.001351886243216479,0.0019553940105559416,321945.0056497175,190182.0,177
ITC,5,-0.0002858111997838965,-0.00031367628607281706,0.001232070741480477,0.0016802497684763158,296981.55367231637,175519.0,177
ITC,6,0.00019159135899470816,0.00013002210375767653,0.0010715009096538305,0.001530915701643934,257449.9209039548,176543.0,177
ITC,7,5.3371644291298706e-05,0.0,0.0008785631548896994,0.0011684990072935656,227147.61581920905,162669.0,177
ITC,8,0.00021476970475874926,0.0,0.000980260212653549,0.00134150535287808,235548.38983050847,131185.0,177
ITC,9,-9.3342191739394e-06,0.0,0.0008773065199918684,0.001269715334462933,227385.14124293785,136230.0,177
ITC,10,1.9376140648327588e-05,0.0,0.0009560592703909143,0.0014053463552034118,245035.4463276836,142118.0,177
ITC,11,-1.9274635924090922e-05,0.0,0.0007740030249713209,0.0010549119075734656,215766.604519774,150753.0,177
ITC,12,-0.00018180304981119612,-0.00013012361743658385,0.0007786522527665207,0.0011378151044863865,215171.72316384182,139448.0,177
ITC,13,0.0001902501246409621,0.0,0.0007764846017922236,0.0011306791102605749,229850.2840909091,127760.0,176
ITC,14,5.181993712717477e-05,0.00012858432101614525,0.0007771001628003441,0.0010764712327665919,220676.88636363635,129564.0,176
ITC,15,-0.00017709235787863258,-0.00012992953131374385,0.0007002565849754413,0.0009158079078470956,193723.60227272726,120754.0,176
ITC,16,-1.8885839262911114e-05,-0.00012989674975838472,0.0007625944272886397,0.0010428462130358388,228330.4034090909,130072.0,176
ITC,17,-5.924946624501657e-05,0.0,0.0007217099266057319,0.0011957300210358145,199722.13068181818,126947.5,176
ITC,18,-2.7967799305564873e-05,0.0,0.0007296122474827281,0.001116871126546155,186024.0965909091,119291.5,176
ITC,19,-1.969716538555975e-05,0.0,0.0006802981924176111,0.0009699451825165409,190949.50568181818,107793.5,176
ITC,20,7.069716315455324e-05,0.00012503925114593084,0.0007533685982576478,0.0011406727100406937,200632.6534090909,132404.0,176
ITC,21,-1.870051180621764e-05,0.0,0.0007785199211299818,0.0011564876024643483,218447.0625,135630.0,176
ITC,22,4.5353198043510123e-05,0.0,0.0007629683107413962,0.0010523063704641917,229984.75568181818,128588.0,176
ITC,23,-5.325716652907183e-05,0.0,0.000767579603341713,0.0012379802161961485,245647.05113636365,147058.0,176
ITC,24,-4.5072865053228714e-05,0.0,0.0007364286947894524,0.0012186771732916324,241190.9375,125974.5,176
ITC,25,-8.325933231339049e-05,0.0,0.000687203299437363,0.0009407653790960579,218520.78977272726,123335.0,176
ITC,26,-2.022134480898648e-05,-0.00012681120619689734,0.0007065301606482756,0.0010305323676922376,216769.3465909091,126352.5,176
ITC,27,4.3581585308682444e-05,0.0,0.0006357353826803833,0.0008917013965488449,187946.68181818182,129773.5,176
ITC,28,5.832361510538294e-05,0.0,0.000753910806238587,0.0011900734687833342,212779.48295454544,130728.5,176
ITC,29,5.0647016711945844e-05,0.0,0.0007646849420101357,0.001237265663779851,223927.5965909091,115584.0,176
ITC,30,-9.305525889528686e-05,0.0,0.0007579815625417384,0.0011995187714688984,202494.73295454544,121715.0,176
ITC,31,-7.523598248758045e-05,0.0,0.0005906969926357026,0.000853680928392844,211868.71022727274,111067.0,176
ITC,32,0.00011487803768033999,0.0,0.0006868063507482039,0.0010233323861909096,197804.64772727274,116195.5,176
ITC,33,-9.954682263593372e-05,0.0,0.0006519421635351526,0.0009120882622636696,218642.68181818182,122114.0,176
ITC,34,-2.393378077749629e-05,0.0,0.000734041724456162,0.00106312187624017,217078.67045454544,132084.5,176
ITC,35,-9.710233781596755e-05,-6.414368184737285e-05,0.0006478647455151879,0.0009156195738905729,193917.13636363635,119272.0,176
ITC,36,2.2361957365904138e-05,0.0,0.0007158101548443814,0.0011120371625211094,208532.57954545456,127782.0,176
ITC,37,-1.482642089418817e-05,0.0,0.0006491775083336985,0.000955551046053204,266469.07954545453,115910.5,176
ITC,38,3.6230720406552064e-05,0.0,0.0006225425308600276,0.0009430046636887641,287603.07386363635,116277.5,176
ITC,39,-3.236593006712507e-05,0.0,0.0006744009850930235,0.0010405752836525574,196423.23863636365,109122.5,176
ITC,40,-0.00016059144226546386,-0.00014002175731697708,0.0007361904410813201,0.001038575271742141,213828.25568181818,124048.5,176
ITC,41,1.7006848656494792e-05,0.0,0.0006535449099510169,0.0013076205052551108,309817.82954545453,128863.0,176
ITC,42,-8.554056075013141e-05,0.0,0.000622425860427139,0.000989323867831563,218497.2159090909,123566.0,176
ITC,43,1.135260158370124e-05,0.0,0.000693979752967531,0.0011403538614605433,257193.5,147475.0,176
ITC,44,7.353574914423359e-05,0.0,0.0006639687414298477,0.0009117041068539286,193946.98295454544,119689.0,176
ITC,45,0.00010305973493763289,0.0,0.000612890082670516,0.0010107424912494077,162530.02272727274,113815.5,176
ITC,46,-6.246218752574543e-05,0.0,0.0006446440731283794,0.0008491057653679513,194566.91477272726,116520.0,176
ITC,47,4.844751096119704e-06,0.0,0.0006173796295821566,0.0008732528119398028,172747.80681818182,110049.5,176
ITC,48,-4.990628657085524e-06,0.0,0.0005541728731645695,0.0007939452323054934,182668.73863636365,128541.0,176
ITC,49,-3.511318446185879e-05,0.0,0.0006067365328108532,0.0009511266812376953,199443.89204545456,124921.0,176
ITC,50,-6.926915900118906e-05,0.0,0.0006002065481192465,0.000901251786855074,207678.3409090909,126701.5,176
ITC,51,4.414019760884528e-05,0.0,0.0006610272141858833,0.00101999820115584,179215.69886363635,128558.0,176
ITC,52,4.1432623301406405e-05,0.0,0.0006218334741830644,0.0009083045194021498,190458.94886363635,125530.5,176
ITC,53,2.3504684695015912e-05,0.0,0.0006051005568307298,0.0008362123029872122,188039.5909090909,124192.0,176
ITC,54,-4.197324043202853e-05,0.0,0.0006191137063680973,0.0008899242306406248,183325.5,126006.5,176
ITC,55,-2.7879302130547447e-05,0.0,0.0005232653119939875,0.0007962555350173171,188672.71022727274,113680.0,176
ITC,56,-0.00013134373702002424,0.0,0.0005716854771683236,0.000998773385159602,291693.17613636365,131054.0,176
ITC,57,-7.759075832452235e-05,-0.00012951698016933078,0.0006402183656231301,0.0009693051388226199,205826.55681818182,122367.5,176
ITC,58,-2.262002280633103e-05,0.0,0.0006764491157122587,0.0010657936533441047,231073.46022727274,135788.0,176
ITC,59,-7.064297814684968e-05,0.0,0.0006478777887503983,0.0010138614948506431,251132.55113636365,146419.0,176
ITC,60,4.0828067756763914e-05,0.0,0.000678850180912343,0.0009242426106601263,215798.81818181818,157229.5,176
ITC,61,6.85862246222664e-05,0.0,0.0006720413262527522,0.00100650380883264,234636.98863636365,166866.0,176
ITC,62,-4.180645434454145e-05,0.0,0.0006742026200768983,0.001123006886460835,218959.8409090909,155082.0,176
ITC,63,-4.018739023404481e-05,0.0,0.0006572997551984625,0.0009191969881263074,227707.2159090909,157949.0,176
ITC,64,9.189509436405475e-05,0.00012759305721843361,0.0006712607249851955,0.0010083861654868237,220383.4034090909,165813.5,176
ITC,65,1.8493623805890258e-05,0.0,0.0006362384520810341,0.0008711943976100848,259680.49431818182,198382.5,176
ITC,66,-4.880909219627464e-05,0.0,0.0006895512565324932,0.0009557094814244925,314396.6590909091,202981.0,176
ITC,67,-8.081515615235669e-05,0.0,0.0006512826119691009,0.0010136988137404077,292575.11363636365,215783.5,176
ITC,68,4.969026946796053e-05,0.0,0.0005628890856800282,0.0007694762924081005,288364.4772727273,218326.5,176
ITC,69,-3.334920945564481e-05,0.0,0.0005602080020243966,0.0007768812448569601,264542.4034090909,193675.0,176
ITC,70,-0.00030121064016989246,-0.00015678910081234898,0.001088268943259506,0.0016502464213015802,557285.0568181818,391525.5,176
ITC,71,-6.768447147230405e-05,0.0,0.0007187837711477561,0.0009841925308949186,501034.8068181818,346381.5,176
ITC,72,-0.00011962397999497206,-0.00012995494608109004,0.0006437896131306404,0.0009051375634075094,556579.0909090909,379502.0,176
ITC,73,4.614839582428082e-05,0.0,0.0007361771636996644,0.0011084559500081645,577739.4204545454,392909.5,176
ITC,74,-3.1137017564984715e-05,0.0,0.0006171443551990892,0.0009520084559054569,645145.4261363636,485886.0,176
ITC,75,0.00024994955365918915,0.00033715557606983637,0.0008469975387885166,0.0011951012031058258,578074.8977272727,440149.5,176
KOTAKBANK,1,-0.0009282159473618493,-0.0005864150770554244,0.006111749689433476,0.009234719974568569,750729.0564971751,510135.0,176
KOTAKBANK,2,-6.0724797921287186e-05,-0.00023359028264424708,0.0018578093162067997,0.0024614743426716462,289814.81355932204,211670.0,177
KOTAKBANK,3,-0.00015518173379249866,0.0,0.0015885274050872155,0.002004602983630474,246108.97175141243,164070.0,177
KOTAKBANK,4,0.00012627326866602166,0.0,0.0016329426167993794,0.002278507914898013,201613.4802259887,144390.0,177
KOTAKBANK,5,1.0088449144874838e-06,-0.00013246787653997671,0.0011744506896310813,0.0016670244570609755,236269.1242937853,121519.0,177
KOTAKBANK,6,0.00022659937450429603,0.00026734393797611666,0.001377340261809746,0.001844248374721131,176645.97740112993,112575.0,177
KOTAKBANK,7,-4.642280129034244e-05,-0.00012763241863433805,0.0012236418373874492,0.0016093564997239824,182585.01129943502,119265.0,177
KOTAKBANK,8,-3.0207687830853715e-06,0.0,0.0011115745084150407,0.0014733418460098017,224080.97175141243,111925.0,177
KOTAKBANK,9,2.0688877558917905e-06,0.0,0.00097094106051835,0.0013775866217653552,156550.50847457626,99861.0,177
KOTAKBANK,10,7.42637871748219e-05,-0.0001299545159194615,0.001147350808231204,0.001606151054361143,182696.00564971752,116560.0,177
KOTAKBANK,11,0.00013565811518660373,0.0,0.0011799235451626082,0.001687290229067834,160997.10169491524,103828.0,177
KOTAKBANK,12,0.00020957402273486753,0.0,0.0009652995843870493,0.001331258731557112,160273.4406779661,95045.0,177
KOTAKBANK,13,0.00027746775082599257,0.00023274773969528262,0.0011103957239646403,0.0015592179143637988,176959.94886363635,98521.5,176
KOTAKBANK,14,-3.847627699352853e-05,0.0,0.0010754458864129892,0.0013960378215194969,259514.3465909091,106513.0,176
KOTAKBANK,15,-1.8936580775834952e-05,0.0,0.0009453832165394585,0.0012977917249048744,178895.23295454544,99069.0,176
KOTAKBANK,16,-0.00010877877428092602,-0.0001795396104430358,0.001047321785279922,0.0014168813091183711,171166.44318181818,102732.5,176
KOTAKBANK,17,-5.140533553070481e-05,0.0,0.0010140886288099412,0.0014046347963498462,239218.86931818182,108418.5,176
KOTAKBANK,18,-3.300276303448197e-06,0.0,0.0008564816270368914,0.0011581596782098559,141474.04545454544,99041.0,176
KOTAKBANK,19,-3.1458822318487916e-05,0.0,0.0008315120201600519,0.0011523499126895396,159771.01704545456,94353.0,176
KOTAKBANK,20,2.993020968627527e-05,0.0,0.001024916875128736,0.0014586730859981994,155038.28977272726,106918.5,176
KOTAKBANK,21,-4.427416646633764e-05,0.0,0.0009050395545424551,0.0012327319724346401,167325.83522727274,101286.0,176
KOTAKBANK,22,-6.957687443976476e-05,0.0,0.0009640869785996903,0.0013989156365797333,181354.73295454544,111304.5,176
KOTAKBANK,23,2.395848686920347e-05,0.0,0.0008903288864886724,0.0012212254023241307,158298.9375,99685.0,176
KOTAKBANK,24,9.686114986456632e-05,0.0,0.0008736570278665271,0.0011810066795227973,164444.51136363635,100634.5,176
KOTAKBANK,25,-0.00023203257249067427,-0.00023105391281108556,0.0009421586778427148,0.0012945282122490693,192905.5,97671.0,176
KOTAKBANK,26,4.302629010805089e-05,0.0,0.0009491718614253987,0.0013473778179393483,161935.43181818182,105174.0,176
KOTAKBANK,27,0.000128655209984935,0.0,0.0008962123572137545,0.0012484746006760456,167043.5965909091,99420.5,176
KOTAKBANK,28,0.00014305100213223893,0.00011897464698740201,0.0009030868673064664,0.001281628344352195,185048.05113636365,98064.0,176
KOTAKBANK,29,-5.73918783122803e-05,0.0,0.0009474469391032871,0.0016401075958524824,178089.69886363635,115277.0,176
KOTAKBANK,30,-0.00011925767844097714,-0.00023242303812803788,0.0008477557151131643,0.0012336184646476503,168326.00568181818,106680.0,176
KOTAKBANK,31,9.873891567550673e-05,0.0,0.0008353255743545473,0.001119171972773656,171287.5909090909,114207.5,176
KOTAKBANK,32,0.00013381914594081656,0.0,0.000752178006468084,0.0011176258169589297,165560.25,96370.5,176
KOTAKBANK,33,-7.857190123008502e-05,-0.0002289650214841732,0.000855549700500401,0.0011330429509623927,181142.3409090909,113740.0,176
KOTAKBANK,34,8.605358745899567e-05,0.0,0.0008553131930909993,0.0012224678351201842,164738.76704545456,110348.0,176
KOTAKBANK,35,4.681927365708345e-05,0.0,0.0007907208628802664,0.0010230251414665682,160093.47727272726,110786.0,176
KOTAKBANK,36,-2.9965793173785344e-05,0.0,0.0008006410060398066,0.0011096063755733057,155345.32954545456,108277.5,176
KOTAKBANK,37,-1.771635166264188e-05,0.0,0.0009335130211532781,0.0013251466797484718,161991.19318181818,115036.5,176
KOTAKBANK,38,-8.493182917646255e-05,0.0,0.0009172573116445052,0.0012943595562556914,149494.2840909091,102116.5,176
KOTAKBANK,39,-1.3338074574274519e-05,0.0,0.0009094280651039191,0.0012420582535500276,157684.39772727274,100976.0,176
KOTAKBANK,40,-1.2813596031678334e-05,0.0,0.0009323524997595992,0.001306698768834614,155941.69318181818,106508.0,176
KOTAKBANK,41,0.00015747069958866399,0.0,0.0008773964121195064,0.0013163589241542606,158003.86363636365,102884.0,176
KOTAKBANK,42,-1.7046118119923293e-05,0.0,0.0008337249750050215,0.0010982622831025401,160834.6875,118234.0,176
KOTAKBANK,43,4.7691214380378936e-05,0.0,0.0008564153076972804,0.0012143306523822999,173756.92045454544,116238.0,176
KOTAKBANK,44,-7.97730272864422e-05,-0.000132732748477693,0.0008180360025724125,0.001124694503482468,152250.17613636365,109714.0,176
KOTAKBANK,45,6.089412718475336e-05,0.0,0.00074577702767482,0.0011417377537522547,152463.26136363635,110251.0,176
KOTAKBANK,46,-4.654697351640533e-05,0.0,0.0007796445357646111,0.001147248145719683,170226.85227272726,112595.5,176
KOTAKBANK,47,-3.210640888926543e-05,0.0,0.0007622897836147513,0.0010500927006610531,146715.73295454544,106622.0,176
KOTAKBANK,48,-0.000121552138932649,0.0,0.0008093860193155709,0.0011240153731624832,148917.42613636365,109709.5,176
KOTAKBANK,49,3.329302082460456e-05,0.0,0.0007463786226055122,0.00100505927073871,158410.9715909091,116590.5,176
KOTAKBANK,50,-9.430509676815255e-05,0.0,0.0006828363022301164,0.0009522229986833862,160850.45454545456,124904.5,176
KOTAKBANK,51,1.2522917207453586e-05,0.0,0.0006506782221979298,0.0009267667836939396,155561.61931818182,129945.0,176
KOTAKBANK,52,9.314665707322766e-07,0.0,0.0007777380190298093,0.0010855283749832629,163260.47727272726,140113.0,176
KOTAKBANK,53,-4.914487713011067e-05,0.0,0.0007087692092530788,0.0010261823901845377,214343.0,128506.0,176
KOTAKBANK,54,9.489533122391712e-06,-0.00012285621444602102,0.0007731827487606498,0.0013101688702338164,194493.32954545456,132780.0,176
KOTAKBANK,55,-4.9257431711525265e-05,0.0,0.0007422298409850027,0.0011379429782628237,188824.25,139497.5,176
KOTAKBANK,56,-1.1523990199909467e-05,0.0,0.0007317690612256535,0.0009831245005307708,172768.14772727274,123642.5,176
KOTAKBANK,57,-0.00010522906430893657,0.0,0.0008419033735386671,0.001180035297806665,167102.5625,127129.5,176
KOTAKBANK,58,5.597076027162079e-05,0.0,0.0008946876492002883,0.0012164169610169643,197822.70454545456,147953.0,176
KOTAKBANK,59,-1.3321646913855668e-05,0.0,0.0007701968095719197,0.001098633535576498,209454.89772727274,149007.5,176
KOTAKBANK,60,0.00015107592425367349,0.0,0.0008005967813313986,0.0010776657179414958,200540.27272727274,151575.5,176
KOTAKBANK,61,2.6971148905904656e-05,0.0,0.0008157294341016409,0.0011947608404894298,216115.6590909091,164312.5,176
KOTAKBANK,62,0.0001390733284906182,0.0,0.0008892734721238714,0.0013302705610424607,217327.94318181818,157894.5,176
KOTAKBANK,63,-6.287079741579775e-05,0.0,0.0008159324509375742,0.0010978655739679183,224961.89772727274,170076.5,176
KOTAKBANK,64,3.5869812417359635e-05,0.0,0.0008415286682119181,0.0012255964483452511,208456.71022727274,156037.5,176
KOTAKBANK,65,6.499974289376158e-05,0.0,0.0007944186955212959,0.0011251716420056447,248052.86363636365,197171.0,176
KOTAKBANK,66,5.667212418402042e-05,0.0,0.0007655688711277034,0.0010670790888511151,234010.27272727274,191048.5,176
KOTAKBANK,67,-5.838982178977535e-05,0.0,0.0009087177076134062,0.0011904356323484723,299948.36363636365,208351.0,176
KOTAKBANK,68,6.648526403162545e-05,0.0,0.0007276376346799829,0.0010374442735658432,267849.5397727273,204389.5,176
KOTAKBANK,69,-0.00012213774220850998,0.0,0.0007988657768452002,0.0012109509742353071,289861.1022727273,199100.0,176
KOTAKBANK,70,-8.273576454010088e-06,0.0,0.001373024727001703,0.0019338165588566065,589121.6931818182,415518.5,176
KOTAKBANK,71,-0.000134921945161415,-0.00011746759892311553,0.000871784354274716,0.0012240614359869861,586813.7443181818,416595.5,176
KOTAKBANK,72,-1.4799397769843261e-05,0.0,0.0009420694137959658,0.0012938108151265824,608679.4829545454,430772.5,176
KOTAKBANK,73,-1.2563746150973867e-05,0.0,0.0009049170013196351,0.0012002263559147876,623763.4488636364,473800.0,176
KOTAKBANK,74,-6.914627989207453e-05,0.0,0.0010084652884765073,0.001443321746045077,703919.0056818182,478592.5,176
KOTAKBANK,75,0.00020327896061824837,0.00013200729123408195,0.0015176856972833677,0.0021777599882830453,560874.4204545454,400636.5,176
LT,1,1.3638003162932197e-05,0.00044005668832380884,0.008265522128528558,0.013839655769802839,114971.65536723164,57112.0,176
LT,2,0.00020708189817648899,0.00019640577432977757,0.0018477531183284728,0.0023459083754703834,54679.666666666664,29572.0,177
LT,3,0.00011155321104294673,0.00010089035740401542,0.0013954620489213551,0.0018806875184574979,42290.04519774011,22992.0,177
LT,4,-7.16057259894575e-05,-2.482683284088516e-05,0.0013792541492607436,0.0017842556378559928,39108.84745762712,21543.0,177
LT,5,-1.828806796682835e-05,-0.00012278073815774615,0.0012201661901496106,0.0015946249201801057,35081.78531073446,19732.0,177
LT,6,0.00010620995474703276,0.0002245228888611006,0.0014053277521437805,0.0019117049254491474,33643.1186440678,19013.0,177
LT,7,0.0001507259207724169,0.00013572572545395012,0.00129484509675125,0.001759571224844988,34066.42937853107,21372.0,177
LT,8,-0.00018916099518237237,-8.600917431200727e-05,0.0012205621711150149,0.0017416226356874527,30524.621468926554,16741.0,177
LT,9,-0.0001127913892472829,0.0,0.001160579230474268,0.0016387173738428929,28999.785310734464,16748.0,177
LT,10,0.00015964357327154883,0.00024321694951900952,0.0011270406680000747,0.001407587406731502,26877.062146892655,17580.0,177
LT,11,1.2827293210171398e-05,-4.929022082011958e-05,0.0010206103839319597,0.0013433711076907056,25679.824858757063,15670.0,177
LT,12,-0.0001453652484085479,-0.00010585931297313333,0.0009142572849836757,0.0012419347551593629,21563.790960451977,13684.0,177
LT,13,0.00014630057627559236,0.0001177092934793178,0.001117714415754853,0.0014245183328809544,26150.386363636364,17638.0,176
LT,14,-2.579162610240074e-05,9.399233468743162e-05,0.0009498262092331997,0.0012438845033973741,24141.948863636364,15184.5,176
LT,15,1.8866354579404306e-05,7.059823487065575e-05,0.0010114797864100307,0.0013833403427702053,22578.19318181818,13722.0,176
LT,16,-5.248085336664056e-05,4.886620573685274e-05,0.0009484141223288216,0.0013273713128054755,23806.19318181818,15220.5,176
LT,17,-2.6633277521606096e-05,-4.894554187140354e-05,0.0008639737638818885,0.0011426008188686447,22724.954545454544,15723.5,176
LT,18,-7.924361838748925e-05,-5.9785078181384677e-05,0.0007714284705017192,0.0010556626095749105,21776.420454545456,16080.0,176
LT,19,1.9740625222308053e-05,-8.146787509211162e-05,0.0009198712572586331,0.0012935799009686974,26010.460227272728,17141.5,176
LT,20,-8.55805020972109e-05,-7.499317030335018e-05,0.000864960537427683,0.001218180405722472,25152.670454545456,16763.0,176
LT,21,-7.019670864109179e-05,0.0,0.000839762015898932,0.0011069400114242056,24275.409090909092,15435.0,176
LT,22,0.00012021960024095322,9.120272077578484e-05,0.0008456504274920596,0.0010803630354775566,22719.107954545456,15939.5,176
LT,23,2.035406551277218e-05,-4.862107736075538e-05,0.0007534333187957477,0.00105180147772391,24012.488636363636,15269.0,176
LT,24,-5.24277452552465e-05,-5.056709413886473e-05,0.0008338209284776574,0.0012698119706762482,23211.30681818182,14641.5,176
LT,25,-0.0002336114633758387,-0.00018083212809716365,0.0008326718210045731,0.0013070317938040199,24953.721590909092,15796.0,176
LT,26,0.00013168651779127025,0.00011671838983895455,0.0008389065090185007,0.001147231157109079,24556.534090909092,16823.0,176
LT,27,0.0001421280220847282,0.0001643407992690804,0.0007740004942437401,0.0010164456750579598,23420.829545454544,15489.0,176
LT,28,5.814824835065725e-05,-5.3044279047675946e-05,0.0008294623857208333,0.0011894712960478448,25706.86931818182,18008.0,176
LT,29,0.00013967432816354682,0.00011115226161084735,0.0007763191286657284,0.0010985240152734757,26182.727272727272,16934.0,176
LT,30,-6.100266566579776e-05,-5.2798491641026235e-05,0.0007960784989248269,0.001068980209110139,23946.511363636364,17060.0,176
LT,31,-6.641081568707756e-05,-9.783170467919655e-05,0.0008012580603447082,0.0011097599262806705,23742.215909090908,17137.0,176
LT,32,1.935130801596516e-05,4.03154170698361e-05,0.0007389657519892031,0.0009823472297957856,23870.625,15384.5,176
LT,33,-3.0795434845407286e-06,0.0,0.0006309952138541179,0.0009176231703343493,23548.926136363636,15806.0,176
LT,34,-2.9491841383165336e-06,2.6055226488463923e-05,0.000841463939332688,0.0011492970278121361,22317.392045454544,17140.0,176
LT,35,8.883496098745603e-05,-1.2261513561262483e-05,0.0008613022496984469,0.0012647171222782696,24711.704545454544,18242.0,176
LT,36,7.078748318506348e-05,0.00010640907197900784,0.0007441877238967207,0.001137154402838594,24610.125,16735.5,176
LT,37,-0.0002172472644503328,-2.8353421892557407e-05,0.0008165534318432268,0.00135214535798199,22793.517045454544,16788.0,176
LT,38,2.7865503937675072e-05,0.0,0.0008272095426090869,0.0012728629125527858,23081.75,16287.0,176
LT,39,-0.00012825118439044453,-4.8865564750588675e-05,0.0008080675177520956,0.001383633479672332,23118.579545454544,16599.5,176
LT,40,-9.623583746601706e-05,-0.00013478482981116313,0.0008625902339392116,0.0011741555838479126,27248.647727272728,18166.0,176
LT,41,8.077990093612232e-05,0.0,0.000774568898705224,0.0013695646914855125,24198.386363636364,16651.0,176
LT,42,7.003627799419076e-05,-2.603962278086014e-05,0.0007321102675448686,0.001194780965585814,23978.403409090908,16671.5,176
LT,43,0.00018552078410639624,8.643569442934318e-05,0.0008449562629341538,0.0013059434226695033,23707.43181818182,16820.0,176
LT,44,0.000194508914822337,0.00019671193274428678,0.0008310549360165568,0.0011502313798046032,23654.4375,16578.0,176
LT,45,0.00011313804137105242,2.4950558711989146e-05,0.0006447871882605393,0.0008845413216795003,24400.68181818182,15283.0,176
LT,46,2.5186348533494006e-05,3.6159386360368195e-05,0.0007349968165193589,0.0010044134023809066,24673.335227272728,18929.0,176
LT,47,-4.808645319510413e-05,-2.3627636508039007e-05,0.000842814053971601,0.0010900167167860158,24765.113636363636,17827.0,176
LT,48,4.9720797865277575e-05,0.0,0.0006590124459959408,0.0009567255456259392,25286.982954545456,18353.5,176
LT,49,-0.00010302870016162435,-7.297228581404358e-05,0.0006897401891716284,0.0009311407426657036,23457.3125,17732.0,176
LT,50,-6.872369889905386e-05,-0.00011423149935130272,0.0007268084363931279,0.0009796039889277356,22970.5625,15635.0,176
LT,51,-1.871339807693669e-05,2.5098208527696286e-05,0.0007584232907191191,0.0009846581493134759,25795.039772727272,17028.0,176
LT,52,0.00018928001140783806,5.138540934690461e-05,0.0008021951777704757,0.0011543428128069123,25262.0625,18338.0,176
LT,53,1.350883200281748e-05,0.00015373408957375378,0.0007433122994133039,0.0010112529562977632,23573.698863636364,17109.0,176
LT,54,-5.4850797729918965e-05,5.133822723479842e-05,0.000786612125038319,0.0011537208660720945,23477.471590909092,16679.5,176
LT,55,-3.126418367117477e-05,2.554800470089269e-05,0.0007242415046475124,0.001092031143089222,25453.176136363636,17411.5,176
LT,56,2.0339363541429185e-05,0.00010350894798460963,0.0007391425159406097,0.0010542506031999258,26399.477272727272,16264.5,176
LT,57,-0.00011258632970137895,-8.775353026246879e-05,0.0007771413277385511,0.0010520931176816897,23640.3125,17310.0,176
LT,58,5.072174348387147e-05,1.2255202333388837e-05,0.0008250787444638585,0.0011293460651869275,27370.596590909092,21923.5,176
LT,59,-8.73512863576119e-05,-0.00016151027912442162,0.0008265319980876135,0.0010753903948735764,29704.36931818182,20582.5,176
LT,60,-4.9271690772949925e-05,-7.086341991108247e-05,0.0006701734003880231,0.0009257119176088737,29238.073863636364,23534.0,176
LT,61,-6.676382800013562e-05,-2.4787996752706487e-05,0.0007063612401518971,0.0009671399263748361,31415.738636363636,22991.0,176
LT,62,5.047255937217574e-07,-2.648801941707024e-05,0.0009129722778665971,0.0013871411521194626,30996.363636363636,21801.0,176
LT,63,3.7821260652570615e-05,-3.920335394363983e-05,0.000815135169461859,0.0012015329835837864,30777.852272727272,22935.5,176
LT,64,4.9793487429874237e-05,6.301963488464235e-05,0.0008940718034256809,0.001204193166297455,34006.59659090909,25309.0,176
LT,65,0.00012235093124737806,4.869446667254973e-05,0.0008544379722398829,0.0014393682763594341,37666.84090909091,25995.0,176
LT,66,3.2672671009360452e-06,6.419717802463865e-05,0.0009051114535207728,0.0013769109850466814,39724.75,28777.5,176
LT,67,-2.3727873781092838e-05,3.790430825911795e-05,0.0009727552731824874,0.0013478915654223816,35954.1875,28127.0,176
LT,68,-3.743413689305341e-05,9.035546189206656e-05,0.0008323303604016938,0.0013453263145398386,39814.380681818184,30099.0,176
LT,69,-2.2582521891309365e-05,0.00014825683572006199,0.0008177477567576975,0.0011206632308045856,36456.36363636364,26420.0,176
LT,70,-8.37912919491792e-05,0.0,0.0012439835534810177,0.0018086127780876733,74306.78977272728,57136.5,176
LT,71,-8.682372391389387e-05,0.0,0.0008297953032556289,0.0011993819581684933,70798.69886363637,56660.0,176
LT,72,4.9724154873474255e-05,-3.9501443834188965e-05,0.0007671958945661537,0.0011114771337544006,72051.875,55710.0,176
LT,73,1.942537231449836e-05,-2.4254932532496998e-05,0.0008355502739826212,0.0011614196641201713,75319.13068181818,54376.0,176
LT,74,-0.00016047977337667582,-0.00010721130130303402,0.0007386418461763873,0.0010284841693930429,73365.10227272728,57552.0,176
LT,75,0.00022680119666870907,4.946792796101107e-05,0.001048498690994764,0.001411412126078913,60753.52272727273,45872.5,176
M&M,1,-0.0004864796530998203,-0.00027023776594414795,0.008512463192283586,0.012309371393402142,136929.2429378531,105722.0,176
M&M,2,0.00032624663884876635,0.00015024038461541878,0.0019994607570161978,0.00263372650690307,63526.49152542373,48867.0,177
M&M,3,0.0001698441801919991,6.51720542230727e-05,0.0019357625801760918,0.0025300707972300716,51858.779661016946,35902.0,177
M&M,4,9.221308074672173e-05,0.00013765382815300597,0.0018932816222233108,0.002494879316336015,47226.35593220339,36488.0,177
M&M,5,-0.0001971396575039458,-5.960896518830694e-05,0.0014244844876468176,0.0019058179115900562,42389.983050847455,30423.0,177
M&M,6,0.0004320375311939824,5.4904329206406643e-05,0.0016480834634658259,0.002152736610913275,39135.265536723164,28030.0,177
M&M,7,-2.7060739827869684e-05,-8.703220191474959e-05,0.0013645044241050869,0.0018862156588836563,39188.497175141245,25979.0,177
M&M,8,-8.14292579230377e-05,-0.00022235810773252318,0.001382382747147265,0.0018354824795254574,34619.259887005646,26519.0,177
M&M,9,-0.00014820969947973174,0.0,0.0012542126529080672,0.0016526943426563813,31945.68361581921,22417.0,177
M&M,10,9.744491843548731e-05,0.00011733302044536487,0.001341587198093914,0.001829712601507914,32336.610169491527,22422.0,177
M&M,11,-1.8522161057306638e-05,0.0,0.0011801339466157145,0.0017704324685730614,37742.734463276836,21505.0,177
M&M,12,-0.00022824355608357582,-5.577089317077011e-05,0.0011678598341989246,0.0015530079991875174,31398.68361581921,20209.0,177
M&M,13,0.0002235364144765833,0.00013548077748937182,0.0013740842204266115,0.0018922681413039548,31872.142045454544,23417.0,176
M&M,14,8.419601405731442e-06,-2.7521074145220314e-05,0.0011586360228182544,0.0015736359585853273,27812.897727272728,20886.0,176
M&M,15,-9.923665149319717e-05,-5.489072288789032e-05,0.001171388821927768,0.0015662824628541762,26260.94318181818,18675.5,176
M&M,16,-0.0002155359043043659,2.7096612825849853e-05,0.0011462646534546146,0.0015375428479608582,29502.0,19419.5,176
M&M,17,-0.0001715786856858552,-0.00016576148763680632,0.0010660332902894941,0.0014588655666829225,27495.19318181818,17171.5,176
M&M,18,0.0001403679080645085,5.611117379256125e-05,0.0010432731537345704,0.001471594466284317,23179.340909090908,18439.0,176
M&M,19,-0.00012259720083911257,-0.0002506703172617253,0.0009876724019975516,0.0013032901306370378,24009.323863636364,17405.5,176
M&M,20,-8.308906729811993e-05,-0.00019986318263059966,0.0012002733044691712,0.001758418861022979,25706.801136363636,17893.5,176
M&M,21,-3.6510401336637863e-06,0.0,0.0010400720429280543,0.0014256565967012348,23647.545454545456,18651.5,176
M&M,22,-9.060020352947487e-05,-6.843156604785516e-05,0.0010686514529680584,0.001405060665302779,26777.653409090908,19202.0,176
M&M,23,6.177435391587254e-05,1.3998544151405667e-05,0.0009694572994366093,0.0012824476337930369,24725.625,18850.0,176
M&M,24,0.00010383397821729519,4.383302032240355e-05,0.0007642959068375553,0.0010439967729277148,20800.528409090908,16559.5,176
M&M,25,3.8571387451145536e-05,5.505024705410033e-05,0.0009327697801379302,0.0013178247147389213,24197.579545454544,16261.0,176
M&M,26,5.0188273735079045e-05,7.925114937079591e-05,0.0009376112828458047,0.0012729379361334945,23177.704545454544,18433.0,176
M&M,27,-0.00012167849828466738,-8.795727659915986e-05,0.0009183687363543237,0.0012446885910123912,23876.829545454544,15773.0,176
M&M,28,-0.00011054754765618112,-8.726754315491192e-05,0.0009211704785964916,0.0014308569087386467,21521.573863636364,15335.5,176
M&M,29,7.793540574021282e-05,0.0,0.0008479208253994049,0.0011538781910887638,19935.647727272728,15549.5,176
M&M,30,2.4817810775799613e-05,-5.359700592716399e-05,0.0008839813419297764,0.0012367995561192164,20275.852272727272,16039.0,176
M&M,31,3.054234130887782e-05,1.3872704067496855e-05,0.0009173328548012448,0.001219529819645658,25559.75568181818,16402.5,176
M&M,32,-5.0935850604161027e-05,1.3610627177640389e-05,0.0008810348013257295,0.0014397677080093055,22607.857954545456,16390.5,176
M&M,33,-0.00010104098097315292,-7.260874864301048e-05,0.0008765660016350485,0.001164371386516247,21625.147727272728,16372.5,176
M&M,34,-1.8471623425511674e-05,-2.706153744330697e-05,0.0009544817671872437,0.0013213104773810178,21835.409090909092,15505.0,176
M&M,35,-0.00012228353697922706,2.7849909718713484e-05,0.0008794770057961234,0.0012153054655135572,22579.460227272728,16433.5,176
M&M,36,0.0002723389141374073,0.00015167105685887083,0.0009861986062174922,0.0015750300354392345,21619.897727272728,15867.0,176
M&M,37,-0.0002533424234037336,-0.0002001295511676049,0.0009374647732274078,0.0015509999813070388,24271.954545454544,18169.5,176
M&M,38,0.00010233062864255174,0.00011966965271181795,0.0009799860721531625,0.001499063623802554,23826.977272727272,15604.5,176
M&M,39,3.1706709137686734e-05,0.0,0.0008912039405475472,0.001222657902389932,23286.653409090908,16494.5,176
M&M,40,-3.36290914056731e-05,4.1316123418400075e-05,0.0009446434064378128,0.0014333311681400869,23821.125,18657.0,176
M&M,41,0.00019444456599916615,-2.7814298282857752e-05,0.0009510355187915732,0.0015830634982325772,25224.56818181818,17006.0,176
M&M,42,-2.8698846796852316e-05,-5.3761649229988606e-05,0.0009382878688357392,0.0013150503621822557,23629.579545454544,16201.0,176
M&M,43,-0.00015407736368241746,-7.256671734251485e-05,0.0008363336687324908,0.0012804574311069033,23595.602272727272,17768.0,176
M&M,44,7.007979099018879e-05,0.0,0.0008989698398578993,0.0013200111205516913,22966.36931818182,16468.0,176
M&M,45,7.799991509365836e-05,-2.7612103568053215e-05,0.0007969484411108663,0.0011201199818419735,20450.590909090908,15207.0,176
M&M,46,-0.0001691641286235399,-9.003615925295971e-05,0.0008850747023295382,0.0011246930217784098,20880.647727272728,15972.5,176
M&M,47,5.1098834327840456e-05,3.0837264466399006e-05,0.000880514618518274,0.001519416130643079,21734.028409090908,16654.5,176
M&M,48,-4.5502331081854775e-05,-8.414149569013762e-05,0.0009484352198622124,0.0013639302769413062,25429.69318181818,18107.5,176
M&M,49,-6.401176435785939e-05,8.299304601777635e-05,0.000830009984232589,0.00113812532254342,23381.88068181818,18959.5,176
M&M,50,-0.00015972118847970183,0.0,0.0008609070105016404,0.0011823628147664017,23687.625,18023.0,176
M&M,51,1.660499913887541e-05,-1.3688129654021441e-05,0.0008817422373098654,0.0012605453207340746,24054.88068181818,19504.0,176
M&M,52,0.00010473175430206395,1.6583197903874414e-05,0.0009597521253623203,0.001306015034013286,23435.909090909092,16825.0,176
M&M,53,0.0001515641264799047,9.449105740699792e-05,0.0009204659723080873,0.0015484938795493521,26340.602272727272,17425.5,176
M&M,54,-8.900021363062714e-05,-5.610370298836376e-05,0.0009222701745863867,0.0012860547673649056,25497.386363636364,19276.5,176
M&M,55,9.884313006576937e-05,0.00010713879580681596,0.0010356700608577663,0.0014700223967753585,25069.221590909092,19800.0,176
M&M,56,6.736674936668538e-05,0.00014184077012679985,0.0007878610247815791,0.0011466943518147312,22793.801136363636,18831.5,176
M&M,57,-0.00018973558181607596,-0.00017558468531708726,0.0009195904546456719,0.0013344131763438844,25581.125,19186.0,176
M&M,58,5.327921811358857e-05,0.0001631971450631875,0.0009498182054238219,0.0013273919111030073,26399.715909090908,20729.5,176
M&M,59,-9.881525145178194e-05,0.0,0.0009481820266867242,0.0013712573933151043,28548.43181818182,21337.5,176
M&M,60,-8.110901366648807e-05,-0.00011577864578538044,0.0009352517175976864,0.001209920023183227,27209.965909090908,22248.0,176
M&M,61,5.4386184179950666e-05,6.0086449926499697e-05,0.0008581979272688178,0.0011452334286306404,26023.55681818182,21530.0,176
M&M,62,3.347187431788218e-05,3.062390893404654e-05,0.0008975636752802139,0.0012293467696425251,27083.147727272728,19781.5,176
M&M,63,-1.940334395113453e-05,-2.9663389979950328e-05,0.0008359392960744865,0.0012071809607110918,29279.159090909092,23498.0,176
M&M,64,5.891344066516795e-05,1.3316288484110927e-05,0.0009261784113268782,0.0012797428578521968,30593.551136363636,23201.5,176
M&M,65,-2.69227544155243e-05,0.0,0.0008831717574425583,0.0012218091210424264,30971.36931818182,23750.0,176
M&M,66,-9.741273746824682e-05,-9.597540201800037e-05,0.0009519809360738207,0.0012580591963219732,31104.227272727272,26524.5,176
M&M,67,-8.157021910414948e-05,-1.3679516292275373e-05,0.0008943038849840687,0.001247086943928161,33063.72159090909,27277.0,176
M&M,68,4.932329962066298e-06,0.0,0.0008476839068878123,0.0011144494926825703,33545.5625,27921.5,176
M&M,69,3.5345258090990256e-07,5.395398824503683e-05,0.0007831095340405766,0.0010142304710710087,32590.625,27318.5,176
M&M,70,-0.0002866761677375955,-0.00014907736766905932,0.0018163728184953686,0.002541334492400109,106245.26136363637,74213.5,176
M&M,71,-0.0001428634929764097,-0.00011229799174700128,0.0009433736367295446,0.0012719845726230292,97659.39204545454,65779.5,176
M&M,72,-1.3811526332157718e-05,-2.717831930493242e-05,0.000766933669336289,0.001077294361061331,96461.79545454546,71138.0,176
M&M,73,5.573030690840467e-05,7.541720526771378e-05,0.00095602016035139,0.0013126228384677339,102523.03977272728,76576.0,176
M&M,74,2.424107079700144e-06,5.779679885498101e-05,0.000849343090016655,0.0013316642479294916,98859.17613636363,73325.5,176
M&M,75,0.0002314021358203744,4.16222760445395e-05,0.0012242957726124224,0.0019357681478531826,73608.49431818182,56014.5,176
MARUTI,1,-0.0004356095996342952,0.0007478644502848519,0.007211263945658197,0.011533510840076946,19367.5197740113,13668.0,176
MARUTI,2,0.00041693948802127597,0.00038194665478386014,0.0019467395282318025,0.0026232510922040856,9089.813559322034,6290.0,177
MARUTI,3,0.0002394225344793962,0.0003006388575723662,0.0016194799406505608,0.002129151754822483,7281.050847457627,4820.0,177
MARUTI,4,-5.044315235900283e-05,-6.356066865820242e-05,0.001691016252362605,0.0023462593531085388,6802.576271186441,4301.0,177
MARUTI,5,3.860133444652352e-05,0.0,0.0014596125059247957,0.0019926461003927087,6632.38418079096,4637.0,177
MARUTI,6,0.00023659985554501267,0.00015174506828530276,0.0015809670213603768,0.0021021488439179965,5937.163841807909,4072.0,177
MARUTI,7,-7.868248723243774e-05,-7.673419275633364e-05,0.0012740160365352516,0.0017149330273586662,6555.7683615819205,4189.0,177
MARUTI,8,-0.0003206151545098383,-0.00030032284706060786,0.0013900698634970628,0.0018283671663770415,5793.045197740113,3809.0,177
MARUTI,9,-0.00025909884321111425,-6.672894701720278e-05,0.0010693570707660388,0.0017377969868044426,5287.762711864407,3193.0,177
MARUTI,10,9.445600750872855e-05,-0.00012104339405671904,0.0011825987620834577,0.0016384334575227737,5022.926553672316,3557.0,177
MARUTI,11,-7.398781587947864e-05,-7.624857033927679e-05,0.0010338717371385685,0.0015009229501265016,5182.661016949152,3388.0,177
MARUTI,12,2.288995653885962e-05,0.0,0.001024621672378945,0.0014036135508195932,4555.372881355932,3012.0,177
MARUTI,13,6.148160702417358e-05,6.183338516152492e-05,0.0011169090077380135,0.001392579829847827,4939.261363636364,3355.5,176
MARUTI,14,-5.3495925916392165e-05,6.241627428416052e-05,0.0009711973704435502,0.0013042056313861015,4543.352272727273,3176.5,176
MARUTI,15,-0.00013408356869864323,0.0,0.000953258132936669,0.001358343326076372,4213.488636363636,2986.0,176
MARUTI,16,2.7306588785568582e-05,6.204400394960174e-05,0.0008722295766231875,0.001122102385540305,4106.596590909091,3030.5,176
MARUTI,17,-9.821372214063368e-05,-6.881078433396137e-05,0.0009590847941580237,0.0012507622863718263,4571.602272727273,3062.0,176
MARUTI,18,-4.525482206721885e-05,-3.0569821472259395e-05,0.000934549070014089,0.0012785734236128742,4036.8295454545455,2805.0,176
MARUTI,19,-0.00011388637204146258,-6.170018259787913e-05,0.0008290483603957292,0.0011224166190044011,4045.7670454545455,2917.5,176
MARUTI,20,-8.022261881013357e-05,-7.371625833696438e-05,0.001017531602510669,0.0014417479967255968,4292.670454545455,2820.0,176
MARUTI,21,6.179123494678027e-05,0.00012781075322132462,0.000922246674557069,0.0013676638163268601,5397.068181818182,2937.0,176
MARUTI,22,4.402841731181414e-05,0.0,0.00095263837209032,0.0013842787410582305,4542.017045454545,3057.0,176
MARUTI,23,5.3396269652713415e-05,0.0,0.0008246380592720374,0.0011709883657888536,4302.994318181818,3116.0,176
MARUTI,24,-0.00015015797821274742,-6.072044735200288e-05,0.0007566647520407028,0.0010748684247354789,4284.926136363636,3015.5,176
MARUTI,25,-9.298949098920738e-05,-0.00012413615552786528,0.0007890797972538551,0.0010393564876007937,4197.477272727273,3174.5,176
MARUTI,26,1.6877084161893103e-05,0.0,0.0007798642677605878,0.001059737606801762,4149.352272727273,3206.0,176
MARUTI,27,-5.2360444663029915e-05,-6.153296154814969e-05,0.0008628645448150527,0.0012584212313857964,4456.539772727273,3240.5,176
MARUTI,28,-5.2118503801374345e-06,-6.46167534140707e-05,0.0008698116795989156,0.0012484628834002391,3993.9488636363635,3048.5,176
MARUTI,29,2.5348944051547326e-05,0.0,0.000788003720399787,0.001282365149955256,4577.801136363636,2994.5,176
MARUTI,30,7.361333006552809e-05,0.00012181431472702009,0.0007774905646263652,0.0012010317948886826,4456.215909090909,2940.0,176
MARUTI,31,0.00012978447687231331,0.00010154041204746278,0.0009199052956656698,0.0013078505096371798,3971.8636363636365,2897.0,176
MARUTI,32,0.00011695071462380787,0.0,0.0008730103392571638,0.0012399796606372326,4373.335227272727,3162.0,176
MARUTI,33,-8.01525447297632e-05,0.0,0.0007867090800511005,0.001190128329520136,4028.034090909091,3279.0,176
MARUTI,34,2.816675911135072e-05,6.388866670181681e-05,0.0008046721090656593,0.0011519078398877602,4281.267045454545,3031.0,176
MARUTI,35,2.579905747270017e-05,2.9988604330344337e-05,0.0007355539280061075,0.0009612340115294173,3763.5795454545455,2980.0,176
MARUTI,36,8.655372410231909e-05,6.826389618319606e-05,0.0009001172507635256,0.0013790704697836814,3956.6477272727275,2838.0,176
MARUTI,37,-0.0001395773919345971,-7.475402013101817e-05,0.0009486224735847062,0.0014380265967423051,4229.5,3098.0,176
MARUTI,38,4.3799114637065925e-05,3.0927197377406124e-05,0.00080434349266527,0.0011356974330489493,4149.590909090909,3231.0,176
MARUTI,39,3.858575408972634e-05,5.9168294932243626e-05,0.0007955401205253472,0.0011732900825547194,3980.0,2842.5,176
MARUTI,40,-8.992213850131507e-05,-0.00014991783592466223,0.0009274801386998541,0.0012661121531230629,4752.539772727273,3072.0,176
MARUTI,41,0.00012428960800422867,6.23039791405322e-05,0.0007898662141135516,0.0013071274916454717,4615.301136363636,3344.5,176
MARUTI,42,-6.969569062018066e-05,0.0,0.0007880536306369777,0.0012385636977184208,4079.5397727272725,3135.0,176
MARUTI,43,-1.9913633787102536e-05,0.0,0.0007974692290319993,0.0011172261813575514,4543.897727272727,2912.5,176
MARUTI,44,0.0001509510423684612,0.00012436867354026493,0.0007375010655182098,0.0010152190064198275,4044.409090909091,2742.5,176
MARUTI,45,0.00010169737210781334,6.475027972652203e-05,0.0007586071485489378,0.0011461398259493129,4047.0511363636365,2845.5,176
MARUTI,46,-0.00011562329288717126,-9.11351401063909e-05,0.0008264786589191993,0.0011087330338151156,3962.556818181818,3007.5,176
MARUTI,47,-1.6040878648122686e-05,2.99778164158937e-05,0.0007637926141196659,0.0010826026372931568,3978.1079545454545,2565.0,176
MARUTI,48,-0.00011510881570807382,0.0,0.0008082904352154079,0.0012610210456924014,4110.988636363636,2925.5,176
MARUTI,49,4.433342323001158e-05,6.289367907807986e-05,0.0007035361062251722,0.00102036632494334,3986.119318181818,2928.0,176
MARUTI,50,-0.0001276047025549166,-6.906683562024618e-05,0.0007437815050581937,0.0010656967534141363,4110.590909090909,2656.0,176
MARUTI,51,-5.5336378037143154e-05,0.0,0.0007539890733216717,0.0010512201315206232,3963.2613636363635,2868.0,176
MARUTI,52,0.00010273003774057304,0.0,0.0008368860487700607,0.0011522443392915885,3998.5738636363635,2858.0,176
MARUTI,53,-3.309587353202957e-05,0.0,0.0007673815755714422,0.0010963570363661513,4269.113636363636,2949.0,176
MARUTI,54,-3.712254120793003e-05,6.227329057317821e-05,0.0007300307704601202,0.0011089258875591921,4154.017045454545,3069.5,176
MARUTI,55,1.5056417459728435e-05,3.084706027511874e-05,0.0006764836449862574,0.0009829878714082512,3804.9772727272725,2986.5,176
MARUTI,56,7.87615103879596e-05,-3.0500823522239262e-05,0.0007462534595190136,0.0011442302187830303,4100.193181818182,2831.5,176
MARUTI,57,-0.0001348598451682294,-6.316718254301135e-05,0.0007465542055123284,0.001086410755703796,3939.4545454545455,2861.5,176
MARUTI,58,6.804676063445152e-05,6.500310795054531e-05,0.0007928392876282706,0.001096151978797264,4580.585227272727,3072.0,176
MARUTI,59,-4.484009244842067e-05,0.0,0.0008062259308441632,0.001159485625983818,4662.943181818182,3210.0,176
MARUTI,60,-0.00014494179823306116,0.0,0.0009886402137172221,0.0027472615697536097,5514.869318181818,3545.0,176
MARUTI,61,0.00028763760166945697,-3.144851877479038e-05,0.0010341879756600315,0.0037286058163114037,6710.102272727273,4065.0,176
MARUTI,62,2.0945598557038017e-05,6.264488198703955e-05,0.0009366895848579696,0.0015114135642408184,6411.8125,3715.0,176
MARUTI,63,7.932029821839962e-05,-3.062599534486843e-05,0.0007890943888253018,0.0012462197547127207,5530.011363636364,3493.0,176
MARUTI,64,1.2942903959105805e-05,7.767474434539068e-05,0.0009512190928310963,0.00180436910165171,5636.431818181818,4342.5,176
MARUTI,65,8.57618312208193e-06,9.046726337880173e-05,0.0009161210160984416,0.0012891616065277768,6529.784090909091,4997.0,176
MARUTI,66,-8.971133810955035e-05,0.0,0.0008980876583519027,0.0015739613813192143,6096.755681818182,4459.0,176
MARUTI,67,-9.338764749597762e-05,0.0,0.0009410600421439599,0.0013576953607037762,6588.011363636364,4790.5,176
MARUTI,68,7.326238050021096e-05,7.671725483471281e-05,0.000917581014880241,0.0014200522130965363,6684.0,5077.5,176
MARUTI,69,6.428141006845142e-05,6.223667970772784e-05,0.00070805864924724,0.0010153856404981475,6589.965909090909,4700.5,176
MARUTI,70,-0.00025177276066928753,-6.048330158237025e-05,0.001453118431137128,0.0021188080782792613,14148.375,10252.5,176
MARUTI,71,-0.00012983084247837807,-0.00012283891610803677,0.0007953040758322746,0.0010732976193646834,12790.22159090909,9110.0,176
MARUTI,72,-0.00014484789238183103,-0.0001264668913884548,0.000738550648950842,0.001062799539409225,13301.3125,9661.5,176
MARUTI,73,-6.167920283141967e-05,-0.00012722185115626727,0.0008656925284332277,0.0012062096366255157,14788.142045454546,10688.5,176
MARUTI,74,4.3510607237291146e-05,6.452807278978234e-05,0.0007988696669843629,0.0011151616508545345,15540.977272727272,11659.5,176
MARUTI,75,-4.4960062568475476e-05,-9.748949125365503e-05,0.0011165498626024605,0.0016812876158203047,12379.670454545454,9689.5,176
NIFTYBEES,1,-0.0009234077698835008,-0.0005157024093822571,0.00415857525310799,0.006594750167782498,406495.2259887006,249638.0,176
NIFTYBEES,2,1.3370260235661639e-05,6.815703380591565e-05,0.0007475764577683508,0.0009666663451669556,249686.93785310735,176658.0,177
NIFTYBEES,3,2.278153975753054e-05,0.00013471188495617348,0.0006998883041236943,0.0009433816954155411,198632.50282485876,134491.0,177
NIFTYBEES,4,7.891759668764663e-05,3.401476240694201e-05,0.00076182408884346,0.0010624978065600786,216125.2711864407,148865.0,177
NIFTYBEES,5,-0.00014658444773945896,-0.0001026413028601958,0.0006053417108676218,0.0008420699609452722,167091.54802259887,120936.0,177
NIFTYBEES,6,3.7866959711319224e-05,0.0,0.0006906428827551674,0.0009004295050136016,145631.53672316385,107428.0,177
NIFTYBEES,7,1.670500436204033e-05,-3.3917850964959584e-05,0.0005781525463139097,0.0007216527405923777,142640.96045197741,104267.0,177
NIFTYBEES,8,-7.84957555831828e-05,0.0,0.0006024530674092897,0.0007863450236568445,135832.53672316385,93437.0,177
NIFTYBEES,9,-7.89778431012685e-05,3.637421795432694e-05,0.0005354098629466811,0.0007316000571214401,144897.98870056498,89651.0,177
NIFTYBEES,10,0.00010156224090025089,3.4880881788712514e-05,0.0006385716224667172,0.0008209320281515276,132999.06779661018,96270.0,177
NIFTYBEES,11,1.3157487794867261e-05,0.00010666666666647728,0.0005166008321741766,0.0007306790921193744,139697.69491525425,90442.0,177
NIFTYBEES,12,4.754661464946943e-06,3.405762550223734e-05,0.0004881969793915852,0.0006381708262988938,114433.55367231638,75021.0,177
NIFTYBEES,13,0.0001409769662160299,8.740245399885271e-05,0.0005454350225419198,0.0007410104637195649,132952.88636363635,94870.0,176
NIFTYBEES,14,-1.207039378536077e-05,0.0,0.0004467200087253199,0.0006184775022760948,110857.0,70229.5,176
NIFTYBEES,15,-6.982603468631201e-06,1.6852039096737492e-05,0.00048067115965383,0.0006668214886157297,103228.05681818182,66049.5,176
NIFTYBEES,16,2.865974309153749e-05,6.942253266761789e-05,0.00047562254145196473,0.00063262919130107,105322.625,70420.5,176
NIFTYBEES,17,-4.2149074941488154e-05,-1.6875358601453616e-05,0.00044315245733523694,0.0006158707178933107,98567.57386363637,72392.0,176
NIFTYBEES,18,-4.815767030321514e-05,-3.456799304202285e-05,0.00043195559800663817,0.0006113407588928645,92686.76136363637,69467.5,176
NIFTYBEES,19,-8.956558167950611e-06,0.0,0.0004158363820965743,0.000556248273947676,87701.98863636363,62618.5,176
NIFTYBEES,20,-2.930472150906229e-05,0.0,0.0004767421092924359,0.0007095772730732179,95289.03409090909,61678.5,176
NIFTYBEES,21,-4.848983013252085e-06,0.0,0.0004370559313533208,0.0006192874421392116,87181.14772727272,62085.0,176
NIFTYBEES,22,6.872698891096071e-05,3.631773628953727e-05,0.00044787216334189246,0.0006079783226896847,100407.46022727272,72611.0,176
NIFTYBEES,23,-9.260160400612187e-06,0.0,0.0003750355637558831,0.0005130592620242447,94656.57386363637,58325.5,176
NIFTYBEES,24,2.373486926388688e-06,-1.6848631891053234e-05,0.0003563297161910237,0.0004711334232379229,81242.85227272728,52166.0,176
NIFTYBEES,25,-7.376770720843685e-05,-7.041916556893568e-05,0.0004396318360983493,0.0006275158746535874,90652.09090909091,59166.5,176
NIFTYBEES,26,-7.34488092975027e-06,0.0,0.000429196059950244,0.0005931337290674496,106474.77272727272,65462.0,176
NIFTYBEES,27,1.214398560927961e-05,3.421552407378847e-05,0.00041964888132726215,0.0005687498594171298,98112.00568181818,58167.5,176
NIFTYBEES,28,2.7860698393442955e-05,0.0,0.0003695449172086033,0.0005422582693542279,84518.9375,59065.5,176
NIFTYBEES,29,4.8058058549160914e-05,6.798213957281973e-05,0.0004335331924574242,0.0005935282853851216,85088.38636363637,54011.0,176
NIFTYBEES,30,-4.796166117417579e-05,-3.664922749296862e-05,0.00040184990927852766,0.0005841874320454999,80586.94318181818,58204.0,176
NIFTYBEES,31,-3.567274793478466e-05,3.4327169311287875e-05,0.000390637753997594,0.0005151976964725154,82567.59090909091,57589.0,176
NIFTYBEES,32,2.544165239176287e-05,0.0,0.00038377562888210963,0.0004967844136162929,88243.26704545454,48353.0,176
NIFTYBEES,33,-2.156418682308521e-06,3.399170089724013e-05,0.0003834333880556059,0.0005159352934583814,82871.78409090909,52691.0,176
NIFTYBEES,34,1.225436211858454e-05,3.408719979303143e-05,0.00043479192585899555,0.0005946365165857783,87260.23863636363,51981.0,176
NIFTYBEES,35,5.4841932057683476e-06,0.0,0.0003848434813655884,0.0005377957737808862,89055.55113636363,55846.5,176
NIFTYBEES,36,4.54241459595144e-05,7.003174963915448e-05,0.0004177697250929058,0.0006351842529249158,72173.09090909091,49838.5,176
NIFTYBEES,37,-5.666486520518006e-05,0.0,0.00035850297337208353,0.0006398787945537461,72902.79545454546,48949.5,176
NIFTYBEES,38,4.94211533111109e-05,3.499074635004984e-05,0.00042892090542052513,0.0006600236031305811,76420.53409090909,53478.5,176
NIFTYBEES,39,-3.967196362826805e-05,0.0,0.0004079082463060952,0.0005904573277833591,71702.46022727272,43648.5,176
NIFTYBEES,40,-3.4434424449652044e-05,0.0,0.0004916950304434373,0.0007176505077916985,88495.51704545454,52824.0,176
NIFTYBEES,41,7.34402305554539e-05,1.689303331309233e-05,0.00041155481171539776,0.0006576940854801675,92340.24431818182,54463.5,176
NIFTYBEES,42,3.9114551348435154e-05,-3.3870391275891976e-05,0.0003776134083447893,0.0005164886652028226,80902.42613636363,48586.5,176
NIFTYBEES,43,1.491773309211986e-05,0.0,0.00041855994641851256,0.0006228571059717329,83478.875,53379.5,176
NIFTYBEES,44,2.3976280646242403e-05,0.0,0.00038593588822429854,0.0005495095690710275,68066.75568181818,47625.5,176
NIFTYBEES,45,4.517365437128127e-05,0.0,0.00039579977716187496,0.0005917718995481038,70177.60227272728,46060.5,176
NIFTYBEES,46,2.464036535428724e-07,3.41052777173001e-05,0.000394456490832361,0.0005119626832792953,75169.30681818182,49042.0,176
NIFTYBEES,47,-8.046253891668611e-06,0.0,0.00036479908295811094,0.0005303685234848774,70344.75568181818,49704.5,176
NIFTYBEES,48,-2.158764716150462e-05,0.0,0.0003644839424325891,0.0005526138616864034,77547.49431818182,46070.0,176
NIFTYBEES,49,2.0040287820990736e-05,3.474035876560588e-05,0.00041152634852082375,0.0005382387251106998,67262.72159090909,44215.0,176
NIFTYBEES,50,-3.788165622901844e-05,0.0,0.0003909807717310563,0.0005661257728276135,68056.46022727272,48290.5,176
NIFTYBEES,51,-2.7144310993673142e-05,0.0,0.00036856402312949755,0.0005329483819603747,71452.91477272728,46181.5,176
NIFTYBEES,52,6.093888473034356e-05,3.6042378113609885e-05,0.00048090604570518396,0.0006706128257901303,78038.63068181818,55392.5,176
NIFTYBEES,53,-1.9147825062234734e-05,0.0,0.0004218305875017227,0.0005765414775237105,78722.52272727272,55304.0,176
NIFTYBEES,54,-4.211085156469616e-05,-3.38598611390184e-05,0.00041264948951835176,0.0005880962422984656,80867.69886363637,47359.0,176
NIFTYBEES,55,-3.363635086757529e-05,0.0,0.0004030268905421982,0.0005764004719862583,78063.94318181818,52323.0,176
NIFTYBEES,56,2.955423139543798e-07,-1.710688381001413e-05,0.0004114306915073702,0.0005236296772083614,76916.65909090909,52263.5,176
NIFTYBEES,57,-7.400046364062673e-05,-1.689531661819288e-05,0.0004101808085464191,0.000564073631328648,70242.22159090909,57915.5,176
NIFTYBEES,58,-2.5650629025401377e-05,0.0,0.0004601198750901285,0.0006380417160448303,82982.75568181818,56541.0,176
NIFTYBEES,59,-1.5972866693467454e-05,0.0,0.00041206881097973565,0.0005572369046124518,81660.42045454546,49339.5,176
NIFTYBEES,60,2.042664001198107e-05,0.0,0.00042534825645058454,0.0005832210521984413,81460.83522727272,55539.5,176
NIFTYBEES,61,2.697183341565341e-05,0.0,0.0004292727489239949,0.0005705988061562305,85273.56818181818,60905.5,176
NIFTYBEES,62,5.0236237354267146e-05,-1.6918183663894304e-05,0.0004779919681554651,0.0007255186012436353,99466.38636363637,59093.0,176
NIFTYBEES,63,-2.7874543258436674e-05,-3.601570195926884e-05,0.00046519785772071567,0.0006448761885848797,94625.13068181818,62468.0,176
NIFTYBEES,64,0.00010712501686760034,3.768256230529676e-05,0.000486505255322124,0.0006880647647329448,92405.5625,62106.0,176
NIFTYBEES,65,1.2918883525883788e-05,-3.495406892517483e-05,0.0004432053933062867,0.0006599515599734652,108557.875,67908.0,176
NIFTYBEES,66,4.1144757833202026e-05,3.5780571190136e-05,0.0005176384940248395,0.0007145201639065569,98829.01136363637,68844.0,176
NIFTYBEES,67,-3.791999898300669e-05,0.0,0.0004734874443457966,0.0006479628464597769,107771.13068181818,67096.5,176
NIFTYBEES,68,4.6922446070007696e-05,6.945433324245798e-05,0.00040867176500785567,0.0005728079456893886,106620.01136363637,68329.5,176
NIFTYBEES,69,5.845928485189331e-05,0.00010429435251235741,0.00036283776405635765,0.0004894621155573974,95846.78409090909,65594.0,176
NIFTYBEES,70,-0.00023964647491583763,-0.00010199421035322898,0.0008541398592288497,0.0012924371642877785,170885.5625,119378.5,176
NIFTYBEES,71,-3.646095121444764e-05,-6.803646880637615e-05,0.00043230014993326566,0.0006074360339010664,155883.44318181818,103538.5,176
NIFTYBEES,72,-7.614776484927598e-05,-7.014009570932567e-05,0.00038336311929164997,0.0005402491652784519,160425.78977272726,105482.0,176
NIFTYBEES,73,2.7668495148902572e-05,1.7007381203471006e-05,0.0004242019442272043,0.0005970830671781389,182029.4034090909,130787.5,176
NIFTYBEES,74,-2.8358639880424324e-05,0.0,0.0003948725157857424,0.0005458821172971227,189931.6534090909,140336.0,176
NIFTYBEES,75,0.0005837098554213295,0.00026201769899325544,0.0007696106452999216,0.001194072908348589,222544.85227272726,150193.0,176
RELIANCE,1,0.0004558495306141454,0.0007191057518493027,0.005621328334086634,0.008291258479987025,632861.7457627119,472821.0,176
RELIANCE,2,-2.7880469033170332e-06,-6.804109682256865e-05,0.0015136568976020688,0.0021075088967507497,298163.2655367232,202744.0,177
RELIANCE,3,-3.071477255309913e-05,0.0,0.0014160647073799242,0.001931714786374811,216097.68926553673,153107.0,177
RELIANCE,4,3.480634930217717e-05,-0.0001446340757882414,0.0012931554865242547,0.0017497481963511653,188003.8870056497,148593.0,177
RELIANCE,5,-0.0003196398185333374,-0.00028542885685745034,0.0010708841882195138,0.0013994165224641712,172896.10734463276,128279.0,177
RELIANCE,6,-8.374362965803497e-05,-7.448234768347994e-05,0.0011757119589215297,0.0015145792541307428,154113.15254237287,110122.0,177
RELIANCE,7,9.558000987738799e-05,0.0,0.0009597743210051909,0.0013542964360433699,144630.3502824859,107870.0,177
RELIANCE,8,-0.0001156448116897692,-7.029382820178398e-05,0.0009581336097531143,0.0013222401483128166,135637.85875706215,98280.0,177
RELIANCE,9,-5.258609347209991e-07,-0.00012876641771830677,0.0009540180386228193,0.001258917745362721,136504.32768361582,89893.0,177
RELIANCE,10,6.849617074602259e-05,0.0,0.00096966119046642,0.0013210467409202815,146782.3220338983,92827.0,177
RELIANCE,11,1.4975827048405213e-05,7.280139778687023e-05,0.0009434718957778362,0.0012913586937178072,124726.34463276836,90624.0,177
RELIANCE,12,1.129203316622636e-05,0.0,0.0008377825672972845,0.00118441992534343,121791.61016949153,88404.0,177
RELIANCE,13,1.1234155026650725e-06,0.0,0.00090116934063104,0.001223695499952401,127417.98863636363,79197.5,176
RELIANCE,14,-3.7809242631994435e-05,0.0,0.0008973117920850753,0.0013818480784933355,127026.63636363637,82940.5,176
RELIANCE,15,-0.00011075427268230176,-0.00013081150600124936,0.000835613395171141,0.0011791611092311779,116160.6875,76091.0,176
RELIANCE,16,0.00017973140022026402,0.00014187864923642657,0.000929427606316879,0.0012763954622171793,121758.38068181818,85973.0,176
RELIANCE,17,-1.4578619557133441e-05,-3.1470292044255554e-05,0.0008070755441095793,0.0010831817077954426,129736.07386363637,95267.0,176
RELIANCE,18,-0.00010683062407632628,-7.347543374247589e-05,0.0008299518163602053,0.0011068822954502686,118627.45454545454,98690.0,176
RELIANCE,19,-9.931492895490476e-05,-6.91546384934405e-05,0.0007751842272815113,0.0010369286590067534,121849.31818181818,90158.5,176
RELIANCE,20,8.553031632619033e-06,6.655868876059845e-05,0.0008096979461457596,0.0011362747380941106,120138.875,91955.5,176
RELIANCE,21,-4.521136956242503e-05,0.0,0.000767073603329138,0.0010711891636949493,131718.30681818182,92120.5,176
RELIANCE,22,0.0001032610878649221,-7.179283669311864e-05,0.0007849346022579743,0.0010535745244889963,125965.55681818182,90183.0,176
RELIANCE,23,5.9762034202034334e-05,0.0,0.0006232213621852757,0.0008700198194518836,129293.29545454546,91168.5,176
RELIANCE,24,-1.732515314822123e-05,3.24170124480494e-05,0.0006708935081835919,0.0009603548762240811,114312.31818181818,85734.0,176
RELIANCE,25,-0.0001425854745351845,-0.00013934243406571456,0.0007664387955620158,0.0010377523545187749,125774.76704545454,97132.0,176
RELIANCE,26,-3.642741797000064e-05,-3.1977487848500186e-05,0.0006980401629446264,0.0009228241126395813,136682.0965909091,96097.0,176
RELIANCE,27,6.620557205315268e-05,6.829696749144354e-05,0.0008049699693850036,0.0011022126148506983,123750.89204545454,91759.0,176
RELIANCE,28,-3.0048702680334065e-06,-3.374046831772226e-05,0.0007297181027623855,0.0009870324636632008,120458.95454545454,88867.5,176
RELIANCE,29,9.724771359949495e-06,0.0,0.0008037626679134627,0.0012328504158877142,139219.36363636365,94855.5,176
RELIANCE,30,-0.00010565492845140715,-3.178639542272821e-05,0.0008796865692128594,0.0012755203853284124,140540.89772727274,92720.5,176
RELIANCE,31,6.396984176603777e-05,7.18961088046477e-05,0.0007432098042268868,0.0010183174522139062,132265.97727272726,87842.5,176
RELIANCE,32,7.297262916606843e-05,0.0,0.0007096777065987045,0.0009880432570199059,116032.48863636363,85239.0,176
RELIANCE,33,-0.00011881113921012408,-6.756381015876611e-05,0.0007673736045851924,0.0009803784769259567,112887.46022727272,91525.5,176
RELIANCE,34,4.1653246731223915e-05,0.0,0.0008066292687410377,0.0010777879902250495,139408.48863636365,89070.5,176
RELIANCE,35,8.30836269304686e-05,6.390608336681591e-05,0.0007059999931372543,0.0009825880241535294,122980.26704545454,93794.5,176
RELIANCE,36,5.823633793750565e-06,6.716029437936477e-05,0.0006811919400873869,0.0010087337331978947,120934.69886363637,85298.0,176
RELIANCE,37,-0.00016398552341560349,-0.0001411952102278735,0.0007959032890200742,0.001404251538335823,122276.57386363637,101364.0,176
RELIANCE,38,0.00010092737180549677,0.0,0.0006920358781193997,0.0009637862281751334,127827.05113636363,93170.0,176
RELIANCE,39,-0.00015784706351803246,-0.00013641240265677146,0.0007212295840481324,0.001127335184692319,127727.35227272728,92140.5,176
RELIANCE,40,-7.868322872966005e-05,-6.752509573088039e-05,0.0007474274247109457,0.0010162501661251315,143693.375,95054.0,176
RELIANCE,41,6.310574059335953e-05,0.0,0.0009078288322559706,0.0013713674015688462,133724.9090909091,92816.0,176
RELIANCE,42,8.694095626918883e-05,0.00013847809833067437,0.0007174622431356765,0.0010141065227946,160413.64204545456,106073.0,176
RELIANCE,43,3.819834328253689e-05,3.363832077496465e-05,0.0008504111901236357,0.0011454383451426197,146910.17045454544,105484.5,176
RELIANCE,44,1.7874246204102355e-05,-3.1480198954825234e-05,0.0007432306347210384,0.001006586982974799,147939.26704545456,121083.0,176
RELIANCE,45,-2.2418040216433778e-05,0.0,0.0006956494083662261,0.0009364998665412969,146619.66477272726,114325.0,176
RELIANCE,46,2.038361838484972e-06,0.0,0.0007042668714695576,0.0009825296557716963,147240.86931818182,118314.0,176
RELIANCE,47,-4.0981277129193874e-05,-6.365575028594028e-05,0.0007298956845366148,0.0009653485130475092,162579.71022727274,111505.5,176
RELIANCE,48,-6.184820658809205e-05,0.0,0.00072130763814343,0.0009654608159315179,155540.14204545456,110265.5,176
RELIANCE,49,-1.8757702685713836e-05,7.19433769391653e-05,0.0007216054712931303,0.0009549885069326231,149452.18181818182,118347.0,176
RELIANCE,50,-7.487684237522789e-05,0.0,0.0007458843037770247,0.0009566214101462324,155835.98863636365,120148.0,176
RELIANCE,51,2.311046399252728e-05,0.0,0.0007130973889717137,0.0009496346046506351,148824.74431818182,113396.5,176
RELIANCE,52,8.303753659064359e-06,0.0,0.0008014709290449305,0.0010268037398153546,155916.7840909091,118536.5,176
RELIANCE,53,2.9544650399982644e-05,7.111265389259103e-05,0.0007007137213584331,0.000924258385893804,158397.94318181818,119321.0,176
RELIANCE,54,-8.664697040413729e-05,-0.00013220192480351,0.0007995528097246151,0.0010736689603234092,160772.89204545456,108582.5,176
RELIANCE,55,1.0022525062939779e-05,6.80810959897693e-05,0.000727944252321943,0.0010098467272557402,158574.4715909091,107944.0,176
RELIANCE,56,2.9715777953722508e-05,0.0,0.0006930502413760586,0.0009262564878896254,142567.4034090909,117696.0,176
RELIANCE,57,-4.041336996663296e-05,-0.00016991671372035277,0.000700487797227562,0.0009490947442658988,149327.50568181818,105945.0,176
RELIANCE,58,2.584304956923585e-05,6.565891378518263e-05,0.0007124572797505324,0.0009205678838741168,150132.75568181818,107143.0,176
RELIANCE,59,3.966637605074995e-05,3.2391811350174216e-05,0.0006689788918372474,0.0009025016548227272,147939.94886363635,122185.5,176
RELIANCE,60,-8.28143415040137e-06,0.0,0.0007086481327385536,0.0009299118799198947,161312.44318181818,134127.5,176
RELIANCE,61,1.7148367964047147e-05,6.800914233062727e-05,0.0007274399354567671,0.0009536357692069641,193586.0,146021.5,176
RELIANCE,62,-6.446460690467002e-05,-6.982553172857342e-05,0.000815184009480666,0.001107063248336119,178594.2215909091,138822.5,176
RELIANCE,63,-0.00010071374707552745,-7.171638313496764e-05,0.0008095617672459805,0.0011108154782901382,184204.98295454544,151150.0,176
RELIANCE,64,0.00011817503962093914,0.00010099958419584887,0.000800855893463297,0.0010449987706779127,195457.42045454544,138266.5,176
RELIANCE,65,-3.089742033882883e-05,0.0,0.0007929411917234695,0.001106649087014315,199720.92613636365,148374.0,176
RELIANCE,66,1.3062268616614984e-05,6.650023559073848e-05,0.000818768182150708,0.0011553213591084049,205803.79545454544,147125.0,176
RELIANCE,67,-8.153896680963204e-05,-6.804920051650676e-05,0.0007196250045515425,0.000999127245755167,207434.41477272726,165749.0,176
RELIANCE,68,-2.038174972281842e-05,-7.077892212564718e-05,0.0007811045881492644,0.0010940833945751233,231171.67045454544,181288.0,176
RELIANCE,69,-4.739097058513757e-05,-6.757156059938874e-05,0.0006889227500989529,0.0009739411860498942,211467.32954545456,173197.5,176
RELIANCE,70,-0.0002894518340947389,-0.0001390181288544179,0.001411023913815141,0.0019191984507322816,758008.8181818182,513342.5,176
RELIANCE,71,-2.9026262422679093e-05,0.0,0.0009887427852033053,0.0013194611667884664,684310.6079545454,495062.0,176
RELIANCE,72,-0.00012135851372811505,-7.275108226850735e-05,0.0008985967924176494,0.0012945433473727911,559918.0454545454,422716.5,176
RELIANCE,73,1.032584799991566e-05,6.619160129006652e-05,0.0008200043478138009,0.00112958300896026,506083.5965909091,399017.0,176
RELIANCE,74,4.839540687851163e-05,7.024421102297396e-05,0.0007241522246360787,0.0010103173205498971,459047.48863636365,362718.5,176
RELIANCE,75,0.0003455093483118139,0.0002422164484959799,0.0008168841013930165,0.0010760318397760472,386699.39204545453,274664.0,176
SBIN,1,0.0010910710994277465,0.0010799049460112897,0.006637078882478307,0.010976355918146396,544231.0847457628,395829.0,176
SBIN,2,-5.480149998330158e-05,9.097939316737857e-05,0.0016071050406157013,0.0021640805684421146,276140.209039548,197812.0,177
SBIN,3,0.00020425873786363726,0.00021324234993080893,0.0015763181915515714,0.0021064493615525785,206783.3672316384,157518.0,177
SBIN,4,-0.00013804548182716104,-0.0002023165242019953,0.0013500431662347098,0.0018224240622226023,201746.6836158192,140684.0,177
SBIN,5,-0.0003018169593277882,-0.00030565461029030683,0.0013200262928025608,0.0016468135847397922,191668.2711864407,135448.0,177
SBIN,6,0.00014064463905146134,0.00015296757087490676,0.0011899053993808682,0.0016758111452151879,153047.46892655367,119949.0,177
SBIN,7,-1.3755524899064367e-05,-9.1082976591772e-05,0.0011815453612481516,0.0015866832927803184,167720.64406779662,125184.0,177
SBIN,8,-0.0001664855687817078,-0.0002547900529963343,0.0010570448932029997,0.001366216877589879,149034.40677966102,105012.0,177
SBIN,9,-6.47544294170586e-05,0.0,0.0010732344405752342,0.0013861558996221069,140110.17514124294,109511.0,177
SBIN,10,0.0002538928935831548,0.0002087900615930227,0.001174266636565044,0.0015376375874022522,165396.29378531073,117024.0,177
SBIN,11,-4.844296561288477e-05,4.6513791339020116e-05,0.0010290155579427012,0.001337812812838393,153787.15254237287,108715.0,177
SBIN,12,-1.1117216947603545e-05,0.0,0.0009540080972312538,0.0012495309118203824,153787.86440677967,107047.0,177
SBIN,13,9.33197424775348e-05,0.0002550768215313637,0.0009658307587168453,0.0012496246588054162,149395.0625,111506.5,176
SBIN,14,-1.9128097286018458e-05,-6.632171111975449e-05,0.0009788516716376864,0.001285120068763583,148002.35227272726,106376.0,176
SBIN,15,-0.00013510752469513503,-0.00012918750038892757,0.0009510174466651491,0.0013431016368623228,145534.45454545456,91273.5,176
SBIN,16,4.021937551611295e-05,2.5265285497733103e-05,0.001048543387922319,0.001428733576151011,143395.2159090909,102850.5,176
SBIN,17,-0.00011724390201720633,-0.00018128850759391302,0.00101883601242344,0.0014520963703901354,153627.67045454544,105247.0,176
SBIN,18,-0.0001489312111750401,-0.00010255896206823323,0.001003483554075514,0.001359059703677839,148136.82954545456,104120.5,176
SBIN,19,-6.77252689086329e-05,-9.319858849915486e-05,0.0008898346983209897,0.0011841122015418591,138281.57386363635,96309.5,176
SBIN,20,-7.536977327707306e-06,0.0,0.000923177321378652,0.0014466171518545928,137297.01136363635,97509.5,176
SBIN,21,-1.3155742147300859e-05,-0.00011372592433761541,0.0008093293245257908,0.0011672968547912926,126498.36931818182,87141.0,176
SBIN,22,-5.170771829673455e-06,0.0,0.0008636780006595258,0.0012186869793258165,142190.11931818182,107829.5,176
SBIN,23,-7.142832567195684e-05,5.516062509280939e-05,0.0009227396363717319,0.0011851244338771049,138826.60227272726,99172.0,176
SBIN,24,-6.883692011789805e-05,-8.268363422048175e-05,0.0007700519994659868,0.0010454182012911634,162392.0909090909,103085.0,176
SBIN,25,4.078504119809254e-05,0.0,0.0008755229679126772,0.0013140534462756192,132542.13636363635,107457.5,176
SBIN,26,-2.6851725129527215e-05,0.0,0.000887614724505074,0.0012047740771340793,139254.28977272726,100683.0,176
SBIN,27,-1.2843945019232448e-05,-2.2790464469624183e-05,0.0008188791448788264,0.0011023314266319238,135958.56818181818,103386.0,176
SBIN,28,-3.24267646157112e-05,0.0,0.0008434190897962127,0.0012324814748953293,147454.5,103586.0,176
SBIN,29,0.00010599892506522563,0.0001073432753333492,0.0008048293281376647,0.0011123886556365487,135733.4659090909,105397.0,176
SBIN,30,-0.00012153102897139016,0.0,0.0007748746693096758,0.001153552638091623,146202.23295454544,105425.0,176
SBIN,31,-7.515229527058706e-05,-5.130986953105765e-05,0.0008053661922962451,0.001075041945524614,137814.42613636365,98146.0,176
SBIN,32,3.7510250667473586e-05,0.0,0.0008292287286328574,0.001361190273053294,139301.61931818182,87915.5,176
SBIN,33,-4.0588121055774486e-05,0.0,0.0007720186989992908,0.001094266445141451,121851.71022727272,99035.5,176
SBIN,34,9.298946897112243e-06,0.0,0.0007850971418777694,0.0012953674089259653,129790.61363636363,98749.0,176
SBIN,35,-4.095266227547818e-05,-5.643944887279151e-05,0.0008115449937890945,0.0013881070053920336,138314.64204545456,92736.0,176
SBIN,36,0.00014359466620185636,5.1278148104905164e-05,0.0008366220298023055,0.0012779085704151872,121179.42613636363,92915.0,176
SBIN,37,5.903091320269371e-05,4.745030217390145e-05,0.0007409710341844671,0.0010741460663731195,121717.58522727272,87805.5,176
SBIN,38,-1.0038068187257701e-05,0.0,0.0008346953170066711,0.0011562125263408945,132025.13636363635,94908.5,176
SBIN,39,-9.279284845831182e-05,-7.73073706444305e-05,0.0008267302626416233,0.0012070555050695208,138939.5,90630.5,176
SBIN,40,-4.818027150871823e-05,0.0,0.0008185581500624241,0.0012872177893937407,141520.08522727274,94520.5,176
SBIN,41,0.00019811118100046164,0.0,0.0009108940257818658,0.001975960669106052,166516.4715909091,91606.0,176
SBIN,42,9.434172377778927e-05,5.0765306386035824e-05,0.0007001333636577685,0.001062562175760941,125153.24431818182,90669.5,176
SBIN,43,4.916854363833858e-05,0.0,0.0008558376928938049,0.0013887091806595179,135881.32386363635,91333.5,176
SBIN,44,0.00013171564733431752,0.0001018077889105573,0.0007821026607942386,0.0011528266265366978,133611.60795454544,103077.5,176
SBIN,45,-3.5818482944493703e-05,-5.238485675534976e-05,0.0007274041640417149,0.0010784171685495438,116306.84659090909,90258.0,176
SBIN,46,5.454839169470089e-06,-4.8235142323327374e-05,0.0007864074608591019,0.001124492300740774,125177.78409090909,92331.0,176
SBIN,47,7.609848231859335e-05,5.116365075419349e-05,0.0008212148208454138,0.0011208494789835609,118549.89772727272,89356.0,176
SBIN,48,4.162237368245429e-05,4.897869918807363e-05,0.0006902519975253512,0.0009600265212744886,125268.08522727272,94829.0,176
SBIN,49,-5.19504917238587e-05,0.0,0.0007201470365624847,0.0009667328221080438,134349.57954545456,102203.0,176
SBIN,50,0.00014642758397075128,4.9595817219305616e-05,0.0007562677874160602,0.0011601738025073278,125338.63068181818,104315.0,176
SBIN,51,7.31300624780532e-05,-2.5666033571125624e-05,0.0008098542005645883,0.0013756028729667831,137101.01136363635,102433.0,176
SBIN,52,1.170181289826544e-05,-0.00010366551102342081,0.000903397423454851,0.0013534065964700308,143078.46022727274,100531.0,176
SBIN,53,1.4271113791282628e-05,0.0,0.0007786448375559987,0.0010788969963409871,141245.875,102170.0,176
SBIN,54,3.5948406311401484e-05,-5.088033121103397e-05,0.0007933219921708438,0.0011992270757576419,131987.3409090909,94843.5,176
SBIN,55,7.231717980559884e-05,0.0001664413386062158,0.000761471296624281,0.0010912767109456556,139809.4375,105323.5,176
SBIN,56,-3.250716223169694e-05,0.0,0.0007046687618817305,0.0009345843835718952,128513.61363636363,96796.5,176
SBIN,57,-0.00016968648742526337,-2.9265437518244397e-05,0.0008759269007187556,0.0021019106114569404,152408.93181818182,96478.0,176
SBIN,58,-0.0001538602377813016,-5.806618172538025e-05,0.0009602923741687416,0.0018039598562288837,168608.45454545456,111698.5,176
SBIN,59,3.969085584357157e-05,0.0,0.0007748261638910584,0.001053358895575294,154408.93181818182,116707.0,176
SBIN,60,3.461779629961657e-05,0.0,0.0009436887733649409,0.0018120047112548038,176933.53977272726,131874.5,176
SBIN,61,7.499592504758277e-05,4.966327532540671e-05,0.0008890209163053635,0.001227634812019537,202713.23295454544,133226.5,176
SBIN,62,0.00017534069926996565,0.0,0.0008986029600717206,0.0013818314697362003,183132.39204545456,130619.5,176
SBIN,63,-4.288342392483829e-05,-4.7499370589010326e-05,0.0008538293895088145,0.0012648139967327582,182937.30113636365,128356.5,176
SBIN,64,0.0001411389228864304,5.4551172523176206e-05,0.0009773618630032307,0.0013188278588311684,188466.13068181818,140368.5,176
SBIN,65,4.7322869958891436e-05,-6.992240671060967e-05,0.0009338016422033882,0.001380285911973375,189614.14772727274,138048.5,176
SBIN,66,5.379315760307537e-05,8.55151632391804e-05,0.0009087619257047764,0.0012666752638707227,190287.25,151658.0,176
SBIN,67,-3.1454427093992954e-06,6.999072921087812e-05,0.0008364998308286111,0.0011401034695718857,220744.86363636365,154560.5,176
SBIN,68,-3.890405031120844e-05,5.154527169382028e-05,0.0008398995313653053,0.0011391336131042458,191882.375,152869.5,176
SBIN,69,2.371876780703913e-05,7.30025965127723e-05,0.0008823004128299817,0.0013115235443767071,200420.55681818182,142596.5,176
SBIN,70,-3.696592556774294e-05,-0.00010626079365461116,0.0013972585923161549,0.0019892302879758873,471582.13636363635,307959.5,176
SBIN,71,-4.378375584818254e-05,-7.634753753543722e-05,0.0009641228980771458,0.001476344725407111,408594.54545454547,318434.5,176
SBIN,72,-8.969848543581571e-05,-2.549719530847705e-05,0.0007540361424685417,0.001047838605223607,406748.35795454547,334164.0,176
SBIN,73,-7.143126361848685e-05,0.0,0.0008282459794979407,0.001248723454690994,463097.3977272727,338500.5,176
SBIN,74,-2.8469896744967455e-05,5.1324319703782706e-05,0.0007175972490185101,0.0011188648233615515,433089.2727272727,346404.0,176
SBIN,75,3.553361230511365e-05,-0.00012186155057386516,0.0009614330013933452,0.0013812052295528183,355423.8352272727,280249.0,176
SUNPHARMA,1,3.883254808967025e-05,-0.0004759380666236601,0.005190967874403828,0.00878272839083857,108634.8813559322,60168.0,176
SUNPHARMA,2,-0.00018001052757339183,-6.259780907658108e-05,0.0019695490580926016,0.002633579736086459,54521.72316384181,31157.0,177
SUNPHARMA,3,4.0289798420797155e-05,0.00010986596352435818,0.0018116990909598505,0.0025134342445113935,43923.779661016946,21935.0,177
SUNPHARMA,4,0.00020554302554911692,0.00018060321473734042,0.0016033216075732647,0.002143847929432156,39374.47457627119,21702.0,177
SUNPHARMA,5,-0.00011520961600680519,-0.00017717930545713134,0.0013860902680507394,0.00195946147811724,44422.04519774011,20169.0,177
SUNPHARMA,6,0.000253988333911233,0.0,0.0016205173845568151,0.002458855019269733,47958.41242937853,17172.0,177
SUNPHARMA,7,-1.1207976089201827e-05,5.795085767279495e-05,0.001326762791169137,0.0017334804300266015,40979.20338983051,20022.0,177
SUNPHARMA,8,-1.2332475755609756e-05,0.0,0.0010048016763724913,0.0013343054730086171,31499.005649717514,17156.0,177
SUNPHARMA,9,-0.00021861350440817402,-0.000175561797752799,0.0011289022608903195,0.0015417971980988176,26122.638418079096,15819.0,177
SUNPHARMA,10,6.980933044020385e-05,0.0,0.0012775667666800527,0.0017385790558830808,26591.05649717514,15572.0,177
SUNPHARMA,11,2.0819462668935097e-05,5.826147751109012e-05,0.0009513620168870685,0.0013192049710807174,27129.666666666668,13475.0,177
SUNPHARMA,12,-9.875085757484596e-05,-0.0001088435374150265,0.001070421553295496,0.0015704161781870797,27088.84745762712,13742.0,177
SUNPHARMA,13,-1.0348516678069317e-05,-5.507775025370698e-05,0.0010259995836256746,0.001454622185731164,29034.375,15683.5,176
SUNPHARMA,14,-8.372787017909606e-05,0.0,0.0010061982002493484,0.001377420965959253,27681.13068181818,14881.5,176
SUNPHARMA,15,4.1095533142236e-06,-0.00011659428590460319,0.0010156361089883035,0.001625512883850959,31805.50568181818,14281.0,176
SUNPHARMA,16,-0.0001014398528443468,-2.8138893578721902e-05,0.0010049573061287898,0.0015124499913543375,31409.573863636364,13865.0,176
SUNPHARMA,17,-3.2542089588223506e-06,0.0,0.0009334213134218206,0.0013048693484579844,26521.30681818182,15065.5,176
SUNPHARMA,18,2.122703067421751e-05,0.0,0.0008333676197073129,0.001149331958713341,25186.357954545456,12264.0,176
SUNPHARMA,19,2.7778146505898722e-05,-5.6601577920867285e-05,0.0007767695727773972,0.0010280477727668215,23844.613636363636,13560.0,176
SUNPHARMA,20,0.0001097116347958999,5.9017981745235204e-05,0.000865190419471766,0.0012220773372540574,25164.642045454544,13352.0,176
SUNPHARMA,21,8.06382081398964e-05,-2.7204962185112258e-05,0.0008288347033771872,0.0011781615862949597,27233.403409090908,13430.5,176
SUNPHARMA,22,-1.0511757817695255e-05,-5.731022253041562e-05,0.000804743590993041,0.0011067659017943575,29762.954545454544,16093.0,176
SUNPHARMA,23,-4.177845932720116e-06,0.0,0.0008986354583404028,0.0012111012228486141,27526.113636363636,13998.5,176
SUNPHARMA,24,-0.00011835032470255905,-5.597382359406877e-05,0.0008475754726402691,0.0011569252373056214,27836.295454545456,15641.0,176
SUNPHARMA,25,-0.00010536817520904576,-0.00011442849637760544,0.0007670273137937413,0.0012501747511365412,27527.403409090908,15544.0,176
SUNPHARMA,26,5.7551549520546876e-05,0.0,0.0007235673677788031,0.0010157800819081293,35591.46022727273,17110.5,176
SUNPHARMA,27,0.00015323495615695052,0.00011539381447223107,0.0007611304966574695,0.001099676671260317,28323.00568181818,16430.5,176
SUNPHARMA,28,0.00010732404431205105,5.607688731479321e-05,0.0008702636810594941,0.0012476395096859335,25010.096590909092,17857.5,176
SUNPHARMA,29,3.078446301292244e-05,0.0,0.0007126267807465769,0.0010603133046996455,25194.897727272728,17408.0,176
SUNPHARMA,30,-1.0193907846109407e-06,5.59759208477173e-05,0.0007797739299861985,0.0011770260769231094,26193.482954545456,13984.5,176
SUNPHARMA,31,4.332139924309586e-05,0.0,0.0006780665325789606,0.0009654676058620484,26664.909090909092,16688.5,176
SUNPHARMA,32,7.477024152237459e-05,0.0,0.0007235094122126261,0.001026231265973532,24342.079545454544,15057.5,176
SUNPHARMA,33,0.00011902795900182563,0.00011854016437107262,0.0007415235815852114,0.0010418491127108138,29705.659090909092,17423.5,176
SUNPHARMA,34,0.00012675762657320312,8.55563219159805e-05,0.0008177842700284164,0.0011137778609969506,24226.6875,15128.0,176
SUNPHARMA,35,-8.387723950114859e-05,0.0,0.0007985498316451209,0.001056641937880019,21954.113636363636,14600.5,176
SUNPHARMA,36,0.00010557097592372683,0.00014332504644609667,0.0008128689346077599,0.0011446449416838,32327.49431818182,17385.0,176
SUNPHARMA,37,-3.7897004139183435e-05,0.0,0.0007874098702765474,0.0010601806950624694,26485.30681818182,17620.5,176
SUNPHARMA,38,-4.673951257624111e-05,5.756135305312604e-05,0.0007948746941667371,0.0011606772344505553,29341.704545454544,17768.5,176
SUNPHARMA,39,4.165809903758492e-05,-2.7828797239448644e-05,0.0007706359844605868,0.0010006552832167888,24445.38068181818,16780.0,176
SUNPHARMA,40,-9.757466354840235e-05,-5.578360356672807e-05,0.0007996161744093813,0.001145959499834008,31833.539772727272,20631.0,176
SUNPHARMA,41,0.00011049479022069772,2.7641107855580493e-05,0.0007585790588988149,0.001083292650648104,30833.9375,19648.0,176
SUNPHARMA,42,1.2305148997809374e-05,0.0,0.0007201641520218526,0.0010009209812196118,25354.914772727272,18796.5,176
SUNPHARMA,43,-6.779064326118614e-05,0.0,0.0007686644504104132,0.0011394324127748652,28207.00568181818,17201.5,176
SUNPHARMA,44,0.00019561771308298617,5.9541256440143187e-05,0.0007810281332110368,0.0010724075166432781,35356.59659090909,18235.0,176
SUNPHARMA,45,5.331715610335784e-05,5.6187390336748244e-05,0.0006557006432837807,0.0009245710540631442,26297.045454545456,16368.5,176
SUNPHARMA,46,6.726496774320309e-05,-5.380506380220362e-05,0.0006897854738323346,0.0010122640965163977,26659.778409090908,18531.0,176
SUNPHARMA,47,5.0549702643883845e-05,0.0,0.000707783934379699,0.0010909283868078675,28423.738636363636,16785.0,176
SUNPHARMA,48,4.641636975304877e-05,8.358739818392635e-05,0.0007427335546264222,0.0010436819560372742,34848.670454545456,17796.0,176
SUNPHARMA,49,-1.2831184854944878e-05,2.686727565825997e-05,0.000645343199087751,0.0009483951199212982,25720.982954545456,18722.5,176
SUNPHARMA,50,-6.408050443471162e-05,0.0,0.0006862232264820398,0.0010378254734148581,30204.920454545456,18177.5,176
SUNPHARMA,51,1.3158704177357063e-05,0.0,0.0005602429983510785,0.0007715861786891633,33614.494318181816,17599.0,176
SUNPHARMA,52,0.00012267980751144903,5.817342767167055e-05,0.000801489080358092,0.001158157868871108,24850.30681818182,18512.0,176
SUNPHARMA,53,-4.1574131669202084e-05,0.0,0.0007370714465578597,0.0010650019463216268,28934.477272727272,18129.0,176
SUNPHARMA,54,-5.0730895900721126e-05,-5.888543588705719e-05,0.0006470745400772734,0.0008734941741280135,24868.045454545456,17994.0,176
SUNPHARMA,55,-4.3758382184498496e-05,0.0,0.0006106430179628601,0.0008202641477525189,28747.613636363636,16317.5,176
SUNPHARMA,56,-3.727483749864621e-05,0.0,0.0006069906897081975,0.0008449505290679516,34351.88636363636,17604.5,176
SUNPHARMA,57,-7.664409787799367e-05,0.0,0.0006524642129050746,0.0008710480666083337,23714.840909090908,17852.5,176
SUNPHARMA,58,-1.6619559838350467e-05,5.386604052504129e-05,0.0007024177334553375,0.0009230657466498933,27807.511363636364,19650.0,176
SUNPHARMA,59,-2.9277287324370006e-05,0.0,0.0006003213567926147,0.0008688268097647882,28433.977272727272,20053.5,176
SUNPHARMA,60,4.980546463284229e-05,5.660787102401699e-05,0.0006670180966702428,0.0008770483324117219,29791.0625,22011.5,176
SUNPHARMA,61,0.00011745707307903914,6.064687858442497e-05,0.0006766027466201088,0.0009194110708154634,32918.954545454544,23338.5,176
SUNPHARMA,62,4.0439429101240085e-05,-5.521648748768593e-05,0.0006973780804062761,0.0009546451052959576,30476.954545454544,22896.0,176
SUNPHARMA,63,-4.819552364972925e-05,0.0,0.0007474669629951164,0.0010890243189109687,32380.034090909092,23202.0,176
SUNPHARMA,64,0.00012008796438273758,5.574138502917325e-05,0.0008001718136936905,0.0011463774620682704,31664.25568181818,23200.0,176
SUNPHARMA,65,8.246815366089808e-05,0.00011636147664983998,0.0010029135476230357,0.001313894419371111,47311.65909090909,37896.5,176
SUNPHARMA,66,-9.15836694264731e-05,-0.00010954534545309924,0.0007948473869210464,0.001123958679265921,36766.55113636364,28703.5,176
SUNPHARMA,67,-5.451772492415304e-05,-5.694296484126671e-05,0.0007465480949559437,0.0010189079940113698,40667.71022727273,29623.0,176
SUNPHARMA,68,7.723641111914703e-06,5.582382980962031e-05,0.0007161355494353687,0.0011100157668982253,40794.857954545456,30523.0,176
SUNPHARMA,69,-2.4898158248976263e-06,5.706106062164373e-05,0.0008418621658328267,0.001198332166119507,48152.482954545456,34471.5,176
SUNPHARMA,70,-0.0003179619305006593,-0.000144195687838633,0.0013942849625712785,0.0021092571014747073,115155.84659090909,77523.0,176
SUNPHARMA,71,0.00020232743965142538,0.00023655484155982176,0.0008719711702962391,0.001263168667266618,105378.38636363637,72597.0,176
SUNPHARMA,72,-0.00014797770493084087,-8.902028786034188e-05,0.0007718801993046927,0.0010426530354387602,103304.94886363637,74467.5,176
SUNPHARMA,73,-7.986225285814477e-05,-0.00011059532705731678,0.000783512345996334,0.0010683018543332136,106808.73863636363,74698.0,176
SUNPHARMA,74,0.0001455693328549848,5.6910063642057196e-05,0.000720698799181741,0.001063734039167438,113492.0,85825.0,176
SUNPHARMA,75,-6.933331394970496e-05,0.0,0.001222122305987029,0.0016671224687559221,98355.99431818182,72353.5,176
TATASTEEL,1,0.0007771595818952058,0.0008465362284260092,0.008605059436968977,0.012117044963339207,1551345.06779661,1213667.0,176
TATASTEEL,2,0.000239738791998554,5.9559261465169655e-05,0.0023749930376521055,0.0032412183430602258,853583.5141242938,684203.0,177
TATASTEEL,3,0.00011057745062346475,-0.00023711291316930172,0.001956350145290007,0.0024898306788382913,641857.8192090396,500816.0,177
TATASTEEL,4,0.00018340341930366122,0.00018277080541007074,0.0020045434109939525,0.002610118359025807,607850.0790960452,484034.0,177
TATASTEEL,5,9.56575009211499e-05,0.0,0.0016938651857783924,0.0022580463683304994,681977.4237288135,393768.0,177
TATASTEEL,6,-1.1872270923624115e-05,-4.868786211598142e-05,0.0015516276148627751,0.0019655605112883284,477376.25988700567,341553.0,177
TATASTEEL,7,4.6440404528099416e-05,0.00011804284955418964,0.0016087125619562758,0.0020697781644041227,492527.76271186443,339740.0,177
TATASTEEL,8,-0.0002114283327798953,-0.00028293879090823815,0.0015405369078241677,0.002050405755381799,438566.5649717514,297264.0,177
TATASTEEL,9,-0.00020361609331596544,-0.0001088968746597585,0.001379348017801426,0.0018502215497701847,398774.2259887006,274308.0,177
TATASTEEL,10,2.940919362463047e-06,4.83395369070827e-05,0.0012506529088669863,0.0017286363331043015,418794.3898305085,267976.0,177
TATASTEEL,11,1.5385152150307635e-05,4.8037661526834086e-05,0.0013347090815162747,0.0017983731878754355,395841.89830508473,279014.0,177
TATASTEEL,12,5.921648356272317e-05,-0.0002687160745954431,0.001343814606246637,0.0018032573011495007,373702.25988700567,251373.0,177
TATASTEEL,13,0.00034966922146119226,0.00010154102828852096,0.001462926761074106,0.0020304211222482486,434023.04545454547,271983.0,176
TATASTEEL,14,0.0002516729433632147,0.0,0.001203910885004049,0.0016816379269879646,405603.42045454547,280683.0,176
TATASTEEL,15,0.0001562219331921037,2.91086918553507e-05,0.0013166441118677658,0.001996676201037609,422528.7556818182,245001.5,176
TATASTEEL,16,-0.0001361417177112496,0.0,0.001178936252148924,0.0016102131744019895,347296.4943181818,223058.0,176
TATASTEEL,17,-9.445433984634817e-05,-9.706648756374614e-05,0.0012147840289092541,0.001590321995971442,334327.89204545453,231254.0,176
TATASTEEL,18,1.2746540614019808e-05,0.0001976603387249254,0.0011081991765590252,0.0016055121983390764,327806.2272727273,231155.0,176
TATASTEEL,19,-9.297989750199315e-05,-0.00016461640330417415,0.0011075348015294605,0.0014739978028206248,320678.1590909091,238388.0,176
TATASTEEL,20,-0.00026827923421404655,-0.00018413405745887346,0.0011695986930279566,0.001598048705635601,294296.1590909091,241504.0,176
TATASTEEL,21,-0.00013452247657615661,-5.336426431268304e-05,0.0011219216891969993,0.0014644952286179073,301579.07386363635,236598.0,176
TATASTEEL,22,9.688079336153866e-05,5.427776453115207e-05,0.0011251634186377384,0.0015077879431815442,337386.73295454547,237678.0,176
TATASTEEL,23,-4.2087814991203305e-06,-0.00010966488057373436,0.0010927607425120468,0.0015563501671954152,315138.80113636365,222771.5,176
TATASTEEL,24,-8.347555752505027e-05,0.0,0.0009790012786007475,0.001311187110653977,316976.82954545453,223532.0,176
TATASTEEL,25,-1.1183977414655363e-05,-0.00015006820943030963,0.0010814032140569934,0.0015433046306883318,343839.0965909091,212193.5,176
TATASTEEL,26,-9.418000562530378e-05,-4.746682050899009e-05,0.0010715610549487146,0.0013873255367465801,326580.01136363635,225724.5,176
TATASTEEL,27,-8.43317554055405e-05,0.0,0.000991586355493193,0.0014296097800143468,294273.92613636365,200891.0,176
TATASTEEL,28,-6.359179639941532e-05,-2.7027027027004547e-05,0.0009675967895717109,0.0013328229358960345,287554.6193181818,196269.5,176
TATASTEEL,29,-1.602994950123595e-05,0.0,0.0009477799653568143,0.0012472364268187827,278878.5625,201348.0,176
TATASTEEL,30,-1.0613590740714147e-06,-5.44145999354928e-05,0.0009486980428274932,0.001224394059110723,278144.14204545453,200547.0,176
TATASTEEL,31,-0.00013608191279086942,0.0,0.0010494480471134667,0.0014184552244280275,301482.9602272727,205940.5,176
TATASTEEL,32,8.974650150279486e-05,5.4019145654393697e-05,0.0009644013514056513,0.0013223291922971664,257930.01136363635,197776.5,176
TATASTEEL,33,-0.0001612196207638081,-0.00014189503860589925,0.0008610385957866594,0.0011955338666313764,240664.9090909091,182650.0,176
TATASTEEL,34,-9.718694303650594e-05,4.728566192124806e-05,0.0009680648971595161,0.0013398778340300566,276456.13636363635,170034.5,176
TATASTEEL,35,-2.4497017337349576e-05,0.0,0.0008986643444838655,0.001190475566598944,280641.4659090909,179163.0,176
TATASTEEL,36,0.00021697342002548444,0.00010290680988456202,0.0009600275774381563,0.0013826894209234611,241877.57954545456,169186.5,176
TATASTEEL,37,-6.0584039627428754e-05,0.0,0.0009389932064341479,0.0013543608033593773,286380.05113636365,183893.5,176
TATASTEEL,38,7.7785214411112e-06,4.869558316178413e-05,0.0010016595011338623,0.0014273014308760679,270291.51704545453,173146.0,176
TATASTEEL,39,-0.0001262506579829113,5.8889824576469074e-05,0.0010412576145940335,0.0013456071653167208,286350.5397727273,203135.0,176
TATASTEEL,40,-0.00018664563359596843,0.0,0.0010021431053379127,0.0014895269711826331,283530.8409090909,194352.5,176
TATASTEEL,41,0.0001951496243020468,0.0,0.0010253295669597365,0.0018328223609836987,307723.88636363635,196974.0,176
TATASTEEL,42,-3.530496566924522e-05,0.0,0.0008503711198357008,0.0012880906967997789,252643.41477272726,165553.5,176
TATASTEEL,43,-3.2564005390930204e-05,-0.00017203620121392094,0.0008585369585983806,0.0011023501575962425,250759.0625,182234.5,176
TATASTEEL,44,2.4465890693299447e-05,0.0,0.0008137972178020654,0.001073663464818259,238410.4659090909,157549.0,176
TATASTEEL,45,0.0003638418000043518,0.00018076768033115087,0.0009238916449120959,0.0013590441808151168,237970.79545454544,178610.0,176
TATASTEEL,46,-2.4036805000518903e-05,0.0,0.0009262452446330844,0.0012510828801137494,247400.11931818182,181095.0,176
TATASTEEL,47,4.81625846479468e-05,-5.4035119491757655e-05,0.000846028408769358,0.001183116698576364,246791.01136363635,176518.5,176
TATASTEEL,48,-3.3801836149999585e-05,2.3800456968703365e-05,0.0007536198134716766,0.001069316121852539,243503.25568181818,171209.5,176
TATASTEEL,49,9.439999960639393e-05,0.0,0.0009086596502746445,0.0012406353792451716,230189.9034090909,174648.5,176
TATASTEEL,50,-0.00011751060150241918,-0.00011594288970506739,0.0008777483509203883,0.001196603067028598,247991.05681818182,171938.0,176
TATASTEEL,51,9.575523764946869e-05,5.218693140784936e-05,0.0009142194054643529,0.0012308352709330798,246622.10795454544,180432.0,176
TATASTEEL,52,5.3160731725454546e-05,0.00018129074654171795,0.000938788762167792,0.001274403879740981,275054.55113636365,200867.5,176
TATASTEEL,53,8.744833273476657e-06,5.8901530227584153e-05,0.0008989105732091408,0.0012424933549348733,254003.81818181818,188139.0,176
TATASTEEL,54,0.00014193986435758553,0.00012914816901998805,0.000823902404209946,0.0011366156566328881,239797.6590909091,188100.5,176
TATASTEEL,55,6.239740542531518e-05,4.885884536331986e-05,0.0008660532532711432,0.001153746430495371,257946.38636363635,185805.0,176
TATASTEEL,56,-3.479281650711321e-05,-7.612725691724664e-05,0.0008496492669704719,0.0011494925216744784,237717.9034090909,184700.5,176
TATASTEEL,57,-8.89503962508483e-05,-0.00018675968566550516,0.0008626626613935234,0.0011350013395435498,248518.61931818182,168497.5,176
TATASTEEL,58,-6.412592943272534e-05,-4.825644110512117e-05,0.0009897264375255217,0.0013523310120936547,266550.61363636365,206172.5,176
TATASTEEL,59,1.3553341192523841e-05,5.106899938245313e-05,0.0008375269604285644,0.0012036528357593167,277764.5340909091,180126.5,176
TATASTEEL,60,7.315503367930454e-05,-2.882508935780903e-05,0.000818319439778941,0.0011010843476031412,262627.4147727273,208482.0,176
TATASTEEL,61,-3.254582536876133e-05,-5.474719569747988e-05,0.0009082670684586919,0.0012235510093921028,282544.2215909091,229072.0,176
TATASTEEL,62,8.38408423887993e-06,-0.00010836342420833533,0.0009845569755984088,0.0014646677230738979,297597.3125,206279.5,176
TATASTEEL,63,4.2127958300546e-05,-5.382621617139316e-05,0.0009320183723656671,0.0012391187033845758,278190.57386363635,220690.0,176
TATASTEEL,64,0.00018730032015450715,0.00017483713841504045,0.0009573882256445374,0.001346088596356418,318239.7784090909,235672.0,176
TATASTEEL,65,0.00016259249900132502,5.1215800649706544e-05,0.0010034030092217628,0.0013410535372942293,407603.76704545453,311352.0,176
TATASTEEL,66,2.049228948041576e-05,0.00016232205781552267,0.0010721942557418524,0.001445812683252435,336547.6647727273,270041.0,176
TATASTEEL,67,-0.00010255149172136813,-2.380272303148523e-05,0.0009882431861797645,0.0013294689029433716,376667.17045454547,286170.0,176
TATASTEEL,68,0.00017419976680204915,0.0001586200158321116,0.0007869817834092772,0.0010340999087307414,354889.9090909091,303529.5,176
TATASTEEL,69,0.00012687437163763637,0.0001902166959970586,0.0008496395747434907,0.0011378817967506983,366614.17613636365,295018.0,176
TATASTEEL,70,-0.0002636861098047427,-0.00011430316027755127,0.0014949391908900002,0.0021230615031358328,759602.1306818182,610332.5,176
TATASTEEL,71,2.6877677982006043e-06,0.0,0.0008560623985977611,0.001127275469366189,662956.7897727273,540899.0,176
TATASTEEL,72,-5.883825429097951e-05,2.3651844843874947e-05,0.0007683063458816398,0.001049652386621178,754336.1022727273,600163.0,176
TATASTEEL,73,-0.00011646369934700239,-0.00015035138677355064,0.0008695216676113639,0.001205427613995502,973629.0738636364,779641.5,176
TATASTEEL,74,-0.00019504228717448564,-0.000168737492335147,0.0008137139841327822,0.0011753212481460877,910448.8238636364,733536.0,176
TATASTEEL,75,1.7918542891717665e-05,-0.00013030784774470394,0.0009884542721458,0.0015834824458210717,804336.5511363636,622939.0,176
