symbol,condition,component,horizon_bars,observations,mean,median,positive_fraction
AXISBANK,prior_negative,close_to_close,1,6557,4.0975471921882804e-05,3.7841922677312516e-05,0.5168522190025926
BANKBEES,prior_negative,close_to_close,1,6458,8.678127222560212e-05,7.9250508446288e-05,0.5713843295137814
BHARTIARTL,prior_negative,close_to_close,1,6602,2.691835532144069e-05,2.7613955554786943e-05,0.5152983944259315
GOLDBEES,prior_negative,close_to_close,1,6449,7.37025967619991e-05,4.6992255834611566e-05,0.5205458210575283
HCLTECH,prior_negative,close_to_close,1,6739,3.2058158741215726e-05,1.0601127688654913e-05,0.5036355542365336
HDFCBANK,prior_negative,close_to_close,1,6708,1.5266237966829753e-05,8.559143739622615e-06,0.5043231961836613
ICICIBANK,prior_negative,close_to_close,1,6647,3.921075101668059e-05,2.901107936543253e-05,0.5175267037761396
INFY,prior_negative,close_to_close,1,6793,-1.9272561613136494e-06,-7.849515602595706e-06,0.4963933460915648
ITBEES,prior_negative,close_to_close,1,6711,2.1095515965115922e-05,2.8687844771736594e-05,0.5195946952764119
ITC,prior_negative,close_to_close,1,6772,1.0637484651830765e-05,4.427077521145106e-06,0.5020673360897815
KOTAKBANK,prior_negative,close_to_close,1,6617,4.6907253455963984e-05,3.780822832880369e-05,0.5195708024784645
LT,prior_negative,close_to_close,1,6653,6.218222905099537e-05,4.029753710155237e-05,0.5185630542612355
M&M,prior_negative,close_to_close,1,6715,2.5038253168663256e-05,2.8594746139112522e-05,0.5124348473566642
MARUTI,prior_negative,close_to_close,1,6671,2.8820011029701815e-05,2.8861072783455566e-05,0.5137160845450457
NIFTYBEES,prior_negative,close_to_close,1,6517,7.824591699421235e-05,7.474508329743636e-05,0.59828141783029
RELIANCE,prior_negative,close_to_close,1,6751,1.8521916210491448e-05,8.94967921905021e-06,0.5043697230039994
SBIN,prior_negative,close_to_close,1,6679,5.8814512789927955e-05,1.7566089137881972e-05,0.50726156610271
SUNPHARMA,prior_negative,close_to_close,1,6586,4.963109484060294e-05,4.454839430301538e-05,0.5220163984208928
TATASTEEL,prior_negative,close_to_close,1,6637,6.987433301788137e-05,4.632597811116135e-05,0.5192104866656622
AXISBANK,prior_positive,close_to_close,1,6653,-6.9967456786749186e-06,-1.8729600426444407e-05,0.4907560499022997
BANKBEES,prior_positive,close_to_close,1,6752,-7.559870087037164e-05,-5.676778160939214e-05,0.4534952606635071
BHARTIARTL,prior_positive,close_to_close,1,6608,-2.952904689069339e-05,-2.756225380238909e-05,0.4851694915254237
GOLDBEES,prior_positive,close_to_close,1,6761,-5.219387629747105e-06,5.168383169372616e-06,0.5034758171868067
HCLTECH,prior_positive,close_to_close,1,6471,-6.45621529855493e-05,-5.725340695650956e-05,0.47550610415700817
HDFCBANK,prior_positive,close_to_close,1,6502,-5.0648991925025665e-05,-3.3860962016296625e-05,0.4796985542909874
ICICIBANK,prior_positive,close_to_close,1,6563,-4.780680418701557e-05,-4.1188624817568696e-05,0.4758494590888313
INFY,prior_positive,close_to_close,1,6417,-3.0185234913067643e-05,-5.5389605330296516e-05,0.474520804114072
ITBEES,prior_positive,close_to_close,1,6499,-4.958990294794825e-05,-6.240851798173922e-05,0.4633020464686875
ITC,prior_positive,close_to_close,1,6438,-5.691079887381623e-05,-5.0701101970495525e-05,0.47188567878223053
KOTAKBANK,prior_positive,close_to_close,1,6593,-4.7522483173045366e-05,-5.221216742103593e-05,0.4785378431669953
LT,prior_positive,close_to_close,1,6557,-4.250052338503508e-05,-4.980469736842123e-05,0.47369223730364496
M&M,prior_positive,close_to_close,1,6495,-4.4816075589624565e-05,-6.608055278064764e-05,0.47020785219399536
MARUTI,prior_positive,close_to_close,1,6539,-4.819360469811266e-05,-4.979073123972327e-05,0.47591374827955346
NIFTYBEES,prior_positive,close_to_close,1,6693,-8.081038383213324e-05,-6.106275859639617e-05,0.417301658449126
RELIANCE,prior_positive,close_to_close,1,6459,-2.686304845224424e-05,-5.0555252044214174e-05,0.47282861124013004
SBIN,prior_positive,close_to_close,1,6531,-2.3606161847075175e-05,-3.761845761218124e-05,0.4810901852702496
SUNPHARMA,prior_positive,close_to_close,1,6624,-2.5475805900662518e-05,-3.8403508778277366e-05,0.4811292270531401
TATASTEEL,prior_positive,close_to_close,1,6573,-3.019555125312304e-05,-6.922533357422989e-05,0.4757340635934885
AXISBANK,prior_negative_abs_Q1,close_to_close,1,1640,1.1140620752679043e-05,-2.257568923771621e-06,0.4975609756097561
BANKBEES,prior_negative_abs_Q1,close_to_close,1,1605,2.0633556897384033e-05,1.4919984818531321e-05,0.5096573208722741
BHARTIARTL,prior_negative_abs_Q1,close_to_close,1,1629,3.1441170654211695e-05,3.2294604466674834e-05,0.5211786372007366
GOLDBEES,prior_negative_abs_Q1,close_to_close,1,1650,1.6795625201066757e-05,2.6591518823630857e-05,0.5127272727272727
HCLTECH,prior_negative_abs_Q1,close_to_close,1,1670,-4.208584062716577e-06,-1.7107891358231865e-05,0.48982035928143713
HDFCBANK,prior_negative_abs_Q1,close_to_close,1,1674,-1.3515579966837695e-05,-1.1457327435842541e-05,0.494026284348865
ICICIBANK,prior_negative_abs_Q1,close_to_close,1,1640,-6.2360980914573904e-06,-3.9395704227821706e-06,0.49634146341463414
INFY,prior_negative_abs_Q1,close_to_close,1,1654,-2.1023822186018214e-07,-1.3620703753590576e-05,0.4915356711003628
ITBEES,prior_negative_abs_Q1,close_to_close,1,1673,-2.9086045000773628e-05,-3.0387166924982075e-05,0.4769874476987448
ITC,prior_negative_abs_Q1,close_to_close,1,1663,-1.9057017128000125e-06,-1.728825821828428e-05,0.4888755261575466
KOTAKBANK,prior_negative_abs_Q1,close_to_close,1,1647,1.9757995450690816e-06,-8.239904553409962e-06,0.49666059502125076
LT,prior_negative_abs_Q1,close_to_close,1,1687,2.4185098228314815e-05,6.733807015688357e-06,0.5014819205690575
M&M,prior_negative_abs_Q1,close_to_close,1,1670,-2.791029121236968e-05,-6.393794445200615e-06,0.4946107784431138
MARUTI,prior_negative_abs_Q1,close_to_close,1,1688,5.002845157840679e-06,1.975979147103568e-05,0.5124407582938388
NIFTYBEES,prior_negative_abs_Q1,close_to_close,1,1610,1.0533460536468793e-06,3.978526909658017e-06,0.5055900621118012
RELIANCE,prior_negative_abs_Q1,close_to_close,1,1696,1.8865378733114342e-06,-1.9457150623363046e-05,0.486438679245283
SBIN,prior_negative_abs_Q1,close_to_close,1,1697,1.3706887364513089e-05,-2.8754070834808372e-05,0.48084855627578077
SUNPHARMA,prior_negative_abs_Q1,close_to_close,1,1626,3.1334196775488165e-05,-1.183564236533391e-05,0.4944649446494465
TATASTEEL,prior_negative_abs_Q1,close_to_close,1,1660,5.9151179522082546e-05,3.8463376843946104e-06,0.5018072289156627
AXISBANK,prior_negative_abs_Q2,close_to_close,1,1623,4.891100426322714e-05,3.290397104825185e-05,0.5138632162661737
BANKBEES,prior_negative_abs_Q2,close_to_close,1,1579,3.5903690714612105e-05,3.2094295402746516e-05,0.526282457251425
BHARTIARTL,prior_negative_abs_Q2,close_to_close,1,1621,4.989779621213249e-06,3.393061704104472e-06,0.5015422578655151
GOLDBEES,prior_negative_abs_Q2,close_to_close,1,1619,6.784681382990458e-05,8.663546430054403e-05,0.5491043854231007
HCLTECH,prior_negative_abs_Q2,close_to_close,1,1692,-6.1119977748651085e-06,3.570228084534869e-06,0.50177304964539
HDFCBANK,prior_negative_abs_Q2,close_to_close,1,1649,1.5225234758761881e-05,-1.134336682897776e-05,0.4954517889630079
ICICIBANK,prior_negative_abs_Q2,close_to_close,1,1723,4.047518518963041e-05,2.021000804531333e-05,0.5136390017411492
INFY,prior_negative_abs_Q2,close_to_close,1,1675,2.7393769453709875e-05,4.5222211792978265e-06,0.5026865671641791
ITBEES,prior_negative_abs_Q2,close_to_close,1,1605,1.9859939981009388e-05,1.6297905579122486e-05,0.5096573208722741
ITC,prior_negative_abs_Q2,close_to_close,1,1712,1.4765638065217102e-05,6.321291707519762e-06,0.5029205607476636
KOTAKBANK,prior_negative_abs_Q2,close_to_close,1,1636,-1.4440458771872509e-05,1.463904587640295e-06,0.5012224938875306
LT,prior_negative_abs_Q2,close_to_close,1,1648,0.0001039016851356439,5.237542536600432e-05,0.5279126213592233
M&M,prior_negative_abs_Q2,close_to_close,1,1691,3.2621150609325214e-05,9.521995582671824e-06,0.5062093435836783
MARUTI,prior_negative_abs_Q2,close_to_close,1,1667,-1.1767131632378852e-05,2.3605900387684768e-05,0.5116976604679064
NIFTYBEES,prior_negative_abs_Q2,close_to_close,1,1627,4.5468149936505844e-05,4.206898186964118e-05,0.5617701290719115
RELIANCE,prior_negative_abs_Q2,close_to_close,1,1669,5.468270034045008e-05,3.7740982171198404e-05,0.5188735769922109
SBIN,prior_negative_abs_Q2,close_to_close,1,1671,4.241539716302056e-05,2.5292457804372646e-06,0.5014961101137043
SUNPHARMA,prior_negative_abs_Q2,close_to_close,1,1686,6.23233897116717e-05,6.67967113710471e-05,0.5427046263345195
TATASTEEL,prior_negative_abs_Q2,close_to_close,1,1666,0.00010555535411451939,4.928282637028629e-05,0.5228091236494598
AXISBANK,prior_negative_abs_Q3,close_to_close,1,1674,2.1804324945695643e-05,2.5970924592129865e-05,0.5125448028673835
BANKBEES,prior_negative_abs_Q3,close_to_close,1,1647,9.878293265539752e-05,0.00011593945577316315,0.5986642380085003
BHARTIARTL,prior_negative_abs_Q3,close_to_close,1,1706,4.786676328345658e-05,3.519504512557633e-05,0.5199296600234466
GOLDBEES,prior_negative_abs_Q3,close_to_close,1,1615,9.054004181109863e-05,3.871966939762565e-05,0.5145510835913313
HCLTECH,prior_negative_abs_Q3,close_to_close,1,1715,0.00010287546224177056,3.9363651657816246e-05,0.5183673469387755
HDFCBANK,prior_negative_abs_Q3,close_to_close,1,1684,-1.63328428319386e-05,2.1211529466146203e-05,0.5142517814726841
ICICIBANK,prior_negative_abs_Q3,close_to_close,1,1654,4.268636757292529e-05,4.6910757780016535e-05,0.5296251511487303
INFY,prior_negative_abs_Q3,close_to_close,1,1763,2.5903163284211926e-05,-1.5873566846815975e-05,0.48893930799773117
ITBEES,prior_negative_abs_Q3,close_to_close,1,1715,6.828495169913642e-06,5.394172396661068e-05,0.5387755102040817
ITC,prior_negative_abs_Q3,close_to_close,1,1717,3.54513441040328e-05,-8.67963781401058e-06,0.49563191613278973
KOTAKBANK,prior_negative_abs_Q3,close_to_close,1,1680,3.9716995055207845e-05,6.185904150790876e-05,0.5339285714285714
LT,prior_negative_abs_Q3,close_to_close,1,1679,9.500342794154702e-05,5.724974517333037e-05,0.5390113162596784
M&M,prior_negative_abs_Q3,close_to_close,1,1673,8.47357343495195e-06,7.680709002402499e-05,0.5271966527196653
MARUTI,prior_negative_abs_Q3,close_to_close,1,1639,2.2215511603017854e-05,3.969994402906895e-05,0.5173886516168396
NIFTYBEES,prior_negative_abs_Q3,close_to_close,1,1629,7.960325965519482e-05,8.53969065892388e-05,0.6249232658072437
RELIANCE,prior_negative_abs_Q3,close_to_close,1,1700,8.4449329546157e-06,-9.040511418753302e-06,0.4935294117647059
SBIN,prior_negative_abs_Q3,close_to_close,1,1672,6.23586680960224e-05,1.3955821519254599e-05,0.506578947368421
SUNPHARMA,prior_negative_abs_Q3,close_to_close,1,1613,5.3546127560578235e-05,6.898516804653637e-05,0.5350278983261004
TATASTEEL,prior_negative_abs_Q3,close_to_close,1,1663,5.992104596556824e-05,7.44042013381654e-05,0.5297654840649428
AXISBANK,prior_negative_abs_Q4,close_to_close,1,1620,8.303861202412332e-05,0.00012559729509763968,0.5438271604938272
BANKBEES,prior_negative_abs_Q4,close_to_close,1,1627,0.00018926194191200057,0.00019101539035652296,0.6484326982175783
BHARTIARTL,prior_negative_abs_Q4,close_to_close,1,1646,2.232574964087301e-05,3.815992559646114e-05,0.5182260024301336
GOLDBEES,prior_negative_abs_Q4,close_to_close,1,1565,0.00012238281522097908,2.2116759256513634e-05,0.5054313099041533
HCLTECH,prior_negative_abs_Q4,close_to_close,1,1662,3.4283002185454126e-05,1.0581529075956046e-05,0.5042117930204573
HDFCBANK,prior_negative_abs_Q4,close_to_close,1,1701,7.491422713566522e-05,4.2792962302535325e-05,0.5132275132275133
ICICIBANK,prior_negative_abs_Q4,close_to_close,1,1630,8.007304713528491e-05,6.966884514341316e-05,0.5306748466257669
INFY,prior_negative_abs_Q4,close_to_close,1,1701,-6.131449605518909e-05,8.364167513757494e-06,0.5026455026455027
ITBEES,prior_negative_abs_Q4,close_to_close,1,1718,8.535907336569574e-05,0.00011319680233538084,0.5512223515715948
ITC,prior_negative_abs_Q4,close_to_close,1,1680,-6.5133941569593e-06,5.170418503494843e-05,0.5208333333333334
KOTAKBANK,prior_negative_abs_Q4,close_to_close,1,1654,0.00015963191845551336,0.0001165166612011017,0.5459492140266021
LT,prior_negative_abs_Q4,close_to_close,1,1639,2.572140118835052e-05,1.4639484210648458e-05,0.5057962172056132
M&M,prior_negative_abs_Q4,close_to_close,1,1681,8.64981572368754e-05,5.04634134824279e-05,0.5217132659131469
MARUTI,prior_negative_abs_Q4,close_to_close,1,1677,9.959336664671138e-05,3.7094479421924856e-05,0.5134168157423972
NIFTYBEES,prior_negative_abs_Q4,close_to_close,1,1651,0.0001844835638884936,0.0001985564433073701,0.6983646274984857
RELIANCE,prior_negative_abs_Q4,close_to_close,1,1686,9.62044793169258e-06,6.0920285370435405e-05,0.5189798339264532
SBIN,prior_negative_abs_Q4,close_to_close,1,1639,0.00011862216067748217,0.00011474588249480813,0.5411836485661989
SUNPHARMA,prior_negative_abs_Q4,close_to_close,1,1661,5.0857223271629156e-05,4.6438753293767416e-05,0.5153521974714028
TATASTEEL,prior_negative_abs_Q4,close_to_close,1,1648,5.4648708032458925e-05,6.602936704467075e-05,0.5224514563106796
AXISBANK,prior_positive_abs_Q1,close_to_close,1,1663,4.773712399329696e-05,-1.9355503166926507e-05,0.48767288033674083
BANKBEES,prior_positive_abs_Q1,close_to_close,1,1698,-1.1226938654212053e-05,-1.3292469195603262e-05,0.4923439340400471
BHARTIARTL,prior_positive_abs_Q1,close_to_close,1,1674,5.285278923553599e-06,-1.0076641090758479e-05,0.492831541218638
GOLDBEES,prior_positive_abs_Q1,close_to_close,1,1653,-4.128846452105777e-05,4.26906782876231e-06,0.5027223230490018
HCLTECH,prior_positive_abs_Q1,close_to_close,1,1632,-2.7271663117352187e-05,-3.5626379148837334e-05,0.4810049019607843
HDFCBANK,prior_positive_abs_Q1,close_to_close,1,1629,-5.396099964508138e-05,-4.466744557498877e-05,0.46408839779005523
ICICIBANK,prior_positive_abs_Q1,close_to_close,1,1663,3.0428321990887165e-06,-2.708422344091212e-05,0.4840649428743235
INFY,prior_positive_abs_Q1,close_to_close,1,1648,-7.287726806815783e-05,-7.401998762109508e-06,0.495752427184466
ITBEES,prior_positive_abs_Q1,close_to_close,1,1629,3.305303820083891e-05,1.2175858349462536e-06,0.5027624309392266
ITC,prior_positive_abs_Q1,close_to_close,1,1640,-4.311905284211474e-05,-1.4058992173203574e-05,0.4896341463414634
KOTAKBANK,prior_positive_abs_Q1,close_to_close,1,1655,1.651830667921876e-05,1.1420928730730825e-05,0.5051359516616314
LT,prior_positive_abs_Q1,close_to_close,1,1616,-1.591024875313309e-05,-4.1096446496037396e-05,0.47586633663366334
M&M,prior_positive_abs_Q1,close_to_close,1,1633,-5.185627113161445e-05,-4.295810606487946e-05,0.4800979791794244
MARUTI,prior_positive_abs_Q1,close_to_close,1,1615,-3.6007199590770577e-05,-4.660229829118857e-05,0.4718266253869969
NIFTYBEES,prior_positive_abs_Q1,close_to_close,1,1693,-3.068518532095538e-05,-3.2323814495231286e-05,0.45776727702303605
RELIANCE,prior_positive_abs_Q1,close_to_close,1,1607,-1.9537729597966807e-06,-4.768448007495948e-06,0.49782202862476665
SBIN,prior_positive_abs_Q1,close_to_close,1,1606,7.854902594072696e-06,3.0847967864998296e-06,0.5031133250311333
SUNPHARMA,prior_positive_abs_Q1,close_to_close,1,1677,-1.3425211007611497e-05,6.646275965410046e-06,0.5062611806797853
TATASTEEL,prior_positive_abs_Q1,close_to_close,1,1643,2.4907268470741874e-05,3.6628845059900114e-06,0.5015216068167986
AXISBANK,prior_positive_abs_Q2,close_to_close,1,1680,-2.435485679508028e-05,-1.459414263437392e-05,0.49166666666666664
BANKBEES,prior_positive_abs_Q2,close_to_close,1,1723,-4.4873487374240265e-05,-3.932266706953137e-05,0.4631456761462565
BHARTIARTL,prior_positive_abs_Q2,close_to_close,1,1682,-1.1319514330873965e-05,-4.9719342249251085e-05,0.47265160523186683
GOLDBEES,prior_positive_abs_Q2,close_to_close,1,1684,-1.0149809461057975e-06,3.064833380478978e-06,0.5017814726840855
HCLTECH,prior_positive_abs_Q2,close_to_close,1,1611,-4.841554117257705e-05,-6.048484399576479e-05,0.4723774053382992
HDFCBANK,prior_positive_abs_Q2,close_to_close,1,1654,-3.0306813744931092e-05,-2.8829648064569888e-05,0.4830713422007255
ICICIBANK,prior_positive_abs_Q2,close_to_close,1,1580,-3.422960274543082e-05,-2.9566588156991637e-05,0.4778481012658228
INFY,prior_positive_abs_Q2,close_to_close,1,1628,-1.2380313455573712e-05,-4.7768243760142206e-05,0.4797297297297297
ITBEES,prior_positive_abs_Q2,close_to_close,1,1698,-0.0001508339767826764,-7.807262103478539e-05,0.4452296819787986
ITC,prior_positive_abs_Q2,close_to_close,1,1590,-7.31329313350732e-05,-6.319729877630559e-05,0.4610062893081761
KOTAKBANK,prior_positive_abs_Q2,close_to_close,1,1667,-3.618265517831877e-05,-5.7881249956025384e-05,0.47450509898020393
LT,prior_positive_abs_Q2,close_to_close,1,1655,-1.098094062012689e-05,-2.3468129104993924e-05,0.48761329305135953
M&M,prior_positive_abs_Q2,close_to_close,1,1612,-1.4645011791412774e-05,-5.015345883245382e-05,0.4739454094292804
MARUTI,prior_positive_abs_Q2,close_to_close,1,1635,-5.327954243530555e-05,-4.127371135183145e-05,0.4831804281345566
NIFTYBEES,prior_positive_abs_Q2,close_to_close,1,1676,-5.773221130221904e-05,-5.769781001250004e-05,0.41229116945107397
RELIANCE,prior_positive_abs_Q2,close_to_close,1,1634,-2.492436219599767e-05,-6.0908358905854045e-05,0.4669522643818849
SBIN,prior_positive_abs_Q2,close_to_close,1,1632,-3.0671170264145133e-06,-3.774231475107197e-05,0.47732843137254904
SUNPHARMA,prior_positive_abs_Q2,close_to_close,1,1616,-2.1243494131285975e-06,-3.738172626752443e-05,0.4814356435643564
TATASTEEL,prior_positive_abs_Q2,close_to_close,1,1637,-1.7057051433413758e-05,-7.086035936865804e-05,0.47342700061087356
AXISBANK,prior_positive_abs_Q3,close_to_close,1,1628,-2.722080326547297e-05,-1.446903897167926e-05,0.49447174447174447
BANKBEES,prior_positive_abs_Q3,close_to_close,1,1655,-9.005190797767025e-05,-7.631014178861092e-05,0.43323262839879156
BHARTIARTL,prior_positive_abs_Q3,close_to_close,1,1595,-6.467837377944009e-05,-4.5548661557629877e-05,0.48213166144200625
GOLDBEES,prior_positive_abs_Q3,close_to_close,1,1687,8.252167711866029e-05,4.30030676063632e-05,0.5210432720806165
HCLTECH,prior_positive_abs_Q3,close_to_close,1,1587,-0.00014216559534508812,-5.368890981536739e-05,0.4732199117832388
HDFCBANK,prior_positive_abs_Q3,close_to_close,1,1617,-3.097445322995691e-05,-8.623385114758797e-06,0.4965986394557823
ICICIBANK,prior_positive_abs_Q3,close_to_close,1,1648,-1.587953758962992e-05,-4.321564660662703e-05,0.47451456310679613
INFY,prior_positive_abs_Q3,close_to_close,1,1539,9.408145807634357e-07,-7.800239019593413e-05,0.46263807667316437
ITBEES,prior_positive_abs_Q3,close_to_close,1,1587,-6.046186310279301e-05,-7.425696969255561e-05,0.45179584120982985
ITC,prior_positive_abs_Q3,close_to_close,1,1585,-7.107157377220619e-05,-6.788118331412734e-05,0.4643533123028391
KOTAKBANK,prior_positive_abs_Q3,close_to_close,1,1622,-8.438672380784632e-05,-4.464237350932747e-05,0.47718865598027127
LT,prior_positive_abs_Q3,close_to_close,1,1623,-4.0046400310620206e-05,-8.893845876038287e-05,0.45902649414664204
M&M,prior_positive_abs_Q3,close_to_close,1,1629,-6.212537063467794e-05,-8.31177148776415e-05,0.4622467771639042
MARUTI,prior_positive_abs_Q3,close_to_close,1,1663,-1.9652776086743963e-05,-2.2354790732518705e-05,0.48767288033674083
NIFTYBEES,prior_positive_abs_Q3,close_to_close,1,1673,-7.944298900827101e-05,-6.810966404934159e-05,0.4136282127913927
RELIANCE,prior_positive_abs_Q3,close_to_close,1,1601,-6.63185551157358e-05,-8.101025072363186e-05,0.45346658338538415
SBIN,prior_positive_abs_Q3,close_to_close,1,1630,-4.706074495330712e-05,-6.763060569475732e-05,0.4638036809815951
SUNPHARMA,prior_positive_abs_Q3,close_to_close,1,1689,-5.386550191456095e-05,-8.032864255188817e-05,0.46003552397868563
TATASTEEL,prior_positive_abs_Q3,close_to_close,1,1638,-8.241200332157846e-05,-9.710155843034894e-05,0.4627594627594628
AXISBANK,prior_positive_abs_Q4,close_to_close,1,1682,-2.4200094571434118e-05,-3.216565721734602e-05,0.4892984542211653
BANKBEES,prior_positive_abs_Q4,close_to_close,1,1676,-0.0001581301670602846,-0.00010576636830430776,0.42422434367541767
BHARTIARTL,prior_positive_abs_Q4,close_to_close,1,1657,-4.935067561194558e-05,-1.9888774415474913e-05,0.4930597465298733
GOLDBEES,prior_positive_abs_Q4,close_to_close,1,1737,-6.01861193421701e-05,-3.744237599144033e-05,0.48877374784110533
HCLTECH,prior_positive_abs_Q4,close_to_close,1,1641,-4.244978739810747e-05,-8.490728885559203e-05,0.4753199268738574
HDFCBANK,prior_positive_abs_Q4,close_to_close,1,1602,-8.814239467398436e-05,-5.839426006102074e-05,0.47503121098626716
ICICIBANK,prior_positive_abs_Q4,close_to_close,1,1672,-0.00014268183943838333,-6.410654803970521e-05,0.46710526315789475
INFY,prior_positive_abs_Q4,close_to_close,1,1602,-3.4263219722192196e-05,-0.00013226612684063492,0.45880149812734083
ITBEES,prior_positive_abs_Q4,close_to_close,1,1585,-1.5179248685656327e-05,-0.00010982912792624944,0.45362776025236595
ITC,prior_positive_abs_Q4,close_to_close,1,1623,-4.112549059571626e-05,-7.296260895900408e-05,0.47196549599507087
KOTAKBANK,prior_positive_abs_Q4,close_to_close,1,1649,-8.699925828708975e-05,-0.00013699065891315595,0.4572468162522741
LT,prior_positive_abs_Q4,close_to_close,1,1663,-0.00010210234841862016,-6.0971153398567716e-05,0.4720384846662658
M&M,prior_positive_abs_Q4,close_to_close,1,1621,-5.0332592489227275e-05,-9.363947240197275e-05,0.46452806909315236
MARUTI,prior_positive_abs_Q4,close_to_close,1,1626,-8.437376092735818e-05,-9.945374339939076e-05,0.46063960639606394
NIFTYBEES,prior_positive_abs_Q4,close_to_close,1,1651,-0.000157023969404442,-0.00010668020301754202,0.38461538461538464
RELIANCE,prior_positive_abs_Q4,close_to_close,1,1617,-1.4512246282064969e-05,-6.434521074731735e-05,0.47309833024118736
SBIN,prior_positive_abs_Q4,close_to_close,1,1663,-5.1155903384443566e-05,-5.391070845889908e-05,0.48045700541190617
SUNPHARMA,prior_positive_abs_Q4,close_to_close,1,1642,-3.156265410530742e-05,-7.013063608048012e-05,0.476857490864799
TATASTEEL,prior_positive_abs_Q4,close_to_close,1,1655,-4.6214347943784185e-05,-0.0001198075382201501,0.4652567975830816
AXISBANK,prior_negative,close_to_close,2,6557,2.039451686540385e-05,1.6251477856419098e-05,0.5070916577703218
BANKBEES,prior_negative,close_to_close,2,6457,8.481841159972963e-06,2.348942424813664e-05,0.5171132104692582
BHARTIARTL,prior_negative,close_to_close,2,6602,2.4030712942064707e-05,2.5521667897167153e-05,0.5122690093910937
GOLDBEES,prior_negative,close_to_close,2,6448,3.504681997687564e-05,3.1431633304311775e-05,0.515818858560794
HCLTECH,prior_negative,close_to_close,2,6739,-2.131747270672513e-05,-2.6473634945037034e-05,0.4879062175396943
HDFCBANK,prior_negative,close_to_close,2,6708,-4.663048825469788e-06,-7.059875507568286e-06,0.49597495527728086
ICICIBANK,prior_negative,close_to_close,2,6647,-8.027320596928858e-06,-1.1065433766388466e-05,0.4921017000150444
INFY,prior_negative,close_to_close,2,6792,9.60685839235555e-06,-2.9416091407820817e-05,0.48645465253239106
ITBEES,prior_negative,close_to_close,2,6710,-1.7442731163232685e-05,-9.24298348288342e-07,0.4992548435171386
ITC,prior_negative,close_to_close,2,6771,-9.753105631579723e-06,-1.929840399403056e-05,0.4884064392261114
KOTAKBANK,prior_negative,close_to_close,2,6617,1.038491778838732e-06,-8.486917482804668e-06,0.4949372827565362
LT,prior_negative,close_to_close,2,6653,1.254226006370659e-05,-2.0464443107671824e-05,0.4907560499022997
M&M,prior_negative,close_to_close,2,6714,-1.9661063878184406e-05,-1.2763117619524204e-05,0.49270181709859995
MARUTI,prior_negative,close_to_close,2,6670,1.049355462473501e-05,-1.1437289845453112e-05,0.49400299850074963
NIFTYBEES,prior_negative,close_to_close,2,6516,2.9046061816729948e-06,7.124110716596713e-06,0.5090546347452425
RELIANCE,prior_negative,close_to_close,2,6751,3.5856324259022995e-06,-4.0998944964318156e-06,0.49711153903125466
SBIN,prior_negative,close_to_close,2,6679,1.923743657185503e-05,-1.1507207450948465e-05,0.49333732594699803
SUNPHARMA,prior_negative,close_to_close,2,6585,1.4080365307336092e-05,-3.3673882893214824e-06,0.49870918754745636
TATASTEEL,prior_negative,close_to_close,2,6637,2.0587974576486195e-05,2.8694015991037602e-06,0.5008286876600874
AXISBANK,prior_positive,close_to_close,2,6652,1.3193478003725483e-05,7.975732726823353e-07,0.5003006614552015
BANKBEES,prior_positive,close_to_close,2,6752,-6.910589386610281e-07,6.877301795743536e-06,0.5054798578199052
BHARTIARTL,prior_positive,close_to_close,2,6607,-2.6379687228194368e-05,-2.141473828652188e-05,0.48827001664900865
GOLDBEES,prior_positive,close_to_close,2,6761,3.168117353312177e-05,2.1676679352026606e-05,0.5080609377311048
HCLTECH,prior_positive,close_to_close,2,6470,-9.119244557553899e-06,-1.6065317451148975e-05,0.4918083462132921
HDFCBANK,prior_positive,close_to_close,2,6501,-2.9979557497852708e-05,-2.55829453195194e-05,0.48838640209198586
ICICIBANK,prior_positive,close_to_close,2,6562,8.120538934139793e-08,3.142851012691602e-06,0.501676318195672
INFY,prior_positive,close_to_close,2,6417,-4.249170798282942e-05,-3.11413780576962e-05,0.48496182016518624
ITBEES,prior_positive,close_to_close,2,6499,-1.0131207244412412e-05,-2.749957640550227e-05,0.48422834282197263
ITC,prior_positive,close_to_close,2,6438,-3.5308192033553645e-05,-2.285682020100908e-05,0.48633115874495186
KOTAKBANK,prior_positive,close_to_close,2,6592,-1.4198526443919432e-06,8.365937983266042e-06,0.5033373786407767
LT,prior_positive,close_to_close,2,6556,8.191354969076138e-06,5.133358614594556e-06,0.5019829164124466
M&M,prior_positive,close_to_close,2,6495,9.17316079323125e-07,-2.2920014578486914e-05,0.49053117782909933
MARUTI,prior_positive,close_to_close,2,6539,-2.9578107087283614e-05,-6.69472793978095e-06,0.4959473925676709
NIFTYBEES,prior_positive,close_to_close,2,6693,-7.444262799718607e-06,2.733180552130527e-06,0.5042581801882564
RELIANCE,prior_positive,close_to_close,2,6458,-1.147224010424079e-05,-3.478116123345786e-05,0.48033446887581294
SBIN,prior_positive,close_to_close,2,6530,1.7216964836838563e-05,-8.39363870042748e-06,0.49540581929555894
SUNPHARMA,prior_positive,close_to_close,2,6624,9.598790466111854e-06,6.921175107733093e-06,0.5042270531400966
TATASTEEL,prior_positive,close_to_close,2,6572,1.992031746779883e-05,-1.4851463518409768e-05,0.4943700547778454
AXISBANK,prior_negative_abs_Q1,close_to_close,2,1640,6.565144247783648e-06,1.5859585145161503e-07,0.5
BANKBEES,prior_negative_abs_Q1,close_to_close,2,1604,-8.618552621834142e-06,-2.390680004626942e-06,0.4981296758104738
BHARTIARTL,prior_negative_abs_Q1,close_to_close,2,1629,8.049566489989402e-06,-2.7622551234982343e-05,0.48066298342541436
GOLDBEES,prior_negative_abs_Q1,close_to_close,2,1650,5.46161002425442e-05,2.510329352420964e-05,0.5127272727272727
HCLTECH,prior_negative_abs_Q1,close_to_close,2,1670,-1.771801860332526e-05,-1.0222247709687185e-05,0.49221556886227547
HDFCBANK,prior_negative_abs_Q1,close_to_close,2,1674,-4.0886495966184207e-05,-1.4309273898307743e-05,0.4910394265232975
ICICIBANK,prior_negative_abs_Q1,close_to_close,2,1640,-9.221974142077108e-07,4.981317825601732e-07,0.5
INFY,prior_negative_abs_Q1,close_to_close,2,1653,5.796269367578739e-05,-8.565025950399737e-06,0.49364791288566245
ITBEES,prior_negative_abs_Q1,close_to_close,2,1673,-3.728115497063809e-05,4.3582455566434745e-06,0.5032875074716079
ITC,prior_negative_abs_Q1,close_to_close,2,1663,8.509152309234027e-07,-4.075692838106308e-06,0.49669272399278414
KOTAKBANK,prior_negative_abs_Q1,close_to_close,2,1647,-6.279247758839751e-06,2.4147478557464677e-06,0.5015179113539769
LT,prior_negative_abs_Q1,close_to_close,2,1687,-1.5006525276499016e-05,-2.2535988710850347e-05,0.4878482513337285
M&M,prior_negative_abs_Q1,close_to_close,2,1670,-3.168921205963957e-05,-1.8849555399602647e-05,0.48502994011976047
MARUTI,prior_negative_abs_Q1,close_to_close,2,1688,1.2408882192543498e-05,-2.6576019336437126e-05,0.48578199052132703
NIFTYBEES,prior_negative_abs_Q1,close_to_close,2,1610,7.801756475595732e-06,6.401792078299565e-06,0.5093167701863354
RELIANCE,prior_negative_abs_Q1,close_to_close,2,1696,1.1629406619091291e-05,-7.173948068002916e-06,0.49351415094339623
SBIN,prior_negative_abs_Q1,close_to_close,2,1697,3.635190497976008e-05,-9.322223426243411e-06,0.4920447849145551
SUNPHARMA,prior_negative_abs_Q1,close_to_close,2,1626,4.88741976718592e-05,-3.68023749786061e-06,0.498769987699877
TATASTEEL,prior_negative_abs_Q1,close_to_close,2,1660,-5.31642151070682e-06,-5.958778135651637e-05,0.47771084337349395
AXISBANK,prior_negative_abs_Q2,close_to_close,2,1623,8.980136008942454e-05,5.158457691695206e-05,0.5237215033887862
BANKBEES,prior_negative_abs_Q2,close_to_close,2,1579,1.7495903269388102e-06,3.3391623639874245e-05,0.5275490816972768
BHARTIARTL,prior_negative_abs_Q2,close_to_close,2,1621,5.971196924258888e-05,7.681960925074203e-05,0.5360888340530536
GOLDBEES,prior_negative_abs_Q2,close_to_close,2,1618,-8.515968987472804e-06,-3.434460958474784e-05,0.48331273176761436
HCLTECH,prior_negative_abs_Q2,close_to_close,2,1692,-1.0475152125133952e-05,-3.081099295426659e-05,0.4864066193853428
HDFCBANK,prior_negative_abs_Q2,close_to_close,2,1649,-2.1840590757441823e-05,3.607476150598477e-06,0.5021224984839296
ICICIBANK,prior_negative_abs_Q2,close_to_close,2,1723,-1.1764610140424481e-05,-1.1277277609966774e-05,0.4886825304701103
INFY,prior_negative_abs_Q2,close_to_close,2,1675,6.600560711052366e-06,-3.0666804118913614e-05,0.4817910447761194
ITBEES,prior_negative_abs_Q2,close_to_close,2,1605,-4.382875337577678e-08,2.177832687520905e-05,0.514018691588785
ITC,prior_negative_abs_Q2,close_to_close,2,1712,-4.008850190598634e-05,-6.481944082367067e-05,0.4614485981308411
KOTAKBANK,prior_negative_abs_Q2,close_to_close,2,1636,-1.0740445652832134e-05,-3.094137770945051e-05,0.48655256723716384
LT,prior_negative_abs_Q2,close_to_close,2,1648,-9.005460574308971e-05,-5.956122512633234e-05,0.4654126213592233
M&M,prior_negative_abs_Q2,close_to_close,2,1690,-4.2911557237860255e-05,-3.390085849150034e-06,0.4982248520710059
MARUTI,prior_negative_abs_Q2,close_to_close,2,1667,-2.2330763708259493e-06,-2.3117351123924657e-05,0.48410317936412717
NIFTYBEES,prior_negative_abs_Q2,close_to_close,2,1627,3.4509981728007737e-06,7.657301561936336e-06,0.5144437615242778
RELIANCE,prior_negative_abs_Q2,close_to_close,2,1669,-1.6084217036834214e-05,-7.1651533685527244e-06,0.49430796884361894
SBIN,prior_negative_abs_Q2,close_to_close,2,1671,2.9686881560547893e-06,-2.553316191145072e-05,0.48354278874925194
SUNPHARMA,prior_negative_abs_Q2,close_to_close,2,1686,5.096855120343859e-05,1.2844692947424269e-05,0.5071174377224199
TATASTEEL,prior_negative_abs_Q2,close_to_close,2,1666,-4.325435470375976e-05,-4.747848444684274e-06,0.4957983193277311
AXISBANK,prior_negative_abs_Q3,close_to_close,2,1674,-4.646479182937009e-08,2.3615949350908063e-05,0.51194743130227
BANKBEES,prior_negative_abs_Q3,close_to_close,2,1647,3.7082777808218524e-05,4.812741188215449e-05,0.5367334547662417
BHARTIARTL,prior_negative_abs_Q3,close_to_close,2,1706,-3.987823750827737e-05,2.714966725174561e-05,0.515240328253224
GOLDBEES,prior_negative_abs_Q3,close_to_close,2,1615,7.51270872365721e-05,5.755022730120755e-05,0.5424148606811146
HCLTECH,prior_negative_abs_Q3,close_to_close,2,1715,-1.5007940093341235e-05,-1.1849772844944428e-05,0.49504373177842564
HDFCBANK,prior_negative_abs_Q3,close_to_close,2,1684,-2.1759677161076534e-05,-2.851677582287202e-05,0.47862232779097386
ICICIBANK,prior_negative_abs_Q3,close_to_close,2,1654,6.125514811124265e-07,-1.084001300995692e-05,0.4921402660217654
INFY,prior_negative_abs_Q3,close_to_close,2,1763,-1.959266348495439e-05,-1.5011417239535994e-05,0.49404424276800907
ITBEES,prior_negative_abs_Q3,close_to_close,2,1714,-2.788590888524403e-05,-1.4705558640224251e-05,0.49008168028004667
ITC,prior_negative_abs_Q3,close_to_close,2,1717,2.1785920079810564e-05,-9.423504881015768e-06,0.49446709376820036
KOTAKBANK,prior_negative_abs_Q3,close_to_close,2,1680,-3.905191751757795e-06,-9.395775649515305e-06,0.493452380952381
LT,prior_negative_abs_Q3,close_to_close,2,1679,7.442159514361165e-05,1.1104268487370636e-05,0.50565812983919
M&M,prior_negative_abs_Q3,close_to_close,2,1673,-3.793668891864817e-05,-1.5753620455749573e-05,0.4919306634787806
MARUTI,prior_negative_abs_Q3,close_to_close,2,1639,1.5097306826796973e-05,-1.4654516595768996e-06,0.4984746796827334
NIFTYBEES,prior_negative_abs_Q3,close_to_close,2,1629,1.565980975616141e-05,5.152191527419488e-06,0.5052179251074279
RELIANCE,prior_negative_abs_Q3,close_to_close,2,1700,2.2393248116646555e-07,2.086495467306597e-05,0.508235294117647
SBIN,prior_negative_abs_Q3,close_to_close,2,1672,3.4612074086158635e-05,2.1154020044217325e-05,0.5113636363636364
SUNPHARMA,prior_negative_abs_Q3,close_to_close,2,1612,-3.9522655128974783e-05,-2.5918457624960846e-05,0.49007444168734493
TATASTEEL,prior_negative_abs_Q3,close_to_close,2,1663,9.509576113698678e-05,3.960974041891972e-05,0.5213469633193024
AXISBANK,prior_negative_abs_Q4,close_to_close,2,1620,-1.4018404224398613e-05,-2.9041710695701096e-05,0.4925925925925926
BANKBEES,prior_negative_abs_Q4,close_to_close,2,1627,2.9216156109373684e-06,1.139124366554095e-05,0.505838967424708
BHARTIARTL,prior_negative_abs_Q4,close_to_close,2,1646,7.094604743511731e-05,4.328108986306755e-05,0.517010935601458
GOLDBEES,prior_negative_abs_Q4,close_to_close,2,1565,1.809196277658988e-05,6.552565344919437e-05,0.5252396166134186
HCLTECH,prior_negative_abs_Q4,close_to_close,2,1662,-4.248302217043356e-05,-5.188206971061692e-05,0.4777376654632972
HDFCBANK,prior_negative_abs_Q4,close_to_close,2,1701,6.456360565809258e-05,3.561051444755936e-05,0.5120517342739564
ICICIBANK,prior_negative_abs_Q4,close_to_close,2,1630,-1.999259700999636e-05,-1.6013539838957415e-05,0.48773006134969327
INFY,prior_negative_abs_Q4,close_to_close,2,1701,-4.1602727291215825e-06,-5.5091603987478255e-05,0.47619047619047616
ITBEES,prior_negative_abs_Q4,close_to_close,2,1718,-3.959581409160295e-06,-3.348431614343887e-05,0.49068684516880096
ITC,prior_negative_abs_Q4,close_to_close,2,1679,-2.157728396333415e-05,2.301095828981405e-06,0.5014889815366289
KOTAKBANK,prior_negative_abs_Q4,close_to_close,2,1654,2.49974077329936e-05,-2.83045239609892e-06,0.49818621523579204
LT,prior_negative_abs_Q4,close_to_close,2,1639,8.066857618290523e-05,1.4639484210648458e-05,0.5039658328248933
M&M,prior_negative_abs_Q4,close_to_close,2,1681,3.385200092465806e-05,-8.038638376999842e-06,0.4955383700178465
MARUTI,prior_negative_abs_Q4,close_to_close,2,1676,1.6720685338314872e-05,1.9983542373983333e-05,0.5077565632458234
NIFTYBEES,prior_negative_abs_Q4,close_to_close,2,1650,-1.5005465555067695e-05,1.0210897814688031e-05,0.5072727272727273
RELIANCE,prior_negative_abs_Q4,close_to_close,2,1686,1.8355281078161878e-05,-1.6978079501036206e-05,0.49228944246737844
SBIN,prior_negative_abs_Q4,close_to_close,2,1639,2.4195182013070085e-06,-3.923643445345271e-05,0.4862721171446004
SUNPHARMA,prior_negative_abs_Q4,close_to_close,2,1661,-5.401985025120397e-06,-2.9386991142312056e-06,0.49849488260084285
TATASTEEL,prior_negative_abs_Q4,close_to_close,2,1648,3.603467908832948e-05,2.66458072153296e-05,0.508495145631068
AXISBANK,prior_positive_abs_Q1,close_to_close,2,1663,4.3526234663521894e-05,-1.8401729825041143e-05,0.49128081779915816
BANKBEES,prior_positive_abs_Q1,close_to_close,2,1698,-1.3888206172197038e-05,-7.195069881350667e-06,0.49411071849234395
BHARTIARTL,prior_positive_abs_Q1,close_to_close,2,1674,1.3059685848150096e-05,1.3299689714190663e-05,0.5101553166069295
GOLDBEES,prior_positive_abs_Q1,close_to_close,2,1653,7.732759269330741e-05,2.2846932857262876e-05,0.5178463399879008
HCLTECH,prior_positive_abs_Q1,close_to_close,2,1631,5.226766228937153e-05,-1.996542401284788e-05,0.4892703862660944
HDFCBANK,prior_positive_abs_Q1,close_to_close,2,1629,1.1549523799816127e-05,-1.3719725504426645e-05,0.49355432780847147
ICICIBANK,prior_positive_abs_Q1,close_to_close,2,1663,2.3386586066006603e-05,-7.642419092074933e-06,0.4930847865303668
INFY,prior_positive_abs_Q1,close_to_close,2,1648,-3.221090277491823e-05,-2.2798896946634025e-05,0.4866504854368932
ITBEES,prior_positive_abs_Q1,close_to_close,2,1629,-7.774646468862247e-05,-4.20485848279559e-05,0.47697974217311234
ITC,prior_positive_abs_Q1,close_to_close,2,1640,-9.858378486428528e-06,-8.39107823352417e-06,0.49634146341463414
KOTAKBANK,prior_positive_abs_Q1,close_to_close,2,1654,1.874280545101775e-05,7.860477253744197e-06,0.5024183796856106
LT,prior_positive_abs_Q1,close_to_close,2,1616,5.145074536717674e-05,-6.705816759550811e-06,0.49504950495049505
M&M,prior_positive_abs_Q1,close_to_close,2,1633,-4.176612166369233e-06,-1.907342130278805e-05,0.48928352725045926
MARUTI,prior_positive_abs_Q1,close_to_close,2,1615,1.1264852543283617e-05,3.710897834366091e-05,0.5232198142414861
NIFTYBEES,prior_positive_abs_Q1,close_to_close,2,1693,-9.058665940931055e-06,-2.1079986198572695e-07,0.4991139988186651
RELIANCE,prior_positive_abs_Q1,close_to_close,2,1607,-6.994534942534347e-05,-5.484000039538171e-05,0.46048537647790916
SBIN,prior_positive_abs_Q1,close_to_close,2,1606,-1.535774769963118e-05,-1.7973158864392153e-05,0.48941469489414696
SUNPHARMA,prior_positive_abs_Q1,close_to_close,2,1677,2.669972733698178e-05,1.2920783119399167e-05,0.5068574836016696
TATASTEEL,prior_positive_abs_Q1,close_to_close,2,1643,3.0735733722512756e-05,-4.027675004226246e-05,0.4850882531953743
AXISBANK,prior_positive_abs_Q2,close_to_close,2,1679,-2.863052774339434e-05,2.987192798087346e-05,0.5139964264443121
BANKBEES,prior_positive_abs_Q2,close_to_close,2,1723,-2.6381768402248203e-05,-1.2858141328157352e-05,0.4927452118398143
BHARTIARTL,prior_positive_abs_Q2,close_to_close,2,1682,-7.519709240394678e-06,-2.8171146528394024e-05,0.4827586206896552
GOLDBEES,prior_positive_abs_Q2,close_to_close,2,1684,8.679706894602522e-05,4.310377706154895e-05,0.5184085510688836
HCLTECH,prior_positive_abs_Q2,close_to_close,2,1611,-1.4937226805541509e-05,-1.3315167287555577e-05,0.4928615766604593
HDFCBANK,prior_positive_abs_Q2,close_to_close,2,1654,-6.955587503096608e-05,-3.8938319234839896e-05,0.4752116082224909
ICICIBANK,prior_positive_abs_Q2,close_to_close,2,1579,1.8305050168016648e-05,8.41924470550918e-06,0.506016466117796
INFY,prior_positive_abs_Q2,close_to_close,2,1628,-5.225223599906185e-05,-2.996521930810469e-05,0.48464373464373467
ITBEES,prior_positive_abs_Q2,close_to_close,2,1698,1.603954340399158e-05,-1.526711815447824e-06,0.4994110718492344
ITC,prior_positive_abs_Q2,close_to_close,2,1590,-8.160699275555222e-06,-1.710834754832371e-05,0.4911949685534591
KOTAKBANK,prior_positive_abs_Q2,close_to_close,2,1667,2.0977725471505053e-05,1.0842114641282689e-05,0.5032993401319736
LT,prior_positive_abs_Q2,close_to_close,2,1655,7.718498989960703e-06,1.705471568262825e-05,0.5093655589123867
M&M,prior_positive_abs_Q2,close_to_close,2,1612,-8.314437481486821e-06,1.9838402655754817e-05,0.5099255583126551
MARUTI,prior_positive_abs_Q2,close_to_close,2,1635,-4.6404213737974244e-05,-3.545370750927346e-05,0.4801223241590214
NIFTYBEES,prior_positive_abs_Q2,close_to_close,2,1676,-2.179665832748108e-06,1.5021365335383179e-05,0.5167064439140812
RELIANCE,prior_positive_abs_Q2,close_to_close,2,1634,1.5446325459794176e-05,-3.186415040499277e-05,0.4804161566707466
SBIN,prior_positive_abs_Q2,close_to_close,2,1632,5.6850277643498164e-05,-1.0501773162616466e-05,0.49264705882352944
SUNPHARMA,prior_positive_abs_Q2,close_to_close,2,1616,-7.484333467025315e-05,-8.528755591525983e-06,0.4962871287128713
TATASTEEL,prior_positive_abs_Q2,close_to_close,2,1636,-2.66229658536811e-05,-3.1614371951926845e-05,0.4877750611246944
AXISBANK,prior_positive_abs_Q3,close_to_close,2,1628,-3.543779975216794e-05,-2.3298743748293184e-05,0.4907862407862408
BANKBEES,prior_positive_abs_Q3,close_to_close,2,1655,3.91226379644118e-05,4.0359159988339536e-05,0.5311178247734138
BHARTIARTL,prior_positive_abs_Q3,close_to_close,2,1594,-9.72823814378816e-05,-5.387212210829681e-05,0.46737766624843163
GOLDBEES,prior_positive_abs_Q3,close_to_close,2,1687,-4.5360535927427266e-05,-1.9390693756344353e-05,0.4866627148784825
HCLTECH,prior_positive_abs_Q3,close_to_close,2,1587,-8.451944184096445e-06,-3.0487246253676787e-05,0.4870825456836799
HDFCBANK,prior_positive_abs_Q3,close_to_close,2,1616,9.998314793439054e-06,2.304015990540877e-05,0.5123762376237624
ICICIBANK,prior_positive_abs_Q3,close_to_close,2,1648,-2.8757605308687088e-05,1.722295495002222e-05,0.5121359223300971
INFY,prior_positive_abs_Q3,close_to_close,2,1539,-6.266871137500177e-05,-2.4799548823383052e-05,0.48278102664067574
ITBEES,prior_positive_abs_Q3,close_to_close,2,1587,8.379572360557305e-05,-2.525138589960633e-05,0.4820415879017013
ITC,prior_positive_abs_Q3,close_to_close,2,1585,-2.392459811792612e-05,-1.5774256388064362e-05,0.49022082018927443
KOTAKBANK,prior_positive_abs_Q3,close_to_close,2,1622,-1.925661747512349e-05,-2.071743379496635e-05,0.4919852034525277
LT,prior_positive_abs_Q3,close_to_close,2,1623,2.0045929723701318e-05,4.3790581299046265e-05,0.5224892174984597
M&M,prior_positive_abs_Q3,close_to_close,2,1629,-2.703196850055847e-06,-3.398268218933004e-05,0.4831184775936157
MARUTI,prior_positive_abs_Q3,close_to_close,2,1663,-2.8389580775710512e-05,-1.342112239392329e-05,0.4930847865303668
NIFTYBEES,prior_positive_abs_Q3,close_to_close,2,1673,-2.9515357308124717e-06,4.64550028246428e-06,0.5068738792588166
RELIANCE,prior_positive_abs_Q3,close_to_close,2,1601,1.2665414200192716e-05,-3.935731804899984e-05,0.4778263585259213
SBIN,prior_positive_abs_Q3,close_to_close,2,1629,1.768294877666631e-07,1.0292656006938294e-05,0.5046040515653776
SUNPHARMA,prior_positive_abs_Q3,close_to_close,2,1689,7.635445238242578e-05,4.346279910794678e-05,0.522202486678508
TATASTEEL,prior_positive_abs_Q3,close_to_close,2,1638,5.11711102582666e-05,2.4109866043188575e-06,0.5006105006105006
AXISBANK,prior_positive_abs_Q4,close_to_close,2,1682,7.202275952023395e-05,2.3049460613377995e-05,0.504756242568371
BANKBEES,prior_positive_abs_Q4,close_to_close,2,1676,-2.2436440780224587e-07,7.567823485713271e-06,0.5047732696897375
BHARTIARTL,prior_positive_abs_Q4,close_to_close,2,1657,-1.716127982628624e-05,-1.7944985468673885e-05,0.49185274592637296
GOLDBEES,prior_positive_abs_Q4,close_to_close,2,1737,9.632045791515536e-06,3.4449097207191036e-05,0.5094991364421416
HCLTECH,prior_positive_abs_Q4,close_to_close,2,1641,-6.506579017516774e-05,-1.8492174252240402e-06,0.49786715417428395
HDFCBANK,prior_positive_abs_Q4,close_to_close,2,1602,-7.167486702148596e-05,-6.048393181267647e-05,0.47253433208489387
ICICIBANK,prior_positive_abs_Q4,close_to_close,2,1672,-1.1884069096586525e-05,-5.524824704493542e-06,0.4958133971291866
INFY,prior_positive_abs_Q4,close_to_close,2,1602,-2.3765253021317548e-05,-4.9610230916908365e-05,0.48564294631710364
ITBEES,prior_positive_abs_Q4,close_to_close,2,1585,-6.272093562504254e-05,-6.129708365345795e-05,0.477602523659306
ITC,prior_positive_abs_Q4,close_to_close,2,1623,-9.873715325276027e-05,-7.214208260715911e-05,0.4676524953789279
KOTAKBANK,prior_positive_abs_Q4,close_to_close,2,1649,-2.674099676419871e-05,4.0497688438630554e-05,0.5154639175257731
LT,prior_positive_abs_Q4,close_to_close,2,1662,-4.497625818655032e-05,-5.236839473127252e-05,0.4813477737665463
M&M,prior_positive_abs_Q4,close_to_close,2,1621,1.8867832505726347e-05,-6.1732298670742e-05,0.47995064774830354
MARUTI,prior_positive_abs_Q4,close_to_close,2,1626,-5.444109274880449e-05,-3.023963380120265e-05,0.48769987699877
NIFTYBEES,prior_positive_abs_Q4,close_to_close,2,1651,-1.5685699737846923e-05,-6.250602987046975e-06,0.4942459115687462
RELIANCE,prior_positive_abs_Q4,close_to_close,2,1616,-4.456790843114055e-06,6.045957256561901e-06,0.5024752475247525
SBIN,prior_positive_abs_Q4,close_to_close,2,1663,2.647240820228655e-05,-1.9671570010198407e-05,0.49488875526157544
SUNPHARMA,prior_positive_abs_Q4,close_to_close,2,1642,6.571926952873567e-06,-2.6113903901306098e-05,0.49086479902557856
TATASTEEL,prior_positive_abs_Q4,close_to_close,2,1655,2.4262483036777683e-05,1.2239143043638962e-05,0.5039274924471299
AXISBANK,prior_negative,close_to_close,3,6556,1.928767453455235e-05,5.363309021575753e-06,0.5032031726662599
BANKBEES,prior_negative,close_to_close,3,6456,-1.2448348541528477e-06,1.245141782600194e-05,0.5085192069392813
BHARTIARTL,prior_negative,close_to_close,3,6601,-7.375802361703862e-06,7.052931093839033e-06,0.503711558854719
GOLDBEES,prior_negative,close_to_close,3,6448,5.6591576235117206e-05,3.577759664038134e-05,0.5169044665012407
HCLTECH,prior_negative,close_to_close,3,6739,-2.49479780475827e-05,-1.913158352941552e-05,0.490280457041104
HDFCBANK,prior_negative,close_to_close,3,6707,-3.152619582431308e-05,-2.9112461263796556e-05,0.4854629491575965
ICICIBANK,prior_negative,close_to_close,3,6646,-6.6171197716715595e-06,-1.2572863194541264e-06,0.4992476677700873
INFY,prior_negative,close_to_close,3,6792,-3.834980880423962e-05,-2.8836056545291256e-05,0.48586572438162545
ITBEES,prior_negative,close_to_close,3,6710,-2.8322302534151757e-05,-5.94568172456363e-06,0.4967213114754098
ITC,prior_negative,close_to_close,3,6770,-2.6014430255169785e-05,-1.8548169219855114e-05,0.4893648449039882
KOTAKBANK,prior_negative,close_to_close,3,6617,1.4351594949999114e-06,-9.2467213590772e-06,0.4961462898594529
LT,prior_negative,close_to_close,3,6652,-7.202787362349887e-06,-1.1891011166044924e-05,0.49533974744437764
M&M,prior_negative,close_to_close,3,6714,9.669377501220676e-06,-2.2653368214809515e-05,0.4909145070002979
MARUTI,prior_negative,close_to_close,3,6669,-1.0352212427689866e-05,-6.9229549759149416e-06,0.4966261808367072
NIFTYBEES,prior_negative,close_to_close,3,6516,3.502678636356321e-06,1.0007201235904636e-05,0.5147329650092081
RELIANCE,prior_negative,close_to_close,3,6751,-5.6354168174594965e-06,-2.6206183405350395e-05,0.48526144274922234
SBIN,prior_negative,close_to_close,3,6679,1.9383707772887415e-05,-1.546884334684911e-05,0.49198981883515497
SUNPHARMA,prior_negative,close_to_close,3,6584,9.473861714227494e-06,7.810577354050411e-07,0.5009113001215066
TATASTEEL,prior_negative,close_to_close,3,6637,1.340423308311358e-05,-7.684960790794245e-06,0.4970619255687811
AXISBANK,prior_positive,close_to_close,3,6652,1.4517813819107829e-05,1.0947489758272866e-05,0.5042092603728202
BANKBEES,prior_positive,close_to_close,3,6752,8.510388153221722e-06,1.604060209266387e-05,0.5136255924170616
BHARTIARTL,prior_positive,close_to_close,3,6607,5.2295780783259105e-06,-5.250908550382923e-06,0.4968972302103829
GOLDBEES,prior_positive,close_to_close,3,6760,1.1375802828281689e-05,1.9073315639976218e-05,0.5071005917159763
HCLTECH,prior_positive,close_to_close,3,6469,-5.337658923654116e-06,-2.4003497537468832e-05,0.48941103725459884
HDFCBANK,prior_positive,close_to_close,3,6501,-2.3356914359801974e-06,-1.243572491328596e-06,0.49915397631133673
ICICIBANK,prior_positive,close_to_close,3,6562,-1.4574402101461561e-06,-7.592658232629621e-06,0.49436147516001216
INFY,prior_positive,close_to_close,3,6416,8.47465192828944e-06,-3.171210069576817e-05,0.48566084788029923
ITBEES,prior_positive,close_to_close,3,6498,1.2499150483494081e-06,-2.30272460064339e-05,0.48691905201600494
ITC,prior_positive,close_to_close,3,6438,-1.855611507818956e-05,-2.433363815571329e-05,0.48524386455420937
KOTAKBANK,prior_positive,close_to_close,3,6591,-1.8707332174146701e-06,3.0998426281033384e-06,0.5020482476103778
LT,prior_positive,close_to_close,3,6556,2.810495412915785e-05,-5.7153746452580085e-06,0.49725442342892007
M&M,prior_positive,close_to_close,3,6494,-2.9281211012534407e-05,-1.355591725246686e-05,0.4924545734524176
MARUTI,prior_positive,close_to_close,3,6539,-8.4811787647198e-06,-1.1918154559198424e-05,0.4931946780853341
NIFTYBEES,prior_positive,close_to_close,3,6692,-8.051857826240222e-06,-1.195205054091116e-06,0.4986551105797968
RELIANCE,prior_positive,close_to_close,3,6457,-1.898158570741064e-06,-1.0294299366849391e-05,0.49264364255846366
SBIN,prior_positive,close_to_close,3,6529,1.716805536743821e-05,-5.052289396839031e-06,0.4968601623525808
SUNPHARMA,prior_positive,close_to_close,3,6624,1.4273448187863882e-05,4.982140006588721e-06,0.5021135265700483
TATASTEEL,prior_positive,close_to_close,3,6571,2.685296042630961e-05,-3.013488659979024e-06,0.498097702024045
AXISBANK,prior_negative_abs_Q1,close_to_close,3,1640,-1.0865617823088006e-05,9.423910154274804e-07,0.500609756097561
BANKBEES,prior_negative_abs_Q1,close_to_close,3,1604,-8.642436738459155e-06,7.94144314847059e-06,0.5081047381546134
BHARTIARTL,prior_negative_abs_Q1,close_to_close,3,1628,-2.077327988977267e-05,-8.976586278482525e-06,0.49692874692874694
GOLDBEES,prior_negative_abs_Q1,close_to_close,3,1650,8.479417262451364e-05,6.557154257178264e-05,0.5363636363636364
HCLTECH,prior_negative_abs_Q1,close_to_close,3,1670,-3.346189890450635e-05,-2.9627757169775615e-05,0.4880239520958084
HDFCBANK,prior_negative_abs_Q1,close_to_close,3,1674,-1.8700846384889265e-05,-2.5419270941965134e-05,0.4874551971326165
ICICIBANK,prior_negative_abs_Q1,close_to_close,3,1640,-2.4338381244688345e-05,5.8480652819214995e-06,0.5018292682926829
INFY,prior_negative_abs_Q1,close_to_close,3,1653,-3.6957343180947824e-05,-1.584740962829519e-05,0.49183303085299457
ITBEES,prior_negative_abs_Q1,close_to_close,3,1673,2.9650790014672786e-05,1.8573560330834276e-05,0.5140466228332337
ITC,prior_negative_abs_Q1,close_to_close,3,1663,1.8755482632351526e-05,-1.4236965403085426e-05,0.4906794948887553
KOTAKBANK,prior_negative_abs_Q1,close_to_close,3,1647,3.348721066048524e-05,-3.624545422668379e-06,0.4978749241044323
LT,prior_negative_abs_Q1,close_to_close,3,1686,-1.7511118690916913e-05,-1.2450591645109726e-05,0.4940688018979834
M&M,prior_negative_abs_Q1,close_to_close,3,1670,-1.854813031723093e-05,-3.584900006083544e-05,0.48562874251497007
MARUTI,prior_negative_abs_Q1,close_to_close,3,1687,-2.998878789423674e-05,-3.713286359556073e-05,0.4754001185536455
NIFTYBEES,prior_negative_abs_Q1,close_to_close,3,1610,1.4812347741953244e-05,1.6481118377206465e-05,0.5254658385093167
RELIANCE,prior_negative_abs_Q1,close_to_close,3,1696,-7.86981523872663e-06,-2.0856011965898604e-05,0.486438679245283
SBIN,prior_negative_abs_Q1,close_to_close,3,1697,-2.323436644557668e-05,-5.658780607785559e-05,0.4655274012964054
SUNPHARMA,prior_negative_abs_Q1,close_to_close,3,1625,7.328130114599598e-06,3.931899156175663e-06,0.5052307692307693
TATASTEEL,prior_negative_abs_Q1,close_to_close,3,1660,-1.87602826346496e-05,9.264913377376392e-06,0.5030120481927711
AXISBANK,prior_negative_abs_Q2,close_to_close,3,1623,5.7594147973606083e-05,3.7841922677312516e-05,0.5194085027726433
BANKBEES,prior_negative_abs_Q2,close_to_close,3,1579,-3.937249006077048e-06,1.1960272732419101e-05,0.506016466117796
BHARTIARTL,prior_negative_abs_Q2,close_to_close,3,1621,1.0496382612918488e-05,3.7284797530388793e-06,0.5015422578655151
GOLDBEES,prior_negative_abs_Q2,close_to_close,3,1618,8.516199865237012e-05,1.6174819061462166e-05,0.5080346106304079
HCLTECH,prior_negative_abs_Q2,close_to_close,3,1692,-4.543821146361123e-05,8.260667605786143e-07,0.5
HDFCBANK,prior_negative_abs_Q2,close_to_close,3,1649,-4.9461956300915e-05,-1.9789315433652922e-05,0.49241964827167983
ICICIBANK,prior_negative_abs_Q2,close_to_close,3,1723,-6.4393984153137296e-06,-1.0449332389663964e-05,0.4933255948926291
INFY,prior_negative_abs_Q2,close_to_close,3,1675,2.381233746187172e-05,-9.370537883721477e-07,0.49791044776119403
ITBEES,prior_negative_abs_Q2,close_to_close,3,1605,-4.897589188394216e-05,-1.1319726253603918e-05,0.49221183800623053
ITC,prior_negative_abs_Q2,close_to_close,3,1712,-4.093106910965789e-05,-1.4659065644474594e-05,0.49007009345794394
KOTAKBANK,prior_negative_abs_Q2,close_to_close,3,1636,5.55837362235083e-06,-1.3620048605756432e-05,0.49511002444987773
LT,prior_negative_abs_Q2,close_to_close,3,1648,3.031233169170621e-05,1.791231161877973e-05,0.5109223300970874
M&M,prior_negative_abs_Q2,close_to_close,3,1690,1.3981960868647378e-05,-4.259961327682248e-05,0.48757396449704143
MARUTI,prior_negative_abs_Q2,close_to_close,3,1667,-1.8284450357888385e-05,2.0251475758015225e-06,0.5020995800839833
NIFTYBEES,prior_negative_abs_Q2,close_to_close,3,1627,-9.396760393293505e-06,-1.6127775344467778e-06,0.49354640442532266
RELIANCE,prior_negative_abs_Q2,close_to_close,3,1669,-3.6656428250815726e-05,-5.293566002331464e-05,0.47094068304373876
SBIN,prior_negative_abs_Q2,close_to_close,3,1671,4.7802137256901876e-05,-6.317151348066282e-06,0.4967085577498504
SUNPHARMA,prior_negative_abs_Q2,close_to_close,3,1686,7.770893894832386e-05,2.7685613480377036e-06,0.501779359430605
TATASTEEL,prior_negative_abs_Q2,close_to_close,3,1666,5.3882765841412975e-05,2.1129615822814936e-05,0.507202881152461
AXISBANK,prior_negative_abs_Q3,close_to_close,3,1674,-1.9987954143962773e-05,-1.6321055645437038e-05,0.4958183990442055
BANKBEES,prior_negative_abs_Q3,close_to_close,3,1646,3.535024561457469e-05,2.716843022164561e-05,0.5206561360874848
BHARTIARTL,prior_negative_abs_Q3,close_to_close,3,1706,-1.0970497246269305e-05,8.96562011131382e-06,0.5064478311840562
GOLDBEES,prior_negative_abs_Q3,close_to_close,3,1615,1.9844379467348483e-06,3.691533399582643e-05,0.5219814241486068
HCLTECH,prior_negative_abs_Q3,close_to_close,3,1715,-5.3131333013481404e-05,-2.7856687005229437e-05,0.4839650145772595
HDFCBANK,prior_negative_abs_Q3,close_to_close,3,1684,-2.4043627707878626e-05,-7.150182183736207e-06,0.49584323040380046
ICICIBANK,prior_negative_abs_Q3,close_to_close,3,1654,1.651219394276999e-05,1.4347503417728243e-05,0.5048367593712213
INFY,prior_negative_abs_Q3,close_to_close,3,1763,-4.9656986743729254e-05,-4.672768666142465e-05,0.4832671582529779
ITBEES,prior_negative_abs_Q3,close_to_close,3,1714,-7.78512197689953e-06,-2.3429209124335845e-05,0.49066511085180864
ITC,prior_negative_abs_Q3,close_to_close,3,1717,-7.512066562993798e-05,-3.872187833108768e-05,0.47699475829935933
KOTAKBANK,prior_negative_abs_Q3,close_to_close,3,1680,-4.1842169681212284e-06,6.905977901381917e-06,0.5029761904761905
LT,prior_negative_abs_Q3,close_to_close,3,1679,2.8743281880441412e-05,-2.795386510409984e-06,0.49791542584871945
M&M,prior_negative_abs_Q3,close_to_close,3,1673,2.826673075163074e-06,-8.892314507495224e-06,0.4967124925283921
MARUTI,prior_negative_abs_Q3,close_to_close,3,1639,3.392649989097657e-05,-1.3791229644177783e-05,0.49481391092129345
NIFTYBEES,prior_negative_abs_Q3,close_to_close,3,1629,-2.6474471929998385e-06,1.3768691519410034e-05,0.5174953959484346
RELIANCE,prior_negative_abs_Q3,close_to_close,3,1700,3.998145693232926e-05,-1.9645822060216414e-05,0.49176470588235294
SBIN,prior_negative_abs_Q3,close_to_close,3,1672,3.100633885268576e-05,-8.45955228053998e-06,0.49760765550239233
SUNPHARMA,prior_negative_abs_Q3,close_to_close,3,1612,-5.4507171411002646e-05,-1.2965025790077466e-05,0.49317617866004965
TATASTEEL,prior_negative_abs_Q3,close_to_close,3,1663,4.143130928104115e-06,-2.4832639234140252e-05,0.48767288033674083
AXISBANK,prior_negative_abs_Q4,close_to_close,3,1619,5.204085272033385e-05,-1.0289828036191828e-05,0.4972205064854849
BANKBEES,prior_negative_abs_Q4,close_to_close,3,1627,-2.8361262071860227e-05,-3.4855362385233235e-06,0.4990780577750461
BHARTIARTL,prior_negative_abs_Q4,close_to_close,3,1646,-7.999841824096433e-06,2.3944841846945046e-05,0.5097205346294046
GOLDBEES,prior_negative_abs_Q4,close_to_close,3,1565,5.3671001680560105e-05,2.354622953886702e-06,0.5003194888178913
HCLTECH,prior_negative_abs_Q4,close_to_close,3,1662,3.3549119748746475e-05,-2.7753272129933527e-05,0.4891696750902527
HDFCBANK,prior_negative_abs_Q4,close_to_close,3,1700,-3.416984914416867e-05,-6.762115647811669e-05,0.46647058823529414
ICICIBANK,prior_negative_abs_Q4,close_to_close,3,1629,-1.2448445717002017e-05,-1.0186969883067333e-05,0.4972375690607735
INFY,prior_negative_abs_Q4,close_to_close,3,1701,-8.919565593164559e-05,-8.801807986946123e-05,0.4708994708994709
ITBEES,prior_negative_abs_Q4,close_to_close,3,1718,-8.597113862431481e-05,-2.184314734931463e-05,0.490104772991851
ITC,prior_negative_abs_Q4,close_to_close,3,1678,-4.917692039786755e-06,-1.5521092040134836e-06,0.5
KOTAKBANK,prior_negative_abs_Q4,close_to_close,3,1654,-2.885187443719896e-05,-3.781224171886839e-05,0.48851269649334944
LT,prior_negative_abs_Q4,close_to_close,3,1639,-7.114331197477638e-05,-6.248857653770893e-05,0.4783404514948139
M&M,prior_negative_abs_Q4,close_to_close,3,1681,4.0176704491498717e-05,-1.1203085769129206e-05,0.49375371802498513
MARUTI,prior_negative_abs_Q4,close_to_close,3,1676,-2.5998313888661703e-05,3.121469616850107e-05,0.5143198090692124
NIFTYBEES,prior_negative_abs_Q4,close_to_close,3,1650,1.1258663495295948e-05,1.7921976435455095e-05,0.5224242424242425
RELIANCE,prior_negative_abs_Q4,close_to_close,3,1686,-1.8675201852987545e-05,-1.5631607375998783e-05,0.4916963226571768
SBIN,prior_negative_abs_Q4,close_to_close,3,1639,2.2680008636537584e-05,2.3613480463103973e-05,0.5088468578401464
SUNPHARMA,prior_negative_abs_Q4,close_to_close,3,1661,4.404565525533833e-06,1.2939782910374286e-05,0.5033112582781457
TATASTEEL,prior_negative_abs_Q4,close_to_close,3,1648,1.4227699952009728e-05,-4.116840480156764e-05,0.49029126213592233
AXISBANK,prior_positive_abs_Q1,close_to_close,3,1663,6.455465841850318e-05,6.462610325463913e-05,0.5267588695129285
BANKBEES,prior_positive_abs_Q1,close_to_close,3,1698,9.910962203563046e-06,1.7128936760479885e-05,0.5141342756183745
BHARTIARTL,prior_positive_abs_Q1,close_to_close,3,1674,-4.16521869293948e-05,-3.672854652180443e-05,0.47610513739545995
GOLDBEES,prior_positive_abs_Q1,close_to_close,3,1653,4.711821871206092e-05,8.285316195652851e-06,0.5051421657592257
HCLTECH,prior_positive_abs_Q1,close_to_close,3,1631,1.4542782090471511e-05,-3.0487246253676787e-05,0.489883507050889
HDFCBANK,prior_positive_abs_Q1,close_to_close,3,1629,-3.523750219843283e-05,-1.656210674253226e-05,0.4892572130141191
ICICIBANK,prior_positive_abs_Q1,close_to_close,3,1663,-3.196073748880142e-05,-1.2689071537958581e-05,0.48767288033674083
INFY,prior_positive_abs_Q1,close_to_close,3,1648,2.29199251867432e-05,-1.2692602015560185e-06,0.4993932038834951
ITBEES,prior_positive_abs_Q1,close_to_close,3,1629,2.7872523088073395e-06,-3.0666804118913614e-05,0.48066298342541436
ITC,prior_positive_abs_Q1,close_to_close,3,1640,-2.428151105730071e-05,-2.8112619406359433e-05,0.48109756097560974
KOTAKBANK,prior_positive_abs_Q1,close_to_close,3,1654,3.0488124940412746e-07,-1.2157412226213328e-05,0.496372430471584
LT,prior_positive_abs_Q1,close_to_close,3,1616,4.598022697790329e-05,2.1090258190630635e-06,0.5012376237623762
M&M,prior_positive_abs_Q1,close_to_close,3,1633,1.7342258506354666e-05,-3.7440152123591197e-06,0.4990814451928965
MARUTI,prior_positive_abs_Q1,close_to_close,3,1615,-1.2543642313949563e-05,-2.1738981666839926e-05,0.4842105263157895
NIFTYBEES,prior_positive_abs_Q1,close_to_close,3,1692,5.528036685347405e-07,5.90493521968051e-06,0.5094562647754137
RELIANCE,prior_positive_abs_Q1,close_to_close,3,1606,1.3013515882674314e-05,-5.966800688024336e-06,0.49688667496886674
SBIN,prior_positive_abs_Q1,close_to_close,3,1606,2.319297568306442e-05,-4.347356508847364e-06,0.4975093399750934
SUNPHARMA,prior_positive_abs_Q1,close_to_close,3,1677,3.0708684101160206e-05,1.4922888306055833e-06,0.5008944543828264
TATASTEEL,prior_positive_abs_Q1,close_to_close,3,1643,8.485682366467288e-06,-2.3345695379959155e-06,0.4972611077297626
AXISBANK,prior_positive_abs_Q2,close_to_close,3,1679,8.133021198717252e-06,-2.159850316936344e-05,0.48779035139964266
BANKBEES,prior_positive_abs_Q2,close_to_close,3,1723,2.226526356572944e-05,2.7301553533371552e-05,0.5206035983749274
BHARTIARTL,prior_positive_abs_Q2,close_to_close,3,1682,1.3757977237521198e-05,1.7861812408080814e-05,0.5118906064209274
GOLDBEES,prior_positive_abs_Q2,close_to_close,3,1684,6.480784187111823e-05,6.0391237304015093e-05,0.5308788598574822
HCLTECH,prior_positive_abs_Q2,close_to_close,3,1611,-7.906536168707442e-05,-3.337072277917772e-05,0.48417132216014896
HDFCBANK,prior_positive_abs_Q2,close_to_close,3,1654,-1.67762654414515e-05,-1.8373260430526342e-05,0.4879081015719468
ICICIBANK,prior_positive_abs_Q2,close_to_close,3,1579,1.848435225090752e-05,-8.041982699337296e-07,0.4990500316656111
INFY,prior_positive_abs_Q2,close_to_close,3,1627,6.972268140288981e-06,-2.966180305867693e-05,0.48740012292563
ITBEES,prior_positive_abs_Q2,close_to_close,3,1698,-1.7717735912089178e-05,-4.2659059937293206e-05,0.47820965842167257
ITC,prior_positive_abs_Q2,close_to_close,3,1590,-2.643839658881842e-05,-2.885221472596745e-05,0.4779874213836478
KOTAKBANK,prior_positive_abs_Q2,close_to_close,3,1667,-3.24953090771951e-05,1.389373885999105e-05,0.5080983803239352
LT,prior_positive_abs_Q2,close_to_close,3,1655,6.237288218519158e-07,-9.20344105922083e-06,0.49667673716012084
M&M,prior_positive_abs_Q2,close_to_close,3,1612,-7.033952973292454e-05,-1.55512454256453e-05,0.4869727047146402
MARUTI,prior_positive_abs_Q2,close_to_close,3,1635,1.1213630085201022e-05,4.038054378498033e-06,0.5027522935779817
NIFTYBEES,prior_positive_abs_Q2,close_to_close,3,1676,-2.87963940380945e-08,-3.3767699949128853e-06,0.49522673031026254
RELIANCE,prior_positive_abs_Q2,close_to_close,3,1634,-5.236601995067187e-06,-1.712238522577625e-05,0.4908200734394125
SBIN,prior_positive_abs_Q2,close_to_close,3,1632,1.7069851824622925e-06,-3.1911656426859084e-06,0.49754901960784315
SUNPHARMA,prior_positive_abs_Q2,close_to_close,3,1616,-3.891635312565953e-06,3.0366516214713764e-05,0.5210396039603961
TATASTEEL,prior_positive_abs_Q2,close_to_close,3,1635,1.5501417889804293e-05,-4.475017385701589e-06,0.4948012232415902
AXISBANK,prior_positive_abs_Q3,close_to_close,3,1628,3.1286048223447884e-05,3.985283624203928e-05,0.5184275184275184
BANKBEES,prior_positive_abs_Q3,close_to_close,3,1655,-1.4173177638698283e-05,-5.337892478517311e-06,0.49486404833836856
BHARTIARTL,prior_positive_abs_Q3,close_to_close,3,1594,5.094939070011475e-06,-1.8023410245497743e-05,0.4905897114178168
GOLDBEES,prior_positive_abs_Q3,close_to_close,3,1687,-9.204756378927265e-05,-7.819483591051427e-06,0.4919976289270895
HCLTECH,prior_positive_abs_Q3,close_to_close,3,1586,-2.5081313271324056e-05,-5.0046327753615394e-05,0.47477931904161413
HDFCBANK,prior_positive_abs_Q3,close_to_close,3,1616,-1.1590513667483403e-06,7.72422401834307e-06,0.5037128712871287
ICICIBANK,prior_positive_abs_Q3,close_to_close,3,1648,1.5829718864658735e-05,-7.890238071076342e-06,0.4945388349514563
INFY,prior_positive_abs_Q3,close_to_close,3,1539,1.5623435539543283e-05,-2.1168889375558183e-05,0.48862897985705
ITBEES,prior_positive_abs_Q3,close_to_close,3,1586,1.2563922803678267e-05,-4.734881829350371e-06,0.49558638083228246
ITC,prior_positive_abs_Q3,close_to_close,3,1585,3.5796912297338232e-06,-1.7556732625884715e-05,0.4927444794952681
KOTAKBANK,prior_positive_abs_Q3,close_to_close,3,1621,4.365989974750183e-05,1.363103578201478e-05,0.5095619987661937
LT,prior_positive_abs_Q3,close_to_close,3,1623,-8.065820657676163e-06,1.3841286323090785e-05,0.5027726432532348
M&M,prior_positive_abs_Q3,close_to_close,3,1628,-2.8448690377504845e-05,-1.7034509866959484e-05,0.492014742014742
MARUTI,prior_positive_abs_Q3,close_to_close,3,1663,-3.535322621251921e-05,-1.5987909417610358e-05,0.4930847865303668
NIFTYBEES,prior_positive_abs_Q3,close_to_close,3,1673,-4.738226811547482e-06,-9.147799072579087e-06,0.48894202032277345
RELIANCE,prior_positive_abs_Q3,close_to_close,3,1601,-1.2640046209181746e-05,-1.3094810463409878e-05,0.48906933166770766
SBIN,prior_positive_abs_Q3,close_to_close,3,1629,3.233276396824246e-05,-2.0399450492739974e-05,0.49355432780847147
SUNPHARMA,prior_positive_abs_Q3,close_to_close,3,1689,3.7124149033236394e-05,-4.892431143944812e-06,0.4991119005328597
TATASTEEL,prior_positive_abs_Q3,close_to_close,3,1638,2.1058585615098746e-05,-1.548322045422104e-05,0.49572649572649574
AXISBANK,prior_positive_abs_Q4,close_to_close,3,1682,-4.481030233393873e-05,-4.2806818191490033e-05,0.4845422116527943
BANKBEES,prior_positive_abs_Q4,close_to_close,3,1676,1.535017115584537e-05,2.654061937830258e-05,0.5244630071599046
BHARTIARTL,prior_positive_abs_Q4,close_to_close,3,1657,4.406477531212872e-05,2.1507683895083396e-05,0.5087507543753772
GOLDBEES,prior_positive_abs_Q4,close_to_close,3,1736,2.6014888242907404e-05,2.448173394321092e-06,0.5005760368663594
HCLTECH,prior_positive_abs_Q4,close_to_close,3,1641,6.636481862249805e-05,2.435150405327095e-05,0.5082266910420475
HDFCBANK,prior_positive_abs_Q4,close_to_close,3,1602,4.484302815528459e-05,4.3648126451970354e-05,0.5162297128589264
ICICIBANK,prior_positive_abs_Q4,close_to_close,3,1672,-6.989943246556754e-06,-7.0626267781716354e-06,0.4964114832535885
INFY,prior_positive_abs_Q4,close_to_close,3,1602,-1.1727226901033088e-05,-7.802023633286651e-05,0.46691635455680397
ITBEES,prior_positive_abs_Q4,close_to_close,3,1585,8.668673807710393e-06,-1.0502948460808497e-05,0.494006309148265
ITC,prior_positive_abs_Q4,close_to_close,3,1623,-2.666626664344921e-05,-1.5862367931027447e-05,0.48921749845964263
KOTAKBANK,prior_positive_abs_Q4,close_to_close,3,1649,-1.7851603081571108e-05,-6.633003364212936e-06,0.4942389326864767
LT,prior_positive_abs_Q4,close_to_close,3,1662,7.341190625855029e-05,-2.9775461073358887e-05,0.48856799037304455
M&M,prior_positive_abs_Q4,close_to_close,3,1621,-3.6255584572623914e-05,-1.7189889331624566e-05,0.49167180752621836
MARUTI,prior_positive_abs_Q4,close_to_close,3,1626,3.233508239016957e-06,-1.6110450843148018e-05,0.492619926199262
NIFTYBEES,prior_positive_abs_Q4,close_to_close,3,1651,-2.8372537957742926e-05,8.161838521517919e-07,0.500908540278619
RELIANCE,prior_positive_abs_Q4,close_to_close,3,1616,-2.699749231441938e-06,-6.89688913716828e-06,0.4938118811881188
SBIN,prior_positive_abs_Q4,close_to_close,3,1662,1.1664526007796179e-05,-9.805355614647313e-07,0.49879663056558365
SUNPHARMA,prior_positive_abs_Q4,close_to_close,3,1642,-8.13943209090441e-06,-2.9407010241884318e-05,0.4878197320341047
TATASTEEL,prior_positive_abs_Q4,close_to_close,3,1655,6.203628117571775e-05,2.103102157193415e-05,0.5045317220543807
AXISBANK,prior_negative,close_to_close,6,6554,1.9898762926529154e-05,1.8422246024086338e-05,0.5096124504119621
BANKBEES,prior_negative,close_to_close,6,6454,7.443762365604625e-07,1.207272196971119e-05,0.5096064456151224
BHARTIARTL,prior_negative,close_to_close,6,6598,-9.145855180884494e-06,-4.753159303301358e-06,0.4977265838132767
GOLDBEES,prior_negative,close_to_close,6,6447,2.3123780905218326e-05,3.262430401317843e-05,0.5143477586474329
HCLTECH,prior_negative,close_to_close,6,6738,-2.3990838909897122e-05,-4.159144402140122e-05,0.4817453250222618
HDFCBANK,prior_negative,close_to_close,6,6705,-2.9944222011360935e-05,-1.94941774938124e-05,0.4888888888888889
ICICIBANK,prior_negative,close_to_close,6,6644,3.849810220558989e-06,-7.559179774999981e-06,0.4963877182420229
INFY,prior_negative,close_to_close,6,6791,-2.4865349706639504e-05,-3.066345703960237e-05,0.48637903107053454
ITBEES,prior_negative,close_to_close,6,6709,-2.7552641090583597e-05,-2.1869588373561234e-05,0.48829929944850203
ITC,prior_negative,close_to_close,6,6770,-2.491356079247665e-05,-3.357803253220857e-05,0.48212703101920235
KOTAKBANK,prior_negative,close_to_close,6,6615,-7.010273988656139e-06,-4.991158622119e-06,0.49765684051398335
LT,prior_negative,close_to_close,6,6650,3.322957997024711e-05,1.8890780641375425e-05,0.5079699248120301
M&M,prior_negative,close_to_close,6,6711,-3.144745830567325e-05,-2.2111936981545417e-05,0.4894948591864104
MARUTI,prior_negative,close_to_close,6,6667,-2.0339940157196102e-05,-1.5971210955996852e-05,0.4921253937303135
NIFTYBEES,prior_negative,close_to_close,6,6515,-4.519422013812858e-06,1.5677913013255513e-06,0.5020721412125864
RELIANCE,prior_negative,close_to_close,6,6751,-1.0981686412914103e-05,-2.4633010743241928e-05,0.4870389571915272
SBIN,prior_negative,close_to_close,6,6677,1.6521824637069974e-05,-1.673493835203162e-05,0.4900404373221507
SUNPHARMA,prior_negative,close_to_close,6,6583,4.124214708251663e-05,5.334382469604178e-06,0.5037217074282242
TATASTEEL,prior_negative,close_to_close,6,6635,1.4750133579592138e-05,-8.11230146274205e-06,0.49630746043707613
AXISBANK,prior_positive,close_to_close,6,6651,1.365773433891191e-05,-6.188963500673847e-06,0.4978198767102691
BANKBEES,prior_positive,close_to_close,6,6751,6.494147717165224e-06,1.7332516554952678e-05,0.5125166641978967
BHARTIARTL,prior_positive,close_to_close,6,6607,7.4910086041097605e-06,6.222088736666407e-06,0.5029514151657333
GOLDBEES,prior_positive,close_to_close,6,6758,4.313311205153427e-05,1.9073315639976218e-05,0.5094702574726251
HCLTECH,prior_positive,close_to_close,6,6467,-6.31427708540155e-06,-2.746689481401989e-06,0.49822174114736356
HDFCBANK,prior_positive,close_to_close,6,6500,-3.867026954319022e-06,-9.802140091574163e-06,0.4956923076923077
ICICIBANK,prior_positive,close_to_close,6,6561,-1.1851966947380347e-05,-3.2723610270463848e-06,0.4973327236701722
INFY,prior_positive,close_to_close,6,6414,-5.7987664889837795e-06,-2.822051242054899e-05,0.48518864982850013
ITBEES,prior_positive,close_to_close,6,6496,5.517452381188983e-07,-9.145311210687328e-06,0.4956896551724138
ITC,prior_positive,close_to_close,6,6435,-1.9494681742625867e-05,-1.1782108483127107e-05,0.49292929292929294
KOTAKBANK,prior_positive,close_to_close,6,6590,6.43195442831667e-06,4.601362047156705e-07,0.5003034901365706
LT,prior_positive,close_to_close,6,6555,-1.2951565806020307e-05,-2.9788907830187293e-05,0.4845156369183829
M&M,prior_positive,close_to_close,6,6494,1.353419946393004e-05,-1.072413353599298e-05,0.49399445642131196
MARUTI,prior_positive,close_to_close,6,6538,1.4744618478034705e-06,-3.2468033108252307e-06,0.49785867237687365
NIFTYBEES,prior_positive,close_to_close,6,6690,-2.0454154426466383e-07,7.653944970650553e-06,0.5109118086696562
RELIANCE,prior_positive,close_to_close,6,6454,3.581437339429598e-06,-1.4840228329747616e-05,0.4907034397273009
SBIN,prior_positive,close_to_close,6,6528,1.9652516820349653e-05,-3.0999263747795896e-06,0.4987745098039216
SUNPHARMA,prior_positive,close_to_close,6,6622,-1.7371327055104214e-05,-2.245684047743853e-06,0.49924494110540624
TATASTEEL,prior_positive,close_to_close,6,6570,2.5618462683139632e-05,-2.4794921641794512e-06,0.4989345509893455
AXISBANK,prior_negative_abs_Q1,close_to_close,6,1640,1.940579795982215e-05,1.1007842863178562e-05,0.5079268292682927
BANKBEES,prior_negative_abs_Q1,close_to_close,6,1604,3.2303256396856327e-06,2.1009157565390556e-05,0.5199501246882793
BHARTIARTL,prior_negative_abs_Q1,close_to_close,6,1628,-1.4910793619357687e-06,-1.713293687774815e-05,0.48894348894348894
GOLDBEES,prior_negative_abs_Q1,close_to_close,6,1649,0.00010792228422735608,4.3651285967881556e-05,0.5239539114614918
HCLTECH,prior_negative_abs_Q1,close_to_close,6,1670,-4.3473359762405076e-05,-6.474643417364898e-05,0.4664670658682635
HDFCBANK,prior_negative_abs_Q1,close_to_close,6,1674,-3.895712191537315e-05,-8.449389789900877e-06,0.494026284348865
ICICIBANK,prior_negative_abs_Q1,close_to_close,6,1640,6.2710676568635556e-06,1.748991316870128e-06,0.501219512195122
INFY,prior_negative_abs_Q1,close_to_close,6,1653,-1.462046245899034e-05,-9.803386533761393e-06,0.49364791288566245
ITBEES,prior_negative_abs_Q1,close_to_close,6,1672,-4.678524165388516e-05,-7.062209317426572e-06,0.4946172248803828
ITC,prior_negative_abs_Q1,close_to_close,6,1663,-5.691742884892928e-05,-3.511545674567129e-05,0.4792543595911004
KOTAKBANK,prior_negative_abs_Q1,close_to_close,6,1646,-5.998640167577815e-05,-4.1636767253907766e-05,0.48055893074119077
LT,prior_negative_abs_Q1,close_to_close,6,1685,3.210496956950794e-05,8.998641556290377e-06,0.5026706231454006
M&M,prior_negative_abs_Q1,close_to_close,6,1669,-3.9328317996090763e-05,1.5971275013934951e-06,0.5002995805871779
MARUTI,prior_negative_abs_Q1,close_to_close,6,1687,2.57194743155568e-05,1.0055101253773438e-05,0.5074096028452875
NIFTYBEES,prior_negative_abs_Q1,close_to_close,6,1610,1.244849948564483e-05,8.168170466449354e-06,0.5118012422360249
RELIANCE,prior_negative_abs_Q1,close_to_close,6,1696,-2.8182544379423632e-05,-2.4453860777126942e-05,0.4834905660377358
SBIN,prior_negative_abs_Q1,close_to_close,6,1697,3.702979023279973e-05,-2.8698798650984717e-05,0.48143783146729524
SUNPHARMA,prior_negative_abs_Q1,close_to_close,6,1625,5.180345280114298e-06,-4.892431143944812e-06,0.4978461538461538
TATASTEEL,prior_negative_abs_Q1,close_to_close,6,1660,-5.207060654584406e-06,2.625365908302657e-05,0.5096385542168674
AXISBANK,prior_negative_abs_Q2,close_to_close,6,1623,6.432976754251426e-05,5.2034623277451443e-05,0.5286506469500925
BANKBEES,prior_negative_abs_Q2,close_to_close,6,1578,-1.3482793271499784e-05,-4.85594994085244e-06,0.49619771863117873
BHARTIARTL,prior_negative_abs_Q2,close_to_close,6,1620,3.352346139010053e-05,4.74600287070791e-05,0.5203703703703704
GOLDBEES,prior_negative_abs_Q2,close_to_close,6,1618,-1.5473821560188213e-05,2.402911268786779e-05,0.5105067985166872
HCLTECH,prior_negative_abs_Q2,close_to_close,6,1691,1.209938707622441e-05,-1.584809244170593e-06,0.4991129509166174
HDFCBANK,prior_negative_abs_Q2,close_to_close,6,1649,5.983246504828496e-06,-1.608357279822255e-05,0.4851425106124924
ICICIBANK,prior_negative_abs_Q2,close_to_close,6,1723,5.1450474022856256e-05,6.971889343473009e-06,0.5037724898432966
INFY,prior_negative_abs_Q2,close_to_close,6,1675,-7.310452659657454e-05,-7.417290785780944e-05,0.46567164179104475
ITBEES,prior_negative_abs_Q2,close_to_close,6,1605,1.6560431714544443e-06,-2.7916724459626304e-05,0.4866043613707165
ITC,prior_negative_abs_Q2,close_to_close,6,1712,2.4744465867122266e-05,-2.5763389323264657e-05,0.49065420560747663
KOTAKBANK,prior_negative_abs_Q2,close_to_close,6,1635,2.8185300218350206e-05,2.0756542838402175e-05,0.5131498470948013
LT,prior_negative_abs_Q2,close_to_close,6,1647,-1.8983896832405063e-05,7.281920091917193e-06,0.5021250758955677
M&M,prior_negative_abs_Q2,close_to_close,6,1689,2.737684445150909e-05,2.304643261908442e-05,0.5091770278271166
MARUTI,prior_negative_abs_Q2,close_to_close,6,1667,-3.457060368453889e-05,-2.0140970790542443e-05,0.4877024595080984
NIFTYBEES,prior_negative_abs_Q2,close_to_close,6,1626,6.802405658048949e-07,-3.3239918811477543e-06,0.491389913899139
RELIANCE,prior_negative_abs_Q2,close_to_close,6,1669,-7.615061179976552e-06,-1.8890256515999662e-06,0.49970041941282206
SBIN,prior_negative_abs_Q2,close_to_close,6,1671,1.8787861192599602e-05,-1.8051885518381245e-05,0.4889287851585877
SUNPHARMA,prior_negative_abs_Q2,close_to_close,6,1686,-3.904386083540429e-06,-5.183214378337261e-06,0.498220640569395
TATASTEEL,prior_negative_abs_Q2,close_to_close,6,1664,-1.217565445383304e-05,-4.6422022497081025e-05,0.4777644230769231
AXISBANK,prior_negative_abs_Q3,close_to_close,6,1674,4.592405402579958e-05,2.822367288242885e-05,0.515531660692951
BANKBEES,prior_negative_abs_Q3,close_to_close,6,1646,1.9232806968621213e-05,2.7246358753381226e-05,0.5218712029161604
BHARTIARTL,prior_negative_abs_Q3,close_to_close,6,1706,-5.6684379168070186e-05,-5.706992919512428e-05,0.4771395076201641
GOLDBEES,prior_negative_abs_Q3,close_to_close,6,1615,1.5855183767965814e-05,2.2613238674128308e-05,0.5077399380804953
HCLTECH,prior_negative_abs_Q3,close_to_close,6,1715,-6.354677671209462e-05,-6.006722678398365e-05,0.4728862973760933
HDFCBANK,prior_negative_abs_Q3,close_to_close,6,1683,-3.588503400646326e-05,-3.086375352108329e-05,0.48663101604278075
ICICIBANK,prior_negative_abs_Q3,close_to_close,6,1653,-3.873506932797246e-05,-2.9459115102720775e-05,0.4882032667876588
INFY,prior_negative_abs_Q3,close_to_close,6,1763,-1.02720854807653e-05,-1.295759796789605e-05,0.4951786727169597
ITBEES,prior_negative_abs_Q3,close_to_close,6,1714,-5.37775877309949e-05,-2.6254388687687216e-05,0.48424737456242706
ITC,prior_negative_abs_Q3,close_to_close,6,1717,1.1790220873706952e-05,-9.639889521708984e-06,0.49330227140361094
KOTAKBANK,prior_negative_abs_Q3,close_to_close,6,1680,-1.4011286617895133e-05,-2.815186632285397e-06,0.4994047619047619
LT,prior_negative_abs_Q3,close_to_close,6,1679,6.323692216216621e-05,2.432894813432969e-05,0.5104228707564026
M&M,prior_negative_abs_Q3,close_to_close,6,1673,-0.0001224237046541347,-9.014899946134061e-05,0.4638374178123132
MARUTI,prior_negative_abs_Q3,close_to_close,6,1638,-2.8234090599984344e-05,-1.6879960133423903e-05,0.49206349206349204
NIFTYBEES,prior_negative_abs_Q3,close_to_close,6,1629,-1.060838661406359e-05,7.863483770822707e-06,0.5089011663597299
RELIANCE,prior_negative_abs_Q3,close_to_close,6,1700,-3.989947112069562e-05,-4.414152626371537e-05,0.4747058823529412
SBIN,prior_negative_abs_Q3,close_to_close,6,1672,6.837857416767902e-05,2.6861686788393062e-05,0.5155502392344498
SUNPHARMA,prior_negative_abs_Q3,close_to_close,6,1612,7.735616853809396e-05,3.902434349301352e-05,0.5223325062034739
TATASTEEL,prior_negative_abs_Q3,close_to_close,6,1663,4.729926246479219e-05,-5.861284777117534e-06,0.4978953698135899
AXISBANK,prior_negative_abs_Q4,close_to_close,6,1617,-5.113982411522904e-05,-3.470991290695685e-05,0.48608534322820035
BANKBEES,prior_negative_abs_Q4,close_to_close,6,1626,-6.616599374673046e-06,-5.872099468093878e-08,0.5
BHARTIARTL,prior_negative_abs_Q4,close_to_close,6,1644,-9.441199436423119e-06,8.934843857910028e-06,0.5054744525547445
GOLDBEES,prior_negative_abs_Q4,close_to_close,6,1565,-1.882064517306577e-05,4.4428696758740875e-05,0.5150159744408945
HCLTECH,prior_negative_abs_Q4,close_to_close,6,1662,-3.171499737205038e-07,-2.837774763327544e-05,0.48856799037304455
HDFCBANK,prior_negative_abs_Q4,close_to_close,6,1699,-5.004923352173336e-05,-2.2667965445909312e-05,0.4896998234255444
ICICIBANK,prior_negative_abs_Q4,close_to_close,6,1628,-5.728813878442954e-06,-1.7009467081740485e-05,0.492014742014742
INFY,prior_negative_abs_Q4,close_to_close,6,1700,-2.4312921536624816e-06,-2.6878498381137475e-05,0.49058823529411766
ITBEES,prior_negative_abs_Q4,close_to_close,6,1718,-9.95861987816562e-06,-2.463997248324429e-05,0.48777648428405124
ITC,prior_negative_abs_Q4,close_to_close,6,1678,-8.141683980570064e-05,-6.414190442152742e-05,0.464839094159714
KOTAKBANK,prior_negative_abs_Q4,close_to_close,6,1654,1.8029413775351703e-05,-4.26322841098889e-06,0.49758162031438935
LT,prior_negative_abs_Q4,close_to_close,6,1639,5.611441052484229e-05,4.979296962168454e-05,0.5167785234899329
M&M,prior_negative_abs_Q4,close_to_close,6,1680,7.839546222542119e-06,-3.721993681711348e-05,0.4845238095238095
MARUTI,prior_negative_abs_Q4,close_to_close,6,1675,-4.48468641513254e-05,-3.968717176862832e-05,0.4811940298507463
NIFTYBEES,prior_negative_abs_Q4,close_to_close,6,1650,-2.0188562398526133e-05,-1.6702809138506147e-06,0.49636363636363634
RELIANCE,prior_negative_abs_Q4,close_to_close,6,1686,3.214642248427211e-05,-2.2797361826035488e-05,0.4905100830367734
SBIN,prior_negative_abs_Q4,close_to_close,6,1637,-6.0016385451764313e-05,-8.04719738754573e-05,0.4740378741600489
SUNPHARMA,prior_negative_abs_Q4,close_to_close,6,1660,8.732749663702591e-05,-8.375629694995508e-06,0.49698795180722893
TATASTEEL,prior_negative_abs_Q4,close_to_close,6,1648,2.919446148023828e-05,6.028133118754129e-07,0.5
AXISBANK,prior_positive_abs_Q1,close_to_close,6,1663,3.291749091142899e-05,2.6904027191576585e-05,0.5111244738424534
BANKBEES,prior_positive_abs_Q1,close_to_close,6,1698,-4.552577859499487e-06,-6.438291053462766e-06,0.49411071849234395
BHARTIARTL,prior_positive_abs_Q1,close_to_close,6,1674,-7.633916572571611e-06,-5.973657394109989e-06,0.497610513739546
GOLDBEES,prior_positive_abs_Q1,close_to_close,6,1652,3.392265490268082e-05,1.2995281627246446e-05,0.5060532687651331
HCLTECH,prior_positive_abs_Q1,close_to_close,6,1631,-5.470112580857989e-05,-2.841221956341916e-05,0.48497854077253216
HDFCBANK,prior_positive_abs_Q1,close_to_close,6,1629,5.689460435230359e-07,-4.446469494829262e-06,0.49969306322897483
ICICIBANK,prior_positive_abs_Q1,close_to_close,6,1663,-2.7518572115931513e-05,-1.6342055679728786e-05,0.4888755261575466
INFY,prior_positive_abs_Q1,close_to_close,6,1648,-1.856209627742583e-05,-1.3961604831346097e-05,0.49211165048543687
ITBEES,prior_positive_abs_Q1,close_to_close,6,1629,-1.4612797378369755e-05,-2.1062026590270814e-05,0.4861878453038674
ITC,prior_positive_abs_Q1,close_to_close,6,1640,-9.808435863463404e-06,-1.2454268703523654e-05,0.4920731707317073
KOTAKBANK,prior_positive_abs_Q1,close_to_close,6,1654,-1.3435196178152722e-05,-6.0477329588940094e-06,0.496372430471584
LT,prior_positive_abs_Q1,close_to_close,6,1616,-2.352140176520915e-05,-1.9300409719656235e-05,0.4907178217821782
M&M,prior_positive_abs_Q1,close_to_close,6,1633,4.0698662466588234e-05,-4.018789086179808e-06,0.4990814451928965
MARUTI,prior_positive_abs_Q1,close_to_close,6,1615,-2.9247315406602247e-05,-1.980218140772921e-05,0.48606811145510836
NIFTYBEES,prior_positive_abs_Q1,close_to_close,6,1692,1.5651191507917315e-05,1.5672398127704173e-05,0.5242316784869976
RELIANCE,prior_positive_abs_Q1,close_to_close,6,1604,-4.7973016341992466e-05,-1.1875861385068909e-05,0.493142144638404
SBIN,prior_positive_abs_Q1,close_to_close,6,1606,1.1568536691045184e-05,4.057053271712852e-06,0.5031133250311333
SUNPHARMA,prior_positive_abs_Q1,close_to_close,6,1677,2.839724439525261e-05,7.021400260069795e-05,0.5235539654144306
TATASTEEL,prior_positive_abs_Q1,close_to_close,6,1643,-1.6071452939329593e-05,-2.2221287247393815e-05,0.4881314668289714
AXISBANK,prior_positive_abs_Q2,close_to_close,6,1679,3.274430655011462e-05,-3.140025077183169e-05,0.4860035735556879
BANKBEES,prior_positive_abs_Q2,close_to_close,6,1723,6.51995860826299e-07,-7.315905211561558e-06,0.493905977945444
BHARTIARTL,prior_positive_abs_Q2,close_to_close,6,1682,4.078603347727432e-05,8.00539045806016e-06,0.5041617122473246
GOLDBEES,prior_positive_abs_Q2,close_to_close,6,1684,-3.634997200865923e-05,2.3628250299673808e-05,0.5118764845605701
HCLTECH,prior_positive_abs_Q2,close_to_close,6,1610,1.847312778428908e-05,1.2130420033559476e-05,0.5062111801242236
HDFCBANK,prior_positive_abs_Q2,close_to_close,6,1654,2.1325495126006937e-06,2.016778647996135e-05,0.5084643288996372
ICICIBANK,prior_positive_abs_Q2,close_to_close,6,1579,3.4101253049010225e-06,1.0188411191596673e-05,0.506016466117796
INFY,prior_positive_abs_Q2,close_to_close,6,1627,-2.529379340943033e-05,-4.363814926909722e-05,0.48063921327596804
ITBEES,prior_positive_abs_Q2,close_to_close,6,1698,-1.1160798944670167e-05,6.146074035379739e-06,0.5047114252061249
ITC,prior_positive_abs_Q2,close_to_close,6,1589,-2.0049328450234896e-05,-8.78422534738515e-06,0.4946507237256136
KOTAKBANK,prior_positive_abs_Q2,close_to_close,6,1667,1.0970441257132377e-05,1.151323957177615e-06,0.5020995800839833
LT,prior_positive_abs_Q2,close_to_close,6,1655,-7.87504925319574e-06,-2.4950180473425196e-05,0.481570996978852
M&M,prior_positive_abs_Q2,close_to_close,6,1612,-4.258377199296437e-06,-4.904909949843874e-06,0.49627791563275436
MARUTI,prior_positive_abs_Q2,close_to_close,6,1635,0.00010673126205799818,4.157343555714438e-05,0.5168195718654435
NIFTYBEES,prior_positive_abs_Q2,close_to_close,6,1676,-8.814443097170533e-06,-3.8140073068004227e-07,0.5
RELIANCE,prior_positive_abs_Q2,close_to_close,6,1634,1.7829563931616856e-05,-1.322935306860253e-05,0.4920440636474908
SBIN,prior_positive_abs_Q2,close_to_close,6,1632,5.905221548479202e-05,1.5810154002945066e-05,0.5134803921568627
SUNPHARMA,prior_positive_abs_Q2,close_to_close,6,1615,-1.3723916538281511e-05,-1.7189937085955925e-05,0.4934984520123839
TATASTEEL,prior_positive_abs_Q2,close_to_close,6,1635,3.971332413382225e-05,2.9844857214362313e-05,0.5082568807339449
AXISBANK,prior_positive_abs_Q3,close_to_close,6,1628,1.9168629850971755e-06,6.220156106838554e-06,0.5024570024570024
BANKBEES,prior_positive_abs_Q3,close_to_close,6,1655,5.777324849692525e-06,2.6598833020376032e-05,0.5262839879154079
BHARTIARTL,prior_positive_abs_Q3,close_to_close,6,1594,-2.8519023059561736e-05,4.480728071240261e-06,0.5025094102885822
GOLDBEES,prior_positive_abs_Q3,close_to_close,6,1686,3.7475671990264184e-05,2.1881233707819898e-05,0.5106761565836299
HCLTECH,prior_positive_abs_Q3,close_to_close,6,1586,-6.726025512156847e-05,-3.641757823563067e-05,0.4766708701134931
HDFCBANK,prior_positive_abs_Q3,close_to_close,6,1616,6.364559839663008e-06,-7.541646499538868e-06,0.49566831683168316
ICICIBANK,prior_positive_abs_Q3,close_to_close,6,1648,-1.4313635215690144e-05,-4.107930157173628e-06,0.4963592233009709
INFY,prior_positive_abs_Q3,close_to_close,6,1539,-7.312720754882033e-05,-3.351366742115891e-05,0.47823261858349575
ITBEES,prior_positive_abs_Q3,close_to_close,6,1586,2.8572946699751077e-05,3.24364544867752e-06,0.5031525851197982
ITC,prior_positive_abs_Q3,close_to_close,6,1585,-3.62720205175539e-05,-7.959775027383604e-06,0.4965299684542587
KOTAKBANK,prior_positive_abs_Q3,close_to_close,6,1620,-1.1446078874983727e-05,-8.934372354215914e-06,0.49506172839506174
LT,prior_positive_abs_Q3,close_to_close,6,1623,1.437976568011802e-05,-5.0028937421027944e-05,0.47566235366605053
M&M,prior_positive_abs_Q3,close_to_close,6,1628,3.3687662805230335e-05,1.617511436145649e-05,0.5067567567567568
MARUTI,prior_positive_abs_Q3,close_to_close,6,1662,1.0188812314815175e-05,1.778105719021617e-05,0.5042117930204573
NIFTYBEES,prior_positive_abs_Q3,close_to_close,6,1672,-1.640081409867256e-05,8.052892271098733e-06,0.506578947368421
RELIANCE,prior_positive_abs_Q3,close_to_close,6,1600,1.974076750062501e-05,-1.722976237215131e-05,0.488125
SBIN,prior_positive_abs_Q3,close_to_close,6,1628,7.683421110081754e-06,-3.169947553398489e-05,0.4871007371007371
SUNPHARMA,prior_positive_abs_Q3,close_to_close,6,1689,-2.246854785061526e-05,-3.5043010145008324e-05,0.4807578448786264
TATASTEEL,prior_positive_abs_Q3,close_to_close,6,1638,7.641857186159214e-05,1.5351943091502884e-05,0.5091575091575091
AXISBANK,prior_positive_abs_Q4,close_to_close,6,1681,-1.3088958914327141e-05,-1.7476827401478407e-05,0.49196906603212376
BANKBEES,prior_positive_abs_Q4,close_to_close,6,1675,2.4410392208697135e-05,6.17321245682626e-05,0.5367164179104478
BHARTIARTL,prior_positive_abs_Q4,close_to_close,6,1657,2.361465578636335e-05,2.0513822347091435e-05,0.5075437537718769
GOLDBEES,prior_positive_abs_Q4,close_to_close,6,1736,0.0001344946516313575,1.8038742030068093e-05,0.5092165898617511
HCLTECH,prior_positive_abs_Q4,close_to_close,6,1640,7.641227754427082e-05,7.824599678471183e-05,0.524390243902439
HDFCBANK,prior_positive_abs_Q4,close_to_close,6,1601,-2.4906217303378916e-05,-4.3376017964360766e-05,0.47845096814490945
ICICIBANK,prior_positive_abs_Q4,close_to_close,6,1671,-8.254390624745477e-06,-1.2033489154510786e-06,0.4985038898862956
INFY,prior_positive_abs_Q4,close_to_close,6,1600,9.193301293727094e-05,-2.4207752120126834e-05,0.489375
ITBEES,prior_positive_abs_Q4,close_to_close,6,1583,6.460689440488798e-07,-2.525138589960633e-05,0.4883133291219204
ITC,prior_positive_abs_Q4,close_to_close,6,1621,-1.2346025151123587e-05,-1.641309611519513e-05,0.48858729179518817
KOTAKBANK,prior_positive_abs_Q4,close_to_close,6,1649,3.933494018381165e-05,1.458708378904779e-05,0.5075803517283202
LT,prior_positive_abs_Q4,close_to_close,6,1661,-3.4432318958866783e-05,-2.400196239937195e-05,0.4900662251655629
M&M,prior_positive_abs_Q4,close_to_close,6,1621,-1.6378060142397296e-05,-6.253503697165963e-05,0.47378161628624305
MARUTI,prior_positive_abs_Q4,close_to_close,6,1626,-8.275828634037396e-05,-3.972767289109336e-05,0.484009840098401
NIFTYBEES,prior_positive_abs_Q4,close_to_close,6,1650,8.693920509885838e-06,7.962407334527466e-06,0.5127272727272727
RELIANCE,prior_positive_abs_Q4,close_to_close,6,1616,2.4346893153448394e-05,-1.8640120650537708e-05,0.48948019801980197
SBIN,prior_positive_abs_Q4,close_to_close,6,1662,4.998403363599632e-07,-1.9882341664951346e-05,0.4915764139590854
SUNPHARMA,prior_positive_abs_Q4,close_to_close,6,1641,-6.248726635022847e-05,-3.52197750280107e-06,0.4990859232175503
TATASTEEL,prior_positive_abs_Q4,close_to_close,6,1654,2.7894748122482504e-06,-2.558376205988617e-05,0.49032648125755746
AXISBANK,prior_negative,close_to_close,12,6552,1.983869846022156e-05,5.961686759413536e-06,0.5021367521367521
BANKBEES,prior_negative,close_to_close,12,6451,-6.622427635440876e-06,1.0571305100163603e-05,0.508138273135948
BHARTIARTL,prior_negative,close_to_close,12,6595,1.172412869855887e-05,4.8917849580066934e-06,0.5020470053070508
GOLDBEES,prior_negative,close_to_close,12,6442,4.17214196817972e-06,1.1530317123377288e-05,0.5065197143744179
HCLTECH,prior_negative,close_to_close,12,6734,-2.94495117709388e-05,-2.7544624215410568e-05,0.4861894861894862
HDFCBANK,prior_negative,close_to_close,12,6701,-2.3444711659573466e-05,-1.603207635285527e-05,0.49112072824951497
ICICIBANK,prior_negative,close_to_close,12,6639,-9.737605808773516e-06,-1.0640187086753553e-05,0.49254405784003613
INFY,prior_negative,close_to_close,12,6787,-4.147205105707132e-05,-2.86531246260275e-05,0.4862236628849271
ITBEES,prior_negative,close_to_close,12,6707,-3.2313657882746334e-05,-1.0172187667837728e-05,0.4932160429402117
ITC,prior_negative,close_to_close,12,6766,-2.174603527949285e-05,-2.3371861681072602e-05,0.485368016553355
KOTAKBANK,prior_negative,close_to_close,12,6613,3.146575515427618e-05,1.516253609269559e-05,0.5080901255103584
LT,prior_negative,close_to_close,12,6647,1.9878040243293698e-05,-5.55584489477423e-06,0.4976681209568226
M&M,prior_negative,close_to_close,12,6707,-1.3192615306935019e-06,-2.661019956675916e-05,0.48814671239004026
MARUTI,prior_negative,close_to_close,12,6666,-2.934208543822528e-05,-2.0206424578820658e-05,0.4906990699069907
NIFTYBEES,prior_negative,close_to_close,12,6511,-6.032926918189187e-06,6.791613752868972e-07,0.5014590692673936
RELIANCE,prior_negative,close_to_close,12,6750,-1.3591579415903314e-05,-6.628705491960409e-06,0.49496296296296294
SBIN,prior_negative,close_to_close,12,6674,5.981205527544635e-06,-1.2762973629414241e-05,0.4928079112975727
SUNPHARMA,prior_negative,close_to_close,12,6580,1.5735446073000814e-05,3.408023803990685e-06,0.5024316109422492
TATASTEEL,prior_negative,close_to_close,12,6631,2.99303880859497e-05,-1.4708239626416578e-05,0.4940431307495099
AXISBANK,prior_positive,close_to_close,12,6647,1.3445588741822176e-05,7.622909685108426e-06,0.5050398676094479
BANKBEES,prior_positive,close_to_close,12,6748,1.342341698659125e-05,1.7695552645071354e-05,0.5139300533491404
BHARTIARTL,prior_positive,close_to_close,12,6604,-1.2923647292338365e-05,-2.779433399821248e-06,0.4987886129618413
GOLDBEES,prior_positive,close_to_close,12,6757,6.114181557914754e-05,3.746247723127963e-05,0.5169453899659612
HCLTECH,prior_positive,close_to_close,12,6465,-7.610455601295212e-07,-1.6576667661595415e-05,0.49327146171693736
HDFCBANK,prior_positive,close_to_close,12,6498,-1.0635202954584757e-05,-1.2540605304851705e-05,0.49338257925515544
ICICIBANK,prior_positive,close_to_close,12,6560,1.5708714796545465e-06,1.6987992604423723e-06,0.5009146341463414
INFY,prior_positive,close_to_close,12,6412,1.2318414663003588e-05,-3.059788549999072e-05,0.485495945102932
ITBEES,prior_positive,close_to_close,12,6492,5.964205470635297e-06,-1.923686809994962e-05,0.4907578558225508
ITC,prior_positive,close_to_close,12,6433,-2.2848320857941686e-05,-1.882040943967933e-05,0.48935177988496814
KOTAKBANK,prior_positive,close_to_close,12,6586,-3.226359631582668e-05,-2.233508091153353e-05,0.4898269055572426
LT,prior_positive,close_to_close,12,6552,6.520972335903488e-07,-1.1402280389970313e-05,0.49496336996337
M&M,prior_positive,close_to_close,12,6492,-1.78902815224662e-05,-8.277786535744926e-06,0.49507085643869375
MARUTI,prior_positive,close_to_close,12,6533,1.055416003104479e-05,-1.137850195799409e-06,0.49931118934639523
NIFTYBEES,prior_positive,close_to_close,12,6688,1.1869980500259331e-06,7.019344821810084e-06,0.5113636363636364
RELIANCE,prior_positive,close_to_close,12,6449,6.589990062960774e-06,-3.1506143659401316e-05,0.4827104977515894
SBIN,prior_positive,close_to_close,12,6525,3.059093203003216e-05,-6.949416888520542e-06,0.4960919540229885
SUNPHARMA,prior_positive,close_to_close,12,6619,8.019727840037474e-06,3.508332027606873e-07,0.5003777005589968
TATASTEEL,prior_positive,close_to_close,12,6568,9.867012929689419e-06,2.878574714855345e-06,0.5009135200974422
AXISBANK,prior_negative_abs_Q1,close_to_close,12,1640,1.3797940208466435e-05,-1.0839150473559681e-05,0.49390243902439024
BANKBEES,prior_negative_abs_Q1,close_to_close,12,1604,2.3763275084776434e-06,2.4545386888995453e-06,0.5031172069825436
BHARTIARTL,prior_negative_abs_Q1,close_to_close,12,1628,4.825732608168048e-05,4.9098136543110657e-05,0.5264127764127764
GOLDBEES,prior_negative_abs_Q1,close_to_close,12,1648,0.0001286371908167743,2.1865099459247026e-06,0.5024271844660194
HCLTECH,prior_negative_abs_Q1,close_to_close,12,1667,-7.839295990675482e-06,-9.164982062394143e-06,0.4943011397720456
HDFCBANK,prior_negative_abs_Q1,close_to_close,12,1674,7.322371164839505e-06,-2.869089586794249e-05,0.4850657108721625
ICICIBANK,prior_negative_abs_Q1,close_to_close,12,1638,-1.4393673204921553e-05,-8.282327083892278e-06,0.4938949938949939
INFY,prior_negative_abs_Q1,close_to_close,12,1652,7.78086936370161e-06,-1.4076646254348086e-05,0.4933414043583535
ITBEES,prior_negative_abs_Q1,close_to_close,12,1672,-5.39558324248635e-05,1.0882509788121312e-05,0.5083732057416268
ITC,prior_negative_abs_Q1,close_to_close,12,1661,-5.7081641156541336e-05,-1.543189578136054e-05,0.48705599036724867
KOTAKBANK,prior_negative_abs_Q1,close_to_close,12,1646,5.450150274577029e-05,2.4377365687549497e-05,0.5139732685297691
LT,prior_negative_abs_Q1,close_to_close,12,1684,-1.2753931640966846e-05,-2.2036483613889634e-05,0.48693586698337293
M&M,prior_negative_abs_Q1,close_to_close,12,1667,7.360065017284923e-06,6.220425816414225e-06,0.5020995800839833
MARUTI,prior_negative_abs_Q1,close_to_close,12,1687,-2.168700163419116e-05,-1.2740786285529243e-05,0.49259039715471253
NIFTYBEES,prior_negative_abs_Q1,close_to_close,12,1609,1.571693173748756e-05,9.478153462028072e-06,0.5090118085767558
RELIANCE,prior_negative_abs_Q1,close_to_close,12,1696,-1.0905837933921434e-05,-6.061076588638333e-06,0.49410377358490565
SBIN,prior_negative_abs_Q1,close_to_close,12,1697,-3.548365329102024e-05,-3.7028518505979565e-05,0.47967000589275194
SUNPHARMA,prior_negative_abs_Q1,close_to_close,12,1624,2.186290038004537e-05,4.392045933278761e-05,0.521551724137931
TATASTEEL,prior_negative_abs_Q1,close_to_close,12,1658,6.090674134517957e-05,2.644842232967732e-06,0.5006031363088058
AXISBANK,prior_negative_abs_Q2,close_to_close,12,1623,-1.654089492371685e-05,1.636466076961514e-05,0.5077017868145409
BANKBEES,prior_negative_abs_Q2,close_to_close,12,1577,-1.3908543867540006e-06,1.6435015338261356e-05,0.5161699429296132
BHARTIARTL,prior_negative_abs_Q2,close_to_close,12,1619,-5.478745119945727e-06,-1.3483900498397372e-05,0.48795552810376774
GOLDBEES,prior_negative_abs_Q2,close_to_close,12,1618,-6.763095880960727e-05,3.4894268722675115e-05,0.519159456118665
HCLTECH,prior_negative_abs_Q2,close_to_close,12,1691,-4.1703866104253844e-05,-6.087123212523819e-05,0.47250147841513895
HDFCBANK,prior_negative_abs_Q2,close_to_close,12,1648,-3.1697277898604266e-05,-2.433053570546288e-05,0.4854368932038835
ICICIBANK,prior_negative_abs_Q2,close_to_close,12,1721,1.2940747211734362e-05,3.1206787397171782e-06,0.5008715862870424
INFY,prior_negative_abs_Q2,close_to_close,12,1674,-4.5719416813749836e-05,-2.1608310883507333e-05,0.48805256869773
ITBEES,prior_negative_abs_Q2,close_to_close,12,1604,-4.820092947860699e-06,-4.154710769299013e-05,0.4763092269326683
ITC,prior_negative_abs_Q2,close_to_close,12,1711,-6.128741617306004e-06,-4.0784994654769553e-05,0.47632963179427235
KOTAKBANK,prior_negative_abs_Q2,close_to_close,12,1634,1.0488823462404759e-05,1.4750976727348766e-06,0.5024479804161567
LT,prior_negative_abs_Q2,close_to_close,12,1647,7.052753258011453e-05,1.3576428919643342e-05,0.5130540376442015
M&M,prior_negative_abs_Q2,close_to_close,12,1688,4.312261035639245e-05,-1.6734237256501208e-05,0.48933649289099523
MARUTI,prior_negative_abs_Q2,close_to_close,12,1666,7.776822406198295e-05,2.1585565591258904e-05,0.5096038415366146
NIFTYBEES,prior_negative_abs_Q2,close_to_close,12,1624,-3.486467872838234e-06,5.298580078635668e-06,0.5092364532019704
RELIANCE,prior_negative_abs_Q2,close_to_close,12,1669,2.6648749935835297e-05,-9.320454260793449e-07,0.49970041941282206
SBIN,prior_negative_abs_Q2,close_to_close,12,1671,5.3911758095571574e-05,2.4907683884763717e-05,0.5104727707959306
SUNPHARMA,prior_negative_abs_Q2,close_to_close,12,1686,4.807808710481419e-06,-2.147850084413536e-05,0.49347568208778175
TATASTEEL,prior_negative_abs_Q2,close_to_close,12,1664,1.647236409964407e-05,-2.4055051660340867e-06,0.49819711538461536
AXISBANK,prior_negative_abs_Q3,close_to_close,12,1672,1.2891844452774111e-05,-4.504993155577177e-06,0.49820574162679426
BANKBEES,prior_negative_abs_Q3,close_to_close,12,1644,-3.0296840247562908e-06,-6.4047489679092595e-06,0.4927007299270073
BHARTIARTL,prior_negative_abs_Q3,close_to_close,12,1705,1.3310728089525913e-05,-1.3992550582714915e-06,0.4991202346041056
GOLDBEES,prior_negative_abs_Q3,close_to_close,12,1612,2.362722343517597e-06,6.426089377496854e-06,0.5031017369727047
HCLTECH,prior_negative_abs_Q3,close_to_close,12,1715,-8.300245328859496e-05,-5.729389020446099e-05,0.46647230320699706
HDFCBANK,prior_negative_abs_Q3,close_to_close,12,1681,3.1078469421170044e-06,2.128036529521393e-05,0.5062462819750149
ICICIBANK,prior_negative_abs_Q3,close_to_close,12,1652,-6.152211715347235e-06,-2.8066929288281565e-05,0.4854721549636804
INFY,prior_negative_abs_Q3,close_to_close,12,1762,-7.521522328740769e-05,-6.029157113325424e-05,0.4738933030646992
ITBEES,prior_negative_abs_Q3,close_to_close,12,1714,-4.191250288894869e-05,1.1801198016433048e-05,0.5110851808634772
ITC,prior_negative_abs_Q3,close_to_close,12,1717,1.670734256551234e-05,6.521491610388249e-06,0.5026208503203261
KOTAKBANK,prior_negative_abs_Q3,close_to_close,12,1680,2.8848001030435437e-05,1.0596434605387246e-05,0.5053571428571428
LT,prior_negative_abs_Q3,close_to_close,12,1678,2.7002629708331357e-05,-1.421440072804031e-05,0.4940405244338498
M&M,prior_negative_abs_Q3,close_to_close,12,1673,-2.509254515116407e-05,-2.3856032462922375e-05,0.4895397489539749
MARUTI,prior_negative_abs_Q3,close_to_close,12,1638,-3.7400179538002433e-05,-4.286472639893532e-05,0.47863247863247865
NIFTYBEES,prior_negative_abs_Q3,close_to_close,12,1628,-3.416804312359592e-05,-1.2202258032013727e-05,0.48464373464373467
RELIANCE,prior_negative_abs_Q3,close_to_close,12,1699,-7.84490771740418e-05,-2.3340680308162984e-05,0.48322542672160096
SBIN,prior_negative_abs_Q3,close_to_close,12,1671,1.3231206489739721e-05,1.1577256053829643e-06,0.5020945541591861
SUNPHARMA,prior_negative_abs_Q3,close_to_close,12,1612,1.0408963359437505e-05,-8.249337027094758e-06,0.4956575682382134
TATASTEEL,prior_negative_abs_Q3,close_to_close,12,1662,4.46744323956977e-05,-4.064676008969396e-05,0.48495788206979545
AXISBANK,prior_negative_abs_Q4,close_to_close,12,1617,6.966310383774945e-05,1.6486379617671354e-05,0.5089672232529375
BANKBEES,prior_negative_abs_Q4,close_to_close,12,1626,-2.4205862297181334e-05,3.2419165015920256e-05,0.5209102091020911
BHARTIARTL,prior_negative_abs_Q4,close_to_close,12,1643,-9.170420655769714e-06,-1.648690952550506e-05,0.49482653682288497
GOLDBEES,prior_negative_abs_Q4,close_to_close,12,1564,-5.083054282022767e-05,4.2249685308452315e-06,0.5012787723785166
HCLTECH,prior_negative_abs_Q4,close_to_close,12,1661,1.6631871838162432e-05,3.4321847197390135e-05,0.5123419626730885
HDFCBANK,prior_negative_abs_Q4,close_to_close,12,1698,-7.205408650974204e-05,-2.5818722205759696e-05,0.4876325088339223
ICICIBANK,prior_negative_abs_Q4,close_to_close,12,1628,-3.266504941795275e-05,-1.7433809074679507e-05,0.48955773955773957
INFY,prior_negative_abs_Q4,close_to_close,12,1699,-5.0183213381135085e-05,-2.4372371759414204e-05,0.49028840494408477
ITBEES,prior_negative_abs_Q4,close_to_close,12,1717,-2.7340764452639065e-05,-4.308983990891018e-05,0.47641234711706465
ITC,prior_negative_abs_Q4,close_to_close,12,1677,-4.205205665939629e-05,-4.740737128866579e-05,0.4752534287418008
KOTAKBANK,prior_negative_abs_Q4,close_to_close,12,1653,3.192388750574079e-05,2.237728744970539e-05,0.5105868118572293
LT,prior_negative_abs_Q4,close_to_close,12,1638,-4.799941654131405e-06,-9.656715700393837e-06,0.49694749694749696
M&M,prior_negative_abs_Q4,close_to_close,12,1679,-3.092832264077919e-05,-6.648971998601816e-05,0.47170935080405
MARUTI,prior_negative_abs_Q4,close_to_close,12,1675,-0.00013570670864378802,-3.723725321619971e-05,0.4817910447761194
NIFTYBEES,prior_negative_abs_Q4,close_to_close,12,1650,-1.988686241965972e-06,7.05304383385392e-06,0.503030303030303
RELIANCE,prior_negative_abs_Q4,close_to_close,12,1686,9.229750032248693e-06,7.781855139668819e-06,0.5029655990510083
SBIN,prior_negative_abs_Q4,close_to_close,12,1635,-7.377106113982214e-06,-4.816861862552398e-05,0.47889908256880737
SUNPHARMA,prior_negative_abs_Q4,close_to_close,12,1658,2.602452986843592e-05,-2.54694073488647e-06,0.49939686369119424
TATASTEEL,prior_negative_abs_Q4,close_to_close,12,1647,-2.5342405924909357e-06,-3.167289899906766e-05,0.49241044323011535
AXISBANK,prior_positive_abs_Q1,close_to_close,12,1663,3.647725025925121e-06,-2.382561319721723e-05,0.4858689116055322
BANKBEES,prior_positive_abs_Q1,close_to_close,12,1697,1.8411883891676624e-05,3.0033803770201928e-05,0.5291691219799647
BHARTIARTL,prior_positive_abs_Q1,close_to_close,12,1673,1.6909097217539133e-06,1.059033716406997e-06,0.5002988643156007
GOLDBEES,prior_positive_abs_Q1,close_to_close,12,1652,-7.5952818452548706e-06,-1.477157649338066e-05,0.49455205811138014
HCLTECH,prior_positive_abs_Q1,close_to_close,12,1631,-8.720523162779182e-05,-1.0613288040670391e-05,0.49908031882280807
HDFCBANK,prior_positive_abs_Q1,close_to_close,12,1629,-1.825053966406951e-05,-1.0725366948750712e-05,0.49294045426642114
ICICIBANK,prior_positive_abs_Q1,close_to_close,12,1663,2.9643840571328848e-05,2.3637652183624235e-05,0.5159350571256764
INFY,prior_positive_abs_Q1,close_to_close,12,1648,-4.104603586205615e-05,-4.039899765106991e-05,0.4733009708737864
ITBEES,prior_positive_abs_Q1,close_to_close,12,1628,-3.562591319757637e-05,-4.02200626110411e-05,0.480958230958231
ITC,prior_positive_abs_Q1,close_to_close,12,1639,-2.005195165676632e-05,-2.6888471041578875e-05,0.48139109212934716
KOTAKBANK,prior_positive_abs_Q1,close_to_close,12,1654,-4.2185076483507526e-05,-2.6748696490204305e-05,0.4909310761789601
LT,prior_positive_abs_Q1,close_to_close,12,1614,-1.92692353838409e-05,-2.7375254389110852e-05,0.48698884758364314
M&M,prior_positive_abs_Q1,close_to_close,12,1632,-2.569919332415588e-05,3.910145793367018e-06,0.5018382352941176
MARUTI,prior_positive_abs_Q1,close_to_close,12,1615,-6.059383991298464e-05,-2.421327631043263e-05,0.4842105263157895
NIFTYBEES,prior_positive_abs_Q1,close_to_close,12,1691,-6.689777342324224e-06,1.4851807818646147e-05,0.5233589591957422
RELIANCE,prior_positive_abs_Q1,close_to_close,12,1604,-3.4357612001971456e-05,-5.636817213541811e-05,0.46633416458852867
SBIN,prior_positive_abs_Q1,close_to_close,12,1606,2.3587581089265826e-05,-1.697698424392899e-05,0.4931506849315068
SUNPHARMA,prior_positive_abs_Q1,close_to_close,12,1677,3.863686177017018e-05,3.8321547242296306e-05,0.5134168157423972
TATASTEEL,prior_positive_abs_Q1,close_to_close,12,1642,7.227739392118879e-06,1.4178882798452136e-05,0.5036540803897686
AXISBANK,prior_positive_abs_Q2,close_to_close,12,1676,8.238581322493172e-05,4.102963480384021e-05,0.5155131264916468
BANKBEES,prior_positive_abs_Q2,close_to_close,12,1723,1.5338412340972308e-05,1.5325824483430374e-05,0.5147997678467788
BHARTIARTL,prior_positive_abs_Q2,close_to_close,12,1681,-5.7699616866065896e-05,-4.725215987894721e-05,0.4776918500892326
GOLDBEES,prior_positive_abs_Q2,close_to_close,12,1684,3.09452533721754e-05,2.5288180595859108e-05,0.5106888361045131
HCLTECH,prior_positive_abs_Q2,close_to_close,12,1609,1.765871797421957e-05,-3.59855882408734e-05,0.4798011187072716
HDFCBANK,prior_positive_abs_Q2,close_to_close,12,1653,-2.398392689415927e-05,-2.9994894750060323e-05,0.4839685420447671
ICICIBANK,prior_positive_abs_Q2,close_to_close,12,1579,4.3995047082615e-06,-1.826795206878574e-05,0.487017099430019
INFY,prior_positive_abs_Q2,close_to_close,12,1627,3.101978024696315e-05,-7.31168037903455e-06,0.49661954517516904
ITBEES,prior_positive_abs_Q2,close_to_close,12,1696,1.3030947394909985e-05,-8.109730487090532e-06,0.4964622641509434
ITC,prior_positive_abs_Q2,close_to_close,12,1589,-2.4903439260714132e-05,-1.0056333024162825e-05,0.4946507237256136
KOTAKBANK,prior_positive_abs_Q2,close_to_close,12,1665,-2.675914304079835e-05,-1.0391172454203725e-05,0.4948948948948949
LT,prior_positive_abs_Q2,close_to_close,12,1654,4.6347984570809696e-05,2.0937454876320428e-05,0.507255139056832
M&M,prior_positive_abs_Q2,close_to_close,12,1611,-6.934585284688996e-05,-1.1169477554504345e-05,0.4928615766604593
MARUTI,prior_positive_abs_Q2,close_to_close,12,1635,2.50293150997782e-05,1.7423112902944127e-05,0.5064220183486239
NIFTYBEES,prior_positive_abs_Q2,close_to_close,12,1675,-5.833099287038103e-06,-1.2808617152409258e-06,0.4961194029850746
RELIANCE,prior_positive_abs_Q2,close_to_close,12,1632,1.935611781639074e-05,-5.144557477234247e-06,0.4957107843137255
SBIN,prior_positive_abs_Q2,close_to_close,12,1630,5.117591388974e-05,-6.512179223588466e-07,0.49938650306748467
SUNPHARMA,prior_positive_abs_Q2,close_to_close,12,1615,2.3993061520097467e-07,-1.1324757194403697e-05,0.4953560371517028
TATASTEEL,prior_positive_abs_Q2,close_to_close,12,1635,-2.0031282509137847e-05,-1.8503647291038636e-05,0.491131498470948
AXISBANK,prior_positive_abs_Q3,close_to_close,12,1628,-7.13776402833695e-06,2.9797356783295426e-05,0.5153562653562653
BANKBEES,prior_positive_abs_Q3,close_to_close,12,1654,1.5488899731221464e-05,1.2972771582264095e-05,0.5102781136638452
BHARTIARTL,prior_positive_abs_Q3,close_to_close,12,1593,-1.9751309537385064e-05,-1.1351838791374622e-05,0.49278091650973005
GOLDBEES,prior_positive_abs_Q3,close_to_close,12,1686,0.00018128999425377388,6.627595271655525e-05,0.5373665480427047
HCLTECH,prior_positive_abs_Q3,close_to_close,12,1585,1.5748013946255462e-05,8.022787272441187e-06,0.5028391167192429
HDFCBANK,prior_positive_abs_Q3,close_to_close,12,1616,1.451134796345644e-05,2.041464091447523e-05,0.5061881188118812
ICICIBANK,prior_positive_abs_Q3,close_to_close,12,1647,-1.3244771265840975e-05,-8.189747845955978e-06,0.49605343047966
INFY,prior_positive_abs_Q3,close_to_close,12,1538,-1.5978218047227143e-05,-5.234771646190721e-05,0.4798439531859558
ITBEES,prior_positive_abs_Q3,close_to_close,12,1585,9.003639126113124e-06,-5.7194251828645497e-05,0.4694006309148265
ITC,prior_positive_abs_Q3,close_to_close,12,1585,-1.2741409527431054e-05,-1.9606043690797103e-05,0.4889589905362776
KOTAKBANK,prior_positive_abs_Q3,close_to_close,12,1619,-7.2930513286872895e-06,-1.3079653102148685e-05,0.49536751080914143
LT,prior_positive_abs_Q3,close_to_close,12,1623,3.2383822649399405e-05,2.613869186472251e-05,0.5126309303758472
M&M,prior_positive_abs_Q3,close_to_close,12,1628,-2.8934337865860487e-05,-1.4917021071450228e-05,0.49017199017199015
MARUTI,prior_positive_abs_Q3,close_to_close,12,1659,6.180114358297728e-05,6.575127326005934e-05,0.5280289330922242
NIFTYBEES,prior_positive_abs_Q3,close_to_close,12,1672,3.0056582429494784e-06,7.059128206011232e-06,0.5113636363636364
RELIANCE,prior_positive_abs_Q3,close_to_close,12,1600,3.3117087099782805e-05,-2.9772494057673318e-05,0.484375
SBIN,prior_positive_abs_Q3,close_to_close,12,1628,2.3915950611825768e-05,-1.2653857818293045e-05,0.492014742014742
SUNPHARMA,prior_positive_abs_Q3,close_to_close,12,1687,1.4972890354783094e-05,4.9524414071787555e-06,0.5026674570243035
TATASTEEL,prior_positive_abs_Q3,close_to_close,12,1638,-2.2850317038798212e-05,-2.172027329582399e-05,0.4908424908424908
AXISBANK,prior_positive_abs_Q4,close_to_close,12,1680,-2.5685524689330055e-05,6.1511165780439806e-06,0.5035714285714286
BANKBEES,prior_positive_abs_Q4,close_to_close,12,1674,4.354555700362584e-06,2.6237650756211206e-06,0.501194743130227
BHARTIARTL,prior_positive_abs_Q4,close_to_close,12,1657,2.4309132988421433e-05,5.2364862001040915e-05,0.5244417622208811
GOLDBEES,prior_positive_abs_Q4,close_to_close,12,1735,3.914462045305754e-05,5.442991955411584e-05,0.5244956772334294
HCLTECH,prior_positive_abs_Q4,close_to_close,12,1640,5.1181764581315195e-05,-2.3282525398694696e-05,0.49146341463414633
HDFCBANK,prior_positive_abs_Q4,close_to_close,12,1600,-1.448895427438926e-05,-1.891763809604304e-05,0.490625
ICICIBANK,prior_positive_abs_Q4,close_to_close,12,1671,-1.4437743640389505e-05,9.55484564107989e-06,0.5038898862956314
INFY,prior_positive_abs_Q4,close_to_close,12,1599,7.550647830811374e-05,-1.8349068372169874e-05,0.49218261413383363
ITBEES,prior_positive_abs_Q4,close_to_close,12,1583,3.812214390673533e-05,2.690160758474691e-05,0.5161086544535691
ITC,prior_positive_abs_Q4,close_to_close,12,1620,-3.3550247053978955e-05,-1.3205094624151796e-05,0.4925925925925926
KOTAKBANK,prior_positive_abs_Q4,close_to_close,12,1648,-5.239836502927129e-05,-5.215773082889761e-05,0.47815533980582525
LT,prior_positive_abs_Q4,close_to_close,12,1661,-5.6499351990422184e-05,-6.300990906481382e-05,0.473208910295003
M&M,prior_positive_abs_Q4,close_to_close,12,1621,5.220150946522664e-05,-8.944249901098175e-06,0.49537322640345466
MARUTI,prior_positive_abs_Q4,close_to_close,12,1624,1.4383221397776539e-05,-3.720258158430701e-05,0.47783251231527096
NIFTYBEES,prior_positive_abs_Q4,close_to_close,12,1650,1.4543052829103635e-05,1.1863366873621833e-05,0.5145454545454545
RELIANCE,prior_positive_abs_Q4,close_to_close,12,1613,8.079313038558024e-06,-2.8578126011036264e-05,0.4841909485430874
SBIN,prior_positive_abs_Q4,close_to_close,12,1661,2.3703954864702244e-05,-1.6346362838438964e-06,0.4996989765201686
SUNPHARMA,prior_positive_abs_Q4,close_to_close,12,1640,-2.2779385724046325e-05,-2.7542151498521303e-05,0.4896341463414634
TATASTEEL,prior_positive_abs_Q4,close_to_close,12,1653,7.448188690401255e-05,5.1542070276158443e-05,0.5178463399879008
AXISBANK,prior_negative,close_to_open,1,6557,2.0260412338314303e-05,1.951098649150613e-06,0.5116669208479487
BANKBEES,prior_negative,close_to_open,1,6458,4.5787563698771655e-05,7.367144791313606e-07,0.5066584081759059
BHARTIARTL,prior_negative,close_to_open,1,6602,3.172729340430117e-06,-1.7024371820884025e-06,0.4877309906089064
GOLDBEES,prior_negative,close_to_open,1,6449,7.144840721303139e-05,-1.2582431109489335e-06,0.4882927585672197
HCLTECH,prior_negative,close_to_open,1,6739,1.3166080566041323e-05,-5.742526465025833e-07,0.4942869861997329
HDFCBANK,prior_negative,close_to_open,1,6708,-3.347736260257687e-05,-2.1234756526828444e-06,0.48434704830053665
ICICIBANK,prior_negative,close_to_open,1,6647,-8.884361908284111e-06,-2.9732645792029325e-06,0.4781104257559801
INFY,prior_negative,close_to_open,1,6793,4.358940742454438e-06,2.3818424260814276e-06,0.5147946415427647
ITBEES,prior_negative,close_to_open,1,6711,0.00011189789536585333,1.1288570838528954e-06,0.5072269408433915
ITC,prior_negative,close_to_open,1,6772,3.15235513244017e-05,2.076452672879666e-06,0.5122563496751329
KOTAKBANK,prior_negative,close_to_open,1,6617,4.956676692404343e-06,-9.726419727530534e-07,0.49055463200846305
LT,prior_negative,close_to_open,1,6653,3.131541149397528e-05,-2.4639013635659643e-06,0.4808357132120848
M&M,prior_negative,close_to_open,1,6715,-6.47225140433124e-06,-3.1736818921583123e-06,0.4759493670886076
MARUTI,prior_negative,close_to_open,1,6671,2.3784820878875244e-05,-3.3412230512526917e-06,0.472193074501574
NIFTYBEES,prior_negative,close_to_open,1,6517,4.595122265138569e-05,5.760849046089321e-06,0.5376707073806967
RELIANCE,prior_negative,close_to_open,1,6751,9.667595875086492e-06,2.458068106898143e-07,0.5008146941193897
SBIN,prior_negative,close_to_open,1,6679,3.666447654520218e-05,1.7279481499358576e-07,0.5014223686180566
SUNPHARMA,prior_negative,close_to_open,1,6586,2.1336400991614652e-05,1.4705125274868414e-07,0.5003036744609778
TATASTEEL,prior_negative,close_to_open,1,6637,4.8180504254000375e-05,5.196790741605432e-06,0.5282507156847973
AXISBANK,prior_positive,close_to_open,1,6653,-2.751034611543983e-05,-7.10326007433457e-06,0.45227716819479935
BANKBEES,prior_positive,close_to_open,1,6752,-2.624492412905579e-06,-7.804680780515438e-06,0.43083530805687204
BHARTIARTL,prior_positive,close_to_open,1,6608,-3.3497629096433903e-05,-6.071715503159276e-06,0.45460048426150124
GOLDBEES,prior_positive,close_to_open,1,6761,-1.1920768161374546e-05,-6.851160084179557e-06,0.45777251885815706
HCLTECH,prior_positive,close_to_open,1,6471,-3.1593600746869135e-05,-6.014498040884941e-06,0.4609797558337197
HDFCBANK,prior_positive,close_to_open,1,6502,-6.586871256388901e-05,-8.552644317751566e-06,0.44447862196247306
ICICIBANK,prior_positive,close_to_open,1,6563,-6.57860314992125e-05,-9.959865262279236e-06,0.4371476458936462
INFY,prior_positive,close_to_open,1,6417,-2.0121023099054654e-05,-5.601169897130455e-06,0.4634564438211002
ITBEES,prior_positive,close_to_open,1,6499,2.1080220719078517e-06,-7.703953699743514e-06,0.4397599630712417
ITC,prior_positive,close_to_open,1,6438,-2.7468862972138734e-05,-8.003238762849252e-06,0.4450139794967381
KOTAKBANK,prior_positive,close_to_open,1,6593,-4.74599810697381e-05,-8.269241182696292e-06,0.4403154861216442
LT,prior_positive,close_to_open,1,6557,-2.2244184643673516e-05,-7.3655483169473195e-06,0.445478114991612
M&M,prior_positive,close_to_open,1,6495,-3.5403681387917206e-05,-8.544345969431334e-06,0.43787528868360276
MARUTI,prior_positive,close_to_open,1,6539,-2.4452401453388052e-05,-9.845951121387505e-06,0.4359993882856706
NIFTYBEES,prior_positive,close_to_open,1,6693,-5.456466690130964e-06,-1.144893361537052e-05,0.4147616913192888
RELIANCE,prior_positive,close_to_open,1,6459,-2.8427100147728405e-05,-7.376799065378976e-06,0.4516178975073541
SBIN,prior_positive,close_to_open,1,6531,-1.776617993810545e-05,-4.610908550010488e-06,0.4705251875669882
SUNPHARMA,prior_positive,close_to_open,1,6624,-1.7010546013010153e-05,-7.233191384964983e-06,0.4527475845410628
TATASTEEL,prior_positive,close_to_open,1,6573,3.2275439354784947e-06,-1.2705344854843957e-06,0.4889700289061311
AXISBANK,prior_negative,open_to_close,1,6557,2.072888380725094e-05,2.504692278324259e-05,0.509836815616898
BANKBEES,prior_negative,open_to_close,1,6458,4.100091002750855e-05,5.734193762796072e-05,0.5456797770207494
BHARTIARTL,prior_negative,open_to_close,1,6602,2.3790621762244264e-05,2.3963694803073393e-05,0.5122690093910937
GOLDBEES,prior_negative,open_to_close,1,6449,2.2575987306370247e-06,3.586899011024134e-05,0.5196154442549232
HCLTECH,prior_negative,open_to_close,1,6739,1.872939530660037e-05,7.2274569371286006e-06,0.5028936043923431
HDFCBANK,prior_negative,open_to_close,1,6708,4.942596059535699e-05,6.865946041292582e-06,0.5026833631484794
ICICIBANK,prior_negative,open_to_close,1,6647,4.802602391401565e-05,3.138265794149712e-05,0.5179780352038513
INFY,prior_negative,open_to_close,1,6793,-6.3468664798571705e-06,-1.7799338838429977e-05,0.49079935227440014
ITBEES,prior_negative,open_to_close,1,6711,-8.873131911881018e-05,-3.796894999833877e-06,0.4981373863805692
ITC,prior_negative,open_to_close,1,6772,-2.1007581097173534e-05,-1.5811582349592764e-05,0.4901063201417602
KOTAKBANK,prior_negative,open_to_close,1,6617,4.1740933691605785e-05,2.4086777848270698e-05,0.5126190116366933
LT,prior_negative,open_to_close,1,6653,3.028125040787862e-05,2.6691349151422258e-05,0.5152562753644973
M&M,prior_negative,open_to_close,1,6715,3.134922942189e-05,1.862809700950738e-05,0.5097542814594193
MARUTI,prior_negative,open_to_close,1,6671,4.9365494129343275e-06,2.893705266534787e-05,0.5165642332483885
NIFTYBEES,prior_negative,open_to_close,1,6517,3.2638483378459054e-05,4.9442124988018245e-05,0.5599202086849777
RELIANCE,prior_negative,open_to_close,1,6751,8.862255735044953e-06,8.105333016261707e-06,0.5033328395793216
SBIN,prior_negative,open_to_close,1,6679,2.1737183292043634e-05,-4.5470871341054143e-07,0.49947596945650546
SUNPHARMA,prior_negative,open_to_close,1,6586,2.830906861233737e-05,3.6149010039146186e-05,0.5168539325842697
TATASTEEL,prior_negative,open_to_close,1,6637,2.1702544619791803e-05,1.5325769010409015e-05,0.5079102003917433
AXISBANK,prior_positive,open_to_close,1,6653,2.0311596792490615e-05,-7.63129640976887e-06,0.49691868330076655
BANKBEES,prior_positive,open_to_close,1,6752,-7.29340935403048e-05,-3.938456331403156e-05,0.4671208530805687
BHARTIARTL,prior_positive,open_to_close,1,6608,4.029622352807752e-06,-1.6973927947225606e-05,0.49213075060532685
GOLDBEES,prior_positive,open_to_close,1,6761,5.825658916956183e-06,1.5593745188588785e-05,0.5073214021594439
HCLTECH,prior_positive,open_to_close,1,6471,-3.323615647694733e-05,-4.379108635764001e-05,0.478751352186679
HDFCBANK,prior_positive,open_to_close,1,6502,1.5428965696468052e-05,-1.4777901982362021e-05,0.4915410642879114
ICICIBANK,prior_positive,open_to_close,1,6563,1.7879868961366095e-05,-2.0545506022089872e-05,0.48819137589516987
INFY,prior_positive,open_to_close,1,6417,-1.0298093112626274e-05,-5.135201293512661e-05,0.47888421380707497
ITBEES,prior_positive,open_to_close,1,6499,-5.0383784300850924e-05,-3.790033222911878e-05,0.4766887213417449
ITC,prior_positive,open_to_close,1,6438,-2.964501285959456e-05,-3.8898911349906205e-05,0.48027337682510096
KOTAKBANK,prior_positive,open_to_close,1,6593,-1.8370240766745893e-07,-3.598647969350118e-05,0.4850599120279084
LT,prior_positive,open_to_close,1,6557,-2.0455225994218537e-05,-3.4484323981324547e-05,0.48345279853591583
M&M,prior_positive,open_to_close,1,6495,-9.52328465465062e-06,-4.5035370036947445e-05,0.4795996920708237
MARUTI,prior_positive,open_to_close,1,6539,-2.3971923478617708e-05,-3.177332145103281e-05,0.4867716776265484
NIFTYBEES,prior_positive,open_to_close,1,6693,-7.495404850232324e-05,-3.909692463917159e-05,0.44344837890333183
RELIANCE,prior_positive,open_to_close,1,6459,1.4413403681598652e-06,-2.8796770439592427e-05,0.4852144294782474
SBIN,prior_positive,open_to_close,1,6531,-5.9702250202013615e-06,-2.2072955205719577e-05,0.489664676159853
SUNPHARMA,prior_positive,open_to_close,1,6624,-8.519804071475324e-06,-2.4600631235632834e-05,0.48928140096618356
TATASTEEL,prior_positive,open_to_close,1,6573,-3.391986859262501e-05,-7.595278011765825e-05,0.4728434504792332
