timestamp,symbol,side,notional,weight_change,opening_rebalance
2026-06-10 14:10:00+05:30,HCLTECH,buy,16666.666666666664,0.16666666666666666,True
2026-06-10 14:10:00+05:30,ICICIBANK,sell,16666.666666666664,0.16666666666666666,True
2026-06-10 14:10:00+05:30,INFY,sell,16666.666666666664,0.16666666666666666,True
2026-06-10 14:10:00+05:30,M&M,buy,16666.666666666664,0.16666666666666666,True
2026-06-10 14:10:00+05:30,MARUTI,sell,16666.666666666664,0.16666666666666666,True
2026-06-10 14:10:00+05:30,TATASTEEL,buy,16666.666666666664,0.16666666666666666,True
2026-06-10 14:15:00+05:30,AXISBANK,sell,16666.666666666664,0.16666666666666666,False
2026-06-10 14:15:00+05:30,BHARTIARTL,sell,16666.666666666664,0.16666666666666666,False
2026-06-10 14:15:00+05:30,ICICIBANK,buy,16666.666666666664,0.16666666666666666,False
2026-06-10 14:15:00+05:30,INFY,buy,33333.33333333333,0.3333333333333333,False
2026-06-10 14:15:00+05:30,MARUTI,buy,16666.666666666664,0.16666666666666666,False
2026-06-10 14:15:00+05:30,SBIN,sell,16666.666666666664,0.16666666666666666,False
2026-06-10 14:15:00+05:30,TATASTEEL,sell,16666.666666666664,0.16666666666666666,False
2026-06-10 14:20:00+05:30,HCLTECH,sell,16666.666666666664,0.16666666666666666,False
2026-06-10 14:20:00+05:30,ICICIBANK,sell,16666.666666666664,0.16666666666666666,False
2026-06-10 14:20:00+05:30,INFY,sell,16666.666666666664,0.16666666666666666,False
2026-06-10 14:20:00+05:30,MARUTI,buy,16666.666666666664,0.16666666666666666,False
2026-06-10 14:20:00+05:30,SBIN,buy,33333.33333333333,0.3333333333333333,False
2026-06-10 14:25:00+05:30,BHARTIARTL,buy,16666.666666666664,0.16666666666666666,False
2026-06-10 14:25:00+05:30,HCLTECH,buy,16666.666666666664,0.16666666666666666,False
2026-06-10 14:25:00+05:30,ICICIBANK,buy,16666.666666666664,0.16666666666666666,False
2026-06-10 14:25:00+05:30,M&M,sell,33333.33333333333,0.3333333333333333,False
2026-06-10 14:25:00+05:30,MARUTI,sell,16666.666666666664,0.16666666666666666,False
2026-06-10 14:25:00+05:30,RELIANCE,buy,16666.666666666664,0.16666666666666666,False
2026-06-10 14:25:00+05:30,SUNPHARMA,sell,16666.666666666664,0.16666666666666666,False
2026-06-10 14:30:00+05:30,BHARTIARTL,buy,16666.666666666664,0.16666666666666666,False
2026-06-10 14:30:00+05:30,HCLTECH,sell,16666.666666666664,0.16666666666666666,False
2026-06-10 14:30:00+05:30,HDFCBANK,sell,16666.666666666664,0.16666666666666666,False
2026-06-10 14:30:00+05:30,ICICIBANK,sell,16666.666666666664,0.16666666666666666,False
2026-06-10 14:30:00+05:30,M&M,buy,16666.666666666664,0.16666666666666666,False
2026-06-10 14:30:00+05:30,MARUTI,buy,16666.666666666664,0.16666666666666666,False
2026-06-10 14:30:00+05:30,RELIANCE,sell,16666.666666666664,0.16666666666666666,False
2026-06-10 14:30:00+05:30,SBIN,sell,16666.666666666664,0.16666666666666666,False
2026-06-10 14:30:00+05:30,SUNPHARMA,buy,16666.666666666664,0.16666666666666666,False
2026-06-10 14:30:00+05:30,TATASTEEL,buy,16666.666666666664,0.16666666666666666,False
2026-06-10 14:35:00+05:30,AXISBANK,buy,16666.666666666664,0.16666666666666666,False
2026-06-10 14:35:00+05:30,BHARTIARTL,sell,33333.33333333333,0.3333333333333333,False
2026-06-10 14:35:00+05:30,HCLTECH,buy,16666.666666666664,0.16666666666666666,False
2026-06-10 14:35:00+05:30,HDFCBANK,buy,16666.666666666664,0.16666666666666666,False
2026-06-10 14:35:00+05:30,ICICIBANK,buy,16666.666666666664,0.16666666666666666,False
2026-06-10 14:35:00+05:30,ITC,sell,16666.666666666664,0.16666666666666666,False
2026-06-10 14:35:00+05:30,KOTAKBANK,sell,16666.666666666664,0.16666666666666666,False
2026-06-10 14:35:00+05:30,MARUTI,sell,16666.666666666664,0.16666666666666666,False
2026-06-10 14:35:00+05:30,RELIANCE,buy,16666.666666666664,0.16666666666666666,False
2026-06-10 14:40:00+05:30,BHARTIARTL,buy,33333.33333333333,0.3333333333333333,False
2026-06-10 14:40:00+05:30,ICICIBANK,sell,16666.666666666664,0.16666666666666666,False
2026-06-10 14:40:00+05:30,ITC,buy,16666.666666666664,0.16666666666666666,False
2026-06-10 14:40:00+05:30,KOTAKBANK,buy,16666.666666666664,0.16666666666666666,False
2026-06-10 14:40:00+05:30,MARUTI,sell,16666.666666666664,0.16666666666666666,False
2026-06-10 14:40:00+05:30,RELIANCE,sell,16666.666666666664,0.16666666666666666,False
2026-06-10 14:40:00+05:30,SUNPHARMA,sell,16666.666666666664,0.16666666666666666,False
2026-06-10 14:45:00+05:30,AXISBANK,sell,16666.666666666664,0.16666666666666666,False
2026-06-10 14:45:00+05:30,HDFCBANK,sell,16666.666666666664,0.16666666666666666,False
2026-06-10 14:45:00+05:30,ICICIBANK,buy,16666.666666666664,0.16666666666666666,False
2026-06-10 14:45:00+05:30,M&M,buy,16666.666666666664,0.16666666666666666,False
2026-06-10 14:45:00+05:30,MARUTI,buy,16666.666666666664,0.16666666666666666,False
2026-06-10 14:45:00+05:30,SBIN,sell,16666.666666666664,0.16666666666666666,False
2026-06-10 14:45:00+05:30,SUNPHARMA,buy,16666.666666666664,0.16666666666666666,False
2026-06-10 14:45:00+05:30,TATASTEEL,sell,16666.666666666664,0.16666666666666666,False
2026-06-10 14:50:00+05:30,AXISBANK,buy,16666.666666666664,0.16666666666666666,False
2026-06-10 14:50:00+05:30,BHARTIARTL,sell,16666.666666666664,0.16666666666666666,False
2026-06-10 14:50:00+05:30,HCLTECH,sell,16666.666666666664,0.16666666666666666,False
2026-06-10 14:50:00+05:30,INFY,buy,16666.666666666664,0.16666666666666666,False
2026-06-10 14:50:00+05:30,LT,buy,16666.666666666664,0.16666666666666666,False
2026-06-10 14:50:00+05:30,M&M,sell,16666.666666666664,0.16666666666666666,False
2026-06-10 14:50:00+05:30,MARUTI,sell,16666.666666666664,0.16666666666666666,False
2026-06-10 14:50:00+05:30,TATASTEEL,buy,16666.666666666664,0.16666666666666666,False
2026-06-10 14:55:00+05:30,ICICIBANK,buy,16666.666666666664,0.16666666666666666,False
2026-06-10 14:55:00+05:30,INFY,sell,33333.33333333333,0.3333333333333333,False
2026-06-10 14:55:00+05:30,LT,sell,16666.666666666664,0.16666666666666666,False
2026-06-10 14:55:00+05:30,M&M,sell,16666.666666666664,0.16666666666666666,False
2026-06-10 14:55:00+05:30,MARUTI,buy,33333.33333333333,0.3333333333333333,False
2026-06-10 14:55:00+05:30,RELIANCE,buy,16666.666666666664,0.16666666666666666,False
2026-06-10 14:55:00+05:30,SBIN,buy,16666.666666666664,0.16666666666666666,False
2026-06-10 14:55:00+05:30,TATASTEEL,sell,16666.666666666664,0.16666666666666666,False
2026-06-10 15:00:00+05:30,HCLTECH,buy,16666.666666666664,0.16666666666666666,False
2026-06-10 15:00:00+05:30,HDFCBANK,buy,16666.666666666664,0.16666666666666666,False
2026-06-10 15:00:00+05:30,ICICIBANK,sell,16666.666666666664,0.16666666666666666,False
2026-06-10 15:00:00+05:30,INFY,buy,16666.666666666664,0.16666666666666666,False
2026-06-10 15:00:00+05:30,KOTAKBANK,sell,16666.666666666664,0.16666666666666666,False
2026-06-10 15:00:00+05:30,LT,buy,16666.666666666664,0.16666666666666666,False
2026-06-10 15:00:00+05:30,M&M,buy,16666.666666666664,0.16666666666666666,False
2026-06-10 15:00:00+05:30,MARUTI,sell,16666.666666666664,0.16666666666666666,False
2026-06-10 15:00:00+05:30,SUNPHARMA,sell,16666.666666666664,0.16666666666666666,False
2026-06-10 15:00:00+05:30,TATASTEEL,sell,16666.666666666664,0.16666666666666666,False
2026-06-10 15:05:00+05:30,AXISBANK,buy,16666.666666666664,0.16666666666666666,False
2026-06-10 15:05:00+05:30,HCLTECH,sell,16666.666666666664,0.16666666666666666,False
2026-06-10 15:05:00+05:30,HDFCBANK,sell,16666.666666666664,0.16666666666666666,False
2026-06-10 15:05:00+05:30,ICICIBANK,sell,16666.666666666664,0.16666666666666666,False
2026-06-10 15:05:00+05:30,MARUTI,buy,16666.666666666664,0.16666666666666666,False
2026-06-10 15:05:00+05:30,RELIANCE,sell,16666.666666666664,0.16666666666666666,False
2026-06-10 15:05:00+05:30,SUNPHARMA,buy,16666.666666666664,0.16666666666666666,False
2026-06-10 15:05:00+05:30,TATASTEEL,buy,16666.666666666664,0.16666666666666666,False
2026-06-10 15:10:00+05:30,AXISBANK,sell,16666.666666666664,0.16666666666666666,False
2026-06-10 15:10:00+05:30,BHARTIARTL,sell,16666.666666666664,0.16666666666666666,False
2026-06-10 15:10:00+05:30,HDFCBANK,buy,16666.666666666664,0.16666666666666666,False
2026-06-10 15:10:00+05:30,ICICIBANK,buy,16666.666666666664,0.16666666666666666,False
2026-06-10 15:10:00+05:30,LT,sell,16666.666666666664,0.16666666666666666,False
2026-06-10 15:10:00+05:30,M&M,buy,16666.666666666664,0.16666666666666666,False
2026-06-10 15:10:00+05:30,MARUTI,sell,16666.666666666664,0.16666666666666666,False
2026-06-10 15:10:00+05:30,RELIANCE,buy,16666.666666666664,0.16666666666666666,False
2026-06-10 15:10:00+05:30,SBIN,sell,16666.666666666664,0.16666666666666666,False
2026-06-10 15:10:00+05:30,TATASTEEL,buy,16666.666666666664,0.16666666666666666,False
2026-06-10 15:15:00+05:30,AXISBANK,sell,16666.666666666664,0.16666666666666666,False
2026-06-10 15:15:00+05:30,BHARTIARTL,buy,16666.666666666664,0.16666666666666666,False
2026-06-10 15:15:00+05:30,HDFCBANK,sell,16666.666666666664,0.16666666666666666,False
2026-06-10 15:15:00+05:30,ITC,buy,16666.666666666664,0.16666666666666666,False
2026-06-10 15:15:00+05:30,KOTAKBANK,buy,33333.33333333333,0.3333333333333333,False
2026-06-10 15:15:00+05:30,M&M,sell,16666.666666666664,0.16666666666666666,False
2026-06-10 15:15:00+05:30,MARUTI,sell,16666.666666666664,0.16666666666666666,False
2026-06-10 15:15:00+05:30,SBIN,buy,16666.666666666664,0.16666666666666666,False
2026-06-10 15:15:00+05:30,TATASTEEL,sell,16666.666666666664,0.16666666666666666,False
2026-06-10 15:20:00+05:30,AXISBANK,buy,16666.666666666664,0.16666666666666666,False
2026-06-10 15:20:00+05:30,HCLTECH,buy,16666.666666666664,0.16666666666666666,False
2026-06-10 15:20:00+05:30,ITC,sell,16666.666666666664,0.16666666666666666,False
2026-06-10 15:20:00+05:30,KOTAKBANK,sell,33333.33333333333,0.3333333333333333,False
2026-06-10 15:20:00+05:30,LT,sell,16666.666666666664,0.16666666666666666,False
2026-06-10 15:20:00+05:30,MARUTI,buy,16666.666666666664,0.16666666666666666,False
2026-06-10 15:20:00+05:30,RELIANCE,sell,16666.666666666664,0.16666666666666666,False
2026-06-10 15:20:00+05:30,SBIN,buy,16666.666666666664,0.16666666666666666,False
2026-06-10 15:20:00+05:30,TATASTEEL,buy,16666.666666666664,0.16666666666666666,False
2026-06-11 14:10:00+05:30,HCLTECH,sell,16666.666666666664,0.16666666666666666,False
2026-06-11 14:10:00+05:30,HDFCBANK,buy,33333.33333333333,0.3333333333333333,False
2026-06-11 14:10:00+05:30,ITC,buy,16666.666666666664,0.16666666666666666,False
2026-06-11 14:10:00+05:30,LT,buy,16666.666666666664,0.16666666666666666,False
2026-06-11 14:10:00+05:30,M&M,sell,16666.666666666664,0.16666666666666666,False
2026-06-11 14:10:00+05:30,RELIANCE,sell,16666.666666666664,0.16666666666666666,False
2026-06-11 14:10:00+05:30,SBIN,sell,16666.666666666664,0.16666666666666666,False
2026-06-11 14:10:00+05:30,SUNPHARMA,buy,16666.666666666664,0.16666666666666666,False
2026-06-11 14:10:00+05:30,TATASTEEL,sell,16666.666666666664,0.16666666666666666,False
2026-06-11 14:15:00+05:30,BHARTIARTL,sell,16666.666666666664,0.16666666666666666,False
2026-06-11 14:15:00+05:30,HDFCBANK,sell,16666.666666666664,0.16666666666666666,False
2026-06-11 14:15:00+05:30,ICICIBANK,sell,16666.666666666664,0.16666666666666666,False
2026-06-11 14:15:00+05:30,ITC,sell,16666.666666666664,0.16666666666666666,False
2026-06-11 14:15:00+05:30,KOTAKBANK,buy,16666.666666666664,0.16666666666666666,False
2026-06-11 14:15:00+05:30,M&M,buy,16666.666666666664,0.16666666666666666,False
2026-06-11 14:15:00+05:30,MARUTI,buy,16666.666666666664,0.16666666666666666,False
2026-06-11 14:15:00+05:30,RELIANCE,buy,33333.33333333333,0.3333333333333333,False
2026-06-11 14:15:00+05:30,SBIN,sell,16666.666666666664,0.16666666666666666,False
2026-06-11 14:15:00+05:30,SUNPHARMA,sell,16666.666666666664,0.16666666666666666,False
2026-06-11 14:15:00+05:30,TATASTEEL,buy,16666.666666666664,0.16666666666666666,False
2026-06-11 14:20:00+05:30,AXISBANK,buy,16666.666666666664,0.16666666666666666,False
2026-06-11 14:20:00+05:30,HDFCBANK,buy,16666.666666666664,0.16666666666666666,False
2026-06-11 14:20:00+05:30,ICICIBANK,buy,16666.666666666664,0.16666666666666666,False
2026-06-11 14:20:00+05:30,INFY,buy,16666.666666666664,0.16666666666666666,False
2026-06-11 14:20:00+05:30,M&M,sell,16666.666666666664,0.16666666666666666,False
2026-06-11 14:20:00+05:30,MARUTI,sell,16666.666666666664,0.16666666666666666,False
2026-06-11 14:20:00+05:30,RELIANCE,sell,33333.33333333333,0.3333333333333333,False
2026-06-11 14:20:00+05:30,SBIN,buy,16666.666666666664,0.16666666666666666,False
2026-06-11 14:20:00+05:30,TATASTEEL,sell,16666.666666666664,0.16666666666666666,False
2026-06-11 14:25:00+05:30,BHARTIARTL,buy,16666.666666666664,0.16666666666666666,False
2026-06-11 14:25:00+05:30,HDFCBANK,sell,16666.666666666664,0.16666666666666666,False
2026-06-11 14:25:00+05:30,ICICIBANK,buy,16666.666666666664,0.16666666666666666,False
2026-06-11 14:25:00+05:30,INFY,sell,16666.666666666664,0.16666666666666666,False
2026-06-11 14:25:00+05:30,ITC,buy,16666.666666666664,0.16666666666666666,False
2026-06-11 14:25:00+05:30,KOTAKBANK,sell,16666.666666666664,0.16666666666666666,False
2026-06-11 14:25:00+05:30,RELIANCE,buy,16666.666666666664,0.16666666666666666,False
2026-06-11 14:25:00+05:30,SBIN,sell,16666.666666666664,0.16666666666666666,False
2026-06-11 14:30:00+05:30,AXISBANK,sell,16666.666666666664,0.16666666666666666,False
2026-06-11 14:30:00+05:30,BHARTIARTL,sell,16666.666666666664,0.16666666666666666,False
2026-06-11 14:30:00+05:30,HCLTECH,sell,16666.666666666664,0.16666666666666666,False
2026-06-11 14:30:00+05:30,ICICIBANK,sell,16666.666666666664,0.16666666666666666,False
2026-06-11 14:30:00+05:30,ITC,sell,33333.33333333333,0.3333333333333333,False
2026-06-11 14:30:00+05:30,KOTAKBANK,buy,16666.666666666664,0.16666666666666666,False
2026-06-11 14:30:00+05:30,M&M,buy,16666.666666666664,0.16666666666666666,False
2026-06-11 14:30:00+05:30,MARUTI,buy,16666.666666666664,0.16666666666666666,False
2026-06-11 14:30:00+05:30,SBIN,buy,33333.33333333333,0.3333333333333333,False
2026-06-11 14:30:00+05:30,TATASTEEL,buy,16666.666666666664,0.16666666666666666,False
2026-06-11 14:35:00+05:30,AXISBANK,buy,16666.666666666664,0.16666666666666666,False
2026-06-11 14:35:00+05:30,HCLTECH,buy,33333.33333333333,0.3333333333333333,False
2026-06-11 14:35:00+05:30,M&M,sell,16666.666666666664,0.16666666666666666,False
2026-06-11 14:35:00+05:30,MARUTI,sell,16666.666666666664,0.16666666666666666,False
2026-06-11 14:35:00+05:30,SBIN,sell,16666.666666666664,0.16666666666666666,False
2026-06-11 14:35:00+05:30,SUNPHARMA,buy,16666.666666666664,0.16666666666666666,False
2026-06-11 14:35:00+05:30,TATASTEEL,sell,16666.666666666664,0.16666666666666666,False
2026-06-11 14:40:00+05:30,BHARTIARTL,buy,16666.666666666664,0.16666666666666666,False
2026-06-11 14:40:00+05:30,HCLTECH,sell,33333.33333333333,0.3333333333333333,False
2026-06-11 14:40:00+05:30,HDFCBANK,sell,16666.666666666664,0.16666666666666666,False
2026-06-11 14:40:00+05:30,ITC,buy,16666.666666666664,0.16666666666666666,False
2026-06-11 14:40:00+05:30,SBIN,buy,16666.666666666664,0.16666666666666666,False
2026-06-11 14:45:00+05:30,AXISBANK,sell,16666.666666666664,0.16666666666666666,False
2026-06-11 14:45:00+05:30,BHARTIARTL,buy,16666.666666666664,0.16666666666666666,False
2026-06-11 14:45:00+05:30,HCLTECH,buy,16666.666666666664,0.16666666666666666,False
2026-06-11 14:45:00+05:30,HDFCBANK,buy,16666.666666666664,0.16666666666666666,False
2026-06-11 14:45:00+05:30,INFY,sell,16666.666666666664,0.16666666666666666,False
2026-06-11 14:45:00+05:30,M&M,buy,16666.666666666664,0.16666666666666666,False
2026-06-11 14:45:00+05:30,MARUTI,buy,16666.666666666664,0.16666666666666666,False
2026-06-11 14:45:00+05:30,RELIANCE,sell,16666.666666666664,0.16666666666666666,False
2026-06-11 14:45:00+05:30,SBIN,sell,16666.666666666664,0.16666666666666666,False
2026-06-11 14:45:00+05:30,TATASTEEL,sell,16666.666666666664,0.16666666666666666,False
2026-06-11 14:50:00+05:30,BHARTIARTL,sell,16666.666666666664,0.16666666666666666,False
2026-06-11 14:50:00+05:30,ICICIBANK,buy,16666.666666666664,0.16666666666666666,False
2026-06-11 14:50:00+05:30,INFY,buy,16666.666666666664,0.16666666666666666,False
2026-06-11 14:50:00+05:30,ITC,sell,16666.666666666664,0.16666666666666666,False
2026-06-11 14:50:00+05:30,M&M,sell,16666.666666666664,0.16666666666666666,False
2026-06-11 14:50:00+05:30,MARUTI,sell,16666.666666666664,0.16666666666666666,False
2026-06-11 14:50:00+05:30,RELIANCE,buy,16666.666666666664,0.16666666666666666,False
2026-06-11 14:50:00+05:30,SBIN,buy,16666.666666666664,0.16666666666666666,False
2026-06-11 14:55:00+05:30,AXISBANK,buy,16666.666666666664,0.16666666666666666,False
2026-06-11 14:55:00+05:30,BHARTIARTL,sell,16666.666666666664,0.16666666666666666,False
2026-06-11 14:55:00+05:30,HCLTECH,sell,16666.666666666664,0.16666666666666666,False
2026-06-11 14:55:00+05:30,ICICIBANK,sell,16666.666666666664,0.16666666666666666,False
2026-06-11 14:55:00+05:30,INFY,buy,16666.666666666664,0.16666666666666666,False
2026-06-11 14:55:00+05:30,ITC,buy,16666.666666666664,0.16666666666666666,False
2026-06-11 14:55:00+05:30,M&M,buy,16666.666666666664,0.16666666666666666,False
2026-06-11 14:55:00+05:30,SBIN,sell,33333.33333333333,0.3333333333333333,False
2026-06-11 14:55:00+05:30,TATASTEEL,buy,16666.666666666664,0.16666666666666666,False
2026-06-11 15:00:00+05:30,AXISBANK,sell,16666.666666666664,0.16666666666666666,False
2026-06-11 15:00:00+05:30,BHARTIARTL,buy,16666.666666666664,0.16666666666666666,False
2026-06-11 15:00:00+05:30,HCLTECH,buy,16666.666666666664,0.16666666666666666,False
2026-06-11 15:00:00+05:30,HDFCBANK,sell,16666.666666666664,0.16666666666666666,False
2026-06-11 15:00:00+05:30,ICICIBANK,buy,16666.666666666664,0.16666666666666666,False
2026-06-11 15:00:00+05:30,LT,buy,16666.666666666664,0.16666666666666666,False
2026-06-11 15:00:00+05:30,M&M,sell,16666.666666666664,0.16666666666666666,False
2026-06-11 15:00:00+05:30,SBIN,buy,16666.666666666664,0.16666666666666666,False
2026-06-11 15:00:00+05:30,SUNPHARMA,sell,33333.33333333333,0.3333333333333333,False
2026-06-11 15:05:00+05:30,HCLTECH,sell,16666.666666666664,0.16666666666666666,False
2026-06-11 15:05:00+05:30,HDFCBANK,buy,16666.666666666664,0.16666666666666666,False
2026-06-11 15:05:00+05:30,INFY,sell,16666.666666666664,0.16666666666666666,False
2026-06-11 15:05:00+05:30,LT,sell,16666.666666666664,0.16666666666666666,False
2026-06-11 15:05:00+05:30,MARUTI,sell,16666.666666666664,0.16666666666666666,False
2026-06-11 15:05:00+05:30,RELIANCE,buy,16666.666666666664,0.16666666666666666,False
2026-06-11 15:05:00+05:30,SBIN,buy,16666.666666666664,0.16666666666666666,False
2026-06-11 15:05:00+05:30,SUNPHARMA,buy,16666.666666666664,0.16666666666666666,False
2026-06-11 15:10:00+05:30,ICICIBANK,sell,16666.666666666664,0.16666666666666666,False
2026-06-11 15:10:00+05:30,ITC,sell,16666.666666666664,0.16666666666666666,False
2026-06-11 15:10:00+05:30,KOTAKBANK,buy,16666.666666666664,0.16666666666666666,False
2026-06-11 15:10:00+05:30,MARUTI,buy,33333.33333333333,0.3333333333333333,False
2026-06-11 15:10:00+05:30,RELIANCE,sell,16666.666666666664,0.16666666666666666,False
2026-06-11 15:10:00+05:30,SBIN,sell,16666.666666666664,0.16666666666666666,False
2026-06-11 15:10:00+05:30,TATASTEEL,buy,16666.666666666664,0.16666666666666666,False
2026-06-11 15:15:00+05:30,BHARTIARTL,sell,16666.666666666664,0.16666666666666666,False
2026-06-11 15:15:00+05:30,HCLTECH,buy,16666.666666666664,0.16666666666666666,False
2026-06-11 15:15:00+05:30,ICICIBANK,buy,16666.666666666664,0.16666666666666666,False
2026-06-11 15:15:00+05:30,INFY,sell,16666.666666666664,0.16666666666666666,False
2026-06-11 15:15:00+05:30,ITC,buy,16666.666666666664,0.16666666666666666,False
2026-06-11 15:15:00+05:30,KOTAKBANK,sell,33333.33333333333,0.3333333333333333,False
2026-06-11 15:15:00+05:30,M&M,buy,16666.666666666664,0.16666666666666666,False
2026-06-11 15:15:00+05:30,MARUTI,sell,16666.666666666664,0.16666666666666666,False
2026-06-11 15:15:00+05:30,RELIANCE,buy,16666.666666666664,0.16666666666666666,False
2026-06-11 15:15:00+05:30,SBIN,buy,16666.666666666664,0.16666666666666666,False
2026-06-11 15:15:00+05:30,TATASTEEL,sell,16666.666666666664,0.16666666666666666,False
2026-06-11 15:20:00+05:30,AXISBANK,buy,16666.666666666664,0.16666666666666666,False
2026-06-11 15:20:00+05:30,BHARTIARTL,buy,16666.666666666664,0.16666666666666666,False
2026-06-11 15:20:00+05:30,HDFCBANK,buy,16666.666666666664,0.16666666666666666,False
2026-06-11 15:20:00+05:30,KOTAKBANK,buy,16666.666666666664,0.16666666666666666,False
2026-06-11 15:20:00+05:30,M&M,sell,16666.666666666664,0.16666666666666666,False
2026-06-11 15:20:00+05:30,MARUTI,sell,16666.666666666664,0.16666666666666666,False
2026-06-11 15:20:00+05:30,RELIANCE,sell,16666.666666666664,0.16666666666666666,False
2026-06-11 15:20:00+05:30,SBIN,sell,16666.666666666664,0.16666666666666666,False
2026-06-12 14:10:00+05:30,AXISBANK,sell,16666.666666666664,0.16666666666666666,False
2026-06-12 14:10:00+05:30,BHARTIARTL,buy,16666.666666666664,0.16666666666666666,False
2026-06-12 14:10:00+05:30,HCLTECH,buy,16666.666666666664,0.16666666666666666,False
2026-06-12 14:10:00+05:30,HDFCBANK,sell,33333.33333333333,0.3333333333333333,False
2026-06-12 14:10:00+05:30,ICICIBANK,sell,16666.666666666664,0.16666666666666666,False
2026-06-12 14:10:00+05:30,INFY,buy,16666.666666666664,0.16666666666666666,False
2026-06-12 14:10:00+05:30,KOTAKBANK,sell,16666.666666666664,0.16666666666666666,False
2026-06-12 14:10:00+05:30,LT,sell,16666.666666666664,0.16666666666666666,False
2026-06-12 14:10:00+05:30,M&M,buy,16666.666666666664,0.16666666666666666,False
2026-06-12 14:10:00+05:30,MARUTI,buy,33333.33333333333,0.3333333333333333,False
2026-06-12 14:15:00+05:30,AXISBANK,sell,16666.666666666664,0.16666666666666666,False
2026-06-12 14:15:00+05:30,BHARTIARTL,sell,16666.666666666664,0.16666666666666666,False
2026-06-12 14:15:00+05:30,HCLTECH,sell,16666.666666666664,0.16666666666666666,False
2026-06-12 14:15:00+05:30,KOTAKBANK,buy,33333.33333333333,0.3333333333333333,False
2026-06-12 14:15:00+05:30,LT,buy,16666.666666666664,0.16666666666666666,False
2026-06-12 14:15:00+05:30,MARUTI,sell,16666.666666666664,0.16666666666666666,False
2026-06-12 14:15:00+05:30,RELIANCE,sell,16666.666666666664,0.16666666666666666,False
2026-06-12 14:15:00+05:30,SUNPHARMA,buy,16666.666666666664,0.16666666666666666,False
2026-06-12 14:15:00+05:30,TATASTEEL,buy,16666.666666666664,0.16666666666666666,False
2026-06-12 14:20:00+05:30,AXISBANK,buy,16666.666666666664,0.16666666666666666,False
2026-06-12 14:20:00+05:30,HCLTECH,buy,16666.666666666664,0.16666666666666666,False
2026-06-12 14:20:00+05:30,INFY,buy,16666.666666666664,0.16666666666666666,False
2026-06-12 14:20:00+05:30,KOTAKBANK,sell,16666.666666666664,0.16666666666666666,False
2026-06-12 14:20:00+05:30,LT,sell,16666.666666666664,0.16666666666666666,False
2026-06-12 14:20:00+05:30,M&M,sell,16666.666666666664,0.16666666666666666,False
2026-06-12 14:20:00+05:30,RELIANCE,buy,16666.666666666664,0.16666666666666666,False
2026-06-12 14:20:00+05:30,TATASTEEL,sell,16666.666666666664,0.16666666666666666,False
2026-06-12 14:25:00+05:30,HCLTECH,sell,16666.666666666664,0.16666666666666666,False
2026-06-12 14:25:00+05:30,ICICIBANK,buy,16666.666666666664,0.16666666666666666,False
2026-06-12 14:25:00+05:30,M&M,buy,16666.666666666664,0.16666666666666666,False
2026-06-12 14:25:00+05:30,MARUTI,sell,16666.666666666664,0.16666666666666666,False
2026-06-12 14:25:00+05:30,SBIN,buy,16666.666666666664,0.16666666666666666,False
2026-06-12 14:25:00+05:30,SUNPHARMA,sell,16666.666666666664,0.16666666666666666,False
2026-06-12 14:30:00+05:30,BHARTIARTL,buy,16666.666666666664,0.16666666666666666,False
2026-06-12 14:30:00+05:30,HDFCBANK,buy,16666.666666666664,0.16666666666666666,False
2026-06-12 14:30:00+05:30,ICICIBANK,sell,16666.666666666664,0.16666666666666666,False
2026-06-12 14:30:00+05:30,ITC,buy,16666.666666666664,0.16666666666666666,False
2026-06-12 14:30:00+05:30,M&M,sell,16666.666666666664,0.16666666666666666,False
2026-06-12 14:30:00+05:30,MARUTI,buy,16666.666666666664,0.16666666666666666,False
2026-06-12 14:30:00+05:30,RELIANCE,sell,16666.666666666664,0.16666666666666666,False
2026-06-12 14:30:00+05:30,SBIN,sell,16666.666666666664,0.16666666666666666,False
2026-06-12 14:35:00+05:30,BHARTIARTL,sell,16666.666666666664,0.16666666666666666,False
2026-06-12 14:35:00+05:30,HCLTECH,buy,16666.666666666664,0.16666666666666666,False
2026-06-12 14:35:00+05:30,HDFCBANK,sell,16666.666666666664,0.16666666666666666,False
2026-06-12 14:35:00+05:30,KOTAKBANK,sell,16666.666666666664,0.16666666666666666,False
2026-06-12 14:35:00+05:30,M&M,buy,16666.666666666664,0.16666666666666666,False
2026-06-12 14:35:00+05:30,RELIANCE,buy,16666.666666666664,0.16666666666666666,False
2026-06-12 14:40:00+05:30,ITC,sell,33333.33333333333,0.3333333333333333,False
2026-06-12 14:40:00+05:30,KOTAKBANK,buy,16666.666666666664,0.16666666666666666,False
2026-06-12 14:40:00+05:30,LT,buy,16666.666666666664,0.16666666666666666,False
2026-06-12 14:40:00+05:30,MARUTI,buy,16666.666666666664,0.16666666666666666,False
2026-06-12 14:40:00+05:30,SBIN,sell,16666.666666666664,0.16666666666666666,False
2026-06-12 14:45:00+05:30,AXISBANK,sell,16666.666666666664,0.16666666666666666,False
2026-06-12 14:45:00+05:30,BHARTIARTL,buy,16666.666666666664,0.16666666666666666,False
2026-06-12 14:45:00+05:30,HCLTECH,sell,16666.666666666664,0.16666666666666666,False
2026-06-12 14:45:00+05:30,HDFCBANK,buy,16666.666666666664,0.16666666666666666,False
2026-06-12 14:45:00+05:30,INFY,sell,16666.666666666664,0.16666666666666666,False
2026-06-12 14:45:00+05:30,ITC,buy,16666.666666666664,0.16666666666666666,False
2026-06-12 14:45:00+05:30,LT,sell,16666.666666666664,0.16666666666666666,False
2026-06-12 14:45:00+05:30,M&M,sell,16666.666666666664,0.16666666666666666,False
2026-06-12 14:45:00+05:30,MARUTI,sell,16666.666666666664,0.16666666666666666,False
2026-06-12 14:45:00+05:30,SBIN,buy,16666.666666666664,0.16666666666666666,False
2026-06-12 14:45:00+05:30,SUNPHARMA,buy,16666.666666666664,0.16666666666666666,False
2026-06-12 14:45:00+05:30,TATASTEEL,buy,16666.666666666664,0.16666666666666666,False
2026-06-12 14:50:00+05:30,AXISBANK,buy,16666.666666666664,0.16666666666666666,False
2026-06-12 14:50:00+05:30,BHARTIARTL,sell,16666.666666666664,0.16666666666666666,False
2026-06-12 14:50:00+05:30,HCLTECH,buy,16666.666666666664,0.16666666666666666,False
2026-06-12 14:50:00+05:30,HDFCBANK,sell,16666.666666666664,0.16666666666666666,False
2026-06-12 14:50:00+05:30,ICICIBANK,sell,16666.666666666664,0.16666666666666666,False
2026-06-12 14:50:00+05:30,ITC,buy,16666.666666666664,0.16666666666666666,False
2026-06-12 14:50:00+05:30,M&M,buy,16666.666666666664,0.16666666666666666,False
2026-06-12 14:50:00+05:30,SUNPHARMA,sell,16666.666666666664,0.16666666666666666,False
2026-06-12 14:55:00+05:30,AXISBANK,sell,16666.666666666664,0.16666666666666666,False
2026-06-12 14:55:00+05:30,BHARTIARTL,sell,16666.666666666664,0.16666666666666666,False
2026-06-12 14:55:00+05:30,HCLTECH,sell,16666.666666666664,0.16666666666666666,False
2026-06-12 14:55:00+05:30,ICICIBANK,buy,16666.666666666664,0.16666666666666666,False
2026-06-12 14:55:00+05:30,INFY,buy,16666.666666666664,0.16666666666666666,False
2026-06-12 14:55:00+05:30,LT,buy,16666.666666666664,0.16666666666666666,False
2026-06-12 15:00:00+05:30,BHARTIARTL,buy,16666.666666666664,0.16666666666666666,False
2026-06-12 15:00:00+05:30,ICICIBANK,buy,16666.666666666664,0.16666666666666666,False
2026-06-12 15:00:00+05:30,INFY,sell,16666.666666666664,0.16666666666666666,False
2026-06-12 15:00:00+05:30,LT,sell,16666.666666666664,0.16666666666666666,False
2026-06-12 15:00:00+05:30,SUNPHARMA,buy,16666.666666666664,0.16666666666666666,False
2026-06-12 15:00:00+05:30,TATASTEEL,sell,16666.666666666664,0.16666666666666666,False
2026-06-12 15:05:00+05:30,AXISBANK,buy,16666.666666666664,0.16666666666666666,False
2026-06-12 15:05:00+05:30,BHARTIARTL,sell,16666.666666666664,0.16666666666666666,False
2026-06-12 15:05:00+05:30,HDFCBANK,buy,16666.666666666664,0.16666666666666666,False
2026-06-12 15:05:00+05:30,ICICIBANK,sell,16666.666666666664,0.16666666666666666,False
2026-06-12 15:05:00+05:30,INFY,buy,16666.666666666664,0.16666666666666666,False
2026-06-12 15:05:00+05:30,ITC,sell,16666.666666666664,0.16666666666666666,False
2026-06-12 15:05:00+05:30,LT,buy,16666.666666666664,0.16666666666666666,False
2026-06-12 15:05:00+05:30,M&M,sell,16666.666666666664,0.16666666666666666,False
2026-06-12 15:05:00+05:30,SBIN,buy,16666.666666666664,0.16666666666666666,False
2026-06-12 15:05:00+05:30,SUNPHARMA,sell,33333.33333333333,0.3333333333333333,False
2026-06-12 15:05:00+05:30,TATASTEEL,buy,16666.666666666664,0.16666666666666666,False
2026-06-12 15:10:00+05:30,AXISBANK,sell,16666.666666666664,0.16666666666666666,False
2026-06-12 15:10:00+05:30,BHARTIARTL,buy,16666.666666666664,0.16666666666666666,False
2026-06-12 15:10:00+05:30,INFY,sell,16666.666666666664,0.16666666666666666,False
2026-06-12 15:10:00+05:30,ITC,buy,16666.666666666664,0.16666666666666666,False
2026-06-12 15:10:00+05:30,M&M,buy,16666.666666666664,0.16666666666666666,False
2026-06-12 15:10:00+05:30,MARUTI,sell,16666.666666666664,0.16666666666666666,False
2026-06-12 15:10:00+05:30,RELIANCE,sell,16666.666666666664,0.16666666666666666,False
2026-06-12 15:10:00+05:30,SBIN,sell,16666.666666666664,0.16666666666666666,False
2026-06-12 15:10:00+05:30,SUNPHARMA,buy,33333.33333333333,0.3333333333333333,False
2026-06-12 15:15:00+05:30,AXISBANK,buy,16666.666666666664,0.16666666666666666,False
2026-06-12 15:15:00+05:30,BHARTIARTL,sell,16666.666666666664,0.16666666666666666,False
2026-06-12 15:15:00+05:30,HCLTECH,buy,16666.666666666664,0.16666666666666666,False
2026-06-12 15:15:00+05:30,ITC,sell,16666.666666666664,0.16666666666666666,False
2026-06-12 15:15:00+05:30,KOTAKBANK,buy,16666.666666666664,0.16666666666666666,False
2026-06-12 15:15:00+05:30,LT,sell,16666.666666666664,0.16666666666666666,False
2026-06-12 15:15:00+05:30,MARUTI,buy,16666.666666666664,0.16666666666666666,False
2026-06-12 15:15:00+05:30,TATASTEEL,sell,16666.666666666664,0.16666666666666666,False
2026-06-12 15:20:00+05:30,ITC,sell,16666.666666666664,0.16666666666666666,False
2026-06-12 15:20:00+05:30,LT,buy,16666.666666666664,0.16666666666666666,False
2026-06-12 15:20:00+05:30,RELIANCE,buy,16666.666666666664,0.16666666666666666,False
2026-06-12 15:20:00+05:30,SBIN,buy,16666.666666666664,0.16666666666666666,False
2026-06-12 15:20:00+05:30,SUNPHARMA,sell,33333.33333333333,0.3333333333333333,False
2026-06-15 14:10:00+05:30,HCLTECH,sell,16666.666666666664,0.16666666666666666,False
2026-06-15 14:10:00+05:30,HDFCBANK,buy,16666.666666666664,0.16666666666666666,False
2026-06-15 14:10:00+05:30,ICICIBANK,buy,16666.666666666664,0.16666666666666666,False
2026-06-15 14:10:00+05:30,INFY,buy,16666.666666666664,0.16666666666666666,False
2026-06-15 14:10:00+05:30,ITC,buy,16666.666666666664,0.16666666666666666,False
2026-06-15 14:10:00+05:30,KOTAKBANK,sell,33333.33333333333,0.3333333333333333,False
2026-06-15 14:10:00+05:30,SBIN,sell,16666.666666666664,0.16666666666666666,False
2026-06-15 14:10:00+05:30,SUNPHARMA,buy,16666.666666666664,0.16666666666666666,False
2026-06-15 14:10:00+05:30,TATASTEEL,sell,16666.666666666664,0.16666666666666666,False
2026-06-15 14:15:00+05:30,HDFCBANK,sell,16666.666666666664,0.16666666666666666,False
2026-06-15 14:15:00+05:30,ICICIBANK,sell,16666.666666666664,0.16666666666666666,False
2026-06-15 14:15:00+05:30,INFY,sell,16666.666666666664,0.16666666666666666,False
2026-06-15 14:15:00+05:30,ITC,buy,16666.666666666664,0.16666666666666666,False
2026-06-15 14:15:00+05:30,MARUTI,sell,16666.666666666664,0.16666666666666666,False
2026-06-15 14:15:00+05:30,SUNPHARMA,buy,16666.666666666664,0.16666666666666666,False
2026-06-15 14:15:00+05:30,TATASTEEL,buy,33333.33333333333,0.3333333333333333,False
2026-06-15 14:20:00+05:30,ICICIBANK,buy,16666.666666666664,0.16666666666666666,False
2026-06-15 14:20:00+05:30,INFY,buy,16666.666666666664,0.16666666666666666,False
2026-06-15 14:20:00+05:30,KOTAKBANK,buy,16666.666666666664,0.16666666666666666,False
2026-06-15 14:20:00+05:30,SUNPHARMA,sell,33333.33333333333,0.3333333333333333,False
2026-06-15 14:20:00+05:30,TATASTEEL,sell,16666.666666666664,0.16666666666666666,False
2026-06-15 14:25:00+05:30,AXISBANK,sell,16666.666666666664,0.16666666666666666,False
2026-06-15 14:25:00+05:30,BHARTIARTL,buy,16666.666666666664,0.16666666666666666,False
2026-06-15 14:25:00+05:30,HCLTECH,buy,16666.666666666664,0.16666666666666666,False
2026-06-15 14:25:00+05:30,ICICIBANK,sell,16666.666666666664,0.16666666666666666,False
2026-06-15 14:25:00+05:30,INFY,sell,16666.666666666664,0.16666666666666666,False
2026-06-15 14:25:00+05:30,ITC,sell,33333.33333333333,0.3333333333333333,False
2026-06-15 14:25:00+05:30,RELIANCE,buy,16666.666666666664,0.16666666666666666,False
2026-06-15 14:25:00+05:30,SUNPHARMA,buy,33333.33333333333,0.3333333333333333,False
2026-06-15 14:30:00+05:30,AXISBANK,buy,16666.666666666664,0.16666666666666666,False
2026-06-15 14:30:00+05:30,BHARTIARTL,buy,16666.666666666664,0.16666666666666666,False
2026-06-15 14:30:00+05:30,HCLTECH,sell,33333.33333333333,0.3333333333333333,False
2026-06-15 14:30:00+05:30,HDFCBANK,sell,16666.666666666664,0.16666666666666666,False
2026-06-15 14:30:00+05:30,ITC,buy,33333.33333333333,0.3333333333333333,False
2026-06-15 14:30:00+05:30,RELIANCE,sell,16666.666666666664,0.16666666666666666,False
2026-06-15 14:30:00+05:30,SBIN,buy,16666.666666666664,0.16666666666666666,False
2026-06-15 14:30:00+05:30,SUNPHARMA,sell,16666.666666666664,0.16666666666666666,False
2026-06-15 14:35:00+05:30,AXISBANK,sell,16666.666666666664,0.16666666666666666,False
2026-06-15 14:35:00+05:30,BHARTIARTL,sell,16666.666666666664,0.16666666666666666,False
2026-06-15 14:35:00+05:30,HCLTECH,buy,16666.666666666664,0.16666666666666666,False
2026-06-15 14:35:00+05:30,HDFCBANK,buy,16666.666666666664,0.16666666666666666,False
2026-06-15 14:35:00+05:30,ICICIBANK,sell,16666.666666666664,0.16666666666666666,False
2026-06-15 14:35:00+05:30,KOTAKBANK,sell,16666.666666666664,0.16666666666666666,False
2026-06-15 14:35:00+05:30,MARUTI,buy,33333.33333333333,0.3333333333333333,False
2026-06-15 14:35:00+05:30,SBIN,sell,16666.666666666664,0.16666666666666666,False
2026-06-15 14:35:00+05:30,TATASTEEL,buy,16666.666666666664,0.16666666666666666,False
2026-06-15 14:40:00+05:30,HCLTECH,sell,16666.666666666664,0.16666666666666666,False
2026-06-15 14:40:00+05:30,HDFCBANK,sell,16666.666666666664,0.16666666666666666,False
2026-06-15 14:40:00+05:30,ICICIBANK,buy,16666.666666666664,0.16666666666666666,False
2026-06-15 14:40:00+05:30,ITC,sell,16666.666666666664,0.16666666666666666,False
2026-06-15 14:40:00+05:30,KOTAKBANK,buy,33333.33333333333,0.3333333333333333,False
2026-06-15 14:40:00+05:30,SBIN,buy,16666.666666666664,0.16666666666666666,False
2026-06-15 14:40:00+05:30,TATASTEEL,sell,16666.666666666664,0.16666666666666666,False
2026-06-15 14:45:00+05:30,AXISBANK,buy,16666.666666666664,0.16666666666666666,False
2026-06-15 14:45:00+05:30,HCLTECH,buy,16666.666666666664,0.16666666666666666,False
2026-06-15 14:45:00+05:30,HDFCBANK,buy,33333.33333333333,0.3333333333333333,False
2026-06-15 14:45:00+05:30,INFY,sell,16666.666666666664,0.16666666666666666,False
2026-06-15 14:45:00+05:30,KOTAKBANK,sell,16666.666666666664,0.16666666666666666,False
2026-06-15 14:45:00+05:30,M&M,buy,16666.666666666664,0.16666666666666666,False
2026-06-15 14:45:00+05:30,RELIANCE,sell,16666.666666666664,0.16666666666666666,False
2026-06-15 14:45:00+05:30,SBIN,sell,16666.666666666664,0.16666666666666666,False
2026-06-15 14:45:00+05:30,TATASTEEL,sell,16666.666666666664,0.16666666666666666,False
2026-06-15 14:50:00+05:30,HCLTECH,sell,16666.666666666664,0.16666666666666666,False
2026-06-15 14:50:00+05:30,HDFCBANK,sell,16666.666666666664,0.16666666666666666,False
2026-06-15 14:50:00+05:30,ICICIBANK,buy,16666.666666666664,0.16666666666666666,False
2026-06-15 14:50:00+05:30,M&M,sell,16666.666666666664,0.16666666666666666,False
2026-06-15 14:50:00+05:30,MARUTI,sell,16666.666666666664,0.16666666666666666,False
2026-06-15 14:50:00+05:30,RELIANCE,buy,16666.666666666664,0.16666666666666666,False
2026-06-15 14:50:00+05:30,SBIN,buy,16666.666666666664,0.16666666666666666,False
2026-06-15 14:50:00+05:30,SUNPHARMA,sell,16666.666666666664,0.16666666666666666,False
2026-06-15 14:50:00+05:30,TATASTEEL,buy,33333.33333333333,0.3333333333333333,False
2026-06-15 14:55:00+05:30,AXISBANK,sell,16666.666666666664,0.16666666666666666,False
2026-06-15 14:55:00+05:30,HCLTECH,buy,33333.33333333333,0.3333333333333333,False
2026-06-15 14:55:00+05:30,ICICIBANK,sell,16666.666666666664,0.16666666666666666,False
2026-06-15 14:55:00+05:30,INFY,buy,16666.666666666664,0.16666666666666666,False
2026-06-15 14:55:00+05:30,ITC,buy,16666.666666666664,0.16666666666666666,False
2026-06-15 14:55:00+05:30,KOTAKBANK,sell,16666.666666666664,0.16666666666666666,False
2026-06-15 14:55:00+05:30,RELIANCE,sell,16666.666666666664,0.16666666666666666,False
2026-06-15 14:55:00+05:30,SBIN,sell,16666.666666666664,0.16666666666666666,False
2026-06-15 14:55:00+05:30,SUNPHARMA,buy,16666.666666666664,0.16666666666666666,False
2026-06-15 15:00:00+05:30,AXISBANK,buy,16666.666666666664,0.16666666666666666,False
2026-06-15 15:00:00+05:30,HCLTECH,sell,16666.666666666664,0.16666666666666666,False
2026-06-15 15:00:00+05:30,ICICIBANK,buy,16666.666666666664,0.16666666666666666,False
2026-06-15 15:00:00+05:30,ITC,sell,16666.666666666664,0.16666666666666666,False
2026-06-15 15:00:00+05:30,LT,sell,16666.666666666664,0.16666666666666666,False
2026-06-15 15:00:00+05:30,SBIN,buy,16666.666666666664,0.16666666666666666,False
2026-06-15 15:05:00+05:30,HDFCBANK,buy,16666.666666666664,0.16666666666666666,False
2026-06-15 15:05:00+05:30,LT,buy,16666.666666666664,0.16666666666666666,False
2026-06-15 15:05:00+05:30,MARUTI,sell,16666.666666666664,0.16666666666666666,False
2026-06-15 15:05:00+05:30,RELIANCE,buy,33333.33333333333,0.3333333333333333,False
2026-06-15 15:05:00+05:30,SBIN,sell,16666.666666666664,0.16666666666666666,False
2026-06-15 15:05:00+05:30,SUNPHARMA,sell,16666.666666666664,0.16666666666666666,False
2026-06-15 15:05:00+05:30,TATASTEEL,sell,16666.666666666664,0.16666666666666666,False
2026-06-15 15:10:00+05:30,AXISBANK,sell,16666.666666666664,0.16666666666666666,False
2026-06-15 15:10:00+05:30,BHARTIARTL,buy,16666.666666666664,0.16666666666666666,False
2026-06-15 15:10:00+05:30,HDFCBANK,sell,16666.666666666664,0.16666666666666666,False
2026-06-15 15:10:00+05:30,ICICIBANK,sell,16666.666666666664,0.16666666666666666,False
2026-06-15 15:10:00+05:30,INFY,sell,16666.666666666664,0.16666666666666666,False
2026-06-15 15:10:00+05:30,ITC,buy,16666.666666666664,0.16666666666666666,False
2026-06-15 15:10:00+05:30,KOTAKBANK,buy,16666.666666666664,0.16666666666666666,False
2026-06-15 15:10:00+05:30,M&M,sell,16666.666666666664,0.16666666666666666,False
2026-06-15 15:10:00+05:30,MARUTI,buy,33333.33333333333,0.3333333333333333,False
2026-06-15 15:10:00+05:30,RELIANCE,sell,16666.666666666664,0.16666666666666666,False
2026-06-15 15:10:00+05:30,SUNPHARMA,buy,16666.666666666664,0.16666666666666666,False
2026-06-15 15:15:00+05:30,AXISBANK,buy,33333.33333333333,0.3333333333333333,False
2026-06-15 15:15:00+05:30,BHARTIARTL,sell,16666.666666666664,0.16666666666666666,False
2026-06-15 15:15:00+05:30,ITC,sell,16666.666666666664,0.16666666666666666,False
2026-06-15 15:15:00+05:30,KOTAKBANK,buy,16666.666666666664,0.16666666666666666,False
2026-06-15 15:15:00+05:30,M&M,buy,33333.33333333333,0.3333333333333333,False
2026-06-15 15:15:00+05:30,MARUTI,sell,16666.666666666664,0.16666666666666666,False
2026-06-15 15:15:00+05:30,RELIANCE,sell,16666.666666666664,0.16666666666666666,False
2026-06-15 15:15:00+05:30,SUNPHARMA,sell,16666.666666666664,0.16666666666666666,False
2026-06-15 15:20:00+05:30,AXISBANK,sell,16666.666666666664,0.16666666666666666,False
2026-06-15 15:20:00+05:30,INFY,buy,16666.666666666664,0.16666666666666666,False
2026-06-15 15:20:00+05:30,ITC,sell,16666.666666666664,0.16666666666666666,False
2026-06-15 15:20:00+05:30,KOTAKBANK,sell,33333.33333333333,0.3333333333333333,False
2026-06-15 15:20:00+05:30,M&M,sell,16666.666666666664,0.16666666666666666,False
2026-06-15 15:20:00+05:30,MARUTI,buy,16666.666666666664,0.16666666666666666,False
2026-06-15 15:20:00+05:30,RELIANCE,buy,16666.666666666664,0.16666666666666666,False
2026-06-15 15:20:00+05:30,SBIN,buy,16666.666666666664,0.16666666666666666,False
2026-06-15 15:20:00+05:30,TATASTEEL,buy,16666.666666666664,0.16666666666666666,False
2026-06-16 14:10:00+05:30,BHARTIARTL,buy,16666.666666666664,0.16666666666666666,False
2026-06-16 14:10:00+05:30,HCLTECH,sell,16666.666666666664,0.16666666666666666,False
2026-06-16 14:10:00+05:30,ITC,buy,33333.33333333333,0.3333333333333333,False
2026-06-16 14:10:00+05:30,KOTAKBANK,buy,16666.666666666664,0.16666666666666666,False
2026-06-16 14:10:00+05:30,LT,buy,16666.666666666664,0.16666666666666666,False
2026-06-16 14:10:00+05:30,M&M,sell,16666.666666666664,0.16666666666666666,False
2026-06-16 14:10:00+05:30,MARUTI,sell,16666.666666666664,0.16666666666666666,False
2026-06-16 14:10:00+05:30,RELIANCE,sell,16666.666666666664,0.16666666666666666,False
2026-06-16 14:10:00+05:30,SBIN,sell,16666.666666666664,0.16666666666666666,False
2026-06-16 14:10:00+05:30,SUNPHARMA,buy,16666.666666666664,0.16666666666666666,False
2026-06-16 14:10:00+05:30,TATASTEEL,sell,16666.666666666664,0.16666666666666666,False
2026-06-16 14:15:00+05:30,BHARTIARTL,sell,16666.666666666664,0.16666666666666666,False
2026-06-16 14:15:00+05:30,HCLTECH,buy,16666.666666666664,0.16666666666666666,False
2026-06-16 14:15:00+05:30,HDFCBANK,buy,16666.666666666664,0.16666666666666666,False
2026-06-16 14:15:00+05:30,ITC,sell,16666.666666666664,0.16666666666666666,False
2026-06-16 14:15:00+05:30,KOTAKBANK,sell,16666.666666666664,0.16666666666666666,False
2026-06-16 14:15:00+05:30,M&M,buy,16666.666666666664,0.16666666666666666,False
2026-06-16 14:15:00+05:30,MARUTI,sell,16666.666666666664,0.16666666666666666,False
2026-06-16 14:15:00+05:30,SUNPHARMA,buy,16666.666666666664,0.16666666666666666,False
2026-06-16 14:20:00+05:30,AXISBANK,sell,16666.666666666664,0.16666666666666666,False
2026-06-16 14:20:00+05:30,HCLTECH,buy,16666.666666666664,0.16666666666666666,False
2026-06-16 14:20:00+05:30,KOTAKBANK,buy,16666.666666666664,0.16666666666666666,False
2026-06-16 14:20:00+05:30,LT,sell,16666.666666666664,0.16666666666666666,False
2026-06-16 14:20:00+05:30,M&M,buy,16666.666666666664,0.16666666666666666,False
2026-06-16 14:20:00+05:30,MARUTI,buy,16666.666666666664,0.16666666666666666,False
2026-06-16 14:20:00+05:30,RELIANCE,buy,16666.666666666664,0.16666666666666666,False
2026-06-16 14:20:00+05:30,SUNPHARMA,sell,33333.33333333333,0.3333333333333333,False
2026-06-16 14:20:00+05:30,TATASTEEL,sell,16666.666666666664,0.16666666666666666,False
2026-06-16 14:25:00+05:30,AXISBANK,buy,16666.666666666664,0.16666666666666666,False
2026-06-16 14:25:00+05:30,HCLTECH,sell,33333.33333333333,0.3333333333333333,False
2026-06-16 14:25:00+05:30,HDFCBANK,sell,16666.666666666664,0.16666666666666666,False
2026-06-16 14:25:00+05:30,ICICIBANK,buy,16666.666666666664,0.16666666666666666,False
2026-06-16 14:25:00+05:30,ITC,buy,16666.666666666664,0.16666666666666666,False
2026-06-16 14:25:00+05:30,M&M,sell,16666.666666666664,0.16666666666666666,False
2026-06-16 14:25:00+05:30,MARUTI,buy,16666.666666666664,0.16666666666666666,False
2026-06-16 14:30:00+05:30,BHARTIARTL,buy,16666.666666666664,0.16666666666666666,False
2026-06-16 14:30:00+05:30,ICICIBANK,sell,16666.666666666664,0.16666666666666666,False
2026-06-16 14:30:00+05:30,ITC,sell,33333.33333333333,0.3333333333333333,False
2026-06-16 14:30:00+05:30,LT,buy,16666.666666666664,0.16666666666666666,False
2026-06-16 14:30:00+05:30,SBIN,sell,16666.666666666664,0.16666666666666666,False
2026-06-16 14:30:00+05:30,SUNPHARMA,buy,16666.666666666664,0.16666666666666666,False
2026-06-16 14:30:00+05:30,TATASTEEL,buy,16666.666666666664,0.16666666666666666,False
2026-06-16 14:35:00+05:30,AXISBANK,buy,16666.666666666664,0.16666666666666666,False
2026-06-16 14:35:00+05:30,BHARTIARTL,sell,16666.666666666664,0.16666666666666666,False
2026-06-16 14:35:00+05:30,ITC,buy,16666.666666666664,0.16666666666666666,False
2026-06-16 14:35:00+05:30,M&M,sell,16666.666666666664,0.16666666666666666,False
2026-06-16 14:35:00+05:30,MARUTI,sell,16666.666666666664,0.16666666666666666,False
2026-06-16 14:35:00+05:30,RELIANCE,buy,16666.666666666664,0.16666666666666666,False
2026-06-16 14:35:00+05:30,SBIN,buy,16666.666666666664,0.16666666666666666,False
2026-06-16 14:35:00+05:30,SUNPHARMA,sell,16666.666666666664,0.16666666666666666,False
2026-06-16 14:40:00+05:30,AXISBANK,sell,16666.666666666664,0.16666666666666666,False
2026-06-16 14:40:00+05:30,HCLTECH,buy,16666.666666666664,0.16666666666666666,False
2026-06-16 14:40:00+05:30,INFY,sell,16666.666666666664,0.16666666666666666,False
2026-06-16 14:40:00+05:30,KOTAKBANK,sell,16666.666666666664,0.16666666666666666,False
2026-06-16 14:40:00+05:30,M&M,buy,16666.666666666664,0.16666666666666666,False
2026-06-16 14:40:00+05:30,MARUTI,buy,16666.666666666664,0.16666666666666666,False
2026-06-16 14:40:00+05:30,RELIANCE,sell,16666.666666666664,0.16666666666666666,False
2026-06-16 14:40:00+05:30,SBIN,buy,16666.666666666664,0.16666666666666666,False
2026-06-16 14:45:00+05:30,AXISBANK,sell,16666.666666666664,0.16666666666666666,False
2026-06-16 14:45:00+05:30,HCLTECH,sell,16666.666666666664,0.16666666666666666,False
2026-06-16 14:45:00+05:30,HDFCBANK,buy,16666.666666666664,0.16666666666666666,False
2026-06-16 14:45:00+05:30,ICICIBANK,buy,16666.666666666664,0.16666666666666666,False
2026-06-16 14:45:00+05:30,INFY,buy,16666.666666666664,0.16666666666666666,False
2026-06-16 14:45:00+05:30,KOTAKBANK,buy,16666.666666666664,0.16666666666666666,False
2026-06-16 14:45:00+05:30,LT,sell,16666.666666666664,0.16666666666666666,False
2026-06-16 14:45:00+05:30,MARUTI,sell,16666.666666666664,0.16666666666666666,False
2026-06-16 14:45:00+05:30,RELIANCE,buy,16666.666666666664,0.16666666666666666,False
2026-06-16 14:45:00+05:30,SBIN,sell,16666.666666666664,0.16666666666666666,False
2026-06-16 14:45:00+05:30,SUNPHARMA,buy,16666.666666666664,0.16666666666666666,False
2026-06-16 14:45:00+05:30,TATASTEEL,sell,16666.666666666664,0.16666666666666666,False
2026-06-16 14:50:00+05:30,AXISBANK,buy,16666.666666666664,0.16666666666666666,False
2026-06-16 14:50:00+05:30,HCLTECH,buy,16666.666666666664,0.16666666666666666,False
2026-06-16 14:50:00+05:30,HDFCBANK,sell,16666.666666666664,0.16666666666666666,False
2026-06-16 14:50:00+05:30,ICICIBANK,sell,16666.666666666664,0.16666666666666666,False
2026-06-16 14:50:00+05:30,INFY,buy,16666.666666666664,0.16666666666666666,False
2026-06-16 14:50:00+05:30,KOTAKBANK,sell,16666.666666666664,0.16666666666666666,False
2026-06-16 14:50:00+05:30,LT,buy,16666.666666666664,0.16666666666666666,False
2026-06-16 14:50:00+05:30,M&M,sell,16666.666666666664,0.16666666666666666,False
2026-06-16 14:50:00+05:30,RELIANCE,sell,16666.666666666664,0.16666666666666666,False
2026-06-16 14:50:00+05:30,SUNPHARMA,buy,16666.666666666664,0.16666666666666666,False
2026-06-16 14:55:00+05:30,HCLTECH,sell,16666.666666666664,0.16666666666666666,False
2026-06-16 14:55:00+05:30,HDFCBANK,buy,16666.666666666664,0.16666666666666666,False
2026-06-16 14:55:00+05:30,ICICIBANK,sell,16666.666666666664,0.16666666666666666,False
2026-06-16 14:55:00+05:30,INFY,sell,16666.666666666664,0.16666666666666666,False
2026-06-16 14:55:00+05:30,KOTAKBANK,buy,16666.666666666664,0.16666666666666666,False
2026-06-16 14:55:00+05:30,M&M,buy,16666.666666666664,0.16666666666666666,False
2026-06-16 15:00:00+05:30,AXISBANK,sell,16666.666666666664,0.16666666666666666,False
2026-06-16 15:00:00+05:30,BHARTIARTL,buy,16666.666666666664,0.16666666666666666,False
2026-06-16 15:00:00+05:30,HCLTECH,buy,16666.666666666664,0.16666666666666666,False
2026-06-16 15:00:00+05:30,HDFCBANK,sell,16666.666666666664,0.16666666666666666,False
2026-06-16 15:00:00+05:30,ICICIBANK,buy,16666.666666666664,0.16666666666666666,False
2026-06-16 15:00:00+05:30,INFY,buy,16666.666666666664,0.16666666666666666,False
2026-06-16 15:00:00+05:30,LT,sell,33333.33333333333,0.3333333333333333,False
2026-06-16 15:00:00+05:30,M&M,buy,16666.666666666664,0.16666666666666666,False
2026-06-16 15:00:00+05:30,SUNPHARMA,sell,16666.666666666664,0.16666666666666666,False
2026-06-16 15:05:00+05:30,AXISBANK,buy,33333.33333333333,0.3333333333333333,False
2026-06-16 15:05:00+05:30,BHARTIARTL,sell,16666.666666666664,0.16666666666666666,False
2026-06-16 15:05:00+05:30,HCLTECH,sell,16666.666666666664,0.16666666666666666,False
2026-06-16 15:05:00+05:30,ICICIBANK,sell,16666.666666666664,0.16666666666666666,False
2026-06-16 15:05:00+05:30,INFY,sell,16666.666666666664,0.16666666666666666,False
2026-06-16 15:05:00+05:30,LT,buy,16666.666666666664,0.16666666666666666,False
2026-06-16 15:05:00+05:30,M&M,sell,16666.666666666664,0.16666666666666666,False
2026-06-16 15:05:00+05:30,MARUTI,buy,16666.666666666664,0.16666666666666666,False
2026-06-16 15:05:00+05:30,RELIANCE,buy,16666.666666666664,0.16666666666666666,False
2026-06-16 15:10:00+05:30,AXISBANK,sell,16666.666666666664,0.16666666666666666,False
2026-06-16 15:10:00+05:30,BHARTIARTL,buy,16666.666666666664,0.16666666666666666,False
2026-06-16 15:10:00+05:30,ICICIBANK,buy,16666.666666666664,0.16666666666666666,False
2026-06-16 15:10:00+05:30,KOTAKBANK,buy,16666.666666666664,0.16666666666666666,False
2026-06-16 15:10:00+05:30,MARUTI,sell,16666.666666666664,0.16666666666666666,False
2026-06-16 15:10:00+05:30,SBIN,sell,16666.666666666664,0.16666666666666666,False
2026-06-16 15:15:00+05:30,BHARTIARTL,sell,33333.33333333333,0.3333333333333333,False
2026-06-16 15:15:00+05:30,KOTAKBANK,sell,33333.33333333333,0.3333333333333333,False
2026-06-16 15:15:00+05:30,LT,buy,16666.666666666664,0.16666666666666666,False
2026-06-16 15:15:00+05:30,MARUTI,buy,16666.666666666664,0.16666666666666666,False
2026-06-16 15:15:00+05:30,RELIANCE,sell,16666.666666666664,0.16666666666666666,False
2026-06-16 15:15:00+05:30,SBIN,buy,16666.666666666664,0.16666666666666666,False
2026-06-16 15:15:00+05:30,SUNPHARMA,buy,16666.666666666664,0.16666666666666666,False
2026-06-16 15:15:00+05:30,TATASTEEL,buy,16666.666666666664,0.16666666666666666,False
2026-06-16 15:20:00+05:30,AXISBANK,buy,16666.666666666664,0.16666666666666666,False
2026-06-16 15:20:00+05:30,BHARTIARTL,buy,16666.666666666664,0.16666666666666666,False
2026-06-16 15:20:00+05:30,INFY,buy,16666.666666666664,0.16666666666666666,False
2026-06-16 15:20:00+05:30,KOTAKBANK,buy,16666.666666666664,0.16666666666666666,False
2026-06-16 15:20:00+05:30,LT,sell,33333.33333333333,0.3333333333333333,False
2026-06-16 15:20:00+05:30,M&M,buy,16666.666666666664,0.16666666666666666,False
2026-06-16 15:20:00+05:30,MARUTI,sell,33333.33333333333,0.3333333333333333,False
2026-06-16 15:20:00+05:30,SUNPHARMA,sell,16666.666666666664,0.16666666666666666,False
2026-06-17 14:10:00+05:30,AXISBANK,sell,16666.666666666664,0.16666666666666666,False
2026-06-17 14:10:00+05:30,BHARTIARTL,sell,16666.666666666664,0.16666666666666666,False
2026-06-17 14:10:00+05:30,HCLTECH,buy,16666.666666666664,0.16666666666666666,False
2026-06-17 14:10:00+05:30,ITC,buy,16666.666666666664,0.16666666666666666,False
2026-06-17 14:10:00+05:30,LT,buy,16666.666666666664,0.16666666666666666,False
2026-06-17 14:10:00+05:30,M&M,sell,16666.666666666664,0.16666666666666666,False
2026-06-17 14:10:00+05:30,MARUTI,buy,33333.33333333333,0.3333333333333333,False
2026-06-17 14:10:00+05:30,SUNPHARMA,sell,16666.666666666664,0.16666666666666666,False
2026-06-17 14:10:00+05:30,TATASTEEL,sell,16666.666666666664,0.16666666666666666,False
2026-06-17 14:15:00+05:30,AXISBANK,buy,16666.666666666664,0.16666666666666666,False
2026-06-17 14:15:00+05:30,BHARTIARTL,buy,16666.666666666664,0.16666666666666666,False
2026-06-17 14:15:00+05:30,ICICIBANK,sell,16666.666666666664,0.16666666666666666,False
2026-06-17 14:15:00+05:30,INFY,sell,16666.666666666664,0.16666666666666666,False
2026-06-17 14:15:00+05:30,ITC,sell,16666.666666666664,0.16666666666666666,False
2026-06-17 14:15:00+05:30,LT,buy,16666.666666666664,0.16666666666666666,False
2026-06-17 14:20:00+05:30,AXISBANK,sell,33333.33333333333,0.3333333333333333,False
2026-06-17 14:20:00+05:30,HDFCBANK,buy,16666.666666666664,0.16666666666666666,False
2026-06-17 14:20:00+05:30,ICICIBANK,buy,16666.666666666664,0.16666666666666666,False
2026-06-17 14:20:00+05:30,ITC,buy,16666.666666666664,0.16666666666666666,False
2026-06-17 14:20:00+05:30,KOTAKBANK,sell,16666.666666666664,0.16666666666666666,False
2026-06-17 14:20:00+05:30,LT,sell,33333.33333333333,0.3333333333333333,False
2026-06-17 14:20:00+05:30,SUNPHARMA,buy,16666.666666666664,0.16666666666666666,False
2026-06-17 14:20:00+05:30,TATASTEEL,buy,16666.666666666664,0.16666666666666666,False
2026-06-17 14:25:00+05:30,AXISBANK,buy,16666.666666666664,0.16666666666666666,False
2026-06-17 14:25:00+05:30,BHARTIARTL,sell,16666.666666666664,0.16666666666666666,False
2026-06-17 14:25:00+05:30,HDFCBANK,sell,16666.666666666664,0.16666666666666666,False
2026-06-17 14:25:00+05:30,ITC,sell,16666.666666666664,0.16666666666666666,False
2026-06-17 14:25:00+05:30,KOTAKBANK,buy,33333.33333333333,0.3333333333333333,False
2026-06-17 14:25:00+05:30,M&M,buy,16666.666666666664,0.16666666666666666,False
2026-06-17 14:25:00+05:30,MARUTI,sell,16666.666666666664,0.16666666666666666,False
2026-06-17 14:25:00+05:30,SUNPHARMA,buy,16666.666666666664,0.16666666666666666,False
2026-06-17 14:25:00+05:30,TATASTEEL,sell,16666.666666666664,0.16666666666666666,False
2026-06-17 14:30:00+05:30,BHARTIARTL,buy,16666.666666666664,0.16666666666666666,False
2026-06-17 14:30:00+05:30,ICICIBANK,sell,16666.666666666664,0.16666666666666666,False
2026-06-17 14:30:00+05:30,ITC,buy,16666.666666666664,0.16666666666666666,False
2026-06-17 14:30:00+05:30,KOTAKBANK,sell,16666.666666666664,0.16666666666666666,False
2026-06-17 14:30:00+05:30,LT,buy,16666.666666666664,0.16666666666666666,False
2026-06-17 14:30:00+05:30,M&M,sell,33333.33333333333,0.3333333333333333,False
2026-06-17 14:30:00+05:30,MARUTI,buy,16666.666666666664,0.16666666666666666,False
2026-06-17 14:30:00+05:30,SBIN,sell,16666.666666666664,0.16666666666666666,False
2026-06-17 14:30:00+05:30,SUNPHARMA,sell,16666.666666666664,0.16666666666666666,False
2026-06-17 14:30:00+05:30,TATASTEEL,buy,33333.33333333333,0.3333333333333333,False
2026-06-17 14:35:00+05:30,AXISBANK,buy,16666.666666666664,0.16666666666666666,False
2026-06-17 14:35:00+05:30,HDFCBANK,buy,16666.666666666664,0.16666666666666666,False
2026-06-17 14:35:00+05:30,ICICIBANK,buy,33333.33333333333,0.3333333333333333,False
2026-06-17 14:35:00+05:30,ITC,sell,16666.666666666664,0.16666666666666666,False
2026-06-17 14:35:00+05:30,LT,sell,16666.666666666664,0.16666666666666666,False
2026-06-17 14:35:00+05:30,M&M,buy,16666.666666666664,0.16666666666666666,False
2026-06-17 14:35:00+05:30,MARUTI,sell,16666.666666666664,0.16666666666666666,False
2026-06-17 14:35:00+05:30,SBIN,buy,16666.666666666664,0.16666666666666666,False
2026-06-17 14:35:00+05:30,SUNPHARMA,sell,16666.666666666664,0.16666666666666666,False
2026-06-17 14:35:00+05:30,TATASTEEL,sell,33333.33333333333,0.3333333333333333,False
2026-06-17 14:40:00+05:30,HCLTECH,sell,16666.666666666664,0.16666666666666666,False
2026-06-17 14:40:00+05:30,ITC,sell,16666.666666666664,0.16666666666666666,False
2026-06-17 14:40:00+05:30,LT,buy,16666.666666666664,0.16666666666666666,False
2026-06-17 14:40:00+05:30,TATASTEEL,buy,16666.666666666664,0.16666666666666666,False
2026-06-17 14:45:00+05:30,BHARTIARTL,sell,16666.666666666664,0.16666666666666666,False
2026-06-17 14:45:00+05:30,HCLTECH,buy,16666.666666666664,0.16666666666666666,False
2026-06-17 14:45:00+05:30,HDFCBANK,sell,16666.666666666664,0.16666666666666666,False
2026-06-17 14:45:00+05:30,ITC,buy,16666.666666666664,0.16666666666666666,False
2026-06-17 14:45:00+05:30,KOTAKBANK,buy,16666.666666666664,0.16666666666666666,False
2026-06-17 14:45:00+05:30,M&M,sell,16666.666666666664,0.16666666666666666,False
2026-06-17 14:45:00+05:30,MARUTI,sell,16666.666666666664,0.16666666666666666,False
2026-06-17 14:45:00+05:30,SUNPHARMA,buy,16666.666666666664,0.16666666666666666,False
2026-06-17 14:50:00+05:30,HCLTECH,buy,16666.666666666664,0.16666666666666666,False
2026-06-17 14:50:00+05:30,ICICIBANK,sell,16666.666666666664,0.16666666666666666,False
2026-06-17 14:50:00+05:30,KOTAKBANK,sell,16666.666666666664,0.16666666666666666,False
2026-06-17 14:50:00+05:30,M&M,buy,33333.33333333333,0.3333333333333333,False
2026-06-17 14:50:00+05:30,MARUTI,buy,16666.666666666664,0.16666666666666666,False
2026-06-17 14:50:00+05:30,RELIANCE,sell,16666.666666666664,0.16666666666666666,False
2026-06-17 14:50:00+05:30,TATASTEEL,sell,16666.666666666664,0.16666666666666666,False
2026-06-17 14:55:00+05:30,BHARTIARTL,buy,16666.666666666664,0.16666666666666666,False
2026-06-17 14:55:00+05:30,HCLTECH,sell,33333.33333333333,0.3333333333333333,False
2026-06-17 14:55:00+05:30,ITC,buy,16666.666666666664,0.16666666666666666,False
2026-06-17 14:55:00+05:30,KOTAKBANK,buy,16666.666666666664,0.16666666666666666,False
2026-06-17 14:55:00+05:30,M&M,sell,16666.666666666664,0.16666666666666666,False
2026-06-17 14:55:00+05:30,RELIANCE,buy,16666.666666666664,0.16666666666666666,False
2026-06-17 14:55:00+05:30,SBIN,sell,16666.666666666664,0.16666666666666666,False
2026-06-17 15:00:00+05:30,BHARTIARTL,sell,16666.666666666664,0.16666666666666666,False
2026-06-17 15:00:00+05:30,HCLTECH,buy,33333.33333333333,0.3333333333333333,False
2026-06-17 15:00:00+05:30,INFY,buy,16666.666666666664,0.16666666666666666,False
2026-06-17 15:00:00+05:30,ITC,sell,16666.666666666664,0.16666666666666666,False
2026-06-17 15:00:00+05:30,KOTAKBANK,sell,33333.33333333333,0.3333333333333333,False
2026-06-17 15:00:00+05:30,MARUTI,sell,16666.666666666664,0.16666666666666666,False
2026-06-17 15:00:00+05:30,SBIN,buy,16666.666666666664,0.16666666666666666,False
2026-06-17 15:00:00+05:30,TATASTEEL,buy,16666.666666666664,0.16666666666666666,False
2026-06-17 15:05:00+05:30,BHARTIARTL,buy,16666.666666666664,0.16666666666666666,False
2026-06-17 15:05:00+05:30,HCLTECH,sell,33333.33333333333,0.3333333333333333,False
2026-06-17 15:05:00+05:30,HDFCBANK,buy,16666.666666666664,0.16666666666666666,False
2026-06-17 15:05:00+05:30,INFY,sell,16666.666666666664,0.16666666666666666,False
2026-06-17 15:05:00+05:30,ITC,sell,16666.666666666664,0.16666666666666666,False
2026-06-17 15:05:00+05:30,KOTAKBANK,buy,16666.666666666664,0.16666666666666666,False
2026-06-17 15:05:00+05:30,MARUTI,buy,16666.666666666664,0.16666666666666666,False
2026-06-17 15:05:00+05:30,SBIN,sell,16666.666666666664,0.16666666666666666,False
2026-06-17 15:05:00+05:30,TATASTEEL,buy,16666.666666666664,0.16666666666666666,False
2026-06-17 15:10:00+05:30,AXISBANK,sell,33333.33333333333,0.3333333333333333,False
2026-06-17 15:10:00+05:30,HCLTECH,buy,16666.666666666664,0.16666666666666666,False
2026-06-17 15:10:00+05:30,HDFCBANK,sell,33333.33333333333,0.3333333333333333,False
2026-06-17 15:10:00+05:30,ITC,buy,16666.666666666664,0.16666666666666666,False
2026-06-17 15:10:00+05:30,KOTAKBANK,buy,16666.666666666664,0.16666666666666666,False
2026-06-17 15:10:00+05:30,M&M,buy,16666.666666666664,0.16666666666666666,False
2026-06-17 15:10:00+05:30,MARUTI,buy,16666.666666666664,0.16666666666666666,False
2026-06-17 15:10:00+05:30,SBIN,buy,16666.666666666664,0.16666666666666666,False
2026-06-17 15:10:00+05:30,SUNPHARMA,sell,16666.666666666664,0.16666666666666666,False
2026-06-17 15:10:00+05:30,TATASTEEL,sell,16666.666666666664,0.16666666666666666,False
2026-06-17 15:15:00+05:30,AXISBANK,buy,16666.666666666664,0.16666666666666666,False
2026-06-17 15:15:00+05:30,BHARTIARTL,sell,16666.666666666664,0.16666666666666666,False
2026-06-17 15:15:00+05:30,HDFCBANK,buy,33333.33333333333,0.3333333333333333,False
2026-06-17 15:15:00+05:30,INFY,buy,16666.666666666664,0.16666666666666666,False
2026-06-17 15:15:00+05:30,ITC,buy,16666.666666666664,0.16666666666666666,False
2026-06-17 15:15:00+05:30,KOTAKBANK,sell,16666.666666666664,0.16666666666666666,False
2026-06-17 15:15:00+05:30,M&M,sell,16666.666666666664,0.16666666666666666,False
2026-06-17 15:15:00+05:30,MARUTI,sell,16666.666666666664,0.16666666666666666,False
2026-06-17 15:15:00+05:30,RELIANCE,sell,16666.666666666664,0.16666666666666666,False
2026-06-17 15:15:00+05:30,SBIN,sell,16666.666666666664,0.16666666666666666,False
2026-06-17 15:15:00+05:30,SUNPHARMA,buy,16666.666666666664,0.16666666666666666,False
2026-06-17 15:20:00+05:30,BHARTIARTL,buy,16666.666666666664,0.16666666666666666,False
2026-06-17 15:20:00+05:30,INFY,sell,16666.666666666664,0.16666666666666666,False
2026-06-17 15:20:00+05:30,ITC,sell,33333.33333333333,0.3333333333333333,False
2026-06-17 15:20:00+05:30,KOTAKBANK,buy,16666.666666666664,0.16666666666666666,False
2026-06-17 15:20:00+05:30,LT,buy,16666.666666666664,0.16666666666666666,False
2026-06-17 15:20:00+05:30,MARUTI,sell,16666.666666666664,0.16666666666666666,False
2026-06-17 15:20:00+05:30,RELIANCE,buy,16666.666666666664,0.16666666666666666,False
2026-06-17 15:20:00+05:30,SBIN,buy,16666.666666666664,0.16666666666666666,False
2026-06-17 15:20:00+05:30,SUNPHARMA,sell,16666.666666666664,0.16666666666666666,False
2026-06-18 14:10:00+05:30,AXISBANK,sell,16666.666666666664,0.16666666666666666,False
2026-06-18 14:10:00+05:30,ITC,buy,33333.33333333333,0.3333333333333333,False
2026-06-18 14:10:00+05:30,KOTAKBANK,sell,16666.666666666664,0.16666666666666666,False
2026-06-18 14:10:00+05:30,LT,sell,16666.666666666664,0.16666666666666666,False
2026-06-18 14:10:00+05:30,MARUTI,buy,16666.666666666664,0.16666666666666666,False
2026-06-18 14:10:00+05:30,RELIANCE,buy,16666.666666666664,0.16666666666666666,False
2026-06-18 14:10:00+05:30,SBIN,sell,16666.666666666664,0.16666666666666666,False
2026-06-18 14:10:00+05:30,SUNPHARMA,buy,16666.666666666664,0.16666666666666666,False
2026-06-18 14:10:00+05:30,TATASTEEL,sell,16666.666666666664,0.16666666666666666,False
2026-06-18 14:15:00+05:30,AXISBANK,buy,16666.666666666664,0.16666666666666666,False
2026-06-18 14:15:00+05:30,HCLTECH,sell,16666.666666666664,0.16666666666666666,False
2026-06-18 14:15:00+05:30,HDFCBANK,sell,16666.666666666664,0.16666666666666666,False
2026-06-18 14:15:00+05:30,INFY,buy,16666.666666666664,0.16666666666666666,False
2026-06-18 14:20:00+05:30,AXISBANK,sell,16666.666666666664,0.16666666666666666,False
2026-06-18 14:20:00+05:30,HCLTECH,buy,33333.33333333333,0.3333333333333333,False
2026-06-18 14:20:00+05:30,HDFCBANK,sell,16666.666666666664,0.16666666666666666,False
2026-06-18 14:20:00+05:30,RELIANCE,sell,16666.666666666664,0.16666666666666666,False
2026-06-18 14:20:00+05:30,SBIN,buy,16666.666666666664,0.16666666666666666,False
2026-06-18 14:25:00+05:30,AXISBANK,buy,16666.666666666664,0.16666666666666666,False
2026-06-18 14:25:00+05:30,HCLTECH,sell,33333.33333333333,0.3333333333333333,False
2026-06-18 14:25:00+05:30,HDFCBANK,buy,33333.33333333333,0.3333333333333333,False
2026-06-18 14:25:00+05:30,INFY,sell,16666.666666666664,0.16666666666666666,False
2026-06-18 14:25:00+05:30,ITC,sell,16666.666666666664,0.16666666666666666,False
2026-06-18 14:25:00+05:30,KOTAKBANK,sell,16666.666666666664,0.16666666666666666,False
2026-06-18 14:25:00+05:30,LT,buy,16666.666666666664,0.16666666666666666,False
2026-06-18 14:25:00+05:30,SUNPHARMA,sell,16666.666666666664,0.16666666666666666,False
2026-06-18 14:25:00+05:30,TATASTEEL,buy,33333.33333333333,0.3333333333333333,False
2026-06-18 14:30:00+05:30,AXISBANK,buy,16666.666666666664,0.16666666666666666,False
2026-06-18 14:30:00+05:30,HCLTECH,buy,33333.33333333333,0.3333333333333333,False
2026-06-18 14:30:00+05:30,HDFCBANK,sell,16666.666666666664,0.16666666666666666,False
2026-06-18 14:30:00+05:30,KOTAKBANK,buy,33333.33333333333,0.3333333333333333,False
2026-06-18 14:30:00+05:30,LT,sell,16666.666666666664,0.16666666666666666,False
2026-06-18 14:30:00+05:30,M&M,sell,16666.666666666664,0.16666666666666666,False
2026-06-18 14:30:00+05:30,TATASTEEL,sell,33333.33333333333,0.3333333333333333,False
2026-06-18 14:35:00+05:30,AXISBANK,sell,16666.666666666664,0.16666666666666666,False
2026-06-18 14:35:00+05:30,BHARTIARTL,sell,16666.666666666664,0.16666666666666666,False
2026-06-18 14:35:00+05:30,HCLTECH,sell,16666.666666666664,0.16666666666666666,False
2026-06-18 14:35:00+05:30,INFY,buy,16666.666666666664,0.16666666666666666,False
2026-06-18 14:35:00+05:30,ITC,buy,16666.666666666664,0.16666666666666666,False
2026-06-18 14:35:00+05:30,KOTAKBANK,sell,16666.666666666664,0.16666666666666666,False
2026-06-18 14:35:00+05:30,M&M,buy,16666.666666666664,0.16666666666666666,False
2026-06-18 14:35:00+05:30,MARUTI,sell,16666.666666666664,0.16666666666666666,False
2026-06-18 14:35:00+05:30,RELIANCE,buy,16666.666666666664,0.16666666666666666,False
2026-06-18 14:35:00+05:30,SUNPHARMA,buy,16666.666666666664,0.16666666666666666,False
2026-06-18 14:40:00+05:30,BHARTIARTL,buy,16666.666666666664,0.16666666666666666,False
2026-06-18 14:40:00+05:30,HCLTECH,sell,16666.666666666664,0.16666666666666666,False
2026-06-18 14:40:00+05:30,HDFCBANK,buy,16666.666666666664,0.16666666666666666,False
2026-06-18 14:40:00+05:30,ICICIBANK,buy,16666.666666666664,0.16666666666666666,False
2026-06-18 14:40:00+05:30,INFY,sell,16666.666666666664,0.16666666666666666,False
2026-06-18 14:40:00+05:30,ITC,sell,16666.666666666664,0.16666666666666666,False
2026-06-18 14:40:00+05:30,MARUTI,buy,33333.33333333333,0.3333333333333333,False
2026-06-18 14:40:00+05:30,RELIANCE,sell,16666.666666666664,0.16666666666666666,False
2026-06-18 14:40:00+05:30,SBIN,sell,16666.666666666664,0.16666666666666666,False
2026-06-18 14:40:00+05:30,SUNPHARMA,sell,16666.666666666664,0.16666666666666666,False
2026-06-18 14:40:00+05:30,TATASTEEL,buy,16666.666666666664,0.16666666666666666,False
2026-06-18 14:45:00+05:30,HCLTECH,buy,16666.666666666664,0.16666666666666666,False
2026-06-18 14:45:00+05:30,HDFCBANK,sell,16666.666666666664,0.16666666666666666,False
2026-06-18 14:45:00+05:30,ICICIBANK,sell,33333.33333333333,0.3333333333333333,False
2026-06-18 14:45:00+05:30,INFY,buy,16666.666666666664,0.16666666666666666,False
2026-06-18 14:45:00+05:30,ITC,sell,16666.666666666664,0.16666666666666666,False
2026-06-18 14:45:00+05:30,LT,buy,16666.666666666664,0.16666666666666666,False
2026-06-18 14:45:00+05:30,M&M,sell,16666.666666666664,0.16666666666666666,False
2026-06-18 14:45:00+05:30,MARUTI,sell,16666.666666666664,0.16666666666666666,False
2026-06-18 14:45:00+05:30,RELIANCE,buy,16666.666666666664,0.16666666666666666,False
2026-06-18 14:45:00+05:30,SBIN,buy,16666.666666666664,0.16666666666666666,False
2026-06-18 14:45:00+05:30,SUNPHARMA,buy,16666.666666666664,0.16666666666666666,False
2026-06-18 14:50:00+05:30,BHARTIARTL,buy,16666.666666666664,0.16666666666666666,False
2026-06-18 14:50:00+05:30,HDFCBANK,sell,16666.666666666664,0.16666666666666666,False
2026-06-18 14:50:00+05:30,ICICIBANK,buy,16666.666666666664,0.16666666666666666,False
2026-06-18 14:50:00+05:30,INFY,sell,16666.666666666664,0.16666666666666666,False
2026-06-18 14:50:00+05:30,ITC,buy,33333.33333333333,0.3333333333333333,False
2026-06-18 14:50:00+05:30,KOTAKBANK,sell,16666.666666666664,0.16666666666666666,False
2026-06-18 14:50:00+05:30,LT,sell,16666.666666666664,0.16666666666666666,False
2026-06-18 14:50:00+05:30,M&M,buy,16666.666666666664,0.16666666666666666,False
2026-06-18 14:50:00+05:30,SBIN,sell,16666.666666666664,0.16666666666666666,False
2026-06-18 14:55:00+05:30,AXISBANK,sell,16666.666666666664,0.16666666666666666,False
2026-06-18 14:55:00+05:30,BHARTIARTL,sell,16666.666666666664,0.16666666666666666,False
2026-06-18 14:55:00+05:30,HDFCBANK,buy,16666.666666666664,0.16666666666666666,False
2026-06-18 14:55:00+05:30,INFY,buy,16666.666666666664,0.16666666666666666,False
2026-06-18 14:55:00+05:30,KOTAKBANK,buy,16666.666666666664,0.16666666666666666,False
2026-06-18 14:55:00+05:30,M&M,sell,16666.666666666664,0.16666666666666666,False
2026-06-18 14:55:00+05:30,RELIANCE,sell,16666.666666666664,0.16666666666666666,False
2026-06-18 14:55:00+05:30,SBIN,buy,33333.33333333333,0.3333333333333333,False
2026-06-18 14:55:00+05:30,SUNPHARMA,sell,16666.666666666664,0.16666666666666666,False
2026-06-18 15:00:00+05:30,AXISBANK,buy,16666.666666666664,0.16666666666666666,False
2026-06-18 15:00:00+05:30,HDFCBANK,buy,16666.666666666664,0.16666666666666666,False
2026-06-18 15:00:00+05:30,ICICIBANK,buy,16666.666666666664,0.16666666666666666,False
2026-06-18 15:00:00+05:30,INFY,sell,16666.666666666664,0.16666666666666666,False
2026-06-18 15:00:00+05:30,ITC,sell,16666.666666666664,0.16666666666666666,False
2026-06-18 15:00:00+05:30,KOTAKBANK,sell,16666.666666666664,0.16666666666666666,False
2026-06-18 15:00:00+05:30,M&M,buy,16666.666666666664,0.16666666666666666,False
2026-06-18 15:00:00+05:30,TATASTEEL,sell,16666.666666666664,0.16666666666666666,False
2026-06-18 15:05:00+05:30,AXISBANK,sell,16666.666666666664,0.16666666666666666,False
2026-06-18 15:05:00+05:30,HDFCBANK,sell,16666.666666666664,0.16666666666666666,False
2026-06-18 15:05:00+05:30,ICICIBANK,sell,16666.666666666664,0.16666666666666666,False
2026-06-18 15:05:00+05:30,INFY,buy,16666.666666666664,0.16666666666666666,False
2026-06-18 15:05:00+05:30,KOTAKBANK,buy,33333.33333333333,0.3333333333333333,False
2026-06-18 15:05:00+05:30,LT,sell,16666.666666666664,0.16666666666666666,False
2026-06-18 15:05:00+05:30,SBIN,sell,33333.33333333333,0.3333333333333333,False
2026-06-18 15:05:00+05:30,SUNPHARMA,buy,33333.33333333333,0.3333333333333333,False
2026-06-18 15:05:00+05:30,TATASTEEL,buy,16666.666666666664,0.16666666666666666,False
2026-06-18 15:10:00+05:30,AXISBANK,buy,16666.666666666664,0.16666666666666666,False
2026-06-18 15:10:00+05:30,HCLTECH,buy,16666.666666666664,0.16666666666666666,False
2026-06-18 15:10:00+05:30,HDFCBANK,sell,16666.666666666664,0.16666666666666666,False
2026-06-18 15:10:00+05:30,INFY,sell,16666.666666666664,0.16666666666666666,False
2026-06-18 15:10:00+05:30,LT,buy,16666.666666666664,0.16666666666666666,False
2026-06-18 15:10:00+05:30,M&M,buy,16666.666666666664,0.16666666666666666,False
2026-06-18 15:10:00+05:30,RELIANCE,sell,16666.666666666664,0.16666666666666666,False
2026-06-18 15:10:00+05:30,SBIN,buy,16666.666666666664,0.16666666666666666,False
2026-06-18 15:10:00+05:30,SUNPHARMA,sell,16666.666666666664,0.16666666666666666,False
2026-06-18 15:10:00+05:30,TATASTEEL,sell,16666.666666666664,0.16666666666666666,False
2026-06-18 15:15:00+05:30,AXISBANK,buy,16666.666666666664,0.16666666666666666,False
2026-06-18 15:15:00+05:30,BHARTIARTL,sell,16666.666666666664,0.16666666666666666,False
2026-06-18 15:15:00+05:30,HCLTECH,sell,16666.666666666664,0.16666666666666666,False
2026-06-18 15:15:00+05:30,HDFCBANK,buy,16666.666666666664,0.16666666666666666,False
2026-06-18 15:15:00+05:30,KOTAKBANK,sell,16666.666666666664,0.16666666666666666,False
2026-06-18 15:15:00+05:30,LT,sell,16666.666666666664,0.16666666666666666,False
2026-06-18 15:15:00+05:30,MARUTI,sell,16666.666666666664,0.16666666666666666,False
2026-06-18 15:15:00+05:30,RELIANCE,buy,16666.666666666664,0.16666666666666666,False
2026-06-18 15:15:00+05:30,SUNPHARMA,buy,16666.666666666664,0.16666666666666666,False
2026-06-18 15:15:00+05:30,TATASTEEL,buy,16666.666666666664,0.16666666666666666,False
2026-06-18 15:20:00+05:30,AXISBANK,sell,33333.33333333333,0.3333333333333333,False
2026-06-18 15:20:00+05:30,BHARTIARTL,buy,16666.666666666664,0.16666666666666666,False
2026-06-18 15:20:00+05:30,HCLTECH,buy,16666.666666666664,0.16666666666666666,False
2026-06-18 15:20:00+05:30,INFY,buy,16666.666666666664,0.16666666666666666,False
2026-06-18 15:20:00+05:30,KOTAKBANK,sell,16666.666666666664,0.16666666666666666,False
2026-06-18 15:20:00+05:30,LT,buy,16666.666666666664,0.16666666666666666,False
2026-06-18 15:20:00+05:30,MARUTI,buy,16666.666666666664,0.16666666666666666,False
2026-06-18 15:20:00+05:30,RELIANCE,sell,16666.666666666664,0.16666666666666666,False
2026-06-18 15:20:00+05:30,SUNPHARMA,sell,16666.666666666664,0.16666666666666666,False
2026-06-19 14:10:00+05:30,AXISBANK,buy,33333.33333333333,0.3333333333333333,False
2026-06-19 14:10:00+05:30,HCLTECH,sell,33333.33333333333,0.3333333333333333,False
2026-06-19 14:10:00+05:30,ICICIBANK,sell,16666.666666666664,0.16666666666666666,False
2026-06-19 14:10:00+05:30,INFY,sell,16666.666666666664,0.16666666666666666,False
2026-06-19 14:10:00+05:30,KOTAKBANK,buy,16666.666666666664,0.16666666666666666,False
2026-06-19 14:10:00+05:30,MARUTI,buy,16666.666666666664,0.16666666666666666,False
2026-06-19 14:15:00+05:30,AXISBANK,sell,16666.666666666664,0.16666666666666666,False
2026-06-19 14:15:00+05:30,BHARTIARTL,sell,16666.666666666664,0.16666666666666666,False
2026-06-19 14:15:00+05:30,ICICIBANK,buy,16666.666666666664,0.16666666666666666,False
2026-06-19 14:15:00+05:30,INFY,sell,16666.666666666664,0.16666666666666666,False
2026-06-19 14:15:00+05:30,ITC,buy,16666.666666666664,0.16666666666666666,False
2026-06-19 14:15:00+05:30,KOTAKBANK,buy,16666.666666666664,0.16666666666666666,False
2026-06-19 14:15:00+05:30,LT,buy,16666.666666666664,0.16666666666666666,False
2026-06-19 14:15:00+05:30,M&M,sell,16666.666666666664,0.16666666666666666,False
2026-06-19 14:15:00+05:30,MARUTI,sell,16666.666666666664,0.16666666666666666,False
2026-06-19 14:15:00+05:30,RELIANCE,buy,16666.666666666664,0.16666666666666666,False
2026-06-19 14:20:00+05:30,AXISBANK,sell,16666.666666666664,0.16666666666666666,False
2026-06-19 14:20:00+05:30,BHARTIARTL,buy,16666.666666666664,0.16666666666666666,False
2026-06-19 14:20:00+05:30,HDFCBANK,buy,16666.666666666664,0.16666666666666666,False
2026-06-19 14:20:00+05:30,INFY,buy,16666.666666666664,0.16666666666666666,False
2026-06-19 14:20:00+05:30,ITC,sell,16666.666666666664,0.16666666666666666,False
2026-06-19 14:20:00+05:30,KOTAKBANK,sell,16666.666666666664,0.16666666666666666,False
2026-06-19 14:20:00+05:30,LT,sell,33333.33333333333,0.3333333333333333,False
2026-06-19 14:20:00+05:30,RELIANCE,buy,16666.666666666664,0.16666666666666666,False
2026-06-19 14:20:00+05:30,TATASTEEL,buy,16666.666666666664,0.16666666666666666,False
2026-06-19 14:25:00+05:30,HCLTECH,buy,16666.666666666664,0.16666666666666666,False
2026-06-19 14:25:00+05:30,HDFCBANK,sell,16666.666666666664,0.16666666666666666,False
2026-06-19 14:25:00+05:30,ICICIBANK,sell,16666.666666666664,0.16666666666666666,False
2026-06-19 14:25:00+05:30,ITC,sell,16666.666666666664,0.16666666666666666,False
2026-06-19 14:25:00+05:30,LT,buy,16666.666666666664,0.16666666666666666,False
2026-06-19 14:25:00+05:30,MARUTI,buy,16666.666666666664,0.16666666666666666,False
2026-06-19 14:25:00+05:30,SUNPHARMA,buy,16666.666666666664,0.16666666666666666,False
2026-06-19 14:25:00+05:30,TATASTEEL,sell,16666.666666666664,0.16666666666666666,False
2026-06-19 14:30:00+05:30,BHARTIARTL,sell,16666.666666666664,0.16666666666666666,False
2026-06-19 14:30:00+05:30,HCLTECH,sell,16666.666666666664,0.16666666666666666,False
2026-06-19 14:30:00+05:30,ICICIBANK,buy,33333.33333333333,0.3333333333333333,False
2026-06-19 14:30:00+05:30,INFY,buy,16666.666666666664,0.16666666666666666,False
2026-06-19 14:30:00+05:30,ITC,buy,16666.666666666664,0.16666666666666666,False
2026-06-19 14:30:00+05:30,MARUTI,sell,16666.666666666664,0.16666666666666666,False
2026-06-19 14:30:00+05:30,RELIANCE,sell,16666.666666666664,0.16666666666666666,False
2026-06-19 14:35:00+05:30,AXISBANK,buy,16666.666666666664,0.16666666666666666,False
2026-06-19 14:35:00+05:30,BHARTIARTL,buy,16666.666666666664,0.16666666666666666,False
2026-06-19 14:35:00+05:30,HCLTECH,buy,16666.666666666664,0.16666666666666666,False
2026-06-19 14:35:00+05:30,HDFCBANK,sell,16666.666666666664,0.16666666666666666,False
2026-06-19 14:35:00+05:30,INFY,sell,16666.666666666664,0.16666666666666666,False
2026-06-19 14:35:00+05:30,ITC,sell,16666.666666666664,0.16666666666666666,False
2026-06-19 14:35:00+05:30,MARUTI,buy,16666.666666666664,0.16666666666666666,False
2026-06-19 14:35:00+05:30,TATASTEEL,sell,16666.666666666664,0.16666666666666666,False
2026-06-19 14:40:00+05:30,HCLTECH,buy,16666.666666666664,0.16666666666666666,False
2026-06-19 14:40:00+05:30,HDFCBANK,buy,16666.666666666664,0.16666666666666666,False
2026-06-19 14:40:00+05:30,ICICIBANK,sell,16666.666666666664,0.16666666666666666,False
2026-06-19 14:40:00+05:30,INFY,sell,16666.666666666664,0.16666666666666666,False
2026-06-19 14:40:00+05:30,ITC,buy,33333.33333333333,0.3333333333333333,False
2026-06-19 14:40:00+05:30,KOTAKBANK,buy,16666.666666666664,0.16666666666666666,False
2026-06-19 14:40:00+05:30,MARUTI,sell,16666.666666666664,0.16666666666666666,False
2026-06-19 14:40:00+05:30,SUNPHARMA,sell,33333.33333333333,0.3333333333333333,False
2026-06-19 14:45:00+05:30,HCLTECH,sell,33333.33333333333,0.3333333333333333,False
2026-06-19 14:45:00+05:30,HDFCBANK,buy,16666.666666666664,0.16666666666666666,False
2026-06-19 14:45:00+05:30,INFY,buy,33333.33333333333,0.3333333333333333,False
2026-06-19 14:45:00+05:30,ITC,sell,16666.666666666664,0.16666666666666666,False
2026-06-19 14:45:00+05:30,KOTAKBANK,sell,16666.666666666664,0.16666666666666666,False
2026-06-19 14:45:00+05:30,LT,sell,16666.666666666664,0.16666666666666666,False
2026-06-19 14:45:00+05:30,M&M,buy,16666.666666666664,0.16666666666666666,False
2026-06-19 14:45:00+05:30,SUNPHARMA,buy,16666.666666666664,0.16666666666666666,False
2026-06-19 14:50:00+05:30,HCLTECH,buy,16666.666666666664,0.16666666666666666,False
2026-06-19 14:50:00+05:30,INFY,sell,16666.666666666664,0.16666666666666666,False
2026-06-19 14:50:00+05:30,M&M,sell,16666.666666666664,0.16666666666666666,False
2026-06-19 14:50:00+05:30,MARUTI,buy,16666.666666666664,0.16666666666666666,False
2026-06-19 14:50:00+05:30,RELIANCE,buy,16666.666666666664,0.16666666666666666,False
2026-06-19 14:50:00+05:30,SBIN,sell,16666.666666666664,0.16666666666666666,False
2026-06-19 14:55:00+05:30,BHARTIARTL,sell,16666.666666666664,0.16666666666666666,False
2026-06-19 14:55:00+05:30,HCLTECH,sell,16666.666666666664,0.16666666666666666,False
2026-06-19 14:55:00+05:30,ICICIBANK,buy,16666.666666666664,0.16666666666666666,False
2026-06-19 14:55:00+05:30,LT,buy,16666.666666666664,0.16666666666666666,False
2026-06-19 14:55:00+05:30,MARUTI,sell,16666.666666666664,0.16666666666666666,False
2026-06-19 14:55:00+05:30,SBIN,buy,16666.666666666664,0.16666666666666666,False
2026-06-19 15:00:00+05:30,HDFCBANK,sell,16666.666666666664,0.16666666666666666,False
2026-06-19 15:00:00+05:30,ICICIBANK,sell,16666.666666666664,0.16666666666666666,False
2026-06-19 15:00:00+05:30,M&M,buy,16666.666666666664,0.16666666666666666,False
2026-06-19 15:00:00+05:30,SBIN,buy,16666.666666666664,0.16666666666666666,False
2026-06-19 15:00:00+05:30,SUNPHARMA,sell,16666.666666666664,0.16666666666666666,False
2026-06-19 15:00:00+05:30,TATASTEEL,buy,16666.666666666664,0.16666666666666666,False
2026-06-19 15:05:00+05:30,BHARTIARTL,buy,16666.666666666664,0.16666666666666666,False
2026-06-19 15:05:00+05:30,HDFCBANK,sell,16666.666666666664,0.16666666666666666,False
2026-06-19 15:05:00+05:30,ITC,sell,16666.666666666664,0.16666666666666666,False
2026-06-19 15:05:00+05:30,KOTAKBANK,buy,16666.666666666664,0.16666666666666666,False
2026-06-19 15:05:00+05:30,M&M,sell,16666.666666666664,0.16666666666666666,False
2026-06-19 15:05:00+05:30,SUNPHARMA,buy,16666.666666666664,0.16666666666666666,False
2026-06-19 15:10:00+05:30,HDFCBANK,buy,16666.666666666664,0.16666666666666666,False
2026-06-19 15:10:00+05:30,ICICIBANK,buy,16666.666666666664,0.16666666666666666,False
2026-06-19 15:10:00+05:30,INFY,sell,16666.666666666664,0.16666666666666666,False
2026-06-19 15:10:00+05:30,SBIN,sell,16666.666666666664,0.16666666666666666,False
2026-06-19 15:15:00+05:30,HCLTECH,buy,16666.666666666664,0.16666666666666666,False
2026-06-19 15:15:00+05:30,ICICIBANK,sell,33333.33333333333,0.3333333333333333,False
2026-06-19 15:15:00+05:30,INFY,buy,16666.666666666664,0.16666666666666666,False
2026-06-19 15:15:00+05:30,M&M,buy,16666.666666666664,0.16666666666666666,False
2026-06-19 15:15:00+05:30,SUNPHARMA,sell,16666.666666666664,0.16666666666666666,False
2026-06-19 15:20:00+05:30,HCLTECH,sell,16666.666666666664,0.16666666666666666,False
2026-06-19 15:20:00+05:30,ICICIBANK,buy,33333.33333333333,0.3333333333333333,False
2026-06-19 15:20:00+05:30,INFY,sell,16666.666666666664,0.16666666666666666,False
2026-06-19 15:20:00+05:30,ITC,buy,16666.666666666664,0.16666666666666666,False
2026-06-19 15:20:00+05:30,M&M,sell,16666.666666666664,0.16666666666666666,False
2026-06-19 15:20:00+05:30,SBIN,sell,16666.666666666664,0.16666666666666666,False
2026-06-19 15:20:00+05:30,SUNPHARMA,buy,16666.666666666664,0.16666666666666666,False
2026-06-22 14:10:00+05:30,AXISBANK,buy,16666.666666666664,0.16666666666666666,False
2026-06-22 14:10:00+05:30,HCLTECH,buy,16666.666666666664,0.16666666666666666,False
2026-06-22 14:10:00+05:30,INFY,buy,16666.666666666664,0.16666666666666666,False
2026-06-22 14:10:00+05:30,ITC,sell,16666.666666666664,0.16666666666666666,False
2026-06-22 14:10:00+05:30,KOTAKBANK,sell,16666.666666666664,0.16666666666666666,False
2026-06-22 14:10:00+05:30,MARUTI,sell,16666.666666666664,0.16666666666666666,False
2026-06-22 14:10:00+05:30,SBIN,buy,16666.666666666664,0.16666666666666666,False
2026-06-22 14:10:00+05:30,SUNPHARMA,sell,16666.666666666664,0.16666666666666666,False
2026-06-22 14:15:00+05:30,AXISBANK,sell,16666.666666666664,0.16666666666666666,False
2026-06-22 14:15:00+05:30,INFY,sell,16666.666666666664,0.16666666666666666,False
2026-06-22 14:15:00+05:30,ITC,buy,16666.666666666664,0.16666666666666666,False
2026-06-22 14:15:00+05:30,M&M,buy,16666.666666666664,0.16666666666666666,False
2026-06-22 14:15:00+05:30,RELIANCE,sell,16666.666666666664,0.16666666666666666,False
2026-06-22 14:15:00+05:30,SBIN,sell,16666.666666666664,0.16666666666666666,False
2026-06-22 14:15:00+05:30,SUNPHARMA,buy,16666.666666666664,0.16666666666666666,False
2026-06-22 14:15:00+05:30,TATASTEEL,buy,16666.666666666664,0.16666666666666666,False
2026-06-22 14:20:00+05:30,HCLTECH,buy,16666.666666666664,0.16666666666666666,False
2026-06-22 14:20:00+05:30,HDFCBANK,sell,16666.666666666664,0.16666666666666666,False
2026-06-22 14:20:00+05:30,ICICIBANK,sell,16666.666666666664,0.16666666666666666,False
2026-06-22 14:20:00+05:30,INFY,buy,16666.666666666664,0.16666666666666666,False
2026-06-22 14:20:00+05:30,ITC,buy,16666.666666666664,0.16666666666666666,False
2026-06-22 14:20:00+05:30,M&M,sell,16666.666666666664,0.16666666666666666,False
2026-06-22 14:20:00+05:30,RELIANCE,buy,16666.666666666664,0.16666666666666666,False
2026-06-22 14:20:00+05:30,SBIN,buy,16666.666666666664,0.16666666666666666,False
2026-06-22 14:20:00+05:30,TATASTEEL,sell,33333.33333333333,0.3333333333333333,False
2026-06-22 14:25:00+05:30,HCLTECH,sell,16666.666666666664,0.16666666666666666,False
2026-06-22 14:25:00+05:30,HDFCBANK,buy,16666.666666666664,0.16666666666666666,False
2026-06-22 14:25:00+05:30,ICICIBANK,buy,16666.666666666664,0.16666666666666666,False
2026-06-22 14:25:00+05:30,INFY,sell,16666.666666666664,0.16666666666666666,False
2026-06-22 14:25:00+05:30,ITC,sell,16666.666666666664,0.16666666666666666,False
2026-06-22 14:25:00+05:30,KOTAKBANK,sell,16666.666666666664,0.16666666666666666,False
2026-06-22 14:25:00+05:30,LT,buy,16666.666666666664,0.16666666666666666,False
2026-06-22 14:25:00+05:30,RELIANCE,sell,16666.666666666664,0.16666666666666666,False
2026-06-22 14:25:00+05:30,SUNPHARMA,buy,16666.666666666664,0.16666666666666666,False
2026-06-22 14:25:00+05:30,TATASTEEL,buy,16666.666666666664,0.16666666666666666,False
2026-06-22 14:30:00+05:30,HCLTECH,buy,16666.666666666664,0.16666666666666666,False
2026-06-22 14:30:00+05:30,ICICIBANK,sell,16666.666666666664,0.16666666666666666,False
2026-06-22 14:30:00+05:30,INFY,buy,16666.666666666664,0.16666666666666666,False
2026-06-22 14:30:00+05:30,ITC,buy,16666.666666666664,0.16666666666666666,False
2026-06-22 14:30:00+05:30,LT,sell,16666.666666666664,0.16666666666666666,False
2026-06-22 14:30:00+05:30,MARUTI,buy,16666.666666666664,0.16666666666666666,False
2026-06-22 14:30:00+05:30,SBIN,sell,16666.666666666664,0.16666666666666666,False
2026-06-22 14:30:00+05:30,SUNPHARMA,sell,33333.33333333333,0.3333333333333333,False
2026-06-22 14:30:00+05:30,TATASTEEL,buy,16666.666666666664,0.16666666666666666,False
2026-06-22 14:35:00+05:30,BHARTIARTL,buy,16666.666666666664,0.16666666666666666,False
2026-06-22 14:35:00+05:30,HDFCBANK,sell,16666.666666666664,0.16666666666666666,False
2026-06-22 14:35:00+05:30,ITC,sell,33333.33333333333,0.3333333333333333,False
2026-06-22 14:35:00+05:30,KOTAKBANK,buy,16666.666666666664,0.16666666666666666,False
2026-06-22 14:35:00+05:30,RELIANCE,buy,16666.666666666664,0.16666666666666666,False
2026-06-22 14:35:00+05:30,SUNPHARMA,buy,16666.666666666664,0.16666666666666666,False
2026-06-22 14:35:00+05:30,TATASTEEL,sell,16666.666666666664,0.16666666666666666,False
2026-06-22 14:40:00+05:30,BHARTIARTL,sell,33333.33333333333,0.3333333333333333,False
2026-06-22 14:40:00+05:30,HDFCBANK,buy,16666.666666666664,0.16666666666666666,False
2026-06-22 14:40:00+05:30,ICICIBANK,sell,16666.666666666664,0.16666666666666666,False
2026-06-22 14:40:00+05:30,ITC,buy,16666.666666666664,0.16666666666666666,False
2026-06-22 14:40:00+05:30,M&M,buy,16666.666666666664,0.16666666666666666,False
2026-06-22 14:40:00+05:30,MARUTI,buy,16666.666666666664,0.16666666666666666,False
2026-06-22 14:40:00+05:30,RELIANCE,sell,16666.666666666664,0.16666666666666666,False
2026-06-22 14:40:00+05:30,SBIN,buy,16666.666666666664,0.16666666666666666,False
2026-06-22 14:40:00+05:30,TATASTEEL,sell,16666.666666666664,0.16666666666666666,False
2026-06-22 14:45:00+05:30,BHARTIARTL,buy,33333.33333333333,0.3333333333333333,False
2026-06-22 14:45:00+05:30,ICICIBANK,buy,33333.33333333333,0.3333333333333333,False
2026-06-22 14:45:00+05:30,LT,sell,16666.666666666664,0.16666666666666666,False
2026-06-22 14:45:00+05:30,M&M,sell,33333.33333333333,0.3333333333333333,False
2026-06-22 14:45:00+05:30,MARUTI,sell,16666.666666666664,0.16666666666666666,False
2026-06-22 14:50:00+05:30,BHARTIARTL,sell,16666.666666666664,0.16666666666666666,False
2026-06-22 14:50:00+05:30,ICICIBANK,sell,33333.33333333333,0.3333333333333333,False
2026-06-22 14:50:00+05:30,LT,buy,16666.666666666664,0.16666666666666666,False
2026-06-22 14:50:00+05:30,M&M,buy,33333.33333333333,0.3333333333333333,False
2026-06-22 14:50:00+05:30,MARUTI,sell,16666.666666666664,0.16666666666666666,False
2026-06-22 14:50:00+05:30,SUNPHARMA,sell,16666.666666666664,0.16666666666666666,False
2026-06-22 14:50:00+05:30,TATASTEEL,buy,33333.33333333333,0.3333333333333333,False
2026-06-22 14:55:00+05:30,HCLTECH,sell,16666.666666666664,0.16666666666666666,False
2026-06-22 14:55:00+05:30,HDFCBANK,sell,16666.666666666664,0.16666666666666666,False
2026-06-22 14:55:00+05:30,ICICIBANK,buy,16666.666666666664,0.16666666666666666,False
2026-06-22 14:55:00+05:30,INFY,buy,16666.666666666664,0.16666666666666666,False
2026-06-22 14:55:00+05:30,ITC,sell,16666.666666666664,0.16666666666666666,False
2026-06-22 14:55:00+05:30,MARUTI,buy,16666.666666666664,0.16666666666666666,False
2026-06-22 14:55:00+05:30,RELIANCE,buy,16666.666666666664,0.16666666666666666,False
2026-06-22 14:55:00+05:30,SBIN,sell,16666.666666666664,0.16666666666666666,False
2026-06-22 14:55:00+05:30,SUNPHARMA,buy,16666.666666666664,0.16666666666666666,False
2026-06-22 14:55:00+05:30,TATASTEEL,sell,16666.666666666664,0.16666666666666666,False
2026-06-22 15:00:00+05:30,HDFCBANK,buy,33333.33333333333,0.3333333333333333,False
2026-06-22 15:00:00+05:30,ICICIBANK,buy,16666.666666666664,0.16666666666666666,False
2026-06-22 15:00:00+05:30,INFY,sell,16666.666666666664,0.16666666666666666,False
2026-06-22 15:00:00+05:30,KOTAKBANK,sell,16666.666666666664,0.16666666666666666,False
2026-06-22 15:00:00+05:30,RELIANCE,sell,16666.666666666664,0.16666666666666666,False
2026-06-22 15:00:00+05:30,SBIN,buy,16666.666666666664,0.16666666666666666,False
2026-06-22 15:00:00+05:30,SUNPHARMA,sell,16666.666666666664,0.16666666666666666,False
2026-06-22 15:05:00+05:30,AXISBANK,sell,16666.666666666664,0.16666666666666666,False
2026-06-22 15:05:00+05:30,HCLTECH,buy,16666.666666666664,0.16666666666666666,False
2026-06-22 15:05:00+05:30,HDFCBANK,sell,16666.666666666664,0.16666666666666666,False
2026-06-22 15:05:00+05:30,INFY,buy,16666.666666666664,0.16666666666666666,False
2026-06-22 15:05:00+05:30,ITC,buy,16666.666666666664,0.16666666666666666,False
2026-06-22 15:05:00+05:30,KOTAKBANK,buy,16666.666666666664,0.16666666666666666,False
2026-06-22 15:05:00+05:30,M&M,sell,16666.666666666664,0.16666666666666666,False
2026-06-22 15:05:00+05:30,TATASTEEL,sell,16666.666666666664,0.16666666666666666,False
2026-06-22 15:10:00+05:30,AXISBANK,buy,33333.33333333333,0.3333333333333333,False
2026-06-22 15:10:00+05:30,BHARTIARTL,sell,16666.666666666664,0.16666666666666666,False
2026-06-22 15:10:00+05:30,HCLTECH,sell,16666.666666666664,0.16666666666666666,False
2026-06-22 15:10:00+05:30,HDFCBANK,sell,16666.666666666664,0.16666666666666666,False
2026-06-22 15:10:00+05:30,ICICIBANK,sell,16666.666666666664,0.16666666666666666,False
2026-06-22 15:10:00+05:30,INFY,sell,16666.666666666664,0.16666666666666666,False
2026-06-22 15:10:00+05:30,ITC,buy,16666.666666666664,0.16666666666666666,False
2026-06-22 15:10:00+05:30,M&M,buy,16666.666666666664,0.16666666666666666,False
2026-06-22 15:10:00+05:30,SUNPHARMA,buy,16666.666666666664,0.16666666666666666,False
2026-06-22 15:15:00+05:30,AXISBANK,sell,33333.33333333333,0.3333333333333333,False
2026-06-22 15:15:00+05:30,BHARTIARTL,buy,33333.33333333333,0.3333333333333333,False
2026-06-22 15:15:00+05:30,HDFCBANK,buy,16666.666666666664,0.16666666666666666,False
2026-06-22 15:15:00+05:30,ICICIBANK,buy,16666.666666666664,0.16666666666666666,False
2026-06-22 15:15:00+05:30,ITC,sell,16666.666666666664,0.16666666666666666,False
2026-06-22 15:15:00+05:30,KOTAKBANK,sell,16666.666666666664,0.16666666666666666,False
2026-06-22 15:15:00+05:30,M&M,sell,16666.666666666664,0.16666666666666666,False
2026-06-22 15:15:00+05:30,MARUTI,sell,16666.666666666664,0.16666666666666666,False
2026-06-22 15:15:00+05:30,RELIANCE,buy,16666.666666666664,0.16666666666666666,False
2026-06-22 15:15:00+05:30,TATASTEEL,buy,16666.666666666664,0.16666666666666666,False
2026-06-22 15:20:00+05:30,AXISBANK,buy,33333.33333333333,0.3333333333333333,False
2026-06-22 15:20:00+05:30,BHARTIARTL,sell,16666.666666666664,0.16666666666666666,False
2026-06-22 15:20:00+05:30,HCLTECH,buy,16666.666666666664,0.16666666666666666,False
2026-06-22 15:20:00+05:30,ICICIBANK,sell,16666.666666666664,0.16666666666666666,False
2026-06-22 15:20:00+05:30,KOTAKBANK,buy,16666.666666666664,0.16666666666666666,False
2026-06-22 15:20:00+05:30,LT,sell,16666.666666666664,0.16666666666666666,False
2026-06-22 15:20:00+05:30,M&M,buy,16666.666666666664,0.16666666666666666,False
2026-06-22 15:20:00+05:30,MARUTI,buy,16666.666666666664,0.16666666666666666,False
2026-06-22 15:20:00+05:30,RELIANCE,sell,16666.666666666664,0.16666666666666666,False
2026-06-22 15:20:00+05:30,SBIN,sell,16666.666666666664,0.16666666666666666,False
2026-06-22 15:20:00+05:30,TATASTEEL,sell,16666.666666666664,0.16666666666666666,False
2026-06-23 14:10:00+05:30,AXISBANK,sell,33333.33333333333,0.3333333333333333,False
2026-06-23 14:10:00+05:30,HCLTECH,sell,33333.33333333333,0.3333333333333333,False
2026-06-23 14:10:00+05:30,ICICIBANK,buy,16666.666666666664,0.16666666666666666,False
2026-06-23 14:10:00+05:30,ITC,buy,16666.666666666664,0.16666666666666666,False
2026-06-23 14:10:00+05:30,LT,buy,16666.666666666664,0.16666666666666666,False
2026-06-23 14:10:00+05:30,M&M,sell,16666.666666666664,0.16666666666666666,False
2026-06-23 14:10:00+05:30,RELIANCE,sell,16666.666666666664,0.16666666666666666,False
2026-06-23 14:10:00+05:30,SBIN,buy,16666.666666666664,0.16666666666666666,False
2026-06-23 14:10:00+05:30,SUNPHARMA,buy,16666.666666666664,0.16666666666666666,False
2026-06-23 14:10:00+05:30,TATASTEEL,buy,16666.666666666664,0.16666666666666666,False
2026-06-23 14:15:00+05:30,HCLTECH,buy,16666.666666666664,0.16666666666666666,False
2026-06-23 14:15:00+05:30,HDFCBANK,buy,16666.666666666664,0.16666666666666666,False
2026-06-23 14:15:00+05:30,ICICIBANK,sell,16666.666666666664,0.16666666666666666,False
2026-06-23 14:15:00+05:30,ITC,sell,16666.666666666664,0.16666666666666666,False
2026-06-23 14:15:00+05:30,KOTAKBANK,buy,16666.666666666664,0.16666666666666666,False
2026-06-23 14:15:00+05:30,M&M,sell,16666.666666666664,0.16666666666666666,False
2026-06-23 14:15:00+05:30,MARUTI,sell,16666.666666666664,0.16666666666666666,False
2026-06-23 14:15:00+05:30,RELIANCE,buy,16666.666666666664,0.16666666666666666,False
2026-06-23 14:15:00+05:30,SUNPHARMA,sell,16666.666666666664,0.16666666666666666,False
2026-06-23 14:15:00+05:30,TATASTEEL,buy,16666.666666666664,0.16666666666666666,False
2026-06-23 14:20:00+05:30,AXISBANK,buy,16666.666666666664,0.16666666666666666,False
2026-06-23 14:20:00+05:30,BHARTIARTL,sell,16666.666666666664,0.16666666666666666,False
2026-06-23 14:20:00+05:30,HDFCBANK,sell,16666.666666666664,0.16666666666666666,False
2026-06-23 14:20:00+05:30,ICICIBANK,buy,16666.666666666664,0.16666666666666666,False
2026-06-23 14:20:00+05:30,INFY,sell,16666.666666666664,0.16666666666666666,False
2026-06-23 14:20:00+05:30,KOTAKBANK,sell,16666.666666666664,0.16666666666666666,False
2026-06-23 14:20:00+05:30,M&M,buy,16666.666666666664,0.16666666666666666,False
2026-06-23 14:20:00+05:30,RELIANCE,buy,16666.666666666664,0.16666666666666666,False
2026-06-23 14:25:00+05:30,BHARTIARTL,buy,33333.33333333333,0.3333333333333333,False
2026-06-23 14:25:00+05:30,HCLTECH,sell,16666.666666666664,0.16666666666666666,False
2026-06-23 14:25:00+05:30,INFY,buy,16666.666666666664,0.16666666666666666,False
2026-06-23 14:25:00+05:30,M&M,sell,16666.666666666664,0.16666666666666666,False
2026-06-23 14:25:00+05:30,RELIANCE,sell,16666.666666666664,0.16666666666666666,False
2026-06-23 14:30:00+05:30,AXISBANK,sell,16666.666666666664,0.16666666666666666,False
2026-06-23 14:30:00+05:30,BHARTIARTL,sell,33333.33333333333,0.3333333333333333,False
2026-06-23 14:30:00+05:30,HCLTECH,buy,33333.33333333333,0.3333333333333333,False
2026-06-23 14:30:00+05:30,ICICIBANK,sell,16666.666666666664,0.16666666666666666,False
2026-06-23 14:30:00+05:30,KOTAKBANK,buy,16666.666666666664,0.16666666666666666,False
2026-06-23 14:30:00+05:30,M&M,buy,16666.666666666664,0.16666666666666666,False
2026-06-23 14:30:00+05:30,MARUTI,buy,16666.666666666664,0.16666666666666666,False
2026-06-23 14:30:00+05:30,RELIANCE,sell,16666.666666666664,0.16666666666666666,False
2026-06-23 14:30:00+05:30,SBIN,buy,16666.666666666664,0.16666666666666666,False
2026-06-23 14:30:00+05:30,TATASTEEL,sell,16666.666666666664,0.16666666666666666,False
2026-06-23 14:35:00+05:30,AXISBANK,buy,16666.666666666664,0.16666666666666666,False
2026-06-23 14:35:00+05:30,BHARTIARTL,buy,33333.33333333333,0.3333333333333333,False
2026-06-23 14:35:00+05:30,HCLTECH,sell,16666.666666666664,0.16666666666666666,False
2026-06-23 14:35:00+05:30,KOTAKBANK,sell,16666.666666666664,0.16666666666666666,False
2026-06-23 14:35:00+05:30,M&M,buy,16666.666666666664,0.16666666666666666,False
2026-06-23 14:35:00+05:30,MARUTI,sell,16666.666666666664,0.16666666666666666,False
2026-06-23 14:35:00+05:30,RELIANCE,buy,33333.33333333333,0.3333333333333333,False
2026-06-23 14:35:00+05:30,SBIN,sell,16666.666666666664,0.16666666666666666,False
2026-06-23 14:35:00+05:30,SUNPHARMA,sell,16666.666666666664,0.16666666666666666,False
2026-06-23 14:35:00+05:30,TATASTEEL,sell,16666.666666666664,0.16666666666666666,False
2026-06-23 14:40:00+05:30,AXISBANK,sell,16666.666666666664,0.16666666666666666,False
2026-06-23 14:40:00+05:30,ITC,sell,16666.666666666664,0.16666666666666666,False
2026-06-23 14:40:00+05:30,M&M,sell,16666.666666666664,0.16666666666666666,False
2026-06-23 14:40:00+05:30,SUNPHARMA,buy,16666.666666666664,0.16666666666666666,False
2026-06-23 14:40:00+05:30,TATASTEEL,buy,33333.33333333333,0.3333333333333333,False
2026-06-23 14:45:00+05:30,AXISBANK,buy,16666.666666666664,0.16666666666666666,False
2026-06-23 14:45:00+05:30,BHARTIARTL,sell,16666.666666666664,0.16666666666666666,False
2026-06-23 14:45:00+05:30,INFY,sell,16666.666666666664,0.16666666666666666,False
2026-06-23 14:45:00+05:30,ITC,buy,33333.33333333333,0.3333333333333333,False
2026-06-23 14:45:00+05:30,RELIANCE,sell,33333.33333333333,0.3333333333333333,False
2026-06-23 14:45:00+05:30,SBIN,buy,16666.666666666664,0.16666666666666666,False
2026-06-23 14:50:00+05:30,BHARTIARTL,buy,16666.666666666664,0.16666666666666666,False
2026-06-23 14:50:00+05:30,ICICIBANK,buy,16666.666666666664,0.16666666666666666,False
2026-06-23 14:50:00+05:30,INFY,buy,33333.33333333333,0.3333333333333333,False
2026-06-23 14:50:00+05:30,ITC,sell,33333.33333333333,0.3333333333333333,False
2026-06-23 14:50:00+05:30,KOTAKBANK,sell,16666.666666666664,0.16666666666666666,False
2026-06-23 14:50:00+05:30,RELIANCE,buy,16666.666666666664,0.16666666666666666,False
2026-06-23 14:50:00+05:30,SBIN,sell,16666.666666666664,0.16666666666666666,False
2026-06-23 14:50:00+05:30,TATASTEEL,sell,16666.666666666664,0.16666666666666666,False
2026-06-23 14:55:00+05:30,BHARTIARTL,sell,16666.666666666664,0.16666666666666666,False
2026-06-23 14:55:00+05:30,INFY,sell,33333.33333333333,0.3333333333333333,False
2026-06-23 14:55:00+05:30,KOTAKBANK,buy,16666.666666666664,0.16666666666666666,False
2026-06-23 14:55:00+05:30,M&M,buy,16666.666666666664,0.16666666666666666,False
2026-06-23 14:55:00+05:30,SBIN,buy,16666.666666666664,0.16666666666666666,False
2026-06-23 15:00:00+05:30,BHARTIARTL,buy,16666.666666666664,0.16666666666666666,False
2026-06-23 15:00:00+05:30,HCLTECH,buy,16666.666666666664,0.16666666666666666,False
2026-06-23 15:00:00+05:30,INFY,buy,16666.666666666664,0.16666666666666666,False
2026-06-23 15:00:00+05:30,ITC,buy,16666.666666666664,0.16666666666666666,False
2026-06-23 15:00:00+05:30,KOTAKBANK,sell,16666.666666666664,0.16666666666666666,False
2026-06-23 15:00:00+05:30,M&M,sell,16666.666666666664,0.16666666666666666,False
2026-06-23 15:00:00+05:30,RELIANCE,sell,16666.666666666664,0.16666666666666666,False
2026-06-23 15:00:00+05:30,SBIN,sell,16666.666666666664,0.16666666666666666,False
2026-06-23 15:05:00+05:30,BHARTIARTL,sell,16666.666666666664,0.16666666666666666,False
2026-06-23 15:05:00+05:30,HCLTECH,sell,16666.666666666664,0.16666666666666666,False
2026-06-23 15:05:00+05:30,M&M,buy,16666.666666666664,0.16666666666666666,False
2026-06-23 15:05:00+05:30,RELIANCE,buy,33333.33333333333,0.3333333333333333,False
2026-06-23 15:05:00+05:30,TATASTEEL,sell,16666.666666666664,0.16666666666666666,False
2026-06-23 15:10:00+05:30,HCLTECH,sell,16666.666666666664,0.16666666666666666,False
2026-06-23 15:10:00+05:30,INFY,buy,16666.666666666664,0.16666666666666666,False
2026-06-23 15:10:00+05:30,ITC,sell,16666.666666666664,0.16666666666666666,False
2026-06-23 15:10:00+05:30,KOTAKBANK,buy,16666.666666666664,0.16666666666666666,False
2026-06-23 15:10:00+05:30,M&M,sell,16666.666666666664,0.16666666666666666,False
2026-06-23 15:10:00+05:30,TATASTEEL,buy,16666.666666666664,0.16666666666666666,False
2026-06-23 15:15:00+05:30,INFY,sell,16666.666666666664,0.16666666666666666,False
2026-06-23 15:15:00+05:30,ITC,buy,16666.666666666664,0.16666666666666666,False
2026-06-23 15:15:00+05:30,LT,buy,16666.666666666664,0.16666666666666666,False
2026-06-23 15:15:00+05:30,M&M,sell,16666.666666666664,0.16666666666666666,False
2026-06-23 15:15:00+05:30,RELIANCE,sell,16666.666666666664,0.16666666666666666,False
2026-06-23 15:15:00+05:30,TATASTEEL,buy,16666.666666666664,0.16666666666666666,False
2026-06-23 15:20:00+05:30,BHARTIARTL,buy,16666.666666666664,0.16666666666666666,False
2026-06-23 15:20:00+05:30,HCLTECH,buy,16666.666666666664,0.16666666666666666,False
2026-06-23 15:20:00+05:30,KOTAKBANK,sell,16666.666666666664,0.16666666666666666,False
2026-06-23 15:20:00+05:30,LT,sell,16666.666666666664,0.16666666666666666,False
2026-06-23 15:20:00+05:30,MARUTI,buy,16666.666666666664,0.16666666666666666,False
2026-06-23 15:20:00+05:30,RELIANCE,buy,16666.666666666664,0.16666666666666666,False
2026-06-23 15:20:00+05:30,SUNPHARMA,sell,16666.666666666664,0.16666666666666666,False
2026-06-23 15:20:00+05:30,TATASTEEL,sell,16666.666666666664,0.16666666666666666,False
2026-06-24 14:10:00+05:30,AXISBANK,buy,16666.666666666664,0.16666666666666666,False
2026-06-24 14:10:00+05:30,BHARTIARTL,sell,16666.666666666664,0.16666666666666666,False
2026-06-24 14:10:00+05:30,HCLTECH,sell,16666.666666666664,0.16666666666666666,False
2026-06-24 14:10:00+05:30,ICICIBANK,sell,16666.666666666664,0.16666666666666666,False
2026-06-24 14:10:00+05:30,INFY,sell,16666.666666666664,0.16666666666666666,False
2026-06-24 14:10:00+05:30,LT,buy,16666.666666666664,0.16666666666666666,False
2026-06-24 14:10:00+05:30,M&M,buy,16666.666666666664,0.16666666666666666,False
2026-06-24 14:10:00+05:30,RELIANCE,sell,16666.666666666664,0.16666666666666666,False
2026-06-24 14:10:00+05:30,SBIN,buy,16666.666666666664,0.16666666666666666,False
2026-06-24 14:10:00+05:30,SUNPHARMA,buy,16666.666666666664,0.16666666666666666,False
2026-06-24 14:15:00+05:30,AXISBANK,sell,16666.666666666664,0.16666666666666666,False
2026-06-24 14:15:00+05:30,ICICIBANK,sell,16666.666666666664,0.16666666666666666,False
2026-06-24 14:15:00+05:30,KOTAKBANK,buy,16666.666666666664,0.16666666666666666,False
2026-06-24 14:15:00+05:30,TATASTEEL,buy,16666.666666666664,0.16666666666666666,False
2026-06-24 14:20:00+05:30,BHARTIARTL,buy,16666.666666666664,0.16666666666666666,False
2026-06-24 14:20:00+05:30,HCLTECH,buy,33333.33333333333,0.3333333333333333,False
2026-06-24 14:20:00+05:30,HDFCBANK,sell,16666.666666666664,0.16666666666666666,False
2026-06-24 14:20:00+05:30,ICICIBANK,buy,16666.666666666664,0.16666666666666666,False
2026-06-24 14:20:00+05:30,INFY,buy,33333.33333333333,0.3333333333333333,False
2026-06-24 14:20:00+05:30,LT,sell,16666.666666666664,0.16666666666666666,False
2026-06-24 14:20:00+05:30,M&M,sell,16666.666666666664,0.16666666666666666,False
2026-06-24 14:20:00+05:30,MARUTI,sell,16666.666666666664,0.16666666666666666,False
2026-06-24 14:20:00+05:30,SBIN,sell,16666.666666666664,0.16666666666666666,False
2026-06-24 14:20:00+05:30,TATASTEEL,sell,16666.666666666664,0.16666666666666666,False
2026-06-24 14:25:00+05:30,BHARTIARTL,sell,16666.666666666664,0.16666666666666666,False
2026-06-24 14:25:00+05:30,HCLTECH,sell,33333.33333333333,0.3333333333333333,False
2026-06-24 14:25:00+05:30,INFY,sell,33333.33333333333,0.3333333333333333,False
2026-06-24 14:25:00+05:30,KOTAKBANK,buy,16666.666666666664,0.16666666666666666,False
2026-06-24 14:25:00+05:30,M&M,buy,16666.666666666664,0.16666666666666666,False
2026-06-24 14:25:00+05:30,MARUTI,buy,33333.33333333333,0.3333333333333333,False
2026-06-24 14:25:00+05:30,SUNPHARMA,buy,16666.666666666664,0.16666666666666666,False
2026-06-24 14:30:00+05:30,HCLTECH,buy,16666.666666666664,0.16666666666666666,False
2026-06-24 14:30:00+05:30,HDFCBANK,buy,16666.666666666664,0.16666666666666666,False
2026-06-24 14:30:00+05:30,ICICIBANK,sell,16666.666666666664,0.16666666666666666,False
2026-06-24 14:30:00+05:30,INFY,buy,16666.666666666664,0.16666666666666666,False
2026-06-24 14:30:00+05:30,KOTAKBANK,sell,16666.666666666664,0.16666666666666666,False
2026-06-24 14:30:00+05:30,M&M,buy,16666.666666666664,0.16666666666666666,False
2026-06-24 14:30:00+05:30,SBIN,sell,16666.666666666664,0.16666666666666666,False
2026-06-24 14:30:00+05:30,TATASTEEL,sell,16666.666666666664,0.16666666666666666,False
2026-06-24 14:35:00+05:30,INFY,sell,16666.666666666664,0.16666666666666666,False
2026-06-24 14:35:00+05:30,LT,buy,16666.666666666664,0.16666666666666666,False
2026-06-24 14:35:00+05:30,M&M,sell,16666.666666666664,0.16666666666666666,False
2026-06-24 14:35:00+05:30,SBIN,buy,16666.666666666664,0.16666666666666666,False
2026-06-24 14:35:00+05:30,SUNPHARMA,sell,33333.33333333333,0.3333333333333333,False
2026-06-24 14:35:00+05:30,TATASTEEL,buy,33333.33333333333,0.3333333333333333,False
2026-06-24 14:40:00+05:30,HDFCBANK,sell,16666.666666666664,0.16666666666666666,False
2026-06-24 14:40:00+05:30,ICICIBANK,buy,16666.666666666664,0.16666666666666666,False
2026-06-24 14:40:00+05:30,ITC,buy,16666.666666666664,0.16666666666666666,False
2026-06-24 14:40:00+05:30,LT,sell,16666.666666666664,0.16666666666666666,False
2026-06-24 14:40:00+05:30,MARUTI,sell,16666.666666666664,0.16666666666666666,False
2026-06-24 14:40:00+05:30,RELIANCE,sell,16666.666666666664,0.16666666666666666,False
2026-06-24 14:40:00+05:30,SBIN,buy,16666.666666666664,0.16666666666666666,False
2026-06-24 14:40:00+05:30,SUNPHARMA,buy,33333.33333333333,0.3333333333333333,False
2026-06-24 14:40:00+05:30,TATASTEEL,sell,16666.666666666664,0.16666666666666666,False
2026-06-24 14:45:00+05:30,ICICIBANK,sell,16666.666666666664,0.16666666666666666,False
2026-06-24 14:45:00+05:30,ITC,sell,16666.666666666664,0.16666666666666666,False
2026-06-24 14:45:00+05:30,LT,buy,16666.666666666664,0.16666666666666666,False
2026-06-24 14:45:00+05:30,M&M,buy,16666.666666666664,0.16666666666666666,False
2026-06-24 14:45:00+05:30,RELIANCE,buy,16666.666666666664,0.16666666666666666,False
2026-06-24 14:45:00+05:30,SUNPHARMA,sell,16666.666666666664,0.16666666666666666,False
2026-06-24 14:50:00+05:30,AXISBANK,sell,16666.666666666664,0.16666666666666666,False
2026-06-24 14:50:00+05:30,ICICIBANK,buy,16666.666666666664,0.16666666666666666,False
2026-06-24 14:50:00+05:30,INFY,buy,16666.666666666664,0.16666666666666666,False
2026-06-24 14:50:00+05:30,ITC,sell,16666.666666666664,0.16666666666666666,False
2026-06-24 14:50:00+05:30,KOTAKBANK,buy,16666.666666666664,0.16666666666666666,False
2026-06-24 14:50:00+05:30,LT,sell,16666.666666666664,0.16666666666666666,False
2026-06-24 14:50:00+05:30,SBIN,sell,16666.666666666664,0.16666666666666666,False
2026-06-24 14:50:00+05:30,TATASTEEL,buy,16666.666666666664,0.16666666666666666,False
2026-06-24 14:55:00+05:30,BHARTIARTL,sell,16666.666666666664,0.16666666666666666,False
2026-06-24 14:55:00+05:30,HDFCBANK,buy,16666.666666666664,0.16666666666666666,False
2026-06-24 14:55:00+05:30,M&M,sell,16666.666666666664,0.16666666666666666,False
2026-06-24 14:55:00+05:30,MARUTI,buy,16666.666666666664,0.16666666666666666,False
2026-06-24 14:55:00+05:30,SBIN,buy,16666.666666666664,0.16666666666666666,False
2026-06-24 14:55:00+05:30,TATASTEEL,sell,16666.666666666664,0.16666666666666666,False
2026-06-24 15:00:00+05:30,BHARTIARTL,buy,16666.666666666664,0.16666666666666666,False
2026-06-24 15:00:00+05:30,HDFCBANK,sell,16666.666666666664,0.16666666666666666,False
2026-06-24 15:00:00+05:30,INFY,sell,16666.666666666664,0.16666666666666666,False
2026-06-24 15:00:00+05:30,ITC,buy,16666.666666666664,0.16666666666666666,False
2026-06-24 15:00:00+05:30,KOTAKBANK,sell,16666.666666666664,0.16666666666666666,False
2026-06-24 15:00:00+05:30,MARUTI,sell,16666.666666666664,0.16666666666666666,False
2026-06-24 15:00:00+05:30,RELIANCE,buy,16666.666666666664,0.16666666666666666,False
2026-06-24 15:00:00+05:30,TATASTEEL,buy,16666.666666666664,0.16666666666666666,False
2026-06-24 15:05:00+05:30,BHARTIARTL,buy,16666.666666666664,0.16666666666666666,False
2026-06-24 15:05:00+05:30,HDFCBANK,buy,33333.33333333333,0.3333333333333333,False
2026-06-24 15:05:00+05:30,INFY,buy,16666.666666666664,0.16666666666666666,False
2026-06-24 15:05:00+05:30,ITC,sell,16666.666666666664,0.16666666666666666,False
2026-06-24 15:05:00+05:30,KOTAKBANK,sell,16666.666666666664,0.16666666666666666,False
2026-06-24 15:05:00+05:30,RELIANCE,sell,16666.666666666664,0.16666666666666666,False
2026-06-24 15:05:00+05:30,SBIN,sell,16666.666666666664,0.16666666666666666,False
2026-06-24 15:05:00+05:30,SUNPHARMA,buy,16666.666666666664,0.16666666666666666,False
2026-06-24 15:05:00+05:30,TATASTEEL,sell,16666.666666666664,0.16666666666666666,False
2026-06-24 15:10:00+05:30,HCLTECH,sell,16666.666666666664,0.16666666666666666,False
2026-06-24 15:10:00+05:30,HDFCBANK,sell,33333.33333333333,0.3333333333333333,False
2026-06-24 15:10:00+05:30,ITC,buy,16666.666666666664,0.16666666666666666,False
2026-06-24 15:10:00+05:30,KOTAKBANK,buy,16666.666666666664,0.16666666666666666,False
2026-06-24 15:10:00+05:30,MARUTI,buy,16666.666666666664,0.16666666666666666,False
2026-06-24 15:15:00+05:30,AXISBANK,buy,33333.33333333333,0.3333333333333333,False
2026-06-24 15:15:00+05:30,BHARTIARTL,sell,16666.666666666664,0.16666666666666666,False
2026-06-24 15:15:00+05:30,HCLTECH,buy,16666.666666666664,0.16666666666666666,False
2026-06-24 15:15:00+05:30,HDFCBANK,buy,16666.666666666664,0.16666666666666666,False
2026-06-24 15:15:00+05:30,ITC,sell,16666.666666666664,0.16666666666666666,False
2026-06-24 15:15:00+05:30,RELIANCE,sell,16666.666666666664,0.16666666666666666,False
2026-06-24 15:15:00+05:30,SBIN,sell,16666.666666666664,0.16666666666666666,False
2026-06-24 15:15:00+05:30,SUNPHARMA,sell,16666.666666666664,0.16666666666666666,False
2026-06-24 15:15:00+05:30,TATASTEEL,buy,16666.666666666664,0.16666666666666666,False
2026-06-24 15:20:00+05:30,AXISBANK,sell,16666.666666666664,0.16666666666666666,False
2026-06-24 15:20:00+05:30,HCLTECH,sell,16666.666666666664,0.16666666666666666,False
2026-06-24 15:20:00+05:30,INFY,buy,16666.666666666664,0.16666666666666666,False
2026-06-24 15:20:00+05:30,ITC,buy,33333.33333333333,0.3333333333333333,False
2026-06-24 15:20:00+05:30,KOTAKBANK,sell,16666.666666666664,0.16666666666666666,False
2026-06-24 15:20:00+05:30,MARUTI,sell,16666.666666666664,0.16666666666666666,False
2026-06-24 15:20:00+05:30,SBIN,buy,16666.666666666664,0.16666666666666666,False
2026-06-24 15:20:00+05:30,SUNPHARMA,buy,16666.666666666664,0.16666666666666666,False
2026-06-24 15:20:00+05:30,TATASTEEL,sell,16666.666666666664,0.16666666666666666,False
2026-06-25 14:10:00+05:30,BHARTIARTL,sell,16666.666666666664,0.16666666666666666,False
2026-06-25 14:10:00+05:30,HCLTECH,buy,16666.666666666664,0.16666666666666666,False
2026-06-25 14:10:00+05:30,HDFCBANK,buy,16666.666666666664,0.16666666666666666,False
2026-06-25 14:10:00+05:30,ICICIBANK,buy,16666.666666666664,0.16666666666666666,False
2026-06-25 14:10:00+05:30,INFY,sell,16666.666666666664,0.16666666666666666,False
2026-06-25 14:10:00+05:30,ITC,sell,33333.33333333333,0.3333333333333333,False
2026-06-25 14:10:00+05:30,KOTAKBANK,buy,16666.666666666664,0.16666666666666666,False
2026-06-25 14:10:00+05:30,RELIANCE,buy,16666.666666666664,0.16666666666666666,False
2026-06-25 14:10:00+05:30,SBIN,buy,16666.666666666664,0.16666666666666666,False
2026-06-25 14:10:00+05:30,SUNPHARMA,sell,16666.666666666664,0.16666666666666666,False
2026-06-25 14:10:00+05:30,TATASTEEL,sell,16666.666666666664,0.16666666666666666,False
2026-06-25 14:15:00+05:30,BHARTIARTL,buy,33333.33333333333,0.3333333333333333,False
2026-06-25 14:15:00+05:30,HCLTECH,sell,16666.666666666664,0.16666666666666666,False
2026-06-25 14:15:00+05:30,ICICIBANK,sell,16666.666666666664,0.16666666666666666,False
2026-06-25 14:15:00+05:30,INFY,sell,16666.666666666664,0.16666666666666666,False
2026-06-25 14:15:00+05:30,ITC,buy,16666.666666666664,0.16666666666666666,False
2026-06-25 14:15:00+05:30,KOTAKBANK,sell,16666.666666666664,0.16666666666666666,False
2026-06-25 14:15:00+05:30,SBIN,sell,16666.666666666664,0.16666666666666666,False
2026-06-25 14:15:00+05:30,TATASTEEL,buy,33333.33333333333,0.3333333333333333,False
2026-06-25 14:20:00+05:30,AXISBANK,buy,16666.666666666664,0.16666666666666666,False
2026-06-25 14:20:00+05:30,BHARTIARTL,sell,16666.666666666664,0.16666666666666666,False
2026-06-25 14:20:00+05:30,HCLTECH,buy,33333.33333333333,0.3333333333333333,False
2026-06-25 14:20:00+05:30,HDFCBANK,sell,33333.33333333333,0.3333333333333333,False
2026-06-25 14:20:00+05:30,INFY,buy,33333.33333333333,0.3333333333333333,False
2026-06-25 14:20:00+05:30,KOTAKBANK,buy,16666.666666666664,0.16666666666666666,False
2026-06-25 14:20:00+05:30,LT,sell,16666.666666666664,0.16666666666666666,False
2026-06-25 14:20:00+05:30,SBIN,sell,16666.666666666664,0.16666666666666666,False
2026-06-25 14:20:00+05:30,TATASTEEL,sell,16666.666666666664,0.16666666666666666,False
2026-06-25 14:25:00+05:30,AXISBANK,sell,16666.666666666664,0.16666666666666666,False
2026-06-25 14:25:00+05:30,BHARTIARTL,buy,16666.666666666664,0.16666666666666666,False
2026-06-25 14:25:00+05:30,INFY,sell,16666.666666666664,0.16666666666666666,False
2026-06-25 14:25:00+05:30,ITC,buy,16666.666666666664,0.16666666666666666,False
2026-06-25 14:25:00+05:30,LT,buy,16666.666666666664,0.16666666666666666,False
2026-06-25 14:25:00+05:30,M&M,sell,16666.666666666664,0.16666666666666666,False
2026-06-25 14:25:00+05:30,RELIANCE,sell,16666.666666666664,0.16666666666666666,False
2026-06-25 14:25:00+05:30,SBIN,buy,16666.666666666664,0.16666666666666666,False
2026-06-25 14:30:00+05:30,BHARTIARTL,sell,16666.666666666664,0.16666666666666666,False
2026-06-25 14:30:00+05:30,HCLTECH,sell,16666.666666666664,0.16666666666666666,False
2026-06-25 14:30:00+05:30,ITC,sell,16666.666666666664,0.16666666666666666,False
2026-06-25 14:30:00+05:30,KOTAKBANK,buy,16666.666666666664,0.16666666666666666,False
2026-06-25 14:30:00+05:30,LT,buy,16666.666666666664,0.16666666666666666,False
2026-06-25 14:30:00+05:30,MARUTI,buy,16666.666666666664,0.16666666666666666,False
2026-06-25 14:30:00+05:30,RELIANCE,buy,16666.666666666664,0.16666666666666666,False
2026-06-25 14:30:00+05:30,TATASTEEL,sell,16666.666666666664,0.16666666666666666,False
2026-06-25 14:35:00+05:30,HCLTECH,buy,16666.666666666664,0.16666666666666666,False
2026-06-25 14:35:00+05:30,HDFCBANK,buy,16666.666666666664,0.16666666666666666,False
2026-06-25 14:35:00+05:30,ICICIBANK,sell,16666.666666666664,0.16666666666666666,False
2026-06-25 14:35:00+05:30,INFY,buy,16666.666666666664,0.16666666666666666,False
2026-06-25 14:35:00+05:30,KOTAKBANK,sell,16666.666666666664,0.16666666666666666,False
2026-06-25 14:35:00+05:30,M&M,buy,16666.666666666664,0.16666666666666666,False
2026-06-25 14:35:00+05:30,MARUTI,sell,16666.666666666664,0.16666666666666666,False
2026-06-25 14:35:00+05:30,SBIN,sell,16666.666666666664,0.16666666666666666,False
2026-06-25 14:35:00+05:30,SUNPHARMA,sell,16666.666666666664,0.16666666666666666,False
2026-06-25 14:35:00+05:30,TATASTEEL,buy,16666.666666666664,0.16666666666666666,False
2026-06-25 14:40:00+05:30,BHARTIARTL,sell,16666.666666666664,0.16666666666666666,False
2026-06-25 14:40:00+05:30,HCLTECH,sell,16666.666666666664,0.16666666666666666,False
2026-06-25 14:40:00+05:30,ICICIBANK,buy,33333.33333333333,0.3333333333333333,False
2026-06-25 14:40:00+05:30,INFY,sell,16666.666666666664,0.16666666666666666,False
2026-06-25 14:40:00+05:30,LT,sell,33333.33333333333,0.3333333333333333,False
2026-06-25 14:40:00+05:30,M&M,sell,16666.666666666664,0.16666666666666666,False
2026-06-25 14:40:00+05:30,MARUTI,buy,16666.666666666664,0.16666666666666666,False
2026-06-25 14:40:00+05:30,SBIN,buy,33333.33333333333,0.3333333333333333,False
2026-06-25 14:40:00+05:30,SUNPHARMA,buy,16666.666666666664,0.16666666666666666,False
2026-06-25 14:45:00+05:30,BHARTIARTL,buy,33333.33333333333,0.3333333333333333,False
2026-06-25 14:45:00+05:30,INFY,buy,16666.666666666664,0.16666666666666666,False
2026-06-25 14:45:00+05:30,ITC,sell,16666.666666666664,0.16666666666666666,False
2026-06-25 14:45:00+05:30,LT,buy,16666.666666666664,0.16666666666666666,False
2026-06-25 14:45:00+05:30,M&M,buy,16666.666666666664,0.16666666666666666,False
2026-06-25 14:45:00+05:30,MARUTI,sell,16666.666666666664,0.16666666666666666,False
2026-06-25 14:45:00+05:30,RELIANCE,sell,16666.666666666664,0.16666666666666666,False
2026-06-25 14:45:00+05:30,SBIN,sell,16666.666666666664,0.16666666666666666,False
2026-06-25 14:45:00+05:30,TATASTEEL,sell,16666.666666666664,0.16666666666666666,False
2026-06-25 14:50:00+05:30,BHARTIARTL,sell,16666.666666666664,0.16666666666666666,False
2026-06-25 14:50:00+05:30,HCLTECH,buy,16666.666666666664,0.16666666666666666,False
2026-06-25 14:50:00+05:30,HDFCBANK,sell,16666.666666666664,0.16666666666666666,False
2026-06-25 14:50:00+05:30,ICICIBANK,sell,16666.666666666664,0.16666666666666666,False
2026-06-25 14:50:00+05:30,ITC,buy,16666.666666666664,0.16666666666666666,False
2026-06-25 14:50:00+05:30,LT,buy,16666.666666666664,0.16666666666666666,False
2026-06-25 14:50:00+05:30,M&M,sell,16666.666666666664,0.16666666666666666,False
2026-06-25 14:50:00+05:30,TATASTEEL,buy,16666.666666666664,0.16666666666666666,False
2026-06-25 14:55:00+05:30,HDFCBANK,buy,16666.666666666664,0.16666666666666666,False
2026-06-25 14:55:00+05:30,ITC,sell,16666.666666666664,0.16666666666666666,False
2026-06-25 14:55:00+05:30,LT,sell,33333.33333333333,0.3333333333333333,False
2026-06-25 14:55:00+05:30,M&M,buy,16666.666666666664,0.16666666666666666,False
2026-06-25 14:55:00+05:30,RELIANCE,buy,16666.666666666664,0.16666666666666666,False
2026-06-25 14:55:00+05:30,SBIN,buy,16666.666666666664,0.16666666666666666,False
2026-06-25 14:55:00+05:30,SUNPHARMA,sell,16666.666666666664,0.16666666666666666,False
2026-06-25 15:00:00+05:30,BHARTIARTL,buy,16666.666666666664,0.16666666666666666,False
2026-06-25 15:00:00+05:30,HDFCBANK,buy,16666.666666666664,0.16666666666666666,False
2026-06-25 15:00:00+05:30,ICICIBANK,sell,16666.666666666664,0.16666666666666666,False
2026-06-25 15:00:00+05:30,INFY,sell,16666.666666666664,0.16666666666666666,False
2026-06-25 15:00:00+05:30,ITC,buy,16666.666666666664,0.16666666666666666,False
2026-06-25 15:00:00+05:30,KOTAKBANK,sell,16666.666666666664,0.16666666666666666,False
2026-06-25 15:00:00+05:30,SBIN,sell,16666.666666666664,0.16666666666666666,False
2026-06-25 15:00:00+05:30,SUNPHARMA,buy,16666.666666666664,0.16666666666666666,False
2026-06-25 15:05:00+05:30,BHARTIARTL,sell,16666.666666666664,0.16666666666666666,False
2026-06-25 15:05:00+05:30,HDFCBANK,sell,33333.33333333333,0.3333333333333333,False
2026-06-25 15:05:00+05:30,ICICIBANK,buy,16666.666666666664,0.16666666666666666,False
2026-06-25 15:05:00+05:30,KOTAKBANK,buy,16666.666666666664,0.16666666666666666,False
2026-06-25 15:05:00+05:30,LT,buy,16666.666666666664,0.16666666666666666,False
2026-06-25 15:05:00+05:30,M&M,buy,16666.666666666664,0.16666666666666666,False
2026-06-25 15:05:00+05:30,MARUTI,buy,16666.666666666664,0.16666666666666666,False
2026-06-25 15:05:00+05:30,RELIANCE,sell,16666.666666666664,0.16666666666666666,False
2026-06-25 15:05:00+05:30,SBIN,sell,16666.666666666664,0.16666666666666666,False
2026-06-25 15:10:00+05:30,AXISBANK,sell,16666.666666666664,0.16666666666666666,False
2026-06-25 15:10:00+05:30,HDFCBANK,buy,16666.666666666664,0.16666666666666666,False
2026-06-25 15:10:00+05:30,INFY,buy,16666.666666666664,0.16666666666666666,False
2026-06-25 15:10:00+05:30,LT,buy,16666.666666666664,0.16666666666666666,False
2026-06-25 15:10:00+05:30,M&M,sell,33333.33333333333,0.3333333333333333,False
2026-06-25 15:10:00+05:30,MARUTI,sell,16666.666666666664,0.16666666666666666,False
2026-06-25 15:10:00+05:30,RELIANCE,buy,16666.666666666664,0.16666666666666666,False
2026-06-25 15:10:00+05:30,SBIN,buy,16666.666666666664,0.16666666666666666,False
2026-06-25 15:10:00+05:30,TATASTEEL,sell,16666.666666666664,0.16666666666666666,False
2026-06-25 15:15:00+05:30,AXISBANK,buy,16666.666666666664,0.16666666666666666,False
2026-06-25 15:15:00+05:30,HDFCBANK,sell,16666.666666666664,0.16666666666666666,False
2026-06-25 15:15:00+05:30,ICICIBANK,sell,16666.666666666664,0.16666666666666666,False
2026-06-25 15:15:00+05:30,INFY,sell,16666.666666666664,0.16666666666666666,False
2026-06-25 15:15:00+05:30,M&M,buy,16666.666666666664,0.16666666666666666,False
2026-06-25 15:15:00+05:30,RELIANCE,buy,16666.666666666664,0.16666666666666666,False
2026-06-25 15:15:00+05:30,SUNPHARMA,sell,16666.666666666664,0.16666666666666666,False
2026-06-25 15:15:00+05:30,TATASTEEL,buy,16666.666666666664,0.16666666666666666,False
2026-06-25 15:20:00+05:30,AXISBANK,buy,16666.666666666664,0.16666666666666666,False
2026-06-25 15:20:00+05:30,HCLTECH,sell,16666.666666666664,0.16666666666666666,False
2026-06-25 15:20:00+05:30,HDFCBANK,buy,16666.666666666664,0.16666666666666666,False
2026-06-25 15:20:00+05:30,INFY,sell,16666.666666666664,0.16666666666666666,False
2026-06-25 15:20:00+05:30,ITC,buy,16666.666666666664,0.16666666666666666,False
2026-06-25 15:20:00+05:30,LT,sell,16666.666666666664,0.16666666666666666,False
2026-06-25 15:20:00+05:30,MARUTI,sell,16666.666666666664,0.16666666666666666,False
2026-06-25 15:20:00+05:30,RELIANCE,sell,16666.666666666664,0.16666666666666666,False
2026-06-25 15:20:00+05:30,SBIN,buy,16666.666666666664,0.16666666666666666,False
2026-06-25 15:20:00+05:30,SUNPHARMA,buy,16666.666666666664,0.16666666666666666,False
2026-06-29 14:10:00+05:30,BHARTIARTL,sell,16666.666666666664,0.16666666666666666,False
2026-06-29 14:10:00+05:30,HCLTECH,sell,16666.666666666664,0.16666666666666666,False
2026-06-29 14:10:00+05:30,ICICIBANK,buy,16666.666666666664,0.16666666666666666,False
2026-06-29 14:10:00+05:30,INFY,buy,16666.666666666664,0.16666666666666666,False
2026-06-29 14:10:00+05:30,ITC,sell,16666.666666666664,0.16666666666666666,False
2026-06-29 14:10:00+05:30,MARUTI,buy,16666.666666666664,0.16666666666666666,False
2026-06-29 14:10:00+05:30,RELIANCE,buy,16666.666666666664,0.16666666666666666,False
2026-06-29 14:10:00+05:30,SBIN,sell,33333.33333333333,0.3333333333333333,False
2026-06-29 14:10:00+05:30,SUNPHARMA,buy,16666.666666666664,0.16666666666666666,False
2026-06-29 14:15:00+05:30,HCLTECH,buy,16666.666666666664,0.16666666666666666,False
2026-06-29 14:15:00+05:30,ICICIBANK,sell,16666.666666666664,0.16666666666666666,False
2026-06-29 14:15:00+05:30,ITC,sell,16666.666666666664,0.16666666666666666,False
2026-06-29 14:15:00+05:30,MARUTI,buy,16666.666666666664,0.16666666666666666,False
2026-06-29 14:15:00+05:30,RELIANCE,sell,16666.666666666664,0.16666666666666666,False
2026-06-29 14:15:00+05:30,SBIN,buy,16666.666666666664,0.16666666666666666,False
2026-06-29 14:15:00+05:30,SUNPHARMA,sell,16666.666666666664,0.16666666666666666,False
2026-06-29 14:15:00+05:30,TATASTEEL,buy,16666.666666666664,0.16666666666666666,False
2026-06-29 14:20:00+05:30,BHARTIARTL,buy,16666.666666666664,0.16666666666666666,False
2026-06-29 14:20:00+05:30,HCLTECH,sell,16666.666666666664,0.16666666666666666,False
2026-06-29 14:20:00+05:30,HDFCBANK,sell,16666.666666666664,0.16666666666666666,False
2026-06-29 14:20:00+05:30,ICICIBANK,buy,16666.666666666664,0.16666666666666666,False
2026-06-29 14:20:00+05:30,INFY,sell,16666.666666666664,0.16666666666666666,False
2026-06-29 14:20:00+05:30,ITC,buy,16666.666666666664,0.16666666666666666,False
2026-06-29 14:20:00+05:30,LT,buy,16666.666666666664,0.16666666666666666,False
2026-06-29 14:20:00+05:30,M&M,buy,16666.666666666664,0.16666666666666666,False
2026-06-29 14:20:00+05:30,MARUTI,sell,16666.666666666664,0.16666666666666666,False
2026-06-29 14:20:00+05:30,TATASTEEL,sell,16666.666666666664,0.16666666666666666,False
2026-06-29 14:25:00+05:30,AXISBANK,sell,33333.33333333333,0.3333333333333333,False
2026-06-29 14:25:00+05:30,HDFCBANK,buy,16666.666666666664,0.16666666666666666,False
2026-06-29 14:25:00+05:30,INFY,buy,16666.666666666664,0.16666666666666666,False
2026-06-29 14:25:00+05:30,ITC,buy,16666.666666666664,0.16666666666666666,False
2026-06-29 14:25:00+05:30,LT,sell,16666.666666666664,0.16666666666666666,False
2026-06-29 14:25:00+05:30,M&M,sell,16666.666666666664,0.16666666666666666,False
2026-06-29 14:25:00+05:30,MARUTI,buy,16666.666666666664,0.16666666666666666,False
2026-06-29 14:25:00+05:30,SBIN,sell,16666.666666666664,0.16666666666666666,False
2026-06-29 14:25:00+05:30,SUNPHARMA,buy,16666.666666666664,0.16666666666666666,False
2026-06-29 14:30:00+05:30,AXISBANK,buy,33333.33333333333,0.3333333333333333,False
2026-06-29 14:30:00+05:30,INFY,buy,16666.666666666664,0.16666666666666666,False
2026-06-29 14:30:00+05:30,ITC,sell,33333.33333333333,0.3333333333333333,False
2026-06-29 14:30:00+05:30,KOTAKBANK,buy,16666.666666666664,0.16666666666666666,False
2026-06-29 14:30:00+05:30,MARUTI,sell,16666.666666666664,0.16666666666666666,False
2026-06-29 14:30:00+05:30,SUNPHARMA,sell,16666.666666666664,0.16666666666666666,False
2026-06-29 14:35:00+05:30,HCLTECH,buy,16666.666666666664,0.16666666666666666,False
2026-06-29 14:35:00+05:30,KOTAKBANK,sell,16666.666666666664,0.16666666666666666,False
2026-06-29 14:35:00+05:30,M&M,sell,16666.666666666664,0.16666666666666666,False
2026-06-29 14:35:00+05:30,MARUTI,sell,16666.666666666664,0.16666666666666666,False
2026-06-29 14:35:00+05:30,SBIN,buy,16666.666666666664,0.16666666666666666,False
2026-06-29 14:35:00+05:30,SUNPHARMA,buy,16666.666666666664,0.16666666666666666,False
2026-06-29 14:40:00+05:30,BHARTIARTL,sell,16666.666666666664,0.16666666666666666,False
2026-06-29 14:40:00+05:30,INFY,sell,16666.666666666664,0.16666666666666666,False
2026-06-29 14:40:00+05:30,ITC,buy,33333.33333333333,0.3333333333333333,False
2026-06-29 14:40:00+05:30,KOTAKBANK,sell,16666.666666666664,0.16666666666666666,False
2026-06-29 14:40:00+05:30,M&M,buy,16666.666666666664,0.16666666666666666,False
2026-06-29 14:40:00+05:30,MARUTI,buy,16666.666666666664,0.16666666666666666,False
2026-06-29 14:40:00+05:30,SBIN,sell,16666.666666666664,0.16666666666666666,False
2026-06-29 14:40:00+05:30,SUNPHARMA,sell,16666.666666666664,0.16666666666666666,False
2026-06-29 14:40:00+05:30,TATASTEEL,buy,16666.666666666664,0.16666666666666666,False
2026-06-29 14:45:00+05:30,BHARTIARTL,buy,16666.666666666664,0.16666666666666666,False
2026-06-29 14:45:00+05:30,HCLTECH,buy,16666.666666666664,0.16666666666666666,False
2026-06-29 14:45:00+05:30,INFY,buy,16666.666666666664,0.16666666666666666,False
2026-06-29 14:45:00+05:30,ITC,sell,33333.33333333333,0.3333333333333333,False
2026-06-29 14:45:00+05:30,KOTAKBANK,buy,16666.666666666664,0.16666666666666666,False
2026-06-29 14:45:00+05:30,RELIANCE,sell,16666.666666666664,0.16666666666666666,False
2026-06-29 14:45:00+05:30,SBIN,buy,16666.666666666664,0.16666666666666666,False
2026-06-29 14:45:00+05:30,TATASTEEL,sell,33333.33333333333,0.3333333333333333,False
2026-06-29 14:50:00+05:30,HCLTECH,sell,16666.666666666664,0.16666666666666666,False
2026-06-29 14:50:00+05:30,INFY,sell,16666.666666666664,0.16666666666666666,False
2026-06-29 14:50:00+05:30,ITC,buy,16666.666666666664,0.16666666666666666,False
2026-06-29 14:50:00+05:30,M&M,buy,16666.666666666664,0.16666666666666666,False
2026-06-29 14:50:00+05:30,MARUTI,sell,16666.666666666664,0.16666666666666666,False
2026-06-29 14:50:00+05:30,RELIANCE,buy,33333.33333333333,0.3333333333333333,False
2026-06-29 14:50:00+05:30,SBIN,sell,16666.666666666664,0.16666666666666666,False
2026-06-29 14:55:00+05:30,AXISBANK,sell,16666.666666666664,0.16666666666666666,False
2026-06-29 14:55:00+05:30,BHARTIARTL,sell,16666.666666666664,0.16666666666666666,False
2026-06-29 14:55:00+05:30,HCLTECH,sell,16666.666666666664,0.16666666666666666,False
2026-06-29 14:55:00+05:30,LT,buy,16666.666666666664,0.16666666666666666,False
2026-06-29 14:55:00+05:30,MARUTI,buy,33333.33333333333,0.3333333333333333,False
2026-06-29 14:55:00+05:30,RELIANCE,sell,16666.666666666664,0.16666666666666666,False
2026-06-29 14:55:00+05:30,SBIN,buy,16666.666666666664,0.16666666666666666,False
2026-06-29 14:55:00+05:30,SUNPHARMA,sell,16666.666666666664,0.16666666666666666,False
2026-06-29 14:55:00+05:30,TATASTEEL,buy,16666.666666666664,0.16666666666666666,False
2026-06-29 15:00:00+05:30,AXISBANK,buy,16666.666666666664,0.16666666666666666,False
2026-06-29 15:00:00+05:30,BHARTIARTL,buy,16666.666666666664,0.16666666666666666,False
2026-06-29 15:00:00+05:30,ITC,sell,16666.666666666664,0.16666666666666666,False
2026-06-29 15:00:00+05:30,KOTAKBANK,buy,16666.666666666664,0.16666666666666666,False
2026-06-29 15:00:00+05:30,LT,sell,16666.666666666664,0.16666666666666666,False
2026-06-29 15:00:00+05:30,M&M,sell,16666.666666666664,0.16666666666666666,False
2026-06-29 15:00:00+05:30,MARUTI,sell,16666.666666666664,0.16666666666666666,False
2026-06-29 15:00:00+05:30,RELIANCE,sell,16666.666666666664,0.16666666666666666,False
2026-06-29 15:00:00+05:30,SUNPHARMA,buy,16666.666666666664,0.16666666666666666,False
2026-06-29 15:00:00+05:30,TATASTEEL,buy,16666.666666666664,0.16666666666666666,False
2026-06-29 15:05:00+05:30,AXISBANK,sell,16666.666666666664,0.16666666666666666,False
2026-06-29 15:05:00+05:30,HCLTECH,buy,33333.33333333333,0.3333333333333333,False
2026-06-29 15:05:00+05:30,INFY,buy,16666.666666666664,0.16666666666666666,False
2026-06-29 15:05:00+05:30,ITC,buy,33333.33333333333,0.3333333333333333,False
2026-06-29 15:05:00+05:30,KOTAKBANK,sell,16666.666666666664,0.16666666666666666,False
2026-06-29 15:05:00+05:30,M&M,sell,16666.666666666664,0.16666666666666666,False
2026-06-29 15:05:00+05:30,RELIANCE,buy,16666.666666666664,0.16666666666666666,False
2026-06-29 15:05:00+05:30,SUNPHARMA,sell,16666.666666666664,0.16666666666666666,False
2026-06-29 15:05:00+05:30,TATASTEEL,sell,33333.33333333333,0.3333333333333333,False
2026-06-29 15:10:00+05:30,AXISBANK,buy,16666.666666666664,0.16666666666666666,False
2026-06-29 15:10:00+05:30,BHARTIARTL,sell,16666.666666666664,0.16666666666666666,False
2026-06-29 15:10:00+05:30,HCLTECH,sell,16666.666666666664,0.16666666666666666,False
2026-06-29 15:10:00+05:30,INFY,sell,16666.666666666664,0.16666666666666666,False
2026-06-29 15:10:00+05:30,ITC,sell,16666.666666666664,0.16666666666666666,False
2026-06-29 15:10:00+05:30,KOTAKBANK,buy,16666.666666666664,0.16666666666666666,False
2026-06-29 15:10:00+05:30,RELIANCE,sell,16666.666666666664,0.16666666666666666,False
2026-06-29 15:10:00+05:30,SUNPHARMA,buy,33333.33333333333,0.3333333333333333,False
2026-06-29 15:10:00+05:30,TATASTEEL,buy,16666.666666666664,0.16666666666666666,False
2026-06-29 15:15:00+05:30,AXISBANK,sell,16666.666666666664,0.16666666666666666,False
2026-06-29 15:15:00+05:30,BHARTIARTL,buy,16666.666666666664,0.16666666666666666,False
2026-06-29 15:15:00+05:30,INFY,sell,16666.666666666664,0.16666666666666666,False
2026-06-29 15:15:00+05:30,M&M,buy,16666.666666666664,0.16666666666666666,False
2026-06-29 15:15:00+05:30,SBIN,buy,16666.666666666664,0.16666666666666666,False
2026-06-29 15:15:00+05:30,TATASTEEL,sell,16666.666666666664,0.16666666666666666,False
2026-06-29 15:20:00+05:30,BHARTIARTL,sell,16666.666666666664,0.16666666666666666,False
2026-06-29 15:20:00+05:30,HCLTECH,sell,16666.666666666664,0.16666666666666666,False
2026-06-29 15:20:00+05:30,INFY,buy,33333.33333333333,0.3333333333333333,False
2026-06-29 15:20:00+05:30,ITC,buy,16666.666666666664,0.16666666666666666,False
2026-06-29 15:20:00+05:30,KOTAKBANK,sell,16666.666666666664,0.16666666666666666,False
2026-06-29 15:20:00+05:30,M&M,buy,16666.666666666664,0.16666666666666666,False
2026-06-29 15:20:00+05:30,RELIANCE,buy,16666.666666666664,0.16666666666666666,False
2026-06-29 15:20:00+05:30,SBIN,sell,33333.33333333333,0.3333333333333333,False
2026-06-29 15:20:00+05:30,SUNPHARMA,sell,16666.666666666664,0.16666666666666666,False
2026-06-29 15:20:00+05:30,TATASTEEL,buy,16666.666666666664,0.16666666666666666,False
2026-06-30 14:10:00+05:30,BHARTIARTL,buy,16666.666666666664,0.16666666666666666,False
2026-06-30 14:10:00+05:30,HCLTECH,buy,16666.666666666664,0.16666666666666666,False
2026-06-30 14:10:00+05:30,HDFCBANK,sell,16666.666666666664,0.16666666666666666,False
2026-06-30 14:10:00+05:30,ICICIBANK,buy,16666.666666666664,0.16666666666666666,False
2026-06-30 14:10:00+05:30,ITC,sell,16666.666666666664,0.16666666666666666,False
2026-06-30 14:10:00+05:30,MARUTI,sell,16666.666666666664,0.16666666666666666,False
2026-06-30 14:10:00+05:30,SBIN,buy,16666.666666666664,0.16666666666666666,False
2026-06-30 14:10:00+05:30,TATASTEEL,sell,16666.666666666664,0.16666666666666666,False
2026-06-30 14:15:00+05:30,AXISBANK,buy,16666.666666666664,0.16666666666666666,False
2026-06-30 14:15:00+05:30,ICICIBANK,sell,16666.666666666664,0.16666666666666666,False
2026-06-30 14:15:00+05:30,KOTAKBANK,buy,16666.666666666664,0.16666666666666666,False
2026-06-30 14:15:00+05:30,M&M,sell,16666.666666666664,0.16666666666666666,False
2026-06-30 14:15:00+05:30,SUNPHARMA,sell,16666.666666666664,0.16666666666666666,False
2026-06-30 14:15:00+05:30,TATASTEEL,buy,16666.666666666664,0.16666666666666666,False
2026-06-30 14:20:00+05:30,BHARTIARTL,sell,16666.666666666664,0.16666666666666666,False
2026-06-30 14:20:00+05:30,ITC,buy,16666.666666666664,0.16666666666666666,False
2026-06-30 14:20:00+05:30,KOTAKBANK,sell,16666.666666666664,0.16666666666666666,False
2026-06-30 14:20:00+05:30,SUNPHARMA,buy,16666.666666666664,0.16666666666666666,False
2026-06-30 14:25:00+05:30,AXISBANK,sell,16666.666666666664,0.16666666666666666,False
2026-06-30 14:25:00+05:30,BHARTIARTL,buy,16666.666666666664,0.16666666666666666,False
2026-06-30 14:25:00+05:30,ITC,sell,16666.666666666664,0.16666666666666666,False
2026-06-30 14:25:00+05:30,KOTAKBANK,sell,16666.666666666664,0.16666666666666666,False
2026-06-30 14:25:00+05:30,LT,buy,16666.666666666664,0.16666666666666666,False
2026-06-30 14:25:00+05:30,SUNPHARMA,buy,16666.666666666664,0.16666666666666666,False
2026-06-30 14:30:00+05:30,BHARTIARTL,buy,16666.666666666664,0.16666666666666666,False
2026-06-30 14:30:00+05:30,HDFCBANK,buy,16666.666666666664,0.16666666666666666,False
2026-06-30 14:30:00+05:30,ICICIBANK,sell,16666.666666666664,0.16666666666666666,False
2026-06-30 14:30:00+05:30,KOTAKBANK,buy,16666.666666666664,0.16666666666666666,False
2026-06-30 14:30:00+05:30,LT,sell,16666.666666666664,0.16666666666666666,False
2026-06-30 14:30:00+05:30,RELIANCE,sell,16666.666666666664,0.16666666666666666,False
2026-06-30 14:30:00+05:30,SBIN,buy,16666.666666666664,0.16666666666666666,False
2026-06-30 14:30:00+05:30,SUNPHARMA,sell,16666.666666666664,0.16666666666666666,False
2026-06-30 14:35:00+05:30,AXISBANK,buy,16666.666666666664,0.16666666666666666,False
2026-06-30 14:35:00+05:30,BHARTIARTL,sell,16666.666666666664,0.16666666666666666,False
2026-06-30 14:35:00+05:30,INFY,sell,16666.666666666664,0.16666666666666666,False
2026-06-30 14:35:00+05:30,LT,buy,16666.666666666664,0.16666666666666666,False
2026-06-30 14:35:00+05:30,MARUTI,buy,16666.666666666664,0.16666666666666666,False
2026-06-30 14:35:00+05:30,SUNPHARMA,sell,16666.666666666664,0.16666666666666666,False
2026-06-30 14:40:00+05:30,AXISBANK,sell,16666.666666666664,0.16666666666666666,False
2026-06-30 14:40:00+05:30,HCLTECH,sell,16666.666666666664,0.16666666666666666,False
2026-06-30 14:40:00+05:30,ICICIBANK,buy,16666.666666666664,0.16666666666666666,False
2026-06-30 14:40:00+05:30,INFY,buy,16666.666666666664,0.16666666666666666,False
2026-06-30 14:40:00+05:30,KOTAKBANK,buy,16666.666666666664,0.16666666666666666,False
2026-06-30 14:40:00+05:30,LT,sell,33333.33333333333,0.3333333333333333,False
2026-06-30 14:40:00+05:30,SUNPHARMA,buy,16666.666666666664,0.16666666666666666,False
2026-06-30 14:45:00+05:30,HCLTECH,buy,33333.33333333333,0.3333333333333333,False
2026-06-30 14:45:00+05:30,ICICIBANK,sell,16666.666666666664,0.16666666666666666,False
2026-06-30 14:45:00+05:30,INFY,sell,16666.666666666664,0.16666666666666666,False
2026-06-30 14:45:00+05:30,LT,buy,16666.666666666664,0.16666666666666666,False
2026-06-30 14:45:00+05:30,M&M,buy,16666.666666666664,0.16666666666666666,False
2026-06-30 14:45:00+05:30,MARUTI,sell,16666.666666666664,0.16666666666666666,False
2026-06-30 14:45:00+05:30,RELIANCE,buy,16666.666666666664,0.16666666666666666,False
2026-06-30 14:45:00+05:30,SBIN,sell,16666.666666666664,0.16666666666666666,False
2026-06-30 14:45:00+05:30,SUNPHARMA,sell,16666.666666666664,0.16666666666666666,False
2026-06-30 14:50:00+05:30,BHARTIARTL,buy,16666.666666666664,0.16666666666666666,False
2026-06-30 14:50:00+05:30,HCLTECH,sell,16666.666666666664,0.16666666666666666,False
2026-06-30 14:50:00+05:30,ICICIBANK,buy,16666.666666666664,0.16666666666666666,False
2026-06-30 14:50:00+05:30,INFY,buy,16666.666666666664,0.16666666666666666,False
2026-06-30 14:50:00+05:30,KOTAKBANK,sell,16666.666666666664,0.16666666666666666,False
2026-06-30 14:50:00+05:30,RELIANCE,sell,16666.666666666664,0.16666666666666666,False
2026-06-30 14:50:00+05:30,SUNPHARMA,buy,16666.666666666664,0.16666666666666666,False
2026-06-30 14:50:00+05:30,TATASTEEL,sell,16666.666666666664,0.16666666666666666,False
2026-06-30 14:55:00+05:30,AXISBANK,buy,16666.666666666664,0.16666666666666666,False
2026-06-30 14:55:00+05:30,BHARTIARTL,sell,16666.666666666664,0.16666666666666666,False
2026-06-30 14:55:00+05:30,HCLTECH,buy,16666.666666666664,0.16666666666666666,False
2026-06-30 14:55:00+05:30,INFY,sell,33333.33333333333,0.3333333333333333,False
2026-06-30 14:55:00+05:30,M&M,sell,16666.666666666664,0.16666666666666666,False
2026-06-30 14:55:00+05:30,RELIANCE,buy,33333.33333333333,0.3333333333333333,False
2026-06-30 15:00:00+05:30,AXISBANK,sell,16666.666666666664,0.16666666666666666,False
2026-06-30 15:00:00+05:30,HCLTECH,sell,16666.666666666664,0.16666666666666666,False
2026-06-30 15:00:00+05:30,INFY,buy,33333.33333333333,0.3333333333333333,False
2026-06-30 15:00:00+05:30,ITC,sell,16666.666666666664,0.16666666666666666,False
2026-06-30 15:00:00+05:30,LT,sell,16666.666666666664,0.16666666666666666,False
2026-06-30 15:00:00+05:30,M&M,buy,16666.666666666664,0.16666666666666666,False
2026-06-30 15:00:00+05:30,MARUTI,buy,16666.666666666664,0.16666666666666666,False
2026-06-30 15:00:00+05:30,RELIANCE,sell,33333.33333333333,0.3333333333333333,False
2026-06-30 15:00:00+05:30,SBIN,buy,16666.666666666664,0.16666666666666666,False
2026-06-30 15:00:00+05:30,TATASTEEL,buy,16666.666666666664,0.16666666666666666,False
2026-06-30 15:05:00+05:30,BHARTIARTL,buy,16666.666666666664,0.16666666666666666,False
2026-06-30 15:05:00+05:30,INFY,sell,16666.666666666664,0.16666666666666666,False
2026-06-30 15:05:00+05:30,ITC,buy,33333.33333333333,0.3333333333333333,False
2026-06-30 15:05:00+05:30,KOTAKBANK,sell,16666.666666666664,0.16666666666666666,False
2026-06-30 15:05:00+05:30,LT,buy,33333.33333333333,0.3333333333333333,False
2026-06-30 15:05:00+05:30,M&M,sell,16666.666666666664,0.16666666666666666,False
2026-06-30 15:05:00+05:30,SBIN,sell,16666.666666666664,0.16666666666666666,False
2026-06-30 15:05:00+05:30,TATASTEEL,sell,16666.666666666664,0.16666666666666666,False
2026-06-30 15:10:00+05:30,BHARTIARTL,sell,16666.666666666664,0.16666666666666666,False
2026-06-30 15:10:00+05:30,HCLTECH,buy,16666.666666666664,0.16666666666666666,False
2026-06-30 15:10:00+05:30,HDFCBANK,buy,16666.666666666664,0.16666666666666666,False
2026-06-30 15:10:00+05:30,ICICIBANK,sell,16666.666666666664,0.16666666666666666,False
2026-06-30 15:10:00+05:30,ITC,sell,33333.33333333333,0.3333333333333333,False
2026-06-30 15:10:00+05:30,LT,sell,16666.666666666664,0.16666666666666666,False
2026-06-30 15:10:00+05:30,M&M,buy,16666.666666666664,0.16666666666666666,False
2026-06-30 15:10:00+05:30,RELIANCE,buy,16666.666666666664,0.16666666666666666,False
2026-06-30 15:10:00+05:30,TATASTEEL,buy,16666.666666666664,0.16666666666666666,False
2026-06-30 15:15:00+05:30,HDFCBANK,sell,16666.666666666664,0.16666666666666666,False
2026-06-30 15:15:00+05:30,ITC,buy,16666.666666666664,0.16666666666666666,False
2026-06-30 15:15:00+05:30,M&M,sell,16666.666666666664,0.16666666666666666,False
2026-06-30 15:15:00+05:30,MARUTI,sell,16666.666666666664,0.16666666666666666,False
2026-06-30 15:15:00+05:30,SUNPHARMA,buy,16666.666666666664,0.16666666666666666,False
2026-06-30 15:15:00+05:30,TATASTEEL,buy,16666.666666666664,0.16666666666666666,False
2026-06-30 15:20:00+05:30,HCLTECH,sell,16666.666666666664,0.16666666666666666,False
2026-06-30 15:20:00+05:30,ICICIBANK,buy,33333.33333333333,0.3333333333333333,False
2026-06-30 15:20:00+05:30,INFY,sell,16666.666666666664,0.16666666666666666,False
2026-06-30 15:20:00+05:30,LT,sell,16666.666666666664,0.16666666666666666,False
2026-06-30 15:20:00+05:30,MARUTI,buy,16666.666666666664,0.16666666666666666,False
2026-06-30 15:20:00+05:30,SBIN,buy,16666.666666666664,0.16666666666666666,False
2026-06-30 15:20:00+05:30,SUNPHARMA,sell,16666.666666666664,0.16666666666666666,False
2026-07-01 14:10:00+05:30,AXISBANK,sell,16666.666666666664,0.16666666666666666,False
2026-07-01 14:10:00+05:30,HCLTECH,buy,16666.666666666664,0.16666666666666666,False
2026-07-01 14:10:00+05:30,INFY,buy,16666.666666666664,0.16666666666666666,False
2026-07-01 14:10:00+05:30,SBIN,sell,16666.666666666664,0.16666666666666666,False
2026-07-01 14:15:00+05:30,AXISBANK,buy,16666.666666666664,0.16666666666666666,False
2026-07-01 14:15:00+05:30,HCLTECH,sell,16666.666666666664,0.16666666666666666,False
2026-07-01 14:15:00+05:30,HDFCBANK,buy,16666.666666666664,0.16666666666666666,False
2026-07-01 14:15:00+05:30,INFY,buy,16666.666666666664,0.16666666666666666,False
2026-07-01 14:15:00+05:30,KOTAKBANK,buy,16666.666666666664,0.16666666666666666,False
2026-07-01 14:15:00+05:30,MARUTI,sell,16666.666666666664,0.16666666666666666,False
2026-07-01 14:15:00+05:30,RELIANCE,sell,16666.666666666664,0.16666666666666666,False
2026-07-01 14:15:00+05:30,TATASTEEL,sell,16666.666666666664,0.16666666666666666,False
2026-07-01 14:20:00+05:30,AXISBANK,buy,16666.666666666664,0.16666666666666666,False
2026-07-01 14:20:00+05:30,BHARTIARTL,sell,16666.666666666664,0.16666666666666666,False
2026-07-01 14:20:00+05:30,HCLTECH,buy,16666.666666666664,0.16666666666666666,False
2026-07-01 14:20:00+05:30,HDFCBANK,sell,16666.666666666664,0.16666666666666666,False
2026-07-01 14:20:00+05:30,ICICIBANK,sell,16666.666666666664,0.16666666666666666,False
2026-07-01 14:20:00+05:30,INFY,sell,16666.666666666664,0.16666666666666666,False
2026-07-01 14:20:00+05:30,LT,buy,33333.33333333333,0.3333333333333333,False
2026-07-01 14:20:00+05:30,RELIANCE,buy,16666.666666666664,0.16666666666666666,False
2026-07-01 14:20:00+05:30,SBIN,sell,16666.666666666664,0.16666666666666666,False
2026-07-01 14:25:00+05:30,AXISBANK,sell,16666.666666666664,0.16666666666666666,False
2026-07-01 14:25:00+05:30,INFY,buy,16666.666666666664,0.16666666666666666,False
2026-07-01 14:25:00+05:30,LT,sell,16666.666666666664,0.16666666666666666,False
2026-07-01 14:25:00+05:30,M&M,buy,16666.666666666664,0.16666666666666666,False
2026-07-01 14:25:00+05:30,MARUTI,buy,16666.666666666664,0.16666666666666666,False
2026-07-01 14:25:00+05:30,RELIANCE,sell,16666.666666666664,0.16666666666666666,False
2026-07-01 14:25:00+05:30,SBIN,buy,16666.666666666664,0.16666666666666666,False
2026-07-01 14:25:00+05:30,TATASTEEL,sell,16666.666666666664,0.16666666666666666,False
2026-07-01 14:30:00+05:30,BHARTIARTL,buy,16666.666666666664,0.16666666666666666,False
2026-07-01 14:30:00+05:30,INFY,sell,16666.666666666664,0.16666666666666666,False
2026-07-01 14:30:00+05:30,ITC,buy,16666.666666666664,0.16666666666666666,False
2026-07-01 14:30:00+05:30,LT,buy,16666.666666666664,0.16666666666666666,False
2026-07-01 14:30:00+05:30,M&M,sell,33333.33333333333,0.3333333333333333,False
2026-07-01 14:30:00+05:30,RELIANCE,buy,16666.666666666664,0.16666666666666666,False
2026-07-01 14:30:00+05:30,SBIN,sell,16666.666666666664,0.16666666666666666,False
2026-07-01 14:35:00+05:30,AXISBANK,buy,16666.666666666664,0.16666666666666666,False
2026-07-01 14:35:00+05:30,HDFCBANK,buy,16666.666666666664,0.16666666666666666,False
2026-07-01 14:35:00+05:30,ITC,sell,33333.33333333333,0.3333333333333333,False
2026-07-01 14:35:00+05:30,KOTAKBANK,sell,16666.666666666664,0.16666666666666666,False
2026-07-01 14:35:00+05:30,LT,sell,16666.666666666664,0.16666666666666666,False
2026-07-01 14:35:00+05:30,M&M,buy,16666.666666666664,0.16666666666666666,False
2026-07-01 14:35:00+05:30,SBIN,buy,16666.666666666664,0.16666666666666666,False
2026-07-01 14:35:00+05:30,SUNPHARMA,sell,16666.666666666664,0.16666666666666666,False
2026-07-01 14:35:00+05:30,TATASTEEL,buy,16666.666666666664,0.16666666666666666,False
2026-07-01 14:40:00+05:30,AXISBANK,sell,16666.666666666664,0.16666666666666666,False
2026-07-01 14:40:00+05:30,HCLTECH,sell,16666.666666666664,0.16666666666666666,False
2026-07-01 14:40:00+05:30,HDFCBANK,sell,16666.666666666664,0.16666666666666666,False
2026-07-01 14:40:00+05:30,ICICIBANK,buy,16666.666666666664,0.16666666666666666,False
2026-07-01 14:40:00+05:30,ITC,buy,33333.33333333333,0.3333333333333333,False
2026-07-01 14:40:00+05:30,M&M,sell,16666.666666666664,0.16666666666666666,False
2026-07-01 14:40:00+05:30,RELIANCE,sell,16666.666666666664,0.16666666666666666,False
2026-07-01 14:40:00+05:30,SUNPHARMA,buy,16666.666666666664,0.16666666666666666,False
2026-07-01 14:40:00+05:30,TATASTEEL,buy,16666.666666666664,0.16666666666666666,False
2026-07-01 14:45:00+05:30,AXISBANK,buy,16666.666666666664,0.16666666666666666,False
2026-07-01 14:45:00+05:30,HDFCBANK,buy,16666.666666666664,0.16666666666666666,False
2026-07-01 14:45:00+05:30,ICICIBANK,sell,16666.666666666664,0.16666666666666666,False
2026-07-01 14:45:00+05:30,INFY,sell,16666.666666666664,0.16666666666666666,False
2026-07-01 14:45:00+05:30,ITC,sell,33333.33333333333,0.3333333333333333,False
2026-07-01 14:45:00+05:30,KOTAKBANK,buy,16666.666666666664,0.16666666666666666,False
2026-07-01 14:45:00+05:30,M&M,buy,16666.666666666664,0.16666666666666666,False
2026-07-01 14:45:00+05:30,RELIANCE,buy,16666.666666666664,0.16666666666666666,False
2026-07-01 14:45:00+05:30,SBIN,sell,16666.666666666664,0.16666666666666666,False
2026-07-01 14:50:00+05:30,AXISBANK,sell,16666.666666666664,0.16666666666666666,False
2026-07-01 14:50:00+05:30,HDFCBANK,sell,16666.666666666664,0.16666666666666666,False
2026-07-01 14:50:00+05:30,ICICIBANK,sell,16666.666666666664,0.16666666666666666,False
2026-07-01 14:50:00+05:30,INFY,buy,16666.666666666664,0.16666666666666666,False
2026-07-01 14:50:00+05:30,ITC,buy,16666.666666666664,0.16666666666666666,False
2026-07-01 14:50:00+05:30,KOTAKBANK,sell,16666.666666666664,0.16666666666666666,False
2026-07-01 14:50:00+05:30,LT,buy,16666.666666666664,0.16666666666666666,False
2026-07-01 14:50:00+05:30,MARUTI,buy,16666.666666666664,0.16666666666666666,False
2026-07-01 14:55:00+05:30,BHARTIARTL,sell,16666.666666666664,0.16666666666666666,False
2026-07-01 14:55:00+05:30,ICICIBANK,buy,16666.666666666664,0.16666666666666666,False
2026-07-01 14:55:00+05:30,KOTAKBANK,buy,16666.666666666664,0.16666666666666666,False
2026-07-01 14:55:00+05:30,M&M,sell,16666.666666666664,0.16666666666666666,False
2026-07-01 14:55:00+05:30,MARUTI,sell,16666.666666666664,0.16666666666666666,False
2026-07-01 14:55:00+05:30,RELIANCE,buy,16666.666666666664,0.16666666666666666,False
2026-07-01 15:00:00+05:30,HCLTECH,buy,16666.666666666664,0.16666666666666666,False
2026-07-01 15:00:00+05:30,HDFCBANK,buy,16666.666666666664,0.16666666666666666,False
2026-07-01 15:00:00+05:30,LT,sell,16666.666666666664,0.16666666666666666,False
2026-07-01 15:00:00+05:30,M&M,buy,16666.666666666664,0.16666666666666666,False
2026-07-01 15:00:00+05:30,MARUTI,sell,16666.666666666664,0.16666666666666666,False
2026-07-01 15:00:00+05:30,RELIANCE,sell,16666.666666666664,0.16666666666666666,False
2026-07-01 15:00:00+05:30,SUNPHARMA,buy,16666.666666666664,0.16666666666666666,False
2026-07-01 15:00:00+05:30,TATASTEEL,sell,16666.666666666664,0.16666666666666666,False
2026-07-01 15:05:00+05:30,BHARTIARTL,buy,33333.33333333333,0.3333333333333333,False
2026-07-01 15:05:00+05:30,HDFCBANK,sell,16666.666666666664,0.16666666666666666,False
2026-07-01 15:05:00+05:30,KOTAKBANK,sell,16666.666666666664,0.16666666666666666,False
2026-07-01 15:05:00+05:30,MARUTI,buy,16666.666666666664,0.16666666666666666,False
2026-07-01 15:05:00+05:30,RELIANCE,sell,16666.666666666664,0.16666666666666666,False
2026-07-01 15:05:00+05:30,SBIN,buy,16666.666666666664,0.16666666666666666,False
2026-07-01 15:05:00+05:30,SUNPHARMA,sell,33333.33333333333,0.3333333333333333,False
2026-07-01 15:05:00+05:30,TATASTEEL,buy,16666.666666666664,0.16666666666666666,False
2026-07-01 15:10:00+05:30,HCLTECH,sell,16666.666666666664,0.16666666666666666,False
2026-07-01 15:10:00+05:30,ICICIBANK,buy,16666.666666666664,0.16666666666666666,False
2026-07-01 15:10:00+05:30,ITC,sell,16666.666666666664,0.16666666666666666,False
2026-07-01 15:10:00+05:30,KOTAKBANK,buy,16666.666666666664,0.16666666666666666,False
2026-07-01 15:10:00+05:30,LT,sell,16666.666666666664,0.16666666666666666,False
2026-07-01 15:10:00+05:30,MARUTI,sell,16666.666666666664,0.16666666666666666,False
2026-07-01 15:10:00+05:30,RELIANCE,buy,33333.33333333333,0.3333333333333333,False
2026-07-01 15:10:00+05:30,SUNPHARMA,buy,16666.666666666664,0.16666666666666666,False
2026-07-01 15:10:00+05:30,TATASTEEL,sell,16666.666666666664,0.16666666666666666,False
2026-07-01 15:15:00+05:30,BHARTIARTL,sell,33333.33333333333,0.3333333333333333,False
2026-07-01 15:15:00+05:30,ICICIBANK,sell,16666.666666666664,0.16666666666666666,False
2026-07-01 15:15:00+05:30,INFY,buy,16666.666666666664,0.16666666666666666,False
2026-07-01 15:15:00+05:30,ITC,buy,16666.666666666664,0.16666666666666666,False
2026-07-01 15:15:00+05:30,M&M,sell,16666.666666666664,0.16666666666666666,False
2026-07-01 15:15:00+05:30,MARUTI,buy,16666.666666666664,0.16666666666666666,False
2026-07-01 15:15:00+05:30,SBIN,buy,16666.666666666664,0.16666666666666666,False
2026-07-01 15:20:00+05:30,BHARTIARTL,buy,16666.666666666664,0.16666666666666666,False
2026-07-01 15:20:00+05:30,HCLTECH,buy,16666.666666666664,0.16666666666666666,False
2026-07-01 15:20:00+05:30,ICICIBANK,sell,16666.666666666664,0.16666666666666666,False
2026-07-01 15:20:00+05:30,INFY,sell,16666.666666666664,0.16666666666666666,False
2026-07-01 15:20:00+05:30,KOTAKBANK,sell,16666.666666666664,0.16666666666666666,False
2026-07-01 15:20:00+05:30,LT,buy,16666.666666666664,0.16666666666666666,False
2026-07-01 15:20:00+05:30,M&M,buy,33333.33333333333,0.3333333333333333,False
2026-07-01 15:20:00+05:30,MARUTI,buy,16666.666666666664,0.16666666666666666,False
2026-07-01 15:20:00+05:30,RELIANCE,sell,33333.33333333333,0.3333333333333333,False
2026-07-01 15:20:00+05:30,SBIN,sell,16666.666666666664,0.16666666666666666,False
2026-07-02 14:10:00+05:30,AXISBANK,buy,16666.666666666664,0.16666666666666666,False
2026-07-02 14:10:00+05:30,BHARTIARTL,sell,16666.666666666664,0.16666666666666666,False
2026-07-02 14:10:00+05:30,HCLTECH,sell,33333.33333333333,0.3333333333333333,False
2026-07-02 14:10:00+05:30,ICICIBANK,buy,16666.666666666664,0.16666666666666666,False
2026-07-02 14:10:00+05:30,M&M,sell,16666.666666666664,0.16666666666666666,False
2026-07-02 14:10:00+05:30,MARUTI,sell,16666.666666666664,0.16666666666666666,False
2026-07-02 14:10:00+05:30,RELIANCE,buy,16666.666666666664,0.16666666666666666,False
2026-07-02 14:10:00+05:30,SBIN,buy,16666.666666666664,0.16666666666666666,False
2026-07-02 14:10:00+05:30,SUNPHARMA,buy,16666.666666666664,0.16666666666666666,False
2026-07-02 14:15:00+05:30,AXISBANK,sell,16666.666666666664,0.16666666666666666,False
2026-07-02 14:15:00+05:30,HCLTECH,buy,33333.33333333333,0.3333333333333333,False
2026-07-02 14:15:00+05:30,ITC,sell,16666.666666666664,0.16666666666666666,False
2026-07-02 14:15:00+05:30,KOTAKBANK,buy,16666.666666666664,0.16666666666666666,False
2026-07-02 14:15:00+05:30,LT,buy,16666.666666666664,0.16666666666666666,False
2026-07-02 14:15:00+05:30,M&M,sell,16666.666666666664,0.16666666666666666,False
2026-07-02 14:15:00+05:30,RELIANCE,buy,16666.666666666664,0.16666666666666666,False
2026-07-02 14:15:00+05:30,SBIN,sell,16666.666666666664,0.16666666666666666,False
2026-07-02 14:15:00+05:30,SUNPHARMA,sell,16666.666666666664,0.16666666666666666,False
2026-07-02 14:20:00+05:30,BHARTIARTL,buy,16666.666666666664,0.16666666666666666,False
2026-07-02 14:20:00+05:30,HCLTECH,sell,16666.666666666664,0.16666666666666666,False
2026-07-02 14:20:00+05:30,LT,sell,33333.33333333333,0.3333333333333333,False
2026-07-02 14:20:00+05:30,SUNPHARMA,buy,16666.666666666664,0.16666666666666666,False
2026-07-02 14:20:00+05:30,TATASTEEL,buy,16666.666666666664,0.16666666666666666,False
2026-07-02 14:25:00+05:30,BHARTIARTL,sell,16666.666666666664,0.16666666666666666,False
2026-07-02 14:25:00+05:30,HCLTECH,buy,16666.666666666664,0.16666666666666666,False
2026-07-02 14:25:00+05:30,HDFCBANK,buy,16666.666666666664,0.16666666666666666,False
2026-07-02 14:25:00+05:30,ITC,buy,16666.666666666664,0.16666666666666666,False
2026-07-02 14:25:00+05:30,KOTAKBANK,buy,16666.666666666664,0.16666666666666666,False
2026-07-02 14:25:00+05:30,LT,buy,16666.666666666664,0.16666666666666666,False
2026-07-02 14:25:00+05:30,M&M,buy,16666.666666666664,0.16666666666666666,False
2026-07-02 14:25:00+05:30,MARUTI,sell,16666.666666666664,0.16666666666666666,False
2026-07-02 14:25:00+05:30,RELIANCE,sell,16666.666666666664,0.16666666666666666,False
2026-07-02 14:25:00+05:30,SBIN,sell,16666.666666666664,0.16666666666666666,False
2026-07-02 14:25:00+05:30,SUNPHARMA,sell,16666.666666666664,0.16666666666666666,False
2026-07-02 14:25:00+05:30,TATASTEEL,sell,16666.666666666664,0.16666666666666666,False
2026-07-02 14:30:00+05:30,BHARTIARTL,buy,16666.666666666664,0.16666666666666666,False
2026-07-02 14:30:00+05:30,HDFCBANK,sell,16666.666666666664,0.16666666666666666,False
2026-07-02 14:30:00+05:30,ITC,sell,16666.666666666664,0.16666666666666666,False
2026-07-02 14:30:00+05:30,LT,sell,16666.666666666664,0.16666666666666666,False
2026-07-02 14:30:00+05:30,MARUTI,buy,33333.33333333333,0.3333333333333333,False
2026-07-02 14:30:00+05:30,SBIN,buy,16666.666666666664,0.16666666666666666,False
2026-07-02 14:30:00+05:30,TATASTEEL,sell,16666.666666666664,0.16666666666666666,False
2026-07-02 14:35:00+05:30,HCLTECH,sell,16666.666666666664,0.16666666666666666,False
2026-07-02 14:35:00+05:30,HDFCBANK,buy,16666.666666666664,0.16666666666666666,False
2026-07-02 14:35:00+05:30,ICICIBANK,sell,16666.666666666664,0.16666666666666666,False
2026-07-02 14:35:00+05:30,KOTAKBANK,sell,16666.666666666664,0.16666666666666666,False
2026-07-02 14:35:00+05:30,LT,buy,16666.666666666664,0.16666666666666666,False
2026-07-02 14:35:00+05:30,M&M,buy,16666.666666666664,0.16666666666666666,False
2026-07-02 14:35:00+05:30,MARUTI,sell,16666.666666666664,0.16666666666666666,False
2026-07-02 14:35:00+05:30,RELIANCE,buy,16666.666666666664,0.16666666666666666,False
2026-07-02 14:40:00+05:30,ICICIBANK,buy,16666.666666666664,0.16666666666666666,False
2026-07-02 14:40:00+05:30,INFY,sell,16666.666666666664,0.16666666666666666,False
2026-07-02 14:40:00+05:30,ITC,buy,16666.666666666664,0.16666666666666666,False
2026-07-02 14:40:00+05:30,KOTAKBANK,buy,16666.666666666664,0.16666666666666666,False
2026-07-02 14:40:00+05:30,LT,buy,16666.666666666664,0.16666666666666666,False
2026-07-02 14:40:00+05:30,M&M,sell,33333.33333333333,0.3333333333333333,False
2026-07-02 14:40:00+05:30,MARUTI,sell,16666.666666666664,0.16666666666666666,False
2026-07-02 14:40:00+05:30,RELIANCE,sell,16666.666666666664,0.16666666666666666,False
2026-07-02 14:40:00+05:30,TATASTEEL,buy,16666.666666666664,0.16666666666666666,False
2026-07-02 14:45:00+05:30,INFY,buy,16666.666666666664,0.16666666666666666,False
2026-07-02 14:45:00+05:30,KOTAKBANK,sell,16666.666666666664,0.16666666666666666,False
2026-07-02 14:45:00+05:30,LT,sell,33333.33333333333,0.3333333333333333,False
2026-07-02 14:45:00+05:30,MARUTI,buy,16666.666666666664,0.16666666666666666,False
2026-07-02 14:45:00+05:30,RELIANCE,buy,16666.666666666664,0.16666666666666666,False
2026-07-02 14:45:00+05:30,SBIN,sell,16666.666666666664,0.16666666666666666,False
2026-07-02 14:45:00+05:30,SUNPHARMA,buy,16666.666666666664,0.16666666666666666,False
2026-07-02 14:50:00+05:30,HDFCBANK,sell,16666.666666666664,0.16666666666666666,False
2026-07-02 14:50:00+05:30,INFY,buy,16666.666666666664,0.16666666666666666,False
2026-07-02 14:50:00+05:30,KOTAKBANK,sell,16666.666666666664,0.16666666666666666,False
2026-07-02 14:50:00+05:30,SBIN,buy,33333.33333333333,0.3333333333333333,False
2026-07-02 14:50:00+05:30,SUNPHARMA,sell,16666.666666666664,0.16666666666666666,False
2026-07-02 14:55:00+05:30,BHARTIARTL,sell,16666.666666666664,0.16666666666666666,False
2026-07-02 14:55:00+05:30,HCLTECH,buy,16666.666666666664,0.16666666666666666,False
2026-07-02 14:55:00+05:30,KOTAKBANK,buy,16666.666666666664,0.16666666666666666,False
2026-07-02 14:55:00+05:30,LT,buy,16666.666666666664,0.16666666666666666,False
2026-07-02 14:55:00+05:30,SBIN,sell,16666.666666666664,0.16666666666666666,False
2026-07-02 14:55:00+05:30,TATASTEEL,sell,16666.666666666664,0.16666666666666666,False
2026-07-02 15:00:00+05:30,BHARTIARTL,buy,16666.666666666664,0.16666666666666666,False
2026-07-02 15:00:00+05:30,INFY,sell,33333.33333333333,0.3333333333333333,False
2026-07-02 15:00:00+05:30,KOTAKBANK,sell,16666.666666666664,0.16666666666666666,False
2026-07-02 15:00:00+05:30,M&M,buy,16666.666666666664,0.16666666666666666,False
2026-07-02 15:00:00+05:30,MARUTI,buy,16666.666666666664,0.16666666666666666,False
2026-07-02 15:00:00+05:30,RELIANCE,sell,16666.666666666664,0.16666666666666666,False
2026-07-02 15:00:00+05:30,SUNPHARMA,buy,16666.666666666664,0.16666666666666666,False
2026-07-02 15:05:00+05:30,AXISBANK,sell,16666.666666666664,0.16666666666666666,False
2026-07-02 15:05:00+05:30,HCLTECH,sell,16666.666666666664,0.16666666666666666,False
2026-07-02 15:05:00+05:30,HDFCBANK,buy,16666.666666666664,0.16666666666666666,False
2026-07-02 15:05:00+05:30,ICICIBANK,buy,16666.666666666664,0.16666666666666666,False
2026-07-02 15:05:00+05:30,INFY,buy,16666.666666666664,0.16666666666666666,False
2026-07-02 15:05:00+05:30,ITC,sell,16666.666666666664,0.16666666666666666,False
2026-07-02 15:05:00+05:30,KOTAKBANK,buy,16666.666666666664,0.16666666666666666,False
2026-07-02 15:05:00+05:30,M&M,sell,16666.666666666664,0.16666666666666666,False
2026-07-02 15:05:00+05:30,MARUTI,sell,16666.666666666664,0.16666666666666666,False
2026-07-02 15:05:00+05:30,RELIANCE,buy,16666.666666666664,0.16666666666666666,False
2026-07-02 15:05:00+05:30,SUNPHARMA,sell,16666.666666666664,0.16666666666666666,False
2026-07-02 15:05:00+05:30,TATASTEEL,buy,16666.666666666664,0.16666666666666666,False
2026-07-02 15:10:00+05:30,AXISBANK,buy,33333.33333333333,0.3333333333333333,False
2026-07-02 15:10:00+05:30,HDFCBANK,sell,16666.666666666664,0.16666666666666666,False
2026-07-02 15:10:00+05:30,ICICIBANK,sell,16666.666666666664,0.16666666666666666,False
2026-07-02 15:10:00+05:30,LT,sell,16666.666666666664,0.16666666666666666,False
2026-07-02 15:10:00+05:30,RELIANCE,sell,16666.666666666664,0.16666666666666666,False
2026-07-02 15:10:00+05:30,SBIN,buy,16666.666666666664,0.16666666666666666,False
2026-07-02 15:10:00+05:30,SUNPHARMA,buy,16666.666666666664,0.16666666666666666,False
2026-07-02 15:15:00+05:30,HCLTECH,sell,16666.666666666664,0.16666666666666666,False
2026-07-02 15:15:00+05:30,INFY,sell,16666.666666666664,0.16666666666666666,False
2026-07-02 15:15:00+05:30,ITC,buy,16666.666666666664,0.16666666666666666,False
2026-07-02 15:15:00+05:30,KOTAKBANK,buy,16666.666666666664,0.16666666666666666,False
2026-07-02 15:15:00+05:30,LT,buy,16666.666666666664,0.16666666666666666,False
2026-07-02 15:15:00+05:30,SBIN,sell,16666.666666666664,0.16666666666666666,False
2026-07-02 15:20:00+05:30,ITC,buy,16666.666666666664,0.16666666666666666,False
2026-07-02 15:20:00+05:30,KOTAKBANK,sell,16666.666666666664,0.16666666666666666,False
2026-07-02 15:20:00+05:30,SBIN,buy,16666.666666666664,0.16666666666666666,False
2026-07-02 15:20:00+05:30,SUNPHARMA,sell,16666.666666666664,0.16666666666666666,False
2026-07-03 14:10:00+05:30,BHARTIARTL,sell,16666.666666666664,0.16666666666666666,False
2026-07-03 14:10:00+05:30,HCLTECH,buy,16666.666666666664,0.16666666666666666,False
2026-07-03 14:10:00+05:30,ICICIBANK,sell,16666.666666666664,0.16666666666666666,False
2026-07-03 14:10:00+05:30,INFY,buy,16666.666666666664,0.16666666666666666,False
2026-07-03 14:10:00+05:30,M&M,buy,33333.33333333333,0.3333333333333333,False
2026-07-03 14:10:00+05:30,SBIN,sell,33333.33333333333,0.3333333333333333,False
2026-07-03 14:15:00+05:30,BHARTIARTL,buy,16666.666666666664,0.16666666666666666,False
2026-07-03 14:15:00+05:30,HCLTECH,sell,16666.666666666664,0.16666666666666666,False
2026-07-03 14:15:00+05:30,ICICIBANK,buy,16666.666666666664,0.16666666666666666,False
2026-07-03 14:15:00+05:30,ITC,sell,16666.666666666664,0.16666666666666666,False
2026-07-03 14:15:00+05:30,LT,buy,16666.666666666664,0.16666666666666666,False
2026-07-03 14:15:00+05:30,M&M,sell,33333.33333333333,0.3333333333333333,False
2026-07-03 14:15:00+05:30,MARUTI,buy,16666.666666666664,0.16666666666666666,False
2026-07-03 14:15:00+05:30,RELIANCE,sell,16666.666666666664,0.16666666666666666,False
2026-07-03 14:15:00+05:30,SBIN,buy,16666.666666666664,0.16666666666666666,False
2026-07-03 14:20:00+05:30,AXISBANK,sell,16666.666666666664,0.16666666666666666,False
2026-07-03 14:20:00+05:30,BHARTIARTL,sell,16666.666666666664,0.16666666666666666,False
2026-07-03 14:20:00+05:30,HCLTECH,buy,16666.666666666664,0.16666666666666666,False
2026-07-03 14:20:00+05:30,INFY,sell,16666.666666666664,0.16666666666666666,False
2026-07-03 14:20:00+05:30,ITC,buy,16666.666666666664,0.16666666666666666,False
2026-07-03 14:20:00+05:30,LT,sell,16666.666666666664,0.16666666666666666,False
2026-07-03 14:20:00+05:30,M&M,buy,16666.666666666664,0.16666666666666666,False
2026-07-03 14:20:00+05:30,RELIANCE,buy,16666.666666666664,0.16666666666666666,False
2026-07-03 14:20:00+05:30,SBIN,sell,16666.666666666664,0.16666666666666666,False
2026-07-03 14:20:00+05:30,SUNPHARMA,buy,16666.666666666664,0.16666666666666666,False
2026-07-03 14:25:00+05:30,AXISBANK,buy,16666.666666666664,0.16666666666666666,False
2026-07-03 14:25:00+05:30,BHARTIARTL,buy,16666.666666666664,0.16666666666666666,False
2026-07-03 14:25:00+05:30,HDFCBANK,sell,16666.666666666664,0.16666666666666666,False
2026-07-03 14:25:00+05:30,INFY,buy,16666.666666666664,0.16666666666666666,False
2026-07-03 14:25:00+05:30,ITC,sell,16666.666666666664,0.16666666666666666,False
2026-07-03 14:25:00+05:30,MARUTI,sell,33333.33333333333,0.3333333333333333,False
2026-07-03 14:25:00+05:30,RELIANCE,buy,16666.666666666664,0.16666666666666666,False
2026-07-03 14:30:00+05:30,AXISBANK,sell,16666.666666666664,0.16666666666666666,False
2026-07-03 14:30:00+05:30,INFY,buy,16666.666666666664,0.16666666666666666,False
2026-07-03 14:30:00+05:30,ITC,sell,16666.666666666664,0.16666666666666666,False
2026-07-03 14:30:00+05:30,KOTAKBANK,sell,16666.666666666664,0.16666666666666666,False
2026-07-03 14:30:00+05:30,M&M,buy,16666.666666666664,0.16666666666666666,False
2026-07-03 14:30:00+05:30,MARUTI,buy,16666.666666666664,0.16666666666666666,False
2026-07-03 14:30:00+05:30,SBIN,buy,16666.666666666664,0.16666666666666666,False
2026-07-03 14:30:00+05:30,SUNPHARMA,sell,16666.666666666664,0.16666666666666666,False
2026-07-03 14:35:00+05:30,AXISBANK,buy,16666.666666666664,0.16666666666666666,False
2026-07-03 14:35:00+05:30,ICICIBANK,sell,16666.666666666664,0.16666666666666666,False
2026-07-03 14:35:00+05:30,INFY,sell,16666.666666666664,0.16666666666666666,False
2026-07-03 14:35:00+05:30,ITC,buy,16666.666666666664,0.16666666666666666,False
2026-07-03 14:35:00+05:30,KOTAKBANK,buy,16666.666666666664,0.16666666666666666,False
2026-07-03 14:35:00+05:30,MARUTI,buy,16666.666666666664,0.16666666666666666,False
2026-07-03 14:35:00+05:30,RELIANCE,sell,16666.666666666664,0.16666666666666666,False
2026-07-03 14:35:00+05:30,SUNPHARMA,sell,16666.666666666664,0.16666666666666666,False
2026-07-03 14:40:00+05:30,AXISBANK,sell,33333.33333333333,0.3333333333333333,False
2026-07-03 14:40:00+05:30,ICICIBANK,buy,16666.666666666664,0.16666666666666666,False
2026-07-03 14:40:00+05:30,ITC,buy,16666.666666666664,0.16666666666666666,False
2026-07-03 14:40:00+05:30,KOTAKBANK,buy,16666.666666666664,0.16666666666666666,False
2026-07-03 14:40:00+05:30,LT,sell,16666.666666666664,0.16666666666666666,False
2026-07-03 14:40:00+05:30,M&M,sell,16666.666666666664,0.16666666666666666,False
2026-07-03 14:40:00+05:30,SUNPHARMA,buy,16666.666666666664,0.16666666666666666,False
2026-07-03 14:45:00+05:30,AXISBANK,buy,16666.666666666664,0.16666666666666666,False
2026-07-03 14:45:00+05:30,HCLTECH,sell,16666.666666666664,0.16666666666666666,False
2026-07-03 14:45:00+05:30,HDFCBANK,buy,33333.33333333333,0.3333333333333333,False
2026-07-03 14:45:00+05:30,ITC,sell,16666.666666666664,0.16666666666666666,False
2026-07-03 14:45:00+05:30,KOTAKBANK,sell,33333.33333333333,0.3333333333333333,False
2026-07-03 14:45:00+05:30,LT,buy,16666.666666666664,0.16666666666666666,False
2026-07-03 14:45:00+05:30,MARUTI,sell,16666.666666666664,0.16666666666666666,False
2026-07-03 14:45:00+05:30,RELIANCE,buy,16666.666666666664,0.16666666666666666,False
2026-07-03 14:45:00+05:30,SBIN,sell,16666.666666666664,0.16666666666666666,False
2026-07-03 14:45:00+05:30,SUNPHARMA,buy,16666.666666666664,0.16666666666666666,False
2026-07-03 14:50:00+05:30,BHARTIARTL,sell,16666.666666666664,0.16666666666666666,False
2026-07-03 14:50:00+05:30,KOTAKBANK,buy,33333.33333333333,0.3333333333333333,False
2026-07-03 14:50:00+05:30,RELIANCE,sell,16666.666666666664,0.16666666666666666,False
2026-07-03 14:55:00+05:30,AXISBANK,buy,16666.666666666664,0.16666666666666666,False
2026-07-03 14:55:00+05:30,HCLTECH,buy,16666.666666666664,0.16666666666666666,False
2026-07-03 14:55:00+05:30,HDFCBANK,sell,33333.33333333333,0.3333333333333333,False
2026-07-03 14:55:00+05:30,KOTAKBANK,sell,33333.33333333333,0.3333333333333333,False
2026-07-03 14:55:00+05:30,SBIN,buy,33333.33333333333,0.3333333333333333,False
2026-07-03 15:00:00+05:30,BHARTIARTL,buy,16666.666666666664,0.16666666666666666,False
2026-07-03 15:00:00+05:30,HDFCBANK,buy,33333.33333333333,0.3333333333333333,False
2026-07-03 15:00:00+05:30,ICICIBANK,buy,16666.666666666664,0.16666666666666666,False
2026-07-03 15:00:00+05:30,ITC,sell,16666.666666666664,0.16666666666666666,False
2026-07-03 15:00:00+05:30,KOTAKBANK,buy,16666.666666666664,0.16666666666666666,False
2026-07-03 15:00:00+05:30,RELIANCE,sell,16666.666666666664,0.16666666666666666,False
2026-07-03 15:00:00+05:30,SBIN,sell,16666.666666666664,0.16666666666666666,False
2026-07-03 15:00:00+05:30,SUNPHARMA,sell,33333.33333333333,0.3333333333333333,False
2026-07-03 15:05:00+05:30,HDFCBANK,sell,16666.666666666664,0.16666666666666666,False
2026-07-03 15:05:00+05:30,ICICIBANK,sell,33333.33333333333,0.3333333333333333,False
2026-07-03 15:05:00+05:30,INFY,buy,16666.666666666664,0.16666666666666666,False
2026-07-03 15:05:00+05:30,ITC,buy,16666.666666666664,0.16666666666666666,False
2026-07-03 15:05:00+05:30,KOTAKBANK,sell,16666.666666666664,0.16666666666666666,False
2026-07-03 15:05:00+05:30,M&M,buy,16666.666666666664,0.16666666666666666,False
2026-07-03 15:05:00+05:30,MARUTI,sell,16666.666666666664,0.16666666666666666,False
2026-07-03 15:05:00+05:30,RELIANCE,buy,16666.666666666664,0.16666666666666666,False
2026-07-03 15:05:00+05:30,SUNPHARMA,buy,16666.666666666664,0.16666666666666666,False
2026-07-03 15:10:00+05:30,AXISBANK,sell,16666.666666666664,0.16666666666666666,False
2026-07-03 15:10:00+05:30,HCLTECH,buy,16666.666666666664,0.16666666666666666,False
2026-07-03 15:10:00+05:30,ICICIBANK,buy,33333.33333333333,0.3333333333333333,False
2026-07-03 15:10:00+05:30,INFY,sell,16666.666666666664,0.16666666666666666,False
2026-07-03 15:10:00+05:30,LT,buy,16666.666666666664,0.16666666666666666,False
2026-07-03 15:10:00+05:30,M&M,sell,33333.33333333333,0.3333333333333333,False
2026-07-03 15:10:00+05:30,MARUTI,buy,16666.666666666664,0.16666666666666666,False
2026-07-03 15:10:00+05:30,SBIN,sell,16666.666666666664,0.16666666666666666,False
2026-07-03 15:15:00+05:30,BHARTIARTL,buy,16666.666666666664,0.16666666666666666,False
2026-07-03 15:15:00+05:30,ICICIBANK,sell,16666.666666666664,0.16666666666666666,False
2026-07-03 15:15:00+05:30,KOTAKBANK,buy,16666.666666666664,0.16666666666666666,False
2026-07-03 15:15:00+05:30,LT,sell,16666.666666666664,0.16666666666666666,False
2026-07-03 15:15:00+05:30,M&M,buy,16666.666666666664,0.16666666666666666,False
2026-07-03 15:15:00+05:30,MARUTI,sell,16666.666666666664,0.16666666666666666,False
2026-07-03 15:15:00+05:30,RELIANCE,sell,16666.666666666664,0.16666666666666666,False
2026-07-03 15:15:00+05:30,SBIN,buy,33333.33333333333,0.3333333333333333,False
2026-07-03 15:15:00+05:30,SUNPHARMA,sell,16666.666666666664,0.16666666666666666,False
2026-07-03 15:20:00+05:30,BHARTIARTL,sell,16666.666666666664,0.16666666666666666,False
2026-07-03 15:20:00+05:30,KOTAKBANK,sell,16666.666666666664,0.16666666666666666,False
2026-07-03 15:20:00+05:30,LT,buy,16666.666666666664,0.16666666666666666,False
2026-07-03 15:20:00+05:30,MARUTI,buy,33333.33333333333,0.3333333333333333,False
2026-07-03 15:20:00+05:30,RELIANCE,buy,16666.666666666664,0.16666666666666666,False
2026-07-03 15:20:00+05:30,SBIN,sell,33333.33333333333,0.3333333333333333,False
2026-07-03 15:20:00+05:30,SUNPHARMA,buy,16666.666666666664,0.16666666666666666,False
2026-07-03 15:20:00+05:30,TATASTEEL,sell,16666.666666666664,0.16666666666666666,False
2026-07-06 14:10:00+05:30,AXISBANK,buy,16666.666666666664,0.16666666666666666,False
2026-07-06 14:10:00+05:30,BHARTIARTL,buy,16666.666666666664,0.16666666666666666,False
2026-07-06 14:10:00+05:30,HCLTECH,sell,16666.666666666664,0.16666666666666666,False
2026-07-06 14:10:00+05:30,INFY,buy,16666.666666666664,0.16666666666666666,False
2026-07-06 14:10:00+05:30,KOTAKBANK,buy,16666.666666666664,0.16666666666666666,False
2026-07-06 14:10:00+05:30,LT,sell,33333.33333333333,0.3333333333333333,False
2026-07-06 14:10:00+05:30,MARUTI,sell,33333.33333333333,0.3333333333333333,False
2026-07-06 14:10:00+05:30,TATASTEEL,buy,16666.666666666664,0.16666666666666666,False
2026-07-06 14:15:00+05:30,BHARTIARTL,sell,33333.33333333333,0.3333333333333333,False
2026-07-06 14:15:00+05:30,HDFCBANK,sell,16666.666666666664,0.16666666666666666,False
2026-07-06 14:15:00+05:30,ICICIBANK,sell,16666.666666666664,0.16666666666666666,False
2026-07-06 14:15:00+05:30,INFY,sell,16666.666666666664,0.16666666666666666,False
2026-07-06 14:15:00+05:30,KOTAKBANK,buy,16666.666666666664,0.16666666666666666,False
2026-07-06 14:15:00+05:30,LT,buy,16666.666666666664,0.16666666666666666,False
2026-07-06 14:15:00+05:30,MARUTI,buy,33333.33333333333,0.3333333333333333,False
2026-07-06 14:15:00+05:30,SBIN,buy,16666.666666666664,0.16666666666666666,False
2026-07-06 14:20:00+05:30,BHARTIARTL,buy,16666.666666666664,0.16666666666666666,False
2026-07-06 14:20:00+05:30,HCLTECH,buy,16666.666666666664,0.16666666666666666,False
2026-07-06 14:20:00+05:30,ICICIBANK,buy,16666.666666666664,0.16666666666666666,False
2026-07-06 14:20:00+05:30,KOTAKBANK,sell,16666.666666666664,0.16666666666666666,False
2026-07-06 14:20:00+05:30,M&M,sell,16666.666666666664,0.16666666666666666,False
2026-07-06 14:20:00+05:30,MARUTI,sell,16666.666666666664,0.16666666666666666,False
2026-07-06 14:20:00+05:30,SBIN,buy,16666.666666666664,0.16666666666666666,False
2026-07-06 14:20:00+05:30,TATASTEEL,sell,16666.666666666664,0.16666666666666666,False
2026-07-06 14:25:00+05:30,AXISBANK,sell,16666.666666666664,0.16666666666666666,False
2026-07-06 14:25:00+05:30,INFY,buy,16666.666666666664,0.16666666666666666,False
2026-07-06 14:25:00+05:30,SUNPHARMA,sell,16666.666666666664,0.16666666666666666,False
2026-07-06 14:25:00+05:30,TATASTEEL,buy,16666.666666666664,0.16666666666666666,False
2026-07-06 14:30:00+05:30,BHARTIARTL,sell,16666.666666666664,0.16666666666666666,False
2026-07-06 14:30:00+05:30,INFY,sell,16666.666666666664,0.16666666666666666,False
2026-07-06 14:30:00+05:30,ITC,buy,16666.666666666664,0.16666666666666666,False
2026-07-06 14:30:00+05:30,KOTAKBANK,sell,16666.666666666664,0.16666666666666666,False
2026-07-06 14:30:00+05:30,M&M,buy,16666.666666666664,0.16666666666666666,False
2026-07-06 14:30:00+05:30,SUNPHARMA,buy,16666.666666666664,0.16666666666666666,False
2026-07-06 14:35:00+05:30,HCLTECH,sell,16666.666666666664,0.16666666666666666,False
2026-07-06 14:35:00+05:30,ICICIBANK,buy,16666.666666666664,0.16666666666666666,False
2026-07-06 14:35:00+05:30,INFY,buy,16666.666666666664,0.16666666666666666,False
2026-07-06 14:35:00+05:30,ITC,sell,16666.666666666664,0.16666666666666666,False
2026-07-06 14:35:00+05:30,KOTAKBANK,buy,16666.666666666664,0.16666666666666666,False
2026-07-06 14:35:00+05:30,M&M,sell,16666.666666666664,0.16666666666666666,False
2026-07-06 14:35:00+05:30,SBIN,sell,16666.666666666664,0.16666666666666666,False
2026-07-06 14:35:00+05:30,SUNPHARMA,buy,16666.666666666664,0.16666666666666666,False
2026-07-06 14:40:00+05:30,AXISBANK,buy,16666.666666666664,0.16666666666666666,False
2026-07-06 14:40:00+05:30,BHARTIARTL,buy,33333.33333333333,0.3333333333333333,False
2026-07-06 14:40:00+05:30,HCLTECH,buy,16666.666666666664,0.16666666666666666,False
2026-07-06 14:40:00+05:30,HDFCBANK,buy,16666.666666666664,0.16666666666666666,False
2026-07-06 14:40:00+05:30,ICICIBANK,sell,16666.666666666664,0.16666666666666666,False
2026-07-06 14:40:00+05:30,INFY,sell,33333.33333333333,0.3333333333333333,False
2026-07-06 14:40:00+05:30,LT,sell,16666.666666666664,0.16666666666666666,False
2026-07-06 14:40:00+05:30,M&M,buy,16666.666666666664,0.16666666666666666,False
2026-07-06 14:40:00+05:30,SUNPHARMA,sell,33333.33333333333,0.3333333333333333,False
2026-07-06 14:45:00+05:30,AXISBANK,sell,16666.666666666664,0.16666666666666666,False
2026-07-06 14:45:00+05:30,BHARTIARTL,sell,16666.666666666664,0.16666666666666666,False
2026-07-06 14:45:00+05:30,HCLTECH,sell,33333.33333333333,0.3333333333333333,False
2026-07-06 14:45:00+05:30,INFY,buy,16666.666666666664,0.16666666666666666,False
2026-07-06 14:45:00+05:30,ITC,sell,16666.666666666664,0.16666666666666666,False
2026-07-06 14:45:00+05:30,KOTAKBANK,buy,16666.666666666664,0.16666666666666666,False
2026-07-06 14:45:00+05:30,LT,buy,16666.666666666664,0.16666666666666666,False
2026-07-06 14:45:00+05:30,MARUTI,sell,16666.666666666664,0.16666666666666666,False
2026-07-06 14:45:00+05:30,RELIANCE,buy,16666.666666666664,0.16666666666666666,False
2026-07-06 14:45:00+05:30,SBIN,buy,16666.666666666664,0.16666666666666666,False
2026-07-06 14:45:00+05:30,SUNPHARMA,buy,16666.666666666664,0.16666666666666666,False
2026-07-06 14:50:00+05:30,AXISBANK,buy,16666.666666666664,0.16666666666666666,False
2026-07-06 14:50:00+05:30,HCLTECH,buy,16666.666666666664,0.16666666666666666,False
2026-07-06 14:50:00+05:30,INFY,sell,16666.666666666664,0.16666666666666666,False
2026-07-06 14:50:00+05:30,LT,buy,16666.666666666664,0.16666666666666666,False
2026-07-06 14:50:00+05:30,M&M,sell,16666.666666666664,0.16666666666666666,False
2026-07-06 14:50:00+05:30,MARUTI,buy,16666.666666666664,0.16666666666666666,False
2026-07-06 14:50:00+05:30,RELIANCE,sell,16666.666666666664,0.16666666666666666,False
2026-07-06 14:50:00+05:30,SBIN,sell,16666.666666666664,0.16666666666666666,False
2026-07-06 14:55:00+05:30,LT,sell,16666.666666666664,0.16666666666666666,False
2026-07-06 14:55:00+05:30,M&M,buy,16666.666666666664,0.16666666666666666,False
2026-07-06 14:55:00+05:30,MARUTI,sell,16666.666666666664,0.16666666666666666,False
2026-07-06 14:55:00+05:30,RELIANCE,buy,16666.666666666664,0.16666666666666666,False
2026-07-06 15:00:00+05:30,AXISBANK,sell,16666.666666666664,0.16666666666666666,False
2026-07-06 15:00:00+05:30,HDFCBANK,sell,16666.666666666664,0.16666666666666666,False
2026-07-06 15:00:00+05:30,ITC,buy,16666.666666666664,0.16666666666666666,False
2026-07-06 15:00:00+05:30,M&M,buy,16666.666666666664,0.16666666666666666,False
2026-07-06 15:00:00+05:30,MARUTI,buy,16666.666666666664,0.16666666666666666,False
2026-07-06 15:00:00+05:30,RELIANCE,sell,16666.666666666664,0.16666666666666666,False
2026-07-06 15:00:00+05:30,SBIN,buy,16666.666666666664,0.16666666666666666,False
2026-07-06 15:00:00+05:30,SUNPHARMA,sell,16666.666666666664,0.16666666666666666,False
2026-07-06 15:05:00+05:30,HDFCBANK,buy,33333.33333333333,0.3333333333333333,False
2026-07-06 15:05:00+05:30,ICICIBANK,sell,16666.666666666664,0.16666666666666666,False
2026-07-06 15:05:00+05:30,INFY,buy,16666.666666666664,0.16666666666666666,False
2026-07-06 15:05:00+05:30,LT,buy,16666.666666666664,0.16666666666666666,False
2026-07-06 15:05:00+05:30,M&M,sell,16666.666666666664,0.16666666666666666,False
2026-07-06 15:05:00+05:30,MARUTI,sell,16666.666666666664,0.16666666666666666,False
2026-07-06 15:05:00+05:30,SBIN,sell,16666.666666666664,0.16666666666666666,False
2026-07-06 15:10:00+05:30,BHARTIARTL,buy,16666.666666666664,0.16666666666666666,False
2026-07-06 15:10:00+05:30,HDFCBANK,sell,16666.666666666664,0.16666666666666666,False
2026-07-06 15:10:00+05:30,ICICIBANK,buy,33333.33333333333,0.3333333333333333,False
2026-07-06 15:10:00+05:30,INFY,sell,16666.666666666664,0.16666666666666666,False
2026-07-06 15:10:00+05:30,KOTAKBANK,sell,16666.666666666664,0.16666666666666666,False
2026-07-06 15:10:00+05:30,LT,sell,16666.666666666664,0.16666666666666666,False
2026-07-06 15:10:00+05:30,MARUTI,buy,16666.666666666664,0.16666666666666666,False
2026-07-06 15:10:00+05:30,RELIANCE,sell,16666.666666666664,0.16666666666666666,False
2026-07-06 15:10:00+05:30,SBIN,sell,16666.666666666664,0.16666666666666666,False
2026-07-06 15:10:00+05:30,SUNPHARMA,buy,16666.666666666664,0.16666666666666666,False
2026-07-06 15:10:00+05:30,TATASTEEL,buy,16666.666666666664,0.16666666666666666,False
2026-07-06 15:15:00+05:30,BHARTIARTL,sell,16666.666666666664,0.16666666666666666,False
2026-07-06 15:15:00+05:30,ICICIBANK,sell,16666.666666666664,0.16666666666666666,False
2026-07-06 15:15:00+05:30,LT,buy,16666.666666666664,0.16666666666666666,False
2026-07-06 15:15:00+05:30,M&M,buy,16666.666666666664,0.16666666666666666,False
2026-07-06 15:15:00+05:30,MARUTI,sell,16666.666666666664,0.16666666666666666,False
2026-07-06 15:15:00+05:30,RELIANCE,buy,16666.666666666664,0.16666666666666666,False
2026-07-06 15:15:00+05:30,SBIN,buy,33333.33333333333,0.3333333333333333,False
2026-07-06 15:15:00+05:30,SUNPHARMA,sell,16666.666666666664,0.16666666666666666,False
2026-07-06 15:15:00+05:30,TATASTEEL,sell,16666.666666666664,0.16666666666666666,False
2026-07-06 15:20:00+05:30,AXISBANK,buy,16666.666666666664,0.16666666666666666,False
2026-07-06 15:20:00+05:30,HCLTECH,sell,16666.666666666664,0.16666666666666666,False
2026-07-06 15:20:00+05:30,INFY,buy,16666.666666666664,0.16666666666666666,False
2026-07-06 15:20:00+05:30,ITC,sell,16666.666666666664,0.16666666666666666,False
2026-07-06 15:20:00+05:30,KOTAKBANK,buy,16666.666666666664,0.16666666666666666,False
2026-07-06 15:20:00+05:30,M&M,sell,16666.666666666664,0.16666666666666666,False
2026-07-06 15:20:00+05:30,SBIN,sell,16666.666666666664,0.16666666666666666,False
2026-07-06 15:20:00+05:30,SUNPHARMA,buy,16666.666666666664,0.16666666666666666,False
2026-07-07 14:10:00+05:30,AXISBANK,sell,16666.666666666664,0.16666666666666666,False
2026-07-07 14:10:00+05:30,HCLTECH,buy,16666.666666666664,0.16666666666666666,False
2026-07-07 14:10:00+05:30,HDFCBANK,buy,16666.666666666664,0.16666666666666666,False
2026-07-07 14:10:00+05:30,ICICIBANK,buy,16666.666666666664,0.16666666666666666,False
2026-07-07 14:10:00+05:30,INFY,buy,16666.666666666664,0.16666666666666666,False
2026-07-07 14:10:00+05:30,KOTAKBANK,sell,16666.666666666664,0.16666666666666666,False
2026-07-07 14:10:00+05:30,LT,sell,33333.33333333333,0.3333333333333333,False
2026-07-07 14:15:00+05:30,AXISBANK,sell,16666.666666666664,0.16666666666666666,False
2026-07-07 14:15:00+05:30,BHARTIARTL,buy,16666.666666666664,0.16666666666666666,False
2026-07-07 14:15:00+05:30,HDFCBANK,sell,16666.666666666664,0.16666666666666666,False
2026-07-07 14:15:00+05:30,ICICIBANK,sell,16666.666666666664,0.16666666666666666,False
2026-07-07 14:15:00+05:30,INFY,sell,16666.666666666664,0.16666666666666666,False
2026-07-07 14:15:00+05:30,ITC,buy,16666.666666666664,0.16666666666666666,False
2026-07-07 14:15:00+05:30,KOTAKBANK,buy,16666.666666666664,0.16666666666666666,False
2026-07-07 14:15:00+05:30,LT,buy,16666.666666666664,0.16666666666666666,False
2026-07-07 14:15:00+05:30,MARUTI,buy,16666.666666666664,0.16666666666666666,False
2026-07-07 14:15:00+05:30,RELIANCE,buy,16666.666666666664,0.16666666666666666,False
2026-07-07 14:15:00+05:30,SBIN,sell,16666.666666666664,0.16666666666666666,False
2026-07-07 14:15:00+05:30,TATASTEEL,sell,16666.666666666664,0.16666666666666666,False
2026-07-07 14:20:00+05:30,AXISBANK,buy,33333.33333333333,0.3333333333333333,False
2026-07-07 14:20:00+05:30,ITC,sell,16666.666666666664,0.16666666666666666,False
2026-07-07 14:20:00+05:30,KOTAKBANK,sell,33333.33333333333,0.3333333333333333,False
2026-07-07 14:20:00+05:30,LT,buy,16666.666666666664,0.16666666666666666,False
2026-07-07 14:20:00+05:30,RELIANCE,sell,16666.666666666664,0.16666666666666666,False
2026-07-07 14:20:00+05:30,SBIN,buy,16666.666666666664,0.16666666666666666,False
2026-07-07 14:20:00+05:30,SUNPHARMA,sell,16666.666666666664,0.16666666666666666,False
2026-07-07 14:20:00+05:30,TATASTEEL,buy,16666.666666666664,0.16666666666666666,False
2026-07-07 14:25:00+05:30,AXISBANK,sell,16666.666666666664,0.16666666666666666,False
2026-07-07 14:25:00+05:30,BHARTIARTL,sell,16666.666666666664,0.16666666666666666,False
2026-07-07 14:25:00+05:30,LT,sell,16666.666666666664,0.16666666666666666,False
2026-07-07 14:25:00+05:30,M&M,buy,16666.666666666664,0.16666666666666666,False
2026-07-07 14:25:00+05:30,MARUTI,buy,16666.666666666664,0.16666666666666666,False
2026-07-07 14:25:00+05:30,RELIANCE,buy,16666.666666666664,0.16666666666666666,False
2026-07-07 14:30:00+05:30,HDFCBANK,buy,16666.666666666664,0.16666666666666666,False
2026-07-07 14:30:00+05:30,ICICIBANK,buy,16666.666666666664,0.16666666666666666,False
2026-07-07 14:30:00+05:30,ITC,buy,16666.666666666664,0.16666666666666666,False
2026-07-07 14:30:00+05:30,KOTAKBANK,buy,33333.33333333333,0.3333333333333333,False
2026-07-07 14:30:00+05:30,LT,sell,16666.666666666664,0.16666666666666666,False
2026-07-07 14:30:00+05:30,M&M,sell,16666.666666666664,0.16666666666666666,False
2026-07-07 14:30:00+05:30,MARUTI,sell,16666.666666666664,0.16666666666666666,False
2026-07-07 14:30:00+05:30,RELIANCE,sell,16666.666666666664,0.16666666666666666,False
2026-07-07 14:30:00+05:30,SBIN,sell,16666.666666666664,0.16666666666666666,False
2026-07-07 14:30:00+05:30,SUNPHARMA,buy,16666.666666666664,0.16666666666666666,False
2026-07-07 14:30:00+05:30,TATASTEEL,sell,16666.666666666664,0.16666666666666666,False
2026-07-07 14:35:00+05:30,AXISBANK,sell,16666.666666666664,0.16666666666666666,False
2026-07-07 14:35:00+05:30,HDFCBANK,sell,16666.666666666664,0.16666666666666666,False
2026-07-07 14:35:00+05:30,ICICIBANK,sell,16666.666666666664,0.16666666666666666,False
2026-07-07 14:35:00+05:30,INFY,buy,16666.666666666664,0.16666666666666666,False
2026-07-07 14:35:00+05:30,ITC,buy,16666.666666666664,0.16666666666666666,False
2026-07-07 14:35:00+05:30,KOTAKBANK,sell,33333.33333333333,0.3333333333333333,False
2026-07-07 14:35:00+05:30,LT,buy,16666.666666666664,0.16666666666666666,False
2026-07-07 14:35:00+05:30,SUNPHARMA,buy,16666.666666666664,0.16666666666666666,False
2026-07-07 14:35:00+05:30,TATASTEEL,buy,16666.666666666664,0.16666666666666666,False
2026-07-07 14:40:00+05:30,AXISBANK,buy,16666.666666666664,0.16666666666666666,False
2026-07-07 14:40:00+05:30,BHARTIARTL,buy,16666.666666666664,0.16666666666666666,False
2026-07-07 14:40:00+05:30,HDFCBANK,buy,16666.666666666664,0.16666666666666666,False
2026-07-07 14:40:00+05:30,ITC,sell,33333.33333333333,0.3333333333333333,False
2026-07-07 14:40:00+05:30,MARUTI,sell,16666.666666666664,0.16666666666666666,False
2026-07-07 14:40:00+05:30,SBIN,buy,16666.666666666664,0.16666666666666666,False
2026-07-07 14:40:00+05:30,SUNPHARMA,sell,16666.666666666664,0.16666666666666666,False
2026-07-07 14:45:00+05:30,AXISBANK,buy,16666.666666666664,0.16666666666666666,False
2026-07-07 14:45:00+05:30,BHARTIARTL,sell,16666.666666666664,0.16666666666666666,False
2026-07-07 14:45:00+05:30,HCLTECH,sell,16666.666666666664,0.16666666666666666,False
2026-07-07 14:45:00+05:30,ICICIBANK,buy,16666.666666666664,0.16666666666666666,False
2026-07-07 14:45:00+05:30,INFY,sell,16666.666666666664,0.16666666666666666,False
2026-07-07 14:45:00+05:30,ITC,buy,16666.666666666664,0.16666666666666666,False
2026-07-07 14:45:00+05:30,KOTAKBANK,buy,16666.666666666664,0.16666666666666666,False
2026-07-07 14:45:00+05:30,M&M,sell,16666.666666666664,0.16666666666666666,False
2026-07-07 14:45:00+05:30,MARUTI,buy,16666.666666666664,0.16666666666666666,False
2026-07-07 14:45:00+05:30,TATASTEEL,sell,16666.666666666664,0.16666666666666666,False
2026-07-07 14:50:00+05:30,AXISBANK,sell,16666.666666666664,0.16666666666666666,False
2026-07-07 14:50:00+05:30,BHARTIARTL,buy,16666.666666666664,0.16666666666666666,False
2026-07-07 14:50:00+05:30,HCLTECH,buy,16666.666666666664,0.16666666666666666,False
2026-07-07 14:50:00+05:30,HDFCBANK,sell,16666.666666666664,0.16666666666666666,False
2026-07-07 14:50:00+05:30,KOTAKBANK,buy,16666.666666666664,0.16666666666666666,False
2026-07-07 14:50:00+05:30,M&M,buy,16666.666666666664,0.16666666666666666,False
2026-07-07 14:50:00+05:30,MARUTI,sell,16666.666666666664,0.16666666666666666,False
2026-07-07 14:50:00+05:30,SBIN,sell,16666.666666666664,0.16666666666666666,False
2026-07-07 14:50:00+05:30,SUNPHARMA,sell,16666.666666666664,0.16666666666666666,False
2026-07-07 14:50:00+05:30,TATASTEEL,buy,16666.666666666664,0.16666666666666666,False
2026-07-07 14:55:00+05:30,AXISBANK,sell,16666.666666666664,0.16666666666666666,False
2026-07-07 14:55:00+05:30,BHARTIARTL,sell,16666.666666666664,0.16666666666666666,False
2026-07-07 14:55:00+05:30,HCLTECH,sell,16666.666666666664,0.16666666666666666,False
2026-07-07 14:55:00+05:30,HDFCBANK,buy,16666.666666666664,0.16666666666666666,False
2026-07-07 14:55:00+05:30,ICICIBANK,sell,16666.666666666664,0.16666666666666666,False
2026-07-07 14:55:00+05:30,MARUTI,buy,16666.666666666664,0.16666666666666666,False
2026-07-07 14:55:00+05:30,SBIN,buy,16666.666666666664,0.16666666666666666,False
2026-07-07 14:55:00+05:30,TATASTEEL,buy,16666.666666666664,0.16666666666666666,False
2026-07-07 15:00:00+05:30,AXISBANK,buy,16666.666666666664,0.16666666666666666,False
2026-07-07 15:00:00+05:30,HCLTECH,buy,16666.666666666664,0.16666666666666666,False
2026-07-07 15:00:00+05:30,INFY,buy,16666.666666666664,0.16666666666666666,False
2026-07-07 15:00:00+05:30,KOTAKBANK,sell,16666.666666666664,0.16666666666666666,False
2026-07-07 15:00:00+05:30,LT,sell,16666.666666666664,0.16666666666666666,False
2026-07-07 15:00:00+05:30,M&M,sell,16666.666666666664,0.16666666666666666,False
2026-07-07 15:00:00+05:30,RELIANCE,buy,16666.666666666664,0.16666666666666666,False
2026-07-07 15:00:00+05:30,TATASTEEL,sell,16666.666666666664,0.16666666666666666,False
2026-07-07 15:05:00+05:30,INFY,sell,16666.666666666664,0.16666666666666666,False
2026-07-07 15:05:00+05:30,KOTAKBANK,sell,16666.666666666664,0.16666666666666666,False
2026-07-07 15:05:00+05:30,LT,buy,16666.666666666664,0.16666666666666666,False
2026-07-07 15:05:00+05:30,M&M,buy,16666.666666666664,0.16666666666666666,False
2026-07-07 15:05:00+05:30,SBIN,buy,16666.666666666664,0.16666666666666666,False
2026-07-07 15:05:00+05:30,TATASTEEL,sell,16666.666666666664,0.16666666666666666,False
2026-07-07 15:10:00+05:30,AXISBANK,buy,16666.666666666664,0.16666666666666666,False
2026-07-07 15:10:00+05:30,HCLTECH,sell,16666.666666666664,0.16666666666666666,False
2026-07-07 15:10:00+05:30,HDFCBANK,sell,16666.666666666664,0.16666666666666666,False
2026-07-07 15:10:00+05:30,M&M,buy,16666.666666666664,0.16666666666666666,False
2026-07-07 15:10:00+05:30,MARUTI,sell,16666.666666666664,0.16666666666666666,False
2026-07-07 15:10:00+05:30,RELIANCE,sell,16666.666666666664,0.16666666666666666,False
2026-07-07 15:10:00+05:30,SBIN,sell,16666.666666666664,0.16666666666666666,False
2026-07-07 15:10:00+05:30,SUNPHARMA,buy,33333.33333333333,0.3333333333333333,False
2026-07-07 15:10:00+05:30,TATASTEEL,buy,16666.666666666664,0.16666666666666666,False
2026-07-07 15:15:00+05:30,AXISBANK,sell,16666.666666666664,0.16666666666666666,False
2026-07-07 15:15:00+05:30,BHARTIARTL,buy,16666.666666666664,0.16666666666666666,False
2026-07-07 15:15:00+05:30,ICICIBANK,sell,16666.666666666664,0.16666666666666666,False
2026-07-07 15:15:00+05:30,KOTAKBANK,buy,16666.666666666664,0.16666666666666666,False
2026-07-07 15:15:00+05:30,LT,buy,16666.666666666664,0.16666666666666666,False
2026-07-07 15:15:00+05:30,MARUTI,buy,16666.666666666664,0.16666666666666666,False
2026-07-07 15:15:00+05:30,SUNPHARMA,sell,33333.33333333333,0.3333333333333333,False
2026-07-07 15:20:00+05:30,BHARTIARTL,sell,16666.666666666664,0.16666666666666666,False
2026-07-07 15:20:00+05:30,HDFCBANK,buy,16666.666666666664,0.16666666666666666,False
2026-07-07 15:20:00+05:30,ICICIBANK,buy,16666.666666666664,0.16666666666666666,False
2026-07-07 15:20:00+05:30,LT,sell,16666.666666666664,0.16666666666666666,False
2026-07-07 15:20:00+05:30,M&M,sell,33333.33333333333,0.3333333333333333,False
2026-07-07 15:20:00+05:30,MARUTI,sell,16666.666666666664,0.16666666666666666,False
2026-07-07 15:20:00+05:30,RELIANCE,buy,16666.666666666664,0.16666666666666666,False
2026-07-07 15:20:00+05:30,SUNPHARMA,buy,33333.33333333333,0.3333333333333333,False
2026-07-08 14:10:00+05:30,HCLTECH,buy,16666.666666666664,0.16666666666666666,False
2026-07-08 14:10:00+05:30,HDFCBANK,sell,16666.666666666664,0.16666666666666666,False
2026-07-08 14:10:00+05:30,ITC,sell,16666.666666666664,0.16666666666666666,False
2026-07-08 14:10:00+05:30,KOTAKBANK,buy,16666.666666666664,0.16666666666666666,False
2026-07-08 14:10:00+05:30,M&M,buy,33333.33333333333,0.3333333333333333,False
2026-07-08 14:10:00+05:30,MARUTI,buy,33333.33333333333,0.3333333333333333,False
2026-07-08 14:10:00+05:30,RELIANCE,sell,33333.33333333333,0.3333333333333333,False
2026-07-08 14:10:00+05:30,SUNPHARMA,sell,16666.666666666664,0.16666666666666666,False
2026-07-08 14:10:00+05:30,TATASTEEL,sell,16666.666666666664,0.16666666666666666,False
2026-07-08 14:15:00+05:30,BHARTIARTL,sell,16666.666666666664,0.16666666666666666,False
2026-07-08 14:15:00+05:30,HCLTECH,buy,16666.666666666664,0.16666666666666666,False
2026-07-08 14:15:00+05:30,INFY,sell,16666.666666666664,0.16666666666666666,False
2026-07-08 14:15:00+05:30,KOTAKBANK,sell,16666.666666666664,0.16666666666666666,False
2026-07-08 14:15:00+05:30,LT,buy,16666.666666666664,0.16666666666666666,False
2026-07-08 14:15:00+05:30,M&M,sell,16666.666666666664,0.16666666666666666,False
2026-07-08 14:15:00+05:30,RELIANCE,buy,16666.666666666664,0.16666666666666666,False
2026-07-08 14:15:00+05:30,TATASTEEL,buy,16666.666666666664,0.16666666666666666,False
2026-07-08 14:20:00+05:30,BHARTIARTL,buy,16666.666666666664,0.16666666666666666,False
2026-07-08 14:20:00+05:30,HCLTECH,sell,33333.33333333333,0.3333333333333333,False
2026-07-08 14:20:00+05:30,HDFCBANK,buy,16666.666666666664,0.16666666666666666,False
2026-07-08 14:20:00+05:30,ITC,buy,16666.666666666664,0.16666666666666666,False
2026-07-08 14:20:00+05:30,LT,sell,16666.666666666664,0.16666666666666666,False
2026-07-08 14:20:00+05:30,SBIN,buy,16666.666666666664,0.16666666666666666,False
2026-07-08 14:20:00+05:30,TATASTEEL,sell,16666.666666666664,0.16666666666666666,False
2026-07-08 14:25:00+05:30,AXISBANK,buy,16666.666666666664,0.16666666666666666,False
2026-07-08 14:25:00+05:30,BHARTIARTL,sell,16666.666666666664,0.16666666666666666,False
2026-07-08 14:25:00+05:30,HCLTECH,buy,16666.666666666664,0.16666666666666666,False
2026-07-08 14:25:00+05:30,M&M,sell,16666.666666666664,0.16666666666666666,False
2026-07-08 14:25:00+05:30,SBIN,sell,16666.666666666664,0.16666666666666666,False
2026-07-08 14:25:00+05:30,TATASTEEL,buy,16666.666666666664,0.16666666666666666,False
2026-07-08 14:30:00+05:30,AXISBANK,sell,16666.666666666664,0.16666666666666666,False
2026-07-08 14:30:00+05:30,HCLTECH,buy,16666.666666666664,0.16666666666666666,False
2026-07-08 14:30:00+05:30,HDFCBANK,sell,16666.666666666664,0.16666666666666666,False
2026-07-08 14:30:00+05:30,INFY,buy,16666.666666666664,0.16666666666666666,False
2026-07-08 14:30:00+05:30,LT,buy,16666.666666666664,0.16666666666666666,False
2026-07-08 14:30:00+05:30,M&M,buy,16666.666666666664,0.16666666666666666,False
2026-07-08 14:30:00+05:30,SUNPHARMA,sell,16666.666666666664,0.16666666666666666,False
2026-07-08 14:30:00+05:30,TATASTEEL,sell,16666.666666666664,0.16666666666666666,False
2026-07-08 14:35:00+05:30,HCLTECH,sell,16666.666666666664,0.16666666666666666,False
2026-07-08 14:35:00+05:30,ITC,buy,16666.666666666664,0.16666666666666666,False
2026-07-08 14:35:00+05:30,KOTAKBANK,sell,16666.666666666664,0.16666666666666666,False
2026-07-08 14:35:00+05:30,LT,sell,16666.666666666664,0.16666666666666666,False
2026-07-08 14:35:00+05:30,M&M,buy,16666.666666666664,0.16666666666666666,False
2026-07-08 14:35:00+05:30,TATASTEEL,buy,16666.666666666664,0.16666666666666666,False
2026-07-08 14:40:00+05:30,BHARTIARTL,buy,16666.666666666664,0.16666666666666666,False
2026-07-08 14:40:00+05:30,HDFCBANK,buy,16666.666666666664,0.16666666666666666,False
2026-07-08 14:40:00+05:30,INFY,sell,16666.666666666664,0.16666666666666666,False
2026-07-08 14:40:00+05:30,ITC,sell,16666.666666666664,0.16666666666666666,False
2026-07-08 14:40:00+05:30,KOTAKBANK,buy,16666.666666666664,0.16666666666666666,False
2026-07-08 14:40:00+05:30,M&M,sell,16666.666666666664,0.16666666666666666,False
2026-07-08 14:40:00+05:30,RELIANCE,sell,16666.666666666664,0.16666666666666666,False
2026-07-08 14:40:00+05:30,SBIN,buy,16666.666666666664,0.16666666666666666,False
2026-07-08 14:45:00+05:30,AXISBANK,sell,16666.666666666664,0.16666666666666666,False
2026-07-08 14:45:00+05:30,BHARTIARTL,sell,16666.666666666664,0.16666666666666666,False
2026-07-08 14:45:00+05:30,INFY,buy,16666.666666666664,0.16666666666666666,False
2026-07-08 14:45:00+05:30,M&M,buy,16666.666666666664,0.16666666666666666,False
2026-07-08 14:45:00+05:30,MARUTI,sell,16666.666666666664,0.16666666666666666,False
2026-07-08 14:45:00+05:30,RELIANCE,buy,16666.666666666664,0.16666666666666666,False
2026-07-08 14:45:00+05:30,SUNPHARMA,buy,16666.666666666664,0.16666666666666666,False
2026-07-08 14:45:00+05:30,TATASTEEL,sell,16666.666666666664,0.16666666666666666,False
2026-07-08 14:50:00+05:30,AXISBANK,buy,16666.666666666664,0.16666666666666666,False
2026-07-08 14:50:00+05:30,BHARTIARTL,buy,16666.666666666664,0.16666666666666666,False
2026-07-08 14:50:00+05:30,ICICIBANK,buy,16666.666666666664,0.16666666666666666,False
2026-07-08 14:50:00+05:30,KOTAKBANK,sell,16666.666666666664,0.16666666666666666,False
2026-07-08 14:50:00+05:30,M&M,sell,16666.666666666664,0.16666666666666666,False
2026-07-08 14:50:00+05:30,RELIANCE,sell,16666.666666666664,0.16666666666666666,False
2026-07-08 14:50:00+05:30,SUNPHARMA,sell,16666.666666666664,0.16666666666666666,False
2026-07-08 14:50:00+05:30,TATASTEEL,buy,16666.666666666664,0.16666666666666666,False
2026-07-08 14:55:00+05:30,BHARTIARTL,sell,16666.666666666664,0.16666666666666666,False
2026-07-08 14:55:00+05:30,HCLTECH,buy,16666.666666666664,0.16666666666666666,False
2026-07-08 14:55:00+05:30,HDFCBANK,sell,16666.666666666664,0.16666666666666666,False
2026-07-08 14:55:00+05:30,ITC,sell,16666.666666666664,0.16666666666666666,False
2026-07-08 14:55:00+05:30,KOTAKBANK,buy,16666.666666666664,0.16666666666666666,False
2026-07-08 14:55:00+05:30,RELIANCE,buy,33333.33333333333,0.3333333333333333,False
2026-07-08 14:55:00+05:30,SBIN,sell,16666.666666666664,0.16666666666666666,False
2026-07-08 15:00:00+05:30,AXISBANK,buy,16666.666666666664,0.16666666666666666,False
2026-07-08 15:00:00+05:30,HCLTECH,sell,16666.666666666664,0.16666666666666666,False
2026-07-08 15:00:00+05:30,ICICIBANK,sell,33333.33333333333,0.3333333333333333,False
2026-07-08 15:00:00+05:30,ITC,buy,16666.666666666664,0.16666666666666666,False
2026-07-08 15:00:00+05:30,KOTAKBANK,buy,16666.666666666664,0.16666666666666666,False
2026-07-08 15:00:00+05:30,LT,buy,16666.666666666664,0.16666666666666666,False
2026-07-08 15:00:00+05:30,MARUTI,sell,16666.666666666664,0.16666666666666666,False
2026-07-08 15:00:00+05:30,RELIANCE,sell,16666.666666666664,0.16666666666666666,False
2026-07-08 15:00:00+05:30,SUNPHARMA,buy,16666.666666666664,0.16666666666666666,False
2026-07-08 15:05:00+05:30,AXISBANK,sell,16666.666666666664,0.16666666666666666,False
2026-07-08 15:05:00+05:30,BHARTIARTL,buy,16666.666666666664,0.16666666666666666,False
2026-07-08 15:05:00+05:30,ICICIBANK,buy,16666.666666666664,0.16666666666666666,False
2026-07-08 15:05:00+05:30,INFY,sell,16666.666666666664,0.16666666666666666,False
2026-07-08 15:05:00+05:30,LT,sell,16666.666666666664,0.16666666666666666,False
2026-07-08 15:05:00+05:30,MARUTI,buy,33333.33333333333,0.3333333333333333,False
2026-07-08 15:05:00+05:30,RELIANCE,buy,16666.666666666664,0.16666666666666666,False
2026-07-08 15:05:00+05:30,SUNPHARMA,sell,16666.666666666664,0.16666666666666666,False
2026-07-08 15:05:00+05:30,TATASTEEL,sell,16666.666666666664,0.16666666666666666,False
2026-07-08 15:10:00+05:30,BHARTIARTL,sell,16666.666666666664,0.16666666666666666,False
2026-07-08 15:10:00+05:30,M&M,buy,16666.666666666664,0.16666666666666666,False
2026-07-08 15:10:00+05:30,RELIANCE,sell,16666.666666666664,0.16666666666666666,False
2026-07-08 15:10:00+05:30,TATASTEEL,buy,16666.666666666664,0.16666666666666666,False
2026-07-08 15:15:00+05:30,BHARTIARTL,buy,16666.666666666664,0.16666666666666666,False
2026-07-08 15:15:00+05:30,HCLTECH,buy,16666.666666666664,0.16666666666666666,False
2026-07-08 15:15:00+05:30,HDFCBANK,buy,16666.666666666664,0.16666666666666666,False
2026-07-08 15:15:00+05:30,INFY,buy,33333.33333333333,0.3333333333333333,False
2026-07-08 15:15:00+05:30,KOTAKBANK,sell,16666.666666666664,0.16666666666666666,False
2026-07-08 15:15:00+05:30,M&M,sell,16666.666666666664,0.16666666666666666,False
2026-07-08 15:15:00+05:30,MARUTI,sell,16666.666666666664,0.16666666666666666,False
2026-07-08 15:15:00+05:30,SBIN,sell,16666.666666666664,0.16666666666666666,False
2026-07-08 15:15:00+05:30,TATASTEEL,sell,16666.666666666664,0.16666666666666666,False
2026-07-08 15:20:00+05:30,HDFCBANK,sell,16666.666666666664,0.16666666666666666,False
2026-07-08 15:20:00+05:30,INFY,sell,33333.33333333333,0.3333333333333333,False
2026-07-08 15:20:00+05:30,ITC,buy,16666.666666666664,0.16666666666666666,False
2026-07-08 15:20:00+05:30,M&M,buy,16666.666666666664,0.16666666666666666,False
2026-07-08 15:20:00+05:30,RELIANCE,sell,16666.666666666664,0.16666666666666666,False
2026-07-08 15:20:00+05:30,SBIN,buy,16666.666666666664,0.16666666666666666,False
2026-07-08 15:20:00+05:30,TATASTEEL,buy,16666.666666666664,0.16666666666666666,False
2026-07-09 14:10:00+05:30,BHARTIARTL,buy,16666.666666666664,0.16666666666666666,False
2026-07-09 14:10:00+05:30,HCLTECH,sell,33333.33333333333,0.3333333333333333,False
2026-07-09 14:10:00+05:30,ITC,sell,16666.666666666664,0.16666666666666666,False
2026-07-09 14:10:00+05:30,KOTAKBANK,sell,16666.666666666664,0.16666666666666666,False
2026-07-09 14:10:00+05:30,LT,buy,16666.666666666664,0.16666666666666666,False
2026-07-09 14:10:00+05:30,RELIANCE,buy,16666.666666666664,0.16666666666666666,False
2026-07-09 14:10:00+05:30,SUNPHARMA,buy,16666.666666666664,0.16666666666666666,False
2026-07-09 14:15:00+05:30,BHARTIARTL,sell,16666.666666666664,0.16666666666666666,False
2026-07-09 14:15:00+05:30,INFY,buy,16666.666666666664,0.16666666666666666,False
2026-07-09 14:15:00+05:30,LT,sell,16666.666666666664,0.16666666666666666,False
2026-07-09 14:15:00+05:30,M&M,sell,16666.666666666664,0.16666666666666666,False
2026-07-09 14:15:00+05:30,MARUTI,buy,16666.666666666664,0.16666666666666666,False
2026-07-09 14:15:00+05:30,RELIANCE,buy,16666.666666666664,0.16666666666666666,False
2026-07-09 14:15:00+05:30,SUNPHARMA,sell,16666.666666666664,0.16666666666666666,False
2026-07-09 14:15:00+05:30,TATASTEEL,buy,16666.666666666664,0.16666666666666666,False
2026-07-09 14:20:00+05:30,HCLTECH,buy,16666.666666666664,0.16666666666666666,False
2026-07-09 14:20:00+05:30,HDFCBANK,sell,16666.666666666664,0.16666666666666666,False
2026-07-09 14:20:00+05:30,INFY,buy,16666.666666666664,0.16666666666666666,False
2026-07-09 14:20:00+05:30,ITC,buy,16666.666666666664,0.16666666666666666,False
2026-07-09 14:20:00+05:30,RELIANCE,sell,16666.666666666664,0.16666666666666666,False
2026-07-09 14:20:00+05:30,SUNPHARMA,buy,16666.666666666664,0.16666666666666666,False
2026-07-09 14:20:00+05:30,TATASTEEL,sell,33333.33333333333,0.3333333333333333,False
2026-07-09 14:25:00+05:30,BHARTIARTL,buy,16666.666666666664,0.16666666666666666,False
2026-07-09 14:25:00+05:30,HDFCBANK,buy,16666.666666666664,0.16666666666666666,False
2026-07-09 14:25:00+05:30,ICICIBANK,sell,16666.666666666664,0.16666666666666666,False
2026-07-09 14:25:00+05:30,INFY,sell,16666.666666666664,0.16666666666666666,False
2026-07-09 14:25:00+05:30,ITC,sell,16666.666666666664,0.16666666666666666,False
2026-07-09 14:25:00+05:30,KOTAKBANK,buy,16666.666666666664,0.16666666666666666,False
2026-07-09 14:25:00+05:30,LT,buy,16666.666666666664,0.16666666666666666,False
2026-07-09 14:25:00+05:30,M&M,sell,16666.666666666664,0.16666666666666666,False
2026-07-09 14:25:00+05:30,MARUTI,sell,16666.666666666664,0.16666666666666666,False
2026-07-09 14:25:00+05:30,SBIN,sell,16666.666666666664,0.16666666666666666,False
2026-07-09 14:25:00+05:30,TATASTEEL,buy,33333.33333333333,0.3333333333333333,False
2026-07-09 14:30:00+05:30,HCLTECH,sell,16666.666666666664,0.16666666666666666,False
2026-07-09 14:30:00+05:30,ICICIBANK,buy,16666.666666666664,0.16666666666666666,False
2026-07-09 14:30:00+05:30,ITC,sell,16666.666666666664,0.16666666666666666,False
2026-07-09 14:30:00+05:30,SBIN,buy,33333.33333333333,0.3333333333333333,False
2026-07-09 14:30:00+05:30,TATASTEEL,sell,16666.666666666664,0.16666666666666666,False
2026-07-09 14:35:00+05:30,HCLTECH,buy,16666.666666666664,0.16666666666666666,False
2026-07-09 14:35:00+05:30,HDFCBANK,sell,16666.666666666664,0.16666666666666666,False
2026-07-09 14:35:00+05:30,ITC,buy,16666.666666666664,0.16666666666666666,False
2026-07-09 14:35:00+05:30,LT,sell,33333.33333333333,0.3333333333333333,False
2026-07-09 14:35:00+05:30,M&M,buy,33333.33333333333,0.3333333333333333,False
2026-07-09 14:35:00+05:30,SBIN,sell,16666.666666666664,0.16666666666666666,False
2026-07-09 14:35:00+05:30,SUNPHARMA,sell,16666.666666666664,0.16666666666666666,False
2026-07-09 14:35:00+05:30,TATASTEEL,buy,16666.666666666664,0.16666666666666666,False
2026-07-09 14:40:00+05:30,AXISBANK,buy,16666.666666666664,0.16666666666666666,False
2026-07-09 14:40:00+05:30,KOTAKBANK,sell,16666.666666666664,0.16666666666666666,False
2026-07-09 14:40:00+05:30,LT,buy,33333.33333333333,0.3333333333333333,False
2026-07-09 14:40:00+05:30,M&M,sell,16666.666666666664,0.16666666666666666,False
2026-07-09 14:40:00+05:30,TATASTEEL,sell,16666.666666666664,0.16666666666666666,False
2026-07-09 14:45:00+05:30,AXISBANK,sell,16666.666666666664,0.16666666666666666,False
2026-07-09 14:45:00+05:30,HCLTECH,sell,16666.666666666664,0.16666666666666666,False
2026-07-09 14:45:00+05:30,HDFCBANK,buy,33333.33333333333,0.3333333333333333,False
2026-07-09 14:45:00+05:30,LT,sell,16666.666666666664,0.16666666666666666,False
2026-07-09 14:45:00+05:30,M&M,buy,16666.666666666664,0.16666666666666666,False
2026-07-09 14:50:00+05:30,BHARTIARTL,sell,16666.666666666664,0.16666666666666666,False
2026-07-09 14:50:00+05:30,HDFCBANK,sell,16666.666666666664,0.16666666666666666,False
2026-07-09 14:50:00+05:30,ICICIBANK,buy,16666.666666666664,0.16666666666666666,False
2026-07-09 14:50:00+05:30,LT,buy,16666.666666666664,0.16666666666666666,False
2026-07-09 14:55:00+05:30,BHARTIARTL,sell,16666.666666666664,0.16666666666666666,False
2026-07-09 14:55:00+05:30,HCLTECH,buy,16666.666666666664,0.16666666666666666,False
2026-07-09 14:55:00+05:30,ICICIBANK,sell,16666.666666666664,0.16666666666666666,False
2026-07-09 14:55:00+05:30,M&M,sell,16666.666666666664,0.16666666666666666,False
2026-07-09 14:55:00+05:30,MARUTI,buy,16666.666666666664,0.16666666666666666,False
2026-07-09 14:55:00+05:30,RELIANCE,buy,16666.666666666664,0.16666666666666666,False
2026-07-09 15:00:00+05:30,AXISBANK,buy,16666.666666666664,0.16666666666666666,False
2026-07-09 15:00:00+05:30,BHARTIARTL,buy,16666.666666666664,0.16666666666666666,False
2026-07-09 15:00:00+05:30,ICICIBANK,buy,16666.666666666664,0.16666666666666666,False
2026-07-09 15:00:00+05:30,LT,sell,16666.666666666664,0.16666666666666666,False
2026-07-09 15:00:00+05:30,M&M,sell,16666.666666666664,0.16666666666666666,False
2026-07-09 15:00:00+05:30,RELIANCE,sell,16666.666666666664,0.16666666666666666,False
2026-07-09 15:05:00+05:30,AXISBANK,sell,16666.666666666664,0.16666666666666666,False
2026-07-09 15:05:00+05:30,BHARTIARTL,sell,16666.666666666664,0.16666666666666666,False
2026-07-09 15:05:00+05:30,ICICIBANK,sell,16666.666666666664,0.16666666666666666,False
2026-07-09 15:05:00+05:30,INFY,buy,16666.666666666664,0.16666666666666666,False
2026-07-09 15:05:00+05:30,ITC,buy,16666.666666666664,0.16666666666666666,False
2026-07-09 15:05:00+05:30,LT,buy,16666.666666666664,0.16666666666666666,False
2026-07-09 15:05:00+05:30,M&M,buy,16666.666666666664,0.16666666666666666,False
2026-07-09 15:05:00+05:30,MARUTI,sell,16666.666666666664,0.16666666666666666,False
2026-07-09 15:10:00+05:30,AXISBANK,buy,16666.666666666664,0.16666666666666666,False
2026-07-09 15:10:00+05:30,BHARTIARTL,buy,16666.666666666664,0.16666666666666666,False
2026-07-09 15:10:00+05:30,HCLTECH,buy,16666.666666666664,0.16666666666666666,False
2026-07-09 15:10:00+05:30,ICICIBANK,sell,16666.666666666664,0.16666666666666666,False
2026-07-09 15:10:00+05:30,INFY,sell,16666.666666666664,0.16666666666666666,False
2026-07-09 15:10:00+05:30,ITC,sell,16666.666666666664,0.16666666666666666,False
2026-07-09 15:10:00+05:30,LT,sell,33333.33333333333,0.3333333333333333,False
2026-07-09 15:10:00+05:30,RELIANCE,buy,16666.666666666664,0.16666666666666666,False
2026-07-09 15:10:00+05:30,SUNPHARMA,buy,16666.666666666664,0.16666666666666666,False
2026-07-09 15:15:00+05:30,AXISBANK,sell,16666.666666666664,0.16666666666666666,False
2026-07-09 15:15:00+05:30,BHARTIARTL,sell,16666.666666666664,0.16666666666666666,False
2026-07-09 15:15:00+05:30,HCLTECH,sell,16666.666666666664,0.16666666666666666,False
2026-07-09 15:15:00+05:30,ICICIBANK,buy,16666.666666666664,0.16666666666666666,False
2026-07-09 15:15:00+05:30,ITC,buy,16666.666666666664,0.16666666666666666,False
2026-07-09 15:15:00+05:30,LT,buy,16666.666666666664,0.16666666666666666,False
2026-07-09 15:15:00+05:30,MARUTI,buy,16666.666666666664,0.16666666666666666,False
2026-07-09 15:15:00+05:30,RELIANCE,sell,16666.666666666664,0.16666666666666666,False
2026-07-09 15:15:00+05:30,SUNPHARMA,buy,16666.666666666664,0.16666666666666666,False
2026-07-09 15:15:00+05:30,TATASTEEL,sell,16666.666666666664,0.16666666666666666,False
2026-07-09 15:20:00+05:30,AXISBANK,sell,16666.666666666664,0.16666666666666666,False
2026-07-09 15:20:00+05:30,BHARTIARTL,buy,33333.33333333333,0.3333333333333333,False
2026-07-09 15:20:00+05:30,ITC,sell,16666.666666666664,0.16666666666666666,False
2026-07-09 15:20:00+05:30,KOTAKBANK,buy,16666.666666666664,0.16666666666666666,False
2026-07-09 15:20:00+05:30,LT,sell,16666.666666666664,0.16666666666666666,False
2026-07-09 15:20:00+05:30,M&M,sell,16666.666666666664,0.16666666666666666,False
2026-07-09 15:20:00+05:30,SBIN,buy,16666.666666666664,0.16666666666666666,False
2026-07-09 15:20:00+05:30,SUNPHARMA,sell,16666.666666666664,0.16666666666666666,False
2026-07-09 15:20:00+05:30,TATASTEEL,buy,16666.666666666664,0.16666666666666666,False
2026-07-10 14:10:00+05:30,BHARTIARTL,sell,16666.666666666664,0.16666666666666666,False
2026-07-10 14:10:00+05:30,HCLTECH,buy,16666.666666666664,0.16666666666666666,False
2026-07-10 14:10:00+05:30,ICICIBANK,sell,16666.666666666664,0.16666666666666666,False
2026-07-10 14:10:00+05:30,ITC,buy,16666.666666666664,0.16666666666666666,False
2026-07-10 14:10:00+05:30,LT,buy,16666.666666666664,0.16666666666666666,False
2026-07-10 14:10:00+05:30,M&M,buy,16666.666666666664,0.16666666666666666,False
2026-07-10 14:10:00+05:30,MARUTI,sell,16666.666666666664,0.16666666666666666,False
2026-07-10 14:10:00+05:30,RELIANCE,sell,16666.666666666664,0.16666666666666666,False
2026-07-10 14:10:00+05:30,SBIN,sell,16666.666666666664,0.16666666666666666,False
2026-07-10 14:10:00+05:30,TATASTEEL,buy,16666.666666666664,0.16666666666666666,False
2026-07-10 14:15:00+05:30,AXISBANK,buy,16666.666666666664,0.16666666666666666,False
2026-07-10 14:15:00+05:30,BHARTIARTL,sell,16666.666666666664,0.16666666666666666,False
2026-07-10 14:15:00+05:30,HCLTECH,sell,16666.666666666664,0.16666666666666666,False
2026-07-10 14:15:00+05:30,HDFCBANK,sell,16666.666666666664,0.16666666666666666,False
2026-07-10 14:15:00+05:30,ICICIBANK,buy,33333.33333333333,0.3333333333333333,False
2026-07-10 14:15:00+05:30,ITC,sell,16666.666666666664,0.16666666666666666,False
2026-07-10 14:15:00+05:30,LT,buy,16666.666666666664,0.16666666666666666,False
2026-07-10 14:15:00+05:30,SBIN,buy,16666.666666666664,0.16666666666666666,False
2026-07-10 14:15:00+05:30,TATASTEEL,sell,16666.666666666664,0.16666666666666666,False
2026-07-10 14:20:00+05:30,AXISBANK,buy,16666.666666666664,0.16666666666666666,False
2026-07-10 14:20:00+05:30,HDFCBANK,buy,16666.666666666664,0.16666666666666666,False
2026-07-10 14:20:00+05:30,ICICIBANK,sell,16666.666666666664,0.16666666666666666,False
2026-07-10 14:20:00+05:30,LT,sell,16666.666666666664,0.16666666666666666,False
2026-07-10 14:20:00+05:30,MARUTI,sell,16666.666666666664,0.16666666666666666,False
2026-07-10 14:20:00+05:30,RELIANCE,buy,16666.666666666664,0.16666666666666666,False
2026-07-10 14:20:00+05:30,SBIN,sell,33333.33333333333,0.3333333333333333,False
2026-07-10 14:20:00+05:30,SUNPHARMA,buy,16666.666666666664,0.16666666666666666,False
2026-07-10 14:20:00+05:30,TATASTEEL,buy,16666.666666666664,0.16666666666666666,False
2026-07-10 14:25:00+05:30,AXISBANK,sell,16666.666666666664,0.16666666666666666,False
2026-07-10 14:25:00+05:30,BHARTIARTL,buy,16666.666666666664,0.16666666666666666,False
2026-07-10 14:25:00+05:30,ITC,sell,16666.666666666664,0.16666666666666666,False
2026-07-10 14:25:00+05:30,KOTAKBANK,buy,16666.666666666664,0.16666666666666666,False
2026-07-10 14:25:00+05:30,M&M,sell,16666.666666666664,0.16666666666666666,False
2026-07-10 14:25:00+05:30,SBIN,buy,16666.666666666664,0.16666666666666666,False
2026-07-10 14:30:00+05:30,HDFCBANK,sell,16666.666666666664,0.16666666666666666,False
2026-07-10 14:30:00+05:30,INFY,buy,16666.666666666664,0.16666666666666666,False
2026-07-10 14:30:00+05:30,ITC,buy,33333.33333333333,0.3333333333333333,False
2026-07-10 14:30:00+05:30,KOTAKBANK,sell,16666.666666666664,0.16666666666666666,False
2026-07-10 14:30:00+05:30,M&M,buy,16666.666666666664,0.16666666666666666,False
2026-07-10 14:30:00+05:30,TATASTEEL,sell,33333.33333333333,0.3333333333333333,False
2026-07-10 14:35:00+05:30,HCLTECH,sell,16666.666666666664,0.16666666666666666,False
2026-07-10 14:35:00+05:30,ICICIBANK,sell,16666.666666666664,0.16666666666666666,False
2026-07-10 14:35:00+05:30,INFY,sell,16666.666666666664,0.16666666666666666,False
2026-07-10 14:35:00+05:30,ITC,sell,16666.666666666664,0.16666666666666666,False
2026-07-10 14:35:00+05:30,KOTAKBANK,buy,16666.666666666664,0.16666666666666666,False
2026-07-10 14:35:00+05:30,M&M,buy,16666.666666666664,0.16666666666666666,False
2026-07-10 14:35:00+05:30,MARUTI,buy,16666.666666666664,0.16666666666666666,False
2026-07-10 14:35:00+05:30,TATASTEEL,buy,16666.666666666664,0.16666666666666666,False
2026-07-10 14:40:00+05:30,HCLTECH,buy,16666.666666666664,0.16666666666666666,False
2026-07-10 14:40:00+05:30,HDFCBANK,buy,33333.33333333333,0.3333333333333333,False
2026-07-10 14:40:00+05:30,ICICIBANK,buy,33333.33333333333,0.3333333333333333,False
2026-07-10 14:40:00+05:30,ITC,buy,16666.666666666664,0.16666666666666666,False
2026-07-10 14:40:00+05:30,KOTAKBANK,sell,16666.666666666664,0.16666666666666666,False
2026-07-10 14:40:00+05:30,LT,sell,16666.666666666664,0.16666666666666666,False
2026-07-10 14:40:00+05:30,M&M,sell,33333.33333333333,0.3333333333333333,False
2026-07-10 14:40:00+05:30,SUNPHARMA,sell,16666.666666666664,0.16666666666666666,False
2026-07-10 14:40:00+05:30,TATASTEEL,sell,16666.666666666664,0.16666666666666666,False
2026-07-10 14:45:00+05:30,BHARTIARTL,sell,16666.666666666664,0.16666666666666666,False
2026-07-10 14:45:00+05:30,HDFCBANK,sell,16666.666666666664,0.16666666666666666,False
2026-07-10 14:45:00+05:30,ICICIBANK,sell,16666.666666666664,0.16666666666666666,False
2026-07-10 14:45:00+05:30,INFY,buy,16666.666666666664,0.16666666666666666,False
2026-07-10 14:45:00+05:30,KOTAKBANK,buy,16666.666666666664,0.16666666666666666,False
2026-07-10 14:45:00+05:30,M&M,buy,16666.666666666664,0.16666666666666666,False
2026-07-10 14:45:00+05:30,SUNPHARMA,sell,16666.666666666664,0.16666666666666666,False
2026-07-10 14:45:00+05:30,TATASTEEL,buy,16666.666666666664,0.16666666666666666,False
2026-07-10 14:50:00+05:30,AXISBANK,sell,16666.666666666664,0.16666666666666666,False
2026-07-10 14:50:00+05:30,HCLTECH,buy,16666.666666666664,0.16666666666666666,False
2026-07-10 14:50:00+05:30,ICICIBANK,buy,16666.666666666664,0.16666666666666666,False
2026-07-10 14:50:00+05:30,INFY,sell,16666.666666666664,0.16666666666666666,False
2026-07-10 14:50:00+05:30,ITC,sell,33333.33333333333,0.3333333333333333,False
2026-07-10 14:50:00+05:30,LT,buy,16666.666666666664,0.16666666666666666,False
2026-07-10 14:50:00+05:30,SUNPHARMA,buy,16666.666666666664,0.16666666666666666,False
2026-07-10 14:55:00+05:30,HCLTECH,sell,16666.666666666664,0.16666666666666666,False
2026-07-10 14:55:00+05:30,ICICIBANK,sell,16666.666666666664,0.16666666666666666,False
2026-07-10 14:55:00+05:30,INFY,buy,16666.666666666664,0.16666666666666666,False
2026-07-10 14:55:00+05:30,TATASTEEL,buy,16666.666666666664,0.16666666666666666,False
2026-07-10 15:00:00+05:30,AXISBANK,buy,33333.33333333333,0.3333333333333333,False
2026-07-10 15:00:00+05:30,BHARTIARTL,buy,16666.666666666664,0.16666666666666666,False
2026-07-10 15:00:00+05:30,ITC,buy,16666.666666666664,0.16666666666666666,False
2026-07-10 15:00:00+05:30,RELIANCE,sell,16666.666666666664,0.16666666666666666,False
2026-07-10 15:00:00+05:30,SUNPHARMA,sell,16666.666666666664,0.16666666666666666,False
2026-07-10 15:00:00+05:30,TATASTEEL,sell,33333.33333333333,0.3333333333333333,False
2026-07-10 15:05:00+05:30,AXISBANK,sell,33333.33333333333,0.3333333333333333,False
2026-07-10 15:05:00+05:30,BHARTIARTL,buy,16666.666666666664,0.16666666666666666,False
2026-07-10 15:05:00+05:30,HDFCBANK,buy,16666.666666666664,0.16666666666666666,False
2026-07-10 15:05:00+05:30,INFY,sell,16666.666666666664,0.16666666666666666,False
2026-07-10 15:05:00+05:30,ITC,buy,16666.666666666664,0.16666666666666666,False
2026-07-10 15:05:00+05:30,KOTAKBANK,sell,16666.666666666664,0.16666666666666666,False
2026-07-10 15:05:00+05:30,M&M,sell,16666.666666666664,0.16666666666666666,False
2026-07-10 15:05:00+05:30,RELIANCE,buy,16666.666666666664,0.16666666666666666,False
2026-07-10 15:05:00+05:30,SBIN,sell,16666.666666666664,0.16666666666666666,False
2026-07-10 15:05:00+05:30,SUNPHARMA,buy,16666.666666666664,0.16666666666666666,False
2026-07-10 15:05:00+05:30,TATASTEEL,buy,16666.666666666664,0.16666666666666666,False
2026-07-10 15:10:00+05:30,AXISBANK,buy,16666.666666666664,0.16666666666666666,False
2026-07-10 15:10:00+05:30,BHARTIARTL,sell,33333.33333333333,0.3333333333333333,False
2026-07-10 15:10:00+05:30,HDFCBANK,sell,16666.666666666664,0.16666666666666666,False
2026-07-10 15:10:00+05:30,ICICIBANK,buy,16666.666666666664,0.16666666666666666,False
2026-07-10 15:10:00+05:30,ITC,sell,16666.666666666664,0.16666666666666666,False
2026-07-10 15:10:00+05:30,KOTAKBANK,buy,16666.666666666664,0.16666666666666666,False
2026-07-10 15:10:00+05:30,LT,sell,16666.666666666664,0.16666666666666666,False
2026-07-10 15:10:00+05:30,M&M,buy,33333.33333333333,0.3333333333333333,False
2026-07-10 15:10:00+05:30,RELIANCE,sell,16666.666666666664,0.16666666666666666,False
2026-07-10 15:10:00+05:30,SBIN,buy,16666.666666666664,0.16666666666666666,False
2026-07-10 15:15:00+05:30,AXISBANK,sell,16666.666666666664,0.16666666666666666,False
2026-07-10 15:15:00+05:30,BHARTIARTL,buy,16666.666666666664,0.16666666666666666,False
2026-07-10 15:15:00+05:30,HCLTECH,sell,16666.666666666664,0.16666666666666666,False
2026-07-10 15:15:00+05:30,ITC,buy,16666.666666666664,0.16666666666666666,False
2026-07-10 15:15:00+05:30,KOTAKBANK,sell,16666.666666666664,0.16666666666666666,False
2026-07-10 15:15:00+05:30,LT,buy,16666.666666666664,0.16666666666666666,False
2026-07-10 15:15:00+05:30,M&M,sell,16666.666666666664,0.16666666666666666,False
2026-07-10 15:15:00+05:30,TATASTEEL,buy,16666.666666666664,0.16666666666666666,False
2026-07-10 15:20:00+05:30,HCLTECH,buy,16666.666666666664,0.16666666666666666,False
2026-07-10 15:20:00+05:30,HDFCBANK,buy,16666.666666666664,0.16666666666666666,False
2026-07-10 15:20:00+05:30,INFY,buy,16666.666666666664,0.16666666666666666,False
2026-07-10 15:20:00+05:30,ITC,sell,33333.33333333333,0.3333333333333333,False
2026-07-10 15:20:00+05:30,TATASTEEL,sell,16666.666666666664,0.16666666666666666,False
2026-07-13 14:10:00+05:30,AXISBANK,buy,16666.666666666664,0.16666666666666666,False
2026-07-13 14:10:00+05:30,HDFCBANK,sell,33333.33333333333,0.3333333333333333,False
2026-07-13 14:10:00+05:30,ICICIBANK,sell,16666.666666666664,0.16666666666666666,False
2026-07-13 14:10:00+05:30,INFY,sell,16666.666666666664,0.16666666666666666,False
2026-07-13 14:10:00+05:30,ITC,buy,16666.666666666664,0.16666666666666666,False
2026-07-13 14:10:00+05:30,KOTAKBANK,sell,16666.666666666664,0.16666666666666666,False
2026-07-13 14:10:00+05:30,LT,sell,16666.666666666664,0.16666666666666666,False
2026-07-13 14:10:00+05:30,M&M,buy,16666.666666666664,0.16666666666666666,False
2026-07-13 14:10:00+05:30,RELIANCE,buy,33333.33333333333,0.3333333333333333,False
2026-07-13 14:10:00+05:30,TATASTEEL,buy,16666.666666666664,0.16666666666666666,False
2026-07-13 14:15:00+05:30,HDFCBANK,buy,16666.666666666664,0.16666666666666666,False
2026-07-13 14:15:00+05:30,ICICIBANK,sell,16666.666666666664,0.16666666666666666,False
2026-07-13 14:15:00+05:30,INFY,sell,16666.666666666664,0.16666666666666666,False
2026-07-13 14:15:00+05:30,LT,buy,16666.666666666664,0.16666666666666666,False
2026-07-13 14:15:00+05:30,MARUTI,buy,16666.666666666664,0.16666666666666666,False
2026-07-13 14:15:00+05:30,TATASTEEL,sell,16666.666666666664,0.16666666666666666,False
2026-07-13 14:20:00+05:30,AXISBANK,sell,16666.666666666664,0.16666666666666666,False
2026-07-13 14:20:00+05:30,ICICIBANK,buy,16666.666666666664,0.16666666666666666,False
2026-07-13 14:20:00+05:30,INFY,buy,16666.666666666664,0.16666666666666666,False
2026-07-13 14:20:00+05:30,ITC,sell,16666.666666666664,0.16666666666666666,False
2026-07-13 14:20:00+05:30,LT,buy,16666.666666666664,0.16666666666666666,False
2026-07-13 14:20:00+05:30,M&M,sell,16666.666666666664,0.16666666666666666,False
2026-07-13 14:20:00+05:30,MARUTI,sell,16666.666666666664,0.16666666666666666,False
2026-07-13 14:20:00+05:30,TATASTEEL,buy,16666.666666666664,0.16666666666666666,False
2026-07-13 14:25:00+05:30,BHARTIARTL,sell,16666.666666666664,0.16666666666666666,False
2026-07-13 14:25:00+05:30,ICICIBANK,sell,16666.666666666664,0.16666666666666666,False
2026-07-13 14:25:00+05:30,ITC,buy,33333.33333333333,0.3333333333333333,False
2026-07-13 14:25:00+05:30,KOTAKBANK,buy,16666.666666666664,0.16666666666666666,False
2026-07-13 14:25:00+05:30,MARUTI,buy,16666.666666666664,0.16666666666666666,False
2026-07-13 14:25:00+05:30,RELIANCE,sell,16666.666666666664,0.16666666666666666,False
2026-07-13 14:25:00+05:30,TATASTEEL,sell,16666.666666666664,0.16666666666666666,False
2026-07-13 14:30:00+05:30,BHARTIARTL,buy,33333.33333333333,0.3333333333333333,False
2026-07-13 14:30:00+05:30,ICICIBANK,buy,16666.666666666664,0.16666666666666666,False
2026-07-13 14:30:00+05:30,ITC,sell,16666.666666666664,0.16666666666666666,False
2026-07-13 14:30:00+05:30,KOTAKBANK,sell,16666.666666666664,0.16666666666666666,False
2026-07-13 14:30:00+05:30,LT,sell,16666.666666666664,0.16666666666666666,False
2026-07-13 14:30:00+05:30,M&M,sell,16666.666666666664,0.16666666666666666,False
2026-07-13 14:30:00+05:30,MARUTI,sell,16666.666666666664,0.16666666666666666,False
2026-07-13 14:30:00+05:30,RELIANCE,buy,16666.666666666664,0.16666666666666666,False
2026-07-13 14:30:00+05:30,SUNPHARMA,buy,16666.666666666664,0.16666666666666666,False
2026-07-13 14:35:00+05:30,AXISBANK,buy,16666.666666666664,0.16666666666666666,False
2026-07-13 14:35:00+05:30,BHARTIARTL,sell,16666.666666666664,0.16666666666666666,False
2026-07-13 14:35:00+05:30,HDFCBANK,buy,16666.666666666664,0.16666666666666666,False
2026-07-13 14:35:00+05:30,INFY,sell,16666.666666666664,0.16666666666666666,False
2026-07-13 14:35:00+05:30,ITC,buy,16666.666666666664,0.16666666666666666,False
2026-07-13 14:35:00+05:30,KOTAKBANK,buy,16666.666666666664,0.16666666666666666,False
2026-07-13 14:35:00+05:30,RELIANCE,sell,16666.666666666664,0.16666666666666666,False
2026-07-13 14:35:00+05:30,SUNPHARMA,sell,33333.33333333333,0.3333333333333333,False
2026-07-13 14:35:00+05:30,TATASTEEL,buy,16666.666666666664,0.16666666666666666,False
2026-07-13 14:40:00+05:30,BHARTIARTL,buy,16666.666666666664,0.16666666666666666,False
2026-07-13 14:40:00+05:30,HCLTECH,sell,16666.666666666664,0.16666666666666666,False
2026-07-13 14:40:00+05:30,HDFCBANK,sell,16666.666666666664,0.16666666666666666,False
2026-07-13 14:40:00+05:30,INFY,buy,16666.666666666664,0.16666666666666666,False
2026-07-13 14:40:00+05:30,KOTAKBANK,sell,16666.666666666664,0.16666666666666666,False
2026-07-13 14:40:00+05:30,LT,buy,16666.666666666664,0.16666666666666666,False
2026-07-13 14:40:00+05:30,M&M,buy,16666.666666666664,0.16666666666666666,False
2026-07-13 14:40:00+05:30,SBIN,sell,16666.666666666664,0.16666666666666666,False
2026-07-13 14:40:00+05:30,SUNPHARMA,buy,16666.666666666664,0.16666666666666666,False
2026-07-13 14:40:00+05:30,TATASTEEL,sell,16666.666666666664,0.16666666666666666,False
2026-07-13 14:45:00+05:30,AXISBANK,buy,16666.666666666664,0.16666666666666666,False
2026-07-13 14:45:00+05:30,BHARTIARTL,sell,16666.666666666664,0.16666666666666666,False
2026-07-13 14:45:00+05:30,HCLTECH,buy,16666.666666666664,0.16666666666666666,False
2026-07-13 14:45:00+05:30,ICICIBANK,sell,16666.666666666664,0.16666666666666666,False
2026-07-13 14:45:00+05:30,LT,sell,16666.666666666664,0.16666666666666666,False
2026-07-13 14:45:00+05:30,M&M,sell,16666.666666666664,0.16666666666666666,False
2026-07-13 14:45:00+05:30,SBIN,buy,33333.33333333333,0.3333333333333333,False
2026-07-13 14:50:00+05:30,AXISBANK,sell,16666.666666666664,0.16666666666666666,False
2026-07-13 14:50:00+05:30,HCLTECH,buy,16666.666666666664,0.16666666666666666,False
2026-07-13 14:50:00+05:30,KOTAKBANK,buy,16666.666666666664,0.16666666666666666,False
2026-07-13 14:50:00+05:30,LT,sell,16666.666666666664,0.16666666666666666,False
2026-07-13 14:55:00+05:30,AXISBANK,buy,16666.666666666664,0.16666666666666666,False
2026-07-13 14:55:00+05:30,HCLTECH,sell,16666.666666666664,0.16666666666666666,False
2026-07-13 14:55:00+05:30,ICICIBANK,buy,16666.666666666664,0.16666666666666666,False
2026-07-13 14:55:00+05:30,LT,buy,16666.666666666664,0.16666666666666666,False
2026-07-13 14:55:00+05:30,MARUTI,sell,16666.666666666664,0.16666666666666666,False
2026-07-13 14:55:00+05:30,SUNPHARMA,sell,16666.666666666664,0.16666666666666666,False
2026-07-13 15:00:00+05:30,AXISBANK,sell,16666.666666666664,0.16666666666666666,False
2026-07-13 15:00:00+05:30,BHARTIARTL,buy,16666.666666666664,0.16666666666666666,False
2026-07-13 15:00:00+05:30,ICICIBANK,sell,16666.666666666664,0.16666666666666666,False
2026-07-13 15:00:00+05:30,ITC,sell,16666.666666666664,0.16666666666666666,False
2026-07-13 15:00:00+05:30,KOTAKBANK,sell,16666.666666666664,0.16666666666666666,False
2026-07-13 15:00:00+05:30,LT,sell,16666.666666666664,0.16666666666666666,False
2026-07-13 15:00:00+05:30,M&M,buy,16666.666666666664,0.16666666666666666,False
2026-07-13 15:00:00+05:30,MARUTI,buy,33333.33333333333,0.3333333333333333,False
2026-07-13 15:00:00+05:30,SBIN,sell,16666.666666666664,0.16666666666666666,False
2026-07-13 15:00:00+05:30,SUNPHARMA,buy,33333.33333333333,0.3333333333333333,False
2026-07-13 15:05:00+05:30,BHARTIARTL,sell,16666.666666666664,0.16666666666666666,False
2026-07-13 15:05:00+05:30,HDFCBANK,buy,16666.666666666664,0.16666666666666666,False
2026-07-13 15:05:00+05:30,ICICIBANK,buy,16666.666666666664,0.16666666666666666,False
2026-07-13 15:05:00+05:30,ITC,buy,16666.666666666664,0.16666666666666666,False
2026-07-13 15:05:00+05:30,LT,buy,33333.33333333333,0.3333333333333333,False
2026-07-13 15:05:00+05:30,MARUTI,sell,16666.666666666664,0.16666666666666666,False
2026-07-13 15:05:00+05:30,SUNPHARMA,sell,33333.33333333333,0.3333333333333333,False
2026-07-13 15:05:00+05:30,TATASTEEL,sell,16666.666666666664,0.16666666666666666,False
2026-07-13 15:10:00+05:30,HCLTECH,sell,16666.666666666664,0.16666666666666666,False
2026-07-13 15:10:00+05:30,HDFCBANK,sell,16666.666666666664,0.16666666666666666,False
2026-07-13 15:10:00+05:30,ICICIBANK,sell,16666.666666666664,0.16666666666666666,False
2026-07-13 15:10:00+05:30,INFY,buy,16666.666666666664,0.16666666666666666,False
2026-07-13 15:10:00+05:30,KOTAKBANK,buy,16666.666666666664,0.16666666666666666,False
2026-07-13 15:10:00+05:30,LT,sell,16666.666666666664,0.16666666666666666,False
2026-07-13 15:10:00+05:30,SBIN,buy,16666.666666666664,0.16666666666666666,False
2026-07-13 15:10:00+05:30,SUNPHARMA,buy,16666.666666666664,0.16666666666666666,False
2026-07-13 15:15:00+05:30,AXISBANK,buy,16666.666666666664,0.16666666666666666,False
2026-07-13 15:15:00+05:30,ICICIBANK,buy,16666.666666666664,0.16666666666666666,False
2026-07-13 15:15:00+05:30,INFY,sell,33333.33333333333,0.3333333333333333,False
2026-07-13 15:15:00+05:30,ITC,sell,16666.666666666664,0.16666666666666666,False
2026-07-13 15:15:00+05:30,LT,buy,16666.666666666664,0.16666666666666666,False
2026-07-13 15:15:00+05:30,MARUTI,sell,16666.666666666664,0.16666666666666666,False
2026-07-13 15:15:00+05:30,SBIN,sell,16666.666666666664,0.16666666666666666,False
2026-07-13 15:15:00+05:30,SUNPHARMA,buy,16666.666666666664,0.16666666666666666,False
2026-07-13 15:15:00+05:30,TATASTEEL,buy,16666.666666666664,0.16666666666666666,False
2026-07-13 15:20:00+05:30,AXISBANK,sell,16666.666666666664,0.16666666666666666,False
2026-07-13 15:20:00+05:30,BHARTIARTL,buy,16666.666666666664,0.16666666666666666,False
2026-07-13 15:20:00+05:30,HCLTECH,buy,16666.666666666664,0.16666666666666666,False
2026-07-13 15:20:00+05:30,KOTAKBANK,buy,16666.666666666664,0.16666666666666666,False
2026-07-13 15:20:00+05:30,LT,sell,33333.33333333333,0.3333333333333333,False
2026-07-13 15:20:00+05:30,M&M,sell,16666.666666666664,0.16666666666666666,False
2026-07-13 15:20:00+05:30,MARUTI,buy,16666.666666666664,0.16666666666666666,False
2026-07-13 15:20:00+05:30,SUNPHARMA,sell,16666.666666666664,0.16666666666666666,False
2026-07-13 15:20:00+05:30,TATASTEEL,buy,16666.666666666664,0.16666666666666666,False
2026-07-14 14:10:00+05:30,AXISBANK,sell,16666.666666666664,0.16666666666666666,False
2026-07-14 14:10:00+05:30,BHARTIARTL,sell,16666.666666666664,0.16666666666666666,False
2026-07-14 14:10:00+05:30,KOTAKBANK,sell,16666.666666666664,0.16666666666666666,False
2026-07-14 14:10:00+05:30,LT,buy,16666.666666666664,0.16666666666666666,False
2026-07-14 14:10:00+05:30,M&M,buy,16666.666666666664,0.16666666666666666,False
2026-07-14 14:10:00+05:30,MARUTI,sell,16666.666666666664,0.16666666666666666,False
2026-07-14 14:10:00+05:30,RELIANCE,buy,16666.666666666664,0.16666666666666666,False
2026-07-14 14:10:00+05:30,SBIN,buy,16666.666666666664,0.16666666666666666,False
2026-07-14 14:15:00+05:30,AXISBANK,buy,16666.666666666664,0.16666666666666666,False
2026-07-14 14:15:00+05:30,BHARTIARTL,sell,16666.666666666664,0.16666666666666666,False
2026-07-14 14:15:00+05:30,HCLTECH,buy,16666.666666666664,0.16666666666666666,False
2026-07-14 14:15:00+05:30,INFY,buy,16666.666666666664,0.16666666666666666,False
2026-07-14 14:15:00+05:30,KOTAKBANK,buy,16666.666666666664,0.16666666666666666,False
2026-07-14 14:15:00+05:30,LT,sell,16666.666666666664,0.16666666666666666,False
2026-07-14 14:15:00+05:30,MARUTI,buy,16666.666666666664,0.16666666666666666,False
2026-07-14 14:15:00+05:30,RELIANCE,sell,16666.666666666664,0.16666666666666666,False
2026-07-14 14:15:00+05:30,SUNPHARMA,sell,16666.666666666664,0.16666666666666666,False
2026-07-14 14:15:00+05:30,TATASTEEL,sell,16666.666666666664,0.16666666666666666,False
2026-07-14 14:20:00+05:30,BHARTIARTL,buy,16666.666666666664,0.16666666666666666,False
2026-07-14 14:20:00+05:30,HCLTECH,sell,16666.666666666664,0.16666666666666666,False
2026-07-14 14:20:00+05:30,HDFCBANK,sell,16666.666666666664,0.16666666666666666,False
2026-07-14 14:20:00+05:30,ICICIBANK,sell,16666.666666666664,0.16666666666666666,False
2026-07-14 14:20:00+05:30,ITC,buy,16666.666666666664,0.16666666666666666,False
2026-07-14 14:20:00+05:30,KOTAKBANK,sell,16666.666666666664,0.16666666666666666,False
2026-07-14 14:20:00+05:30,LT,buy,33333.33333333333,0.3333333333333333,False
2026-07-14 14:20:00+05:30,RELIANCE,buy,16666.666666666664,0.16666666666666666,False
2026-07-14 14:20:00+05:30,SBIN,sell,16666.666666666664,0.16666666666666666,False
2026-07-14 14:25:00+05:30,AXISBANK,sell,16666.666666666664,0.16666666666666666,False
2026-07-14 14:25:00+05:30,HCLTECH,buy,16666.666666666664,0.16666666666666666,False
2026-07-14 14:25:00+05:30,HDFCBANK,buy,16666.666666666664,0.16666666666666666,False
2026-07-14 14:25:00+05:30,KOTAKBANK,buy,16666.666666666664,0.16666666666666666,False
2026-07-14 14:25:00+05:30,LT,sell,33333.33333333333,0.3333333333333333,False
2026-07-14 14:25:00+05:30,RELIANCE,sell,16666.666666666664,0.16666666666666666,False
2026-07-14 14:25:00+05:30,SUNPHARMA,buy,16666.666666666664,0.16666666666666666,False
2026-07-14 14:30:00+05:30,BHARTIARTL,sell,16666.666666666664,0.16666666666666666,False
2026-07-14 14:30:00+05:30,HCLTECH,sell,16666.666666666664,0.16666666666666666,False
2026-07-14 14:30:00+05:30,ICICIBANK,buy,16666.666666666664,0.16666666666666666,False
2026-07-14 14:30:00+05:30,INFY,sell,16666.666666666664,0.16666666666666666,False
2026-07-14 14:30:00+05:30,KOTAKBANK,sell,16666.666666666664,0.16666666666666666,False
2026-07-14 14:30:00+05:30,LT,buy,16666.666666666664,0.16666666666666666,False
2026-07-14 14:30:00+05:30,MARUTI,buy,16666.666666666664,0.16666666666666666,False
2026-07-14 14:30:00+05:30,RELIANCE,buy,16666.666666666664,0.16666666666666666,False
2026-07-14 14:35:00+05:30,BHARTIARTL,buy,16666.666666666664,0.16666666666666666,False
2026-07-14 14:35:00+05:30,HCLTECH,buy,16666.666666666664,0.16666666666666666,False
2026-07-14 14:35:00+05:30,INFY,buy,16666.666666666664,0.16666666666666666,False
2026-07-14 14:35:00+05:30,ITC,sell,16666.666666666664,0.16666666666666666,False
2026-07-14 14:35:00+05:30,KOTAKBANK,sell,16666.666666666664,0.16666666666666666,False
2026-07-14 14:35:00+05:30,M&M,buy,16666.666666666664,0.16666666666666666,False
2026-07-14 14:35:00+05:30,MARUTI,sell,33333.33333333333,0.3333333333333333,False
2026-07-14 14:35:00+05:30,RELIANCE,sell,16666.666666666664,0.16666666666666666,False
2026-07-14 14:35:00+05:30,SBIN,buy,16666.666666666664,0.16666666666666666,False
2026-07-14 14:40:00+05:30,ICICIBANK,sell,16666.666666666664,0.16666666666666666,False
2026-07-14 14:40:00+05:30,INFY,buy,16666.666666666664,0.16666666666666666,False
2026-07-14 14:40:00+05:30,KOTAKBANK,buy,16666.666666666664,0.16666666666666666,False
2026-07-14 14:40:00+05:30,LT,sell,16666.666666666664,0.16666666666666666,False
2026-07-14 14:40:00+05:30,MARUTI,buy,16666.666666666664,0.16666666666666666,False
2026-07-14 14:40:00+05:30,SBIN,sell,16666.666666666664,0.16666666666666666,False
2026-07-14 14:45:00+05:30,HCLTECH,sell,16666.666666666664,0.16666666666666666,False
2026-07-14 14:45:00+05:30,HDFCBANK,buy,16666.666666666664,0.16666666666666666,False
2026-07-14 14:45:00+05:30,ICICIBANK,buy,16666.666666666664,0.16666666666666666,False
2026-07-14 14:45:00+05:30,INFY,sell,16666.666666666664,0.16666666666666666,False
2026-07-14 14:45:00+05:30,ITC,sell,16666.666666666664,0.16666666666666666,False
2026-07-14 14:45:00+05:30,M&M,sell,16666.666666666664,0.16666666666666666,False
2026-07-14 14:45:00+05:30,SBIN,buy,16666.666666666664,0.16666666666666666,False
2026-07-14 14:45:00+05:30,TATASTEEL,buy,16666.666666666664,0.16666666666666666,False
2026-07-14 14:50:00+05:30,AXISBANK,buy,16666.666666666664,0.16666666666666666,False
2026-07-14 14:50:00+05:30,BHARTIARTL,sell,16666.666666666664,0.16666666666666666,False
2026-07-14 14:50:00+05:30,HDFCBANK,sell,16666.666666666664,0.16666666666666666,False
2026-07-14 14:50:00+05:30,INFY,buy,16666.666666666664,0.16666666666666666,False
2026-07-14 14:50:00+05:30,ITC,buy,33333.33333333333,0.3333333333333333,False
2026-07-14 14:50:00+05:30,LT,buy,16666.666666666664,0.16666666666666666,False
2026-07-14 14:50:00+05:30,M&M,sell,16666.666666666664,0.16666666666666666,False
2026-07-14 14:50:00+05:30,SBIN,sell,16666.666666666664,0.16666666666666666,False
2026-07-14 14:50:00+05:30,SUNPHARMA,buy,16666.666666666664,0.16666666666666666,False
2026-07-14 14:50:00+05:30,TATASTEEL,sell,33333.33333333333,0.3333333333333333,False
2026-07-14 14:55:00+05:30,AXISBANK,sell,16666.666666666664,0.16666666666666666,False
2026-07-14 14:55:00+05:30,BHARTIARTL,buy,16666.666666666664,0.16666666666666666,False
2026-07-14 14:55:00+05:30,HCLTECH,buy,16666.666666666664,0.16666666666666666,False
2026-07-14 14:55:00+05:30,INFY,sell,16666.666666666664,0.16666666666666666,False
2026-07-14 14:55:00+05:30,ITC,sell,16666.666666666664,0.16666666666666666,False
2026-07-14 14:55:00+05:30,KOTAKBANK,sell,16666.666666666664,0.16666666666666666,False
2026-07-14 14:55:00+05:30,LT,sell,16666.666666666664,0.16666666666666666,False
2026-07-14 14:55:00+05:30,M&M,buy,16666.666666666664,0.16666666666666666,False
2026-07-14 14:55:00+05:30,MARUTI,buy,16666.666666666664,0.16666666666666666,False
2026-07-14 14:55:00+05:30,TATASTEEL,buy,16666.666666666664,0.16666666666666666,False
2026-07-14 15:00:00+05:30,AXISBANK,buy,16666.666666666664,0.16666666666666666,False
2026-07-14 15:00:00+05:30,INFY,buy,16666.666666666664,0.16666666666666666,False
2026-07-14 15:00:00+05:30,M&M,sell,16666.666666666664,0.16666666666666666,False
2026-07-14 15:00:00+05:30,SUNPHARMA,sell,16666.666666666664,0.16666666666666666,False
2026-07-14 15:05:00+05:30,AXISBANK,sell,16666.666666666664,0.16666666666666666,False
2026-07-14 15:05:00+05:30,BHARTIARTL,buy,16666.666666666664,0.16666666666666666,False
2026-07-14 15:05:00+05:30,HCLTECH,sell,16666.666666666664,0.16666666666666666,False
2026-07-14 15:05:00+05:30,ITC,buy,16666.666666666664,0.16666666666666666,False
2026-07-14 15:05:00+05:30,KOTAKBANK,buy,16666.666666666664,0.16666666666666666,False
2026-07-14 15:05:00+05:30,LT,buy,16666.666666666664,0.16666666666666666,False
2026-07-14 15:05:00+05:30,M&M,buy,16666.666666666664,0.16666666666666666,False
2026-07-14 15:05:00+05:30,MARUTI,sell,16666.666666666664,0.16666666666666666,False
2026-07-14 15:05:00+05:30,SUNPHARMA,sell,16666.666666666664,0.16666666666666666,False
2026-07-14 15:05:00+05:30,TATASTEEL,sell,16666.666666666664,0.16666666666666666,False
2026-07-14 15:10:00+05:30,AXISBANK,buy,16666.666666666664,0.16666666666666666,False
2026-07-14 15:10:00+05:30,HCLTECH,buy,16666.666666666664,0.16666666666666666,False
2026-07-14 15:10:00+05:30,INFY,sell,16666.666666666664,0.16666666666666666,False
2026-07-14 15:10:00+05:30,ITC,sell,16666.666666666664,0.16666666666666666,False
2026-07-14 15:10:00+05:30,LT,sell,16666.666666666664,0.16666666666666666,False
2026-07-14 15:10:00+05:30,MARUTI,sell,16666.666666666664,0.16666666666666666,False
2026-07-14 15:10:00+05:30,SBIN,buy,16666.666666666664,0.16666666666666666,False
2026-07-14 15:10:00+05:30,TATASTEEL,buy,16666.666666666664,0.16666666666666666,False
2026-07-14 15:15:00+05:30,BHARTIARTL,sell,16666.666666666664,0.16666666666666666,False
2026-07-14 15:15:00+05:30,HCLTECH,sell,16666.666666666664,0.16666666666666666,False
2026-07-14 15:15:00+05:30,HDFCBANK,buy,16666.666666666664,0.16666666666666666,False
2026-07-14 15:15:00+05:30,ITC,sell,16666.666666666664,0.16666666666666666,False
2026-07-14 15:15:00+05:30,M&M,sell,16666.666666666664,0.16666666666666666,False
2026-07-14 15:15:00+05:30,MARUTI,buy,16666.666666666664,0.16666666666666666,False
2026-07-14 15:15:00+05:30,RELIANCE,buy,16666.666666666664,0.16666666666666666,False
2026-07-14 15:15:00+05:30,SUNPHARMA,buy,16666.666666666664,0.16666666666666666,False
2026-07-14 15:20:00+05:30,AXISBANK,sell,16666.666666666664,0.16666666666666666,False
2026-07-14 15:20:00+05:30,HCLTECH,buy,16666.666666666664,0.16666666666666666,False
2026-07-14 15:20:00+05:30,HDFCBANK,sell,16666.666666666664,0.16666666666666666,False
2026-07-14 15:20:00+05:30,INFY,sell,16666.666666666664,0.16666666666666666,False
2026-07-14 15:20:00+05:30,ITC,buy,16666.666666666664,0.16666666666666666,False
2026-07-14 15:20:00+05:30,LT,buy,33333.33333333333,0.3333333333333333,False
2026-07-14 15:20:00+05:30,M&M,buy,33333.33333333333,0.3333333333333333,False
2026-07-14 15:20:00+05:30,RELIANCE,sell,33333.33333333333,0.3333333333333333,False
2026-07-14 15:20:00+05:30,SBIN,sell,16666.666666666664,0.16666666666666666,False
2026-07-15 14:10:00+05:30,AXISBANK,buy,16666.666666666664,0.16666666666666666,False
2026-07-15 14:10:00+05:30,HCLTECH,sell,16666.666666666664,0.16666666666666666,False
2026-07-15 14:10:00+05:30,HDFCBANK,sell,16666.666666666664,0.16666666666666666,False
2026-07-15 14:10:00+05:30,INFY,buy,16666.666666666664,0.16666666666666666,False
2026-07-15 14:10:00+05:30,ITC,sell,16666.666666666664,0.16666666666666666,False
2026-07-15 14:10:00+05:30,M&M,sell,16666.666666666664,0.16666666666666666,False
2026-07-15 14:10:00+05:30,SUNPHARMA,buy,16666.666666666664,0.16666666666666666,False
2026-07-15 14:10:00+05:30,TATASTEEL,buy,16666.666666666664,0.16666666666666666,False
2026-07-15 14:15:00+05:30,BHARTIARTL,buy,16666.666666666664,0.16666666666666666,False
2026-07-15 14:15:00+05:30,HDFCBANK,buy,16666.666666666664,0.16666666666666666,False
2026-07-15 14:15:00+05:30,INFY,sell,16666.666666666664,0.16666666666666666,False
2026-07-15 14:15:00+05:30,RELIANCE,buy,16666.666666666664,0.16666666666666666,False
2026-07-15 14:15:00+05:30,TATASTEEL,sell,33333.33333333333,0.3333333333333333,False
2026-07-15 14:20:00+05:30,HDFCBANK,sell,16666.666666666664,0.16666666666666666,False
2026-07-15 14:20:00+05:30,ICICIBANK,buy,16666.666666666664,0.16666666666666666,False
2026-07-15 14:20:00+05:30,INFY,buy,16666.666666666664,0.16666666666666666,False
2026-07-15 14:20:00+05:30,ITC,buy,16666.666666666664,0.16666666666666666,False
2026-07-15 14:20:00+05:30,LT,sell,16666.666666666664,0.16666666666666666,False
2026-07-15 14:20:00+05:30,M&M,sell,16666.666666666664,0.16666666666666666,False
2026-07-15 14:20:00+05:30,MARUTI,sell,16666.666666666664,0.16666666666666666,False
2026-07-15 14:20:00+05:30,TATASTEEL,buy,16666.666666666664,0.16666666666666666,False
2026-07-15 14:25:00+05:30,AXISBANK,buy,16666.666666666664,0.16666666666666666,False
2026-07-15 14:25:00+05:30,BHARTIARTL,sell,16666.666666666664,0.16666666666666666,False
2026-07-15 14:25:00+05:30,HCLTECH,buy,16666.666666666664,0.16666666666666666,False
2026-07-15 14:25:00+05:30,ICICIBANK,sell,16666.666666666664,0.16666666666666666,False
2026-07-15 14:25:00+05:30,INFY,buy,16666.666666666664,0.16666666666666666,False
2026-07-15 14:25:00+05:30,ITC,sell,16666.666666666664,0.16666666666666666,False
2026-07-15 14:25:00+05:30,M&M,buy,16666.666666666664,0.16666666666666666,False
2026-07-15 14:25:00+05:30,MARUTI,buy,16666.666666666664,0.16666666666666666,False
2026-07-15 14:25:00+05:30,RELIANCE,sell,16666.666666666664,0.16666666666666666,False
2026-07-15 14:25:00+05:30,SUNPHARMA,sell,16666.666666666664,0.16666666666666666,False
2026-07-15 14:30:00+05:30,AXISBANK,sell,16666.666666666664,0.16666666666666666,False
2026-07-15 14:30:00+05:30,HCLTECH,sell,16666.666666666664,0.16666666666666666,False
2026-07-15 14:30:00+05:30,HDFCBANK,buy,16666.666666666664,0.16666666666666666,False
2026-07-15 14:30:00+05:30,ICICIBANK,buy,16666.666666666664,0.16666666666666666,False
2026-07-15 14:30:00+05:30,INFY,sell,16666.666666666664,0.16666666666666666,False
2026-07-15 14:30:00+05:30,MARUTI,sell,16666.666666666664,0.16666666666666666,False
2026-07-15 14:30:00+05:30,SBIN,buy,16666.666666666664,0.16666666666666666,False
2026-07-15 14:30:00+05:30,TATASTEEL,buy,16666.666666666664,0.16666666666666666,False
2026-07-15 14:35:00+05:30,AXISBANK,buy,16666.666666666664,0.16666666666666666,False
2026-07-15 14:35:00+05:30,BHARTIARTL,buy,16666.666666666664,0.16666666666666666,False
2026-07-15 14:35:00+05:30,HDFCBANK,sell,16666.666666666664,0.16666666666666666,False
2026-07-15 14:35:00+05:30,ICICIBANK,sell,16666.666666666664,0.16666666666666666,False
2026-07-15 14:35:00+05:30,INFY,buy,16666.666666666664,0.16666666666666666,False
2026-07-15 14:35:00+05:30,ITC,buy,16666.666666666664,0.16666666666666666,False
2026-07-15 14:35:00+05:30,RELIANCE,buy,16666.666666666664,0.16666666666666666,False
2026-07-15 14:35:00+05:30,SBIN,sell,16666.666666666664,0.16666666666666666,False
2026-07-15 14:35:00+05:30,TATASTEEL,sell,33333.33333333333,0.3333333333333333,False
2026-07-15 14:40:00+05:30,AXISBANK,sell,16666.666666666664,0.16666666666666666,False
2026-07-15 14:40:00+05:30,BHARTIARTL,sell,16666.666666666664,0.16666666666666666,False
2026-07-15 14:40:00+05:30,INFY,sell,16666.666666666664,0.16666666666666666,False
2026-07-15 14:40:00+05:30,LT,sell,16666.666666666664,0.16666666666666666,False
2026-07-15 14:40:00+05:30,M&M,buy,16666.666666666664,0.16666666666666666,False
2026-07-15 14:40:00+05:30,MARUTI,buy,16666.666666666664,0.16666666666666666,False
2026-07-15 14:40:00+05:30,RELIANCE,sell,16666.666666666664,0.16666666666666666,False
2026-07-15 14:40:00+05:30,SUNPHARMA,buy,16666.666666666664,0.16666666666666666,False
2026-07-15 14:40:00+05:30,TATASTEEL,buy,33333.33333333333,0.3333333333333333,False
2026-07-15 14:45:00+05:30,AXISBANK,buy,16666.666666666664,0.16666666666666666,False
2026-07-15 14:45:00+05:30,HDFCBANK,buy,16666.666666666664,0.16666666666666666,False
2026-07-15 14:45:00+05:30,ICICIBANK,buy,16666.666666666664,0.16666666666666666,False
2026-07-15 14:45:00+05:30,KOTAKBANK,sell,16666.666666666664,0.16666666666666666,False
2026-07-15 14:45:00+05:30,LT,buy,16666.666666666664,0.16666666666666666,False
2026-07-15 14:45:00+05:30,RELIANCE,buy,16666.666666666664,0.16666666666666666,False
2026-07-15 14:45:00+05:30,SBIN,sell,16666.666666666664,0.16666666666666666,False
2026-07-15 14:45:00+05:30,SUNPHARMA,sell,33333.33333333333,0.3333333333333333,False
2026-07-15 14:45:00+05:30,TATASTEEL,sell,16666.666666666664,0.16666666666666666,False
2026-07-15 14:50:00+05:30,AXISBANK,sell,16666.666666666664,0.16666666666666666,False
2026-07-15 14:50:00+05:30,KOTAKBANK,buy,33333.33333333333,0.3333333333333333,False
2026-07-15 14:50:00+05:30,LT,buy,16666.666666666664,0.16666666666666666,False
2026-07-15 14:50:00+05:30,M&M,sell,16666.666666666664,0.16666666666666666,False
2026-07-15 14:50:00+05:30,MARUTI,sell,16666.666666666664,0.16666666666666666,False
2026-07-15 14:55:00+05:30,AXISBANK,buy,16666.666666666664,0.16666666666666666,False
2026-07-15 14:55:00+05:30,BHARTIARTL,buy,16666.666666666664,0.16666666666666666,False
2026-07-15 14:55:00+05:30,ICICIBANK,sell,33333.33333333333,0.3333333333333333,False
2026-07-15 14:55:00+05:30,ITC,sell,16666.666666666664,0.16666666666666666,False
2026-07-15 14:55:00+05:30,KOTAKBANK,sell,16666.666666666664,0.16666666666666666,False
2026-07-15 14:55:00+05:30,SBIN,buy,16666.666666666664,0.16666666666666666,False
2026-07-15 14:55:00+05:30,SUNPHARMA,buy,16666.666666666664,0.16666666666666666,False
2026-07-15 15:00:00+05:30,AXISBANK,sell,16666.666666666664,0.16666666666666666,False
2026-07-15 15:00:00+05:30,HCLTECH,sell,16666.666666666664,0.16666666666666666,False
2026-07-15 15:00:00+05:30,ICICIBANK,buy,16666.666666666664,0.16666666666666666,False
2026-07-15 15:00:00+05:30,RELIANCE,buy,16666.666666666664,0.16666666666666666,False
2026-07-15 15:05:00+05:30,BHARTIARTL,sell,16666.666666666664,0.16666666666666666,False
2026-07-15 15:05:00+05:30,HCLTECH,buy,16666.666666666664,0.16666666666666666,False
2026-07-15 15:05:00+05:30,HDFCBANK,sell,16666.666666666664,0.16666666666666666,False
2026-07-15 15:05:00+05:30,ICICIBANK,sell,16666.666666666664,0.16666666666666666,False
2026-07-15 15:05:00+05:30,ITC,buy,16666.666666666664,0.16666666666666666,False
2026-07-15 15:05:00+05:30,LT,sell,16666.666666666664,0.16666666666666666,False
2026-07-15 15:05:00+05:30,M&M,buy,16666.666666666664,0.16666666666666666,False
2026-07-15 15:05:00+05:30,MARUTI,buy,16666.666666666664,0.16666666666666666,False
2026-07-15 15:05:00+05:30,RELIANCE,sell,16666.666666666664,0.16666666666666666,False
2026-07-15 15:05:00+05:30,SBIN,sell,16666.666666666664,0.16666666666666666,False
2026-07-15 15:05:00+05:30,SUNPHARMA,buy,16666.666666666664,0.16666666666666666,False
2026-07-15 15:05:00+05:30,TATASTEEL,buy,16666.666666666664,0.16666666666666666,False
2026-07-15 15:10:00+05:30,ITC,buy,16666.666666666664,0.16666666666666666,False
2026-07-15 15:10:00+05:30,LT,buy,16666.666666666664,0.16666666666666666,False
2026-07-15 15:10:00+05:30,M&M,sell,16666.666666666664,0.16666666666666666,False
2026-07-15 15:10:00+05:30,SUNPHARMA,sell,16666.666666666664,0.16666666666666666,False
2026-07-15 15:15:00+05:30,AXISBANK,sell,16666.666666666664,0.16666666666666666,False
2026-07-15 15:15:00+05:30,HDFCBANK,buy,16666.666666666664,0.16666666666666666,False
2026-07-15 15:15:00+05:30,INFY,buy,16666.666666666664,0.16666666666666666,False
2026-07-15 15:15:00+05:30,ITC,sell,16666.666666666664,0.16666666666666666,False
2026-07-15 15:15:00+05:30,KOTAKBANK,sell,16666.666666666664,0.16666666666666666,False
2026-07-15 15:15:00+05:30,LT,sell,16666.666666666664,0.16666666666666666,False
2026-07-15 15:15:00+05:30,M&M,buy,16666.666666666664,0.16666666666666666,False
2026-07-15 15:15:00+05:30,SBIN,buy,16666.666666666664,0.16666666666666666,False
2026-07-15 15:20:00+05:30,AXISBANK,buy,16666.666666666664,0.16666666666666666,False
2026-07-15 15:20:00+05:30,HDFCBANK,buy,16666.666666666664,0.16666666666666666,False
2026-07-15 15:20:00+05:30,ICICIBANK,buy,33333.33333333333,0.3333333333333333,False
2026-07-15 15:20:00+05:30,INFY,sell,16666.666666666664,0.16666666666666666,False
2026-07-15 15:20:00+05:30,ITC,sell,16666.666666666664,0.16666666666666666,False
2026-07-15 15:20:00+05:30,KOTAKBANK,buy,16666.666666666664,0.16666666666666666,False
2026-07-15 15:20:00+05:30,LT,sell,16666.666666666664,0.16666666666666666,False
2026-07-15 15:20:00+05:30,M&M,sell,33333.33333333333,0.3333333333333333,False
2026-07-16 14:10:00+05:30,HDFCBANK,sell,16666.666666666664,0.16666666666666666,False
2026-07-16 14:10:00+05:30,ICICIBANK,sell,16666.666666666664,0.16666666666666666,False
2026-07-16 14:10:00+05:30,LT,buy,16666.666666666664,0.16666666666666666,False
2026-07-16 14:10:00+05:30,MARUTI,sell,16666.666666666664,0.16666666666666666,False
2026-07-16 14:10:00+05:30,RELIANCE,buy,16666.666666666664,0.16666666666666666,False
2026-07-16 14:10:00+05:30,SUNPHARMA,buy,16666.666666666664,0.16666666666666666,False
2026-07-16 14:15:00+05:30,AXISBANK,sell,16666.666666666664,0.16666666666666666,False
2026-07-16 14:15:00+05:30,HCLTECH,sell,16666.666666666664,0.16666666666666666,False
2026-07-16 14:15:00+05:30,INFY,buy,16666.666666666664,0.16666666666666666,False
2026-07-16 14:15:00+05:30,ITC,buy,33333.33333333333,0.3333333333333333,False
2026-07-16 14:15:00+05:30,MARUTI,buy,16666.666666666664,0.16666666666666666,False
2026-07-16 14:15:00+05:30,RELIANCE,sell,16666.666666666664,0.16666666666666666,False
2026-07-16 14:15:00+05:30,SBIN,buy,16666.666666666664,0.16666666666666666,False
2026-07-16 14:15:00+05:30,SUNPHARMA,sell,16666.666666666664,0.16666666666666666,False
2026-07-16 14:15:00+05:30,TATASTEEL,sell,16666.666666666664,0.16666666666666666,False
2026-07-16 14:20:00+05:30,AXISBANK,buy,16666.666666666664,0.16666666666666666,False
2026-07-16 14:20:00+05:30,ICICIBANK,sell,16666.666666666664,0.16666666666666666,False
2026-07-16 14:20:00+05:30,INFY,sell,16666.666666666664,0.16666666666666666,False
2026-07-16 14:20:00+05:30,ITC,sell,16666.666666666664,0.16666666666666666,False
2026-07-16 14:20:00+05:30,KOTAKBANK,buy,16666.666666666664,0.16666666666666666,False
2026-07-16 14:20:00+05:30,TATASTEEL,buy,16666.666666666664,0.16666666666666666,False
2026-07-16 14:25:00+05:30,AXISBANK,sell,16666.666666666664,0.16666666666666666,False
2026-07-16 14:25:00+05:30,ICICIBANK,buy,33333.33333333333,0.3333333333333333,False
2026-07-16 14:25:00+05:30,KOTAKBANK,sell,16666.666666666664,0.16666666666666666,False
2026-07-16 14:25:00+05:30,LT,buy,16666.666666666664,0.16666666666666666,False
2026-07-16 14:25:00+05:30,M&M,buy,16666.666666666664,0.16666666666666666,False
2026-07-16 14:25:00+05:30,SUNPHARMA,sell,16666.666666666664,0.16666666666666666,False
2026-07-16 14:25:00+05:30,TATASTEEL,sell,16666.666666666664,0.16666666666666666,False
2026-07-16 14:30:00+05:30,HCLTECH,buy,16666.666666666664,0.16666666666666666,False
2026-07-16 14:30:00+05:30,ICICIBANK,sell,33333.33333333333,0.3333333333333333,False
2026-07-16 14:30:00+05:30,LT,sell,16666.666666666664,0.16666666666666666,False
2026-07-16 14:30:00+05:30,MARUTI,sell,16666.666666666664,0.16666666666666666,False
2026-07-16 14:30:00+05:30,SUNPHARMA,buy,33333.33333333333,0.3333333333333333,False
2026-07-16 14:30:00+05:30,TATASTEEL,buy,16666.666666666664,0.16666666666666666,False
2026-07-16 14:35:00+05:30,ICICIBANK,buy,16666.666666666664,0.16666666666666666,False
2026-07-16 14:35:00+05:30,ITC,buy,16666.666666666664,0.16666666666666666,False
2026-07-16 14:35:00+05:30,KOTAKBANK,buy,16666.666666666664,0.16666666666666666,False
2026-07-16 14:35:00+05:30,LT,sell,16666.666666666664,0.16666666666666666,False
2026-07-16 14:35:00+05:30,M&M,buy,16666.666666666664,0.16666666666666666,False
2026-07-16 14:35:00+05:30,MARUTI,buy,16666.666666666664,0.16666666666666666,False
2026-07-16 14:35:00+05:30,SBIN,sell,33333.33333333333,0.3333333333333333,False
2026-07-16 14:35:00+05:30,SUNPHARMA,sell,16666.666666666664,0.16666666666666666,False
2026-07-16 14:35:00+05:30,TATASTEEL,sell,16666.666666666664,0.16666666666666666,False
2026-07-16 14:40:00+05:30,BHARTIARTL,sell,16666.666666666664,0.16666666666666666,False
2026-07-16 14:40:00+05:30,HCLTECH,buy,16666.666666666664,0.16666666666666666,False
2026-07-16 14:40:00+05:30,HDFCBANK,buy,16666.666666666664,0.16666666666666666,False
2026-07-16 14:40:00+05:30,ICICIBANK,sell,16666.666666666664,0.16666666666666666,False
2026-07-16 14:40:00+05:30,ITC,sell,16666.666666666664,0.16666666666666666,False
2026-07-16 14:40:00+05:30,KOTAKBANK,sell,16666.666666666664,0.16666666666666666,False
2026-07-16 14:40:00+05:30,LT,buy,16666.666666666664,0.16666666666666666,False
2026-07-16 14:40:00+05:30,M&M,sell,16666.666666666664,0.16666666666666666,False
2026-07-16 14:40:00+05:30,SBIN,buy,16666.666666666664,0.16666666666666666,False
2026-07-16 14:40:00+05:30,SUNPHARMA,buy,16666.666666666664,0.16666666666666666,False
2026-07-16 14:45:00+05:30,AXISBANK,buy,16666.666666666664,0.16666666666666666,False
2026-07-16 14:45:00+05:30,BHARTIARTL,buy,16666.666666666664,0.16666666666666666,False
2026-07-16 14:45:00+05:30,HCLTECH,sell,16666.666666666664,0.16666666666666666,False
2026-07-16 14:45:00+05:30,KOTAKBANK,buy,16666.666666666664,0.16666666666666666,False
2026-07-16 14:45:00+05:30,LT,sell,16666.666666666664,0.16666666666666666,False
2026-07-16 14:45:00+05:30,RELIANCE,buy,16666.666666666664,0.16666666666666666,False
2026-07-16 14:45:00+05:30,SUNPHARMA,sell,33333.33333333333,0.3333333333333333,False
2026-07-16 14:50:00+05:30,AXISBANK,sell,16666.666666666664,0.16666666666666666,False
2026-07-16 14:50:00+05:30,BHARTIARTL,buy,16666.666666666664,0.16666666666666666,False
2026-07-16 14:50:00+05:30,HCLTECH,buy,16666.666666666664,0.16666666666666666,False
2026-07-16 14:50:00+05:30,HDFCBANK,sell,16666.666666666664,0.16666666666666666,False
2026-07-16 14:50:00+05:30,ICICIBANK,buy,16666.666666666664,0.16666666666666666,False
2026-07-16 14:50:00+05:30,KOTAKBANK,sell,16666.666666666664,0.16666666666666666,False
2026-07-16 14:50:00+05:30,LT,buy,16666.666666666664,0.16666666666666666,False
2026-07-16 14:50:00+05:30,MARUTI,sell,16666.666666666664,0.16666666666666666,False
2026-07-16 14:50:00+05:30,RELIANCE,sell,16666.666666666664,0.16666666666666666,False
2026-07-16 14:50:00+05:30,SBIN,sell,16666.666666666664,0.16666666666666666,False
2026-07-16 14:50:00+05:30,SUNPHARMA,buy,33333.33333333333,0.3333333333333333,False
2026-07-16 14:55:00+05:30,BHARTIARTL,sell,33333.33333333333,0.3333333333333333,False
2026-07-16 14:55:00+05:30,ICICIBANK,sell,16666.666666666664,0.16666666666666666,False
2026-07-16 14:55:00+05:30,ITC,buy,16666.666666666664,0.16666666666666666,False
2026-07-16 14:55:00+05:30,MARUTI,buy,16666.666666666664,0.16666666666666666,False
2026-07-16 14:55:00+05:30,SBIN,buy,16666.666666666664,0.16666666666666666,False
2026-07-16 15:00:00+05:30,AXISBANK,buy,16666.666666666664,0.16666666666666666,False
2026-07-16 15:00:00+05:30,BHARTIARTL,buy,33333.33333333333,0.3333333333333333,False
2026-07-16 15:00:00+05:30,HCLTECH,sell,16666.666666666664,0.16666666666666666,False
2026-07-16 15:00:00+05:30,ICICIBANK,buy,16666.666666666664,0.16666666666666666,False
2026-07-16 15:00:00+05:30,INFY,buy,16666.666666666664,0.16666666666666666,False
2026-07-16 15:00:00+05:30,ITC,sell,33333.33333333333,0.3333333333333333,False
2026-07-16 15:00:00+05:30,MARUTI,sell,16666.666666666664,0.16666666666666666,False
2026-07-16 15:00:00+05:30,RELIANCE,buy,16666.666666666664,0.16666666666666666,False
2026-07-16 15:00:00+05:30,SUNPHARMA,sell,33333.33333333333,0.3333333333333333,False
2026-07-16 15:05:00+05:30,AXISBANK,sell,16666.666666666664,0.16666666666666666,False
2026-07-16 15:05:00+05:30,BHARTIARTL,sell,16666.666666666664,0.16666666666666666,False
2026-07-16 15:05:00+05:30,M&M,buy,16666.666666666664,0.16666666666666666,False
2026-07-16 15:05:00+05:30,MARUTI,buy,33333.33333333333,0.3333333333333333,False
2026-07-16 15:05:00+05:30,RELIANCE,sell,16666.666666666664,0.16666666666666666,False
2026-07-16 15:05:00+05:30,SUNPHARMA,buy,16666.666666666664,0.16666666666666666,False
2026-07-16 15:05:00+05:30,TATASTEEL,sell,16666.666666666664,0.16666666666666666,False
2026-07-16 15:10:00+05:30,AXISBANK,buy,16666.666666666664,0.16666666666666666,False
2026-07-16 15:10:00+05:30,HCLTECH,buy,16666.666666666664,0.16666666666666666,False
2026-07-16 15:10:00+05:30,ICICIBANK,sell,16666.666666666664,0.16666666666666666,False
2026-07-16 15:10:00+05:30,INFY,sell,16666.666666666664,0.16666666666666666,False
2026-07-16 15:10:00+05:30,MARUTI,sell,16666.666666666664,0.16666666666666666,False
2026-07-16 15:10:00+05:30,RELIANCE,buy,16666.666666666664,0.16666666666666666,False
2026-07-16 15:15:00+05:30,AXISBANK,buy,16666.666666666664,0.16666666666666666,False
2026-07-16 15:15:00+05:30,BHARTIARTL,sell,16666.666666666664,0.16666666666666666,False
2026-07-16 15:15:00+05:30,HCLTECH,sell,33333.33333333333,0.3333333333333333,False
2026-07-16 15:15:00+05:30,ICICIBANK,buy,16666.666666666664,0.16666666666666666,False
2026-07-16 15:15:00+05:30,LT,buy,16666.666666666664,0.16666666666666666,False
2026-07-16 15:15:00+05:30,M&M,sell,16666.666666666664,0.16666666666666666,False
2026-07-16 15:15:00+05:30,TATASTEEL,buy,16666.666666666664,0.16666666666666666,False
2026-07-16 15:20:00+05:30,BHARTIARTL,buy,16666.666666666664,0.16666666666666666,False
2026-07-16 15:20:00+05:30,SUNPHARMA,sell,16666.666666666664,0.16666666666666666,False
2026-07-17 14:10:00+05:30,AXISBANK,sell,16666.666666666664,0.16666666666666666,False
2026-07-17 14:10:00+05:30,HCLTECH,buy,16666.666666666664,0.16666666666666666,False
2026-07-17 14:10:00+05:30,HDFCBANK,sell,16666.666666666664,0.16666666666666666,False
2026-07-17 14:10:00+05:30,ICICIBANK,sell,16666.666666666664,0.16666666666666666,False
2026-07-17 14:10:00+05:30,ITC,buy,16666.666666666664,0.16666666666666666,False
2026-07-17 14:10:00+05:30,KOTAKBANK,sell,16666.666666666664,0.16666666666666666,False
2026-07-17 14:10:00+05:30,MARUTI,buy,16666.666666666664,0.16666666666666666,False
2026-07-17 14:10:00+05:30,RELIANCE,sell,16666.666666666664,0.16666666666666666,False
2026-07-17 14:10:00+05:30,SUNPHARMA,buy,33333.33333333333,0.3333333333333333,False
2026-07-17 14:15:00+05:30,AXISBANK,buy,16666.666666666664,0.16666666666666666,False
2026-07-17 14:15:00+05:30,HDFCBANK,buy,16666.666666666664,0.16666666666666666,False
2026-07-17 14:15:00+05:30,ICICIBANK,buy,16666.666666666664,0.16666666666666666,False
2026-07-17 14:15:00+05:30,INFY,buy,16666.666666666664,0.16666666666666666,False
2026-07-17 14:15:00+05:30,KOTAKBANK,buy,16666.666666666664,0.16666666666666666,False
2026-07-17 14:15:00+05:30,LT,sell,16666.666666666664,0.16666666666666666,False
2026-07-17 14:15:00+05:30,MARUTI,sell,16666.666666666664,0.16666666666666666,False
2026-07-17 14:15:00+05:30,RELIANCE,sell,16666.666666666664,0.16666666666666666,False
2026-07-17 14:15:00+05:30,SBIN,sell,16666.666666666664,0.16666666666666666,False
2026-07-17 14:15:00+05:30,SUNPHARMA,sell,33333.33333333333,0.3333333333333333,False
2026-07-17 14:15:00+05:30,TATASTEEL,buy,16666.666666666664,0.16666666666666666,False
2026-07-17 14:20:00+05:30,BHARTIARTL,buy,16666.666666666664,0.16666666666666666,False
2026-07-17 14:20:00+05:30,KOTAKBANK,sell,16666.666666666664,0.16666666666666666,False
2026-07-17 14:20:00+05:30,M&M,sell,16666.666666666664,0.16666666666666666,False
2026-07-17 14:20:00+05:30,SBIN,buy,16666.666666666664,0.16666666666666666,False
2026-07-17 14:20:00+05:30,SUNPHARMA,buy,16666.666666666664,0.16666666666666666,False
2026-07-17 14:20:00+05:30,TATASTEEL,sell,16666.666666666664,0.16666666666666666,False
2026-07-17 14:25:00+05:30,AXISBANK,sell,16666.666666666664,0.16666666666666666,False
2026-07-17 14:25:00+05:30,BHARTIARTL,sell,33333.33333333333,0.3333333333333333,False
2026-07-17 14:25:00+05:30,HDFCBANK,buy,16666.666666666664,0.16666666666666666,False
2026-07-17 14:25:00+05:30,INFY,sell,16666.666666666664,0.16666666666666666,False
2026-07-17 14:25:00+05:30,ITC,sell,16666.666666666664,0.16666666666666666,False
2026-07-17 14:25:00+05:30,LT,buy,16666.666666666664,0.16666666666666666,False
2026-07-17 14:25:00+05:30,M&M,buy,16666.666666666664,0.16666666666666666,False
2026-07-17 14:25:00+05:30,RELIANCE,buy,16666.666666666664,0.16666666666666666,False
2026-07-17 14:25:00+05:30,SUNPHARMA,buy,16666.666666666664,0.16666666666666666,False
2026-07-17 14:30:00+05:30,BHARTIARTL,buy,16666.666666666664,0.16666666666666666,False
2026-07-17 14:30:00+05:30,HCLTECH,sell,16666.666666666664,0.16666666666666666,False
2026-07-17 14:30:00+05:30,HDFCBANK,sell,16666.666666666664,0.16666666666666666,False
2026-07-17 14:30:00+05:30,ICICIBANK,buy,16666.666666666664,0.16666666666666666,False
2026-07-17 14:30:00+05:30,INFY,sell,16666.666666666664,0.16666666666666666,False
2026-07-17 14:30:00+05:30,ITC,buy,16666.666666666664,0.16666666666666666,False
2026-07-17 14:30:00+05:30,KOTAKBANK,buy,33333.33333333333,0.3333333333333333,False
2026-07-17 14:30:00+05:30,LT,sell,16666.666666666664,0.16666666666666666,False
2026-07-17 14:30:00+05:30,RELIANCE,sell,16666.666666666664,0.16666666666666666,False
2026-07-17 14:35:00+05:30,HCLTECH,buy,33333.33333333333,0.3333333333333333,False
2026-07-17 14:35:00+05:30,ICICIBANK,sell,33333.33333333333,0.3333333333333333,False
2026-07-17 14:35:00+05:30,INFY,buy,33333.33333333333,0.3333333333333333,False
2026-07-17 14:35:00+05:30,ITC,sell,16666.666666666664,0.16666666666666666,False
2026-07-17 14:35:00+05:30,KOTAKBANK,sell,33333.33333333333,0.3333333333333333,False
2026-07-17 14:35:00+05:30,RELIANCE,buy,33333.33333333333,0.3333333333333333,False
2026-07-17 14:35:00+05:30,SUNPHARMA,sell,16666.666666666664,0.16666666666666666,False
2026-07-17 14:40:00+05:30,AXISBANK,buy,16666.666666666664,0.16666666666666666,False
2026-07-17 14:40:00+05:30,HCLTECH,sell,16666.666666666664,0.16666666666666666,False
2026-07-17 14:40:00+05:30,ICICIBANK,buy,16666.666666666664,0.16666666666666666,False
2026-07-17 14:40:00+05:30,ITC,buy,16666.666666666664,0.16666666666666666,False
2026-07-17 14:40:00+05:30,LT,sell,16666.666666666664,0.16666666666666666,False
2026-07-17 14:40:00+05:30,M&M,sell,16666.666666666664,0.16666666666666666,False
2026-07-17 14:40:00+05:30,MARUTI,buy,16666.666666666664,0.16666666666666666,False
2026-07-17 14:40:00+05:30,RELIANCE,sell,16666.666666666664,0.16666666666666666,False
2026-07-17 14:45:00+05:30,AXISBANK,sell,16666.666666666664,0.16666666666666666,False
2026-07-17 14:45:00+05:30,HCLTECH,buy,16666.666666666664,0.16666666666666666,False
2026-07-17 14:45:00+05:30,HDFCBANK,buy,16666.666666666664,0.16666666666666666,False
2026-07-17 14:45:00+05:30,INFY,sell,16666.666666666664,0.16666666666666666,False
2026-07-17 14:45:00+05:30,LT,buy,16666.666666666664,0.16666666666666666,False
2026-07-17 14:45:00+05:30,M&M,buy,16666.666666666664,0.16666666666666666,False
2026-07-17 14:45:00+05:30,MARUTI,sell,16666.666666666664,0.16666666666666666,False
2026-07-17 14:45:00+05:30,SBIN,sell,16666.666666666664,0.16666666666666666,False
2026-07-17 14:45:00+05:30,SUNPHARMA,buy,16666.666666666664,0.16666666666666666,False
2026-07-17 14:45:00+05:30,TATASTEEL,sell,16666.666666666664,0.16666666666666666,False
2026-07-17 14:50:00+05:30,HCLTECH,sell,16666.666666666664,0.16666666666666666,False
2026-07-17 14:50:00+05:30,HDFCBANK,sell,16666.666666666664,0.16666666666666666,False
2026-07-17 14:50:00+05:30,INFY,sell,16666.666666666664,0.16666666666666666,False
2026-07-17 14:50:00+05:30,KOTAKBANK,buy,16666.666666666664,0.16666666666666666,False
2026-07-17 14:50:00+05:30,LT,sell,16666.666666666664,0.16666666666666666,False
2026-07-17 14:50:00+05:30,MARUTI,sell,16666.666666666664,0.16666666666666666,False
2026-07-17 14:50:00+05:30,RELIANCE,buy,16666.666666666664,0.16666666666666666,False
2026-07-17 14:50:00+05:30,SBIN,buy,16666.666666666664,0.16666666666666666,False
2026-07-17 14:50:00+05:30,TATASTEEL,buy,33333.33333333333,0.3333333333333333,False
2026-07-17 14:55:00+05:30,BHARTIARTL,buy,16666.666666666664,0.16666666666666666,False
2026-07-17 14:55:00+05:30,HCLTECH,buy,16666.666666666664,0.16666666666666666,False
2026-07-17 14:55:00+05:30,MARUTI,buy,33333.33333333333,0.3333333333333333,False
2026-07-17 14:55:00+05:30,RELIANCE,sell,16666.666666666664,0.16666666666666666,False
2026-07-17 14:55:00+05:30,SUNPHARMA,sell,16666.666666666664,0.16666666666666666,False
2026-07-17 14:55:00+05:30,TATASTEEL,sell,33333.33333333333,0.3333333333333333,False
2026-07-17 15:00:00+05:30,BHARTIARTL,sell,16666.666666666664,0.16666666666666666,False
2026-07-17 15:00:00+05:30,INFY,buy,16666.666666666664,0.16666666666666666,False
2026-07-17 15:00:00+05:30,M&M,sell,16666.666666666664,0.16666666666666666,False
2026-07-17 15:00:00+05:30,SBIN,buy,16666.666666666664,0.16666666666666666,False
2026-07-17 15:05:00+05:30,HCLTECH,sell,16666.666666666664,0.16666666666666666,False
2026-07-17 15:05:00+05:30,INFY,buy,16666.666666666664,0.16666666666666666,False
2026-07-17 15:05:00+05:30,KOTAKBANK,sell,16666.666666666664,0.16666666666666666,False
2026-07-17 15:05:00+05:30,M&M,buy,33333.33333333333,0.3333333333333333,False
2026-07-17 15:05:00+05:30,RELIANCE,sell,16666.666666666664,0.16666666666666666,False
2026-07-17 15:05:00+05:30,SBIN,sell,16666.666666666664,0.16666666666666666,False
2026-07-17 15:05:00+05:30,TATASTEEL,buy,16666.666666666664,0.16666666666666666,False
2026-07-17 15:10:00+05:30,AXISBANK,sell,16666.666666666664,0.16666666666666666,False
2026-07-17 15:10:00+05:30,HDFCBANK,buy,16666.666666666664,0.16666666666666666,False
2026-07-17 15:10:00+05:30,ICICIBANK,sell,16666.666666666664,0.16666666666666666,False
2026-07-17 15:10:00+05:30,ITC,sell,16666.666666666664,0.16666666666666666,False
2026-07-17 15:10:00+05:30,KOTAKBANK,buy,16666.666666666664,0.16666666666666666,False
2026-07-17 15:10:00+05:30,LT,buy,33333.33333333333,0.3333333333333333,False
2026-07-17 15:10:00+05:30,M&M,sell,16666.666666666664,0.16666666666666666,False
2026-07-17 15:10:00+05:30,MARUTI,sell,16666.666666666664,0.16666666666666666,False
2026-07-17 15:10:00+05:30,RELIANCE,buy,16666.666666666664,0.16666666666666666,False
2026-07-17 15:15:00+05:30,AXISBANK,buy,16666.666666666664,0.16666666666666666,False
2026-07-17 15:15:00+05:30,HDFCBANK,sell,16666.666666666664,0.16666666666666666,False
2026-07-17 15:15:00+05:30,INFY,sell,33333.33333333333,0.3333333333333333,False
2026-07-17 15:15:00+05:30,ITC,buy,33333.33333333333,0.3333333333333333,False
2026-07-17 15:15:00+05:30,LT,sell,16666.666666666664,0.16666666666666666,False
2026-07-17 15:15:00+05:30,M&M,buy,16666.666666666664,0.16666666666666666,False
2026-07-17 15:15:00+05:30,MARUTI,buy,16666.666666666664,0.16666666666666666,False
2026-07-17 15:15:00+05:30,SBIN,sell,16666.666666666664,0.16666666666666666,False
2026-07-17 15:20:00+05:30,HCLTECH,buy,16666.666666666664,0.16666666666666666,False
2026-07-17 15:20:00+05:30,INFY,buy,33333.33333333333,0.3333333333333333,False
2026-07-17 15:20:00+05:30,ITC,sell,16666.666666666664,0.16666666666666666,False
2026-07-17 15:20:00+05:30,LT,sell,16666.666666666664,0.16666666666666666,False
2026-07-17 15:20:00+05:30,M&M,sell,16666.666666666664,0.16666666666666666,False
2026-07-17 15:20:00+05:30,MARUTI,sell,33333.33333333333,0.3333333333333333,False
2026-07-17 15:20:00+05:30,SBIN,buy,16666.666666666664,0.16666666666666666,False
2026-07-17 15:20:00+05:30,SUNPHARMA,buy,16666.666666666664,0.16666666666666666,False
2026-07-20 14:10:00+05:30,AXISBANK,buy,16666.666666666664,0.16666666666666666,False
2026-07-20 14:10:00+05:30,HCLTECH,sell,33333.33333333333,0.3333333333333333,False
2026-07-20 14:10:00+05:30,ICICIBANK,buy,16666.666666666664,0.16666666666666666,False
2026-07-20 14:10:00+05:30,INFY,sell,16666.666666666664,0.16666666666666666,False
2026-07-20 14:10:00+05:30,KOTAKBANK,sell,16666.666666666664,0.16666666666666666,False
2026-07-20 14:10:00+05:30,LT,buy,16666.666666666664,0.16666666666666666,False
2026-07-20 14:10:00+05:30,MARUTI,buy,33333.33333333333,0.3333333333333333,False
2026-07-20 14:10:00+05:30,SBIN,sell,16666.666666666664,0.16666666666666666,False
2026-07-20 14:10:00+05:30,SUNPHARMA,sell,16666.666666666664,0.16666666666666666,False
2026-07-20 14:10:00+05:30,TATASTEEL,buy,16666.666666666664,0.16666666666666666,False
2026-07-20 14:15:00+05:30,AXISBANK,sell,33333.33333333333,0.3333333333333333,False
2026-07-20 14:15:00+05:30,HCLTECH,buy,33333.33333333333,0.3333333333333333,False
2026-07-20 14:15:00+05:30,HDFCBANK,buy,16666.666666666664,0.16666666666666666,False
2026-07-20 14:15:00+05:30,KOTAKBANK,buy,33333.33333333333,0.3333333333333333,False
2026-07-20 14:15:00+05:30,LT,sell,16666.666666666664,0.16666666666666666,False
2026-07-20 14:15:00+05:30,M&M,sell,16666.666666666664,0.16666666666666666,False
2026-07-20 14:15:00+05:30,MARUTI,sell,16666.666666666664,0.16666666666666666,False
2026-07-20 14:15:00+05:30,SBIN,buy,16666.666666666664,0.16666666666666666,False
2026-07-20 14:15:00+05:30,TATASTEEL,sell,16666.666666666664,0.16666666666666666,False
2026-07-20 14:20:00+05:30,HCLTECH,sell,16666.666666666664,0.16666666666666666,False
2026-07-20 14:20:00+05:30,HDFCBANK,sell,16666.666666666664,0.16666666666666666,False
2026-07-20 14:20:00+05:30,INFY,buy,16666.666666666664,0.16666666666666666,False
2026-07-20 14:20:00+05:30,KOTAKBANK,sell,33333.33333333333,0.3333333333333333,False
2026-07-20 14:20:00+05:30,LT,buy,16666.666666666664,0.16666666666666666,False
2026-07-20 14:20:00+05:30,M&M,buy,16666.666666666664,0.16666666666666666,False
2026-07-20 14:20:00+05:30,MARUTI,buy,16666.666666666664,0.16666666666666666,False
2026-07-20 14:20:00+05:30,RELIANCE,buy,16666.666666666664,0.16666666666666666,False
2026-07-20 14:20:00+05:30,TATASTEEL,sell,16666.666666666664,0.16666666666666666,False
2026-07-20 14:25:00+05:30,AXISBANK,buy,16666.666666666664,0.16666666666666666,False
2026-07-20 14:25:00+05:30,ICICIBANK,buy,16666.666666666664,0.16666666666666666,False
2026-07-20 14:25:00+05:30,INFY,sell,33333.33333333333,0.3333333333333333,False
2026-07-20 14:25:00+05:30,KOTAKBANK,buy,16666.666666666664,0.16666666666666666,False
2026-07-20 14:25:00+05:30,LT,buy,16666.666666666664,0.16666666666666666,False
2026-07-20 14:25:00+05:30,MARUTI,sell,16666.666666666664,0.16666666666666666,False
2026-07-20 14:25:00+05:30,SBIN,sell,16666.666666666664,0.16666666666666666,False
2026-07-20 14:25:00+05:30,SUNPHARMA,sell,16666.666666666664,0.16666666666666666,False
2026-07-20 14:25:00+05:30,TATASTEEL,buy,16666.666666666664,0.16666666666666666,False
2026-07-20 14:30:00+05:30,BHARTIARTL,buy,16666.666666666664,0.16666666666666666,False
2026-07-20 14:30:00+05:30,HCLTECH,sell,16666.666666666664,0.16666666666666666,False
2026-07-20 14:30:00+05:30,HDFCBANK,buy,16666.666666666664,0.16666666666666666,False
2026-07-20 14:30:00+05:30,ICICIBANK,sell,16666.666666666664,0.16666666666666666,False
2026-07-20 14:30:00+05:30,ITC,sell,16666.666666666664,0.16666666666666666,False
2026-07-20 14:30:00+05:30,LT,sell,16666.666666666664,0.16666666666666666,False
2026-07-20 14:30:00+05:30,SBIN,buy,16666.666666666664,0.16666666666666666,False
2026-07-20 14:30:00+05:30,SUNPHARMA,buy,16666.666666666664,0.16666666666666666,False
2026-07-20 14:35:00+05:30,HDFCBANK,sell,16666.666666666664,0.16666666666666666,False
2026-07-20 14:35:00+05:30,INFY,buy,16666.666666666664,0.16666666666666666,False
2026-07-20 14:35:00+05:30,M&M,buy,16666.666666666664,0.16666666666666666,False
2026-07-20 14:35:00+05:30,SUNPHARMA,sell,16666.666666666664,0.16666666666666666,False
2026-07-20 14:40:00+05:30,BHARTIARTL,sell,33333.33333333333,0.3333333333333333,False
2026-07-20 14:40:00+05:30,HCLTECH,buy,16666.666666666664,0.16666666666666666,False
2026-07-20 14:40:00+05:30,ICICIBANK,buy,16666.666666666664,0.16666666666666666,False
2026-07-20 14:40:00+05:30,ITC,buy,33333.33333333333,0.3333333333333333,False
2026-07-20 14:40:00+05:30,M&M,sell,33333.33333333333,0.3333333333333333,False
2026-07-20 14:40:00+05:30,RELIANCE,sell,16666.666666666664,0.16666666666666666,False
2026-07-20 14:40:00+05:30,SBIN,sell,16666.666666666664,0.16666666666666666,False
2026-07-20 14:40:00+05:30,SUNPHARMA,buy,16666.666666666664,0.16666666666666666,False
2026-07-20 14:40:00+05:30,TATASTEEL,buy,16666.666666666664,0.16666666666666666,False
2026-07-20 14:45:00+05:30,BHARTIARTL,buy,16666.666666666664,0.16666666666666666,False
2026-07-20 14:45:00+05:30,HDFCBANK,sell,16666.666666666664,0.16666666666666666,False
2026-07-20 14:45:00+05:30,ICICIBANK,sell,16666.666666666664,0.16666666666666666,False
2026-07-20 14:45:00+05:30,KOTAKBANK,buy,16666.666666666664,0.16666666666666666,False
2026-07-20 14:45:00+05:30,MARUTI,sell,16666.666666666664,0.16666666666666666,False
2026-07-20 14:45:00+05:30,RELIANCE,buy,16666.666666666664,0.16666666666666666,False
2026-07-20 14:45:00+05:30,SBIN,buy,16666.666666666664,0.16666666666666666,False
2026-07-20 14:45:00+05:30,TATASTEEL,sell,16666.666666666664,0.16666666666666666,False
2026-07-20 14:50:00+05:30,AXISBANK,sell,16666.666666666664,0.16666666666666666,False
2026-07-20 14:50:00+05:30,BHARTIARTL,buy,16666.666666666664,0.16666666666666666,False
2026-07-20 14:50:00+05:30,HDFCBANK,buy,16666.666666666664,0.16666666666666666,False
2026-07-20 14:50:00+05:30,ICICIBANK,buy,16666.666666666664,0.16666666666666666,False
2026-07-20 14:50:00+05:30,ITC,sell,16666.666666666664,0.16666666666666666,False
2026-07-20 14:50:00+05:30,LT,sell,16666.666666666664,0.16666666666666666,False
2026-07-20 14:50:00+05:30,M&M,buy,16666.666666666664,0.16666666666666666,False
2026-07-20 14:50:00+05:30,RELIANCE,sell,16666.666666666664,0.16666666666666666,False
2026-07-20 14:55:00+05:30,AXISBANK,buy,33333.33333333333,0.3333333333333333,False
2026-07-20 14:55:00+05:30,BHARTIARTL,sell,16666.666666666664,0.16666666666666666,False
2026-07-20 14:55:00+05:30,ICICIBANK,sell,16666.666666666664,0.16666666666666666,False
2026-07-20 14:55:00+05:30,INFY,buy,16666.666666666664,0.16666666666666666,False
2026-07-20 14:55:00+05:30,KOTAKBANK,sell,16666.666666666664,0.16666666666666666,False
2026-07-20 14:55:00+05:30,LT,buy,16666.666666666664,0.16666666666666666,False
2026-07-20 14:55:00+05:30,RELIANCE,buy,16666.666666666664,0.16666666666666666,False
2026-07-20 14:55:00+05:30,SBIN,sell,16666.666666666664,0.16666666666666666,False
2026-07-20 14:55:00+05:30,SUNPHARMA,sell,16666.666666666664,0.16666666666666666,False
2026-07-20 15:00:00+05:30,BHARTIARTL,sell,16666.666666666664,0.16666666666666666,False
2026-07-20 15:00:00+05:30,ICICIBANK,sell,16666.666666666664,0.16666666666666666,False
2026-07-20 15:00:00+05:30,INFY,sell,16666.666666666664,0.16666666666666666,False
2026-07-20 15:00:00+05:30,ITC,sell,16666.666666666664,0.16666666666666666,False
2026-07-20 15:00:00+05:30,LT,buy,16666.666666666664,0.16666666666666666,False
2026-07-20 15:00:00+05:30,MARUTI,buy,16666.666666666664,0.16666666666666666,False
2026-07-20 15:00:00+05:30,RELIANCE,sell,16666.666666666664,0.16666666666666666,False
2026-07-20 15:00:00+05:30,SBIN,buy,16666.666666666664,0.16666666666666666,False
2026-07-20 15:00:00+05:30,SUNPHARMA,buy,16666.666666666664,0.16666666666666666,False
2026-07-20 15:00:00+05:30,TATASTEEL,buy,16666.666666666664,0.16666666666666666,False
2026-07-20 15:05:00+05:30,AXISBANK,sell,16666.666666666664,0.16666666666666666,False
2026-07-20 15:05:00+05:30,BHARTIARTL,buy,16666.666666666664,0.16666666666666666,False
2026-07-20 15:05:00+05:30,HDFCBANK,buy,16666.666666666664,0.16666666666666666,False
2026-07-20 15:05:00+05:30,ITC,buy,16666.666666666664,0.16666666666666666,False
2026-07-20 15:05:00+05:30,KOTAKBANK,sell,16666.666666666664,0.16666666666666666,False
2026-07-20 15:05:00+05:30,LT,sell,16666.666666666664,0.16666666666666666,False
2026-07-20 15:05:00+05:30,MARUTI,buy,16666.666666666664,0.16666666666666666,False
2026-07-20 15:05:00+05:30,RELIANCE,buy,16666.666666666664,0.16666666666666666,False
2026-07-20 15:05:00+05:30,SUNPHARMA,sell,16666.666666666664,0.16666666666666666,False
2026-07-20 15:05:00+05:30,TATASTEEL,sell,16666.666666666664,0.16666666666666666,False
2026-07-20 15:10:00+05:30,BHARTIARTL,sell,16666.666666666664,0.16666666666666666,False
2026-07-20 15:10:00+05:30,HCLTECH,buy,16666.666666666664,0.16666666666666666,False
2026-07-20 15:10:00+05:30,ICICIBANK,buy,33333.33333333333,0.3333333333333333,False
2026-07-20 15:10:00+05:30,M&M,sell,16666.666666666664,0.16666666666666666,False
2026-07-20 15:10:00+05:30,MARUTI,sell,16666.666666666664,0.16666666666666666,False
2026-07-20 15:10:00+05:30,RELIANCE,sell,16666.666666666664,0.16666666666666666,False
2026-07-20 15:10:00+05:30,SUNPHARMA,buy,16666.666666666664,0.16666666666666666,False
2026-07-20 15:15:00+05:30,BHARTIARTL,buy,16666.666666666664,0.16666666666666666,False
2026-07-20 15:15:00+05:30,HCLTECH,sell,16666.666666666664,0.16666666666666666,False
2026-07-20 15:15:00+05:30,ICICIBANK,sell,33333.33333333333,0.3333333333333333,False
2026-07-20 15:15:00+05:30,KOTAKBANK,buy,16666.666666666664,0.16666666666666666,False
2026-07-20 15:15:00+05:30,LT,buy,16666.666666666664,0.16666666666666666,False
2026-07-20 15:15:00+05:30,M&M,buy,16666.666666666664,0.16666666666666666,False
2026-07-20 15:15:00+05:30,RELIANCE,buy,16666.666666666664,0.16666666666666666,False
2026-07-20 15:15:00+05:30,SBIN,sell,16666.666666666664,0.16666666666666666,False
2026-07-20 15:15:00+05:30,SUNPHARMA,sell,16666.666666666664,0.16666666666666666,False
2026-07-20 15:20:00+05:30,AXISBANK,buy,16666.666666666664,0.16666666666666666,False
2026-07-20 15:20:00+05:30,BHARTIARTL,sell,16666.666666666664,0.16666666666666666,False
2026-07-20 15:20:00+05:30,HCLTECH,buy,16666.666666666664,0.16666666666666666,False
2026-07-20 15:20:00+05:30,HDFCBANK,sell,33333.33333333333,0.3333333333333333,False
2026-07-20 15:20:00+05:30,ICICIBANK,buy,16666.666666666664,0.16666666666666666,False
2026-07-20 15:20:00+05:30,LT,sell,16666.666666666664,0.16666666666666666,False
2026-07-20 15:20:00+05:30,SBIN,buy,16666.666666666664,0.16666666666666666,False
2026-07-20 15:20:00+05:30,SUNPHARMA,buy,16666.666666666664,0.16666666666666666,False
2026-07-20 15:20:00+05:30,TATASTEEL,sell,16666.666666666664,0.16666666666666666,False
2026-07-21 14:10:00+05:30,AXISBANK,sell,16666.666666666664,0.16666666666666666,False
2026-07-21 14:10:00+05:30,BHARTIARTL,buy,16666.666666666664,0.16666666666666666,False
2026-07-21 14:10:00+05:30,HCLTECH,sell,33333.33333333333,0.3333333333333333,False
2026-07-21 14:10:00+05:30,HDFCBANK,buy,33333.33333333333,0.3333333333333333,False
2026-07-21 14:10:00+05:30,INFY,sell,16666.666666666664,0.16666666666666666,False
2026-07-21 14:10:00+05:30,ITC,buy,16666.666666666664,0.16666666666666666,False
2026-07-21 14:10:00+05:30,LT,sell,16666.666666666664,0.16666666666666666,False
2026-07-21 14:10:00+05:30,MARUTI,buy,16666.666666666664,0.16666666666666666,False
2026-07-21 14:10:00+05:30,RELIANCE,sell,16666.666666666664,0.16666666666666666,False
2026-07-21 14:10:00+05:30,TATASTEEL,buy,16666.666666666664,0.16666666666666666,False
2026-07-21 14:15:00+05:30,AXISBANK,buy,16666.666666666664,0.16666666666666666,False
2026-07-21 14:15:00+05:30,BHARTIARTL,buy,16666.666666666664,0.16666666666666666,False
2026-07-21 14:15:00+05:30,HCLTECH,buy,16666.666666666664,0.16666666666666666,False
2026-07-21 14:15:00+05:30,HDFCBANK,sell,16666.666666666664,0.16666666666666666,False
2026-07-21 14:15:00+05:30,INFY,buy,33333.33333333333,0.3333333333333333,False
2026-07-21 14:15:00+05:30,ITC,sell,16666.666666666664,0.16666666666666666,False
2026-07-21 14:15:00+05:30,KOTAKBANK,sell,16666.666666666664,0.16666666666666666,False
2026-07-21 14:15:00+05:30,LT,buy,16666.666666666664,0.16666666666666666,False
2026-07-21 14:15:00+05:30,MARUTI,sell,16666.666666666664,0.16666666666666666,False
2026-07-21 14:15:00+05:30,SBIN,sell,16666.666666666664,0.16666666666666666,False
2026-07-21 14:15:00+05:30,TATASTEEL,sell,16666.666666666664,0.16666666666666666,False
2026-07-21 14:20:00+05:30,BHARTIARTL,sell,33333.33333333333,0.3333333333333333,False
2026-07-21 14:20:00+05:30,INFY,sell,16666.666666666664,0.16666666666666666,False
2026-07-21 14:20:00+05:30,KOTAKBANK,buy,16666.666666666664,0.16666666666666666,False
2026-07-21 14:20:00+05:30,MARUTI,sell,16666.666666666664,0.16666666666666666,False
2026-07-21 14:20:00+05:30,SBIN,buy,33333.33333333333,0.3333333333333333,False
2026-07-21 14:20:00+05:30,SUNPHARMA,sell,16666.666666666664,0.16666666666666666,False
2026-07-21 14:20:00+05:30,TATASTEEL,buy,33333.33333333333,0.3333333333333333,False
2026-07-21 14:25:00+05:30,AXISBANK,sell,33333.33333333333,0.3333333333333333,False
2026-07-21 14:25:00+05:30,BHARTIARTL,buy,16666.666666666664,0.16666666666666666,False
2026-07-21 14:25:00+05:30,HDFCBANK,buy,16666.666666666664,0.16666666666666666,False
2026-07-21 14:25:00+05:30,INFY,buy,16666.666666666664,0.16666666666666666,False
2026-07-21 14:25:00+05:30,M&M,sell,16666.666666666664,0.16666666666666666,False
2026-07-21 14:25:00+05:30,SUNPHARMA,buy,16666.666666666664,0.16666666666666666,False
2026-07-21 14:25:00+05:30,TATASTEEL,sell,16666.666666666664,0.16666666666666666,False
2026-07-21 14:30:00+05:30,AXISBANK,buy,16666.666666666664,0.16666666666666666,False
2026-07-21 14:30:00+05:30,HDFCBANK,sell,16666.666666666664,0.16666666666666666,False
2026-07-21 14:30:00+05:30,LT,sell,16666.666666666664,0.16666666666666666,False
2026-07-21 14:30:00+05:30,M&M,buy,16666.666666666664,0.16666666666666666,False
2026-07-21 14:30:00+05:30,SUNPHARMA,sell,16666.666666666664,0.16666666666666666,False
2026-07-21 14:30:00+05:30,TATASTEEL,buy,16666.666666666664,0.16666666666666666,False
2026-07-21 14:35:00+05:30,BHARTIARTL,sell,16666.666666666664,0.16666666666666666,False
2026-07-21 14:35:00+05:30,HDFCBANK,buy,16666.666666666664,0.16666666666666666,False
2026-07-21 14:35:00+05:30,INFY,sell,16666.666666666664,0.16666666666666666,False
2026-07-21 14:35:00+05:30,LT,buy,16666.666666666664,0.16666666666666666,False
2026-07-21 14:35:00+05:30,RELIANCE,buy,16666.666666666664,0.16666666666666666,False
2026-07-21 14:35:00+05:30,SUNPHARMA,buy,16666.666666666664,0.16666666666666666,False
2026-07-21 14:35:00+05:30,TATASTEEL,sell,33333.33333333333,0.3333333333333333,False
2026-07-21 14:40:00+05:30,AXISBANK,buy,16666.666666666664,0.16666666666666666,False
2026-07-21 14:40:00+05:30,HCLTECH,sell,16666.666666666664,0.16666666666666666,False
2026-07-21 14:40:00+05:30,HDFCBANK,sell,16666.666666666664,0.16666666666666666,False
2026-07-21 14:40:00+05:30,M&M,buy,16666.666666666664,0.16666666666666666,False
2026-07-21 14:40:00+05:30,MARUTI,buy,16666.666666666664,0.16666666666666666,False
2026-07-21 14:40:00+05:30,RELIANCE,sell,16666.666666666664,0.16666666666666666,False
2026-07-21 14:40:00+05:30,SUNPHARMA,sell,16666.666666666664,0.16666666666666666,False
2026-07-21 14:40:00+05:30,TATASTEEL,buy,16666.666666666664,0.16666666666666666,False
2026-07-21 14:45:00+05:30,BHARTIARTL,buy,16666.666666666664,0.16666666666666666,False
2026-07-21 14:45:00+05:30,HCLTECH,buy,33333.33333333333,0.3333333333333333,False
2026-07-21 14:45:00+05:30,LT,sell,16666.666666666664,0.16666666666666666,False
2026-07-21 14:45:00+05:30,M&M,sell,16666.666666666664,0.16666666666666666,False
2026-07-21 14:45:00+05:30,RELIANCE,buy,16666.666666666664,0.16666666666666666,False
2026-07-21 14:45:00+05:30,SBIN,sell,16666.666666666664,0.16666666666666666,False
2026-07-21 14:45:00+05:30,TATASTEEL,sell,16666.666666666664,0.16666666666666666,False
2026-07-21 14:50:00+05:30,AXISBANK,sell,16666.666666666664,0.16666666666666666,False
2026-07-21 14:50:00+05:30,HCLTECH,sell,16666.666666666664,0.16666666666666666,False
2026-07-21 14:50:00+05:30,ICICIBANK,buy,16666.666666666664,0.16666666666666666,False
2026-07-21 14:50:00+05:30,INFY,sell,16666.666666666664,0.16666666666666666,False
2026-07-21 14:50:00+05:30,RELIANCE,sell,16666.666666666664,0.16666666666666666,False
2026-07-21 14:50:00+05:30,SBIN,buy,16666.666666666664,0.16666666666666666,False
2026-07-21 14:50:00+05:30,TATASTEEL,buy,33333.33333333333,0.3333333333333333,False
2026-07-21 14:55:00+05:30,BHARTIARTL,buy,16666.666666666664,0.16666666666666666,False
2026-07-21 14:55:00+05:30,HCLTECH,sell,16666.666666666664,0.16666666666666666,False
2026-07-21 14:55:00+05:30,ITC,sell,16666.666666666664,0.16666666666666666,False
2026-07-21 14:55:00+05:30,LT,buy,16666.666666666664,0.16666666666666666,False
2026-07-21 14:55:00+05:30,SUNPHARMA,buy,16666.666666666664,0.16666666666666666,False
2026-07-21 14:55:00+05:30,TATASTEEL,sell,16666.666666666664,0.16666666666666666,False
2026-07-21 15:00:00+05:30,BHARTIARTL,sell,16666.666666666664,0.16666666666666666,False
2026-07-21 15:00:00+05:30,HCLTECH,buy,16666.666666666664,0.16666666666666666,False
2026-07-21 15:00:00+05:30,HDFCBANK,buy,16666.666666666664,0.16666666666666666,False
2026-07-21 15:00:00+05:30,INFY,buy,16666.666666666664,0.16666666666666666,False
2026-07-21 15:00:00+05:30,ITC,buy,16666.666666666664,0.16666666666666666,False
2026-07-21 15:00:00+05:30,KOTAKBANK,sell,16666.666666666664,0.16666666666666666,False
2026-07-21 15:00:00+05:30,MARUTI,sell,16666.666666666664,0.16666666666666666,False
2026-07-21 15:00:00+05:30,SUNPHARMA,sell,16666.666666666664,0.16666666666666666,False
2026-07-21 15:05:00+05:30,AXISBANK,buy,16666.666666666664,0.16666666666666666,False
2026-07-21 15:05:00+05:30,HDFCBANK,sell,16666.666666666664,0.16666666666666666,False
2026-07-21 15:05:00+05:30,ICICIBANK,sell,16666.666666666664,0.16666666666666666,False
2026-07-21 15:05:00+05:30,INFY,buy,16666.666666666664,0.16666666666666666,False
2026-07-21 15:05:00+05:30,ITC,sell,16666.666666666664,0.16666666666666666,False
2026-07-21 15:05:00+05:30,KOTAKBANK,buy,33333.33333333333,0.3333333333333333,False
2026-07-21 15:05:00+05:30,M&M,sell,16666.666666666664,0.16666666666666666,False
2026-07-21 15:05:00+05:30,SBIN,sell,16666.666666666664,0.16666666666666666,False
2026-07-21 15:05:00+05:30,SUNPHARMA,buy,16666.666666666664,0.16666666666666666,False
2026-07-21 15:10:00+05:30,HDFCBANK,buy,16666.666666666664,0.16666666666666666,False
2026-07-21 15:10:00+05:30,INFY,sell,16666.666666666664,0.16666666666666666,False
2026-07-21 15:10:00+05:30,ITC,buy,16666.666666666664,0.16666666666666666,False
2026-07-21 15:10:00+05:30,KOTAKBANK,sell,16666.666666666664,0.16666666666666666,False
2026-07-21 15:10:00+05:30,SBIN,buy,16666.666666666664,0.16666666666666666,False
2026-07-21 15:10:00+05:30,TATASTEEL,sell,16666.666666666664,0.16666666666666666,False
2026-07-21 15:15:00+05:30,AXISBANK,sell,16666.666666666664,0.16666666666666666,False
2026-07-21 15:15:00+05:30,HDFCBANK,sell,33333.33333333333,0.3333333333333333,False
2026-07-21 15:15:00+05:30,KOTAKBANK,buy,16666.666666666664,0.16666666666666666,False
2026-07-21 15:15:00+05:30,LT,buy,16666.666666666664,0.16666666666666666,False
2026-07-21 15:15:00+05:30,TATASTEEL,buy,16666.666666666664,0.16666666666666666,False
2026-07-21 15:20:00+05:30,HDFCBANK,buy,16666.666666666664,0.16666666666666666,False
2026-07-21 15:20:00+05:30,ICICIBANK,buy,16666.666666666664,0.16666666666666666,False
2026-07-21 15:20:00+05:30,KOTAKBANK,sell,16666.666666666664,0.16666666666666666,False
2026-07-21 15:20:00+05:30,LT,sell,33333.33333333333,0.3333333333333333,False
2026-07-21 15:20:00+05:30,M&M,buy,16666.666666666664,0.16666666666666666,False
2026-07-21 15:20:00+05:30,SUNPHARMA,buy,16666.666666666664,0.16666666666666666,False
2026-07-21 15:20:00+05:30,TATASTEEL,sell,16666.666666666664,0.16666666666666666,False
2026-07-22 14:10:00+05:30,BHARTIARTL,sell,16666.666666666664,0.16666666666666666,False
2026-07-22 14:10:00+05:30,HDFCBANK,sell,16666.666666666664,0.16666666666666666,False
2026-07-22 14:10:00+05:30,ICICIBANK,sell,16666.666666666664,0.16666666666666666,False
2026-07-22 14:10:00+05:30,INFY,buy,16666.666666666664,0.16666666666666666,False
2026-07-22 14:10:00+05:30,KOTAKBANK,buy,16666.666666666664,0.16666666666666666,False
2026-07-22 14:10:00+05:30,LT,buy,16666.666666666664,0.16666666666666666,False
2026-07-22 14:10:00+05:30,M&M,buy,16666.666666666664,0.16666666666666666,False
2026-07-22 14:10:00+05:30,MARUTI,buy,16666.666666666664,0.16666666666666666,False
2026-07-22 14:10:00+05:30,SBIN,sell,16666.666666666664,0.16666666666666666,False
2026-07-22 14:10:00+05:30,SUNPHARMA,sell,33333.33333333333,0.3333333333333333,False
2026-07-22 14:10:00+05:30,TATASTEEL,buy,16666.666666666664,0.16666666666666666,False
2026-07-22 14:15:00+05:30,BHARTIARTL,buy,33333.33333333333,0.3333333333333333,False
2026-07-22 14:15:00+05:30,HDFCBANK,buy,16666.666666666664,0.16666666666666666,False
2026-07-22 14:15:00+05:30,ICICIBANK,sell,16666.666666666664,0.16666666666666666,False
2026-07-22 14:15:00+05:30,INFY,sell,16666.666666666664,0.16666666666666666,False
2026-07-22 14:15:00+05:30,ITC,sell,16666.666666666664,0.16666666666666666,False
2026-07-22 14:15:00+05:30,KOTAKBANK,sell,16666.666666666664,0.16666666666666666,False
2026-07-22 14:15:00+05:30,SUNPHARMA,buy,33333.33333333333,0.3333333333333333,False
2026-07-22 14:15:00+05:30,TATASTEEL,sell,16666.666666666664,0.16666666666666666,False
2026-07-22 14:20:00+05:30,AXISBANK,buy,16666.666666666664,0.16666666666666666,False
2026-07-22 14:20:00+05:30,BHARTIARTL,sell,16666.666666666664,0.16666666666666666,False
2026-07-22 14:20:00+05:30,HCLTECH,buy,16666.666666666664,0.16666666666666666,False
2026-07-22 14:20:00+05:30,ICICIBANK,buy,16666.666666666664,0.16666666666666666,False
2026-07-22 14:20:00+05:30,ITC,buy,16666.666666666664,0.16666666666666666,False
2026-07-22 14:20:00+05:30,KOTAKBANK,buy,16666.666666666664,0.16666666666666666,False
2026-07-22 14:20:00+05:30,M&M,sell,16666.666666666664,0.16666666666666666,False
2026-07-22 14:20:00+05:30,MARUTI,sell,16666.666666666664,0.16666666666666666,False
2026-07-22 14:20:00+05:30,RELIANCE,sell,16666.666666666664,0.16666666666666666,False
2026-07-22 14:20:00+05:30,SUNPHARMA,sell,16666.666666666664,0.16666666666666666,False
2026-07-22 14:25:00+05:30,AXISBANK,sell,16666.666666666664,0.16666666666666666,False
2026-07-22 14:25:00+05:30,HCLTECH,sell,16666.666666666664,0.16666666666666666,False
2026-07-22 14:25:00+05:30,ITC,sell,16666.666666666664,0.16666666666666666,False
2026-07-22 14:25:00+05:30,KOTAKBANK,sell,33333.33333333333,0.3333333333333333,False
2026-07-22 14:25:00+05:30,LT,buy,16666.666666666664,0.16666666666666666,False
2026-07-22 14:25:00+05:30,M&M,buy,16666.666666666664,0.16666666666666666,False
2026-07-22 14:25:00+05:30,MARUTI,buy,33333.33333333333,0.3333333333333333,False
2026-07-22 14:25:00+05:30,TATASTEEL,buy,16666.666666666664,0.16666666666666666,False
2026-07-22 14:30:00+05:30,HDFCBANK,buy,16666.666666666664,0.16666666666666666,False
2026-07-22 14:30:00+05:30,ITC,buy,33333.33333333333,0.3333333333333333,False
2026-07-22 14:30:00+05:30,KOTAKBANK,buy,33333.33333333333,0.3333333333333333,False
2026-07-22 14:30:00+05:30,LT,sell,16666.666666666664,0.16666666666666666,False
2026-07-22 14:30:00+05:30,M&M,sell,16666.666666666664,0.16666666666666666,False
2026-07-22 14:30:00+05:30,MARUTI,sell,33333.33333333333,0.3333333333333333,False
2026-07-22 14:30:00+05:30,SBIN,sell,16666.666666666664,0.16666666666666666,False
2026-07-22 14:35:00+05:30,HCLTECH,sell,16666.666666666664,0.16666666666666666,False
2026-07-22 14:35:00+05:30,ICICIBANK,buy,16666.666666666664,0.16666666666666666,False
2026-07-22 14:35:00+05:30,ITC,sell,16666.666666666664,0.16666666666666666,False
2026-07-22 14:35:00+05:30,KOTAKBANK,sell,33333.33333333333,0.3333333333333333,False
2026-07-22 14:35:00+05:30,M&M,buy,16666.666666666664,0.16666666666666666,False
2026-07-22 14:35:00+05:30,MARUTI,buy,16666.666666666664,0.16666666666666666,False
2026-07-22 14:35:00+05:30,RELIANCE,buy,16666.666666666664,0.16666666666666666,False
2026-07-22 14:40:00+05:30,HCLTECH,buy,16666.666666666664,0.16666666666666666,False
2026-07-22 14:40:00+05:30,HDFCBANK,sell,16666.666666666664,0.16666666666666666,False
2026-07-22 14:40:00+05:30,ITC,buy,16666.666666666664,0.16666666666666666,False
2026-07-22 14:40:00+05:30,KOTAKBANK,buy,16666.666666666664,0.16666666666666666,False
2026-07-22 14:40:00+05:30,LT,sell,16666.666666666664,0.16666666666666666,False
2026-07-22 14:40:00+05:30,SUNPHARMA,sell,16666.666666666664,0.16666666666666666,False
2026-07-22 14:45:00+05:30,AXISBANK,buy,16666.666666666664,0.16666666666666666,False
2026-07-22 14:45:00+05:30,ICICIBANK,sell,16666.666666666664,0.16666666666666666,False
2026-07-22 14:45:00+05:30,ITC,sell,16666.666666666664,0.16666666666666666,False
2026-07-22 14:45:00+05:30,KOTAKBANK,buy,16666.666666666664,0.16666666666666666,False
2026-07-22 14:45:00+05:30,MARUTI,sell,16666.666666666664,0.16666666666666666,False
2026-07-22 14:45:00+05:30,RELIANCE,sell,16666.666666666664,0.16666666666666666,False
2026-07-22 14:45:00+05:30,SBIN,buy,16666.666666666664,0.16666666666666666,False
2026-07-22 14:45:00+05:30,SUNPHARMA,buy,16666.666666666664,0.16666666666666666,False
2026-07-22 14:50:00+05:30,HCLTECH,sell,16666.666666666664,0.16666666666666666,False
2026-07-22 14:50:00+05:30,HDFCBANK,buy,16666.666666666664,0.16666666666666666,False
2026-07-22 14:50:00+05:30,ICICIBANK,sell,16666.666666666664,0.16666666666666666,False
2026-07-22 14:50:00+05:30,KOTAKBANK,sell,16666.666666666664,0.16666666666666666,False
2026-07-22 14:50:00+05:30,LT,buy,16666.666666666664,0.16666666666666666,False
2026-07-22 14:50:00+05:30,M&M,sell,16666.666666666664,0.16666666666666666,False
2026-07-22 14:50:00+05:30,MARUTI,buy,16666.666666666664,0.16666666666666666,False
2026-07-22 14:50:00+05:30,RELIANCE,buy,16666.666666666664,0.16666666666666666,False
2026-07-22 14:50:00+05:30,SUNPHARMA,sell,16666.666666666664,0.16666666666666666,False
2026-07-22 14:50:00+05:30,TATASTEEL,buy,16666.666666666664,0.16666666666666666,False
2026-07-22 14:55:00+05:30,AXISBANK,sell,16666.666666666664,0.16666666666666666,False
2026-07-22 14:55:00+05:30,HCLTECH,buy,16666.666666666664,0.16666666666666666,False
2026-07-22 14:55:00+05:30,ICICIBANK,buy,33333.33333333333,0.3333333333333333,False
2026-07-22 14:55:00+05:30,MARUTI,buy,16666.666666666664,0.16666666666666666,False
2026-07-22 14:55:00+05:30,RELIANCE,sell,16666.666666666664,0.16666666666666666,False
2026-07-22 14:55:00+05:30,SBIN,sell,16666.666666666664,0.16666666666666666,False
2026-07-22 14:55:00+05:30,SUNPHARMA,buy,16666.666666666664,0.16666666666666666,False
2026-07-22 14:55:00+05:30,TATASTEEL,sell,33333.33333333333,0.3333333333333333,False
2026-07-22 15:00:00+05:30,AXISBANK,buy,16666.666666666664,0.16666666666666666,False
2026-07-22 15:00:00+05:30,BHARTIARTL,sell,16666.666666666664,0.16666666666666666,False
2026-07-22 15:00:00+05:30,HCLTECH,buy,16666.666666666664,0.16666666666666666,False
2026-07-22 15:00:00+05:30,HDFCBANK,sell,16666.666666666664,0.16666666666666666,False
2026-07-22 15:00:00+05:30,ICICIBANK,sell,16666.666666666664,0.16666666666666666,False
2026-07-22 15:00:00+05:30,MARUTI,sell,16666.666666666664,0.16666666666666666,False
2026-07-22 15:00:00+05:30,RELIANCE,buy,33333.33333333333,0.3333333333333333,False
2026-07-22 15:00:00+05:30,SBIN,buy,16666.666666666664,0.16666666666666666,False
2026-07-22 15:00:00+05:30,SUNPHARMA,sell,16666.666666666664,0.16666666666666666,False
2026-07-22 15:05:00+05:30,AXISBANK,sell,16666.666666666664,0.16666666666666666,False
2026-07-22 15:05:00+05:30,HCLTECH,sell,16666.666666666664,0.16666666666666666,False
2026-07-22 15:05:00+05:30,HDFCBANK,buy,16666.666666666664,0.16666666666666666,False
2026-07-22 15:05:00+05:30,KOTAKBANK,sell,16666.666666666664,0.16666666666666666,False
2026-07-22 15:05:00+05:30,RELIANCE,sell,16666.666666666664,0.16666666666666666,False
2026-07-22 15:05:00+05:30,SBIN,sell,16666.666666666664,0.16666666666666666,False
2026-07-22 15:05:00+05:30,SUNPHARMA,buy,33333.33333333333,0.3333333333333333,False
2026-07-22 15:05:00+05:30,TATASTEEL,buy,33333.33333333333,0.3333333333333333,False
2026-07-22 15:10:00+05:30,BHARTIARTL,buy,16666.666666666664,0.16666666666666666,False
2026-07-22 15:10:00+05:30,HDFCBANK,sell,16666.666666666664,0.16666666666666666,False
2026-07-22 15:10:00+05:30,INFY,sell,16666.666666666664,0.16666666666666666,False
2026-07-22 15:10:00+05:30,ITC,buy,16666.666666666664,0.16666666666666666,False
2026-07-22 15:10:00+05:30,RELIANCE,buy,16666.666666666664,0.16666666666666666,False
2026-07-22 15:10:00+05:30,SUNPHARMA,sell,16666.666666666664,0.16666666666666666,False
2026-07-22 15:15:00+05:30,HDFCBANK,sell,16666.666666666664,0.16666666666666666,False
2026-07-22 15:15:00+05:30,INFY,buy,16666.666666666664,0.16666666666666666,False
2026-07-22 15:15:00+05:30,ITC,sell,16666.666666666664,0.16666666666666666,False
2026-07-22 15:15:00+05:30,LT,buy,16666.666666666664,0.16666666666666666,False
2026-07-22 15:15:00+05:30,M&M,buy,16666.666666666664,0.16666666666666666,False
2026-07-22 15:15:00+05:30,MARUTI,buy,16666.666666666664,0.16666666666666666,False
2026-07-22 15:15:00+05:30,RELIANCE,sell,16666.666666666664,0.16666666666666666,False
2026-07-22 15:15:00+05:30,SBIN,buy,16666.666666666664,0.16666666666666666,False
2026-07-22 15:15:00+05:30,TATASTEEL,sell,33333.33333333333,0.3333333333333333,False
2026-07-22 15:20:00+05:30,HCLTECH,buy,16666.666666666664,0.16666666666666666,False
2026-07-22 15:20:00+05:30,ICICIBANK,buy,16666.666666666664,0.16666666666666666,False
2026-07-22 15:20:00+05:30,KOTAKBANK,buy,16666.666666666664,0.16666666666666666,False
2026-07-22 15:20:00+05:30,LT,sell,16666.666666666664,0.16666666666666666,False
2026-07-22 15:20:00+05:30,M&M,sell,16666.666666666664,0.16666666666666666,False
2026-07-22 15:20:00+05:30,MARUTI,sell,16666.666666666664,0.16666666666666666,False
2026-07-22 15:20:00+05:30,RELIANCE,buy,16666.666666666664,0.16666666666666666,False
2026-07-22 15:20:00+05:30,SBIN,sell,16666.666666666664,0.16666666666666666,False
2026-07-22 15:20:00+05:30,SUNPHARMA,sell,16666.666666666664,0.16666666666666666,False
2026-07-22 15:20:00+05:30,TATASTEEL,buy,16666.666666666664,0.16666666666666666,False
2026-07-23 14:10:00+05:30,HCLTECH,sell,16666.666666666664,0.16666666666666666,False
2026-07-23 14:10:00+05:30,HDFCBANK,buy,16666.666666666664,0.16666666666666666,False
2026-07-23 14:10:00+05:30,ICICIBANK,sell,16666.666666666664,0.16666666666666666,False
2026-07-23 14:10:00+05:30,ITC,sell,16666.666666666664,0.16666666666666666,False
2026-07-23 14:10:00+05:30,KOTAKBANK,buy,16666.666666666664,0.16666666666666666,False
2026-07-23 14:10:00+05:30,LT,buy,16666.666666666664,0.16666666666666666,False
2026-07-23 14:10:00+05:30,RELIANCE,sell,33333.33333333333,0.3333333333333333,False
2026-07-23 14:10:00+05:30,SBIN,buy,16666.666666666664,0.16666666666666666,False
2026-07-23 14:10:00+05:30,TATASTEEL,buy,16666.666666666664,0.16666666666666666,False
2026-07-23 14:15:00+05:30,AXISBANK,buy,16666.666666666664,0.16666666666666666,False
2026-07-23 14:15:00+05:30,HCLTECH,sell,16666.666666666664,0.16666666666666666,False
2026-07-23 14:15:00+05:30,ICICIBANK,sell,16666.666666666664,0.16666666666666666,False
2026-07-23 14:15:00+05:30,ITC,buy,16666.666666666664,0.16666666666666666,False
2026-07-23 14:15:00+05:30,KOTAKBANK,sell,16666.666666666664,0.16666666666666666,False
2026-07-23 14:15:00+05:30,MARUTI,buy,16666.666666666664,0.16666666666666666,False
2026-07-23 14:15:00+05:30,RELIANCE,buy,16666.666666666664,0.16666666666666666,False
2026-07-23 14:15:00+05:30,TATASTEEL,sell,16666.666666666664,0.16666666666666666,False
2026-07-23 14:20:00+05:30,AXISBANK,sell,16666.666666666664,0.16666666666666666,False
2026-07-23 14:20:00+05:30,BHARTIARTL,buy,16666.666666666664,0.16666666666666666,False
2026-07-23 14:20:00+05:30,HCLTECH,buy,16666.666666666664,0.16666666666666666,False
2026-07-23 14:20:00+05:30,HDFCBANK,sell,16666.666666666664,0.16666666666666666,False
2026-07-23 14:20:00+05:30,ICICIBANK,buy,33333.33333333333,0.3333333333333333,False
2026-07-23 14:20:00+05:30,KOTAKBANK,sell,16666.666666666664,0.16666666666666666,False
2026-07-23 14:20:00+05:30,LT,sell,16666.666666666664,0.16666666666666666,False
2026-07-23 14:20:00+05:30,M&M,buy,16666.666666666664,0.16666666666666666,False
2026-07-23 14:20:00+05:30,MARUTI,sell,16666.666666666664,0.16666666666666666,False
2026-07-23 14:20:00+05:30,RELIANCE,sell,16666.666666666664,0.16666666666666666,False
2026-07-23 14:20:00+05:30,SUNPHARMA,buy,16666.666666666664,0.16666666666666666,False
2026-07-23 14:25:00+05:30,BHARTIARTL,sell,16666.666666666664,0.16666666666666666,False
2026-07-23 14:25:00+05:30,HCLTECH,sell,16666.666666666664,0.16666666666666666,False
2026-07-23 14:25:00+05:30,HDFCBANK,buy,16666.666666666664,0.16666666666666666,False
2026-07-23 14:25:00+05:30,INFY,sell,16666.666666666664,0.16666666666666666,False
2026-07-23 14:25:00+05:30,KOTAKBANK,buy,33333.33333333333,0.3333333333333333,False
2026-07-23 14:25:00+05:30,M&M,sell,33333.33333333333,0.3333333333333333,False
2026-07-23 14:25:00+05:30,RELIANCE,buy,16666.666666666664,0.16666666666666666,False
2026-07-23 14:25:00+05:30,SBIN,buy,16666.666666666664,0.16666666666666666,False
2026-07-23 14:30:00+05:30,AXISBANK,buy,16666.666666666664,0.16666666666666666,False
2026-07-23 14:30:00+05:30,BHARTIARTL,buy,16666.666666666664,0.16666666666666666,False
2026-07-23 14:30:00+05:30,HCLTECH,buy,16666.666666666664,0.16666666666666666,False
2026-07-23 14:30:00+05:30,KOTAKBANK,sell,16666.666666666664,0.16666666666666666,False
2026-07-23 14:30:00+05:30,SBIN,sell,16666.666666666664,0.16666666666666666,False
2026-07-23 14:30:00+05:30,SUNPHARMA,sell,16666.666666666664,0.16666666666666666,False
2026-07-23 14:35:00+05:30,AXISBANK,sell,33333.33333333333,0.3333333333333333,False
2026-07-23 14:35:00+05:30,BHARTIARTL,sell,16666.666666666664,0.16666666666666666,False
2026-07-23 14:35:00+05:30,INFY,buy,16666.666666666664,0.16666666666666666,False
2026-07-23 14:35:00+05:30,LT,buy,16666.666666666664,0.16666666666666666,False
2026-07-23 14:35:00+05:30,M&M,buy,16666.666666666664,0.16666666666666666,False
2026-07-23 14:35:00+05:30,MARUTI,buy,16666.666666666664,0.16666666666666666,False
2026-07-23 14:35:00+05:30,TATASTEEL,sell,16666.666666666664,0.16666666666666666,False
2026-07-23 14:40:00+05:30,AXISBANK,buy,33333.33333333333,0.3333333333333333,False
2026-07-23 14:40:00+05:30,BHARTIARTL,sell,16666.666666666664,0.16666666666666666,False
2026-07-23 14:40:00+05:30,HDFCBANK,sell,16666.666666666664,0.16666666666666666,False
2026-07-23 14:40:00+05:30,ICICIBANK,sell,33333.33333333333,0.3333333333333333,False
2026-07-23 14:40:00+05:30,KOTAKBANK,buy,16666.666666666664,0.16666666666666666,False
2026-07-23 14:40:00+05:30,LT,sell,16666.666666666664,0.16666666666666666,False
2026-07-23 14:40:00+05:30,M&M,buy,16666.666666666664,0.16666666666666666,False
2026-07-23 14:40:00+05:30,MARUTI,sell,16666.666666666664,0.16666666666666666,False
2026-07-23 14:40:00+05:30,SUNPHARMA,buy,16666.666666666664,0.16666666666666666,False
2026-07-23 14:40:00+05:30,TATASTEEL,buy,16666.666666666664,0.16666666666666666,False
2026-07-23 14:45:00+05:30,BHARTIARTL,buy,16666.666666666664,0.16666666666666666,False
2026-07-23 14:45:00+05:30,HDFCBANK,buy,16666.666666666664,0.16666666666666666,False
2026-07-23 14:45:00+05:30,KOTAKBANK,sell,16666.666666666664,0.16666666666666666,False
2026-07-23 14:45:00+05:30,M&M,sell,33333.33333333333,0.3333333333333333,False
2026-07-23 14:45:00+05:30,RELIANCE,buy,16666.666666666664,0.16666666666666666,False
2026-07-23 14:45:00+05:30,SBIN,buy,16666.666666666664,0.16666666666666666,False
2026-07-23 14:45:00+05:30,SUNPHARMA,sell,16666.666666666664,0.16666666666666666,False
2026-07-23 14:50:00+05:30,AXISBANK,sell,16666.666666666664,0.16666666666666666,False
2026-07-23 14:50:00+05:30,HCLTECH,sell,16666.666666666664,0.16666666666666666,False
2026-07-23 14:50:00+05:30,ICICIBANK,buy,16666.666666666664,0.16666666666666666,False
2026-07-23 14:50:00+05:30,INFY,sell,16666.666666666664,0.16666666666666666,False
2026-07-23 14:50:00+05:30,KOTAKBANK,buy,16666.666666666664,0.16666666666666666,False
2026-07-23 14:50:00+05:30,MARUTI,buy,16666.666666666664,0.16666666666666666,False
2026-07-23 14:50:00+05:30,SBIN,sell,16666.666666666664,0.16666666666666666,False
2026-07-23 14:50:00+05:30,SUNPHARMA,buy,16666.666666666664,0.16666666666666666,False
2026-07-23 14:55:00+05:30,HCLTECH,buy,33333.33333333333,0.3333333333333333,False
2026-07-23 14:55:00+05:30,HDFCBANK,sell,16666.666666666664,0.16666666666666666,False
2026-07-23 14:55:00+05:30,INFY,buy,33333.33333333333,0.3333333333333333,False
2026-07-23 14:55:00+05:30,KOTAKBANK,sell,33333.33333333333,0.3333333333333333,False
2026-07-23 14:55:00+05:30,LT,sell,16666.666666666664,0.16666666666666666,False
2026-07-23 14:55:00+05:30,M&M,buy,16666.666666666664,0.16666666666666666,False
2026-07-23 14:55:00+05:30,MARUTI,sell,16666.666666666664,0.16666666666666666,False
2026-07-23 14:55:00+05:30,RELIANCE,sell,16666.666666666664,0.16666666666666666,False
2026-07-23 14:55:00+05:30,TATASTEEL,buy,16666.666666666664,0.16666666666666666,False
2026-07-23 15:00:00+05:30,HCLTECH,sell,33333.33333333333,0.3333333333333333,False
2026-07-23 15:00:00+05:30,HDFCBANK,buy,33333.33333333333,0.3333333333333333,False
2026-07-23 15:00:00+05:30,INFY,sell,16666.666666666664,0.16666666666666666,False
2026-07-23 15:00:00+05:30,KOTAKBANK,buy,16666.666666666664,0.16666666666666666,False
2026-07-23 15:00:00+05:30,LT,buy,16666.666666666664,0.16666666666666666,False
2026-07-23 15:00:00+05:30,M&M,sell,16666.666666666664,0.16666666666666666,False
2026-07-23 15:00:00+05:30,MARUTI,buy,16666.666666666664,0.16666666666666666,False
2026-07-23 15:00:00+05:30,RELIANCE,buy,16666.666666666664,0.16666666666666666,False
2026-07-23 15:00:00+05:30,SUNPHARMA,sell,16666.666666666664,0.16666666666666666,False
2026-07-23 15:00:00+05:30,TATASTEEL,sell,16666.666666666664,0.16666666666666666,False
2026-07-23 15:05:00+05:30,AXISBANK,buy,16666.666666666664,0.16666666666666666,False
2026-07-23 15:05:00+05:30,HCLTECH,buy,16666.666666666664,0.16666666666666666,False
2026-07-23 15:05:00+05:30,ICICIBANK,sell,16666.666666666664,0.16666666666666666,False
2026-07-23 15:05:00+05:30,LT,buy,16666.666666666664,0.16666666666666666,False
2026-07-23 15:05:00+05:30,MARUTI,sell,16666.666666666664,0.16666666666666666,False
2026-07-23 15:05:00+05:30,RELIANCE,sell,16666.666666666664,0.16666666666666666,False
2026-07-23 15:10:00+05:30,HDFCBANK,sell,16666.666666666664,0.16666666666666666,False
2026-07-23 15:10:00+05:30,ITC,sell,16666.666666666664,0.16666666666666666,False
2026-07-23 15:10:00+05:30,LT,sell,16666.666666666664,0.16666666666666666,False
2026-07-23 15:10:00+05:30,M&M,buy,16666.666666666664,0.16666666666666666,False
2026-07-23 15:10:00+05:30,MARUTI,sell,16666.666666666664,0.16666666666666666,False
2026-07-23 15:10:00+05:30,SBIN,buy,16666.666666666664,0.16666666666666666,False
2026-07-23 15:10:00+05:30,SUNPHARMA,buy,16666.666666666664,0.16666666666666666,False
2026-07-23 15:10:00+05:30,TATASTEEL,buy,16666.666666666664,0.16666666666666666,False
2026-07-23 15:15:00+05:30,AXISBANK,sell,16666.666666666664,0.16666666666666666,False
2026-07-23 15:15:00+05:30,BHARTIARTL,buy,16666.666666666664,0.16666666666666666,False
2026-07-23 15:15:00+05:30,ICICIBANK,buy,33333.33333333333,0.3333333333333333,False
2026-07-23 15:15:00+05:30,INFY,sell,16666.666666666664,0.16666666666666666,False
2026-07-23 15:15:00+05:30,ITC,buy,33333.33333333333,0.3333333333333333,False
2026-07-23 15:15:00+05:30,KOTAKBANK,sell,16666.666666666664,0.16666666666666666,False
2026-07-23 15:15:00+05:30,MARUTI,buy,16666.666666666664,0.16666666666666666,False
2026-07-23 15:15:00+05:30,RELIANCE,sell,16666.666666666664,0.16666666666666666,False
2026-07-23 15:15:00+05:30,SBIN,sell,16666.666666666664,0.16666666666666666,False
2026-07-23 15:15:00+05:30,TATASTEEL,sell,16666.666666666664,0.16666666666666666,False
2026-07-23 15:20:00+05:30,BHARTIARTL,sell,16666.666666666664,0.16666666666666666,False
2026-07-23 15:20:00+05:30,HCLTECH,sell,16666.666666666664,0.16666666666666666,False
2026-07-23 15:20:00+05:30,HDFCBANK,buy,16666.666666666664,0.16666666666666666,False
2026-07-23 15:20:00+05:30,ITC,sell,16666.666666666664,0.16666666666666666,False
2026-07-23 15:20:00+05:30,KOTAKBANK,buy,33333.33333333333,0.3333333333333333,False
2026-07-23 15:20:00+05:30,LT,sell,16666.666666666664,0.16666666666666666,False
2026-07-23 15:20:00+05:30,RELIANCE,buy,16666.666666666664,0.16666666666666666,False
2026-07-24 14:10:00+05:30,BHARTIARTL,sell,16666.666666666664,0.16666666666666666,False
2026-07-24 14:10:00+05:30,HDFCBANK,sell,33333.33333333333,0.3333333333333333,False
2026-07-24 14:10:00+05:30,ICICIBANK,sell,16666.666666666664,0.16666666666666666,False
2026-07-24 14:10:00+05:30,INFY,buy,16666.666666666664,0.16666666666666666,False
2026-07-24 14:10:00+05:30,KOTAKBANK,sell,16666.666666666664,0.16666666666666666,False
2026-07-24 14:10:00+05:30,LT,buy,16666.666666666664,0.16666666666666666,False
2026-07-24 14:10:00+05:30,SBIN,buy,16666.666666666664,0.16666666666666666,False
2026-07-24 14:10:00+05:30,SUNPHARMA,buy,16666.666666666664,0.16666666666666666,False
2026-07-24 14:10:00+05:30,TATASTEEL,buy,16666.666666666664,0.16666666666666666,False
2026-07-24 14:15:00+05:30,BHARTIARTL,buy,16666.666666666664,0.16666666666666666,False
2026-07-24 14:15:00+05:30,HDFCBANK,buy,16666.666666666664,0.16666666666666666,False
2026-07-24 14:15:00+05:30,ITC,sell,16666.666666666664,0.16666666666666666,False
2026-07-24 14:15:00+05:30,KOTAKBANK,sell,16666.666666666664,0.16666666666666666,False
2026-07-24 14:15:00+05:30,M&M,buy,16666.666666666664,0.16666666666666666,False
2026-07-24 14:15:00+05:30,TATASTEEL,sell,16666.666666666664,0.16666666666666666,False
2026-07-24 14:20:00+05:30,HCLTECH,buy,16666.666666666664,0.16666666666666666,False
2026-07-24 14:20:00+05:30,HDFCBANK,buy,16666.666666666664,0.16666666666666666,False
2026-07-24 14:20:00+05:30,ICICIBANK,sell,16666.666666666664,0.16666666666666666,False
2026-07-24 14:20:00+05:30,INFY,sell,16666.666666666664,0.16666666666666666,False
2026-07-24 14:20:00+05:30,ITC,buy,16666.666666666664,0.16666666666666666,False
2026-07-24 14:20:00+05:30,KOTAKBANK,buy,16666.666666666664,0.16666666666666666,False
2026-07-24 14:20:00+05:30,LT,sell,16666.666666666664,0.16666666666666666,False
2026-07-24 14:20:00+05:30,MARUTI,buy,16666.666666666664,0.16666666666666666,False
2026-07-24 14:20:00+05:30,SBIN,sell,16666.666666666664,0.16666666666666666,False
2026-07-24 14:20:00+05:30,SUNPHARMA,sell,16666.666666666664,0.16666666666666666,False
2026-07-24 14:25:00+05:30,HCLTECH,buy,16666.666666666664,0.16666666666666666,False
2026-07-24 14:25:00+05:30,HDFCBANK,sell,16666.666666666664,0.16666666666666666,False
2026-07-24 14:25:00+05:30,INFY,buy,33333.33333333333,0.3333333333333333,False
2026-07-24 14:25:00+05:30,KOTAKBANK,sell,16666.666666666664,0.16666666666666666,False
2026-07-24 14:25:00+05:30,LT,buy,16666.666666666664,0.16666666666666666,False
2026-07-24 14:25:00+05:30,M&M,sell,16666.666666666664,0.16666666666666666,False
2026-07-24 14:25:00+05:30,MARUTI,sell,33333.33333333333,0.3333333333333333,False
2026-07-24 14:25:00+05:30,SBIN,buy,16666.666666666664,0.16666666666666666,False
2026-07-24 14:30:00+05:30,AXISBANK,sell,16666.666666666664,0.16666666666666666,False
2026-07-24 14:30:00+05:30,HCLTECH,sell,33333.33333333333,0.3333333333333333,False
2026-07-24 14:30:00+05:30,ICICIBANK,buy,16666.666666666664,0.16666666666666666,False
2026-07-24 14:30:00+05:30,INFY,sell,16666.666666666664,0.16666666666666666,False
2026-07-24 14:30:00+05:30,KOTAKBANK,buy,16666.666666666664,0.16666666666666666,False
2026-07-24 14:30:00+05:30,MARUTI,buy,16666.666666666664,0.16666666666666666,False
2026-07-24 14:30:00+05:30,RELIANCE,buy,16666.666666666664,0.16666666666666666,False
2026-07-24 14:30:00+05:30,SUNPHARMA,buy,16666.666666666664,0.16666666666666666,False
2026-07-24 14:30:00+05:30,TATASTEEL,sell,16666.666666666664,0.16666666666666666,False
2026-07-24 14:35:00+05:30,AXISBANK,buy,33333.33333333333,0.3333333333333333,False
2026-07-24 14:35:00+05:30,BHARTIARTL,sell,16666.666666666664,0.16666666666666666,False
2026-07-24 14:35:00+05:30,ITC,sell,16666.666666666664,0.16666666666666666,False
2026-07-24 14:35:00+05:30,LT,buy,16666.666666666664,0.16666666666666666,False
2026-07-24 14:35:00+05:30,RELIANCE,sell,16666.666666666664,0.16666666666666666,False
2026-07-24 14:35:00+05:30,SBIN,sell,16666.666666666664,0.16666666666666666,False
2026-07-24 14:35:00+05:30,SUNPHARMA,sell,16666.666666666664,0.16666666666666666,False
2026-07-24 14:35:00+05:30,TATASTEEL,buy,33333.33333333333,0.3333333333333333,False
2026-07-24 14:40:00+05:30,AXISBANK,sell,33333.33333333333,0.3333333333333333,False
2026-07-24 14:40:00+05:30,BHARTIARTL,buy,16666.666666666664,0.16666666666666666,False
2026-07-24 14:40:00+05:30,HCLTECH,buy,33333.33333333333,0.3333333333333333,False
2026-07-24 14:40:00+05:30,HDFCBANK,buy,16666.666666666664,0.16666666666666666,False
2026-07-24 14:40:00+05:30,ITC,buy,16666.666666666664,0.16666666666666666,False
2026-07-24 14:40:00+05:30,KOTAKBANK,buy,16666.666666666664,0.16666666666666666,False
2026-07-24 14:40:00+05:30,LT,sell,16666.666666666664,0.16666666666666666,False
2026-07-24 14:40:00+05:30,M&M,sell,16666.666666666664,0.16666666666666666,False
2026-07-24 14:40:00+05:30,MARUTI,sell,16666.666666666664,0.16666666666666666,False
2026-07-24 14:40:00+05:30,TATASTEEL,sell,16666.666666666664,0.16666666666666666,False
2026-07-24 14:45:00+05:30,AXISBANK,buy,16666.666666666664,0.16666666666666666,False
2026-07-24 14:45:00+05:30,HCLTECH,sell,16666.666666666664,0.16666666666666666,False
2026-07-24 14:45:00+05:30,INFY,sell,16666.666666666664,0.16666666666666666,False
2026-07-24 14:45:00+05:30,ITC,sell,16666.666666666664,0.16666666666666666,False
2026-07-24 14:45:00+05:30,KOTAKBANK,sell,16666.666666666664,0.16666666666666666,False
2026-07-24 14:45:00+05:30,LT,sell,16666.666666666664,0.16666666666666666,False
2026-07-24 14:45:00+05:30,M&M,buy,16666.666666666664,0.16666666666666666,False
2026-07-24 14:45:00+05:30,MARUTI,buy,33333.33333333333,0.3333333333333333,False
2026-07-24 14:45:00+05:30,SUNPHARMA,buy,16666.666666666664,0.16666666666666666,False
2026-07-24 14:50:00+05:30,INFY,buy,33333.33333333333,0.3333333333333333,False
2026-07-24 14:50:00+05:30,ITC,buy,16666.666666666664,0.16666666666666666,False
2026-07-24 14:50:00+05:30,LT,buy,16666.666666666664,0.16666666666666666,False
2026-07-24 14:50:00+05:30,M&M,sell,16666.666666666664,0.16666666666666666,False
2026-07-24 14:50:00+05:30,MARUTI,sell,16666.666666666664,0.16666666666666666,False
2026-07-24 14:50:00+05:30,RELIANCE,sell,16666.666666666664,0.16666666666666666,False
2026-07-24 14:50:00+05:30,SBIN,sell,16666.666666666664,0.16666666666666666,False
2026-07-24 14:50:00+05:30,SUNPHARMA,sell,16666.666666666664,0.16666666666666666,False
2026-07-24 14:50:00+05:30,TATASTEEL,buy,16666.666666666664,0.16666666666666666,False
2026-07-24 14:55:00+05:30,BHARTIARTL,sell,16666.666666666664,0.16666666666666666,False
2026-07-24 14:55:00+05:30,HDFCBANK,sell,16666.666666666664,0.16666666666666666,False
2026-07-24 14:55:00+05:30,INFY,sell,33333.33333333333,0.3333333333333333,False
2026-07-24 14:55:00+05:30,ITC,buy,16666.666666666664,0.16666666666666666,False
2026-07-24 14:55:00+05:30,KOTAKBANK,buy,16666.666666666664,0.16666666666666666,False
2026-07-24 14:55:00+05:30,M&M,buy,16666.666666666664,0.16666666666666666,False
2026-07-24 14:55:00+05:30,RELIANCE,buy,16666.666666666664,0.16666666666666666,False
2026-07-24 15:00:00+05:30,BHARTIARTL,buy,16666.666666666664,0.16666666666666666,False
2026-07-24 15:00:00+05:30,HCLTECH,sell,16666.666666666664,0.16666666666666666,False
2026-07-24 15:00:00+05:30,HDFCBANK,buy,16666.666666666664,0.16666666666666666,False
2026-07-24 15:00:00+05:30,ICICIBANK,buy,16666.666666666664,0.16666666666666666,False
2026-07-24 15:00:00+05:30,ITC,sell,16666.666666666664,0.16666666666666666,False
2026-07-24 15:00:00+05:30,KOTAKBANK,sell,16666.666666666664,0.16666666666666666,False
2026-07-24 15:00:00+05:30,M&M,sell,16666.666666666664,0.16666666666666666,False
2026-07-24 15:00:00+05:30,RELIANCE,buy,16666.666666666664,0.16666666666666666,False
2026-07-24 15:00:00+05:30,SBIN,buy,16666.666666666664,0.16666666666666666,False
2026-07-24 15:00:00+05:30,TATASTEEL,sell,16666.666666666664,0.16666666666666666,False
2026-07-24 15:05:00+05:30,BHARTIARTL,sell,16666.666666666664,0.16666666666666666,False
2026-07-24 15:05:00+05:30,HCLTECH,buy,16666.666666666664,0.16666666666666666,False
2026-07-24 15:05:00+05:30,HDFCBANK,sell,16666.666666666664,0.16666666666666666,False
2026-07-24 15:05:00+05:30,ICICIBANK,sell,33333.33333333333,0.3333333333333333,False
2026-07-24 15:05:00+05:30,INFY,buy,16666.666666666664,0.16666666666666666,False
2026-07-24 15:05:00+05:30,KOTAKBANK,buy,16666.666666666664,0.16666666666666666,False
2026-07-24 15:05:00+05:30,MARUTI,buy,16666.666666666664,0.16666666666666666,False
2026-07-24 15:05:00+05:30,RELIANCE,sell,16666.666666666664,0.16666666666666666,False
2026-07-24 15:05:00+05:30,TATASTEEL,buy,16666.666666666664,0.16666666666666666,False
2026-07-24 15:10:00+05:30,BHARTIARTL,buy,16666.666666666664,0.16666666666666666,False
2026-07-24 15:10:00+05:30,HCLTECH,sell,16666.666666666664,0.16666666666666666,False
2026-07-24 15:10:00+05:30,ICICIBANK,buy,33333.33333333333,0.3333333333333333,False
2026-07-24 15:10:00+05:30,INFY,sell,16666.666666666664,0.16666666666666666,False
2026-07-24 15:10:00+05:30,MARUTI,sell,16666.666666666664,0.16666666666666666,False
2026-07-24 15:10:00+05:30,SBIN,buy,16666.666666666664,0.16666666666666666,False
2026-07-24 15:10:00+05:30,TATASTEEL,sell,16666.666666666664,0.16666666666666666,False
2026-07-24 15:15:00+05:30,AXISBANK,buy,16666.666666666664,0.16666666666666666,False
2026-07-24 15:15:00+05:30,BHARTIARTL,sell,16666.666666666664,0.16666666666666666,False
2026-07-24 15:15:00+05:30,HCLTECH,buy,16666.666666666664,0.16666666666666666,False
2026-07-24 15:15:00+05:30,ICICIBANK,sell,16666.666666666664,0.16666666666666666,False
2026-07-24 15:15:00+05:30,ITC,sell,16666.666666666664,0.16666666666666666,False
2026-07-24 15:15:00+05:30,M&M,buy,33333.33333333333,0.3333333333333333,False
2026-07-24 15:15:00+05:30,SBIN,sell,16666.666666666664,0.16666666666666666,False
2026-07-24 15:20:00+05:30,AXISBANK,sell,16666.666666666664,0.16666666666666666,False
2026-07-24 15:20:00+05:30,HDFCBANK,buy,16666.666666666664,0.16666666666666666,False
2026-07-24 15:20:00+05:30,INFY,buy,16666.666666666664,0.16666666666666666,False
2026-07-24 15:20:00+05:30,ITC,buy,33333.33333333333,0.3333333333333333,False
2026-07-24 15:20:00+05:30,KOTAKBANK,sell,16666.666666666664,0.16666666666666666,False
2026-07-24 15:20:00+05:30,M&M,sell,16666.666666666664,0.16666666666666666,False
2026-07-24 15:20:00+05:30,RELIANCE,buy,16666.666666666664,0.16666666666666666,False
2026-07-24 15:20:00+05:30,SUNPHARMA,sell,16666.666666666664,0.16666666666666666,False
2026-07-24 15:20:00+05:30,TATASTEEL,sell,16666.666666666664,0.16666666666666666,False
2026-07-27 14:10:00+05:30,AXISBANK,sell,16666.666666666664,0.16666666666666666,False
2026-07-27 14:10:00+05:30,BHARTIARTL,buy,33333.33333333333,0.3333333333333333,False
2026-07-27 14:10:00+05:30,HDFCBANK,sell,16666.666666666664,0.16666666666666666,False
2026-07-27 14:10:00+05:30,ITC,sell,33333.33333333333,0.3333333333333333,False
2026-07-27 14:10:00+05:30,LT,buy,16666.666666666664,0.16666666666666666,False
2026-07-27 14:10:00+05:30,M&M,sell,16666.666666666664,0.16666666666666666,False
2026-07-27 14:10:00+05:30,MARUTI,buy,16666.666666666664,0.16666666666666666,False
2026-07-27 14:10:00+05:30,RELIANCE,sell,16666.666666666664,0.16666666666666666,False
2026-07-27 14:10:00+05:30,SUNPHARMA,buy,16666.666666666664,0.16666666666666666,False
2026-07-27 14:10:00+05:30,TATASTEEL,buy,16666.666666666664,0.16666666666666666,False
2026-07-27 14:15:00+05:30,AXISBANK,buy,33333.33333333333,0.3333333333333333,False
2026-07-27 14:15:00+05:30,BHARTIARTL,sell,16666.666666666664,0.16666666666666666,False
2026-07-27 14:15:00+05:30,ICICIBANK,sell,16666.666666666664,0.16666666666666666,False
2026-07-27 14:15:00+05:30,INFY,sell,16666.666666666664,0.16666666666666666,False
2026-07-27 14:15:00+05:30,ITC,buy,33333.33333333333,0.3333333333333333,False
2026-07-27 14:15:00+05:30,LT,sell,16666.666666666664,0.16666666666666666,False
2026-07-27 14:15:00+05:30,MARUTI,sell,16666.666666666664,0.16666666666666666,False
2026-07-27 14:15:00+05:30,RELIANCE,buy,16666.666666666664,0.16666666666666666,False
2026-07-27 14:20:00+05:30,AXISBANK,sell,33333.33333333333,0.3333333333333333,False
2026-07-27 14:20:00+05:30,ICICIBANK,buy,16666.666666666664,0.16666666666666666,False
2026-07-27 14:20:00+05:30,INFY,buy,16666.666666666664,0.16666666666666666,False
2026-07-27 14:20:00+05:30,ITC,sell,16666.666666666664,0.16666666666666666,False
2026-07-27 14:20:00+05:30,KOTAKBANK,buy,16666.666666666664,0.16666666666666666,False
2026-07-27 14:20:00+05:30,LT,buy,16666.666666666664,0.16666666666666666,False
2026-07-27 14:20:00+05:30,RELIANCE,sell,16666.666666666664,0.16666666666666666,False
2026-07-27 14:20:00+05:30,SUNPHARMA,buy,16666.666666666664,0.16666666666666666,False
2026-07-27 14:20:00+05:30,TATASTEEL,sell,16666.666666666664,0.16666666666666666,False
2026-07-27 14:25:00+05:30,BHARTIARTL,buy,16666.666666666664,0.16666666666666666,False
2026-07-27 14:25:00+05:30,KOTAKBANK,sell,33333.33333333333,0.3333333333333333,False
2026-07-27 14:25:00+05:30,LT,sell,16666.666666666664,0.16666666666666666,False
2026-07-27 14:25:00+05:30,TATASTEEL,buy,33333.33333333333,0.3333333333333333,False
2026-07-27 14:30:00+05:30,AXISBANK,buy,16666.666666666664,0.16666666666666666,False
2026-07-27 14:30:00+05:30,HDFCBANK,sell,16666.666666666664,0.16666666666666666,False
2026-07-27 14:30:00+05:30,ICICIBANK,sell,16666.666666666664,0.16666666666666666,False
2026-07-27 14:30:00+05:30,ITC,buy,16666.666666666664,0.16666666666666666,False
2026-07-27 14:30:00+05:30,KOTAKBANK,buy,16666.666666666664,0.16666666666666666,False
2026-07-27 14:30:00+05:30,LT,sell,16666.666666666664,0.16666666666666666,False
2026-07-27 14:30:00+05:30,M&M,buy,16666.666666666664,0.16666666666666666,False
2026-07-27 14:30:00+05:30,SBIN,buy,16666.666666666664,0.16666666666666666,False
2026-07-27 14:30:00+05:30,SUNPHARMA,sell,16666.666666666664,0.16666666666666666,False
2026-07-27 14:30:00+05:30,TATASTEEL,sell,16666.666666666664,0.16666666666666666,False
2026-07-27 14:35:00+05:30,BHARTIARTL,sell,16666.666666666664,0.16666666666666666,False
2026-07-27 14:35:00+05:30,HDFCBANK,buy,16666.666666666664,0.16666666666666666,False
2026-07-27 14:35:00+05:30,ICICIBANK,buy,16666.666666666664,0.16666666666666666,False
2026-07-27 14:35:00+05:30,LT,buy,16666.666666666664,0.16666666666666666,False
2026-07-27 14:35:00+05:30,M&M,sell,16666.666666666664,0.16666666666666666,False
2026-07-27 14:35:00+05:30,MARUTI,sell,16666.666666666664,0.16666666666666666,False
2026-07-27 14:35:00+05:30,RELIANCE,buy,16666.666666666664,0.16666666666666666,False
2026-07-27 14:35:00+05:30,TATASTEEL,sell,16666.666666666664,0.16666666666666666,False
2026-07-27 14:40:00+05:30,BHARTIARTL,buy,16666.666666666664,0.16666666666666666,False
2026-07-27 14:40:00+05:30,HCLTECH,buy,16666.666666666664,0.16666666666666666,False
2026-07-27 14:40:00+05:30,HDFCBANK,sell,16666.666666666664,0.16666666666666666,False
2026-07-27 14:40:00+05:30,ICICIBANK,buy,16666.666666666664,0.16666666666666666,False
2026-07-27 14:40:00+05:30,ITC,sell,16666.666666666664,0.16666666666666666,False
2026-07-27 14:40:00+05:30,KOTAKBANK,sell,16666.666666666664,0.16666666666666666,False
2026-07-27 14:40:00+05:30,M&M,buy,16666.666666666664,0.16666666666666666,False
2026-07-27 14:40:00+05:30,RELIANCE,sell,16666.666666666664,0.16666666666666666,False
2026-07-27 14:40:00+05:30,SBIN,sell,16666.666666666664,0.16666666666666666,False
2026-07-27 14:40:00+05:30,TATASTEEL,buy,16666.666666666664,0.16666666666666666,False
2026-07-27 14:45:00+05:30,AXISBANK,buy,16666.666666666664,0.16666666666666666,False
2026-07-27 14:45:00+05:30,BHARTIARTL,sell,16666.666666666664,0.16666666666666666,False
2026-07-27 14:45:00+05:30,HCLTECH,sell,33333.33333333333,0.3333333333333333,False
2026-07-27 14:45:00+05:30,ICICIBANK,sell,16666.666666666664,0.16666666666666666,False
2026-07-27 14:45:00+05:30,ITC,buy,16666.666666666664,0.16666666666666666,False
2026-07-27 14:45:00+05:30,KOTAKBANK,buy,16666.666666666664,0.16666666666666666,False
2026-07-27 14:45:00+05:30,M&M,sell,16666.666666666664,0.16666666666666666,False
2026-07-27 14:45:00+05:30,MARUTI,buy,16666.666666666664,0.16666666666666666,False
2026-07-27 14:45:00+05:30,SUNPHARMA,buy,16666.666666666664,0.16666666666666666,False
2026-07-27 14:50:00+05:30,AXISBANK,sell,16666.666666666664,0.16666666666666666,False
2026-07-27 14:50:00+05:30,HCLTECH,buy,16666.666666666664,0.16666666666666666,False
2026-07-27 14:50:00+05:30,HDFCBANK,buy,33333.33333333333,0.3333333333333333,False
2026-07-27 14:50:00+05:30,ITC,sell,16666.666666666664,0.16666666666666666,False
2026-07-27 14:50:00+05:30,LT,buy,16666.666666666664,0.16666666666666666,False
2026-07-27 14:50:00+05:30,M&M,buy,16666.666666666664,0.16666666666666666,False
2026-07-27 14:50:00+05:30,MARUTI,sell,16666.666666666664,0.16666666666666666,False
2026-07-27 14:50:00+05:30,RELIANCE,sell,16666.666666666664,0.16666666666666666,False
2026-07-27 14:50:00+05:30,SUNPHARMA,sell,33333.33333333333,0.3333333333333333,False
2026-07-27 14:50:00+05:30,TATASTEEL,buy,16666.666666666664,0.16666666666666666,False
2026-07-27 14:55:00+05:30,INFY,sell,16666.666666666664,0.16666666666666666,False
2026-07-27 14:55:00+05:30,ITC,buy,16666.666666666664,0.16666666666666666,False
2026-07-27 14:55:00+05:30,M&M,sell,16666.666666666664,0.16666666666666666,False
2026-07-27 14:55:00+05:30,MARUTI,buy,16666.666666666664,0.16666666666666666,False
2026-07-27 14:55:00+05:30,SUNPHARMA,buy,16666.666666666664,0.16666666666666666,False
2026-07-27 14:55:00+05:30,TATASTEEL,sell,16666.666666666664,0.16666666666666666,False
2026-07-27 15:00:00+05:30,BHARTIARTL,sell,16666.666666666664,0.16666666666666666,False
2026-07-27 15:00:00+05:30,HCLTECH,sell,16666.666666666664,0.16666666666666666,False
2026-07-27 15:00:00+05:30,ICICIBANK,buy,16666.666666666664,0.16666666666666666,False
2026-07-27 15:00:00+05:30,INFY,buy,16666.666666666664,0.16666666666666666,False
2026-07-27 15:00:00+05:30,ITC,sell,16666.666666666664,0.16666666666666666,False
2026-07-27 15:00:00+05:30,LT,sell,16666.666666666664,0.16666666666666666,False
2026-07-27 15:00:00+05:30,M&M,buy,16666.666666666664,0.16666666666666666,False
2026-07-27 15:00:00+05:30,MARUTI,sell,16666.666666666664,0.16666666666666666,False
2026-07-27 15:00:00+05:30,RELIANCE,buy,33333.33333333333,0.3333333333333333,False
2026-07-27 15:05:00+05:30,BHARTIARTL,buy,16666.666666666664,0.16666666666666666,False
2026-07-27 15:05:00+05:30,HCLTECH,buy,16666.666666666664,0.16666666666666666,False
2026-07-27 15:05:00+05:30,HDFCBANK,sell,16666.666666666664,0.16666666666666666,False
2026-07-27 15:05:00+05:30,ICICIBANK,sell,16666.666666666664,0.16666666666666666,False
2026-07-27 15:05:00+05:30,ITC,buy,16666.666666666664,0.16666666666666666,False
2026-07-27 15:05:00+05:30,LT,buy,16666.666666666664,0.16666666666666666,False
2026-07-27 15:05:00+05:30,M&M,sell,16666.666666666664,0.16666666666666666,False
2026-07-27 15:05:00+05:30,RELIANCE,sell,33333.33333333333,0.3333333333333333,False
2026-07-27 15:05:00+05:30,SBIN,buy,16666.666666666664,0.16666666666666666,False
2026-07-27 15:10:00+05:30,AXISBANK,buy,16666.666666666664,0.16666666666666666,False
2026-07-27 15:10:00+05:30,INFY,sell,16666.666666666664,0.16666666666666666,False
2026-07-27 15:10:00+05:30,ITC,sell,16666.666666666664,0.16666666666666666,False
2026-07-27 15:10:00+05:30,M&M,buy,16666.666666666664,0.16666666666666666,False
2026-07-27 15:10:00+05:30,RELIANCE,buy,16666.666666666664,0.16666666666666666,False
2026-07-27 15:10:00+05:30,SBIN,sell,33333.33333333333,0.3333333333333333,False
2026-07-27 15:10:00+05:30,SUNPHARMA,buy,16666.666666666664,0.16666666666666666,False
2026-07-27 15:15:00+05:30,AXISBANK,sell,16666.666666666664,0.16666666666666666,False
2026-07-27 15:15:00+05:30,BHARTIARTL,buy,16666.666666666664,0.16666666666666666,False
2026-07-27 15:15:00+05:30,ICICIBANK,sell,16666.666666666664,0.16666666666666666,False
2026-07-27 15:15:00+05:30,INFY,buy,33333.33333333333,0.3333333333333333,False
2026-07-27 15:15:00+05:30,ITC,buy,16666.666666666664,0.16666666666666666,False
2026-07-27 15:15:00+05:30,LT,sell,16666.666666666664,0.16666666666666666,False
2026-07-27 15:15:00+05:30,M&M,sell,16666.666666666664,0.16666666666666666,False
2026-07-27 15:15:00+05:30,MARUTI,buy,16666.666666666664,0.16666666666666666,False
2026-07-27 15:15:00+05:30,SBIN,buy,16666.666666666664,0.16666666666666666,False
2026-07-27 15:15:00+05:30,SUNPHARMA,sell,33333.33333333333,0.3333333333333333,False
2026-07-27 15:20:00+05:30,BHARTIARTL,sell,33333.33333333333,0.3333333333333333,False
2026-07-27 15:20:00+05:30,HCLTECH,buy,16666.666666666664,0.16666666666666666,False
2026-07-27 15:20:00+05:30,ICICIBANK,buy,16666.666666666664,0.16666666666666666,False
2026-07-27 15:20:00+05:30,INFY,sell,16666.666666666664,0.16666666666666666,False
2026-07-27 15:20:00+05:30,ITC,sell,16666.666666666664,0.16666666666666666,False
2026-07-27 15:20:00+05:30,MARUTI,buy,16666.666666666664,0.16666666666666666,False
2026-07-27 15:20:00+05:30,SUNPHARMA,buy,33333.33333333333,0.3333333333333333,False
2026-07-27 15:20:00+05:30,TATASTEEL,sell,16666.666666666664,0.16666666666666666,False
2026-07-28 14:10:00+05:30,BHARTIARTL,buy,33333.33333333333,0.3333333333333333,False
2026-07-28 14:10:00+05:30,HCLTECH,sell,33333.33333333333,0.3333333333333333,False
2026-07-28 14:10:00+05:30,INFY,sell,16666.666666666664,0.16666666666666666,False
2026-07-28 14:10:00+05:30,LT,buy,16666.666666666664,0.16666666666666666,False
2026-07-28 14:10:00+05:30,M&M,buy,16666.666666666664,0.16666666666666666,False
2026-07-28 14:10:00+05:30,MARUTI,sell,16666.666666666664,0.16666666666666666,False
2026-07-28 14:10:00+05:30,RELIANCE,buy,16666.666666666664,0.16666666666666666,False
2026-07-28 14:10:00+05:30,SUNPHARMA,sell,16666.666666666664,0.16666666666666666,False
2026-07-28 14:15:00+05:30,AXISBANK,sell,16666.666666666664,0.16666666666666666,False
2026-07-28 14:15:00+05:30,BHARTIARTL,sell,16666.666666666664,0.16666666666666666,False
2026-07-28 14:15:00+05:30,HCLTECH,buy,16666.666666666664,0.16666666666666666,False
2026-07-28 14:15:00+05:30,INFY,buy,16666.666666666664,0.16666666666666666,False
2026-07-28 14:15:00+05:30,M&M,sell,16666.666666666664,0.16666666666666666,False
2026-07-28 14:15:00+05:30,SBIN,sell,16666.666666666664,0.16666666666666666,False
2026-07-28 14:15:00+05:30,TATASTEEL,buy,33333.33333333333,0.3333333333333333,False
2026-07-28 14:20:00+05:30,AXISBANK,buy,16666.666666666664,0.16666666666666666,False
2026-07-28 14:20:00+05:30,HDFCBANK,buy,16666.666666666664,0.16666666666666666,False
2026-07-28 14:20:00+05:30,ITC,sell,16666.666666666664,0.16666666666666666,False
2026-07-28 14:20:00+05:30,M&M,buy,16666.666666666664,0.16666666666666666,False
2026-07-28 14:20:00+05:30,MARUTI,sell,16666.666666666664,0.16666666666666666,False
2026-07-28 14:20:00+05:30,SBIN,buy,16666.666666666664,0.16666666666666666,False
2026-07-28 14:20:00+05:30,SUNPHARMA,sell,16666.666666666664,0.16666666666666666,False
2026-07-28 14:20:00+05:30,TATASTEEL,sell,16666.666666666664,0.16666666666666666,False
2026-07-28 14:25:00+05:30,AXISBANK,sell,16666.666666666664,0.16666666666666666,False
2026-07-28 14:25:00+05:30,BHARTIARTL,sell,16666.666666666664,0.16666666666666666,False
2026-07-28 14:25:00+05:30,ITC,buy,16666.666666666664,0.16666666666666666,False
2026-07-28 14:25:00+05:30,KOTAKBANK,sell,16666.666666666664,0.16666666666666666,False
2026-07-28 14:25:00+05:30,LT,sell,16666.666666666664,0.16666666666666666,False
2026-07-28 14:25:00+05:30,MARUTI,buy,33333.33333333333,0.3333333333333333,False
2026-07-28 14:25:00+05:30,SUNPHARMA,buy,16666.666666666664,0.16666666666666666,False
2026-07-28 14:30:00+05:30,AXISBANK,buy,16666.666666666664,0.16666666666666666,False
2026-07-28 14:30:00+05:30,HCLTECH,buy,16666.666666666664,0.16666666666666666,False
2026-07-28 14:30:00+05:30,HDFCBANK,sell,16666.666666666664,0.16666666666666666,False
2026-07-28 14:30:00+05:30,INFY,sell,16666.666666666664,0.16666666666666666,False
2026-07-28 14:30:00+05:30,KOTAKBANK,buy,16666.666666666664,0.16666666666666666,False
2026-07-28 14:30:00+05:30,MARUTI,sell,16666.666666666664,0.16666666666666666,False
2026-07-28 14:30:00+05:30,SUNPHARMA,sell,16666.666666666664,0.16666666666666666,False
2026-07-28 14:30:00+05:30,TATASTEEL,buy,16666.666666666664,0.16666666666666666,False
2026-07-28 14:35:00+05:30,HCLTECH,sell,33333.33333333333,0.3333333333333333,False
2026-07-28 14:35:00+05:30,INFY,buy,16666.666666666664,0.16666666666666666,False
2026-07-28 14:35:00+05:30,KOTAKBANK,buy,16666.666666666664,0.16666666666666666,False
2026-07-28 14:35:00+05:30,LT,sell,16666.666666666664,0.16666666666666666,False
2026-07-28 14:35:00+05:30,MARUTI,buy,16666.666666666664,0.16666666666666666,False
2026-07-28 14:35:00+05:30,SUNPHARMA,buy,16666.666666666664,0.16666666666666666,False
2026-07-28 14:35:00+05:30,TATASTEEL,sell,16666.666666666664,0.16666666666666666,False
2026-07-28 14:40:00+05:30,AXISBANK,buy,16666.666666666664,0.16666666666666666,False
2026-07-28 14:40:00+05:30,BHARTIARTL,buy,16666.666666666664,0.16666666666666666,False
2026-07-28 14:40:00+05:30,HCLTECH,buy,16666.666666666664,0.16666666666666666,False
2026-07-28 14:40:00+05:30,ITC,sell,16666.666666666664,0.16666666666666666,False
2026-07-28 14:40:00+05:30,KOTAKBANK,sell,16666.666666666664,0.16666666666666666,False
2026-07-28 14:40:00+05:30,MARUTI,sell,33333.33333333333,0.3333333333333333,False
2026-07-28 14:40:00+05:30,RELIANCE,sell,16666.666666666664,0.16666666666666666,False
2026-07-28 14:40:00+05:30,SBIN,buy,16666.666666666664,0.16666666666666666,False
2026-07-28 14:40:00+05:30,TATASTEEL,buy,16666.666666666664,0.16666666666666666,False
2026-07-28 14:45:00+05:30,AXISBANK,sell,16666.666666666664,0.16666666666666666,False
2026-07-28 14:45:00+05:30,HDFCBANK,sell,16666.666666666664,0.16666666666666666,False
2026-07-28 14:45:00+05:30,INFY,sell,16666.666666666664,0.16666666666666666,False
2026-07-28 14:45:00+05:30,ITC,buy,16666.666666666664,0.16666666666666666,False
2026-07-28 14:45:00+05:30,LT,buy,16666.666666666664,0.16666666666666666,False
2026-07-28 14:45:00+05:30,M&M,buy,16666.666666666664,0.16666666666666666,False
2026-07-28 14:45:00+05:30,MARUTI,buy,16666.666666666664,0.16666666666666666,False
2026-07-28 14:45:00+05:30,RELIANCE,buy,16666.666666666664,0.16666666666666666,False
2026-07-28 14:45:00+05:30,SBIN,sell,16666.666666666664,0.16666666666666666,False
2026-07-28 14:45:00+05:30,SUNPHARMA,sell,16666.666666666664,0.16666666666666666,False
2026-07-28 14:50:00+05:30,AXISBANK,buy,16666.666666666664,0.16666666666666666,False
2026-07-28 14:50:00+05:30,HDFCBANK,buy,16666.666666666664,0.16666666666666666,False
2026-07-28 14:50:00+05:30,INFY,buy,33333.33333333333,0.3333333333333333,False
2026-07-28 14:50:00+05:30,ITC,sell,16666.666666666664,0.16666666666666666,False
2026-07-28 14:50:00+05:30,KOTAKBANK,sell,16666.666666666664,0.16666666666666666,False
2026-07-28 14:50:00+05:30,M&M,sell,33333.33333333333,0.3333333333333333,False
2026-07-28 14:50:00+05:30,RELIANCE,sell,16666.666666666664,0.16666666666666666,False
2026-07-28 14:50:00+05:30,SBIN,buy,16666.666666666664,0.16666666666666666,False
2026-07-28 14:50:00+05:30,SUNPHARMA,buy,16666.666666666664,0.16666666666666666,False
2026-07-28 14:50:00+05:30,TATASTEEL,sell,16666.666666666664,0.16666666666666666,False
2026-07-28 14:55:00+05:30,AXISBANK,sell,16666.666666666664,0.16666666666666666,False
2026-07-28 14:55:00+05:30,BHARTIARTL,sell,16666.666666666664,0.16666666666666666,False
2026-07-28 14:55:00+05:30,HDFCBANK,buy,16666.666666666664,0.16666666666666666,False
2026-07-28 14:55:00+05:30,INFY,sell,16666.666666666664,0.16666666666666666,False
2026-07-28 14:55:00+05:30,ITC,buy,33333.33333333333,0.3333333333333333,False
2026-07-28 14:55:00+05:30,LT,sell,16666.666666666664,0.16666666666666666,False
2026-07-28 14:55:00+05:30,M&M,buy,16666.666666666664,0.16666666666666666,False
2026-07-28 15:00:00+05:30,AXISBANK,buy,16666.666666666664,0.16666666666666666,False
2026-07-28 15:00:00+05:30,BHARTIARTL,buy,16666.666666666664,0.16666666666666666,False
2026-07-28 15:00:00+05:30,HDFCBANK,sell,16666.666666666664,0.16666666666666666,False
2026-07-28 15:00:00+05:30,ITC,sell,33333.33333333333,0.3333333333333333,False
2026-07-28 15:00:00+05:30,KOTAKBANK,buy,16666.666666666664,0.16666666666666666,False
2026-07-28 15:00:00+05:30,MARUTI,buy,16666.666666666664,0.16666666666666666,False
2026-07-28 15:00:00+05:30,SBIN,sell,16666.666666666664,0.16666666666666666,False
2026-07-28 15:00:00+05:30,SUNPHARMA,buy,16666.666666666664,0.16666666666666666,False
2026-07-28 15:00:00+05:30,TATASTEEL,sell,16666.666666666664,0.16666666666666666,False
2026-07-28 15:05:00+05:30,LT,buy,16666.666666666664,0.16666666666666666,False
2026-07-28 15:05:00+05:30,M&M,buy,16666.666666666664,0.16666666666666666,False
2026-07-28 15:05:00+05:30,RELIANCE,sell,16666.666666666664,0.16666666666666666,False
2026-07-28 15:05:00+05:30,SUNPHARMA,sell,16666.666666666664,0.16666666666666666,False
2026-07-28 15:10:00+05:30,BHARTIARTL,buy,16666.666666666664,0.16666666666666666,False
2026-07-28 15:10:00+05:30,ICICIBANK,sell,16666.666666666664,0.16666666666666666,False
2026-07-28 15:10:00+05:30,INFY,sell,16666.666666666664,0.16666666666666666,False
2026-07-28 15:10:00+05:30,ITC,buy,16666.666666666664,0.16666666666666666,False
2026-07-28 15:10:00+05:30,M&M,sell,16666.666666666664,0.16666666666666666,False
2026-07-28 15:10:00+05:30,MARUTI,sell,33333.33333333333,0.3333333333333333,False
2026-07-28 15:10:00+05:30,RELIANCE,buy,16666.666666666664,0.16666666666666666,False
2026-07-28 15:10:00+05:30,SBIN,buy,16666.666666666664,0.16666666666666666,False
2026-07-28 15:10:00+05:30,TATASTEEL,buy,16666.666666666664,0.16666666666666666,False
2026-07-28 15:15:00+05:30,AXISBANK,sell,16666.666666666664,0.16666666666666666,False
2026-07-28 15:15:00+05:30,BHARTIARTL,sell,33333.33333333333,0.3333333333333333,False
2026-07-28 15:15:00+05:30,HCLTECH,buy,16666.666666666664,0.16666666666666666,False
2026-07-28 15:15:00+05:30,INFY,buy,16666.666666666664,0.16666666666666666,False
2026-07-28 15:15:00+05:30,MARUTI,buy,33333.33333333333,0.3333333333333333,False
2026-07-28 15:15:00+05:30,SBIN,sell,33333.33333333333,0.3333333333333333,False
2026-07-28 15:15:00+05:30,TATASTEEL,buy,16666.666666666664,0.16666666666666666,False
2026-07-28 15:20:00+05:30,BHARTIARTL,buy,16666.666666666664,0.16666666666666666,False
2026-07-28 15:20:00+05:30,HCLTECH,sell,16666.666666666664,0.16666666666666666,False
2026-07-28 15:20:00+05:30,HDFCBANK,buy,16666.666666666664,0.16666666666666666,False
2026-07-28 15:20:00+05:30,ICICIBANK,buy,16666.666666666664,0.16666666666666666,False
2026-07-28 15:20:00+05:30,INFY,buy,16666.666666666664,0.16666666666666666,False
2026-07-28 15:20:00+05:30,M&M,sell,16666.666666666664,0.16666666666666666,False
2026-07-28 15:20:00+05:30,MARUTI,sell,16666.666666666664,0.16666666666666666,False
2026-07-28 15:20:00+05:30,RELIANCE,sell,16666.666666666664,0.16666666666666666,False
2026-07-28 15:20:00+05:30,SBIN,buy,33333.33333333333,0.3333333333333333,False
2026-07-28 15:20:00+05:30,SUNPHARMA,sell,16666.666666666664,0.16666666666666666,False
2026-07-28 15:20:00+05:30,TATASTEEL,sell,16666.666666666664,0.16666666666666666,False
2026-07-29 14:10:00+05:30,AXISBANK,sell,16666.666666666664,0.16666666666666666,False
2026-07-29 14:10:00+05:30,BHARTIARTL,sell,16666.666666666664,0.16666666666666666,False
2026-07-29 14:10:00+05:30,HDFCBANK,sell,16666.666666666664,0.16666666666666666,False
2026-07-29 14:10:00+05:30,INFY,sell,16666.666666666664,0.16666666666666666,False
2026-07-29 14:10:00+05:30,ITC,buy,16666.666666666664,0.16666666666666666,False
2026-07-29 14:10:00+05:30,LT,sell,16666.666666666664,0.16666666666666666,False
2026-07-29 14:10:00+05:30,M&M,buy,33333.33333333333,0.3333333333333333,False
2026-07-29 14:10:00+05:30,RELIANCE,buy,33333.33333333333,0.3333333333333333,False
2026-07-29 14:10:00+05:30,SBIN,sell,16666.666666666664,0.16666666666666666,False
2026-07-29 14:10:00+05:30,SUNPHARMA,buy,16666.666666666664,0.16666666666666666,False
2026-07-29 14:15:00+05:30,BHARTIARTL,buy,16666.666666666664,0.16666666666666666,False
2026-07-29 14:15:00+05:30,HCLTECH,buy,16666.666666666664,0.16666666666666666,False
2026-07-29 14:15:00+05:30,ITC,sell,16666.666666666664,0.16666666666666666,False
2026-07-29 14:15:00+05:30,M&M,sell,16666.666666666664,0.16666666666666666,False
2026-07-29 14:15:00+05:30,MARUTI,sell,16666.666666666664,0.16666666666666666,False
2026-07-29 14:15:00+05:30,RELIANCE,sell,16666.666666666664,0.16666666666666666,False
2026-07-29 14:15:00+05:30,SUNPHARMA,buy,16666.666666666664,0.16666666666666666,False
2026-07-29 14:15:00+05:30,TATASTEEL,buy,16666.666666666664,0.16666666666666666,False
2026-07-29 14:20:00+05:30,AXISBANK,buy,16666.666666666664,0.16666666666666666,False
2026-07-29 14:20:00+05:30,BHARTIARTL,buy,16666.666666666664,0.16666666666666666,False
2026-07-29 14:20:00+05:30,HCLTECH,sell,33333.33333333333,0.3333333333333333,False
2026-07-29 14:20:00+05:30,INFY,sell,16666.666666666664,0.16666666666666666,False
2026-07-29 14:20:00+05:30,LT,buy,33333.33333333333,0.3333333333333333,False
2026-07-29 14:20:00+05:30,MARUTI,buy,16666.666666666664,0.16666666666666666,False
2026-07-29 14:20:00+05:30,SBIN,buy,16666.666666666664,0.16666666666666666,False
2026-07-29 14:20:00+05:30,SUNPHARMA,sell,16666.666666666664,0.16666666666666666,False
2026-07-29 14:20:00+05:30,TATASTEEL,sell,33333.33333333333,0.3333333333333333,False
2026-07-29 14:25:00+05:30,AXISBANK,sell,16666.666666666664,0.16666666666666666,False
2026-07-29 14:25:00+05:30,BHARTIARTL,sell,16666.666666666664,0.16666666666666666,False
2026-07-29 14:25:00+05:30,HCLTECH,buy,33333.33333333333,0.3333333333333333,False
2026-07-29 14:25:00+05:30,ICICIBANK,sell,16666.666666666664,0.16666666666666666,False
2026-07-29 14:25:00+05:30,INFY,buy,16666.666666666664,0.16666666666666666,False
2026-07-29 14:25:00+05:30,KOTAKBANK,buy,16666.666666666664,0.16666666666666666,False
2026-07-29 14:25:00+05:30,LT,sell,16666.666666666664,0.16666666666666666,False
2026-07-29 14:25:00+05:30,MARUTI,sell,16666.666666666664,0.16666666666666666,False
2026-07-29 14:25:00+05:30,SBIN,sell,16666.666666666664,0.16666666666666666,False
2026-07-29 14:25:00+05:30,TATASTEEL,buy,33333.33333333333,0.3333333333333333,False
2026-07-29 14:30:00+05:30,BHARTIARTL,buy,16666.666666666664,0.16666666666666666,False
2026-07-29 14:30:00+05:30,HCLTECH,sell,16666.666666666664,0.16666666666666666,False
2026-07-29 14:30:00+05:30,ICICIBANK,buy,33333.33333333333,0.3333333333333333,False
2026-07-29 14:30:00+05:30,KOTAKBANK,sell,16666.666666666664,0.16666666666666666,False
2026-07-29 14:30:00+05:30,RELIANCE,buy,16666.666666666664,0.16666666666666666,False
2026-07-29 14:30:00+05:30,SUNPHARMA,sell,16666.666666666664,0.16666666666666666,False
2026-07-29 14:30:00+05:30,TATASTEEL,sell,16666.666666666664,0.16666666666666666,False
2026-07-29 14:35:00+05:30,AXISBANK,buy,16666.666666666664,0.16666666666666666,False
2026-07-29 14:35:00+05:30,BHARTIARTL,sell,33333.33333333333,0.3333333333333333,False
2026-07-29 14:35:00+05:30,ICICIBANK,sell,16666.666666666664,0.16666666666666666,False
2026-07-29 14:35:00+05:30,INFY,buy,16666.666666666664,0.16666666666666666,False
2026-07-29 14:35:00+05:30,LT,buy,16666.666666666664,0.16666666666666666,False
2026-07-29 14:35:00+05:30,RELIANCE,sell,33333.33333333333,0.3333333333333333,False
2026-07-29 14:35:00+05:30,SUNPHARMA,buy,33333.33333333333,0.3333333333333333,False
2026-07-29 14:40:00+05:30,ITC,buy,16666.666666666664,0.16666666666666666,False
2026-07-29 14:40:00+05:30,KOTAKBANK,buy,16666.666666666664,0.16666666666666666,False
2026-07-29 14:40:00+05:30,LT,sell,16666.666666666664,0.16666666666666666,False
2026-07-29 14:40:00+05:30,MARUTI,buy,16666.666666666664,0.16666666666666666,False
2026-07-29 14:40:00+05:30,RELIANCE,buy,16666.666666666664,0.16666666666666666,False
2026-07-29 14:40:00+05:30,SBIN,sell,16666.666666666664,0.16666666666666666,False
2026-07-29 14:40:00+05:30,SUNPHARMA,sell,33333.33333333333,0.3333333333333333,False
2026-07-29 14:45:00+05:30,HDFCBANK,buy,16666.666666666664,0.16666666666666666,False
2026-07-29 14:45:00+05:30,ICICIBANK,buy,16666.666666666664,0.16666666666666666,False
2026-07-29 14:45:00+05:30,INFY,sell,16666.666666666664,0.16666666666666666,False
2026-07-29 14:45:00+05:30,ITC,sell,16666.666666666664,0.16666666666666666,False
2026-07-29 14:45:00+05:30,MARUTI,sell,16666.666666666664,0.16666666666666666,False
2026-07-29 14:45:00+05:30,SBIN,buy,16666.666666666664,0.16666666666666666,False
2026-07-29 14:50:00+05:30,BHARTIARTL,buy,33333.33333333333,0.3333333333333333,False
2026-07-29 14:50:00+05:30,HDFCBANK,sell,16666.666666666664,0.16666666666666666,False
2026-07-29 14:50:00+05:30,ICICIBANK,sell,33333.33333333333,0.3333333333333333,False
2026-07-29 14:50:00+05:30,KOTAKBANK,sell,16666.666666666664,0.16666666666666666,False
2026-07-29 14:50:00+05:30,M&M,buy,16666.666666666664,0.16666666666666666,False
2026-07-29 14:50:00+05:30,MARUTI,buy,16666.666666666664,0.16666666666666666,False
2026-07-29 14:50:00+05:30,RELIANCE,sell,16666.666666666664,0.16666666666666666,False
2026-07-29 14:50:00+05:30,SUNPHARMA,buy,33333.33333333333,0.3333333333333333,False
2026-07-29 14:50:00+05:30,TATASTEEL,sell,16666.666666666664,0.16666666666666666,False
2026-07-29 14:55:00+05:30,AXISBANK,sell,16666.666666666664,0.16666666666666666,False
2026-07-29 14:55:00+05:30,BHARTIARTL,sell,16666.666666666664,0.16666666666666666,False
2026-07-29 14:55:00+05:30,HCLTECH,buy,16666.666666666664,0.16666666666666666,False
2026-07-29 14:55:00+05:30,HDFCBANK,buy,16666.666666666664,0.16666666666666666,False
2026-07-29 14:55:00+05:30,ICICIBANK,buy,16666.666666666664,0.16666666666666666,False
2026-07-29 14:55:00+05:30,M&M,sell,16666.666666666664,0.16666666666666666,False
2026-07-29 14:55:00+05:30,MARUTI,sell,16666.666666666664,0.16666666666666666,False
2026-07-29 14:55:00+05:30,RELIANCE,buy,16666.666666666664,0.16666666666666666,False
2026-07-29 14:55:00+05:30,SUNPHARMA,sell,33333.33333333333,0.3333333333333333,False
2026-07-29 14:55:00+05:30,TATASTEEL,buy,33333.33333333333,0.3333333333333333,False
2026-07-29 15:00:00+05:30,AXISBANK,buy,16666.666666666664,0.16666666666666666,False
2026-07-29 15:00:00+05:30,HCLTECH,sell,33333.33333333333,0.3333333333333333,False
2026-07-29 15:00:00+05:30,HDFCBANK,sell,16666.666666666664,0.16666666666666666,False
2026-07-29 15:00:00+05:30,ICICIBANK,buy,16666.666666666664,0.16666666666666666,False
2026-07-29 15:00:00+05:30,INFY,sell,16666.666666666664,0.16666666666666666,False
2026-07-29 15:00:00+05:30,KOTAKBANK,buy,16666.666666666664,0.16666666666666666,False
2026-07-29 15:00:00+05:30,MARUTI,buy,16666.666666666664,0.16666666666666666,False
2026-07-29 15:05:00+05:30,AXISBANK,sell,16666.666666666664,0.16666666666666666,False
2026-07-29 15:05:00+05:30,BHARTIARTL,buy,16666.666666666664,0.16666666666666666,False
2026-07-29 15:05:00+05:30,HCLTECH,buy,33333.33333333333,0.3333333333333333,False
2026-07-29 15:05:00+05:30,ICICIBANK,sell,33333.33333333333,0.3333333333333333,False
2026-07-29 15:05:00+05:30,INFY,buy,16666.666666666664,0.16666666666666666,False
2026-07-29 15:05:00+05:30,KOTAKBANK,sell,33333.33333333333,0.3333333333333333,False
2026-07-29 15:05:00+05:30,M&M,buy,16666.666666666664,0.16666666666666666,False
2026-07-29 15:05:00+05:30,SUNPHARMA,buy,16666.666666666664,0.16666666666666666,False
2026-07-29 15:05:00+05:30,TATASTEEL,sell,16666.666666666664,0.16666666666666666,False
2026-07-29 15:10:00+05:30,BHARTIARTL,sell,16666.666666666664,0.16666666666666666,False
2026-07-29 15:10:00+05:30,HCLTECH,sell,16666.666666666664,0.16666666666666666,False
2026-07-29 15:10:00+05:30,ICICIBANK,buy,33333.33333333333,0.3333333333333333,False
2026-07-29 15:10:00+05:30,INFY,sell,16666.666666666664,0.16666666666666666,False
2026-07-29 15:10:00+05:30,KOTAKBANK,buy,16666.666666666664,0.16666666666666666,False
2026-07-29 15:10:00+05:30,LT,buy,16666.666666666664,0.16666666666666666,False
2026-07-29 15:10:00+05:30,M&M,sell,16666.666666666664,0.16666666666666666,False
2026-07-29 15:10:00+05:30,SUNPHARMA,sell,16666.666666666664,0.16666666666666666,False
2026-07-29 15:10:00+05:30,TATASTEEL,buy,16666.666666666664,0.16666666666666666,False
2026-07-29 15:15:00+05:30,ICICIBANK,sell,16666.666666666664,0.16666666666666666,False
2026-07-29 15:15:00+05:30,INFY,buy,16666.666666666664,0.16666666666666666,False
2026-07-29 15:15:00+05:30,ITC,buy,16666.666666666664,0.16666666666666666,False
2026-07-29 15:15:00+05:30,KOTAKBANK,sell,16666.666666666664,0.16666666666666666,False
2026-07-29 15:15:00+05:30,LT,sell,33333.33333333333,0.3333333333333333,False
2026-07-29 15:15:00+05:30,M&M,buy,16666.666666666664,0.16666666666666666,False
2026-07-29 15:15:00+05:30,MARUTI,buy,16666.666666666664,0.16666666666666666,False
2026-07-29 15:15:00+05:30,SUNPHARMA,buy,16666.666666666664,0.16666666666666666,False
2026-07-29 15:15:00+05:30,TATASTEEL,sell,16666.666666666664,0.16666666666666666,False
2026-07-29 15:20:00+05:30,AXISBANK,buy,16666.666666666664,0.16666666666666666,False
2026-07-29 15:20:00+05:30,BHARTIARTL,buy,16666.666666666664,0.16666666666666666,False
2026-07-29 15:20:00+05:30,HCLTECH,buy,16666.666666666664,0.16666666666666666,False
2026-07-29 15:20:00+05:30,ICICIBANK,buy,16666.666666666664,0.16666666666666666,False
2026-07-29 15:20:00+05:30,ITC,sell,16666.666666666664,0.16666666666666666,False
2026-07-29 15:20:00+05:30,KOTAKBANK,buy,16666.666666666664,0.16666666666666666,False
2026-07-29 15:20:00+05:30,LT,buy,16666.666666666664,0.16666666666666666,False
2026-07-29 15:20:00+05:30,M&M,sell,33333.33333333333,0.3333333333333333,False
2026-07-29 15:20:00+05:30,MARUTI,sell,16666.666666666664,0.16666666666666666,False
2026-07-29 15:20:00+05:30,SUNPHARMA,sell,16666.666666666664,0.16666666666666666,False
2026-07-29 15:20:00+05:30,TATASTEEL,sell,16666.666666666664,0.16666666666666666,False
2026-07-30 14:10:00+05:30,BHARTIARTL,sell,33333.33333333333,0.3333333333333333,False
2026-07-30 14:10:00+05:30,HCLTECH,sell,16666.666666666664,0.16666666666666666,False
2026-07-30 14:10:00+05:30,ICICIBANK,sell,16666.666666666664,0.16666666666666666,False
2026-07-30 14:10:00+05:30,INFY,buy,16666.666666666664,0.16666666666666666,False
2026-07-30 14:10:00+05:30,ITC,buy,16666.666666666664,0.16666666666666666,False
2026-07-30 14:10:00+05:30,MARUTI,sell,16666.666666666664,0.16666666666666666,False
2026-07-30 14:10:00+05:30,SUNPHARMA,buy,33333.33333333333,0.3333333333333333,False
2026-07-30 14:10:00+05:30,TATASTEEL,buy,16666.666666666664,0.16666666666666666,False
2026-07-30 14:15:00+05:30,BHARTIARTL,buy,16666.666666666664,0.16666666666666666,False
2026-07-30 14:15:00+05:30,HCLTECH,buy,16666.666666666664,0.16666666666666666,False
2026-07-30 14:15:00+05:30,ITC,sell,16666.666666666664,0.16666666666666666,False
2026-07-30 14:15:00+05:30,KOTAKBANK,sell,16666.666666666664,0.16666666666666666,False
2026-07-30 14:15:00+05:30,M&M,buy,33333.33333333333,0.3333333333333333,False
2026-07-30 14:15:00+05:30,MARUTI,buy,16666.666666666664,0.16666666666666666,False
2026-07-30 14:15:00+05:30,RELIANCE,sell,16666.666666666664,0.16666666666666666,False
2026-07-30 14:15:00+05:30,SUNPHARMA,sell,16666.666666666664,0.16666666666666666,False
2026-07-30 14:15:00+05:30,TATASTEEL,sell,16666.666666666664,0.16666666666666666,False
2026-07-30 14:20:00+05:30,BHARTIARTL,sell,16666.666666666664,0.16666666666666666,False
2026-07-30 14:20:00+05:30,HCLTECH,sell,16666.666666666664,0.16666666666666666,False
2026-07-30 14:20:00+05:30,HDFCBANK,sell,16666.666666666664,0.16666666666666666,False
2026-07-30 14:20:00+05:30,ICICIBANK,buy,16666.666666666664,0.16666666666666666,False
2026-07-30 14:20:00+05:30,RELIANCE,buy,16666.666666666664,0.16666666666666666,False
2026-07-30 14:20:00+05:30,TATASTEEL,buy,16666.666666666664,0.16666666666666666,False
2026-07-30 14:25:00+05:30,BHARTIARTL,buy,16666.666666666664,0.16666666666666666,False
2026-07-30 14:25:00+05:30,HCLTECH,buy,16666.666666666664,0.16666666666666666,False
2026-07-30 14:25:00+05:30,ICICIBANK,sell,16666.666666666664,0.16666666666666666,False
2026-07-30 14:25:00+05:30,INFY,sell,16666.666666666664,0.16666666666666666,False
2026-07-30 14:25:00+05:30,SBIN,sell,16666.666666666664,0.16666666666666666,False
2026-07-30 14:25:00+05:30,SUNPHARMA,buy,16666.666666666664,0.16666666666666666,False
2026-07-30 14:30:00+05:30,AXISBANK,sell,16666.666666666664,0.16666666666666666,False
2026-07-30 14:30:00+05:30,BHARTIARTL,buy,16666.666666666664,0.16666666666666666,False
2026-07-30 14:30:00+05:30,HCLTECH,sell,16666.666666666664,0.16666666666666666,False
2026-07-30 14:30:00+05:30,HDFCBANK,buy,16666.666666666664,0.16666666666666666,False
2026-07-30 14:30:00+05:30,INFY,buy,16666.666666666664,0.16666666666666666,False
2026-07-30 14:30:00+05:30,M&M,sell,33333.33333333333,0.3333333333333333,False
2026-07-30 14:30:00+05:30,SBIN,buy,16666.666666666664,0.16666666666666666,False
2026-07-30 14:35:00+05:30,AXISBANK,buy,16666.666666666664,0.16666666666666666,False
2026-07-30 14:35:00+05:30,BHARTIARTL,sell,33333.33333333333,0.3333333333333333,False
2026-07-30 14:35:00+05:30,HCLTECH,buy,16666.666666666664,0.16666666666666666,False
2026-07-30 14:35:00+05:30,KOTAKBANK,buy,33333.33333333333,0.3333333333333333,False
2026-07-30 14:35:00+05:30,M&M,buy,16666.666666666664,0.16666666666666666,False
2026-07-30 14:35:00+05:30,MARUTI,sell,16666.666666666664,0.16666666666666666,False
2026-07-30 14:35:00+05:30,RELIANCE,sell,16666.666666666664,0.16666666666666666,False
2026-07-30 14:35:00+05:30,SUNPHARMA,sell,16666.666666666664,0.16666666666666666,False
2026-07-30 14:40:00+05:30,BHARTIARTL,buy,16666.666666666664,0.16666666666666666,False
2026-07-30 14:40:00+05:30,ITC,buy,16666.666666666664,0.16666666666666666,False
2026-07-30 14:40:00+05:30,KOTAKBANK,sell,16666.666666666664,0.16666666666666666,False
2026-07-30 14:40:00+05:30,M&M,sell,16666.666666666664,0.16666666666666666,False
2026-07-30 14:40:00+05:30,RELIANCE,buy,16666.666666666664,0.16666666666666666,False
2026-07-30 14:40:00+05:30,SBIN,sell,16666.666666666664,0.16666666666666666,False
2026-07-30 14:45:00+05:30,HCLTECH,sell,16666.666666666664,0.16666666666666666,False
2026-07-30 14:45:00+05:30,SBIN,buy,33333.33333333333,0.3333333333333333,False
2026-07-30 14:45:00+05:30,TATASTEEL,sell,16666.666666666664,0.16666666666666666,False
2026-07-30 14:50:00+05:30,BHARTIARTL,sell,16666.666666666664,0.16666666666666666,False
2026-07-30 14:50:00+05:30,HCLTECH,buy,16666.666666666664,0.16666666666666666,False
2026-07-30 14:50:00+05:30,ITC,sell,16666.666666666664,0.16666666666666666,False
2026-07-30 14:50:00+05:30,KOTAKBANK,sell,16666.666666666664,0.16666666666666666,False
2026-07-30 14:50:00+05:30,M&M,buy,33333.33333333333,0.3333333333333333,False
2026-07-30 14:50:00+05:30,MARUTI,buy,16666.666666666664,0.16666666666666666,False
2026-07-30 14:50:00+05:30,SBIN,sell,16666.666666666664,0.16666666666666666,False
2026-07-30 14:55:00+05:30,BHARTIARTL,buy,16666.666666666664,0.16666666666666666,False
2026-07-30 14:55:00+05:30,INFY,sell,16666.666666666664,0.16666666666666666,False
2026-07-30 14:55:00+05:30,ITC,sell,16666.666666666664,0.16666666666666666,False
2026-07-30 14:55:00+05:30,KOTAKBANK,buy,33333.33333333333,0.3333333333333333,False
2026-07-30 14:55:00+05:30,RELIANCE,sell,16666.666666666664,0.16666666666666666,False
2026-07-30 14:55:00+05:30,SUNPHARMA,sell,16666.666666666664,0.16666666666666666,False
2026-07-30 14:55:00+05:30,TATASTEEL,buy,16666.666666666664,0.16666666666666666,False
2026-07-30 15:00:00+05:30,HCLTECH,sell,16666.666666666664,0.16666666666666666,False
2026-07-30 15:00:00+05:30,INFY,buy,16666.666666666664,0.16666666666666666,False
2026-07-30 15:00:00+05:30,ITC,buy,33333.33333333333,0.3333333333333333,False
2026-07-30 15:00:00+05:30,KOTAKBANK,sell,33333.33333333333,0.3333333333333333,False
2026-07-30 15:00:00+05:30,M&M,sell,16666.666666666664,0.16666666666666666,False
2026-07-30 15:00:00+05:30,MARUTI,sell,16666.666666666664,0.16666666666666666,False
2026-07-30 15:00:00+05:30,RELIANCE,buy,16666.666666666664,0.16666666666666666,False
2026-07-30 15:00:00+05:30,SBIN,sell,16666.666666666664,0.16666666666666666,False
2026-07-30 15:00:00+05:30,SUNPHARMA,buy,33333.33333333333,0.3333333333333333,False
2026-07-30 15:05:00+05:30,AXISBANK,buy,16666.666666666664,0.16666666666666666,False
2026-07-30 15:05:00+05:30,BHARTIARTL,sell,16666.666666666664,0.16666666666666666,False
2026-07-30 15:05:00+05:30,HCLTECH,sell,16666.666666666664,0.16666666666666666,False
2026-07-30 15:05:00+05:30,INFY,sell,16666.666666666664,0.16666666666666666,False
2026-07-30 15:05:00+05:30,ITC,sell,16666.666666666664,0.16666666666666666,False
2026-07-30 15:05:00+05:30,KOTAKBANK,buy,16666.666666666664,0.16666666666666666,False
2026-07-30 15:05:00+05:30,LT,sell,16666.666666666664,0.16666666666666666,False
2026-07-30 15:05:00+05:30,MARUTI,buy,33333.33333333333,0.3333333333333333,False
2026-07-30 15:05:00+05:30,SBIN,buy,16666.666666666664,0.16666666666666666,False
2026-07-30 15:10:00+05:30,AXISBANK,sell,16666.666666666664,0.16666666666666666,False
2026-07-30 15:10:00+05:30,BHARTIARTL,buy,33333.33333333333,0.3333333333333333,False
2026-07-30 15:10:00+05:30,HCLTECH,buy,33333.33333333333,0.3333333333333333,False
2026-07-30 15:10:00+05:30,INFY,buy,16666.666666666664,0.16666666666666666,False
2026-07-30 15:10:00+05:30,LT,buy,16666.666666666664,0.16666666666666666,False
2026-07-30 15:10:00+05:30,M&M,sell,16666.666666666664,0.16666666666666666,False
2026-07-30 15:10:00+05:30,MARUTI,sell,33333.33333333333,0.3333333333333333,False
2026-07-30 15:10:00+05:30,SUNPHARMA,sell,16666.666666666664,0.16666666666666666,False
2026-07-30 15:10:00+05:30,TATASTEEL,sell,16666.666666666664,0.16666666666666666,False
2026-07-30 15:15:00+05:30,AXISBANK,sell,16666.666666666664,0.16666666666666666,False
2026-07-30 15:15:00+05:30,BHARTIARTL,sell,16666.666666666664,0.16666666666666666,False
2026-07-30 15:15:00+05:30,HDFCBANK,sell,16666.666666666664,0.16666666666666666,False
2026-07-30 15:15:00+05:30,INFY,sell,16666.666666666664,0.16666666666666666,False
2026-07-30 15:15:00+05:30,M&M,buy,16666.666666666664,0.16666666666666666,False
2026-07-30 15:15:00+05:30,RELIANCE,buy,16666.666666666664,0.16666666666666666,False
2026-07-30 15:15:00+05:30,SUNPHARMA,buy,16666.666666666664,0.16666666666666666,False
2026-07-30 15:15:00+05:30,TATASTEEL,buy,16666.666666666664,0.16666666666666666,False
2026-07-30 15:20:00+05:30,HCLTECH,sell,16666.666666666664,0.16666666666666666,False
2026-07-30 15:20:00+05:30,HDFCBANK,buy,16666.666666666664,0.16666666666666666,False
2026-07-30 15:20:00+05:30,ICICIBANK,sell,16666.666666666664,0.16666666666666666,False
2026-07-30 15:20:00+05:30,KOTAKBANK,buy,16666.666666666664,0.16666666666666666,False
2026-07-30 15:20:00+05:30,MARUTI,buy,16666.666666666664,0.16666666666666666,False
2026-07-30 15:20:00+05:30,RELIANCE,sell,33333.33333333333,0.3333333333333333,False
2026-07-30 15:20:00+05:30,TATASTEEL,buy,16666.666666666664,0.16666666666666666,False
2026-07-31 14:10:00+05:30,AXISBANK,buy,33333.33333333333,0.3333333333333333,False
2026-07-31 14:10:00+05:30,BHARTIARTL,buy,16666.666666666664,0.16666666666666666,False
2026-07-31 14:10:00+05:30,ICICIBANK,buy,16666.666666666664,0.16666666666666666,False
2026-07-31 14:10:00+05:30,INFY,buy,16666.666666666664,0.16666666666666666,False
2026-07-31 14:10:00+05:30,KOTAKBANK,sell,16666.666666666664,0.16666666666666666,False
2026-07-31 14:10:00+05:30,M&M,sell,16666.666666666664,0.16666666666666666,False
2026-07-31 14:10:00+05:30,SUNPHARMA,sell,33333.33333333333,0.3333333333333333,False
2026-07-31 14:10:00+05:30,TATASTEEL,sell,16666.666666666664,0.16666666666666666,False
2026-07-31 14:15:00+05:30,AXISBANK,sell,33333.33333333333,0.3333333333333333,False
2026-07-31 14:15:00+05:30,BHARTIARTL,sell,16666.666666666664,0.16666666666666666,False
2026-07-31 14:15:00+05:30,HDFCBANK,buy,16666.666666666664,0.16666666666666666,False
2026-07-31 14:15:00+05:30,INFY,sell,16666.666666666664,0.16666666666666666,False
2026-07-31 14:15:00+05:30,LT,buy,16666.666666666664,0.16666666666666666,False
2026-07-31 14:15:00+05:30,M&M,buy,16666.666666666664,0.16666666666666666,False
2026-07-31 14:15:00+05:30,MARUTI,sell,16666.666666666664,0.16666666666666666,False
2026-07-31 14:15:00+05:30,RELIANCE,buy,16666.666666666664,0.16666666666666666,False
2026-07-31 14:15:00+05:30,SBIN,buy,16666.666666666664,0.16666666666666666,False
2026-07-31 14:20:00+05:30,AXISBANK,buy,33333.33333333333,0.3333333333333333,False
2026-07-31 14:20:00+05:30,BHARTIARTL,sell,16666.666666666664,0.16666666666666666,False
2026-07-31 14:20:00+05:30,HCLTECH,buy,16666.666666666664,0.16666666666666666,False
2026-07-31 14:20:00+05:30,HDFCBANK,sell,16666.666666666664,0.16666666666666666,False
2026-07-31 14:20:00+05:30,LT,sell,33333.33333333333,0.3333333333333333,False
2026-07-31 14:20:00+05:30,M&M,sell,16666.666666666664,0.16666666666666666,False
2026-07-31 14:20:00+05:30,MARUTI,buy,33333.33333333333,0.3333333333333333,False
2026-07-31 14:20:00+05:30,SBIN,sell,16666.666666666664,0.16666666666666666,False
2026-07-31 14:20:00+05:30,SUNPHARMA,buy,16666.666666666664,0.16666666666666666,False
2026-07-31 14:25:00+05:30,BHARTIARTL,buy,16666.666666666664,0.16666666666666666,False
2026-07-31 14:25:00+05:30,HCLTECH,sell,16666.666666666664,0.16666666666666666,False
2026-07-31 14:25:00+05:30,ITC,buy,16666.666666666664,0.16666666666666666,False
2026-07-31 14:25:00+05:30,MARUTI,sell,16666.666666666664,0.16666666666666666,False
2026-07-31 14:25:00+05:30,RELIANCE,sell,16666.666666666664,0.16666666666666666,False
2026-07-31 14:25:00+05:30,SUNPHARMA,buy,16666.666666666664,0.16666666666666666,False
2026-07-31 14:30:00+05:30,AXISBANK,sell,33333.33333333333,0.3333333333333333,False
2026-07-31 14:30:00+05:30,ICICIBANK,sell,16666.666666666664,0.16666666666666666,False
2026-07-31 14:30:00+05:30,ITC,sell,33333.33333333333,0.3333333333333333,False
2026-07-31 14:30:00+05:30,LT,buy,33333.33333333333,0.3333333333333333,False
2026-07-31 14:30:00+05:30,M&M,buy,33333.33333333333,0.3333333333333333,False
2026-07-31 14:30:00+05:30,RELIANCE,buy,16666.666666666664,0.16666666666666666,False
2026-07-31 14:35:00+05:30,AXISBANK,buy,16666.666666666664,0.16666666666666666,False
2026-07-31 14:35:00+05:30,BHARTIARTL,buy,16666.666666666664,0.16666666666666666,False
2026-07-31 14:35:00+05:30,ICICIBANK,buy,33333.33333333333,0.3333333333333333,False
2026-07-31 14:35:00+05:30,INFY,buy,16666.666666666664,0.16666666666666666,False
2026-07-31 14:35:00+05:30,ITC,buy,16666.666666666664,0.16666666666666666,False
2026-07-31 14:35:00+05:30,KOTAKBANK,sell,16666.666666666664,0.16666666666666666,False
2026-07-31 14:35:00+05:30,LT,sell,16666.666666666664,0.16666666666666666,False
2026-07-31 14:35:00+05:30,M&M,sell,16666.666666666664,0.16666666666666666,False
2026-07-31 14:35:00+05:30,MARUTI,sell,16666.666666666664,0.16666666666666666,False
2026-07-31 14:35:00+05:30,SUNPHARMA,sell,16666.666666666664,0.16666666666666666,False
2026-07-31 14:35:00+05:30,TATASTEEL,sell,16666.666666666664,0.16666666666666666,False
2026-07-31 14:40:00+05:30,AXISBANK,buy,16666.666666666664,0.16666666666666666,False
2026-07-31 14:40:00+05:30,BHARTIARTL,sell,33333.33333333333,0.3333333333333333,False
2026-07-31 14:40:00+05:30,ICICIBANK,sell,16666.666666666664,0.16666666666666666,False
2026-07-31 14:40:00+05:30,KOTAKBANK,buy,16666.666666666664,0.16666666666666666,False
2026-07-31 14:40:00+05:30,LT,sell,16666.666666666664,0.16666666666666666,False
2026-07-31 14:40:00+05:30,M&M,buy,16666.666666666664,0.16666666666666666,False
2026-07-31 14:40:00+05:30,MARUTI,buy,16666.666666666664,0.16666666666666666,False
2026-07-31 14:45:00+05:30,AXISBANK,sell,16666.666666666664,0.16666666666666666,False
2026-07-31 14:45:00+05:30,BHARTIARTL,buy,16666.666666666664,0.16666666666666666,False
2026-07-31 14:45:00+05:30,HCLTECH,sell,16666.666666666664,0.16666666666666666,False
2026-07-31 14:45:00+05:30,INFY,sell,16666.666666666664,0.16666666666666666,False
2026-07-31 14:45:00+05:30,ITC,buy,16666.666666666664,0.16666666666666666,False
2026-07-31 14:45:00+05:30,M&M,sell,16666.666666666664,0.16666666666666666,False
2026-07-31 14:45:00+05:30,MARUTI,sell,16666.666666666664,0.16666666666666666,False
2026-07-31 14:45:00+05:30,SBIN,buy,16666.666666666664,0.16666666666666666,False
2026-07-31 14:45:00+05:30,SUNPHARMA,buy,16666.666666666664,0.16666666666666666,False
2026-07-31 14:45:00+05:30,TATASTEEL,buy,16666.666666666664,0.16666666666666666,False
2026-07-31 14:50:00+05:30,AXISBANK,sell,16666.666666666664,0.16666666666666666,False
2026-07-31 14:50:00+05:30,HCLTECH,buy,33333.33333333333,0.3333333333333333,False
2026-07-31 14:50:00+05:30,ICICIBANK,buy,16666.666666666664,0.16666666666666666,False
2026-07-31 14:50:00+05:30,INFY,buy,16666.666666666664,0.16666666666666666,False
2026-07-31 14:50:00+05:30,ITC,sell,33333.33333333333,0.3333333333333333,False
2026-07-31 14:50:00+05:30,LT,buy,16666.666666666664,0.16666666666666666,False
2026-07-31 14:50:00+05:30,MARUTI,buy,16666.666666666664,0.16666666666666666,False
2026-07-31 14:50:00+05:30,RELIANCE,sell,16666.666666666664,0.16666666666666666,False
2026-07-31 14:50:00+05:30,SBIN,sell,16666.666666666664,0.16666666666666666,False
2026-07-31 14:50:00+05:30,SUNPHARMA,sell,16666.666666666664,0.16666666666666666,False
2026-07-31 14:55:00+05:30,AXISBANK,buy,33333.33333333333,0.3333333333333333,False
2026-07-31 14:55:00+05:30,BHARTIARTL,buy,16666.666666666664,0.16666666666666666,False
2026-07-31 14:55:00+05:30,HCLTECH,sell,33333.33333333333,0.3333333333333333,False
2026-07-31 14:55:00+05:30,ICICIBANK,sell,16666.666666666664,0.16666666666666666,False
2026-07-31 14:55:00+05:30,INFY,sell,33333.33333333333,0.3333333333333333,False
2026-07-31 14:55:00+05:30,ITC,buy,16666.666666666664,0.16666666666666666,False
2026-07-31 14:55:00+05:30,KOTAKBANK,buy,16666.666666666664,0.16666666666666666,False
2026-07-31 15:00:00+05:30,AXISBANK,sell,16666.666666666664,0.16666666666666666,False
2026-07-31 15:00:00+05:30,BHARTIARTL,sell,16666.666666666664,0.16666666666666666,False
2026-07-31 15:00:00+05:30,HCLTECH,buy,16666.666666666664,0.16666666666666666,False
2026-07-31 15:00:00+05:30,INFY,buy,16666.666666666664,0.16666666666666666,False
2026-07-31 15:00:00+05:30,ITC,buy,16666.666666666664,0.16666666666666666,False
2026-07-31 15:00:00+05:30,KOTAKBANK,sell,33333.33333333333,0.3333333333333333,False
2026-07-31 15:00:00+05:30,MARUTI,sell,16666.666666666664,0.16666666666666666,False
2026-07-31 15:00:00+05:30,SUNPHARMA,buy,16666.666666666664,0.16666666666666666,False
2026-07-31 15:00:00+05:30,TATASTEEL,buy,16666.666666666664,0.16666666666666666,False
2026-07-31 15:05:00+05:30,HCLTECH,sell,16666.666666666664,0.16666666666666666,False
2026-07-31 15:05:00+05:30,ICICIBANK,sell,16666.666666666664,0.16666666666666666,False
2026-07-31 15:05:00+05:30,ITC,sell,16666.666666666664,0.16666666666666666,False
2026-07-31 15:05:00+05:30,KOTAKBANK,buy,16666.666666666664,0.16666666666666666,False
2026-07-31 15:05:00+05:30,LT,sell,16666.666666666664,0.16666666666666666,False
2026-07-31 15:05:00+05:30,M&M,buy,16666.666666666664,0.16666666666666666,False
2026-07-31 15:05:00+05:30,MARUTI,buy,33333.33333333333,0.3333333333333333,False
2026-07-31 15:05:00+05:30,RELIANCE,buy,33333.33333333333,0.3333333333333333,False
2026-07-31 15:05:00+05:30,SUNPHARMA,sell,16666.666666666664,0.16666666666666666,False
2026-07-31 15:05:00+05:30,TATASTEEL,sell,16666.666666666664,0.16666666666666666,False
2026-07-31 15:10:00+05:30,HCLTECH,buy,16666.666666666664,0.16666666666666666,False
2026-07-31 15:10:00+05:30,MARUTI,sell,16666.666666666664,0.16666666666666666,False
2026-07-31 15:10:00+05:30,RELIANCE,sell,33333.33333333333,0.3333333333333333,False
2026-07-31 15:10:00+05:30,SBIN,buy,16666.666666666664,0.16666666666666666,False
2026-07-31 15:10:00+05:30,TATASTEEL,buy,16666.666666666664,0.16666666666666666,False
2026-07-31 15:15:00+05:30,HCLTECH,sell,16666.666666666664,0.16666666666666666,False
2026-07-31 15:15:00+05:30,HDFCBANK,buy,16666.666666666664,0.16666666666666666,False
2026-07-31 15:15:00+05:30,ICICIBANK,buy,16666.666666666664,0.16666666666666666,False
2026-07-31 15:15:00+05:30,LT,buy,33333.33333333333,0.3333333333333333,False
2026-07-31 15:15:00+05:30,M&M,sell,33333.33333333333,0.3333333333333333,False
2026-07-31 15:15:00+05:30,RELIANCE,buy,16666.666666666664,0.16666666666666666,False
2026-07-31 15:15:00+05:30,SBIN,sell,16666.666666666664,0.16666666666666666,False
2026-07-31 15:15:00+05:30,SUNPHARMA,buy,16666.666666666664,0.16666666666666666,False
2026-07-31 15:15:00+05:30,TATASTEEL,sell,33333.33333333333,0.3333333333333333,False
2026-07-31 15:20:00+05:30,HCLTECH,buy,16666.666666666664,0.16666666666666666,False
2026-07-31 15:20:00+05:30,HDFCBANK,sell,16666.666666666664,0.16666666666666666,False
2026-07-31 15:20:00+05:30,ICICIBANK,buy,16666.666666666664,0.16666666666666666,False
2026-07-31 15:20:00+05:30,LT,sell,16666.666666666664,0.16666666666666666,False
2026-07-31 15:20:00+05:30,M&M,buy,33333.33333333333,0.3333333333333333,False
2026-07-31 15:20:00+05:30,MARUTI,sell,16666.666666666664,0.16666666666666666,False
2026-07-31 15:20:00+05:30,RELIANCE,sell,16666.666666666664,0.16666666666666666,False
2026-08-03 14:10:00+05:30,HCLTECH,sell,16666.666666666664,0.16666666666666666,False
2026-08-03 14:10:00+05:30,ICICIBANK,sell,16666.666666666664,0.16666666666666666,False
2026-08-03 14:10:00+05:30,INFY,sell,16666.666666666664,0.16666666666666666,False
2026-08-03 14:10:00+05:30,KOTAKBANK,sell,16666.666666666664,0.16666666666666666,False
2026-08-03 14:10:00+05:30,LT,buy,16666.666666666664,0.16666666666666666,False
2026-08-03 14:10:00+05:30,M&M,sell,16666.666666666664,0.16666666666666666,False
2026-08-03 14:10:00+05:30,MARUTI,buy,16666.666666666664,0.16666666666666666,False
2026-08-03 14:10:00+05:30,RELIANCE,buy,16666.666666666664,0.16666666666666666,False
2026-08-03 14:10:00+05:30,SBIN,buy,16666.666666666664,0.16666666666666666,False
2026-08-03 14:10:00+05:30,TATASTEEL,buy,16666.666666666664,0.16666666666666666,False
2026-08-03 14:15:00+05:30,BHARTIARTL,sell,16666.666666666664,0.16666666666666666,False
2026-08-03 14:15:00+05:30,HCLTECH,buy,16666.666666666664,0.16666666666666666,False
2026-08-03 14:15:00+05:30,HDFCBANK,sell,16666.666666666664,0.16666666666666666,False
2026-08-03 14:15:00+05:30,INFY,buy,16666.666666666664,0.16666666666666666,False
2026-08-03 14:15:00+05:30,ITC,buy,16666.666666666664,0.16666666666666666,False
2026-08-03 14:15:00+05:30,LT,sell,16666.666666666664,0.16666666666666666,False
2026-08-03 14:15:00+05:30,MARUTI,buy,16666.666666666664,0.16666666666666666,False
2026-08-03 14:15:00+05:30,SBIN,sell,16666.666666666664,0.16666666666666666,False
2026-08-03 14:20:00+05:30,BHARTIARTL,buy,16666.666666666664,0.16666666666666666,False
2026-08-03 14:20:00+05:30,HDFCBANK,buy,16666.666666666664,0.16666666666666666,False
2026-08-03 14:20:00+05:30,INFY,sell,16666.666666666664,0.16666666666666666,False
2026-08-03 14:20:00+05:30,M&M,sell,16666.666666666664,0.16666666666666666,False
2026-08-03 14:20:00+05:30,MARUTI,sell,16666.666666666664,0.16666666666666666,False
2026-08-03 14:20:00+05:30,SBIN,buy,16666.666666666664,0.16666666666666666,False
2026-08-03 14:20:00+05:30,SUNPHARMA,sell,16666.666666666664,0.16666666666666666,False
2026-08-03 14:20:00+05:30,TATASTEEL,buy,16666.666666666664,0.16666666666666666,False
2026-08-03 14:25:00+05:30,AXISBANK,buy,16666.666666666664,0.16666666666666666,False
2026-08-03 14:25:00+05:30,BHARTIARTL,sell,16666.666666666664,0.16666666666666666,False
2026-08-03 14:25:00+05:30,HCLTECH,buy,16666.666666666664,0.16666666666666666,False
2026-08-03 14:25:00+05:30,INFY,buy,16666.666666666664,0.16666666666666666,False
2026-08-03 14:25:00+05:30,ITC,sell,16666.666666666664,0.16666666666666666,False
2026-08-03 14:25:00+05:30,KOTAKBANK,buy,16666.666666666664,0.16666666666666666,False
2026-08-03 14:25:00+05:30,MARUTI,sell,16666.666666666664,0.16666666666666666,False
2026-08-03 14:25:00+05:30,TATASTEEL,sell,16666.666666666664,0.16666666666666666,False
2026-08-03 14:30:00+05:30,BHARTIARTL,buy,16666.666666666664,0.16666666666666666,False
2026-08-03 14:30:00+05:30,HCLTECH,sell,16666.666666666664,0.16666666666666666,False
2026-08-03 14:30:00+05:30,ICICIBANK,sell,16666.666666666664,0.16666666666666666,False
2026-08-03 14:30:00+05:30,LT,sell,16666.666666666664,0.16666666666666666,False
2026-08-03 14:30:00+05:30,M&M,buy,16666.666666666664,0.16666666666666666,False
2026-08-03 14:30:00+05:30,MARUTI,buy,33333.33333333333,0.3333333333333333,False
2026-08-03 14:30:00+05:30,RELIANCE,sell,16666.666666666664,0.16666666666666666,False
2026-08-03 14:30:00+05:30,SBIN,sell,16666.666666666664,0.16666666666666666,False
2026-08-03 14:30:00+05:30,SUNPHARMA,buy,16666.666666666664,0.16666666666666666,False
2026-08-03 14:35:00+05:30,AXISBANK,sell,33333.33333333333,0.3333333333333333,False
2026-08-03 14:35:00+05:30,HDFCBANK,sell,16666.666666666664,0.16666666666666666,False
2026-08-03 14:35:00+05:30,ICICIBANK,buy,16666.666666666664,0.16666666666666666,False
2026-08-03 14:35:00+05:30,KOTAKBANK,buy,16666.666666666664,0.16666666666666666,False
2026-08-03 14:35:00+05:30,M&M,buy,16666.666666666664,0.16666666666666666,False
2026-08-03 14:35:00+05:30,MARUTI,sell,16666.666666666664,0.16666666666666666,False
2026-08-03 14:35:00+05:30,RELIANCE,buy,33333.33333333333,0.3333333333333333,False
2026-08-03 14:35:00+05:30,SUNPHARMA,sell,16666.666666666664,0.16666666666666666,False
2026-08-03 14:40:00+05:30,AXISBANK,buy,16666.666666666664,0.16666666666666666,False
2026-08-03 14:40:00+05:30,ITC,buy,16666.666666666664,0.16666666666666666,False
2026-08-03 14:40:00+05:30,KOTAKBANK,sell,16666.666666666664,0.16666666666666666,False
2026-08-03 14:40:00+05:30,LT,buy,16666.666666666664,0.16666666666666666,False
2026-08-03 14:40:00+05:30,MARUTI,sell,16666.666666666664,0.16666666666666666,False
2026-08-03 14:40:00+05:30,RELIANCE,sell,33333.33333333333,0.3333333333333333,False
2026-08-03 14:40:00+05:30,SUNPHARMA,buy,16666.666666666664,0.16666666666666666,False
2026-08-03 14:45:00+05:30,HCLTECH,sell,16666.666666666664,0.16666666666666666,False
2026-08-03 14:45:00+05:30,HDFCBANK,buy,16666.666666666664,0.16666666666666666,False
2026-08-03 14:45:00+05:30,ICICIBANK,buy,16666.666666666664,0.16666666666666666,False
2026-08-03 14:45:00+05:30,ITC,sell,16666.666666666664,0.16666666666666666,False
2026-08-03 14:45:00+05:30,M&M,sell,33333.33333333333,0.3333333333333333,False
2026-08-03 14:45:00+05:30,RELIANCE,buy,16666.666666666664,0.16666666666666666,False
2026-08-03 14:45:00+05:30,SBIN,buy,16666.666666666664,0.16666666666666666,False
2026-08-03 14:50:00+05:30,AXISBANK,sell,16666.666666666664,0.16666666666666666,False
2026-08-03 14:50:00+05:30,BHARTIARTL,sell,16666.666666666664,0.16666666666666666,False
2026-08-03 14:50:00+05:30,HCLTECH,buy,16666.666666666664,0.16666666666666666,False
2026-08-03 14:50:00+05:30,ICICIBANK,sell,16666.666666666664,0.16666666666666666,False
2026-08-03 14:50:00+05:30,LT,sell,16666.666666666664,0.16666666666666666,False
2026-08-03 14:50:00+05:30,M&M,buy,16666.666666666664,0.16666666666666666,False
2026-08-03 14:50:00+05:30,MARUTI,buy,16666.666666666664,0.16666666666666666,False
2026-08-03 14:50:00+05:30,RELIANCE,buy,16666.666666666664,0.16666666666666666,False
2026-08-03 14:50:00+05:30,SBIN,sell,16666.666666666664,0.16666666666666666,False
2026-08-03 14:50:00+05:30,TATASTEEL,buy,16666.666666666664,0.16666666666666666,False
2026-08-03 14:55:00+05:30,AXISBANK,buy,16666.666666666664,0.16666666666666666,False
2026-08-03 14:55:00+05:30,BHARTIARTL,buy,16666.666666666664,0.16666666666666666,False
2026-08-03 14:55:00+05:30,KOTAKBANK,sell,16666.666666666664,0.16666666666666666,False
2026-08-03 14:55:00+05:30,MARUTI,buy,16666.666666666664,0.16666666666666666,False
2026-08-03 14:55:00+05:30,RELIANCE,sell,16666.666666666664,0.16666666666666666,False
2026-08-03 14:55:00+05:30,SBIN,buy,16666.666666666664,0.16666666666666666,False
2026-08-03 14:55:00+05:30,TATASTEEL,sell,33333.33333333333,0.3333333333333333,False
2026-08-03 15:00:00+05:30,HCLTECH,sell,16666.666666666664,0.16666666666666666,False
2026-08-03 15:00:00+05:30,ICICIBANK,buy,16666.666666666664,0.16666666666666666,False
2026-08-03 15:00:00+05:30,INFY,sell,16666.666666666664,0.16666666666666666,False
2026-08-03 15:00:00+05:30,ITC,buy,16666.666666666664,0.16666666666666666,False
2026-08-03 15:00:00+05:30,KOTAKBANK,buy,16666.666666666664,0.16666666666666666,False
2026-08-03 15:00:00+05:30,LT,buy,16666.666666666664,0.16666666666666666,False
2026-08-03 15:00:00+05:30,M&M,sell,16666.666666666664,0.16666666666666666,False
2026-08-03 15:00:00+05:30,MARUTI,sell,16666.666666666664,0.16666666666666666,False
2026-08-03 15:00:00+05:30,SBIN,sell,16666.666666666664,0.16666666666666666,False
2026-08-03 15:00:00+05:30,TATASTEEL,buy,16666.666666666664,0.16666666666666666,False
2026-08-03 15:05:00+05:30,AXISBANK,sell,16666.666666666664,0.16666666666666666,False
2026-08-03 15:05:00+05:30,ICICIBANK,sell,33333.33333333333,0.3333333333333333,False
2026-08-03 15:05:00+05:30,INFY,buy,16666.666666666664,0.16666666666666666,False
2026-08-03 15:05:00+05:30,ITC,sell,16666.666666666664,0.16666666666666666,False
2026-08-03 15:05:00+05:30,M&M,buy,33333.33333333333,0.3333333333333333,False
2026-08-03 15:05:00+05:30,SBIN,buy,16666.666666666664,0.16666666666666666,False
2026-08-04 14:10:00+05:30,AXISBANK,buy,16666.666666666664,0.16666666666666666,False
2026-08-04 14:10:00+05:30,HCLTECH,buy,33333.33333333333,0.3333333333333333,False
2026-08-04 14:10:00+05:30,ICICIBANK,buy,16666.666666666664,0.16666666666666666,False
2026-08-04 14:10:00+05:30,KOTAKBANK,sell,16666.666666666664,0.16666666666666666,False
2026-08-04 14:10:00+05:30,M&M,sell,16666.666666666664,0.16666666666666666,False
2026-08-04 14:10:00+05:30,MARUTI,buy,16666.666666666664,0.16666666666666666,False
2026-08-04 14:10:00+05:30,RELIANCE,sell,16666.666666666664,0.16666666666666666,False
2026-08-04 14:10:00+05:30,SBIN,sell,33333.33333333333,0.3333333333333333,False
2026-08-04 14:15:00+05:30,BHARTIARTL,sell,16666.666666666664,0.16666666666666666,False
2026-08-04 14:15:00+05:30,HCLTECH,sell,16666.666666666664,0.16666666666666666,False
2026-08-04 14:15:00+05:30,HDFCBANK,buy,16666.666666666664,0.16666666666666666,False
2026-08-04 14:15:00+05:30,ICICIBANK,buy,16666.666666666664,0.16666666666666666,False
2026-08-04 14:15:00+05:30,ITC,sell,16666.666666666664,0.16666666666666666,False
2026-08-04 14:15:00+05:30,KOTAKBANK,buy,16666.666666666664,0.16666666666666666,False
2026-08-04 14:15:00+05:30,M&M,sell,16666.666666666664,0.16666666666666666,False
2026-08-04 14:15:00+05:30,RELIANCE,buy,16666.666666666664,0.16666666666666666,False
2026-08-04 14:15:00+05:30,SBIN,buy,16666.666666666664,0.16666666666666666,False
2026-08-04 14:15:00+05:30,SUNPHARMA,sell,16666.666666666664,0.16666666666666666,False
2026-08-04 14:20:00+05:30,HCLTECH,buy,16666.666666666664,0.16666666666666666,False
2026-08-04 14:20:00+05:30,HDFCBANK,sell,16666.666666666664,0.16666666666666666,False
2026-08-04 14:20:00+05:30,ICICIBANK,sell,33333.33333333333,0.3333333333333333,False
2026-08-04 14:20:00+05:30,ITC,buy,16666.666666666664,0.16666666666666666,False
2026-08-04 14:20:00+05:30,LT,buy,16666.666666666664,0.16666666666666666,False
2026-08-04 14:20:00+05:30,M&M,buy,16666.666666666664,0.16666666666666666,False
2026-08-04 14:20:00+05:30,MARUTI,sell,16666.666666666664,0.16666666666666666,False
2026-08-04 14:20:00+05:30,SUNPHARMA,buy,16666.666666666664,0.16666666666666666,False
2026-08-04 14:20:00+05:30,TATASTEEL,sell,16666.666666666664,0.16666666666666666,False
2026-08-04 14:25:00+05:30,AXISBANK,buy,16666.666666666664,0.16666666666666666,False
2026-08-04 14:25:00+05:30,BHARTIARTL,buy,16666.666666666664,0.16666666666666666,False
2026-08-04 14:25:00+05:30,LT,sell,33333.33333333333,0.3333333333333333,False
2026-08-04 14:25:00+05:30,MARUTI,buy,16666.666666666664,0.16666666666666666,False
2026-08-04 14:25:00+05:30,RELIANCE,sell,16666.666666666664,0.16666666666666666,False
2026-08-04 14:25:00+05:30,SUNPHARMA,sell,16666.666666666664,0.16666666666666666,False
2026-08-04 14:25:00+05:30,TATASTEEL,buy,16666.666666666664,0.16666666666666666,False
2026-08-04 14:30:00+05:30,AXISBANK,sell,33333.33333333333,0.3333333333333333,False
2026-08-04 14:30:00+05:30,HCLTECH,sell,33333.33333333333,0.3333333333333333,False
2026-08-04 14:30:00+05:30,HDFCBANK,buy,16666.666666666664,0.16666666666666666,False
2026-08-04 14:30:00+05:30,LT,buy,33333.33333333333,0.3333333333333333,False
2026-08-04 14:30:00+05:30,RELIANCE,buy,16666.666666666664,0.16666666666666666,False
2026-08-04 14:35:00+05:30,AXISBANK,buy,16666.666666666664,0.16666666666666666,False
2026-08-04 14:35:00+05:30,HDFCBANK,sell,16666.666666666664,0.16666666666666666,False
2026-08-04 14:35:00+05:30,ICICIBANK,buy,16666.666666666664,0.16666666666666666,False
2026-08-04 14:35:00+05:30,INFY,sell,16666.666666666664,0.16666666666666666,False
2026-08-04 14:35:00+05:30,ITC,sell,16666.666666666664,0.16666666666666666,False
2026-08-04 14:35:00+05:30,TATASTEEL,buy,16666.666666666664,0.16666666666666666,False
2026-08-04 14:40:00+05:30,HDFCBANK,buy,16666.666666666664,0.16666666666666666,False
2026-08-04 14:40:00+05:30,ICICIBANK,sell,16666.666666666664,0.16666666666666666,False
2026-08-04 14:40:00+05:30,INFY,buy,16666.666666666664,0.16666666666666666,False
2026-08-04 14:40:00+05:30,ITC,buy,16666.666666666664,0.16666666666666666,False
2026-08-04 14:40:00+05:30,LT,sell,16666.666666666664,0.16666666666666666,False
2026-08-04 14:40:00+05:30,MARUTI,sell,33333.33333333333,0.3333333333333333,False
2026-08-04 14:40:00+05:30,RELIANCE,buy,16666.666666666664,0.16666666666666666,False
2026-08-04 14:40:00+05:30,SBIN,buy,16666.666666666664,0.16666666666666666,False
2026-08-04 14:40:00+05:30,TATASTEEL,sell,16666.666666666664,0.16666666666666666,False
2026-08-04 14:45:00+05:30,HCLTECH,buy,16666.666666666664,0.16666666666666666,False
2026-08-04 14:45:00+05:30,ICICIBANK,buy,16666.666666666664,0.16666666666666666,False
2026-08-04 14:45:00+05:30,INFY,sell,16666.666666666664,0.16666666666666666,False
2026-08-04 14:45:00+05:30,ITC,buy,16666.666666666664,0.16666666666666666,False
2026-08-04 14:45:00+05:30,LT,buy,16666.666666666664,0.16666666666666666,False
2026-08-04 14:45:00+05:30,M&M,sell,16666.666666666664,0.16666666666666666,False
2026-08-04 14:45:00+05:30,MARUTI,buy,16666.666666666664,0.16666666666666666,False
2026-08-04 14:45:00+05:30,RELIANCE,sell,16666.666666666664,0.16666666666666666,False
2026-08-04 14:45:00+05:30,SBIN,sell,33333.33333333333,0.3333333333333333,False
2026-08-04 14:50:00+05:30,BHARTIARTL,sell,16666.666666666664,0.16666666666666666,False
2026-08-04 14:50:00+05:30,HCLTECH,sell,16666.666666666664,0.16666666666666666,False
2026-08-04 14:50:00+05:30,HDFCBANK,sell,16666.666666666664,0.16666666666666666,False
2026-08-04 14:50:00+05:30,INFY,buy,16666.666666666664,0.16666666666666666,False
2026-08-04 14:50:00+05:30,ITC,sell,16666.666666666664,0.16666666666666666,False
2026-08-04 14:50:00+05:30,M&M,buy,16666.666666666664,0.16666666666666666,False
2026-08-04 14:50:00+05:30,MARUTI,sell,16666.666666666664,0.16666666666666666,False
2026-08-04 14:50:00+05:30,RELIANCE,buy,16666.666666666664,0.16666666666666666,False
2026-08-04 14:50:00+05:30,SBIN,buy,16666.666666666664,0.16666666666666666,False
2026-08-04 14:50:00+05:30,TATASTEEL,buy,16666.666666666664,0.16666666666666666,False
2026-08-04 14:55:00+05:30,BHARTIARTL,buy,16666.666666666664,0.16666666666666666,False
2026-08-04 14:55:00+05:30,ITC,buy,16666.666666666664,0.16666666666666666,False
2026-08-04 14:55:00+05:30,KOTAKBANK,sell,16666.666666666664,0.16666666666666666,False
2026-08-04 14:55:00+05:30,LT,sell,16666.666666666664,0.16666666666666666,False
2026-08-04 14:55:00+05:30,M&M,sell,16666.666666666664,0.16666666666666666,False
2026-08-04 14:55:00+05:30,MARUTI,buy,33333.33333333333,0.3333333333333333,False
2026-08-04 14:55:00+05:30,TATASTEEL,sell,16666.666666666664,0.16666666666666666,False
2026-08-04 15:00:00+05:30,HCLTECH,buy,16666.666666666664,0.16666666666666666,False
2026-08-04 15:00:00+05:30,ICICIBANK,sell,16666.666666666664,0.16666666666666666,False
2026-08-04 15:00:00+05:30,ITC,sell,16666.666666666664,0.16666666666666666,False
2026-08-04 15:00:00+05:30,LT,buy,16666.666666666664,0.16666666666666666,False
2026-08-04 15:00:00+05:30,M&M,buy,16666.666666666664,0.16666666666666666,False
2026-08-04 15:00:00+05:30,MARUTI,sell,33333.33333333333,0.3333333333333333,False
2026-08-04 15:00:00+05:30,SUNPHARMA,buy,16666.666666666664,0.16666666666666666,False
2026-08-04 15:05:00+05:30,HCLTECH,sell,16666.666666666664,0.16666666666666666,False
2026-08-04 15:05:00+05:30,ICICIBANK,buy,16666.666666666664,0.16666666666666666,False
2026-08-04 15:05:00+05:30,INFY,sell,16666.666666666664,0.16666666666666666,False
2026-08-04 15:05:00+05:30,KOTAKBANK,buy,16666.666666666664,0.16666666666666666,False
2026-08-04 15:05:00+05:30,M&M,buy,16666.666666666664,0.16666666666666666,False
2026-08-04 15:05:00+05:30,RELIANCE,sell,16666.666666666664,0.16666666666666666,False
2026-08-05 14:10:00+05:30,HCLTECH,buy,33333.33333333333,0.3333333333333333,False
2026-08-05 14:10:00+05:30,HDFCBANK,buy,16666.666666666664,0.16666666666666666,False
2026-08-05 14:10:00+05:30,ICICIBANK,sell,16666.666666666664,0.16666666666666666,False
2026-08-05 14:10:00+05:30,INFY,buy,16666.666666666664,0.16666666666666666,False
2026-08-05 14:10:00+05:30,ITC,sell,16666.666666666664,0.16666666666666666,False
2026-08-05 14:10:00+05:30,LT,sell,16666.666666666664,0.16666666666666666,False
2026-08-05 14:10:00+05:30,M&M,sell,16666.666666666664,0.16666666666666666,False
2026-08-05 14:10:00+05:30,MARUTI,buy,16666.666666666664,0.16666666666666666,False
2026-08-05 14:10:00+05:30,RELIANCE,buy,16666.666666666664,0.16666666666666666,False
2026-08-05 14:10:00+05:30,SUNPHARMA,sell,16666.666666666664,0.16666666666666666,False
2026-08-05 14:10:00+05:30,TATASTEEL,sell,16666.666666666664,0.16666666666666666,False
2026-08-05 14:15:00+05:30,AXISBANK,sell,16666.666666666664,0.16666666666666666,False
2026-08-05 14:15:00+05:30,ICICIBANK,buy,16666.666666666664,0.16666666666666666,False
2026-08-05 14:15:00+05:30,MARUTI,buy,16666.666666666664,0.16666666666666666,False
2026-08-05 14:15:00+05:30,RELIANCE,sell,16666.666666666664,0.16666666666666666,False
2026-08-05 14:15:00+05:30,SBIN,sell,16666.666666666664,0.16666666666666666,False
2026-08-05 14:15:00+05:30,TATASTEEL,buy,16666.666666666664,0.16666666666666666,False
2026-08-05 14:20:00+05:30,AXISBANK,buy,16666.666666666664,0.16666666666666666,False
2026-08-05 14:20:00+05:30,BHARTIARTL,buy,16666.666666666664,0.16666666666666666,False
2026-08-05 14:20:00+05:30,HCLTECH,sell,16666.666666666664,0.16666666666666666,False
2026-08-05 14:20:00+05:30,HDFCBANK,sell,33333.33333333333,0.3333333333333333,False
2026-08-05 14:20:00+05:30,ICICIBANK,sell,16666.666666666664,0.16666666666666666,False
2026-08-05 14:20:00+05:30,M&M,buy,16666.666666666664,0.16666666666666666,False
2026-08-05 14:20:00+05:30,MARUTI,sell,16666.666666666664,0.16666666666666666,False
2026-08-05 14:20:00+05:30,RELIANCE,buy,16666.666666666664,0.16666666666666666,False
2026-08-05 14:20:00+05:30,SBIN,buy,16666.666666666664,0.16666666666666666,False
2026-08-05 14:25:00+05:30,HCLTECH,sell,16666.666666666664,0.16666666666666666,False
2026-08-05 14:25:00+05:30,HDFCBANK,buy,16666.666666666664,0.16666666666666666,False
2026-08-05 14:25:00+05:30,LT,buy,16666.666666666664,0.16666666666666666,False
2026-08-05 14:25:00+05:30,M&M,sell,16666.666666666664,0.16666666666666666,False
2026-08-05 14:25:00+05:30,MARUTI,buy,16666.666666666664,0.16666666666666666,False
2026-08-05 14:25:00+05:30,RELIANCE,sell,16666.666666666664,0.16666666666666666,False
2026-08-05 14:30:00+05:30,AXISBANK,buy,16666.666666666664,0.16666666666666666,False
2026-08-05 14:30:00+05:30,BHARTIARTL,sell,16666.666666666664,0.16666666666666666,False
2026-08-05 14:30:00+05:30,HCLTECH,buy,16666.666666666664,0.16666666666666666,False
2026-08-05 14:30:00+05:30,HDFCBANK,buy,16666.666666666664,0.16666666666666666,False
2026-08-05 14:30:00+05:30,ICICIBANK,buy,16666.666666666664,0.16666666666666666,False
2026-08-05 14:30:00+05:30,LT,sell,16666.666666666664,0.16666666666666666,False
2026-08-05 14:30:00+05:30,MARUTI,sell,33333.33333333333,0.3333333333333333,False
2026-08-05 14:30:00+05:30,RELIANCE,buy,16666.666666666664,0.16666666666666666,False
2026-08-05 14:30:00+05:30,SBIN,sell,16666.666666666664,0.16666666666666666,False
2026-08-05 14:35:00+05:30,AXISBANK,sell,16666.666666666664,0.16666666666666666,False
2026-08-05 14:35:00+05:30,HCLTECH,buy,16666.666666666664,0.16666666666666666,False
2026-08-05 14:35:00+05:30,HDFCBANK,sell,16666.666666666664,0.16666666666666666,False
2026-08-05 14:35:00+05:30,INFY,buy,16666.666666666664,0.16666666666666666,False
2026-08-05 14:35:00+05:30,KOTAKBANK,sell,16666.666666666664,0.16666666666666666,False
2026-08-05 14:35:00+05:30,M&M,buy,16666.666666666664,0.16666666666666666,False
2026-08-05 14:35:00+05:30,MARUTI,buy,16666.666666666664,0.16666666666666666,False
2026-08-05 14:35:00+05:30,RELIANCE,sell,16666.666666666664,0.16666666666666666,False
2026-08-05 14:35:00+05:30,SBIN,buy,16666.666666666664,0.16666666666666666,False
2026-08-05 14:35:00+05:30,SUNPHARMA,sell,16666.666666666664,0.16666666666666666,False
2026-08-05 14:40:00+05:30,AXISBANK,sell,16666.666666666664,0.16666666666666666,False
2026-08-05 14:40:00+05:30,HCLTECH,sell,16666.666666666664,0.16666666666666666,False
2026-08-05 14:40:00+05:30,ICICIBANK,buy,16666.666666666664,0.16666666666666666,False
2026-08-05 14:40:00+05:30,INFY,sell,33333.33333333333,0.3333333333333333,False
2026-08-05 14:40:00+05:30,KOTAKBANK,buy,16666.666666666664,0.16666666666666666,False
2026-08-05 14:40:00+05:30,M&M,sell,16666.666666666664,0.16666666666666666,False
2026-08-05 14:40:00+05:30,MARUTI,buy,16666.666666666664,0.16666666666666666,False
2026-08-05 14:40:00+05:30,RELIANCE,buy,16666.666666666664,0.16666666666666666,False
2026-08-05 14:40:00+05:30,SUNPHARMA,buy,16666.666666666664,0.16666666666666666,False
2026-08-05 14:45:00+05:30,HCLTECH,buy,16666.666666666664,0.16666666666666666,False
2026-08-05 14:45:00+05:30,INFY,buy,16666.666666666664,0.16666666666666666,False
2026-08-05 14:45:00+05:30,ITC,buy,33333.33333333333,0.3333333333333333,False
2026-08-05 14:45:00+05:30,MARUTI,sell,16666.666666666664,0.16666666666666666,False
2026-08-05 14:45:00+05:30,RELIANCE,sell,16666.666666666664,0.16666666666666666,False
2026-08-05 14:45:00+05:30,SBIN,sell,16666.666666666664,0.16666666666666666,False
2026-08-05 14:45:00+05:30,TATASTEEL,sell,16666.666666666664,0.16666666666666666,False
2026-08-05 14:50:00+05:30,AXISBANK,buy,16666.666666666664,0.16666666666666666,False
2026-08-05 14:50:00+05:30,BHARTIARTL,sell,16666.666666666664,0.16666666666666666,False
2026-08-05 14:50:00+05:30,HCLTECH,sell,16666.666666666664,0.16666666666666666,False
2026-08-05 14:50:00+05:30,INFY,sell,16666.666666666664,0.16666666666666666,False
2026-08-05 14:50:00+05:30,ITC,sell,16666.666666666664,0.16666666666666666,False
2026-08-05 14:50:00+05:30,KOTAKBANK,sell,16666.666666666664,0.16666666666666666,False
2026-08-05 14:50:00+05:30,RELIANCE,buy,16666.666666666664,0.16666666666666666,False
2026-08-05 14:50:00+05:30,SBIN,buy,16666.666666666664,0.16666666666666666,False
2026-08-05 14:50:00+05:30,SUNPHARMA,buy,16666.666666666664,0.16666666666666666,False
2026-08-05 14:50:00+05:30,TATASTEEL,buy,16666.666666666664,0.16666666666666666,False
2026-08-05 14:55:00+05:30,AXISBANK,sell,16666.666666666664,0.16666666666666666,False
2026-08-05 14:55:00+05:30,BHARTIARTL,buy,33333.33333333333,0.3333333333333333,False
2026-08-05 14:55:00+05:30,HCLTECH,buy,16666.666666666664,0.16666666666666666,False
2026-08-05 14:55:00+05:30,ICICIBANK,sell,33333.33333333333,0.3333333333333333,False
2026-08-05 14:55:00+05:30,INFY,buy,16666.666666666664,0.16666666666666666,False
2026-08-05 14:55:00+05:30,KOTAKBANK,buy,16666.666666666664,0.16666666666666666,False
2026-08-05 14:55:00+05:30,LT,buy,16666.666666666664,0.16666666666666666,False
2026-08-05 14:55:00+05:30,MARUTI,sell,16666.666666666664,0.16666666666666666,False
2026-08-05 14:55:00+05:30,RELIANCE,sell,16666.666666666664,0.16666666666666666,False
2026-08-05 14:55:00+05:30,SUNPHARMA,sell,16666.666666666664,0.16666666666666666,False
2026-08-05 15:00:00+05:30,AXISBANK,buy,16666.666666666664,0.16666666666666666,False
2026-08-05 15:00:00+05:30,BHARTIARTL,sell,16666.666666666664,0.16666666666666666,False
2026-08-05 15:00:00+05:30,HCLTECH,sell,16666.666666666664,0.16666666666666666,False
2026-08-05 15:00:00+05:30,HDFCBANK,buy,16666.666666666664,0.16666666666666666,False
2026-08-05 15:00:00+05:30,ICICIBANK,buy,16666.666666666664,0.16666666666666666,False
2026-08-05 15:00:00+05:30,ITC,buy,16666.666666666664,0.16666666666666666,False
2026-08-05 15:00:00+05:30,KOTAKBANK,sell,16666.666666666664,0.16666666666666666,False
2026-08-05 15:00:00+05:30,M&M,sell,16666.666666666664,0.16666666666666666,False
2026-08-05 15:00:00+05:30,MARUTI,buy,16666.666666666664,0.16666666666666666,False
2026-08-05 15:00:00+05:30,TATASTEEL,sell,16666.666666666664,0.16666666666666666,False
2026-08-05 15:05:00+05:30,HDFCBANK,sell,16666.666666666664,0.16666666666666666,False
2026-08-05 15:05:00+05:30,ICICIBANK,sell,16666.666666666664,0.16666666666666666,False
2026-08-05 15:05:00+05:30,KOTAKBANK,buy,16666.666666666664,0.16666666666666666,False
2026-08-05 15:05:00+05:30,LT,sell,16666.666666666664,0.16666666666666666,False
2026-08-05 15:05:00+05:30,M&M,buy,33333.33333333333,0.3333333333333333,False
2026-08-05 15:05:00+05:30,RELIANCE,buy,16666.666666666664,0.16666666666666666,False
2026-08-05 15:05:00+05:30,SBIN,sell,16666.666666666664,0.16666666666666666,False
2026-08-05 15:05:00+05:30,SUNPHARMA,sell,16666.666666666664,0.16666666666666666,False
2026-08-05 15:05:00+05:30,TATASTEEL,buy,16666.666666666664,0.16666666666666666,False
2026-08-06 14:10:00+05:30,BHARTIARTL,buy,16666.666666666664,0.16666666666666666,False
2026-08-06 14:10:00+05:30,HCLTECH,sell,16666.666666666664,0.16666666666666666,False
2026-08-06 14:10:00+05:30,ICICIBANK,buy,16666.666666666664,0.16666666666666666,False
2026-08-06 14:10:00+05:30,ITC,sell,16666.666666666664,0.16666666666666666,False
2026-08-06 14:10:00+05:30,M&M,sell,16666.666666666664,0.16666666666666666,False
2026-08-06 14:10:00+05:30,RELIANCE,sell,33333.33333333333,0.3333333333333333,False
2026-08-06 14:10:00+05:30,SUNPHARMA,buy,33333.33333333333,0.3333333333333333,False
2026-08-06 14:10:00+05:30,TATASTEEL,buy,16666.666666666664,0.16666666666666666,False
2026-08-06 14:15:00+05:30,BHARTIARTL,sell,16666.666666666664,0.16666666666666666,False
2026-08-06 14:15:00+05:30,ITC,buy,16666.666666666664,0.16666666666666666,False
2026-08-06 14:20:00+05:30,BHARTIARTL,buy,16666.666666666664,0.16666666666666666,False
2026-08-06 14:20:00+05:30,INFY,sell,16666.666666666664,0.16666666666666666,False
2026-08-06 14:20:00+05:30,ITC,sell,16666.666666666664,0.16666666666666666,False
2026-08-06 14:20:00+05:30,LT,sell,16666.666666666664,0.16666666666666666,False
2026-08-06 14:20:00+05:30,RELIANCE,buy,33333.33333333333,0.3333333333333333,False
2026-08-06 14:20:00+05:30,SBIN,buy,16666.666666666664,0.16666666666666666,False
2026-08-06 14:20:00+05:30,TATASTEEL,sell,16666.666666666664,0.16666666666666666,False
2026-08-06 14:25:00+05:30,INFY,buy,33333.33333333333,0.3333333333333333,False
2026-08-06 14:25:00+05:30,KOTAKBANK,buy,16666.666666666664,0.16666666666666666,False
2026-08-06 14:25:00+05:30,LT,buy,16666.666666666664,0.16666666666666666,False
2026-08-06 14:25:00+05:30,RELIANCE,sell,33333.33333333333,0.3333333333333333,False
2026-08-06 14:25:00+05:30,SBIN,sell,16666.666666666664,0.16666666666666666,False
2026-08-06 14:25:00+05:30,SUNPHARMA,sell,16666.666666666664,0.16666666666666666,False
2026-08-06 14:30:00+05:30,BHARTIARTL,sell,16666.666666666664,0.16666666666666666,False
2026-08-06 14:30:00+05:30,HCLTECH,buy,16666.666666666664,0.16666666666666666,False
2026-08-06 14:30:00+05:30,HDFCBANK,buy,16666.666666666664,0.16666666666666666,False
2026-08-06 14:30:00+05:30,ICICIBANK,sell,16666.666666666664,0.16666666666666666,False
2026-08-06 14:30:00+05:30,ITC,buy,16666.666666666664,0.16666666666666666,False
2026-08-06 14:30:00+05:30,KOTAKBANK,sell,33333.33333333333,0.3333333333333333,False
2026-08-06 14:30:00+05:30,MARUTI,sell,16666.666666666664,0.16666666666666666,False
2026-08-06 14:30:00+05:30,RELIANCE,buy,16666.666666666664,0.16666666666666666,False
2026-08-06 14:30:00+05:30,SBIN,buy,16666.666666666664,0.16666666666666666,False
2026-08-06 14:35:00+05:30,AXISBANK,buy,16666.666666666664,0.16666666666666666,False
2026-08-06 14:35:00+05:30,HDFCBANK,sell,16666.666666666664,0.16666666666666666,False
2026-08-06 14:35:00+05:30,ICICIBANK,buy,16666.666666666664,0.16666666666666666,False
2026-08-06 14:35:00+05:30,ITC,sell,16666.666666666664,0.16666666666666666,False
2026-08-06 14:35:00+05:30,KOTAKBANK,buy,16666.666666666664,0.16666666666666666,False
2026-08-06 14:35:00+05:30,MARUTI,buy,16666.666666666664,0.16666666666666666,False
2026-08-06 14:35:00+05:30,RELIANCE,sell,16666.666666666664,0.16666666666666666,False
2026-08-06 14:35:00+05:30,SBIN,sell,16666.666666666664,0.16666666666666666,False
2026-08-06 14:35:00+05:30,SUNPHARMA,buy,16666.666666666664,0.16666666666666666,False
2026-08-06 14:35:00+05:30,TATASTEEL,sell,16666.666666666664,0.16666666666666666,False
2026-08-06 14:40:00+05:30,AXISBANK,sell,16666.666666666664,0.16666666666666666,False
2026-08-06 14:40:00+05:30,BHARTIARTL,buy,16666.666666666664,0.16666666666666666,False
2026-08-06 14:40:00+05:30,HDFCBANK,buy,16666.666666666664,0.16666666666666666,False
2026-08-06 14:40:00+05:30,KOTAKBANK,sell,16666.666666666664,0.16666666666666666,False
2026-08-06 14:40:00+05:30,RELIANCE,buy,16666.666666666664,0.16666666666666666,False
2026-08-06 14:40:00+05:30,SUNPHARMA,sell,33333.33333333333,0.3333333333333333,False
2026-08-06 14:40:00+05:30,TATASTEEL,buy,16666.666666666664,0.16666666666666666,False
2026-08-06 14:45:00+05:30,AXISBANK,buy,16666.666666666664,0.16666666666666666,False
2026-08-06 14:45:00+05:30,BHARTIARTL,sell,16666.666666666664,0.16666666666666666,False
2026-08-06 14:45:00+05:30,HDFCBANK,sell,16666.666666666664,0.16666666666666666,False
2026-08-06 14:45:00+05:30,ICICIBANK,sell,16666.666666666664,0.16666666666666666,False
2026-08-06 14:45:00+05:30,INFY,sell,16666.666666666664,0.16666666666666666,False
2026-08-06 14:45:00+05:30,ITC,buy,16666.666666666664,0.16666666666666666,False
2026-08-06 14:45:00+05:30,KOTAKBANK,buy,16666.666666666664,0.16666666666666666,False
2026-08-06 14:45:00+05:30,RELIANCE,sell,16666.666666666664,0.16666666666666666,False
2026-08-06 14:45:00+05:30,SBIN,buy,16666.666666666664,0.16666666666666666,False
2026-08-06 14:45:00+05:30,SUNPHARMA,buy,33333.33333333333,0.3333333333333333,False
2026-08-06 14:45:00+05:30,TATASTEEL,sell,16666.666666666664,0.16666666666666666,False
2026-08-06 14:50:00+05:30,AXISBANK,sell,16666.666666666664,0.16666666666666666,False
2026-08-06 14:50:00+05:30,HCLTECH,sell,16666.666666666664,0.16666666666666666,False
2026-08-06 14:50:00+05:30,ICICIBANK,buy,16666.666666666664,0.16666666666666666,False
2026-08-06 14:50:00+05:30,INFY,buy,16666.666666666664,0.16666666666666666,False
2026-08-06 14:50:00+05:30,ITC,sell,16666.666666666664,0.16666666666666666,False
2026-08-06 14:50:00+05:30,KOTAKBANK,sell,16666.666666666664,0.16666666666666666,False
2026-08-06 14:50:00+05:30,RELIANCE,buy,16666.666666666664,0.16666666666666666,False
2026-08-06 14:50:00+05:30,SBIN,sell,16666.666666666664,0.16666666666666666,False
2026-08-06 14:50:00+05:30,TATASTEEL,buy,33333.33333333333,0.3333333333333333,False
2026-08-06 14:55:00+05:30,BHARTIARTL,buy,16666.666666666664,0.16666666666666666,False
2026-08-06 14:55:00+05:30,HCLTECH,buy,16666.666666666664,0.16666666666666666,False
2026-08-06 14:55:00+05:30,KOTAKBANK,buy,16666.666666666664,0.16666666666666666,False
2026-08-06 14:55:00+05:30,M&M,sell,16666.666666666664,0.16666666666666666,False
2026-08-06 14:55:00+05:30,RELIANCE,sell,16666.666666666664,0.16666666666666666,False
2026-08-06 14:55:00+05:30,TATASTEEL,sell,16666.666666666664,0.16666666666666666,False
2026-08-06 15:00:00+05:30,LT,sell,16666.666666666664,0.16666666666666666,False
2026-08-06 15:00:00+05:30,M&M,buy,33333.33333333333,0.3333333333333333,False
2026-08-06 15:00:00+05:30,RELIANCE,buy,16666.666666666664,0.16666666666666666,False
2026-08-06 15:00:00+05:30,SUNPHARMA,sell,33333.33333333333,0.3333333333333333,False
2026-08-06 15:05:00+05:30,INFY,sell,33333.33333333333,0.3333333333333333,False
2026-08-06 15:05:00+05:30,ITC,buy,16666.666666666664,0.16666666666666666,False
2026-08-06 15:05:00+05:30,M&M,sell,16666.666666666664,0.16666666666666666,False
2026-08-06 15:05:00+05:30,MARUTI,sell,16666.666666666664,0.16666666666666666,False
2026-08-06 15:05:00+05:30,SBIN,buy,16666.666666666664,0.16666666666666666,False
2026-08-06 15:05:00+05:30,SUNPHARMA,buy,16666.666666666664,0.16666666666666666,False
2026-08-06 15:05:00+05:30,TATASTEEL,buy,16666.666666666664,0.16666666666666666,False
2026-08-07 14:10:00+05:30,BHARTIARTL,sell,16666.666666666664,0.16666666666666666,False
2026-08-07 14:10:00+05:30,ICICIBANK,buy,16666.666666666664,0.16666666666666666,False
2026-08-07 14:10:00+05:30,ITC,sell,16666.666666666664,0.16666666666666666,False
2026-08-07 14:10:00+05:30,KOTAKBANK,buy,16666.666666666664,0.16666666666666666,False
2026-08-07 14:10:00+05:30,LT,buy,16666.666666666664,0.16666666666666666,False
2026-08-07 14:10:00+05:30,M&M,sell,16666.666666666664,0.16666666666666666,False
2026-08-07 14:10:00+05:30,MARUTI,buy,16666.666666666664,0.16666666666666666,False
2026-08-07 14:10:00+05:30,SBIN,sell,16666.666666666664,0.16666666666666666,False
2026-08-07 14:10:00+05:30,SUNPHARMA,buy,16666.666666666664,0.16666666666666666,False
2026-08-07 14:10:00+05:30,TATASTEEL,sell,16666.666666666664,0.16666666666666666,False
2026-08-07 14:15:00+05:30,HCLTECH,sell,16666.666666666664,0.16666666666666666,False
2026-08-07 14:15:00+05:30,HDFCBANK,buy,16666.666666666664,0.16666666666666666,False
2026-08-07 14:15:00+05:30,INFY,buy,16666.666666666664,0.16666666666666666,False
2026-08-07 14:15:00+05:30,KOTAKBANK,sell,16666.666666666664,0.16666666666666666,False
2026-08-07 14:15:00+05:30,M&M,buy,16666.666666666664,0.16666666666666666,False
2026-08-07 14:15:00+05:30,RELIANCE,sell,16666.666666666664,0.16666666666666666,False
2026-08-07 14:20:00+05:30,AXISBANK,buy,16666.666666666664,0.16666666666666666,False
2026-08-07 14:20:00+05:30,BHARTIARTL,sell,16666.666666666664,0.16666666666666666,False
2026-08-07 14:20:00+05:30,HCLTECH,buy,16666.666666666664,0.16666666666666666,False
2026-08-07 14:20:00+05:30,HDFCBANK,sell,16666.666666666664,0.16666666666666666,False
2026-08-07 14:20:00+05:30,ITC,sell,16666.666666666664,0.16666666666666666,False
2026-08-07 14:20:00+05:30,MARUTI,buy,16666.666666666664,0.16666666666666666,False
2026-08-07 14:20:00+05:30,RELIANCE,buy,16666.666666666664,0.16666666666666666,False
2026-08-07 14:20:00+05:30,SUNPHARMA,sell,16666.666666666664,0.16666666666666666,False
2026-08-07 14:25:00+05:30,BHARTIARTL,buy,16666.666666666664,0.16666666666666666,False
2026-08-07 14:25:00+05:30,MARUTI,sell,16666.666666666664,0.16666666666666666,False
2026-08-07 14:25:00+05:30,RELIANCE,buy,16666.666666666664,0.16666666666666666,False
2026-08-07 14:25:00+05:30,TATASTEEL,sell,16666.666666666664,0.16666666666666666,False
2026-08-07 14:30:00+05:30,AXISBANK,sell,16666.666666666664,0.16666666666666666,False
2026-08-07 14:30:00+05:30,BHARTIARTL,buy,16666.666666666664,0.16666666666666666,False
2026-08-07 14:30:00+05:30,HCLTECH,sell,16666.666666666664,0.16666666666666666,False
2026-08-07 14:30:00+05:30,HDFCBANK,sell,16666.666666666664,0.16666666666666666,False
2026-08-07 14:30:00+05:30,ICICIBANK,sell,16666.666666666664,0.16666666666666666,False
2026-08-07 14:30:00+05:30,ITC,buy,33333.33333333333,0.3333333333333333,False
2026-08-07 14:30:00+05:30,RELIANCE,sell,16666.666666666664,0.16666666666666666,False
2026-08-07 14:30:00+05:30,TATASTEEL,buy,33333.33333333333,0.3333333333333333,False
2026-08-07 14:35:00+05:30,AXISBANK,buy,16666.666666666664,0.16666666666666666,False
2026-08-07 14:35:00+05:30,BHARTIARTL,sell,16666.666666666664,0.16666666666666666,False
2026-08-07 14:35:00+05:30,HCLTECH,buy,16666.666666666664,0.16666666666666666,False
2026-08-07 14:35:00+05:30,HDFCBANK,buy,16666.666666666664,0.16666666666666666,False
2026-08-07 14:35:00+05:30,ICICIBANK,buy,16666.666666666664,0.16666666666666666,False
2026-08-07 14:35:00+05:30,ITC,sell,16666.666666666664,0.16666666666666666,False
2026-08-07 14:35:00+05:30,M&M,sell,16666.666666666664,0.16666666666666666,False
2026-08-07 14:35:00+05:30,RELIANCE,sell,16666.666666666664,0.16666666666666666,False
2026-08-07 14:35:00+05:30,SBIN,buy,16666.666666666664,0.16666666666666666,False
2026-08-07 14:35:00+05:30,SUNPHARMA,sell,16666.666666666664,0.16666666666666666,False
2026-08-07 14:40:00+05:30,AXISBANK,sell,16666.666666666664,0.16666666666666666,False
2026-08-07 14:40:00+05:30,HCLTECH,sell,16666.666666666664,0.16666666666666666,False
2026-08-07 14:40:00+05:30,HDFCBANK,buy,16666.666666666664,0.16666666666666666,False
2026-08-07 14:40:00+05:30,ICICIBANK,sell,16666.666666666664,0.16666666666666666,False
2026-08-07 14:40:00+05:30,KOTAKBANK,sell,16666.666666666664,0.16666666666666666,False
2026-08-07 14:40:00+05:30,LT,buy,16666.666666666664,0.16666666666666666,False
2026-08-07 14:40:00+05:30,M&M,buy,16666.666666666664,0.16666666666666666,False
2026-08-07 14:40:00+05:30,MARUTI,buy,16666.666666666664,0.16666666666666666,False
2026-08-07 14:40:00+05:30,RELIANCE,buy,16666.666666666664,0.16666666666666666,False
2026-08-07 14:40:00+05:30,SBIN,sell,16666.666666666664,0.16666666666666666,False
2026-08-07 14:40:00+05:30,SUNPHARMA,buy,16666.666666666664,0.16666666666666666,False
2026-08-07 14:40:00+05:30,TATASTEEL,sell,16666.666666666664,0.16666666666666666,False
2026-08-07 14:45:00+05:30,AXISBANK,buy,16666.666666666664,0.16666666666666666,False
2026-08-07 14:45:00+05:30,HCLTECH,buy,16666.666666666664,0.16666666666666666,False
2026-08-07 14:45:00+05:30,LT,sell,16666.666666666664,0.16666666666666666,False
2026-08-07 14:45:00+05:30,MARUTI,sell,16666.666666666664,0.16666666666666666,False
2026-08-07 14:45:00+05:30,RELIANCE,sell,16666.666666666664,0.16666666666666666,False
2026-08-07 14:45:00+05:30,SBIN,buy,16666.666666666664,0.16666666666666666,False
2026-08-07 14:45:00+05:30,SUNPHARMA,buy,16666.666666666664,0.16666666666666666,False
2026-08-07 14:45:00+05:30,TATASTEEL,sell,16666.666666666664,0.16666666666666666,False
2026-08-07 14:50:00+05:30,AXISBANK,sell,16666.666666666664,0.16666666666666666,False
2026-08-07 14:50:00+05:30,HDFCBANK,sell,16666.666666666664,0.16666666666666666,False
2026-08-07 14:50:00+05:30,ICICIBANK,buy,16666.666666666664,0.16666666666666666,False
2026-08-07 14:50:00+05:30,ITC,sell,16666.666666666664,0.16666666666666666,False
2026-08-07 14:50:00+05:30,KOTAKBANK,buy,16666.666666666664,0.16666666666666666,False
2026-08-07 14:50:00+05:30,MARUTI,sell,16666.666666666664,0.16666666666666666,False
2026-08-07 14:50:00+05:30,SBIN,buy,16666.666666666664,0.16666666666666666,False
2026-08-07 14:50:00+05:30,SUNPHARMA,sell,16666.666666666664,0.16666666666666666,False
2026-08-07 14:50:00+05:30,TATASTEEL,buy,33333.33333333333,0.3333333333333333,False
2026-08-07 14:55:00+05:30,AXISBANK,sell,16666.666666666664,0.16666666666666666,False
2026-08-07 14:55:00+05:30,HDFCBANK,buy,16666.666666666664,0.16666666666666666,False
2026-08-07 14:55:00+05:30,ICICIBANK,sell,16666.666666666664,0.16666666666666666,False
2026-08-07 14:55:00+05:30,ITC,buy,16666.666666666664,0.16666666666666666,False
2026-08-07 14:55:00+05:30,LT,buy,16666.666666666664,0.16666666666666666,False
2026-08-07 14:55:00+05:30,M&M,sell,16666.666666666664,0.16666666666666666,False
2026-08-07 14:55:00+05:30,MARUTI,buy,16666.666666666664,0.16666666666666666,False
2026-08-07 14:55:00+05:30,RELIANCE,buy,16666.666666666664,0.16666666666666666,False
2026-08-07 14:55:00+05:30,SBIN,sell,33333.33333333333,0.3333333333333333,False
2026-08-07 15:00:00+05:30,AXISBANK,buy,16666.666666666664,0.16666666666666666,False
2026-08-07 15:00:00+05:30,HCLTECH,sell,16666.666666666664,0.16666666666666666,False
2026-08-07 15:00:00+05:30,HDFCBANK,sell,16666.666666666664,0.16666666666666666,False
2026-08-07 15:00:00+05:30,KOTAKBANK,buy,16666.666666666664,0.16666666666666666,False
2026-08-07 15:00:00+05:30,LT,sell,16666.666666666664,0.16666666666666666,False
2026-08-07 15:00:00+05:30,MARUTI,sell,16666.666666666664,0.16666666666666666,False
2026-08-07 15:00:00+05:30,SBIN,buy,16666.666666666664,0.16666666666666666,False
2026-08-07 15:00:00+05:30,SUNPHARMA,buy,16666.666666666664,0.16666666666666666,False
2026-08-07 15:05:00+05:30,AXISBANK,sell,16666.666666666664,0.16666666666666666,False
2026-08-07 15:05:00+05:30,KOTAKBANK,sell,16666.666666666664,0.16666666666666666,False
2026-08-07 15:05:00+05:30,M&M,buy,16666.666666666664,0.16666666666666666,False
2026-08-07 15:05:00+05:30,MARUTI,buy,33333.33333333333,0.3333333333333333,False
2026-08-07 15:05:00+05:30,RELIANCE,buy,16666.666666666664,0.16666666666666666,False
2026-08-07 15:05:00+05:30,SBIN,buy,16666.666666666664,0.16666666666666666,False
2026-08-07 15:05:00+05:30,SUNPHARMA,sell,33333.33333333333,0.3333333333333333,False
2026-08-07 15:05:00+05:30,TATASTEEL,sell,16666.666666666664,0.16666666666666666,False
2026-08-10 14:10:00+05:30,AXISBANK,buy,16666.666666666664,0.16666666666666666,False
2026-08-10 14:10:00+05:30,BHARTIARTL,buy,16666.666666666664,0.16666666666666666,False
2026-08-10 14:10:00+05:30,LT,sell,16666.666666666664,0.16666666666666666,False
2026-08-10 14:10:00+05:30,M&M,buy,16666.666666666664,0.16666666666666666,False
2026-08-10 14:10:00+05:30,MARUTI,sell,16666.666666666664,0.16666666666666666,False
2026-08-10 14:10:00+05:30,SBIN,sell,33333.33333333333,0.3333333333333333,False
2026-08-10 14:10:00+05:30,SUNPHARMA,buy,16666.666666666664,0.16666666666666666,False
2026-08-10 14:15:00+05:30,AXISBANK,buy,16666.666666666664,0.16666666666666666,False
2026-08-10 14:15:00+05:30,BHARTIARTL,sell,16666.666666666664,0.16666666666666666,False
2026-08-10 14:15:00+05:30,ICICIBANK,sell,16666.666666666664,0.16666666666666666,False
2026-08-10 14:15:00+05:30,KOTAKBANK,sell,16666.666666666664,0.16666666666666666,False
2026-08-10 14:15:00+05:30,LT,buy,16666.666666666664,0.16666666666666666,False
2026-08-10 14:15:00+05:30,M&M,sell,16666.666666666664,0.16666666666666666,False
2026-08-10 14:15:00+05:30,RELIANCE,sell,16666.666666666664,0.16666666666666666,False
2026-08-10 14:15:00+05:30,SBIN,buy,33333.33333333333,0.3333333333333333,False
2026-08-10 14:15:00+05:30,TATASTEEL,buy,16666.666666666664,0.16666666666666666,False
2026-08-10 14:20:00+05:30,AXISBANK,sell,16666.666666666664,0.16666666666666666,False
2026-08-10 14:20:00+05:30,BHARTIARTL,buy,16666.666666666664,0.16666666666666666,False
2026-08-10 14:20:00+05:30,HCLTECH,buy,16666.666666666664,0.16666666666666666,False
2026-08-10 14:20:00+05:30,KOTAKBANK,buy,33333.33333333333,0.3333333333333333,False
2026-08-10 14:20:00+05:30,LT,sell,16666.666666666664,0.16666666666666666,False
2026-08-10 14:20:00+05:30,SBIN,sell,33333.33333333333,0.3333333333333333,False
2026-08-10 14:20:00+05:30,SUNPHARMA,buy,16666.666666666664,0.16666666666666666,False
2026-08-10 14:20:00+05:30,TATASTEEL,sell,16666.666666666664,0.16666666666666666,False
2026-08-10 14:25:00+05:30,BHARTIARTL,sell,16666.666666666664,0.16666666666666666,False
2026-08-10 14:25:00+05:30,ICICIBANK,buy,16666.666666666664,0.16666666666666666,False
2026-08-10 14:25:00+05:30,KOTAKBANK,sell,16666.666666666664,0.16666666666666666,False
2026-08-10 14:25:00+05:30,LT,buy,33333.33333333333,0.3333333333333333,False
2026-08-10 14:25:00+05:30,M&M,sell,16666.666666666664,0.16666666666666666,False
2026-08-10 14:25:00+05:30,MARUTI,sell,16666.666666666664,0.16666666666666666,False
2026-08-10 14:25:00+05:30,TATASTEEL,buy,16666.666666666664,0.16666666666666666,False
2026-08-10 14:30:00+05:30,BHARTIARTL,sell,16666.666666666664,0.16666666666666666,False
2026-08-10 14:30:00+05:30,HCLTECH,buy,16666.666666666664,0.16666666666666666,False
2026-08-10 14:30:00+05:30,HDFCBANK,buy,16666.666666666664,0.16666666666666666,False
2026-08-10 14:30:00+05:30,ICICIBANK,sell,16666.666666666664,0.16666666666666666,False
2026-08-10 14:30:00+05:30,LT,sell,33333.33333333333,0.3333333333333333,False
2026-08-10 14:30:00+05:30,M&M,buy,16666.666666666664,0.16666666666666666,False
2026-08-10 14:30:00+05:30,MARUTI,buy,16666.666666666664,0.16666666666666666,False
2026-08-10 14:30:00+05:30,SBIN,buy,16666.666666666664,0.16666666666666666,False
2026-08-10 14:30:00+05:30,SUNPHARMA,sell,16666.666666666664,0.16666666666666666,False
2026-08-10 14:35:00+05:30,BHARTIARTL,buy,16666.666666666664,0.16666666666666666,False
2026-08-10 14:35:00+05:30,HDFCBANK,sell,16666.666666666664,0.16666666666666666,False
2026-08-10 14:35:00+05:30,ICICIBANK,buy,16666.666666666664,0.16666666666666666,False
2026-08-10 14:35:00+05:30,KOTAKBANK,sell,16666.666666666664,0.16666666666666666,False
2026-08-10 14:35:00+05:30,M&M,sell,16666.666666666664,0.16666666666666666,False
2026-08-10 14:35:00+05:30,MARUTI,buy,16666.666666666664,0.16666666666666666,False
2026-08-10 14:35:00+05:30,SBIN,buy,16666.666666666664,0.16666666666666666,False
2026-08-10 14:35:00+05:30,TATASTEEL,sell,16666.666666666664,0.16666666666666666,False
2026-08-10 14:40:00+05:30,AXISBANK,sell,16666.666666666664,0.16666666666666666,False
2026-08-10 14:40:00+05:30,HDFCBANK,buy,16666.666666666664,0.16666666666666666,False
2026-08-10 14:40:00+05:30,KOTAKBANK,buy,16666.666666666664,0.16666666666666666,False
2026-08-10 14:40:00+05:30,LT,buy,16666.666666666664,0.16666666666666666,False
2026-08-10 14:40:00+05:30,M&M,buy,16666.666666666664,0.16666666666666666,False
2026-08-10 14:40:00+05:30,MARUTI,sell,16666.666666666664,0.16666666666666666,False
2026-08-10 14:40:00+05:30,SUNPHARMA,sell,16666.666666666664,0.16666666666666666,False
2026-08-10 14:40:00+05:30,TATASTEEL,sell,16666.666666666664,0.16666666666666666,False
2026-08-10 14:45:00+05:30,AXISBANK,buy,16666.666666666664,0.16666666666666666,False
2026-08-10 14:45:00+05:30,HDFCBANK,sell,16666.666666666664,0.16666666666666666,False
2026-08-10 14:45:00+05:30,INFY,buy,16666.666666666664,0.16666666666666666,False
2026-08-10 14:45:00+05:30,ITC,sell,16666.666666666664,0.16666666666666666,False
2026-08-10 14:45:00+05:30,M&M,sell,16666.666666666664,0.16666666666666666,False
2026-08-10 14:45:00+05:30,MARUTI,sell,16666.666666666664,0.16666666666666666,False
2026-08-10 14:45:00+05:30,SUNPHARMA,buy,16666.666666666664,0.16666666666666666,False
2026-08-10 14:45:00+05:30,TATASTEEL,buy,16666.666666666664,0.16666666666666666,False
2026-08-10 14:50:00+05:30,INFY,sell,33333.33333333333,0.3333333333333333,False
2026-08-10 14:50:00+05:30,LT,sell,16666.666666666664,0.16666666666666666,False
2026-08-10 14:50:00+05:30,M&M,buy,16666.666666666664,0.16666666666666666,False
2026-08-10 14:50:00+05:30,MARUTI,buy,33333.33333333333,0.3333333333333333,False
2026-08-10 14:50:00+05:30,RELIANCE,buy,16666.666666666664,0.16666666666666666,False
2026-08-10 14:50:00+05:30,SBIN,sell,16666.666666666664,0.16666666666666666,False
2026-08-10 14:55:00+05:30,HCLTECH,sell,16666.666666666664,0.16666666666666666,False
2026-08-10 14:55:00+05:30,HDFCBANK,buy,16666.666666666664,0.16666666666666666,False
2026-08-10 14:55:00+05:30,ICICIBANK,sell,16666.666666666664,0.16666666666666666,False
2026-08-10 14:55:00+05:30,INFY,buy,16666.666666666664,0.16666666666666666,False
2026-08-10 14:55:00+05:30,LT,buy,16666.666666666664,0.16666666666666666,False
2026-08-10 14:55:00+05:30,MARUTI,sell,16666.666666666664,0.16666666666666666,False
2026-08-10 14:55:00+05:30,RELIANCE,sell,33333.33333333333,0.3333333333333333,False
2026-08-10 14:55:00+05:30,SUNPHARMA,buy,16666.666666666664,0.16666666666666666,False
2026-08-10 14:55:00+05:30,TATASTEEL,buy,16666.666666666664,0.16666666666666666,False
2026-08-10 15:00:00+05:30,BHARTIARTL,buy,16666.666666666664,0.16666666666666666,False
2026-08-10 15:00:00+05:30,ICICIBANK,buy,16666.666666666664,0.16666666666666666,False
2026-08-10 15:00:00+05:30,ITC,buy,33333.33333333333,0.3333333333333333,False
2026-08-10 15:00:00+05:30,KOTAKBANK,sell,16666.666666666664,0.16666666666666666,False
2026-08-10 15:00:00+05:30,MARUTI,sell,16666.666666666664,0.16666666666666666,False
2026-08-10 15:00:00+05:30,RELIANCE,buy,16666.666666666664,0.16666666666666666,False
2026-08-10 15:00:00+05:30,SUNPHARMA,sell,33333.33333333333,0.3333333333333333,False
2026-08-10 15:00:00+05:30,TATASTEEL,sell,16666.666666666664,0.16666666666666666,False
2026-08-10 15:05:00+05:30,HCLTECH,buy,16666.666666666664,0.16666666666666666,False
2026-08-10 15:05:00+05:30,HDFCBANK,sell,33333.33333333333,0.3333333333333333,False
2026-08-10 15:05:00+05:30,ICICIBANK,sell,16666.666666666664,0.16666666666666666,False
2026-08-10 15:05:00+05:30,ITC,sell,16666.666666666664,0.16666666666666666,False
2026-08-10 15:05:00+05:30,KOTAKBANK,buy,16666.666666666664,0.16666666666666666,False
2026-08-10 15:05:00+05:30,M&M,buy,16666.666666666664,0.16666666666666666,False
2026-08-10 15:05:00+05:30,SUNPHARMA,buy,16666.666666666664,0.16666666666666666,False
2026-08-11 14:10:00+05:30,BHARTIARTL,sell,33333.33333333333,0.3333333333333333,False
2026-08-11 14:10:00+05:30,INFY,buy,16666.666666666664,0.16666666666666666,False
2026-08-11 14:10:00+05:30,M&M,sell,16666.666666666664,0.16666666666666666,False
2026-08-11 14:10:00+05:30,MARUTI,buy,33333.33333333333,0.3333333333333333,False
2026-08-11 14:15:00+05:30,AXISBANK,sell,16666.666666666664,0.16666666666666666,False
2026-08-11 14:15:00+05:30,BHARTIARTL,buy,16666.666666666664,0.16666666666666666,False
2026-08-11 14:15:00+05:30,HCLTECH,sell,33333.33333333333,0.3333333333333333,False
2026-08-11 14:15:00+05:30,HDFCBANK,buy,16666.666666666664,0.16666666666666666,False
2026-08-11 14:15:00+05:30,ICICIBANK,buy,16666.666666666664,0.16666666666666666,False
2026-08-11 14:15:00+05:30,INFY,sell,16666.666666666664,0.16666666666666666,False
2026-08-11 14:15:00+05:30,M&M,buy,16666.666666666664,0.16666666666666666,False
2026-08-11 14:15:00+05:30,SBIN,buy,16666.666666666664,0.16666666666666666,False
2026-08-11 14:15:00+05:30,SUNPHARMA,sell,16666.666666666664,0.16666666666666666,False
2026-08-11 14:20:00+05:30,AXISBANK,buy,33333.33333333333,0.3333333333333333,False
2026-08-11 14:20:00+05:30,BHARTIARTL,sell,16666.666666666664,0.16666666666666666,False
2026-08-11 14:20:00+05:30,HCLTECH,buy,16666.666666666664,0.16666666666666666,False
2026-08-11 14:20:00+05:30,ICICIBANK,sell,16666.666666666664,0.16666666666666666,False
2026-08-11 14:20:00+05:30,M&M,sell,16666.666666666664,0.16666666666666666,False
2026-08-11 14:20:00+05:30,RELIANCE,sell,16666.666666666664,0.16666666666666666,False
2026-08-11 14:20:00+05:30,SBIN,sell,16666.666666666664,0.16666666666666666,False
2026-08-11 14:20:00+05:30,SUNPHARMA,buy,16666.666666666664,0.16666666666666666,False
2026-08-11 14:20:00+05:30,TATASTEEL,buy,16666.666666666664,0.16666666666666666,False
2026-08-11 14:25:00+05:30,AXISBANK,sell,16666.666666666664,0.16666666666666666,False
2026-08-11 14:25:00+05:30,BHARTIARTL,buy,16666.666666666664,0.16666666666666666,False
2026-08-11 14:25:00+05:30,HDFCBANK,buy,16666.666666666664,0.16666666666666666,False
2026-08-11 14:25:00+05:30,ICICIBANK,buy,33333.33333333333,0.3333333333333333,False
2026-08-11 14:25:00+05:30,ITC,sell,16666.666666666664,0.16666666666666666,False
2026-08-11 14:25:00+05:30,KOTAKBANK,buy,16666.666666666664,0.16666666666666666,False
2026-08-11 14:25:00+05:30,MARUTI,sell,16666.666666666664,0.16666666666666666,False
2026-08-11 14:25:00+05:30,RELIANCE,buy,16666.666666666664,0.16666666666666666,False
2026-08-11 14:25:00+05:30,SUNPHARMA,sell,16666.666666666664,0.16666666666666666,False
2026-08-11 14:25:00+05:30,TATASTEEL,sell,33333.33333333333,0.3333333333333333,False
2026-08-11 14:30:00+05:30,AXISBANK,buy,16666.666666666664,0.16666666666666666,False
2026-08-11 14:30:00+05:30,BHARTIARTL,sell,16666.666666666664,0.16666666666666666,False
2026-08-11 14:30:00+05:30,HCLTECH,buy,16666.666666666664,0.16666666666666666,False
2026-08-11 14:30:00+05:30,HDFCBANK,sell,33333.33333333333,0.3333333333333333,False
2026-08-11 14:30:00+05:30,ICICIBANK,sell,33333.33333333333,0.3333333333333333,False
2026-08-11 14:30:00+05:30,ITC,buy,16666.666666666664,0.16666666666666666,False
2026-08-11 14:30:00+05:30,KOTAKBANK,sell,16666.666666666664,0.16666666666666666,False
2026-08-11 14:30:00+05:30,LT,buy,16666.666666666664,0.16666666666666666,False
2026-08-11 14:30:00+05:30,SUNPHARMA,buy,16666.666666666664,0.16666666666666666,False
2026-08-11 14:30:00+05:30,TATASTEEL,buy,16666.666666666664,0.16666666666666666,False
2026-08-11 14:35:00+05:30,AXISBANK,sell,16666.666666666664,0.16666666666666666,False
2026-08-11 14:35:00+05:30,BHARTIARTL,buy,16666.666666666664,0.16666666666666666,False
2026-08-11 14:35:00+05:30,HCLTECH,sell,16666.666666666664,0.16666666666666666,False
2026-08-11 14:35:00+05:30,HDFCBANK,buy,16666.666666666664,0.16666666666666666,False
2026-08-11 14:35:00+05:30,ICICIBANK,buy,16666.666666666664,0.16666666666666666,False
2026-08-11 14:35:00+05:30,INFY,buy,16666.666666666664,0.16666666666666666,False
2026-08-11 14:35:00+05:30,LT,sell,16666.666666666664,0.16666666666666666,False
2026-08-11 14:35:00+05:30,MARUTI,sell,16666.666666666664,0.16666666666666666,False
2026-08-11 14:35:00+05:30,RELIANCE,sell,16666.666666666664,0.16666666666666666,False
2026-08-11 14:35:00+05:30,SBIN,buy,16666.666666666664,0.16666666666666666,False
2026-08-11 14:35:00+05:30,SUNPHARMA,sell,16666.666666666664,0.16666666666666666,False
2026-08-11 14:35:00+05:30,TATASTEEL,buy,16666.666666666664,0.16666666666666666,False
2026-08-11 14:40:00+05:30,AXISBANK,buy,16666.666666666664,0.16666666666666666,False
2026-08-11 14:40:00+05:30,HCLTECH,sell,16666.666666666664,0.16666666666666666,False
2026-08-11 14:40:00+05:30,INFY,sell,16666.666666666664,0.16666666666666666,False
2026-08-11 14:40:00+05:30,LT,sell,16666.666666666664,0.16666666666666666,False
2026-08-11 14:40:00+05:30,MARUTI,buy,33333.33333333333,0.3333333333333333,False
2026-08-11 14:40:00+05:30,RELIANCE,buy,16666.666666666664,0.16666666666666666,False
2026-08-11 14:40:00+05:30,SBIN,sell,16666.666666666664,0.16666666666666666,False
2026-08-11 14:45:00+05:30,BHARTIARTL,buy,16666.666666666664,0.16666666666666666,False
2026-08-11 14:45:00+05:30,HCLTECH,buy,16666.666666666664,0.16666666666666666,False
2026-08-11 14:45:00+05:30,HDFCBANK,sell,16666.666666666664,0.16666666666666666,False
2026-08-11 14:45:00+05:30,INFY,sell,16666.666666666664,0.16666666666666666,False
2026-08-11 14:45:00+05:30,ITC,buy,16666.666666666664,0.16666666666666666,False
2026-08-11 14:45:00+05:30,MARUTI,sell,16666.666666666664,0.16666666666666666,False
2026-08-11 14:45:00+05:30,SUNPHARMA,buy,16666.666666666664,0.16666666666666666,False
2026-08-11 14:45:00+05:30,TATASTEEL,sell,16666.666666666664,0.16666666666666666,False
2026-08-11 14:50:00+05:30,AXISBANK,sell,16666.666666666664,0.16666666666666666,False
2026-08-11 14:50:00+05:30,BHARTIARTL,sell,16666.666666666664,0.16666666666666666,False
2026-08-11 14:50:00+05:30,HDFCBANK,buy,16666.666666666664,0.16666666666666666,False
2026-08-11 14:50:00+05:30,ICICIBANK,sell,16666.666666666664,0.16666666666666666,False
2026-08-11 14:50:00+05:30,INFY,buy,16666.666666666664,0.16666666666666666,False
2026-08-11 14:50:00+05:30,ITC,sell,16666.666666666664,0.16666666666666666,False
2026-08-11 14:50:00+05:30,LT,buy,33333.33333333333,0.3333333333333333,False
2026-08-11 14:50:00+05:30,MARUTI,buy,16666.666666666664,0.16666666666666666,False
2026-08-11 14:50:00+05:30,SBIN,sell,16666.666666666664,0.16666666666666666,False
2026-08-11 14:50:00+05:30,SUNPHARMA,buy,16666.666666666664,0.16666666666666666,False
2026-08-11 14:50:00+05:30,TATASTEEL,sell,16666.666666666664,0.16666666666666666,False
2026-08-11 14:55:00+05:30,BHARTIARTL,sell,16666.666666666664,0.16666666666666666,False
2026-08-11 14:55:00+05:30,ICICIBANK,buy,33333.33333333333,0.3333333333333333,False
2026-08-11 14:55:00+05:30,LT,sell,16666.666666666664,0.16666666666666666,False
2026-08-11 14:55:00+05:30,M&M,buy,16666.666666666664,0.16666666666666666,False
2026-08-11 14:55:00+05:30,MARUTI,sell,33333.33333333333,0.3333333333333333,False
2026-08-11 14:55:00+05:30,SBIN,buy,33333.33333333333,0.3333333333333333,False
2026-08-11 14:55:00+05:30,SUNPHARMA,sell,33333.33333333333,0.3333333333333333,False
2026-08-11 14:55:00+05:30,TATASTEEL,buy,16666.666666666664,0.16666666666666666,False
2026-08-11 15:00:00+05:30,BHARTIARTL,buy,33333.33333333333,0.3333333333333333,False
2026-08-11 15:00:00+05:30,HCLTECH,buy,16666.666666666664,0.16666666666666666,False
2026-08-11 15:00:00+05:30,ICICIBANK,sell,33333.33333333333,0.3333333333333333,False
2026-08-11 15:00:00+05:30,ITC,buy,16666.666666666664,0.16666666666666666,False
2026-08-11 15:00:00+05:30,KOTAKBANK,sell,16666.666666666664,0.16666666666666666,False
2026-08-11 15:00:00+05:30,M&M,sell,16666.666666666664,0.16666666666666666,False
2026-08-11 15:00:00+05:30,MARUTI,buy,16666.666666666664,0.16666666666666666,False
2026-08-11 15:00:00+05:30,SBIN,sell,16666.666666666664,0.16666666666666666,False
2026-08-11 15:00:00+05:30,SUNPHARMA,buy,16666.666666666664,0.16666666666666666,False
2026-08-11 15:00:00+05:30,TATASTEEL,sell,16666.666666666664,0.16666666666666666,False
2026-08-11 15:05:00+05:30,HCLTECH,sell,16666.666666666664,0.16666666666666666,False
2026-08-11 15:05:00+05:30,ITC,sell,33333.33333333333,0.3333333333333333,False
2026-08-11 15:05:00+05:30,KOTAKBANK,buy,16666.666666666664,0.16666666666666666,False
2026-08-11 15:05:00+05:30,M&M,buy,16666.666666666664,0.16666666666666666,False
2026-08-11 15:05:00+05:30,MARUTI,buy,16666.666666666664,0.16666666666666666,False
2026-08-12 14:10:00+05:30,AXISBANK,buy,16666.666666666664,0.16666666666666666,False
2026-08-12 14:10:00+05:30,BHARTIARTL,sell,16666.666666666664,0.16666666666666666,False
2026-08-12 14:10:00+05:30,ICICIBANK,buy,33333.33333333333,0.3333333333333333,False
2026-08-12 14:10:00+05:30,KOTAKBANK,sell,16666.666666666664,0.16666666666666666,False
2026-08-12 14:10:00+05:30,M&M,sell,16666.666666666664,0.16666666666666666,False
2026-08-12 14:15:00+05:30,AXISBANK,sell,16666.666666666664,0.16666666666666666,False
2026-08-12 14:15:00+05:30,BHARTIARTL,buy,16666.666666666664,0.16666666666666666,False
2026-08-12 14:15:00+05:30,HCLTECH,sell,16666.666666666664,0.16666666666666666,False
2026-08-12 14:15:00+05:30,ICICIBANK,sell,16666.666666666664,0.16666666666666666,False
2026-08-12 14:15:00+05:30,ITC,buy,16666.666666666664,0.16666666666666666,False
2026-08-12 14:15:00+05:30,KOTAKBANK,buy,16666.666666666664,0.16666666666666666,False
2026-08-12 14:15:00+05:30,M&M,buy,16666.666666666664,0.16666666666666666,False
2026-08-12 14:15:00+05:30,RELIANCE,sell,16666.666666666664,0.16666666666666666,False
2026-08-12 14:15:00+05:30,SBIN,sell,16666.666666666664,0.16666666666666666,False
2026-08-12 14:15:00+05:30,TATASTEEL,buy,16666.666666666664,0.16666666666666666,False
2026-08-12 14:20:00+05:30,AXISBANK,buy,16666.666666666664,0.16666666666666666,False
2026-08-12 14:20:00+05:30,BHARTIARTL,sell,16666.666666666664,0.16666666666666666,False
2026-08-12 14:20:00+05:30,HCLTECH,buy,33333.33333333333,0.3333333333333333,False
2026-08-12 14:20:00+05:30,ICICIBANK,buy,16666.666666666664,0.16666666666666666,False
2026-08-12 14:20:00+05:30,LT,sell,16666.666666666664,0.16666666666666666,False
2026-08-12 14:20:00+05:30,M&M,sell,16666.666666666664,0.16666666666666666,False
2026-08-12 14:20:00+05:30,MARUTI,sell,16666.666666666664,0.16666666666666666,False
2026-08-12 14:20:00+05:30,SBIN,buy,16666.666666666664,0.16666666666666666,False
2026-08-12 14:20:00+05:30,TATASTEEL,sell,16666.666666666664,0.16666666666666666,False
2026-08-12 14:25:00+05:30,BHARTIARTL,sell,16666.666666666664,0.16666666666666666,False
2026-08-12 14:25:00+05:30,HCLTECH,sell,16666.666666666664,0.16666666666666666,False
2026-08-12 14:25:00+05:30,HDFCBANK,sell,16666.666666666664,0.16666666666666666,False
2026-08-12 14:25:00+05:30,ICICIBANK,sell,16666.666666666664,0.16666666666666666,False
2026-08-12 14:25:00+05:30,ITC,buy,16666.666666666664,0.16666666666666666,False
2026-08-12 14:25:00+05:30,LT,buy,16666.666666666664,0.16666666666666666,False
2026-08-12 14:25:00+05:30,TATASTEEL,buy,33333.33333333333,0.3333333333333333,False
2026-08-12 14:30:00+05:30,AXISBANK,sell,16666.666666666664,0.16666666666666666,False
2026-08-12 14:30:00+05:30,BHARTIARTL,buy,33333.33333333333,0.3333333333333333,False
2026-08-12 14:30:00+05:30,HDFCBANK,buy,16666.666666666664,0.16666666666666666,False
2026-08-12 14:30:00+05:30,ITC,sell,16666.666666666664,0.16666666666666666,False
2026-08-12 14:30:00+05:30,KOTAKBANK,sell,16666.666666666664,0.16666666666666666,False
2026-08-12 14:30:00+05:30,M&M,sell,16666.666666666664,0.16666666666666666,False
2026-08-12 14:30:00+05:30,MARUTI,buy,16666.666666666664,0.16666666666666666,False
2026-08-12 14:30:00+05:30,RELIANCE,buy,16666.666666666664,0.16666666666666666,False
2026-08-12 14:30:00+05:30,SBIN,sell,16666.666666666664,0.16666666666666666,False
2026-08-12 14:30:00+05:30,SUNPHARMA,buy,16666.666666666664,0.16666666666666666,False
2026-08-12 14:30:00+05:30,TATASTEEL,sell,16666.666666666664,0.16666666666666666,False
2026-08-12 14:35:00+05:30,AXISBANK,buy,16666.666666666664,0.16666666666666666,False
2026-08-12 14:35:00+05:30,BHARTIARTL,sell,16666.666666666664,0.16666666666666666,False
2026-08-12 14:35:00+05:30,HCLTECH,buy,16666.666666666664,0.16666666666666666,False
2026-08-12 14:35:00+05:30,INFY,sell,16666.666666666664,0.16666666666666666,False
2026-08-12 14:35:00+05:30,KOTAKBANK,buy,33333.33333333333,0.3333333333333333,False
2026-08-12 14:35:00+05:30,MARUTI,sell,16666.666666666664,0.16666666666666666,False
2026-08-12 14:35:00+05:30,SUNPHARMA,sell,16666.666666666664,0.16666666666666666,False
2026-08-12 14:40:00+05:30,HCLTECH,sell,16666.666666666664,0.16666666666666666,False
2026-08-12 14:40:00+05:30,HDFCBANK,sell,16666.666666666664,0.16666666666666666,False
2026-08-12 14:40:00+05:30,INFY,buy,16666.666666666664,0.16666666666666666,False
2026-08-12 14:40:00+05:30,KOTAKBANK,sell,33333.33333333333,0.3333333333333333,False
2026-08-12 14:40:00+05:30,M&M,buy,16666.666666666664,0.16666666666666666,False
2026-08-12 14:40:00+05:30,MARUTI,buy,16666.666666666664,0.16666666666666666,False
2026-08-12 14:40:00+05:30,RELIANCE,sell,16666.666666666664,0.16666666666666666,False
2026-08-12 14:40:00+05:30,SBIN,buy,33333.33333333333,0.3333333333333333,False
2026-08-12 14:45:00+05:30,AXISBANK,sell,16666.666666666664,0.16666666666666666,False
2026-08-12 14:45:00+05:30,ICICIBANK,buy,16666.666666666664,0.16666666666666666,False
2026-08-12 14:45:00+05:30,INFY,buy,16666.666666666664,0.16666666666666666,False
2026-08-12 14:45:00+05:30,KOTAKBANK,buy,16666.666666666664,0.16666666666666666,False
2026-08-12 14:45:00+05:30,M&M,sell,16666.666666666664,0.16666666666666666,False
2026-08-12 14:45:00+05:30,SBIN,sell,16666.666666666664,0.16666666666666666,False
2026-08-12 14:50:00+05:30,ICICIBANK,sell,16666.666666666664,0.16666666666666666,False
2026-08-12 14:50:00+05:30,INFY,sell,16666.666666666664,0.16666666666666666,False
2026-08-12 14:50:00+05:30,KOTAKBANK,sell,16666.666666666664,0.16666666666666666,False
2026-08-12 14:50:00+05:30,M&M,buy,16666.666666666664,0.16666666666666666,False
2026-08-12 14:50:00+05:30,SUNPHARMA,buy,16666.666666666664,0.16666666666666666,False
2026-08-12 14:50:00+05:30,TATASTEEL,buy,16666.666666666664,0.16666666666666666,False
2026-08-12 14:55:00+05:30,ICICIBANK,sell,16666.666666666664,0.16666666666666666,False
2026-08-12 14:55:00+05:30,LT,buy,16666.666666666664,0.16666666666666666,False
2026-08-12 14:55:00+05:30,M&M,buy,16666.666666666664,0.16666666666666666,False
2026-08-12 14:55:00+05:30,MARUTI,sell,16666.666666666664,0.16666666666666666,False
2026-08-12 14:55:00+05:30,RELIANCE,buy,16666.666666666664,0.16666666666666666,False
2026-08-12 14:55:00+05:30,TATASTEEL,sell,16666.666666666664,0.16666666666666666,False
2026-08-12 15:00:00+05:30,AXISBANK,sell,16666.666666666664,0.16666666666666666,False
2026-08-12 15:00:00+05:30,HCLTECH,sell,16666.666666666664,0.16666666666666666,False
2026-08-12 15:00:00+05:30,HDFCBANK,buy,16666.666666666664,0.16666666666666666,False
2026-08-12 15:00:00+05:30,ICICIBANK,buy,16666.666666666664,0.16666666666666666,False
2026-08-12 15:00:00+05:30,ITC,buy,16666.666666666664,0.16666666666666666,False
2026-08-12 15:00:00+05:30,KOTAKBANK,buy,16666.666666666664,0.16666666666666666,False
2026-08-12 15:00:00+05:30,SBIN,sell,16666.666666666664,0.16666666666666666,False
2026-08-12 15:00:00+05:30,SUNPHARMA,sell,16666.666666666664,0.16666666666666666,False
2026-08-12 15:05:00+05:30,AXISBANK,buy,16666.666666666664,0.16666666666666666,False
2026-08-12 15:05:00+05:30,BHARTIARTL,sell,16666.666666666664,0.16666666666666666,False
2026-08-12 15:05:00+05:30,HCLTECH,buy,16666.666666666664,0.16666666666666666,False
2026-08-12 15:05:00+05:30,HDFCBANK,sell,16666.666666666664,0.16666666666666666,False
2026-08-12 15:05:00+05:30,LT,sell,16666.666666666664,0.16666666666666666,False
2026-08-12 15:05:00+05:30,TATASTEEL,buy,16666.666666666664,0.16666666666666666,False
2026-08-13 14:10:00+05:30,BHARTIARTL,buy,16666.666666666664,0.16666666666666666,False
2026-08-13 14:10:00+05:30,HCLTECH,buy,16666.666666666664,0.16666666666666666,False
2026-08-13 14:10:00+05:30,HDFCBANK,buy,16666.666666666664,0.16666666666666666,False
2026-08-13 14:10:00+05:30,ICICIBANK,buy,16666.666666666664,0.16666666666666666,False
2026-08-13 14:10:00+05:30,ITC,sell,33333.33333333333,0.3333333333333333,False
2026-08-13 14:10:00+05:30,KOTAKBANK,sell,16666.666666666664,0.16666666666666666,False
2026-08-13 14:10:00+05:30,M&M,sell,16666.666666666664,0.16666666666666666,False
2026-08-13 14:10:00+05:30,MARUTI,buy,16666.666666666664,0.16666666666666666,False
2026-08-13 14:10:00+05:30,RELIANCE,sell,16666.666666666664,0.16666666666666666,False
2026-08-13 14:10:00+05:30,SBIN,buy,16666.666666666664,0.16666666666666666,False
2026-08-13 14:10:00+05:30,TATASTEEL,sell,16666.666666666664,0.16666666666666666,False
2026-08-13 14:15:00+05:30,BHARTIARTL,sell,16666.666666666664,0.16666666666666666,False
2026-08-13 14:15:00+05:30,HCLTECH,sell,16666.666666666664,0.16666666666666666,False
2026-08-13 14:15:00+05:30,HDFCBANK,buy,16666.666666666664,0.16666666666666666,False
2026-08-13 14:15:00+05:30,ICICIBANK,sell,16666.666666666664,0.16666666666666666,False
2026-08-13 14:15:00+05:30,KOTAKBANK,buy,16666.666666666664,0.16666666666666666,False
2026-08-13 14:15:00+05:30,M&M,buy,16666.666666666664,0.16666666666666666,False
2026-08-13 14:15:00+05:30,MARUTI,sell,16666.666666666664,0.16666666666666666,False
2026-08-13 14:15:00+05:30,RELIANCE,buy,16666.666666666664,0.16666666666666666,False
2026-08-13 14:15:00+05:30,SUNPHARMA,buy,16666.666666666664,0.16666666666666666,False
2026-08-13 14:15:00+05:30,TATASTEEL,sell,16666.666666666664,0.16666666666666666,False
2026-08-13 14:20:00+05:30,AXISBANK,buy,16666.666666666664,0.16666666666666666,False
2026-08-13 14:20:00+05:30,HDFCBANK,sell,16666.666666666664,0.16666666666666666,False
2026-08-13 14:20:00+05:30,ICICIBANK,sell,16666.666666666664,0.16666666666666666,False
2026-08-13 14:20:00+05:30,INFY,sell,16666.666666666664,0.16666666666666666,False
2026-08-13 14:20:00+05:30,ITC,buy,16666.666666666664,0.16666666666666666,False
2026-08-13 14:20:00+05:30,KOTAKBANK,buy,16666.666666666664,0.16666666666666666,False
2026-08-13 14:20:00+05:30,LT,buy,16666.666666666664,0.16666666666666666,False
2026-08-13 14:20:00+05:30,M&M,sell,16666.666666666664,0.16666666666666666,False
2026-08-13 14:20:00+05:30,SUNPHARMA,sell,16666.666666666664,0.16666666666666666,False
2026-08-13 14:20:00+05:30,TATASTEEL,buy,16666.666666666664,0.16666666666666666,False
2026-08-13 14:25:00+05:30,AXISBANK,sell,16666.666666666664,0.16666666666666666,False
2026-08-13 14:25:00+05:30,BHARTIARTL,buy,33333.33333333333,0.3333333333333333,False
2026-08-13 14:25:00+05:30,HDFCBANK,buy,16666.666666666664,0.16666666666666666,False
2026-08-13 14:25:00+05:30,INFY,buy,16666.666666666664,0.16666666666666666,False
2026-08-13 14:25:00+05:30,ITC,buy,16666.666666666664,0.16666666666666666,False
2026-08-13 14:25:00+05:30,KOTAKBANK,sell,16666.666666666664,0.16666666666666666,False
2026-08-13 14:25:00+05:30,LT,sell,33333.33333333333,0.3333333333333333,False
2026-08-13 14:25:00+05:30,RELIANCE,sell,16666.666666666664,0.16666666666666666,False
2026-08-13 14:30:00+05:30,BHARTIARTL,sell,16666.666666666664,0.16666666666666666,False
2026-08-13 14:30:00+05:30,HDFCBANK,sell,16666.666666666664,0.16666666666666666,False
2026-08-13 14:30:00+05:30,ICICIBANK,buy,33333.33333333333,0.3333333333333333,False
2026-08-13 14:30:00+05:30,ITC,sell,16666.666666666664,0.16666666666666666,False
2026-08-13 14:30:00+05:30,KOTAKBANK,sell,16666.666666666664,0.16666666666666666,False
2026-08-13 14:30:00+05:30,LT,buy,16666.666666666664,0.16666666666666666,False
2026-08-13 14:30:00+05:30,MARUTI,sell,16666.666666666664,0.16666666666666666,False
2026-08-13 14:30:00+05:30,RELIANCE,buy,33333.33333333333,0.3333333333333333,False
2026-08-13 14:30:00+05:30,SBIN,buy,16666.666666666664,0.16666666666666666,False
2026-08-13 14:30:00+05:30,SUNPHARMA,sell,16666.666666666664,0.16666666666666666,False
2026-08-13 14:35:00+05:30,HCLTECH,buy,16666.666666666664,0.16666666666666666,False
2026-08-13 14:35:00+05:30,HDFCBANK,sell,16666.666666666664,0.16666666666666666,False
2026-08-13 14:35:00+05:30,ICICIBANK,sell,16666.666666666664,0.16666666666666666,False
2026-08-13 14:35:00+05:30,ITC,sell,16666.666666666664,0.16666666666666666,False
2026-08-13 14:35:00+05:30,KOTAKBANK,buy,16666.666666666664,0.16666666666666666,False
2026-08-13 14:35:00+05:30,M&M,buy,16666.666666666664,0.16666666666666666,False
2026-08-13 14:35:00+05:30,SBIN,sell,16666.666666666664,0.16666666666666666,False
2026-08-13 14:35:00+05:30,SUNPHARMA,buy,16666.666666666664,0.16666666666666666,False
2026-08-13 14:40:00+05:30,BHARTIARTL,buy,16666.666666666664,0.16666666666666666,False
2026-08-13 14:40:00+05:30,HCLTECH,sell,33333.33333333333,0.3333333333333333,False
2026-08-13 14:40:00+05:30,HDFCBANK,buy,16666.666666666664,0.16666666666666666,False
2026-08-13 14:40:00+05:30,ITC,buy,16666.666666666664,0.16666666666666666,False
2026-08-13 14:40:00+05:30,KOTAKBANK,sell,16666.666666666664,0.16666666666666666,False
2026-08-13 14:40:00+05:30,MARUTI,buy,16666.666666666664,0.16666666666666666,False
2026-08-13 14:40:00+05:30,RELIANCE,sell,16666.666666666664,0.16666666666666666,False
2026-08-13 14:40:00+05:30,SUNPHARMA,sell,16666.666666666664,0.16666666666666666,False
2026-08-13 14:40:00+05:30,TATASTEEL,buy,16666.666666666664,0.16666666666666666,False
2026-08-13 14:45:00+05:30,AXISBANK,sell,16666.666666666664,0.16666666666666666,False
2026-08-13 14:45:00+05:30,ICICIBANK,buy,16666.666666666664,0.16666666666666666,False
2026-08-13 14:45:00+05:30,KOTAKBANK,buy,16666.666666666664,0.16666666666666666,False
2026-08-13 14:45:00+05:30,M&M,sell,16666.666666666664,0.16666666666666666,False
2026-08-13 14:45:00+05:30,RELIANCE,buy,16666.666666666664,0.16666666666666666,False
2026-08-13 14:45:00+05:30,TATASTEEL,sell,16666.666666666664,0.16666666666666666,False
2026-08-13 14:50:00+05:30,AXISBANK,buy,16666.666666666664,0.16666666666666666,False
2026-08-13 14:50:00+05:30,BHARTIARTL,sell,16666.666666666664,0.16666666666666666,False
2026-08-13 14:50:00+05:30,HCLTECH,buy,33333.33333333333,0.3333333333333333,False
2026-08-13 14:50:00+05:30,HDFCBANK,sell,16666.666666666664,0.16666666666666666,False
2026-08-13 14:50:00+05:30,ICICIBANK,sell,16666.666666666664,0.16666666666666666,False
2026-08-13 14:50:00+05:30,INFY,buy,16666.666666666664,0.16666666666666666,False
2026-08-13 14:50:00+05:30,LT,sell,16666.666666666664,0.16666666666666666,False
2026-08-13 14:50:00+05:30,MARUTI,sell,16666.666666666664,0.16666666666666666,False
2026-08-13 14:50:00+05:30,RELIANCE,sell,16666.666666666664,0.16666666666666666,False
2026-08-13 14:50:00+05:30,SBIN,buy,16666.666666666664,0.16666666666666666,False
2026-08-13 14:50:00+05:30,SUNPHARMA,buy,16666.666666666664,0.16666666666666666,False
2026-08-13 14:55:00+05:30,BHARTIARTL,buy,16666.666666666664,0.16666666666666666,False
2026-08-13 14:55:00+05:30,HCLTECH,sell,16666.666666666664,0.16666666666666666,False
2026-08-13 14:55:00+05:30,HDFCBANK,buy,16666.666666666664,0.16666666666666666,False
2026-08-13 14:55:00+05:30,ICICIBANK,sell,16666.666666666664,0.16666666666666666,False
2026-08-13 14:55:00+05:30,INFY,sell,16666.666666666664,0.16666666666666666,False
2026-08-13 14:55:00+05:30,KOTAKBANK,buy,16666.666666666664,0.16666666666666666,False
2026-08-13 14:55:00+05:30,MARUTI,buy,16666.666666666664,0.16666666666666666,False
2026-08-13 14:55:00+05:30,SBIN,sell,33333.33333333333,0.3333333333333333,False
2026-08-13 14:55:00+05:30,TATASTEEL,buy,16666.666666666664,0.16666666666666666,False
2026-08-13 15:00:00+05:30,BHARTIARTL,sell,16666.666666666664,0.16666666666666666,False
2026-08-13 15:00:00+05:30,ICICIBANK,buy,16666.666666666664,0.16666666666666666,False
2026-08-13 15:00:00+05:30,INFY,sell,16666.666666666664,0.16666666666666666,False
2026-08-13 15:00:00+05:30,ITC,buy,16666.666666666664,0.16666666666666666,False
2026-08-13 15:00:00+05:30,KOTAKBANK,sell,33333.33333333333,0.3333333333333333,False
2026-08-13 15:00:00+05:30,SBIN,buy,33333.33333333333,0.3333333333333333,False
2026-08-13 15:05:00+05:30,BHARTIARTL,buy,16666.666666666664,0.16666666666666666,False
2026-08-13 15:05:00+05:30,HDFCBANK,sell,16666.666666666664,0.16666666666666666,False
2026-08-13 15:05:00+05:30,INFY,buy,16666.666666666664,0.16666666666666666,False
2026-08-13 15:05:00+05:30,ITC,sell,16666.666666666664,0.16666666666666666,False
2026-08-13 15:05:00+05:30,LT,buy,16666.666666666664,0.16666666666666666,False
2026-08-13 15:05:00+05:30,M&M,buy,16666.666666666664,0.16666666666666666,False
2026-08-13 15:05:00+05:30,MARUTI,buy,16666.666666666664,0.16666666666666666,False
2026-08-13 15:05:00+05:30,SBIN,sell,33333.33333333333,0.3333333333333333,False
2026-08-13 15:05:00+05:30,TATASTEEL,sell,16666.666666666664,0.16666666666666666,False
2026-08-14 14:10:00+05:30,BHARTIARTL,sell,33333.33333333333,0.3333333333333333,False
2026-08-14 14:10:00+05:30,HCLTECH,sell,16666.666666666664,0.16666666666666666,False
2026-08-14 14:10:00+05:30,HDFCBANK,buy,16666.666666666664,0.16666666666666666,False
2026-08-14 14:10:00+05:30,ICICIBANK,buy,16666.666666666664,0.16666666666666666,False
2026-08-14 14:10:00+05:30,KOTAKBANK,buy,16666.666666666664,0.16666666666666666,False
2026-08-14 14:10:00+05:30,M&M,sell,16666.666666666664,0.16666666666666666,False
2026-08-14 14:10:00+05:30,RELIANCE,buy,16666.666666666664,0.16666666666666666,False
2026-08-14 14:15:00+05:30,BHARTIARTL,buy,16666.666666666664,0.16666666666666666,False
2026-08-14 14:15:00+05:30,HCLTECH,buy,16666.666666666664,0.16666666666666666,False
2026-08-14 14:15:00+05:30,HDFCBANK,buy,16666.666666666664,0.16666666666666666,False
2026-08-14 14:15:00+05:30,ICICIBANK,sell,16666.666666666664,0.16666666666666666,False
2026-08-14 14:15:00+05:30,M&M,sell,16666.666666666664,0.16666666666666666,False
2026-08-14 14:15:00+05:30,MARUTI,sell,33333.33333333333,0.3333333333333333,False
2026-08-14 14:15:00+05:30,RELIANCE,sell,16666.666666666664,0.16666666666666666,False
2026-08-14 14:15:00+05:30,SBIN,buy,33333.33333333333,0.3333333333333333,False
2026-08-14 14:15:00+05:30,SUNPHARMA,sell,16666.666666666664,0.16666666666666666,False
2026-08-14 14:15:00+05:30,TATASTEEL,buy,16666.666666666664,0.16666666666666666,False
2026-08-14 14:20:00+05:30,HDFCBANK,sell,33333.33333333333,0.3333333333333333,False
2026-08-14 14:20:00+05:30,INFY,buy,16666.666666666664,0.16666666666666666,False
2026-08-14 14:20:00+05:30,MARUTI,buy,33333.33333333333,0.3333333333333333,False
2026-08-14 14:20:00+05:30,RELIANCE,buy,16666.666666666664,0.16666666666666666,False
2026-08-14 14:20:00+05:30,SBIN,sell,16666.666666666664,0.16666666666666666,False
2026-08-14 14:20:00+05:30,TATASTEEL,sell,16666.666666666664,0.16666666666666666,False
2026-08-14 14:25:00+05:30,HCLTECH,buy,16666.666666666664,0.16666666666666666,False
2026-08-14 14:25:00+05:30,HDFCBANK,buy,16666.666666666664,0.16666666666666666,False
2026-08-14 14:25:00+05:30,ICICIBANK,buy,16666.666666666664,0.16666666666666666,False
2026-08-14 14:25:00+05:30,INFY,sell,16666.666666666664,0.16666666666666666,False
2026-08-14 14:25:00+05:30,LT,sell,16666.666666666664,0.16666666666666666,False
2026-08-14 14:25:00+05:30,M&M,buy,16666.666666666664,0.16666666666666666,False
2026-08-14 14:25:00+05:30,MARUTI,sell,33333.33333333333,0.3333333333333333,False
2026-08-14 14:25:00+05:30,SUNPHARMA,buy,16666.666666666664,0.16666666666666666,False
2026-08-14 14:25:00+05:30,TATASTEEL,sell,16666.666666666664,0.16666666666666666,False
2026-08-14 14:30:00+05:30,HCLTECH,sell,16666.666666666664,0.16666666666666666,False
2026-08-14 14:30:00+05:30,HDFCBANK,buy,16666.666666666664,0.16666666666666666,False
2026-08-14 14:30:00+05:30,ICICIBANK,sell,16666.666666666664,0.16666666666666666,False
2026-08-14 14:30:00+05:30,INFY,buy,16666.666666666664,0.16666666666666666,False
2026-08-14 14:30:00+05:30,ITC,sell,16666.666666666664,0.16666666666666666,False
2026-08-14 14:30:00+05:30,LT,buy,16666.666666666664,0.16666666666666666,False
2026-08-14 14:30:00+05:30,MARUTI,buy,16666.666666666664,0.16666666666666666,False
2026-08-14 14:30:00+05:30,RELIANCE,sell,33333.33333333333,0.3333333333333333,False
2026-08-14 14:30:00+05:30,SBIN,buy,16666.666666666664,0.16666666666666666,False
2026-08-14 14:35:00+05:30,BHARTIARTL,sell,16666.666666666664,0.16666666666666666,False
2026-08-14 14:35:00+05:30,INFY,sell,33333.33333333333,0.3333333333333333,False
2026-08-14 14:35:00+05:30,ITC,buy,16666.666666666664,0.16666666666666666,False
2026-08-14 14:35:00+05:30,M&M,buy,16666.666666666664,0.16666666666666666,False
2026-08-14 14:35:00+05:30,MARUTI,buy,16666.666666666664,0.16666666666666666,False
2026-08-14 14:35:00+05:30,RELIANCE,buy,16666.666666666664,0.16666666666666666,False
2026-08-14 14:35:00+05:30,SBIN,sell,16666.666666666664,0.16666666666666666,False
2026-08-14 14:40:00+05:30,HDFCBANK,sell,16666.666666666664,0.16666666666666666,False
2026-08-14 14:40:00+05:30,INFY,buy,16666.666666666664,0.16666666666666666,False
2026-08-14 14:40:00+05:30,KOTAKBANK,sell,16666.666666666664,0.16666666666666666,False
2026-08-14 14:40:00+05:30,LT,buy,16666.666666666664,0.16666666666666666,False
2026-08-14 14:40:00+05:30,M&M,sell,33333.33333333333,0.3333333333333333,False
2026-08-14 14:40:00+05:30,SBIN,buy,16666.666666666664,0.16666666666666666,False
2026-08-14 14:40:00+05:30,TATASTEEL,buy,16666.666666666664,0.16666666666666666,False
2026-08-14 14:45:00+05:30,AXISBANK,buy,16666.666666666664,0.16666666666666666,False
2026-08-14 14:45:00+05:30,BHARTIARTL,buy,16666.666666666664,0.16666666666666666,False
2026-08-14 14:45:00+05:30,ICICIBANK,buy,16666.666666666664,0.16666666666666666,False
2026-08-14 14:45:00+05:30,INFY,sell,16666.666666666664,0.16666666666666666,False
2026-08-14 14:45:00+05:30,ITC,sell,16666.666666666664,0.16666666666666666,False
2026-08-14 14:45:00+05:30,KOTAKBANK,buy,16666.666666666664,0.16666666666666666,False
2026-08-14 14:45:00+05:30,LT,sell,33333.33333333333,0.3333333333333333,False
2026-08-14 14:45:00+05:30,M&M,buy,16666.666666666664,0.16666666666666666,False
2026-08-14 14:45:00+05:30,MARUTI,sell,16666.666666666664,0.16666666666666666,False
2026-08-14 14:45:00+05:30,RELIANCE,buy,16666.666666666664,0.16666666666666666,False
2026-08-14 14:45:00+05:30,SBIN,sell,16666.666666666664,0.16666666666666666,False
2026-08-14 14:50:00+05:30,AXISBANK,sell,16666.666666666664,0.16666666666666666,False
2026-08-14 14:50:00+05:30,BHARTIARTL,buy,16666.666666666664,0.16666666666666666,False
2026-08-14 14:50:00+05:30,ICICIBANK,sell,16666.666666666664,0.16666666666666666,False
2026-08-14 14:50:00+05:30,INFY,buy,16666.666666666664,0.16666666666666666,False
2026-08-14 14:50:00+05:30,M&M,buy,16666.666666666664,0.16666666666666666,False
2026-08-14 14:50:00+05:30,MARUTI,buy,16666.666666666664,0.16666666666666666,False
2026-08-14 14:50:00+05:30,RELIANCE,sell,33333.33333333333,0.3333333333333333,False
2026-08-14 14:55:00+05:30,AXISBANK,sell,16666.666666666664,0.16666666666666666,False
2026-08-14 14:55:00+05:30,BHARTIARTL,sell,16666.666666666664,0.16666666666666666,False
2026-08-14 14:55:00+05:30,INFY,sell,16666.666666666664,0.16666666666666666,False
2026-08-14 14:55:00+05:30,ITC,buy,16666.666666666664,0.16666666666666666,False
2026-08-14 14:55:00+05:30,LT,buy,16666.666666666664,0.16666666666666666,False
2026-08-14 14:55:00+05:30,M&M,sell,16666.666666666664,0.16666666666666666,False
2026-08-14 14:55:00+05:30,RELIANCE,buy,33333.33333333333,0.3333333333333333,False
2026-08-14 14:55:00+05:30,SBIN,buy,16666.666666666664,0.16666666666666666,False
2026-08-14 14:55:00+05:30,TATASTEEL,sell,16666.666666666664,0.16666666666666666,False
2026-08-14 15:00:00+05:30,BHARTIARTL,buy,16666.666666666664,0.16666666666666666,False
2026-08-14 15:00:00+05:30,HCLTECH,buy,16666.666666666664,0.16666666666666666,False
2026-08-14 15:00:00+05:30,INFY,buy,16666.666666666664,0.16666666666666666,False
2026-08-14 15:00:00+05:30,KOTAKBANK,sell,16666.666666666664,0.16666666666666666,False
2026-08-14 15:00:00+05:30,M&M,sell,16666.666666666664,0.16666666666666666,False
2026-08-14 15:00:00+05:30,MARUTI,sell,16666.666666666664,0.16666666666666666,False
2026-08-14 15:00:00+05:30,SBIN,sell,16666.666666666664,0.16666666666666666,False
2026-08-14 15:00:00+05:30,TATASTEEL,buy,16666.666666666664,0.16666666666666666,False
2026-08-14 15:05:00+05:30,AXISBANK,buy,16666.666666666664,0.16666666666666666,False
2026-08-14 15:05:00+05:30,BHARTIARTL,sell,16666.666666666664,0.16666666666666666,False
2026-08-14 15:05:00+05:30,HCLTECH,sell,16666.666666666664,0.16666666666666666,False
2026-08-14 15:05:00+05:30,INFY,sell,16666.666666666664,0.16666666666666666,False
2026-08-14 15:05:00+05:30,ITC,buy,16666.666666666664,0.16666666666666666,False
2026-08-14 15:05:00+05:30,KOTAKBANK,buy,33333.33333333333,0.3333333333333333,False
2026-08-14 15:05:00+05:30,M&M,buy,33333.33333333333,0.3333333333333333,False
2026-08-14 15:05:00+05:30,RELIANCE,sell,33333.33333333333,0.3333333333333333,False
2026-08-14 15:05:00+05:30,SUNPHARMA,sell,16666.666666666664,0.16666666666666666,False
2026-08-17 14:10:00+05:30,AXISBANK,sell,16666.666666666664,0.16666666666666666,False
2026-08-17 14:10:00+05:30,HCLTECH,buy,16666.666666666664,0.16666666666666666,False
2026-08-17 14:10:00+05:30,ICICIBANK,sell,16666.666666666664,0.16666666666666666,False
2026-08-17 14:10:00+05:30,INFY,buy,16666.666666666664,0.16666666666666666,False
2026-08-17 14:10:00+05:30,ITC,sell,16666.666666666664,0.16666666666666666,False
2026-08-17 14:10:00+05:30,LT,buy,16666.666666666664,0.16666666666666666,False
2026-08-17 14:10:00+05:30,M&M,sell,16666.666666666664,0.16666666666666666,False
2026-08-17 14:10:00+05:30,RELIANCE,buy,16666.666666666664,0.16666666666666666,False
2026-08-17 14:10:00+05:30,SUNPHARMA,buy,16666.666666666664,0.16666666666666666,False
2026-08-17 14:10:00+05:30,TATASTEEL,sell,16666.666666666664,0.16666666666666666,False
2026-08-17 14:15:00+05:30,HCLTECH,sell,33333.33333333333,0.3333333333333333,False
2026-08-17 14:15:00+05:30,HDFCBANK,sell,16666.666666666664,0.16666666666666666,False
2026-08-17 14:15:00+05:30,ICICIBANK,buy,16666.666666666664,0.16666666666666666,False
2026-08-17 14:15:00+05:30,KOTAKBANK,sell,16666.666666666664,0.16666666666666666,False
2026-08-17 14:15:00+05:30,M&M,buy,16666.666666666664,0.16666666666666666,False
2026-08-17 14:15:00+05:30,SUNPHARMA,buy,16666.666666666664,0.16666666666666666,False
2026-08-17 14:15:00+05:30,TATASTEEL,buy,16666.666666666664,0.16666666666666666,False
2026-08-17 14:20:00+05:30,HCLTECH,buy,16666.666666666664,0.16666666666666666,False
2026-08-17 14:20:00+05:30,HDFCBANK,buy,33333.33333333333,0.3333333333333333,False
2026-08-17 14:20:00+05:30,ICICIBANK,buy,16666.666666666664,0.16666666666666666,False
2026-08-17 14:20:00+05:30,ITC,sell,16666.666666666664,0.16666666666666666,False
2026-08-17 14:20:00+05:30,LT,sell,16666.666666666664,0.16666666666666666,False
2026-08-17 14:20:00+05:30,M&M,sell,16666.666666666664,0.16666666666666666,False
2026-08-17 14:20:00+05:30,MARUTI,buy,16666.666666666664,0.16666666666666666,False
2026-08-17 14:20:00+05:30,SUNPHARMA,sell,16666.666666666664,0.16666666666666666,False
2026-08-17 14:20:00+05:30,TATASTEEL,sell,16666.666666666664,0.16666666666666666,False
2026-08-17 14:25:00+05:30,AXISBANK,buy,16666.666666666664,0.16666666666666666,False
2026-08-17 14:25:00+05:30,BHARTIARTL,buy,16666.666666666664,0.16666666666666666,False
2026-08-17 14:25:00+05:30,HCLTECH,buy,16666.666666666664,0.16666666666666666,False
2026-08-17 14:25:00+05:30,HDFCBANK,sell,16666.666666666664,0.16666666666666666,False
2026-08-17 14:25:00+05:30,ICICIBANK,sell,33333.33333333333,0.3333333333333333,False
2026-08-17 14:25:00+05:30,INFY,buy,16666.666666666664,0.16666666666666666,False
2026-08-17 14:25:00+05:30,ITC,buy,16666.666666666664,0.16666666666666666,False
2026-08-17 14:25:00+05:30,KOTAKBANK,sell,16666.666666666664,0.16666666666666666,False
2026-08-17 14:25:00+05:30,MARUTI,sell,16666.666666666664,0.16666666666666666,False
2026-08-17 14:25:00+05:30,SBIN,sell,16666.666666666664,0.16666666666666666,False
2026-08-17 14:25:00+05:30,TATASTEEL,buy,16666.666666666664,0.16666666666666666,False
2026-08-17 14:30:00+05:30,AXISBANK,sell,16666.666666666664,0.16666666666666666,False
2026-08-17 14:30:00+05:30,HCLTECH,sell,33333.33333333333,0.3333333333333333,False
2026-08-17 14:30:00+05:30,HDFCBANK,sell,16666.666666666664,0.16666666666666666,False
2026-08-17 14:30:00+05:30,ICICIBANK,buy,16666.666666666664,0.16666666666666666,False
2026-08-17 14:30:00+05:30,INFY,sell,16666.666666666664,0.16666666666666666,False
2026-08-17 14:30:00+05:30,KOTAKBANK,buy,33333.33333333333,0.3333333333333333,False
2026-08-17 14:30:00+05:30,M&M,buy,16666.666666666664,0.16666666666666666,False
2026-08-17 14:30:00+05:30,SBIN,buy,16666.666666666664,0.16666666666666666,False
2026-08-17 14:35:00+05:30,AXISBANK,buy,16666.666666666664,0.16666666666666666,False
2026-08-17 14:35:00+05:30,BHARTIARTL,sell,16666.666666666664,0.16666666666666666,False
2026-08-17 14:35:00+05:30,HCLTECH,buy,33333.33333333333,0.3333333333333333,False
2026-08-17 14:35:00+05:30,HDFCBANK,buy,16666.666666666664,0.16666666666666666,False
2026-08-17 14:35:00+05:30,ICICIBANK,sell,16666.666666666664,0.16666666666666666,False
2026-08-17 14:35:00+05:30,KOTAKBANK,sell,33333.33333333333,0.3333333333333333,False
2026-08-17 14:35:00+05:30,LT,sell,16666.666666666664,0.16666666666666666,False
2026-08-17 14:35:00+05:30,SUNPHARMA,buy,16666.666666666664,0.16666666666666666,False
2026-08-17 14:40:00+05:30,AXISBANK,sell,16666.666666666664,0.16666666666666666,False
2026-08-17 14:40:00+05:30,HCLTECH,sell,16666.666666666664,0.16666666666666666,False
2026-08-17 14:40:00+05:30,ICICIBANK,buy,16666.666666666664,0.16666666666666666,False
2026-08-17 14:40:00+05:30,INFY,buy,16666.666666666664,0.16666666666666666,False
2026-08-17 14:40:00+05:30,ITC,buy,16666.666666666664,0.16666666666666666,False
2026-08-17 14:40:00+05:30,KOTAKBANK,buy,16666.666666666664,0.16666666666666666,False
2026-08-17 14:40:00+05:30,LT,buy,16666.666666666664,0.16666666666666666,False
2026-08-17 14:40:00+05:30,M&M,sell,33333.33333333333,0.3333333333333333,False
2026-08-17 14:40:00+05:30,RELIANCE,buy,16666.666666666664,0.16666666666666666,False
2026-08-17 14:40:00+05:30,SUNPHARMA,sell,16666.666666666664,0.16666666666666666,False
2026-08-17 14:40:00+05:30,TATASTEEL,sell,16666.666666666664,0.16666666666666666,False
2026-08-17 14:45:00+05:30,AXISBANK,buy,16666.666666666664,0.16666666666666666,False
2026-08-17 14:45:00+05:30,HCLTECH,buy,16666.666666666664,0.16666666666666666,False
2026-08-17 14:45:00+05:30,HDFCBANK,sell,16666.666666666664,0.16666666666666666,False
2026-08-17 14:45:00+05:30,ITC,sell,16666.666666666664,0.16666666666666666,False
2026-08-17 14:45:00+05:30,M&M,buy,33333.33333333333,0.3333333333333333,False
2026-08-17 14:45:00+05:30,RELIANCE,sell,33333.33333333333,0.3333333333333333,False
2026-08-17 14:50:00+05:30,AXISBANK,sell,16666.666666666664,0.16666666666666666,False
2026-08-17 14:50:00+05:30,INFY,sell,16666.666666666664,0.16666666666666666,False
2026-08-17 14:50:00+05:30,M&M,sell,16666.666666666664,0.16666666666666666,False
2026-08-17 14:50:00+05:30,MARUTI,buy,16666.666666666664,0.16666666666666666,False
2026-08-17 14:50:00+05:30,RELIANCE,buy,16666.666666666664,0.16666666666666666,False
2026-08-17 14:50:00+05:30,SBIN,sell,16666.666666666664,0.16666666666666666,False
2026-08-17 14:50:00+05:30,SUNPHARMA,buy,16666.666666666664,0.16666666666666666,False
2026-08-17 14:50:00+05:30,TATASTEEL,buy,16666.666666666664,0.16666666666666666,False
2026-08-17 14:55:00+05:30,AXISBANK,buy,16666.666666666664,0.16666666666666666,False
2026-08-17 14:55:00+05:30,HDFCBANK,buy,16666.666666666664,0.16666666666666666,False
2026-08-17 14:55:00+05:30,ICICIBANK,sell,16666.666666666664,0.16666666666666666,False
2026-08-17 14:55:00+05:30,INFY,buy,16666.666666666664,0.16666666666666666,False
2026-08-17 14:55:00+05:30,M&M,sell,16666.666666666664,0.16666666666666666,False
2026-08-17 14:55:00+05:30,MARUTI,sell,16666.666666666664,0.16666666666666666,False
2026-08-17 14:55:00+05:30,RELIANCE,sell,16666.666666666664,0.16666666666666666,False
2026-08-17 14:55:00+05:30,SBIN,buy,16666.666666666664,0.16666666666666666,False
2026-08-17 15:00:00+05:30,HCLTECH,sell,16666.666666666664,0.16666666666666666,False
2026-08-17 15:00:00+05:30,HDFCBANK,sell,16666.666666666664,0.16666666666666666,False
2026-08-17 15:00:00+05:30,ICICIBANK,buy,16666.666666666664,0.16666666666666666,False
2026-08-17 15:00:00+05:30,ITC,buy,16666.666666666664,0.16666666666666666,False
2026-08-17 15:00:00+05:30,M&M,buy,16666.666666666664,0.16666666666666666,False
2026-08-17 15:00:00+05:30,MARUTI,buy,16666.666666666664,0.16666666666666666,False
2026-08-17 15:00:00+05:30,RELIANCE,buy,16666.666666666664,0.16666666666666666,False
2026-08-17 15:00:00+05:30,SBIN,sell,16666.666666666664,0.16666666666666666,False
2026-08-17 15:00:00+05:30,SUNPHARMA,sell,16666.666666666664,0.16666666666666666,False
2026-08-17 15:00:00+05:30,TATASTEEL,sell,16666.666666666664,0.16666666666666666,False
2026-08-17 15:05:00+05:30,AXISBANK,sell,16666.666666666664,0.16666666666666666,False
2026-08-17 15:05:00+05:30,BHARTIARTL,buy,16666.666666666664,0.16666666666666666,False
2026-08-17 15:05:00+05:30,HDFCBANK,buy,16666.666666666664,0.16666666666666666,False
2026-08-17 15:05:00+05:30,ICICIBANK,sell,16666.666666666664,0.16666666666666666,False
2026-08-17 15:05:00+05:30,INFY,sell,16666.666666666664,0.16666666666666666,False
2026-08-17 15:05:00+05:30,ITC,sell,16666.666666666664,0.16666666666666666,False
2026-08-17 15:05:00+05:30,RELIANCE,sell,16666.666666666664,0.16666666666666666,False
2026-08-17 15:05:00+05:30,SBIN,buy,16666.666666666664,0.16666666666666666,False
2026-08-17 15:05:00+05:30,SUNPHARMA,buy,16666.666666666664,0.16666666666666666,False
2026-08-17 15:05:00+05:30,TATASTEEL,buy,16666.666666666664,0.16666666666666666,False
2026-08-18 14:10:00+05:30,AXISBANK,buy,33333.33333333333,0.3333333333333333,False
2026-08-18 14:10:00+05:30,BHARTIARTL,sell,33333.33333333333,0.3333333333333333,False
2026-08-18 14:10:00+05:30,HCLTECH,buy,16666.666666666664,0.16666666666666666,False
2026-08-18 14:10:00+05:30,KOTAKBANK,buy,16666.666666666664,0.16666666666666666,False
2026-08-18 14:10:00+05:30,MARUTI,sell,16666.666666666664,0.16666666666666666,False
2026-08-18 14:10:00+05:30,RELIANCE,buy,16666.666666666664,0.16666666666666666,False
2026-08-18 14:10:00+05:30,SUNPHARMA,sell,16666.666666666664,0.16666666666666666,False
2026-08-18 14:10:00+05:30,TATASTEEL,sell,16666.666666666664,0.16666666666666666,False
2026-08-18 14:15:00+05:30,AXISBANK,sell,16666.666666666664,0.16666666666666666,False
2026-08-18 14:15:00+05:30,BHARTIARTL,buy,16666.666666666664,0.16666666666666666,False
2026-08-18 14:15:00+05:30,HCLTECH,sell,16666.666666666664,0.16666666666666666,False
2026-08-18 14:15:00+05:30,HDFCBANK,buy,16666.666666666664,0.16666666666666666,False
2026-08-18 14:15:00+05:30,ICICIBANK,buy,33333.33333333333,0.3333333333333333,False
2026-08-18 14:15:00+05:30,ITC,sell,16666.666666666664,0.16666666666666666,False
2026-08-18 14:15:00+05:30,KOTAKBANK,sell,16666.666666666664,0.16666666666666666,False
2026-08-18 14:15:00+05:30,LT,sell,16666.666666666664,0.16666666666666666,False
2026-08-18 14:15:00+05:30,MARUTI,sell,16666.666666666664,0.16666666666666666,False
2026-08-18 14:15:00+05:30,SBIN,buy,16666.666666666664,0.16666666666666666,False
2026-08-18 14:15:00+05:30,TATASTEEL,buy,16666.666666666664,0.16666666666666666,False
2026-08-18 14:20:00+05:30,AXISBANK,sell,16666.666666666664,0.16666666666666666,False
2026-08-18 14:20:00+05:30,HDFCBANK,sell,16666.666666666664,0.16666666666666666,False
2026-08-18 14:20:00+05:30,ICICIBANK,sell,16666.666666666664,0.16666666666666666,False
2026-08-18 14:20:00+05:30,INFY,buy,16666.666666666664,0.16666666666666666,False
2026-08-18 14:20:00+05:30,ITC,buy,33333.33333333333,0.3333333333333333,False
2026-08-18 14:20:00+05:30,LT,buy,16666.666666666664,0.16666666666666666,False
2026-08-18 14:20:00+05:30,MARUTI,buy,33333.33333333333,0.3333333333333333,False
2026-08-18 14:20:00+05:30,SBIN,sell,16666.666666666664,0.16666666666666666,False
2026-08-18 14:20:00+05:30,SUNPHARMA,sell,16666.666666666664,0.16666666666666666,False
2026-08-18 14:20:00+05:30,TATASTEEL,sell,16666.666666666664,0.16666666666666666,False
2026-08-18 14:25:00+05:30,AXISBANK,buy,33333.33333333333,0.3333333333333333,False
2026-08-18 14:25:00+05:30,BHARTIARTL,sell,16666.666666666664,0.16666666666666666,False
2026-08-18 14:25:00+05:30,HDFCBANK,sell,16666.666666666664,0.16666666666666666,False
2026-08-18 14:25:00+05:30,INFY,sell,16666.666666666664,0.16666666666666666,False
2026-08-18 14:25:00+05:30,ITC,sell,16666.666666666664,0.16666666666666666,False
2026-08-18 14:25:00+05:30,LT,sell,16666.666666666664,0.16666666666666666,False
2026-08-18 14:25:00+05:30,MARUTI,sell,16666.666666666664,0.16666666666666666,False
2026-08-18 14:25:00+05:30,SBIN,buy,16666.666666666664,0.16666666666666666,False
2026-08-18 14:25:00+05:30,SUNPHARMA,buy,33333.33333333333,0.3333333333333333,False
2026-08-18 14:25:00+05:30,TATASTEEL,buy,16666.666666666664,0.16666666666666666,False
2026-08-18 14:30:00+05:30,AXISBANK,sell,33333.33333333333,0.3333333333333333,False
2026-08-18 14:30:00+05:30,BHARTIARTL,buy,16666.666666666664,0.16666666666666666,False
2026-08-18 14:30:00+05:30,HDFCBANK,buy,16666.666666666664,0.16666666666666666,False
2026-08-18 14:30:00+05:30,ICICIBANK,sell,16666.666666666664,0.16666666666666666,False
2026-08-18 14:30:00+05:30,ITC,sell,16666.666666666664,0.16666666666666666,False
2026-08-18 14:30:00+05:30,KOTAKBANK,buy,16666.666666666664,0.16666666666666666,False
2026-08-18 14:30:00+05:30,LT,buy,16666.666666666664,0.16666666666666666,False
2026-08-18 14:30:00+05:30,MARUTI,buy,16666.666666666664,0.16666666666666666,False
2026-08-18 14:30:00+05:30,SBIN,sell,16666.666666666664,0.16666666666666666,False
2026-08-18 14:35:00+05:30,AXISBANK,buy,16666.666666666664,0.16666666666666666,False
2026-08-18 14:35:00+05:30,HCLTECH,buy,16666.666666666664,0.16666666666666666,False
2026-08-18 14:35:00+05:30,HDFCBANK,sell,16666.666666666664,0.16666666666666666,False
2026-08-18 14:35:00+05:30,ITC,buy,16666.666666666664,0.16666666666666666,False
2026-08-18 14:35:00+05:30,KOTAKBANK,sell,16666.666666666664,0.16666666666666666,False
2026-08-18 14:35:00+05:30,SBIN,sell,16666.666666666664,0.16666666666666666,False
2026-08-18 14:35:00+05:30,SUNPHARMA,sell,16666.666666666664,0.16666666666666666,False
2026-08-18 14:35:00+05:30,TATASTEEL,buy,16666.666666666664,0.16666666666666666,False
2026-08-18 14:40:00+05:30,AXISBANK,sell,16666.666666666664,0.16666666666666666,False
2026-08-18 14:40:00+05:30,HCLTECH,sell,16666.666666666664,0.16666666666666666,False
2026-08-18 14:40:00+05:30,HDFCBANK,buy,16666.666666666664,0.16666666666666666,False
2026-08-18 14:40:00+05:30,ITC,buy,16666.666666666664,0.16666666666666666,False
2026-08-18 14:40:00+05:30,KOTAKBANK,sell,16666.666666666664,0.16666666666666666,False
2026-08-18 14:40:00+05:30,MARUTI,sell,16666.666666666664,0.16666666666666666,False
2026-08-18 14:40:00+05:30,RELIANCE,buy,16666.666666666664,0.16666666666666666,False
2026-08-18 14:40:00+05:30,SBIN,buy,33333.33333333333,0.3333333333333333,False
2026-08-18 14:40:00+05:30,TATASTEEL,sell,16666.666666666664,0.16666666666666666,False
2026-08-18 14:45:00+05:30,AXISBANK,buy,16666.666666666664,0.16666666666666666,False
2026-08-18 14:45:00+05:30,HDFCBANK,sell,16666.666666666664,0.16666666666666666,False
2026-08-18 14:45:00+05:30,ITC,sell,16666.666666666664,0.16666666666666666,False
2026-08-18 14:45:00+05:30,KOTAKBANK,buy,33333.33333333333,0.3333333333333333,False
2026-08-18 14:45:00+05:30,LT,sell,16666.666666666664,0.16666666666666666,False
2026-08-18 14:45:00+05:30,MARUTI,buy,16666.666666666664,0.16666666666666666,False
2026-08-18 14:45:00+05:30,RELIANCE,sell,16666.666666666664,0.16666666666666666,False
2026-08-18 14:45:00+05:30,SBIN,sell,16666.666666666664,0.16666666666666666,False
2026-08-18 14:45:00+05:30,SUNPHARMA,buy,16666.666666666664,0.16666666666666666,False
2026-08-18 14:50:00+05:30,LT,buy,33333.33333333333,0.3333333333333333,False
2026-08-18 14:50:00+05:30,M&M,buy,16666.666666666664,0.16666666666666666,False
2026-08-18 14:50:00+05:30,MARUTI,sell,33333.33333333333,0.3333333333333333,False
2026-08-18 14:50:00+05:30,SUNPHARMA,sell,16666.666666666664,0.16666666666666666,False
2026-08-18 14:55:00+05:30,AXISBANK,sell,16666.666666666664,0.16666666666666666,False
2026-08-18 14:55:00+05:30,HCLTECH,buy,16666.666666666664,0.16666666666666666,False
2026-08-18 14:55:00+05:30,HDFCBANK,buy,16666.666666666664,0.16666666666666666,False
2026-08-18 14:55:00+05:30,ICICIBANK,buy,16666.666666666664,0.16666666666666666,False
2026-08-18 14:55:00+05:30,INFY,buy,16666.666666666664,0.16666666666666666,False
2026-08-18 14:55:00+05:30,ITC,sell,16666.666666666664,0.16666666666666666,False
2026-08-18 14:55:00+05:30,KOTAKBANK,sell,16666.666666666664,0.16666666666666666,False
2026-08-18 14:55:00+05:30,LT,sell,16666.666666666664,0.16666666666666666,False
2026-08-18 14:55:00+05:30,M&M,sell,16666.666666666664,0.16666666666666666,False
2026-08-18 14:55:00+05:30,MARUTI,buy,33333.33333333333,0.3333333333333333,False
2026-08-18 14:55:00+05:30,TATASTEEL,sell,16666.666666666664,0.16666666666666666,False
2026-08-18 15:00:00+05:30,AXISBANK,buy,16666.666666666664,0.16666666666666666,False
2026-08-18 15:00:00+05:30,BHARTIARTL,buy,16666.666666666664,0.16666666666666666,False
2026-08-18 15:00:00+05:30,HCLTECH,sell,16666.666666666664,0.16666666666666666,False
2026-08-18 15:00:00+05:30,INFY,sell,16666.666666666664,0.16666666666666666,False
2026-08-18 15:00:00+05:30,ITC,buy,33333.33333333333,0.3333333333333333,False
2026-08-18 15:00:00+05:30,KOTAKBANK,sell,16666.666666666664,0.16666666666666666,False
2026-08-18 15:00:00+05:30,MARUTI,sell,16666.666666666664,0.16666666666666666,False
2026-08-18 15:00:00+05:30,SBIN,sell,16666.666666666664,0.16666666666666666,False
2026-08-18 15:00:00+05:30,SUNPHARMA,sell,16666.666666666664,0.16666666666666666,False
2026-08-18 15:00:00+05:30,TATASTEEL,buy,33333.33333333333,0.3333333333333333,False
2026-08-18 15:05:00+05:30,BHARTIARTL,sell,16666.666666666664,0.16666666666666666,False
2026-08-18 15:05:00+05:30,HCLTECH,sell,16666.666666666664,0.16666666666666666,False
2026-08-18 15:05:00+05:30,HDFCBANK,buy,16666.666666666664,0.16666666666666666,False
2026-08-18 15:05:00+05:30,ICICIBANK,buy,16666.666666666664,0.16666666666666666,False
2026-08-18 15:05:00+05:30,ITC,sell,16666.666666666664,0.16666666666666666,False
2026-08-18 15:05:00+05:30,KOTAKBANK,buy,16666.666666666664,0.16666666666666666,False
2026-08-18 15:05:00+05:30,SBIN,buy,33333.33333333333,0.3333333333333333,False
2026-08-18 15:05:00+05:30,TATASTEEL,sell,33333.33333333333,0.3333333333333333,False
2026-08-19 14:10:00+05:30,HCLTECH,buy,16666.666666666664,0.16666666666666666,False
2026-08-19 14:10:00+05:30,HDFCBANK,sell,16666.666666666664,0.16666666666666666,False
2026-08-19 14:10:00+05:30,ITC,sell,16666.666666666664,0.16666666666666666,False
2026-08-19 14:10:00+05:30,LT,sell,16666.666666666664,0.16666666666666666,False
2026-08-19 14:10:00+05:30,RELIANCE,buy,16666.666666666664,0.16666666666666666,False
2026-08-19 14:10:00+05:30,TATASTEEL,buy,16666.666666666664,0.16666666666666666,False
2026-08-19 14:15:00+05:30,HCLTECH,sell,16666.666666666664,0.16666666666666666,False
2026-08-19 14:15:00+05:30,HDFCBANK,sell,16666.666666666664,0.16666666666666666,False
2026-08-19 14:15:00+05:30,ICICIBANK,sell,16666.666666666664,0.16666666666666666,False
2026-08-19 14:15:00+05:30,INFY,buy,16666.666666666664,0.16666666666666666,False
2026-08-19 14:15:00+05:30,ITC,buy,33333.33333333333,0.3333333333333333,False
2026-08-19 14:15:00+05:30,LT,buy,16666.666666666664,0.16666666666666666,False
2026-08-19 14:15:00+05:30,RELIANCE,sell,16666.666666666664,0.16666666666666666,False
2026-08-19 14:15:00+05:30,SBIN,sell,33333.33333333333,0.3333333333333333,False
2026-08-19 14:15:00+05:30,SUNPHARMA,buy,16666.666666666664,0.16666666666666666,False
2026-08-19 14:15:00+05:30,TATASTEEL,buy,16666.666666666664,0.16666666666666666,False
2026-08-19 14:20:00+05:30,BHARTIARTL,sell,16666.666666666664,0.16666666666666666,False
2026-08-19 14:20:00+05:30,HCLTECH,buy,16666.666666666664,0.16666666666666666,False
2026-08-19 14:20:00+05:30,HDFCBANK,buy,16666.666666666664,0.16666666666666666,False
2026-08-19 14:20:00+05:30,INFY,sell,16666.666666666664,0.16666666666666666,False
2026-08-19 14:20:00+05:30,KOTAKBANK,sell,16666.666666666664,0.16666666666666666,False
2026-08-19 14:20:00+05:30,M&M,sell,16666.666666666664,0.16666666666666666,False
2026-08-19 14:20:00+05:30,MARUTI,buy,16666.666666666664,0.16666666666666666,False
2026-08-19 14:20:00+05:30,SBIN,buy,33333.33333333333,0.3333333333333333,False
2026-08-19 14:20:00+05:30,TATASTEEL,sell,16666.666666666664,0.16666666666666666,False
2026-08-19 14:25:00+05:30,BHARTIARTL,buy,33333.33333333333,0.3333333333333333,False
2026-08-19 14:25:00+05:30,HDFCBANK,sell,16666.666666666664,0.16666666666666666,False
2026-08-19 14:25:00+05:30,M&M,buy,16666.666666666664,0.16666666666666666,False
2026-08-19 14:25:00+05:30,MARUTI,sell,16666.666666666664,0.16666666666666666,False
2026-08-19 14:25:00+05:30,SUNPHARMA,sell,16666.666666666664,0.16666666666666666,False
2026-08-19 14:30:00+05:30,AXISBANK,buy,16666.666666666664,0.16666666666666666,False
2026-08-19 14:30:00+05:30,BHARTIARTL,sell,16666.666666666664,0.16666666666666666,False
2026-08-19 14:30:00+05:30,HCLTECH,sell,16666.666666666664,0.16666666666666666,False
2026-08-19 14:30:00+05:30,HDFCBANK,buy,16666.666666666664,0.16666666666666666,False
2026-08-19 14:30:00+05:30,KOTAKBANK,buy,16666.666666666664,0.16666666666666666,False
2026-08-19 14:30:00+05:30,MARUTI,sell,16666.666666666664,0.16666666666666666,False
2026-08-19 14:30:00+05:30,SBIN,sell,16666.666666666664,0.16666666666666666,False
2026-08-19 14:30:00+05:30,SUNPHARMA,buy,33333.33333333333,0.3333333333333333,False
2026-08-19 14:30:00+05:30,TATASTEEL,sell,16666.666666666664,0.16666666666666666,False
2026-08-19 14:35:00+05:30,AXISBANK,sell,16666.666666666664,0.16666666666666666,False
2026-08-19 14:35:00+05:30,HCLTECH,buy,16666.666666666664,0.16666666666666666,False
2026-08-19 14:35:00+05:30,ICICIBANK,sell,16666.666666666664,0.16666666666666666,False
2026-08-19 14:35:00+05:30,ITC,sell,16666.666666666664,0.16666666666666666,False
2026-08-19 14:35:00+05:30,KOTAKBANK,sell,16666.666666666664,0.16666666666666666,False
2026-08-19 14:35:00+05:30,LT,buy,16666.666666666664,0.16666666666666666,False
2026-08-19 14:35:00+05:30,MARUTI,buy,16666.666666666664,0.16666666666666666,False
2026-08-19 14:35:00+05:30,RELIANCE,buy,16666.666666666664,0.16666666666666666,False
2026-08-19 14:35:00+05:30,SBIN,buy,16666.666666666664,0.16666666666666666,False
2026-08-19 14:35:00+05:30,SUNPHARMA,sell,33333.33333333333,0.3333333333333333,False
2026-08-19 14:35:00+05:30,TATASTEEL,buy,16666.666666666664,0.16666666666666666,False
2026-08-19 14:40:00+05:30,HDFCBANK,sell,16666.666666666664,0.16666666666666666,False
2026-08-19 14:40:00+05:30,ICICIBANK,buy,16666.666666666664,0.16666666666666666,False
2026-08-19 14:40:00+05:30,INFY,buy,16666.666666666664,0.16666666666666666,False
2026-08-19 14:40:00+05:30,ITC,buy,16666.666666666664,0.16666666666666666,False
2026-08-19 14:40:00+05:30,LT,sell,16666.666666666664,0.16666666666666666,False
2026-08-19 14:40:00+05:30,M&M,buy,16666.666666666664,0.16666666666666666,False
2026-08-19 14:40:00+05:30,RELIANCE,sell,16666.666666666664,0.16666666666666666,False
2026-08-19 14:40:00+05:30,SBIN,sell,16666.666666666664,0.16666666666666666,False
2026-08-19 14:40:00+05:30,SUNPHARMA,buy,16666.666666666664,0.16666666666666666,False
2026-08-19 14:40:00+05:30,TATASTEEL,sell,16666.666666666664,0.16666666666666666,False
2026-08-19 14:45:00+05:30,AXISBANK,sell,16666.666666666664,0.16666666666666666,False
2026-08-19 14:45:00+05:30,BHARTIARTL,sell,16666.666666666664,0.16666666666666666,False
2026-08-19 14:45:00+05:30,HDFCBANK,buy,16666.666666666664,0.16666666666666666,False
2026-08-19 14:45:00+05:30,INFY,sell,16666.666666666664,0.16666666666666666,False
2026-08-19 14:45:00+05:30,ITC,sell,16666.666666666664,0.16666666666666666,False
2026-08-19 14:45:00+05:30,KOTAKBANK,buy,33333.33333333333,0.3333333333333333,False
2026-08-19 14:45:00+05:30,M&M,sell,33333.33333333333,0.3333333333333333,False
2026-08-19 14:45:00+05:30,RELIANCE,buy,16666.666666666664,0.16666666666666666,False
2026-08-19 14:45:00+05:30,SBIN,buy,16666.666666666664,0.16666666666666666,False
2026-08-19 14:45:00+05:30,TATASTEEL,buy,16666.666666666664,0.16666666666666666,False
2026-08-19 14:50:00+05:30,BHARTIARTL,buy,16666.666666666664,0.16666666666666666,False
2026-08-19 14:50:00+05:30,HCLTECH,sell,16666.666666666664,0.16666666666666666,False
2026-08-19 14:50:00+05:30,INFY,buy,16666.666666666664,0.16666666666666666,False
2026-08-19 14:50:00+05:30,ITC,buy,16666.666666666664,0.16666666666666666,False
2026-08-19 14:50:00+05:30,M&M,buy,16666.666666666664,0.16666666666666666,False
2026-08-19 14:50:00+05:30,RELIANCE,sell,16666.666666666664,0.16666666666666666,False
2026-08-19 14:50:00+05:30,SBIN,sell,16666.666666666664,0.16666666666666666,False
2026-08-19 14:50:00+05:30,SUNPHARMA,sell,16666.666666666664,0.16666666666666666,False
2026-08-19 14:55:00+05:30,AXISBANK,buy,16666.666666666664,0.16666666666666666,False
2026-08-19 14:55:00+05:30,BHARTIARTL,buy,16666.666666666664,0.16666666666666666,False
2026-08-19 14:55:00+05:30,ICICIBANK,sell,16666.666666666664,0.16666666666666666,False
2026-08-19 14:55:00+05:30,INFY,sell,16666.666666666664,0.16666666666666666,False
2026-08-19 14:55:00+05:30,ITC,sell,16666.666666666664,0.16666666666666666,False
2026-08-19 14:55:00+05:30,KOTAKBANK,sell,16666.666666666664,0.16666666666666666,False
2026-08-19 14:55:00+05:30,M&M,sell,16666.666666666664,0.16666666666666666,False
2026-08-19 14:55:00+05:30,RELIANCE,buy,16666.666666666664,0.16666666666666666,False
2026-08-19 14:55:00+05:30,SUNPHARMA,buy,16666.666666666664,0.16666666666666666,False
2026-08-19 14:55:00+05:30,TATASTEEL,buy,16666.666666666664,0.16666666666666666,False
2026-08-19 15:00:00+05:30,BHARTIARTL,sell,16666.666666666664,0.16666666666666666,False
2026-08-19 15:00:00+05:30,HDFCBANK,sell,16666.666666666664,0.16666666666666666,False
2026-08-19 15:00:00+05:30,ICICIBANK,buy,16666.666666666664,0.16666666666666666,False
2026-08-19 15:00:00+05:30,LT,buy,16666.666666666664,0.16666666666666666,False
2026-08-19 15:00:00+05:30,M&M,buy,33333.33333333333,0.3333333333333333,False
2026-08-19 15:00:00+05:30,RELIANCE,sell,16666.666666666664,0.16666666666666666,False
2026-08-19 15:00:00+05:30,SUNPHARMA,sell,16666.666666666664,0.16666666666666666,False
2026-08-19 15:05:00+05:30,AXISBANK,sell,16666.666666666664,0.16666666666666666,False
2026-08-19 15:05:00+05:30,HCLTECH,buy,16666.666666666664,0.16666666666666666,False
2026-08-19 15:05:00+05:30,HDFCBANK,buy,16666.666666666664,0.16666666666666666,False
2026-08-19 15:05:00+05:30,KOTAKBANK,sell,16666.666666666664,0.16666666666666666,False
2026-08-19 15:05:00+05:30,M&M,sell,16666.666666666664,0.16666666666666666,False
2026-08-19 15:05:00+05:30,MARUTI,buy,16666.666666666664,0.16666666666666666,False
2026-08-19 15:05:00+05:30,RELIANCE,buy,16666.666666666664,0.16666666666666666,False
2026-08-19 15:05:00+05:30,TATASTEEL,sell,16666.666666666664,0.16666666666666666,False
2026-08-19 15:05:00+05:30,AXISBANK,buy,16666.666666666664,0.16666666666666666,False
2026-08-19 15:05:00+05:30,KOTAKBANK,buy,16666.666666666664,0.16666666666666666,False
2026-08-19 15:05:00+05:30,LT,sell,16666.666666666664,0.16666666666666666,False
2026-08-19 15:05:00+05:30,MARUTI,sell,16666.666666666664,0.16666666666666666,False
2026-08-19 15:05:00+05:30,RELIANCE,sell,16666.666666666664,0.16666666666666666,False
2026-08-19 15:05:00+05:30,SUNPHARMA,buy,16666.666666666664,0.16666666666666666,False
