trade_id,signal_timestamp,entry_timestamp,horizon_minutes,target_timestamp,forward_return,available
2025-01-02 14:30:00+05:30,2025-01-02 14:30:00+05:30,2025-01-02 14:35:00+05:30,5,2025-01-02 14:35:00+05:30,0.0003095017022594071,True
2025-01-02 14:30:00+05:30,2025-01-02 14:30:00+05:30,2025-01-02 14:35:00+05:30,10,2025-01-02 14:40:00+05:30,0.00046425255338911064,True
2025-01-02 14:30:00+05:30,2025-01-02 14:30:00+05:30,2025-01-02 14:35:00+05:30,15,2025-01-02 14:45:00+05:30,0.00046425255338911064,True
2025-01-02 14:30:00+05:30,2025-01-02 14:30:00+05:30,2025-01-02 14:35:00+05:30,20,2025-01-02 14:50:00+05:30,0.0003095017022594071,True
2025-01-02 14:30:00+05:30,2025-01-02 14:30:00+05:30,2025-01-02 14:35:00+05:30,25,2025-01-02 14:55:00+05:30,0.0007737542556482957,True
2025-01-02 14:30:00+05:30,2025-01-02 14:30:00+05:30,2025-01-02 14:35:00+05:30,30,2025-01-02 15:00:00+05:30,0.00046425255338911064,True
2025-01-02 14:30:00+05:30,2025-01-02 14:30:00+05:30,2025-01-02 14:35:00+05:30,45,2025-01-02 15:15:00+05:30,0.00046425255338911064,True
2025-01-02 14:30:00+05:30,2025-01-02 14:30:00+05:30,2025-01-02 14:35:00+05:30,60,,,False
2025-01-06 14:30:00+05:30,2025-01-06 14:30:00+05:30,2025-01-06 14:35:00+05:30,5,2025-01-06 14:35:00+05:30,0.0,True
2025-01-06 14:30:00+05:30,2025-01-06 14:30:00+05:30,2025-01-06 14:35:00+05:30,10,2025-01-06 14:40:00+05:30,0.00015477480266223864,True
2025-01-06 14:30:00+05:30,2025-01-06 14:30:00+05:30,2025-01-06 14:35:00+05:30,15,2025-01-06 14:45:00+05:30,-0.00015477480266223864,True
2025-01-06 14:30:00+05:30,2025-01-06 14:30:00+05:30,2025-01-06 14:35:00+05:30,20,2025-01-06 14:50:00+05:30,0.0,True
2025-01-06 14:30:00+05:30,2025-01-06 14:30:00+05:30,2025-01-06 14:35:00+05:30,25,2025-01-06 14:55:00+05:30,0.0,True
2025-01-06 14:30:00+05:30,2025-01-06 14:30:00+05:30,2025-01-06 14:35:00+05:30,30,2025-01-06 15:00:00+05:30,0.0,True
2025-01-06 14:30:00+05:30,2025-01-06 14:30:00+05:30,2025-01-06 14:35:00+05:30,45,2025-01-06 15:15:00+05:30,-0.0003095496053241442,True
2025-01-06 14:30:00+05:30,2025-01-06 14:30:00+05:30,2025-01-06 14:35:00+05:30,60,,,False
2025-01-08 11:45:00+05:30,2025-01-08 11:45:00+05:30,2025-01-08 11:50:00+05:30,5,2025-01-08 11:50:00+05:30,0.0,True
2025-01-08 11:45:00+05:30,2025-01-08 11:45:00+05:30,2025-01-08 11:50:00+05:30,10,2025-01-08 11:55:00+05:30,0.0,True
2025-01-08 11:45:00+05:30,2025-01-08 11:45:00+05:30,2025-01-08 11:50:00+05:30,15,2025-01-08 12:00:00+05:30,-0.0001536334306345699,True
2025-01-08 11:45:00+05:30,2025-01-08 11:45:00+05:30,2025-01-08 11:50:00+05:30,20,2025-01-08 12:05:00+05:30,-0.0003072668612691398,True
2025-01-08 11:45:00+05:30,2025-01-08 11:45:00+05:30,2025-01-08 11:50:00+05:30,25,2025-01-08 12:10:00+05:30,0.0003072668612689178,True
2025-01-08 11:45:00+05:30,2025-01-08 11:45:00+05:30,2025-01-08 11:50:00+05:30,30,2025-01-08 12:15:00+05:30,0.0,True
2025-01-08 11:45:00+05:30,2025-01-08 11:45:00+05:30,2025-01-08 11:50:00+05:30,45,2025-01-08 12:30:00+05:30,0.0004609002919035987,True
2025-01-08 11:45:00+05:30,2025-01-08 11:45:00+05:30,2025-01-08 11:50:00+05:30,60,2025-01-08 12:45:00+05:30,0.0006145337225378356,True
2025-01-09 12:25:00+05:30,2025-01-09 12:25:00+05:30,2025-01-09 12:30:00+05:30,5,2025-01-09 12:30:00+05:30,-0.0001530690341344787,True
2025-01-09 12:25:00+05:30,2025-01-09 12:25:00+05:30,2025-01-09 12:30:00+05:30,10,2025-01-09 12:35:00+05:30,-0.0001530690341344787,True
2025-01-09 12:25:00+05:30,2025-01-09 12:25:00+05:30,2025-01-09 12:30:00+05:30,15,2025-01-09 12:40:00+05:30,-0.0001530690341344787,True
2025-01-09 12:25:00+05:30,2025-01-09 12:25:00+05:30,2025-01-09 12:30:00+05:30,20,2025-01-09 12:45:00+05:30,-0.0001530690341344787,True
2025-01-09 12:25:00+05:30,2025-01-09 12:25:00+05:30,2025-01-09 12:30:00+05:30,25,2025-01-09 12:50:00+05:30,-0.00030613806826873535,True
2025-01-09 12:25:00+05:30,2025-01-09 12:25:00+05:30,2025-01-09 12:30:00+05:30,30,2025-01-09 12:55:00+05:30,-0.0001530690341344787,True
2025-01-09 12:25:00+05:30,2025-01-09 12:25:00+05:30,2025-01-09 12:30:00+05:30,45,2025-01-09 13:10:00+05:30,0.0,True
2025-01-09 12:25:00+05:30,2025-01-09 12:25:00+05:30,2025-01-09 12:30:00+05:30,60,2025-01-09 13:25:00+05:30,-0.0001530690341344787,True
2025-01-09 14:05:00+05:30,2025-01-09 14:05:00+05:30,2025-01-09 14:10:00+05:30,5,2025-01-09 14:10:00+05:30,0.0,True
2025-01-09 14:05:00+05:30,2025-01-09 14:05:00+05:30,2025-01-09 14:10:00+05:30,10,2025-01-09 14:15:00+05:30,0.0,True
2025-01-09 14:05:00+05:30,2025-01-09 14:05:00+05:30,2025-01-09 14:10:00+05:30,15,2025-01-09 14:20:00+05:30,0.0001530456075908848,True
2025-01-09 14:05:00+05:30,2025-01-09 14:05:00+05:30,2025-01-09 14:10:00+05:30,20,2025-01-09 14:25:00+05:30,0.0001530456075908848,True
2025-01-09 14:05:00+05:30,2025-01-09 14:05:00+05:30,2025-01-09 14:10:00+05:30,25,2025-01-09 14:30:00+05:30,0.0006121824303642054,True
2025-01-09 14:05:00+05:30,2025-01-09 14:05:00+05:30,2025-01-09 14:10:00+05:30,30,2025-01-09 14:35:00+05:30,0.0006121824303642054,True
2025-01-09 14:05:00+05:30,2025-01-09 14:05:00+05:30,2025-01-09 14:10:00+05:30,45,2025-01-09 14:50:00+05:30,0.0006121824303642054,True
2025-01-09 14:05:00+05:30,2025-01-09 14:05:00+05:30,2025-01-09 14:10:00+05:30,60,2025-01-09 15:05:00+05:30,0.0007652280379553122,True
2025-01-10 12:25:00+05:30,2025-01-10 12:25:00+05:30,2025-01-10 12:30:00+05:30,5,2025-01-10 12:30:00+05:30,-0.00030469226081653034,True
2025-01-10 12:25:00+05:30,2025-01-10 12:25:00+05:30,2025-01-10 12:30:00+05:30,10,2025-01-10 12:35:00+05:30,-0.00030469226081653034,True
2025-01-10 12:25:00+05:30,2025-01-10 12:25:00+05:30,2025-01-10 12:30:00+05:30,15,2025-01-10 12:40:00+05:30,-0.0007617306520414369,True
2025-01-10 12:25:00+05:30,2025-01-10 12:25:00+05:30,2025-01-10 12:30:00+05:30,20,2025-01-10 12:45:00+05:30,-0.000914076782449813,True
2025-01-10 12:25:00+05:30,2025-01-10 12:25:00+05:30,2025-01-10 12:30:00+05:30,25,2025-01-10 12:50:00+05:30,-0.0007617306520414369,True
2025-01-10 12:25:00+05:30,2025-01-10 12:25:00+05:30,2025-01-10 12:30:00+05:30,30,2025-01-10 12:55:00+05:30,-0.000914076782449813,True
2025-01-10 12:25:00+05:30,2025-01-10 12:25:00+05:30,2025-01-10 12:30:00+05:30,45,2025-01-10 13:10:00+05:30,-0.0013711151736746086,True
2025-01-10 12:25:00+05:30,2025-01-10 12:25:00+05:30,2025-01-10 12:30:00+05:30,60,2025-01-10 13:25:00+05:30,-0.0013711151736746086,True
2025-01-10 13:50:00+05:30,2025-01-10 13:50:00+05:30,2025-01-10 13:55:00+05:30,5,2025-01-10 13:55:00+05:30,-0.00030455306837207097,True
2025-01-10 13:50:00+05:30,2025-01-10 13:50:00+05:30,2025-01-10 13:55:00+05:30,10,2025-01-10 14:00:00+05:30,0.0,True
2025-01-10 13:50:00+05:30,2025-01-10 13:50:00+05:30,2025-01-10 13:55:00+05:30,15,2025-01-10 14:05:00+05:30,0.0,True
2025-01-10 13:50:00+05:30,2025-01-10 13:50:00+05:30,2025-01-10 13:55:00+05:30,20,2025-01-10 14:10:00+05:30,0.0,True
2025-01-10 13:50:00+05:30,2025-01-10 13:50:00+05:30,2025-01-10 13:55:00+05:30,25,2025-01-10 14:15:00+05:30,0.0004568296025582175,True
2025-01-10 13:50:00+05:30,2025-01-10 13:50:00+05:30,2025-01-10 13:55:00+05:30,30,2025-01-10 14:20:00+05:30,-0.0001522765341861465,True
2025-01-10 13:50:00+05:30,2025-01-10 13:50:00+05:30,2025-01-10 13:55:00+05:30,45,2025-01-10 14:35:00+05:30,0.00030455306837207097,True
2025-01-10 13:50:00+05:30,2025-01-10 13:50:00+05:30,2025-01-10 13:55:00+05:30,60,2025-01-10 14:50:00+05:30,0.0022841480127910874,True
2025-01-10 14:55:00+05:30,2025-01-10 14:55:00+05:30,2025-01-10 15:00:00+05:30,5,2025-01-10 15:00:00+05:30,0.0,True
2025-01-10 14:55:00+05:30,2025-01-10 14:55:00+05:30,2025-01-10 15:00:00+05:30,10,2025-01-10 15:05:00+05:30,0.0007593014426729994,True
2025-01-10 14:55:00+05:30,2025-01-10 14:55:00+05:30,2025-01-10 15:00:00+05:30,15,2025-01-10 15:10:00+05:30,0.0010630220197418438,True
2025-01-10 14:55:00+05:30,2025-01-10 14:55:00+05:30,2025-01-10 15:00:00+05:30,20,2025-01-10 15:15:00+05:30,0.0006074411541383551,True
2025-01-10 14:55:00+05:30,2025-01-10 14:55:00+05:30,2025-01-10 15:00:00+05:30,25,2025-01-10 15:20:00+05:30,0.0015186028853455547,True
2025-01-10 14:55:00+05:30,2025-01-10 14:55:00+05:30,2025-01-10 15:00:00+05:30,30,2025-01-10 15:25:00+05:30,0.00030372057706928857,True
2025-01-10 14:55:00+05:30,2025-01-10 14:55:00+05:30,2025-01-10 15:00:00+05:30,45,,,False
2025-01-10 14:55:00+05:30,2025-01-10 14:55:00+05:30,2025-01-10 15:00:00+05:30,60,,,False
2025-01-13 12:25:00+05:30,2025-01-13 12:25:00+05:30,2025-01-13 12:30:00+05:30,5,2025-01-13 12:30:00+05:30,0.0003015226895823897,True
2025-01-13 12:25:00+05:30,2025-01-13 12:25:00+05:30,2025-01-13 12:30:00+05:30,10,2025-01-13 12:35:00+05:30,0.0003015226895823897,True
2025-01-13 12:25:00+05:30,2025-01-13 12:25:00+05:30,2025-01-13 12:30:00+05:30,15,2025-01-13 12:40:00+05:30,0.0006030453791647794,True
2025-01-13 12:25:00+05:30,2025-01-13 12:25:00+05:30,2025-01-13 12:30:00+05:30,20,2025-01-13 12:45:00+05:30,0.00015076134479130587,True
2025-01-13 12:25:00+05:30,2025-01-13 12:25:00+05:30,2025-01-13 12:30:00+05:30,25,2025-01-13 12:50:00+05:30,-0.00015076134479130587,True
2025-01-13 12:25:00+05:30,2025-01-13 12:25:00+05:30,2025-01-13 12:30:00+05:30,30,2025-01-13 12:55:00+05:30,-0.0003015226895822787,True
2025-01-13 12:25:00+05:30,2025-01-13 12:25:00+05:30,2025-01-13 12:30:00+05:30,45,2025-01-13 13:10:00+05:30,-0.001055329413538253,True
2025-01-13 12:25:00+05:30,2025-01-13 12:25:00+05:30,2025-01-13 12:30:00+05:30,60,2025-01-13 13:25:00+05:30,-0.0015076134479118375,True
2025-01-14 12:55:00+05:30,2025-01-14 12:55:00+05:30,2025-01-14 13:00:00+05:30,5,2025-01-14 13:00:00+05:30,-0.00030339805825241317,True
2025-01-14 12:55:00+05:30,2025-01-14 12:55:00+05:30,2025-01-14 13:00:00+05:30,10,2025-01-14 13:05:00+05:30,0.0,True
2025-01-14 12:55:00+05:30,2025-01-14 12:55:00+05:30,2025-01-14 13:00:00+05:30,15,2025-01-14 13:10:00+05:30,0.00015169902912637312,True
2025-01-14 12:55:00+05:30,2025-01-14 12:55:00+05:30,2025-01-14 13:00:00+05:30,20,2025-01-14 13:15:00+05:30,0.00030339805825230215,True
2025-01-14 12:55:00+05:30,2025-01-14 12:55:00+05:30,2025-01-14 13:00:00+05:30,25,2025-01-14 13:20:00+05:30,0.0,True
2025-01-14 12:55:00+05:30,2025-01-14 12:55:00+05:30,2025-01-14 13:00:00+05:30,30,2025-01-14 13:25:00+05:30,0.00045509708737867527,True
2025-01-14 12:55:00+05:30,2025-01-14 12:55:00+05:30,2025-01-14 13:00:00+05:30,45,2025-01-14 13:40:00+05:30,0.00030339805825230215,True
2025-01-14 12:55:00+05:30,2025-01-14 12:55:00+05:30,2025-01-14 13:00:00+05:30,60,2025-01-14 13:55:00+05:30,0.0006067961165048263,True
2025-01-14 14:00:00+05:30,2025-01-14 14:00:00+05:30,2025-01-14 14:05:00+05:30,5,2025-01-14 14:05:00+05:30,0.00015146925174192027,True
2025-01-14 14:00:00+05:30,2025-01-14 14:00:00+05:30,2025-01-14 14:05:00+05:30,10,2025-01-14 14:10:00+05:30,0.0007573462587093793,True
2025-01-14 14:00:00+05:30,2025-01-14 14:00:00+05:30,2025-01-14 14:05:00+05:30,15,2025-01-14 14:15:00+05:30,0.0009088155104515216,True
2025-01-14 14:00:00+05:30,2025-01-14 14:00:00+05:30,2025-01-14 14:05:00+05:30,20,2025-01-14 14:20:00+05:30,0.0004544077552257608,True
2025-01-14 14:00:00+05:30,2025-01-14 14:00:00+05:30,2025-01-14 14:05:00+05:30,25,2025-01-14 14:25:00+05:30,0.0004544077552257608,True
2025-01-14 14:00:00+05:30,2025-01-14 14:00:00+05:30,2025-01-14 14:05:00+05:30,30,2025-01-14 14:30:00+05:30,0.0,True
2025-01-14 14:00:00+05:30,2025-01-14 14:00:00+05:30,2025-01-14 14:05:00+05:30,45,2025-01-14 14:45:00+05:30,0.0006058770069676811,True
2025-01-14 14:00:00+05:30,2025-01-14 14:00:00+05:30,2025-01-14 14:05:00+05:30,60,2025-01-14 15:00:00+05:30,0.0006058770069676811,True
2025-01-15 13:30:00+05:30,2025-01-15 13:30:00+05:30,2025-01-15 13:35:00+05:30,5,2025-01-15 13:35:00+05:30,0.00015119443604483251,True
2025-01-15 13:30:00+05:30,2025-01-15 13:30:00+05:30,2025-01-15 13:35:00+05:30,10,2025-01-15 13:40:00+05:30,-0.00015119443604483251,True
2025-01-15 13:30:00+05:30,2025-01-15 13:30:00+05:30,2025-01-15 13:35:00+05:30,15,2025-01-15 13:45:00+05:30,-0.000302388872089443,True
2025-01-15 13:30:00+05:30,2025-01-15 13:30:00+05:30,2025-01-15 13:35:00+05:30,20,2025-01-15 13:50:00+05:30,-0.000302388872089443,True
2025-01-15 13:30:00+05:30,2025-01-15 13:30:00+05:30,2025-01-15 13:35:00+05:30,25,2025-01-15 13:55:00+05:30,-0.0004535833081342755,True
2025-01-15 13:30:00+05:30,2025-01-15 13:30:00+05:30,2025-01-15 13:35:00+05:30,30,2025-01-15 14:00:00+05:30,-0.000302388872089443,True
2025-01-15 13:30:00+05:30,2025-01-15 13:30:00+05:30,2025-01-15 13:35:00+05:30,45,2025-01-15 14:15:00+05:30,-0.00015119443604483251,True
2025-01-15 13:30:00+05:30,2025-01-15 13:30:00+05:30,2025-01-15 13:35:00+05:30,60,2025-01-15 14:30:00+05:30,0.00015119443604483251,True
2025-01-15 14:35:00+05:30,2025-01-15 14:35:00+05:30,2025-01-15 14:40:00+05:30,5,2025-01-15 14:40:00+05:30,-0.00045283018867925406,True
2025-01-15 14:35:00+05:30,2025-01-15 14:35:00+05:30,2025-01-15 14:40:00+05:30,10,2025-01-15 14:45:00+05:30,-0.00030188679245279904,True
2025-01-15 14:35:00+05:30,2025-01-15 14:35:00+05:30,2025-01-15 14:40:00+05:30,15,2025-01-15 14:50:00+05:30,-0.0007547169811320531,True
2025-01-15 14:35:00+05:30,2025-01-15 14:35:00+05:30,2025-01-15 14:40:00+05:30,20,2025-01-15 14:55:00+05:30,-0.0007547169811320531,True
2025-01-15 14:35:00+05:30,2025-01-15 14:35:00+05:30,2025-01-15 14:40:00+05:30,25,2025-01-15 15:00:00+05:30,-0.0006037735849057091,True
2025-01-15 14:35:00+05:30,2025-01-15 14:35:00+05:30,2025-01-15 14:40:00+05:30,30,2025-01-15 15:05:00+05:30,0.000301886792452688,True
2025-01-15 14:35:00+05:30,2025-01-15 14:35:00+05:30,2025-01-15 14:40:00+05:30,45,2025-01-15 15:20:00+05:30,0.00045283018867925406,True
2025-01-15 14:35:00+05:30,2025-01-15 14:35:00+05:30,2025-01-15 14:40:00+05:30,60,,,False
2025-01-16 14:25:00+05:30,2025-01-16 14:25:00+05:30,2025-01-16 14:30:00+05:30,5,2025-01-16 14:30:00+05:30,0.0001505570611262108,True
2025-01-16 14:25:00+05:30,2025-01-16 14:25:00+05:30,2025-01-16 14:30:00+05:30,10,2025-01-16 14:35:00+05:30,0.000752785305630832,True
2025-01-16 14:25:00+05:30,2025-01-16 14:25:00+05:30,2025-01-16 14:30:00+05:30,15,2025-01-16 14:40:00+05:30,0.0010538994278830316,True
2025-01-16 14:25:00+05:30,2025-01-16 14:25:00+05:30,2025-01-16 14:30:00+05:30,20,2025-01-16 14:45:00+05:30,0.0012044564890092424,True
2025-01-16 14:25:00+05:30,2025-01-16 14:25:00+05:30,2025-01-16 14:30:00+05:30,25,2025-01-16 14:50:00+05:30,0.0009033423667570428,True
2025-01-16 14:25:00+05:30,2025-01-16 14:25:00+05:30,2025-01-16 14:30:00+05:30,30,2025-01-16 14:55:00+05:30,0.0016561276723878748,True
2025-01-16 14:25:00+05:30,2025-01-16 14:25:00+05:30,2025-01-16 14:30:00+05:30,45,2025-01-16 15:10:00+05:30,0.0025594700391449177,True
2025-01-16 14:25:00+05:30,2025-01-16 14:25:00+05:30,2025-01-16 14:30:00+05:30,60,2025-01-16 15:25:00+05:30,0.0025594700391449177,True
2025-01-17 12:45:00+05:30,2025-01-17 12:45:00+05:30,2025-01-17 12:50:00+05:30,5,2025-01-17 12:50:00+05:30,-0.0002994908655284956,True
2025-01-17 12:45:00+05:30,2025-01-17 12:45:00+05:30,2025-01-17 12:50:00+05:30,10,2025-01-17 12:55:00+05:30,0.0005989817310569912,True
2025-01-17 12:45:00+05:30,2025-01-17 12:45:00+05:30,2025-01-17 12:50:00+05:30,15,2025-01-17 13:00:00+05:30,0.0010482180293500676,True
2025-01-17 12:45:00+05:30,2025-01-17 12:45:00+05:30,2025-01-17 12:50:00+05:30,20,2025-01-17 13:05:00+05:30,0.0010482180293500676,True
2025-01-17 12:45:00+05:30,2025-01-17 12:45:00+05:30,2025-01-17 12:50:00+05:30,25,2025-01-17 13:10:00+05:30,0.0008984725965859308,True
2025-01-17 12:45:00+05:30,2025-01-17 12:45:00+05:30,2025-01-17 12:50:00+05:30,30,2025-01-17 13:15:00+05:30,0.0,True
2025-01-17 12:45:00+05:30,2025-01-17 12:45:00+05:30,2025-01-17 12:50:00+05:30,45,2025-01-17 13:30:00+05:30,0.0004492362982928544,True
2025-01-17 12:45:00+05:30,2025-01-17 12:45:00+05:30,2025-01-17 12:50:00+05:30,60,2025-01-17 13:45:00+05:30,0.00074872716382135,True
2025-01-20 12:20:00+05:30,2025-01-20 12:20:00+05:30,2025-01-20 12:25:00+05:30,5,2025-01-20 12:25:00+05:30,-0.0003000300030002734,True
2025-01-20 12:20:00+05:30,2025-01-20 12:20:00+05:30,2025-01-20 12:25:00+05:30,10,2025-01-20 12:30:00+05:30,-0.0003000300030002734,True
2025-01-20 12:20:00+05:30,2025-01-20 12:20:00+05:30,2025-01-20 12:25:00+05:30,15,2025-01-20 12:35:00+05:30,-0.0007500750075006835,True
2025-01-20 12:20:00+05:30,2025-01-20 12:20:00+05:30,2025-01-20 12:25:00+05:30,20,2025-01-20 12:40:00+05:30,-0.0007500750075006835,True
2025-01-20 12:20:00+05:30,2025-01-20 12:20:00+05:30,2025-01-20 12:25:00+05:30,25,2025-01-20 12:45:00+05:30,-0.0007500750075006835,True
2025-01-20 12:20:00+05:30,2025-01-20 12:20:00+05:30,2025-01-20 12:25:00+05:30,30,2025-01-20 12:50:00+05:30,-0.0006000600060004357,True
2025-01-20 12:20:00+05:30,2025-01-20 12:20:00+05:30,2025-01-20 12:25:00+05:30,45,2025-01-20 13:05:00+05:30,-0.0012001200120012046,True
2025-01-20 12:20:00+05:30,2025-01-20 12:20:00+05:30,2025-01-20 12:25:00+05:30,60,2025-01-20 13:20:00+05:30,-0.0012001200120012046,True
2025-01-22 12:35:00+05:30,2025-01-22 12:35:00+05:30,2025-01-22 12:40:00+05:30,5,2025-01-22 12:40:00+05:30,-0.0001480604086467885,True
2025-01-22 12:35:00+05:30,2025-01-22 12:35:00+05:30,2025-01-22 12:40:00+05:30,10,2025-01-22 12:45:00+05:30,0.00029612081729335493,True
2025-01-22 12:35:00+05:30,2025-01-22 12:35:00+05:30,2025-01-22 12:40:00+05:30,15,2025-01-22 12:50:00+05:30,-0.00044418122594025444,True
2025-01-22 12:35:00+05:30,2025-01-22 12:35:00+05:30,2025-01-22 12:40:00+05:30,20,2025-01-22 12:55:00+05:30,0.00014806040864656644,True
2025-01-22 12:35:00+05:30,2025-01-22 12:35:00+05:30,2025-01-22 12:40:00+05:30,25,2025-01-22 13:00:00+05:30,-0.000296120817293577,True
2025-01-22 12:35:00+05:30,2025-01-22 12:35:00+05:30,2025-01-22 12:40:00+05:30,30,2025-01-22 13:05:00+05:30,-0.0001480604086467885,True
2025-01-22 12:35:00+05:30,2025-01-22 12:35:00+05:30,2025-01-22 12:40:00+05:30,45,2025-01-22 13:20:00+05:30,-0.0017767249037607957,True
2025-01-22 12:35:00+05:30,2025-01-22 12:35:00+05:30,2025-01-22 12:40:00+05:30,60,2025-01-22 13:35:00+05:30,-0.0016286644951140072,True
2025-01-22 14:55:00+05:30,2025-01-22 14:55:00+05:30,2025-01-22 15:00:00+05:30,5,2025-01-22 15:00:00+05:30,-0.0001479289940826689,True
2025-01-22 14:55:00+05:30,2025-01-22 14:55:00+05:30,2025-01-22 15:00:00+05:30,10,2025-01-22 15:05:00+05:30,-0.0001479289940826689,True
2025-01-22 14:55:00+05:30,2025-01-22 14:55:00+05:30,2025-01-22 15:00:00+05:30,15,2025-01-22 15:10:00+05:30,-0.0001479289940826689,True
2025-01-22 14:55:00+05:30,2025-01-22 14:55:00+05:30,2025-01-22 15:00:00+05:30,20,2025-01-22 15:15:00+05:30,0.0008875739644971237,True
2025-01-22 14:55:00+05:30,2025-01-22 14:55:00+05:30,2025-01-22 15:00:00+05:30,25,2025-01-22 15:20:00+05:30,0.0008875739644971237,True
2025-01-22 14:55:00+05:30,2025-01-22 14:55:00+05:30,2025-01-22 15:00:00+05:30,30,2025-01-22 15:25:00+05:30,0.0013313609467455745,True
2025-01-22 14:55:00+05:30,2025-01-22 14:55:00+05:30,2025-01-22 15:00:00+05:30,45,,,False
2025-01-22 14:55:00+05:30,2025-01-22 14:55:00+05:30,2025-01-22 15:00:00+05:30,60,,,False
2025-01-24 11:45:00+05:30,2025-01-24 11:45:00+05:30,2025-01-24 11:50:00+05:30,5,2025-01-24 11:50:00+05:30,-0.0004409819197412901,True
2025-01-24 11:45:00+05:30,2025-01-24 11:45:00+05:30,2025-01-24 11:50:00+05:30,10,2025-01-24 11:55:00+05:30,-0.0001469939732471337,True
2025-01-24 11:45:00+05:30,2025-01-24 11:45:00+05:30,2025-01-24 11:50:00+05:30,15,2025-01-24 12:00:00+05:30,-0.0004409819197412901,True
2025-01-24 11:45:00+05:30,2025-01-24 11:45:00+05:30,2025-01-24 11:50:00+05:30,20,2025-01-24 12:05:00+05:30,-0.0004409819197412901,True
2025-01-24 11:45:00+05:30,2025-01-24 11:45:00+05:30,2025-01-24 11:50:00+05:30,25,2025-01-24 12:10:00+05:30,-0.0005879758929885348,True
2025-01-24 11:45:00+05:30,2025-01-24 11:45:00+05:30,2025-01-24 11:50:00+05:30,30,2025-01-24 12:15:00+05:30,-0.0004409819197412901,True
2025-01-24 11:45:00+05:30,2025-01-24 11:45:00+05:30,2025-01-24 11:50:00+05:30,45,2025-01-24 12:30:00+05:30,-0.0005879758929885348,True
2025-01-24 11:45:00+05:30,2025-01-24 11:45:00+05:30,2025-01-24 11:50:00+05:30,60,2025-01-24 12:45:00+05:30,-0.0007349698662354465,True
2025-01-28 12:55:00+05:30,2025-01-28 12:55:00+05:30,2025-01-28 13:00:00+05:30,5,2025-01-28 13:00:00+05:30,0.00014806040864656644,True
2025-01-28 12:55:00+05:30,2025-01-28 12:55:00+05:30,2025-01-28 13:00:00+05:30,10,2025-01-28 13:05:00+05:30,0.00029612081729335493,True
2025-01-28 12:55:00+05:30,2025-01-28 12:55:00+05:30,2025-01-28 13:00:00+05:30,15,2025-01-28 13:10:00+05:30,-0.0001480604086467885,True
2025-01-28 12:55:00+05:30,2025-01-28 12:55:00+05:30,2025-01-28 13:00:00+05:30,20,2025-01-28 13:15:00+05:30,-0.0001480604086467885,True
2025-01-28 12:55:00+05:30,2025-01-28 12:55:00+05:30,2025-01-28 13:00:00+05:30,25,2025-01-28 13:20:00+05:30,-0.000296120817293577,True
2025-01-28 12:55:00+05:30,2025-01-28 12:55:00+05:30,2025-01-28 13:00:00+05:30,30,2025-01-28 13:25:00+05:30,-0.0005922416345870429,True
2025-01-28 12:55:00+05:30,2025-01-28 12:55:00+05:30,2025-01-28 13:00:00+05:30,45,2025-01-28 13:40:00+05:30,-0.0005922416345870429,True
2025-01-28 12:55:00+05:30,2025-01-28 12:55:00+05:30,2025-01-28 13:00:00+05:30,60,2025-01-28 13:55:00+05:30,-0.0013325436778206523,True
2025-01-29 13:40:00+05:30,2025-01-29 13:40:00+05:30,2025-01-29 13:45:00+05:30,5,2025-01-29 13:45:00+05:30,-0.00044195639363586725,True
2025-01-29 13:40:00+05:30,2025-01-29 13:40:00+05:30,2025-01-29 13:45:00+05:30,10,2025-01-29 13:50:00+05:30,0.0,True
2025-01-29 13:40:00+05:30,2025-01-29 13:40:00+05:30,2025-01-29 13:45:00+05:30,15,2025-01-29 13:55:00+05:30,0.0,True
2025-01-29 13:40:00+05:30,2025-01-29 13:40:00+05:30,2025-01-29 13:45:00+05:30,20,2025-01-29 14:00:00+05:30,0.0,True
2025-01-29 13:40:00+05:30,2025-01-29 13:40:00+05:30,2025-01-29 13:45:00+05:30,25,2025-01-29 14:05:00+05:30,-0.00014731879787843738,True
2025-01-29 13:40:00+05:30,2025-01-29 13:40:00+05:30,2025-01-29 13:45:00+05:30,30,2025-01-29 14:10:00+05:30,-0.00014731879787843738,True
2025-01-29 13:40:00+05:30,2025-01-29 13:40:00+05:30,2025-01-29 13:45:00+05:30,45,2025-01-29 14:25:00+05:30,0.0007365939893932971,True
2025-01-29 13:40:00+05:30,2025-01-29 13:40:00+05:30,2025-01-29 13:45:00+05:30,60,2025-01-29 14:40:00+05:30,0.0,True
2025-01-30 12:35:00+05:30,2025-01-30 12:35:00+05:30,2025-01-30 12:40:00+05:30,5,2025-01-30 12:40:00+05:30,-0.00029446407538269437,True
2025-01-30 12:35:00+05:30,2025-01-30 12:35:00+05:30,2025-01-30 12:40:00+05:30,10,2025-01-30 12:45:00+05:30,-0.00029446407538269437,True
2025-01-30 12:35:00+05:30,2025-01-30 12:35:00+05:30,2025-01-30 12:40:00+05:30,15,2025-01-30 12:50:00+05:30,-0.00014723203769151372,True
2025-01-30 12:35:00+05:30,2025-01-30 12:35:00+05:30,2025-01-30 12:40:00+05:30,20,2025-01-30 12:55:00+05:30,-0.00014723203769151372,True
2025-01-30 12:35:00+05:30,2025-01-30 12:35:00+05:30,2025-01-30 12:40:00+05:30,25,2025-01-30 13:00:00+05:30,0.0001472320376914027,True
2025-01-30 12:35:00+05:30,2025-01-30 12:35:00+05:30,2025-01-30 12:40:00+05:30,30,2025-01-30 13:05:00+05:30,-0.00029446407538269437,True
2025-01-30 12:35:00+05:30,2025-01-30 12:35:00+05:30,2025-01-30 12:40:00+05:30,45,2025-01-30 13:20:00+05:30,0.0001472320376914027,True
2025-01-30 12:35:00+05:30,2025-01-30 12:35:00+05:30,2025-01-30 12:40:00+05:30,60,2025-01-30 13:35:00+05:30,0.0017667844522968323,True
2025-01-30 13:40:00+05:30,2025-01-30 13:40:00+05:30,2025-01-30 13:45:00+05:30,5,2025-01-30 13:45:00+05:30,0.0002939015429830327,True
2025-01-30 13:40:00+05:30,2025-01-30 13:40:00+05:30,2025-01-30 13:45:00+05:30,10,2025-01-30 13:50:00+05:30,0.00044085231447477113,True
2025-01-30 13:40:00+05:30,2025-01-30 13:40:00+05:30,2025-01-30 13:45:00+05:30,15,2025-01-30 13:55:00+05:30,0.0013225569434240914,True
2025-01-30 13:40:00+05:30,2025-01-30 13:40:00+05:30,2025-01-30 13:45:00+05:30,20,2025-01-30 14:00:00+05:30,0.0013225569434240914,True
2025-01-30 13:40:00+05:30,2025-01-30 13:40:00+05:30,2025-01-30 13:45:00+05:30,25,2025-01-30 14:05:00+05:30,0.0013225569434240914,True
2025-01-30 13:40:00+05:30,2025-01-30 13:40:00+05:30,2025-01-30 13:45:00+05:30,30,2025-01-30 14:10:00+05:30,0.0007347538574578039,True
2025-01-30 13:40:00+05:30,2025-01-30 13:40:00+05:30,2025-01-30 13:45:00+05:30,45,2025-01-30 14:25:00+05:30,0.0005878030859662875,True
2025-01-30 13:40:00+05:30,2025-01-30 13:40:00+05:30,2025-01-30 13:45:00+05:30,60,2025-01-30 14:40:00+05:30,0.0007347538574578039,True
2025-01-31 14:50:00+05:30,2025-01-31 14:50:00+05:30,2025-01-31 14:55:00+05:30,5,2025-01-31 14:55:00+05:30,0.0010149340292882059,True
2025-01-31 14:50:00+05:30,2025-01-31 14:50:00+05:30,2025-01-31 14:55:00+05:30,10,2025-01-31 15:00:00+05:30,0.001304915180513344,True
2025-01-31 14:50:00+05:30,2025-01-31 14:50:00+05:30,2025-01-31 14:55:00+05:30,15,2025-01-31 15:05:00+05:30,0.0027548209366390353,True
2025-01-31 14:50:00+05:30,2025-01-31 14:50:00+05:30,2025-01-31 14:55:00+05:30,20,2025-01-31 15:10:00+05:30,0.001304915180513344,True
2025-01-31 14:50:00+05:30,2025-01-31 14:50:00+05:30,2025-01-31 14:55:00+05:30,25,2025-01-31 15:15:00+05:30,0.001159924604900553,True
2025-01-31 14:50:00+05:30,2025-01-31 14:50:00+05:30,2025-01-31 14:55:00+05:30,30,2025-01-31 15:20:00+05:30,0.0015948963317384823,True
2025-01-31 14:50:00+05:30,2025-01-31 14:50:00+05:30,2025-01-31 14:55:00+05:30,45,,,False
2025-01-31 14:50:00+05:30,2025-01-31 14:50:00+05:30,2025-01-31 14:55:00+05:30,60,,,False
2025-02-03 12:25:00+05:30,2025-02-03 12:25:00+05:30,2025-02-03 12:30:00+05:30,5,2025-02-03 12:30:00+05:30,0.0002888086642598431,True
2025-02-03 12:25:00+05:30,2025-02-03 12:25:00+05:30,2025-02-03 12:30:00+05:30,10,2025-02-03 12:35:00+05:30,0.00043321299638998667,True
2025-02-03 12:25:00+05:30,2025-02-03 12:25:00+05:30,2025-02-03 12:30:00+05:30,15,2025-02-03 12:40:00+05:30,0.0005776173285199082,True
2025-02-03 12:25:00+05:30,2025-02-03 12:25:00+05:30,2025-02-03 12:30:00+05:30,20,2025-02-03 12:45:00+05:30,0.0002888086642598431,True
2025-02-03 12:25:00+05:30,2025-02-03 12:25:00+05:30,2025-02-03 12:30:00+05:30,25,2025-02-03 12:50:00+05:30,0.00043321299638998667,True
2025-02-03 12:25:00+05:30,2025-02-03 12:25:00+05:30,2025-02-03 12:30:00+05:30,30,2025-02-03 12:55:00+05:30,0.0002888086642598431,True
2025-02-03 12:25:00+05:30,2025-02-03 12:25:00+05:30,2025-02-03 12:30:00+05:30,45,2025-02-03 13:10:00+05:30,0.0014440433212996595,True
2025-02-03 12:25:00+05:30,2025-02-03 12:25:00+05:30,2025-02-03 12:30:00+05:30,60,2025-02-03 13:25:00+05:30,0.0014440433212996595,True
2025-02-03 13:40:00+05:30,2025-02-03 13:40:00+05:30,2025-02-03 13:45:00+05:30,5,2025-02-03 13:45:00+05:30,0.0004321521175454368,True
2025-02-03 13:40:00+05:30,2025-02-03 13:40:00+05:30,2025-02-03 13:45:00+05:30,10,2025-02-03 13:50:00+05:30,0.0008643042350908736,True
2025-02-03 13:40:00+05:30,2025-02-03 13:40:00+05:30,2025-02-03 13:45:00+05:30,15,2025-02-03 13:55:00+05:30,0.0010083549409392045,True
2025-02-03 13:40:00+05:30,2025-02-03 13:40:00+05:30,2025-02-03 13:45:00+05:30,20,2025-02-03 14:00:00+05:30,0.0010083549409392045,True
2025-02-03 13:40:00+05:30,2025-02-03 13:40:00+05:30,2025-02-03 13:45:00+05:30,25,2025-02-03 14:05:00+05:30,0.0011524056467875354,True
2025-02-03 13:40:00+05:30,2025-02-03 13:40:00+05:30,2025-02-03 13:45:00+05:30,30,2025-02-03 14:10:00+05:30,0.0011524056467875354,True
2025-02-03 13:40:00+05:30,2025-02-03 13:40:00+05:30,2025-02-03 13:45:00+05:30,45,2025-02-03 14:25:00+05:30,0.0008643042350908736,True
2025-02-03 13:40:00+05:30,2025-02-03 13:40:00+05:30,2025-02-03 13:45:00+05:30,60,2025-02-03 14:40:00+05:30,0.0010083549409392045,True
2025-02-04 14:45:00+05:30,2025-02-04 14:45:00+05:30,2025-02-04 14:50:00+05:30,5,2025-02-04 14:50:00+05:30,0.00014287755393627144,True
2025-02-04 14:45:00+05:30,2025-02-04 14:45:00+05:30,2025-02-04 14:50:00+05:30,10,2025-02-04 14:55:00+05:30,0.0,True
2025-02-04 14:45:00+05:30,2025-02-04 14:45:00+05:30,2025-02-04 14:50:00+05:30,15,2025-02-04 15:00:00+05:30,0.0002857551078727649,True
2025-02-04 14:45:00+05:30,2025-02-04 14:45:00+05:30,2025-02-04 14:50:00+05:30,20,2025-02-04 15:05:00+05:30,0.00014287755393627144,True
2025-02-04 14:45:00+05:30,2025-02-04 14:45:00+05:30,2025-02-04 14:50:00+05:30,25,2025-02-04 15:10:00+05:30,0.0007143877696815792,True
2025-02-04 14:45:00+05:30,2025-02-04 14:45:00+05:30,2025-02-04 14:50:00+05:30,30,2025-02-04 15:15:00+05:30,0.0005715102157450858,True
2025-02-04 14:45:00+05:30,2025-02-04 14:45:00+05:30,2025-02-04 14:50:00+05:30,45,,,False
2025-02-04 14:45:00+05:30,2025-02-04 14:45:00+05:30,2025-02-04 14:50:00+05:30,60,,,False
2025-02-05 11:45:00+05:30,2025-02-05 11:45:00+05:30,2025-02-05 11:50:00+05:30,5,2025-02-05 11:50:00+05:30,0.0001407855835562355,True
2025-02-05 11:45:00+05:30,2025-02-05 11:45:00+05:30,2025-02-05 11:50:00+05:30,10,2025-02-05 11:55:00+05:30,-0.0004223567506687065,True
2025-02-05 11:45:00+05:30,2025-02-05 11:45:00+05:30,2025-02-05 11:50:00+05:30,15,2025-02-05 12:00:00+05:30,-0.00014078558355634652,True
2025-02-05 11:45:00+05:30,2025-02-05 11:45:00+05:30,2025-02-05 11:50:00+05:30,20,2025-02-05 12:05:00+05:30,-0.0004223567506687065,True
2025-02-05 11:45:00+05:30,2025-02-05 11:45:00+05:30,2025-02-05 11:50:00+05:30,25,2025-02-05 12:10:00+05:30,-0.00014078558355634652,True
2025-02-05 11:45:00+05:30,2025-02-05 11:45:00+05:30,2025-02-05 11:50:00+05:30,30,2025-02-05 12:15:00+05:30,-0.000563142334225053,True
2025-02-05 11:45:00+05:30,2025-02-05 11:45:00+05:30,2025-02-05 11:50:00+05:30,45,2025-02-05 12:30:00+05:30,-0.0015486414191187015,True
2025-02-05 11:45:00+05:30,2025-02-05 11:45:00+05:30,2025-02-05 11:50:00+05:30,60,2025-02-05 12:45:00+05:30,-0.0009854990848937595,True
2025-02-05 13:35:00+05:30,2025-02-05 13:35:00+05:30,2025-02-05 13:40:00+05:30,5,2025-02-05 13:40:00+05:30,0.000281412691712557,True
2025-02-05 13:35:00+05:30,2025-02-05 13:35:00+05:30,2025-02-05 13:40:00+05:30,10,2025-02-05 13:45:00+05:30,0.0009849444209935054,True
2025-02-05 13:35:00+05:30,2025-02-05 13:35:00+05:30,2025-02-05 13:40:00+05:30,15,2025-02-05 13:50:00+05:30,0.0018291824961307324,True
2025-02-05 13:35:00+05:30,2025-02-05 13:35:00+05:30,2025-02-05 13:40:00+05:30,20,2025-02-05 13:55:00+05:30,0.0018291824961307324,True
2025-02-05 13:35:00+05:30,2025-02-05 13:35:00+05:30,2025-02-05 13:40:00+05:30,25,2025-02-05 14:00:00+05:30,0.0016884761502744539,True
2025-02-05 13:35:00+05:30,2025-02-05 13:35:00+05:30,2025-02-05 13:40:00+05:30,30,2025-02-05 14:05:00+05:30,0.001969888841986789,True
2025-02-05 13:35:00+05:30,2025-02-05 13:35:00+05:30,2025-02-05 13:40:00+05:30,45,2025-02-05 14:20:00+05:30,0.0026734205712679593,True
2025-02-05 13:35:00+05:30,2025-02-05 13:35:00+05:30,2025-02-05 13:40:00+05:30,60,2025-02-05 14:35:00+05:30,0.0026734205712679593,True
2025-02-05 14:40:00+05:30,2025-02-05 14:40:00+05:30,2025-02-05 14:45:00+05:30,5,2025-02-05 14:45:00+05:30,0.0011213905242499767,True
2025-02-05 14:40:00+05:30,2025-02-05 14:40:00+05:30,2025-02-05 14:45:00+05:30,10,2025-02-05 14:50:00+05:30,0.002523128679562614,True
2025-02-05 14:40:00+05:30,2025-02-05 14:40:00+05:30,2025-02-05 14:45:00+05:30,15,2025-02-05 14:55:00+05:30,0.0015419119708437456,True
2025-02-05 14:40:00+05:30,2025-02-05 14:40:00+05:30,2025-02-05 14:45:00+05:30,20,2025-02-05 15:00:00+05:30,0.0028034763106252747,True
2025-02-05 14:40:00+05:30,2025-02-05 14:40:00+05:30,2025-02-05 14:45:00+05:30,25,2025-02-05 15:05:00+05:30,0.001682085786375076,True
2025-02-05 14:40:00+05:30,2025-02-05 14:40:00+05:30,2025-02-05 14:45:00+05:30,30,2025-02-05 15:10:00+05:30,0.00434538828146902,True
2025-02-05 14:40:00+05:30,2025-02-05 14:40:00+05:30,2025-02-05 14:45:00+05:30,45,2025-02-05 15:25:00+05:30,0.006027474067844096,True
2025-02-05 14:40:00+05:30,2025-02-05 14:40:00+05:30,2025-02-05 14:45:00+05:30,60,,,False
2025-02-07 13:50:00+05:30,2025-02-07 13:50:00+05:30,2025-02-07 13:55:00+05:30,5,2025-02-07 13:55:00+05:30,-0.00042016806722688926,True
2025-02-07 13:50:00+05:30,2025-02-07 13:50:00+05:30,2025-02-07 13:55:00+05:30,10,2025-02-07 14:00:00+05:30,-0.0002801120448180372,True
2025-02-07 13:50:00+05:30,2025-02-07 13:50:00+05:30,2025-02-07 13:55:00+05:30,15,2025-02-07 14:05:00+05:30,-0.0002801120448180372,True
2025-02-07 13:50:00+05:30,2025-02-07 13:50:00+05:30,2025-02-07 13:55:00+05:30,20,2025-02-07 14:10:00+05:30,-0.0007002801120449265,True
2025-02-07 13:50:00+05:30,2025-02-07 13:50:00+05:30,2025-02-07 13:55:00+05:30,25,2025-02-07 14:15:00+05:30,-0.0008403361344537785,True
2025-02-07 13:50:00+05:30,2025-02-07 13:50:00+05:30,2025-02-07 13:55:00+05:30,30,2025-02-07 14:20:00+05:30,-0.00042016806722688926,True
2025-02-07 13:50:00+05:30,2025-02-07 13:50:00+05:30,2025-02-07 13:55:00+05:30,45,2025-02-07 14:35:00+05:30,0.0012605042016804457,True
2025-02-07 13:50:00+05:30,2025-02-07 13:50:00+05:30,2025-02-07 13:55:00+05:30,60,2025-02-07 14:50:00+05:30,0.0005602240896358524,True
2025-02-07 14:55:00+05:30,2025-02-07 14:55:00+05:30,2025-02-07 15:00:00+05:30,5,2025-02-07 15:00:00+05:30,-0.0002798376941373082,True
2025-02-07 14:55:00+05:30,2025-02-07 14:55:00+05:30,2025-02-07 15:00:00+05:30,10,2025-02-07 15:05:00+05:30,0.0004197565412060733,True
2025-02-07 14:55:00+05:30,2025-02-07 14:55:00+05:30,2025-02-07 15:00:00+05:30,15,2025-02-07 15:10:00+05:30,0.0004197565412060733,True
2025-02-07 14:55:00+05:30,2025-02-07 14:55:00+05:30,2025-02-07 15:00:00+05:30,20,2025-02-07 15:15:00+05:30,0.0006995942353433815,True
2025-02-07 14:55:00+05:30,2025-02-07 14:55:00+05:30,2025-02-07 15:00:00+05:30,25,2025-02-07 15:20:00+05:30,0.0011193507765496769,True
2025-02-07 14:55:00+05:30,2025-02-07 14:55:00+05:30,2025-02-07 15:00:00+05:30,30,2025-02-07 15:25:00+05:30,0.0009794319294809117,True
2025-02-07 14:55:00+05:30,2025-02-07 14:55:00+05:30,2025-02-07 15:00:00+05:30,45,,,False
2025-02-07 14:55:00+05:30,2025-02-07 14:55:00+05:30,2025-02-07 15:00:00+05:30,60,,,False
2025-02-10 12:45:00+05:30,2025-02-10 12:45:00+05:30,2025-02-10 12:50:00+05:30,5,2025-02-10 12:50:00+05:30,0.0002772002772002402,True
2025-02-10 12:45:00+05:30,2025-02-10 12:45:00+05:30,2025-02-10 12:50:00+05:30,10,2025-02-10 12:55:00+05:30,0.0004158004158003603,True
2025-02-10 12:45:00+05:30,2025-02-10 12:45:00+05:30,2025-02-10 12:50:00+05:30,15,2025-02-10 13:00:00+05:30,0.001386001386001201,True
2025-02-10 12:45:00+05:30,2025-02-10 12:45:00+05:30,2025-02-10 12:50:00+05:30,20,2025-02-10 13:05:00+05:30,0.0016632016632014412,True
2025-02-10 12:45:00+05:30,2025-02-10 12:45:00+05:30,2025-02-10 12:50:00+05:30,25,2025-02-10 13:10:00+05:30,0.0009702009702008407,True
2025-02-10 12:45:00+05:30,2025-02-10 12:45:00+05:30,2025-02-10 12:50:00+05:30,30,2025-02-10 13:15:00+05:30,0.0009702009702008407,True
2025-02-10 12:45:00+05:30,2025-02-10 12:45:00+05:30,2025-02-10 12:50:00+05:30,45,2025-02-10 13:30:00+05:30,0.0015246015246015432,True
2025-02-10 12:45:00+05:30,2025-02-10 12:45:00+05:30,2025-02-10 12:50:00+05:30,60,2025-02-10 13:45:00+05:30,0.0009702009702008407,True
2025-02-10 14:10:00+05:30,2025-02-10 14:10:00+05:30,2025-02-10 14:15:00+05:30,5,2025-02-10 14:15:00+05:30,0.0,True
2025-02-10 14:10:00+05:30,2025-02-10 14:10:00+05:30,2025-02-10 14:15:00+05:30,10,2025-02-10 14:20:00+05:30,0.0,True
2025-02-10 14:10:00+05:30,2025-02-10 14:10:00+05:30,2025-02-10 14:15:00+05:30,15,2025-02-10 14:25:00+05:30,-0.0002762430939228233,True
2025-02-10 14:10:00+05:30,2025-02-10 14:10:00+05:30,2025-02-10 14:15:00+05:30,20,2025-02-10 14:30:00+05:30,-0.0002762430939228233,True
2025-02-10 14:10:00+05:30,2025-02-10 14:10:00+05:30,2025-02-10 14:15:00+05:30,25,2025-02-10 14:35:00+05:30,-0.00013812154696135615,True
2025-02-10 14:10:00+05:30,2025-02-10 14:10:00+05:30,2025-02-10 14:15:00+05:30,30,2025-02-10 14:40:00+05:30,0.0,True
2025-02-10 14:10:00+05:30,2025-02-10 14:10:00+05:30,2025-02-10 14:15:00+05:30,45,2025-02-10 14:55:00+05:30,0.0008287292817676928,True
2025-02-10 14:10:00+05:30,2025-02-10 14:10:00+05:30,2025-02-10 14:15:00+05:30,60,2025-02-10 15:10:00+05:30,0.0015193370165744735,True
2025-02-17 14:55:00+05:30,2025-02-17 14:55:00+05:30,2025-02-17 15:00:00+05:30,5,2025-02-17 15:00:00+05:30,0.0001396648044693638,True
2025-02-17 14:55:00+05:30,2025-02-17 14:55:00+05:30,2025-02-17 15:00:00+05:30,10,2025-02-17 15:05:00+05:30,0.000698324022346597,True
2025-02-17 14:55:00+05:30,2025-02-17 14:55:00+05:30,2025-02-17 15:00:00+05:30,15,2025-02-17 15:10:00+05:30,0.0009776536312851025,True
2025-02-17 14:55:00+05:30,2025-02-17 14:55:00+05:30,2025-02-17 15:00:00+05:30,20,2025-02-17 15:15:00+05:30,0.001256983240223608,True
2025-02-17 14:55:00+05:30,2025-02-17 14:55:00+05:30,2025-02-17 15:00:00+05:30,25,2025-02-17 15:20:00+05:30,0.0009776536312851025,True
2025-02-17 14:55:00+05:30,2025-02-17 14:55:00+05:30,2025-02-17 15:00:00+05:30,30,2025-02-17 15:25:00+05:30,0.0005586592178772332,True
2025-02-17 14:55:00+05:30,2025-02-17 14:55:00+05:30,2025-02-17 15:00:00+05:30,45,,,False
2025-02-17 14:55:00+05:30,2025-02-17 14:55:00+05:30,2025-02-17 15:00:00+05:30,60,,,False
2025-02-19 13:55:00+05:30,2025-02-19 13:55:00+05:30,2025-02-19 14:00:00+05:30,5,2025-02-19 14:00:00+05:30,0.0,True
2025-02-19 13:55:00+05:30,2025-02-19 13:55:00+05:30,2025-02-19 14:00:00+05:30,10,2025-02-19 14:05:00+05:30,0.000550964187327807,True
2025-02-19 13:55:00+05:30,2025-02-19 13:55:00+05:30,2025-02-19 14:00:00+05:30,15,2025-02-19 14:10:00+05:30,-0.00013774104683184074,True
2025-02-19 13:55:00+05:30,2025-02-19 13:55:00+05:30,2025-02-19 14:00:00+05:30,20,2025-02-19 14:15:00+05:30,0.0,True
2025-02-19 13:55:00+05:30,2025-02-19 13:55:00+05:30,2025-02-19 14:00:00+05:30,25,2025-02-19 14:20:00+05:30,-0.00013774104683184074,True
2025-02-19 13:55:00+05:30,2025-02-19 13:55:00+05:30,2025-02-19 14:00:00+05:30,30,2025-02-19 14:25:00+05:30,0.0,True
2025-02-19 13:55:00+05:30,2025-02-19 13:55:00+05:30,2025-02-19 14:00:00+05:30,45,2025-02-19 14:40:00+05:30,0.0009641873278238844,True
2025-02-19 13:55:00+05:30,2025-02-19 13:55:00+05:30,2025-02-19 14:00:00+05:30,60,2025-02-19 14:55:00+05:30,0.0013774104683197397,True
2025-02-24 13:00:00+05:30,2025-02-24 13:00:00+05:30,2025-02-24 13:05:00+05:30,5,2025-02-24 13:05:00+05:30,-0.00027609055770283497,True
2025-02-24 13:00:00+05:30,2025-02-24 13:00:00+05:30,2025-02-24 13:05:00+05:30,10,2025-02-24 13:10:00+05:30,0.0,True
2025-02-24 13:00:00+05:30,2025-02-24 13:00:00+05:30,2025-02-24 13:05:00+05:30,15,2025-02-24 13:15:00+05:30,0.0006902263942571985,True
2025-02-24 13:00:00+05:30,2025-02-24 13:00:00+05:30,2025-02-24 13:05:00+05:30,20,2025-02-24 13:20:00+05:30,0.0006902263942571985,True
2025-02-24 13:00:00+05:30,2025-02-24 13:00:00+05:30,2025-02-24 13:05:00+05:30,25,2025-02-24 13:25:00+05:30,0.001104362230811784,True
2025-02-24 13:00:00+05:30,2025-02-24 13:00:00+05:30,2025-02-24 13:05:00+05:30,30,2025-02-24 13:30:00+05:30,0.001104362230811784,True
2025-02-24 13:00:00+05:30,2025-02-24 13:00:00+05:30,2025-02-24 13:05:00+05:30,45,2025-02-24 13:45:00+05:30,0.001656543346217676,True
2025-02-24 13:00:00+05:30,2025-02-24 13:00:00+05:30,2025-02-24 13:05:00+05:30,60,2025-02-24 14:00:00+05:30,0.0015184980673661475,True
2025-02-25 12:35:00+05:30,2025-02-25 12:35:00+05:30,2025-02-25 12:40:00+05:30,5,2025-02-25 12:40:00+05:30,0.00041293874741921144,True
2025-02-25 12:35:00+05:30,2025-02-25 12:35:00+05:30,2025-02-25 12:40:00+05:30,10,2025-02-25 12:45:00+05:30,0.00041293874741921144,True
2025-02-25 12:35:00+05:30,2025-02-25 12:35:00+05:30,2025-02-25 12:40:00+05:30,15,2025-02-25 12:50:00+05:30,0.0005505849965588006,True
2025-02-25 12:35:00+05:30,2025-02-25 12:35:00+05:30,2025-02-25 12:40:00+05:30,20,2025-02-25 12:55:00+05:30,0.0005505849965588006,True
2025-02-25 12:35:00+05:30,2025-02-25 12:35:00+05:30,2025-02-25 12:40:00+05:30,25,2025-02-25 13:00:00+05:30,0.00096352374397779,True
2025-02-25 12:35:00+05:30,2025-02-25 12:35:00+05:30,2025-02-25 12:40:00+05:30,30,2025-02-25 13:05:00+05:30,0.0008258774948382008,True
2025-02-25 12:35:00+05:30,2025-02-25 12:35:00+05:30,2025-02-25 12:40:00+05:30,45,2025-02-25 13:20:00+05:30,-0.0013764624913972234,True
2025-02-25 12:35:00+05:30,2025-02-25 12:35:00+05:30,2025-02-25 12:40:00+05:30,60,2025-02-25 13:35:00+05:30,-0.0015141087405368125,True
2025-02-27 14:50:00+05:30,2025-02-27 14:50:00+05:30,2025-02-27 14:55:00+05:30,5,2025-02-27 14:55:00+05:30,0.0009742519137092565,True
2025-02-27 14:50:00+05:30,2025-02-27 14:50:00+05:30,2025-02-27 14:55:00+05:30,10,2025-02-27 15:00:00+05:30,0.0,True
2025-02-27 14:50:00+05:30,2025-02-27 14:50:00+05:30,2025-02-27 14:55:00+05:30,15,2025-02-27 15:05:00+05:30,0.0,True
2025-02-27 14:50:00+05:30,2025-02-27 14:50:00+05:30,2025-02-27 14:55:00+05:30,20,2025-02-27 15:10:00+05:30,0.00027835768963124785,True
2025-02-27 14:50:00+05:30,2025-02-27 14:50:00+05:30,2025-02-27 14:55:00+05:30,25,2025-02-27 15:15:00+05:30,0.0006958942240780086,True
2025-02-27 14:50:00+05:30,2025-02-27 14:50:00+05:30,2025-02-27 14:55:00+05:30,30,2025-02-27 15:20:00+05:30,0.0,True
2025-02-27 14:50:00+05:30,2025-02-27 14:50:00+05:30,2025-02-27 14:55:00+05:30,45,,,False
2025-02-27 14:50:00+05:30,2025-02-27 14:50:00+05:30,2025-02-27 14:55:00+05:30,60,,,False
2025-02-28 14:50:00+05:30,2025-02-28 14:50:00+05:30,2025-02-28 14:55:00+05:30,5,2025-02-28 14:55:00+05:30,0.0007011639321272689,True
2025-02-28 14:50:00+05:30,2025-02-28 14:50:00+05:30,2025-02-28 14:55:00+05:30,10,2025-02-28 15:00:00+05:30,-0.002243724582807416,True
2025-02-28 14:50:00+05:30,2025-02-28 14:50:00+05:30,2025-02-28 14:55:00+05:30,15,2025-02-28 15:05:00+05:30,-0.0019632590099565306,True
2025-02-28 14:50:00+05:30,2025-02-28 14:50:00+05:30,2025-02-28 14:55:00+05:30,20,2025-02-28 15:10:00+05:30,-0.0035058196606366776,True
2025-02-28 14:50:00+05:30,2025-02-28 14:50:00+05:30,2025-02-28 14:55:00+05:30,25,2025-02-28 15:15:00+05:30,-0.005328845884167599,True
2025-02-28 14:50:00+05:30,2025-02-28 14:50:00+05:30,2025-02-28 14:55:00+05:30,30,2025-02-28 15:20:00+05:30,-0.0021034917963820288,True
2025-02-28 14:50:00+05:30,2025-02-28 14:50:00+05:30,2025-02-28 14:55:00+05:30,45,,,False
2025-02-28 14:50:00+05:30,2025-02-28 14:50:00+05:30,2025-02-28 14:55:00+05:30,60,,,False
2025-03-03 14:20:00+05:30,2025-03-03 14:20:00+05:30,2025-03-03 14:25:00+05:30,5,2025-03-03 14:25:00+05:30,0.0,True
2025-03-03 14:20:00+05:30,2025-03-03 14:20:00+05:30,2025-03-03 14:25:00+05:30,10,2025-03-03 14:30:00+05:30,0.0004207573632539763,True
2025-03-03 14:20:00+05:30,2025-03-03 14:20:00+05:30,2025-03-03 14:25:00+05:30,15,2025-03-03 14:35:00+05:30,0.0008415147265077305,True
2025-03-03 14:20:00+05:30,2025-03-03 14:20:00+05:30,2025-03-03 14:25:00+05:30,20,2025-03-03 14:40:00+05:30,0.0011220196353436407,True
2025-03-03 14:20:00+05:30,2025-03-03 14:20:00+05:30,2025-03-03 14:25:00+05:30,25,2025-03-03 14:45:00+05:30,0.0014025245441795509,True
2025-03-03 14:20:00+05:30,2025-03-03 14:20:00+05:30,2025-03-03 14:25:00+05:30,30,2025-03-03 14:50:00+05:30,0.001683029453015461,True
2025-03-03 14:20:00+05:30,2025-03-03 14:20:00+05:30,2025-03-03 14:25:00+05:30,45,2025-03-03 15:05:00+05:30,0.0011220196353436407,True
2025-03-03 14:20:00+05:30,2025-03-03 14:20:00+05:30,2025-03-03 14:25:00+05:30,60,2025-03-03 15:20:00+05:30,0.0011220196353436407,True
2025-03-04 13:20:00+05:30,2025-03-04 13:20:00+05:30,2025-03-04 13:25:00+05:30,5,2025-03-04 13:25:00+05:30,0.0002775079783545742,True
2025-03-04 13:20:00+05:30,2025-03-04 13:20:00+05:30,2025-03-04 13:25:00+05:30,10,2025-03-04 13:30:00+05:30,-0.00027750797835435215,True
2025-03-04 13:20:00+05:30,2025-03-04 13:20:00+05:30,2025-03-04 13:25:00+05:30,15,2025-03-04 13:35:00+05:30,0.0,True
2025-03-04 13:20:00+05:30,2025-03-04 13:20:00+05:30,2025-03-04 13:25:00+05:30,20,2025-03-04 13:40:00+05:30,0.001665047870126335,True
2025-03-04 13:20:00+05:30,2025-03-04 13:20:00+05:30,2025-03-04 13:25:00+05:30,25,2025-03-04 13:45:00+05:30,0.0030525877618983177,True
2025-03-04 13:20:00+05:30,2025-03-04 13:20:00+05:30,2025-03-04 13:25:00+05:30,30,2025-03-04 13:50:00+05:30,0.0023588178160123263,True
2025-03-04 13:20:00+05:30,2025-03-04 13:20:00+05:30,2025-03-04 13:25:00+05:30,45,2025-03-04 14:05:00+05:30,0.004856389621201718,True
2025-03-04 13:20:00+05:30,2025-03-04 13:20:00+05:30,2025-03-04 13:25:00+05:30,60,2025-03-04 14:20:00+05:30,0.003885111696961374,True
2025-03-05 11:45:00+05:30,2025-03-05 11:45:00+05:30,2025-03-05 11:50:00+05:30,5,2025-03-05 11:50:00+05:30,-0.0005520287054925355,True
2025-03-05 11:45:00+05:30,2025-03-05 11:45:00+05:30,2025-03-05 11:50:00+05:30,10,2025-03-05 11:55:00+05:30,-0.0006900358818657804,True
2025-03-05 11:45:00+05:30,2025-03-05 11:45:00+05:30,2025-03-05 11:50:00+05:30,15,2025-03-05 12:00:00+05:30,-0.0004140215291192906,True
2025-03-05 11:45:00+05:30,2025-03-05 11:45:00+05:30,2025-03-05 11:50:00+05:30,20,2025-03-05 12:05:00+05:30,-0.0013800717637316717,True
2025-03-05 11:45:00+05:30,2025-03-05 11:45:00+05:30,2025-03-05 11:50:00+05:30,25,2025-03-05 12:10:00+05:30,-0.0016560861164779395,True
2025-03-05 11:45:00+05:30,2025-03-05 11:45:00+05:30,2025-03-05 11:50:00+05:30,30,2025-03-05 12:15:00+05:30,-0.0013800717637316717,True
2025-03-05 11:45:00+05:30,2025-03-05 11:45:00+05:30,2025-03-05 11:50:00+05:30,45,2025-03-05 12:30:00+05:30,-0.0016560861164779395,True
2025-03-05 11:45:00+05:30,2025-03-05 11:45:00+05:30,2025-03-05 11:50:00+05:30,60,2025-03-05 12:45:00+05:30,-0.0019321004692244292,True
2025-03-07 13:20:00+05:30,2025-03-07 13:20:00+05:30,2025-03-07 13:25:00+05:30,5,2025-03-07 13:25:00+05:30,-0.00013856172925041932,True
2025-03-07 13:20:00+05:30,2025-03-07 13:20:00+05:30,2025-03-07 13:25:00+05:30,10,2025-03-07 13:30:00+05:30,0.0002771234585006166,True
2025-03-07 13:20:00+05:30,2025-03-07 13:20:00+05:30,2025-03-07 13:25:00+05:30,15,2025-03-07 13:35:00+05:30,0.0002771234585006166,True
2025-03-07 13:20:00+05:30,2025-03-07 13:20:00+05:30,2025-03-07 13:25:00+05:30,20,2025-03-07 13:40:00+05:30,-0.00013856172925041932,True
2025-03-07 13:20:00+05:30,2025-03-07 13:20:00+05:30,2025-03-07 13:25:00+05:30,25,2025-03-07 13:45:00+05:30,0.00041568518775125796,True
2025-03-07 13:20:00+05:30,2025-03-07 13:20:00+05:30,2025-03-07 13:25:00+05:30,30,2025-03-07 13:50:00+05:30,0.00041568518775125796,True
2025-03-07 13:20:00+05:30,2025-03-07 13:20:00+05:30,2025-03-07 13:25:00+05:30,45,2025-03-07 14:05:00+05:30,0.0006928086462518745,True
2025-03-07 13:20:00+05:30,2025-03-07 13:20:00+05:30,2025-03-07 13:25:00+05:30,60,2025-03-07 14:20:00+05:30,0.0011084938340031325,True
2025-03-11 13:35:00+05:30,2025-03-11 13:35:00+05:30,2025-03-11 13:40:00+05:30,5,2025-03-11 13:40:00+05:30,-0.00013902405116095196,True
2025-03-11 13:35:00+05:30,2025-03-11 13:35:00+05:30,2025-03-11 13:40:00+05:30,10,2025-03-11 13:45:00+05:30,0.0,True
2025-03-11 13:35:00+05:30,2025-03-11 13:35:00+05:30,2025-03-11 13:40:00+05:30,15,2025-03-11 13:50:00+05:30,0.0,True
2025-03-11 13:35:00+05:30,2025-03-11 13:35:00+05:30,2025-03-11 13:40:00+05:30,20,2025-03-11 13:55:00+05:30,0.0001390240511607299,True
2025-03-11 13:35:00+05:30,2025-03-11 13:35:00+05:30,2025-03-11 13:40:00+05:30,25,2025-03-11 14:00:00+05:30,0.0001390240511607299,True
2025-03-11 13:35:00+05:30,2025-03-11 13:35:00+05:30,2025-03-11 13:40:00+05:30,30,2025-03-11 14:05:00+05:30,0.0004170721534824118,True
2025-03-11 13:35:00+05:30,2025-03-11 13:35:00+05:30,2025-03-11 13:40:00+05:30,45,2025-03-11 14:20:00+05:30,0.0008341443069650456,True
2025-03-11 13:35:00+05:30,2025-03-11 13:35:00+05:30,2025-03-11 13:40:00+05:30,60,2025-03-11 14:35:00+05:30,0.0006951202558043157,True
2025-03-12 11:45:00+05:30,2025-03-12 11:45:00+05:30,2025-03-12 11:50:00+05:30,5,2025-03-12 11:50:00+05:30,-0.0002766251728907321,True
2025-03-12 11:45:00+05:30,2025-03-12 11:45:00+05:30,2025-03-12 11:50:00+05:30,10,2025-03-12 11:55:00+05:30,-0.0004149377593360981,True
2025-03-12 11:45:00+05:30,2025-03-12 11:45:00+05:30,2025-03-12 11:50:00+05:30,15,2025-03-12 12:00:00+05:30,-0.0002766251728907321,True
2025-03-12 11:45:00+05:30,2025-03-12 11:45:00+05:30,2025-03-12 11:50:00+05:30,20,2025-03-12 12:05:00+05:30,-0.0004149377593360981,True
2025-03-12 11:45:00+05:30,2025-03-12 11:45:00+05:30,2025-03-12 11:50:00+05:30,25,2025-03-12 12:10:00+05:30,-0.0006915629322268302,True
2025-03-12 11:45:00+05:30,2025-03-12 11:45:00+05:30,2025-03-12 11:50:00+05:30,30,2025-03-12 12:15:00+05:30,-0.0009681881051174512,True
2025-03-12 11:45:00+05:30,2025-03-12 11:45:00+05:30,2025-03-12 11:50:00+05:30,45,2025-03-12 12:30:00+05:30,-0.0009681881051174512,True
2025-03-12 11:45:00+05:30,2025-03-12 11:45:00+05:30,2025-03-12 11:50:00+05:30,60,2025-03-12 12:45:00+05:30,-0.0011065006915629283,True
2025-03-12 14:30:00+05:30,2025-03-12 14:30:00+05:30,2025-03-12 14:35:00+05:30,5,2025-03-12 14:35:00+05:30,-0.00013821700069094334,True
2025-03-12 14:30:00+05:30,2025-03-12 14:30:00+05:30,2025-03-12 14:35:00+05:30,10,2025-03-12 14:40:00+05:30,-0.0005528680027642174,True
2025-03-12 14:30:00+05:30,2025-03-12 14:30:00+05:30,2025-03-12 14:35:00+05:30,15,2025-03-12 14:45:00+05:30,-0.0004146510020732741,True
2025-03-12 14:30:00+05:30,2025-03-12 14:30:00+05:30,2025-03-12 14:35:00+05:30,20,2025-03-12 14:50:00+05:30,-0.0004146510020732741,True
2025-03-12 14:30:00+05:30,2025-03-12 14:30:00+05:30,2025-03-12 14:35:00+05:30,25,2025-03-12 14:55:00+05:30,-0.0002764340013821087,True
2025-03-12 14:30:00+05:30,2025-03-12 14:30:00+05:30,2025-03-12 14:35:00+05:30,30,2025-03-12 15:00:00+05:30,-0.0004146510020732741,True
2025-03-12 14:30:00+05:30,2025-03-12 14:30:00+05:30,2025-03-12 14:35:00+05:30,45,2025-03-12 15:15:00+05:30,0.0,True
2025-03-12 14:30:00+05:30,2025-03-12 14:30:00+05:30,2025-03-12 14:35:00+05:30,60,,,False
2025-03-18 13:55:00+05:30,2025-03-18 13:55:00+05:30,2025-03-18 14:00:00+05:30,5,2025-03-18 14:00:00+05:30,0.00026990553306349696,True
2025-03-18 13:55:00+05:30,2025-03-18 13:55:00+05:30,2025-03-18 14:00:00+05:30,10,2025-03-18 14:05:00+05:30,0.0008097165991902688,True
2025-03-18 13:55:00+05:30,2025-03-18 13:55:00+05:30,2025-03-18 14:00:00+05:30,15,2025-03-18 14:10:00+05:30,0.0009446693657220173,True
2025-03-18 13:55:00+05:30,2025-03-18 13:55:00+05:30,2025-03-18 14:00:00+05:30,20,2025-03-18 14:15:00+05:30,0.0008097165991902688,True
2025-03-18 13:55:00+05:30,2025-03-18 13:55:00+05:30,2025-03-18 14:00:00+05:30,25,2025-03-18 14:20:00+05:30,0.0008097165991902688,True
2025-03-18 13:55:00+05:30,2025-03-18 13:55:00+05:30,2025-03-18 14:00:00+05:30,30,2025-03-18 14:25:00+05:30,0.0008097165991902688,True
2025-03-18 13:55:00+05:30,2025-03-18 13:55:00+05:30,2025-03-18 14:00:00+05:30,45,2025-03-18 14:40:00+05:30,0.0009446693657220173,True
2025-03-18 13:55:00+05:30,2025-03-18 13:55:00+05:30,2025-03-18 14:00:00+05:30,60,2025-03-18 14:55:00+05:30,0.0005398110661269939,True
2025-03-20 14:55:00+05:30,2025-03-20 14:55:00+05:30,2025-03-20 15:00:00+05:30,5,2025-03-20 15:00:00+05:30,0.0001342281879195273,True
2025-03-20 14:55:00+05:30,2025-03-20 14:55:00+05:30,2025-03-20 15:00:00+05:30,10,2025-03-20 15:05:00+05:30,0.0004026845637583598,True
2025-03-20 14:55:00+05:30,2025-03-20 14:55:00+05:30,2025-03-20 15:00:00+05:30,15,2025-03-20 15:10:00+05:30,0.00026845637583883253,True
2025-03-20 14:55:00+05:30,2025-03-20 14:55:00+05:30,2025-03-20 15:00:00+05:30,20,2025-03-20 15:15:00+05:30,0.0,True
2025-03-20 14:55:00+05:30,2025-03-20 14:55:00+05:30,2025-03-20 15:00:00+05:30,25,2025-03-20 15:20:00+05:30,-0.0001342281879195273,True
2025-03-20 14:55:00+05:30,2025-03-20 14:55:00+05:30,2025-03-20 15:00:00+05:30,30,2025-03-20 15:25:00+05:30,-0.0004026845637583598,True
2025-03-20 14:55:00+05:30,2025-03-20 14:55:00+05:30,2025-03-20 15:00:00+05:30,45,,,False
2025-03-20 14:55:00+05:30,2025-03-20 14:55:00+05:30,2025-03-20 15:00:00+05:30,60,,,False
2025-03-26 11:45:00+05:30,2025-03-26 11:45:00+05:30,2025-03-26 11:50:00+05:30,5,2025-03-26 11:50:00+05:30,-0.00040894220283538285,True
2025-03-26 11:45:00+05:30,2025-03-26 11:45:00+05:30,2025-03-26 11:50:00+05:30,10,2025-03-26 11:55:00+05:30,0.00027262813522344054,True
2025-03-26 11:45:00+05:30,2025-03-26 11:45:00+05:30,2025-03-26 11:50:00+05:30,15,2025-03-26 12:00:00+05:30,0.00040894220283527183,True
2025-03-26 11:45:00+05:30,2025-03-26 11:45:00+05:30,2025-03-26 11:50:00+05:30,20,2025-03-26 12:05:00+05:30,0.0008178844056707657,True
2025-03-26 11:45:00+05:30,2025-03-26 11:45:00+05:30,2025-03-26 11:50:00+05:30,25,2025-03-26 12:10:00+05:30,0.0008178844056707657,True
2025-03-26 11:45:00+05:30,2025-03-26 11:45:00+05:30,2025-03-26 11:50:00+05:30,30,2025-03-26 12:15:00+05:30,0.000954198473282597,True
2025-03-26 11:45:00+05:30,2025-03-26 11:45:00+05:30,2025-03-26 11:50:00+05:30,45,2025-03-26 12:30:00+05:30,0.001499454743729478,True
2025-03-26 11:45:00+05:30,2025-03-26 11:45:00+05:30,2025-03-26 11:50:00+05:30,60,2025-03-26 12:45:00+05:30,0.0016357688113413094,True
2025-03-27 13:30:00+05:30,2025-03-27 13:30:00+05:30,2025-03-27 13:35:00+05:30,5,2025-03-27 13:35:00+05:30,-0.00013553808620225816,True
2025-03-27 13:30:00+05:30,2025-03-27 13:30:00+05:30,2025-03-27 13:35:00+05:30,10,2025-03-27 13:40:00+05:30,0.0,True
2025-03-27 13:30:00+05:30,2025-03-27 13:30:00+05:30,2025-03-27 13:35:00+05:30,15,2025-03-27 13:45:00+05:30,-0.00013553808620225816,True
2025-03-27 13:30:00+05:30,2025-03-27 13:30:00+05:30,2025-03-27 13:35:00+05:30,20,2025-03-27 13:50:00+05:30,-0.00013553808620225816,True
2025-03-27 13:30:00+05:30,2025-03-27 13:30:00+05:30,2025-03-27 13:35:00+05:30,25,2025-03-27 13:55:00+05:30,0.00027107617240429427,True
2025-03-27 13:30:00+05:30,2025-03-27 13:30:00+05:30,2025-03-27 13:35:00+05:30,30,2025-03-27 14:00:00+05:30,0.00013553808620225816,True
2025-03-27 13:30:00+05:30,2025-03-27 13:30:00+05:30,2025-03-27 13:35:00+05:30,45,2025-03-27 14:15:00+05:30,0.00013553808620225816,True
2025-03-27 13:30:00+05:30,2025-03-27 13:30:00+05:30,2025-03-27 13:35:00+05:30,60,2025-03-27 14:30:00+05:30,-0.00040661425860666345,True
2025-04-01 13:50:00+05:30,2025-04-01 13:50:00+05:30,2025-04-01 13:55:00+05:30,5,2025-04-01 13:55:00+05:30,0.0005241776962390254,True
2025-04-01 13:50:00+05:30,2025-04-01 13:50:00+05:30,2025-04-01 13:55:00+05:30,10,2025-04-01 14:00:00+05:30,0.0002620888481195127,True
2025-04-01 13:50:00+05:30,2025-04-01 13:50:00+05:30,2025-04-01 13:55:00+05:30,15,2025-04-01 14:05:00+05:30,0.0003931332721793801,True
2025-04-01 13:50:00+05:30,2025-04-01 13:50:00+05:30,2025-04-01 13:55:00+05:30,20,2025-04-01 14:10:00+05:30,0.0013104442405975636,True
2025-04-01 13:50:00+05:30,2025-04-01 13:50:00+05:30,2025-04-01 13:55:00+05:30,25,2025-04-01 14:15:00+05:30,0.001834621936836589,True
2025-04-01 13:50:00+05:30,2025-04-01 13:50:00+05:30,2025-04-01 13:55:00+05:30,30,2025-04-01 14:20:00+05:30,0.0013104442405975636,True
2025-04-01 13:50:00+05:30,2025-04-01 13:50:00+05:30,2025-04-01 13:55:00+05:30,45,2025-04-01 14:35:00+05:30,0.001834621936836589,True
2025-04-01 13:50:00+05:30,2025-04-01 13:50:00+05:30,2025-04-01 13:55:00+05:30,60,2025-04-01 14:50:00+05:30,0.0023587996330756145,True
2025-04-02 13:20:00+05:30,2025-04-02 13:20:00+05:30,2025-04-02 13:25:00+05:30,5,2025-04-02 13:25:00+05:30,-0.0002629503023927615,True
2025-04-02 13:20:00+05:30,2025-04-02 13:20:00+05:30,2025-04-02 13:25:00+05:30,10,2025-04-02 13:30:00+05:30,-0.00013147515119649178,True
2025-04-02 13:20:00+05:30,2025-04-02 13:20:00+05:30,2025-04-02 13:25:00+05:30,15,2025-04-02 13:35:00+05:30,0.0002629503023927615,True
2025-04-02 13:20:00+05:30,2025-04-02 13:20:00+05:30,2025-04-02 13:25:00+05:30,20,2025-04-02 13:40:00+05:30,0.0,True
2025-04-02 13:20:00+05:30,2025-04-02 13:20:00+05:30,2025-04-02 13:25:00+05:30,25,2025-04-02 13:45:00+05:30,0.000525900604785523,True
2025-04-02 13:20:00+05:30,2025-04-02 13:20:00+05:30,2025-04-02 13:25:00+05:30,30,2025-04-02 13:50:00+05:30,0.000525900604785523,True
2025-04-02 13:20:00+05:30,2025-04-02 13:20:00+05:30,2025-04-02 13:25:00+05:30,45,2025-04-02 14:05:00+05:30,0.0014462266631607434,True
2025-04-02 13:20:00+05:30,2025-04-02 13:20:00+05:30,2025-04-02 13:25:00+05:30,60,2025-04-02 14:20:00+05:30,0.0026295030239285033,True
2025-04-02 14:25:00+05:30,2025-04-02 14:25:00+05:30,2025-04-02 14:30:00+05:30,5,2025-04-02 14:30:00+05:30,-0.0009171907756811981,True
2025-04-02 14:25:00+05:30,2025-04-02 14:25:00+05:30,2025-04-02 14:30:00+05:30,10,2025-04-02 14:35:00+05:30,-0.0009171907756811981,True
2025-04-02 14:25:00+05:30,2025-04-02 14:25:00+05:30,2025-04-02 14:30:00+05:30,15,2025-04-02 14:40:00+05:30,-0.0007861635220124397,True
2025-04-02 14:25:00+05:30,2025-04-02 14:25:00+05:30,2025-04-02 14:30:00+05:30,20,2025-04-02 14:45:00+05:30,-0.0013102725366875845,True
2025-04-02 14:25:00+05:30,2025-04-02 14:25:00+05:30,2025-04-02 14:30:00+05:30,25,2025-04-02 14:50:00+05:30,-0.0003930817610061643,True
2025-04-02 14:25:00+05:30,2025-04-02 14:25:00+05:30,2025-04-02 14:30:00+05:30,30,2025-04-02 14:55:00+05:30,-0.001179245283018715,True
2025-04-02 14:25:00+05:30,2025-04-02 14:25:00+05:30,2025-04-02 14:30:00+05:30,45,2025-04-02 15:10:00+05:30,-0.0007861635220124397,True
2025-04-02 14:25:00+05:30,2025-04-02 14:25:00+05:30,2025-04-02 14:30:00+05:30,60,2025-04-02 15:25:00+05:30,-0.0015723270440249904,True
2025-04-07 14:20:00+05:30,2025-04-07 14:20:00+05:30,2025-04-07 14:25:00+05:30,5,2025-04-07 14:25:00+05:30,0.00013533631073214814,True
2025-04-07 14:20:00+05:30,2025-04-07 14:20:00+05:30,2025-04-07 14:25:00+05:30,10,2025-04-07 14:30:00+05:30,-0.0008120178643929998,True
2025-04-07 14:20:00+05:30,2025-04-07 14:20:00+05:30,2025-04-07 14:25:00+05:30,15,2025-04-07 14:35:00+05:30,-0.0008120178643929998,True
2025-04-07 14:20:00+05:30,2025-04-07 14:20:00+05:30,2025-04-07 14:25:00+05:30,20,2025-04-07 14:40:00+05:30,-0.0014886994180538515,True
2025-04-07 14:20:00+05:30,2025-04-07 14:20:00+05:30,2025-04-07 14:25:00+05:30,25,2025-04-07 14:45:00+05:30,-0.001894708350250407,True
2025-04-07 14:20:00+05:30,2025-04-07 14:20:00+05:30,2025-04-07 14:25:00+05:30,30,2025-04-07 14:50:00+05:30,-0.002842062525375444,True
2025-04-07 14:20:00+05:30,2025-04-07 14:20:00+05:30,2025-04-07 14:25:00+05:30,45,2025-04-07 15:05:00+05:30,-0.00013533631073225916,True
2025-04-07 14:20:00+05:30,2025-04-07 14:20:00+05:30,2025-04-07 14:25:00+05:30,60,2025-04-07 15:20:00+05:30,-0.0013533631073215924,True
2025-04-08 11:50:00+05:30,2025-04-08 11:50:00+05:30,2025-04-08 11:55:00+05:30,5,2025-04-08 11:55:00+05:30,0.0,True
2025-04-08 11:50:00+05:30,2025-04-08 11:50:00+05:30,2025-04-08 11:55:00+05:30,10,2025-04-08 12:00:00+05:30,0.0,True
2025-04-08 11:50:00+05:30,2025-04-08 11:50:00+05:30,2025-04-08 11:55:00+05:30,15,2025-04-08 12:05:00+05:30,0.00040766408479409044,True
2025-04-08 11:50:00+05:30,2025-04-08 11:50:00+05:30,2025-04-08 11:55:00+05:30,20,2025-04-08 12:10:00+05:30,0.0005435521130587873,True
2025-04-08 11:50:00+05:30,2025-04-08 11:50:00+05:30,2025-04-08 11:55:00+05:30,25,2025-04-08 12:15:00+05:30,0.00040766408479409044,True
2025-04-08 11:50:00+05:30,2025-04-08 11:50:00+05:30,2025-04-08 11:55:00+05:30,30,2025-04-08 12:20:00+05:30,0.0005435521130587873,True
2025-04-08 11:50:00+05:30,2025-04-08 11:50:00+05:30,2025-04-08 11:55:00+05:30,45,2025-04-08 12:35:00+05:30,0.00027177605652939363,True
2025-04-08 11:50:00+05:30,2025-04-08 11:50:00+05:30,2025-04-08 11:55:00+05:30,60,2025-04-08 12:50:00+05:30,0.0009512161978528777,True
2025-04-08 14:25:00+05:30,2025-04-08 14:25:00+05:30,2025-04-08 14:30:00+05:30,5,2025-04-08 14:30:00+05:30,-0.0002711864406779174,True
2025-04-08 14:25:00+05:30,2025-04-08 14:25:00+05:30,2025-04-08 14:30:00+05:30,10,2025-04-08 14:35:00+05:30,-0.0005423728813560569,True
2025-04-08 14:25:00+05:30,2025-04-08 14:25:00+05:30,2025-04-08 14:30:00+05:30,15,2025-04-08 14:40:00+05:30,-0.0005423728813560569,True
2025-04-08 14:25:00+05:30,2025-04-08 14:25:00+05:30,2025-04-08 14:30:00+05:30,20,2025-04-08 14:45:00+05:30,-0.000949152542372822,True
2025-04-08 14:25:00+05:30,2025-04-08 14:25:00+05:30,2025-04-08 14:30:00+05:30,25,2025-04-08 14:50:00+05:30,-0.0017627118644066853,True
2025-04-08 14:25:00+05:30,2025-04-08 14:25:00+05:30,2025-04-08 14:30:00+05:30,30,2025-04-08 14:55:00+05:30,-0.002305084745762742,True
2025-04-08 14:25:00+05:30,2025-04-08 14:25:00+05:30,2025-04-08 14:30:00+05:30,45,2025-04-08 15:10:00+05:30,-0.0002711864406779174,True
2025-04-08 14:25:00+05:30,2025-04-08 14:25:00+05:30,2025-04-08 14:30:00+05:30,60,2025-04-08 15:25:00+05:30,-0.0006779661016949046,True
2025-04-09 11:50:00+05:30,2025-04-09 11:50:00+05:30,2025-04-09 11:55:00+05:30,5,2025-04-09 11:55:00+05:30,-0.00013394053040438614,True
2025-04-09 11:50:00+05:30,2025-04-09 11:50:00+05:30,2025-04-09 11:55:00+05:30,10,2025-04-09 12:00:00+05:30,0.0010715242432359773,True
2025-04-09 11:50:00+05:30,2025-04-09 11:50:00+05:30,2025-04-09 11:55:00+05:30,15,2025-04-09 12:05:00+05:30,0.00013394053040460818,True
2025-04-09 11:50:00+05:30,2025-04-09 11:50:00+05:30,2025-04-09 11:55:00+05:30,20,2025-04-09 12:10:00+05:30,0.000803643182426983,True
2025-04-09 11:50:00+05:30,2025-04-09 11:50:00+05:30,2025-04-09 11:55:00+05:30,25,2025-04-09 12:15:00+05:30,0.0012054647736405855,True
2025-04-09 11:50:00+05:30,2025-04-09 11:50:00+05:30,2025-04-09 11:55:00+05:30,30,2025-04-09 12:20:00+05:30,0.0021430484864719546,True
2025-04-09 11:50:00+05:30,2025-04-09 11:50:00+05:30,2025-04-09 11:55:00+05:30,45,2025-04-09 12:35:00+05:30,0.004152156442539523,True
2025-04-09 11:50:00+05:30,2025-04-09 11:50:00+05:30,2025-04-09 11:55:00+05:30,60,2025-04-09 12:50:00+05:30,0.004821859094561898,True
2025-04-11 13:40:00+05:30,2025-04-11 13:40:00+05:30,2025-04-11 13:45:00+05:30,5,2025-04-11 13:45:00+05:30,-0.0007692307692307443,True
2025-04-11 13:40:00+05:30,2025-04-11 13:40:00+05:30,2025-04-11 13:45:00+05:30,10,2025-04-11 13:50:00+05:30,0.0002564102564102111,True
2025-04-11 13:40:00+05:30,2025-04-11 13:40:00+05:30,2025-04-11 13:45:00+05:30,15,2025-04-11 13:55:00+05:30,-0.0010256410256409554,True
2025-04-11 13:40:00+05:30,2025-04-11 13:40:00+05:30,2025-04-11 13:45:00+05:30,20,2025-04-11 14:00:00+05:30,-0.002307692307692344,True
2025-04-11 13:40:00+05:30,2025-04-11 13:40:00+05:30,2025-04-11 13:45:00+05:30,25,2025-04-11 14:05:00+05:30,-0.0012820512820511665,True
2025-04-11 13:40:00+05:30,2025-04-11 13:40:00+05:30,2025-04-11 13:45:00+05:30,30,2025-04-11 14:10:00+05:30,-0.0017948717948718107,True
2025-04-11 13:40:00+05:30,2025-04-11 13:40:00+05:30,2025-04-11 13:45:00+05:30,45,2025-04-11 14:25:00+05:30,-0.001153846153846172,True
2025-04-11 13:40:00+05:30,2025-04-11 13:40:00+05:30,2025-04-11 13:45:00+05:30,60,2025-04-11 14:40:00+05:30,-0.0017948717948718107,True
2025-04-16 12:40:00+05:30,2025-04-16 12:40:00+05:30,2025-04-16 12:45:00+05:30,5,2025-04-16 12:45:00+05:30,-0.0002531966071653846,True
2025-04-16 12:40:00+05:30,2025-04-16 12:40:00+05:30,2025-04-16 12:45:00+05:30,10,2025-04-16 12:50:00+05:30,-0.0002531966071653846,True
2025-04-16 12:40:00+05:30,2025-04-16 12:40:00+05:30,2025-04-16 12:45:00+05:30,15,2025-04-16 12:55:00+05:30,0.0,True
2025-04-16 12:40:00+05:30,2025-04-16 12:40:00+05:30,2025-04-16 12:45:00+05:30,20,2025-04-16 13:00:00+05:30,0.00037979491074824345,True
2025-04-16 12:40:00+05:30,2025-04-16 12:40:00+05:30,2025-04-16 12:45:00+05:30,25,2025-04-16 13:05:00+05:30,0.0007595898214964869,True
2025-04-16 12:40:00+05:30,2025-04-16 12:40:00+05:30,2025-04-16 12:45:00+05:30,30,2025-04-16 13:10:00+05:30,0.0008861881250792347,True
2025-04-16 12:40:00+05:30,2025-04-16 12:40:00+05:30,2025-04-16 12:45:00+05:30,45,2025-04-16 13:25:00+05:30,0.0008861881250792347,True
2025-04-16 12:40:00+05:30,2025-04-16 12:40:00+05:30,2025-04-16 12:45:00+05:30,60,2025-04-16 13:40:00+05:30,0.002152171160906491,True
2025-04-16 13:45:00+05:30,2025-04-16 13:45:00+05:30,2025-04-16 13:50:00+05:30,5,2025-04-16 13:50:00+05:30,0.00012623074981066296,True
2025-04-16 13:45:00+05:30,2025-04-16 13:45:00+05:30,2025-04-16 13:50:00+05:30,10,2025-04-16 13:55:00+05:30,-0.0016409997475383964,True
2025-04-16 13:45:00+05:30,2025-04-16 13:45:00+05:30,2025-04-16 13:50:00+05:30,15,2025-04-16 14:00:00+05:30,-0.0035344609946983407,True
2025-04-16 13:45:00+05:30,2025-04-16 13:45:00+05:30,2025-04-16 13:50:00+05:30,20,2025-04-16 14:05:00+05:30,-0.004418076243372759,True
2025-04-16 13:45:00+05:30,2025-04-16 13:45:00+05:30,2025-04-16 13:50:00+05:30,25,2025-04-16 14:10:00+05:30,-0.004670537742994196,True
2025-04-16 13:45:00+05:30,2025-04-16 13:45:00+05:30,2025-04-16 13:50:00+05:30,30,2025-04-16 14:15:00+05:30,-0.002777076495834363,True
2025-04-16 13:45:00+05:30,2025-04-16 13:45:00+05:30,2025-04-16 13:50:00+05:30,45,2025-04-16 14:30:00+05:30,-0.0005049229992425408,True
2025-04-16 13:45:00+05:30,2025-04-16 13:45:00+05:30,2025-04-16 13:50:00+05:30,60,2025-04-16 14:45:00+05:30,-0.0008836152486745297,True
2025-04-21 11:55:00+05:30,2025-04-21 11:55:00+05:30,2025-04-21 12:00:00+05:30,5,2025-04-21 12:00:00+05:30,0.0,True
2025-04-21 11:55:00+05:30,2025-04-21 11:55:00+05:30,2025-04-21 12:00:00+05:30,10,2025-04-21 12:05:00+05:30,-0.0004941932295526863,True
2025-04-21 11:55:00+05:30,2025-04-21 11:55:00+05:30,2025-04-21 12:00:00+05:30,15,2025-04-21 12:10:00+05:30,-0.0006177415369409411,True
2025-04-21 11:55:00+05:30,2025-04-21 11:55:00+05:30,2025-04-21 12:00:00+05:30,20,2025-04-21 12:15:00+05:30,-0.00024709661477628764,True
2025-04-21 11:55:00+05:30,2025-04-21 11:55:00+05:30,2025-04-21 12:00:00+05:30,25,2025-04-21 12:20:00+05:30,-0.0004941932295526863,True
2025-04-21 11:55:00+05:30,2025-04-21 11:55:00+05:30,2025-04-21 12:00:00+05:30,30,2025-04-21 12:25:00+05:30,-0.00024709661477628764,True
2025-04-21 11:55:00+05:30,2025-04-21 11:55:00+05:30,2025-04-21 12:00:00+05:30,45,2025-04-21 12:40:00+05:30,-0.0001235483073880328,True
2025-04-21 11:55:00+05:30,2025-04-21 11:55:00+05:30,2025-04-21 12:00:00+05:30,60,2025-04-21 12:55:00+05:30,-0.0003706449221645425,True
2025-04-21 14:35:00+05:30,2025-04-21 14:35:00+05:30,2025-04-21 14:40:00+05:30,5,2025-04-21 14:40:00+05:30,0.00012345679012359945,True
2025-04-21 14:35:00+05:30,2025-04-21 14:35:00+05:30,2025-04-21 14:40:00+05:30,10,2025-04-21 14:45:00+05:30,0.0004938271604939537,True
2025-04-21 14:35:00+05:30,2025-04-21 14:35:00+05:30,2025-04-21 14:40:00+05:30,15,2025-04-21 14:50:00+05:30,0.00012345679012359945,True
2025-04-21 14:35:00+05:30,2025-04-21 14:35:00+05:30,2025-04-21 14:40:00+05:30,20,2025-04-21 14:55:00+05:30,0.0006172839506173311,True
2025-04-21 14:35:00+05:30,2025-04-21 14:35:00+05:30,2025-04-21 14:40:00+05:30,25,2025-04-21 15:00:00+05:30,0.0009876543209876854,True
2025-04-21 14:35:00+05:30,2025-04-21 14:35:00+05:30,2025-04-21 14:40:00+05:30,30,2025-04-21 15:05:00+05:30,0.0009876543209876854,True
2025-04-21 14:35:00+05:30,2025-04-21 14:35:00+05:30,2025-04-21 14:40:00+05:30,45,2025-04-21 15:20:00+05:30,0.0009876543209876854,True
2025-04-21 14:35:00+05:30,2025-04-21 14:35:00+05:30,2025-04-21 14:40:00+05:30,60,,,False
2025-04-22 11:45:00+05:30,2025-04-22 11:45:00+05:30,2025-04-22 11:50:00+05:30,5,2025-04-22 11:50:00+05:30,-0.0019157088122604415,True
2025-04-22 11:45:00+05:30,2025-04-22 11:45:00+05:30,2025-04-22 11:50:00+05:30,10,2025-04-22 11:55:00+05:30,-0.0021551724137930384,True
2025-04-22 11:45:00+05:30,2025-04-22 11:45:00+05:30,2025-04-22 11:50:00+05:30,15,2025-04-22 12:00:00+05:30,-0.002873563218390718,True
2025-04-22 11:45:00+05:30,2025-04-22 11:45:00+05:30,2025-04-22 11:50:00+05:30,20,2025-04-22 12:05:00+05:30,-0.0022749042145593368,True
2025-04-22 11:45:00+05:30,2025-04-22 11:45:00+05:30,2025-04-22 11:50:00+05:30,25,2025-04-22 12:10:00+05:30,-0.0014367816091952479,True
2025-04-22 11:45:00+05:30,2025-04-22 11:45:00+05:30,2025-04-22 11:50:00+05:30,30,2025-04-22 12:15:00+05:30,-0.0009578544061302763,True
2025-04-22 11:45:00+05:30,2025-04-22 11:45:00+05:30,2025-04-22 11:50:00+05:30,45,2025-04-22 12:30:00+05:30,-0.0013170498084290605,True
2025-04-22 11:45:00+05:30,2025-04-22 11:45:00+05:30,2025-04-22 11:50:00+05:30,60,2025-04-22 12:45:00+05:30,-0.004430076628352375,True
2025-04-23 14:30:00+05:30,2025-04-23 14:30:00+05:30,2025-04-23 14:35:00+05:30,5,2025-04-23 14:35:00+05:30,0.0008720568082720703,True
2025-04-23 14:30:00+05:30,2025-04-23 14:30:00+05:30,2025-04-23 14:35:00+05:30,10,2025-04-23 14:40:00+05:30,0.0033636476890495093,True
2025-04-23 14:30:00+05:30,2025-04-23 14:30:00+05:30,2025-04-23 14:35:00+05:30,15,2025-04-23 14:45:00+05:30,0.0036128067771272754,True
2025-04-23 14:30:00+05:30,2025-04-23 14:30:00+05:30,2025-04-23 14:35:00+05:30,20,2025-04-23 14:50:00+05:30,0.0041111249532825855,True
2025-04-23 14:30:00+05:30,2025-04-23 14:30:00+05:30,2025-04-23 14:35:00+05:30,25,2025-04-23 14:55:00+05:30,0.003114488600971743,True
2025-04-23 14:30:00+05:30,2025-04-23 14:30:00+05:30,2025-04-23 14:35:00+05:30,30,2025-04-23 15:00:00+05:30,0.002740749968855205,True
2025-04-23 14:30:00+05:30,2025-04-23 14:30:00+05:30,2025-04-23 14:35:00+05:30,45,2025-04-23 15:15:00+05:30,0.0017441136165441407,True
2025-04-23 14:30:00+05:30,2025-04-23 14:30:00+05:30,2025-04-23 14:35:00+05:30,60,,,False
2025-04-24 12:40:00+05:30,2025-04-24 12:40:00+05:30,2025-04-24 12:45:00+05:30,5,2025-04-24 12:45:00+05:30,-0.0017348203221809744,True
2025-04-24 12:40:00+05:30,2025-04-24 12:40:00+05:30,2025-04-24 12:45:00+05:30,10,2025-04-24 12:50:00+05:30,-0.0028500619578687436,True
2025-04-24 12:40:00+05:30,2025-04-24 12:40:00+05:30,2025-04-24 12:45:00+05:30,15,2025-04-24 12:55:00+05:30,-0.0019826517967781454,True
2025-04-24 12:40:00+05:30,2025-04-24 12:40:00+05:30,2025-04-24 12:45:00+05:30,20,2025-04-24 13:00:00+05:30,-0.0024783147459728205,True
2025-04-24 12:40:00+05:30,2025-04-24 12:40:00+05:30,2025-04-24 12:45:00+05:30,25,2025-04-24 13:05:00+05:30,-0.0029739776951673846,True
2025-04-24 12:40:00+05:30,2025-04-24 12:40:00+05:30,2025-04-24 12:45:00+05:30,30,2025-04-24 13:10:00+05:30,-0.0018587360594796154,True
2025-04-24 12:40:00+05:30,2025-04-24 12:40:00+05:30,2025-04-24 12:45:00+05:30,45,2025-04-24 13:25:00+05:30,0.0,True
2025-04-24 12:40:00+05:30,2025-04-24 12:40:00+05:30,2025-04-24 12:45:00+05:30,60,2025-04-24 13:40:00+05:30,-0.0014869888475836923,True
2025-04-29 11:55:00+05:30,2025-04-29 11:55:00+05:30,2025-04-29 12:00:00+05:30,5,2025-04-29 12:00:00+05:30,0.0007474772642332983,True
2025-04-29 11:55:00+05:30,2025-04-29 11:55:00+05:30,2025-04-29 12:00:00+05:30,10,2025-04-29 12:05:00+05:30,-0.0011212158963497254,True
2025-04-29 11:55:00+05:30,2025-04-29 11:55:00+05:30,2025-04-29 12:00:00+05:30,15,2025-04-29 12:10:00+05:30,-0.002616170424816211,True
2025-04-29 11:55:00+05:30,2025-04-29 11:55:00+05:30,2025-04-29 12:00:00+05:30,20,2025-04-29 12:15:00+05:30,-0.002242431792699562,True
2025-04-29 11:55:00+05:30,2025-04-29 11:55:00+05:30,2025-04-29 12:00:00+05:30,25,2025-04-29 12:20:00+05:30,-0.0017441136165441407,True
2025-04-29 11:55:00+05:30,2025-04-29 11:55:00+05:30,2025-04-29 12:00:00+05:30,30,2025-04-29 12:25:00+05:30,-0.0017441136165441407,True
2025-04-29 11:55:00+05:30,2025-04-29 11:55:00+05:30,2025-04-29 12:00:00+05:30,45,2025-04-29 12:40:00+05:30,-0.0019932727046219068,True
2025-04-29 11:55:00+05:30,2025-04-29 11:55:00+05:30,2025-04-29 12:00:00+05:30,60,2025-04-29 12:55:00+05:30,-0.0017441136165441407,True
2025-05-02 13:30:00+05:30,2025-05-02 13:30:00+05:30,2025-05-02 13:35:00+05:30,5,2025-05-02 13:35:00+05:30,-0.0001280245807195879,True
2025-05-02 13:30:00+05:30,2025-05-02 13:30:00+05:30,2025-05-02 13:35:00+05:30,10,2025-05-02 13:40:00+05:30,0.00025604916143895373,True
2025-05-02 13:30:00+05:30,2025-05-02 13:30:00+05:30,2025-05-02 13:35:00+05:30,15,2025-05-02 13:45:00+05:30,0.0,True
2025-05-02 13:30:00+05:30,2025-05-02 13:30:00+05:30,2025-05-02 13:35:00+05:30,20,2025-05-02 13:50:00+05:30,0.0003840737421585416,True
2025-05-02 13:30:00+05:30,2025-05-02 13:30:00+05:30,2025-05-02 13:35:00+05:30,25,2025-05-02 13:55:00+05:30,0.00025604916143895373,True
2025-05-02 13:30:00+05:30,2025-05-02 13:30:00+05:30,2025-05-02 13:35:00+05:30,30,2025-05-02 14:00:00+05:30,0.0001280245807195879,True
2025-05-02 13:30:00+05:30,2025-05-02 13:30:00+05:30,2025-05-02 13:35:00+05:30,45,2025-05-02 14:15:00+05:30,0.0015362949686339444,True
2025-05-02 13:30:00+05:30,2025-05-02 13:30:00+05:30,2025-05-02 13:35:00+05:30,60,2025-05-02 14:30:00+05:30,0.0023044424529510277,True
2025-05-02 14:35:00+05:30,2025-05-02 14:35:00+05:30,2025-05-02 14:40:00+05:30,5,2025-05-02 14:40:00+05:30,0.0016583747927030323,True
2025-05-02 14:35:00+05:30,2025-05-02 14:35:00+05:30,2025-05-02 14:40:00+05:30,10,2025-05-02 14:45:00+05:30,0.002806480418420687,True
2025-05-02 14:35:00+05:30,2025-05-02 14:35:00+05:30,2025-05-02 14:40:00+05:30,15,2025-05-02 14:50:00+05:30,0.0035718841688991976,True
2025-05-02 14:35:00+05:30,2025-05-02 14:35:00+05:30,2025-05-02 14:40:00+05:30,20,2025-05-02 14:55:00+05:30,0.004847557086363086,True
2025-05-02 14:35:00+05:30,2025-05-02 14:35:00+05:30,2025-05-02 14:40:00+05:30,25,2025-05-02 15:00:00+05:30,0.00471998979461663,True
2025-05-02 14:35:00+05:30,2025-05-02 14:35:00+05:30,2025-05-02 14:40:00+05:30,30,2025-05-02 15:05:00+05:30,0.006761066462559029,True
2025-05-02 14:35:00+05:30,2025-05-02 14:35:00+05:30,2025-05-02 14:40:00+05:30,45,2025-05-02 15:20:00+05:30,0.008036739380022917,True
2025-05-02 14:35:00+05:30,2025-05-02 14:35:00+05:30,2025-05-02 14:40:00+05:30,60,,,False
2025-05-05 13:55:00+05:30,2025-05-05 13:55:00+05:30,2025-05-05 14:00:00+05:30,5,2025-05-05 14:00:00+05:30,0.0,True
2025-05-05 13:55:00+05:30,2025-05-05 13:55:00+05:30,2025-05-05 14:00:00+05:30,10,2025-05-05 14:05:00+05:30,0.0007601672367918422,True
2025-05-05 13:55:00+05:30,2025-05-05 13:55:00+05:30,2025-05-05 14:00:00+05:30,15,2025-05-05 14:10:00+05:30,0.0020271126314455046,True
2025-05-05 13:55:00+05:30,2025-05-05 13:55:00+05:30,2025-05-05 14:00:00+05:30,20,2025-05-05 14:15:00+05:30,0.0025338907893068807,True
2025-05-05 13:55:00+05:30,2025-05-05 13:55:00+05:30,2025-05-05 14:00:00+05:30,25,2025-05-05 14:20:00+05:30,0.003420752565564289,True
2025-05-05 13:55:00+05:30,2025-05-05 13:55:00+05:30,2025-05-05 14:00:00+05:30,30,2025-05-05 14:25:00+05:30,0.004561003420752607,True
2025-05-05 13:55:00+05:30,2025-05-05 13:55:00+05:30,2025-05-05 14:00:00+05:30,45,2025-05-05 14:40:00+05:30,0.00810845052578224,True
2025-05-05 13:55:00+05:30,2025-05-05 13:55:00+05:30,2025-05-05 14:00:00+05:30,60,2025-05-05 14:55:00+05:30,0.010769035854554687,True
2025-05-06 11:45:00+05:30,2025-05-06 11:45:00+05:30,2025-05-06 11:50:00+05:30,5,2025-05-06 11:50:00+05:30,-0.00012275963663133105,True
2025-05-06 11:45:00+05:30,2025-05-06 11:45:00+05:30,2025-05-06 11:50:00+05:30,10,2025-05-06 11:55:00+05:30,-0.0007365578197886524,True
2025-05-06 11:45:00+05:30,2025-05-06 11:45:00+05:30,2025-05-06 11:50:00+05:30,15,2025-05-06 12:00:00+05:30,-0.0006137981831573214,True
2025-05-06 11:45:00+05:30,2025-05-06 11:45:00+05:30,2025-05-06 11:50:00+05:30,20,2025-05-06 12:05:00+05:30,-0.00024551927326288414,True
2025-05-06 11:45:00+05:30,2025-05-06 11:45:00+05:30,2025-05-06 11:50:00+05:30,25,2025-05-06 12:10:00+05:30,-0.0003682789098942152,True
2025-05-06 11:45:00+05:30,2025-05-06 11:45:00+05:30,2025-05-06 11:50:00+05:30,30,2025-05-06 12:15:00+05:30,-0.0004910385465257683,True
2025-05-06 11:45:00+05:30,2025-05-06 11:45:00+05:30,2025-05-06 11:50:00+05:30,45,2025-05-06 12:30:00+05:30,-0.0004910385465257683,True
2025-05-06 11:45:00+05:30,2025-05-06 11:45:00+05:30,2025-05-06 11:50:00+05:30,60,2025-05-06 12:45:00+05:30,-0.0012275963663146428,True
2025-05-06 13:45:00+05:30,2025-05-06 13:45:00+05:30,2025-05-06 13:50:00+05:30,5,2025-05-06 13:50:00+05:30,0.00036764705882363913,True
2025-05-06 13:45:00+05:30,2025-05-06 13:45:00+05:30,2025-05-06 13:50:00+05:30,10,2025-05-06 13:55:00+05:30,-0.0002450980392156854,True
2025-05-06 13:45:00+05:30,2025-05-06 13:45:00+05:30,2025-05-06 13:50:00+05:30,15,2025-05-06 14:00:00+05:30,-0.0003676470588235281,True
2025-05-06 13:45:00+05:30,2025-05-06 13:45:00+05:30,2025-05-06 13:50:00+05:30,20,2025-05-06 14:05:00+05:30,0.00012254901960795372,True
2025-05-06 13:45:00+05:30,2025-05-06 13:45:00+05:30,2025-05-06 13:50:00+05:30,25,2025-05-06 14:10:00+05:30,-0.00012254901960773168,True
2025-05-06 13:45:00+05:30,2025-05-06 13:45:00+05:30,2025-05-06 13:50:00+05:30,30,2025-05-06 14:15:00+05:30,0.00012254901960795372,True
2025-05-06 13:45:00+05:30,2025-05-06 13:45:00+05:30,2025-05-06 13:50:00+05:30,45,2025-05-06 14:30:00+05:30,0.0009803921568629637,True
2025-05-06 13:45:00+05:30,2025-05-06 13:45:00+05:30,2025-05-06 13:50:00+05:30,60,2025-05-06 14:45:00+05:30,0.0026960784313725394,True
2025-05-06 14:50:00+05:30,2025-05-06 14:50:00+05:30,2025-05-06 14:55:00+05:30,5,2025-05-06 14:55:00+05:30,0.00024449877750609694,True
2025-05-06 14:50:00+05:30,2025-05-06 14:50:00+05:30,2025-05-06 14:55:00+05:30,10,2025-05-06 15:00:00+05:30,0.0007334963325182908,True
2025-05-06 14:50:00+05:30,2025-05-06 14:50:00+05:30,2025-05-06 14:55:00+05:30,15,2025-05-06 15:05:00+05:30,0.0022004889975550945,True
2025-05-06 14:50:00+05:30,2025-05-06 14:50:00+05:30,2025-05-06 14:55:00+05:30,20,2025-05-06 15:10:00+05:30,0.0019559902200487755,True
2025-05-06 14:50:00+05:30,2025-05-06 14:50:00+05:30,2025-05-06 14:55:00+05:30,25,2025-05-06 15:15:00+05:30,0.002322738386308032,True
2025-05-06 14:50:00+05:30,2025-05-06 14:50:00+05:30,2025-05-06 14:55:00+05:30,30,2025-05-06 15:20:00+05:30,0.005501222493887514,True
2025-05-06 14:50:00+05:30,2025-05-06 14:50:00+05:30,2025-05-06 14:55:00+05:30,45,,,False
2025-05-06 14:50:00+05:30,2025-05-06 14:50:00+05:30,2025-05-06 14:55:00+05:30,60,,,False
2025-05-13 14:35:00+05:30,2025-05-13 14:35:00+05:30,2025-05-13 14:40:00+05:30,5,2025-05-13 14:40:00+05:30,-0.000759205365051252,True
2025-05-13 14:35:00+05:30,2025-05-13 14:35:00+05:30,2025-05-13 14:40:00+05:30,10,2025-05-13 14:45:00+05:30,-0.0003796026825256815,True
2025-05-13 14:35:00+05:30,2025-05-13 14:35:00+05:30,2025-05-13 14:40:00+05:30,15,2025-05-13 14:50:00+05:30,-0.000253068455017047,True
2025-05-13 14:35:00+05:30,2025-05-13 14:35:00+05:30,2025-05-13 14:40:00+05:30,20,2025-05-13 14:55:00+05:30,-0.0003796026825256815,True
2025-05-13 14:35:00+05:30,2025-05-13 14:35:00+05:30,2025-05-13 14:40:00+05:30,25,2025-05-13 15:00:00+05:30,-0.000253068455017047,True
2025-05-13 14:35:00+05:30,2025-05-13 14:35:00+05:30,2025-05-13 14:40:00+05:30,30,2025-05-13 15:05:00+05:30,-0.0003796026825256815,True
2025-05-13 14:35:00+05:30,2025-05-13 14:35:00+05:30,2025-05-13 14:40:00+05:30,45,2025-05-13 15:20:00+05:30,0.001771479185119551,True
2025-05-13 14:35:00+05:30,2025-05-13 14:35:00+05:30,2025-05-13 14:40:00+05:30,60,,,False
2025-05-14 13:05:00+05:30,2025-05-14 13:05:00+05:30,2025-05-14 13:10:00+05:30,5,2025-05-14 13:10:00+05:30,-0.0011459129106188293,True
2025-05-14 13:05:00+05:30,2025-05-14 13:05:00+05:30,2025-05-14 13:10:00+05:30,10,2025-05-14 13:15:00+05:30,-0.0010185892538835395,True
2025-05-14 13:05:00+05:30,2025-05-14 13:05:00+05:30,2025-05-14 13:10:00+05:30,15,2025-05-14 13:20:00+05:30,-0.00025464731347102365,True
2025-05-14 13:05:00+05:30,2025-05-14 13:05:00+05:30,2025-05-14 13:10:00+05:30,20,2025-05-14 13:25:00+05:30,0.0005092946269416032,True
2025-05-14 13:05:00+05:30,2025-05-14 13:05:00+05:30,2025-05-14 13:10:00+05:30,25,2025-05-14 13:30:00+05:30,0.0001273236567354008,True
2025-05-14 13:05:00+05:30,2025-05-14 13:05:00+05:30,2025-05-14 13:10:00+05:30,30,2025-05-14 13:35:00+05:30,0.0001273236567354008,True
2025-05-14 13:05:00+05:30,2025-05-14 13:05:00+05:30,2025-05-14 13:10:00+05:30,45,2025-05-14 13:50:00+05:30,-0.0008912655971480277,True
2025-05-14 13:05:00+05:30,2025-05-14 13:05:00+05:30,2025-05-14 13:10:00+05:30,60,2025-05-14 14:05:00+05:30,-0.0016552075375606545,True
2025-05-15 14:20:00+05:30,2025-05-15 14:20:00+05:30,2025-05-15 14:25:00+05:30,5,2025-05-15 14:25:00+05:30,0.00025984149668700773,True
2025-05-15 14:20:00+05:30,2025-05-15 14:20:00+05:30,2025-05-15 14:25:00+05:30,10,2025-05-15 14:30:00+05:30,-0.0005196829933739044,True
2025-05-15 14:20:00+05:30,2025-05-15 14:20:00+05:30,2025-05-15 14:25:00+05:30,15,2025-05-15 14:35:00+05:30,0.0001299207483436149,True
2025-05-15 14:20:00+05:30,2025-05-15 14:20:00+05:30,2025-05-15 14:25:00+05:30,20,2025-05-15 14:40:00+05:30,0.0012992074834350387,True
2025-05-15 14:20:00+05:30,2025-05-15 14:20:00+05:30,2025-05-15 14:25:00+05:30,25,2025-05-15 14:45:00+05:30,0.0018188904768090541,True
2025-05-15 14:20:00+05:30,2025-05-15 14:20:00+05:30,2025-05-15 14:25:00+05:30,30,2025-05-15 14:50:00+05:30,0.0012992074834350387,True
2025-05-15 14:20:00+05:30,2025-05-15 14:20:00+05:30,2025-05-15 14:25:00+05:30,45,2025-05-15 15:05:00+05:30,0.0012992074834350387,True
2025-05-15 14:20:00+05:30,2025-05-15 14:20:00+05:30,2025-05-15 14:25:00+05:30,60,2025-05-15 15:20:00+05:30,0.001039365986748031,True
2025-05-19 13:45:00+05:30,2025-05-19 13:45:00+05:30,2025-05-19 13:50:00+05:30,5,2025-05-19 13:50:00+05:30,0.00012773023374612613,True
2025-05-19 13:45:00+05:30,2025-05-19 13:45:00+05:30,2025-05-19 13:50:00+05:30,10,2025-05-19 13:55:00+05:30,-0.00038319070123904453,True
2025-05-19 13:45:00+05:30,2025-05-19 13:45:00+05:30,2025-05-19 13:50:00+05:30,15,2025-05-19 14:00:00+05:30,0.0,True
2025-05-19 13:45:00+05:30,2025-05-19 13:45:00+05:30,2025-05-19 13:50:00+05:30,20,2025-05-19 14:05:00+05:30,0.00012773023374612613,True
2025-05-19 13:45:00+05:30,2025-05-19 13:45:00+05:30,2025-05-19 13:50:00+05:30,25,2025-05-19 14:10:00+05:30,0.00012773023374612613,True
2025-05-19 13:45:00+05:30,2025-05-19 13:45:00+05:30,2025-05-19 13:50:00+05:30,30,2025-05-19 14:15:00+05:30,0.000766381402477867,True
2025-05-19 13:45:00+05:30,2025-05-19 13:45:00+05:30,2025-05-19 13:50:00+05:30,45,2025-05-19 14:30:00+05:30,0.0024268744411801713,True
2025-05-19 13:45:00+05:30,2025-05-19 13:45:00+05:30,2025-05-19 13:50:00+05:30,60,2025-05-19 14:45:00+05:30,-0.0002554604674928074,True
2025-05-20 13:15:00+05:30,2025-05-20 13:15:00+05:30,2025-05-20 13:20:00+05:30,5,2025-05-20 13:20:00+05:30,0.0,True
2025-05-20 13:15:00+05:30,2025-05-20 13:15:00+05:30,2025-05-20 13:20:00+05:30,10,2025-05-20 13:25:00+05:30,-0.0001283202874374778,True
2025-05-20 13:15:00+05:30,2025-05-20 13:15:00+05:30,2025-05-20 13:20:00+05:30,15,2025-05-20 13:30:00+05:30,-0.00025664057487506664,True
2025-05-20 13:15:00+05:30,2025-05-20 13:15:00+05:30,2025-05-20 13:20:00+05:30,20,2025-05-20 13:35:00+05:30,0.0,True
2025-05-20 13:15:00+05:30,2025-05-20 13:15:00+05:30,2025-05-20 13:20:00+05:30,25,2025-05-20 13:40:00+05:30,0.0007699217246244228,True
2025-05-20 13:15:00+05:30,2025-05-20 13:15:00+05:30,2025-05-20 13:20:00+05:30,30,2025-05-20 13:45:00+05:30,0.000641601437187278,True
2025-05-20 13:15:00+05:30,2025-05-20 13:15:00+05:30,2025-05-20 13:20:00+05:30,45,2025-05-20 14:00:00+05:30,0.0005132811497496892,True
2025-05-20 13:15:00+05:30,2025-05-20 13:15:00+05:30,2025-05-20 13:20:00+05:30,60,2025-05-20 14:15:00+05:30,0.0015398434492492896,True
2025-05-20 14:55:00+05:30,2025-05-20 14:55:00+05:30,2025-05-20 15:00:00+05:30,5,2025-05-20 15:00:00+05:30,-0.0002558199027885566,True
2025-05-20 14:55:00+05:30,2025-05-20 14:55:00+05:30,2025-05-20 15:00:00+05:30,10,2025-05-20 15:05:00+05:30,0.0,True
2025-05-20 14:55:00+05:30,2025-05-20 14:55:00+05:30,2025-05-20 15:00:00+05:30,15,2025-05-20 15:10:00+05:30,0.0007674597083651147,True
2025-05-20 14:55:00+05:30,2025-05-20 14:55:00+05:30,2025-05-20 15:00:00+05:30,20,2025-05-20 15:15:00+05:30,0.0007674597083651147,True
2025-05-20 14:55:00+05:30,2025-05-20 14:55:00+05:30,2025-05-20 15:00:00+05:30,25,2025-05-20 15:20:00+05:30,0.0005116398055766691,True
2025-05-20 14:55:00+05:30,2025-05-20 14:55:00+05:30,2025-05-20 15:00:00+05:30,30,2025-05-20 15:25:00+05:30,0.001151189562547783,True
2025-05-20 14:55:00+05:30,2025-05-20 14:55:00+05:30,2025-05-20 15:00:00+05:30,45,,,False
2025-05-20 14:55:00+05:30,2025-05-20 14:55:00+05:30,2025-05-20 15:00:00+05:30,60,,,False
2025-05-28 13:40:00+05:30,2025-05-28 13:40:00+05:30,2025-05-28 13:45:00+05:30,5,2025-05-28 13:45:00+05:30,0.0003750468808600971,True
2025-05-28 13:40:00+05:30,2025-05-28 13:40:00+05:30,2025-05-28 13:45:00+05:30,10,2025-05-28 13:50:00+05:30,-0.00012501562695321766,True
2025-05-28 13:40:00+05:30,2025-05-28 13:40:00+05:30,2025-05-28 13:45:00+05:30,15,2025-05-28 13:55:00+05:30,0.0,True
2025-05-28 13:40:00+05:30,2025-05-28 13:40:00+05:30,2025-05-28 13:45:00+05:30,20,2025-05-28 14:00:00+05:30,-0.00025003125390665737,True
2025-05-28 13:40:00+05:30,2025-05-28 13:40:00+05:30,2025-05-28 13:45:00+05:30,25,2025-05-28 14:05:00+05:30,-0.0007500937617200831,True
2025-05-28 13:40:00+05:30,2025-05-28 13:40:00+05:30,2025-05-28 13:45:00+05:30,30,2025-05-28 14:10:00+05:30,-0.0005000625078134258,True
2025-05-28 13:40:00+05:30,2025-05-28 13:40:00+05:30,2025-05-28 13:45:00+05:30,45,2025-05-28 14:25:00+05:30,0.0,True
2025-05-28 13:40:00+05:30,2025-05-28 13:40:00+05:30,2025-05-28 13:45:00+05:30,60,2025-05-28 14:40:00+05:30,0.0,True
2025-05-29 12:45:00+05:30,2025-05-29 12:45:00+05:30,2025-05-29 12:50:00+05:30,5,2025-05-29 12:50:00+05:30,0.0,True
2025-05-29 12:45:00+05:30,2025-05-29 12:45:00+05:30,2025-05-29 12:50:00+05:30,10,2025-05-29 12:55:00+05:30,0.0001264222503161161,True
2025-05-29 12:45:00+05:30,2025-05-29 12:45:00+05:30,2025-05-29 12:50:00+05:30,15,2025-05-29 13:00:00+05:30,0.0,True
2025-05-29 12:45:00+05:30,2025-05-29 12:45:00+05:30,2025-05-29 12:50:00+05:30,20,2025-05-29 13:05:00+05:30,0.0,True
2025-05-29 12:45:00+05:30,2025-05-29 12:45:00+05:30,2025-05-29 12:50:00+05:30,25,2025-05-29 13:10:00+05:30,-0.00025284450063201014,True
2025-05-29 12:45:00+05:30,2025-05-29 12:45:00+05:30,2025-05-29 12:50:00+05:30,30,2025-05-29 13:15:00+05:30,-0.00025284450063201014,True
2025-05-29 12:45:00+05:30,2025-05-29 12:45:00+05:30,2025-05-29 12:50:00+05:30,45,2025-05-29 13:30:00+05:30,0.0008849557522125906,True
2025-05-29 12:45:00+05:30,2025-05-29 12:45:00+05:30,2025-05-29 12:50:00+05:30,60,2025-05-29 13:45:00+05:30,0.00037926675094812623,True
2025-06-02 11:45:00+05:30,2025-06-02 11:45:00+05:30,2025-06-02 11:50:00+05:30,5,2025-06-02 11:50:00+05:30,0.0006242976651267274,True
2025-06-02 11:45:00+05:30,2025-06-02 11:45:00+05:30,2025-06-02 11:50:00+05:30,10,2025-06-02 11:55:00+05:30,0.0012485953302534547,True
2025-06-02 11:45:00+05:30,2025-06-02 11:45:00+05:30,2025-06-02 11:50:00+05:30,15,2025-06-02 12:00:00+05:30,0.0011237357972282425,True
2025-06-02 11:45:00+05:30,2025-06-02 11:45:00+05:30,2025-06-02 11:50:00+05:30,20,2025-06-02 12:05:00+05:30,0.0016231739293295355,True
2025-06-02 11:45:00+05:30,2025-06-02 11:45:00+05:30,2025-06-02 11:50:00+05:30,25,2025-06-02 12:10:00+05:30,0.002871769259582768,True
2025-06-02 11:45:00+05:30,2025-06-02 11:45:00+05:30,2025-06-02 11:50:00+05:30,30,2025-06-02 12:15:00+05:30,0.0029966287926082025,True
2025-06-02 11:45:00+05:30,2025-06-02 11:45:00+05:30,2025-06-02 11:50:00+05:30,45,2025-06-02 12:30:00+05:30,0.004494943188912526,True
2025-06-02 11:45:00+05:30,2025-06-02 11:45:00+05:30,2025-06-02 11:50:00+05:30,60,2025-06-02 12:45:00+05:30,0.006742414783368567,True
2025-06-02 12:50:00+05:30,2025-06-02 12:50:00+05:30,2025-06-02 12:55:00+05:30,5,2025-06-02 12:55:00+05:30,0.0,True
2025-06-02 12:50:00+05:30,2025-06-02 12:50:00+05:30,2025-06-02 12:55:00+05:30,10,2025-06-02 13:00:00+05:30,-0.0007440476190476719,True
2025-06-02 12:50:00+05:30,2025-06-02 12:50:00+05:30,2025-06-02 12:55:00+05:30,15,2025-06-02 13:05:00+05:30,-0.0004960317460318553,True
2025-06-02 12:50:00+05:30,2025-06-02 12:50:00+05:30,2025-06-02 12:55:00+05:30,20,2025-06-02 13:10:00+05:30,-0.0006200396825396526,True
2025-06-02 12:50:00+05:30,2025-06-02 12:50:00+05:30,2025-06-02 12:55:00+05:30,25,2025-06-02 13:15:00+05:30,-0.0012400793650793052,True
2025-06-02 12:50:00+05:30,2025-06-02 12:50:00+05:30,2025-06-02 12:55:00+05:30,30,2025-06-02 13:20:00+05:30,-0.002728174603174538,True
2025-06-02 12:50:00+05:30,2025-06-02 12:50:00+05:30,2025-06-02 12:55:00+05:30,45,2025-06-02 13:35:00+05:30,-0.0014880952380953438,True
2025-06-02 12:50:00+05:30,2025-06-02 12:50:00+05:30,2025-06-02 12:55:00+05:30,60,2025-06-02 13:50:00+05:30,-0.0016121031746031411,True
2025-06-03 11:45:00+05:30,2025-06-03 11:45:00+05:30,2025-06-03 11:50:00+05:30,5,2025-06-03 11:50:00+05:30,0.0,True
2025-06-03 11:45:00+05:30,2025-06-03 11:45:00+05:30,2025-06-03 11:50:00+05:30,10,2025-06-03 11:55:00+05:30,-0.0002467308166789195,True
2025-06-03 11:45:00+05:30,2025-06-03 11:45:00+05:30,2025-06-03 11:50:00+05:30,15,2025-06-03 12:00:00+05:30,-0.0007401924500370916,True
2025-06-03 11:45:00+05:30,2025-06-03 11:45:00+05:30,2025-06-03 11:50:00+05:30,20,2025-06-03 12:05:00+05:30,-0.0007401924500370916,True
2025-06-03 11:45:00+05:30,2025-06-03 11:45:00+05:30,2025-06-03 11:50:00+05:30,25,2025-06-03 12:10:00+05:30,-0.0013570194917345013,True
2025-06-03 11:45:00+05:30,2025-06-03 11:45:00+05:30,2025-06-03 11:50:00+05:30,30,2025-06-03 12:15:00+05:30,-0.0017271157167529916,True
2025-06-03 11:45:00+05:30,2025-06-03 11:45:00+05:30,2025-06-03 11:50:00+05:30,45,2025-06-03 12:30:00+05:30,-0.0011102886750555818,True
2025-06-03 11:45:00+05:30,2025-06-03 11:45:00+05:30,2025-06-03 11:50:00+05:30,60,2025-06-03 12:45:00+05:30,-0.0016037503084134208,True
2025-06-04 12:35:00+05:30,2025-06-04 12:35:00+05:30,2025-06-04 12:40:00+05:30,5,2025-06-04 12:40:00+05:30,0.0001230466346746617,True
2025-06-04 12:35:00+05:30,2025-06-04 12:35:00+05:30,2025-06-04 12:40:00+05:30,10,2025-06-04 12:45:00+05:30,-0.00024609326934899034,True
2025-06-04 12:35:00+05:30,2025-06-04 12:35:00+05:30,2025-06-04 12:40:00+05:30,15,2025-06-04 12:50:00+05:30,-0.00024609326934899034,True
2025-06-04 12:35:00+05:30,2025-06-04 12:35:00+05:30,2025-06-04 12:40:00+05:30,20,2025-06-04 12:55:00+05:30,-0.00012304663467443966,True
2025-06-04 12:35:00+05:30,2025-06-04 12:35:00+05:30,2025-06-04 12:40:00+05:30,25,2025-06-04 13:00:00+05:30,0.0,True
2025-06-04 12:35:00+05:30,2025-06-04 12:35:00+05:30,2025-06-04 12:40:00+05:30,30,2025-06-04 13:05:00+05:30,-0.00024609326934899034,True
2025-06-04 12:35:00+05:30,2025-06-04 12:35:00+05:30,2025-06-04 12:40:00+05:30,45,2025-06-04 13:20:00+05:30,-0.0009843730773962944,True
2025-06-04 12:35:00+05:30,2025-06-04 12:35:00+05:30,2025-06-04 12:40:00+05:30,60,2025-06-04 13:35:00+05:30,-0.0012304663467453958,True
2025-06-04 14:50:00+05:30,2025-06-04 14:50:00+05:30,2025-06-04 14:55:00+05:30,5,2025-06-04 14:55:00+05:30,0.0,True
2025-06-04 14:50:00+05:30,2025-06-04 14:50:00+05:30,2025-06-04 14:55:00+05:30,10,2025-06-04 15:00:00+05:30,0.00024591171769339226,True
2025-06-04 14:50:00+05:30,2025-06-04 14:50:00+05:30,2025-06-04 14:55:00+05:30,15,2025-06-04 15:05:00+05:30,-0.00012295585884669613,True
2025-06-04 14:50:00+05:30,2025-06-04 14:50:00+05:30,2025-06-04 14:55:00+05:30,20,2025-06-04 15:10:00+05:30,0.0,True
2025-06-04 14:50:00+05:30,2025-06-04 14:50:00+05:30,2025-06-04 14:55:00+05:30,25,2025-06-04 15:15:00+05:30,-0.00024591171769328124,True
2025-06-04 14:50:00+05:30,2025-06-04 14:50:00+05:30,2025-06-04 14:55:00+05:30,30,2025-06-04 15:20:00+05:30,-0.00012295585884669613,True
2025-06-04 14:50:00+05:30,2025-06-04 14:50:00+05:30,2025-06-04 14:55:00+05:30,45,,,False
2025-06-04 14:50:00+05:30,2025-06-04 14:50:00+05:30,2025-06-04 14:55:00+05:30,60,,,False
2025-06-05 14:45:00+05:30,2025-06-05 14:45:00+05:30,2025-06-05 14:50:00+05:30,5,2025-06-05 14:50:00+05:30,0.00024515812699177353,True
2025-06-05 14:45:00+05:30,2025-06-05 14:45:00+05:30,2025-06-05 14:50:00+05:30,10,2025-06-05 14:55:00+05:30,0.0013483696984555316,True
2025-06-05 14:45:00+05:30,2025-06-05 14:45:00+05:30,2025-06-05 14:50:00+05:30,15,2025-06-05 15:00:00+05:30,0.0009806325079675382,True
2025-06-05 14:45:00+05:30,2025-06-05 14:45:00+05:30,2025-06-05 14:50:00+05:30,20,2025-06-05 15:05:00+05:30,0.0018386859524393007,True
2025-06-05 14:45:00+05:30,2025-06-05 14:45:00+05:30,2025-06-05 14:50:00+05:30,25,2025-06-05 15:10:00+05:30,0.0020838440794312962,True
2025-06-05 14:45:00+05:30,2025-06-05 14:45:00+05:30,2025-06-05 14:50:00+05:30,30,2025-06-05 15:15:00+05:30,0.0023290022064230698,True
2025-06-05 14:45:00+05:30,2025-06-05 14:45:00+05:30,2025-06-05 14:50:00+05:30,45,,,False
2025-06-05 14:45:00+05:30,2025-06-05 14:45:00+05:30,2025-06-05 14:50:00+05:30,60,,,False
2025-06-06 14:00:00+05:30,2025-06-06 14:00:00+05:30,2025-06-06 14:05:00+05:30,5,2025-06-06 14:05:00+05:30,-0.00024560972614529053,True
2025-06-06 14:00:00+05:30,2025-06-06 14:00:00+05:30,2025-06-06 14:05:00+05:30,10,2025-06-06 14:10:00+05:30,0.0002456097261451795,True
2025-06-06 14:00:00+05:30,2025-06-06 14:00:00+05:30,2025-06-06 14:05:00+05:30,15,2025-06-06 14:15:00+05:30,-0.00024560972614529053,True
2025-06-06 14:00:00+05:30,2025-06-06 14:00:00+05:30,2025-06-06 14:05:00+05:30,20,2025-06-06 14:20:00+05:30,-0.00024560972614529053,True
2025-06-06 14:00:00+05:30,2025-06-06 14:00:00+05:30,2025-06-06 14:05:00+05:30,25,2025-06-06 14:25:00+05:30,0.0003684145892175472,True
2025-06-06 14:00:00+05:30,2025-06-06 14:00:00+05:30,2025-06-06 14:05:00+05:30,30,2025-06-06 14:30:00+05:30,-0.00012280486307258975,True
2025-06-06 14:00:00+05:30,2025-06-06 14:00:00+05:30,2025-06-06 14:05:00+05:30,45,2025-06-06 14:45:00+05:30,-0.0012280486307258975,True
2025-06-06 14:00:00+05:30,2025-06-06 14:00:00+05:30,2025-06-06 14:05:00+05:30,60,2025-06-06 15:00:00+05:30,-0.001964877809161325,True
2025-06-09 11:55:00+05:30,2025-06-09 11:55:00+05:30,2025-06-09 12:00:00+05:30,5,2025-06-09 12:00:00+05:30,-0.00012456402590943494,True
2025-06-09 11:55:00+05:30,2025-06-09 11:55:00+05:30,2025-06-09 12:00:00+05:30,10,2025-06-09 12:05:00+05:30,-0.0002491280518185368,True
2025-06-09 11:55:00+05:30,2025-06-09 11:55:00+05:30,2025-06-09 12:00:00+05:30,15,2025-06-09 12:10:00+05:30,0.0,True
2025-06-09 11:55:00+05:30,2025-06-09 11:55:00+05:30,2025-06-09 12:00:00+05:30,20,2025-06-09 12:15:00+05:30,0.00012456402590932392,True
2025-06-09 11:55:00+05:30,2025-06-09 11:55:00+05:30,2025-06-09 12:00:00+05:30,25,2025-06-09 12:20:00+05:30,0.0004982561036370736,True
2025-06-09 11:55:00+05:30,2025-06-09 11:55:00+05:30,2025-06-09 12:00:00+05:30,30,2025-06-09 12:25:00+05:30,0.0012456402590930171,True
2025-06-09 11:55:00+05:30,2025-06-09 11:55:00+05:30,2025-06-09 12:00:00+05:30,45,2025-06-09 12:40:00+05:30,0.0018684603886398587,True
2025-06-09 11:55:00+05:30,2025-06-09 11:55:00+05:30,2025-06-09 12:00:00+05:30,60,2025-06-09 12:55:00+05:30,0.0019930244145489606,True
2025-06-10 11:45:00+05:30,2025-06-10 11:45:00+05:30,2025-06-10 11:50:00+05:30,5,2025-06-10 11:50:00+05:30,0.000372995151062927,True
2025-06-10 11:45:00+05:30,2025-06-10 11:45:00+05:30,2025-06-10 11:50:00+05:30,10,2025-06-10 11:55:00+05:30,0.000372995151062927,True
2025-06-10 11:45:00+05:30,2025-06-10 11:45:00+05:30,2025-06-10 11:50:00+05:30,15,2025-06-10 12:00:00+05:30,0.0011189854531890031,True
2025-06-10 11:45:00+05:30,2025-06-10 11:45:00+05:30,2025-06-10 11:50:00+05:30,20,2025-06-10 12:05:00+05:30,0.0014919806042519301,True
2025-06-10 11:45:00+05:30,2025-06-10 11:45:00+05:30,2025-06-10 11:50:00+05:30,25,2025-06-10 12:10:00+05:30,0.0018649757553150792,True
2025-06-10 11:45:00+05:30,2025-06-10 11:45:00+05:30,2025-06-10 11:50:00+05:30,30,2025-06-10 12:15:00+05:30,0.0018649757553150792,True
2025-06-10 11:45:00+05:30,2025-06-10 11:45:00+05:30,2025-06-10 11:50:00+05:30,45,2025-06-10 12:30:00+05:30,0.0004973268680839027,True
2025-06-10 11:45:00+05:30,2025-06-10 11:45:00+05:30,2025-06-10 11:50:00+05:30,60,2025-06-10 12:45:00+05:30,0.0013676488872311765,True
2025-06-10 14:30:00+05:30,2025-06-10 14:30:00+05:30,2025-06-10 14:35:00+05:30,5,2025-06-10 14:35:00+05:30,-0.00037202380952383596,True
2025-06-10 14:30:00+05:30,2025-06-10 14:30:00+05:30,2025-06-10 14:35:00+05:30,10,2025-06-10 14:40:00+05:30,-0.0002480158730158166,True
2025-06-10 14:30:00+05:30,2025-06-10 14:30:00+05:30,2025-06-10 14:35:00+05:30,15,2025-06-10 14:45:00+05:30,0.0001240079365079083,True
2025-06-10 14:30:00+05:30,2025-06-10 14:30:00+05:30,2025-06-10 14:35:00+05:30,20,2025-06-10 14:50:00+05:30,0.0004960317460318553,True
2025-06-10 14:30:00+05:30,2025-06-10 14:30:00+05:30,2025-06-10 14:35:00+05:30,25,2025-06-10 14:55:00+05:30,0.0002480158730158166,True
2025-06-10 14:30:00+05:30,2025-06-10 14:30:00+05:30,2025-06-10 14:35:00+05:30,30,2025-06-10 15:00:00+05:30,0.00037202380952372494,True
2025-06-10 14:30:00+05:30,2025-06-10 14:30:00+05:30,2025-06-10 14:35:00+05:30,45,2025-06-10 15:15:00+05:30,-0.0004960317460318553,True
2025-06-10 14:30:00+05:30,2025-06-10 14:30:00+05:30,2025-06-10 14:35:00+05:30,60,,,False
2025-06-11 13:20:00+05:30,2025-06-11 13:20:00+05:30,2025-06-11 13:25:00+05:30,5,2025-06-11 13:25:00+05:30,0.0003711034141513636,True
2025-06-11 13:20:00+05:30,2025-06-11 13:20:00+05:30,2025-06-11 13:25:00+05:30,10,2025-06-11 13:30:00+05:30,-0.0002474022761010941,True
2025-06-11 13:20:00+05:30,2025-06-11 13:20:00+05:30,2025-06-11 13:25:00+05:30,15,2025-06-11 13:35:00+05:30,-0.0004948045522019662,True
2025-06-11 13:20:00+05:30,2025-06-11 13:20:00+05:30,2025-06-11 13:25:00+05:30,20,2025-06-11 13:40:00+05:30,-0.0002474022761010941,True
2025-06-11 13:20:00+05:30,2025-06-11 13:20:00+05:30,2025-06-11 13:25:00+05:30,25,2025-06-11 13:45:00+05:30,-0.00012370113805049154,True
2025-06-11 13:20:00+05:30,2025-06-11 13:20:00+05:30,2025-06-11 13:25:00+05:30,30,2025-06-11 13:50:00+05:30,-0.00012370113805049154,True
2025-06-11 13:20:00+05:30,2025-06-11 13:20:00+05:30,2025-06-11 13:25:00+05:30,45,2025-06-11 14:05:00+05:30,-0.00012370113805049154,True
2025-06-11 13:20:00+05:30,2025-06-11 13:20:00+05:30,2025-06-11 13:25:00+05:30,60,2025-06-11 14:20:00+05:30,0.00012370113805038052,True
2025-06-16 14:30:00+05:30,2025-06-16 14:30:00+05:30,2025-06-16 14:35:00+05:30,5,2025-06-16 14:35:00+05:30,0.0,True
2025-06-16 14:30:00+05:30,2025-06-16 14:30:00+05:30,2025-06-16 14:35:00+05:30,10,2025-06-16 14:40:00+05:30,0.00012030798845041879,True
2025-06-16 14:30:00+05:30,2025-06-16 14:30:00+05:30,2025-06-16 14:35:00+05:30,15,2025-06-16 14:45:00+05:30,-0.0002406159769009486,True
2025-06-16 14:30:00+05:30,2025-06-16 14:30:00+05:30,2025-06-16 14:35:00+05:30,20,2025-06-16 14:50:00+05:30,0.00024061597690083758,True
2025-06-16 14:30:00+05:30,2025-06-16 14:30:00+05:30,2025-06-16 14:35:00+05:30,25,2025-06-16 14:55:00+05:30,0.000601539942252094,True
2025-06-16 14:30:00+05:30,2025-06-16 14:30:00+05:30,2025-06-16 14:35:00+05:30,30,2025-06-16 15:00:00+05:30,-0.00012030798845052981,True
2025-06-16 14:30:00+05:30,2025-06-16 14:30:00+05:30,2025-06-16 14:35:00+05:30,45,2025-06-16 15:15:00+05:30,-0.0002406159769009486,True
2025-06-16 14:30:00+05:30,2025-06-16 14:30:00+05:30,2025-06-16 14:35:00+05:30,60,,,False
2025-06-18 13:40:00+05:30,2025-06-18 13:40:00+05:30,2025-06-18 13:45:00+05:30,5,2025-06-18 13:45:00+05:30,-0.0004829168175780607,True
2025-06-18 13:40:00+05:30,2025-06-18 13:40:00+05:30,2025-06-18 13:45:00+05:30,10,2025-06-18 13:50:00+05:30,0.0003621876131836288,True
2025-06-18 13:40:00+05:30,2025-06-18 13:40:00+05:30,2025-06-18 13:45:00+05:30,15,2025-06-18 13:55:00+05:30,0.00048291681757817173,True
2025-06-18 13:40:00+05:30,2025-06-18 13:40:00+05:30,2025-06-18 13:45:00+05:30,20,2025-06-18 14:00:00+05:30,-0.0006036460219727147,True
2025-06-18 13:40:00+05:30,2025-06-18 13:40:00+05:30,2025-06-18 13:45:00+05:30,25,2025-06-18 14:05:00+05:30,0.0,True
2025-06-18 13:40:00+05:30,2025-06-18 13:40:00+05:30,2025-06-18 13:45:00+05:30,30,2025-06-18 14:10:00+05:30,-0.0004829168175780607,True
2025-06-18 13:40:00+05:30,2025-06-18 13:40:00+05:30,2025-06-18 13:45:00+05:30,45,2025-06-18 14:25:00+05:30,-0.00024145840878908587,True
2025-06-18 13:40:00+05:30,2025-06-18 13:40:00+05:30,2025-06-18 13:45:00+05:30,60,2025-06-18 14:40:00+05:30,-0.0003621876131836288,True
2025-06-19 13:50:00+05:30,2025-06-19 13:50:00+05:30,2025-06-19 13:55:00+05:30,5,2025-06-19 13:55:00+05:30,0.0,True
2025-06-19 13:50:00+05:30,2025-06-19 13:50:00+05:30,2025-06-19 13:55:00+05:30,10,2025-06-19 14:00:00+05:30,0.00012093360744946935,True
2025-06-19 13:50:00+05:30,2025-06-19 13:50:00+05:30,2025-06-19 13:55:00+05:30,15,2025-06-19 14:05:00+05:30,0.00048373442979809944,True
2025-06-19 13:50:00+05:30,2025-06-19 13:50:00+05:30,2025-06-19 13:55:00+05:30,20,2025-06-19 14:10:00+05:30,0.0009674688595959768,True
2025-06-19 13:50:00+05:30,2025-06-19 13:50:00+05:30,2025-06-19 13:55:00+05:30,25,2025-06-19 14:15:00+05:30,0.0009674688595959768,True
2025-06-19 13:50:00+05:30,2025-06-19 13:50:00+05:30,2025-06-19 13:55:00+05:30,30,2025-06-19 14:20:00+05:30,0.0006046680372475688,True
2025-06-19 13:50:00+05:30,2025-06-19 13:50:00+05:30,2025-06-19 13:55:00+05:30,45,2025-06-19 14:35:00+05:30,0.00012093360744946935,True
2025-06-19 13:50:00+05:30,2025-06-19 13:50:00+05:30,2025-06-19 13:55:00+05:30,60,2025-06-19 14:50:00+05:30,0.0019349377191921757,True
2025-06-20 14:55:00+05:30,2025-06-20 14:55:00+05:30,2025-06-20 15:00:00+05:30,5,2025-06-20 15:00:00+05:30,-0.00012150668286747823,True
2025-06-20 14:55:00+05:30,2025-06-20 14:55:00+05:30,2025-06-20 15:00:00+05:30,10,2025-06-20 15:05:00+05:30,-0.0006075334143377242,True
2025-06-20 14:55:00+05:30,2025-06-20 14:55:00+05:30,2025-06-20 15:00:00+05:30,15,2025-06-20 15:10:00+05:30,-0.0008505467800727917,True
2025-06-20 14:55:00+05:30,2025-06-20 14:55:00+05:30,2025-06-20 15:00:00+05:30,20,2025-06-20 15:15:00+05:30,-0.0006075334143377242,True
2025-06-20 14:55:00+05:30,2025-06-20 14:55:00+05:30,2025-06-20 15:00:00+05:30,25,2025-06-20 15:20:00+05:30,-0.0007290400972054245,True
2025-06-20 14:55:00+05:30,2025-06-20 14:55:00+05:30,2025-06-20 15:00:00+05:30,30,2025-06-20 15:25:00+05:30,-0.000972053462940492,True
2025-06-20 14:55:00+05:30,2025-06-20 14:55:00+05:30,2025-06-20 15:00:00+05:30,45,,,False
2025-06-20 14:55:00+05:30,2025-06-20 14:55:00+05:30,2025-06-20 15:00:00+05:30,60,,,False
2025-06-23 14:35:00+05:30,2025-06-23 14:35:00+05:30,2025-06-23 14:40:00+05:30,5,2025-06-23 14:40:00+05:30,0.0007263922518159216,True
2025-06-23 14:35:00+05:30,2025-06-23 14:35:00+05:30,2025-06-23 14:40:00+05:30,10,2025-06-23 14:45:00+05:30,0.000605326876513379,True
2025-06-23 14:35:00+05:30,2025-06-23 14:35:00+05:30,2025-06-23 14:40:00+05:30,15,2025-06-23 14:50:00+05:30,0.0008474576271186862,True
2025-06-23 14:35:00+05:30,2025-06-23 14:35:00+05:30,2025-06-23 14:40:00+05:30,20,2025-06-23 14:55:00+05:30,0.0009685230024214508,True
2025-06-23 14:35:00+05:30,2025-06-23 14:35:00+05:30,2025-06-23 14:40:00+05:30,25,2025-06-23 15:00:00+05:30,0.0008474576271186862,True
2025-06-23 14:35:00+05:30,2025-06-23 14:35:00+05:30,2025-06-23 14:40:00+05:30,30,2025-06-23 15:05:00+05:30,0.000605326876513379,True
2025-06-23 14:35:00+05:30,2025-06-23 14:35:00+05:30,2025-06-23 14:40:00+05:30,45,2025-06-23 15:20:00+05:30,0.000605326876513379,True
2025-06-23 14:35:00+05:30,2025-06-23 14:35:00+05:30,2025-06-23 14:40:00+05:30,60,,,False
2025-06-25 13:10:00+05:30,2025-06-25 13:10:00+05:30,2025-06-25 13:15:00+05:30,5,2025-06-25 13:15:00+05:30,0.0006164468006411017,True
2025-06-25 13:10:00+05:30,2025-06-25 13:10:00+05:30,2025-06-25 13:15:00+05:30,10,2025-06-25 13:20:00+05:30,0.00024657872025635186,True
2025-06-25 13:10:00+05:30,2025-06-25 13:10:00+05:30,2025-06-25 13:15:00+05:30,15,2025-06-25 13:25:00+05:30,0.00024657872025635186,True
2025-06-25 13:10:00+05:30,2025-06-25 13:10:00+05:30,2025-06-25 13:15:00+05:30,20,2025-06-25 13:30:00+05:30,0.00024657872025635186,True
2025-06-25 13:10:00+05:30,2025-06-25 13:10:00+05:30,2025-06-25 13:15:00+05:30,25,2025-06-25 13:35:00+05:30,0.00012328936012817593,True
2025-06-25 13:10:00+05:30,2025-06-25 13:10:00+05:30,2025-06-25 13:15:00+05:30,30,2025-06-25 13:40:00+05:30,-0.00024657872025635186,True
2025-06-25 13:10:00+05:30,2025-06-25 13:10:00+05:30,2025-06-25 13:15:00+05:30,45,2025-06-25 13:55:00+05:30,0.00036986808038474983,True
2025-06-25 13:10:00+05:30,2025-06-25 13:10:00+05:30,2025-06-25 13:15:00+05:30,60,2025-06-25 14:10:00+05:30,0.00036986808038474983,True
2025-06-26 12:40:00+05:30,2025-06-26 12:40:00+05:30,2025-06-26 12:45:00+05:30,5,2025-06-26 12:45:00+05:30,-0.0002464268112369883,True
2025-06-26 12:40:00+05:30,2025-06-26 12:40:00+05:30,2025-06-26 12:45:00+05:30,10,2025-06-26 12:50:00+05:30,0.00024642681123721033,True
2025-06-26 12:40:00+05:30,2025-06-26 12:40:00+05:30,2025-06-26 12:45:00+05:30,15,2025-06-26 12:55:00+05:30,0.00012321340561860517,True
2025-06-26 12:40:00+05:30,2025-06-26 12:40:00+05:30,2025-06-26 12:45:00+05:30,20,2025-06-26 13:00:00+05:30,0.0006160670280925817,True
2025-06-26 12:40:00+05:30,2025-06-26 12:40:00+05:30,2025-06-26 12:45:00+05:30,25,2025-06-26 13:05:00+05:30,0.0011089206505667804,True
2025-06-26 12:40:00+05:30,2025-06-26 12:40:00+05:30,2025-06-26 12:45:00+05:30,30,2025-06-26 13:10:00+05:30,0.0009857072449481752,True
2025-06-26 12:40:00+05:30,2025-06-26 12:40:00+05:30,2025-06-26 12:45:00+05:30,45,2025-06-26 13:25:00+05:30,0.0004928536224741986,True
2025-06-26 12:40:00+05:30,2025-06-26 12:40:00+05:30,2025-06-26 12:45:00+05:30,60,2025-06-26 13:40:00+05:30,0.0006160670280925817,True
2025-06-30 12:00:00+05:30,2025-06-30 12:00:00+05:30,2025-06-30 12:05:00+05:30,5,2025-06-30 12:05:00+05:30,-0.00037495313085866844,True
2025-06-30 12:00:00+05:30,2025-06-30 12:00:00+05:30,2025-06-30 12:05:00+05:30,10,2025-06-30 12:10:00+05:30,0.0003749531308585574,True
2025-06-30 12:00:00+05:30,2025-06-30 12:00:00+05:30,2025-06-30 12:05:00+05:30,15,2025-06-30 12:15:00+05:30,-0.00037495313085866844,True
2025-06-30 12:00:00+05:30,2025-06-30 12:00:00+05:30,2025-06-30 12:05:00+05:30,20,2025-06-30 12:20:00+05:30,-0.0006249218847645954,True
2025-06-30 12:00:00+05:30,2025-06-30 12:00:00+05:30,2025-06-30 12:05:00+05:30,25,2025-06-30 12:25:00+05:30,-0.0008748906386703004,True
2025-06-30 12:00:00+05:30,2025-06-30 12:00:00+05:30,2025-06-30 12:05:00+05:30,30,2025-06-30 12:30:00+05:30,-0.0004999375078116319,True
2025-06-30 12:00:00+05:30,2025-06-30 12:00:00+05:30,2025-06-30 12:05:00+05:30,45,2025-06-30 12:45:00+05:30,0.00012498437695285247,True
2025-06-30 12:00:00+05:30,2025-06-30 12:00:00+05:30,2025-06-30 12:05:00+05:30,60,2025-06-30 13:00:00+05:30,0.0,True
2025-07-01 12:35:00+05:30,2025-07-01 12:35:00+05:30,2025-07-01 12:40:00+05:30,5,2025-07-01 12:40:00+05:30,0.0006181233774260608,True
2025-07-01 12:35:00+05:30,2025-07-01 12:35:00+05:30,2025-07-01 12:40:00+05:30,10,2025-07-01 12:45:00+05:30,0.0008653727283964852,True
2025-07-01 12:35:00+05:30,2025-07-01 12:35:00+05:30,2025-07-01 12:40:00+05:30,15,2025-07-01 12:50:00+05:30,0.0004944987019410707,True
2025-07-01 12:35:00+05:30,2025-07-01 12:35:00+05:30,2025-07-01 12:40:00+05:30,20,2025-07-01 12:55:00+05:30,0.0006181233774260608,True
2025-07-01 12:35:00+05:30,2025-07-01 12:35:00+05:30,2025-07-01 12:40:00+05:30,25,2025-07-01 13:00:00+05:30,0.0008653727283964852,True
2025-07-01 12:35:00+05:30,2025-07-01 12:35:00+05:30,2025-07-01 12:40:00+05:30,30,2025-07-01 13:05:00+05:30,0.0004944987019410707,True
2025-07-01 12:35:00+05:30,2025-07-01 12:35:00+05:30,2025-07-01 12:40:00+05:30,45,2025-07-01 13:20:00+05:30,0.000741748052911495,True
2025-07-01 12:35:00+05:30,2025-07-01 12:35:00+05:30,2025-07-01 12:40:00+05:30,60,2025-07-01 13:35:00+05:30,0.0003708740264556365,True
2025-07-01 14:55:00+05:30,2025-07-01 14:55:00+05:30,2025-07-01 15:00:00+05:30,5,2025-07-01 15:00:00+05:30,0.0001234110823151724,True
2025-07-01 14:55:00+05:30,2025-07-01 14:55:00+05:30,2025-07-01 15:00:00+05:30,10,2025-07-01 15:05:00+05:30,0.0001234110823151724,True
2025-07-01 14:55:00+05:30,2025-07-01 14:55:00+05:30,2025-07-01 15:00:00+05:30,15,2025-07-01 15:10:00+05:30,0.0002468221646303448,True
2025-07-01 14:55:00+05:30,2025-07-01 14:55:00+05:30,2025-07-01 15:00:00+05:30,20,2025-07-01 15:15:00+05:30,0.0003702332469455172,True
2025-07-01 14:55:00+05:30,2025-07-01 14:55:00+05:30,2025-07-01 15:00:00+05:30,25,2025-07-01 15:20:00+05:30,0.0003702332469455172,True
2025-07-01 14:55:00+05:30,2025-07-01 14:55:00+05:30,2025-07-01 15:00:00+05:30,30,2025-07-01 15:25:00+05:30,0.000617055411575862,True
2025-07-01 14:55:00+05:30,2025-07-01 14:55:00+05:30,2025-07-01 15:00:00+05:30,45,,,False
2025-07-01 14:55:00+05:30,2025-07-01 14:55:00+05:30,2025-07-01 15:00:00+05:30,60,,,False
2025-07-04 13:30:00+05:30,2025-07-04 13:30:00+05:30,2025-07-04 13:35:00+05:30,5,2025-07-04 13:35:00+05:30,-0.0003701875616979322,True
2025-07-04 13:30:00+05:30,2025-07-04 13:30:00+05:30,2025-07-04 13:35:00+05:30,10,2025-07-04 13:40:00+05:30,-0.00012339585389942176,True
2025-07-04 13:30:00+05:30,2025-07-04 13:30:00+05:30,2025-07-04 13:35:00+05:30,15,2025-07-04 13:45:00+05:30,0.0,True
2025-07-04 13:30:00+05:30,2025-07-04 13:30:00+05:30,2025-07-04 13:35:00+05:30,20,2025-07-04 13:50:00+05:30,0.0007403751233956424,True
2025-07-04 13:30:00+05:30,2025-07-04 13:30:00+05:30,2025-07-04 13:35:00+05:30,25,2025-07-04 13:55:00+05:30,0.0002467917077986215,True
2025-07-04 13:30:00+05:30,2025-07-04 13:30:00+05:30,2025-07-04 13:35:00+05:30,30,2025-07-04 14:00:00+05:30,0.0001233958538990887,True
2025-07-04 13:30:00+05:30,2025-07-04 13:30:00+05:30,2025-07-04 13:35:00+05:30,45,2025-07-04 14:15:00+05:30,0.0,True
2025-07-04 13:30:00+05:30,2025-07-04 13:30:00+05:30,2025-07-04 13:35:00+05:30,60,2025-07-04 14:30:00+05:30,-0.0002467917077987325,True
2025-07-07 14:10:00+05:30,2025-07-07 14:10:00+05:30,2025-07-07 14:15:00+05:30,5,2025-07-07 14:15:00+05:30,-0.0002478621886230492,True
2025-07-07 14:10:00+05:30,2025-07-07 14:10:00+05:30,2025-07-07 14:15:00+05:30,10,2025-07-07 14:20:00+05:30,-0.00037179328293468483,True
2025-07-07 14:10:00+05:30,2025-07-07 14:10:00+05:30,2025-07-07 14:15:00+05:30,15,2025-07-07 14:25:00+05:30,-0.00012393109431141358,True
2025-07-07 14:10:00+05:30,2025-07-07 14:10:00+05:30,2025-07-07 14:15:00+05:30,20,2025-07-07 14:30:00+05:30,0.0001239310943115246,True
2025-07-07 14:10:00+05:30,2025-07-07 14:10:00+05:30,2025-07-07 14:15:00+05:30,25,2025-07-07 14:35:00+05:30,0.0004957243772463205,True
2025-07-07 14:10:00+05:30,2025-07-07 14:10:00+05:30,2025-07-07 14:15:00+05:30,30,2025-07-07 14:40:00+05:30,-0.00012393109431141358,True
2025-07-07 14:10:00+05:30,2025-07-07 14:10:00+05:30,2025-07-07 14:15:00+05:30,45,2025-07-07 14:55:00+05:30,-0.00037179328293468483,True
2025-07-07 14:10:00+05:30,2025-07-07 14:10:00+05:30,2025-07-07 14:15:00+05:30,60,2025-07-07 15:10:00+05:30,-0.0018589664146733131,True
2025-07-10 12:30:00+05:30,2025-07-10 12:30:00+05:30,2025-07-10 12:35:00+05:30,5,2025-07-10 12:35:00+05:30,0.0004957858205254517,True
2025-07-10 12:30:00+05:30,2025-07-10 12:30:00+05:30,2025-07-10 12:35:00+05:30,10,2025-07-10 12:40:00+05:30,0.00024789291026272586,True
2025-07-10 12:30:00+05:30,2025-07-10 12:30:00+05:30,2025-07-10 12:35:00+05:30,15,2025-07-10 12:45:00+05:30,-0.0002478929102629479,True
2025-07-10 12:30:00+05:30,2025-07-10 12:30:00+05:30,2025-07-10 12:35:00+05:30,20,2025-07-10 12:50:00+05:30,0.0001239464551312519,True
2025-07-10 12:30:00+05:30,2025-07-10 12:30:00+05:30,2025-07-10 12:35:00+05:30,25,2025-07-10 12:55:00+05:30,0.0,True
2025-07-10 12:30:00+05:30,2025-07-10 12:30:00+05:30,2025-07-10 12:35:00+05:30,30,2025-07-10 13:00:00+05:30,0.00037183936539397777,True
2025-07-10 12:30:00+05:30,2025-07-10 12:30:00+05:30,2025-07-10 12:35:00+05:30,45,2025-07-10 13:15:00+05:30,-0.0009915716410512365,True
2025-07-10 12:30:00+05:30,2025-07-10 12:30:00+05:30,2025-07-10 12:35:00+05:30,60,2025-07-10 13:30:00+05:30,-0.0009915716410512365,True
2025-07-10 14:15:00+05:30,2025-07-10 14:15:00+05:30,2025-07-10 14:20:00+05:30,5,2025-07-10 14:20:00+05:30,0.0002476166893650156,True
2025-07-10 14:15:00+05:30,2025-07-10 14:15:00+05:30,2025-07-10 14:20:00+05:30,10,2025-07-10 14:25:00+05:30,0.0,True
2025-07-10 14:15:00+05:30,2025-07-10 14:15:00+05:30,2025-07-10 14:20:00+05:30,15,2025-07-10 14:30:00+05:30,0.0004952333787298091,True
2025-07-10 14:15:00+05:30,2025-07-10 14:15:00+05:30,2025-07-10 14:20:00+05:30,20,2025-07-10 14:35:00+05:30,0.00012380834468239676,True
2025-07-10 14:15:00+05:30,2025-07-10 14:15:00+05:30,2025-07-10 14:20:00+05:30,25,2025-07-10 14:40:00+05:30,-0.0003714250340473013,True
2025-07-10 14:15:00+05:30,2025-07-10 14:15:00+05:30,2025-07-10 14:20:00+05:30,30,2025-07-10 14:45:00+05:30,0.00012380834468239676,True
2025-07-10 14:15:00+05:30,2025-07-10 14:15:00+05:30,2025-07-10 14:20:00+05:30,45,2025-07-10 15:00:00+05:30,-0.0004952333787295871,True
2025-07-10 14:15:00+05:30,2025-07-10 14:15:00+05:30,2025-07-10 14:20:00+05:30,60,2025-07-10 15:15:00+05:30,-0.0009904667574593962,True
2025-07-11 11:45:00+05:30,2025-07-11 11:45:00+05:30,2025-07-11 11:50:00+05:30,5,2025-07-11 11:50:00+05:30,0.0,True
2025-07-11 11:45:00+05:30,2025-07-11 11:45:00+05:30,2025-07-11 11:50:00+05:30,10,2025-07-11 11:55:00+05:30,0.00012312238364931005,True
2025-07-11 11:45:00+05:30,2025-07-11 11:45:00+05:30,2025-07-11 11:50:00+05:30,15,2025-07-11 12:00:00+05:30,0.0,True
2025-07-11 11:45:00+05:30,2025-07-11 11:45:00+05:30,2025-07-11 11:50:00+05:30,20,2025-07-11 12:05:00+05:30,-0.0003693671509480412,True
2025-07-11 11:45:00+05:30,2025-07-11 11:45:00+05:30,2025-07-11 11:50:00+05:30,25,2025-07-11 12:10:00+05:30,-0.0007387343018960824,True
2025-07-11 11:45:00+05:30,2025-07-11 11:45:00+05:30,2025-07-11 11:50:00+05:30,30,2025-07-11 12:15:00+05:30,-0.0014774686037922757,True
2025-07-11 11:45:00+05:30,2025-07-11 11:45:00+05:30,2025-07-11 11:50:00+05:30,45,2025-07-11 12:30:00+05:30,-0.001969958138389516,True
2025-07-11 11:45:00+05:30,2025-07-11 11:45:00+05:30,2025-07-11 11:50:00+05:30,60,2025-07-11 12:45:00+05:30,-0.0017237133710908958,True
2025-07-14 12:10:00+05:30,2025-07-14 12:10:00+05:30,2025-07-14 12:15:00+05:30,5,2025-07-14 12:15:00+05:30,0.000611172228333956,True
2025-07-14 12:10:00+05:30,2025-07-14 12:10:00+05:30,2025-07-14 12:15:00+05:30,10,2025-07-14 12:20:00+05:30,0.0011001100110010764,True
2025-07-14 12:10:00+05:30,2025-07-14 12:10:00+05:30,2025-07-14 12:15:00+05:30,15,2025-07-14 12:25:00+05:30,0.0015890477936681968,True
2025-07-14 12:10:00+05:30,2025-07-14 12:10:00+05:30,2025-07-14 12:15:00+05:30,20,2025-07-14 12:30:00+05:30,0.001833516685001646,True
2025-07-14 12:10:00+05:30,2025-07-14 12:10:00+05:30,2025-07-14 12:15:00+05:30,25,2025-07-14 12:35:00+05:30,0.0019557511306684816,True
2025-07-14 12:10:00+05:30,2025-07-14 12:10:00+05:30,2025-07-14 12:15:00+05:30,30,2025-07-14 12:40:00+05:30,0.0011001100110010764,True
2025-07-14 12:10:00+05:30,2025-07-14 12:10:00+05:30,2025-07-14 12:15:00+05:30,45,2025-07-14 12:55:00+05:30,0.002200220022002153,True
2025-07-14 12:10:00+05:30,2025-07-14 12:10:00+05:30,2025-07-14 12:15:00+05:30,60,2025-07-14 13:10:00+05:30,0.001833516685001646,True
2025-07-16 13:00:00+05:30,2025-07-16 13:00:00+05:30,2025-07-16 13:05:00+05:30,5,2025-07-16 13:05:00+05:30,-0.00024609326934899034,True
2025-07-16 13:00:00+05:30,2025-07-16 13:00:00+05:30,2025-07-16 13:05:00+05:30,10,2025-07-16 13:10:00+05:30,-0.0009843730773962944,True
2025-07-16 13:00:00+05:30,2025-07-16 13:00:00+05:30,2025-07-16 13:05:00+05:30,15,2025-07-16 13:15:00+05:30,-0.0004921865386980917,True
2025-07-16 13:00:00+05:30,2025-07-16 13:00:00+05:30,2025-07-16 13:05:00+05:30,20,2025-07-16 13:20:00+05:30,-0.00036913990402365204,True
2025-07-16 13:00:00+05:30,2025-07-16 13:00:00+05:30,2025-07-16 13:05:00+05:30,25,2025-07-16 13:25:00+05:30,0.0,True
2025-07-16 13:00:00+05:30,2025-07-16 13:00:00+05:30,2025-07-16 13:05:00+05:30,30,2025-07-16 13:30:00+05:30,0.0001230466346746617,True
2025-07-16 13:00:00+05:30,2025-07-16 13:00:00+05:30,2025-07-16 13:05:00+05:30,45,2025-07-16 13:45:00+05:30,0.00024609326934910136,True
2025-07-16 13:00:00+05:30,2025-07-16 13:00:00+05:30,2025-07-16 13:05:00+05:30,60,2025-07-16 14:00:00+05:30,0.0004921865386982027,True
2025-07-16 14:05:00+05:30,2025-07-16 14:05:00+05:30,2025-07-16 14:10:00+05:30,5,2025-07-16 14:10:00+05:30,0.0,True
2025-07-16 14:05:00+05:30,2025-07-16 14:05:00+05:30,2025-07-16 14:10:00+05:30,10,2025-07-16 14:15:00+05:30,-0.00012298610257044373,True
2025-07-16 14:05:00+05:30,2025-07-16 14:05:00+05:30,2025-07-16 14:10:00+05:30,15,2025-07-16 14:20:00+05:30,0.0001229861025702217,True
2025-07-16 14:05:00+05:30,2025-07-16 14:05:00+05:30,2025-07-16 14:10:00+05:30,20,2025-07-16 14:25:00+05:30,0.0002459722051406654,True
2025-07-16 14:05:00+05:30,2025-07-16 14:05:00+05:30,2025-07-16 14:10:00+05:30,25,2025-07-16 14:30:00+05:30,0.0002459722051406654,True
2025-07-16 14:05:00+05:30,2025-07-16 14:05:00+05:30,2025-07-16 14:10:00+05:30,30,2025-07-16 14:35:00+05:30,0.0002459722051406654,True
2025-07-16 14:05:00+05:30,2025-07-16 14:05:00+05:30,2025-07-16 14:10:00+05:30,45,2025-07-16 14:50:00+05:30,-0.0003689583077112202,True
2025-07-16 14:05:00+05:30,2025-07-16 14:05:00+05:30,2025-07-16 14:10:00+05:30,60,2025-07-16 15:05:00+05:30,0.0003689583077113312,True
2025-07-18 12:40:00+05:30,2025-07-18 12:40:00+05:30,2025-07-18 12:45:00+05:30,5,2025-07-18 12:45:00+05:30,0.0004905567819473156,True
2025-07-18 12:40:00+05:30,2025-07-18 12:40:00+05:30,2025-07-18 12:45:00+05:30,10,2025-07-18 12:50:00+05:30,0.0009811135638950752,True
2025-07-18 12:40:00+05:30,2025-07-18 12:40:00+05:30,2025-07-18 12:45:00+05:30,15,2025-07-18 12:55:00+05:30,0.0008584743684081353,True
2025-07-18 12:40:00+05:30,2025-07-18 12:40:00+05:30,2025-07-18 12:45:00+05:30,20,2025-07-18 13:00:00+05:30,0.0006131959774342555,True
2025-07-18 12:40:00+05:30,2025-07-18 12:40:00+05:30,2025-07-18 12:45:00+05:30,25,2025-07-18 13:05:00+05:30,0.0009811135638950752,True
2025-07-18 12:40:00+05:30,2025-07-18 12:40:00+05:30,2025-07-18 12:45:00+05:30,30,2025-07-18 13:10:00+05:30,0.0007358351729211954,True
2025-07-18 12:40:00+05:30,2025-07-18 12:40:00+05:30,2025-07-18 12:45:00+05:30,45,2025-07-18 13:25:00+05:30,0.0009811135638950752,True
2025-07-18 12:40:00+05:30,2025-07-18 12:40:00+05:30,2025-07-18 12:45:00+05:30,60,2025-07-18 13:40:00+05:30,0.0009811135638950752,True
2025-07-22 13:05:00+05:30,2025-07-22 13:05:00+05:30,2025-07-22 13:10:00+05:30,5,2025-07-22 13:10:00+05:30,0.0,True
2025-07-22 13:05:00+05:30,2025-07-22 13:05:00+05:30,2025-07-22 13:10:00+05:30,10,2025-07-22 13:15:00+05:30,0.0004836174585902686,True
2025-07-22 13:05:00+05:30,2025-07-22 13:05:00+05:30,2025-07-22 13:10:00+05:30,15,2025-07-22 13:20:00+05:30,0.0004836174585902686,True
2025-07-22 13:05:00+05:30,2025-07-22 13:05:00+05:30,2025-07-22 13:10:00+05:30,20,2025-07-22 13:25:00+05:30,0.0008463305525330256,True
2025-07-22 13:05:00+05:30,2025-07-22 13:05:00+05:30,2025-07-22 13:10:00+05:30,25,2025-07-22 13:30:00+05:30,0.0012090436464757826,True
2025-07-22 13:05:00+05:30,2025-07-22 13:05:00+05:30,2025-07-22 13:10:00+05:30,30,2025-07-22 13:35:00+05:30,0.0013299480111232942,True
2025-07-22 13:05:00+05:30,2025-07-22 13:05:00+05:30,2025-07-22 13:10:00+05:30,45,2025-07-22 13:50:00+05:30,0.0016926611050658291,True
2025-07-22 13:05:00+05:30,2025-07-22 13:05:00+05:30,2025-07-22 13:10:00+05:30,60,2025-07-22 14:05:00+05:30,0.0015717567404185395,True
2025-07-23 11:45:00+05:30,2025-07-23 11:45:00+05:30,2025-07-23 11:50:00+05:30,5,2025-07-23 11:50:00+05:30,0.0,True
2025-07-23 11:45:00+05:30,2025-07-23 11:45:00+05:30,2025-07-23 11:50:00+05:30,10,2025-07-23 11:55:00+05:30,-0.0002393776181927043,True
2025-07-23 11:45:00+05:30,2025-07-23 11:45:00+05:30,2025-07-23 11:50:00+05:30,15,2025-07-23 12:00:00+05:30,-0.0002393776181927043,True
2025-07-23 11:45:00+05:30,2025-07-23 11:45:00+05:30,2025-07-23 11:50:00+05:30,20,2025-07-23 12:05:00+05:30,-0.0005984440454817053,True
2025-07-23 11:45:00+05:30,2025-07-23 11:45:00+05:30,2025-07-23 11:50:00+05:30,25,2025-07-23 12:10:00+05:30,0.0,True
2025-07-23 11:45:00+05:30,2025-07-23 11:45:00+05:30,2025-07-23 11:50:00+05:30,30,2025-07-23 12:15:00+05:30,0.0002393776181925933,True
2025-07-23 11:45:00+05:30,2025-07-23 11:45:00+05:30,2025-07-23 11:50:00+05:30,45,2025-07-23 12:30:00+05:30,0.00035906642728900096,True
2025-07-23 11:45:00+05:30,2025-07-23 11:45:00+05:30,2025-07-23 11:50:00+05:30,60,2025-07-23 12:45:00+05:30,0.0019150209455416345,True
2025-07-23 12:50:00+05:30,2025-07-23 12:50:00+05:30,2025-07-23 12:55:00+05:30,5,2025-07-23 12:55:00+05:30,-0.00023903430142224735,True
2025-07-23 12:50:00+05:30,2025-07-23 12:50:00+05:30,2025-07-23 12:55:00+05:30,10,2025-07-23 13:00:00+05:30,0.0,True
2025-07-23 12:50:00+05:30,2025-07-23 12:50:00+05:30,2025-07-23 12:55:00+05:30,15,2025-07-23 13:05:00+05:30,-0.0001195171507112347,True
2025-07-23 12:50:00+05:30,2025-07-23 12:50:00+05:30,2025-07-23 12:55:00+05:30,20,2025-07-23 13:10:00+05:30,-0.0008366200549779768,True
2025-07-23 12:50:00+05:30,2025-07-23 12:50:00+05:30,2025-07-23 12:55:00+05:30,25,2025-07-23 13:15:00+05:30,-0.0007171029042667421,True
2025-07-23 12:50:00+05:30,2025-07-23 12:50:00+05:30,2025-07-23 12:55:00+05:30,30,2025-07-23 13:20:00+05:30,-0.0011951715071113478,True
2025-07-23 12:50:00+05:30,2025-07-23 12:50:00+05:30,2025-07-23 12:55:00+05:30,45,2025-07-23 13:35:00+05:30,-0.0005975857535556184,True
2025-07-23 12:50:00+05:30,2025-07-23 12:50:00+05:30,2025-07-23 12:55:00+05:30,60,2025-07-23 13:50:00+05:30,0.0,True
2025-07-23 14:50:00+05:30,2025-07-23 14:50:00+05:30,2025-07-23 14:55:00+05:30,5,2025-07-23 14:55:00+05:30,0.0,True
2025-07-23 14:50:00+05:30,2025-07-23 14:50:00+05:30,2025-07-23 14:55:00+05:30,10,2025-07-23 15:00:00+05:30,0.0002388630120624402,True
2025-07-23 14:50:00+05:30,2025-07-23 14:50:00+05:30,2025-07-23 14:55:00+05:30,15,2025-07-23 15:05:00+05:30,-0.00035829451809388235,True
2025-07-23 14:50:00+05:30,2025-07-23 14:50:00+05:30,2025-07-23 14:55:00+05:30,20,2025-07-23 15:10:00+05:30,0.00011943150603110908,True
2025-07-23 14:50:00+05:30,2025-07-23 14:50:00+05:30,2025-07-23 14:55:00+05:30,25,2025-07-23 15:15:00+05:30,0.0003582945180939934,True
2025-07-23 14:50:00+05:30,2025-07-23 14:50:00+05:30,2025-07-23 14:55:00+05:30,30,2025-07-23 15:20:00+05:30,0.0003582945180939934,True
2025-07-23 14:50:00+05:30,2025-07-23 14:50:00+05:30,2025-07-23 14:55:00+05:30,45,,,False
2025-07-23 14:50:00+05:30,2025-07-23 14:50:00+05:30,2025-07-23 14:55:00+05:30,60,,,False
2025-07-28 14:45:00+05:30,2025-07-28 14:45:00+05:30,2025-07-28 14:50:00+05:30,5,2025-07-28 14:50:00+05:30,0.0004885197850512668,True
2025-07-28 14:45:00+05:30,2025-07-28 14:45:00+05:30,2025-07-28 14:50:00+05:30,10,2025-07-28 14:55:00+05:30,0.0007327796775769002,True
2025-07-28 14:45:00+05:30,2025-07-28 14:45:00+05:30,2025-07-28 14:50:00+05:30,15,2025-07-28 15:00:00+05:30,0.000854909623839939,True
2025-07-28 14:45:00+05:30,2025-07-28 14:45:00+05:30,2025-07-28 14:50:00+05:30,20,2025-07-28 15:05:00+05:30,0.0009770395701025336,True
2025-07-28 14:45:00+05:30,2025-07-28 14:45:00+05:30,2025-07-28 14:50:00+05:30,25,2025-07-28 15:10:00+05:30,0.0013434294088909837,True
2025-07-28 14:45:00+05:30,2025-07-28 14:45:00+05:30,2025-07-28 14:50:00+05:30,30,2025-07-28 15:15:00+05:30,0.0019540791402052893,True
2025-07-28 14:45:00+05:30,2025-07-28 14:45:00+05:30,2025-07-28 14:50:00+05:30,45,,,False
2025-07-28 14:45:00+05:30,2025-07-28 14:45:00+05:30,2025-07-28 14:50:00+05:30,60,,,False
2025-07-29 13:40:00+05:30,2025-07-29 13:40:00+05:30,2025-07-29 13:45:00+05:30,5,2025-07-29 13:45:00+05:30,0.0002442897276169198,True
2025-07-29 13:40:00+05:30,2025-07-29 13:40:00+05:30,2025-07-29 13:45:00+05:30,10,2025-07-29 13:50:00+05:30,0.0006107243190422995,True
2025-07-29 13:40:00+05:30,2025-07-29 13:40:00+05:30,2025-07-29 13:45:00+05:30,15,2025-07-29 13:55:00+05:30,0.0007328691828509815,True
2025-07-29 13:40:00+05:30,2025-07-29 13:40:00+05:30,2025-07-29 13:45:00+05:30,20,2025-07-29 14:00:00+05:30,0.0006107243190422995,True
2025-07-29 13:40:00+05:30,2025-07-29 13:40:00+05:30,2025-07-29 13:45:00+05:30,25,2025-07-29 14:05:00+05:30,0.0006107243190422995,True
2025-07-29 13:40:00+05:30,2025-07-29 13:40:00+05:30,2025-07-29 13:45:00+05:30,30,2025-07-29 14:10:00+05:30,0.0007328691828509815,True
2025-07-29 13:40:00+05:30,2025-07-29 13:40:00+05:30,2025-07-29 13:45:00+05:30,45,2025-07-29 14:25:00+05:30,0.0007328691828509815,True
2025-07-29 13:40:00+05:30,2025-07-29 13:40:00+05:30,2025-07-29 13:45:00+05:30,60,2025-07-29 14:40:00+05:30,0.0001221448638084599,True
2025-07-30 12:30:00+05:30,2025-07-30 12:30:00+05:30,2025-07-30 12:35:00+05:30,5,2025-07-30 12:35:00+05:30,0.0007283321194464509,True
2025-07-30 12:30:00+05:30,2025-07-30 12:30:00+05:30,2025-07-30 12:35:00+05:30,10,2025-07-30 12:40:00+05:30,0.0010924981791697874,True
2025-07-30 12:30:00+05:30,2025-07-30 12:30:00+05:30,2025-07-30 12:35:00+05:30,15,2025-07-30 12:45:00+05:30,0.0010924981791697874,True
2025-07-30 12:30:00+05:30,2025-07-30 12:30:00+05:30,2025-07-30 12:35:00+05:30,20,2025-07-30 12:50:00+05:30,0.00048555474629763395,True
2025-07-30 12:30:00+05:30,2025-07-30 12:30:00+05:30,2025-07-30 12:35:00+05:30,25,2025-07-30 12:55:00+05:30,0.00024277737314903902,True
2025-07-30 12:30:00+05:30,2025-07-30 12:30:00+05:30,2025-07-30 12:35:00+05:30,30,2025-07-30 13:00:00+05:30,0.0003641660597233365,True
2025-07-30 12:30:00+05:30,2025-07-30 12:30:00+05:30,2025-07-30 12:35:00+05:30,45,2025-07-30 13:15:00+05:30,0.0006069434328721535,True
2025-07-30 12:30:00+05:30,2025-07-30 12:30:00+05:30,2025-07-30 12:35:00+05:30,60,2025-07-30 13:30:00+05:30,0.0006069434328721535,True
2025-07-30 14:45:00+05:30,2025-07-30 14:45:00+05:30,2025-07-30 14:50:00+05:30,5,2025-07-30 14:50:00+05:30,-0.00012113870381580405,True
2025-07-30 14:45:00+05:30,2025-07-30 14:45:00+05:30,2025-07-30 14:50:00+05:30,10,2025-07-30 14:55:00+05:30,-0.0013325257419745107,True
2025-07-30 14:45:00+05:30,2025-07-30 14:45:00+05:30,2025-07-30 14:50:00+05:30,15,2025-07-30 15:00:00+05:30,-0.001817080557237949,True
2025-07-30 14:45:00+05:30,2025-07-30 14:45:00+05:30,2025-07-30 14:50:00+05:30,20,2025-07-30 15:05:00+05:30,-0.0015748031496062298,True
2025-07-30 14:45:00+05:30,2025-07-30 14:45:00+05:30,2025-07-30 14:50:00+05:30,25,2025-07-30 15:10:00+05:30,-0.001938219261053864,True
2025-07-30 14:45:00+05:30,2025-07-30 14:45:00+05:30,2025-07-30 14:50:00+05:30,30,2025-07-30 15:15:00+05:30,-0.001817080557237949,True
2025-07-30 14:45:00+05:30,2025-07-30 14:45:00+05:30,2025-07-30 14:50:00+05:30,45,,,False
2025-07-30 14:45:00+05:30,2025-07-30 14:45:00+05:30,2025-07-30 14:50:00+05:30,60,,,False
2025-07-31 11:45:00+05:30,2025-07-31 11:45:00+05:30,2025-07-31 11:50:00+05:30,5,2025-07-31 11:50:00+05:30,-0.0007322431047107614,True
2025-07-31 11:45:00+05:30,2025-07-31 11:45:00+05:30,2025-07-31 11:50:00+05:30,10,2025-07-31 11:55:00+05:30,-0.00024408103490358712,True
2025-07-31 11:45:00+05:30,2025-07-31 11:45:00+05:30,2025-07-31 11:50:00+05:30,15,2025-07-31 12:00:00+05:30,-0.00024408103490358712,True
2025-07-31 11:45:00+05:30,2025-07-31 11:45:00+05:30,2025-07-31 11:50:00+05:30,20,2025-07-31 12:05:00+05:30,-0.0003661215523553807,True
2025-07-31 11:45:00+05:30,2025-07-31 11:45:00+05:30,2025-07-31 11:50:00+05:30,25,2025-07-31 12:10:00+05:30,-0.00012204051745168254,True
2025-07-31 11:45:00+05:30,2025-07-31 11:45:00+05:30,2025-07-31 11:50:00+05:30,30,2025-07-31 12:15:00+05:30,-0.00024408103490358712,True
2025-07-31 11:45:00+05:30,2025-07-31 11:45:00+05:30,2025-07-31 11:50:00+05:30,45,2025-07-31 12:30:00+05:30,-0.0008542836221624439,True
2025-07-31 11:45:00+05:30,2025-07-31 11:45:00+05:30,2025-07-31 11:50:00+05:30,60,2025-07-31 12:45:00+05:30,-0.0006102025872589678,True
2025-07-31 13:10:00+05:30,2025-07-31 13:10:00+05:30,2025-07-31 13:15:00+05:30,5,2025-07-31 13:15:00+05:30,-0.0004876859302608283,True
2025-07-31 13:10:00+05:30,2025-07-31 13:10:00+05:30,2025-07-31 13:15:00+05:30,10,2025-07-31 13:20:00+05:30,0.0004876859302609393,True
2025-07-31 13:10:00+05:30,2025-07-31 13:10:00+05:30,2025-07-31 13:15:00+05:30,15,2025-07-31 13:25:00+05:30,0.0004876859302609393,True
2025-07-31 13:10:00+05:30,2025-07-31 13:10:00+05:30,2025-07-31 13:15:00+05:30,20,2025-07-31 13:30:00+05:30,0.0015849792733479973,True
2025-07-31 13:10:00+05:30,2025-07-31 13:10:00+05:30,2025-07-31 13:15:00+05:30,25,2025-07-31 13:35:00+05:30,0.001463057790782818,True
2025-07-31 13:10:00+05:30,2025-07-31 13:10:00+05:30,2025-07-31 13:15:00+05:30,30,2025-07-31 13:40:00+05:30,-0.0001219214825650683,True
2025-07-31 13:10:00+05:30,2025-07-31 13:10:00+05:30,2025-07-31 13:15:00+05:30,45,2025-07-31 13:55:00+05:30,0.003291880029261174,True
2025-07-31 13:10:00+05:30,2025-07-31 13:10:00+05:30,2025-07-31 13:15:00+05:30,60,2025-07-31 14:10:00+05:30,0.002926115581565636,True
2025-08-01 14:30:00+05:30,2025-08-01 14:30:00+05:30,2025-08-01 14:35:00+05:30,5,2025-08-01 14:35:00+05:30,0.0004894163709774357,True
2025-08-01 14:30:00+05:30,2025-08-01 14:30:00+05:30,2025-08-01 14:35:00+05:30,10,2025-08-01 14:40:00+05:30,0.0008564786492106791,True
2025-08-01 14:30:00+05:30,2025-08-01 14:30:00+05:30,2025-08-01 14:35:00+05:30,15,2025-08-01 14:45:00+05:30,0.0,True
2025-08-01 14:30:00+05:30,2025-08-01 14:30:00+05:30,2025-08-01 14:35:00+05:30,20,2025-08-01 14:50:00+05:30,0.001101186834699508,True
2025-08-01 14:30:00+05:30,2025-08-01 14:30:00+05:30,2025-08-01 14:35:00+05:30,25,2025-08-01 14:55:00+05:30,0.0017129572984215802,True
2025-08-01 14:30:00+05:30,2025-08-01 14:30:00+05:30,2025-08-01 14:35:00+05:30,30,2025-08-01 15:00:00+05:30,0.0017129572984215802,True
2025-08-01 14:30:00+05:30,2025-08-01 14:30:00+05:30,2025-08-01 14:35:00+05:30,45,2025-08-01 15:15:00+05:30,0.003058852318610139,True
2025-08-01 14:30:00+05:30,2025-08-01 14:30:00+05:30,2025-08-01 14:35:00+05:30,60,,,False
2025-08-04 11:45:00+05:30,2025-08-04 11:45:00+05:30,2025-08-04 11:50:00+05:30,5,2025-08-04 11:50:00+05:30,-0.00048094264758935523,True
2025-08-04 11:45:00+05:30,2025-08-04 11:45:00+05:30,2025-08-04 11:50:00+05:30,10,2025-08-04 11:55:00+05:30,-0.0007214139713839218,True
2025-08-04 11:45:00+05:30,2025-08-04 11:45:00+05:30,2025-08-04 11:50:00+05:30,15,2025-08-04 12:00:00+05:30,-0.000601178309486583,True
2025-08-04 11:45:00+05:30,2025-08-04 11:45:00+05:30,2025-08-04 11:50:00+05:30,20,2025-08-04 12:05:00+05:30,-0.00048094264758935523,True
2025-08-04 11:45:00+05:30,2025-08-04 11:45:00+05:30,2025-08-04 11:50:00+05:30,25,2025-08-04 12:10:00+05:30,0.00024047132379467762,True
2025-08-04 11:45:00+05:30,2025-08-04 11:45:00+05:30,2025-08-04 11:50:00+05:30,30,2025-08-04 12:15:00+05:30,0.000601178309486583,True
2025-08-04 11:45:00+05:30,2025-08-04 11:45:00+05:30,2025-08-04 11:50:00+05:30,45,2025-08-04 12:30:00+05:30,0.0014428279427678437,True
2025-08-04 11:45:00+05:30,2025-08-04 11:45:00+05:30,2025-08-04 11:50:00+05:30,60,2025-08-04 12:45:00+05:30,0.0009618852951784884,True
2025-08-04 13:55:00+05:30,2025-08-04 13:55:00+05:30,2025-08-04 14:00:00+05:30,5,2025-08-04 14:00:00+05:30,-0.00024003840614494898,True
2025-08-04 13:55:00+05:30,2025-08-04 13:55:00+05:30,2025-08-04 14:00:00+05:30,10,2025-08-04 14:05:00+05:30,-0.00024003840614494898,True
2025-08-04 13:55:00+05:30,2025-08-04 13:55:00+05:30,2025-08-04 14:00:00+05:30,15,2025-08-04 14:10:00+05:30,-0.0007201152184348469,True
2025-08-04 13:55:00+05:30,2025-08-04 13:55:00+05:30,2025-08-04 14:00:00+05:30,20,2025-08-04 14:15:00+05:30,-0.0010801728276522704,True
2025-08-04 13:55:00+05:30,2025-08-04 13:55:00+05:30,2025-08-04 14:00:00+05:30,25,2025-08-04 14:20:00+05:30,-0.001440230436869805,True
2025-08-04 13:55:00+05:30,2025-08-04 13:55:00+05:30,2025-08-04 14:00:00+05:30,30,2025-08-04 14:25:00+05:30,-0.0013202112337974414,True
2025-08-04 13:55:00+05:30,2025-08-04 13:55:00+05:30,2025-08-04 14:00:00+05:30,45,2025-08-04 14:40:00+05:30,-0.0010801728276522704,True
2025-08-04 13:55:00+05:30,2025-08-04 13:55:00+05:30,2025-08-04 14:00:00+05:30,60,2025-08-04 14:55:00+05:30,-0.0007201152184348469,True
2025-08-05 12:45:00+05:30,2025-08-05 12:45:00+05:30,2025-08-05 12:50:00+05:30,5,2025-08-05 12:50:00+05:30,0.00023866348448686736,True
2025-08-05 12:45:00+05:30,2025-08-05 12:45:00+05:30,2025-08-05 12:50:00+05:30,10,2025-08-05 12:55:00+05:30,0.00023866348448686736,True
2025-08-05 12:45:00+05:30,2025-08-05 12:45:00+05:30,2025-08-05 12:50:00+05:30,15,2025-08-05 13:00:00+05:30,0.00023866348448686736,True
2025-08-05 12:45:00+05:30,2025-08-05 12:45:00+05:30,2025-08-05 12:50:00+05:30,20,2025-08-05 13:05:00+05:30,0.0007159904534606021,True
2025-08-05 12:45:00+05:30,2025-08-05 12:45:00+05:30,2025-08-05 12:50:00+05:30,25,2025-08-05 13:10:00+05:30,0.00035799522673030104,True
2025-08-05 12:45:00+05:30,2025-08-05 12:45:00+05:30,2025-08-05 12:50:00+05:30,30,2025-08-05 13:15:00+05:30,0.00023866348448686736,True
2025-08-05 12:45:00+05:30,2025-08-05 12:45:00+05:30,2025-08-05 12:50:00+05:30,45,2025-08-05 13:30:00+05:30,0.00035799522673030104,True
2025-08-05 12:45:00+05:30,2025-08-05 12:45:00+05:30,2025-08-05 12:50:00+05:30,60,2025-08-05 13:45:00+05:30,-0.00035799522673030104,True
2025-08-06 12:00:00+05:30,2025-08-06 12:00:00+05:30,2025-08-06 12:05:00+05:30,5,2025-08-06 12:05:00+05:30,-0.0002384642899726508,True
2025-08-06 12:00:00+05:30,2025-08-06 12:00:00+05:30,2025-08-06 12:05:00+05:30,10,2025-08-06 12:10:00+05:30,-0.0002384642899726508,True
2025-08-06 12:00:00+05:30,2025-08-06 12:00:00+05:30,2025-08-06 12:05:00+05:30,15,2025-08-06 12:15:00+05:30,-0.00035769643495886516,True
2025-08-06 12:00:00+05:30,2025-08-06 12:00:00+05:30,2025-08-06 12:05:00+05:30,20,2025-08-06 12:20:00+05:30,-0.000596160724931627,True
2025-08-06 12:00:00+05:30,2025-08-06 12:00:00+05:30,2025-08-06 12:05:00+05:30,25,2025-08-06 12:25:00+05:30,-0.0007153928699177303,True
2025-08-06 12:00:00+05:30,2025-08-06 12:00:00+05:30,2025-08-06 12:05:00+05:30,30,2025-08-06 12:30:00+05:30,-0.0009538571598902701,True
2025-08-06 12:00:00+05:30,2025-08-06 12:00:00+05:30,2025-08-06 12:05:00+05:30,45,2025-08-06 12:45:00+05:30,-0.0020269464647669766,True
2025-08-06 12:00:00+05:30,2025-08-06 12:00:00+05:30,2025-08-06 12:05:00+05:30,60,2025-08-06 13:00:00+05:30,-0.002146178609753302,True
2025-08-07 12:30:00+05:30,2025-08-07 12:30:00+05:30,2025-08-07 12:35:00+05:30,5,2025-08-07 12:35:00+05:30,-0.00047579398120600747,True
2025-08-07 12:30:00+05:30,2025-08-07 12:30:00+05:30,2025-08-07 12:35:00+05:30,10,2025-08-07 12:40:00+05:30,-0.00023789699060305924,True
2025-08-07 12:30:00+05:30,2025-08-07 12:30:00+05:30,2025-08-07 12:35:00+05:30,15,2025-08-07 12:45:00+05:30,-0.00035684548590442233,True
2025-08-07 12:30:00+05:30,2025-08-07 12:30:00+05:30,2025-08-07 12:35:00+05:30,20,2025-08-07 12:50:00+05:30,0.0,True
2025-08-07 12:30:00+05:30,2025-08-07 12:30:00+05:30,2025-08-07 12:35:00+05:30,25,2025-08-07 12:55:00+05:30,0.0003568454859046444,True
2025-08-07 12:30:00+05:30,2025-08-07 12:30:00+05:30,2025-08-07 12:35:00+05:30,30,2025-08-07 13:00:00+05:30,0.000951587962412459,True
2025-08-07 12:30:00+05:30,2025-08-07 12:30:00+05:30,2025-08-07 12:35:00+05:30,45,2025-08-07 13:15:00+05:30,0.0014273819436185775,True
2025-08-07 12:30:00+05:30,2025-08-07 12:30:00+05:30,2025-08-07 12:35:00+05:30,60,2025-08-07 13:30:00+05:30,0.0013084334483171034,True
2025-08-13 11:45:00+05:30,2025-08-13 11:45:00+05:30,2025-08-13 11:50:00+05:30,5,2025-08-13 11:50:00+05:30,0.00012017786323759161,True
2025-08-13 11:45:00+05:30,2025-08-13 11:45:00+05:30,2025-08-13 11:50:00+05:30,10,2025-08-13 11:55:00+05:30,0.00048071145295036644,True
2025-08-13 11:45:00+05:30,2025-08-13 11:45:00+05:30,2025-08-13 11:50:00+05:30,15,2025-08-13 12:00:00+05:30,0.00012017786323759161,True
2025-08-13 11:45:00+05:30,2025-08-13 11:45:00+05:30,2025-08-13 11:50:00+05:30,20,2025-08-13 12:05:00+05:30,0.0003605335897127748,True
2025-08-13 11:45:00+05:30,2025-08-13 11:45:00+05:30,2025-08-13 11:50:00+05:30,25,2025-08-13 12:10:00+05:30,0.0,True
2025-08-13 11:45:00+05:30,2025-08-13 11:45:00+05:30,2025-08-13 11:50:00+05:30,30,2025-08-13 12:15:00+05:30,0.00048071145295036644,True
2025-08-13 11:45:00+05:30,2025-08-13 11:45:00+05:30,2025-08-13 11:50:00+05:30,45,2025-08-13 12:30:00+05:30,0.00024035572647540526,True
2025-08-13 11:45:00+05:30,2025-08-13 11:45:00+05:30,2025-08-13 11:50:00+05:30,60,2025-08-13 12:45:00+05:30,0.00048071145295036644,True
2025-08-14 12:25:00+05:30,2025-08-14 12:25:00+05:30,2025-08-14 12:30:00+05:30,5,2025-08-14 12:30:00+05:30,0.00036066362106268457,True
2025-08-14 12:25:00+05:30,2025-08-14 12:25:00+05:30,2025-08-14 12:30:00+05:30,10,2025-08-14 12:35:00+05:30,0.0004808848280835054,True
2025-08-14 12:25:00+05:30,2025-08-14 12:25:00+05:30,2025-08-14 12:30:00+05:30,15,2025-08-14 12:40:00+05:30,0.0004808848280835054,True
2025-08-14 12:25:00+05:30,2025-08-14 12:25:00+05:30,2025-08-14 12:30:00+05:30,20,2025-08-14 12:45:00+05:30,0.0007213272421253691,True
2025-08-14 12:25:00+05:30,2025-08-14 12:25:00+05:30,2025-08-14 12:30:00+05:30,25,2025-08-14 12:50:00+05:30,0.000841548449146412,True
2025-08-14 12:25:00+05:30,2025-08-14 12:25:00+05:30,2025-08-14 12:30:00+05:30,30,2025-08-14 12:55:00+05:30,0.0009617696561672329,True
2025-08-14 12:25:00+05:30,2025-08-14 12:25:00+05:30,2025-08-14 12:30:00+05:30,45,2025-08-14 13:10:00+05:30,-0.0012022120702093186,True
2025-08-14 12:25:00+05:30,2025-08-14 12:25:00+05:30,2025-08-14 12:30:00+05:30,60,2025-08-14 13:25:00+05:30,-0.0021639817263766625,True
2025-08-20 11:45:00+05:30,2025-08-20 11:45:00+05:30,2025-08-20 11:50:00+05:30,5,2025-08-20 11:50:00+05:30,0.00012169891687974221,True
2025-08-20 11:45:00+05:30,2025-08-20 11:45:00+05:30,2025-08-20 11:50:00+05:30,10,2025-08-20 11:55:00+05:30,-0.0004867956675186358,True
2025-08-20 11:45:00+05:30,2025-08-20 11:45:00+05:30,2025-08-20 11:50:00+05:30,15,2025-08-20 12:00:00+05:30,-0.000608494584398156,True
2025-08-20 11:45:00+05:30,2025-08-20 11:45:00+05:30,2025-08-20 11:50:00+05:30,20,2025-08-20 12:05:00+05:30,-0.000608494584398156,True
2025-08-20 11:45:00+05:30,2025-08-20 11:45:00+05:30,2025-08-20 11:50:00+05:30,25,2025-08-20 12:10:00+05:30,-0.0003650967506388936,True
2025-08-20 11:45:00+05:30,2025-08-20 11:45:00+05:30,2025-08-20 11:50:00+05:30,30,2025-08-20 12:15:00+05:30,-0.0009735913350370495,True
2025-08-20 11:45:00+05:30,2025-08-20 11:45:00+05:30,2025-08-20 11:50:00+05:30,45,2025-08-20 12:30:00+05:30,-0.0009735913350370495,True
2025-08-20 11:45:00+05:30,2025-08-20 11:45:00+05:30,2025-08-20 11:50:00+05:30,60,2025-08-20 12:45:00+05:30,-0.00182548375319469,True
2025-08-21 13:15:00+05:30,2025-08-21 13:15:00+05:30,2025-08-21 13:20:00+05:30,5,2025-08-21 13:20:00+05:30,0.0,True
2025-08-21 13:15:00+05:30,2025-08-21 13:15:00+05:30,2025-08-21 13:20:00+05:30,10,2025-08-21 13:25:00+05:30,-0.0002426006792818347,True
2025-08-21 13:15:00+05:30,2025-08-21 13:15:00+05:30,2025-08-21 13:20:00+05:30,15,2025-08-21 13:30:00+05:30,0.0,True
2025-08-21 13:15:00+05:30,2025-08-21 13:15:00+05:30,2025-08-21 13:20:00+05:30,20,2025-08-21 13:35:00+05:30,0.00012130033964097287,True
2025-08-21 13:15:00+05:30,2025-08-21 13:15:00+05:30,2025-08-21 13:20:00+05:30,25,2025-08-21 13:40:00+05:30,0.00012130033964097287,True
2025-08-21 13:15:00+05:30,2025-08-21 13:15:00+05:30,2025-08-21 13:20:00+05:30,30,2025-08-21 13:45:00+05:30,0.0006065016982046423,True
2025-08-21 13:15:00+05:30,2025-08-21 13:15:00+05:30,2025-08-21 13:20:00+05:30,45,2025-08-21 14:00:00+05:30,0.0006065016982046423,True
2025-08-21 13:15:00+05:30,2025-08-21 13:15:00+05:30,2025-08-21 13:20:00+05:30,60,2025-08-21 14:15:00+05:30,0.0,True
2025-08-25 12:00:00+05:30,2025-08-25 12:00:00+05:30,2025-08-25 12:05:00+05:30,5,2025-08-25 12:05:00+05:30,0.0,True
2025-08-25 12:00:00+05:30,2025-08-25 12:00:00+05:30,2025-08-25 12:05:00+05:30,10,2025-08-25 12:10:00+05:30,0.0,True
2025-08-25 12:00:00+05:30,2025-08-25 12:00:00+05:30,2025-08-25 12:05:00+05:30,15,2025-08-25 12:15:00+05:30,0.0,True
2025-08-25 12:00:00+05:30,2025-08-25 12:00:00+05:30,2025-08-25 12:05:00+05:30,20,2025-08-25 12:20:00+05:30,0.0005992329817832154,True
2025-08-25 12:00:00+05:30,2025-08-25 12:00:00+05:30,2025-08-25 12:05:00+05:30,25,2025-08-25 12:25:00+05:30,0.0005992329817832154,True
2025-08-25 12:00:00+05:30,2025-08-25 12:00:00+05:30,2025-08-25 12:05:00+05:30,30,2025-08-25 12:30:00+05:30,0.0005992329817832154,True
2025-08-25 12:00:00+05:30,2025-08-25 12:00:00+05:30,2025-08-25 12:05:00+05:30,45,2025-08-25 12:45:00+05:30,0.0004793863854266611,True
2025-08-25 12:00:00+05:30,2025-08-25 12:00:00+05:30,2025-08-25 12:05:00+05:30,60,2025-08-25 13:00:00+05:30,0.0004793863854266611,True
2025-08-28 12:15:00+05:30,2025-08-28 12:15:00+05:30,2025-08-28 12:20:00+05:30,5,2025-08-28 12:20:00+05:30,0.0004746647680076155,True
2025-08-28 12:15:00+05:30,2025-08-28 12:15:00+05:30,2025-08-28 12:20:00+05:30,10,2025-08-28 12:25:00+05:30,0.0,True
2025-08-28 12:15:00+05:30,2025-08-28 12:15:00+05:30,2025-08-28 12:20:00+05:30,15,2025-08-28 12:30:00+05:30,0.00023733238400391876,True
2025-08-28 12:15:00+05:30,2025-08-28 12:15:00+05:30,2025-08-28 12:20:00+05:30,20,2025-08-28 12:35:00+05:30,0.00011866619200184836,True
2025-08-28 12:15:00+05:30,2025-08-28 12:15:00+05:30,2025-08-28 12:20:00+05:30,25,2025-08-28 12:40:00+05:30,0.00011866619200184836,True
2025-08-28 12:15:00+05:30,2025-08-28 12:15:00+05:30,2025-08-28 12:20:00+05:30,30,2025-08-28 12:45:00+05:30,0.0005933309600094638,True
2025-08-28 12:15:00+05:30,2025-08-28 12:15:00+05:30,2025-08-28 12:20:00+05:30,45,2025-08-28 13:00:00+05:30,0.0003559985760057671,True
2025-08-28 12:15:00+05:30,2025-08-28 12:15:00+05:30,2025-08-28 12:20:00+05:30,60,2025-08-28 13:15:00+05:30,0.00011866619200184836,True
2025-08-28 14:05:00+05:30,2025-08-28 14:05:00+05:30,2025-08-28 14:10:00+05:30,5,2025-08-28 14:10:00+05:30,-0.00011853959222385413,True
2025-08-28 14:05:00+05:30,2025-08-28 14:05:00+05:30,2025-08-28 14:10:00+05:30,10,2025-08-28 14:15:00+05:30,0.00047415836889519447,True
2025-08-28 14:05:00+05:30,2025-08-28 14:05:00+05:30,2025-08-28 14:10:00+05:30,15,2025-08-28 14:20:00+05:30,0.00047415836889519447,True
2025-08-28 14:05:00+05:30,2025-08-28 14:05:00+05:30,2025-08-28 14:10:00+05:30,20,2025-08-28 14:25:00+05:30,0.0008297771455667569,True
2025-08-28 14:05:00+05:30,2025-08-28 14:05:00+05:30,2025-08-28 14:10:00+05:30,25,2025-08-28 14:30:00+05:30,0.0011853959222378752,True
2025-08-28 14:05:00+05:30,2025-08-28 14:05:00+05:30,2025-08-28 14:10:00+05:30,30,2025-08-28 14:35:00+05:30,0.0009483167377903889,True
2025-08-28 14:05:00+05:30,2025-08-28 14:05:00+05:30,2025-08-28 14:10:00+05:30,45,2025-08-28 14:50:00+05:30,0.0007112375533429027,True
2025-08-28 14:05:00+05:30,2025-08-28 14:05:00+05:30,2025-08-28 14:10:00+05:30,60,2025-08-28 15:05:00+05:30,0.0005926979611190486,True
2025-08-29 11:45:00+05:30,2025-08-29 11:45:00+05:30,2025-08-29 11:50:00+05:30,5,2025-08-29 11:50:00+05:30,0.0,True
2025-08-29 11:45:00+05:30,2025-08-29 11:45:00+05:30,2025-08-29 11:50:00+05:30,10,2025-08-29 11:55:00+05:30,0.00023565453045826246,True
2025-08-29 11:45:00+05:30,2025-08-29 11:45:00+05:30,2025-08-29 11:50:00+05:30,15,2025-08-29 12:00:00+05:30,0.00011782726522913123,True
2025-08-29 11:45:00+05:30,2025-08-29 11:45:00+05:30,2025-08-29 11:50:00+05:30,20,2025-08-29 12:05:00+05:30,0.0,True
2025-08-29 11:45:00+05:30,2025-08-29 11:45:00+05:30,2025-08-29 11:50:00+05:30,25,2025-08-29 12:10:00+05:30,-0.0002356545304584845,True
2025-08-29 11:45:00+05:30,2025-08-29 11:45:00+05:30,2025-08-29 11:50:00+05:30,30,2025-08-29 12:15:00+05:30,-0.00011782726522924225,True
2025-08-29 11:45:00+05:30,2025-08-29 11:45:00+05:30,2025-08-29 11:50:00+05:30,45,2025-08-29 12:30:00+05:30,-0.00011782726522924225,True
2025-08-29 11:45:00+05:30,2025-08-29 11:45:00+05:30,2025-08-29 11:50:00+05:30,60,2025-08-29 12:45:00+05:30,0.0,True
2025-08-29 13:25:00+05:30,2025-08-29 13:25:00+05:30,2025-08-29 13:30:00+05:30,5,2025-08-29 13:30:00+05:30,0.00011771630370804864,True
2025-08-29 13:25:00+05:30,2025-08-29 13:25:00+05:30,2025-08-29 13:30:00+05:30,10,2025-08-29 13:35:00+05:30,0.0008240141259563405,True
2025-08-29 13:25:00+05:30,2025-08-29 13:25:00+05:30,2025-08-29 13:30:00+05:30,15,2025-08-29 13:40:00+05:30,0.0011771630370804864,True
2025-08-29 13:25:00+05:30,2025-08-29 13:25:00+05:30,2025-08-29 13:30:00+05:30,20,2025-08-29 13:45:00+05:30,0.002707474985285563,True
2025-08-29 13:25:00+05:30,2025-08-29 13:25:00+05:30,2025-08-29 13:30:00+05:30,25,2025-08-29 13:50:00+05:30,0.0030606238964094867,True
2025-08-29 13:25:00+05:30,2025-08-29 13:25:00+05:30,2025-08-29 13:30:00+05:30,30,2025-08-29 13:55:00+05:30,0.0028251912889933894,True
2025-08-29 13:25:00+05:30,2025-08-29 13:25:00+05:30,2025-08-29 13:30:00+05:30,45,2025-08-29 14:10:00+05:30,0.00294290759270166,True
2025-08-29 13:25:00+05:30,2025-08-29 13:25:00+05:30,2025-08-29 13:30:00+05:30,60,2025-08-29 14:25:00+05:30,0.003296056503825806,True
2025-08-29 14:45:00+05:30,2025-08-29 14:45:00+05:30,2025-08-29 14:50:00+05:30,5,2025-08-29 14:50:00+05:30,-0.0005851375073141485,True
2025-08-29 14:45:00+05:30,2025-08-29 14:45:00+05:30,2025-08-29 14:50:00+05:30,10,2025-08-29 14:55:00+05:30,-0.0010532475131656005,True
2025-08-29 14:45:00+05:30,2025-08-29 14:45:00+05:30,2025-08-29 14:50:00+05:30,15,2025-08-29 15:00:00+05:30,-0.0005851375073141485,True
2025-08-29 14:45:00+05:30,2025-08-29 14:45:00+05:30,2025-08-29 14:50:00+05:30,20,2025-08-29 15:05:00+05:30,-0.000936220011702682,True
2025-08-29 14:45:00+05:30,2025-08-29 14:45:00+05:30,2025-08-29 14:50:00+05:30,25,2025-08-29 15:10:00+05:30,-0.000936220011702682,True
2025-08-29 14:45:00+05:30,2025-08-29 14:45:00+05:30,2025-08-29 14:50:00+05:30,30,2025-08-29 15:15:00+05:30,-0.000936220011702682,True
2025-08-29 14:45:00+05:30,2025-08-29 14:45:00+05:30,2025-08-29 14:50:00+05:30,45,,,False
2025-08-29 14:45:00+05:30,2025-08-29 14:45:00+05:30,2025-08-29 14:50:00+05:30,60,,,False
2025-09-01 12:05:00+05:30,2025-09-01 12:05:00+05:30,2025-09-01 12:10:00+05:30,5,2025-09-01 12:10:00+05:30,-0.00045945325063179165,True
2025-09-01 12:05:00+05:30,2025-09-01 12:05:00+05:30,2025-09-01 12:10:00+05:30,10,2025-09-01 12:15:00+05:30,-0.0005743165632896563,True
2025-09-01 12:05:00+05:30,2025-09-01 12:05:00+05:30,2025-09-01 12:10:00+05:30,15,2025-09-01 12:20:00+05:30,-0.00022972662531584032,True
2025-09-01 12:05:00+05:30,2025-09-01 12:05:00+05:30,2025-09-01 12:10:00+05:30,20,2025-09-01 12:25:00+05:30,-0.002067539627842896,True
2025-09-01 12:05:00+05:30,2025-09-01 12:05:00+05:30,2025-09-01 12:10:00+05:30,25,2025-09-01 12:30:00+05:30,-0.0018378130025269446,True
2025-09-01 12:05:00+05:30,2025-09-01 12:05:00+05:30,2025-09-01 12:10:00+05:30,30,2025-09-01 12:35:00+05:30,-0.0018378130025269446,True
2025-09-01 12:05:00+05:30,2025-09-01 12:05:00+05:30,2025-09-01 12:10:00+05:30,45,2025-09-01 12:50:00+05:30,-0.0035607626923960245,True
2025-09-01 12:05:00+05:30,2025-09-01 12:05:00+05:30,2025-09-01 12:10:00+05:30,60,2025-09-01 13:05:00+05:30,-0.004020215943027927,True
2025-09-04 11:55:00+05:30,2025-09-04 11:55:00+05:30,2025-09-04 12:00:00+05:30,5,2025-09-04 12:00:00+05:30,0.0005680527152920334,True
2025-09-04 11:55:00+05:30,2025-09-04 11:55:00+05:30,2025-09-04 12:00:00+05:30,10,2025-09-04 12:05:00+05:30,0.0015905476028175158,True
2025-09-04 11:55:00+05:30,2025-09-04 11:55:00+05:30,2025-09-04 12:00:00+05:30,15,2025-09-04 12:10:00+05:30,0.0018177686889344624,True
2025-09-04 11:55:00+05:30,2025-09-04 11:55:00+05:30,2025-09-04 12:00:00+05:30,20,2025-09-04 12:15:00+05:30,0.0017041581458761001,True
2025-09-04 11:55:00+05:30,2025-09-04 11:55:00+05:30,2025-09-04 12:00:00+05:30,25,2025-09-04 12:20:00+05:30,0.0013633265167007913,True
2025-09-04 11:55:00+05:30,2025-09-04 11:55:00+05:30,2025-09-04 12:00:00+05:30,30,2025-09-04 12:25:00+05:30,0.0010224948875257045,True
2025-09-04 11:55:00+05:30,2025-09-04 11:55:00+05:30,2025-09-04 12:00:00+05:30,45,2025-09-04 12:40:00+05:30,0.0009088843444671202,True
2025-09-04 11:55:00+05:30,2025-09-04 11:55:00+05:30,2025-09-04 12:00:00+05:30,60,2025-09-04 12:55:00+05:30,0.0010224948875257045,True
2025-09-08 11:50:00+05:30,2025-09-08 11:50:00+05:30,2025-09-08 11:55:00+05:30,5,2025-09-08 11:55:00+05:30,0.0,True
2025-09-08 11:50:00+05:30,2025-09-08 11:50:00+05:30,2025-09-08 11:55:00+05:30,10,2025-09-08 12:00:00+05:30,-0.00011174432897520514,True
2025-09-08 11:50:00+05:30,2025-09-08 11:50:00+05:30,2025-09-08 11:55:00+05:30,15,2025-09-08 12:05:00+05:30,-0.0003352329869259485,True
2025-09-08 11:50:00+05:30,2025-09-08 11:50:00+05:30,2025-09-08 11:55:00+05:30,20,2025-09-08 12:10:00+05:30,-0.0002234886579505213,True
2025-09-08 11:50:00+05:30,2025-09-08 11:50:00+05:30,2025-09-08 11:55:00+05:30,25,2025-09-08 12:15:00+05:30,-0.00044697731590115364,True
2025-09-08 11:50:00+05:30,2025-09-08 11:50:00+05:30,2025-09-08 11:55:00+05:30,30,2025-09-08 12:20:00+05:30,-0.0003352329869259485,True
2025-09-08 11:50:00+05:30,2025-09-08 11:50:00+05:30,2025-09-08 11:55:00+05:30,45,2025-09-08 12:35:00+05:30,0.0003352329869259485,True
2025-09-08 11:50:00+05:30,2025-09-08 11:50:00+05:30,2025-09-08 11:55:00+05:30,60,2025-09-08 12:50:00+05:30,0.002123142250531007,True
2025-09-08 12:55:00+05:30,2025-09-08 12:55:00+05:30,2025-09-08 13:00:00+05:30,5,2025-09-08 13:00:00+05:30,0.00022291573785104823,True
2025-09-08 12:55:00+05:30,2025-09-08 12:55:00+05:30,2025-09-08 13:00:00+05:30,10,2025-09-08 13:05:00+05:30,0.0003343736067766834,True
2025-09-08 12:55:00+05:30,2025-09-08 12:55:00+05:30,2025-09-08 13:00:00+05:30,15,2025-09-08 13:10:00+05:30,0.0005572893446277316,True
2025-09-08 12:55:00+05:30,2025-09-08 12:55:00+05:30,2025-09-08 13:00:00+05:30,20,2025-09-08 13:15:00+05:30,-0.00011145786892563514,True
2025-09-08 12:55:00+05:30,2025-09-08 12:55:00+05:30,2025-09-08 13:00:00+05:30,25,2025-09-08 13:20:00+05:30,0.00011145786892563514,True
2025-09-08 12:55:00+05:30,2025-09-08 12:55:00+05:30,2025-09-08 13:00:00+05:30,30,2025-09-08 13:25:00+05:30,0.00011145786892563514,True
2025-09-08 12:55:00+05:30,2025-09-08 12:55:00+05:30,2025-09-08 13:00:00+05:30,45,2025-09-08 13:40:00+05:30,0.0007802050824790019,True
2025-09-08 12:55:00+05:30,2025-09-08 12:55:00+05:30,2025-09-08 13:00:00+05:30,60,2025-09-08 13:55:00+05:30,0.0022291573785109264,True
2025-09-08 14:00:00+05:30,2025-09-08 14:00:00+05:30,2025-09-08 14:05:00+05:30,5,2025-09-08 14:05:00+05:30,-0.00011114816049795362,True
2025-09-08 14:00:00+05:30,2025-09-08 14:00:00+05:30,2025-09-08 14:05:00+05:30,10,2025-09-08 14:10:00+05:30,-0.00044459264199170345,True
2025-09-08 14:00:00+05:30,2025-09-08 14:00:00+05:30,2025-09-08 14:05:00+05:30,15,2025-09-08 14:15:00+05:30,-0.00033344448149386086,True
2025-09-08 14:00:00+05:30,2025-09-08 14:00:00+05:30,2025-09-08 14:05:00+05:30,20,2025-09-08 14:20:00+05:30,-0.0007780371234855643,True
2025-09-08 14:00:00+05:30,2025-09-08 14:00:00+05:30,2025-09-08 14:05:00+05:30,25,2025-09-08 14:25:00+05:30,-0.0006668889629877217,True
2025-09-08 14:00:00+05:30,2025-09-08 14:00:00+05:30,2025-09-08 14:05:00+05:30,30,2025-09-08 14:30:00+05:30,-0.0010003334444815826,True
2025-09-08 14:00:00+05:30,2025-09-08 14:00:00+05:30,2025-09-08 14:05:00+05:30,45,2025-09-08 14:45:00+05:30,-0.00022229632099579621,True
2025-09-08 14:00:00+05:30,2025-09-08 14:00:00+05:30,2025-09-08 14:05:00+05:30,60,2025-09-08 15:00:00+05:30,-0.0010003334444815826,True
2025-09-09 14:40:00+05:30,2025-09-09 14:40:00+05:30,2025-09-09 14:45:00+05:30,5,2025-09-09 14:45:00+05:30,0.00032909170688899536,True
2025-09-09 14:40:00+05:30,2025-09-09 14:40:00+05:30,2025-09-09 14:45:00+05:30,10,2025-09-09 14:50:00+05:30,0.0004387889425188085,True
2025-09-09 14:40:00+05:30,2025-09-09 14:40:00+05:30,2025-09-09 14:45:00+05:30,15,2025-09-09 14:55:00+05:30,0.0,True
2025-09-09 14:40:00+05:30,2025-09-09 14:40:00+05:30,2025-09-09 14:45:00+05:30,20,2025-09-09 15:00:00+05:30,0.00021939447125940426,True
2025-09-09 14:40:00+05:30,2025-09-09 14:40:00+05:30,2025-09-09 14:45:00+05:30,25,2025-09-09 15:05:00+05:30,0.00021939447125940426,True
2025-09-09 14:40:00+05:30,2025-09-09 14:40:00+05:30,2025-09-09 14:45:00+05:30,30,2025-09-09 15:10:00+05:30,0.00032909170688899536,True
2025-09-09 14:40:00+05:30,2025-09-09 14:40:00+05:30,2025-09-09 14:45:00+05:30,45,2025-09-09 15:25:00+05:30,0.001864853005704381,True
2025-09-09 14:40:00+05:30,2025-09-09 14:40:00+05:30,2025-09-09 14:45:00+05:30,60,,,False
2025-09-10 12:45:00+05:30,2025-09-10 12:45:00+05:30,2025-09-10 12:50:00+05:30,5,2025-09-10 12:50:00+05:30,0.00011012003083354927,True
2025-09-10 12:45:00+05:30,2025-09-10 12:45:00+05:30,2025-09-10 12:50:00+05:30,10,2025-09-10 12:55:00+05:30,-0.00011012003083366029,True
2025-09-10 12:45:00+05:30,2025-09-10 12:45:00+05:30,2025-09-10 12:50:00+05:30,15,2025-09-10 13:00:00+05:30,0.00011012003083354927,True
2025-09-10 12:45:00+05:30,2025-09-10 12:45:00+05:30,2025-09-10 12:50:00+05:30,20,2025-09-10 13:05:00+05:30,0.00011012003083354927,True
2025-09-10 12:45:00+05:30,2025-09-10 12:45:00+05:30,2025-09-10 12:50:00+05:30,25,2025-09-10 13:10:00+05:30,0.0004404801233344191,True
2025-09-10 12:45:00+05:30,2025-09-10 12:45:00+05:30,2025-09-10 12:50:00+05:30,30,2025-09-10 13:15:00+05:30,0.00033036009250086984,True
2025-09-10 12:45:00+05:30,2025-09-10 12:45:00+05:30,2025-09-10 12:50:00+05:30,45,2025-09-10 13:30:00+05:30,-0.00022024006166720955,True
2025-09-10 12:45:00+05:30,2025-09-10 12:45:00+05:30,2025-09-10 12:50:00+05:30,60,2025-09-10 13:45:00+05:30,-0.0004404801233345301,True
2025-09-16 12:15:00+05:30,2025-09-16 12:15:00+05:30,2025-09-16 12:20:00+05:30,5,2025-09-16 12:20:00+05:30,0.0,True
2025-09-16 12:15:00+05:30,2025-09-16 12:15:00+05:30,2025-09-16 12:20:00+05:30,10,2025-09-16 12:25:00+05:30,0.0007607868709922361,True
2025-09-16 12:15:00+05:30,2025-09-16 12:15:00+05:30,2025-09-16 12:20:00+05:30,15,2025-09-16 12:30:00+05:30,0.00043473535485261117,True
2025-09-16 12:15:00+05:30,2025-09-16 12:15:00+05:30,2025-09-16 12:20:00+05:30,20,2025-09-16 12:35:00+05:30,0.0006521030322790278,True
2025-09-16 12:15:00+05:30,2025-09-16 12:15:00+05:30,2025-09-16 12:20:00+05:30,25,2025-09-16 12:40:00+05:30,0.0005434191935658195,True
2025-09-16 12:15:00+05:30,2025-09-16 12:15:00+05:30,2025-09-16 12:20:00+05:30,30,2025-09-16 12:45:00+05:30,0.0007607868709922361,True
2025-09-16 12:15:00+05:30,2025-09-16 12:15:00+05:30,2025-09-16 12:20:00+05:30,45,2025-09-16 13:00:00+05:30,0.0009781545484184306,True
2025-09-16 12:15:00+05:30,2025-09-16 12:15:00+05:30,2025-09-16 12:20:00+05:30,60,2025-09-16 13:15:00+05:30,0.00043473535485261117,True
2025-09-16 13:45:00+05:30,2025-09-16 13:45:00+05:30,2025-09-16 13:50:00+05:30,5,2025-09-16 13:50:00+05:30,-0.00043388653867004745,True
2025-09-16 13:45:00+05:30,2025-09-16 13:45:00+05:30,2025-09-16 13:50:00+05:30,10,2025-09-16 13:55:00+05:30,-0.00032541490400261885,True
2025-09-16 13:45:00+05:30,2025-09-16 13:45:00+05:30,2025-09-16 13:50:00+05:30,15,2025-09-16 14:00:00+05:30,-0.00032541490400261885,True
2025-09-16 13:45:00+05:30,2025-09-16 13:45:00+05:30,2025-09-16 13:50:00+05:30,20,2025-09-16 14:05:00+05:30,-0.00032541490400261885,True
2025-09-16 13:45:00+05:30,2025-09-16 13:45:00+05:30,2025-09-16 13:50:00+05:30,25,2025-09-16 14:10:00+05:30,-0.00021694326933507924,True
2025-09-16 13:45:00+05:30,2025-09-16 13:45:00+05:30,2025-09-16 13:50:00+05:30,30,2025-09-16 14:15:00+05:30,-0.00021694326933507924,True
2025-09-16 13:45:00+05:30,2025-09-16 13:45:00+05:30,2025-09-16 13:50:00+05:30,45,2025-09-16 14:30:00+05:30,0.00043388653867015847,True
2025-09-16 13:45:00+05:30,2025-09-16 13:45:00+05:30,2025-09-16 13:50:00+05:30,60,2025-09-16 14:45:00+05:30,0.00021694326933507924,True
2025-09-19 14:30:00+05:30,2025-09-19 14:30:00+05:30,2025-09-19 14:35:00+05:30,5,2025-09-19 14:35:00+05:30,0.00021905805038335835,True
2025-09-19 14:30:00+05:30,2025-09-19 14:30:00+05:30,2025-09-19 14:35:00+05:30,10,2025-09-19 14:40:00+05:30,0.00021905805038335835,True
2025-09-19 14:30:00+05:30,2025-09-19 14:30:00+05:30,2025-09-19 14:35:00+05:30,15,2025-09-19 14:45:00+05:30,0.00032858707557514855,True
2025-09-19 14:30:00+05:30,2025-09-19 14:30:00+05:30,2025-09-19 14:35:00+05:30,20,2025-09-19 14:50:00+05:30,0.00032858707557514855,True
2025-09-19 14:30:00+05:30,2025-09-19 14:30:00+05:30,2025-09-19 14:35:00+05:30,25,2025-09-19 14:55:00+05:30,0.0,True
2025-09-19 14:30:00+05:30,2025-09-19 14:30:00+05:30,2025-09-19 14:35:00+05:30,30,2025-09-19 15:00:00+05:30,-0.00010952902519156815,True
2025-09-19 14:30:00+05:30,2025-09-19 14:30:00+05:30,2025-09-19 14:35:00+05:30,45,2025-09-19 15:15:00+05:30,-0.00010952902519156815,True
2025-09-19 14:30:00+05:30,2025-09-19 14:30:00+05:30,2025-09-19 14:35:00+05:30,60,,,False
2025-09-22 11:50:00+05:30,2025-09-22 11:50:00+05:30,2025-09-22 11:55:00+05:30,5,2025-09-22 11:55:00+05:30,0.0007574937777297119,True
2025-09-22 11:50:00+05:30,2025-09-22 11:50:00+05:30,2025-09-22 11:55:00+05:30,10,2025-09-22 12:00:00+05:30,0.0009739205713668042,True
2025-09-22 11:50:00+05:30,2025-09-22 11:50:00+05:30,2025-09-22 11:55:00+05:30,15,2025-09-22 12:05:00+05:30,0.0019478411427336084,True
2025-09-22 11:50:00+05:30,2025-09-22 11:50:00+05:30,2025-09-22 11:55:00+05:30,20,2025-09-22 12:10:00+05:30,0.002272481333189136,True
2025-09-22 11:50:00+05:30,2025-09-22 11:50:00+05:30,2025-09-22 11:55:00+05:30,25,2025-09-22 12:15:00+05:30,0.0029217617141004126,True
2025-09-22 11:50:00+05:30,2025-09-22 11:50:00+05:30,2025-09-22 11:55:00+05:30,30,2025-09-22 12:20:00+05:30,0.003138188507737283,True
2025-09-22 11:50:00+05:30,2025-09-22 11:50:00+05:30,2025-09-22 11:55:00+05:30,45,2025-09-22 12:35:00+05:30,0.0029217617141004126,True
2025-09-22 11:50:00+05:30,2025-09-22 11:50:00+05:30,2025-09-22 11:55:00+05:30,60,2025-09-22 12:50:00+05:30,0.002380694730007571,True
2025-09-22 14:20:00+05:30,2025-09-22 14:20:00+05:30,2025-09-22 14:25:00+05:30,5,2025-09-22 14:25:00+05:30,0.00010746910263303988,True
2025-09-22 14:20:00+05:30,2025-09-22 14:20:00+05:30,2025-09-22 14:25:00+05:30,10,2025-09-22 14:30:00+05:30,0.00010746910263303988,True
2025-09-22 14:20:00+05:30,2025-09-22 14:20:00+05:30,2025-09-22 14:25:00+05:30,15,2025-09-22 14:35:00+05:30,0.0003224073078988976,True
2025-09-22 14:20:00+05:30,2025-09-22 14:20:00+05:30,2025-09-22 14:25:00+05:30,20,2025-09-22 14:40:00+05:30,-0.00010746910263292886,True
2025-09-22 14:20:00+05:30,2025-09-22 14:20:00+05:30,2025-09-22 14:25:00+05:30,25,2025-09-22 14:45:00+05:30,0.0004298764105319375,True
2025-09-22 14:20:00+05:30,2025-09-22 14:20:00+05:30,2025-09-22 14:25:00+05:30,30,2025-09-22 14:50:00+05:30,0.0009672219236969148,True
2025-09-22 14:20:00+05:30,2025-09-22 14:20:00+05:30,2025-09-22 14:25:00+05:30,45,2025-09-22 15:05:00+05:30,0.0010746910263299547,True
2025-09-22 14:20:00+05:30,2025-09-22 14:20:00+05:30,2025-09-22 14:25:00+05:30,60,2025-09-22 15:20:00+05:30,0.0012896292315960345,True
2025-09-23 13:50:00+05:30,2025-09-23 13:50:00+05:30,2025-09-23 13:55:00+05:30,5,2025-09-23 13:55:00+05:30,0.00042368393178704444,True
2025-09-23 13:50:00+05:30,2025-09-23 13:50:00+05:30,2025-09-23 13:55:00+05:30,10,2025-09-23 14:00:00+05:30,0.0025421035907213785,True
2025-09-23 13:50:00+05:30,2025-09-23 13:50:00+05:30,2025-09-23 13:55:00+05:30,15,2025-09-23 14:05:00+05:30,0.002436182607774562,True
2025-09-23 13:50:00+05:30,2025-09-23 13:50:00+05:30,2025-09-23 13:55:00+05:30,20,2025-09-23 14:10:00+05:30,0.003707234403135251,True
2025-09-23 13:50:00+05:30,2025-09-23 13:50:00+05:30,2025-09-23 13:55:00+05:30,25,2025-09-23 14:15:00+05:30,0.004554602266709118,True
2025-09-23 13:50:00+05:30,2025-09-23 13:50:00+05:30,2025-09-23 13:55:00+05:30,30,2025-09-23 14:20:00+05:30,0.005401970130282763,True
2025-09-23 13:50:00+05:30,2025-09-23 13:50:00+05:30,2025-09-23 13:55:00+05:30,45,2025-09-23 14:35:00+05:30,0.006778942908590269,True
2025-09-23 13:50:00+05:30,2025-09-23 13:50:00+05:30,2025-09-23 13:55:00+05:30,60,2025-09-23 14:50:00+05:30,0.008367757652791186,True
2025-09-24 13:10:00+05:30,2025-09-24 13:10:00+05:30,2025-09-24 13:15:00+05:30,5,2025-09-24 13:15:00+05:30,0.0,True
2025-09-24 13:10:00+05:30,2025-09-24 13:10:00+05:30,2025-09-24 13:15:00+05:30,10,2025-09-24 13:20:00+05:30,-0.00010538518284330944,True
2025-09-24 13:10:00+05:30,2025-09-24 13:10:00+05:30,2025-09-24 13:15:00+05:30,15,2025-09-24 13:25:00+05:30,-0.00021077036568650787,True
2025-09-24 13:10:00+05:30,2025-09-24 13:10:00+05:30,2025-09-24 13:15:00+05:30,20,2025-09-24 13:30:00+05:30,-0.0004215407313732378,True
2025-09-24 13:10:00+05:30,2025-09-24 13:10:00+05:30,2025-09-24 13:15:00+05:30,25,2025-09-24 13:35:00+05:30,-0.0004215407313732378,True
2025-09-24 13:10:00+05:30,2025-09-24 13:10:00+05:30,2025-09-24 13:15:00+05:30,30,2025-09-24 13:40:00+05:30,-0.0007376962799031661,True
2025-09-24 13:10:00+05:30,2025-09-24 13:10:00+05:30,2025-09-24 13:15:00+05:30,45,2025-09-24 13:55:00+05:30,-0.0011592370112761818,True
2025-09-24 13:10:00+05:30,2025-09-24 13:10:00+05:30,2025-09-24 13:15:00+05:30,60,2025-09-24 14:10:00+05:30,-0.001686162925492618,True
2025-09-25 11:45:00+05:30,2025-09-25 11:45:00+05:30,2025-09-25 11:50:00+05:30,5,2025-09-25 11:50:00+05:30,-0.00031897926634771867,True
2025-09-25 11:45:00+05:30,2025-09-25 11:45:00+05:30,2025-09-25 11:50:00+05:30,10,2025-09-25 11:55:00+05:30,-0.0007442849548111585,True
2025-09-25 11:45:00+05:30,2025-09-25 11:45:00+05:30,2025-09-25 11:50:00+05:30,15,2025-09-25 12:00:00+05:30,-0.0007442849548111585,True
2025-09-25 11:45:00+05:30,2025-09-25 11:45:00+05:30,2025-09-25 11:50:00+05:30,20,2025-09-25 12:05:00+05:30,-0.0015948963317383713,True
2025-09-25 11:45:00+05:30,2025-09-25 11:45:00+05:30,2025-09-25 11:50:00+05:30,25,2025-09-25 12:10:00+05:30,-0.0013822434875065959,True
2025-09-25 11:45:00+05:30,2025-09-25 11:45:00+05:30,2025-09-25 11:50:00+05:30,30,2025-09-25 12:15:00+05:30,-0.001488569909622539,True
2025-09-25 11:45:00+05:30,2025-09-25 11:45:00+05:30,2025-09-25 11:50:00+05:30,45,2025-09-25 12:30:00+05:30,-0.0011695906432748204,True
2025-09-25 11:45:00+05:30,2025-09-25 11:45:00+05:30,2025-09-25 11:50:00+05:30,60,2025-09-25 12:45:00+05:30,-0.0011695906432748204,True
2025-09-25 13:10:00+05:30,2025-09-25 13:10:00+05:30,2025-09-25 13:15:00+05:30,5,2025-09-25 13:15:00+05:30,0.0010624734381639023,True
2025-09-25 13:10:00+05:30,2025-09-25 13:10:00+05:30,2025-09-25 13:15:00+05:30,10,2025-09-25 13:20:00+05:30,0.0004249893752654721,True
2025-09-25 13:10:00+05:30,2025-09-25 13:10:00+05:30,2025-09-25 13:15:00+05:30,15,2025-09-25 13:25:00+05:30,0.0003187420314492151,True
2025-09-25 13:10:00+05:30,2025-09-25 13:10:00+05:30,2025-09-25 13:15:00+05:30,20,2025-09-25 13:30:00+05:30,0.0011687207819803813,True
2025-09-25 13:10:00+05:30,2025-09-25 13:10:00+05:30,2025-09-25 13:15:00+05:30,25,2025-09-25 13:35:00+05:30,0.0015937101572460755,True
2025-09-25 13:10:00+05:30,2025-09-25 13:10:00+05:30,2025-09-25 13:15:00+05:30,30,2025-09-25 13:40:00+05:30,0.0016999575010623325,True
2025-09-25 13:10:00+05:30,2025-09-25 13:10:00+05:30,2025-09-25 13:15:00+05:30,45,2025-09-25 13:55:00+05:30,0.0018062048448788115,True
2025-09-25 13:10:00+05:30,2025-09-25 13:10:00+05:30,2025-09-25 13:15:00+05:30,60,2025-09-25 14:10:00+05:30,0.0018062048448788115,True
2025-09-26 11:45:00+05:30,2025-09-26 11:45:00+05:30,2025-09-26 11:50:00+05:30,5,2025-09-26 11:50:00+05:30,0.0,True
2025-09-26 11:45:00+05:30,2025-09-26 11:45:00+05:30,2025-09-26 11:50:00+05:30,10,2025-09-26 11:55:00+05:30,-0.00031813361611876534,True
2025-09-26 11:45:00+05:30,2025-09-26 11:45:00+05:30,2025-09-26 11:50:00+05:30,15,2025-09-26 12:00:00+05:30,0.0,True
2025-09-26 11:45:00+05:30,2025-09-26 11:45:00+05:30,2025-09-26 11:50:00+05:30,20,2025-09-26 12:05:00+05:30,-0.00042417815482498344,True
2025-09-26 11:45:00+05:30,2025-09-26 11:45:00+05:30,2025-09-26 11:50:00+05:30,25,2025-09-26 12:10:00+05:30,-0.0016967126193000448,True
2025-09-26 11:45:00+05:30,2025-09-26 11:45:00+05:30,2025-09-26 11:50:00+05:30,30,2025-09-26 12:15:00+05:30,-0.00201484623541881,True
2025-09-26 11:45:00+05:30,2025-09-26 11:45:00+05:30,2025-09-26 11:50:00+05:30,45,2025-09-26 12:30:00+05:30,-0.002863202545068888,True
2025-09-26 11:45:00+05:30,2025-09-26 11:45:00+05:30,2025-09-26 11:50:00+05:30,60,2025-09-26 12:45:00+05:30,-0.0021208907741251393,True
2025-09-29 12:10:00+05:30,2025-09-29 12:10:00+05:30,2025-09-29 12:15:00+05:30,5,2025-09-29 12:15:00+05:30,-0.0011475067807218409,True
2025-09-29 12:10:00+05:30,2025-09-29 12:10:00+05:30,2025-09-29 12:15:00+05:30,10,2025-09-29 12:20:00+05:30,-0.0008345503859795711,True
2025-09-29 12:10:00+05:30,2025-09-29 12:10:00+05:30,2025-09-29 12:15:00+05:30,15,2025-09-29 12:25:00+05:30,-0.0007302315877319998,True
2025-09-29 12:10:00+05:30,2025-09-29 12:10:00+05:30,2025-09-29 12:15:00+05:30,20,2025-09-29 12:30:00+05:30,-0.0007302315877319998,True
2025-09-29 12:10:00+05:30,2025-09-29 12:10:00+05:30,2025-09-29 12:15:00+05:30,25,2025-09-29 12:35:00+05:30,-0.0009388691842270314,True
2025-09-29 12:10:00+05:30,2025-09-29 12:10:00+05:30,2025-09-29 12:15:00+05:30,30,2025-09-29 12:40:00+05:30,-0.0006259127894846506,True
2025-09-29 12:10:00+05:30,2025-09-29 12:10:00+05:30,2025-09-29 12:15:00+05:30,45,2025-09-29 12:55:00+05:30,-0.0011475067807218409,True
2025-09-29 12:10:00+05:30,2025-09-29 12:10:00+05:30,2025-09-29 12:15:00+05:30,60,2025-09-29 13:10:00+05:30,-0.002399332359691253,True
2025-10-01 13:05:00+05:30,2025-10-01 13:05:00+05:30,2025-10-01 13:10:00+05:30,5,2025-10-01 13:10:00+05:30,-0.000924974306269255,True
2025-10-01 13:05:00+05:30,2025-10-01 13:05:00+05:30,2025-10-01 13:10:00+05:30,10,2025-10-01 13:15:00+05:30,0.00010277492291876911,True
2025-10-01 13:05:00+05:30,2025-10-01 13:05:00+05:30,2025-10-01 13:10:00+05:30,15,2025-10-01 13:20:00+05:30,0.0015416238437822027,True
2025-10-01 13:05:00+05:30,2025-10-01 13:05:00+05:30,2025-10-01 13:10:00+05:30,20,2025-10-01 13:25:00+05:30,0.0016443987667009718,True
2025-10-01 13:05:00+05:30,2025-10-01 13:05:00+05:30,2025-10-01 13:10:00+05:30,25,2025-10-01 13:30:00+05:30,0.002672147995889107,True
2025-10-01 13:05:00+05:30,2025-10-01 13:05:00+05:30,2025-10-01 13:10:00+05:30,30,2025-10-01 13:35:00+05:30,0.0022610483042138085,True
2025-10-01 13:05:00+05:30,2025-10-01 13:05:00+05:30,2025-10-01 13:10:00+05:30,45,2025-10-01 13:50:00+05:30,0.004110996916752319,True
2025-10-01 13:05:00+05:30,2025-10-01 13:05:00+05:30,2025-10-01 13:10:00+05:30,60,2025-10-01 14:05:00+05:30,0.003597122302158251,True
2025-10-03 13:10:00+05:30,2025-10-03 13:10:00+05:30,2025-10-03 13:15:00+05:30,5,2025-10-03 13:15:00+05:30,-0.0004117344312918325,True
2025-10-03 13:10:00+05:30,2025-10-03 13:10:00+05:30,2025-10-03 13:15:00+05:30,10,2025-10-03 13:20:00+05:30,-0.0005146680391149294,True
2025-10-03 13:10:00+05:30,2025-10-03 13:10:00+05:30,2025-10-03 13:15:00+05:30,15,2025-10-03 13:25:00+05:30,-0.00030880082346884663,True
2025-10-03 13:10:00+05:30,2025-10-03 13:10:00+05:30,2025-10-03 13:15:00+05:30,20,2025-10-03 13:30:00+05:30,-0.0006176016469376933,True
2025-10-03 13:10:00+05:30,2025-10-03 13:10:00+05:30,2025-10-03 13:15:00+05:30,25,2025-10-03 13:35:00+05:30,-0.0007205352547607902,True
2025-10-03 13:10:00+05:30,2025-10-03 13:10:00+05:30,2025-10-03 13:15:00+05:30,30,2025-10-03 13:40:00+05:30,-0.0012352032938754975,True
2025-10-03 13:10:00+05:30,2025-10-03 13:10:00+05:30,2025-10-03 13:15:00+05:30,45,2025-10-03 13:55:00+05:30,-0.0011322696860525117,True
2025-10-03 13:10:00+05:30,2025-10-03 13:10:00+05:30,2025-10-03 13:15:00+05:30,60,2025-10-03 14:10:00+05:30,-0.0007205352547607902,True
2025-10-06 12:45:00+05:30,2025-10-06 12:45:00+05:30,2025-10-06 12:50:00+05:30,5,2025-10-06 12:50:00+05:30,-0.0012122436609757203,True
2025-10-06 12:45:00+05:30,2025-10-06 12:45:00+05:30,2025-10-06 12:50:00+05:30,10,2025-10-06 12:55:00+05:30,-0.0011112233558945306,True
2025-10-06 12:45:00+05:30,2025-10-06 12:45:00+05:30,2025-10-06 12:50:00+05:30,15,2025-10-06 13:00:00+05:30,-0.0010102030508131188,True
2025-10-06 12:45:00+05:30,2025-10-06 12:45:00+05:30,2025-10-06 12:50:00+05:30,20,2025-10-06 13:05:00+05:30,-0.0007071421355692165,True
2025-10-06 12:45:00+05:30,2025-10-06 12:45:00+05:30,2025-10-06 12:50:00+05:30,25,2025-10-06 13:10:00+05:30,-0.000909182745731818,True
2025-10-06 12:45:00+05:30,2025-10-06 12:45:00+05:30,2025-10-06 12:50:00+05:30,30,2025-10-06 13:15:00+05:30,0.00010102030508130078,True
2025-10-06 12:45:00+05:30,2025-10-06 12:45:00+05:30,2025-10-06 12:50:00+05:30,45,2025-10-06 13:30:00+05:30,0.0019193857965451588,True
2025-10-06 12:45:00+05:30,2025-10-06 12:45:00+05:30,2025-10-06 12:50:00+05:30,60,2025-10-06 13:45:00+05:30,0.002323467016870362,True
2025-10-06 13:50:00+05:30,2025-10-06 13:50:00+05:30,2025-10-06 13:55:00+05:30,5,2025-10-06 13:55:00+05:30,-0.0007053607416364072,True
2025-10-06 13:50:00+05:30,2025-10-06 13:50:00+05:30,2025-10-06 13:55:00+05:30,10,2025-10-06 14:00:00+05:30,-0.0013099556630390419,True
2025-10-06 13:50:00+05:30,2025-10-06 13:50:00+05:30,2025-10-06 13:55:00+05:30,15,2025-10-06 14:05:00+05:30,-0.0019145505844417876,True
2025-10-06 13:50:00+05:30,2025-10-06 13:50:00+05:30,2025-10-06 13:55:00+05:30,20,2025-10-06 14:10:00+05:30,-0.0016122531237403592,True
2025-10-06 13:50:00+05:30,2025-10-06 13:50:00+05:30,2025-10-06 13:55:00+05:30,25,2025-10-06 14:15:00+05:30,-0.001108424022571497,True
2025-10-06 13:50:00+05:30,2025-10-06 13:50:00+05:30,2025-10-06 13:55:00+05:30,30,2025-10-06 14:20:00+05:30,0.00020153164046776695,True
2025-10-06 13:50:00+05:30,2025-10-06 13:50:00+05:30,2025-10-06 13:55:00+05:30,45,2025-10-06 14:35:00+05:30,-0.0005038291011688623,True
2025-10-06 13:50:00+05:30,2025-10-06 13:50:00+05:30,2025-10-06 13:55:00+05:30,60,2025-10-06 14:50:00+05:30,-0.0006045949214025237,True
2025-10-07 14:40:00+05:30,2025-10-07 14:40:00+05:30,2025-10-07 14:45:00+05:30,5,2025-10-07 14:45:00+05:30,0.0006022886970487029,True
2025-10-07 14:40:00+05:30,2025-10-07 14:40:00+05:30,2025-10-07 14:45:00+05:30,10,2025-10-07 14:50:00+05:30,0.001304958843605597,True
2025-10-07 14:40:00+05:30,2025-10-07 14:40:00+05:30,2025-10-07 14:45:00+05:30,15,2025-10-07 14:55:00+05:30,0.0,True
2025-10-07 14:40:00+05:30,2025-10-07 14:40:00+05:30,2025-10-07 14:45:00+05:30,20,2025-10-07 15:00:00+05:30,0.0005019072475407338,True
2025-10-07 14:40:00+05:30,2025-10-07 14:40:00+05:30,2025-10-07 14:45:00+05:30,25,2025-10-07 15:05:00+05:30,0.0006022886970487029,True
2025-10-07 14:40:00+05:30,2025-10-07 14:40:00+05:30,2025-10-07 14:45:00+05:30,30,2025-10-07 15:10:00+05:30,0.00030114434852435146,True
2025-10-07 14:40:00+05:30,2025-10-07 14:40:00+05:30,2025-10-07 14:45:00+05:30,45,2025-10-07 15:25:00+05:30,0.0,True
2025-10-07 14:40:00+05:30,2025-10-07 14:40:00+05:30,2025-10-07 14:45:00+05:30,60,,,False
2025-10-08 12:50:00+05:30,2025-10-08 12:50:00+05:30,2025-10-08 12:55:00+05:30,5,2025-10-08 12:55:00+05:30,0.000295566502463096,True
2025-10-08 12:50:00+05:30,2025-10-08 12:50:00+05:30,2025-10-08 12:55:00+05:30,10,2025-10-08 13:00:00+05:30,0.000295566502463096,True
2025-10-08 12:50:00+05:30,2025-10-08 12:50:00+05:30,2025-10-08 12:55:00+05:30,15,2025-10-08 13:05:00+05:30,-9.852216748773568e-05,True
2025-10-08 12:50:00+05:30,2025-10-08 12:50:00+05:30,2025-10-08 12:55:00+05:30,20,2025-10-08 13:10:00+05:30,0.0001970443349752493,True
2025-10-08 12:50:00+05:30,2025-10-08 12:50:00+05:30,2025-10-08 12:55:00+05:30,25,2025-10-08 13:15:00+05:30,0.000295566502463096,True
2025-10-08 12:50:00+05:30,2025-10-08 12:50:00+05:30,2025-10-08 12:55:00+05:30,30,2025-10-08 13:20:00+05:30,0.0001970443349752493,True
2025-10-08 12:50:00+05:30,2025-10-08 12:50:00+05:30,2025-10-08 12:55:00+05:30,45,2025-10-08 13:35:00+05:30,0.000295566502463096,True
2025-10-08 12:50:00+05:30,2025-10-08 12:50:00+05:30,2025-10-08 12:55:00+05:30,60,2025-10-08 13:50:00+05:30,0.0009852216748766907,True
2025-10-10 14:30:00+05:30,2025-10-10 14:30:00+05:30,2025-10-10 14:35:00+05:30,5,2025-10-10 14:35:00+05:30,0.0015980823012384793,True
2025-10-10 14:30:00+05:30,2025-10-10 14:30:00+05:30,2025-10-10 14:35:00+05:30,10,2025-10-10 14:40:00+05:30,0.003595685177786745,True
2025-10-10 14:30:00+05:30,2025-10-10 14:30:00+05:30,2025-10-10 14:35:00+05:30,15,2025-10-10 14:45:00+05:30,0.0012984418697561395,True
2025-10-10 14:30:00+05:30,2025-10-10 14:30:00+05:30,2025-10-10 14:35:00+05:30,20,2025-10-10 14:50:00+05:30,0.0033959248901316297,True
2025-10-10 14:30:00+05:30,2025-10-10 14:30:00+05:30,2025-10-10 14:35:00+05:30,25,2025-10-10 14:55:00+05:30,0.003595685177786745,True
2025-10-10 14:30:00+05:30,2025-10-10 14:30:00+05:30,2025-10-10 14:35:00+05:30,30,2025-10-10 15:00:00+05:30,0.004095085896923756,True
2025-10-10 14:30:00+05:30,2025-10-10 14:30:00+05:30,2025-10-10 14:35:00+05:30,45,2025-10-10 15:15:00+05:30,0.006392329204954139,True
2025-10-10 14:30:00+05:30,2025-10-10 14:30:00+05:30,2025-10-10 14:35:00+05:30,60,,,False
2025-10-14 13:40:00+05:30,2025-10-14 13:40:00+05:30,2025-10-14 13:45:00+05:30,5,2025-10-14 13:45:00+05:30,0.0017098888572244508,True
2025-10-14 13:40:00+05:30,2025-10-14 13:40:00+05:30,2025-10-14 13:45:00+05:30,10,2025-10-14 13:50:00+05:30,0.0013299135556188446,True
2025-10-14 13:40:00+05:30,2025-10-14 13:40:00+05:30,2025-10-14 13:45:00+05:30,15,2025-10-14 13:55:00+05:30,0.0016148950318228827,True
2025-10-14 13:40:00+05:30,2025-10-14 13:40:00+05:30,2025-10-14 13:45:00+05:30,20,2025-10-14 14:00:00+05:30,-0.0005699629524080763,True
2025-10-14 13:40:00+05:30,2025-10-14 13:40:00+05:30,2025-10-14 13:45:00+05:30,25,2025-10-14 14:05:00+05:30,-0.0013299135556188446,True
2025-10-14 13:40:00+05:30,2025-10-14 13:40:00+05:30,2025-10-14 13:45:00+05:30,30,2025-10-14 14:10:00+05:30,-0.002564833285836343,True
2025-10-14 13:40:00+05:30,2025-10-14 13:40:00+05:30,2025-10-14 13:45:00+05:30,45,2025-10-14 14:25:00+05:30,0.00028498147620403813,True
2025-10-14 13:40:00+05:30,2025-10-14 13:40:00+05:30,2025-10-14 13:45:00+05:30,60,2025-10-14 14:40:00+05:30,-0.0008549444286120034,True
2025-10-15 13:20:00+05:30,2025-10-15 13:20:00+05:30,2025-10-15 13:25:00+05:30,5,2025-10-15 13:25:00+05:30,-0.000663758771098033,True
2025-10-15 13:20:00+05:30,2025-10-15 13:20:00+05:30,2025-10-15 13:25:00+05:30,10,2025-10-15 13:30:00+05:30,-0.0003792907263416856,True
2025-10-15 13:20:00+05:30,2025-10-15 13:20:00+05:30,2025-10-15 13:25:00+05:30,15,2025-10-15 13:35:00+05:30,-0.00018964536317078728,True
2025-10-15 13:20:00+05:30,2025-10-15 13:20:00+05:30,2025-10-15 13:25:00+05:30,20,2025-10-15 13:40:00+05:30,0.0010430494974398297,True
2025-10-15 13:20:00+05:30,2025-10-15 13:20:00+05:30,2025-10-15 13:25:00+05:30,25,2025-10-15 13:45:00+05:30,0.001232694860610728,True
2025-10-15 13:20:00+05:30,2025-10-15 13:20:00+05:30,2025-10-15 13:25:00+05:30,30,2025-10-15 13:50:00+05:30,0.0014223402237816263,True
2025-10-15 13:20:00+05:30,2025-10-15 13:20:00+05:30,2025-10-15 13:25:00+05:30,45,2025-10-15 14:05:00+05:30,0.002465389721221456,True
2025-10-15 13:20:00+05:30,2025-10-15 13:20:00+05:30,2025-10-15 13:25:00+05:30,60,2025-10-15 14:20:00+05:30,0.0021809216764649975,True
2025-10-29 11:50:00+05:30,2025-10-29 11:50:00+05:30,2025-10-29 11:55:00+05:30,5,2025-10-29 11:55:00+05:30,0.00020236770211479183,True
2025-10-29 11:50:00+05:30,2025-10-29 11:50:00+05:30,2025-10-29 11:55:00+05:30,10,2025-10-29 12:00:00+05:30,0.0019224931700900783,True
2025-10-29 11:50:00+05:30,2025-10-29 11:50:00+05:30,2025-10-29 11:55:00+05:30,15,2025-10-29 12:05:00+05:30,0.00212486087220487,True
2025-10-29 11:50:00+05:30,2025-10-29 11:50:00+05:30,2025-10-29 11:55:00+05:30,20,2025-10-29 12:10:00+05:30,0.0029343316806638153,True
2025-10-29 11:50:00+05:30,2025-10-29 11:50:00+05:30,2025-10-29 11:55:00+05:30,25,2025-10-29 12:15:00+05:30,0.0036426186380653647,True
2025-10-29 11:50:00+05:30,2025-10-29 11:50:00+05:30,2025-10-29 11:55:00+05:30,30,2025-10-29 12:20:00+05:30,0.0026307801274916276,True
2025-10-29 11:50:00+05:30,2025-10-29 11:50:00+05:30,2025-10-29 11:55:00+05:30,45,2025-10-29 12:35:00+05:30,0.003237883233836003,True
2025-10-29 11:50:00+05:30,2025-10-29 11:50:00+05:30,2025-10-29 11:55:00+05:30,60,2025-10-29 12:50:00+05:30,0.006273398765556992,True
2025-10-30 14:30:00+05:30,2025-10-30 14:30:00+05:30,2025-10-30 14:35:00+05:30,5,2025-10-30 14:35:00+05:30,0.0016085251834723202,True
2025-10-30 14:30:00+05:30,2025-10-30 14:30:00+05:30,2025-10-30 14:35:00+05:30,10,2025-10-30 14:40:00+05:30,0.004121845782647959,True
2025-10-30 14:30:00+05:30,2025-10-30 14:30:00+05:30,2025-10-30 14:35:00+05:30,15,2025-10-30 14:45:00+05:30,0.0032170503669448625,True
2025-10-30 14:30:00+05:30,2025-10-30 14:30:00+05:30,2025-10-30 14:35:00+05:30,20,2025-10-30 14:50:00+05:30,0.0032170503669448625,True
2025-10-30 14:30:00+05:30,2025-10-30 14:30:00+05:30,2025-10-30 14:35:00+05:30,25,2025-10-30 14:55:00+05:30,0.004322911430582055,True
2025-10-30 14:30:00+05:30,2025-10-30 14:30:00+05:30,2025-10-30 14:35:00+05:30,30,2025-10-30 15:00:00+05:30,0.0037197144867799903,True
2025-10-30 14:30:00+05:30,2025-10-30 14:30:00+05:30,2025-10-30 14:35:00+05:30,45,2025-10-30 15:15:00+05:30,0.0023122549512415436,True
2025-10-30 14:30:00+05:30,2025-10-30 14:30:00+05:30,2025-10-30 14:35:00+05:30,60,,,False
2025-10-31 11:45:00+05:30,2025-10-31 11:45:00+05:30,2025-10-31 11:50:00+05:30,5,2025-10-31 11:50:00+05:30,0.0003992015968063978,True
2025-10-31 11:45:00+05:30,2025-10-31 11:45:00+05:30,2025-10-31 11:50:00+05:30,10,2025-10-31 11:55:00+05:30,9.980039920143291e-05,True
2025-10-31 11:45:00+05:30,2025-10-31 11:45:00+05:30,2025-10-31 11:50:00+05:30,15,2025-10-31 12:00:00+05:30,0.0003992015968063978,True
2025-10-31 11:45:00+05:30,2025-10-31 11:45:00+05:30,2025-10-31 11:50:00+05:30,20,2025-10-31 12:05:00+05:30,-0.0004990019960079417,True
2025-10-31 11:45:00+05:30,2025-10-31 11:45:00+05:30,2025-10-31 11:50:00+05:30,25,2025-10-31 12:10:00+05:30,-0.0001996007984031989,True
2025-10-31 11:45:00+05:30,2025-10-31 11:45:00+05:30,2025-10-31 11:50:00+05:30,30,2025-10-31 12:15:00+05:30,-0.0005988023952095967,True
2025-10-31 11:45:00+05:30,2025-10-31 11:45:00+05:30,2025-10-31 11:50:00+05:30,45,2025-10-31 12:30:00+05:30,9.980039920143291e-05,True
2025-10-31 11:45:00+05:30,2025-10-31 11:45:00+05:30,2025-10-31 11:50:00+05:30,60,2025-10-31 12:45:00+05:30,0.0002994011976047428,True
2025-10-31 13:35:00+05:30,2025-10-31 13:35:00+05:30,2025-10-31 13:40:00+05:30,5,2025-10-31 13:40:00+05:30,-0.0002987750224081598,True
2025-10-31 13:35:00+05:30,2025-10-31 13:35:00+05:30,2025-10-31 13:40:00+05:30,10,2025-10-31 13:45:00+05:30,-0.00039836669654413903,True
2025-10-31 13:35:00+05:30,2025-10-31 13:35:00+05:30,2025-10-31 13:40:00+05:30,15,2025-10-31 13:50:00+05:30,-0.0005975500448163196,True
2025-10-31 13:35:00+05:30,2025-10-31 13:35:00+05:30,2025-10-31 13:40:00+05:30,20,2025-10-31 13:55:00+05:30,-0.0002987750224081598,True
2025-10-31 13:35:00+05:30,2025-10-31 13:35:00+05:30,2025-10-31 13:40:00+05:30,25,2025-10-31 14:00:00+05:30,-0.0005975500448163196,True
2025-10-31 13:35:00+05:30,2025-10-31 13:35:00+05:30,2025-10-31 13:40:00+05:30,30,2025-10-31 14:05:00+05:30,-0.0004979583706802293,True
2025-10-31 13:35:00+05:30,2025-10-31 13:35:00+05:30,2025-10-31 13:40:00+05:30,45,2025-10-31 14:20:00+05:30,-0.002290608505128855,True
2025-10-31 13:35:00+05:30,2025-10-31 13:35:00+05:30,2025-10-31 13:40:00+05:30,60,2025-10-31 14:35:00+05:30,-0.0027885668758091953,True
2025-11-03 13:10:00+05:30,2025-11-03 13:10:00+05:30,2025-11-03 13:15:00+05:30,5,2025-11-03 13:15:00+05:30,0.00019908421262204712,True
2025-11-03 13:10:00+05:30,2025-11-03 13:10:00+05:30,2025-11-03 13:15:00+05:30,10,2025-11-03 13:20:00+05:30,0.0008958789567987679,True
2025-11-03 13:10:00+05:30,2025-11-03 13:10:00+05:30,2025-11-03 13:15:00+05:30,15,2025-11-03 13:25:00+05:30,0.0005972526378659193,True
2025-11-03 13:10:00+05:30,2025-11-03 13:10:00+05:30,2025-11-03 13:15:00+05:30,20,2025-11-03 13:30:00+05:30,0.001094963169420593,True
2025-11-03 13:10:00+05:30,2025-11-03 13:10:00+05:30,2025-11-03 13:15:00+05:30,25,2025-11-03 13:35:00+05:30,0.0013935894883536637,True
2025-11-03 13:10:00+05:30,2025-11-03 13:10:00+05:30,2025-11-03 13:15:00+05:30,30,2025-11-03 13:40:00+05:30,0.00029862631893284863,True
2025-11-03 13:10:00+05:30,2025-11-03 13:10:00+05:30,2025-11-03 13:15:00+05:30,45,2025-11-03 13:55:00+05:30,-0.0013935894883535527,True
2025-11-03 13:10:00+05:30,2025-11-03 13:10:00+05:30,2025-11-03 13:15:00+05:30,60,2025-11-03 14:10:00+05:30,-0.001094963169420704,True
2025-11-04 12:45:00+05:30,2025-11-04 12:45:00+05:30,2025-11-04 12:50:00+05:30,5,2025-11-04 12:50:00+05:30,-0.00010046212577863312,True
2025-11-04 12:45:00+05:30,2025-11-04 12:45:00+05:30,2025-11-04 12:50:00+05:30,10,2025-11-04 12:55:00+05:30,0.0005023106288928325,True
2025-11-04 12:45:00+05:30,2025-11-04 12:45:00+05:30,2025-11-04 12:50:00+05:30,15,2025-11-04 13:00:00+05:30,0.0005023106288928325,True
2025-11-04 12:45:00+05:30,2025-11-04 12:45:00+05:30,2025-11-04 12:50:00+05:30,20,2025-11-04 13:05:00+05:30,-0.00010046212577863312,True
2025-11-04 12:45:00+05:30,2025-11-04 12:45:00+05:30,2025-11-04 12:50:00+05:30,25,2025-11-04 13:10:00+05:30,0.0003013863773355663,True
2025-11-04 12:45:00+05:30,2025-11-04 12:45:00+05:30,2025-11-04 12:50:00+05:30,30,2025-11-04 13:15:00+05:30,0.001004621257785665,True
2025-11-04 12:45:00+05:30,2025-11-04 12:45:00+05:30,2025-11-04 12:50:00+05:30,45,2025-11-04 13:30:00+05:30,0.0011050833835644092,True
2025-11-04 12:45:00+05:30,2025-11-04 12:45:00+05:30,2025-11-04 12:50:00+05:30,60,2025-11-04 13:45:00+05:30,0.0009041591320071429,True
2025-11-06 12:30:00+05:30,2025-11-06 12:30:00+05:30,2025-11-06 12:35:00+05:30,5,2025-11-06 12:35:00+05:30,-0.00020054146194736777,True
2025-11-06 12:30:00+05:30,2025-11-06 12:30:00+05:30,2025-11-06 12:35:00+05:30,10,2025-11-06 12:40:00+05:30,0.00010027073097362837,True
2025-11-06 12:30:00+05:30,2025-11-06 12:30:00+05:30,2025-11-06 12:35:00+05:30,15,2025-11-06 12:45:00+05:30,0.0007018951168153986,True
2025-11-06 12:30:00+05:30,2025-11-06 12:30:00+05:30,2025-11-06 12:35:00+05:30,20,2025-11-06 12:50:00+05:30,0.001604331695578054,True
2025-11-06 12:30:00+05:30,2025-11-06 12:30:00+05:30,2025-11-06 12:35:00+05:30,25,2025-11-06 12:55:00+05:30,0.001604331695578054,True
2025-11-06 12:30:00+05:30,2025-11-06 12:30:00+05:30,2025-11-06 12:35:00+05:30,30,2025-11-06 13:00:00+05:30,0.0017046024265516824,True
2025-11-06 12:30:00+05:30,2025-11-06 12:30:00+05:30,2025-11-06 12:35:00+05:30,45,2025-11-06 13:15:00+05:30,0.0028075804672615945,True
2025-11-06 12:30:00+05:30,2025-11-06 12:30:00+05:30,2025-11-06 12:35:00+05:30,60,2025-11-06 13:30:00+05:30,0.0026070390053143377,True
2025-11-07 12:10:00+05:30,2025-11-07 12:10:00+05:30,2025-11-07 12:15:00+05:30,5,2025-11-07 12:15:00+05:30,0.00040024014408657216,True
2025-11-07 12:10:00+05:30,2025-11-07 12:10:00+05:30,2025-11-07 12:15:00+05:30,10,2025-11-07 12:20:00+05:30,0.0007004202521514458,True
2025-11-07 12:10:00+05:30,2025-11-07 12:10:00+05:30,2025-11-07 12:15:00+05:30,15,2025-11-07 12:25:00+05:30,0.0006003602161297472,True
2025-11-07 12:10:00+05:30,2025-11-07 12:10:00+05:30,2025-11-07 12:15:00+05:30,20,2025-11-07 12:30:00+05:30,0.0005003001801080487,True
2025-11-07 12:10:00+05:30,2025-11-07 12:10:00+05:30,2025-11-07 12:15:00+05:30,25,2025-11-07 12:35:00+05:30,0.0010006003602163194,True
2025-11-07 12:10:00+05:30,2025-11-07 12:10:00+05:30,2025-11-07 12:15:00+05:30,30,2025-11-07 12:40:00+05:30,0.0011006603962377959,True
2025-11-07 12:10:00+05:30,2025-11-07 12:10:00+05:30,2025-11-07 12:15:00+05:30,45,2025-11-07 12:55:00+05:30,0.00010006003602169855,True
2025-11-07 12:10:00+05:30,2025-11-07 12:10:00+05:30,2025-11-07 12:15:00+05:30,60,2025-11-07 13:10:00+05:30,0.00040024014408657216,True
2025-11-10 11:55:00+05:30,2025-11-10 11:55:00+05:30,2025-11-10 12:00:00+05:30,5,2025-11-10 12:00:00+05:30,0.0,True
2025-11-10 11:55:00+05:30,2025-11-10 11:55:00+05:30,2025-11-10 12:00:00+05:30,10,2025-11-10 12:05:00+05:30,0.0005903768572272927,True
2025-11-10 11:55:00+05:30,2025-11-10 11:55:00+05:30,2025-11-10 12:00:00+05:30,15,2025-11-10 12:10:00+05:30,-0.0003935845714847508,True
2025-11-10 11:55:00+05:30,2025-11-10 11:55:00+05:30,2025-11-10 12:00:00+05:30,20,2025-11-10 12:15:00+05:30,-0.0005903768572271817,True
2025-11-10 11:55:00+05:30,2025-11-10 11:55:00+05:30,2025-11-10 12:00:00+05:30,25,2025-11-10 12:20:00+05:30,-0.0005903768572271817,True
2025-11-10 11:55:00+05:30,2025-11-10 11:55:00+05:30,2025-11-10 12:00:00+05:30,30,2025-11-10 12:25:00+05:30,-9.839614287110443e-05,True
2025-11-10 11:55:00+05:30,2025-11-10 11:55:00+05:30,2025-11-10 12:00:00+05:30,45,2025-11-10 12:40:00+05:30,0.0006887730000983971,True
2025-11-10 11:55:00+05:30,2025-11-10 11:55:00+05:30,2025-11-10 12:00:00+05:30,60,2025-11-10 12:55:00+05:30,0.0,True
2025-11-10 14:00:00+05:30,2025-11-10 14:00:00+05:30,2025-11-10 14:05:00+05:30,5,2025-11-10 14:05:00+05:30,0.0002947533896640042,True
2025-11-10 14:00:00+05:30,2025-11-10 14:00:00+05:30,2025-11-10 14:05:00+05:30,10,2025-11-10 14:10:00+05:30,-0.0005895067793280084,True
2025-11-10 14:00:00+05:30,2025-11-10 14:00:00+05:30,2025-11-10 14:05:00+05:30,15,2025-11-10 14:15:00+05:30,-0.0001965022597759658,True
2025-11-10 14:00:00+05:30,2025-11-10 14:00:00+05:30,2025-11-10 14:05:00+05:30,20,2025-11-10 14:20:00+05:30,0.0,True
2025-11-10 14:00:00+05:30,2025-11-10 14:00:00+05:30,2025-11-10 14:05:00+05:30,25,2025-11-10 14:25:00+05:30,9.825112988814944e-05,True
2025-11-10 14:00:00+05:30,2025-11-10 14:00:00+05:30,2025-11-10 14:05:00+05:30,30,2025-11-10 14:30:00+05:30,-0.0007860090391039742,True
2025-11-10 14:00:00+05:30,2025-11-10 14:00:00+05:30,2025-11-10 14:05:00+05:30,45,2025-11-10 14:45:00+05:30,-0.0015720180782078375,True
2025-11-10 14:00:00+05:30,2025-11-10 14:00:00+05:30,2025-11-10 14:05:00+05:30,60,2025-11-10 15:00:00+05:30,-0.0005895067793280084,True
2025-11-11 14:35:00+05:30,2025-11-11 14:35:00+05:30,2025-11-11 14:40:00+05:30,5,2025-11-11 14:40:00+05:30,0.00029061319383894,True
2025-11-11 14:35:00+05:30,2025-11-11 14:35:00+05:30,2025-11-11 14:40:00+05:30,10,2025-11-11 14:45:00+05:30,0.00048435532306490003,True
2025-11-11 14:35:00+05:30,2025-11-11 14:35:00+05:30,2025-11-11 14:40:00+05:30,15,2025-11-11 14:50:00+05:30,0.00019374212922596001,True
2025-11-11 14:35:00+05:30,2025-11-11 14:35:00+05:30,2025-11-11 14:40:00+05:30,20,2025-11-11 14:55:00+05:30,0.00048435532306490003,True
2025-11-11 14:35:00+05:30,2025-11-11 14:35:00+05:30,2025-11-11 14:40:00+05:30,25,2025-11-11 15:00:00+05:30,0.0005812263876781021,True
2025-11-11 14:35:00+05:30,2025-11-11 14:35:00+05:30,2025-11-11 14:40:00+05:30,30,2025-11-11 15:05:00+05:30,0.0014530659691949221,True
2025-11-11 14:35:00+05:30,2025-11-11 14:35:00+05:30,2025-11-11 14:40:00+05:30,45,2025-11-11 15:20:00+05:30,0.00038748425845192003,True
2025-11-11 14:35:00+05:30,2025-11-11 14:35:00+05:30,2025-11-11 14:40:00+05:30,60,,,False
2025-11-12 12:25:00+05:30,2025-11-12 12:25:00+05:30,2025-11-12 12:30:00+05:30,5,2025-11-12 12:30:00+05:30,-0.000487092060399541,True
2025-11-12 12:25:00+05:30,2025-11-12 12:25:00+05:30,2025-11-12 12:30:00+05:30,10,2025-11-12 12:35:00+05:30,9.7418412079886e-05,True
2025-11-12 12:25:00+05:30,2025-11-12 12:25:00+05:30,2025-11-12 12:30:00+05:30,15,2025-11-12 12:40:00+05:30,0.000194836824159772,True
2025-11-12 12:25:00+05:30,2025-11-12 12:25:00+05:30,2025-11-12 12:30:00+05:30,20,2025-11-12 12:45:00+05:30,0.0005845104724790939,True
2025-11-12 12:25:00+05:30,2025-11-12 12:25:00+05:30,2025-11-12 12:30:00+05:30,25,2025-11-12 12:50:00+05:30,0.0,True
2025-11-12 12:25:00+05:30,2025-11-12 12:25:00+05:30,2025-11-12 12:30:00+05:30,30,2025-11-12 12:55:00+05:30,-0.00019483682415988302,True
2025-11-12 12:25:00+05:30,2025-11-12 12:25:00+05:30,2025-11-12 12:30:00+05:30,45,2025-11-12 13:10:00+05:30,-0.001558694593278287,True
2025-11-12 12:25:00+05:30,2025-11-12 12:25:00+05:30,2025-11-12 12:30:00+05:30,60,2025-11-12 13:25:00+05:30,-0.00097418412079886,True
2025-11-12 14:00:00+05:30,2025-11-12 14:00:00+05:30,2025-11-12 14:05:00+05:30,5,2025-11-12 14:05:00+05:30,0.00038918077446958854,True
2025-11-12 14:00:00+05:30,2025-11-12 14:00:00+05:30,2025-11-12 14:05:00+05:30,10,2025-11-12 14:10:00+05:30,-0.00029188558085235794,True
2025-11-12 14:00:00+05:30,2025-11-12 14:00:00+05:30,2025-11-12 14:05:00+05:30,15,2025-11-12 14:15:00+05:30,0.0002918855808522469,True
2025-11-12 14:00:00+05:30,2025-11-12 14:00:00+05:30,2025-11-12 14:05:00+05:30,20,2025-11-12 14:20:00+05:30,0.0002918855808522469,True
2025-11-12 14:00:00+05:30,2025-11-12 14:00:00+05:30,2025-11-12 14:05:00+05:30,25,2025-11-12 14:25:00+05:30,0.0004864759680871522,True
2025-11-12 14:00:00+05:30,2025-11-12 14:00:00+05:30,2025-11-12 14:05:00+05:30,30,2025-11-12 14:30:00+05:30,0.0009729519361743044,True
2025-11-12 14:00:00+05:30,2025-11-12 14:00:00+05:30,2025-11-12 14:05:00+05:30,45,2025-11-12 14:45:00+05:30,0.0001945903872349053,True
2025-11-12 14:00:00+05:30,2025-11-12 14:00:00+05:30,2025-11-12 14:05:00+05:30,60,2025-11-12 15:00:00+05:30,-0.0007783615489395102,True
2025-11-13 13:30:00+05:30,2025-11-13 13:30:00+05:30,2025-11-13 13:35:00+05:30,5,2025-11-13 13:35:00+05:30,0.0002858504049547683,True
2025-11-13 13:30:00+05:30,2025-11-13 13:30:00+05:30,2025-11-13 13:35:00+05:30,10,2025-11-13 13:40:00+05:30,0.0004764173415912065,True
2025-11-13 13:30:00+05:30,2025-11-13 13:30:00+05:30,2025-11-13 13:35:00+05:30,15,2025-11-13 13:45:00+05:30,0.0024773701762743627,True
2025-11-13 13:30:00+05:30,2025-11-13 13:30:00+05:30,2025-11-13 13:35:00+05:30,20,2025-11-13 13:50:00+05:30,0.0029537875178655693,True
2025-11-13 13:30:00+05:30,2025-11-13 13:30:00+05:30,2025-11-13 13:35:00+05:30,25,2025-11-13 13:55:00+05:30,0.002667937112911023,True
2025-11-13 13:30:00+05:30,2025-11-13 13:30:00+05:30,2025-11-13 13:35:00+05:30,30,2025-11-13 14:00:00+05:30,0.003620771796093436,True
2025-11-13 13:30:00+05:30,2025-11-13 13:30:00+05:30,2025-11-13 13:35:00+05:30,45,2025-11-13 14:15:00+05:30,0.0030490709861838994,True
2025-11-13 13:30:00+05:30,2025-11-13 13:30:00+05:30,2025-11-13 13:35:00+05:30,60,2025-11-13 14:30:00+05:30,0.0017151024297283879,True
2025-11-17 12:55:00+05:30,2025-11-17 12:55:00+05:30,2025-11-17 13:00:00+05:30,5,2025-11-17 13:00:00+05:30,0.00019638648860964558,True
2025-11-17 12:55:00+05:30,2025-11-17 12:55:00+05:30,2025-11-17 13:00:00+05:30,10,2025-11-17 13:05:00+05:30,-0.00019638648860964558,True
2025-11-17 12:55:00+05:30,2025-11-17 12:55:00+05:30,2025-11-17 13:00:00+05:30,15,2025-11-17 13:10:00+05:30,0.000883739198743072,True
2025-11-17 12:55:00+05:30,2025-11-17 12:55:00+05:30,2025-11-17 13:00:00+05:30,20,2025-11-17 13:15:00+05:30,0.0014728986645717868,True
2025-11-17 12:55:00+05:30,2025-11-17 12:55:00+05:30,2025-11-17 13:00:00+05:30,25,2025-11-17 13:20:00+05:30,0.002258444619010147,True
2025-11-17 12:55:00+05:30,2025-11-17 12:55:00+05:30,2025-11-17 13:00:00+05:30,30,2025-11-17 13:25:00+05:30,0.003633150039277222,True
2025-11-17 12:55:00+05:30,2025-11-17 12:55:00+05:30,2025-11-17 13:00:00+05:30,45,2025-11-17 13:40:00+05:30,0.004222309505105937,True
2025-11-17 12:55:00+05:30,2025-11-17 12:55:00+05:30,2025-11-17 13:00:00+05:30,60,2025-11-17 13:55:00+05:30,0.0012765121759621412,True
2025-11-18 14:00:00+05:30,2025-11-18 14:00:00+05:30,2025-11-18 14:05:00+05:30,5,2025-11-18 14:05:00+05:30,0.0022860550641090605,True
2025-11-18 14:00:00+05:30,2025-11-18 14:00:00+05:30,2025-11-18 14:05:00+05:30,10,2025-11-18 14:10:00+05:30,0.0023854487625483145,True
2025-11-18 14:00:00+05:30,2025-11-18 14:00:00+05:30,2025-11-18 14:05:00+05:30,15,2025-11-18 14:15:00+05:30,0.001789086571911458,True
2025-11-18 14:00:00+05:30,2025-11-18 14:00:00+05:30,2025-11-18 14:05:00+05:30,20,2025-11-18 14:20:00+05:30,0.0025842361594274887,True
2025-11-18 14:00:00+05:30,2025-11-18 14:00:00+05:30,2025-11-18 14:05:00+05:30,25,2025-11-18 14:25:00+05:30,0.001789086571911458,True
2025-11-18 14:00:00+05:30,2025-11-18 14:00:00+05:30,2025-11-18 14:05:00+05:30,30,2025-11-18 14:30:00+05:30,0.001888480270350934,True
2025-11-18 14:00:00+05:30,2025-11-18 14:00:00+05:30,2025-11-18 14:05:00+05:30,45,2025-11-18 14:45:00+05:30,0.002683629857866965,True
2025-11-18 14:00:00+05:30,2025-11-18 14:00:00+05:30,2025-11-18 14:05:00+05:30,60,2025-11-18 15:00:00+05:30,0.002882417254746139,True
2025-11-21 14:35:00+05:30,2025-11-21 14:35:00+05:30,2025-11-21 14:40:00+05:30,5,2025-11-21 14:40:00+05:30,0.003749753305703596,True
2025-11-21 14:35:00+05:30,2025-11-21 14:35:00+05:30,2025-11-21 14:40:00+05:30,10,2025-11-21 14:45:00+05:30,0.006019340832839948,True
2025-11-21 14:35:00+05:30,2025-11-21 14:35:00+05:30,2025-11-21 14:40:00+05:30,15,2025-11-21 14:50:00+05:30,0.005920663114268754,True
2025-11-21 14:35:00+05:30,2025-11-21 14:35:00+05:30,2025-11-21 14:40:00+05:30,20,2025-11-21 14:55:00+05:30,0.005821985395697782,True
2025-11-21 14:35:00+05:30,2025-11-21 14:35:00+05:30,2025-11-21 14:40:00+05:30,25,2025-11-21 15:00:00+05:30,0.006315373988553308,True
2025-11-21 14:35:00+05:30,2025-11-21 14:35:00+05:30,2025-11-21 14:40:00+05:30,30,2025-11-21 15:05:00+05:30,0.006710084862837862,True
2025-11-21 14:35:00+05:30,2025-11-21 14:35:00+05:30,2025-11-21 14:40:00+05:30,45,2025-11-21 15:20:00+05:30,0.006414051707124502,True
2025-11-21 14:35:00+05:30,2025-11-21 14:35:00+05:30,2025-11-21 14:40:00+05:30,60,,,False
2025-11-24 13:05:00+05:30,2025-11-24 13:05:00+05:30,2025-11-24 13:10:00+05:30,5,2025-11-24 13:10:00+05:30,0.0004904364884747991,True
2025-11-24 13:05:00+05:30,2025-11-24 13:05:00+05:30,2025-11-24 13:10:00+05:30,10,2025-11-24 13:15:00+05:30,0.0003923491907797949,True
2025-11-24 13:05:00+05:30,2025-11-24 13:05:00+05:30,2025-11-24 13:10:00+05:30,15,2025-11-24 13:20:00+05:30,0.0003923491907797949,True
2025-11-24 13:05:00+05:30,2025-11-24 13:05:00+05:30,2025-11-24 13:10:00+05:30,20,2025-11-24 13:25:00+05:30,0.00019617459538978643,True
2025-11-24 13:05:00+05:30,2025-11-24 13:05:00+05:30,2025-11-24 13:10:00+05:30,25,2025-11-24 13:30:00+05:30,0.0004904364884747991,True
2025-11-24 13:05:00+05:30,2025-11-24 13:05:00+05:30,2025-11-24 13:10:00+05:30,30,2025-11-24 13:35:00+05:30,0.0004904364884747991,True
2025-11-24 13:05:00+05:30,2025-11-24 13:05:00+05:30,2025-11-24 13:10:00+05:30,45,2025-11-24 13:50:00+05:30,-9.808729769500424e-05,True
2025-11-24 13:05:00+05:30,2025-11-24 13:05:00+05:30,2025-11-24 13:10:00+05:30,60,2025-11-24 14:05:00+05:30,-0.0002942618930849017,True
2025-11-24 14:40:00+05:30,2025-11-24 14:40:00+05:30,2025-11-24 14:45:00+05:30,5,2025-11-24 14:45:00+05:30,-0.0002936570086139456,True
2025-11-24 14:40:00+05:30,2025-11-24 14:40:00+05:30,2025-11-24 14:45:00+05:30,10,2025-11-24 14:50:00+05:30,0.00029365700861405664,True
2025-11-24 14:40:00+05:30,2025-11-24 14:40:00+05:30,2025-11-24 14:45:00+05:30,15,2025-11-24 14:55:00+05:30,0.00029365700861405664,True
2025-11-24 14:40:00+05:30,2025-11-24 14:40:00+05:30,2025-11-24 14:45:00+05:30,20,2025-11-24 15:00:00+05:30,0.000783085356303781,True
2025-11-24 14:40:00+05:30,2025-11-24 14:40:00+05:30,2025-11-24 14:45:00+05:30,25,2025-11-24 15:05:00+05:30,0.0008809710258419479,True
2025-11-24 14:40:00+05:30,2025-11-24 14:40:00+05:30,2025-11-24 14:45:00+05:30,30,2025-11-24 15:10:00+05:30,0.0011746280344557825,True
2025-11-24 14:40:00+05:30,2025-11-24 14:40:00+05:30,2025-11-24 14:45:00+05:30,45,2025-11-24 15:25:00+05:30,0.0003915426781520015,True
2025-11-24 14:40:00+05:30,2025-11-24 14:40:00+05:30,2025-11-24 14:45:00+05:30,60,,,False
2025-11-25 12:35:00+05:30,2025-11-25 12:35:00+05:30,2025-11-25 12:40:00+05:30,5,2025-11-25 12:40:00+05:30,-0.0011554015020219799,True
2025-11-25 12:35:00+05:30,2025-11-25 12:35:00+05:30,2025-11-25 12:40:00+05:30,10,2025-11-25 12:45:00+05:30,-0.0005777007510110455,True
2025-11-25 12:35:00+05:30,2025-11-25 12:35:00+05:30,2025-11-25 12:40:00+05:30,15,2025-11-25 12:50:00+05:30,-0.0008665511265164572,True
2025-11-25 12:35:00+05:30,2025-11-25 12:35:00+05:30,2025-11-25 12:40:00+05:30,20,2025-11-25 12:55:00+05:30,-0.0013479684190256247,True
2025-11-25 12:35:00+05:30,2025-11-25 12:35:00+05:30,2025-11-25 12:40:00+05:30,25,2025-11-25 13:00:00+05:30,-0.0017331022530328033,True
2025-11-25 12:35:00+05:30,2025-11-25 12:35:00+05:30,2025-11-25 12:40:00+05:30,30,2025-11-25 13:05:00+05:30,-0.0024070864625457267,True
2025-11-25 12:35:00+05:30,2025-11-25 12:35:00+05:30,2025-11-25 12:40:00+05:30,45,2025-11-25 13:20:00+05:30,-0.002888503755054894,True
2025-11-25 12:35:00+05:30,2025-11-25 12:35:00+05:30,2025-11-25 12:40:00+05:30,60,2025-11-25 13:35:00+05:30,-0.0025033699210476046,True
2025-11-27 12:20:00+05:30,2025-11-27 12:20:00+05:30,2025-11-27 12:25:00+05:30,5,2025-11-27 12:25:00+05:30,-0.0004794783275795522,True
2025-11-27 12:20:00+05:30,2025-11-27 12:20:00+05:30,2025-11-27 12:25:00+05:30,10,2025-11-27 12:30:00+05:30,-9.589566551593265e-05,True
2025-11-27 12:20:00+05:30,2025-11-27 12:20:00+05:30,2025-11-27 12:25:00+05:30,15,2025-11-27 12:35:00+05:30,-0.00028768699654779795,True
2025-11-27 12:20:00+05:30,2025-11-27 12:20:00+05:30,2025-11-27 12:25:00+05:30,20,2025-11-27 12:40:00+05:30,-0.00019179133103175428,True
2025-11-27 12:20:00+05:30,2025-11-27 12:20:00+05:30,2025-11-27 12:25:00+05:30,25,2025-11-27 12:45:00+05:30,0.0,True
2025-11-27 12:20:00+05:30,2025-11-27 12:20:00+05:30,2025-11-27 12:25:00+05:30,30,2025-11-27 12:50:00+05:30,0.0001917913310318653,True
2025-11-27 12:20:00+05:30,2025-11-27 12:20:00+05:30,2025-11-27 12:25:00+05:30,45,2025-11-27 13:05:00+05:30,0.0001917913310318653,True
2025-11-27 12:20:00+05:30,2025-11-27 12:20:00+05:30,2025-11-27 12:25:00+05:30,60,2025-11-27 13:20:00+05:30,-0.00028768699654779795,True
2025-12-01 13:35:00+05:30,2025-12-01 13:35:00+05:30,2025-12-01 13:40:00+05:30,5,2025-12-01 13:40:00+05:30,0.0006565372350402221,True
2025-12-01 13:35:00+05:30,2025-12-01 13:35:00+05:30,2025-12-01 13:40:00+05:30,10,2025-12-01 13:45:00+05:30,0.0010317013693490473,True
2025-12-01 13:35:00+05:30,2025-12-01 13:35:00+05:30,2025-12-01 13:40:00+05:30,15,2025-12-01 13:50:00+05:30,0.0011254924029262536,True
2025-12-01 13:35:00+05:30,2025-12-01 13:35:00+05:30,2025-12-01 13:40:00+05:30,20,2025-12-01 13:55:00+05:30,0.0005627462014632378,True
2025-12-01 13:35:00+05:30,2025-12-01 13:35:00+05:30,2025-12-01 13:40:00+05:30,25,2025-12-01 14:00:00+05:30,0.0001875820671544126,True
2025-12-01 13:35:00+05:30,2025-12-01 13:35:00+05:30,2025-12-01 13:40:00+05:30,30,2025-12-01 14:05:00+05:30,0.0,True
2025-12-01 13:35:00+05:30,2025-12-01 13:35:00+05:30,2025-12-01 13:40:00+05:30,45,2025-12-01 14:20:00+05:30,-0.0002813731007316189,True
2025-12-01 13:35:00+05:30,2025-12-01 13:35:00+05:30,2025-12-01 13:40:00+05:30,60,2025-12-01 14:35:00+05:30,0.00046895516788603153,True
2025-12-05 12:40:00+05:30,2025-12-05 12:40:00+05:30,2025-12-05 12:45:00+05:30,5,2025-12-05 12:45:00+05:30,0.0004682524817380962,True
2025-12-05 12:40:00+05:30,2025-12-05 12:40:00+05:30,2025-12-05 12:45:00+05:30,10,2025-12-05 12:50:00+05:30,0.0004682524817380962,True
2025-12-05 12:40:00+05:30,2025-12-05 12:40:00+05:30,2025-12-05 12:45:00+05:30,15,2025-12-05 12:55:00+05:30,0.00028095148904294653,True
2025-12-05 12:40:00+05:30,2025-12-05 12:40:00+05:30,2025-12-05 12:45:00+05:30,20,2025-12-05 13:00:00+05:30,-0.00028095148904294653,True
2025-12-05 12:40:00+05:30,2025-12-05 12:40:00+05:30,2025-12-05 12:45:00+05:30,25,2025-12-05 13:05:00+05:30,-0.00018730099269526068,True
2025-12-05 12:40:00+05:30,2025-12-05 12:40:00+05:30,2025-12-05 12:45:00+05:30,30,2025-12-05 13:10:00+05:30,-0.0007492039707810427,True
2025-12-05 12:40:00+05:30,2025-12-05 12:40:00+05:30,2025-12-05 12:45:00+05:30,45,2025-12-05 13:25:00+05:30,0.00028095148904294653,True
2025-12-05 12:40:00+05:30,2025-12-05 12:40:00+05:30,2025-12-05 12:45:00+05:30,60,2025-12-05 13:40:00+05:30,0.0006555534744332459,True
2025-12-09 14:15:00+05:30,2025-12-09 14:15:00+05:30,2025-12-09 14:20:00+05:30,5,2025-12-09 14:20:00+05:30,0.00018875047187627558,True
2025-12-09 14:15:00+05:30,2025-12-09 14:15:00+05:30,2025-12-09 14:20:00+05:30,10,2025-12-09 14:25:00+05:30,0.00028312570781419133,True
2025-12-09 14:15:00+05:30,2025-12-09 14:15:00+05:30,2025-12-09 14:20:00+05:30,15,2025-12-09 14:30:00+05:30,0.0012268780671953472,True
2025-12-09 14:15:00+05:30,2025-12-09 14:15:00+05:30,2025-12-09 14:20:00+05:30,20,2025-12-09 14:35:00+05:30,0.0027368818422046637,True
2025-12-09 14:15:00+05:30,2025-12-09 14:15:00+05:30,2025-12-09 14:20:00+05:30,25,2025-12-09 14:40:00+05:30,0.0029256323140807172,True
2025-12-09 14:15:00+05:30,2025-12-09 14:15:00+05:30,2025-12-09 14:20:00+05:30,30,2025-12-09 14:45:00+05:30,0.0037750094375237353,True
2025-12-09 14:15:00+05:30,2025-12-09 14:15:00+05:30,2025-12-09 14:20:00+05:30,45,2025-12-09 15:00:00+05:30,0.0032087580218951306,True
2025-12-09 14:15:00+05:30,2025-12-09 14:15:00+05:30,2025-12-09 14:20:00+05:30,60,2025-12-09 15:15:00+05:30,0.003020007550018855,True
2025-12-11 13:10:00+05:30,2025-12-11 13:10:00+05:30,2025-12-11 13:15:00+05:30,5,2025-12-11 13:15:00+05:30,9.355412105915839e-05,True
2025-12-11 13:10:00+05:30,2025-12-11 13:10:00+05:30,2025-12-11 13:15:00+05:30,10,2025-12-11 13:20:00+05:30,0.00018710824211809474,True
2025-12-11 13:10:00+05:30,2025-12-11 13:10:00+05:30,2025-12-11 13:15:00+05:30,15,2025-12-11 13:25:00+05:30,0.0002806623631770311,True
2025-12-11 13:10:00+05:30,2025-12-11 13:10:00+05:30,2025-12-11 13:15:00+05:30,20,2025-12-11 13:30:00+05:30,0.0004677706052951258,True
2025-12-11 13:10:00+05:30,2025-12-11 13:10:00+05:30,2025-12-11 13:15:00+05:30,25,2025-12-11 13:35:00+05:30,0.0016839741790624085,True
2025-12-11 13:10:00+05:30,2025-12-11 13:10:00+05:30,2025-12-11 13:15:00+05:30,30,2025-12-11 13:40:00+05:30,0.0013097576948264411,True
2025-12-11 13:10:00+05:30,2025-12-11 13:10:00+05:30,2025-12-11 13:15:00+05:30,45,2025-12-11 13:55:00+05:30,0.0012162035737672827,True
2025-12-11 13:10:00+05:30,2025-12-11 13:10:00+05:30,2025-12-11 13:15:00+05:30,60,2025-12-11 14:10:00+05:30,0.0014968659369445358,True
2025-12-12 12:35:00+05:30,2025-12-12 12:35:00+05:30,2025-12-12 12:40:00+05:30,5,2025-12-12 12:40:00+05:30,0.00036757948906451787,True
2025-12-12 12:35:00+05:30,2025-12-12 12:35:00+05:30,2025-12-12 12:40:00+05:30,10,2025-12-12 12:45:00+05:30,0.0,True
2025-12-12 12:35:00+05:30,2025-12-12 12:35:00+05:30,2025-12-12 12:40:00+05:30,15,2025-12-12 12:50:00+05:30,9.189487226612947e-05,True
2025-12-12 12:35:00+05:30,2025-12-12 12:35:00+05:30,2025-12-12 12:40:00+05:30,20,2025-12-12 12:55:00+05:30,0.00045947436133064734,True
2025-12-12 12:35:00+05:30,2025-12-12 12:35:00+05:30,2025-12-12 12:40:00+05:30,25,2025-12-12 13:00:00+05:30,0.001194633339459683,True
2025-12-12 12:35:00+05:30,2025-12-12 12:35:00+05:30,2025-12-12 12:40:00+05:30,30,2025-12-12 13:05:00+05:30,0.0007351589781290357,True
2025-12-12 12:35:00+05:30,2025-12-12 12:35:00+05:30,2025-12-12 12:40:00+05:30,45,2025-12-12 13:20:00+05:30,9.189487226612947e-05,True
2025-12-12 12:35:00+05:30,2025-12-12 12:35:00+05:30,2025-12-12 12:40:00+05:30,60,2025-12-12 13:35:00+05:30,0.001194633339459683,True
2025-12-12 14:10:00+05:30,2025-12-12 14:10:00+05:30,2025-12-12 14:15:00+05:30,5,2025-12-12 14:15:00+05:30,0.0004580852038478245,True
2025-12-12 14:10:00+05:30,2025-12-12 14:10:00+05:30,2025-12-12 14:15:00+05:30,10,2025-12-12 14:20:00+05:30,0.0016491067338524346,True
2025-12-12 14:10:00+05:30,2025-12-12 14:10:00+05:30,2025-12-12 14:15:00+05:30,15,2025-12-12 14:25:00+05:30,0.002473660100778652,True
2025-12-12 14:10:00+05:30,2025-12-12 14:10:00+05:30,2025-12-12 14:15:00+05:30,20,2025-12-12 14:30:00+05:30,0.002473660100778652,True
2025-12-12 14:10:00+05:30,2025-12-12 14:10:00+05:30,2025-12-12 14:15:00+05:30,25,2025-12-12 14:35:00+05:30,0.002748511223087391,True
2025-12-12 14:10:00+05:30,2025-12-12 14:10:00+05:30,2025-12-12 14:15:00+05:30,30,2025-12-12 14:40:00+05:30,0.0035730645900138303,True
2025-12-12 14:10:00+05:30,2025-12-12 14:10:00+05:30,2025-12-12 14:15:00+05:30,45,2025-12-12 14:55:00+05:30,0.004672469079248565,True
2025-12-12 14:10:00+05:30,2025-12-12 14:10:00+05:30,2025-12-12 14:15:00+05:30,60,2025-12-12 15:10:00+05:30,0.004122766834631086,True
2025-12-15 11:45:00+05:30,2025-12-15 11:45:00+05:30,2025-12-15 11:50:00+05:30,5,2025-12-15 11:50:00+05:30,-9.032607713843621e-05,True
2025-12-15 11:45:00+05:30,2025-12-15 11:45:00+05:30,2025-12-15 11:50:00+05:30,10,2025-12-15 11:55:00+05:30,0.00027097823141541966,True
2025-12-15 11:45:00+05:30,2025-12-15 11:45:00+05:30,2025-12-15 11:50:00+05:30,15,2025-12-15 12:00:00+05:30,9.032607713854723e-05,True
2025-12-15 11:45:00+05:30,2025-12-15 11:45:00+05:30,2025-12-15 11:50:00+05:30,20,2025-12-15 12:05:00+05:30,0.00027097823141541966,True
2025-12-15 11:45:00+05:30,2025-12-15 11:45:00+05:30,2025-12-15 11:50:00+05:30,25,2025-12-15 12:10:00+05:30,0.0007226086171079338,True
2025-12-15 11:45:00+05:30,2025-12-15 11:45:00+05:30,2025-12-15 11:50:00+05:30,30,2025-12-15 12:15:00+05:30,0.001264565079938551,True
2025-12-15 11:45:00+05:30,2025-12-15 11:45:00+05:30,2025-12-15 11:50:00+05:30,45,2025-12-15 12:30:00+05:30,-0.00036130430855385587,True
2025-12-15 11:45:00+05:30,2025-12-15 11:45:00+05:30,2025-12-15 11:50:00+05:30,60,2025-12-15 12:45:00+05:30,0.0,True
2025-12-19 11:45:00+05:30,2025-12-19 11:45:00+05:30,2025-12-19 11:50:00+05:30,5,2025-12-19 11:50:00+05:30,0.00018221574344012836,True
2025-12-19 11:45:00+05:30,2025-12-19 11:45:00+05:30,2025-12-19 11:50:00+05:30,10,2025-12-19 11:55:00+05:30,0.00036443148688047877,True
2025-12-19 11:45:00+05:30,2025-12-19 11:45:00+05:30,2025-12-19 11:50:00+05:30,15,2025-12-19 12:00:00+05:30,0.0002733236151604146,True
2025-12-19 11:45:00+05:30,2025-12-19 11:45:00+05:30,2025-12-19 11:50:00+05:30,20,2025-12-19 12:05:00+05:30,-0.0001822157434403504,True
2025-12-19 11:45:00+05:30,2025-12-19 11:45:00+05:30,2025-12-19 11:50:00+05:30,25,2025-12-19 12:10:00+05:30,-9.11078717201752e-05,True
2025-12-19 11:45:00+05:30,2025-12-19 11:45:00+05:30,2025-12-19 11:50:00+05:30,30,2025-12-19 12:15:00+05:30,-0.000455539358600654,True
2025-12-19 11:45:00+05:30,2025-12-19 11:45:00+05:30,2025-12-19 11:50:00+05:30,45,2025-12-19 12:30:00+05:30,0.0,True
2025-12-19 11:45:00+05:30,2025-12-19 11:45:00+05:30,2025-12-19 11:50:00+05:30,60,2025-12-19 12:45:00+05:30,0.0007288629737609575,True
2025-12-19 14:10:00+05:30,2025-12-19 14:10:00+05:30,2025-12-19 14:15:00+05:30,5,2025-12-19 14:15:00+05:30,-0.0003640666241923052,True
2025-12-19 14:10:00+05:30,2025-12-19 14:10:00+05:30,2025-12-19 14:15:00+05:30,10,2025-12-19 14:20:00+05:30,-0.0003640666241923052,True
2025-12-19 14:10:00+05:30,2025-12-19 14:10:00+05:30,2025-12-19 14:15:00+05:30,15,2025-12-19 14:25:00+05:30,-0.0003640666241923052,True
2025-12-19 14:10:00+05:30,2025-12-19 14:10:00+05:30,2025-12-19 14:15:00+05:30,20,2025-12-19 14:30:00+05:30,-0.001001183216528645,True
2025-12-19 14:10:00+05:30,2025-12-19 14:10:00+05:30,2025-12-19 14:15:00+05:30,25,2025-12-19 14:35:00+05:30,-0.0009101665604805964,True
2025-12-19 14:10:00+05:30,2025-12-19 14:10:00+05:30,2025-12-19 14:15:00+05:30,30,2025-12-19 14:40:00+05:30,-0.0002730499681441456,True
2025-12-19 14:10:00+05:30,2025-12-19 14:10:00+05:30,2025-12-19 14:15:00+05:30,45,2025-12-19 14:55:00+05:30,-0.0003640666241923052,True
2025-12-19 14:10:00+05:30,2025-12-19 14:10:00+05:30,2025-12-19 14:15:00+05:30,60,2025-12-19 15:10:00+05:30,0.0008191499044323258,True
2025-12-23 12:45:00+05:30,2025-12-23 12:45:00+05:30,2025-12-23 12:50:00+05:30,5,2025-12-23 12:50:00+05:30,-0.0001765225066195919,True
2025-12-23 12:45:00+05:30,2025-12-23 12:45:00+05:30,2025-12-23 12:50:00+05:30,10,2025-12-23 12:55:00+05:30,-0.0005295675198587757,True
2025-12-23 12:45:00+05:30,2025-12-23 12:45:00+05:30,2025-12-23 12:50:00+05:30,15,2025-12-23 13:00:00+05:30,-0.0001765225066195919,True
2025-12-23 12:45:00+05:30,2025-12-23 12:45:00+05:30,2025-12-23 12:50:00+05:30,20,2025-12-23 13:05:00+05:30,-0.0005295675198587757,True
2025-12-23 12:45:00+05:30,2025-12-23 12:45:00+05:30,2025-12-23 12:50:00+05:30,25,2025-12-23 13:10:00+05:30,-0.0006178287731685161,True
2025-12-23 12:45:00+05:30,2025-12-23 12:45:00+05:30,2025-12-23 12:50:00+05:30,30,2025-12-23 13:15:00+05:30,-0.0005295675198587757,True
2025-12-23 12:45:00+05:30,2025-12-23 12:45:00+05:30,2025-12-23 12:50:00+05:30,45,2025-12-23 13:30:00+05:30,-0.00026478375992944336,True
2025-12-23 12:45:00+05:30,2025-12-23 12:45:00+05:30,2025-12-23 12:50:00+05:30,60,2025-12-23 13:45:00+05:30,-0.0003530450132390728,True
2025-12-26 11:55:00+05:30,2025-12-26 11:55:00+05:30,2025-12-26 12:00:00+05:30,5,2025-12-26 12:00:00+05:30,-0.000437943417710418,True
2025-12-26 11:55:00+05:30,2025-12-26 11:55:00+05:30,2025-12-26 12:00:00+05:30,10,2025-12-26 12:05:00+05:30,-0.0002627660506262508,True
2025-12-26 11:55:00+05:30,2025-12-26 11:55:00+05:30,2025-12-26 12:00:00+05:30,15,2025-12-26 12:10:00+05:30,8.75886835420836e-05,True
2025-12-26 11:55:00+05:30,2025-12-26 11:55:00+05:30,2025-12-26 12:00:00+05:30,20,2025-12-26 12:15:00+05:30,-8.75886835420836e-05,True
2025-12-26 11:55:00+05:30,2025-12-26 11:55:00+05:30,2025-12-26 12:00:00+05:30,25,2025-12-26 12:20:00+05:30,-0.000875886835420947,True
2025-12-26 11:55:00+05:30,2025-12-26 11:55:00+05:30,2025-12-26 12:00:00+05:30,30,2025-12-26 12:25:00+05:30,-0.000437943417710418,True
2025-12-26 11:55:00+05:30,2025-12-26 11:55:00+05:30,2025-12-26 12:00:00+05:30,45,2025-12-26 12:40:00+05:30,-8.75886835420836e-05,True
2025-12-26 11:55:00+05:30,2025-12-26 11:55:00+05:30,2025-12-26 12:00:00+05:30,60,2025-12-26 12:55:00+05:30,-0.0007007094683366688,True
2025-12-26 14:55:00+05:30,2025-12-26 14:55:00+05:30,2025-12-26 15:00:00+05:30,5,2025-12-26 15:00:00+05:30,-0.0002626510243389779,True
2025-12-26 14:55:00+05:30,2025-12-26 14:55:00+05:30,2025-12-26 15:00:00+05:30,10,2025-12-26 15:05:00+05:30,0.00017510068289272596,True
2025-12-26 14:55:00+05:30,2025-12-26 14:55:00+05:30,2025-12-26 15:00:00+05:30,15,2025-12-26 15:10:00+05:30,0.0015759061460340895,True
2025-12-26 14:55:00+05:30,2025-12-26 14:55:00+05:30,2025-12-26 15:00:00+05:30,20,2025-12-26 15:15:00+05:30,0.0011381544388022746,True
2025-12-26 14:55:00+05:30,2025-12-26 14:55:00+05:30,2025-12-26 15:00:00+05:30,25,2025-12-26 15:20:00+05:30,0.0020136578532656824,True
2025-12-26 14:55:00+05:30,2025-12-26 14:55:00+05:30,2025-12-26 15:00:00+05:30,30,2025-12-26 15:25:00+05:30,0.0015759061460340895,True
2025-12-26 14:55:00+05:30,2025-12-26 14:55:00+05:30,2025-12-26 15:00:00+05:30,45,,,False
2025-12-26 14:55:00+05:30,2025-12-26 14:55:00+05:30,2025-12-26 15:00:00+05:30,60,,,False
2026-01-01 14:30:00+05:30,2026-01-01 14:30:00+05:30,2026-01-01 14:35:00+05:30,5,2026-01-01 14:35:00+05:30,-0.00018111020556021984,True
2026-01-01 14:30:00+05:30,2026-01-01 14:30:00+05:30,2026-01-01 14:35:00+05:30,10,2026-01-01 14:40:00+05:30,9.055510277988787e-05,True
2026-01-01 14:30:00+05:30,2026-01-01 14:30:00+05:30,2026-01-01 14:35:00+05:30,15,2026-01-01 14:45:00+05:30,0.0001811102055599978,True
2026-01-01 14:30:00+05:30,2026-01-01 14:30:00+05:30,2026-01-01 14:35:00+05:30,20,2026-01-01 14:50:00+05:30,0.0002716653083401077,True
2026-01-01 14:30:00+05:30,2026-01-01 14:30:00+05:30,2026-01-01 14:35:00+05:30,25,2026-01-01 14:55:00+05:30,0.0003622204111199956,True
2026-01-01 14:30:00+05:30,2026-01-01 14:30:00+05:30,2026-01-01 14:35:00+05:30,30,2026-01-01 15:00:00+05:30,0.0008149959250203231,True
2026-01-01 14:30:00+05:30,2026-01-01 14:30:00+05:30,2026-01-01 14:35:00+05:30,45,2026-01-01 15:15:00+05:30,0.0017205469528207562,True
2026-01-01 14:30:00+05:30,2026-01-01 14:30:00+05:30,2026-01-01 14:35:00+05:30,60,,,False
2026-01-02 13:25:00+05:30,2026-01-02 13:25:00+05:30,2026-01-02 13:30:00+05:30,5,2026-01-02 13:30:00+05:30,8.976660682225024e-05,True
2026-01-02 13:25:00+05:30,2026-01-02 13:25:00+05:30,2026-01-02 13:30:00+05:30,10,2026-01-02 13:35:00+05:30,0.00035906642728900096,True
2026-01-02 13:25:00+05:30,2026-01-02 13:25:00+05:30,2026-01-02 13:30:00+05:30,15,2026-01-02 13:40:00+05:30,0.00035906642728900096,True
2026-01-02 13:25:00+05:30,2026-01-02 13:25:00+05:30,2026-01-02 13:30:00+05:30,20,2026-01-02 13:45:00+05:30,0.0004488330341112512,True
2026-01-02 13:25:00+05:30,2026-01-02 13:25:00+05:30,2026-01-02 13:30:00+05:30,25,2026-01-02 13:50:00+05:30,0.0002692998204667507,True
2026-01-02 13:25:00+05:30,2026-01-02 13:25:00+05:30,2026-01-02 13:30:00+05:30,30,2026-01-02 13:55:00+05:30,0.0004488330341112512,True
2026-01-02 13:25:00+05:30,2026-01-02 13:25:00+05:30,2026-01-02 13:30:00+05:30,45,2026-01-02 14:10:00+05:30,0.0013464991023337536,True
2026-01-02 13:25:00+05:30,2026-01-02 13:25:00+05:30,2026-01-02 13:30:00+05:30,60,2026-01-02 14:25:00+05:30,0.0020646319569119775,True
2026-01-02 14:30:00+05:30,2026-01-02 14:30:00+05:30,2026-01-02 14:35:00+05:30,5,2026-01-02 14:35:00+05:30,-8.95816536772287e-05,True
2026-01-02 14:30:00+05:30,2026-01-02 14:30:00+05:30,2026-01-02 14:35:00+05:30,10,2026-01-02 14:40:00+05:30,0.0010749798441278546,True
2026-01-02 14:30:00+05:30,2026-01-02 14:30:00+05:30,2026-01-02 14:35:00+05:30,15,2026-01-02 14:45:00+05:30,0.0018812147272240232,True
2026-01-02 14:30:00+05:30,2026-01-02 14:30:00+05:30,2026-01-02 14:35:00+05:30,20,2026-01-02 14:50:00+05:30,0.000985398190450626,True
2026-01-02 14:30:00+05:30,2026-01-02 14:30:00+05:30,2026-01-02 14:35:00+05:30,25,2026-01-02 14:55:00+05:30,0.0008062348830959465,True
2026-01-02 14:30:00+05:30,2026-01-02 14:30:00+05:30,2026-01-02 14:35:00+05:30,30,2026-01-02 15:00:00+05:30,0.0015228881125146643,True
2026-01-02 14:30:00+05:30,2026-01-02 14:30:00+05:30,2026-01-02 14:35:00+05:30,45,2026-01-02 15:15:00+05:30,0.000627071575741267,True
2026-01-02 14:30:00+05:30,2026-01-02 14:30:00+05:30,2026-01-02 14:35:00+05:30,60,,,False
2026-01-05 11:55:00+05:30,2026-01-05 11:55:00+05:30,2026-01-05 12:00:00+05:30,5,2026-01-05 12:00:00+05:30,-0.0005335230304106542,True
2026-01-05 11:55:00+05:30,2026-01-05 11:55:00+05:30,2026-01-05 12:00:00+05:30,10,2026-01-05 12:05:00+05:30,-0.0005335230304106542,True
2026-01-05 11:55:00+05:30,2026-01-05 11:55:00+05:30,2026-01-05 12:00:00+05:30,15,2026-01-05 12:10:00+05:30,-0.0008002845456160923,True
2026-01-05 11:55:00+05:30,2026-01-05 11:55:00+05:30,2026-01-05 12:00:00+05:30,20,2026-01-05 12:15:00+05:30,-0.0012448870709586002,True
2026-01-05 11:55:00+05:30,2026-01-05 11:55:00+05:30,2026-01-05 12:00:00+05:30,25,2026-01-05 12:20:00+05:30,-0.0016005690912324066,True
2026-01-05 11:55:00+05:30,2026-01-05 11:55:00+05:30,2026-01-05 12:00:00+05:30,30,2026-01-05 12:25:00+05:30,-0.001422728081095448,True
2026-01-05 11:55:00+05:30,2026-01-05 11:55:00+05:30,2026-01-05 12:00:00+05:30,45,2026-01-05 12:40:00+05:30,-0.0015116485861638163,True
2026-01-05 11:55:00+05:30,2026-01-05 11:55:00+05:30,2026-01-05 12:00:00+05:30,60,2026-01-05 12:55:00+05:30,-0.00035568202027380647,True
2026-01-05 13:05:00+05:30,2026-01-05 13:05:00+05:30,2026-01-05 13:10:00+05:30,5,2026-01-05 13:10:00+05:30,0.0006222222222220797,True
2026-01-05 13:05:00+05:30,2026-01-05 13:05:00+05:30,2026-01-05 13:10:00+05:30,10,2026-01-05 13:15:00+05:30,0.0003555555555556644,True
2026-01-05 13:05:00+05:30,2026-01-05 13:05:00+05:30,2026-01-05 13:10:00+05:30,15,2026-01-05 13:20:00+05:30,0.0003555555555556644,True
2026-01-05 13:05:00+05:30,2026-01-05 13:05:00+05:30,2026-01-05 13:10:00+05:30,20,2026-01-05 13:25:00+05:30,0.0003555555555556644,True
2026-01-05 13:05:00+05:30,2026-01-05 13:05:00+05:30,2026-01-05 13:10:00+05:30,25,2026-01-05 13:30:00+05:30,0.0002666666666666373,True
2026-01-05 13:05:00+05:30,2026-01-05 13:05:00+05:30,2026-01-05 13:10:00+05:30,30,2026-01-05 13:35:00+05:30,0.0003555555555556644,True
2026-01-05 13:05:00+05:30,2026-01-05 13:05:00+05:30,2026-01-05 13:10:00+05:30,45,2026-01-05 13:50:00+05:30,0.0010666666666667712,True
2026-01-05 13:05:00+05:30,2026-01-05 13:05:00+05:30,2026-01-05 13:10:00+05:30,60,2026-01-05 14:05:00+05:30,0.0012444444444443814,True
2026-01-05 14:10:00+05:30,2026-01-05 14:10:00+05:30,2026-01-05 14:15:00+05:30,5,2026-01-05 14:15:00+05:30,0.0007093456286575428,True
2026-01-05 14:10:00+05:30,2026-01-05 14:10:00+05:30,2026-01-05 14:15:00+05:30,10,2026-01-05 14:20:00+05:30,0.0003546728143286604,True
2026-01-05 14:10:00+05:30,2026-01-05 14:10:00+05:30,2026-01-05 14:15:00+05:30,15,2026-01-05 14:25:00+05:30,-8.86682035822206e-05,True
2026-01-05 14:10:00+05:30,2026-01-05 14:10:00+05:30,2026-01-05 14:15:00+05:30,20,2026-01-05 14:30:00+05:30,-8.86682035822206e-05,True
2026-01-05 14:10:00+05:30,2026-01-05 14:10:00+05:30,2026-01-05 14:15:00+05:30,25,2026-01-05 14:35:00+05:30,-0.0005320092214932126,True
2026-01-05 14:10:00+05:30,2026-01-05 14:10:00+05:30,2026-01-05 14:15:00+05:30,30,2026-01-05 14:40:00+05:30,0.0,True
2026-01-05 14:10:00+05:30,2026-01-05 14:10:00+05:30,2026-01-05 14:15:00+05:30,45,2026-01-05 14:55:00+05:30,8.866820358233163e-05,True
2026-01-05 14:10:00+05:30,2026-01-05 14:10:00+05:30,2026-01-05 14:15:00+05:30,60,2026-01-05 15:10:00+05:30,0.0018620322752260776,True
2026-01-06 13:55:00+05:30,2026-01-06 13:55:00+05:30,2026-01-06 14:00:00+05:30,5,2026-01-06 14:00:00+05:30,-0.000970359915314023,True
2026-01-06 13:55:00+05:30,2026-01-06 13:55:00+05:30,2026-01-06 14:00:00+05:30,10,2026-01-06 14:05:00+05:30,-0.0003528581510233719,True
2026-01-06 13:55:00+05:30,2026-01-06 13:55:00+05:30,2026-01-06 14:00:00+05:30,15,2026-01-06 14:10:00+05:30,-0.0005292872265350024,True
2026-01-06 13:55:00+05:30,2026-01-06 13:55:00+05:30,2026-01-06 14:00:00+05:30,20,2026-01-06 14:15:00+05:30,-0.00017642907551163045,True
2026-01-06 13:55:00+05:30,2026-01-06 13:55:00+05:30,2026-01-06 14:00:00+05:30,25,2026-01-06 14:20:00+05:30,-0.0007057163020465218,True
2026-01-06 13:55:00+05:30,2026-01-06 13:55:00+05:30,2026-01-06 14:00:00+05:30,30,2026-01-06 14:25:00+05:30,-0.00044107268877913164,True
2026-01-06 13:55:00+05:30,2026-01-06 13:55:00+05:30,2026-01-06 14:00:00+05:30,45,2026-01-06 14:40:00+05:30,-0.0010585744530698937,True
2026-01-06 13:55:00+05:30,2026-01-06 13:55:00+05:30,2026-01-06 14:00:00+05:30,60,2026-01-06 14:55:00+05:30,-0.000970359915314023,True
2026-01-08 14:35:00+05:30,2026-01-08 14:35:00+05:30,2026-01-08 14:40:00+05:30,5,2026-01-08 14:40:00+05:30,0.00035650623885907784,True
2026-01-08 14:35:00+05:30,2026-01-08 14:35:00+05:30,2026-01-08 14:40:00+05:30,10,2026-01-08 14:45:00+05:30,-0.0013368983957219305,True
2026-01-08 14:35:00+05:30,2026-01-08 14:35:00+05:30,2026-01-08 14:40:00+05:30,15,2026-01-08 14:50:00+05:30,-0.0011586452762923916,True
2026-01-08 14:35:00+05:30,2026-01-08 14:35:00+05:30,2026-01-08 14:40:00+05:30,20,2026-01-08 14:55:00+05:30,0.00017825311942964994,True
2026-01-08 14:35:00+05:30,2026-01-08 14:35:00+05:30,2026-01-08 14:40:00+05:30,25,2026-01-08 15:00:00+05:30,0.0010695187165774556,True
2026-01-08 14:35:00+05:30,2026-01-08 14:35:00+05:30,2026-01-08 14:40:00+05:30,30,2026-01-08 15:05:00+05:30,0.0016042780748661833,True
2026-01-08 14:35:00+05:30,2026-01-08 14:35:00+05:30,2026-01-08 14:40:00+05:30,45,2026-01-08 15:20:00+05:30,0.0,True
2026-01-08 14:35:00+05:30,2026-01-08 14:35:00+05:30,2026-01-08 14:40:00+05:30,60,,,False
2026-01-09 11:45:00+05:30,2026-01-09 11:45:00+05:30,2026-01-09 11:50:00+05:30,5,2026-01-09 11:50:00+05:30,-0.0002646669607411223,True
2026-01-09 11:45:00+05:30,2026-01-09 11:45:00+05:30,2026-01-09 11:50:00+05:30,10,2026-01-09 11:55:00+05:30,0.000352889280988089,True
2026-01-09 11:45:00+05:30,2026-01-09 11:45:00+05:30,2026-01-09 11:50:00+05:30,15,2026-01-09 12:00:00+05:30,0.0007057785619764001,True
2026-01-09 11:45:00+05:30,2026-01-09 11:45:00+05:30,2026-01-09 11:50:00+05:30,20,2026-01-09 12:05:00+05:30,0.0007057785619764001,True
2026-01-09 11:45:00+05:30,2026-01-09 11:45:00+05:30,2026-01-09 11:50:00+05:30,25,2026-01-09 12:10:00+05:30,0.0012351124834584226,True
2026-01-09 11:45:00+05:30,2026-01-09 11:45:00+05:30,2026-01-09 11:50:00+05:30,30,2026-01-09 12:15:00+05:30,0.0012351124834584226,True
2026-01-09 11:45:00+05:30,2026-01-09 11:45:00+05:30,2026-01-09 11:50:00+05:30,45,2026-01-09 12:30:00+05:30,0.0009704455227173003,True
2026-01-09 11:45:00+05:30,2026-01-09 11:45:00+05:30,2026-01-09 11:50:00+05:30,60,2026-01-09 12:45:00+05:30,0.0006175562417292113,True
2026-01-09 14:45:00+05:30,2026-01-09 14:45:00+05:30,2026-01-09 14:50:00+05:30,5,2026-01-09 14:50:00+05:30,0.0005281225244255783,True
2026-01-09 14:45:00+05:30,2026-01-09 14:45:00+05:30,2026-01-09 14:50:00+05:30,10,2026-01-09 14:55:00+05:30,0.00026406126221290016,True
2026-01-09 14:45:00+05:30,2026-01-09 14:45:00+05:30,2026-01-09 14:50:00+05:30,15,2026-01-09 15:00:00+05:30,8.802042073763339e-05,True
2026-01-09 14:45:00+05:30,2026-01-09 14:45:00+05:30,2026-01-09 14:50:00+05:30,20,2026-01-09 15:05:00+05:30,0.0,True
2026-01-09 14:45:00+05:30,2026-01-09 14:45:00+05:30,2026-01-09 14:50:00+05:30,25,2026-01-09 15:10:00+05:30,-0.0007921837866384784,True
2026-01-09 14:45:00+05:30,2026-01-09 14:45:00+05:30,2026-01-09 14:50:00+05:30,30,2026-01-09 15:15:00+05:30,-0.000704163365900845,True
2026-01-09 14:45:00+05:30,2026-01-09 14:45:00+05:30,2026-01-09 14:50:00+05:30,45,,,False
2026-01-09 14:45:00+05:30,2026-01-09 14:45:00+05:30,2026-01-09 14:50:00+05:30,60,,,False
2026-01-12 14:20:00+05:30,2026-01-12 14:20:00+05:30,2026-01-12 14:25:00+05:30,5,2026-01-12 14:25:00+05:30,0.0001717770334106472,True
2026-01-12 14:20:00+05:30,2026-01-12 14:20:00+05:30,2026-01-12 14:25:00+05:30,10,2026-01-12 14:30:00+05:30,-0.0002576655501159708,True
2026-01-12 14:20:00+05:30,2026-01-12 14:20:00+05:30,2026-01-12 14:25:00+05:30,15,2026-01-12 14:35:00+05:30,-0.0003435540668212944,True
2026-01-12 14:20:00+05:30,2026-01-12 14:20:00+05:30,2026-01-12 14:25:00+05:30,20,2026-01-12 14:40:00+05:30,-8.58885167053236e-05,True
2026-01-12 14:20:00+05:30,2026-01-12 14:20:00+05:30,2026-01-12 14:25:00+05:30,25,2026-01-12 14:45:00+05:30,0.0003435540668212944,True
2026-01-12 14:20:00+05:30,2026-01-12 14:20:00+05:30,2026-01-12 14:25:00+05:30,30,2026-01-12 14:50:00+05:30,0.0002576655501158598,True
2026-01-12 14:20:00+05:30,2026-01-12 14:20:00+05:30,2026-01-12 14:25:00+05:30,45,2026-01-12 15:05:00+05:30,0.002576655501159486,True
2026-01-12 14:20:00+05:30,2026-01-12 14:20:00+05:30,2026-01-12 14:25:00+05:30,60,2026-01-12 15:20:00+05:30,0.003693206218328582,True
2026-01-13 14:00:00+05:30,2026-01-13 14:00:00+05:30,2026-01-13 14:05:00+05:30,5,2026-01-13 14:05:00+05:30,0.0005999828576326305,True
2026-01-13 14:00:00+05:30,2026-01-13 14:00:00+05:30,2026-01-13 14:05:00+05:30,10,2026-01-13 14:10:00+05:30,0.0,True
2026-01-13 14:00:00+05:30,2026-01-13 14:00:00+05:30,2026-01-13 14:05:00+05:30,15,2026-01-13 14:15:00+05:30,-8.571183680472494e-05,True
2026-01-13 14:00:00+05:30,2026-01-13 14:00:00+05:30,2026-01-13 14:05:00+05:30,20,2026-01-13 14:20:00+05:30,0.00017142367360922783,True
2026-01-13 14:00:00+05:30,2026-01-13 14:00:00+05:30,2026-01-13 14:05:00+05:30,25,2026-01-13 14:25:00+05:30,8.571183680472494e-05,True
2026-01-13 14:00:00+05:30,2026-01-13 14:00:00+05:30,2026-01-13 14:05:00+05:30,30,2026-01-13 14:30:00+05:30,0.0,True
2026-01-13 14:00:00+05:30,2026-01-13 14:00:00+05:30,2026-01-13 14:05:00+05:30,45,2026-01-13 14:45:00+05:30,0.0007714065312420804,True
2026-01-13 14:00:00+05:30,2026-01-13 14:00:00+05:30,2026-01-13 14:05:00+05:30,60,2026-01-13 15:00:00+05:30,-0.0019713722465072303,True
2026-01-16 11:50:00+05:30,2026-01-16 11:50:00+05:30,2026-01-16 11:55:00+05:30,5,2026-01-16 11:55:00+05:30,-0.0005100306018360756,True
2026-01-16 11:50:00+05:30,2026-01-16 11:50:00+05:30,2026-01-16 11:55:00+05:30,10,2026-01-16 12:00:00+05:30,-0.0002550153009180933,True
2026-01-16 11:50:00+05:30,2026-01-16 11:50:00+05:30,2026-01-16 11:55:00+05:30,15,2026-01-16 12:05:00+05:30,-0.0005950357021421437,True
2026-01-16 11:50:00+05:30,2026-01-16 11:50:00+05:30,2026-01-16 11:55:00+05:30,20,2026-01-16 12:10:00+05:30,-0.0021251275076504816,True
2026-01-16 11:50:00+05:30,2026-01-16 11:50:00+05:30,2026-01-16 11:55:00+05:30,25,2026-01-16 12:15:00+05:30,-0.0020401224073444135,True
2026-01-16 11:50:00+05:30,2026-01-16 11:50:00+05:30,2026-01-16 11:55:00+05:30,30,2026-01-16 12:20:00+05:30,-0.001700102006120363,True
2026-01-16 11:50:00+05:30,2026-01-16 11:50:00+05:30,2026-01-16 11:55:00+05:30,45,2026-01-16 12:35:00+05:30,-0.000765045902754169,True
2026-01-16 11:50:00+05:30,2026-01-16 11:50:00+05:30,2026-01-16 11:55:00+05:30,60,2026-01-16 12:50:00+05:30,-0.000765045902754169,True
2026-01-19 12:00:00+05:30,2026-01-19 12:00:00+05:30,2026-01-19 12:05:00+05:30,5,2026-01-19 12:05:00+05:30,0.00041788549937304964,True
2026-01-19 12:00:00+05:30,2026-01-19 12:00:00+05:30,2026-01-19 12:05:00+05:30,10,2026-01-19 12:10:00+05:30,0.0005014625992476596,True
2026-01-19 12:00:00+05:30,2026-01-19 12:00:00+05:30,2026-01-19 12:05:00+05:30,15,2026-01-19 12:15:00+05:30,0.0008357709987463213,True
2026-01-19 12:00:00+05:30,2026-01-19 12:00:00+05:30,2026-01-19 12:05:00+05:30,20,2026-01-19 12:20:00+05:30,0.0010865022983701511,True
2026-01-19 12:00:00+05:30,2026-01-19 12:00:00+05:30,2026-01-19 12:05:00+05:30,25,2026-01-19 12:25:00+05:30,0.0016715419974926427,True
2026-01-19 12:00:00+05:30,2026-01-19 12:00:00+05:30,2026-01-19 12:05:00+05:30,30,2026-01-19 12:30:00+05:30,0.0017551190973672526,True
2026-01-19 12:00:00+05:30,2026-01-19 12:00:00+05:30,2026-01-19 12:05:00+05:30,45,2026-01-19 12:45:00+05:30,0.0010029251984955412,True
2026-01-19 12:00:00+05:30,2026-01-19 12:00:00+05:30,2026-01-19 12:05:00+05:30,60,2026-01-19 13:00:00+05:30,0.001253656498119371,True
2026-01-19 14:05:00+05:30,2026-01-19 14:05:00+05:30,2026-01-19 14:10:00+05:30,5,2026-01-19 14:10:00+05:30,0.0029130253849354304,True
2026-01-19 14:05:00+05:30,2026-01-19 14:05:00+05:30,2026-01-19 14:10:00+05:30,10,2026-01-19 14:15:00+05:30,0.003245942571785232,True
2026-01-19 14:05:00+05:30,2026-01-19 14:05:00+05:30,2026-01-19 14:10:00+05:30,15,2026-01-19 14:20:00+05:30,0.0019142738243860258,True
2026-01-19 14:05:00+05:30,2026-01-19 14:05:00+05:30,2026-01-19 14:10:00+05:30,20,2026-01-19 14:25:00+05:30,0.001997503121098587,True
2026-01-19 14:05:00+05:30,2026-01-19 14:05:00+05:30,2026-01-19 14:10:00+05:30,25,2026-01-19 14:30:00+05:30,0.0020807324178111486,True
2026-01-19 14:05:00+05:30,2026-01-19 14:05:00+05:30,2026-01-19 14:10:00+05:30,30,2026-01-19 14:35:00+05:30,0.002413649604660728,True
2026-01-19 14:05:00+05:30,2026-01-19 14:05:00+05:30,2026-01-19 14:10:00+05:30,45,2026-01-19 14:50:00+05:30,0.0004161464835621409,True
2026-01-19 14:05:00+05:30,2026-01-19 14:05:00+05:30,2026-01-19 14:10:00+05:30,60,2026-01-19 15:05:00+05:30,0.00024968789013724013,True
2026-01-20 11:45:00+05:30,2026-01-20 11:45:00+05:30,2026-01-20 11:50:00+05:30,5,2026-01-20 11:50:00+05:30,-8.149959250203231e-05,True
2026-01-20 11:45:00+05:30,2026-01-20 11:45:00+05:30,2026-01-20 11:50:00+05:30,10,2026-01-20 11:55:00+05:30,-0.0006519967400162585,True
2026-01-20 11:45:00+05:30,2026-01-20 11:45:00+05:30,2026-01-20 11:50:00+05:30,15,2026-01-20 12:00:00+05:30,-0.0011409942950285634,True
2026-01-20 11:45:00+05:30,2026-01-20 11:45:00+05:30,2026-01-20 11:50:00+05:30,20,2026-01-20 12:05:00+05:30,-0.0008964955175223555,True
2026-01-20 11:45:00+05:30,2026-01-20 11:45:00+05:30,2026-01-20 11:50:00+05:30,25,2026-01-20 12:10:00+05:30,0.0004889975550121939,True
2026-01-20 11:45:00+05:30,2026-01-20 11:45:00+05:30,2026-01-20 11:50:00+05:30,30,2026-01-20 12:15:00+05:30,0.0012224938875304847,True
2026-01-20 11:45:00+05:30,2026-01-20 11:45:00+05:30,2026-01-20 11:50:00+05:30,45,2026-01-20 12:30:00+05:30,0.0014669926650365817,True
2026-01-20 11:45:00+05:30,2026-01-20 11:45:00+05:30,2026-01-20 11:50:00+05:30,60,2026-01-20 12:45:00+05:30,0.0018744906275469653,True
2026-01-20 12:50:00+05:30,2026-01-20 12:50:00+05:30,2026-01-20 12:55:00+05:30,5,2026-01-20 12:55:00+05:30,-0.0014598540145984717,True
2026-01-20 12:50:00+05:30,2026-01-20 12:50:00+05:30,2026-01-20 12:55:00+05:30,10,2026-01-20 13:00:00+05:30,-0.0032441200324411223,True
2026-01-20 12:50:00+05:30,2026-01-20 12:50:00+05:30,2026-01-20 12:55:00+05:30,15,2026-01-20 13:05:00+05:30,-0.0017842660178426506,True
2026-01-20 12:50:00+05:30,2026-01-20 12:50:00+05:30,2026-01-20 12:55:00+05:30,20,2026-01-20 13:10:00+05:30,-0.0021086780210867184,True
2026-01-20 12:50:00+05:30,2026-01-20 12:50:00+05:30,2026-01-20 12:55:00+05:30,25,2026-01-20 13:15:00+05:30,-0.001946472019464629,True
2026-01-20 12:50:00+05:30,2026-01-20 12:50:00+05:30,2026-01-20 12:55:00+05:30,30,2026-01-20 13:20:00+05:30,-0.0025952960259528757,True
2026-01-20 12:50:00+05:30,2026-01-20 12:50:00+05:30,2026-01-20 12:55:00+05:30,45,2026-01-20 13:35:00+05:30,-0.0025141930251419975,True
2026-01-20 12:50:00+05:30,2026-01-20 12:50:00+05:30,2026-01-20 12:55:00+05:30,60,2026-01-20 13:50:00+05:30,0.0021086780210868294,True
2026-01-20 13:55:00+05:30,2026-01-20 13:55:00+05:30,2026-01-20 14:00:00+05:30,5,2026-01-20 14:00:00+05:30,0.0029947389720761386,True
2026-01-20 13:55:00+05:30,2026-01-20 13:55:00+05:30,2026-01-20 14:00:00+05:30,10,2026-01-20 14:05:00+05:30,0.0030756778632132775,True
2026-01-20 13:55:00+05:30,2026-01-20 13:55:00+05:30,2026-01-20 14:00:00+05:30,15,2026-01-20 14:10:00+05:30,0.007608255766895944,True
2026-01-20 13:55:00+05:30,2026-01-20 13:55:00+05:30,2026-01-20 14:00:00+05:30,20,2026-01-20 14:15:00+05:30,0.010360178065560444,True
2026-01-20 13:55:00+05:30,2026-01-20 13:55:00+05:30,2026-01-20 14:00:00+05:30,25,2026-01-20 14:20:00+05:30,0.011574261432618416,True
2026-01-20 13:55:00+05:30,2026-01-20 13:55:00+05:30,2026-01-20 14:00:00+05:30,30,2026-01-20 14:25:00+05:30,0.01926345609065172,True
2026-01-20 13:55:00+05:30,2026-01-20 13:55:00+05:30,2026-01-20 14:00:00+05:30,45,2026-01-20 14:40:00+05:30,0.006151355726426555,True
2026-01-20 13:55:00+05:30,2026-01-20 13:55:00+05:30,2026-01-20 14:00:00+05:30,60,2026-01-20 14:55:00+05:30,0.01505463375151761,True
2026-01-21 14:45:00+05:30,2026-01-21 14:45:00+05:30,2026-01-21 14:50:00+05:30,5,2026-01-21 14:50:00+05:30,0.0021688729339615076,True
2026-01-21 14:45:00+05:30,2026-01-21 14:45:00+05:30,2026-01-21 14:50:00+05:30,10,2026-01-21 14:55:00+05:30,0.0014957744372148252,True
2026-01-21 14:45:00+05:30,2026-01-21 14:45:00+05:30,2026-01-21 14:50:00+05:30,15,2026-01-21 15:00:00+05:30,0.000972253384189603,True
2026-01-21 14:45:00+05:30,2026-01-21 14:45:00+05:30,2026-01-21 14:50:00+05:30,20,2026-01-21 15:05:00+05:30,0.0017949293246577458,True
2026-01-21 14:45:00+05:30,2026-01-21 14:45:00+05:30,2026-01-21 14:50:00+05:30,25,2026-01-21 15:10:00+05:30,0.01047042106050422,True
2026-01-21 14:45:00+05:30,2026-01-21 14:45:00+05:30,2026-01-21 14:50:00+05:30,30,2026-01-21 15:15:00+05:30,0.011517463166554442,True
2026-01-21 14:45:00+05:30,2026-01-21 14:45:00+05:30,2026-01-21 14:50:00+05:30,45,,,False
2026-01-21 14:45:00+05:30,2026-01-21 14:45:00+05:30,2026-01-21 14:50:00+05:30,60,,,False
2026-01-28 12:20:00+05:30,2026-01-28 12:20:00+05:30,2026-01-28 12:25:00+05:30,5,2026-01-28 12:25:00+05:30,0.0014772139744443358,True
2026-01-28 12:20:00+05:30,2026-01-28 12:20:00+05:30,2026-01-28 12:25:00+05:30,10,2026-01-28 12:30:00+05:30,0.0011817711795556463,True
2026-01-28 12:20:00+05:30,2026-01-28 12:20:00+05:30,2026-01-28 12:25:00+05:30,15,2026-01-28 12:35:00+05:30,0.0014033532757222744,True
2026-01-28 12:20:00+05:30,2026-01-28 12:20:00+05:30,2026-01-28 12:25:00+05:30,20,2026-01-28 12:40:00+05:30,0.0024374030578329098,True
2026-01-28 12:20:00+05:30,2026-01-28 12:20:00+05:30,2026-01-28 12:25:00+05:30,25,2026-01-28 12:45:00+05:30,0.0035453135386662726,True
2026-01-28 12:20:00+05:30,2026-01-28 12:20:00+05:30,2026-01-28 12:25:00+05:30,30,2026-01-28 12:50:00+05:30,0.003397592141221706,True
2026-01-28 12:20:00+05:30,2026-01-28 12:20:00+05:30,2026-01-28 12:25:00+05:30,45,2026-01-28 13:05:00+05:30,0.0035453135386662726,True
2026-01-28 12:20:00+05:30,2026-01-28 12:20:00+05:30,2026-01-28 12:25:00+05:30,60,2026-01-28 13:20:00+05:30,0.0034714528399439892,True
2026-01-28 13:55:00+05:30,2026-01-28 13:55:00+05:30,2026-01-28 14:00:00+05:30,5,2026-01-28 14:00:00+05:30,0.003442719015528839,True
2026-01-28 13:55:00+05:30,2026-01-28 13:55:00+05:30,2026-01-28 14:00:00+05:30,10,2026-01-28 14:05:00+05:30,0.0016114854966304826,True
2026-01-28 13:55:00+05:30,2026-01-28 13:55:00+05:30,2026-01-28 14:00:00+05:30,15,2026-01-28 14:10:00+05:30,7.324934075580991e-05,True
2026-01-28 13:55:00+05:30,2026-01-28 13:55:00+05:30,2026-01-28 14:00:00+05:30,20,2026-01-28 14:15:00+05:30,-0.0017579841781424355,True
2026-01-28 13:55:00+05:30,2026-01-28 13:55:00+05:30,2026-01-28 14:00:00+05:30,25,2026-01-28 14:20:00+05:30,-0.0002197480222677628,True
2026-01-28 13:55:00+05:30,2026-01-28 13:55:00+05:30,2026-01-28 14:00:00+05:30,30,2026-01-28 14:25:00+05:30,-0.0016847348373866255,True
2026-01-28 13:55:00+05:30,2026-01-28 13:55:00+05:30,2026-01-28 14:00:00+05:30,45,2026-01-28 14:40:00+05:30,-0.0010254907705832261,True
2026-01-28 13:55:00+05:30,2026-01-28 13:55:00+05:30,2026-01-28 14:00:00+05:30,60,2026-01-28 14:55:00+05:30,-0.0031497216525051552,True
2026-02-01 14:30:00+05:30,2026-02-01 14:30:00+05:30,2026-02-01 14:35:00+05:30,5,2026-02-01 14:35:00+05:30,0.005700325732899136,True
2026-02-01 14:30:00+05:30,2026-02-01 14:30:00+05:30,2026-02-01 14:35:00+05:30,10,2026-02-01 14:40:00+05:30,0.004071661237784907,True
2026-02-01 14:30:00+05:30,2026-02-01 14:30:00+05:30,2026-02-01 14:35:00+05:30,15,2026-02-01 14:45:00+05:30,-0.0018729641693810972,True
2026-02-01 14:30:00+05:30,2026-02-01 14:30:00+05:30,2026-02-01 14:35:00+05:30,20,2026-02-01 14:50:00+05:30,0.00122149837133545,True
2026-02-01 14:30:00+05:30,2026-02-01 14:30:00+05:30,2026-02-01 14:35:00+05:30,25,2026-02-01 14:55:00+05:30,0.00024429967426709,True
2026-02-01 14:30:00+05:30,2026-02-01 14:30:00+05:30,2026-02-01 14:35:00+05:30,30,2026-02-01 15:00:00+05:30,-0.0008957654723127373,True
2026-02-01 14:30:00+05:30,2026-02-01 14:30:00+05:30,2026-02-01 14:35:00+05:30,45,2026-02-01 15:15:00+05:30,-0.004723127035830554,True
2026-02-01 14:30:00+05:30,2026-02-01 14:30:00+05:30,2026-02-01 14:35:00+05:30,60,,,False
2026-02-02 14:55:00+05:30,2026-02-02 14:55:00+05:30,2026-02-02 15:00:00+05:30,5,2026-02-02 15:00:00+05:30,-0.002530150965674216,True
2026-02-02 14:55:00+05:30,2026-02-02 14:55:00+05:30,2026-02-02 15:00:00+05:30,10,2026-02-02 15:05:00+05:30,0.0,True
2026-02-02 14:55:00+05:30,2026-02-02 14:55:00+05:30,2026-02-02 15:00:00+05:30,15,2026-02-02 15:10:00+05:30,-0.0026988276967191416,True
2026-02-02 14:55:00+05:30,2026-02-02 14:55:00+05:30,2026-02-02 15:00:00+05:30,20,2026-02-02 15:15:00+05:30,-0.002108459138061902,True
2026-02-02 14:55:00+05:30,2026-02-02 14:55:00+05:30,2026-02-02 15:00:00+05:30,25,2026-02-02 15:20:00+05:30,0.003963903179556416,True
2026-02-02 14:55:00+05:30,2026-02-02 14:55:00+05:30,2026-02-02 15:00:00+05:30,30,2026-02-02 15:25:00+05:30,0.007421776165978056,True
2026-02-02 14:55:00+05:30,2026-02-02 14:55:00+05:30,2026-02-02 15:00:00+05:30,45,,,False
2026-02-02 14:55:00+05:30,2026-02-02 14:55:00+05:30,2026-02-02 15:00:00+05:30,60,,,False
2026-02-03 11:45:00+05:30,2026-02-03 11:45:00+05:30,2026-02-03 11:50:00+05:30,5,2026-02-03 11:50:00+05:30,0.00048262548262556493,True
2026-02-03 11:45:00+05:30,2026-02-03 11:45:00+05:30,2026-02-03 11:50:00+05:30,10,2026-02-03 11:55:00+05:30,0.0016891891891892552,True
2026-02-03 11:45:00+05:30,2026-02-03 11:45:00+05:30,2026-02-03 11:50:00+05:30,15,2026-02-03 12:00:00+05:30,0.004584942084942201,True
2026-02-03 11:45:00+05:30,2026-02-03 11:45:00+05:30,2026-02-03 11:50:00+05:30,20,2026-02-03 12:05:00+05:30,0.004182754182754156,True
2026-02-03 11:45:00+05:30,2026-02-03 11:45:00+05:30,2026-02-03 11:50:00+05:30,25,2026-02-03 12:10:00+05:30,0.010054697554697567,True
2026-02-03 11:45:00+05:30,2026-02-03 11:45:00+05:30,2026-02-03 11:50:00+05:30,30,2026-02-03 12:15:00+05:30,0.001528314028314215,True
2026-02-03 11:45:00+05:30,2026-02-03 11:45:00+05:30,2026-02-03 11:50:00+05:30,45,2026-02-03 12:30:00+05:30,0.005228442728442806,True
2026-02-03 11:45:00+05:30,2026-02-03 11:45:00+05:30,2026-02-03 11:50:00+05:30,60,2026-02-03 12:45:00+05:30,0.006274131274131234,True
2026-02-05 11:45:00+05:30,2026-02-05 11:45:00+05:30,2026-02-05 11:50:00+05:30,5,2026-02-05 11:50:00+05:30,-0.00039774083207377853,True
2026-02-05 11:45:00+05:30,2026-02-05 11:45:00+05:30,2026-02-05 11:50:00+05:30,10,2026-02-05 11:55:00+05:30,0.0014318669954658247,True
2026-02-05 11:45:00+05:30,2026-02-05 11:45:00+05:30,2026-02-05 11:50:00+05:30,15,2026-02-05 12:00:00+05:30,0.0006363853313182677,True
2026-02-05 11:45:00+05:30,2026-02-05 11:45:00+05:30,2026-02-05 11:50:00+05:30,20,2026-02-05 12:05:00+05:30,0.0010341261633919352,True
2026-02-05 11:45:00+05:30,2026-02-05 11:45:00+05:30,2026-02-05 11:50:00+05:30,25,2026-02-05 12:10:00+05:30,0.0018296078275397143,True
2026-02-05 11:45:00+05:30,2026-02-05 11:45:00+05:30,2026-02-05 11:50:00+05:30,30,2026-02-05 12:15:00+05:30,0.0006363853313182677,True
2026-02-05 11:45:00+05:30,2026-02-05 11:45:00+05:30,2026-02-05 11:50:00+05:30,45,2026-02-05 12:30:00+05:30,-0.0017500596611248476,True
2026-02-05 11:45:00+05:30,2026-02-05 11:45:00+05:30,2026-02-05 11:50:00+05:30,60,2026-02-05 12:45:00+05:30,-0.003500119322249584,True
2026-02-05 14:00:00+05:30,2026-02-05 14:00:00+05:30,2026-02-05 14:05:00+05:30,5,2026-02-05 14:05:00+05:30,-0.00031725888324862783,True
2026-02-05 14:00:00+05:30,2026-02-05 14:00:00+05:30,2026-02-05 14:05:00+05:30,10,2026-02-05 14:10:00+05:30,-0.0014276649746192138,True
2026-02-05 14:00:00+05:30,2026-02-05 14:00:00+05:30,2026-02-05 14:05:00+05:30,15,2026-02-05 14:15:00+05:30,-0.004203680203045734,True
2026-02-05 14:00:00+05:30,2026-02-05 14:00:00+05:30,2026-02-05 14:05:00+05:30,20,2026-02-05 14:20:00+05:30,-0.006186548223350297,True
2026-02-05 14:00:00+05:30,2026-02-05 14:00:00+05:30,2026-02-05 14:05:00+05:30,25,2026-02-05 14:25:00+05:30,-0.004600253807106602,True
2026-02-05 14:00:00+05:30,2026-02-05 14:00:00+05:30,2026-02-05 14:05:00+05:30,30,2026-02-05 14:30:00+05:30,-0.008565989847715727,True
2026-02-05 14:00:00+05:30,2026-02-05 14:00:00+05:30,2026-02-05 14:05:00+05:30,45,2026-02-05 14:45:00+05:30,-0.006662436548223405,True
2026-02-05 14:00:00+05:30,2026-02-05 14:00:00+05:30,2026-02-05 14:05:00+05:30,60,2026-02-05 15:00:00+05:30,-0.005869289340101447,True
2026-02-10 14:10:00+05:30,2026-02-10 14:10:00+05:30,2026-02-10 14:15:00+05:30,5,2026-02-10 14:15:00+05:30,-7.807620237365587e-05,True
2026-02-10 14:10:00+05:30,2026-02-10 14:10:00+05:30,2026-02-10 14:15:00+05:30,10,2026-02-10 14:20:00+05:30,7.807620237354485e-05,True
2026-02-10 14:10:00+05:30,2026-02-10 14:10:00+05:30,2026-02-10 14:15:00+05:30,15,2026-02-10 14:25:00+05:30,-0.0003123048094941794,True
2026-02-10 14:10:00+05:30,2026-02-10 14:10:00+05:30,2026-02-10 14:15:00+05:30,20,2026-02-10 14:30:00+05:30,0.000468457214240825,True
2026-02-10 14:10:00+05:30,2026-02-10 14:10:00+05:30,2026-02-10 14:15:00+05:30,25,2026-02-10 14:35:00+05:30,0.001014990630855639,True
2026-02-10 14:10:00+05:30,2026-02-10 14:10:00+05:30,2026-02-10 14:15:00+05:30,30,2026-02-10 14:40:00+05:30,0.0013272954403495962,True
2026-02-10 14:10:00+05:30,2026-02-10 14:10:00+05:30,2026-02-10 14:15:00+05:30,45,2026-02-10 14:55:00+05:30,0.0025765146783258697,True
2026-02-10 14:10:00+05:30,2026-02-10 14:10:00+05:30,2026-02-10 14:15:00+05:30,60,2026-02-10 15:10:00+05:30,0.002342286071205457,True
2026-02-11 12:20:00+05:30,2026-02-11 12:20:00+05:30,2026-02-11 12:25:00+05:30,5,2026-02-11 12:25:00+05:30,0.00015561780267647762,True
2026-02-11 12:20:00+05:30,2026-02-11 12:20:00+05:30,2026-02-11 12:25:00+05:30,10,2026-02-11 12:30:00+05:30,0.00015561780267647762,True
2026-02-11 12:20:00+05:30,2026-02-11 12:20:00+05:30,2026-02-11 12:25:00+05:30,15,2026-02-11 12:35:00+05:30,0.0007780890133830543,True
2026-02-11 12:20:00+05:30,2026-02-11 12:20:00+05:30,2026-02-11 12:25:00+05:30,20,2026-02-11 12:40:00+05:30,0.0005446623093681158,True
2026-02-11 12:20:00+05:30,2026-02-11 12:20:00+05:30,2026-02-11 12:25:00+05:30,25,2026-02-11 12:45:00+05:30,0.00015561780267647762,True
2026-02-11 12:20:00+05:30,2026-02-11 12:20:00+05:30,2026-02-11 12:25:00+05:30,30,2026-02-11 12:50:00+05:30,-7.780890133846086e-05,True
2026-02-11 12:20:00+05:30,2026-02-11 12:20:00+05:30,2026-02-11 12:25:00+05:30,45,2026-02-11 13:05:00+05:30,0.0,True
2026-02-11 12:20:00+05:30,2026-02-11 12:20:00+05:30,2026-02-11 12:25:00+05:30,60,2026-02-11 13:20:00+05:30,0.00023342670401493848,True
2026-02-11 13:30:00+05:30,2026-02-11 13:30:00+05:30,2026-02-11 13:35:00+05:30,5,2026-02-11 13:35:00+05:30,-0.0005440273568041443,True
2026-02-11 13:30:00+05:30,2026-02-11 13:30:00+05:30,2026-02-11 13:35:00+05:30,10,2026-02-11 13:40:00+05:30,-0.0009326183259499299,True
2026-02-11 13:30:00+05:30,2026-02-11 13:30:00+05:30,2026-02-11 13:35:00+05:30,15,2026-02-11 13:45:00+05:30,-0.0009326183259499299,True
2026-02-11 13:30:00+05:30,2026-02-11 13:30:00+05:30,2026-02-11 13:35:00+05:30,20,2026-02-11 13:50:00+05:30,-0.0006994637444623919,True
2026-02-11 13:30:00+05:30,2026-02-11 13:30:00+05:30,2026-02-11 13:35:00+05:30,25,2026-02-11 13:55:00+05:30,-0.0008549001321208616,True
2026-02-11 13:30:00+05:30,2026-02-11 13:30:00+05:30,2026-02-11 13:35:00+05:30,30,2026-02-11 14:00:00+05:30,-0.0015543638765833645,True
2026-02-11 13:30:00+05:30,2026-02-11 13:30:00+05:30,2026-02-11 13:35:00+05:30,45,2026-02-11 14:15:00+05:30,-0.0010103365197792202,True
2026-02-11 13:30:00+05:30,2026-02-11 13:30:00+05:30,2026-02-11 13:35:00+05:30,60,2026-02-11 14:30:00+05:30,-0.0008549001321208616,True
2026-02-12 14:30:00+05:30,2026-02-12 14:30:00+05:30,2026-02-12 14:35:00+05:30,5,2026-02-12 14:35:00+05:30,0.0,True
2026-02-12 14:30:00+05:30,2026-02-12 14:30:00+05:30,2026-02-12 14:35:00+05:30,10,2026-02-12 14:40:00+05:30,-0.00023359028264424708,True
2026-02-12 14:30:00+05:30,2026-02-12 14:30:00+05:30,2026-02-12 14:35:00+05:30,15,2026-02-12 14:45:00+05:30,7.786342754800835e-05,True
2026-02-12 14:30:00+05:30,2026-02-12 14:30:00+05:30,2026-02-12 14:35:00+05:30,20,2026-02-12 14:50:00+05:30,0.0001557268550960167,True
2026-02-12 14:30:00+05:30,2026-02-12 14:30:00+05:30,2026-02-12 14:35:00+05:30,25,2026-02-12 14:55:00+05:30,-0.00046718056528849417,True
2026-02-12 14:30:00+05:30,2026-02-12 14:30:00+05:30,2026-02-12 14:35:00+05:30,30,2026-02-12 15:00:00+05:30,0.0001557268550960167,True
2026-02-12 14:30:00+05:30,2026-02-12 14:30:00+05:30,2026-02-12 14:35:00+05:30,45,2026-02-12 15:15:00+05:30,0.0005450439928365025,True
2026-02-12 14:30:00+05:30,2026-02-12 14:30:00+05:30,2026-02-12 14:35:00+05:30,60,,,False
2026-02-16 13:05:00+05:30,2026-02-16 13:05:00+05:30,2026-02-16 13:10:00+05:30,5,2026-02-16 13:10:00+05:30,0.00039438397223534594,True
2026-02-16 13:05:00+05:30,2026-02-16 13:05:00+05:30,2026-02-16 13:10:00+05:30,10,2026-02-16 13:15:00+05:30,0.0010253983278118994,True
2026-02-16 13:05:00+05:30,2026-02-16 13:05:00+05:30,2026-02-16 13:10:00+05:30,15,2026-02-16 13:20:00+05:30,0.0005521375611294843,True
2026-02-16 13:05:00+05:30,2026-02-16 13:05:00+05:30,2026-02-16 13:10:00+05:30,20,2026-02-16 13:25:00+05:30,0.0005521375611294843,True
2026-02-16 13:05:00+05:30,2026-02-16 13:05:00+05:30,2026-02-16 13:10:00+05:30,25,2026-02-16 13:30:00+05:30,0.0011831519167062599,True
2026-02-16 13:05:00+05:30,2026-02-16 13:05:00+05:30,2026-02-16 13:10:00+05:30,30,2026-02-16 13:35:00+05:30,0.00039438397223534594,True
2026-02-16 13:05:00+05:30,2026-02-16 13:05:00+05:30,2026-02-16 13:10:00+05:30,45,2026-02-16 13:50:00+05:30,-0.00015775358889413837,True
2026-02-16 13:05:00+05:30,2026-02-16 13:05:00+05:30,2026-02-16 13:10:00+05:30,60,2026-02-16 14:05:00+05:30,0.00039438397223534594,True
2026-02-17 13:20:00+05:30,2026-02-17 13:20:00+05:30,2026-02-17 13:25:00+05:30,5,2026-02-17 13:25:00+05:30,-0.0004001280409731134,True
2026-02-17 13:20:00+05:30,2026-02-17 13:20:00+05:30,2026-02-17 13:25:00+05:30,10,2026-02-17 13:30:00+05:30,-8.002560819453386e-05,True
2026-02-17 13:20:00+05:30,2026-02-17 13:20:00+05:30,2026-02-17 13:25:00+05:30,15,2026-02-17 13:35:00+05:30,-0.0008002560819462268,True
2026-02-17 13:20:00+05:30,2026-02-17 13:20:00+05:30,2026-02-17 13:25:00+05:30,20,2026-02-17 13:40:00+05:30,8.00256081947559e-05,True
2026-02-17 13:20:00+05:30,2026-02-17 13:20:00+05:30,2026-02-17 13:25:00+05:30,25,2026-02-17 13:45:00+05:30,-0.00048015364916764725,True
2026-02-17 13:20:00+05:30,2026-02-17 13:20:00+05:30,2026-02-17 13:25:00+05:30,30,2026-02-17 13:50:00+05:30,-0.000640204865556937,True
2026-02-17 13:20:00+05:30,2026-02-17 13:20:00+05:30,2026-02-17 13:25:00+05:30,45,2026-02-17 14:05:00+05:30,-0.0021606914212547457,True
2026-02-17 13:20:00+05:30,2026-02-17 13:20:00+05:30,2026-02-17 13:25:00+05:30,60,2026-02-17 14:20:00+05:30,-0.0011203585147246953,True
2026-02-19 12:25:00+05:30,2026-02-19 12:25:00+05:30,2026-02-19 12:30:00+05:30,5,2026-02-19 12:30:00+05:30,0.0019617074701820947,True
2026-02-19 12:25:00+05:30,2026-02-19 12:25:00+05:30,2026-02-19 12:30:00+05:30,10,2026-02-19 12:35:00+05:30,0.003138731952291307,True
2026-02-19 12:25:00+05:30,2026-02-19 12:25:00+05:30,2026-02-19 12:30:00+05:30,15,2026-02-19 12:40:00+05:30,0.0003923414940363301,True
2026-02-19 12:25:00+05:30,2026-02-19 12:25:00+05:30,2026-02-19 12:30:00+05:30,20,2026-02-19 12:45:00+05:30,-7.846829880719941e-05,True
2026-02-19 12:25:00+05:30,2026-02-19 12:25:00+05:30,2026-02-19 12:30:00+05:30,25,2026-02-19 12:50:00+05:30,0.0003923414940363301,True
2026-02-19 12:25:00+05:30,2026-02-19 12:25:00+05:30,2026-02-19 12:30:00+05:30,30,2026-02-19 12:55:00+05:30,0.0018047708725674738,True
2026-02-19 12:25:00+05:30,2026-02-19 12:25:00+05:30,2026-02-19 12:30:00+05:30,45,2026-02-19 13:10:00+05:30,-0.00039234149403644114,True
2026-02-19 12:25:00+05:30,2026-02-19 12:25:00+05:30,2026-02-19 12:30:00+05:30,60,2026-02-19 13:25:00+05:30,-0.0026679221594475555,True
2026-02-20 12:10:00+05:30,2026-02-20 12:10:00+05:30,2026-02-20 12:15:00+05:30,5,2026-02-20 12:15:00+05:30,-0.0003144159723312834,True
2026-02-20 12:10:00+05:30,2026-02-20 12:10:00+05:30,2026-02-20 12:15:00+05:30,10,2026-02-20 12:20:00+05:30,0.0,True
2026-02-20 12:10:00+05:30,2026-02-20 12:10:00+05:30,2026-02-20 12:15:00+05:30,15,2026-02-20 12:25:00+05:30,-0.0008646439239112791,True
2026-02-20 12:10:00+05:30,2026-02-20 12:10:00+05:30,2026-02-20 12:15:00+05:30,20,2026-02-20 12:30:00+05:30,-0.0011004559031598804,True
2026-02-20 12:10:00+05:30,2026-02-20 12:10:00+05:30,2026-02-20 12:15:00+05:30,25,2026-02-20 12:35:00+05:30,-0.0002358119792486013,True
2026-02-20 12:10:00+05:30,2026-02-20 12:10:00+05:30,2026-02-20 12:15:00+05:30,30,2026-02-20 12:40:00+05:30,-0.0009432479169941832,True
2026-02-20 12:10:00+05:30,2026-02-20 12:10:00+05:30,2026-02-20 12:15:00+05:30,45,2026-02-20 12:55:00+05:30,-0.0011004559031598804,True
2026-02-20 12:10:00+05:30,2026-02-20 12:10:00+05:30,2026-02-20 12:15:00+05:30,60,2026-02-20 13:10:00+05:30,-0.0011790598962427845,True
2026-02-20 14:20:00+05:30,2026-02-20 14:20:00+05:30,2026-02-20 14:25:00+05:30,5,2026-02-20 14:25:00+05:30,0.0003927729772190691,True
2026-02-20 14:20:00+05:30,2026-02-20 14:20:00+05:30,2026-02-20 14:25:00+05:30,10,2026-02-20 14:30:00+05:30,0.0006284367635507326,True
2026-02-20 14:20:00+05:30,2026-02-20 14:20:00+05:30,2026-02-20 14:25:00+05:30,15,2026-02-20 14:35:00+05:30,0.0010997643362136156,True
2026-02-20 14:20:00+05:30,2026-02-20 14:20:00+05:30,2026-02-20 14:25:00+05:30,20,2026-02-20 14:40:00+05:30,0.0010212097407698018,True
2026-02-20 14:20:00+05:30,2026-02-20 14:20:00+05:30,2026-02-20 14:25:00+05:30,25,2026-02-20 14:45:00+05:30,0.0011783189316576514,True
2026-02-20 14:20:00+05:30,2026-02-20 14:20:00+05:30,2026-02-20 14:25:00+05:30,30,2026-02-20 14:50:00+05:30,0.0016496465043205344,True
2026-02-20 14:20:00+05:30,2026-02-20 14:20:00+05:30,2026-02-20 14:25:00+05:30,45,2026-02-20 15:05:00+05:30,0.0010212097407698018,True
2026-02-20 14:20:00+05:30,2026-02-20 14:20:00+05:30,2026-02-20 14:25:00+05:30,60,2026-02-20 15:20:00+05:30,0.0025137470542027085,True
2026-02-24 11:45:00+05:30,2026-02-24 11:45:00+05:30,2026-02-24 11:50:00+05:30,5,2026-02-24 11:50:00+05:30,-0.0003045994517208994,True
2026-02-24 11:45:00+05:30,2026-02-24 11:45:00+05:30,2026-02-24 11:50:00+05:30,10,2026-02-24 11:55:00+05:30,-0.0015229972586048302,True
2026-02-24 11:45:00+05:30,2026-02-24 11:45:00+05:30,2026-02-24 11:50:00+05:30,15,2026-02-24 12:00:00+05:30,-0.001751446847395588,True
2026-02-24 11:45:00+05:30,2026-02-24 11:45:00+05:30,2026-02-24 11:50:00+05:30,20,2026-02-24 12:05:00+05:30,-0.0015991471215349717,True
2026-02-24 11:45:00+05:30,2026-02-24 11:45:00+05:30,2026-02-24 11:50:00+05:30,25,2026-02-24 12:10:00+05:30,-0.0012945476698140723,True
2026-02-24 11:45:00+05:30,2026-02-24 11:45:00+05:30,2026-02-24 11:50:00+05:30,30,2026-02-24 12:15:00+05:30,-0.0011422479439537891,True
2026-02-24 11:45:00+05:30,2026-02-24 11:45:00+05:30,2026-02-24 11:50:00+05:30,45,2026-02-24 12:30:00+05:30,-0.0014468473956746886,True
2026-02-24 11:45:00+05:30,2026-02-24 11:45:00+05:30,2026-02-24 11:50:00+05:30,60,2026-02-24 12:45:00+05:30,-0.000380749314651152,True
2026-02-27 14:05:00+05:30,2026-02-27 14:05:00+05:30,2026-02-27 14:10:00+05:30,5,2026-02-27 14:10:00+05:30,-7.608034083983473e-05,True
2026-02-27 14:05:00+05:30,2026-02-27 14:05:00+05:30,2026-02-27 14:10:00+05:30,10,2026-02-27 14:15:00+05:30,-0.00022824102251983724,True
2026-02-27 14:05:00+05:30,2026-02-27 14:05:00+05:30,2026-02-27 14:10:00+05:30,15,2026-02-27 14:20:00+05:30,0.0001521606816798915,True
2026-02-27 14:05:00+05:30,2026-02-27 14:05:00+05:30,2026-02-27 14:10:00+05:30,20,2026-02-27 14:25:00+05:30,-0.00038040170419972874,True
2026-02-27 14:05:00+05:30,2026-02-27 14:05:00+05:30,2026-02-27 14:10:00+05:30,25,2026-02-27 14:30:00+05:30,-0.00045648204503956347,True
2026-02-27 14:05:00+05:30,2026-02-27 14:05:00+05:30,2026-02-27 14:10:00+05:30,30,2026-02-27 14:35:00+05:30,-0.0006086427267193439,True
2026-02-27 14:05:00+05:30,2026-02-27 14:05:00+05:30,2026-02-27 14:10:00+05:30,45,2026-02-27 14:50:00+05:30,-0.00030432136335967197,True
2026-02-27 14:05:00+05:30,2026-02-27 14:05:00+05:30,2026-02-27 14:10:00+05:30,60,2026-02-27 15:05:00+05:30,0.0004564820450396745,True
2026-03-02 11:50:00+05:30,2026-03-02 11:50:00+05:30,2026-03-02 11:55:00+05:30,5,2026-03-02 11:55:00+05:30,0.0007983162783946618,True
2026-03-02 11:50:00+05:30,2026-03-02 11:50:00+05:30,2026-03-02 11:55:00+05:30,10,2026-03-02 12:00:00+05:30,0.0007257420712678542,True
2026-03-02 11:50:00+05:30,2026-03-02 11:50:00+05:30,2026-03-02 11:55:00+05:30,15,2026-03-02 12:05:00+05:30,0.000580593657014461,True
2026-03-02 11:50:00+05:30,2026-03-02 11:50:00+05:30,2026-03-02 11:55:00+05:30,20,2026-03-02 12:10:00+05:30,0.0002902968285072305,True
2026-03-02 11:50:00+05:30,2026-03-02 11:50:00+05:30,2026-03-02 11:55:00+05:30,25,2026-03-02 12:15:00+05:30,0.002104652006676977,True
2026-03-02 11:50:00+05:30,2026-03-02 11:50:00+05:30,2026-03-02 11:55:00+05:30,30,2026-03-02 12:20:00+05:30,0.0031206909064518396,True
2026-03-02 11:50:00+05:30,2026-03-02 11:50:00+05:30,2026-03-02 11:55:00+05:30,45,2026-03-02 12:35:00+05:30,0.004789897670367971,True
2026-03-02 11:50:00+05:30,2026-03-02 11:50:00+05:30,2026-03-02 11:55:00+05:30,60,2026-03-02 12:50:00+05:30,0.006459104434284102,True
2026-03-09 14:50:00+05:30,2026-03-09 14:50:00+05:30,2026-03-09 14:55:00+05:30,5,2026-03-09 14:55:00+05:30,0.00175144684739581,True
2026-03-09 14:50:00+05:30,2026-03-09 14:50:00+05:30,2026-03-09 14:55:00+05:30,10,2026-03-09 15:00:00+05:30,0.0020560462991168205,True
2026-03-09 14:50:00+05:30,2026-03-09 14:50:00+05:30,2026-03-09 14:55:00+05:30,15,2026-03-09 15:05:00+05:30,0.00022844958879075783,True
2026-03-09 14:50:00+05:30,2026-03-09 14:50:00+05:30,2026-03-09 14:55:00+05:30,20,2026-03-09 15:10:00+05:30,-0.000989948218093173,True
2026-03-09 14:50:00+05:30,2026-03-09 14:50:00+05:30,2026-03-09 14:55:00+05:30,25,2026-03-09 15:15:00+05:30,-0.0016752969844654464,True
2026-03-09 14:50:00+05:30,2026-03-09 14:50:00+05:30,2026-03-09 14:55:00+05:30,30,2026-03-09 15:20:00+05:30,-0.0001522997258603942,True
2026-03-09 14:50:00+05:30,2026-03-09 14:50:00+05:30,2026-03-09 14:55:00+05:30,45,,,False
2026-03-09 14:50:00+05:30,2026-03-09 14:50:00+05:30,2026-03-09 14:55:00+05:30,60,,,False
2026-03-12 12:10:00+05:30,2026-03-12 12:10:00+05:30,2026-03-12 12:15:00+05:30,5,2026-03-12 12:15:00+05:30,-0.0006047320281199475,True
2026-03-12 12:10:00+05:30,2026-03-12 12:10:00+05:30,2026-03-12 12:15:00+05:30,10,2026-03-12 12:20:00+05:30,-0.0008315065386649279,True
2026-03-12 12:10:00+05:30,2026-03-12 12:10:00+05:30,2026-03-12 12:15:00+05:30,15,2026-03-12 12:25:00+05:30,-0.0014362385667850974,True
2026-03-12 12:10:00+05:30,2026-03-12 12:10:00+05:30,2026-03-12 12:15:00+05:30,20,2026-03-12 12:30:00+05:30,-0.001209464056240006,True
2026-03-12 12:10:00+05:30,2026-03-12 12:10:00+05:30,2026-03-12 12:15:00+05:30,25,2026-03-12 12:35:00+05:30,-0.0012850555597549995,True
2026-03-12 12:10:00+05:30,2026-03-12 12:10:00+05:30,2026-03-12 12:15:00+05:30,30,2026-03-12 12:40:00+05:30,-0.0010582810492100192,True
2026-03-12 12:10:00+05:30,2026-03-12 12:10:00+05:30,2026-03-12 12:15:00+05:30,45,2026-03-12 12:55:00+05:30,-0.0007559150351500454,True
2026-03-12 12:10:00+05:30,2026-03-12 12:10:00+05:30,2026-03-12 12:15:00+05:30,60,2026-03-12 13:10:00+05:30,0.0008315065386652609,True
2026-03-12 13:15:00+05:30,2026-03-12 13:15:00+05:30,2026-03-12 13:20:00+05:30,5,2026-03-12 13:20:00+05:30,-0.0005281822983475015,True
2026-03-12 13:15:00+05:30,2026-03-12 13:15:00+05:30,2026-03-12 13:20:00+05:30,10,2026-03-12 13:25:00+05:30,0.0,True
2026-03-12 13:15:00+05:30,2026-03-12 13:15:00+05:30,2026-03-12 13:20:00+05:30,15,2026-03-12 13:30:00+05:30,0.00037727307024826295,True
2026-03-12 13:15:00+05:30,2026-03-12 13:15:00+05:30,2026-03-12 13:20:00+05:30,20,2026-03-12 13:35:00+05:30,0.0,True
2026-03-12 13:15:00+05:30,2026-03-12 13:15:00+05:30,2026-03-12 13:20:00+05:30,25,2026-03-12 13:40:00+05:30,-0.0005281822983475015,True
2026-03-12 13:15:00+05:30,2026-03-12 13:15:00+05:30,2026-03-12 13:20:00+05:30,30,2026-03-12 13:45:00+05:30,-0.0006036369123972873,True
2026-03-12 13:15:00+05:30,2026-03-12 13:15:00+05:30,2026-03-12 13:20:00+05:30,45,2026-03-12 14:00:00+05:30,-0.0005281822983475015,True
2026-03-12 13:15:00+05:30,2026-03-12 13:15:00+05:30,2026-03-12 13:20:00+05:30,60,2026-03-12 14:15:00+05:30,-0.0007545461404964149,True
2026-03-18 11:45:00+05:30,2026-03-18 11:45:00+05:30,2026-03-18 11:50:00+05:30,5,2026-03-18 11:50:00+05:30,0.001174260216063816,True
2026-03-18 11:45:00+05:30,2026-03-18 11:45:00+05:30,2026-03-18 11:50:00+05:30,10,2026-03-18 11:55:00+05:30,0.0006262721152341388,True
2026-03-18 11:45:00+05:30,2026-03-18 11:45:00+05:30,2026-03-18 11:50:00+05:30,15,2026-03-18 12:00:00+05:30,0.0020353843745106737,True
2026-03-18 11:45:00+05:30,2026-03-18 11:45:00+05:30,2026-03-18 11:50:00+05:30,20,2026-03-18 12:05:00+05:30,0.0016439643024894757,True
2026-03-18 11:45:00+05:30,2026-03-18 11:45:00+05:30,2026-03-18 11:50:00+05:30,25,2026-03-18 12:10:00+05:30,0.0014873962736809965,True
2026-03-18 11:45:00+05:30,2026-03-18 11:45:00+05:30,2026-03-18 11:50:00+05:30,30,2026-03-18 12:15:00+05:30,0.0016439643024894757,True
2026-03-18 11:45:00+05:30,2026-03-18 11:45:00+05:30,2026-03-18 11:50:00+05:30,45,2026-03-18 12:30:00+05:30,0.0018005323312979549,True
2026-03-18 11:45:00+05:30,2026-03-18 11:45:00+05:30,2026-03-18 11:50:00+05:30,60,2026-03-18 12:45:00+05:30,0.00031313605761718044,True
2026-03-20 13:25:00+05:30,2026-03-20 13:25:00+05:30,2026-03-20 13:30:00+05:30,5,2026-03-20 13:30:00+05:30,-0.0006560603575528345,True
2026-03-20 13:25:00+05:30,2026-03-20 13:25:00+05:30,2026-03-20 13:30:00+05:30,10,2026-03-20 13:35:00+05:30,0.0,True
2026-03-20 13:25:00+05:30,2026-03-20 13:25:00+05:30,2026-03-20 13:30:00+05:30,15,2026-03-20 13:40:00+05:30,0.0018861735279644964,True
2026-03-20 13:25:00+05:30,2026-03-20 13:25:00+05:30,2026-03-20 13:30:00+05:30,20,2026-03-20 13:45:00+05:30,0.003772347055929215,True
2026-03-20 13:25:00+05:30,2026-03-20 13:25:00+05:30,2026-03-20 13:30:00+05:30,25,2026-03-20 13:50:00+05:30,0.004182384779399806,True
2026-03-20 13:25:00+05:30,2026-03-20 13:25:00+05:30,2026-03-20 13:30:00+05:30,30,2026-03-20 13:55:00+05:30,0.001640150893882364,True
2026-03-20 13:25:00+05:30,2026-03-20 13:25:00+05:30,2026-03-20 13:30:00+05:30,45,2026-03-20 14:10:00+05:30,0.0,True
2026-03-20 13:25:00+05:30,2026-03-20 13:25:00+05:30,2026-03-20 13:30:00+05:30,60,2026-03-20 14:25:00+05:30,-0.004264392324093813,True
2026-03-24 11:45:00+05:30,2026-03-24 11:45:00+05:30,2026-03-24 11:50:00+05:30,5,2026-03-24 11:50:00+05:30,0.0020048814504882717,True
2026-03-24 11:45:00+05:30,2026-03-24 11:45:00+05:30,2026-03-24 11:50:00+05:30,10,2026-03-24 11:55:00+05:30,0.0024407252440725724,True
2026-03-24 11:45:00+05:30,2026-03-24 11:45:00+05:30,2026-03-24 11:50:00+05:30,15,2026-03-24 12:00:00+05:30,0.0024407252440725724,True
2026-03-24 11:45:00+05:30,2026-03-24 11:45:00+05:30,2026-03-24 11:50:00+05:30,20,2026-03-24 12:05:00+05:30,0.004532775453277571,True
2026-03-24 11:45:00+05:30,2026-03-24 11:45:00+05:30,2026-03-24 11:50:00+05:30,25,2026-03-24 12:10:00+05:30,0.0017433751743376469,True
2026-03-24 11:45:00+05:30,2026-03-24 11:45:00+05:30,2026-03-24 11:50:00+05:30,30,2026-03-24 12:15:00+05:30,-0.00034867503486746276,True
2026-03-24 11:45:00+05:30,2026-03-24 11:45:00+05:30,2026-03-24 11:50:00+05:30,45,2026-03-24 12:30:00+05:30,0.008891213389121244,True
2026-03-24 11:45:00+05:30,2026-03-24 11:45:00+05:30,2026-03-24 11:50:00+05:30,60,2026-03-24 12:45:00+05:30,0.011767782426778117,True
2026-03-25 13:50:00+05:30,2026-03-25 13:50:00+05:30,2026-03-25 13:55:00+05:30,5,2026-03-25 13:55:00+05:30,8.365400702681214e-05,True
2026-03-25 13:50:00+05:30,2026-03-25 13:50:00+05:30,2026-03-25 13:55:00+05:30,10,2026-03-25 14:00:00+05:30,-8.365400702703418e-05,True
2026-03-25 13:50:00+05:30,2026-03-25 13:50:00+05:30,2026-03-25 13:55:00+05:30,15,2026-03-25 14:05:00+05:30,-0.0017567341475657194,True
2026-03-25 13:50:00+05:30,2026-03-25 13:50:00+05:30,2026-03-25 13:55:00+05:30,20,2026-03-25 14:10:00+05:30,-0.0008365400702694537,True
2026-03-25 13:50:00+05:30,2026-03-25 13:50:00+05:30,2026-03-25 13:55:00+05:30,25,2026-03-25 14:15:00+05:30,-0.0012548101054040695,True
2026-03-25 13:50:00+05:30,2026-03-25 13:50:00+05:30,2026-03-25 13:55:00+05:30,30,2026-03-25 14:20:00+05:30,-0.0012548101054040695,True
2026-03-25 13:50:00+05:30,2026-03-25 13:50:00+05:30,2026-03-25 13:55:00+05:30,45,2026-03-25 14:35:00+05:30,-0.0017567341475657194,True
2026-03-25 13:50:00+05:30,2026-03-25 13:50:00+05:30,2026-03-25 13:55:00+05:30,60,2026-03-25 14:50:00+05:30,-0.0022586581897273694,True
2026-04-06 13:20:00+05:30,2026-04-06 13:20:00+05:30,2026-04-06 13:25:00+05:30,5,2026-04-06 13:25:00+05:30,0.0012283000327546478,True
2026-04-06 13:20:00+05:30,2026-04-06 13:20:00+05:30,2026-04-06 13:25:00+05:30,10,2026-04-06 13:30:00+05:30,0.003930560104814962,True
2026-04-06 13:20:00+05:30,2026-04-06 13:20:00+05:30,2026-04-06 13:25:00+05:30,15,2026-04-06 13:35:00+05:30,0.0013101867016049873,True
2026-04-06 13:20:00+05:30,2026-04-06 13:20:00+05:30,2026-04-06 13:25:00+05:30,20,2026-04-06 13:40:00+05:30,0.0031935800851621288,True
2026-04-06 13:20:00+05:30,2026-04-06 13:20:00+05:30,2026-04-06 13:25:00+05:30,25,2026-04-06 13:45:00+05:30,0.0022928267278086167,True
2026-04-06 13:20:00+05:30,2026-04-06 13:20:00+05:30,2026-04-06 13:25:00+05:30,30,2026-04-06 13:50:00+05:30,0.0032754667540124682,True
2026-04-06 13:20:00+05:30,2026-04-06 13:20:00+05:30,2026-04-06 13:25:00+05:30,45,2026-04-06 14:05:00+05:30,0.0031935800851621288,True
2026-04-06 13:20:00+05:30,2026-04-06 13:20:00+05:30,2026-04-06 13:25:00+05:30,60,2026-04-06 14:20:00+05:30,0.004339993449066437,True
2026-04-07 13:50:00+05:30,2026-04-07 13:50:00+05:30,2026-04-07 13:55:00+05:30,5,2026-04-07 13:55:00+05:30,-0.0006558989915552704,True
2026-04-07 13:50:00+05:30,2026-04-07 13:50:00+05:30,2026-04-07 13:55:00+05:30,10,2026-04-07 14:00:00+05:30,-8.198737394449207e-05,True
2026-04-07 13:50:00+05:30,2026-04-07 13:50:00+05:30,2026-04-07 13:55:00+05:30,15,2026-04-07 14:05:00+05:30,-8.198737394449207e-05,True
2026-04-07 13:50:00+05:30,2026-04-07 13:50:00+05:30,2026-04-07 13:55:00+05:30,20,2026-04-07 14:10:00+05:30,0.0,True
2026-04-07 13:50:00+05:30,2026-04-07 13:50:00+05:30,2026-04-07 13:55:00+05:30,25,2026-04-07 14:15:00+05:30,-0.0006558989915552704,True
2026-04-07 13:50:00+05:30,2026-04-07 13:50:00+05:30,2026-04-07 13:55:00+05:30,30,2026-04-07 14:20:00+05:30,-8.198737394449207e-05,True
2026-04-07 13:50:00+05:30,2026-04-07 13:50:00+05:30,2026-04-07 13:55:00+05:30,45,2026-04-07 14:35:00+05:30,0.0004919242436665083,True
2026-04-07 13:50:00+05:30,2026-04-07 13:50:00+05:30,2026-04-07 13:55:00+05:30,60,2026-04-07 14:50:00+05:30,0.0020496843486104144,True
2026-04-09 13:05:00+05:30,2026-04-09 13:05:00+05:30,2026-04-09 13:10:00+05:30,5,2026-04-09 13:10:00+05:30,-8.138683161074134e-05,True
2026-04-09 13:05:00+05:30,2026-04-09 13:05:00+05:30,2026-04-09 13:10:00+05:30,10,2026-04-09 13:15:00+05:30,-0.0010580288109384162,True
2026-04-09 13:05:00+05:30,2026-04-09 13:05:00+05:30,2026-04-09 13:10:00+05:30,15,2026-04-09 13:20:00+05:30,-0.00040693415805337363,True
2026-04-09 13:05:00+05:30,2026-04-09 13:05:00+05:30,2026-04-09 13:10:00+05:30,20,2026-04-09 13:25:00+05:30,-0.00024416049483189095,True
2026-04-09 13:05:00+05:30,2026-04-09 13:05:00+05:30,2026-04-09 13:10:00+05:30,25,2026-04-09 13:30:00+05:30,-0.00016277366322137166,True
2026-04-09 13:05:00+05:30,2026-04-09 13:05:00+05:30,2026-04-09 13:10:00+05:30,30,2026-04-09 13:35:00+05:30,0.0005697078212745232,True
2026-04-09 13:05:00+05:30,2026-04-09 13:05:00+05:30,2026-04-09 13:10:00+05:30,45,2026-04-09 13:50:00+05:30,0.002278831285098093,True
2026-04-09 13:05:00+05:30,2026-04-09 13:05:00+05:30,2026-04-09 13:10:00+05:30,60,2026-04-09 14:05:00+05:30,0.003336860096036398,True
2026-04-09 14:10:00+05:30,2026-04-09 14:10:00+05:30,2026-04-09 14:15:00+05:30,5,2026-04-09 14:15:00+05:30,-0.00024342745861738457,True
2026-04-09 14:10:00+05:30,2026-04-09 14:10:00+05:30,2026-04-09 14:15:00+05:30,10,2026-04-09 14:20:00+05:30,-0.001135994806880869,True
2026-04-09 14:10:00+05:30,2026-04-09 14:10:00+05:30,2026-04-09 14:15:00+05:30,15,2026-04-09 14:25:00+05:30,-0.001135994806880869,True
2026-04-09 14:10:00+05:30,2026-04-09 14:10:00+05:30,2026-04-09 14:15:00+05:30,20,2026-04-09 14:30:00+05:30,-0.0008114248620577635,True
2026-04-09 14:10:00+05:30,2026-04-09 14:10:00+05:30,2026-04-09 14:15:00+05:30,25,2026-04-09 14:35:00+05:30,0.00113599480688098,True
2026-04-09 14:10:00+05:30,2026-04-09 14:10:00+05:30,2026-04-09 14:15:00+05:30,30,2026-04-09 14:40:00+05:30,0.0007302823758519317,True
2026-04-09 14:10:00+05:30,2026-04-09 14:10:00+05:30,2026-04-09 14:15:00+05:30,45,2026-04-09 14:55:00+05:30,-0.0003245699448229944,True
2026-04-09 14:10:00+05:30,2026-04-09 14:10:00+05:30,2026-04-09 14:15:00+05:30,60,2026-04-09 15:10:00+05:30,-0.0007302823758519317,True
2026-04-13 13:20:00+05:30,2026-04-13 13:20:00+05:30,2026-04-13 13:25:00+05:30,5,2026-04-13 13:25:00+05:30,0.00024238506907980906,True
2026-04-13 13:20:00+05:30,2026-04-13 13:20:00+05:30,2026-04-13 13:25:00+05:30,10,2026-04-13 13:30:00+05:30,0.0007271552072392051,True
2026-04-13 13:20:00+05:30,2026-04-13 13:20:00+05:30,2026-04-13 13:25:00+05:30,15,2026-04-13 13:35:00+05:30,0.00016159004605320604,True
2026-04-13 13:20:00+05:30,2026-04-13 13:20:00+05:30,2026-04-13 13:25:00+05:30,20,2026-04-13 13:40:00+05:30,0.00040397511513279305,True
2026-04-13 13:20:00+05:30,2026-04-13 13:20:00+05:30,2026-04-13 13:25:00+05:30,25,2026-04-13 13:45:00+05:30,8.079502302660302e-05,True
2026-04-13 13:20:00+05:30,2026-04-13 13:20:00+05:30,2026-04-13 13:25:00+05:30,30,2026-04-13 13:50:00+05:30,0.00024238506907980906,True
2026-04-13 13:20:00+05:30,2026-04-13 13:20:00+05:30,2026-04-13 13:25:00+05:30,45,2026-04-13 14:05:00+05:30,0.0009695402763190142,True
2026-04-13 13:20:00+05:30,2026-04-13 13:20:00+05:30,2026-04-13 13:25:00+05:30,60,2026-04-13 14:20:00+05:30,-0.00016159004605309502,True
2026-04-13 14:45:00+05:30,2026-04-13 14:45:00+05:30,2026-04-13 14:50:00+05:30,5,2026-04-13 14:50:00+05:30,-0.0012098725600904192,True
2026-04-13 14:45:00+05:30,2026-04-13 14:45:00+05:30,2026-04-13 14:50:00+05:30,10,2026-04-13 14:55:00+05:30,-0.0010485562187450004,True
2026-04-13 14:45:00+05:30,2026-04-13 14:45:00+05:30,2026-04-13 14:50:00+05:30,15,2026-04-13 15:00:00+05:30,-0.0018551379254718725,True
2026-04-13 14:45:00+05:30,2026-04-13 14:45:00+05:30,2026-04-13 14:50:00+05:30,20,2026-04-13 15:05:00+05:30,-0.0018551379254718725,True
2026-04-13 14:45:00+05:30,2026-04-13 14:45:00+05:30,2026-04-13 14:50:00+05:30,25,2026-04-13 15:10:00+05:30,-0.001935796096144582,True
2026-04-13 14:45:00+05:30,2026-04-13 14:45:00+05:30,2026-04-13 14:50:00+05:30,30,2026-04-13 15:15:00+05:30,-0.0020164542668171803,True
2026-04-13 14:45:00+05:30,2026-04-13 14:45:00+05:30,2026-04-13 14:50:00+05:30,45,,,False
2026-04-13 14:45:00+05:30,2026-04-13 14:45:00+05:30,2026-04-13 14:50:00+05:30,60,,,False
2026-04-15 14:25:00+05:30,2026-04-15 14:25:00+05:30,2026-04-15 14:30:00+05:30,5,2026-04-15 14:30:00+05:30,-0.00015913430935721173,True
2026-04-15 14:25:00+05:30,2026-04-15 14:25:00+05:30,2026-04-15 14:30:00+05:30,10,2026-04-15 14:35:00+05:30,-0.0007161043921070087,True
2026-04-15 14:25:00+05:30,2026-04-15 14:25:00+05:30,2026-04-15 14:30:00+05:30,15,2026-04-15 14:40:00+05:30,-0.0018300445576066027,True
2026-04-15 14:25:00+05:30,2026-04-15 14:25:00+05:30,2026-04-15 14:30:00+05:30,20,2026-04-15 14:45:00+05:30,-0.001670910248249613,True
2026-04-15 14:25:00+05:30,2026-04-15 14:25:00+05:30,2026-04-15 14:30:00+05:30,25,2026-04-15 14:50:00+05:30,-0.0017504774029282189,True
2026-04-15 14:25:00+05:30,2026-04-15 14:25:00+05:30,2026-04-15 14:30:00+05:30,30,2026-04-15 14:55:00+05:30,-0.0026257161043922173,True
2026-04-15 14:25:00+05:30,2026-04-15 14:25:00+05:30,2026-04-15 14:30:00+05:30,45,2026-04-15 15:10:00+05:30,-0.0018300445576066027,True
2026-04-15 14:25:00+05:30,2026-04-15 14:25:00+05:30,2026-04-15 14:30:00+05:30,60,2026-04-15 15:25:00+05:30,-0.00342138765117761,True
2026-04-17 14:10:00+05:30,2026-04-17 14:10:00+05:30,2026-04-17 14:15:00+05:30,5,2026-04-17 14:15:00+05:30,-0.00032095001203558127,True
2026-04-17 14:10:00+05:30,2026-04-17 14:10:00+05:30,2026-04-17 14:15:00+05:30,10,2026-04-17 14:20:00+05:30,8.023750300889532e-05,True
2026-04-17 14:10:00+05:30,2026-04-17 14:10:00+05:30,2026-04-17 14:15:00+05:30,15,2026-04-17 14:25:00+05:30,0.0004814250180533719,True
2026-04-17 14:10:00+05:30,2026-04-17 14:10:00+05:30,2026-04-17 14:15:00+05:30,20,2026-04-17 14:30:00+05:30,0.001524512557169233,True
2026-04-17 14:10:00+05:30,2026-04-17 14:10:00+05:30,2026-04-17 14:15:00+05:30,25,2026-04-17 14:35:00+05:30,0.0012838000481425471,True
2026-04-17 14:10:00+05:30,2026-04-17 14:10:00+05:30,2026-04-17 14:15:00+05:30,30,2026-04-17 14:40:00+05:30,0.0008826125330980705,True
2026-04-17 14:10:00+05:30,2026-04-17 14:10:00+05:30,2026-04-17 14:15:00+05:30,45,2026-04-17 14:55:00+05:30,0.0016849875631870237,True
2026-04-17 14:10:00+05:30,2026-04-17 14:10:00+05:30,2026-04-17 14:15:00+05:30,60,2026-04-17 15:10:00+05:30,0.0014442750541603377,True
2026-04-20 12:30:00+05:30,2026-04-20 12:30:00+05:30,2026-04-20 12:35:00+05:30,5,2026-04-20 12:35:00+05:30,0.0,True
2026-04-20 12:30:00+05:30,2026-04-20 12:30:00+05:30,2026-04-20 12:35:00+05:30,10,2026-04-20 12:40:00+05:30,-0.00023988485526948988,True
2026-04-20 12:30:00+05:30,2026-04-20 12:30:00+05:30,2026-04-20 12:35:00+05:30,15,2026-04-20 12:45:00+05:30,0.0006396929473853064,True
2026-04-20 12:30:00+05:30,2026-04-20 12:30:00+05:30,2026-04-20 12:35:00+05:30,20,2026-04-20 12:50:00+05:30,0.0010395010395010118,True
2026-04-20 12:30:00+05:30,2026-04-20 12:30:00+05:30,2026-04-20 12:35:00+05:30,25,2026-04-20 12:55:00+05:30,0.0003198464736926532,True
2026-04-20 12:30:00+05:30,2026-04-20 12:30:00+05:30,2026-04-20 12:35:00+05:30,30,2026-04-20 13:00:00+05:30,-0.00047976971053897977,True
2026-04-20 12:30:00+05:30,2026-04-20 12:30:00+05:30,2026-04-20 12:35:00+05:30,45,2026-04-20 13:15:00+05:30,-0.0008795778026546852,True
2026-04-20 12:30:00+05:30,2026-04-20 12:30:00+05:30,2026-04-20 12:35:00+05:30,60,2026-04-20 13:30:00+05:30,-0.0008795778026546852,True
2026-04-23 11:45:00+05:30,2026-04-23 11:45:00+05:30,2026-04-23 11:50:00+05:30,5,2026-04-23 11:50:00+05:30,0.0,True
2026-04-23 11:45:00+05:30,2026-04-23 11:45:00+05:30,2026-04-23 11:50:00+05:30,10,2026-04-23 11:55:00+05:30,0.0,True
2026-04-23 11:45:00+05:30,2026-04-23 11:45:00+05:30,2026-04-23 11:50:00+05:30,15,2026-04-23 12:00:00+05:30,0.00024156534342534286,True
2026-04-23 11:45:00+05:30,2026-04-23 11:45:00+05:30,2026-04-23 11:50:00+05:30,20,2026-04-23 12:05:00+05:30,0.00032208712456727184,True
2026-04-23 11:45:00+05:30,2026-04-23 11:45:00+05:30,2026-04-23 11:50:00+05:30,25,2026-04-23 12:10:00+05:30,0.0005636524679926147,True
2026-04-23 11:45:00+05:30,2026-04-23 11:45:00+05:30,2026-04-23 11:50:00+05:30,30,2026-04-23 12:15:00+05:30,0.0010467831548433004,True
2026-04-23 11:45:00+05:30,2026-04-23 11:45:00+05:30,2026-04-23 11:50:00+05:30,45,2026-04-23 12:30:00+05:30,0.0005636524679926147,True
2026-04-23 11:45:00+05:30,2026-04-23 11:45:00+05:30,2026-04-23 11:50:00+05:30,60,2026-04-23 12:45:00+05:30,0.0008052178114179576,True
2026-04-23 13:30:00+05:30,2026-04-23 13:30:00+05:30,2026-04-23 13:35:00+05:30,5,2026-04-23 13:35:00+05:30,-0.0003214917215882407,True
2026-04-23 13:30:00+05:30,2026-04-23 13:30:00+05:30,2026-04-23 13:35:00+05:30,10,2026-04-23 13:40:00+05:30,-0.0004822375823823055,True
2026-04-23 13:30:00+05:30,2026-04-23 13:30:00+05:30,2026-04-23 13:35:00+05:30,15,2026-04-23 13:45:00+05:30,-0.00016074586079406483,True
2026-04-23 13:30:00+05:30,2026-04-23 13:30:00+05:30,2026-04-23 13:35:00+05:30,20,2026-04-23 13:50:00+05:30,-8.037293039708793e-05,True
2026-04-23 13:30:00+05:30,2026-04-23 13:30:00+05:30,2026-04-23 13:35:00+05:30,25,2026-04-23 13:55:00+05:30,-8.037293039708793e-05,True
2026-04-23 13:30:00+05:30,2026-04-23 13:30:00+05:30,2026-04-23 13:35:00+05:30,30,2026-04-23 14:00:00+05:30,-0.0013663398167497176,True
2026-04-23 13:30:00+05:30,2026-04-23 13:30:00+05:30,2026-04-23 13:35:00+05:30,45,2026-04-23 14:15:00+05:30,-0.0012859668863526297,True
2026-04-23 13:30:00+05:30,2026-04-23 13:30:00+05:30,2026-04-23 13:35:00+05:30,60,2026-04-23 14:30:00+05:30,-0.0026523067031023473,True
2026-04-24 13:15:00+05:30,2026-04-24 13:15:00+05:30,2026-04-24 13:20:00+05:30,5,2026-04-24 13:20:00+05:30,-0.0003225546326909301,True
2026-04-24 13:15:00+05:30,2026-04-24 13:15:00+05:30,2026-04-24 13:20:00+05:30,10,2026-04-24 13:25:00+05:30,0.0005644706072089889,True
2026-04-24 13:15:00+05:30,2026-04-24 13:15:00+05:30,2026-04-24 13:20:00+05:30,15,2026-04-24 13:30:00+05:30,-0.00024191597451816982,True
2026-04-24 13:15:00+05:30,2026-04-24 13:15:00+05:30,2026-04-24 13:20:00+05:30,20,2026-04-24 13:35:00+05:30,-0.0006451092653818602,True
2026-04-24 13:15:00+05:30,2026-04-24 13:15:00+05:30,2026-04-24 13:20:00+05:30,25,2026-04-24 13:40:00+05:30,-0.0004031932908636904,True
2026-04-24 13:15:00+05:30,2026-04-24 13:15:00+05:30,2026-04-24 13:20:00+05:30,30,2026-04-24 13:45:00+05:30,0.0003225546326908191,True
2026-04-24 13:15:00+05:30,2026-04-24 13:15:00+05:30,2026-04-24 13:20:00+05:30,45,2026-04-24 14:00:00+05:30,0.00016127731634552056,True
2026-04-24 13:15:00+05:30,2026-04-24 13:15:00+05:30,2026-04-24 13:20:00+05:30,60,2026-04-24 14:15:00+05:30,0.0010483025562453285,True
2026-04-30 12:35:00+05:30,2026-04-30 12:35:00+05:30,2026-04-30 12:40:00+05:30,5,2026-04-30 12:40:00+05:30,-0.0004070666775217724,True
2026-04-30 12:35:00+05:30,2026-04-30 12:35:00+05:30,2026-04-30 12:40:00+05:30,10,2026-04-30 12:45:00+05:30,-0.0009769600260522981,True
2026-04-30 12:35:00+05:30,2026-04-30 12:35:00+05:30,2026-04-30 12:40:00+05:30,15,2026-04-30 12:50:00+05:30,-0.0006513066840347914,True
2026-04-30 12:35:00+05:30,2026-04-30 12:35:00+05:30,2026-04-30 12:40:00+05:30,20,2026-04-30 12:55:00+05:30,0.0004070666775217724,True
2026-04-30 12:35:00+05:30,2026-04-30 12:35:00+05:30,2026-04-30 12:40:00+05:30,25,2026-04-30 13:00:00+05:30,-8.141333550437668e-05,True
2026-04-30 12:35:00+05:30,2026-04-30 12:35:00+05:30,2026-04-30 12:40:00+05:30,30,2026-04-30 13:05:00+05:30,0.00032565334201750673,True
2026-04-30 12:35:00+05:30,2026-04-30 12:35:00+05:30,2026-04-30 12:40:00+05:30,45,2026-04-30 13:20:00+05:30,0.001546853374582824,True
2026-04-30 12:35:00+05:30,2026-04-30 12:35:00+05:30,2026-04-30 12:40:00+05:30,60,2026-04-30 13:35:00+05:30,0.004477733452739496,True
2026-04-30 13:40:00+05:30,2026-04-30 13:40:00+05:30,2026-04-30 13:45:00+05:30,5,2026-04-30 13:45:00+05:30,-0.00040521922359992857,True
2026-04-30 13:40:00+05:30,2026-04-30 13:40:00+05:30,2026-04-30 13:45:00+05:30,10,2026-04-30 13:50:00+05:30,-0.00016208768943992702,True
2026-04-30 13:40:00+05:30,2026-04-30 13:40:00+05:30,2026-04-30 13:45:00+05:30,15,2026-04-30 13:55:00+05:30,0.00040521922359992857,True
2026-04-30 13:40:00+05:30,2026-04-30 13:40:00+05:30,2026-04-30 13:45:00+05:30,20,2026-04-30 14:00:00+05:30,0.0003241753788800761,True
2026-04-30 13:40:00+05:30,2026-04-30 13:40:00+05:30,2026-04-30 13:45:00+05:30,25,2026-04-30 14:05:00+05:30,-0.00024313153416000155,True
2026-04-30 13:40:00+05:30,2026-04-30 13:40:00+05:30,2026-04-30 13:45:00+05:30,30,2026-04-30 14:10:00+05:30,-0.0012967015155198602,True
2026-04-30 13:40:00+05:30,2026-04-30 13:40:00+05:30,2026-04-30 13:45:00+05:30,45,2026-04-30 14:25:00+05:30,-0.0006483507577599301,True
2026-04-30 13:40:00+05:30,2026-04-30 13:40:00+05:30,2026-04-30 13:45:00+05:30,60,2026-04-30 14:40:00+05:30,8.104384472007453e-05,True
2026-05-05 14:20:00+05:30,2026-05-05 14:20:00+05:30,2026-05-05 14:25:00+05:30,5,2026-05-05 14:25:00+05:30,0.0007371007371008709,True
2026-05-05 14:20:00+05:30,2026-05-05 14:20:00+05:30,2026-05-05 14:25:00+05:30,10,2026-05-05 14:30:00+05:30,0.00032760032760048574,True
2026-05-05 14:20:00+05:30,2026-05-05 14:20:00+05:30,2026-05-05 14:25:00+05:30,15,2026-05-05 14:35:00+05:30,0.0008190008190009923,True
2026-05-05 14:20:00+05:30,2026-05-05 14:20:00+05:30,2026-05-05 14:25:00+05:30,20,2026-05-05 14:40:00+05:30,0.0009828009828010131,True
2026-05-05 14:20:00+05:30,2026-05-05 14:20:00+05:30,2026-05-05 14:25:00+05:30,25,2026-05-05 14:45:00+05:30,0.0,True
2026-05-05 14:20:00+05:30,2026-05-05 14:20:00+05:30,2026-05-05 14:25:00+05:30,30,2026-05-05 14:50:00+05:30,0.00016380016380024287,True
2026-05-05 14:20:00+05:30,2026-05-05 14:20:00+05:30,2026-05-05 14:25:00+05:30,45,2026-05-05 15:05:00+05:30,0.0006552006552007494,True
2026-05-05 14:20:00+05:30,2026-05-05 14:20:00+05:30,2026-05-05 14:25:00+05:30,60,2026-05-05 15:20:00+05:30,0.0004914004914005066,True
2026-05-06 11:50:00+05:30,2026-05-06 11:50:00+05:30,2026-05-06 11:55:00+05:30,5,2026-05-06 11:55:00+05:30,0.0005640157924422518,True
2026-05-06 11:50:00+05:30,2026-05-06 11:50:00+05:30,2026-05-06 11:55:00+05:30,10,2026-05-06 12:00:00+05:30,0.00032229473853839785,True
2026-05-06 11:50:00+05:30,2026-05-06 11:50:00+05:30,2026-05-06 11:55:00+05:30,15,2026-05-06 12:05:00+05:30,8.057368463454395e-05,True
2026-05-06 11:50:00+05:30,2026-05-06 11:50:00+05:30,2026-05-06 11:55:00+05:30,20,2026-05-06 12:10:00+05:30,-0.0004834421078075968,True
2026-05-06 11:50:00+05:30,2026-05-06 11:50:00+05:30,2026-05-06 11:55:00+05:30,25,2026-05-06 12:15:00+05:30,-0.0007251631617114507,True
2026-05-06 11:50:00+05:30,2026-05-06 11:50:00+05:30,2026-05-06 11:55:00+05:30,30,2026-05-06 12:20:00+05:30,-0.0012086052695190475,True
2026-05-06 11:50:00+05:30,2026-05-06 11:50:00+05:30,2026-05-06 11:55:00+05:30,45,2026-05-06 12:35:00+05:30,-0.0012891789541535914,True
2026-05-06 11:50:00+05:30,2026-05-06 11:50:00+05:30,2026-05-06 11:55:00+05:30,60,2026-05-06 12:50:00+05:30,-0.0012086052695190475,True
2026-05-07 11:45:00+05:30,2026-05-07 11:45:00+05:30,2026-05-07 11:50:00+05:30,5,2026-05-07 11:50:00+05:30,8.026970621299867e-05,True
2026-05-07 11:45:00+05:30,2026-05-07 11:45:00+05:30,2026-05-07 11:50:00+05:30,10,2026-05-07 11:55:00+05:30,0.0005618879434901025,True
2026-05-07 11:45:00+05:30,2026-05-07 11:45:00+05:30,2026-05-07 11:50:00+05:30,15,2026-05-07 12:00:00+05:30,0.0028094397174507346,True
2026-05-07 11:45:00+05:30,2026-05-07 11:45:00+05:30,2026-05-07 11:50:00+05:30,20,2026-05-07 12:05:00+05:30,0.004013485310643716,True
2026-05-07 11:45:00+05:30,2026-05-07 11:45:00+05:30,2026-05-07 11:50:00+05:30,25,2026-05-07 12:10:00+05:30,0.00425429442928249,True
2026-05-07 11:45:00+05:30,2026-05-07 11:45:00+05:30,2026-05-07 11:50:00+05:30,30,2026-05-07 12:15:00+05:30,0.0032910579547278385,True
2026-05-07 11:45:00+05:30,2026-05-07 11:45:00+05:30,2026-05-07 11:50:00+05:30,45,2026-05-07 12:30:00+05:30,0.0015251244180445322,True
2026-05-07 11:45:00+05:30,2026-05-07 11:45:00+05:30,2026-05-07 11:50:00+05:30,60,2026-05-07 12:45:00+05:30,0.0008829667683416531,True
2026-05-18 12:55:00+05:30,2026-05-18 12:55:00+05:30,2026-05-18 13:00:00+05:30,5,2026-05-18 13:00:00+05:30,0.0015420200462608058,True
2026-05-18 12:55:00+05:30,2026-05-18 12:55:00+05:30,2026-05-18 13:00:00+05:30,10,2026-05-18 13:05:00+05:30,0.0011565150346954933,True
2026-05-18 12:55:00+05:30,2026-05-18 12:55:00+05:30,2026-05-18 13:00:00+05:30,15,2026-05-18 13:10:00+05:30,0.0008481110254434654,True
2026-05-18 12:55:00+05:30,2026-05-18 12:55:00+05:30,2026-05-18 13:00:00+05:30,20,2026-05-18 13:15:00+05:30,0.0006939090208173404,True
2026-05-18 12:55:00+05:30,2026-05-18 12:55:00+05:30,2026-05-18 13:00:00+05:30,25,2026-05-18 13:20:00+05:30,0.00038550501156531247,True
2026-05-18 12:55:00+05:30,2026-05-18 12:55:00+05:30,2026-05-18 13:00:00+05:30,30,2026-05-18 13:25:00+05:30,0.0010794140323824308,True
2026-05-18 12:55:00+05:30,2026-05-18 12:55:00+05:30,2026-05-18 13:00:00+05:30,45,2026-05-18 13:40:00+05:30,0.0009252120277563058,True
2026-05-18 12:55:00+05:30,2026-05-18 12:55:00+05:30,2026-05-18 13:00:00+05:30,60,2026-05-18 13:55:00+05:30,0.0007710100231304029,True
2026-05-20 12:15:00+05:30,2026-05-20 12:15:00+05:30,2026-05-20 12:20:00+05:30,5,2026-05-20 12:20:00+05:30,0.0,True
2026-05-20 12:15:00+05:30,2026-05-20 12:15:00+05:30,2026-05-20 12:20:00+05:30,10,2026-05-20 12:25:00+05:30,0.0,True
2026-05-20 12:15:00+05:30,2026-05-20 12:15:00+05:30,2026-05-20 12:20:00+05:30,15,2026-05-20 12:30:00+05:30,0.0,True
2026-05-20 12:15:00+05:30,2026-05-20 12:15:00+05:30,2026-05-20 12:20:00+05:30,20,2026-05-20 12:35:00+05:30,0.0009999999999998899,True
2026-05-20 12:15:00+05:30,2026-05-20 12:15:00+05:30,2026-05-20 12:20:00+05:30,25,2026-05-20 12:40:00+05:30,0.0007692307692306333,True
2026-05-20 12:15:00+05:30,2026-05-20 12:15:00+05:30,2026-05-20 12:20:00+05:30,30,2026-05-20 12:45:00+05:30,0.0006923076923077698,True
2026-05-20 12:15:00+05:30,2026-05-20 12:15:00+05:30,2026-05-20 12:20:00+05:30,45,2026-05-20 13:00:00+05:30,0.0006923076923077698,True
2026-05-20 12:15:00+05:30,2026-05-20 12:15:00+05:30,2026-05-20 12:20:00+05:30,60,2026-05-20 13:15:00+05:30,0.0006923076923077698,True
2026-06-03 12:35:00+05:30,2026-06-03 12:35:00+05:30,2026-06-03 12:40:00+05:30,5,2026-06-03 12:40:00+05:30,0.0008591065292096189,True
2026-06-03 12:35:00+05:30,2026-06-03 12:35:00+05:30,2026-06-03 12:40:00+05:30,10,2026-06-03 12:45:00+05:30,0.0003905029678226146,True
2026-06-03 12:35:00+05:30,2026-06-03 12:35:00+05:30,2026-06-03 12:40:00+05:30,15,2026-06-03 12:50:00+05:30,-0.00023430178069350216,True
2026-06-03 12:35:00+05:30,2026-06-03 12:35:00+05:30,2026-06-03 12:40:00+05:30,20,2026-06-03 12:55:00+05:30,-0.0012496094970321225,True
2026-06-03 12:35:00+05:30,2026-06-03 12:35:00+05:30,2026-06-03 12:40:00+05:30,25,2026-06-03 13:00:00+05:30,-0.0007810059356451182,True
2026-06-03 12:35:00+05:30,2026-06-03 12:35:00+05:30,2026-06-03 12:40:00+05:30,30,2026-06-03 13:05:00+05:30,-0.0010153077163386204,True
2026-06-03 12:35:00+05:30,2026-06-03 12:35:00+05:30,2026-06-03 12:40:00+05:30,45,2026-06-03 13:20:00+05:30,-0.0013277100905966233,True
2026-06-03 12:35:00+05:30,2026-06-03 12:35:00+05:30,2026-06-03 12:40:00+05:30,60,2026-06-03 13:35:00+05:30,-0.001952514839112629,True
2026-06-05 12:50:00+05:30,2026-06-05 12:50:00+05:30,2026-06-05 12:55:00+05:30,5,2026-06-05 12:55:00+05:30,-0.00031291559101931377,True
2026-06-05 12:50:00+05:30,2026-06-05 12:50:00+05:30,2026-06-05 12:55:00+05:30,10,2026-06-05 13:00:00+05:30,-0.0006258311820386275,True
2026-06-05 12:50:00+05:30,2026-06-05 12:50:00+05:30,2026-06-05 12:55:00+05:30,15,2026-06-05 13:05:00+05:30,-0.0015645779550966799,True
2026-06-05 12:50:00+05:30,2026-06-05 12:50:00+05:30,2026-06-05 12:55:00+05:30,20,2026-06-05 13:10:00+05:30,-0.0011734334663223711,True
2026-06-05 12:50:00+05:30,2026-06-05 12:50:00+05:30,2026-06-05 12:55:00+05:30,25,2026-06-05 13:15:00+05:30,-0.0011734334663223711,True
2026-06-05 12:50:00+05:30,2026-06-05 12:50:00+05:30,2026-06-05 12:55:00+05:30,30,2026-06-05 13:20:00+05:30,-0.001486349057341796,True
2026-06-05 12:50:00+05:30,2026-06-05 12:50:00+05:30,2026-06-05 12:55:00+05:30,45,2026-06-05 13:35:00+05:30,-0.001486349057341796,True
2026-06-05 12:50:00+05:30,2026-06-05 12:50:00+05:30,2026-06-05 12:55:00+05:30,60,2026-06-05 13:50:00+05:30,-0.0010169756708127142,True
2026-06-12 13:30:00+05:30,2026-06-12 13:30:00+05:30,2026-06-12 13:35:00+05:30,5,2026-06-12 13:35:00+05:30,0.0008238589553468678,True
2026-06-12 13:30:00+05:30,2026-06-12 13:30:00+05:30,2026-06-12 13:35:00+05:30,10,2026-06-12 13:40:00+05:30,0.0011534025374855261,True
2026-06-12 13:30:00+05:30,2026-06-12 13:30:00+05:30,2026-06-12 13:35:00+05:30,15,2026-06-12 13:45:00+05:30,0.0018948755972978404,True
2026-06-12 13:30:00+05:30,2026-06-12 13:30:00+05:30,2026-06-12 13:35:00+05:30,20,2026-06-12 13:50:00+05:30,0.00156533201515896,True
2026-06-12 13:30:00+05:30,2026-06-12 13:30:00+05:30,2026-06-12 13:35:00+05:30,25,2026-06-12 13:55:00+05:30,0.0014005602240896309,True
2026-06-12 13:30:00+05:30,2026-06-12 13:30:00+05:30,2026-06-12 13:35:00+05:30,30,2026-06-12 14:00:00+05:30,0.002718734552644486,True
2026-06-12 13:30:00+05:30,2026-06-12 13:30:00+05:30,2026-06-12 13:35:00+05:30,45,2026-06-12 14:15:00+05:30,0.0017301038062285112,True
2026-06-12 13:30:00+05:30,2026-06-12 13:30:00+05:30,2026-06-12 13:35:00+05:30,60,2026-06-12 14:30:00+05:30,0.0028011204481792618,True
2026-06-15 13:25:00+05:30,2026-06-15 13:25:00+05:30,2026-06-15 13:30:00+05:30,5,2026-06-15 13:30:00+05:30,0.00016142050040346412,True
2026-06-15 13:25:00+05:30,2026-06-15 13:25:00+05:30,2026-06-15 13:30:00+05:30,10,2026-06-15 13:35:00+05:30,0.0,True
2026-06-15 13:25:00+05:30,2026-06-15 13:25:00+05:30,2026-06-15 13:30:00+05:30,15,2026-06-15 13:40:00+05:30,0.0,True
2026-06-15 13:25:00+05:30,2026-06-15 13:25:00+05:30,2026-06-15 13:30:00+05:30,20,2026-06-15 13:45:00+05:30,0.0004842615012106144,True
2026-06-15 13:25:00+05:30,2026-06-15 13:25:00+05:30,2026-06-15 13:30:00+05:30,25,2026-06-15 13:50:00+05:30,0.0002421307506053072,True
2026-06-15 13:25:00+05:30,2026-06-15 13:25:00+05:30,2026-06-15 13:30:00+05:30,30,2026-06-15 13:55:00+05:30,0.0,True
2026-06-15 13:25:00+05:30,2026-06-15 13:25:00+05:30,2026-06-15 13:30:00+05:30,45,2026-06-15 14:10:00+05:30,0.0017756255044389935,True
2026-06-15 13:25:00+05:30,2026-06-15 13:25:00+05:30,2026-06-15 13:30:00+05:30,60,2026-06-15 14:25:00+05:30,0.0009685230024212288,True
2026-06-16 13:05:00+05:30,2026-06-16 13:05:00+05:30,2026-06-16 13:10:00+05:30,5,2026-06-16 13:10:00+05:30,-8.078849571824254e-05,True
2026-06-16 13:05:00+05:30,2026-06-16 13:05:00+05:30,2026-06-16 13:10:00+05:30,10,2026-06-16 13:15:00+05:30,-0.0004847309743092332,True
2026-06-16 13:05:00+05:30,2026-06-16 13:05:00+05:30,2026-06-16 13:10:00+05:30,15,2026-06-16 13:20:00+05:30,-0.0003231539828728591,True
2026-06-16 13:05:00+05:30,2026-06-16 13:05:00+05:30,2026-06-16 13:10:00+05:30,20,2026-06-16 13:25:00+05:30,0.0002423654871546166,True
2026-06-16 13:05:00+05:30,2026-06-16 13:05:00+05:30,2026-06-16 13:10:00+05:30,25,2026-06-16 13:30:00+05:30,-0.0004847309743092332,True
2026-06-16 13:05:00+05:30,2026-06-16 13:05:00+05:30,2026-06-16 13:10:00+05:30,30,2026-06-16 13:35:00+05:30,0.0,True
2026-06-16 13:05:00+05:30,2026-06-16 13:05:00+05:30,2026-06-16 13:10:00+05:30,45,2026-06-16 13:50:00+05:30,0.0004847309743092332,True
2026-06-16 13:05:00+05:30,2026-06-16 13:05:00+05:30,2026-06-16 13:10:00+05:30,60,2026-06-16 14:05:00+05:30,0.0005655194700273647,True
2026-06-17 14:50:00+05:30,2026-06-17 14:50:00+05:30,2026-06-17 14:55:00+05:30,5,2026-06-17 14:55:00+05:30,0.00016162922256346413,True
2026-06-17 14:50:00+05:30,2026-06-17 14:50:00+05:30,2026-06-17 14:55:00+05:30,10,2026-06-17 15:00:00+05:30,0.00024244383384508517,True
2026-06-17 14:50:00+05:30,2026-06-17 14:50:00+05:30,2026-06-17 14:55:00+05:30,15,2026-06-17 15:05:00+05:30,-0.0001616292225633531,True
2026-06-17 14:50:00+05:30,2026-06-17 14:50:00+05:30,2026-06-17 14:55:00+05:30,20,2026-06-17 15:10:00+05:30,8.081461128184309e-05,True
2026-06-17 14:50:00+05:30,2026-06-17 14:50:00+05:30,2026-06-17 14:55:00+05:30,25,2026-06-17 15:15:00+05:30,0.0,True
2026-06-17 14:50:00+05:30,2026-06-17 14:50:00+05:30,2026-06-17 14:55:00+05:30,30,2026-06-17 15:20:00+05:30,-8.081461128162104e-05,True
2026-06-17 14:50:00+05:30,2026-06-17 14:50:00+05:30,2026-06-17 14:55:00+05:30,45,,,False
2026-06-17 14:50:00+05:30,2026-06-17 14:50:00+05:30,2026-06-17 14:55:00+05:30,60,,,False
2026-06-19 12:30:00+05:30,2026-06-19 12:30:00+05:30,2026-06-19 12:35:00+05:30,5,2026-06-19 12:35:00+05:30,8.354218880524122e-05,True
2026-06-19 12:30:00+05:30,2026-06-19 12:30:00+05:30,2026-06-19 12:35:00+05:30,10,2026-06-19 12:40:00+05:30,-0.0001670843776107045,True
2026-06-19 12:30:00+05:30,2026-06-19 12:30:00+05:30,2026-06-19 12:35:00+05:30,15,2026-06-19 12:45:00+05:30,0.0,True
2026-06-19 12:30:00+05:30,2026-06-19 12:30:00+05:30,2026-06-19 12:35:00+05:30,20,2026-06-19 12:50:00+05:30,-0.0008354218880535225,True
2026-06-19 12:30:00+05:30,2026-06-19 12:30:00+05:30,2026-06-19 12:35:00+05:30,25,2026-06-19 12:55:00+05:30,-0.0017543859649123972,True
2026-06-19 12:30:00+05:30,2026-06-19 12:30:00+05:30,2026-06-19 12:35:00+05:30,30,2026-06-19 13:00:00+05:30,-0.001336675020885525,True
2026-06-19 12:30:00+05:30,2026-06-19 12:30:00+05:30,2026-06-19 12:35:00+05:30,45,2026-06-19 13:15:00+05:30,-0.0015873015873015817,True
2026-06-19 12:30:00+05:30,2026-06-19 12:30:00+05:30,2026-06-19 12:35:00+05:30,60,2026-06-19 13:30:00+05:30,0.0,True
2026-06-19 13:45:00+05:30,2026-06-19 13:45:00+05:30,2026-06-19 13:50:00+05:30,5,2026-06-19 13:50:00+05:30,0.0024142524142523047,True
2026-06-19 13:45:00+05:30,2026-06-19 13:45:00+05:30,2026-06-19 13:50:00+05:30,10,2026-06-19 13:55:00+05:30,0.0016650016650014976,True
2026-06-19 13:45:00+05:30,2026-06-19 13:45:00+05:30,2026-06-19 13:50:00+05:30,15,2026-06-19 14:00:00+05:30,0.0011655011655011815,True
2026-06-19 13:45:00+05:30,2026-06-19 13:45:00+05:30,2026-06-19 13:50:00+05:30,20,2026-06-19 14:05:00+05:30,-8.32500832501637e-05,True
2026-06-19 13:45:00+05:30,2026-06-19 13:45:00+05:30,2026-06-19 13:50:00+05:30,25,2026-06-19 14:10:00+05:30,0.0,True
2026-06-19 13:45:00+05:30,2026-06-19 13:45:00+05:30,2026-06-19 13:50:00+05:30,30,2026-06-19 14:15:00+05:30,-8.32500832501637e-05,True
2026-06-19 13:45:00+05:30,2026-06-19 13:45:00+05:30,2026-06-19 13:50:00+05:30,45,2026-06-19 14:30:00+05:30,-0.001332001332001398,True
2026-06-19 13:45:00+05:30,2026-06-19 13:45:00+05:30,2026-06-19 13:50:00+05:30,60,2026-06-19 14:45:00+05:30,-0.002081252081252094,True
2026-06-22 14:15:00+05:30,2026-06-22 14:15:00+05:30,2026-06-22 14:20:00+05:30,5,2026-06-22 14:20:00+05:30,-8.278145695361783e-05,True
2026-06-22 14:15:00+05:30,2026-06-22 14:15:00+05:30,2026-06-22 14:20:00+05:30,10,2026-06-22 14:25:00+05:30,0.00033112582781469335,True
2026-06-22 14:15:00+05:30,2026-06-22 14:15:00+05:30,2026-06-22 14:20:00+05:30,15,2026-06-22 14:30:00+05:30,0.000496688741721929,True
2026-06-22 14:15:00+05:30,2026-06-22 14:15:00+05:30,2026-06-22 14:20:00+05:30,20,2026-06-22 14:35:00+05:30,0.0016556291390728006,True
2026-06-22 14:15:00+05:30,2026-06-22 14:15:00+05:30,2026-06-22 14:20:00+05:30,25,2026-06-22 14:40:00+05:30,0.000993377483443636,True
2026-06-22 14:15:00+05:30,2026-06-22 14:15:00+05:30,2026-06-22 14:20:00+05:30,30,2026-06-22 14:45:00+05:30,0.0012417218543046005,True
2026-06-22 14:15:00+05:30,2026-06-22 14:15:00+05:30,2026-06-22 14:20:00+05:30,45,2026-06-22 15:00:00+05:30,0.003062913907284859,True
2026-06-22 14:15:00+05:30,2026-06-22 14:15:00+05:30,2026-06-22 14:20:00+05:30,60,2026-06-22 15:15:00+05:30,0.0026490066225166586,True
2026-06-24 11:50:00+05:30,2026-06-24 11:50:00+05:30,2026-06-24 11:55:00+05:30,5,2026-06-24 11:55:00+05:30,-0.0004236211132762069,True
2026-06-24 11:50:00+05:30,2026-06-24 11:50:00+05:30,2026-06-24 11:55:00+05:30,10,2026-06-24 12:00:00+05:30,0.0008472422265524138,True
2026-06-24 11:50:00+05:30,2026-06-24 11:50:00+05:30,2026-06-24 11:55:00+05:30,15,2026-06-24 12:05:00+05:30,0.0004236211132762069,True
2026-06-24 11:50:00+05:30,2026-06-24 11:50:00+05:30,2026-06-24 11:55:00+05:30,20,2026-06-24 12:10:00+05:30,0.0008472422265524138,True
2026-06-24 11:50:00+05:30,2026-06-24 11:50:00+05:30,2026-06-24 11:55:00+05:30,25,2026-06-24 12:15:00+05:30,0.0012708633398288427,True
2026-06-24 11:50:00+05:30,2026-06-24 11:50:00+05:30,2026-06-24 11:55:00+05:30,30,2026-06-24 12:20:00+05:30,0.0006777937812421087,True
2026-06-24 11:50:00+05:30,2026-06-24 11:50:00+05:30,2026-06-24 11:55:00+05:30,45,2026-06-24 12:35:00+05:30,0.0004236211132762069,True
2026-06-24 11:50:00+05:30,2026-06-24 11:50:00+05:30,2026-06-24 11:55:00+05:30,60,2026-06-24 12:50:00+05:30,-0.0005083453359315815,True
2026-06-25 13:45:00+05:30,2026-06-25 13:45:00+05:30,2026-06-25 13:50:00+05:30,5,2026-06-25 13:50:00+05:30,8.669267446914652e-05,True
2026-06-25 13:45:00+05:30,2026-06-25 13:45:00+05:30,2026-06-25 13:50:00+05:30,10,2026-06-25 13:55:00+05:30,-0.0004334633723450665,True
2026-06-25 13:45:00+05:30,2026-06-25 13:45:00+05:30,2026-06-25 13:50:00+05:30,15,2026-06-25 14:00:00+05:30,0.0006068487212831375,True
2026-06-25 13:45:00+05:30,2026-06-25 13:45:00+05:30,2026-06-25 13:50:00+05:30,20,2026-06-25 14:05:00+05:30,0.000866926744690133,True
2026-06-25 13:45:00+05:30,2026-06-25 13:45:00+05:30,2026-06-25 13:50:00+05:30,25,2026-06-25 14:10:00+05:30,0.001040312093628204,True
2026-06-25 13:45:00+05:30,2026-06-25 13:45:00+05:30,2026-06-25 13:50:00+05:30,30,2026-06-25 14:15:00+05:30,-0.000520156046813991,True
2026-06-25 13:45:00+05:30,2026-06-25 13:45:00+05:30,2026-06-25 13:50:00+05:30,45,2026-06-25 14:30:00+05:30,-0.000520156046813991,True
2026-06-25 13:45:00+05:30,2026-06-25 13:45:00+05:30,2026-06-25 13:50:00+05:30,60,2026-06-25 14:45:00+05:30,-0.001733853489380044,True
2026-06-30 11:50:00+05:30,2026-06-30 11:50:00+05:30,2026-06-30 11:55:00+05:30,5,2026-06-30 11:55:00+05:30,0.0024280263614291364,True
2026-06-30 11:50:00+05:30,2026-06-30 11:50:00+05:30,2026-06-30 11:55:00+05:30,10,2026-06-30 12:00:00+05:30,0.006937218175511628,True
2026-06-30 11:50:00+05:30,2026-06-30 11:50:00+05:30,2026-06-30 11:55:00+05:30,15,2026-06-30 12:05:00+05:30,0.004162330905306932,True
2026-06-30 11:50:00+05:30,2026-06-30 11:50:00+05:30,2026-06-30 11:55:00+05:30,20,2026-06-30 12:10:00+05:30,0.006330211585154455,True
2026-06-30 11:50:00+05:30,2026-06-30 11:50:00+05:30,2026-06-30 11:55:00+05:30,25,2026-06-30 12:15:00+05:30,0.006937218175511628,True
2026-06-30 11:50:00+05:30,2026-06-30 11:50:00+05:30,2026-06-30 11:55:00+05:30,30,2026-06-30 12:20:00+05:30,0.005983350676378896,True
2026-06-30 11:50:00+05:30,2026-06-30 11:50:00+05:30,2026-06-30 11:55:00+05:30,45,2026-06-30 12:35:00+05:30,0.005723204994797282,True
2026-06-30 11:50:00+05:30,2026-06-30 11:50:00+05:30,2026-06-30 11:55:00+05:30,60,2026-06-30 12:50:00+05:30,0.006937218175511628,True
2026-07-01 13:25:00+05:30,2026-07-01 13:25:00+05:30,2026-07-01 13:30:00+05:30,5,2026-07-01 13:30:00+05:30,-0.00034773537338095295,True
2026-07-01 13:25:00+05:30,2026-07-01 13:25:00+05:30,2026-07-01 13:30:00+05:30,10,2026-07-01 13:35:00+05:30,-0.0008693384334520493,True
2026-07-01 13:25:00+05:30,2026-07-01 13:25:00+05:30,2026-07-01 13:30:00+05:30,15,2026-07-01 13:40:00+05:30,-0.0006085369034165566,True
2026-07-01 13:25:00+05:30,2026-07-01 13:25:00+05:30,2026-07-01 13:30:00+05:30,20,2026-07-01 13:45:00+05:30,0.0012170738068331133,True
2026-07-01 13:25:00+05:30,2026-07-01 13:25:00+05:30,2026-07-01 13:30:00+05:30,25,2026-07-01 13:50:00+05:30,0.0002608015300356037,True
2026-07-01 13:25:00+05:30,2026-07-01 13:25:00+05:30,2026-07-01 13:30:00+05:30,30,2026-07-01 13:55:00+05:30,0.0005216030600712074,True
2026-07-01 13:25:00+05:30,2026-07-01 13:25:00+05:30,2026-07-01 13:30:00+05:30,45,2026-07-01 14:10:00+05:30,0.0005216030600712074,True
2026-07-01 13:25:00+05:30,2026-07-01 13:25:00+05:30,2026-07-01 13:30:00+05:30,60,2026-07-01 14:25:00+05:30,-0.0002608015300356037,True
2026-07-02 11:45:00+05:30,2026-07-02 11:45:00+05:30,2026-07-02 11:50:00+05:30,5,2026-07-02 11:50:00+05:30,0.0016142735768904792,True
2026-07-02 11:45:00+05:30,2026-07-02 11:45:00+05:30,2026-07-02 11:50:00+05:30,10,2026-07-02 11:55:00+05:30,0.0009345794392523477,True
2026-07-02 11:45:00+05:30,2026-07-02 11:45:00+05:30,2026-07-02 11:50:00+05:30,15,2026-07-02 12:00:00+05:30,0.0015293118096855185,True
2026-07-02 11:45:00+05:30,2026-07-02 11:45:00+05:30,2026-07-02 11:50:00+05:30,20,2026-07-02 12:05:00+05:30,0.0005947323704331708,True
2026-07-02 11:45:00+05:30,2026-07-02 11:45:00+05:30,2026-07-02 11:50:00+05:30,25,2026-07-02 12:10:00+05:30,0.00033984706881895477,True
2026-07-02 11:45:00+05:30,2026-07-02 11:45:00+05:30,2026-07-02 11:50:00+05:30,30,2026-07-02 12:15:00+05:30,0.00042480883602369346,True
2026-07-02 11:45:00+05:30,2026-07-02 11:45:00+05:30,2026-07-02 11:50:00+05:30,45,2026-07-02 12:30:00+05:30,-8.496176720484971e-05,True
2026-07-02 11:45:00+05:30,2026-07-02 11:45:00+05:30,2026-07-02 11:50:00+05:30,60,2026-07-02 12:45:00+05:30,-0.0005097706032285432,True
2026-07-03 12:10:00+05:30,2026-07-03 12:10:00+05:30,2026-07-03 12:15:00+05:30,5,2026-07-03 12:15:00+05:30,0.0004982561036372957,True
2026-07-03 12:10:00+05:30,2026-07-03 12:10:00+05:30,2026-07-03 12:15:00+05:30,10,2026-07-03 12:20:00+05:30,0.00024912805181864783,True
2026-07-03 12:10:00+05:30,2026-07-03 12:10:00+05:30,2026-07-03 12:15:00+05:30,15,2026-07-03 12:25:00+05:30,-0.0004152134196977464,True
2026-07-03 12:10:00+05:30,2026-07-03 12:10:00+05:30,2026-07-03 12:15:00+05:30,20,2026-07-03 12:30:00+05:30,0.0006643414715163942,True
2026-07-03 12:10:00+05:30,2026-07-03 12:10:00+05:30,2026-07-03 12:15:00+05:30,25,2026-07-03 12:35:00+05:30,0.0011625975751536899,True
2026-07-03 12:10:00+05:30,2026-07-03 12:10:00+05:30,2026-07-03 12:15:00+05:30,30,2026-07-03 12:40:00+05:30,0.0008304268393954928,True
2026-07-03 12:10:00+05:30,2026-07-03 12:10:00+05:30,2026-07-03 12:15:00+05:30,45,2026-07-03 12:55:00+05:30,0.0004152134196977464,True
2026-07-03 12:10:00+05:30,2026-07-03 12:10:00+05:30,2026-07-03 12:15:00+05:30,60,2026-07-03 13:10:00+05:30,0.0011625975751536899,True
2026-07-06 13:10:00+05:30,2026-07-06 13:10:00+05:30,2026-07-06 13:15:00+05:30,5,2026-07-06 13:15:00+05:30,8.335417187632643e-05,True
2026-07-06 13:10:00+05:30,2026-07-06 13:10:00+05:30,2026-07-06 13:15:00+05:30,10,2026-07-06 13:20:00+05:30,0.0002500625156289793,True
2026-07-06 13:10:00+05:30,2026-07-06 13:10:00+05:30,2026-07-06 13:15:00+05:30,15,2026-07-06 13:25:00+05:30,0.0005001250312577366,True
2026-07-06 13:10:00+05:30,2026-07-06 13:10:00+05:30,2026-07-06 13:15:00+05:30,20,2026-07-06 13:30:00+05:30,0.00033341668750530573,True
2026-07-06 13:10:00+05:30,2026-07-06 13:10:00+05:30,2026-07-06 13:15:00+05:30,25,2026-07-06 13:35:00+05:30,-0.0002500625156288683,True
2026-07-06 13:10:00+05:30,2026-07-06 13:10:00+05:30,2026-07-06 13:15:00+05:30,30,2026-07-06 13:40:00+05:30,-0.001166958406268237,True
2026-07-06 13:10:00+05:30,2026-07-06 13:10:00+05:30,2026-07-06 13:15:00+05:30,45,2026-07-06 13:55:00+05:30,-0.0013336667500207788,True
2026-07-06 13:10:00+05:30,2026-07-06 13:10:00+05:30,2026-07-06 13:15:00+05:30,60,2026-07-06 14:10:00+05:30,-0.0020838542969076057,True
2026-07-08 11:45:00+05:30,2026-07-08 11:45:00+05:30,2026-07-08 11:50:00+05:30,5,2026-07-08 11:50:00+05:30,0.0007577671129073149,True
2026-07-08 11:45:00+05:30,2026-07-08 11:45:00+05:30,2026-07-08 11:50:00+05:30,10,2026-07-08 11:55:00+05:30,0.000673570767028675,True
2026-07-08 11:45:00+05:30,2026-07-08 11:45:00+05:30,2026-07-08 11:50:00+05:30,15,2026-07-08 12:00:00+05:30,-0.0005893744211500351,True
2026-07-08 11:45:00+05:30,2026-07-08 11:45:00+05:30,2026-07-08 11:50:00+05:30,20,2026-07-08 12:05:00+05:30,-0.000673570767028675,True
2026-07-08 11:45:00+05:30,2026-07-08 11:45:00+05:30,2026-07-08 11:50:00+05:30,25,2026-07-08 12:10:00+05:30,-0.0007577671129072039,True
2026-07-08 11:45:00+05:30,2026-07-08 11:45:00+05:30,2026-07-08 11:50:00+05:30,30,2026-07-08 12:15:00+05:30,-0.0016839269175717986,True
2026-07-08 11:45:00+05:30,2026-07-08 11:45:00+05:30,2026-07-08 11:50:00+05:30,45,2026-07-08 12:30:00+05:30,-0.002189104992843194,True
2026-07-08 11:45:00+05:30,2026-07-08 11:45:00+05:30,2026-07-08 11:50:00+05:30,60,2026-07-08 12:45:00+05:30,-0.0026100867222362822,True
2026-07-09 11:45:00+05:30,2026-07-09 11:45:00+05:30,2026-07-09 11:50:00+05:30,5,2026-07-09 11:50:00+05:30,0.0008468834688346583,True
2026-07-09 11:45:00+05:30,2026-07-09 11:45:00+05:30,2026-07-09 11:50:00+05:30,10,2026-07-09 11:55:00+05:30,0.0016937669376693165,True
2026-07-09 11:45:00+05:30,2026-07-09 11:45:00+05:30,2026-07-09 11:50:00+05:30,15,2026-07-09 12:00:00+05:30,0.0021172086720866456,True
2026-07-09 11:45:00+05:30,2026-07-09 11:45:00+05:30,2026-07-09 11:50:00+05:30,20,2026-07-09 12:05:00+05:30,0.0006775067750677266,True
2026-07-09 11:45:00+05:30,2026-07-09 11:45:00+05:30,2026-07-09 11:50:00+05:30,25,2026-07-09 12:10:00+05:30,0.001439701897018919,True
2026-07-09 11:45:00+05:30,2026-07-09 11:45:00+05:30,2026-07-09 11:50:00+05:30,30,2026-07-09 12:15:00+05:30,0.0011009485094850557,True
2026-07-09 11:45:00+05:30,2026-07-09 11:45:00+05:30,2026-07-09 11:50:00+05:30,45,2026-07-09 12:30:00+05:30,0.00203252032520318,True
2026-07-09 11:45:00+05:30,2026-07-09 11:45:00+05:30,2026-07-09 11:50:00+05:30,60,2026-07-09 12:45:00+05:30,0.001439701897018919,True
2026-07-13 13:30:00+05:30,2026-07-13 13:30:00+05:30,2026-07-13 13:35:00+05:30,5,2026-07-13 13:35:00+05:30,0.0006838191298401686,True
2026-07-13 13:30:00+05:30,2026-07-13 13:30:00+05:30,2026-07-13 13:35:00+05:30,10,2026-07-13 13:40:00+05:30,0.0011966834772203505,True
2026-07-13 13:30:00+05:30,2026-07-13 13:30:00+05:30,2026-07-13 13:35:00+05:30,15,2026-07-13 13:45:00+05:30,0.0011112060859903572,True
2026-07-13 13:30:00+05:30,2026-07-13 13:30:00+05:30,2026-07-13 13:35:00+05:30,20,2026-07-13 13:50:00+05:30,0.0014531156509103305,True
2026-07-13 13:30:00+05:30,2026-07-13 13:30:00+05:30,2026-07-13 13:35:00+05:30,25,2026-07-13 13:55:00+05:30,0.0003419095649201953,True
2026-07-13 13:30:00+05:30,2026-07-13 13:30:00+05:30,2026-07-13 13:35:00+05:30,30,2026-07-13 14:00:00+05:30,0.00025643217368997995,True
2026-07-13 13:30:00+05:30,2026-07-13 13:30:00+05:30,2026-07-13 13:35:00+05:30,45,2026-07-13 14:15:00+05:30,0.0003419095649201953,True
2026-07-13 13:30:00+05:30,2026-07-13 13:30:00+05:30,2026-07-13 13:35:00+05:30,60,2026-07-13 14:30:00+05:30,-0.0004273869561500776,True
2026-07-16 13:50:00+05:30,2026-07-16 13:50:00+05:30,2026-07-16 13:55:00+05:30,5,2026-07-16 13:55:00+05:30,-0.000343819838404702,True
2026-07-16 13:50:00+05:30,2026-07-16 13:50:00+05:30,2026-07-16 13:55:00+05:30,10,2026-07-16 14:00:00+05:30,-0.00042977479800576646,True
2026-07-16 13:50:00+05:30,2026-07-16 13:50:00+05:30,2026-07-16 13:55:00+05:30,15,2026-07-16 14:05:00+05:30,-0.000343819838404702,True
2026-07-16 13:50:00+05:30,2026-07-16 13:50:00+05:30,2026-07-16 13:55:00+05:30,20,2026-07-16 14:10:00+05:30,-0.000343819838404702,True
2026-07-16 13:50:00+05:30,2026-07-16 13:50:00+05:30,2026-07-16 13:55:00+05:30,25,2026-07-16 14:15:00+05:30,0.00025786487880341546,True
2026-07-16 13:50:00+05:30,2026-07-16 13:50:00+05:30,2026-07-16 13:55:00+05:30,30,2026-07-16 14:20:00+05:30,-8.59549596011755e-05,True
2026-07-16 13:50:00+05:30,2026-07-16 13:50:00+05:30,2026-07-16 13:55:00+05:30,45,2026-07-16 14:35:00+05:30,0.0013752793536185859,True
2026-07-16 13:50:00+05:30,2026-07-16 13:50:00+05:30,2026-07-16 13:55:00+05:30,60,2026-07-16 14:50:00+05:30,0.0011174144748151704,True
2026-07-17 11:45:00+05:30,2026-07-17 11:45:00+05:30,2026-07-17 11:50:00+05:30,5,2026-07-17 11:50:00+05:30,-0.0001725327812284183,True
2026-07-17 11:45:00+05:30,2026-07-17 11:45:00+05:30,2026-07-17 11:50:00+05:30,10,2026-07-17 11:55:00+05:30,-0.000258799171842683,True
2026-07-17 11:45:00+05:30,2026-07-17 11:45:00+05:30,2026-07-17 11:50:00+05:30,15,2026-07-17 12:00:00+05:30,8.626639061426467e-05,True
2026-07-17 11:45:00+05:30,2026-07-17 11:45:00+05:30,2026-07-17 11:50:00+05:30,20,2026-07-17 12:05:00+05:30,-0.0007763975155279379,True
2026-07-17 11:45:00+05:30,2026-07-17 11:45:00+05:30,2026-07-17 11:50:00+05:30,25,2026-07-17 12:10:00+05:30,-0.0017253278122844051,True
2026-07-17 11:45:00+05:30,2026-07-17 11:45:00+05:30,2026-07-17 11:50:00+05:30,30,2026-07-17 12:15:00+05:30,-0.0012939958592133038,True
2026-07-17 11:45:00+05:30,2026-07-17 11:45:00+05:30,2026-07-17 11:50:00+05:30,45,2026-07-17 12:30:00+05:30,-0.0014665286404417222,True
2026-07-17 11:45:00+05:30,2026-07-17 11:45:00+05:30,2026-07-17 11:50:00+05:30,60,2026-07-17 12:45:00+05:30,-0.00224292615596966,True
2026-07-17 14:40:00+05:30,2026-07-17 14:40:00+05:30,2026-07-17 14:45:00+05:30,5,2026-07-17 14:45:00+05:30,-0.00034539331663940853,True
2026-07-17 14:40:00+05:30,2026-07-17 14:40:00+05:30,2026-07-17 14:45:00+05:30,10,2026-07-17 14:50:00+05:30,0.0004317416457990664,True
2026-07-17 14:40:00+05:30,2026-07-17 14:40:00+05:30,2026-07-17 14:45:00+05:30,15,2026-07-17 14:55:00+05:30,0.00025904498747952864,True
2026-07-17 14:40:00+05:30,2026-07-17 14:40:00+05:30,2026-07-17 14:45:00+05:30,20,2026-07-17 15:00:00+05:30,-0.0006044383041188262,True
2026-07-17 14:40:00+05:30,2026-07-17 14:40:00+05:30,2026-07-17 14:45:00+05:30,25,2026-07-17 15:05:00+05:30,0.0,True
2026-07-17 14:40:00+05:30,2026-07-17 14:40:00+05:30,2026-07-17 14:45:00+05:30,30,2026-07-17 15:10:00+05:30,-0.00025904498747952864,True
2026-07-17 14:40:00+05:30,2026-07-17 14:40:00+05:30,2026-07-17 14:45:00+05:30,45,2026-07-17 15:25:00+05:30,0.0,True
2026-07-17 14:40:00+05:30,2026-07-17 14:40:00+05:30,2026-07-17 14:45:00+05:30,60,,,False
2026-07-20 13:00:00+05:30,2026-07-20 13:00:00+05:30,2026-07-20 13:05:00+05:30,5,2026-07-20 13:05:00+05:30,0.0004287429257416875,True
2026-07-20 13:00:00+05:30,2026-07-20 13:00:00+05:30,2026-07-20 13:05:00+05:30,10,2026-07-20 13:10:00+05:30,0.0002572457554450569,True
2026-07-20 13:00:00+05:30,2026-07-20 13:00:00+05:30,2026-07-20 13:05:00+05:30,15,2026-07-20 13:15:00+05:30,-0.0001714971702967416,True
2026-07-20 13:00:00+05:30,2026-07-20 13:00:00+05:30,2026-07-20 13:05:00+05:30,20,2026-07-20 13:20:00+05:30,0.00017149717029663059,True
2026-07-20 13:00:00+05:30,2026-07-20 13:00:00+05:30,2026-07-20 13:05:00+05:30,25,2026-07-20 13:25:00+05:30,0.0004287429257416875,True
2026-07-20 13:00:00+05:30,2026-07-20 13:00:00+05:30,2026-07-20 13:05:00+05:30,30,2026-07-20 13:30:00+05:30,0.0013719773623734888,True
2026-07-20 13:00:00+05:30,2026-07-20 13:00:00+05:30,2026-07-20 13:05:00+05:30,45,2026-07-20 13:45:00+05:30,0.002057966043560233,True
2026-07-20 13:00:00+05:30,2026-07-20 13:00:00+05:30,2026-07-20 13:05:00+05:30,60,2026-07-20 14:00:00+05:30,0.0018007202881151763,True
2026-07-20 14:05:00+05:30,2026-07-20 14:05:00+05:30,2026-07-20 14:10:00+05:30,5,2026-07-20 14:10:00+05:30,-8.557247989049444e-05,True
2026-07-20 14:05:00+05:30,2026-07-20 14:05:00+05:30,2026-07-20 14:10:00+05:30,10,2026-07-20 14:15:00+05:30,-0.00017114495978087785,True
2026-07-20 14:05:00+05:30,2026-07-20 14:05:00+05:30,2026-07-20 14:10:00+05:30,15,2026-07-20 14:20:00+05:30,-0.0014547321581379613,True
2026-07-20 14:05:00+05:30,2026-07-20 14:05:00+05:30,2026-07-20 14:10:00+05:30,20,2026-07-20 14:25:00+05:30,-0.0009412972787951057,True
2026-07-20 14:05:00+05:30,2026-07-20 14:05:00+05:30,2026-07-20 14:10:00+05:30,25,2026-07-20 14:30:00+05:30,-0.000599007359233239,True
2026-07-20 14:05:00+05:30,2026-07-20 14:05:00+05:30,2026-07-20 14:10:00+05:30,30,2026-07-20 14:35:00+05:30,-0.0007701523190142279,True
2026-07-20 14:05:00+05:30,2026-07-20 14:05:00+05:30,2026-07-20 14:10:00+05:30,45,2026-07-20 14:50:00+05:30,-0.0006845798391237334,True
2026-07-20 14:05:00+05:30,2026-07-20 14:05:00+05:30,2026-07-20 14:10:00+05:30,60,2026-07-20 15:05:00+05:30,-0.00017114495978087785,True
2026-07-21 11:45:00+05:30,2026-07-21 11:45:00+05:30,2026-07-21 11:50:00+05:30,5,2026-07-21 11:50:00+05:30,0.0,True
2026-07-21 11:45:00+05:30,2026-07-21 11:45:00+05:30,2026-07-21 11:50:00+05:30,10,2026-07-21 11:55:00+05:30,-0.0005095541401274328,True
2026-07-21 11:45:00+05:30,2026-07-21 11:45:00+05:30,2026-07-21 11:50:00+05:30,15,2026-07-21 12:00:00+05:30,-0.0006794055201698734,True
2026-07-21 11:45:00+05:30,2026-07-21 11:45:00+05:30,2026-07-21 11:50:00+05:30,20,2026-07-21 12:05:00+05:30,-0.00033970276008499223,True
2026-07-21 11:45:00+05:30,2026-07-21 11:45:00+05:30,2026-07-21 11:50:00+05:30,25,2026-07-21 12:10:00+05:30,8.492569002127581e-05,True
2026-07-21 11:45:00+05:30,2026-07-21 11:45:00+05:30,2026-07-21 11:50:00+05:30,30,2026-07-21 12:15:00+05:30,0.0005944798301484866,True
2026-07-21 11:45:00+05:30,2026-07-21 11:45:00+05:30,2026-07-21 11:50:00+05:30,45,2026-07-21 12:30:00+05:30,8.492569002127581e-05,True
2026-07-21 11:45:00+05:30,2026-07-21 11:45:00+05:30,2026-07-21 11:50:00+05:30,60,2026-07-21 12:45:00+05:30,-0.0001698513800424406,True
2026-07-22 14:40:00+05:30,2026-07-22 14:40:00+05:30,2026-07-22 14:45:00+05:30,5,2026-07-22 14:45:00+05:30,-0.0001677993120228205,True
2026-07-22 14:40:00+05:30,2026-07-22 14:40:00+05:30,2026-07-22 14:45:00+05:30,10,2026-07-22 14:50:00+05:30,-0.00041949828005705125,True
2026-07-22 14:40:00+05:30,2026-07-22 14:40:00+05:30,2026-07-22 14:45:00+05:30,15,2026-07-22 14:55:00+05:30,-0.00041949828005705125,True
2026-07-22 14:40:00+05:30,2026-07-22 14:40:00+05:30,2026-07-22 14:45:00+05:30,20,2026-07-22 15:00:00+05:30,-0.0005033979360684615,True
2026-07-22 14:40:00+05:30,2026-07-22 14:40:00+05:30,2026-07-22 14:45:00+05:30,25,2026-07-22 15:05:00+05:30,-0.0005872975920797607,True
2026-07-22 14:40:00+05:30,2026-07-22 14:40:00+05:30,2026-07-22 14:45:00+05:30,30,2026-07-22 15:10:00+05:30,-0.0001677993120228205,True
2026-07-22 14:40:00+05:30,2026-07-22 14:40:00+05:30,2026-07-22 14:45:00+05:30,45,2026-07-22 15:25:00+05:30,-0.00041949828005705125,True
2026-07-22 14:40:00+05:30,2026-07-22 14:40:00+05:30,2026-07-22 14:45:00+05:30,60,,,False
2026-07-24 11:50:00+05:30,2026-07-24 11:50:00+05:30,2026-07-24 11:55:00+05:30,5,2026-07-24 11:55:00+05:30,0.0005117707267143778,True
2026-07-24 11:50:00+05:30,2026-07-24 11:50:00+05:30,2026-07-24 11:55:00+05:30,10,2026-07-24 12:00:00+05:30,-8.529512111898896e-05,True
2026-07-24 11:50:00+05:30,2026-07-24 11:50:00+05:30,2026-07-24 11:55:00+05:30,15,2026-07-24 12:05:00+05:30,-0.0005970658478334778,True
2026-07-24 11:50:00+05:30,2026-07-24 11:50:00+05:30,2026-07-24 11:55:00+05:30,20,2026-07-24 12:10:00+05:30,0.0003411804844763999,True
2026-07-24 11:50:00+05:30,2026-07-24 11:50:00+05:30,2026-07-24 11:55:00+05:30,25,2026-07-24 12:15:00+05:30,-0.00017059024223808894,True
2026-07-24 11:50:00+05:30,2026-07-24 11:50:00+05:30,2026-07-24 11:55:00+05:30,30,2026-07-24 12:20:00+05:30,-0.0004264756055953889,True
2026-07-24 11:50:00+05:30,2026-07-24 11:50:00+05:30,2026-07-24 11:55:00+05:30,45,2026-07-24 12:35:00+05:30,0.003070624360286489,True
2026-07-24 11:50:00+05:30,2026-07-24 11:50:00+05:30,2026-07-24 11:55:00+05:30,60,2026-07-24 12:50:00+05:30,0.0029853292391675,True
2026-07-24 14:10:00+05:30,2026-07-24 14:10:00+05:30,2026-07-24 14:15:00+05:30,5,2026-07-24 14:15:00+05:30,-0.0006789442417041158,True
2026-07-24 14:10:00+05:30,2026-07-24 14:10:00+05:30,2026-07-24 14:15:00+05:30,10,2026-07-24 14:20:00+05:30,-8.486803021301448e-05,True
2026-07-24 14:10:00+05:30,2026-07-24 14:10:00+05:30,2026-07-24 14:15:00+05:30,15,2026-07-24 14:25:00+05:30,8.486803021301448e-05,True
2026-07-24 14:10:00+05:30,2026-07-24 14:10:00+05:30,2026-07-24 14:15:00+05:30,20,2026-07-24 14:30:00+05:30,0.0004243401510650724,True
2026-07-24 14:10:00+05:30,2026-07-24 14:10:00+05:30,2026-07-24 14:15:00+05:30,25,2026-07-24 14:35:00+05:30,8.486803021301448e-05,True
2026-07-24 14:10:00+05:30,2026-07-24 14:10:00+05:30,2026-07-24 14:15:00+05:30,30,2026-07-24 14:40:00+05:30,-0.00016973606042602896,True
2026-07-24 14:10:00+05:30,2026-07-24 14:10:00+05:30,2026-07-24 14:15:00+05:30,45,2026-07-24 14:55:00+05:30,0.0,True
2026-07-24 14:10:00+05:30,2026-07-24 14:10:00+05:30,2026-07-24 14:15:00+05:30,60,2026-07-24 15:10:00+05:30,0.0003394721208520579,True
2026-07-28 12:00:00+05:30,2026-07-28 12:00:00+05:30,2026-07-28 12:05:00+05:30,5,2026-07-28 12:05:00+05:30,-0.0001707212974819683,True
2026-07-28 12:00:00+05:30,2026-07-28 12:00:00+05:30,2026-07-28 12:05:00+05:30,10,2026-07-28 12:10:00+05:30,8.53606487407621e-05,True
2026-07-28 12:00:00+05:30,2026-07-28 12:00:00+05:30,2026-07-28 12:05:00+05:30,15,2026-07-28 12:15:00+05:30,-8.536064874098415e-05,True
2026-07-28 12:00:00+05:30,2026-07-28 12:00:00+05:30,2026-07-28 12:05:00+05:30,20,2026-07-28 12:20:00+05:30,0.0,True
2026-07-28 12:00:00+05:30,2026-07-28 12:00:00+05:30,2026-07-28 12:05:00+05:30,25,2026-07-28 12:25:00+05:30,-0.0004268032437046987,True
2026-07-28 12:00:00+05:30,2026-07-28 12:00:00+05:30,2026-07-28 12:05:00+05:30,30,2026-07-28 12:30:00+05:30,-0.00034144259496382556,True
2026-07-28 12:00:00+05:30,2026-07-28 12:00:00+05:30,2026-07-28 12:05:00+05:30,45,2026-07-28 12:45:00+05:30,0.0,True
2026-07-28 12:00:00+05:30,2026-07-28 12:00:00+05:30,2026-07-28 12:05:00+05:30,60,2026-07-28 13:00:00+05:30,-0.0001707212974819683,True
2026-07-29 12:00:00+05:30,2026-07-29 12:00:00+05:30,2026-07-29 12:05:00+05:30,5,2026-07-29 12:05:00+05:30,0.00017077960891476174,True
2026-07-29 12:00:00+05:30,2026-07-29 12:00:00+05:30,2026-07-29 12:05:00+05:30,10,2026-07-29 12:10:00+05:30,-0.00017077960891465072,True
2026-07-29 12:00:00+05:30,2026-07-29 12:00:00+05:30,2026-07-29 12:05:00+05:30,15,2026-07-29 12:15:00+05:30,-0.0010246776534882374,True
2026-07-29 12:00:00+05:30,2026-07-29 12:00:00+05:30,2026-07-29 12:05:00+05:30,20,2026-07-29 12:20:00+05:30,-0.0013662368713175388,True
2026-07-29 12:00:00+05:30,2026-07-29 12:00:00+05:30,2026-07-29 12:05:00+05:30,25,2026-07-29 12:25:00+05:30,-0.0015370164802321895,True
2026-07-29 12:00:00+05:30,2026-07-29 12:00:00+05:30,2026-07-29 12:05:00+05:30,30,2026-07-29 12:30:00+05:30,-0.0014516266757749197,True
2026-07-29 12:00:00+05:30,2026-07-29 12:00:00+05:30,2026-07-29 12:05:00+05:30,45,2026-07-29 12:45:00+05:30,-0.0007685082401162058,True
2026-07-29 12:00:00+05:30,2026-07-29 12:00:00+05:30,2026-07-29 12:05:00+05:30,60,2026-07-29 13:00:00+05:30,-0.0004269490222866823,True
2026-07-30 13:40:00+05:30,2026-07-30 13:40:00+05:30,2026-07-30 13:45:00+05:30,5,2026-07-30 13:45:00+05:30,0.0002561256723299099,True
2026-07-30 13:40:00+05:30,2026-07-30 13:40:00+05:30,2026-07-30 13:45:00+05:30,10,2026-07-30 13:50:00+05:30,0.0010245026893196396,True
2026-07-30 13:40:00+05:30,2026-07-30 13:40:00+05:30,2026-07-30 13:45:00+05:30,15,2026-07-30 13:55:00+05:30,0.0020490053786392792,True
2026-07-30 13:40:00+05:30,2026-07-30 13:40:00+05:30,2026-07-30 13:45:00+05:30,20,2026-07-30 14:00:00+05:30,0.002390506275079085,True
2026-07-30 13:40:00+05:30,2026-07-30 13:40:00+05:30,2026-07-30 13:45:00+05:30,25,2026-07-30 14:05:00+05:30,0.0014513788098693414,True
2026-07-30 13:40:00+05:30,2026-07-30 13:40:00+05:30,2026-07-30 13:45:00+05:30,30,2026-07-30 14:10:00+05:30,0.0014513788098693414,True
2026-07-30 13:40:00+05:30,2026-07-30 13:40:00+05:30,2026-07-30 13:45:00+05:30,45,2026-07-30 14:25:00+05:30,0.0018782549304192653,True
2026-07-30 13:40:00+05:30,2026-07-30 13:40:00+05:30,2026-07-30 13:45:00+05:30,60,2026-07-30 14:40:00+05:30,0.002134380602749175,True
2026-08-04 13:35:00+05:30,2026-08-04 13:35:00+05:30,2026-08-04 13:40:00+05:30,5,2026-08-04 13:40:00+05:30,0.0,True
2026-08-04 13:35:00+05:30,2026-08-04 13:35:00+05:30,2026-08-04 13:40:00+05:30,10,2026-08-04 13:45:00+05:30,-0.0005960998041386611,True
2026-08-04 13:35:00+05:30,2026-08-04 13:35:00+05:30,2026-08-04 13:40:00+05:30,15,2026-08-04 13:50:00+05:30,-0.0009367282636465468,True
2026-08-04 13:35:00+05:30,2026-08-04 13:35:00+05:30,2026-08-04 13:40:00+05:30,20,2026-08-04 13:55:00+05:30,-0.0007664140338925485,True
2026-08-04 13:35:00+05:30,2026-08-04 13:35:00+05:30,2026-08-04 13:40:00+05:30,25,2026-08-04 14:00:00+05:30,-0.0007664140338925485,True
2026-08-04 13:35:00+05:30,2026-08-04 13:35:00+05:30,2026-08-04 13:40:00+05:30,30,2026-08-04 14:05:00+05:30,-0.0011070424934004341,True
2026-08-04 13:35:00+05:30,2026-08-04 13:35:00+05:30,2026-08-04 13:40:00+05:30,45,2026-08-04 14:20:00+05:30,-0.0016179851826620961,True
2026-08-04 13:35:00+05:30,2026-08-04 13:35:00+05:30,2026-08-04 13:40:00+05:30,60,2026-08-04 14:35:00+05:30,-0.002554713446308532,True
2026-08-05 11:45:00+05:30,2026-08-05 11:45:00+05:30,2026-08-05 11:50:00+05:30,5,2026-08-05 11:50:00+05:30,0.0006698484467888566,True
2026-08-05 11:45:00+05:30,2026-08-05 11:45:00+05:30,2026-08-05 11:50:00+05:30,10,2026-08-05 11:55:00+05:30,0.0005861173909402773,True
2026-08-05 11:45:00+05:30,2026-08-05 11:45:00+05:30,2026-08-05 11:50:00+05:30,15,2026-08-05 12:00:00+05:30,0.001842083228669411,True
2026-08-05 11:45:00+05:30,2026-08-05 11:45:00+05:30,2026-08-05 11:50:00+05:30,20,2026-08-05 12:05:00+05:30,0.0017583521728208318,True
2026-08-05 11:45:00+05:30,2026-08-05 11:45:00+05:30,2026-08-05 11:50:00+05:30,25,2026-08-05 12:10:00+05:30,0.0015908900611236731,True
2026-08-05 11:45:00+05:30,2026-08-05 11:45:00+05:30,2026-08-05 11:50:00+05:30,30,2026-08-05 12:15:00+05:30,0.0017583521728208318,True
2026-08-05 11:45:00+05:30,2026-08-05 11:45:00+05:30,2026-08-05 11:50:00+05:30,45,2026-08-05 12:30:00+05:30,0.0005023863350914759,True
2026-08-05 11:45:00+05:30,2026-08-05 11:45:00+05:30,2026-08-05 11:50:00+05:30,60,2026-08-05 12:45:00+05:30,0.00033492422339431727,True
2026-08-06 14:00:00+05:30,2026-08-06 14:00:00+05:30,2026-08-06 14:05:00+05:30,5,2026-08-06 14:05:00+05:30,-0.00016371971185324963,True
2026-08-06 14:00:00+05:30,2026-08-06 14:00:00+05:30,2026-08-06 14:05:00+05:30,10,2026-08-06 14:10:00+05:30,0.0,True
2026-08-06 14:00:00+05:30,2026-08-06 14:00:00+05:30,2026-08-06 14:05:00+05:30,15,2026-08-06 14:15:00+05:30,0.00016371971185336065,True
2026-08-06 14:00:00+05:30,2026-08-06 14:00:00+05:30,2026-08-06 14:05:00+05:30,20,2026-08-06 14:20:00+05:30,0.000245579567780041,True
2026-08-06 14:00:00+05:30,2026-08-06 14:00:00+05:30,2026-08-06 14:05:00+05:30,25,2026-08-06 14:25:00+05:30,0.0010641781270466222,True
2026-08-06 14:00:00+05:30,2026-08-06 14:00:00+05:30,2026-08-06 14:05:00+05:30,30,2026-08-06 14:30:00+05:30,0.0024557956777995216,True
2026-08-06 14:00:00+05:30,2026-08-06 14:00:00+05:30,2026-08-06 14:05:00+05:30,45,2026-08-06 14:45:00+05:30,0.002537655533726202,True
2026-08-06 14:00:00+05:30,2026-08-06 14:00:00+05:30,2026-08-06 14:05:00+05:30,60,2026-08-06 15:00:00+05:30,0.002783235101506243,True
2026-08-07 11:45:00+05:30,2026-08-07 11:45:00+05:30,2026-08-07 11:50:00+05:30,5,2026-08-07 11:50:00+05:30,-0.00048903741136197,True
2026-08-07 11:45:00+05:30,2026-08-07 11:45:00+05:30,2026-08-07 11:50:00+05:30,10,2026-08-07 11:55:00+05:30,-0.001304099763631883,True
2026-08-07 11:45:00+05:30,2026-08-07 11:45:00+05:30,2026-08-07 11:50:00+05:30,15,2026-08-07 12:00:00+05:30,-0.000733556117042955,True
2026-08-07 11:45:00+05:30,2026-08-07 11:45:00+05:30,2026-08-07 11:50:00+05:30,20,2026-08-07 12:05:00+05:30,0.000570543646589039,True
2026-08-07 11:45:00+05:30,2026-08-07 11:45:00+05:30,2026-08-07 11:50:00+05:30,25,2026-08-07 12:10:00+05:30,0.000733556117042955,True
2026-08-07 11:45:00+05:30,2026-08-07 11:45:00+05:30,2026-08-07 11:50:00+05:30,30,2026-08-07 12:15:00+05:30,-8.150623522695799e-05,True
2026-08-07 11:45:00+05:30,2026-08-07 11:45:00+05:30,2026-08-07 11:50:00+05:30,45,2026-08-07 12:30:00+05:30,0.001222593528404925,True
2026-08-07 11:45:00+05:30,2026-08-07 11:45:00+05:30,2026-08-07 11:50:00+05:30,60,2026-08-07 12:45:00+05:30,0.000652049881815886,True
2026-08-07 13:40:00+05:30,2026-08-07 13:40:00+05:30,2026-08-07 13:45:00+05:30,5,2026-08-07 13:45:00+05:30,-0.0004872107186357777,True
2026-08-07 13:40:00+05:30,2026-08-07 13:40:00+05:30,2026-08-07 13:45:00+05:30,10,2026-08-07 13:50:00+05:30,-0.001136825010150222,True
2026-08-07 13:40:00+05:30,2026-08-07 13:40:00+05:30,2026-08-07 13:45:00+05:30,15,2026-08-07 13:55:00+05:30,-0.0008932196508323331,True
2026-08-07 13:40:00+05:30,2026-08-07 13:40:00+05:30,2026-08-07 13:45:00+05:30,20,2026-08-07 14:00:00+05:30,0.0018676410881037775,True
2026-08-07 13:40:00+05:30,2026-08-07 13:40:00+05:30,2026-08-07 13:45:00+05:30,25,2026-08-07 14:05:00+05:30,0.0009744214372715554,True
2026-08-07 13:40:00+05:30,2026-08-07 13:40:00+05:30,2026-08-07 13:45:00+05:30,30,2026-08-07 14:10:00+05:30,0.001705237515225333,True
2026-08-07 13:40:00+05:30,2026-08-07 13:40:00+05:30,2026-08-07 13:45:00+05:30,45,2026-08-07 14:25:00+05:30,0.0016240357287859997,True
2026-08-07 13:40:00+05:30,2026-08-07 13:40:00+05:30,2026-08-07 13:45:00+05:30,60,2026-08-07 14:40:00+05:30,0.0008932196508322221,True
2026-08-10 12:15:00+05:30,2026-08-10 12:15:00+05:30,2026-08-10 12:20:00+05:30,5,2026-08-10 12:20:00+05:30,-0.0002401152553225261,True
2026-08-10 12:15:00+05:30,2026-08-10 12:15:00+05:30,2026-08-10 12:20:00+05:30,10,2026-08-10 12:25:00+05:30,8.003841844095305e-05,True
2026-08-10 12:15:00+05:30,2026-08-10 12:15:00+05:30,2026-08-10 12:20:00+05:30,15,2026-08-10 12:30:00+05:30,-0.00040019209220421015,True
2026-08-10 12:15:00+05:30,2026-08-10 12:15:00+05:30,2026-08-10 12:20:00+05:30,20,2026-08-10 12:35:00+05:30,-0.00040019209220421015,True
2026-08-10 12:15:00+05:30,2026-08-10 12:15:00+05:30,2026-08-10 12:20:00+05:30,25,2026-08-10 12:40:00+05:30,-0.0011205378581718994,True
2026-08-10 12:15:00+05:30,2026-08-10 12:15:00+05:30,2026-08-10 12:20:00+05:30,30,2026-08-10 12:45:00+05:30,-0.00040019209220421015,True
2026-08-10 12:15:00+05:30,2026-08-10 12:15:00+05:30,2026-08-10 12:20:00+05:30,45,2026-08-10 13:00:00+05:30,-0.0007203457659676893,True
2026-08-10 12:15:00+05:30,2026-08-10 12:15:00+05:30,2026-08-10 12:20:00+05:30,60,2026-08-10 13:15:00+05:30,-0.00016007683688168406,True
2026-08-12 14:40:00+05:30,2026-08-12 14:40:00+05:30,2026-08-12 14:45:00+05:30,5,2026-08-12 14:45:00+05:30,0.0008703908846336983,True
2026-08-12 14:40:00+05:30,2026-08-12 14:40:00+05:30,2026-08-12 14:45:00+05:30,10,2026-08-12 14:50:00+05:30,0.0006330115524608715,True
2026-08-12 14:40:00+05:30,2026-08-12 14:40:00+05:30,2026-08-12 14:45:00+05:30,15,2026-08-12 14:55:00+05:30,7.912644405760894e-05,True
2026-08-12 14:40:00+05:30,2026-08-12 14:40:00+05:30,2026-08-12 14:45:00+05:30,20,2026-08-12 15:00:00+05:30,0.00031650577623043574,True
2026-08-12 14:40:00+05:30,2026-08-12 14:40:00+05:30,2026-08-12 14:45:00+05:30,25,2026-08-12 15:05:00+05:30,0.0004747586643456536,True
2026-08-12 14:40:00+05:30,2026-08-12 14:40:00+05:30,2026-08-12 14:45:00+05:30,30,2026-08-12 15:10:00+05:30,0.0004747586643456536,True
2026-08-12 14:40:00+05:30,2026-08-12 14:40:00+05:30,2026-08-12 14:45:00+05:30,45,2026-08-12 15:25:00+05:30,0.0009495173286913072,True
2026-08-12 14:40:00+05:30,2026-08-12 14:40:00+05:30,2026-08-12 14:45:00+05:30,60,,,False
2026-08-14 13:35:00+05:30,2026-08-14 13:35:00+05:30,2026-08-14 13:40:00+05:30,5,2026-08-14 13:40:00+05:30,-0.00032038446135351784,True
2026-08-14 13:35:00+05:30,2026-08-14 13:35:00+05:30,2026-08-14 13:40:00+05:30,10,2026-08-14 13:45:00+05:30,-0.00032038446135351784,True
2026-08-14 13:35:00+05:30,2026-08-14 13:35:00+05:30,2026-08-14 13:40:00+05:30,15,2026-08-14 13:50:00+05:30,-0.0006407689227072577,True
2026-08-14 13:35:00+05:30,2026-08-14 13:35:00+05:30,2026-08-14 13:40:00+05:30,20,2026-08-14 13:55:00+05:30,-0.0004004805766919528,True
2026-08-14 13:35:00+05:30,2026-08-14 13:35:00+05:30,2026-08-14 13:40:00+05:30,25,2026-08-14 14:00:00+05:30,-0.0004805766920303878,True
2026-08-14 13:35:00+05:30,2026-08-14 13:35:00+05:30,2026-08-14 13:40:00+05:30,30,2026-08-14 14:05:00+05:30,0.0002402883460153049,True
2026-08-14 13:35:00+05:30,2026-08-14 13:35:00+05:30,2026-08-14 13:40:00+05:30,45,2026-08-14 14:20:00+05:30,8.009611533843497e-05,True
2026-08-14 13:35:00+05:30,2026-08-14 13:35:00+05:30,2026-08-14 13:40:00+05:30,60,2026-08-14 14:35:00+05:30,0.0004805766920303878,True
2026-08-17 12:20:00+05:30,2026-08-17 12:20:00+05:30,2026-08-17 12:25:00+05:30,5,2026-08-17 12:25:00+05:30,0.0003161555485298173,True
2026-08-17 12:20:00+05:30,2026-08-17 12:20:00+05:30,2026-08-17 12:25:00+05:30,10,2026-08-17 12:30:00+05:30,7.903888713256535e-05,True
2026-08-17 12:20:00+05:30,2026-08-17 12:20:00+05:30,2026-08-17 12:25:00+05:30,15,2026-08-17 12:35:00+05:30,-0.0003161555485298173,True
2026-08-17 12:20:00+05:30,2026-08-17 12:20:00+05:30,2026-08-17 12:25:00+05:30,20,2026-08-17 12:40:00+05:30,-0.0007903888713246543,True
2026-08-17 12:20:00+05:30,2026-08-17 12:20:00+05:30,2026-08-17 12:25:00+05:30,25,2026-08-17 12:45:00+05:30,-0.000474233322794837,True
2026-08-17 12:20:00+05:30,2026-08-17 12:20:00+05:30,2026-08-17 12:25:00+05:30,30,2026-08-17 12:50:00+05:30,-0.000711349984192089,True
2026-08-17 12:20:00+05:30,2026-08-17 12:20:00+05:30,2026-08-17 12:25:00+05:30,45,2026-08-17 13:05:00+05:30,0.00047423332279472596,True
2026-08-17 12:20:00+05:30,2026-08-17 12:20:00+05:30,2026-08-17 12:25:00+05:30,60,2026-08-17 13:20:00+05:30,0.00015807777426490865,True
2026-08-18 11:50:00+05:30,2026-08-18 11:50:00+05:30,2026-08-18 11:55:00+05:30,5,2026-08-18 11:55:00+05:30,0.0003160806005531036,True
2026-08-18 11:50:00+05:30,2026-08-18 11:50:00+05:30,2026-08-18 11:55:00+05:30,10,2026-08-18 12:00:00+05:30,-0.0003951007506913795,True
2026-08-18 11:50:00+05:30,2026-08-18 11:50:00+05:30,2026-08-18 11:55:00+05:30,15,2026-08-18 12:05:00+05:30,-0.0002370604504148277,True
2026-08-18 11:50:00+05:30,2026-08-18 11:50:00+05:30,2026-08-18 11:55:00+05:30,20,2026-08-18 12:10:00+05:30,-7.902015013816488e-05,True
2026-08-18 11:50:00+05:30,2026-08-18 11:50:00+05:30,2026-08-18 11:55:00+05:30,25,2026-08-18 12:15:00+05:30,0.0001580403002765518,True
2026-08-18 11:50:00+05:30,2026-08-18 11:50:00+05:30,2026-08-18 11:55:00+05:30,30,2026-08-18 12:20:00+05:30,7.902015013838692e-05,True
2026-08-18 11:50:00+05:30,2026-08-18 11:50:00+05:30,2026-08-18 11:55:00+05:30,45,2026-08-18 12:35:00+05:30,0.0001580403002765518,True
2026-08-18 11:50:00+05:30,2026-08-18 11:50:00+05:30,2026-08-18 11:55:00+05:30,60,2026-08-18 12:50:00+05:30,0.0003160806005531036,True
2026-08-18 12:55:00+05:30,2026-08-18 12:55:00+05:30,2026-08-18 13:00:00+05:30,5,2026-08-18 13:00:00+05:30,-0.000631612190115205,True
2026-08-18 12:55:00+05:30,2026-08-18 12:55:00+05:30,2026-08-18 13:00:00+05:30,10,2026-08-18 13:05:00+05:30,-0.000315806095057547,True
2026-08-18 12:55:00+05:30,2026-08-18 12:55:00+05:30,2026-08-18 13:00:00+05:30,15,2026-08-18 13:10:00+05:30,-0.000315806095057547,True
2026-08-18 12:55:00+05:30,2026-08-18 12:55:00+05:30,2026-08-18 13:00:00+05:30,20,2026-08-18 13:15:00+05:30,-0.000394757618822017,True
2026-08-18 12:55:00+05:30,2026-08-18 12:55:00+05:30,2026-08-18 13:00:00+05:30,25,2026-08-18 13:20:00+05:30,-0.000631612190115205,True
2026-08-18 12:55:00+05:30,2026-08-18 12:55:00+05:30,2026-08-18 13:00:00+05:30,30,2026-08-18 13:25:00+05:30,-0.000789515237644034,True
2026-08-18 12:55:00+05:30,2026-08-18 12:55:00+05:30,2026-08-18 13:00:00+05:30,45,2026-08-18 13:40:00+05:30,-0.001657981999052538,True
2026-08-18 12:55:00+05:30,2026-08-18 12:55:00+05:30,2026-08-18 13:00:00+05:30,60,2026-08-18 13:55:00+05:30,-0.002526448760461042,True
2026-08-19 12:20:00+05:30,2026-08-19 12:20:00+05:30,2026-08-19 12:25:00+05:30,5,2026-08-19 12:25:00+05:30,-0.00023913909924277998,True
2026-08-19 12:20:00+05:30,2026-08-19 12:20:00+05:30,2026-08-19 12:25:00+05:30,10,2026-08-19 12:30:00+05:30,-0.0003985651654044853,True
2026-08-19 12:20:00+05:30,2026-08-19 12:20:00+05:30,2026-08-19 12:25:00+05:30,15,2026-08-19 12:35:00+05:30,0.0005579912315663016,True
2026-08-19 12:20:00+05:30,2026-08-19 12:20:00+05:30,2026-08-19 12:25:00+05:30,20,2026-08-19 12:40:00+05:30,0.00023913909924266896,True
2026-08-19 12:20:00+05:30,2026-08-19 12:20:00+05:30,2026-08-19 12:25:00+05:30,25,2026-08-19 12:45:00+05:30,0.0003985651654045963,True
2026-08-19 12:20:00+05:30,2026-08-19 12:20:00+05:30,2026-08-19 12:25:00+05:30,30,2026-08-19 12:50:00+05:30,0.0009565563969708979,True
2026-08-19 12:20:00+05:30,2026-08-19 12:20:00+05:30,2026-08-19 12:25:00+05:30,45,2026-08-19 13:05:00+05:30,0.0023913909924271337,True
2026-08-19 12:20:00+05:30,2026-08-19 12:20:00+05:30,2026-08-19 12:25:00+05:30,60,2026-08-19 13:20:00+05:30,0.0013551215623754942,True
2026-08-21 11:45:00+05:30,2026-08-21 11:45:00+05:30,2026-08-21 11:50:00+05:30,5,2026-08-21 11:50:00+05:30,-0.0009942638623327005,True
2026-08-21 11:45:00+05:30,2026-08-21 11:45:00+05:30,2026-08-21 11:50:00+05:30,10,2026-08-21 11:55:00+05:30,0.00030592734225609597,True
2026-08-21 11:45:00+05:30,2026-08-21 11:45:00+05:30,2026-08-21 11:50:00+05:30,15,2026-08-21 12:00:00+05:30,0.0009942638623325895,True
2026-08-21 11:45:00+05:30,2026-08-21 11:45:00+05:30,2026-08-21 11:50:00+05:30,20,2026-08-21 12:05:00+05:30,0.0017590822179731624,True
2026-08-21 11:45:00+05:30,2026-08-21 11:45:00+05:30,2026-08-21 11:50:00+05:30,25,2026-08-21 12:10:00+05:30,0.001376673040152987,True
2026-08-21 11:45:00+05:30,2026-08-21 11:45:00+05:30,2026-08-21 11:50:00+05:30,30,2026-08-21 12:15:00+05:30,0.001835564053537464,True
2026-08-21 11:45:00+05:30,2026-08-21 11:45:00+05:30,2026-08-21 11:50:00+05:30,45,2026-08-21 12:30:00+05:30,0.001835564053537464,True
2026-08-21 11:45:00+05:30,2026-08-21 11:45:00+05:30,2026-08-21 11:50:00+05:30,60,2026-08-21 12:45:00+05:30,0.0014531548757170665,True
2026-08-21 13:50:00+05:30,2026-08-21 13:50:00+05:30,2026-08-21 13:55:00+05:30,5,2026-08-21 13:55:00+05:30,0.0005336586109629948,True
2026-08-21 13:50:00+05:30,2026-08-21 13:50:00+05:30,2026-08-21 13:55:00+05:30,10,2026-08-21 14:00:00+05:30,0.0006098955553861529,True
2026-08-21 13:50:00+05:30,2026-08-21 13:50:00+05:30,2026-08-21 13:55:00+05:30,15,2026-08-21 14:05:00+05:30,0.0009910802775026095,True
2026-08-21 13:50:00+05:30,2026-08-21 13:50:00+05:30,2026-08-21 13:55:00+05:30,20,2026-08-21 14:10:00+05:30,0.0018296866661584588,True
2026-08-21 13:50:00+05:30,2026-08-21 13:50:00+05:30,2026-08-21 13:55:00+05:30,25,2026-08-21 14:15:00+05:30,0.001982160555004997,True
2026-08-21 13:50:00+05:30,2026-08-21 13:50:00+05:30,2026-08-21 13:55:00+05:30,30,2026-08-21 14:20:00+05:30,0.0022108713882749154,True
2026-08-21 13:50:00+05:30,2026-08-21 13:50:00+05:30,2026-08-21 13:55:00+05:30,45,2026-08-21 14:35:00+05:30,0.00419303194327969,True
2026-08-21 13:50:00+05:30,2026-08-21 13:50:00+05:30,2026-08-21 13:55:00+05:30,60,2026-08-21 14:50:00+05:30,0.003201951665777303,True
2026-08-24 11:45:00+05:30,2026-08-24 11:45:00+05:30,2026-08-24 11:50:00+05:30,5,2026-08-24 11:50:00+05:30,-0.0005989817310573242,True
2026-08-24 11:45:00+05:30,2026-08-24 11:45:00+05:30,2026-08-24 11:50:00+05:30,10,2026-08-24 11:55:00+05:30,-0.0016471997604072808,True
2026-08-24 11:45:00+05:30,2026-08-24 11:45:00+05:30,2026-08-24 11:50:00+05:30,15,2026-08-24 12:00:00+05:30,-0.000374363581910786,True
2026-08-24 11:45:00+05:30,2026-08-24 11:45:00+05:30,2026-08-24 11:50:00+05:30,20,2026-08-24 12:05:00+05:30,-0.000374363581910786,True
2026-08-24 11:45:00+05:30,2026-08-24 11:45:00+05:30,2026-08-24 11:50:00+05:30,25,2026-08-24 12:10:00+05:30,-0.0012728361784967168,True
2026-08-24 11:45:00+05:30,2026-08-24 11:45:00+05:30,2026-08-24 11:50:00+05:30,30,2026-08-24 12:15:00+05:30,-0.0008235998802037514,True
2026-08-24 11:45:00+05:30,2026-08-24 11:45:00+05:30,2026-08-24 11:50:00+05:30,45,2026-08-24 12:30:00+05:30,-0.0005989817310573242,True
2026-08-24 11:45:00+05:30,2026-08-24 11:45:00+05:30,2026-08-24 11:50:00+05:30,60,2026-08-24 12:45:00+05:30,-0.0014225816112608536,True
2026-08-25 11:50:00+05:30,2026-08-25 11:50:00+05:30,2026-08-25 11:55:00+05:30,5,2026-08-25 11:55:00+05:30,0.0007500750075006835,True
2026-08-25 11:50:00+05:30,2026-08-25 11:50:00+05:30,2026-08-25 11:55:00+05:30,10,2026-08-25 12:00:00+05:30,0.0005250525052504784,True
2026-08-25 11:50:00+05:30,2026-08-25 11:50:00+05:30,2026-08-25 11:55:00+05:30,15,2026-08-25 12:05:00+05:30,0.0001500150015001367,True
2026-08-25 11:50:00+05:30,2026-08-25 11:50:00+05:30,2026-08-25 11:55:00+05:30,20,2026-08-25 12:10:00+05:30,-0.0004500450045005211,True
2026-08-25 11:50:00+05:30,2026-08-25 11:50:00+05:30,2026-08-25 11:55:00+05:30,25,2026-08-25 12:15:00+05:30,-7.500750074995732e-05,True
2026-08-25 11:50:00+05:30,2026-08-25 11:50:00+05:30,2026-08-25 11:55:00+05:30,30,2026-08-25 12:20:00+05:30,-0.0012001200120012046,True
2026-08-25 11:50:00+05:30,2026-08-25 11:50:00+05:30,2026-08-25 11:55:00+05:30,45,2026-08-25 12:35:00+05:30,-0.0010501050105009568,True
2026-08-25 11:50:00+05:30,2026-08-25 11:50:00+05:30,2026-08-25 11:55:00+05:30,60,2026-08-25 12:50:00+05:30,-0.001500150015001367,True
2026-08-27 13:20:00+05:30,2026-08-27 13:20:00+05:30,2026-08-27 13:25:00+05:30,5,2026-08-27 13:25:00+05:30,0.0006144393241167556,True
2026-08-27 13:20:00+05:30,2026-08-27 13:20:00+05:30,2026-08-27 13:25:00+05:30,10,2026-08-27 13:30:00+05:30,0.0022273425499232946,True
2026-08-27 13:20:00+05:30,2026-08-27 13:20:00+05:30,2026-08-27 13:25:00+05:30,15,2026-08-27 13:35:00+05:30,0.0013824884792628112,True
2026-08-27 13:20:00+05:30,2026-08-27 13:20:00+05:30,2026-08-27 13:25:00+05:30,20,2026-08-27 13:40:00+05:30,0.001689708141320967,True
2026-08-27 13:20:00+05:30,2026-08-27 13:20:00+05:30,2026-08-27 13:25:00+05:30,25,2026-08-27 13:45:00+05:30,0.0,True
2026-08-27 13:20:00+05:30,2026-08-27 13:20:00+05:30,2026-08-27 13:25:00+05:30,30,2026-08-27 13:50:00+05:30,0.0006144393241167556,True
2026-08-27 13:20:00+05:30,2026-08-27 13:20:00+05:30,2026-08-27 13:25:00+05:30,45,2026-08-27 14:05:00+05:30,-0.0007680491551458335,True
2026-08-27 13:20:00+05:30,2026-08-27 13:20:00+05:30,2026-08-27 13:25:00+05:30,60,2026-08-27 14:20:00+05:30,0.0006144393241167556,True
2026-08-28 12:15:00+05:30,2026-08-28 12:15:00+05:30,2026-08-28 12:20:00+05:30,5,2026-08-28 12:20:00+05:30,0.00023027325759894524,True
2026-08-28 12:15:00+05:30,2026-08-28 12:15:00+05:30,2026-08-28 12:20:00+05:30,10,2026-08-28 12:25:00+05:30,0.0023027325759903405,True
2026-08-28 12:15:00+05:30,2026-08-28 12:15:00+05:30,2026-08-28 12:20:00+05:30,15,2026-08-28 12:30:00+05:30,0.002456248081056156,True
2026-08-28 12:15:00+05:30,2026-08-28 12:15:00+05:30,2026-08-28 12:20:00+05:30,20,2026-08-28 12:35:00+05:30,0.00061406202026415,True
2026-08-28 12:15:00+05:30,2026-08-28 12:15:00+05:30,2026-08-28 12:20:00+05:30,25,2026-08-28 12:40:00+05:30,0.0009978507829291328,True
2026-08-28 12:15:00+05:30,2026-08-28 12:15:00+05:30,2026-08-28 12:20:00+05:30,30,2026-08-28 12:45:00+05:30,0.002149217070924081,True
2026-08-28 12:15:00+05:30,2026-08-28 12:15:00+05:30,2026-08-28 12:20:00+05:30,45,2026-08-28 13:00:00+05:30,0.005526558182376462,True
2026-08-28 12:15:00+05:30,2026-08-28 12:15:00+05:30,2026-08-28 12:20:00+05:30,60,2026-08-28 13:15:00+05:30,0.004605465151980237,True
