signal_timestamp,entry_timestamp,exit_timestamp,z_score_x,prior_return_6bar_x,entry_price_raw,exit_price_raw,gross_return,transaction_cost,slippage_return,net_return,equity,running_peak,drawdown,session_date,time_of_day,time_of_day_bucket,signal_close,prior_mean_30,prior_std_30,z_score_y,prior_return_6bar_y,volume,prior_volume_mean_30,volume_ratio_30,trade_id,signal_horizon_minutes,entry_to_exit_minutes,mfe_return,mae_return,mfe_timestamp,mae_timestamp,mfe_minutes_from_entry,mae_minutes_from_entry
2025-01-02 14:30:00+05:30,2025-01-02 14:35:00+05:30,2025-01-02 15:00:00+05:30,2.6794037284392447,0.0010847667751432422,64.62,64.65,0.00046425255338911064,0.0,0.0,0.00046425255338911064,1.000464252553389,1.000464252553389,0.0,2025-01-02,14:30,14-15,64.65,64.576,0.02761808502935739,2.6794037284392447,0.0010847667751432422,75458,102545.2,0.7358511173609297,2025-01-02 14:30:00+05:30,30.0,25.0,0.0007737542556482957,-0.0003095017022595181,2025-01-02 14:45:00+05:30,2025-01-02 15:00:00+05:30,10.0,25.0
2025-01-06 14:30:00+05:30,2025-01-06 14:35:00+05:30,2025-01-06 15:00:00+05:30,2.115924291545866,0.00248447204968949,64.61,64.61,0.0,0.0,0.0,0.0,1.000464252553389,1.000464252553389,0.0,2025-01-06,14:30,14-15,64.61,64.462,0.06994579181841583,2.115924291545866,0.00248447204968949,409432,106905.73333333334,3.829841368033894,2025-01-06 14:30:00+05:30,30.0,25.0,0.0006190992106485105,-0.00046432440798638286,2025-01-06 15:00:00+05:30,2025-01-06 14:35:00+05:30,25.0,0.0
2025-01-08 11:45:00+05:30,2025-01-08 11:50:00+05:30,2025-01-08 12:15:00+05:30,2.586890530394702,0.0013846153846155396,65.09,65.09,0.0,0.0,0.0,0.0,1.000464252553389,1.000464252553389,0.0,2025-01-08,11:45,11-12,65.09,64.95866666666667,0.050768802077331,2.586890530394702,0.0013846153846155396,29614,75466.53333333334,0.39241235408543124,2025-01-08 11:45:00+05:30,30.0,25.0,0.0004609002919035987,-0.0003072668612691398,2025-01-08 12:10:00+05:30,2025-01-08 11:50:00+05:30,20.0,0.0
2025-01-09 12:25:00+05:30,2025-01-09 12:30:00+05:30,2025-01-09 12:55:00+05:30,2.2500845842153576,0.00030646644192455774,65.33,65.32,-0.0001530690341344787,0.0,0.0,-0.0001530690341344787,1.0003111124565647,1.000464252553389,-0.0001530690341344787,2025-01-09,12:25,12-13,65.33,65.28366666666666,0.020591818484678826,2.2500845842153576,0.00030646644192455774,87231,99216.6,0.8791976342668464,2025-01-09 12:25:00+05:30,30.0,25.0,0.0001530690341344787,-0.0006122761365374707,2025-01-09 12:30:00+05:30,2025-01-09 12:45:00+05:30,0.0,15.0
2025-01-09 14:05:00+05:30,2025-01-09 14:10:00+05:30,2025-01-09 14:35:00+05:30,2.585273695722079,0.00045948843620746693,65.34,65.38,0.0006121824303642054,0.0,0.0,0.0006121824303642054,1.0009234853445086,1.0009234853445086,0.0,2025-01-09,14:05,14-15,65.36,65.30633333333333,0.020758601596216106,2.585273695722079,0.00045948843620746693,152893,70778.03333333334,2.1601758737762795,2025-01-09 14:05:00+05:30,30.0,25.0,0.0007652280379553122,-0.00045913682277320955,2025-01-09 14:35:00+05:30,2025-01-09 14:15:00+05:30,25.0,5.0
2025-01-10 12:25:00+05:30,2025-01-10 12:30:00+05:30,2025-01-10 12:55:00+05:30,2.3121552314983895,0.00045745654162865357,65.64,65.58,-0.000914076782449813,0.0,0.0,-0.000914076782449813,1.0000085644255465,1.0009234853445086,-0.000914076782449702,2025-01-10,12:25,12-13,65.63,65.587,0.018597367258999326,2.3121552314983895,0.00045745654162865357,45813,102591.73333333334,0.44655644769299147,2025-01-10 12:25:00+05:30,30.0,25.0,0.00015234613040826517,-0.0013711151736746086,2025-01-10 12:30:00+05:30,2025-01-10 12:55:00+05:30,0.0,25.0
2025-01-10 13:50:00+05:30,2025-01-10 13:55:00+05:30,2025-01-10 14:20:00+05:30,2.615111690885669,0.0013732072017087482,65.67,65.66,-0.0001522765341861465,0.0,0.0,-0.0001522765341861465,0.9998562865871994,1.0009234853445086,-0.0010662141241913892,2025-01-10,13:50,13-14,65.65,65.59033333333333,0.022816106430415817,2.615111690885669,0.0013732072017087482,269931,70556.5,3.8257424900611565,2025-01-10 13:50:00+05:30,30.0,25.0,0.0004568296025582175,-0.0004568296025582175,2025-01-10 14:15:00+05:30,2025-01-10 13:55:00+05:30,20.0,0.0
2025-01-10 14:55:00+05:30,2025-01-10 15:00:00+05:30,2025-01-10 15:25:00+05:30,3.182023036624488,0.0024367956137678615,65.85,65.87,0.00030372057706928857,0.0,0.0,0.00030372057706928857,1.000159963515548,1.0009234853445086,-0.0007628173782912029,2025-01-10,14:55,14-15,65.82,65.62833333333334,0.060234217182151516,3.182023036624488,0.0024367956137678615,139179,148770.36666666667,0.9355290513724619,2025-01-10 14:55:00+05:30,30.0,25.0,0.0036446469248292424,-0.0004555808656037108,2025-01-10 15:20:00+05:30,2025-01-10 15:00:00+05:30,20.0,0.0
2025-01-13 12:25:00+05:30,2025-01-13 12:30:00+05:30,2025-01-13 12:55:00+05:30,2.76460099841115,0.0009060706735126711,66.33,66.31,-0.0003015226895822787,0.0,0.0,-0.0003015226895822787,0.9998583925933363,1.0009234853445086,-0.0010641100611258336,2025-01-13,12:25,12-13,66.33,66.18233333333333,0.0534133738472683,2.76460099841115,0.0009060706735126711,243100,275869.6,0.8812134428730096,2025-01-13 12:25:00+05:30,30.0,25.0,0.0009045680687471691,-0.0007538067239559743,2025-01-13 12:40:00+05:30,2025-01-13 12:30:00+05:30,10.0,0.0
2025-01-14 12:55:00+05:30,2025-01-14 13:00:00+05:30,2025-01-14 13:25:00+05:30,2.1991575722449332,0.0003035822707955216,65.92,65.95,0.00045509708737867527,0.0,0.0,0.00045509708737867527,1.0003134252355967,1.0009234853445086,-0.0006094972471365478,2025-01-14,12:55,12-13,65.92,65.854,0.030011492051762668,2.1991575722449332,0.0003035822707955216,215794,167457.63333333333,1.2886483327424707,2025-01-14 12:55:00+05:30,30.0,25.0,0.00045509708737867527,-0.0007584951456309774,2025-01-14 13:20:00+05:30,2025-01-14 13:00:00+05:30,20.0,0.0
2025-01-14 14:00:00+05:30,2025-01-14 14:05:00+05:30,2025-01-14 14:30:00+05:30,2.891421582977977,0.00015163002274443116,66.02,66.02,0.0,0.0,0.0,0.0,1.0003134252355967,1.0009234853445086,-0.0006094972471365478,2025-01-14,14:00,14-15,66.02,65.89233333333333,0.044153598153328276,2.891421582977977,0.00015163002274443116,368739,140139.93333333332,2.631220032928992,2025-01-14 14:00:00+05:30,30.0,25.0,0.0012117540139351402,-0.0004544077552257608,2025-01-14 14:15:00+05:30,2025-01-14 14:25:00+05:30,10.0,20.0
2025-01-15 13:30:00+05:30,2025-01-15 13:35:00+05:30,2025-01-15 14:00:00+05:30,2.3162972286751806,0.00045399515738497875,66.14,66.12,-0.000302388872089443,0.0,0.0,-0.000302388872089443,1.0000109415872038,1.0009234853445086,-0.0009117018140409883,2025-01-15,13:30,13-14,66.14,66.05533333333334,0.03655259161842936,2.3162972286751806,0.00045399515738497875,38003,58489.066666666666,0.6497453655156064,2025-01-15 13:30:00+05:30,30.0,25.0,0.000604777744179108,-0.000604777744179108,2025-01-15 13:35:00+05:30,2025-01-15 13:50:00+05:30,0.0,15.0
2025-01-15 14:35:00+05:30,2025-01-15 14:40:00+05:30,2025-01-15 15:05:00+05:30,3.157632617624004,0.00045372050816694376,66.25,66.27,0.000301886792452688,0.0,0.0,0.000301886792452688,1.0003128316827772,1.0009234853445086,-0.0006100902523246132,2025-01-15,14:35,14-15,66.2,66.09899999999999,0.03198598831171559,3.157632617624004,0.00045372050816694376,160256,63072.8,2.5408099846526553,2025-01-15 14:35:00+05:30,30.0,25.0,0.000301886792452688,-0.0010566037735848521,2025-01-15 15:05:00+05:30,2025-01-15 14:50:00+05:30,25.0,10.0
2025-01-16 14:25:00+05:30,2025-01-16 14:30:00+05:30,2025-01-16 14:55:00+05:30,3.9203126869480496,0.00015062509414076608,66.42,66.53,0.0016561276723878748,0.0,0.0,0.0016561276723878748,1.0019694774443717,1.0019694774443717,0.0,2025-01-16,14:25,14-15,66.44,66.37433333333334,0.016750364552624342,3.9203126869480496,0.00015062509414076608,365740,85718.86666666667,4.266738633190826,2025-01-16 14:25:00+05:30,30.0,25.0,0.0019572417946400744,0.0,2025-01-16 14:55:00+05:30,2025-01-16 14:30:00+05:30,25.0,0.0
2025-01-17 12:45:00+05:30,2025-01-17 12:50:00+05:30,2025-01-17 13:15:00+05:30,2.258591161314362,0.00044984255510582827,66.78,66.78,0.0,0.0,0.0,0.0,1.0019694774443717,1.0019694774443717,0.0,2025-01-17,12:45,12-13,66.78,66.69766666666666,0.03645340278646316,2.258591161314362,0.00044984255510582827,227629,89902.0,2.5319681430891414,2025-01-17 12:45:00+05:30,30.0,25.0,0.0011979634621144264,-0.0004492362982929654,2025-01-17 13:00:00+05:30,2025-01-17 12:50:00+05:30,10.0,0.0
2025-01-20 12:20:00+05:30,2025-01-20 12:25:00+05:30,2025-01-20 12:50:00+05:30,3.039323211253406,0.00015015015015018562,66.66,66.62,-0.0006000600060004357,0.0,0.0,-0.0006000600060004357,1.0013682356337241,1.0019694774443717,-0.0006000600060005468,2025-01-20,12:20,12-13,66.66,66.56566666666667,0.031037611591964106,3.039323211253406,0.00015015015015018562,210617,108439.53333333334,1.9422529176013912,2025-01-20 12:20:00+05:30,30.0,25.0,0.0001500150015001367,-0.0010501050105009568,2025-01-20 12:25:00+05:30,2025-01-20 12:40:00+05:30,0.0,15.0
2025-01-22 12:35:00+05:30,2025-01-22 12:40:00+05:30,2025-01-22 13:05:00+05:30,2.9087530775975226,0.0005928560841856889,67.54,67.53,-0.0001480604086467885,0.0,0.0,-0.0001480604086467885,1.0012199726435502,1.0019694774443717,-0.0007480315695176376,2025-01-22,12:35,12-13,67.54,67.49566666666666,0.015241353305230824,2.9087530775975226,0.0005928560841856889,207162,94657.06666666667,2.188552923676767,2025-01-22 12:35:00+05:30,30.0,25.0,0.0013325436778204303,-0.0007403020432338314,2025-01-22 13:05:00+05:30,2025-01-22 12:45:00+05:30,25.0,5.0
2025-01-22 14:55:00+05:30,2025-01-22 15:00:00+05:30,2025-01-22 15:25:00+05:30,2.0543465776621073,0.0010368834246776704,67.6,67.69,0.0013313609467455745,0.0,0.0,0.0013313609467455745,1.0025529578142296,1.0025529578142296,0.0,2025-01-22,14:55,14-15,67.59,67.50166666666668,0.04299826246156059,2.0543465776621073,0.0010368834246776704,86362,141637.13333333333,0.6097412307601067,2025-01-22 14:55:00+05:30,30.0,25.0,0.0013313609467455745,-0.0002958579881656709,2025-01-22 15:25:00+05:30,2025-01-22 15:00:00+05:30,25.0,0.0
2025-01-24 11:45:00+05:30,2025-01-24 11:50:00+05:30,2025-01-24 12:15:00+05:30,2.270566935117893,0.0020609450905342275,68.03,68.0,-0.0004409819197412901,0.0,0.0,-0.0004409819197412901,1.0021108500862503,1.0025529578142296,-0.0004409819197412901,2025-01-24,11:45,11-12,68.02,67.91166666666666,0.04771201925730032,2.270566935117893,0.0020609450905342275,1148020,166221.36666666667,6.906572981692486,2025-01-24 11:45:00+05:30,30.0,25.0,0.0,-0.0008819638394825802,2025-01-24 11:50:00+05:30,2025-01-24 12:05:00+05:30,0.0,15.0
2025-01-28 12:55:00+05:30,2025-01-28 13:00:00+05:30,2025-01-28 13:25:00+05:30,2.5502536741455324,0.0004446420631392112,67.54,67.5,-0.0005922416345870429,0.0,0.0,-0.0005922416345870429,1.0015173583183579,1.0025529578142296,-0.0010329623864753223,2025-01-28,12:55,12-13,67.56,67.50133333333333,0.02300424748386009,2.5502536741455324,0.0004446420631392112,116559,214469.23333333334,0.5434765546013826,2025-01-28 12:55:00+05:30,30.0,25.0,0.0004441812259399214,-0.0008883624518803979,2025-01-28 13:00:00+05:30,2025-01-28 13:25:00+05:30,0.0,25.0
2025-01-29 13:40:00+05:30,2025-01-29 13:45:00+05:30,2025-01-29 14:10:00+05:30,2.7385719428444917,0.00014738393515112413,67.88,67.87,-0.00014731879787843738,0.0,0.0,-0.00014731879787843738,1.001369815985076,1.0025529578142296,-0.001180129009576869,2025-01-29,13:40,13-14,67.88,67.85733333333333,0.008276819868066932,2.7385719428444917,0.00014738393515112413,21140,51033.3,0.41423933000609403,2025-01-29 13:40:00+05:30,30.0,25.0,0.00014731879787865942,-0.00044195639363586725,2025-01-29 14:05:00+05:30,2025-01-29 13:45:00+05:30,20.0,0.0
2025-01-30 12:35:00+05:30,2025-01-30 12:40:00+05:30,2025-01-30 13:05:00+05:30,2.120007569525589,0.0002945508100147265,67.92,67.9,-0.00029446407538269437,0.0,0.0,-0.00029446407538269437,1.0010749485480956,1.0025529578142296,-0.0014742455793620435,2025-01-30,12:35,12-13,67.92,67.87966666666667,0.019025089303035907,2.120007569525589,0.0002945508100147265,17013,84243.56666666667,0.201950139021496,2025-01-30 12:35:00+05:30,30.0,25.0,0.0002944640753828054,-0.0004416961130742081,2025-01-30 12:40:00+05:30,2025-01-30 12:45:00+05:30,0.0,5.0
2025-01-30 13:40:00+05:30,2025-01-30 13:45:00+05:30,2025-01-30 14:10:00+05:30,3.877199876594666,0.0020618556701030855,68.05,68.1,0.0007347538574578039,0.0,0.0,0.0007347538574578039,1.0018104922281457,1.0025529578142296,-0.000740574929530613,2025-01-30,13:40,13-14,68.05,67.90466666666667,0.037484096244471174,3.877199876594666,0.0020618556701030855,128006,77753.36666666667,1.6463081341386718,2025-01-30 13:40:00+05:30,30.0,25.0,0.001616458486407124,-0.00014695077149140534,2025-01-30 14:10:00+05:30,2025-01-30 13:45:00+05:30,25.0,0.0
2025-01-31 14:50:00+05:30,2025-01-31 14:55:00+05:30,2025-01-31 15:20:00+05:30,3.1526059142591585,0.0010167029774874603,68.97,69.08,0.0015948963317384823,0.0,0.0,0.0015948963317384823,1.0034082761072975,1.0034082761072975,0.0,2025-01-31,14:50,14-15,68.98,68.866,0.03616056148482915,3.1526059142591585,0.0010167029774874603,609305,106438.8,5.724463259638402,2025-01-31 14:50:00+05:30,30.0,25.0,0.0028998115122518264,-0.00028998115122513823,2025-01-31 15:05:00+05:30,2025-01-31 14:55:00+05:30,10.0,0.0
2025-02-03 12:25:00+05:30,2025-02-03 12:30:00+05:30,2025-02-03 12:55:00+05:30,2.132416469642013,0.0011569052783804157,69.25,69.27,0.0002888086642598431,0.0,0.0,0.0002888086642598431,1.0036980691112274,1.0036980691112274,0.0,2025-02-03,12:25,12-13,69.25,69.11,0.0656532164298579,2.132416469642013,0.0011569052783804157,206653,138560.93333333332,1.4914232679341075,2025-02-03 12:25:00+05:30,30.0,25.0,0.0005776173285199082,-0.0002888086642598431,2025-02-03 12:40:00+05:30,2025-02-03 12:30:00+05:30,10.0,0.0
2025-02-03 13:40:00+05:30,2025-02-03 13:45:00+05:30,2025-02-03 14:10:00+05:30,2.23161732751828,0.0010101010101011276,69.42,69.5,0.0011524056467875354,0.0,0.0,0.0011524056467875354,1.004854736433741,1.004854736433741,0.0,2025-02-03,13:40,13-14,69.42,69.23299999999999,0.08379572863774515,2.23161732751828,0.0010101010101011276,376851,112382.3,3.3532949583697786,2025-02-03 13:40:00+05:30,30.0,25.0,0.0014405070584844193,-0.00028810141169688386,2025-02-03 14:10:00+05:30,2025-02-03 13:45:00+05:30,25.0,0.0
2025-02-04 14:45:00+05:30,2025-02-04 14:50:00+05:30,2025-02-04 15:15:00+05:30,2.2930064230428546,0.00028604118993125205,69.99,70.03,0.0005715102157450858,0.0,0.0,0.0005715102157450858,1.0054290211809527,1.0054290211809527,0.0,2025-02-04,14:45,14-15,69.99,69.88233333333332,0.04695436767412042,2.2930064230428546,0.00028604118993125205,63472,157770.03333333333,0.40230707098792107,2025-02-04 14:45:00+05:30,30.0,25.0,0.001285897985426443,-0.00014287755393616042,2025-02-04 15:10:00+05:30,2025-02-04 14:50:00+05:30,20.0,0.0
2025-02-05 11:45:00+05:30,2025-02-05 11:50:00+05:30,2025-02-05 12:15:00+05:30,2.0400034738279214,0.0008455467869221689,71.03,70.99,-0.000563142334225053,0.0,0.0,-0.000563142334225053,1.0048628215350672,1.0054290211809527,-0.000563142334225053,2025-02-05,11:45,11-12,71.03,70.922,0.05294108631950012,2.0400034738279214,0.0008455467869221689,118636,412089.6666666667,0.2878888009001277,2025-02-05 11:45:00+05:30,30.0,25.0,0.000281571167112471,-0.0009854990848937595,2025-02-05 11:50:00+05:30,2025-02-05 12:15:00+05:30,0.0,25.0
2025-02-05 13:35:00+05:30,2025-02-05 13:40:00+05:30,2025-02-05 14:05:00+05:30,2.3694545987283377,0.00098633225306477,71.07,71.21,0.001969888841986789,0.0,0.0,0.001969888841986789,1.0068422895949365,1.0068422895949365,0.0,2025-02-05,13:35,13-14,71.07,70.98566666666666,0.0355918756065612,2.3694545987283377,0.00098633225306477,296614,360453.8333333333,0.8228904025157175,2025-02-05 13:35:00+05:30,30.0,25.0,0.0021105951878430673,-0.00014070634585605646,2025-02-05 14:00:00+05:30,2025-02-05 13:40:00+05:30,20.0,0.0
2025-02-05 14:40:00+05:30,2025-02-05 14:45:00+05:30,2025-02-05 15:10:00+05:30,2.1594121431902598,0.0007021485746385725,71.34,71.65,0.00434538828146902,0.0,0.0,0.00434538828146902,1.0112174102814298,1.0112174102814298,0.0,2025-02-05,14:40,14-15,71.34,71.07199999999999,0.12410785076167934,2.1594121431902598,0.0007021485746385725,332780,172725.33333333334,1.9266426851108502,2025-02-05 14:40:00+05:30,30.0,25.0,0.00434538828146902,-0.000420521446593769,2025-02-05 15:10:00+05:30,2025-02-05 14:45:00+05:30,25.0,0.0
2025-02-07 13:50:00+05:30,2025-02-07 13:55:00+05:30,2025-02-07 14:20:00+05:30,2.5112662073439904,0.0005606952621248773,71.4,71.37,-0.00042016806722688926,0.0,0.0,-0.00042016806722688926,1.0107925290166055,1.0112174102814298,-0.0004201680672270003,2025-02-07,13:50,13-14,71.4,71.32166666666667,0.031192763676050665,2.5112662073439904,0.0005606952621248773,272062,171166.03333333333,1.5894625510785727,2025-02-07 13:50:00+05:30,30.0,25.0,0.0002801120448179262,-0.0012605042016806678,2025-02-07 13:55:00+05:30,2025-02-07 14:15:00+05:30,0.0,20.0
2025-02-07 14:55:00+05:30,2025-02-07 15:00:00+05:30,2025-02-07 15:25:00+05:30,2.13994412705537,0.0009808042594927624,71.47,71.54,0.0009794319294809117,0.0,0.0,0.0009794319294809117,1.011782531493605,1.011782531493605,0.0,2025-02-07,14:55,14-15,71.47,71.35733333333333,0.0526493496919951,2.13994412705537,0.0009808042594927624,46107,207600.73333333334,0.22209459118802086,2025-02-07 14:55:00+05:30,30.0,25.0,0.00279837694137397,-0.0002798376941373082,2025-02-07 15:25:00+05:30,2025-02-07 15:00:00+05:30,25.0,0.0
2025-02-10 12:45:00+05:30,2025-02-10 12:50:00+05:30,2025-02-10 13:15:00+05:30,2.2208744819474466,0.001110494169905607,72.15,72.22,0.0009702009702008407,0.0,0.0,0.0009702009702008407,1.0127641638872924,1.0127641638872924,0.0,2025-02-10,12:45,12-13,72.15,72.006,0.06483932395573042,2.2208744819474466,0.001110494169905607,224407,240187.1,0.9343008013336269,2025-02-10 12:45:00+05:30,30.0,25.0,0.0019404019404019035,-0.0005544005544005914,2025-02-10 13:05:00+05:30,2025-02-10 12:55:00+05:30,15.0,5.0
2025-02-10 14:10:00+05:30,2025-02-10 14:15:00+05:30,2025-02-10 14:40:00+05:30,2.098090439290757,0.0011071132023248165,72.4,72.4,0.0,0.0,0.0,0.0,1.0127641638872924,1.0127641638872924,0.0,2025-02-10,14:10,14-15,72.38,72.158,0.10581050074992931,2.098090439290757,0.0011071132023248165,121525,243731.96666666667,0.49860099051430673,2025-02-10 14:10:00+05:30,30.0,25.0,0.0008287292817676928,-0.0015193370165745845,2025-02-10 14:40:00+05:30,2025-02-10 14:25:00+05:30,25.0,10.0
2025-02-17 14:55:00+05:30,2025-02-17 15:00:00+05:30,2025-02-17 15:25:00+05:30,2.511447858471372,0.0012590934527139108,71.6,71.64,0.0005586592178772332,0.0,0.0,0.0005586592178772332,1.0133299539229839,1.0133299539229839,0.0,2025-02-17,14:55,14-15,71.6,71.49033333333334,0.043666710537803154,2.511447858471372,0.0012590934527139108,74751,67735.2,1.1035768699287816,2025-02-17 14:55:00+05:30,30.0,25.0,0.0013966480446927498,-0.00027932960893850556,2025-02-17 15:20:00+05:30,2025-02-17 15:05:00+05:30,20.0,5.0
2025-02-19 13:55:00+05:30,2025-02-19 14:00:00+05:30,2025-02-19 14:25:00+05:30,3.4557762379758006,0.0009655172413791657,72.6,72.6,0.0,0.0,0.0,0.0,1.0133299539229839,1.0133299539229839,0.0,2025-02-19,13:55,13-14,72.6,72.49633333333333,0.029998084229953245,3.4557762379758006,0.0009655172413791657,176318,96142.86666666667,1.8339166088245062,2025-02-19 13:55:00+05:30,30.0,25.0,0.0009641873278238844,-0.0006887052341597588,2025-02-19 14:10:00+05:30,2025-02-19 14:15:00+05:30,10.0,15.0
2025-02-24 13:00:00+05:30,2025-02-24 13:05:00+05:30,2025-02-24 13:30:00+05:30,2.401087126211565,0.0015212280459133698,72.44,72.52,0.001104362230811784,0.0,0.0,0.001104362230811784,1.0144490372514468,1.0144490372514468,0.0,2025-02-24,13:00,13-14,72.44,72.33033333333334,0.04567375563738375,2.401087126211565,0.0015212280459133698,104706,120419.06666666667,0.8695134657523781,2025-02-24 13:00:00+05:30,30.0,25.0,0.0012424075096633125,-0.0004141358365543635,2025-02-24 13:30:00+05:30,2025-02-24 13:05:00+05:30,25.0,0.0
2025-02-25 12:35:00+05:30,2025-02-25 12:40:00+05:30,2025-02-25 13:05:00+05:30,2.359514051429371,0.0005511919525975628,72.65,72.71,0.0008258774948382008,0.0,0.0,0.0008258774948382008,1.015286847880973,1.015286847880973,0.0,2025-02-25,12:35,12-13,72.65,72.54933333333334,0.04266415222477103,2.359514051429371,0.0005511919525975628,84962,207615.06666666668,0.4092284888765298,2025-02-25 12:35:00+05:30,30.0,25.0,0.0011011699931176011,-0.00013764624913981116,2025-02-25 13:05:00+05:30,2025-02-25 12:40:00+05:30,25.0,0.0
2025-02-27 14:50:00+05:30,2025-02-27 14:55:00+05:30,2025-02-27 15:20:00+05:30,2.063210755470953,0.0008369368112708386,71.85,71.85,0.0,0.0,0.0,0.0,1.015286847880973,1.015286847880973,0.0,2025-02-27,14:50,14-15,71.85,71.71533333333333,0.06527043653178388,2.063210755470953,0.0008369368112708386,2111829,280192.23333333334,7.53707186982461,2025-02-27 14:50:00+05:30,30.0,25.0,0.0013917884481560172,-0.0013917884481557952,2025-02-27 15:20:00+05:30,2025-02-27 14:55:00+05:30,25.0,0.0
2025-02-28 14:50:00+05:30,2025-02-28 14:55:00+05:30,2025-02-28 15:20:00+05:30,2.7622620115952703,0.0023926812104151374,71.31,71.16,-0.0021034917963820288,0.0,0.0,-0.0021034917963820288,1.0131512003254808,1.015286847880973,-0.0021034917963819177,2025-02-28,14:50,14-15,71.31,71.11566666666667,0.07035296887752542,2.7622620115952703,0.0023926812104151374,129448,252934.76666666666,0.5117841319560261,2025-02-28 14:50:00+05:30,30.0,25.0,0.0009816295049782653,-0.005328845884167599,2025-02-28 15:00:00+05:30,2025-02-28 15:15:00+05:30,5.0,20.0
2025-03-03 14:20:00+05:30,2025-03-03 14:25:00+05:30,2025-03-03 14:50:00+05:30,2.6622652403823586,0.00014037057832694266,71.3,71.42,0.001683029453015461,0.0,0.0,0.001683029453015461,1.0148563636359866,1.015286847880973,-0.00042400258201391594,2025-03-03,14:20,14-15,71.31,71.22366666666667,0.03242852440988539,2.6622652403823586,0.00014037057832694266,147270,115316.56666666667,1.2770931727936172,2025-03-03 14:20:00+05:30,30.0,25.0,0.0018232819074335271,-0.00042075736325386526,2025-03-03 14:45:00+05:30,2025-03-03 14:25:00+05:30,20.0,0.0
2025-03-04 13:20:00+05:30,2025-03-04 13:25:00+05:30,2025-03-04 13:50:00+05:30,2.4577774968345736,0.0011118832522585276,72.07,72.24,0.0023588178160123263,0.0,0.0,0.0023588178160123263,1.0172502249072246,1.0172502249072246,0.0,2025-03-04,13:20,13-14,72.07,71.91866666666667,0.06157324392799267,2.4577774968345736,0.0011118832522585276,30869,85816.76666666666,0.35970826213836227,2025-03-04 13:20:00+05:30,30.0,25.0,0.003607603718607022,-0.0005550159567085933,2025-03-04 13:50:00+05:30,2025-03-04 13:30:00+05:30,25.0,5.0
2025-03-05 11:45:00+05:30,2025-03-05 11:50:00+05:30,2025-03-05 12:15:00+05:30,3.2383256663935196,0.002352290023522885,72.46,72.36,-0.0013800717637316717,0.0,0.0,-0.0013800717637316717,1.0158463465951804,1.0172502249072246,-0.0013800717637317828,2025-03-05,11:45,11-12,72.47,72.29433333333333,0.054246139753544115,3.2383256663935196,0.002352290023522885,144993,130855.86666666667,1.108035915342988,2025-03-05 11:45:00+05:30,30.0,25.0,0.0001380071763732449,-0.0016560861164779395,2025-03-05 11:50:00+05:30,2025-03-05 12:10:00+05:30,0.0,20.0
2025-03-07 13:20:00+05:30,2025-03-07 13:25:00+05:30,2025-03-07 13:50:00+05:30,2.4268798089564574,0.0004159733777038266,72.17,72.2,0.00041568518775125796,0.0,0.0,0.00041568518775125796,1.0162686188744912,1.0172502249072246,-0.0009649602513708277,2025-03-07,13:20,13-14,72.17,72.11133333333332,0.024173700918426532,2.4268798089564574,0.0004159733777038266,24675,177055.23333333334,0.13936329096551225,2025-03-07 13:20:00+05:30,30.0,25.0,0.0005542469170014552,-0.0002771234585007276,2025-03-07 13:35:00+05:30,2025-03-07 13:25:00+05:30,10.0,0.0
2025-03-11 13:35:00+05:30,2025-03-11 13:40:00+05:30,2025-03-11 14:05:00+05:30,2.021100156488734,0.0002782802281897645,71.93,71.96,0.0004170721534824118,0.0,0.0,0.0004170721534824118,1.0166924762158818,1.0172502249072246,-0.0005482905559384132,2025-03-11,13:35,13-14,71.93,71.84633333333333,0.04139659600641833,2.021100156488734,0.0002782802281897645,40962,58606.5,0.6989327122418162,2025-03-11 13:35:00+05:30,30.0,25.0,0.0004170721534824118,-0.0004170721534825228,2025-03-11 14:05:00+05:30,2025-03-11 13:40:00+05:30,25.0,0.0
2025-03-12 11:45:00+05:30,2025-03-12 11:50:00+05:30,2025-03-12 12:15:00+05:30,2.292799345549559,0.0009689922480620172,72.3,72.23,-0.0009681881051174512,0.0,0.0,-0.0009681881051174512,1.0157081266538472,1.0172502249072246,-0.001515947812661289,2025-03-12,11:45,11-12,72.3,72.22666666666667,0.03198419149746672,2.292799345549559,0.0009689922480620172,20961,70554.7,0.2970886418622714,2025-03-12 11:45:00+05:30,30.0,25.0,0.0,-0.0012448132780082943,2025-03-12 11:50:00+05:30,2025-03-12 12:15:00+05:30,0.0,25.0
2025-03-12 14:30:00+05:30,2025-03-12 14:35:00+05:30,2025-03-12 15:00:00+05:30,2.9542781941519247,0.0005537098560355336,72.35,72.32,-0.0004146510020732741,0.0,0.0,-0.0004146510020732741,1.0152869622613163,1.0172502249072246,-0.0019299702254549356,2025-03-12,14:30,14-15,72.33,72.24233333333333,0.029674479146954494,2.9542781941519247,0.0005537098560355336,181486,46231.0,3.9256343146373647,2025-03-12 14:30:00+05:30,30.0,25.0,0.0,-0.0006910850034553828,2025-03-12 14:35:00+05:30,2025-03-12 14:45:00+05:30,0.0,10.0
2025-03-18 13:55:00+05:30,2025-03-18 14:00:00+05:30,2025-03-18 14:25:00+05:30,2.354986479725452,0.0004051316677919914,74.1,74.16,0.0008097165991902688,0.0,0.0,0.0008097165991902688,1.0161090569676008,1.0172502249072246,-0.0011218163551921512,2025-03-18,13:55,13-14,74.1,74.03166666666667,0.02901644401002864,2.354986479725452,0.0004051316677919914,135429,103607.9,1.307130054754512,2025-03-18 13:55:00+05:30,30.0,25.0,0.0013495276653172628,-0.00013495276653163746,2025-03-18 14:15:00+05:30,2025-03-18 14:00:00+05:30,15.0,0.0
2025-03-20 14:55:00+05:30,2025-03-20 15:00:00+05:30,2025-03-20 15:25:00+05:30,2.026537128772635,0.0010752688172042113,74.5,74.47,-0.0004026845637583598,0.0,0.0,-0.0004026845637583598,1.0156998855352648,1.0172502249072246,-0.001524049180820941,2025-03-20,14:55,14-15,74.49,74.43733333333334,0.02598850320524364,2.026537128772635,0.0010752688172042113,100803,79483.26666666666,1.268229203798871,2025-03-20 14:55:00+05:30,30.0,25.0,0.0006711409395971923,-0.0006711409395973034,2025-03-20 15:05:00+05:30,2025-03-20 15:25:00+05:30,5.0,25.0
2025-03-26 11:45:00+05:30,2025-03-26 11:50:00+05:30,2025-03-26 12:15:00+05:30,2.0088886638164176,0.0031437944231820225,73.36,73.43,0.000954198473282597,0.0,0.0,0.000954198473282597,1.0166690648153558,1.0172502249072246,-0.0005713049529399994,2025-03-26,11:45,11-12,73.36,73.15033333333334,0.10436948071992504,2.0088886638164176,0.0031437944231820225,97827,240351.73333333334,0.40701599544667316,2025-03-26 11:45:00+05:30,30.0,25.0,0.0012268266085060375,-0.0008178844056706547,2025-03-26 12:15:00+05:30,2025-03-26 11:50:00+05:30,25.0,0.0
2025-03-27 13:30:00+05:30,2025-03-27 13:35:00+05:30,2025-03-27 14:00:00+05:30,2.127276398142851,0.0005426672093340468,73.78,73.79,0.00013553808620225816,0.0,0.0,0.00013553808620225816,1.016806862194702,1.0172502249072246,-0.00043584430031762267,2025-03-27,13:30,13-14,73.78,73.66433333333333,0.05437312554572056,2.127276398142851,0.0005426672093340468,35610,99604.5,0.3575139677424213,2025-03-27 13:30:00+05:30,30.0,25.0,0.00027107617240429427,-0.0008132285172133269,2025-03-27 13:35:00+05:30,2025-03-27 13:55:00+05:30,0.0,20.0
2025-04-01 13:50:00+05:30,2025-04-01 13:55:00+05:30,2025-04-01 14:20:00+05:30,2.277770141161858,0.0023665527215355198,76.31,76.41,0.0013104442405975636,0.0,0.0,0.0013104442405975636,1.0181393308910651,1.0181393308910651,0.0,2025-04-01,13:50,13-14,76.31,76.15566666666668,0.06775632472493617,2.277770141161858,0.0023665527215355198,1724675,517180.56666666665,3.3347637385447007,2025-04-01 13:50:00+05:30,30.0,25.0,0.002227755209015969,-0.0005241776962391365,2025-04-01 14:15:00+05:30,2025-04-01 13:55:00+05:30,20.0,0.0
2025-04-02 13:20:00+05:30,2025-04-02 13:25:00+05:30,2025-04-02 13:50:00+05:30,4.473260136973721,0.0006587615283266679,76.06,76.1,0.000525900604785523,0.0,0.0,0.000525900604785523,1.0186747709809367,1.0186747709809367,0.0,2025-04-02,13:20,13-14,76.06,75.89366666666668,0.03718391692861751,4.473260136973721,0.0006587615283266679,570727,330187.76666666666,1.7284922629376638,2025-04-02 13:20:00+05:30,30.0,25.0,0.0007888509071785066,-0.0006573757559821258,2025-04-02 13:45:00+05:30,2025-04-02 13:25:00+05:30,20.0,0.0
2025-04-02 14:25:00+05:30,2025-04-02 14:30:00+05:30,2025-04-02 14:55:00+05:30,2.472181627052384,0.002102496714849078,76.32,76.23,-0.001179245283018715,0.0,0.0,-0.001179245283018715,1.0174735035623272,1.0186747709809367,-0.001179245283018715,2025-04-02,14:25,14-15,76.31,75.98866666666666,0.1299796624232955,2.472181627052384,0.002102496714849078,2003566,335628.76666666666,5.969589615033992,2025-04-02 14:25:00+05:30,30.0,25.0,0.0,-0.0017033542976938598,2025-04-02 14:30:00+05:30,2025-04-02 14:45:00+05:30,0.0,15.0
2025-04-07 14:20:00+05:30,2025-04-07 14:25:00+05:30,2025-04-07 14:50:00+05:30,2.1104987959213948,0.00040683482506098656,73.89,73.68,-0.002842062525375444,0.0,0.0,-0.002842062525375444,1.0145817802472903,1.0186747709809367,-0.00401795631956714,2025-04-07,14:20,14-15,73.9,73.65100000000001,0.1179815882772336,2.1104987959213948,0.00040683482506098656,263676,414628.1,0.6359337439985375,2025-04-07 14:20:00+05:30,30.0,25.0,0.000947354175125037,-0.002842062525375444,2025-04-07 14:25:00+05:30,2025-04-07 14:50:00+05:30,0.0,25.0
2025-04-08 11:50:00+05:30,2025-04-08 11:55:00+05:30,2025-04-08 12:20:00+05:30,3.54157274834993,0.0012269938650306678,73.59,73.63,0.0005435521130587873,0.0,0.0,0.0005435521130587873,1.0151332583178148,1.0186747709809367,-0.003476588175155948,2025-04-08,11:50,11-12,73.6,73.273,0.09233186023140488,3.54157274834993,0.0012269938650306678,253272,262936.6,0.9632436108172084,2025-04-08 11:50:00+05:30,30.0,25.0,0.0010871042261175745,-0.00027177605652950465,2025-04-08 12:20:00+05:30,2025-04-08 11:55:00+05:30,25.0,0.0
2025-04-08 14:25:00+05:30,2025-04-08 14:30:00+05:30,2025-04-08 14:55:00+05:30,2.5719424976884615,0.00013579576317224173,73.75,73.58,-0.002305084745762742,0.0,0.0,-0.002305084745762742,1.0127932901291499,1.0186747709809367,-0.005773659090548833,2025-04-08,14:25,14-15,73.71,73.62066666666666,0.034733798836333755,2.5719424976884615,0.00013579576317224173,598904,141344.9,4.237181532549105,2025-04-08 14:25:00+05:30,30.0,25.0,0.0,-0.0025762711864406596,2025-04-08 14:30:00+05:30,2025-04-08 14:55:00+05:30,0.0,25.0
2025-04-09 11:50:00+05:30,2025-04-09 11:55:00+05:30,2025-04-09 12:20:00+05:30,3.2794785935169815,0.0016137708445400634,74.66,74.82,0.0021430484864719546,0.0,0.0,0.0021430484864719546,1.0149637552566702,1.0186747709809367,-0.0036429838354522515,2025-04-09,11:50,11-12,74.7,74.23700000000001,0.14118097947499117,3.2794785935169815,0.0016137708445400634,297711,226856.5,1.3123318044667003,2025-04-09 11:50:00+05:30,30.0,25.0,0.002678810608089943,-0.0006697026520224858,2025-04-09 12:20:00+05:30,2025-04-09 11:55:00+05:30,25.0,0.0
2025-04-11 13:40:00+05:30,2025-04-11 13:45:00+05:30,2025-04-11 14:10:00+05:30,2.624596152736431,0.00012843565373743537,78.0,77.86,-0.0017948717948718107,0.0,0.0,-0.0017948717948718107,1.0131420254395427,1.0186747709809367,-0.005431316941388764,2025-04-11,13:40,13-14,78.0,77.79533333333333,0.0779802509629074,2.624596152736431,0.00012843565373743537,1525330,365166.0333333333,4.177086203983375,2025-04-11 13:40:00+05:30,30.0,25.0,0.0005128205128206442,-0.0024358974358974494,2025-04-11 13:50:00+05:30,2025-04-11 14:00:00+05:30,5.0,15.0
2025-04-16 12:40:00+05:30,2025-04-16 12:45:00+05:30,2025-04-16 13:10:00+05:30,2.384591057142306,0.0008871989860581575,78.99,79.06,0.0008861881250792347,0.0,0.0,0.0008861881250792347,1.014039859871506,1.0186747709809367,-0.004549941984886563,2025-04-16,12:40,12-13,79.0,78.83333333333333,0.06989318615763189,2.384591057142306,0.0008871989860581575,95225,172000.06666666668,0.5536335063436022,2025-04-16 12:40:00+05:30,30.0,25.0,0.0012659830358274782,-0.00037979491074824345,2025-04-16 13:10:00+05:30,2025-04-16 12:45:00+05:30,25.0,0.0
2025-04-16 13:45:00+05:30,2025-04-16 13:50:00+05:30,2025-04-16 14:15:00+05:30,2.61465608264617,0.001264862130027744,79.22,79.0,-0.002777076495834363,0.0,0.0,-0.002777076495834363,1.0112237936108175,1.0186747709809367,-0.007314382943777287,2025-04-16,13:45,13-14,79.22,78.94633333333333,0.10466641042507802,2.61465608264617,0.001264862130027744,731035,136474.93333333332,5.356551435086493,2025-04-16 13:45:00+05:30,30.0,25.0,0.0002524614996213259,-0.004670537742994196,2025-04-16 13:50:00+05:30,2025-04-16 14:05:00+05:30,0.0,15.0
2025-04-21 11:55:00+05:30,2025-04-21 12:00:00+05:30,2025-04-21 12:25:00+05:30,2.2598325733574733,0.0014855162168854186,80.94,80.92,-0.00024709661477628764,0.0,0.0,-0.00024709661477628764,1.0109739236346351,1.0186747709809367,-0.0075596721992888805,2025-04-21,11:55,11-12,80.94,80.71233333333335,0.10074492657144136,2.2598325733574733,0.0014855162168854186,245721,294103.7,0.8354910189841201,2025-04-21 11:55:00+05:30,30.0,25.0,0.00012354830738825484,-0.000741289844329196,2025-04-21 12:00:00+05:30,2025-04-21 12:10:00+05:30,0.0,10.0
2025-04-21 14:35:00+05:30,2025-04-21 14:40:00+05:30,2025-04-21 15:05:00+05:30,2.032477829921864,0.0017322444939371628,81.0,81.08,0.0009876543209876854,0.0,0.0,0.0009876543209876854,1.0119724163987187,1.0186747709809367,-0.006579484221214127,2025-04-21,14:35,14-15,81.01,80.86633333333333,0.0706854778692461,2.032477829921864,0.0017322444939371628,1328820,262667.3333333333,5.05894655089708,2025-04-21 14:35:00+05:30,30.0,25.0,0.0012345679012344402,0.0,2025-04-21 15:05:00+05:30,2025-04-21 14:40:00+05:30,25.0,0.0
2025-04-22 11:45:00+05:30,2025-04-22 11:50:00+05:30,2025-04-22 12:15:00+05:30,2.8667442473828912,0.003124248978610966,83.52,83.44,-0.0009578544061302763,0.0,0.0,-0.0009578544061302763,1.0110030941607888,1.0186747709809367,-0.007531036439393124,2025-04-22,11:45,11-12,83.52,83.20599999999999,0.10953191945415575,2.8667442473828912,0.003124248978610966,847001,386483.43333333335,2.191558361751254,2025-04-22 11:45:00+05:30,30.0,25.0,0.00011973180076640944,-0.0033524904214559115,2025-04-22 11:50:00+05:30,2025-04-22 12:05:00+05:30,0.0,15.0
2025-04-23 14:30:00+05:30,2025-04-23 14:35:00+05:30,2025-04-23 15:00:00+05:30,2.0289211196577743,0.00024956326428737796,80.27,80.49,0.002740749968855205,0.0,0.0,0.002740749968855205,1.0137740008596225,1.0186747709809367,-0.004810927158424683,2025-04-23,14:30,14-15,80.26,80.04366666666667,0.10662481219074112,2.0289211196577743,0.00024956326428737796,723954,346854.4,2.0871985478633106,2025-04-23 14:30:00+05:30,30.0,25.0,0.004734022673477112,-0.0002491590880776551,2025-04-23 14:50:00+05:30,2025-04-23 14:35:00+05:30,15.0,0.0
2025-04-24 12:40:00+05:30,2025-04-24 12:45:00+05:30,2025-04-24 13:10:00+05:30,2.058202779719037,0.0049862877088009405,80.7,80.55,-0.0018587360594796154,0.0,0.0,-0.0018587360594796154,1.0118896625680618,1.0186747709809367,-0.006660720974115408,2025-04-24,12:40,12-13,80.69,80.45133333333334,0.11595877190450596,2.058202779719037,0.0049862877088009405,457999,164679.96666666667,2.7811458143360483,2025-04-24 12:40:00+05:30,30.0,25.0,0.0,-0.0030978934324659146,2025-04-24 12:45:00+05:30,2025-04-24 12:50:00+05:30,0.0,5.0
2025-04-29 11:55:00+05:30,2025-04-29 12:00:00+05:30,2025-04-29 12:25:00+05:30,3.826437829777233,0.0004997501249375258,80.27,80.13,-0.0017441136165441407,0.0,0.0,-0.0017441136165441407,1.0101248120291366,1.0186747709809367,-0.008393217536512565,2025-04-29,11:55,11-12,80.26,80.01433333333333,0.06420244561532085,3.826437829777233,0.0004997501249375258,442629,256372.46666666667,1.7265075526831144,2025-04-29 11:55:00+05:30,30.0,25.0,0.0011212158963498364,-0.0034882272330883923,2025-04-29 12:00:00+05:30,2025-04-29 12:10:00+05:30,0.0,10.0
2025-05-02 13:30:00+05:30,2025-05-02 13:35:00+05:30,2025-05-02 14:00:00+05:30,2.279722048075836,0.0007691321625431513,78.11,78.12,0.0001280245807195879,0.0,0.0,0.0001280245807195879,1.010254132834671,1.0186747709809367,-0.008266267493948987,2025-05-02,13:30,13-14,78.12,78.02000000000001,0.04386499664921773,2.279722048075836,0.0007691321625431513,1232555,219881.83333333334,5.60553357826287,2025-05-02 13:30:00+05:30,30.0,25.0,0.0005120983228781295,-0.0001280245807195879,2025-05-02 13:50:00+05:30,2025-05-02 13:35:00+05:30,15.0,0.0
2025-05-02 14:35:00+05:30,2025-05-02 14:40:00+05:30,2025-05-02 15:05:00+05:30,3.3285592992424786,0.00217613927291338,78.39,78.92,0.006761066462559029,0.0,0.0,0.006761066462559029,1.0170845281708412,1.0186747709809367,-0.0015610898153138875,2025-05-02,14:35,14-15,78.39,78.07233333333332,0.09543668539688543,3.3285592992424786,0.00217613927291338,168397,249974.36666666667,0.673657072305147,2025-05-02 14:35:00+05:30,30.0,25.0,0.006761066462559029,-0.00012756729174645542,2025-05-02 15:05:00+05:30,2025-05-02 14:40:00+05:30,25.0,0.0
2025-05-05 13:55:00+05:30,2025-05-05 14:00:00+05:30,2025-05-05 14:25:00+05:30,3.468909530864865,0.0006345982992765897,78.93,79.29,0.004561003420752607,0.0,0.0,0.004561003420752607,1.021723454183023,1.021723454183023,0.0,2025-05-05,13:55,13-14,78.94,78.77533333333332,0.04746928831713335,3.468909530864865,0.0006345982992765897,99079,90948.36666666667,1.0893983436022856,2025-05-05 13:55:00+05:30,30.0,25.0,0.004687697960217729,-0.0003800836183960321,2025-05-05 14:25:00+05:30,2025-05-05 14:05:00+05:30,25.0,5.0
2025-05-06 11:45:00+05:30,2025-05-06 11:50:00+05:30,2025-05-06 12:15:00+05:30,2.719960923926917,0.0027100271002709064,81.46,81.42,-0.0004910385465257683,0.0,0.0,-0.0004910385465257683,1.0212217485831296,1.021723454183023,-0.0004910385465257683,2025-05-06,11:45,11-12,81.46,81.145,0.1158104872864201,2.719960923926917,0.0027100271002709064,280572,300357.6,0.9341265211867454,2025-05-06 11:45:00+05:30,30.0,25.0,0.0004910385465259903,-0.0011048367296832007,2025-05-06 11:50:00+05:30,2025-05-06 11:55:00+05:30,0.0,5.0
2025-05-06 13:45:00+05:30,2025-05-06 13:50:00+05:30,2025-05-06 14:15:00+05:30,2.259996198600817,0.00024536866642121957,81.6,81.61,0.00012254901960795372,0.0,0.0,0.00012254901960795372,1.021346898307221,1.021723454183023,-0.00036854970321009706,2025-05-06,13:45,13-14,81.6,81.42466666666668,0.07758125143832699,2.259996198600817,0.00024536866642121957,318595,170899.43333333332,1.8642250227863055,2025-05-06 13:45:00+05:30,30.0,25.0,0.0006127450980393245,-0.0006127450980392135,2025-05-06 13:50:00+05:30,2025-05-06 13:50:00+05:30,0.0,0.0
2025-05-06 14:50:00+05:30,2025-05-06 14:55:00+05:30,2025-05-06 15:20:00+05:30,2.146056371825425,0.002573214066903473,81.8,82.25,0.005501222493887514,0.0,0.0,0.005501222493887514,1.0269655548382508,1.0269655548382508,0.0,2025-05-06,14:50,14-15,81.8,81.54733333333334,0.11773533537319839,2.146056371825425,0.002573214066903473,499678,204163.2,2.44744400557985,2025-05-06 14:50:00+05:30,30.0,25.0,0.006723716381417999,0.0,2025-05-06 15:20:00+05:30,2025-05-06 14:55:00+05:30,25.0,0.0
2025-05-13 14:35:00+05:30,2025-05-13 14:40:00+05:30,2025-05-13 15:05:00+05:30,2.3904580142867364,0.0015220700152205335,79.03,79.0,-0.0003796026825256815,0.0,0.0,-0.0003796026825256815,1.0265757159587727,1.0269655548382508,-0.0003796026825256815,2025-05-13,14:35,14-15,79.01,78.861,0.06233115123105789,2.3904580142867364,0.0015220700152205335,498996,153433.76666666666,3.2521915536627857,2025-05-13 14:35:00+05:30,30.0,25.0,0.0,-0.0013918765025939805,2025-05-13 14:40:00+05:30,2025-05-13 15:00:00+05:30,0.0,20.0
2025-05-14 13:05:00+05:30,2025-05-14 13:10:00+05:30,2025-05-14 13:35:00+05:30,3.359847239379903,0.0010210593490749265,78.54,78.55,0.0001273236567354008,0.0,0.0,0.0001273236567354008,1.0267064233328445,1.0269655548382508,-0.0002523273581918062,2025-05-14,13:05,13-14,78.54,78.36266666666667,0.05278017740058495,3.359847239379903,0.0010210593490749265,287482,131455.5,2.186914963618867,2025-05-14 13:05:00+05:30,30.0,25.0,0.000636618283677004,-0.001273236567354341,2025-05-14 13:25:00+05:30,2025-05-14 13:10:00+05:30,15.0,0.0
2025-05-15 14:20:00+05:30,2025-05-15 14:25:00+05:30,2025-05-15 14:50:00+05:30,2.6981259873219283,0.0010418023180100988,76.97,77.07,0.0012992074834350387,0.0,0.0,0.0012992074834350387,1.0280403280013293,1.0280403280013293,0.0,2025-05-15,14:20,14-15,76.97,76.73366666666666,0.08759165970893418,2.6981259873219283,0.0010418023180100988,421031,261265.23333333334,1.6115079477981316,2025-05-15 14:20:00+05:30,30.0,25.0,0.002078731973496062,-0.0009094452384045271,2025-05-15 14:45:00+05:30,2025-05-15 14:35:00+05:30,20.0,10.0
2025-05-19 13:45:00+05:30,2025-05-19 13:50:00+05:30,2025-05-19 14:15:00+05:30,3.0317038229606186,0.0008960573476701761,78.29,78.35,0.000766381402477867,0.0,0.0,0.000766381402477867,1.0288281989897068,1.0288281989897068,0.0,2025-05-19,13:45,13-14,78.27,78.13566666666665,0.04430951741260832,3.0317038229606186,0.0008960573476701761,239579,119835.9,1.9992256076851762,2025-05-19 13:45:00+05:30,30.0,25.0,0.0011495721037169115,-0.0008941116362244372,2025-05-19 14:15:00+05:30,2025-05-19 13:55:00+05:30,25.0,5.0
2025-05-20 13:15:00+05:30,2025-05-20 13:20:00+05:30,2025-05-20 13:45:00+05:30,2.1146064336038077,0.0018006430868167111,77.93,77.98,0.000641601437187278,0.0,0.0,0.000641601437187278,1.0294882966407974,1.0294882966407974,0.0,2025-05-20,13:15,13-14,77.93,77.80600000000001,0.05863975349241174,2.1146064336038077,0.0018006430868167111,204341,170558.13333333333,1.1980724460711734,2025-05-20 13:15:00+05:30,30.0,25.0,0.001283202874374334,-0.0003849608623123224,2025-05-20 13:45:00+05:30,2025-05-20 13:20:00+05:30,25.0,0.0
2025-05-20 14:55:00+05:30,2025-05-20 15:00:00+05:30,2025-05-20 15:25:00+05:30,2.3418359896434167,0.0005126233499934685,78.18,78.27,0.001151189562547783,0.0,0.0,0.001151189562547783,1.0306734328226554,1.0306734328226554,0.0,2025-05-20,14:55,14-15,78.18,77.92466666666665,0.10903126199381401,2.3418359896434167,0.0005126233499934685,1134262,169431.06666666668,6.694533784831274,2025-05-20 14:55:00+05:30,30.0,25.0,0.0015349194167304514,-0.0007674597083653367,2025-05-20 15:25:00+05:30,2025-05-20 15:05:00+05:30,25.0,5.0
2025-05-28 13:40:00+05:30,2025-05-28 13:45:00+05:30,2025-05-28 14:10:00+05:30,2.5168308756487265,0.001001878522229438,79.99,79.95,-0.0005000625078134258,0.0,0.0,-0.0005000625078134258,1.0301580316811014,1.0306734328226554,-0.0005000625078134258,2025-05-28,13:40,13-14,79.97,79.85866666666666,0.044235524289901934,2.5168308756487265,0.001001878522229438,69266,78274.16666666667,0.8849152019078239,2025-05-28 13:40:00+05:30,30.0,25.0,0.0005000625078135368,-0.0008751093886735228,2025-05-28 13:50:00+05:30,2025-05-28 14:05:00+05:30,5.0,20.0
2025-05-29 12:45:00+05:30,2025-05-29 12:50:00+05:30,2025-05-29 13:15:00+05:30,2.027026506033254,0.00037965072133627764,79.1,79.08,-0.00025284450063201014,0.0,0.0,-0.00025284450063201014,1.029897561888009,1.0306734328226554,-0.000752780570390299,2025-05-29,12:45,12-13,79.1,79.04166666666666,0.028777785174349438,2.027026506033254,0.00037965072133627764,158908,150155.7,1.0582881635528987,2025-05-29 12:45:00+05:30,30.0,25.0,0.0002528445006322322,-0.0005056890012641313,2025-05-29 12:50:00+05:30,2025-05-29 13:15:00+05:30,0.0,25.0
2025-06-02 11:45:00+05:30,2025-06-02 11:50:00+05:30,2025-06-02 12:15:00+05:30,2.208375920629213,0.0008754377188595619,80.09,80.33,0.0029966287926082025,0.0,0.0,0.0029966287926082025,1.0329837825753996,1.0329837825753996,0.0,2025-06-02,11:45,11-12,80.08,79.866,0.09690379160583562,2.208375920629213,0.0008754377188595619,211837,157432.6,1.3455726450557255,2025-06-02 11:45:00+05:30,30.0,25.0,0.0034960669247097176,-0.0001248595330254343,2025-06-02 12:15:00+05:30,2025-06-02 11:50:00+05:30,25.0,0.0
2025-06-02 12:50:00+05:30,2025-06-02 12:55:00+05:30,2025-06-02 13:20:00+05:30,2.2616367396740356,0.003734594796464652,80.64,80.42,-0.002728174603174538,0.0,0.0,-0.002728174603174538,1.0301656224542861,1.0329837825753996,-0.002728174603174649,2025-06-02,12:50,12-13,80.64,80.10600000000001,0.23611218841313836,2.2616367396740356,0.003734594796464652,140179,175896.96666666667,0.7969381317737334,2025-06-02 12:50:00+05:30,30.0,25.0,0.0007440476190476719,-0.0029761904761904656,2025-06-02 12:55:00+05:30,2025-06-02 13:20:00+05:30,0.0,25.0
2025-06-03 11:45:00+05:30,2025-06-03 11:50:00+05:30,2025-06-03 12:15:00+05:30,2.1058022843396293,0.00037069072037554385,81.06,80.92,-0.0017271157167529916,0.0,0.0,-0.0017271157167529916,1.0283864072168867,1.0329837825753996,-0.004450578446692388,2025-06-03,11:45,11-12,81.05,80.96833333333333,0.03878173524361703,2.1058022843396293,0.00037069072037554385,297841,216755.6,1.3740867594654993,2025-06-03 11:45:00+05:30,30.0,25.0,0.0,-0.0018504811250925624,2025-06-03 11:50:00+05:30,2025-06-03 12:15:00+05:30,0.0,25.0
2025-06-04 12:35:00+05:30,2025-06-04 12:40:00+05:30,2025-06-04 13:05:00+05:30,2.501138085180485,0.0008626001232285851,81.27,81.25,-0.00024609326934899034,0.0,0.0,-0.00024609326934899034,1.0281333282437806,1.0329837825753996,-0.004695576458641049,2025-06-04,12:35,12-13,81.28,81.102,0.07116760208269453,2.501138085180485,0.0008626001232285851,227628,194694.4,1.1691553532099537,2025-06-04 12:35:00+05:30,30.0,25.0,0.000369139904023541,-0.0006152331733726424,2025-06-04 12:40:00+05:30,2025-06-04 12:55:00+05:30,0.0,15.0
2025-06-04 14:50:00+05:30,2025-06-04 14:55:00+05:30,2025-06-04 15:20:00+05:30,2.3590670705693046,0.0006153846153846843,81.33,81.32,-0.00012295585884669613,0.0,0.0,-0.00012295585884669613,1.0280069132273975,1.0329837825753996,-0.004817954968851512,2025-06-04,14:50,14-15,81.33,81.24033333333334,0.03800937573386589,2.3590670705693046,0.0006153846153846843,126456,145231.36666666667,0.8707209943857399,2025-06-04 14:50:00+05:30,30.0,25.0,0.0004918234353867845,-0.0008606910119266509,2025-06-04 15:00:00+05:30,2025-06-04 15:20:00+05:30,5.0,25.0
2025-06-05 14:45:00+05:30,2025-06-05 14:50:00+05:30,2025-06-05 15:15:00+05:30,2.1930167107822514,0.0009818360333824216,81.58,81.77,0.0023290022064230698,0.0,0.0,0.0023290022064230698,1.0304011435965221,1.0329837825753996,-0.0025001737901814147,2025-06-05,14:45,14-15,81.58,81.44133333333335,0.06323101232420106,2.1930167107822514,0.0009818360333824216,131879,88281.06666666667,1.493853721749322,2025-06-05 14:45:00+05:30,30.0,25.0,0.0023290022064230698,-0.00024515812699188455,2025-06-05 15:10:00+05:30,2025-06-05 14:50:00+05:30,20.0,0.0
2025-06-06 14:00:00+05:30,2025-06-06 14:05:00+05:30,2025-06-06 14:30:00+05:30,2.002311527945355,0.0008612204724409711,81.43,81.42,-0.00012280486307258975,0.0,0.0,-0.00012280486307258975,1.030274605325173,1.0329837825753996,-0.0026226716197539357,2025-06-06,14:00,14-15,81.43,81.31933333333333,0.05526945488858725,2.002311527945355,0.0008612204724409711,62956,134142.86666666667,0.4693205204600269,2025-06-06 14:00:00+05:30,30.0,25.0,0.000491219452290137,-0.00036841458921776926,2025-06-06 14:25:00+05:30,2025-06-06 14:05:00+05:30,20.0,0.0
2025-06-09 11:55:00+05:30,2025-06-09 12:00:00+05:30,2025-06-09 12:25:00+05:30,2.0689761024367663,0.0007480364044383236,80.28,80.38,0.0012456402590930171,0.0,0.0,0.0012456402590930171,1.0315579568514872,1.0329837825753996,-0.0013802982660168217,2025-06-09,11:55,11-12,80.26,80.20700000000001,0.025616535607915318,2.0689761024367663,0.0007480364044383236,129916,216937.3,0.5988642801399299,2025-06-09 11:55:00+05:30,30.0,25.0,0.0012456402590930171,-0.0004982561036372957,2025-06-09 12:25:00+05:30,2025-06-09 12:00:00+05:30,25.0,0.0
2025-06-10 11:45:00+05:30,2025-06-10 11:50:00+05:30,2025-06-10 12:15:00+05:30,2.3373036581669124,0.0011205179282869349,80.43,80.58,0.0018649757553150792,0.0,0.0,0.0018649757553150792,1.0334817874312177,1.0334817874312177,0.0,2025-06-10,11:45,11-12,80.43,80.209,0.09455339670042201,2.3373036581669124,0.0011205179282869349,108395,187772.23333333334,0.5772685240824567,2025-06-10 11:45:00+05:30,30.0,25.0,0.001989307472336055,-0.0002486634340421734,2025-06-10 12:15:00+05:30,2025-06-10 11:50:00+05:30,25.0,0.0
2025-06-10 14:30:00+05:30,2025-06-10 14:35:00+05:30,2025-06-10 15:00:00+05:30,2.132683071697865,0.0002481697481075962,80.64,80.67,0.00037202380952372494,0.0,0.0,0.00037202380952372494,1.0338662672628511,1.0338662672628511,0.0,2025-06-10,14:30,14-15,80.64,80.56533333333333,0.035010671607773984,2.132683071697865,0.0002481697481075962,93135,125471.46666666666,0.7422803165872507,2025-06-10 14:30:00+05:30,30.0,25.0,0.0007440476190476719,-0.00037202380952383596,2025-06-10 14:50:00+05:30,2025-06-10 14:35:00+05:30,15.0,0.0
2025-06-11 13:20:00+05:30,2025-06-11 13:25:00+05:30,2025-06-11 13:50:00+05:30,2.844560756161636,0.00012388503468785395,80.84,80.83,-0.00012370113805049154,0.0,0.0,-0.00012370113805049154,1.0337383768289987,1.0338662672628511,-0.00012370113805049154,2025-06-11,13:20,13-14,80.84,80.71966666666667,0.04230295769660722,2.844560756161636,0.00012388503468785395,424447,79163.5,5.361650255483903,2025-06-11 13:20:00+05:30,30.0,25.0,0.0006185056902523467,-0.0007422068283028382,2025-06-11 13:25:00+05:30,2025-06-11 13:35:00+05:30,0.0,10.0
2025-06-16 14:30:00+05:30,2025-06-16 14:35:00+05:30,2025-06-16 15:00:00+05:30,2.3353688426858534,0.0007227174174897488,83.12,83.11,-0.00012030798845052981,0.0,0.0,-0.00012030798845052981,1.0336140098442983,1.0338662672628511,-0.00024399424426591043,2025-06-16,14:30,14-15,83.12,83.023,0.04153519488101544,2.3353688426858534,0.0007227174174897488,65515,145504.7,0.45026036959630855,2025-06-16 14:30:00+05:30,30.0,25.0,0.000601539942252094,-0.0007218479307026238,2025-06-16 14:55:00+05:30,2025-06-16 14:35:00+05:30,20.0,0.0
2025-06-18 13:40:00+05:30,2025-06-18 13:45:00+05:30,2025-06-18 14:10:00+05:30,2.1211706240525317,0.0018146624727801708,82.83,82.79,-0.0004829168175780607,0.0,0.0,-0.0004829168175780607,1.0331148602560603,1.0338662672628511,-0.00072679323292002,2025-06-18,13:40,13-14,82.84,82.69866666666667,0.06662987490526144,2.1211706240525317,0.0018146624727801708,113079,112675.06666666667,1.0035849398210548,2025-06-18 13:40:00+05:30,30.0,25.0,0.0006036460219727147,-0.0008451044307616895,2025-06-18 13:55:00+05:30,2025-06-18 13:45:00+05:30,10.0,0.0
2025-06-19 13:50:00+05:30,2025-06-19 13:55:00+05:30,2025-06-19 14:20:00+05:30,2.05671258092454,0.0008476628723663726,82.69,82.74,0.0006046680372475688,0.0,0.0,0.0006046680372475688,1.0337395517908625,1.0338662672628511,-0.00012256466431015411,2025-06-19,13:50,13-14,82.69,82.385,0.14829490655562969,2.05671258092454,0.0008476628723663726,82477,184648.0,0.44667150470083616,2025-06-19 13:50:00+05:30,30.0,25.0,0.0012093360744951376,-0.00036280082234851907,2025-06-19 14:15:00+05:30,2025-06-19 13:55:00+05:30,20.0,0.0
2025-06-20 14:55:00+05:30,2025-06-20 15:00:00+05:30,2025-06-20 15:25:00+05:30,2.370655808544949,0.0006081985159958059,82.3,82.22,-0.000972053462940492,0.0,0.0,-0.000972053462940492,1.0327347016797657,1.0338662672628511,-0.0010944989878441946,2025-06-20,14:55,14-15,82.31,82.21700000000001,0.03922965099563334,2.370655808544949,0.0006081985159958059,170767,120583.5,1.4161721960301368,2025-06-20 14:55:00+05:30,30.0,25.0,0.00024301336573495647,-0.0012150668286755595,2025-06-20 15:00:00+05:30,2025-06-20 15:10:00+05:30,0.0,10.0
2025-06-23 14:35:00+05:30,2025-06-23 14:40:00+05:30,2025-06-23 15:05:00+05:30,2.5053878144234125,0.0007272727272726875,82.6,82.65,0.000605326876513379,0.0,0.0,0.000605326876513379,1.0333598437510005,1.0338662672628511,-0.000489834640984399,2025-06-23,14:35,14-15,82.6,82.48533333333333,0.04576803080406694,2.5053878144234125,0.0007272727272726875,74028,82313.3,0.8993443343906756,2025-06-23 14:35:00+05:30,30.0,25.0,0.0010895883777239934,0.0,2025-06-23 14:45:00+05:30,2025-06-23 14:40:00+05:30,5.0,0.0
2025-06-25 13:10:00+05:30,2025-06-25 13:15:00+05:30,2025-06-25 13:40:00+05:30,2.1723197771706113,0.00012333497779981606,81.11,81.09,-0.00024657872025635186,0.0,0.0,-0.00024657872025635186,1.0331050392031642,1.0338662672628511,-0.0007362925784417662,2025-06-25,13:10,13-14,81.11,81.056,0.02485821865063329,2.1723197771706113,0.00012333497779981606,278467,101419.6,2.7456921541792707,2025-06-25 13:10:00+05:30,30.0,25.0,0.0008630255208976756,-0.0004931574405129258,2025-06-25 13:15:00+05:30,2025-06-25 13:40:00+05:30,0.0,25.0
2025-06-26 12:40:00+05:30,2025-06-26 12:45:00+05:30,2025-06-26 13:10:00+05:30,2.1433757034033087,0.0006166748889984142,81.16,81.24,0.0009857072449481752,0.0,0.0,0.0009857072449481752,1.0341233783250992,1.0341233783250992,0.0,2025-06-26,12:40,12-13,81.16,81.07999999999998,0.037324301042036816,2.1433757034033087,0.0006166748889984142,114901,89216.73333333334,1.2878862037091696,2025-06-26 12:40:00+05:30,30.0,25.0,0.0014785608674223738,-0.0006160670280925817,2025-06-26 13:05:00+05:30,2025-06-26 12:50:00+05:30,20.0,5.0
2025-06-30 12:00:00+05:30,2025-06-30 12:05:00+05:30,2025-06-30 12:30:00+05:30,2.139640014561984,0.0011268311005383502,80.01,79.97,-0.0004999375078116319,0.0,0.0,-0.0004999375078116319,1.0336063812605696,1.0341233783250992,-0.0004999375078116319,2025-06-30,12:00,12-13,80.01,79.74666666666667,0.12307366264471534,2.139640014561984,0.0011268311005383502,456569,339097.9666666667,1.3464221106604493,2025-06-30 12:00:00+05:30,30.0,25.0,0.0003749531308585574,-0.0012498437695289688,2025-06-30 12:10:00+05:30,2025-06-30 12:30:00+05:30,5.0,25.0
2025-07-01 12:35:00+05:30,2025-07-01 12:40:00+05:30,2025-07-01 13:05:00+05:30,2.5411733847187743,0.0011144130757798631,80.89,80.93,0.0004944987019410707,0.0,0.0,0.0004944987019410707,1.034117498274421,1.0341233783250992,-5.6860243191625415e-06,2025-07-01,12:35,12-13,80.89,80.76133333333334,0.05063277753513058,2.5411733847187743,0.0011144130757798631,114313,113417.03333333334,1.0078997540345938,2025-07-01 12:35:00+05:30,30.0,25.0,0.0013598714303375559,-0.0004944987019409597,2025-07-01 12:50:00+05:30,2025-07-01 12:40:00+05:30,10.0,0.0
2025-07-01 14:55:00+05:30,2025-07-01 15:00:00+05:30,2025-07-01 15:25:00+05:30,2.141292865322487,0.00037059913526871213,81.03,81.08,0.000617055411575862,0.0,0.0,0.000617055411575862,1.0347556060729366,1.0347556060729366,0.0,2025-07-01,14:55,14-15,81.01,80.932,0.03642659127258422,2.141292865322487,0.00037059913526871213,308187,113979.06666666667,2.7038912408477347,2025-07-01 14:55:00+05:30,30.0,25.0,0.0008638775762062068,-0.0003702332469456282,2025-07-01 15:25:00+05:30,2025-07-01 15:00:00+05:30,25.0,0.0
2025-07-04 13:30:00+05:30,2025-07-04 13:35:00+05:30,2025-07-04 14:00:00+05:30,2.6969928609109988,0.0011123470522802492,81.04,81.05,0.0001233958538990887,0.0,0.0,0.0001233958538990887,1.0348832906245249,1.0348832906245249,0.0,2025-07-04,13:30,13-14,81.04,80.938,0.03781989988863003,2.6969928609109988,0.0011123470522802492,256172,236725.13333333333,1.0821495647413302,2025-07-04 13:30:00+05:30,30.0,25.0,0.0008637709772951752,-0.000493583415597354,2025-07-04 13:50:00+05:30,2025-07-04 13:35:00+05:30,15.0,0.0
2025-07-07 14:10:00+05:30,2025-07-07 14:15:00+05:30,2025-07-07 14:40:00+05:30,2.2067966307189684,0.0012411567580985494,80.69,80.68,-0.00012393109431141358,0.0,0.0,-0.00012393109431141358,1.034755036405833,1.0348832906245249,-0.0001239310943115246,2025-07-07,14:10,14-15,80.69,80.609,0.03670478687182583,2.2067966307189684,0.0012411567580985494,30050,86500.33333333333,0.34739750521192597,2025-07-07 14:10:00+05:30,30.0,25.0,0.0004957243772463205,-0.000619655471557734,2025-07-07 14:35:00+05:30,2025-07-07 14:25:00+05:30,20.0,10.0
2025-07-10 12:30:00+05:30,2025-07-10 12:35:00+05:30,2025-07-10 13:00:00+05:30,2.13057384852489,0.0002480466327670072,80.68,80.71,0.00037183936539397777,0.0,0.0,0.00037183936539397777,1.0351397990619084,1.0351397990619084,0.0,2025-07-10,12:30,12-13,80.68,80.60233333333333,0.036453402786505405,2.13057384852489,0.0002480466327670072,135884,67540.56666666667,2.0118871769410682,2025-07-10 12:30:00+05:30,30.0,25.0,0.0007436787307881776,-0.0002478929102629479,2025-07-10 12:40:00+05:30,2025-07-10 12:35:00+05:30,5.0,0.0
2025-07-10 14:15:00+05:30,2025-07-10 14:20:00+05:30,2025-07-10 14:45:00+05:30,3.566008255611157,0.001116348300669756,80.77,80.78,0.00012380834468239676,0.0,0.0,0.00012380834468239676,1.0352679580069453,1.0352679580069453,0.0,2025-07-10,14:15,14-15,80.78,80.64766666666668,0.03710965422614849,3.566008255611157,0.001116348300669756,108764,77306.63333333333,1.4069167846312456,2025-07-10 14:15:00+05:30,30.0,25.0,0.0006190417234122059,-0.0004952333787295871,2025-07-10 14:25:00+05:30,2025-07-10 14:40:00+05:30,5.0,20.0
2025-07-11 11:45:00+05:30,2025-07-11 11:50:00+05:30,2025-07-11 12:15:00+05:30,2.2078391998406808,0.00036977690126960283,81.22,81.1,-0.0014774686037922757,0.0,0.0,-0.0014774686037922757,1.033738382102478,1.0352679580069453,-0.0014774686037921647,2025-07-11,11:45,11-12,81.2,81.10033333333332,0.04514217642021681,2.2078391998406808,0.00036977690126960283,279843,173185.96666666667,1.6158526316316237,2025-07-11 11:45:00+05:30,30.0,25.0,0.0002462447672986201,-0.0014774686037922757,2025-07-11 11:55:00+05:30,2025-07-11 12:15:00+05:30,5.0,25.0
2025-07-14 12:10:00+05:30,2025-07-14 12:15:00+05:30,2025-07-14 12:40:00+05:30,2.0864052079168456,0.00024461839530331986,81.81,81.9,0.0011001100110010764,0.0,0.0,0.0011001100110010764,1.034875608045385,1.0352679580069453,-0.00037898397079305646,2025-07-14,12:10,12-13,81.81,81.76233333333333,0.02284631311588032,2.0864052079168456,0.00024461839530331986,193810,132203.83333333334,1.4659937999780641,2025-07-14 12:10:00+05:30,30.0,25.0,0.002200220022002153,-0.0001222344456668356,2025-07-14 12:40:00+05:30,2025-07-14 12:15:00+05:30,25.0,0.0
2025-07-16 13:00:00+05:30,2025-07-16 13:05:00+05:30,2025-07-16 13:30:00+05:30,2.2281084486174265,0.0006158393890873803,81.27,81.28,0.0001230466346746617,0.0,0.0,0.0001230466346746617,1.0350029460062617,1.0352679580069453,-0.00025598396882065,2025-07-16,13:00,13-14,81.27,81.19966666666666,0.03156638689511744,2.2281084486174265,0.0006158393890873803,219995,56991.23333333333,3.8601550998779346,2025-07-16 13:00:00+05:30,30.0,25.0,0.0001230466346746617,-0.0009843730773962944,2025-07-16 13:30:00+05:30,2025-07-16 13:10:00+05:30,25.0,5.0
2025-07-16 14:05:00+05:30,2025-07-16 14:10:00+05:30,2025-07-16 14:35:00+05:30,2.0777290811379787,0.00036909448818889246,81.31,81.33,0.0002459722051406654,0.0,0.0,0.0002459722051406654,1.035257527963218,1.0352679580069453,-1.0074728621356499e-05,2025-07-16,14:05,14-15,81.32,81.23166666666665,0.0425143653882718,2.0777290811379787,0.00036909448818889246,33656,65719.33333333333,0.5121171852017165,2025-07-16 14:05:00+05:30,30.0,25.0,0.0004919444102815529,-0.0003689583077112202,2025-07-16 14:35:00+05:30,2025-07-16 14:15:00+05:30,25.0,5.0
2025-07-18 12:40:00+05:30,2025-07-18 12:45:00+05:30,2025-07-18 13:10:00+05:30,2.515815937821013,0.0003681885125184081,81.54,81.6,0.0007358351729211954,0.0,0.0,0.0007358351729211954,1.0360193068653247,1.0360193068653247,0.0,2025-07-18,12:40,12-13,81.56,81.44466666666668,0.045843311348610444,2.515815937821013,0.0003681885125184081,105025,103446.06666666667,1.0152633481795021,2025-07-18 12:40:00+05:30,30.0,25.0,0.001226391954868733,0.0,2025-07-18 12:55:00+05:30,2025-07-18 12:45:00+05:30,10.0,0.0
2025-07-22 13:05:00+05:30,2025-07-22 13:10:00+05:30,2025-07-22 13:35:00+05:30,2.3790076543259833,0.0003629764065335994,82.71,82.82,0.0013299480111232942,0.0,0.0,0.0013299480111232942,1.0373971586819757,1.0373971586819757,0.0,2025-07-22,13:05,13-14,82.71,82.666,0.01849510652897119,2.3790076543259833,0.0003629764065335994,286313,81198.96666666666,3.5260670394409783,2025-07-22 13:05:00+05:30,30.0,25.0,0.0013299480111232942,-0.0003627130939425349,2025-07-22 13:30:00+05:30,2025-07-22 13:10:00+05:30,20.0,0.0
2025-07-23 11:45:00+05:30,2025-07-23 11:50:00+05:30,2025-07-23 12:15:00+05:30,2.2936534238624033,0.001198609612849122,83.55,83.57,0.0002393776181925933,0.0,0.0,0.0002393776181925933,1.0376454883429407,1.0376454883429407,0.0,2025-07-23,11:45,11-12,83.55,83.44033333333333,0.04781309395993916,2.2936534238624033,0.001198609612849122,128306,276468.76666666666,0.4640885896333317,2025-07-23 11:45:00+05:30,30.0,25.0,0.0004787552363854086,-0.001077199281867225,2025-07-23 12:15:00+05:30,2025-07-23 12:05:00+05:30,25.0,15.0
2025-07-23 12:50:00+05:30,2025-07-23 12:55:00+05:30,2025-07-23 13:20:00+05:30,2.0979299477495537,0.0016752423118344684,83.67,83.57,-0.0011951715071113478,0.0,0.0,-0.0011951715071113478,1.0364053240207907,1.0376454883429407,-0.0011951715071112368,2025-07-23,12:50,12-13,83.67,83.50633333333333,0.07801340880911505,2.0979299477495537,0.0016752423118344684,689968,180861.93333333332,3.814887894227973,2025-07-23 12:50:00+05:30,30.0,25.0,0.00023903430142224735,-0.0014342058085335951,2025-07-23 12:55:00+05:30,2025-07-23 13:20:00+05:30,0.0,25.0
2025-07-23 14:50:00+05:30,2025-07-23 14:55:00+05:30,2025-07-23 15:20:00+05:30,2.0404559446807875,0.001435578418470973,83.73,83.76,0.0003582945180939934,0.0,0.0,0.0003582945180939934,1.0367766623669108,1.0376454883429407,-0.0008373052124164282,2025-07-23,14:50,14-15,83.72,83.63066666666667,0.04378106450482776,2.0404559446807875,0.001435578418470973,128487,240265.73333333334,0.534770390340029,2025-07-23 14:50:00+05:30,30.0,25.0,0.0007165890361877647,-0.00035829451809388235,2025-07-23 15:20:00+05:30,2025-07-23 14:55:00+05:30,25.0,0.0
2025-07-28 14:45:00+05:30,2025-07-28 14:50:00+05:30,2025-07-28 15:15:00+05:30,3.3088281168819895,0.0009783539195302726,81.88,82.04,0.0019540791402052893,0.0,0.0,0.0019540791402052893,1.0388026060158937,1.0388026060158937,0.0,2025-07-28,14:45,14-15,81.91,81.82033333333334,0.027099221687935444,3.3088281168819895,0.0009783539195302726,83073,62812.7,1.3225510127728948,2025-07-28 14:45:00+05:30,30.0,25.0,0.002808988764045006,0.0,2025-07-28 15:15:00+05:30,2025-07-28 14:50:00+05:30,25.0,0.0
2025-07-29 13:40:00+05:30,2025-07-29 13:45:00+05:30,2025-07-29 14:10:00+05:30,2.4100486480548415,0.0015913820541069157,81.87,81.93,0.0007328691828509815,0.0,0.0,0.0007328691828509815,1.0395639124329081,1.0395639124329081,0.0,2025-07-29,13:40,13-14,81.87,81.74966666666666,0.04992983582736821,2.4100486480548415,0.0015913820541069157,160127,107101.26666666666,1.4950990308860337,2025-07-29 13:40:00+05:30,30.0,25.0,0.0010993037742761391,-0.00012214486380857092,2025-07-29 14:05:00+05:30,2025-07-29 13:45:00+05:30,20.0,0.0
2025-07-30 12:30:00+05:30,2025-07-30 12:35:00+05:30,2025-07-30 13:00:00+05:30,4.08157058779878,0.0007295719844357951,82.38,82.41,0.0003641660597233365,0.0,0.0,0.0003641660597233365,1.0399424863267295,1.0399424863267295,0.0,2025-07-30,12:30,12-13,82.38,82.28133333333332,0.024173700918372506,4.08157058779878,0.0007295719844357951,284513,38914.76666666667,7.311183501036024,2025-07-30 12:30:00+05:30,30.0,25.0,0.001213886865744307,-0.00012138868657429747,2025-07-30 12:40:00+05:30,2025-07-30 12:35:00+05:30,5.0,0.0
2025-07-30 14:45:00+05:30,2025-07-30 14:50:00+05:30,2025-07-30 15:15:00+05:30,2.1703389290996675,0.0012134449702707606,82.55,82.4,-0.001817080557237949,0.0,0.0,-0.001817080557237949,1.0380528270541796,1.0399424863267295,-0.001817080557237838,2025-07-30,14:45,14-15,82.55,82.42766666666667,0.056366004264632626,2.1703389290996675,0.0012134449702707606,97418,83776.0,1.1628389992360582,2025-07-30 14:45:00+05:30,30.0,25.0,0.0001211387038160261,-0.002059357964869779,2025-07-30 14:50:00+05:30,2025-07-30 15:05:00+05:30,0.0,15.0
2025-07-31 11:45:00+05:30,2025-07-31 11:50:00+05:30,2025-07-31 12:15:00+05:30,3.001493670468331,0.0018341892883346755,81.94,81.92,-0.00024408103490358712,0.0,0.0,-0.00024408103490358712,1.0377994580458676,1.0399424863267295,-0.0020607180772385103,2025-07-31,11:45,11-12,81.94,81.82033333333334,0.03986903848709041,3.001493670468331,0.0018341892883346755,32663,107637.76666666666,0.30345297019354733,2025-07-31 11:45:00+05:30,30.0,25.0,0.00048816206980717425,-0.0007322431047107614,2025-07-31 12:10:00+05:30,2025-07-31 11:50:00+05:30,20.0,0.0
2025-07-31 13:10:00+05:30,2025-07-31 13:15:00+05:30,2025-07-31 13:40:00+05:30,2.8447717914681685,0.0006105006105006083,82.02,82.01,-0.0001219214825650683,0.0,0.0,-0.0001219214825650683,1.0376729279973373,1.0399424863267295,-0.0021823883140005274,2025-07-31,13:10,13-14,82.02,81.87266666666666,0.05179091474936834,2.8447717914681685,0.0006105006105006083,273397,78571.86666666667,3.479578780530436,2025-07-31 13:10:00+05:30,30.0,25.0,0.002194586686174116,-0.0006096074128261186,2025-07-31 13:35:00+05:30,2025-07-31 13:15:00+05:30,20.0,0.0
2025-08-01 14:30:00+05:30,2025-08-01 14:35:00+05:30,2025-08-01 15:00:00+05:30,2.229742884638442,0.001225490196078427,81.73,81.87,0.0017129572984215802,0.0,0.0,0.0017129572984215802,1.0394504174127248,1.0399424863267295,-0.000473169353569447,2025-08-01,14:30,14-15,81.73,81.64900000000002,0.03632705840571533,2.229742884638442,0.001225490196078427,305725,100946.56666666667,3.028582448074014,2025-08-01 14:30:00+05:30,30.0,25.0,0.002447081854888067,-0.0007341245564664867,2025-08-01 14:55:00+05:30,2025-08-01 14:45:00+05:30,20.0,10.0
2025-08-04 11:45:00+05:30,2025-08-04 11:50:00+05:30,2025-08-04 12:15:00+05:30,2.6693960404150263,0.0013241844227760424,83.17,83.22,0.000601178309486583,0.0,0.0,0.000601178309486583,1.0400753124574602,1.0400753124574602,0.0,2025-08-04,11:45,11-12,83.17,83.10633333333334,0.023850588561135404,2.6693960404150263,0.0013241844227760424,65085,203601.9,0.3196679402304203,2025-08-04 11:45:00+05:30,30.0,25.0,0.0007214139713840328,-0.0010821209570759383,2025-08-04 12:15:00+05:30,2025-08-04 11:55:00+05:30,25.0,5.0
2025-08-04 13:55:00+05:30,2025-08-04 14:00:00+05:30,2025-08-04 14:25:00+05:30,2.147159481271409,0.0013224332772301395,83.32,83.21,-0.0013202112337974414,0.0,0.0,-0.0013202112337974414,1.0387021933459586,1.0400753124574602,-0.0013202112337973304,2025-08-04,13:55,13-14,83.32,83.19433333333333,0.05852693652371304,2.147159481271409,0.0013224332772301395,164856,114099.5,1.4448441930069809,2025-08-04 13:55:00+05:30,30.0,25.0,0.0,-0.0015602496399423904,2025-08-04 14:00:00+05:30,2025-08-04 14:15:00+05:30,0.0,15.0
2025-08-05 12:45:00+05:30,2025-08-05 12:50:00+05:30,2025-08-05 13:15:00+05:30,2.513076909995446,0.001075654356400113,83.8,83.82,0.00023866348448686736,0.0,0.0,0.00023866348448686736,1.0389500936307667,1.0400753124574602,-0.0010818628355236948,2025-08-05,12:45,12-13,83.8,83.66000000000001,0.05570860145312467,2.513076909995446,0.001075654356400113,212972,183489.5,1.1606767689704316,2025-08-05 12:45:00+05:30,30.0,25.0,0.0007159904534606021,-0.0004773269689736237,2025-08-05 12:55:00+05:30,2025-08-05 12:50:00+05:30,5.0,0.0
2025-08-06 12:00:00+05:30,2025-08-06 12:05:00+05:30,2025-08-06 12:30:00+05:30,2.453227744383795,0.0007161613750299445,83.87,83.79,-0.0009538571598902701,0.0,0.0,-0.0009538571598902701,1.0379590836451884,1.0400753124574602,-0.0020346880528022693,2025-08-06,12:00,12-13,83.87,83.78966666666666,0.03274597457054315,2.453227744383795,0.0007161613750299445,112753,150977.6,0.7468193957249287,2025-08-06 12:00:00+05:30,30.0,25.0,0.00023846428997242874,-0.001192321449863032,2025-08-06 12:05:00+05:30,2025-08-06 12:30:00+05:30,0.0,25.0
2025-08-07 12:30:00+05:30,2025-08-07 12:35:00+05:30,2025-08-07 13:00:00+05:30,2.4112618266559185,0.001310772163965579,84.07,84.15,0.000951587962412459,0.0,0.0,0.000951587962412459,1.0389467930146619,1.0400753124574602,-0.001085036275048079,2025-08-07,12:30,12-13,84.07,83.924,0.06054921053615653,2.4112618266559185,0.001310772163965579,161927,151084.23333333334,1.071766367856165,2025-08-07 12:30:00+05:30,30.0,25.0,0.0010705364577139331,-0.0007136909718090667,2025-08-07 13:00:00+05:30,2025-08-07 12:35:00+05:30,25.0,0.0
2025-08-13 11:45:00+05:30,2025-08-13 11:50:00+05:30,2025-08-13 12:15:00+05:30,3.4979094444148053,0.001807446680323066,83.21,83.25,0.00048071145295036644,0.0,0.0,0.00048071145295036644,1.03944622663707,1.0400753124574602,-0.0006048464114619678,2025-08-13,11:45,11-12,83.18,83.07166666666667,0.030970879908372894,3.4979094444148053,0.001807446680323066,133030,82732.63333333333,1.607950752202174,2025-08-13 11:45:00+05:30,30.0,25.0,0.0007210671794255497,-0.0003605335897126638,2025-08-13 12:10:00+05:30,2025-08-13 11:50:00+05:30,20.0,0.0
2025-08-14 12:25:00+05:30,2025-08-14 12:30:00+05:30,2025-08-14 12:55:00+05:30,3.0807270053722777,0.0006016123210204061,83.18,83.26,0.0009617696561672329,0.0,0.0,0.0009617696561672329,1.0404459344770671,1.0404459344770671,0.0,2025-08-14,12:25,12-13,83.19,83.13366666666667,0.018285727114116756,3.0807270053722777,0.0006016123210204061,57148,61530.7,0.9287721413863324,2025-08-14 12:25:00+05:30,30.0,25.0,0.0012022120702090966,-0.00012022120702093186,2025-08-14 12:50:00+05:30,2025-08-14 12:30:00+05:30,20.0,0.0
2025-08-20 11:45:00+05:30,2025-08-20 11:50:00+05:30,2025-08-20 12:15:00+05:30,3.1198230490649737,0.0023173557750946205,82.17,82.09,-0.0009735913350370495,0.0,0.0,-0.0009735913350370495,1.0394329653306857,1.0404459344770671,-0.0009735913350370495,2025-08-20,11:45,11-12,82.17,81.973,0.06314460689013904,3.1198230490649737,0.0023173557750946205,35123,154461.3,0.22739029128979235,2025-08-20 11:45:00+05:30,30.0,25.0,0.0007301935012777871,-0.0013386880856760541,2025-08-20 11:50:00+05:30,2025-08-20 12:05:00+05:30,0.0,15.0
2025-08-21 13:15:00+05:30,2025-08-21 13:20:00+05:30,2025-08-21 13:45:00+05:30,2.0652170376995906,0.0006072382803010701,82.44,82.49,0.0006065016982046423,0.0,0.0,0.0006065016982046423,1.0400633831893287,1.0404459344770671,-0.0003676801216304648,2025-08-21,13:15,13-14,82.44,82.34733333333332,0.04487018312123414,2.0652170376995906,0.0006072382803010701,138172,66389.8,2.081223320449828,2025-08-21 13:15:00+05:30,30.0,25.0,0.0006065016982046423,-0.0006065016982047533,2025-08-21 13:45:00+05:30,2025-08-21 13:25:00+05:30,25.0,5.0
2025-08-25 12:00:00+05:30,2025-08-25 12:05:00+05:30,2025-08-25 12:30:00+05:30,2.124801721257878,0.0003597553663508002,83.44,83.49,0.0005992329817832154,0.0,0.0,0.0005992329817832154,1.0406866234716807,1.0406866234716807,0.0,2025-08-25,12:00,12-13,83.44,83.36699999999999,0.03435614686757297,2.124801721257878,0.0003597553663508002,25972,96304.9,0.2696851354396298,2025-08-25 12:00:00+05:30,30.0,25.0,0.0007190795781399917,-0.00023969319271333056,2025-08-25 12:20:00+05:30,2025-08-25 12:10:00+05:30,15.0,5.0
2025-08-28 12:15:00+05:30,2025-08-28 12:20:00+05:30,2025-08-28 12:45:00+05:30,2.4633975322969985,0.0003562099263831886,84.27,84.32,0.0005933309600094638,0.0,0.0,0.0005933309600094638,1.0413040950650543,1.0413040950650543,0.0,2025-08-28,12:15,12-13,84.27,84.18599999999999,0.03409924662938071,2.4633975322969985,0.0003562099263831886,44318,100691.5,0.4401364564039666,2025-08-28 12:15:00+05:30,30.0,25.0,0.0007119971520113122,-0.0003559985760056561,2025-08-28 12:45:00+05:30,2025-08-28 12:35:00+05:30,25.0,15.0
2025-08-28 14:05:00+05:30,2025-08-28 14:10:00+05:30,2025-08-28 14:35:00+05:30,2.44423791939817,0.00047460844803026703,84.36,84.44,0.0009483167377903889,0.0,0.0,0.0009483167377903889,1.0422915811675342,1.0422915811675342,0.0,2025-08-28,14:05,14-15,84.36,84.27466666666668,0.034912040540773154,2.44423791939817,0.00047460844803026703,226448,178776.33333333334,1.266655355201751,2025-08-28 14:05:00+05:30,30.0,25.0,0.0011853959222378752,-0.00011853959222385413,2025-08-28 14:30:00+05:30,2025-08-28 14:10:00+05:30,20.0,0.0
2025-08-29 11:45:00+05:30,2025-08-29 11:50:00+05:30,2025-08-29 12:15:00+05:30,2.6659171953781815,0.0004716424949886555,84.87,84.86,-0.00011782726522924225,0.0,0.0,-0.00011782726522924225,1.0421687708009537,1.0422915811675342,-0.00011782726522924225,2025-08-29,11:45,11-12,84.87,84.77966666666666,0.03388452330400806,2.6659171953781815,0.0004716424949886555,52058,123306.03333333334,0.4221853431881273,2025-08-29 11:45:00+05:30,30.0,25.0,0.0004713090609165249,-0.0005891363261459892,2025-08-29 12:00:00+05:30,2025-08-29 12:10:00+05:30,10.0,20.0
2025-08-29 13:25:00+05:30,2025-08-29 13:30:00+05:30,2025-08-29 13:55:00+05:30,2.235279828873858,0.0003534401508011875,84.95,85.19,0.0028251912889933894,0.0,0.0,0.0028251912889933894,1.0451130969338815,1.0451130969338815,0.0,2025-08-29,13:25,13-14,84.95,84.85266666666666,0.04354413799831741,2.235279828873858,0.0003534401508011875,116404,109583.06666666667,1.06224441002442,2025-08-29 13:25:00+05:30,30.0,25.0,0.003296056503825806,-0.00011771630370815966,2025-08-29 13:50:00+05:30,2025-08-29 13:30:00+05:30,20.0,0.0
2025-08-29 14:45:00+05:30,2025-08-29 14:50:00+05:30,2025-08-29 15:15:00+05:30,2.4313098222630893,0.001525821596244148,85.45,85.37,-0.000936220011702682,0.0,0.0,-0.000936220011702682,1.0441346411380394,1.0451130969338815,-0.000936220011702682,2025-08-29,14:45,14-15,85.44,85.03266666666667,0.16753658032532293,2.4313098222630893,0.001525821596244148,972048,196102.03333333333,4.956848144188884,2025-08-29 14:45:00+05:30,30.0,25.0,0.00023405500292561499,-0.00163838502047986,2025-08-29 14:50:00+05:30,2025-08-29 15:00:00+05:30,0.0,10.0
2025-09-01 12:05:00+05:30,2025-09-01 12:10:00+05:30,2025-09-01 12:35:00+05:30,2.049108111380012,0.0011507479861909697,87.06,86.9,-0.0018378130025269446,0.0,0.0,-0.0018378130025269446,1.0422157169181672,1.0451130969338815,-0.0027723124169188873,2025-09-01,12:05,12-13,87.06,86.94933333333333,0.054007236637281866,2.049108111380012,0.0011507479861909697,217136,392551.1666666667,0.5531406309241216,2025-09-01 12:05:00+05:30,30.0,25.0,0.000344589937973927,-0.002412129565816823,2025-09-01 12:10:00+05:30,2025-09-01 12:30:00+05:30,0.0,20.0
2025-09-04 11:55:00+05:30,2025-09-04 12:00:00+05:30,2025-09-04 12:25:00+05:30,2.898511868515828,0.001024240355069761,88.02,88.11,0.0010224948875257045,0.0,0.0,0.0010224948875257045,1.043281377160415,1.0451130969338815,-0.0017526522046660276,2025-09-04,11:55,11-12,88.02,87.85433333333332,0.057155766193743344,2.898511868515828,0.001024240355069761,303108,196532.1,1.5422824057749345,2025-09-04 11:55:00+05:30,30.0,25.0,0.002044989775051187,-0.00011361054305825125,2025-09-04 12:05:00+05:30,2025-09-04 12:00:00+05:30,5.0,0.0
2025-09-08 11:50:00+05:30,2025-09-08 11:55:00+05:30,2025-09-08 12:20:00+05:30,2.1436724444770343,0.00011180679785338654,89.49,89.46,-0.0003352329869259485,0.0,0.0,-0.0003352329869259485,1.0429316348281452,1.0451130969338815,-0.002087297644758457,2025-09-08,11:50,11-12,89.49,89.39266666666667,0.04540494681642914,2.1436724444770343,0.00011180679785338654,428679,395701.7,1.0833387877787737,2025-09-08 11:50:00+05:30,30.0,25.0,0.0,-0.0007822103028271021,2025-09-08 11:55:00+05:30,2025-09-08 12:20:00+05:30,0.0,25.0
2025-09-08 12:55:00+05:30,2025-09-08 13:00:00+05:30,2025-09-08 13:25:00+05:30,3.026094176947869,0.0024591996422984597,89.72,89.73,0.00011145786892563514,0.0,0.0,0.00011145786892563514,1.0430478777655983,1.0451130969338815,-0.001976072421580155,2025-09-08,12:55,12-13,89.72,89.45033333333332,0.08911377204349501,3.026094176947869,0.0024591996422984597,166549,277228.43333333335,0.600764495897667,2025-09-08 12:55:00+05:30,30.0,25.0,0.0006687472135533667,-0.0003343736067766834,2025-09-08 13:10:00+05:30,2025-09-08 13:25:00+05:30,10.0,25.0
2025-09-08 14:00:00+05:30,2025-09-08 14:05:00+05:30,2025-09-08 14:30:00+05:30,2.264783546255054,0.0021174635016159016,89.97,89.88,-0.0010003334444815826,0.0,0.0,-0.0010003334444815826,1.0420044820892738,1.0451130969338815,-0.0029744291347297835,2025-09-08,14:00,14-15,89.97,89.62166666666667,0.15380424937708406,2.264783546255054,0.0021174635016159016,192575,226647.0,0.8496693095430339,2025-09-08 14:00:00+05:30,30.0,25.0,0.00022229632099590724,-0.0012226297654773788,2025-09-08 14:10:00+05:30,2025-09-08 14:30:00+05:30,5.0,25.0
2025-09-09 14:40:00+05:30,2025-09-09 14:45:00+05:30,2025-09-09 15:10:00+05:30,2.356943429028512,0.00021963540522729197,91.16,91.19,0.00032909170688899536,0.0,0.0,0.00032909170688899536,1.0423473971228705,1.0451130969338815,-0.0026463162878017643,2025-09-09,14:40,14-15,91.17,91.03233333333334,0.05840898214659503,2.356943429028512,0.00021963540522729197,231819,260347.4,0.8904217979515063,2025-09-09 14:40:00+05:30,30.0,25.0,0.0006581834137779907,-0.00021939447125929323,2025-09-09 14:50:00+05:30,2025-09-09 15:00:00+05:30,5.0,15.0
2025-09-10 12:45:00+05:30,2025-09-10 12:50:00+05:30,2025-09-10 13:15:00+05:30,2.3398560326857134,0.00033054208902605353,90.81,90.84,0.00033036009250086984,0.0,0.0,0.00033036009250086984,1.042691747105402,1.0451130969338815,-0.0023168304325945632,2025-09-10,12:45,12-13,90.82,90.76666666666667,0.022793425145952614,2.3398560326857134,0.00033054208902605353,193646,296693.8333333333,0.6526795579955319,2025-09-10 12:45:00+05:30,30.0,25.0,0.0007708402158352889,-0.00033036009250086984,2025-09-10 13:10:00+05:30,2025-09-10 13:00:00+05:30,20.0,10.0
2025-09-16 12:15:00+05:30,2025-09-16 12:20:00+05:30,2025-09-16 12:45:00+05:30,3.3018454232228773,0.00043525571273117514,92.01,92.08,0.0007607868709922361,0.0,0.0,0.0007607868709922361,1.0434850132970919,1.0451130969338815,-0.0015578061757776096,2025-09-16,12:15,12-13,92.0,91.911,0.02695462342786695,3.3018454232228773,0.00043525571273117514,317001,200058.93333333332,1.5845380894429775,2025-09-16 12:15:00+05:30,30.0,25.0,0.0008694707097054444,-0.0001086838387132083,2025-09-16 12:30:00+05:30,2025-09-16 12:20:00+05:30,10.0,0.0
2025-09-16 13:45:00+05:30,2025-09-16 13:50:00+05:30,2025-09-16 14:15:00+05:30,2.345983119472002,0.0007604562737644205,92.19,92.17,-0.00021694326933507924,0.0,0.0,-0.00021694326933507924,1.043258636246805,1.0451130969338815,-0.0017744114895479335,2025-09-16,13:45,13-14,92.19,91.99266666666666,0.08411541059074018,2.345983119472002,0.0007604562737644205,635919,205599.5,3.092998767020348,2025-09-16 13:45:00+05:30,30.0,25.0,0.00032541490400261885,-0.0005423581733375871,2025-09-16 14:15:00+05:30,2025-09-16 13:50:00+05:30,25.0,0.0
2025-09-19 14:30:00+05:30,2025-09-19 14:35:00+05:30,2025-09-19 15:00:00+05:30,2.2493333675846086,0.000767375575531748,91.3,91.29,-0.00010952902519156815,0.0,0.0,-0.00010952902519156815,1.0431443691453541,1.0451130969338815,-0.0018837461651788345,2025-09-19,14:30,14-15,91.3,91.23266666666667,0.029934795039130862,2.2493333675846086,0.000767375575531748,180460,114347.6,1.5781704207171816,2025-09-19 14:30:00+05:30,30.0,25.0,0.0004381161007667167,-0.0003285870755750375,2025-09-19 14:40:00+05:30,2025-09-19 15:00:00+05:30,5.0,25.0
2025-09-22 11:50:00+05:30,2025-09-22 11:55:00+05:30,2025-09-22 12:20:00+05:30,2.2727147432827928,0.0005415357955160793,92.41,92.7,0.003138188507737283,0.0,0.0,0.003138188507737283,1.046417952816517,1.046417952816517,0.0,2025-09-22,11:50,11-12,92.4,92.26433333333333,0.059693662421847885,2.2727147432827928,0.0005415357955160793,147923,353061.93333333335,0.41897181778683207,2025-09-22 11:50:00+05:30,30.0,25.0,0.0034628286981928103,-0.0003246401904556384,2025-09-22 12:20:00+05:30,2025-09-22 11:55:00+05:30,25.0,0.0
2025-09-22 14:20:00+05:30,2025-09-22 14:25:00+05:30,2025-09-22 14:50:00+05:30,2.260782072543503,0.0011843238587425642,93.05,93.14,0.0009672219236969148,0.0,0.0,0.0009672219236969148,1.0474300712018312,1.0474300712018312,0.0,2025-09-22,14:20,14-15,93.06,92.73333333333333,0.14449277116708123,2.260782072543503,0.0011843238587425642,294975,367963.3333333333,0.8016423737872433,2025-09-22 14:20:00+05:30,30.0,25.0,0.0010746910263299547,-0.00021493820526596874,2025-09-22 14:50:00+05:30,2025-09-22 14:40:00+05:30,25.0,15.0
2025-09-23 13:50:00+05:30,2025-09-23 13:55:00+05:30,2025-09-23 14:20:00+05:30,2.422549048101905,0.0004239533651297922,94.41,94.92,0.005401970130282763,0.0,0.0,0.005401970130282763,1.0530882571600235,1.0530882571600235,0.0,2025-09-23,13:50,13-14,94.42,94.29866666666665,0.05008498524660203,2.422549048101905,0.0004239533651297922,328034,351335.36666666664,0.9336777083168685,2025-09-23 13:50:00+05:30,30.0,25.0,0.005401970130282763,-0.00010592098294659458,2025-09-23 14:20:00+05:30,2025-09-23 13:55:00+05:30,25.0,0.0
2025-09-24 13:10:00+05:30,2025-09-24 13:15:00+05:30,2025-09-24 13:40:00+05:30,2.2522673444955377,0.0004218964244278034,94.89,94.82,-0.0007376962799031661,0.0,0.0,-0.0007376962799031661,1.052311397870307,1.0530882571600235,-0.0007376962799031661,2025-09-24,13:10,13-14,94.89,94.80233333333334,0.03892373917373439,2.2522673444955377,0.0004218964244278034,218452,352655.5,0.6194487254558627,2025-09-24 13:10:00+05:30,30.0,25.0,0.00010538518284342047,-0.000948466645589674,2025-09-24 13:15:00+05:30,2025-09-24 13:30:00+05:30,0.0,15.0
2025-09-25 11:45:00+05:30,2025-09-25 11:50:00+05:30,2025-09-25 12:15:00+05:30,2.972392706756173,0.0019187719859288244,94.05,93.91,-0.001488569909622539,0.0,0.0,-0.001488569909622539,1.0507449587878843,1.0530882571600235,-0.0022251680770409843,2025-09-25,11:45,11-12,94.05,93.71033333333334,0.11427381916750277,2.972392706756173,0.0019187719859288244,204236,454913.3,0.44895587796619707,2025-09-25 11:45:00+05:30,30.0,25.0,0.0,-0.0022328548644336976,2025-09-25 11:50:00+05:30,2025-09-25 12:10:00+05:30,0.0,20.0
2025-09-25 13:10:00+05:30,2025-09-25 13:15:00+05:30,2025-09-25 13:40:00+05:30,2.140674834073684,0.0014903129657228842,94.12,94.28,0.0016999575010623325,0.0,0.0,0.0016999575010623325,1.0525311805622792,1.0530882571600235,-0.0005289932671422859,2025-09-25,13:10,13-14,94.12,93.88600000000001,0.10931132382898848,2.140674834073684,0.0014903129657228842,315359,245020.9,1.2870697969030398,2025-09-25 13:10:00+05:30,30.0,25.0,0.0016999575010623325,-0.00010624734381647905,2025-09-25 13:35:00+05:30,2025-09-25 13:25:00+05:30,20.0,10.0
2025-09-26 11:45:00+05:30,2025-09-26 11:50:00+05:30,2025-09-26 12:15:00+05:30,6.62736455553572,0.0008502497608673387,94.3,94.11,-0.00201484623541881,0.0,0.0,-0.00201484623541881,1.0504104920754624,1.0530882571600235,-0.002542773662468245,2025-09-26,11:45,11-12,94.28,94.06266666666667,0.032793327047596056,6.62736455553572,0.0008502497608673387,489199,377346.1666666667,1.2964196889063402,2025-09-26 11:45:00+05:30,30.0,25.0,0.00031813361611887636,-0.0022269353128313574,2025-09-26 11:50:00+05:30,2025-09-26 12:10:00+05:30,0.0,20.0
2025-09-29 12:10:00+05:30,2025-09-29 12:15:00+05:30,2025-09-29 12:40:00+05:30,2.088424607178772,0.001149665551839485,95.86,95.8,-0.0006259127894846506,0.0,0.0,-0.0006259127894846506,1.0497530267142636,1.0530882571600235,-0.0031670948973967494,2025-09-29,12:10,12-13,95.87,95.56866666666666,0.14428738882770298,2.088424607178772,0.001149665551839485,603509,405694.2,1.4875958295681821,2025-09-29 12:10:00+05:30,30.0,25.0,0.00020863759649492053,-0.0012518255789694122,2025-09-29 12:40:00+05:30,2025-09-29 12:15:00+05:30,25.0,0.0
2025-10-01 13:05:00+05:30,2025-10-01 13:10:00+05:30,2025-10-01 13:35:00+05:30,2.0914713803641707,0.0024755028365135434,97.3,97.52,0.0022610483042138085,0.0,0.0,0.0022610483042138085,1.0521265690151593,1.0530882571600235,-0.0009132075477298329,2025-10-01,13:05,13-14,97.3,97.00499999999998,0.14104902547059955,2.0914713803641707,0.0024755028365135434,332435,297680.0333333333,1.116752763957632,2025-10-01 13:05:00+05:30,30.0,25.0,0.0029804727646454143,-0.0011305241521069043,2025-10-01 13:35:00+05:30,2025-10-01 13:10:00+05:30,25.0,0.0
2025-10-03 13:10:00+05:30,2025-10-03 13:15:00+05:30,2025-10-03 13:40:00+05:30,2.4601647271140252,0.0008247422680411898,97.15,97.03,-0.0012352032938754975,0.0,0.0,-0.0012352032938754975,1.0508269788115379,1.0530882571600235,-0.0021472828446343906,2025-10-03,13:10,13-14,97.14,96.99633333333333,0.05839717360520327,2.4601647271140252,0.0008247422680411898,707828,396481.8333333333,1.785272212976551,2025-10-03 13:10:00+05:30,30.0,25.0,0.0,-0.0015440041173443442,2025-10-03 13:15:00+05:30,2025-10-03 13:40:00+05:30,0.0,25.0
2025-10-06 12:45:00+05:30,2025-10-06 12:50:00+05:30,2025-10-06 13:15:00+05:30,2.3947775698053757,0.0017216933360340025,98.99,99.0,0.00010102030508130078,0.0,0.0,0.00010102030508130078,1.050933133673525,1.0530882571600235,-0.002046479458721162,2025-10-06,12:45,12-13,98.99,98.78666666666666,0.08490698088084152,2.3947775698053757,0.0017216933360340025,1367957,418147.5,3.2714699956355116,2025-10-06 12:45:00+05:30,30.0,25.0,0.0006061218304880267,-0.0016163248813011455,2025-10-06 12:50:00+05:30,2025-10-06 13:00:00+05:30,0.0,10.0
2025-10-06 13:50:00+05:30,2025-10-06 13:55:00+05:30,2025-10-06 14:20:00+05:30,2.1464510659920197,0.0022222222222221255,99.24,99.26,0.00020153164046776695,0.0,0.0,0.00020153164046776695,1.0511449299519762,1.0530882571600235,-0.0018453602486159237,2025-10-06,13:50,13-14,99.27,98.88166666666667,0.18091879171438097,2.1464510659920197,0.0022222222222221255,352095,701561.3666666667,0.5018734165379023,2025-10-06 13:50:00+05:30,30.0,25.0,0.0004030632809350898,-0.0019145505844417876,2025-10-06 13:55:00+05:30,2025-10-06 14:05:00+05:30,0.0,10.0
2025-10-07 14:40:00+05:30,2025-10-07 14:45:00+05:30,2025-10-07 15:10:00+05:30,2.335430248477817,0.001006036217303663,99.62,99.65,0.00030114434852435146,0.0,0.0,0.00030114434852435146,1.0514614763071113,1.0530882571600235,-0.0015447716199014083,2025-10-07,14:40,14-15,99.62,99.35233333333332,0.1146112870813179,2.335430248477817,0.001006036217303663,242818,407332.9666666667,0.5961167395486199,2025-10-07 14:40:00+05:30,30.0,25.0,0.0018068660911463308,-0.0004015257980325426,2025-10-07 14:55:00+05:30,2025-10-07 14:45:00+05:30,10.0,0.0
2025-10-08 12:50:00+05:30,2025-10-08 12:55:00+05:30,2025-10-08 13:20:00+05:30,2.08856187500373,0.0007892659826360671,101.5,101.52,0.0001970443349752493,0.0,0.0,0.0001970443349752493,1.0516686608344623,1.0530882571600235,-0.0013480316734226783,2025-10-08,12:50,12-13,101.5,101.328,0.0823533178779728,2.08856187500373,0.0007892659826360671,366298,589640.2666666667,0.6212228382412598,2025-10-08 12:50:00+05:30,30.0,25.0,0.0004926108374383453,-0.0004926108374383453,2025-10-08 12:55:00+05:30,2025-10-08 13:20:00+05:30,0.0,25.0
2025-10-10 14:30:00+05:30,2025-10-10 14:35:00+05:30,2025-10-10 15:00:00+05:30,2.2827584093935767,0.0006003001500749505,100.12,100.53,0.004095085896923756,0.0,0.0,0.004095085896923756,1.0559753343356821,1.0559753343356821,0.0,2025-10-10,14:30,14-15,100.14,99.78500000000001,0.15551360956076682,2.2827584093935767,0.0006003001500749505,566373,481640.7,1.175924293773346,2025-10-10 14:30:00+05:30,30.0,25.0,0.004194966040751202,-0.0006991610067919041,2025-10-10 15:00:00+05:30,2025-10-10 14:35:00+05:30,25.0,0.0
2025-10-14 13:40:00+05:30,2025-10-14 13:45:00+05:30,2025-10-14 14:10:00+05:30,2.527896690673314,0.004109327217125314,105.27,105.0,-0.002564833285836343,0.0,0.0,-0.002564833285836343,1.0532669336491558,1.0559753343356821,-0.002564833285836343,2025-10-14,13:40,13-14,105.27,104.42766666666667,0.33321509397164906,2.527896690673314,0.004109327217125314,544992,1156570.0333333334,0.4712140071875169,2025-10-14 13:40:00+05:30,30.0,25.0,0.0018998765080269209,-0.0035147715398498036,2025-10-14 13:45:00+05:30,2025-10-14 14:10:00+05:30,0.0,25.0
2025-10-15 13:20:00+05:30,2025-10-15 13:25:00+05:30,2025-10-15 13:50:00+05:30,2.756883269792667,0.00037972280235409883,105.46,105.61,0.0014223402237816263,0.0,0.0,0.0014223402237816263,1.0547650375752642,1.0559753343356821,-0.001146141127604472,2025-10-15,13:20,13-14,105.46,105.32333333333332,0.04957288840051192,2.756883269792667,0.00037972280235409883,619133,371878.13333333336,1.6648814342763183,2025-10-15 13:20:00+05:30,30.0,25.0,0.0015171629053669644,-0.0008534041342688203,2025-10-15 13:50:00+05:30,2025-10-15 13:25:00+05:30,25.0,0.0
2025-10-29 11:50:00+05:30,2025-10-29 11:55:00+05:30,2025-10-29 12:20:00+05:30,2.072956520537199,0.0019277597402598268,98.83,99.09,0.0026307801274916276,0.0,0.0,0.0026307801274916276,1.0575398924752901,1.0575398924752901,0.0,2025-10-29,11:50,11-12,98.8,98.516,0.13700239111932472,2.072956520537199,0.0019277597402598268,237074,505062.2,0.469395650674313,2025-10-29 11:50:00+05:30,30.0,25.0,0.00445208944652431,-0.0002023677021146808,2025-10-29 12:15:00+05:30,2025-10-29 11:55:00+05:30,20.0,0.0
2025-10-30 14:30:00+05:30,2025-10-30 14:35:00+05:30,2025-10-30 15:00:00+05:30,5.010686970751042,0.00050499949500038,99.47,99.84,0.0037197144867799903,0.0,0.0,0.0037197144867799903,1.0614736389336783,1.0614736389336783,0.0,2025-10-30,14:30,14-15,99.47,98.94766666666668,0.1042438564576765,5.010686970751042,0.00050499949500038,825040,271851.2,3.0348955605125156,2025-10-30 14:30:00+05:30,30.0,25.0,0.006333567909922566,-0.00020106564793398451,2025-10-30 14:45:00+05:30,2025-10-30 14:35:00+05:30,10.0,0.0
2025-10-31 11:45:00+05:30,2025-10-31 11:50:00+05:30,2025-10-31 12:15:00+05:30,2.047107314475853,0.001500150015001589,100.2,100.14,-0.0005988023952095967,0.0,0.0,-0.0005988023952095967,1.060838025976233,1.0614736389336783,-0.0005988023952097077,2025-10-31,11:45,11-12,100.2,99.92233333333334,0.13563854943176534,2.047107314475853,0.001500150015001589,353053,479888.5333333333,0.73569792874123,2025-10-31 11:45:00+05:30,30.0,25.0,0.0013972055888222812,-0.0013972055888223922,2025-10-31 11:55:00+05:30,2025-10-31 12:05:00+05:30,5.0,15.0
2025-10-31 13:35:00+05:30,2025-10-31 13:40:00+05:30,2025-10-31 14:05:00+05:30,2.1547641791381413,0.0005982053838484713,100.41,100.36,-0.0004979583706802293,0.0,0.0,-0.0004979583706802293,1.060309772801262,1.0614736389336783,-0.0010964625872249556,2025-10-31,13:35,13-14,100.41,100.17833333333333,0.10751369867273863,2.1547641791381413,0.0005982053838484713,336580,261108.53333333333,1.289042513100555,2025-10-31 13:35:00+05:30,30.0,25.0,0.0,-0.0009959167413603476,2025-10-31 13:40:00+05:30,2025-10-31 14:05:00+05:30,0.0,25.0
2025-11-03 13:10:00+05:30,2025-11-03 13:15:00+05:30,2025-11-03 13:40:00+05:30,2.6574333445857685,0.0004981071926679626,100.46,100.49,0.00029862631893284863,0.0,0.0,0.00029862631893284863,1.060626409205642,1.0614736389336783,-0.0007981637008783737,2025-11-03,13:10,13-14,100.49,100.31833333333333,0.06459867263140166,2.6574333445857685,0.0004981071926679626,95890,172966.43333333332,0.5543850222962337,2025-11-03 13:10:00+05:30,30.0,25.0,0.0015926737009757108,-0.0001990842126219361,2025-11-03 13:30:00+05:30,2025-11-03 13:15:00+05:30,15.0,0.0
2025-11-04 12:45:00+05:30,2025-11-04 12:50:00+05:30,2025-11-04 13:15:00+05:30,2.0004037093409894,0.0005031193399074319,99.54,99.64,0.001004621257785665,0.0,0.0,0.001004621257785665,1.061691937042899,1.061691937042899,0.0,2025-11-04,12:45,12-13,99.54,99.35066666666668,0.09464756161429878,2.0004037093409894,0.0005031193399074319,251334,217118.83333333334,1.157587281312154,2025-11-04 12:45:00+05:30,30.0,25.0,0.001004621257785665,-0.00040184850311442144,2025-11-04 13:15:00+05:30,2025-11-04 12:50:00+05:30,25.0,0.0
2025-11-06 12:30:00+05:30,2025-11-06 12:35:00+05:30,2025-11-06 13:00:00+05:30,5.141921628317906,0.00030135610246118105,99.73,99.9,0.0017046024265516824,0.0,0.0,0.0017046024265516824,1.0635016996950326,1.0635016996950326,0.0,2025-11-06,12:30,12-13,99.73,99.52366666666667,0.04012766981841996,5.141921628317906,0.00030135610246118105,1028412,194524.23333333334,5.286806596675958,2025-11-06 12:30:00+05:30,30.0,25.0,0.0026070390053143377,-0.0004010829238946245,2025-11-06 12:50:00+05:30,2025-11-06 12:35:00+05:30,15.0,0.0
2025-11-07 12:10:00+05:30,2025-11-07 12:15:00+05:30,2025-11-07 12:40:00+05:30,2.211318552897291,0.0009018036072143687,99.94,100.05,0.0011006603962377959,0.0,0.0,0.0011006603962377959,1.0646722538972184,1.0646722538972184,0.0,2025-11-07,12:10,12-13,99.94,99.82,0.05426626563720518,2.211318552897291,0.0009018036072143687,186345,207948.4,0.8961117277170683,2025-11-07 12:10:00+05:30,30.0,25.0,0.0011006603962377959,-0.00020012007204317506,2025-11-07 12:35:00+05:30,2025-11-07 12:15:00+05:30,20.0,0.0
2025-11-10 11:55:00+05:30,2025-11-10 12:00:00+05:30,2025-11-10 12:25:00+05:30,2.0652855023261565,0.001083850625677396,101.63,101.62,-9.839614287110443e-05,0.0,0.0,-9.839614287110443e-05,1.064567494254013,1.0646722538972184,-9.839614287110443e-05,2025-11-10,11:55,11-12,101.63,101.24733333333332,0.18528511735335254,2.0652855023261565,0.001083850625677396,358182,501636.1,0.7140275590213703,2025-11-10 11:55:00+05:30,30.0,25.0,0.0006887730000983971,-0.0011807537144542524,2025-11-10 12:05:00+05:30,2025-11-10 12:15:00+05:30,5.0,15.0
2025-11-10 14:00:00+05:30,2025-11-10 14:05:00+05:30,2025-11-10 14:30:00+05:30,2.104566471311051,0.001082357571583259,101.78,101.7,-0.0007860090391039742,0.0,0.0,-0.0007860090391039742,1.0637307345807931,1.0646722538972184,-0.000884327841717325,2025-11-10,14:00,14-15,101.78,101.62766666666667,0.07238228652309298,2.104566471311051,0.001082357571583259,243788,280912.3333333333,0.8678437045009297,2025-11-10 14:00:00+05:30,30.0,25.0,0.0006877579092159358,-0.0007860090391039742,2025-11-10 14:05:00+05:30,2025-11-10 14:30:00+05:30,0.0,25.0
2025-11-11 14:35:00+05:30,2025-11-11 14:40:00+05:30,2025-11-11 15:05:00+05:30,2.5436462261521684,0.0012612787426022898,103.23,103.38,0.0014530659691949221,0.0,0.0,0.0014530659691949221,1.0652764055115993,1.0652764055115993,0.0,2025-11-11,14:35,14-15,103.24,103.08966666666667,0.05910151018160034,2.5436462261521684,0.0012612787426022898,470446,276718.9,1.700086260822806,2025-11-11 14:35:00+05:30,30.0,25.0,0.0014530659691949221,-0.00019374212922607104,2025-11-11 15:05:00+05:30,2025-11-11 14:40:00+05:30,25.0,0.0
2025-11-12 12:25:00+05:30,2025-11-12 12:30:00+05:30,2025-11-12 12:55:00+05:30,2.418832569450718,0.0006831267688105491,102.65,102.63,-0.00019483682415988302,0.0,0.0,-0.00019483682415988302,1.065068850439897,1.0652764055115993,-0.000194836824159772,2025-11-12,12:25,12-13,102.65,102.408,0.10004826421489733,2.418832569450718,0.0006831267688105491,368771,374827.1666666667,0.9838427755369918,2025-11-12 12:25:00+05:30,30.0,25.0,0.000779347296639088,-0.00097418412079886,2025-11-12 12:50:00+05:30,2025-11-12 12:30:00+05:30,20.0,0.0
2025-11-12 14:00:00+05:30,2025-11-12 14:05:00+05:30,2025-11-12 14:30:00+05:30,2.122980939161803,0.0017552413456851657,102.78,102.88,0.0009729519361743044,0.0,0.0,0.0009729519361743044,1.0661051112400914,1.0661051112400914,0.0,2025-11-12,14:00,14-15,102.78,102.54466666666666,0.11085042215511286,2.122980939161803,0.0017552413456851657,230797,290664.6,0.7940320217873109,2025-11-12 14:00:00+05:30,30.0,25.0,0.0009729519361743044,-0.00029188558085235794,2025-11-12 14:30:00+05:30,2025-11-12 14:10:00+05:30,25.0,5.0
2025-11-13 13:30:00+05:30,2025-11-13 13:35:00+05:30,2025-11-13 14:00:00+05:30,3.469995412698467,0.00019083969465638617,104.95,105.33,0.003620771796093436,0.0,0.0,0.003620771796093436,1.0699652345585406,1.0699652345585406,0.0,2025-11-13,13:30,13-14,104.92,104.72266666666665,0.05686847095278706,3.469995412698467,0.00019083969465638617,630894,212677.8,2.9664309109836573,2025-11-13 13:30:00+05:30,30.0,25.0,0.0040971891376846425,-0.0004764173415912065,2025-11-13 14:00:00+05:30,2025-11-13 13:35:00+05:30,25.0,0.0
2025-11-17 12:55:00+05:30,2025-11-17 13:00:00+05:30,2025-11-17 13:25:00+05:30,2.2206935496440567,0.0033520654638665714,101.84,102.21,0.003633150039277222,0.0,0.0,0.003633150039277222,1.0738525787925022,1.0738525787925022,0.0,2025-11-17,12:55,12-13,101.84,101.41666666666667,0.19063113566533565,2.2206935496440567,0.0033520654638665714,157215,321502.06666666665,0.48900152222971716,2025-11-17 12:55:00+05:30,30.0,25.0,0.003927729772191579,-0.00029457973291435735,2025-11-17 13:25:00+05:30,2025-11-17 13:05:00+05:30,25.0,5.0
2025-11-18 14:00:00+05:30,2025-11-18 14:05:00+05:30,2025-11-18 14:30:00+05:30,2.5861917582186997,0.0018945059327948321,100.61,100.8,0.001888480270350934,0.0,0.0,0.001888480270350934,1.0758805282008173,1.0758805282008173,0.0,2025-11-18,14:00,14-15,100.62,100.34599999999999,0.10594728682792612,2.5861917582186997,0.0018945059327948321,393358,287293.56666666665,1.3691848535417954,2025-11-18 14:00:00+05:30,30.0,25.0,0.002882417254746139,-9.939369843958712e-05,2025-11-18 14:10:00+05:30,2025-11-18 14:05:00+05:30,5.0,0.0
2025-11-21 14:35:00+05:30,2025-11-21 14:40:00+05:30,2025-11-21 15:05:00+05:30,2.51006565099521,9.883376161279323e-05,101.34,102.02,0.006710084862837862,0.0,0.0,0.006710084862837862,1.0830997778473195,1.0830997778473195,0.0,2025-11-21,14:35,14-15,101.3,100.943,0.14222735563050043,2.51006565099521,9.883376161279323e-05,164464,207025.56666666668,0.7944139588556454,2025-11-21 14:35:00+05:30,30.0,25.0,0.009177027827116602,-0.000197355437142388,2025-11-21 15:05:00+05:30,2025-11-21 14:40:00+05:30,25.0,0.0
2025-11-24 13:05:00+05:30,2025-11-24 13:10:00+05:30,2025-11-24 13:35:00+05:30,2.006557890337192,0.0007854688267061594,101.95,102.0,0.0004904364884747991,0.0,0.0,0.0004904364884747991,1.0836309694990347,1.0836309694990347,0.0,2025-11-24,13:05,13-14,101.97,101.77533333333334,0.09701522572765157,2.006557890337192,0.0007854688267061594,153579,144094.2,1.0658236070570501,2025-11-24 13:05:00+05:30,30.0,25.0,0.0009808729769493763,-0.00039234919077990593,2025-11-24 13:15:00+05:30,2025-11-24 13:20:00+05:30,5.0,10.0
2025-11-24 14:40:00+05:30,2025-11-24 14:45:00+05:30,2025-11-24 15:10:00+05:30,3.26336464014812,0.0012755102040815647,102.16,102.28,0.0011746280344557825,0.0,0.0,0.0011746280344557825,1.0849038328148128,1.0849038328148128,0.0,2025-11-24,14:40,14-15,102.16,101.93366666666665,0.06935582084479242,3.26336464014812,0.0012755102040815647,920922,165201.4,5.574541135849938,2025-11-24 14:40:00+05:30,30.0,25.0,0.0017619420516836737,-0.0005873140172278912,2025-11-24 15:10:00+05:30,2025-11-24 14:55:00+05:30,25.0,10.0
2025-11-25 12:35:00+05:30,2025-11-25 12:40:00+05:30,2025-11-25 13:05:00+05:30,2.2437102991503495,0.0012533744697260651,103.86,103.61,-0.0024070864625457267,0.0,0.0,-0.0024070864625457267,1.0822923754856804,1.0849038328148128,-0.0024070864625457267,2025-11-25,12:35,12-13,103.86,103.67566666666667,0.08215558550635134,2.2437102991503495,0.0012533744697260651,615144,242862.33333333334,2.5328917479998956,2025-11-25 12:35:00+05:30,30.0,25.0,0.0002888503755054117,-0.003081070672058428,2025-11-25 12:40:00+05:30,2025-11-25 13:05:00+05:30,0.0,25.0
2025-11-27 12:20:00+05:30,2025-11-27 12:25:00+05:30,2025-11-27 12:50:00+05:30,2.681598224324326,0.0008644702718278996,104.28,104.3,0.0001917913310318653,0.0,0.0,0.0001917913310318653,1.0824999497809404,1.0849038328148128,-0.0022157567898303254,2025-11-27,12:20,12-13,104.28,104.094,0.06936162110820046,2.681598224324326,0.0008644702718278996,295751,252671.6,1.170495615652887,2025-11-27 12:20:00+05:30,30.0,25.0,0.00047947832757966324,-0.0006712696586115285,2025-11-27 12:50:00+05:30,2025-11-27 12:30:00+05:30,25.0,5.0
2025-12-01 13:35:00+05:30,2025-12-01 13:40:00+05:30,2025-12-01 14:05:00+05:30,2.111793785035029,0.001032960841393482,106.62,106.62,0.0,0.0,0.0,0.0,1.0824999497809404,1.0849038328148128,-0.0022157567898303254,2025-12-01,13:35,13-14,106.63,106.40799999999999,0.10512390062570719,2.111793785035029,0.001032960841393482,308725,260985.96666666667,1.182918008746064,2025-12-01 13:35:00+05:30,30.0,25.0,0.0015944475708122852,-0.00018758206715452364,2025-12-01 13:55:00+05:30,2025-12-01 14:00:00+05:30,15.0,20.0
2025-12-05 12:40:00+05:30,2025-12-05 12:45:00+05:30,2025-12-05 13:10:00+05:30,2.531987763114853,0.000562535158447508,106.78,106.7,-0.0007492039707810427,0.0,0.0,-0.0007492039707810427,1.0816889365201943,1.0849038328148128,-0.002963300706826155,2025-12-05,12:40,12-13,106.8,106.624,0.06951060449971788,2.531987763114853,0.000562535158447508,865703,211563.66666666666,4.091926622561215,2025-12-05 12:40:00+05:30,30.0,25.0,0.0007492039707810427,-0.0008428544671287286,2025-12-05 12:50:00+05:30,2025-12-05 13:00:00+05:30,5.0,15.0
2025-12-09 14:15:00+05:30,2025-12-09 14:20:00+05:30,2025-12-09 14:45:00+05:30,2.0040470419293284,0.0005666792595391268,105.96,106.36,0.0037750094375237353,0.0,0.0,0.0037750094375237353,1.085772322464023,1.085772322464023,0.0,2025-12-09,14:15,14-15,105.96,105.82866666666665,0.06553405712817395,2.0040470419293284,0.0005666792595391268,97376,183233.36666666667,0.5314315933360755,2025-12-09 14:15:00+05:30,30.0,25.0,0.003869384673461873,-0.00028312570781419133,2025-12-09 14:45:00+05:30,2025-12-09 14:20:00+05:30,25.0,0.0
2025-12-11 13:10:00+05:30,2025-12-11 13:15:00+05:30,2025-12-11 13:40:00+05:30,2.096344993127004,0.0001872659176029856,106.89,107.03,0.0013097576948264411,0.0,0.0,0.0013097576948264411,1.0871944211181999,1.0871944211181999,0.0,2025-12-11,13:10,13-14,106.88,106.791,0.04245484416534044,2.096344993127004,0.0001872659176029856,276949,152456.76666666666,1.8165740101620067,2025-12-11 13:10:00+05:30,30.0,25.0,0.0016839741790624085,-0.0002806623631771421,2025-12-11 13:35:00+05:30,2025-12-11 13:15:00+05:30,20.0,0.0
2025-12-12 12:35:00+05:30,2025-12-12 12:40:00+05:30,2025-12-12 13:05:00+05:30,2.7960748636481245,0.0013818516812529325,108.82,108.9,0.0007351589781290357,0.0,0.0,0.0007351589781290357,1.0879936818578566,1.0879936818578566,0.0,2025-12-12,12:35,12-13,108.81,108.51633333333334,0.10502818450415553,2.7960748636481245,0.0013818516812529325,434989,339800.36666666664,1.2801310494956304,2025-12-12 12:35:00+05:30,30.0,25.0,0.001562212828524201,-0.00018378974453225894,2025-12-12 13:00:00+05:30,2025-12-12 12:50:00+05:30,20.0,10.0
2025-12-12 14:10:00+05:30,2025-12-12 14:15:00+05:30,2025-12-12 14:40:00+05:30,2.0797409547479577,0.0010096374483707926,109.15,109.54,0.0035730645900138303,0.0,0.0,0.0035730645900138303,1.0918811535566617,1.0918811535566617,0.0,2025-12-12,14:10,14-15,109.15,108.79433333333334,0.17101488810646967,2.0797409547479577,0.0010096374483707926,396714,330294.3333333333,1.2010923590373435,2025-12-12 14:10:00+05:30,30.0,25.0,0.0037562986715529156,-9.161704076965371e-05,2025-12-12 14:40:00+05:30,2025-12-12 14:15:00+05:30,25.0,0.0
2025-12-15 11:45:00+05:30,2025-12-15 11:50:00+05:30,2025-12-15 12:15:00+05:30,2.1829208317708892,0.001176790078754264,110.71,110.85,0.001264565079938551,0.0,0.0,0.001264565079938551,1.0932619083348925,1.0932619083348925,0.0,2025-12-15,11:45,11-12,110.71,110.369,0.15621271969050685,2.1829208317708892,0.001176790078754264,502900,772381.5666666667,0.6511030580006506,2025-12-15 11:45:00+05:30,30.0,25.0,0.0013548911570770983,-0.00036130430855385587,2025-12-15 12:15:00+05:30,2025-12-15 11:55:00+05:30,25.0,5.0
2025-12-19 11:45:00+05:30,2025-12-19 11:50:00+05:30,2025-12-19 12:15:00+05:30,2.4863768842803897,0.0010949904188337634,109.76,109.71,-0.000455539358600654,0.0,0.0,-0.000455539358600654,1.092763884506387,1.0932619083348925,-0.000455539358600765,2025-12-19,11:45,11-12,109.77,109.55166666666666,0.08781184168566787,2.4863768842803897,0.0010949904188337634,257483,320930.8333333333,0.8023005995580564,2025-12-19 11:45:00+05:30,30.0,25.0,0.0006377551020406713,-0.0007288629737609575,2025-12-19 11:55:00+05:30,2025-12-19 12:15:00+05:30,5.0,25.0
2025-12-19 14:10:00+05:30,2025-12-19 14:15:00+05:30,2025-12-19 14:40:00+05:30,2.1588411178005695,0.0008201950241499834,109.87,109.84,-0.0002730499681441456,0.0,0.0,-0.0002730499681441456,1.0924655053625334,1.0932619083348925,-0.0007284649417375055,2025-12-19,14:10,14-15,109.87,109.76733333333333,0.04755637912403456,2.1588411178005695,0.0008201950241499834,217526,216093.4,1.0066295407448815,2025-12-19 14:10:00+05:30,30.0,25.0,0.0,-0.0012742331846727906,2025-12-19 14:15:00+05:30,2025-12-19 14:30:00+05:30,0.0,15.0
2025-12-23 12:45:00+05:30,2025-12-23 12:50:00+05:30,2025-12-23 13:15:00+05:30,2.076910164219146,0.00044177416504687095,113.3,113.24,-0.0005295675198587757,0.0,0.0,-0.0005295675198587757,1.0918869711143273,1.0932619083348925,-0.0012576466902237682,2025-12-23,12:45,12-13,113.3,113.17333333333335,0.06098803349747854,2.076910164219146,0.00044177416504687095,287701,393272.9666666667,0.731555495508675,2025-12-23 12:45:00+05:30,30.0,25.0,0.0,-0.0010591350397174404,2025-12-23 12:50:00+05:30,2025-12-23 12:55:00+05:30,0.0,5.0
2025-12-26 11:55:00+05:30,2025-12-26 12:00:00+05:30,2025-12-26 12:25:00+05:30,2.1388446272720163,0.0006139273811611723,114.17,114.12,-0.000437943417710418,0.0,0.0,-0.000437943417710418,1.091408786402444,1.0932619083348925,-0.0016950393298444943,2025-12-26,11:55,11-12,114.17,113.93900000000001,0.10800223497048633,2.1388446272720163,0.0006139273811611723,339053,622760.8,0.5444353594510123,2025-12-26 11:55:00+05:30,30.0,25.0,0.0001751773670841672,-0.0012262415695891704,2025-12-26 12:00:00+05:30,2025-12-26 12:20:00+05:30,0.0,20.0
2025-12-26 14:55:00+05:30,2025-12-26 15:00:00+05:30,2025-12-26 15:25:00+05:30,2.2733184117391088,0.0008765010079760938,114.22,114.4,0.0015759061460340895,0.0,0.0,0.0015759061460340895,1.0931287442167712,1.0932619083348925,-0.00012180440670805925,2025-12-26,14:55,14-15,114.22,114.111,0.04794752879189004,2.2733184117391088,0.0008765010079760938,742314,371330.1,1.9990676759034618,2025-12-26 14:55:00+05:30,30.0,25.0,0.0022763088776047713,-0.0005253020486779558,2025-12-26 15:15:00+05:30,2025-12-26 15:05:00+05:30,15.0,5.0
2026-01-01 14:30:00+05:30,2026-01-01 14:35:00+05:30,2026-01-01 15:00:00+05:30,2.229519542778962,0.00018120866177406825,110.43,110.52,0.0008149959250203231,0.0,0.0,0.0008149959250203231,1.0940196396888304,1.0940196396888304,0.0,2026-01-01,14:30,14-15,110.43,110.36866666666667,0.027509663923774772,2.229519542778962,0.00018120866177406825,376861,217231.7,1.7348342806321544,2026-01-01 14:30:00+05:30,30.0,25.0,0.0008149959250203231,-0.00045277551390032755,2026-01-01 15:00:00+05:30,2026-01-01 14:35:00+05:30,25.0,0.0
2026-01-02 13:25:00+05:30,2026-01-02 13:30:00+05:30,2026-01-02 13:55:00+05:30,2.9204017150661534,0.0013487995683842957,111.4,111.45,0.0004488330341112512,0.0,0.0,0.0004488330341112512,1.0945106718430893,1.0945106718430893,0.0,2026-01-02,13:25,13-14,111.41,111.29866666666666,0.038122609214675265,2.9204017150661534,0.0013487995683842957,641017,315156.6,2.033963432782306,2026-01-02 13:25:00+05:30,30.0,25.0,0.0008078994614002522,-0.0004488330341113622,2026-01-02 13:55:00+05:30,2026-01-02 13:30:00+05:30,25.0,0.0
2026-01-02 14:30:00+05:30,2026-01-02 14:35:00+05:30,2026-01-02 15:00:00+05:30,2.026275887678034,0.0016150740242260042,111.63,111.8,0.0015228881125146643,0.0,0.0,0.0015228881125146643,1.0961774891342595,1.0961774891342595,0.0,2026-01-02,14:30,14-15,111.64,111.37966666666668,0.12847872045284237,2.026275887678034,0.0016150740242260042,463198,320603.93333333335,1.4447670531802583,2026-01-02 14:30:00+05:30,30.0,25.0,0.0021499596882559313,-0.00026874496103201917,2026-01-02 14:45:00+05:30,2026-01-02 14:35:00+05:30,10.0,0.0
2026-01-05 11:55:00+05:30,2026-01-05 12:00:00+05:30,2026-01-05 12:25:00+05:30,2.247279096747158,0.0024968789013732895,112.46,112.3,-0.001422728081095448,0.0,0.0,-0.001422728081095448,1.0946179266386036,1.0961774891342595,-0.0014227280810953369,2026-01-05,11:55,11-12,112.46,112.265,0.086771598722316,2.247279096747158,0.0024968789013732895,699245,749010.8333333334,0.933557925842194,2026-01-05 11:55:00+05:30,30.0,25.0,0.0,-0.0017784101013692544,2026-01-05 12:00:00+05:30,2026-01-05 12:20:00+05:30,0.0,20.0
2026-01-05 13:05:00+05:30,2026-01-05 13:10:00+05:30,2026-01-05 13:35:00+05:30,2.0683711701691596,0.0012465497284301907,112.5,112.54,0.0003555555555556644,0.0,0.0,0.0003555555555556644,1.0950071241236308,1.0961774891342595,-0.0010676783844130178,2026-01-05,13:05,13-14,112.5,112.306,0.09379361054628146,2.0683711701691596,0.0012465497284301907,266411,469182.9666666667,0.5678189937131136,2026-01-05 13:05:00+05:30,30.0,25.0,0.0007111111111111068,-0.0001777777777777212,2026-01-05 13:25:00+05:30,2026-01-05 13:10:00+05:30,15.0,0.0
2026-01-05 14:10:00+05:30,2026-01-05 14:15:00+05:30,2026-01-05 14:40:00+05:30,2.716158982247668,0.000888572951839306,112.78,112.78,0.0,0.0,0.0,0.0,1.0950071241236308,1.0961774891342595,-0.0010676783844130178,2026-01-05,14:10,14-15,112.77,112.454,0.11634075989856348,2.716158982247668,0.000888572951839306,599489,386615.9,1.5506061701031955,2026-01-05 14:10:00+05:30,30.0,25.0,0.0007093456286575428,-0.0005320092214932126,2026-01-05 14:15:00+05:30,2026-01-05 14:30:00+05:30,0.0,15.0
2026-01-06 13:55:00+05:30,2026-01-06 14:00:00+05:30,2026-01-06 14:25:00+05:30,2.691337863263413,0.0002649240551042542,113.36,113.31,-0.00044107268877913164,0.0,0.0,-0.00044107268877913164,1.0945241463871613,1.0961774891342595,-0.0015082801494162856,2026-01-06,13:55,13-14,113.36,113.18533333333335,0.06489956874268422,2.691337863263413,0.0002649240551042542,472549,367564.4666666667,1.2856220958609166,2026-01-06 13:55:00+05:30,30.0,25.0,0.00017642907551151943,-0.0012350035285815242,2026-01-06 14:00:00+05:30,2026-01-06 14:00:00+05:30,0.0,0.0
2026-01-08 14:35:00+05:30,2026-01-08 14:40:00+05:30,2026-01-08 15:05:00+05:30,2.7691798277147353,0.0006251674555686204,112.2,112.38,0.0016042780748661833,0.0,0.0,0.0016042780748661833,1.0962800674776219,1.0962800674776219,0.0,2026-01-08,14:35,14-15,112.16,112.01533333333333,0.0522417017554443,2.7691798277147353,0.0006251674555686204,446094,267925.3,1.6649939367428161,2026-01-08 14:35:00+05:30,30.0,25.0,0.0016934046345811193,-0.0016042780748664054,2026-01-08 15:05:00+05:30,2026-01-08 14:50:00+05:30,25.0,10.0
2026-01-09 11:45:00+05:30,2026-01-09 11:50:00+05:30,2026-01-09 12:15:00+05:30,2.2318759755197526,0.001060164325470403,113.35,113.49,0.0012351124834584226,0.0,0.0,0.0012351124834584226,1.09763409667433,1.09763409667433,0.0,2026-01-09,11:45,11-12,113.38,113.07199999999999,0.13800049974922143,2.2318759755197526,0.001060164325470403,333672,448663.0,0.7437029574535899,2026-01-09 11:45:00+05:30,30.0,25.0,0.0013233348037053894,-0.0006175562417291003,2026-01-09 12:15:00+05:30,2026-01-09 11:50:00+05:30,25.0,0.0
2026-01-09 14:45:00+05:30,2026-01-09 14:50:00+05:30,2026-01-09 15:15:00+05:30,4.4403200645471985,0.0011466878362882404,113.61,113.53,-0.000704163365900845,0.0,0.0,-0.000704163365900845,1.0968611829542885,1.09763409667433,-0.000704163365900734,2026-01-09,14:45,14-15,113.63,113.43366666666667,0.044216031835387345,4.4403200645471985,0.0011466878362882404,619113,355213.6666666667,1.7429312498299145,2026-01-09 14:45:00+05:30,30.0,25.0,0.0008802042073761118,-0.0009682246281137452,2026-01-09 14:55:00+05:30,2026-01-09 15:15:00+05:30,5.0,25.0
2026-01-12 14:20:00+05:30,2026-01-12 14:25:00+05:30,2026-01-12 14:50:00+05:30,2.0935074863889946,0.001376936316695332,116.43,116.46,0.0002576655501158598,0.0,0.0,0.0002576655501158598,1.0971438062943952,1.09763409667433,-0.00044667925442587464,2026-01-12,14:20,14-15,116.42,116.15066666666667,0.12865171731384523,2.0935074863889946,0.001376936316695332,398484,544644.4333333333,0.731640636738354,2026-01-12 14:20:00+05:30,30.0,25.0,0.0006012196169371542,-0.0007729966503479124,2026-01-12 14:30:00+05:30,2026-01-12 14:35:00+05:30,5.0,10.0
2026-01-13 14:00:00+05:30,2026-01-13 14:05:00+05:30,2026-01-13 14:30:00+05:30,2.395640898594316,0.0020636285468615956,116.67,116.67,0.0,0.0,0.0,0.0,1.0971438062943952,1.09763409667433,-0.00044667925442587464,2026-01-13,14:00,14-15,116.67,116.32000000000001,0.14609869125433736,2.395640898594316,0.0020636285468615956,381680,569086.4666666667,0.6706889415867325,2026-01-13 14:00:00+05:30,30.0,25.0,0.0009428302048513082,-0.0005142710208280166,2026-01-13 14:30:00+05:30,2026-01-13 14:20:00+05:30,25.0,15.0
2026-01-16 11:50:00+05:30,2026-01-16 11:55:00+05:30,2026-01-16 12:20:00+05:30,2.8904079139089234,0.0011076084178238688,117.64,117.44,-0.001700102006120363,0.0,0.0,-0.001700102006120363,1.0952785499083115,1.09763409667433,-0.0021460218602497028,2026-01-16,11:50,11-12,117.64,117.33733333333333,0.10471417034606283,2.8904079139089234,0.0011076084178238688,709293,925175.4,0.7666578683350206,2026-01-16 11:50:00+05:30,30.0,25.0,0.0,-0.002295137708262507,2026-01-16 11:55:00+05:30,2026-01-16 12:15:00+05:30,0.0,20.0
2026-01-19 12:00:00+05:30,2026-01-19 12:05:00+05:30,2026-01-19 12:30:00+05:30,2.17126073091609,0.0015075376884421399,119.65,119.86,0.0017551190973672526,0.0,0.0,0.0017551190973672526,1.0972008942081923,1.09763409667433,-0.0003946692868327384,2026-01-19,12:00,12-13,119.65,119.41166666666666,0.10976725638693205,2.17126073091609,0.0015075376884421399,940861,1048679.6333333333,0.8971862998896803,2026-01-19 12:00:00+05:30,30.0,25.0,0.0018386961972418625,-0.00016715419974933088,2026-01-19 12:30:00+05:30,2026-01-19 12:05:00+05:30,25.0,0.0
2026-01-19 14:05:00+05:30,2026-01-19 14:10:00+05:30,2026-01-19 14:35:00+05:30,2.1725483590544585,0.0009171252292812238,120.15,120.44,0.002413649604660728,0.0,0.0,0.002413649604660728,1.0998491527127314,1.0998491527127314,0.0,2026-01-19,14:05,14-15,120.15,119.798,0.1620217099117656,2.1725483590544585,0.0009171252292812238,1338756,666433.5333333333,2.0088364901205953,2026-01-19 14:05:00+05:30,30.0,25.0,0.004827299209321678,-0.00041614648356236295,2026-01-19 14:15:00+05:30,2026-01-19 14:10:00+05:30,5.0,0.0
2026-01-20 11:45:00+05:30,2026-01-20 11:50:00+05:30,2026-01-20 12:15:00+05:30,2.111761278456684,0.004502660663119107,122.7,122.85,0.0012224938875304847,0.0,0.0,0.0012224938875304847,1.1011937115791284,1.1011937115791284,0.0,2026-01-20,11:45,11-12,122.7,122.11433333333333,0.27733564046343573,2.111761278456684,0.004502660663119107,4466687,2412981.0,1.8511074061503179,2026-01-20 11:45:00+05:30,30.0,25.0,0.0012224938875304847,-0.0014669926650366927,2026-01-20 12:15:00+05:30,2026-01-20 12:00:00+05:30,25.0,10.0
2026-01-20 12:50:00+05:30,2026-01-20 12:55:00+05:30,2026-01-20 13:20:00+05:30,2.541190740839094,0.0006512006512007229,123.3,122.98,-0.0025952960259528757,0.0,0.0,-0.0025952960259528757,1.0983357879156628,1.1011937115791284,-0.0025952960259528757,2026-01-20,12:50,12-13,123.3,122.49199999999999,0.31796117741764146,2.541190740839094,0.0006512006512007229,1407312,1626312.0,0.8653394920531854,2026-01-20 12:50:00+05:30,30.0,25.0,0.001135442011354515,-0.00381184103811838,2026-01-20 12:55:00+05:30,2026-01-20 13:00:00+05:30,0.0,5.0
2026-01-20 13:55:00+05:30,2026-01-20 14:00:00+05:30,2026-01-20 14:25:00+05:30,2.705242466906572,0.0047162140185395,123.55,125.93,0.01926345609065172,0.0,0.0,0.01926345609065172,1.1194935311389675,1.1194935311389675,0.0,2026-01-20,13:55,13-14,123.55,122.90066666666667,0.24002777617040727,2.705242466906572,0.0047162140185395,1089209,1498033.5,0.7270925516685708,2026-01-20 13:55:00+05:30,30.0,25.0,0.01926345609065172,-0.00024281667341163882,2026-01-20 14:25:00+05:30,2026-01-20 14:00:00+05:30,25.0,0.0
2026-01-21 14:45:00+05:30,2026-01-21 14:50:00+05:30,2026-01-21 15:15:00+05:30,2.0575944782990887,0.0029305680793507705,133.71,135.25,0.011517463166554442,0.0,0.0,0.011517463166554442,1.1323872566490565,1.1323872566490565,0.0,2026-01-21,14:45,14-15,133.69,132.82666666666668,0.41958381130911193,2.0575944782990887,0.0029305680793507705,1970145,1640943.7,1.2006170595615193,2026-01-21 14:45:00+05:30,30.0,25.0,0.01637873008750268,-0.0011218308279111744,2026-01-21 15:15:00+05:30,2026-01-21 14:50:00+05:30,25.0,0.0
2026-01-28 12:20:00+05:30,2026-01-28 12:25:00+05:30,2026-01-28 12:50:00+05:30,2.0175023597216653,0.0019266394961097166,135.39,135.85,0.003397592141221706,0.0,0.0,0.003397592141221706,1.1362346466930668,1.1362346466930668,0.0,2026-01-28,12:20,12-13,135.39,134.73933333333332,0.32251098172516246,2.0175023597216653,0.0019266394961097166,959301,1598177.9,0.6002466934375704,2026-01-28 12:20:00+05:30,30.0,25.0,0.003766895634832901,-0.00014772139744423374,2026-01-28 12:45:00+05:30,2026-01-28 12:25:00+05:30,20.0,0.0
2026-01-28 13:55:00+05:30,2026-01-28 14:00:00+05:30,2026-01-28 14:25:00+05:30,2.24923824833041,0.0023553658177535297,136.52,136.29,-0.0016847348373866255,0.0,0.0,-0.0016847348373866255,1.1343203926003373,1.1362346466930668,-0.0016847348373866255,2026-01-28,13:55,13-14,136.52,135.552,0.4303679259938584,2.24923824833041,0.0023553658177535297,3263969,1335665.4333333333,2.4437025309955986,2026-01-28 13:55:00+05:30,30.0,25.0,0.00424846176384408,-0.004175212423088381,2026-01-28 14:00:00+05:30,2026-01-28 14:15:00+05:30,0.0,15.0
2026-02-01 14:30:00+05:30,2026-02-01 14:35:00+05:30,2026-02-01 15:00:00+05:30,2.1917745573365903,0.0011447260834014372,122.8,122.69,-0.0008957654723127373,0.0,0.0,-0.0008957654723127373,1.1333043075581057,1.1362346466930668,-0.002578991182402013,2026-02-01,14:30,14-15,122.89,122.00833333333334,0.4022615664167796,2.1917745573365903,0.0011447260834014372,2599468,1113273.8,2.334976355322473,2026-02-01 14:30:00+05:30,30.0,25.0,0.005700325732899136,-0.005048859934853378,2026-02-01 14:35:00+05:30,2026-02-01 14:50:00+05:30,0.0,15.0
2026-02-02 14:55:00+05:30,2026-02-02 15:00:00+05:30,2026-02-02 15:25:00+05:30,2.551515246196934,0.0017875383043921556,118.57,119.45,0.007421776165978056,0.0,0.0,0.007421776165978056,1.1417154384567407,1.1417154384567407,0.0,2026-02-02,14:55,14-15,118.51,116.49199999999999,0.790902583477747,2.551515246196934,0.0017875383043921556,3037121,2113794.2,1.4368101681800431,2026-02-02 14:55:00+05:30,30.0,25.0,0.008602513283292756,-0.0059880239520957446,2026-02-02 15:25:00+05:30,2026-02-02 15:05:00+05:30,25.0,5.0
2026-02-03 11:45:00+05:30,2026-02-03 11:50:00+05:30,2026-02-03 12:15:00+05:30,2.9665160187751867,0.0061000406669378116,124.32,124.51,0.001528314028314215,0.0,0.0,0.001528314028314215,1.1434603381776771,1.1434603381776771,0.0,2026-02-03,11:45,11-12,124.34,122.93133333333334,0.47485557392953875,2.9665160187751867,0.0061000406669378116,2411968,3001007.1,0.8037195246888953,2026-02-03 11:45:00+05:30,30.0,25.0,0.011100386100386217,-0.0018500643500642955,2026-02-03 12:10:00+05:30,2026-02-03 11:50:00+05:30,20.0,0.0
2026-02-05 11:45:00+05:30,2026-02-05 11:50:00+05:30,2026-02-05 12:15:00+05:30,2.6641416224905488,0.010711121849077854,125.71,125.79,0.0006363853313182677,0.0,0.0,0.0006363853313182677,1.1441880195638376,1.1441880195638376,0.0,2026-02-05,11:45,11-12,125.75,124.52366666666667,0.4603108644753287,2.6641416224905488,0.010711121849077854,1466493,2270056.3333333335,0.6460161267657234,2026-02-05 11:45:00+05:30,30.0,25.0,0.0023068968260282485,-0.0015909633282952251,2026-02-05 12:15:00+05:30,2026-02-05 11:55:00+05:30,25.0,5.0
2026-02-05 14:00:00+05:30,2026-02-05 14:05:00+05:30,2026-02-05 14:30:00+05:30,2.262970810482701,0.004550898203592668,126.08,125.0,-0.008565989847715727,0.0,0.0,-0.008565989847715727,1.1343869166043759,1.1441880195638376,-0.008565989847715727,2026-02-05,14:00,14-15,126.08,125.49933333333334,0.2565948548593077,2.262970810482701,0.004550898203592668,1442393,1002472.5333333333,1.438835431434597,2026-02-05 14:00:00+05:30,30.0,25.0,0.0008724619289339763,-0.009359137055837463,2026-02-05 14:05:00+05:30,2026-02-05 14:30:00+05:30,0.0,25.0
2026-02-10 14:10:00+05:30,2026-02-10 14:15:00+05:30,2026-02-10 14:40:00+05:30,2.0605818864081895,0.0009383797309978625,128.08,128.25,0.0013272954403495962,0.0,0.0,0.0013272954403495962,1.135892583186377,1.1441880195638376,-0.0072500640066330835,2026-02-10,14:10,14-15,128.07,127.91733333333333,0.07408910447755873,2.0605818864081895,0.0009383797309978625,451283,420915.73333333334,1.0721457153102378,2026-02-10 14:10:00+05:30,30.0,25.0,0.0017176764522173205,-0.0007026858213617926,2026-02-10 14:40:00+05:30,2026-02-10 14:25:00+05:30,25.0,10.0
2026-02-11 12:20:00+05:30,2026-02-11 12:25:00+05:30,2026-02-11 12:50:00+05:30,2.0438425091540755,0.0004672169444011054,128.52,128.51,-7.780890133846086e-05,0.0,0.0,-7.780890133846086e-05,1.135804200632441,1.1441880195638376,-0.007327308788456444,2026-02-11,12:20,12-13,128.51,128.31866666666667,0.09361451896433512,2.0438425091540755,0.0004672169444011054,445081,385255.63333333336,1.1552874545896754,2026-02-11 12:20:00+05:30,30.0,25.0,0.0012449424214129312,-0.00046685340802987696,2026-02-11 12:40:00+05:30,2026-02-11 12:25:00+05:30,15.0,0.0
2026-02-11 13:30:00+05:30,2026-02-11 13:35:00+05:30,2026-02-11 14:00:00+05:30,2.044023806491058,0.0005445775634045358,128.67,128.47,-0.0015543638765833645,0.0,0.0,-0.0015543638765833645,1.134038747612106,1.1441880195638376,-0.00887028336094664,2026-02-11,13:30,13-14,128.67,128.44933333333333,0.10795699441753276,2.044023806491058,0.0005445775634045358,405854,332369.43333333335,1.2210930347285245,2026-02-11 13:30:00+05:30,30.0,25.0,0.0,-0.0017098002642418342,2026-02-11 13:35:00+05:30,2026-02-11 14:00:00+05:30,0.0,25.0
2026-02-12 14:30:00+05:30,2026-02-12 14:35:00+05:30,2026-02-12 15:00:00+05:30,2.2275789001105686,0.0013260530421217442,128.43,128.45,0.0001557268550960167,0.0,0.0,0.0001557268550960167,1.1342153478998287,1.1441880195638376,-0.008715937847182276,2026-02-12,14:30,14-15,128.43,128.31666666666666,0.05087735986712682,2.2275789001105686,0.0013260530421217442,413722,462865.2,0.8938282679276818,2026-02-12 14:30:00+05:30,30.0,25.0,0.0003893171377402638,-0.0006229074203847329,2026-02-12 15:00:00+05:30,2026-02-12 14:40:00+05:30,25.0,5.0
2026-02-16 13:05:00+05:30,2026-02-16 13:10:00+05:30,2026-02-16 13:35:00+05:30,4.01728986832998,0.0015031645569620888,126.78,126.83,0.00039438397223534594,0.0,0.0,0.00039438397223534594,1.1346626642541038,1.1441880195638376,-0.00832499130113673,2026-02-16,13:05,13-14,126.79,126.42,0.09210189260099783,4.01728986832998,0.0015031645569620888,533721,487067.8333333333,1.095783715273061,2026-02-16 13:05:00+05:30,30.0,25.0,0.0013409055056001762,-0.00015775358889413837,2026-02-16 13:15:00+05:30,2026-02-16 13:10:00+05:30,5.0,0.0
2026-02-17 13:20:00+05:30,2026-02-17 13:25:00+05:30,2026-02-17 13:50:00+05:30,2.29652037674695,0.0030544168475203914,124.96,124.88,-0.000640204865556937,0.0,0.0,-0.000640204865556937,1.1339362476956825,1.1441880195638376,-0.00895986646675706,2026-02-17,13:20,13-14,124.96,124.34766666666665,0.2666352711403837,2.29652037674695,0.0030544168475203914,337890,671434.4,0.503236057014654,2026-02-17 13:20:00+05:30,30.0,25.0,0.00024007682458382362,-0.001280409731113874,2026-02-17 13:40:00+05:30,2026-02-17 13:40:00+05:30,15.0,15.0
2026-02-19 12:25:00+05:30,2026-02-19 12:30:00+05:30,2026-02-19 12:55:00+05:30,6.7199527935195675,0.0014971239461034624,127.44,127.67,0.0018047708725674738,0.0,0.0,0.0018047708725674738,1.135982742806872,1.1441880195638376,-0.007171266100210905,2026-02-19,12:25,12-13,127.43,127.03433333333334,0.0588793818683123,6.7199527935195675,0.0014971239461034624,1718594,817396.8,2.1025210766668034,2026-02-19 12:25:00+05:30,30.0,25.0,0.0034526051475203268,-0.0003138731952290197,2026-02-19 12:40:00+05:30,2026-02-19 12:45:00+05:30,10.0,15.0
2026-02-20 12:10:00+05:30,2026-02-20 12:15:00+05:30,2026-02-20 12:40:00+05:30,2.109004035298465,0.0024440239672027797,127.22,127.1,-0.0009432479169941832,0.0,0.0,-0.0009432479169941832,1.1349112294509782,1.1441880195638376,-0.008107749735393743,2026-02-20,12:10,12-13,127.22,126.721,0.23660457336648816,2.109004035298465,0.0024440239672027797,463838,392934.1666666667,1.1804471062794657,2026-02-20 12:10:00+05:30,30.0,25.0,0.0007074359377456929,-0.0017292878478226692,2026-02-20 12:20:00+05:30,2026-02-20 12:30:00+05:30,5.0,15.0
2026-02-20 14:20:00+05:30,2026-02-20 14:25:00+05:30,2026-02-20 14:50:00+05:30,2.3601824303412107,0.0018114515239819884,127.3,127.51,0.0016496465043205344,0.0,0.0,0.0016496465043205344,1.136783431793356,1.1441880195638376,-0.006471478152082155,2026-02-20,14:20,14-15,127.31,127.07433333333333,0.0998510384778196,2.3601824303412107,0.0018114515239819884,569060,351076.13333333336,1.6209019809948155,2026-02-20 14:20:00+05:30,30.0,25.0,0.0018853102906519759,-0.0005498821681068078,2026-02-20 14:50:00+05:30,2026-02-20 14:25:00+05:30,25.0,0.0
2026-02-24 11:45:00+05:30,2026-02-24 11:50:00+05:30,2026-02-24 12:15:00+05:30,2.579541820098319,0.0035141329258976395,131.32,131.17,-0.0011422479439537891,0.0,0.0,-0.0011422479439537891,1.1354849432556693,1.1441880195638376,-0.007606334063422482,2026-02-24,11:45,11-12,131.3,130.84533333333334,0.17625869180494175,2.579541820098319,0.0035141329258976395,928574,799464.6333333333,1.161494781987229,2026-02-24 11:45:00+05:30,30.0,25.0,0.0,-0.0030459945172098823,2026-02-24 11:50:00+05:30,2026-02-24 12:05:00+05:30,0.0,15.0
2026-02-27 14:05:00+05:30,2026-02-27 14:10:00+05:30,2026-02-27 14:35:00+05:30,2.000129755085128,0.0003045298819945863,131.44,131.36,-0.0006086427267193439,0.0,0.0,-0.0006086427267193439,1.1347938386036573,1.1441880195638376,-0.008210347250237171,2026-02-27,14:05,14-15,131.44,131.30733333333333,0.06632903006886116,2.000129755085128,0.0003045298819945863,335605,460701.1,0.728465810044734,2026-02-27 14:05:00+05:30,30.0,25.0,0.00022824102251983724,-0.0008368837492390702,2026-02-27 14:10:00+05:30,2026-02-27 14:25:00+05:30,0.0,15.0
2026-03-02 11:50:00+05:30,2026-03-02 11:55:00+05:30,2026-03-02 12:20:00+05:30,2.085827800976884,0.004303742067255145,137.79,138.22,0.0031206909064518396,0.0,0.0,0.0031206909064518396,1.1383351794164853,1.1441880195638376,-0.005115278299787973,2026-03-02,11:50,11-12,137.8,137.09333333333333,0.3387943464631715,2.085827800976884,0.004303742067255145,1590474,1992731.5333333334,0.7981376183371481,2026-03-02 11:50:00+05:30,30.0,25.0,0.003265839320705455,-0.00036287103563381606,2026-03-02 12:20:00+05:30,2026-03-02 12:00:00+05:30,25.0,5.0
2026-03-09 14:50:00+05:30,2026-03-09 14:55:00+05:30,2026-03-09 15:20:00+05:30,2.1528420664447223,0.0028259375238677276,131.32,131.3,-0.0001522997258603942,0.0,0.0,-0.0001522997258603942,1.138161811280723,1.1441880195638376,-0.005266798970165576,2026-03-09,14:50,14-15,131.36,131.0513333333333,0.1433763634953737,2.1528420664447223,0.0028259375238677276,428202,472277.3,0.9066749555822395,2026-03-09 14:50:00+05:30,30.0,25.0,0.0035790435577216506,-0.001751446847395588,2026-03-09 15:00:00+05:30,2026-03-09 15:20:00+05:30,5.0,25.0
2026-03-12 12:10:00+05:30,2026-03-12 12:15:00+05:30,2026-03-12 12:40:00+05:30,3.4840141237090174,0.0014391758824421341,132.29,132.15,-0.0010582810492100192,0.0,0.0,-0.0010582810492100192,1.13695731620491,1.1441880195638376,-0.0063195062658355505,2026-03-12,12:10,12-13,132.32,132.01833333333335,0.08658594826403841,3.4840141237090174,0.0014391758824421341,481643,429424.7,1.1216005972642002,2026-03-12 12:10:00+05:30,30.0,25.0,7.559150351510446e-05,-0.0015874215738149733,2026-03-12 12:15:00+05:30,2026-03-12 12:25:00+05:30,0.0,10.0
2026-03-12 13:15:00+05:30,2026-03-12 13:20:00+05:30,2026-03-12 13:45:00+05:30,3.2694663057635487,0.0018917896329928574,132.53,132.45,-0.0006036369123972873,0.0,0.0,-0.0006036369123972873,1.1362710068010287,1.1441880195638376,-0.006919328490982535,2026-03-12,13:15,13-14,132.54,132.09833333333333,0.13508830658021306,3.2694663057635487,0.0018917896329928574,464673,379804.1666666667,1.2234541924017859,2026-03-12 13:15:00+05:30,30.0,25.0,0.0009054553685958755,-0.0012827284388439164,2026-03-12 13:30:00+05:30,2026-03-12 13:20:00+05:30,10.0,0.0
2026-03-18 11:45:00+05:30,2026-03-18 11:50:00+05:30,2026-03-18 12:15:00+05:30,2.121782809095117,0.0007831466833738698,127.74,127.95,0.0016439643024894757,0.0,0.0,0.0016439643024894757,1.1381389957741632,1.1441880195638376,-0.005286739317529543,2026-03-18,11:45,11-12,127.74,127.502,0.11216982199111138,2.121782809095117,0.0007831466833738698,230199,418302.3,0.5503173183604297,2026-03-18 11:45:00+05:30,30.0,25.0,0.002583372475340573,0.0,2026-03-18 12:05:00+05:30,2026-03-18 11:50:00+05:30,15.0,0.0
2026-03-20 13:25:00+05:30,2026-03-20 13:30:00+05:30,2026-03-20 13:55:00+05:30,2.0620008011224087,0.003629764065335772,121.94,122.14,0.001640150893882364,0.0,0.0,0.001640150893882364,1.1400057154654446,1.1441880195638376,-0.0036552594738645805,2026-03-20,13:25,13-14,121.95,121.10266666666666,0.410927742061065,2.0620008011224087,0.003629764065335772,515518,668145.6,0.7715653594066922,2026-03-20 13:25:00+05:30,30.0,25.0,0.005330490405117239,-0.00262424143021156,2026-03-20 13:50:00+05:30,2026-03-20 13:30:00+05:30,20.0,0.0
2026-03-24 11:45:00+05:30,2026-03-24 11:50:00+05:30,2026-03-24 12:15:00+05:30,2.4557383880784074,0.006765067650676526,114.72,114.68,-0.00034867503486746276,0.0,0.0,-0.00034867503486746276,1.1396082239328555,1.1441880195638376,-0.004002660011007575,2026-03-24,11:45,11-12,114.72,113.71633333333332,0.40870260103399475,2.4557383880784074,0.006765067650676526,1324411,1629315.1,0.8128636382244293,2026-03-24 11:45:00+05:30,30.0,25.0,0.006276150627614996,-0.001394700139469962,2026-03-24 12:10:00+05:30,2026-03-24 11:50:00+05:30,20.0,0.0
2026-03-25 13:50:00+05:30,2026-03-25 13:55:00+05:30,2026-03-25 14:20:00+05:30,2.3616234178455517,0.0025180459963067836,119.54,119.39,-0.0012548101054040695,0.0,0.0,-0.0012548101054040695,1.138178232017263,1.1441880195638376,-0.005252447538181215,2026-03-25,13:50,13-14,119.5,119.21866666666666,0.11912709334072799,2.3616234178455517,0.0025180459963067836,464950,455280.26666666666,1.021239078522182,2026-03-25 13:50:00+05:30,30.0,25.0,0.000501924042161539,-0.0024259662037812157,2026-03-25 14:00:00+05:30,2026-03-25 14:05:00+05:30,5.0,10.0
2026-04-06 13:20:00+05:30,2026-04-06 13:25:00+05:30,2026-04-06 13:50:00+05:30,2.671751619203002,0.0032075006168270637,122.12,122.52,0.0032754667540124682,0.0,0.0,0.0032754667540124682,1.1419062969763762,1.1441880195638376,-0.001994185001457316,2026-04-06,13:20,13-14,122.13,121.73833333333333,0.1465954633849916,2.671751619203002,0.0032075006168270637,770292,413119.9666666667,1.8645721876268548,2026-04-06 13:20:00+05:30,30.0,25.0,0.004258106780216098,0.0,2026-04-06 13:35:00+05:30,2026-04-06 13:25:00+05:30,10.0,0.0
2026-04-07 13:50:00+05:30,2026-04-07 13:55:00+05:30,2026-04-07 14:20:00+05:30,4.233374263360689,0.0040482485128883194,121.97,121.96,-8.198737394449207e-05,0.0,0.0,-8.198737394449207e-05,1.1418126750777964,1.1441880195638376,-0.002076008877410551,2026-04-07,13:50,13-14,121.97,121.29433333333333,0.1596047560723558,4.233374263360689,0.0040482485128883194,1137465,372439.93333333335,3.054089795956359,2026-04-07 13:50:00+05:30,30.0,25.0,0.0008198737394440325,-0.001393785357055033,2026-04-07 14:00:00+05:30,2026-04-07 14:00:00+05:30,5.0,5.0
2026-04-09 13:05:00+05:30,2026-04-09 13:10:00+05:30,2026-04-09 13:35:00+05:30,2.0970116094819318,8.147967082194896e-05,122.87,122.94,0.0005697078212745232,0.0,0.0,0.0005697078212745232,1.1424631746892187,1.1441880195638376,-0.0015074837746303915,2026-04-09,13:05,13-14,122.89,122.73233333333333,0.07518635850834547,2.0970116094819318,8.147967082194896e-05,531250,303712.0333333333,1.7491898301472195,2026-04-09 13:05:00+05:30,30.0,25.0,0.0005697078212745232,-0.0017905102954342,2026-04-09 13:35:00+05:30,2026-04-09 13:20:00+05:30,25.0,10.0
2026-04-09 14:10:00+05:30,2026-04-09 14:15:00+05:30,2026-04-09 14:40:00+05:30,2.2823079156585986,0.0027655767040832835,123.24,123.33,0.0007302823758519317,0.0,0.0,0.0007302823758519317,1.143297495410754,1.1441880195638376,-0.0007783022876109991,2026-04-09,14:10,14-15,123.24,122.83833333333334,0.17599144441066747,2.2823079156585986,0.0027655767040832835,230266,325085.26666666666,0.7083249338276173,2026-04-09 14:10:00+05:30,30.0,25.0,0.0019474196689386325,-0.0017851346965270798,2026-04-09 14:35:00+05:30,2026-04-09 14:25:00+05:30,20.0,10.0
2026-04-13 13:20:00+05:30,2026-04-13 13:25:00+05:30,2026-04-13 13:50:00+05:30,2.060869856943822,0.0003233891179561521,123.77,123.8,0.00024238506907980906,0.0,0.0,0.00024238506907980906,1.143574613653158,1.1441880195638376,-0.0005361058673849506,2026-04-13,13:20,13-14,123.77,123.664,0.051434591875290855,2.060869856943822,0.0003233891179561521,452737,366789.9,1.2343224281802743,2026-04-13 13:20:00+05:30,30.0,25.0,0.0012927203684254263,-0.0008079502302658081,2026-04-13 13:30:00+05:30,2026-04-13 13:25:00+05:30,5.0,0.0
2026-04-13 14:45:00+05:30,2026-04-13 14:50:00+05:30,2026-04-13 15:15:00+05:30,2.4849804753816795,0.0006462035541194844,123.98,123.73,-0.0020164542668171803,0.0,0.0,-0.0020164542668171803,1.1412686477440332,1.1441880195638376,-0.0025514791012383187,2026-04-13,14:45,14-15,123.96,123.753,0.08330045328352109,2.4849804753816795,0.0006462035541194844,2227632,732401.9333333333,3.0415430361598355,2026-04-13 14:45:00+05:30,30.0,25.0,0.0,-0.0025810614615261462,2026-04-13 14:50:00+05:30,2026-04-13 15:10:00+05:30,0.0,20.0
2026-04-15 14:25:00+05:30,2026-04-15 14:30:00+05:30,2026-04-15 14:55:00+05:30,2.103587010831067,7.960515841420879e-05,125.68,125.35,-0.0026257161043922173,0.0,0.0,-0.0026257161043922173,1.138272000276214,1.1441880195638376,-0.0051704957458643674,2026-04-15,14:25,14-15,125.68,125.589,0.04325944186357031,2.103587010831067,7.960515841420879e-05,358165,265299.26666666666,1.3500414249166162,2026-04-15 14:25:00+05:30,30.0,25.0,0.0004774029280711911,-0.002784850413749318,2026-04-15 14:30:00+05:30,2026-04-15 14:55:00+05:30,0.0,25.0
2026-04-17 14:10:00+05:30,2026-04-17 14:15:00+05:30,2026-04-17 14:40:00+05:30,2.8505031890454204,0.0008842443729903948,124.63,124.74,0.0008826125330980705,0.0,0.0,0.0008826125330980705,1.1392766534097323,1.1441880195638376,-0.004292446757113932,2026-04-17,14:10,14-15,124.63,124.42033333333333,0.07355426490046375,2.8505031890454204,0.0008842443729903948,763308,421916.26666666666,1.809145700947929,2026-04-17 14:10:00+05:30,30.0,25.0,0.0018454625692048143,-0.0006419000240712736,2026-04-17 14:30:00+05:30,2026-04-17 14:15:00+05:30,15.0,0.0
2026-04-20 12:30:00+05:30,2026-04-20 12:35:00+05:30,2026-04-20 13:00:00+05:30,2.1226135264362567,0.0008009611533841277,125.06,125.0,-0.00047976971053897977,0.0,0.0,-0.00047976971053897977,1.138730062979502,1.1441880195638376,-0.004770157081714688,2026-04-20,12:30,12-13,125.06,124.69733333333333,0.1708585487418265,2.1226135264362567,0.0008009611533841277,648065,417200.5333333333,1.5533657035913027,2026-04-20 12:30:00+05:30,30.0,25.0,0.0015192707500399916,-0.001119462657924175,2026-04-20 12:50:00+05:30,2026-04-20 13:00:00+05:30,15.0,25.0
2026-04-23 11:45:00+05:30,2026-04-23 11:50:00+05:30,2026-04-23 12:15:00+05:30,2.4732856824207667,0.0019365770999757448,124.19,124.32,0.0010467831548433004,0.0,0.0,0.0010467831548433004,1.1399220664273426,1.1441880195638376,-0.0037283672469505813,2026-04-23,11:45,11-12,124.19,124.02533333333332,0.06657810209191281,2.4732856824207667,0.0019365770999757448,122092,332296.36666666664,0.36741900377885567,2026-04-23 11:45:00+05:30,30.0,25.0,0.0015299138416942082,-0.0004026089057089788,2026-04-23 12:15:00+05:30,2026-04-23 11:50:00+05:30,25.0,0.0
2026-04-23 13:30:00+05:30,2026-04-23 13:35:00+05:30,2026-04-23 14:00:00+05:30,2.2331568986207113,0.0013687600644123332,124.42,124.25,-0.0013663398167497176,0.0,0.0,-0.0013663398167497176,1.1383645455199913,1.1441880195638376,-0.005089612847079317,2026-04-23,13:30,13-14,124.45,124.19933333333333,0.1122476736056909,2.2331568986207113,0.0013687600644123332,215611,223210.93333333332,0.9659517873079098,2026-04-23 13:30:00+05:30,30.0,25.0,0.0004822375823823055,-0.0016878315383379583,2026-04-23 13:55:00+05:30,2026-04-23 14:00:00+05:30,20.0,25.0
2026-04-24 13:15:00+05:30,2026-04-24 13:20:00+05:30,2026-04-24 13:45:00+05:30,2.6216191306243983,0.0007269789983845865,124.01,124.05,0.0003225546326908191,0.0,0.0,0.0003225546326908191,1.1387317302778397,1.1441880195638376,-0.0047686998925909885,2026-04-24,13:15,13-14,124.03,123.76,0.10298978857988779,2.6216191306243983,0.0007269789983845865,487619,193906.1,2.5147171749625206,2026-04-24 13:15:00+05:30,30.0,25.0,0.0006451092653818602,-0.0008063865817273808,2026-04-24 13:25:00+05:30,2026-04-24 13:30:00+05:30,5.0,10.0
2026-04-30 12:35:00+05:30,2026-04-30 12:40:00+05:30,2026-04-30 13:05:00+05:30,2.1943296667963312,0.002205161711858805,122.83,122.87,0.00032565334201750673,0.0,0.0,0.00032565334201750673,1.139102562071466,1.1441880195638376,-0.004444599493630519,2026-04-30,12:35,12-13,122.83,122.25099999999999,0.26386190222972916,2.1943296667963312,0.002205161711858805,215288,578740.1333333333,0.3719942468133654,2026-04-30 12:35:00+05:30,30.0,25.0,0.0008955466905478104,-0.0013840267035740705,2026-04-30 12:40:00+05:30,2026-04-30 12:50:00+05:30,0.0,10.0
2026-04-30 13:40:00+05:30,2026-04-30 13:45:00+05:30,2026-04-30 14:10:00+05:30,2.279979226819863,0.004150728412142923,123.39,123.23,-0.0012967015155198602,0.0,0.0,-0.0012967015155198602,1.1376254860528954,1.1441880195638376,-0.005735537690251147,2026-04-30,13:40,13-14,123.39,122.66233333333334,0.3191549546184334,2.279979226819863,0.004150728412142923,336753,605047.2666666667,0.5565730456981377,2026-04-30 13:40:00+05:30,30.0,25.0,0.0012156576708000078,-0.0013777453602399348,2026-04-30 14:00:00+05:30,2026-04-30 14:10:00+05:30,15.0,25.0
2026-05-05 14:20:00+05:30,2026-05-05 14:25:00+05:30,2026-05-05 14:50:00+05:30,2.193816075521521,0.0003280032800327959,122.1,122.12,0.00016380016380024287,0.0,0.0,0.00016380016380024287,1.1378118292938542,1.1441880195638376,-0.005572677008464089,2026-05-05,14:20,14-15,122.13,121.91333333333333,0.098762457383836,2.193816075521521,0.0003280032800327959,175426,158509.56666666668,1.106721844549025,2026-05-05 14:20:00+05:30,30.0,25.0,0.0012285012285013774,-0.0003276003276002637,2026-05-05 14:40:00+05:30,2026-05-05 14:50:00+05:30,15.0,25.0
2026-05-06 11:50:00+05:30,2026-05-06 11:55:00+05:30,2026-05-06 12:20:00+05:30,2.2982749283946915,0.0020197123929552863,124.11,123.96,-0.0012086052695190475,0.0,0.0,-0.0012086052695190475,1.1364366639212484,1.1441880195638376,-0.006774547111185414,2026-05-06,11:50,11-12,124.1,123.81866666666666,0.1224106523799757,2.2982749283946915,0.0020197123929552863,172857,283211.73333333334,0.6103454753287058,2026-05-06 11:50:00+05:30,30.0,25.0,0.0011280315848842815,-0.00217548948513413,2026-05-06 12:00:00+05:30,2026-05-06 12:10:00+05:30,5.0,15.0
2026-05-07 11:45:00+05:30,2026-05-07 11:50:00+05:30,2026-05-07 12:15:00+05:30,2.1418465591635396,0.0007230657989878431,124.58,124.99,0.0032910579547278385,0.0,0.0,0.0032910579547278385,1.1401767428440908,1.1441880195638376,-0.0035057845836176105,2026-05-07,11:45,11-12,124.58,124.37566666666666,0.09540054699956503,2.1418465591635396,0.0007230657989878431,244553,300384.0333333333,0.814134484067673,2026-05-07 11:45:00+05:30,30.0,25.0,0.004896452078985369,-0.00024080911863866294,2026-05-07 12:10:00+05:30,2026-05-07 11:50:00+05:30,20.0,0.0
2026-05-18 12:55:00+05:30,2026-05-18 13:00:00+05:30,2026-05-18 13:25:00+05:30,3.1744036320066344,0.00023171391055853974,129.7,129.84,0.0010794140323824308,0.0,0.0,0.0010794140323824308,1.1414074656197128,1.1441880195638376,-0.0024301547443091875,2026-05-18,12:55,12-13,129.7,129.44366666666667,0.08075007562011902,3.1744036320066344,0.00023171391055853974,256306,395834.0333333333,0.6475087496687374,2026-05-18 12:55:00+05:30,30.0,25.0,0.0015420200462608058,-0.00023130300693907646,2026-05-18 13:00:00+05:30,2026-05-18 13:20:00+05:30,0.0,20.0
2026-05-20 12:15:00+05:30,2026-05-20 12:20:00+05:30,2026-05-20 12:45:00+05:30,3.30551333981845,0.0005397070161914375,130.0,130.09,0.0006923076923077698,0.0,0.0,0.0006923076923077698,1.1421976707882189,1.1441880195638376,-0.0017395294668244299,2026-05-20,12:15,12-13,129.99,129.70666666666665,0.08571538039804778,3.30551333981845,0.0005397070161914375,429323,306387.8,1.4012405193679383,2026-05-20 12:15:00+05:30,30.0,25.0,0.0013846153846155396,-0.0006923076923077698,2026-05-20 12:40:00+05:30,2026-05-20 12:20:00+05:30,20.0,0.0
2026-06-03 12:35:00+05:30,2026-06-03 12:40:00+05:30,2026-06-03 13:05:00+05:30,2.323151178535264,0.0031355334326252926,128.04,127.91,-0.0010153077163386204,0.0,0.0,-0.0010153077163386204,1.1410379886794837,1.1441880195638376,-0.002753071025472509,2026-06-03,12:35,12-13,128.04,127.73466666666667,0.1314306775015107,2.323151178535264,0.0031355334326252926,236218,362968.23333333334,0.6507952440649765,2026-06-03 12:35:00+05:30,30.0,25.0,0.0012496094970322336,-0.0015620118712901254,2026-06-03 12:40:00+05:30,2026-06-03 13:00:00+05:30,0.0,20.0
2026-06-05 12:50:00+05:30,2026-06-05 12:55:00+05:30,2026-06-05 13:20:00+05:30,2.025621705471797,0.0005482026783616423,127.83,127.64,-0.001486349057341796,0.0,0.0,-0.001486349057341796,1.1393420079406187,1.1441880195638376,-0.004235328058290855,2026-06-05,12:50,12-13,127.82,127.54933333333334,0.13362152762063445,2.025621705471797,0.0005482026783616423,254843,212210.9,1.200894958741516,2026-06-05 12:50:00+05:30,30.0,25.0,0.0,-0.0020339513416256505,2026-06-05 12:55:00+05:30,2026-06-05 13:05:00+05:30,0.0,10.0
2026-06-12 13:30:00+05:30,2026-06-12 13:35:00+05:30,2026-06-12 14:00:00+05:30,2.9072650019265676,0.0022317738469168624,121.38,121.71,0.002718734552644486,0.0,0.0,0.002718734552644486,1.1424395764248862,1.1441880195638376,-0.0015281082383801214,2026-06-12,13:30,13-14,121.38,121.07866666666665,0.10364838882374353,2.9072650019265676,0.0022317738469168624,426851,221310.4,1.9287435204129586,2026-06-12 13:30:00+05:30,30.0,25.0,0.003130664030318142,-0.0005767012687427631,2026-06-12 13:45:00+05:30,2026-06-12 13:35:00+05:30,10.0,0.0
2026-06-15 13:25:00+05:30,2026-06-15 13:30:00+05:30,2026-06-15 13:55:00+05:30,2.4487453822203493,0.0005657479996765691,123.9,123.9,0.0,0.0,0.0,0.0,1.1424395764248862,1.1441880195638376,-0.0015281082383801214,2026-06-15,13:25,13-14,123.9,123.68233333333333,0.0888890565132209,2.4487453822203493,0.0005657479996765691,190218,220545.83333333334,0.8624873892425988,2026-06-15 13:25:00+05:30,30.0,25.0,0.0007263922518159216,-0.0005649717514124575,2026-06-15 13:50:00+05:30,2026-06-15 13:40:00+05:30,20.0,10.0
2026-06-16 13:05:00+05:30,2026-06-16 13:10:00+05:30,2026-06-16 13:35:00+05:30,2.4453277951830783,0.0017816650469710815,123.78,123.78,0.0,0.0,0.0,0.0,1.1424395764248862,1.1441880195638376,-0.0015281082383801214,2026-06-16,13:05,13-14,123.78,123.44666666666667,0.1363143763343075,2.4453277951830783,0.0017816650469710815,118863,137399.93333333332,0.8650877559862961,2026-06-16 13:05:00+05:30,30.0,25.0,0.00040394247859110166,-0.0010502504443367089,2026-06-16 13:10:00+05:30,2026-06-16 13:20:00+05:30,0.0,10.0
2026-06-17 14:50:00+05:30,2026-06-17 14:55:00+05:30,2026-06-17 15:20:00+05:30,2.4534730855706464,0.000728273183363104,123.74,123.73,-8.081461128162104e-05,0.0,0.0,-8.081461128162104e-05,1.1423472506146046,1.1441880195638376,-0.0016087993561886282,2026-06-17,14:50,14-15,123.74,123.60566666666666,0.0547523158592491,2.4534730855706464,0.000728273183363104,161850,130039.16666666667,1.244625016821855,2026-06-17 14:50:00+05:30,30.0,25.0,0.0008081461128173206,-0.0004040730564085493,2026-06-17 15:00:00+05:30,2026-06-17 15:10:00+05:30,5.0,15.0
2026-06-19 12:30:00+05:30,2026-06-19 12:35:00+05:30,2026-06-19 13:00:00+05:30,3.0125851209707486,0.0019298540023493516,119.7,119.54,-0.001336675020885525,0.0,0.0,-0.001336675020885525,1.1408203035795308,1.1441880195638376,-0.0029433239351611684,2026-06-19,12:30,12-13,119.7,118.967,0.24331262705161627,3.0125851209707486,0.0019298540023493516,429258,567635.7666666667,0.7562208465487228,2026-06-19 12:30:00+05:30,30.0,25.0,0.0008354218880535225,-0.002088554720133695,2026-06-19 12:45:00+05:30,2026-06-19 12:55:00+05:30,10.0,20.0
2026-06-19 13:45:00+05:30,2026-06-19 13:50:00+05:30,2026-06-19 14:15:00+05:30,2.4055792697387433,0.0024233308264394182,120.12,120.11,-8.32500832501637e-05,0.0,0.0,-8.32500832501637e-05,1.1407253301942843,1.1441880195638376,-0.003026328986448612,2026-06-19,13:45,13-14,120.13,119.40733333333334,0.30041274289212655,2.4055792697387433,0.0024233308264394182,262240,400872.3333333333,0.6541733569374124,2026-06-19 13:45:00+05:30,30.0,25.0,0.0038295038295037553,-0.0009157509157509125,2026-06-19 13:55:00+05:30,2026-06-19 14:15:00+05:30,5.0,25.0
2026-06-22 14:15:00+05:30,2026-06-22 14:20:00+05:30,2026-06-22 14:45:00+05:30,2.258717345576198,0.0008287063893261948,120.8,120.95,0.0012417218543046005,0.0,0.0,0.0012417218543046005,1.1421417937665455,1.1441880195638376,-0.001788364990984781,2026-06-22,14:15,14-15,120.81,120.68166666666667,0.056816906986913183,2.258717345576198,0.0008287063893261948,191775,183559.93333333332,1.0447541384303547,2026-06-22 14:15:00+05:30,30.0,25.0,0.001986754966887494,-0.00041390728476820016,2026-06-22 14:35:00+05:30,2026-06-22 14:20:00+05:30,15.0,0.0
2026-06-24 11:50:00+05:30,2026-06-24 11:55:00+05:30,2026-06-24 12:20:00+05:30,2.2284972841848436,0.002295332823259555,118.03,118.11,0.0006777937812421087,0.0,0.0,0.0006777937812421087,1.1429159303716572,1.1441880195638376,-0.0011117833524121323,2026-06-24,11:50,11-12,118.03,117.52600000000001,0.22616137052388086,2.2284972841848436,0.002295332823259555,267534,404668.4666666667,0.6611189703110052,2026-06-24 11:50:00+05:30,30.0,25.0,0.001609760230449897,-0.001016690671863163,2026-06-24 12:15:00+05:30,2026-06-24 12:00:00+05:30,20.0,5.0
2026-06-25 13:45:00+05:30,2026-06-25 13:50:00+05:30,2026-06-25 14:15:00+05:30,2.9188626157151205,0.0018268812527184597,115.35,115.29,-0.000520156046813991,0.0,0.0,-0.000520156046813991,1.1423214357394744,1.1441880195638376,-0.0016313610983925697,2026-06-25,13:45,13-14,115.35,115.05066666666667,0.10255136083545542,2.9188626157151205,0.0018268812527184597,286877,616673.3,0.46520094189257094,2026-06-25 13:45:00+05:30,30.0,25.0,0.0011270047680971285,-0.0011270047680970174,2026-06-25 14:05:00+05:30,2026-06-25 13:55:00+05:30,15.0,5.0
2026-06-30 11:50:00+05:30,2026-06-30 11:55:00+05:30,2026-06-30 12:20:00+05:30,2.0969912633332815,0.0013060513713540889,115.32,116.01,0.005983350676378896,0.0,0.0,0.005983350676378896,1.1491563454746483,1.1491563454746483,0.0,2026-06-30,11:50,11-12,115.33,114.93866666666666,0.1866165778446258,2.0969912633332815,0.0013060513713540889,438683,355735.76666666666,1.2331709125303023,2026-06-30 11:50:00+05:30,30.0,25.0,0.0073707943114811325,-0.0004335761359695045,2026-06-30 12:15:00+05:30,2026-06-30 11:55:00+05:30,20.0,0.0
2026-07-01 13:25:00+05:30,2026-07-01 13:30:00+05:30,2026-07-01 13:55:00+05:30,2.8003890853160534,0.0018311824206487248,115.03,115.09,0.0005216030600712074,0.0,0.0,0.0005216030600712074,1.149755748940948,1.149755748940948,0.0,2026-07-01,13:25,13-14,115.02,114.691,0.11748367458119213,2.8003890853160534,0.0018311824206487248,315214,316100.43333333335,0.9971957224987459,2026-07-01 13:25:00+05:30,30.0,25.0,0.001477875336868717,-0.001477875336868606,2026-07-01 13:50:00+05:30,2026-07-01 13:40:00+05:30,20.0,10.0
2026-07-02 11:45:00+05:30,2026-07-02 11:50:00+05:30,2026-07-02 12:15:00+05:30,2.3218800433802795,0.0034976966387987307,117.7,117.75,0.00042480883602369346,0.0,0.0,0.00042480883602369346,1.1502441753423671,1.1502441753423671,0.0,2026-07-02,11:45,11-12,117.7,117.28533333333333,0.17859090862548993,2.3218800433802795,0.0034976966387987307,185452,326366.4666666667,0.5682323980588692,2026-07-02 11:45:00+05:30,30.0,25.0,0.0021240441801189114,-0.0005097706032285432,2026-07-02 11:55:00+05:30,2026-07-02 12:10:00+05:30,5.0,20.0
2026-07-03 12:10:00+05:30,2026-07-03 12:15:00+05:30,2026-07-03 12:40:00+05:30,2.4187970713010944,0.000498794579765427,120.42,120.52,0.0008304268393954928,0.0,0.0,0.0008304268393954928,1.1511993689774298,1.1511993689774298,0.0,2026-07-03,12:10,12-13,120.41,120.29066666666668,0.04933581851458303,2.4187970713010944,0.000498794579765427,703432,527289.3666666667,1.3340530730722744,2026-07-03 12:10:00+05:30,30.0,25.0,0.0017438963627303128,-0.0009134695233350421,2026-07-03 12:40:00+05:30,2026-07-03 12:30:00+05:30,25.0,15.0
2026-07-06 13:10:00+05:30,2026-07-06 13:15:00+05:30,2026-07-06 13:40:00+05:30,2.13167831893208,0.0007513148009015147,119.97,119.83,-0.001166958406268237,0.0,0.0,-0.001166958406268237,1.149855967196511,1.1511993689774298,-0.001166958406268237,2026-07-06,13:10,13-14,119.97,119.79766666666666,0.08084396778012752,2.13167831893208,0.0007513148009015147,232740,422421.6,0.5509661437767387,2026-07-06 13:10:00+05:30,30.0,25.0,0.0007501875468867159,-0.0014170209218971053,2026-07-06 13:20:00+05:30,2026-07-06 13:40:00+05:30,5.0,25.0
2026-07-08 11:45:00+05:30,2026-07-08 11:50:00+05:30,2026-07-08 12:15:00+05:30,2.0746395941645472,0.0008427439743805554,118.77,118.57,-0.0016839269175717986,0.0,0.0,-0.0016839269175717986,1.1479196937820182,1.1511993689774298,-0.002848920251168008,2026-07-08,11:45,11-12,118.76,118.52466666666666,0.11343335680822772,2.0746395941645472,0.0008427439743805554,128976,191949.16666666666,0.6719278975770495,2026-07-08 11:45:00+05:30,30.0,25.0,0.0010103561505430125,-0.0016839269175717986,2026-07-08 11:50:00+05:30,2026-07-08 12:15:00+05:30,0.0,25.0
2026-07-09 11:45:00+05:30,2026-07-09 11:50:00+05:30,2026-07-09 12:15:00+05:30,2.6113333110208568,0.0035714285714285587,118.08,118.21,0.0011009485094850557,0.0,0.0,0.0011009485094850557,1.149183494257896,1.1511993689774298,-0.0017511082561871838,2026-07-09,11:45,11-12,118.08,117.46133333333334,0.23691600917264677,2.6113333110208568,0.0035714285714285587,131758,286140.5,0.46046609969577884,2026-07-09 11:45:00+05:30,30.0,25.0,0.0027100271002711285,-0.00016937669376693165,2026-07-09 12:00:00+05:30,2026-07-09 11:50:00+05:30,10.0,0.0
2026-07-13 13:30:00+05:30,2026-07-13 13:35:00+05:30,2026-07-13 14:00:00+05:30,2.3587948629028257,0.0011986301369864005,116.99,117.02,0.00025643217368997995,0.0,0.0,0.00025643217368997995,1.1494781818792972,1.1511993689774298,-0.0014951251229936569,2026-07-13,13:30,13-14,116.98,116.77133333333333,0.08846325297227399,2.3587948629028257,0.0011986301369864005,359926,159058.3,2.2628558207902385,2026-07-13 13:30:00+05:30,30.0,25.0,0.001880502607060519,0.0,2026-07-13 13:45:00+05:30,2026-07-13 13:35:00+05:30,10.0,0.0
2026-07-16 13:50:00+05:30,2026-07-16 13:55:00+05:30,2026-07-16 14:20:00+05:30,2.7329086050322458,0.0004303296324985606,116.34,116.33,-8.59549596011755e-05,0.0,0.0,-8.59549596011755e-05,1.1493793785286113,1.1511993689774298,-0.0015809515691753706,2026-07-16,13:50,13-14,116.34,116.22833333333332,0.04086000770792744,2.7329086050322458,0.0004303296324985606,119257,126666.83333333333,0.9415013927613254,2026-07-16 13:50:00+05:30,30.0,25.0,0.000687639676809404,-0.0006876396768092929,2026-07-16 14:20:00+05:30,2026-07-16 13:55:00+05:30,25.0,0.0
2026-07-17 11:45:00+05:30,2026-07-17 11:50:00+05:30,2026-07-17 12:15:00+05:30,2.5706183933111397,0.0033801352054081413,115.92,115.77,-0.0012939958592133038,0.0,0.0,-0.0012939958592133038,1.14789208637213,1.1511993689774298,-0.002872901683604545,2026-07-17,11:45,11-12,115.92,115.44933333333333,0.18309472455786066,2.5706183933111397,0.0033801352054081413,218411,388141.4666666667,0.5627097817599838,2026-07-17 11:45:00+05:30,30.0,25.0,0.0006038647342994086,-0.001984126984126977,2026-07-17 11:50:00+05:30,2026-07-17 12:10:00+05:30,0.0,20.0
2026-07-17 14:40:00+05:30,2026-07-17 14:45:00+05:30,2026-07-17 15:10:00+05:30,2.278104017461189,0.0014702066937646308,115.81,115.78,-0.00025904498747952864,0.0,0.0,-0.00025904498747952864,1.147594730680988,1.1511993689774298,-0.003131202460303406,2026-07-17,14:40,14-15,115.81,115.686,0.05443122835900436,2.278104017461189,0.0014702066937646308,166293,206029.06666666668,0.8071336859912323,2026-07-17 14:40:00+05:30,30.0,25.0,0.0007771349624385859,-0.0007771349624384749,2026-07-17 14:55:00+05:30,2026-07-17 15:00:00+05:30,10.0,15.0
2026-07-20 13:00:00+05:30,2026-07-20 13:05:00+05:30,2026-07-20 13:30:00+05:30,3.136719859020894,0.000343288705801692,116.62,116.78,0.0013719773623734888,0.0,0.0,0.0013719773623734888,1.1491692046726614,1.1511993689774298,-0.0017635210368224241,2026-07-20,13:00,13-14,116.62,116.49600000000001,0.03953174193844043,3.136719859020894,0.000343288705801692,175987,105881.96666666666,1.6621055080515759,2026-07-20 13:00:00+05:30,30.0,25.0,0.0015434745326701194,-0.0002572457554450569,2026-07-20 13:30:00+05:30,2026-07-20 13:20:00+05:30,25.0,15.0
2026-07-20 14:05:00+05:30,2026-07-20 14:10:00+05:30,2026-07-20 14:35:00+05:30,2.0175328368619234,0.00042815550607988584,116.86,116.77,-0.0007701523190142279,0.0,0.0,-0.0007701523190142279,1.148284169344743,1.1511993689774298,-0.002532315176020594,2026-07-20,14:05,14-15,116.86,116.61133333333332,0.12325284730109085,2.0175328368619234,0.00042815550607988584,169668,140801.96666666667,1.2050115777265422,2026-07-20 14:05:00+05:30,30.0,25.0,0.00017114495978098887,-0.0017114495978093336,2026-07-20 14:10:00+05:30,2026-07-20 14:20:00+05:30,0.0,10.0
2026-07-21 11:45:00+05:30,2026-07-21 11:50:00+05:30,2026-07-21 12:15:00+05:30,2.589437317823917,0.0014458241197483623,117.75,117.82,0.0005944798301484866,0.0,0.0,0.0005944798301484866,1.1489668011226972,1.1511993689774298,-0.0019393407561677511,2026-07-21,11:45,11-12,117.75,117.31066666666668,0.16966362935656046,2.589437317823917,0.0014458241197483623,187652,227775.0,0.8238480957084843,2026-07-21 11:45:00+05:30,30.0,25.0,0.0006794055201697624,-0.000849256900212314,2026-07-21 12:15:00+05:30,2026-07-21 12:00:00+05:30,25.0,10.0
2026-07-22 14:40:00+05:30,2026-07-22 14:45:00+05:30,2026-07-22 15:10:00+05:30,2.0108698508108946,0.00016784155756965902,119.19,119.17,-0.0001677993120228205,0.0,0.0,-0.0001677993120228205,1.1487740052839317,1.1511993689774298,-0.0021068146481459937,2026-07-22,14:40,14-15,119.19,119.08233333333332,0.05354233473800241,2.0108698508108946,0.00016784155756965902,124228,183136.7,0.678334817652606,2026-07-22 14:40:00+05:30,30.0,25.0,8.389965601152127e-05,-0.0009228962161255128,2026-07-22 15:10:00+05:30,2026-07-22 15:05:00+05:30,25.0,20.0
2026-07-24 11:50:00+05:30,2026-07-24 11:55:00+05:30,2026-07-24 12:20:00+05:30,4.570733581231258,0.0011976047904191933,117.24,117.19,-0.0004264756055953889,0.0,0.0,-0.0004264756055953889,1.148284081194336,1.1511993689774298,-0.0025323917486884673,2026-07-24,11:50,11-12,117.24,116.913,0.07154212648550637,4.570733581231258,0.0011976047904191933,977862,294643.8,3.318793743496385,2026-07-24 11:50:00+05:30,30.0,25.0,0.0011941316956669557,-0.0008529512111906667,2026-07-24 12:10:00+05:30,2026-07-24 12:10:00+05:30,15.0,15.0
2026-07-24 14:10:00+05:30,2026-07-24 14:15:00+05:30,2026-07-24 14:40:00+05:30,2.0392147784533954,0.0009359312515953011,117.83,117.81,-0.00016973606042602896,0.0,0.0,-0.00016973606042602896,1.1480891759781442,1.1511993689774298,-0.002701697970915573,2026-07-24,14:10,14-15,117.83,117.43266666666666,0.19484624058809827,2.0392147784533954,0.0009359312515953011,231475,413032.06666666665,0.5604286414565713,2026-07-24 14:10:00+05:30,30.0,25.0,0.0012730204531954392,-0.0011032843927691882,2026-07-24 14:30:00+05:30,2026-07-24 14:15:00+05:30,15.0,0.0
2026-07-28 12:00:00+05:30,2026-07-28 12:05:00+05:30,2026-07-28 12:30:00+05:30,3.0776247649037645,0.00042724087840717573,117.15,117.11,-0.00034144259496382556,0.0,0.0,-0.00034144259496382556,1.1476971694306484,1.1511993689774298,-0.00304221809111338,2026-07-28,12:00,12-13,117.15,116.97,0.05848666219893617,3.0776247649037645,0.00042724087840717573,133932,166660.16666666666,0.8036233413103111,2026-07-28 12:00:00+05:30,30.0,25.0,0.00034144259496371454,-0.0007682458386684132,2026-07-28 12:05:00+05:30,2026-07-28 12:30:00+05:30,0.0,25.0
2026-07-29 12:00:00+05:30,2026-07-29 12:05:00+05:30,2026-07-29 12:30:00+05:30,2.0298523188241067,0.0010263427984946727,117.11,116.94,-0.0014516266757749197,0.0,0.0,-0.0014516266757749197,1.1460311416037914,1.1511993689774298,-0.004489428601953782,2026-07-29,12:00,12-13,117.08,116.801,0.13744842292843307,2.0298523188241067,0.0010263427984946727,144421,269149.9666666667,0.5365818981462503,2026-07-29 12:00:00+05:30,30.0,25.0,0.0003415592178295235,-0.0020493553069762527,2026-07-29 12:05:00+05:30,2026-07-29 12:30:00+05:30,0.0,25.0
2026-07-30 13:40:00+05:30,2026-07-30 13:45:00+05:30,2026-07-30 14:10:00+05:30,2.281686894231475,0.0008550662676356513,117.13,117.3,0.0014513788098693414,0.0,0.0,0.0014513788098693414,1.1476944669181655,1.1511993689774298,-0.0030445656536257637,2026-07-30,13:40,13-14,117.12,116.932,0.08239517896837688,2.281686894231475,0.0008550662676356513,125507,261830.73333333334,0.47934403422465555,2026-07-30 13:40:00+05:30,30.0,25.0,0.0036711346367284126,-0.00017075044821990293,2026-07-30 14:00:00+05:30,2026-07-30 13:45:00+05:30,15.0,0.0
2026-08-04 13:35:00+05:30,2026-08-04 13:40:00+05:30,2026-08-04 14:05:00+05:30,3.629500871421352,0.0004260758414997845,117.43,117.3,-0.0011070424934004341,0.0,0.0,-0.0011070424934004341,1.1464239203738464,1.1511993689774298,-0.004148237683473721,2026-08-04,13:35,13-14,117.43,117.29933333333334,0.03600127711651425,3.629500871421352,0.0004260758414997845,85367,104749.8,0.814960983219061,2026-08-04 13:35:00+05:30,30.0,25.0,0.0004257855743847738,-0.0012773567231543215,2026-08-04 13:40:00+05:30,2026-08-04 14:05:00+05:30,0.0,25.0
2026-08-05 11:45:00+05:30,2026-08-05 11:50:00+05:30,2026-08-05 12:15:00+05:30,2.0429075618076706,0.002937473772555599,119.43,119.64,0.0017583521728208318,0.0,0.0,0.0017583521728208318,1.1484397373652095,1.1511993689774298,-0.0023971795733970236,2026-08-05,11:45,11-12,119.45,118.75566666666667,0.33987506156125374,2.0429075618076706,0.002937473772555599,879267,396149.0333333333,2.2195358968859447,2026-08-05 11:45:00+05:30,30.0,25.0,0.0026793937871556484,-0.0005861173909403883,2026-08-05 12:05:00+05:30,2026-08-05 11:50:00+05:30,15.0,0.0
2026-08-06 14:00:00+05:30,2026-08-06 14:05:00+05:30,2026-08-06 14:30:00+05:30,2.09748667925463,0.0009015654454553879,122.16,122.46,0.0024557956777995216,0.0,0.0,0.0024557956777995216,1.1512600707084442,1.1512600707084442,0.0,2026-08-06,14:00,14-15,122.17,121.99566666666666,0.08311534707590537,2.09748667925463,0.0009015654454553879,269302,262386.76666666666,1.0263551147078938,2026-08-06 14:00:00+05:30,30.0,25.0,0.0031925343811394225,-0.0007367387033399009,2026-08-06 14:30:00+05:30,2026-08-06 14:05:00+05:30,25.0,0.0
2026-08-07 11:45:00+05:30,2026-08-07 11:50:00+05:30,2026-08-07 12:15:00+05:30,3.683761570786046,0.0029450261780104015,122.69,122.68,-8.150623522695799e-05,0.0,0.0,-8.150623522695799e-05,1.1511662358343135,1.1512600707084442,-8.150623522695799e-05,2026-08-07,11:45,11-12,122.68,122.21466666666667,0.12632015519778608,3.683761570786046,0.0029450261780104015,637904,254141.83333333334,2.510031471927421,2026-08-07 11:45:00+05:30,30.0,25.0,0.00146711223408591,-0.002037655880674838,2026-08-07 12:15:00+05:30,2026-08-07 12:00:00+05:30,25.0,10.0
2026-08-07 13:40:00+05:30,2026-08-07 13:45:00+05:30,2026-08-07 14:10:00+05:30,2.4445237151870995,0.001954397394136942,123.15,123.36,0.001705237515225333,0.0,0.0,0.001705237515225333,1.153129247685919,1.153129247685919,0.0,2026-08-07,13:40,13-14,123.15,122.68066666666667,0.1919937738453957,2.4445237151870995,0.001954397394136942,242062,329040.5333333333,0.7356601253584159,2026-08-07 13:40:00+05:30,30.0,25.0,0.0026796589524968883,-0.0013804303694681108,2026-08-07 14:05:00+05:30,2026-08-07 13:50:00+05:30,20.0,5.0
2026-08-10 12:15:00+05:30,2026-08-10 12:20:00+05:30,2026-08-10 12:45:00+05:30,2.0472596999370936,0.0005608974358974894,124.94,124.89,-0.00040019209220421015,0.0,0.0,-0.00040019209220421015,1.1526677744797056,1.153129247685919,-0.00040019209220432117,2026-08-10,12:15,12-13,124.94,124.50166666666668,0.21410734229115488,2.0472596999370936,0.0005608974358974894,304671,372868.5333333333,0.8171003256196823,2026-08-10 12:15:00+05:30,30.0,25.0,0.00040019209220432117,-0.0013606531134945365,2026-08-10 12:25:00+05:30,2026-08-10 12:40:00+05:30,5.0,20.0
2026-08-12 14:40:00+05:30,2026-08-12 14:45:00+05:30,2026-08-12 15:10:00+05:30,2.33279475606902,0.00023760494218283412,126.38,126.44,0.0004747586643456536,0.0,0.0,0.0004747586643456536,1.153215013492752,1.153215013492752,0.0,2026-08-12,14:40,14-15,126.39,126.21366666666667,0.07558887590714172,2.33279475606902,0.00023760494218283412,292775,170731.53333333333,1.7148267474901142,2026-08-12 14:40:00+05:30,30.0,25.0,0.0009495173286913072,-7.912644405749791e-05,2026-08-12 14:45:00+05:30,2026-08-12 15:00:00+05:30,0.0,15.0
2026-08-14 13:35:00+05:30,2026-08-14 13:40:00+05:30,2026-08-14 14:05:00+05:30,2.0468266509147357,0.0017662170841361569,124.85,124.88,0.0002402883460153049,0.0,0.0,0.0002402883460153049,1.153492117620944,1.153492117620944,0.0,2026-08-14,13:35,13-14,124.87,124.46666666666667,0.19705300063055392,2.0468266509147357,0.0017662170841361569,112082,168030.1,0.6670352514222154,2026-08-14 13:35:00+05:30,30.0,25.0,0.0006407689227072577,-0.0008810572687224516,2026-08-14 14:05:00+05:30,2026-08-14 13:50:00+05:30,25.0,10.0
2026-08-17 12:20:00+05:30,2026-08-17 12:25:00+05:30,2026-08-17 12:50:00+05:30,2.3800153480071806,0.0007121379965184804,126.52,126.43,-0.000711349984192089,0.0,0.0,-0.000711349984192089,1.1526715810213086,1.153492117620944,-0.0007113499841922,2026-08-17,12:20,12-13,126.54,126.412,0.05378116578415188,2.3800153480071806,0.0007121379965184804,314884,261684.3,1.203297255509788,2026-08-17 12:20:00+05:30,30.0,25.0,0.00047423332279472596,-0.0008694277584571086,2026-08-17 12:25:00+05:30,2026-08-17 12:40:00+05:30,0.0,15.0
2026-08-18 11:50:00+05:30,2026-08-18 11:55:00+05:30,2026-08-18 12:20:00+05:30,3.049920754274631,7.908889591901058e-05,126.55,126.56,7.902015013838692e-05,0.0,0.0,7.902015013838692e-05,1.1527626653027012,1.153492117620944,-0.0006323860450362373,2026-08-18,11:50,11-12,126.55,126.37666666666665,0.0568320777155964,3.049920754274631,7.908889591901058e-05,210159,196963.73333333334,1.0669933821996334,2026-08-18 11:50:00+05:30,30.0,25.0,0.0006321612011062072,-0.0007111813512445941,2026-08-18 12:00:00+05:30,2026-08-18 12:00:00+05:30,5.0,5.0
2026-08-18 12:55:00+05:30,2026-08-18 13:00:00+05:30,2026-08-18 13:25:00+05:30,2.152287906931683,0.00023704171934268992,126.66,126.56,-0.000789515237644034,0.0,0.0,-0.000789515237644034,1.1518525416130576,1.153492117620944,-0.0014214020042616626,2026-08-18,12:55,12-13,126.66,126.46933333333332,0.08858790036993149,2.152287906931683,0.00023704171934268992,154031,155230.73333333334,0.9922712899206815,2026-08-18 12:55:00+05:30,30.0,25.0,7.895152376447001e-05,-0.000947418285172863,2026-08-18 13:00:00+05:30,2026-08-18 13:05:00+05:30,0.0,5.0
2026-08-19 12:20:00+05:30,2026-08-19 12:25:00+05:30,2026-08-19 12:50:00+05:30,2.287791580788978,0.0003993291270665278,125.45,125.57,0.0009565563969708979,0.0,0.0,0.0009565563969708979,1.1529543535301048,1.153492117620944,-0.0004662052584706311,2026-08-19,12:20,12-13,125.44,125.18900000000001,0.10971279119465488,2.287791580788978,0.0003993291270665278,152707,226998.6,0.6727222106215632,2026-08-19 12:20:00+05:30,30.0,25.0,0.0011956954962135669,-0.0005579912315664126,2026-08-19 12:50:00+05:30,2026-08-19 12:30:00+05:30,25.0,5.0
2026-08-21 11:45:00+05:30,2026-08-21 11:50:00+05:30,2026-08-21 12:15:00+05:30,2.2361723554136876,0.0009963212752914785,130.75,130.99,0.001835564053537464,0.0,0.0,0.001835564053537464,1.1550706750968143,1.1550706750968143,0.0,2026-08-21,11:45,11-12,130.72,130.39333333333335,0.14608295549124659,2.2361723554136876,0.0009963212752914785,444795,541158.5666666667,0.8219309965649625,2026-08-21 11:45:00+05:30,30.0,25.0,0.0019120458891013214,-0.0014531548757169555,2026-08-21 12:15:00+05:30,2026-08-21 11:50:00+05:30,25.0,0.0
2026-08-21 13:50:00+05:30,2026-08-21 13:55:00+05:30,2026-08-21 14:20:00+05:30,2.296007888610412,0.0003053901358986977,131.17,131.46,0.0022108713882749154,0.0,0.0,0.0022108713882749154,1.1576243878038213,1.1576243878038213,0.0,2026-08-21,13:50,13-14,131.17,130.85399999999998,0.13763018915028719,2.296007888610412,0.0003053901358986977,545298,320465.8333333333,1.7015792115124078,2026-08-21 13:50:00+05:30,30.0,25.0,0.00259205611039115,-0.0001524738888464272,2026-08-21 14:15:00+05:30,2026-08-21 13:55:00+05:30,20.0,0.0
2026-08-24 11:45:00+05:30,2026-08-24 11:50:00+05:30,2026-08-24 12:15:00+05:30,4.547933188884252,0.003611466405838426,133.56,133.45,-0.0008235998802037514,0.0,0.0,-0.0008235998802037514,1.1566709684967051,1.1576243878038213,-0.0008235998802037514,2026-08-24,11:45,11-12,133.57,133.019,0.12115393457113759,4.547933188884252,0.003611466405838426,1077879,775935.2333333333,1.3891352701816995,2026-08-24 11:45:00+05:30,30.0,25.0,0.00022461814914653822,-0.0019466906259358874,2026-08-24 11:50:00+05:30,2026-08-24 11:55:00+05:30,0.0,5.0
2026-08-25 11:50:00+05:30,2026-08-25 11:55:00+05:30,2026-08-25 12:20:00+05:30,2.005431078109411,0.002257506208142246,133.32,133.16,-0.0012001200120012046,0.0,0.0,-0.0012001200120012046,1.1552828245201114,1.1576243878038213,-0.0020227314735068447,2026-08-25,11:50,11-12,133.32,132.79966666666667,0.2594620872355595,2.005431078109411,0.002257506208142246,271614,565090.6666666666,0.48065561160686904,2026-08-25 11:50:00+05:30,30.0,25.0,0.0009750975097508885,-0.001500150015001367,2026-08-25 11:55:00+05:30,2026-08-25 12:20:00+05:30,0.0,25.0
2026-08-27 13:20:00+05:30,2026-08-27 13:25:00+05:30,2026-08-27 13:50:00+05:30,2.332265894243691,0.0038565368299268155,130.2,130.28,0.0006144393241167556,0.0,0.0,0.0006144393241167556,1.1559926757179733,1.1576243878038213,-0.0014095349951495084,2026-08-27,13:20,13-14,130.2,129.75766666666667,0.1896581922434549,2.332265894243691,0.0038565368299268155,437794,291559.1,1.5015617759829827,2026-08-27 13:20:00+05:30,30.0,25.0,0.003072196620583778,-0.0010752688172042113,2026-08-27 13:30:00+05:30,2026-08-27 13:50:00+05:30,5.0,25.0
2026-08-28 12:15:00+05:30,2026-08-28 12:20:00+05:30,2026-08-28 12:45:00+05:30,4.429958757177468,0.0012338062924119875,130.28,130.56,0.002149217070924081,0.0,0.0,0.002149217070924081,1.1584771549104895,1.1584771549104895,0.0,2026-08-28,12:15,12-13,130.24,129.73733333333334,0.11346982990580755,4.429958757177468,0.0012338062924119875,723096,301565.0,2.3978114171074227,2026-08-28 12:15:00+05:30,30.0,25.0,0.0026865213386551012,-0.0013048817930609857,2026-08-28 12:35:00+05:30,2026-08-28 12:20:00+05:30,15.0,0.0
