timestamp,cross_sectional_mean_return
2025-09-18 09:15:00+05:30,
2025-09-18 09:20:00+05:30,0.000244801041128252
2025-09-18 09:25:00+05:30,-6.934060666523227e-05
2025-09-18 09:30:00+05:30,-0.00032739510913566184
2025-09-18 09:35:00+05:30,-0.00043710234556083643
2025-09-18 09:40:00+05:30,0.0006327167637005512
2025-09-18 09:45:00+05:30,0.00017820788210090734
2025-09-18 09:50:00+05:30,3.568050105747029e-05
2025-09-18 09:55:00+05:30,-0.00023484708744217633
2025-09-18 10:00:00+05:30,-0.00011685978106272459
2025-09-18 10:05:00+05:30,0.00011790280376059039
2025-09-18 10:10:00+05:30,-0.0004348996836021313
2025-09-18 10:15:00+05:30,-7.410608409398976e-06
2025-09-18 10:20:00+05:30,0.00015220372153134623
2025-09-18 10:25:00+05:30,5.6128491730785067e-05
2025-09-18 10:30:00+05:30,-4.32545164142402e-07
2025-09-18 10:35:00+05:30,0.0002054500141466067
2025-09-18 10:40:00+05:30,0.00013714074407057466
2025-09-18 10:45:00+05:30,-0.0001314139467902469
2025-09-18 10:50:00+05:30,-1.4328937106341941e-05
2025-09-18 10:55:00+05:30,0.00013123696795870976
2025-09-18 11:00:00+05:30,-8.941886867741555e-05
2025-09-18 11:05:00+05:30,0.00010017371997812263
2025-09-18 11:10:00+05:30,-7.541802470426164e-05
2025-09-18 11:15:00+05:30,-0.00012310460797671538
2025-09-18 11:20:00+05:30,-1.413472245966125e-05
2025-09-18 11:25:00+05:30,-7.082165247173031e-05
2025-09-18 11:30:00+05:30,3.908423372464992e-05
2025-09-18 11:35:00+05:30,-0.00022903012471164885
2025-09-18 11:40:00+05:30,-0.0002412712678305258
2025-09-18 11:45:00+05:30,1.3126530056987337e-05
2025-09-18 11:50:00+05:30,-2.8582350763440905e-05
2025-09-18 11:55:00+05:30,4.060863653219583e-05
2025-09-18 12:00:00+05:30,0.00012401430604508086
2025-09-18 12:05:00+05:30,1.7353939547773568e-05
2025-09-18 12:10:00+05:30,-4.6322589576094774e-05
2025-09-18 12:15:00+05:30,5.440098956675433e-05
2025-09-18 12:20:00+05:30,-2.999177826298736e-05
2025-09-18 12:25:00+05:30,-6.866807605961747e-05
2025-09-18 12:30:00+05:30,-0.00045761185269687027
2025-09-18 12:35:00+05:30,-0.0003218350907811792
2025-09-18 12:40:00+05:30,2.1264054931349313e-05
2025-09-18 12:45:00+05:30,-0.00014911927817213026
2025-09-18 12:50:00+05:30,0.0001644378793872236
2025-09-18 12:55:00+05:30,0.0001578039660466172
2025-09-18 13:00:00+05:30,-0.001119234690620889
2025-09-18 13:05:00+05:30,0.0007128727687955962
2025-09-18 13:10:00+05:30,-2.3356628160857356e-05
2025-09-18 13:15:00+05:30,2.9497957867342134e-05
2025-09-18 13:20:00+05:30,0.00015527323125363282
2025-09-18 13:25:00+05:30,0.0005041379878106646
2025-09-18 13:30:00+05:30,0.00023437542304531527
2025-09-18 13:35:00+05:30,-0.00032708217589151383
2025-09-18 13:40:00+05:30,9.335853533156808e-05
2025-09-18 13:45:00+05:30,6.941280754851605e-05
2025-09-18 13:50:00+05:30,-0.0006118253997903573
2025-09-18 13:55:00+05:30,-0.00013960593879183838
2025-09-18 14:00:00+05:30,2.6778706584337054e-05
2025-09-18 14:05:00+05:30,-0.00031558187742470646
2025-09-18 14:10:00+05:30,0.0004799347360912499
2025-09-18 14:15:00+05:30,-0.00012612957324222384
2025-09-18 14:20:00+05:30,-0.0005149073796651445
2025-09-18 14:25:00+05:30,4.1866080399875405e-05
2025-09-18 14:30:00+05:30,-0.0003476001655289683
2025-09-18 14:35:00+05:30,0.00024807978549742194
2025-09-18 14:40:00+05:30,0.00017015096600264971
2025-09-18 14:45:00+05:30,0.0012745887566856416
2025-09-18 14:50:00+05:30,0.0003394375220907458
2025-09-18 14:55:00+05:30,9.750142896922547e-05
2025-09-18 15:00:00+05:30,0.0007379934904036574
2025-09-18 15:05:00+05:30,0.00027912453802490437
2025-09-18 15:10:00+05:30,1.8357324327551205e-05
2025-09-18 15:15:00+05:30,0.0001302454581257416
2025-09-18 15:20:00+05:30,9.409001140419327e-06
2025-09-18 15:25:00+05:30,-0.0004246360672586447
2025-09-19 09:15:00+05:30,-0.0022682497146370864
2025-09-19 09:20:00+05:30,-0.00031132527696048644
2025-09-19 09:25:00+05:30,-0.00025827070912590324
2025-09-19 09:30:00+05:30,-0.0007073103758754409
2025-09-19 09:35:00+05:30,-0.00014999752634930154
2025-09-19 09:40:00+05:30,0.0008176279076866619
2025-09-19 09:45:00+05:30,-0.0001930386964675261
2025-09-19 09:50:00+05:30,0.0004836700502603752
2025-09-19 09:55:00+05:30,-0.0009507415893540019
2025-09-19 10:00:00+05:30,-0.00012299588165580393
2025-09-19 10:05:00+05:30,0.00013184066936660312
2025-09-19 10:10:00+05:30,0.00032278474213939665
2025-09-19 10:15:00+05:30,-0.00033857146208089787
2025-09-19 10:20:00+05:30,0.0006165914128066715
2025-09-19 10:25:00+05:30,0.00016497548629995932
2025-09-19 10:30:00+05:30,-0.0006142773543111178
2025-09-19 10:35:00+05:30,-0.00012250039995268699
2025-09-19 10:40:00+05:30,-0.00012803080431875023
2025-09-19 10:45:00+05:30,-6.261006436254257e-05
2025-09-19 10:50:00+05:30,6.665718545515921e-05
2025-09-19 10:55:00+05:30,-0.00026314908827678406
2025-09-19 11:00:00+05:30,-0.00018006189702073
2025-09-19 11:05:00+05:30,0.00019712444820959982
2025-09-19 11:10:00+05:30,-0.00018007032363215032
2025-09-19 11:15:00+05:30,-0.00010380969360273813
2025-09-19 11:20:00+05:30,0.0001540765763307376
2025-09-19 11:25:00+05:30,0.00020063222970147012
2025-09-19 11:30:00+05:30,-0.00010977567695094177
2025-09-19 11:35:00+05:30,0.00010528898769767674
2025-09-19 11:40:00+05:30,-4.327985993912124e-06
2025-09-19 11:45:00+05:30,-0.0004905488049956082
2025-09-19 11:50:00+05:30,0.00011633665606775327
2025-09-19 11:55:00+05:30,4.082195359791491e-05
2025-09-19 12:00:00+05:30,-0.0003871225218387126
2025-09-19 12:05:00+05:30,0.00033845370430129443
2025-09-19 12:10:00+05:30,0.00023858063064196547
2025-09-19 12:15:00+05:30,-0.0004897412229221775
2025-09-19 12:20:00+05:30,0.000246798799585592
2025-09-19 12:25:00+05:30,-0.00033611088795464024
2025-09-19 12:30:00+05:30,-9.164293651977105e-05
2025-09-19 12:35:00+05:30,7.126886967393673e-05
2025-09-19 12:40:00+05:30,-6.830091752715142e-05
2025-09-19 12:45:00+05:30,4.998124354830444e-05
2025-09-19 12:50:00+05:30,0.00028158045435603
2025-09-19 12:55:00+05:30,0.0002956403385329741
2025-09-19 13:00:00+05:30,0.0004864734578597929
2025-09-19 13:05:00+05:30,-4.309263866201989e-05
2025-09-19 13:10:00+05:30,0.00028524750570944527
2025-09-19 13:15:00+05:30,9.698173210051655e-05
2025-09-19 13:20:00+05:30,0.00014110101315309285
2025-09-19 13:25:00+05:30,0.000291479952284939
2025-09-19 13:30:00+05:30,-0.0001250577636386918
2025-09-19 13:35:00+05:30,-0.0003477025579426681
2025-09-19 13:40:00+05:30,0.00020922596470974194
2025-09-19 13:45:00+05:30,0.00013801634739970362
2025-09-19 13:50:00+05:30,7.27028832830408e-05
2025-09-19 13:55:00+05:30,-0.0001086688434492304
2025-09-19 14:00:00+05:30,0.0004632024441521408
2025-09-19 14:05:00+05:30,-0.00016167834611823776
2025-09-19 14:10:00+05:30,0.00029246793132507937
2025-09-19 14:15:00+05:30,-0.0003778813290788821
2025-09-19 14:20:00+05:30,-0.0003563287377595107
2025-09-19 14:25:00+05:30,-8.150027531729278e-05
2025-09-19 14:30:00+05:30,0.00020465913088511153
2025-09-19 14:35:00+05:30,0.00017822175426998745
2025-09-19 14:40:00+05:30,9.958609271152213e-05
2025-09-19 14:45:00+05:30,0.0003201862651833987
2025-09-19 14:50:00+05:30,0.0001667335356092186
2025-09-19 14:55:00+05:30,-0.0001997162146343443
2025-09-19 15:00:00+05:30,-0.00134961112059321
2025-09-19 15:05:00+05:30,-0.00016407876072064754
2025-09-19 15:10:00+05:30,0.00013943652794859575
2025-09-19 15:15:00+05:30,0.000598045212073996
2025-09-19 15:20:00+05:30,0.00010714255946383942
2025-09-19 15:25:00+05:30,0.000682430177475543
2025-09-22 09:15:00+05:30,-0.005964902179746662
2025-09-22 09:20:00+05:30,0.001075937713116806
2025-09-22 09:25:00+05:30,0.00024429886314646316
2025-09-22 09:30:00+05:30,0.0006253766996861502
2025-09-22 09:35:00+05:30,0.00048687775143695317
2025-09-22 09:40:00+05:30,0.0004010802061769771
2025-09-22 09:45:00+05:30,-1.360889919626252e-05
2025-09-22 09:50:00+05:30,-0.00034614465067349604
2025-09-22 09:55:00+05:30,0.00023167887014508004
2025-09-22 10:00:00+05:30,0.0001420732973366201
2025-09-22 10:05:00+05:30,-0.00021675825808340954
2025-09-22 10:10:00+05:30,-0.0003877108352308379
2025-09-22 10:15:00+05:30,2.7168861931214927e-05
2025-09-22 10:20:00+05:30,-0.0003549552565484247
2025-09-22 10:25:00+05:30,0.00044597714232870526
2025-09-22 10:30:00+05:30,-9.987955862811315e-05
2025-09-22 10:35:00+05:30,0.00013591073182750435
2025-09-22 10:40:00+05:30,-8.08674997072016e-05
2025-09-22 10:45:00+05:30,-0.0001540693796318341
2025-09-22 10:50:00+05:30,-0.0001220710259050368
2025-09-22 10:55:00+05:30,0.0003106199120365197
2025-09-22 11:00:00+05:30,-0.00044942543920041035
2025-09-22 11:05:00+05:30,-0.0002932349313822364
2025-09-22 11:10:00+05:30,3.3206022764908916e-05
2025-09-22 11:15:00+05:30,-0.0001983155998015696
2025-09-22 11:20:00+05:30,-0.0002793699136942607
2025-09-22 11:25:00+05:30,-7.979556905936635e-06
2025-09-22 11:30:00+05:30,-0.0004238403057876991
2025-09-22 11:35:00+05:30,0.00033545758407573905
2025-09-22 11:40:00+05:30,0.0006679369444136005
2025-09-22 11:45:00+05:30,4.836879642040954e-05
2025-09-22 11:50:00+05:30,0.00012925090817456368
2025-09-22 11:55:00+05:30,-9.183189660588731e-06
2025-09-22 12:00:00+05:30,2.6440027132660536e-05
2025-09-22 12:05:00+05:30,-0.00015231480892971403
2025-09-22 12:10:00+05:30,-2.578017094324066e-05
2025-09-22 12:15:00+05:30,0.0001301067528809313
2025-09-22 12:20:00+05:30,8.850814515740832e-05
2025-09-22 12:25:00+05:30,-0.00033157536417207175
2025-09-22 12:30:00+05:30,-0.00019154157490544756
2025-09-22 12:35:00+05:30,0.00021410594077926102
2025-09-22 12:40:00+05:30,0.00023709709966294939
2025-09-22 12:45:00+05:30,-2.5156228800031416e-05
2025-09-22 12:50:00+05:30,-0.00017705307659008818
2025-09-22 12:55:00+05:30,-0.00015191036549114392
2025-09-22 13:00:00+05:30,0.0002874550972944423
2025-09-22 13:05:00+05:30,5.901222772124693e-05
2025-09-22 13:10:00+05:30,-4.212252901858449e-05
2025-09-22 13:15:00+05:30,-0.00048424308174064174
2025-09-22 13:20:00+05:30,-0.0003903954604390636
2025-09-22 13:25:00+05:30,0.00021097799784992364
2025-09-22 13:30:00+05:30,-0.00047727529494803305
2025-09-22 13:35:00+05:30,4.0027090695428735e-05
2025-09-22 13:40:00+05:30,1.2614369009263177e-05
2025-09-22 13:45:00+05:30,0.0001476465010780429
2025-09-22 13:50:00+05:30,-0.00038515830747728287
2025-09-22 13:55:00+05:30,-0.0004130029737769056
2025-09-22 14:00:00+05:30,0.0002493645927148221
2025-09-22 14:05:00+05:30,0.00057471037392865
2025-09-22 14:10:00+05:30,0.00028515427587291606
2025-09-22 14:15:00+05:30,-0.00031383993906066837
2025-09-22 14:20:00+05:30,-0.00024373090309986147
2025-09-22 14:25:00+05:30,-0.0006972378825399064
2025-09-22 14:30:00+05:30,-0.0004929876982149247
2025-09-22 14:35:00+05:30,-0.0003112613579663771
2025-09-22 14:40:00+05:30,-0.0012038495850352187
2025-09-22 14:45:00+05:30,0.0001379462398601755
2025-09-22 14:50:00+05:30,0.0006842427198359264
2025-09-22 14:55:00+05:30,-6.346209412669426e-05
2025-09-22 15:00:00+05:30,0.00047190503028968065
2025-09-22 15:05:00+05:30,-0.0006214417625587096
2025-09-22 15:10:00+05:30,0.00016275758643098147
2025-09-22 15:15:00+05:30,0.00011812629751439818
2025-09-22 15:20:00+05:30,0.00016978021382481407
2025-09-22 15:25:00+05:30,-0.0003519265432597729
2025-09-23 09:15:00+05:30,0.0028466168358150844
2025-09-23 09:20:00+05:30,-0.0007894360012569391
2025-09-23 09:25:00+05:30,-0.0006405207467518633
2025-09-23 09:30:00+05:30,-0.001016434159445108
2025-09-23 09:35:00+05:30,0.00010280259350036707
2025-09-23 09:40:00+05:30,-0.0007150584529349988
2025-09-23 09:45:00+05:30,-0.0009949671114940202
2025-09-23 09:50:00+05:30,0.0005735806276617622
2025-09-23 09:55:00+05:30,0.0002381874150811983
2025-09-23 10:00:00+05:30,0.0006178148061310598
2025-09-23 10:05:00+05:30,0.00021854331388606712
2025-09-23 10:10:00+05:30,-0.00047698460326715456
2025-09-23 10:15:00+05:30,-0.0006874178020926644
2025-09-23 10:20:00+05:30,-0.00028329690378264534
2025-09-23 10:25:00+05:30,0.0006773620832533312
2025-09-23 10:30:00+05:30,-0.0003024201701081577
2025-09-23 10:35:00+05:30,0.00045122764749333814
2025-09-23 10:40:00+05:30,-0.00024921272716672024
2025-09-23 10:45:00+05:30,-0.0002597162658723363
2025-09-23 10:50:00+05:30,-8.471503172318969e-05
2025-09-23 10:55:00+05:30,7.4908315116011494e-06
2025-09-23 11:00:00+05:30,0.00016765063345062985
2025-09-23 11:05:00+05:30,-2.6240648039244086e-05
2025-09-23 11:10:00+05:30,-0.0007365931020600961
2025-09-23 11:15:00+05:30,-0.0004584728638591618
2025-09-23 11:20:00+05:30,0.00026725747391079393
2025-09-23 11:25:00+05:30,0.00012038809402224957
2025-09-23 11:30:00+05:30,-0.0003103436299731696
2025-09-23 11:35:00+05:30,-0.0001762502653950574
2025-09-23 11:40:00+05:30,0.0004575896655815031
2025-09-23 11:45:00+05:30,7.809859828771482e-05
2025-09-23 11:50:00+05:30,0.00013934922679489196
2025-09-23 11:55:00+05:30,0.00025684152700380496
2025-09-23 12:00:00+05:30,0.00020385290935216225
2025-09-23 12:05:00+05:30,0.00043717993891160444
2025-09-23 12:10:00+05:30,0.00046501402507224005
2025-09-23 12:15:00+05:30,-3.116475185357228e-05
2025-09-23 12:20:00+05:30,-0.00010905685927561768
2025-09-23 12:25:00+05:30,0.0007843773189928641
2025-09-23 12:30:00+05:30,0.0010715632078452124
2025-09-23 12:35:00+05:30,0.0011495033438064794
2025-09-23 12:40:00+05:30,-0.0010157255844161408
2025-09-23 12:45:00+05:30,0.0002922057163726265
2025-09-23 12:50:00+05:30,8.173978158345758e-05
2025-09-23 12:55:00+05:30,-8.266277621493678e-05
2025-09-23 13:00:00+05:30,0.0009498164321823172
2025-09-23 13:05:00+05:30,-7.413622616643012e-05
2025-09-23 13:10:00+05:30,9.125899042007977e-05
2025-09-23 13:15:00+05:30,6.587482795702251e-05
2025-09-23 13:20:00+05:30,2.870808727344003e-05
2025-09-23 13:25:00+05:30,0.0007191609841234955
2025-09-23 13:30:00+05:30,0.000727576004463072
2025-09-23 13:35:00+05:30,-0.0003136635987125494
2025-09-23 13:40:00+05:30,0.00019612873540522218
2025-09-23 13:45:00+05:30,0.0003335317388780737
2025-09-23 13:50:00+05:30,-8.141545668165145e-06
2025-09-23 13:55:00+05:30,-0.000558307614127124
2025-09-23 14:00:00+05:30,0.0008357437612703332
2025-09-23 14:05:00+05:30,0.0007335614073917865
2025-09-23 14:10:00+05:30,-0.0013697040317905739
2025-09-23 14:15:00+05:30,0.00034890517912337867
2025-09-23 14:20:00+05:30,0.00038395054789935586
2025-09-23 14:25:00+05:30,-0.00033521969736307727
2025-09-23 14:30:00+05:30,-2.6468248217083106e-05
2025-09-23 14:35:00+05:30,-2.9628010126835885e-05
2025-09-23 14:40:00+05:30,0.0005489057007832473
2025-09-23 14:45:00+05:30,-0.0013299459286851892
2025-09-23 14:50:00+05:30,-2.8274075255711667e-05
2025-09-23 14:55:00+05:30,-0.00013619455960549822
2025-09-23 15:00:00+05:30,-0.0004084879522889419
2025-09-23 15:05:00+05:30,-0.0002746334850349574
2025-09-23 15:10:00+05:30,0.00033739856184776177
2025-09-23 15:15:00+05:30,-0.0003068540041817979
2025-09-23 15:20:00+05:30,6.988265347610136e-05
2025-09-23 15:25:00+05:30,0.0007913592182299022
2025-09-24 09:15:00+05:30,-0.003498430440741069
2025-09-24 09:20:00+05:30,-0.0005438246768812409
2025-09-24 09:25:00+05:30,-0.00023242532019060897
2025-09-24 09:30:00+05:30,0.0002652725928927618
2025-09-24 09:35:00+05:30,0.0002048136310058203
2025-09-24 09:40:00+05:30,-0.00033513091521021973
2025-09-24 09:45:00+05:30,0.0010831807766037485
2025-09-24 09:50:00+05:30,4.1223749752899706e-05
2025-09-24 09:55:00+05:30,0.0007475971886125267
2025-09-24 10:00:00+05:30,0.00029509470166974437
2025-09-24 10:05:00+05:30,9.219765848283697e-05
2025-09-24 10:10:00+05:30,-0.0002828652304172823
2025-09-24 10:15:00+05:30,0.00021341127805439198
2025-09-24 10:20:00+05:30,-0.0003812769860164211
2025-09-24 10:25:00+05:30,-0.00017262154722280946
2025-09-24 10:30:00+05:30,-0.00013197742763191767
2025-09-24 10:35:00+05:30,-0.00034021613357236217
2025-09-24 10:40:00+05:30,-0.0005162107298386685
2025-09-24 10:45:00+05:30,-0.0003740593459862218
2025-09-24 10:50:00+05:30,-2.062555081457158e-05
2025-09-24 10:55:00+05:30,0.0003856606702321165
2025-09-24 11:00:00+05:30,-0.0009126774696965235
2025-09-24 11:05:00+05:30,-0.0005365183995831068
2025-09-24 11:10:00+05:30,0.0006319182847180798
2025-09-24 11:15:00+05:30,6.484122161338523e-05
2025-09-24 11:20:00+05:30,9.104910949543412e-05
2025-09-24 11:25:00+05:30,0.00012177294538409802
2025-09-24 11:30:00+05:30,0.00015457906503921057
2025-09-24 11:35:00+05:30,-2.208938843192112e-05
2025-09-24 11:40:00+05:30,-3.414034305476418e-05
2025-09-24 11:45:00+05:30,0.00043555039476589634
2025-09-24 11:50:00+05:30,-1.5193422914245624e-05
2025-09-24 11:55:00+05:30,-0.00012212422805256052
2025-09-24 12:00:00+05:30,-0.0003876850859010876
2025-09-24 12:05:00+05:30,0.00013598414795689654
2025-09-24 12:10:00+05:30,0.0007743380255571239
2025-09-24 12:15:00+05:30,0.00014531599019591322
2025-09-24 12:20:00+05:30,0.0002468477341475676
2025-09-24 12:25:00+05:30,-0.00015161784283450257
2025-09-24 12:30:00+05:30,0.00020295878579586275
2025-09-24 12:35:00+05:30,-0.00016535792831278969
2025-09-24 12:40:00+05:30,-0.00038449352402276997
2025-09-24 12:45:00+05:30,-0.00022619749900398248
2025-09-24 12:50:00+05:30,0.0005061012984350326
2025-09-24 12:55:00+05:30,5.737970794046131e-05
2025-09-24 13:00:00+05:30,0.0004492285290340333
2025-09-24 13:05:00+05:30,-0.00011848723203360623
2025-09-24 13:10:00+05:30,0.0004774036932990488
2025-09-24 13:15:00+05:30,0.00010948325521273192
2025-09-24 13:20:00+05:30,-0.0001950199096804109
2025-09-24 13:25:00+05:30,3.866209503024024e-05
2025-09-24 13:30:00+05:30,-1.3163888571509016e-05
2025-09-24 13:35:00+05:30,-0.0002008274018270014
2025-09-24 13:40:00+05:30,-0.00013285346969466331
2025-09-24 13:45:00+05:30,-0.0002693004116318851
2025-09-24 13:50:00+05:30,0.000552141356277008
2025-09-24 13:55:00+05:30,-0.0005118701111304139
2025-09-24 14:00:00+05:30,0.00011832095026743708
2025-09-24 14:05:00+05:30,-0.00034958650959990143
2025-09-24 14:10:00+05:30,-7.860890718924234e-05
2025-09-24 14:15:00+05:30,8.769997886480749e-05
2025-09-24 14:20:00+05:30,-0.0005172219641327828
2025-09-24 14:25:00+05:30,3.5067854706743716e-05
2025-09-24 14:30:00+05:30,-0.0006303671899823925
2025-09-24 14:35:00+05:30,0.0009110279558906619
2025-09-24 14:40:00+05:30,-0.0010591844872928956
2025-09-24 14:45:00+05:30,0.00011381031538769623
2025-09-24 14:50:00+05:30,1.3426584742325329e-05
2025-09-24 14:55:00+05:30,-0.0009778421569646438
2025-09-24 15:00:00+05:30,0.0008300543993684634
2025-09-24 15:05:00+05:30,-8.615755289258158e-05
2025-09-24 15:10:00+05:30,-0.00017646840933678064
2025-09-24 15:15:00+05:30,-5.266076894433188e-05
2025-09-24 15:20:00+05:30,0.000363291886156446
2025-09-24 15:25:00+05:30,-0.0001810504927136928
2025-09-25 09:15:00+05:30,-0.0007179008468958657
2025-09-25 09:20:00+05:30,0.0010115358222025975
2025-09-25 09:25:00+05:30,-0.0009519022429759625
2025-09-25 09:30:00+05:30,-4.1291273952844644e-05
2025-09-25 09:35:00+05:30,0.0003128001586398109
2025-09-25 09:40:00+05:30,-0.0007398904884770019
2025-09-25 09:45:00+05:30,-0.0002120545172379596
2025-09-25 09:50:00+05:30,0.00024060812772753795
2025-09-25 09:55:00+05:30,0.0004917279667603592
2025-09-25 10:00:00+05:30,-0.0004898914952585297
2025-09-25 10:05:00+05:30,0.00031828425907866694
2025-09-25 10:10:00+05:30,-0.0003078537356410756
2025-09-25 10:15:00+05:30,0.00019350299377804268
2025-09-25 10:20:00+05:30,4.6125370080377825e-05
2025-09-25 10:25:00+05:30,0.0002127477531111801
2025-09-25 10:30:00+05:30,-0.0003577600532244739
2025-09-25 10:35:00+05:30,-0.0008782504768498681
2025-09-25 10:40:00+05:30,-7.169734502950711e-05
2025-09-25 10:45:00+05:30,-5.666605558007325e-05
2025-09-25 10:50:00+05:30,0.0003218658414148268
2025-09-25 10:55:00+05:30,-0.00020509347107060773
2025-09-25 11:00:00+05:30,-4.1494598396208425e-05
2025-09-25 11:05:00+05:30,0.0003116834042611199
2025-09-25 11:10:00+05:30,0.00041640408340193336
2025-09-25 11:15:00+05:30,-0.00026502242534689585
2025-09-25 11:20:00+05:30,0.0004552159966150157
2025-09-25 11:25:00+05:30,-0.00020789750852407156
2025-09-25 11:30:00+05:30,-0.0002523760028794234
2025-09-25 11:35:00+05:30,-0.0001982213601350956
2025-09-25 11:40:00+05:30,-0.0007848301304601977
2025-09-25 11:45:00+05:30,0.000300129991153697
2025-09-25 11:50:00+05:30,4.570500634527633e-05
2025-09-25 11:55:00+05:30,-9.12045232239288e-06
2025-09-25 12:00:00+05:30,-7.608686503150701e-06
2025-09-25 12:05:00+05:30,-0.0006034701942208477
2025-09-25 12:10:00+05:30,0.0006240221306454787
2025-09-25 12:15:00+05:30,0.0003227795578417388
2025-09-25 12:20:00+05:30,-0.00042408816015633636
2025-09-25 12:25:00+05:30,3.5974494196216134e-05
2025-09-25 12:30:00+05:30,-0.00029795718195592185
2025-09-25 12:35:00+05:30,0.00020335647303518952
2025-09-25 12:40:00+05:30,-0.0009763516725488481
2025-09-25 12:45:00+05:30,0.0003474119877704173
2025-09-25 12:50:00+05:30,0.00035014260694431415
2025-09-25 12:55:00+05:30,0.00023685196193415505
2025-09-25 13:00:00+05:30,0.00047200433440665107
2025-09-25 13:05:00+05:30,0.0002629837235284158
2025-09-25 13:10:00+05:30,-0.00048802607835108985
2025-09-25 13:15:00+05:30,0.00017914178785133057
2025-09-25 13:20:00+05:30,-0.0005423241243409766
2025-09-25 13:25:00+05:30,9.485689493123135e-05
2025-09-25 13:30:00+05:30,0.0004454938679995947
2025-09-25 13:35:00+05:30,-4.475677746450465e-05
2025-09-25 13:40:00+05:30,0.00032292954247779474
2025-09-25 13:45:00+05:30,0.0005509111246608566
2025-09-25 13:50:00+05:30,-0.000522429430729297
2025-09-25 13:55:00+05:30,-0.0004255750676211978
2025-09-25 14:00:00+05:30,-0.0005964131045901146
2025-09-25 14:05:00+05:30,-0.0003938032628503639
2025-09-25 14:10:00+05:30,0.00020221381885447625
2025-09-25 14:15:00+05:30,4.625544847715105e-05
2025-09-25 14:20:00+05:30,-0.00020912530909412172
2025-09-25 14:25:00+05:30,0.00010533505420097291
2025-09-25 14:30:00+05:30,-0.00025007973907397113
2025-09-25 14:35:00+05:30,0.0006388198440943656
2025-09-25 14:40:00+05:30,-0.0007664793528148955
2025-09-25 14:45:00+05:30,3.487984068754233e-06
2025-09-25 14:50:00+05:30,-0.0003425013216873852
2025-09-25 14:55:00+05:30,-0.0005779101372748934
2025-09-25 15:00:00+05:30,-0.0009839133856156944
2025-09-25 15:05:00+05:30,0.00010224856524559079
2025-09-25 15:10:00+05:30,0.00025476528794013555
2025-09-25 15:15:00+05:30,0.000818154044128643
2025-09-25 15:20:00+05:30,-0.0005578506842159004
2025-09-25 15:25:00+05:30,0.00038030003333998
2025-09-26 09:15:00+05:30,-0.004433463834985388
2025-09-26 09:20:00+05:30,-0.0007532239211367184
2025-09-26 09:25:00+05:30,-0.0006245618821199006
2025-09-26 09:30:00+05:30,-0.0007224161889698959
2025-09-26 09:35:00+05:30,0.0002611482349877958
2025-09-26 09:40:00+05:30,0.00036378682953092393
2025-09-26 09:45:00+05:30,0.000977019797161559
2025-09-26 09:50:00+05:30,-0.00016173370485961821
2025-09-26 09:55:00+05:30,0.0005345851851575294
2025-09-26 10:00:00+05:30,-0.0006603692152099784
2025-09-26 10:05:00+05:30,-0.00031892516871497094
2025-09-26 10:10:00+05:30,-0.00028783194459100345
2025-09-26 10:15:00+05:30,-0.0004027873567414385
2025-09-26 10:20:00+05:30,0.000543575056116393
2025-09-26 10:25:00+05:30,0.00030262254804920054
2025-09-26 10:30:00+05:30,-0.00028576360832810455
2025-09-26 10:35:00+05:30,0.00023884836252436635
2025-09-26 10:40:00+05:30,0.00013993468715598945
2025-09-26 10:45:00+05:30,-5.8111887321918734e-05
2025-09-26 10:50:00+05:30,-0.0004476824192120442
2025-09-26 10:55:00+05:30,-0.00044407806702538214
2025-09-26 11:00:00+05:30,-0.0003947624052284753
2025-09-26 11:05:00+05:30,0.0004663157482219442
2025-09-26 11:10:00+05:30,-0.0004841687858231709
2025-09-26 11:15:00+05:30,-0.0002248934724421272
2025-09-26 11:20:00+05:30,-0.00010147521889653248
2025-09-26 11:25:00+05:30,0.00015267960958577134
2025-09-26 11:30:00+05:30,-0.0004594441775650376
2025-09-26 11:35:00+05:30,-0.00011722070030196237
2025-09-26 11:40:00+05:30,0.00020313752170199098
2025-09-26 11:45:00+05:30,0.00019977408236869132
2025-09-26 11:50:00+05:30,0.0004316565591427492
2025-09-26 11:55:00+05:30,-0.0002588028441863928
2025-09-26 12:00:00+05:30,-0.0003322380795382408
2025-09-26 12:05:00+05:30,0.000269653817920078
2025-09-26 12:10:00+05:30,0.00012814592646456644
2025-09-26 12:15:00+05:30,-0.00034126685545585617
2025-09-26 12:20:00+05:30,0.00036961993157544776
2025-09-26 12:25:00+05:30,-0.0004914876438862143
2025-09-26 12:30:00+05:30,-0.0002919956419776125
2025-09-26 12:35:00+05:30,0.00041323391754962514
2025-09-26 12:40:00+05:30,0.0002002194071241429
2025-09-26 12:45:00+05:30,0.0003184871588549573
2025-09-26 12:50:00+05:30,0.0001996733975809152
2025-09-26 12:55:00+05:30,-0.00022799505771177233
2025-09-26 13:00:00+05:30,0.00040718058023367804
2025-09-26 13:05:00+05:30,-0.00024024236968817351
2025-09-26 13:10:00+05:30,-0.0008791605046539928
2025-09-26 13:15:00+05:30,-6.7937859629984526e-06
2025-09-26 13:20:00+05:30,-0.000810643011371833
2025-09-26 13:25:00+05:30,-0.0001603694740673374
2025-09-26 13:30:00+05:30,-0.001059725474376447
2025-09-26 13:35:00+05:30,0.00018977633414379565
2025-09-26 13:40:00+05:30,0.00015370470385623366
2025-09-26 13:45:00+05:30,-5.067052445124971e-05
2025-09-26 13:50:00+05:30,-0.0011273415750804492
2025-09-26 13:55:00+05:30,-0.00031606616360790873
2025-09-26 14:00:00+05:30,-0.0006610196870616177
2025-09-26 14:05:00+05:30,0.00048508697375433164
2025-09-26 14:10:00+05:30,0.00015861190852657124
2025-09-26 14:15:00+05:30,-0.0006538187801139111
2025-09-26 14:20:00+05:30,-0.0005022226885514026
2025-09-26 14:25:00+05:30,0.00046708710341795897
2025-09-26 14:30:00+05:30,0.00019944190040306693
2025-09-26 14:35:00+05:30,0.0002955223946901298
2025-09-26 14:40:00+05:30,0.00022649950786892225
2025-09-26 14:45:00+05:30,-6.946481019425532e-05
2025-09-26 14:50:00+05:30,-0.0009709951810564542
2025-09-26 14:55:00+05:30,0.00056977501706123
2025-09-26 15:00:00+05:30,0.00036262700964891163
2025-09-26 15:05:00+05:30,-0.0003659132122630681
2025-09-26 15:10:00+05:30,2.2100151680570195e-05
2025-09-26 15:15:00+05:30,0.00032660843457347973
2025-09-26 15:20:00+05:30,0.0004540844625736498
2025-09-26 15:25:00+05:30,0.00023570173623266885
2025-09-29 09:15:00+05:30,0.00010692445920714253
2025-09-29 09:20:00+05:30,0.0008138411982280736
2025-09-29 09:25:00+05:30,0.00015620122508572693
2025-09-29 09:30:00+05:30,0.0005686082140135814
2025-09-29 09:35:00+05:30,8.901692756013713e-05
2025-09-29 09:40:00+05:30,0.0010382813461481575
2025-09-29 09:45:00+05:30,-0.00040286195648989897
2025-09-29 09:50:00+05:30,0.00038450584809324173
2025-09-29 09:55:00+05:30,-0.00011249182785956855
2025-09-29 10:00:00+05:30,-9.762947781402193e-05
2025-09-29 10:05:00+05:30,-0.0002860805302105611
2025-09-29 10:10:00+05:30,0.0005874245596242506
2025-09-29 10:15:00+05:30,0.0012224027528055835
2025-09-29 10:20:00+05:30,-4.9803319508674215e-05
2025-09-29 10:25:00+05:30,-0.000582498194441812
2025-09-29 10:30:00+05:30,4.074936539659969e-05
2025-09-29 10:35:00+05:30,-0.0005006255835800996
2025-09-29 10:40:00+05:30,3.648825129591509e-05
2025-09-29 10:45:00+05:30,-0.0006382851198591709
2025-09-29 10:50:00+05:30,-0.000373805621278475
2025-09-29 10:55:00+05:30,0.00014269829174324027
2025-09-29 11:00:00+05:30,0.0004925970693091296
2025-09-29 11:05:00+05:30,-0.00038301683996798614
2025-09-29 11:10:00+05:30,-0.0007097036717960078
2025-09-29 11:15:00+05:30,-3.411618985489713e-05
2025-09-29 11:20:00+05:30,3.73850670160924e-05
2025-09-29 11:25:00+05:30,-0.00023644737944775903
2025-09-29 11:30:00+05:30,-0.000927547061653141
2025-09-29 11:35:00+05:30,-0.0013925201208069048
2025-09-29 11:40:00+05:30,-9.128985520335282e-05
2025-09-29 11:45:00+05:30,-0.0008628494235034184
2025-09-29 11:50:00+05:30,0.0006311523978275344
2025-09-29 11:55:00+05:30,8.696971842985468e-05
2025-09-29 12:00:00+05:30,-0.0002987021106015558
2025-09-29 12:05:00+05:30,-0.00047058228821046145
2025-09-29 12:10:00+05:30,0.00014822405001525016
2025-09-29 12:15:00+05:30,0.00034278631473014096
2025-09-29 12:20:00+05:30,0.0003849377702562598
2025-09-29 12:25:00+05:30,0.00016844014833240553
2025-09-29 12:30:00+05:30,-0.00037857756061580216
2025-09-29 12:35:00+05:30,-0.0010912833309260248
2025-09-29 12:40:00+05:30,-0.00017966676137040177
2025-09-29 12:45:00+05:30,-4.9914993531282415e-05
2025-09-29 12:50:00+05:30,0.0004327822353705242
2025-09-29 12:55:00+05:30,0.0003873303829186048
2025-09-29 13:00:00+05:30,0.0014729285905289728
2025-09-29 13:05:00+05:30,-0.0005761156773631771
2025-09-29 13:10:00+05:30,0.0012441141640086905
2025-09-29 13:15:00+05:30,-0.0008017858152214423
2025-09-29 13:20:00+05:30,0.0008099407235321788
2025-09-29 13:25:00+05:30,0.00011434686755574855
2025-09-29 13:30:00+05:30,0.00045237448508208075
2025-09-29 13:35:00+05:30,9.685017550305281e-05
2025-09-29 13:40:00+05:30,-0.0010751448956877886
2025-09-29 13:45:00+05:30,0.0005923952615020977
2025-09-29 13:50:00+05:30,-0.00021315042025297975
2025-09-29 13:55:00+05:30,0.0006219749360783599
2025-09-29 14:00:00+05:30,0.0007622577751552442
2025-09-29 14:05:00+05:30,-0.0004576112751591743
2025-09-29 14:10:00+05:30,-1.0951231146764282e-05
2025-09-29 14:15:00+05:30,0.00014973263011898222
2025-09-29 14:20:00+05:30,0.00021273794449885424
2025-09-29 14:25:00+05:30,-0.0006269157368740469
2025-09-29 14:30:00+05:30,0.00011353239732416871
2025-09-29 14:35:00+05:30,-0.00043696646482861484
2025-09-29 14:40:00+05:30,-0.0009196171251656685
2025-09-29 14:45:00+05:30,-0.00025106177963395366
2025-09-29 14:50:00+05:30,0.0001331745489329946
2025-09-29 14:55:00+05:30,-3.3736276845056235e-05
2025-09-29 15:00:00+05:30,-0.0017837607324735201
2025-09-29 15:05:00+05:30,0.0003795039487049074
2025-09-29 15:10:00+05:30,0.0004580756267653056
2025-09-29 15:15:00+05:30,-0.0005142026124234148
2025-09-29 15:20:00+05:30,0.000567321182120638
2025-09-29 15:25:00+05:30,0.0007244059776691485
2025-09-30 09:15:00+05:30,0.0019169604760894453
2025-09-30 09:20:00+05:30,-0.0005344831634311934
2025-09-30 09:25:00+05:30,-0.001071665925484478
2025-09-30 09:30:00+05:30,-0.00037834823967167343
2025-09-30 09:35:00+05:30,-0.0006752168543585039
2025-09-30 09:40:00+05:30,5.673258056911703e-05
2025-09-30 09:45:00+05:30,0.00021028940896042494
2025-09-30 09:50:00+05:30,-0.00015670278344839366
2025-09-30 09:55:00+05:30,0.00037398110912387645
2025-09-30 10:00:00+05:30,0.00015833013939781093
2025-09-30 10:05:00+05:30,-0.0008191871954909762
2025-09-30 10:10:00+05:30,-0.0003067579266082868
2025-09-30 10:15:00+05:30,0.0005666714588677081
2025-09-30 10:20:00+05:30,0.00020866402245718106
2025-09-30 10:25:00+05:30,-0.000916622018395088
2025-09-30 10:30:00+05:30,0.00016297679147059848
2025-09-30 10:35:00+05:30,-0.0012115404609851967
2025-09-30 10:40:00+05:30,0.0009566223108794631
2025-09-30 10:45:00+05:30,-0.00024890661063391964
2025-09-30 10:50:00+05:30,0.0007078344974994254
2025-09-30 10:55:00+05:30,0.0003293646802548891
2025-09-30 11:00:00+05:30,0.0006560084398505511
2025-09-30 11:05:00+05:30,0.0001992923889567499
2025-09-30 11:10:00+05:30,0.00032074626370030764
2025-09-30 11:15:00+05:30,-0.00012493080516828262
2025-09-30 11:20:00+05:30,-0.0005909439510642816
2025-09-30 11:25:00+05:30,-2.9323898512757578e-05
2025-09-30 11:30:00+05:30,0.00023449193822501857
2025-09-30 11:35:00+05:30,4.0381407324804154e-05
2025-09-30 11:40:00+05:30,-0.0004987137647469252
2025-09-30 11:45:00+05:30,0.00016086564624509671
2025-09-30 11:50:00+05:30,-0.000267802329146752
2025-09-30 11:55:00+05:30,-0.00020836311895061925
2025-09-30 12:00:00+05:30,0.0005459976820382064
2025-09-30 12:05:00+05:30,0.00013413736820204396
2025-09-30 12:10:00+05:30,-6.769098704216767e-05
2025-09-30 12:15:00+05:30,0.000879820201942228
2025-09-30 12:20:00+05:30,0.0001736614629512625
2025-09-30 12:25:00+05:30,0.0001475138596444226
2025-09-30 12:30:00+05:30,3.055212293408345e-05
2025-09-30 12:35:00+05:30,-0.0001877532398149847
2025-09-30 12:40:00+05:30,-0.0003227709752752626
2025-09-30 12:45:00+05:30,-0.00030280392428324996
2025-09-30 12:50:00+05:30,0.0003356929444453129
2025-09-30 12:55:00+05:30,-0.000434677768185831
2025-09-30 13:00:00+05:30,-4.5114666792794565e-05
2025-09-30 13:05:00+05:30,0.0005772568337281242
2025-09-30 13:10:00+05:30,1.4654693697014945e-05
2025-09-30 13:15:00+05:30,3.209092002691354e-05
2025-09-30 13:20:00+05:30,-0.00036490614184218824
2025-09-30 13:25:00+05:30,-0.00047844960663755956
2025-09-30 13:30:00+05:30,-0.00023701018761662933
2025-09-30 13:35:00+05:30,-0.0003263409747767603
2025-09-30 13:40:00+05:30,8.183528356884763e-05
2025-09-30 13:45:00+05:30,8.708652208000434e-05
2025-09-30 13:50:00+05:30,-0.0005768533131148265
2025-09-30 13:55:00+05:30,4.285385719789805e-05
2025-09-30 14:00:00+05:30,-0.00029253104156876537
2025-09-30 14:05:00+05:30,-0.00044260119175887347
2025-09-30 14:10:00+05:30,4.369563960364347e-05
2025-09-30 14:15:00+05:30,-0.0006507922528785917
2025-09-30 14:20:00+05:30,0.0008826629096186981
2025-09-30 14:25:00+05:30,-0.0006539704635373935
2025-09-30 14:30:00+05:30,8.366135782979598e-05
2025-09-30 14:35:00+05:30,0.00045513784437958984
2025-09-30 14:40:00+05:30,1.4370147767401046e-06
2025-09-30 14:45:00+05:30,-0.0006358739218002884
2025-09-30 14:50:00+05:30,0.00019222844852778405
2025-09-30 14:55:00+05:30,-0.00026202849897068826
2025-09-30 15:00:00+05:30,-0.0005537030692627523
2025-09-30 15:05:00+05:30,-0.00012172544523462345
2025-09-30 15:10:00+05:30,0.000291703702911457
2025-09-30 15:15:00+05:30,-0.0001801295795436437
2025-09-30 15:20:00+05:30,0.0001398889599054478
2025-09-30 15:25:00+05:30,0.0012362437137784772
2025-10-01 09:15:00+05:30,0.0012291198416689633
2025-10-01 09:20:00+05:30,0.000586727742169449
2025-10-01 09:25:00+05:30,0.00047373475212575985
2025-10-01 09:30:00+05:30,0.0004834051067895169
2025-10-01 09:35:00+05:30,9.740393465690041e-05
2025-10-01 09:40:00+05:30,0.0004888661096297323
2025-10-01 09:45:00+05:30,0.00048476619898381383
2025-10-01 09:50:00+05:30,-0.0012674560256759877
2025-10-01 09:55:00+05:30,-0.0002718755828720931
2025-10-01 10:00:00+05:30,-0.0008674288658580233
2025-10-01 10:05:00+05:30,0.0005165744122910908
2025-10-01 10:10:00+05:30,0.0004710188762187043
2025-10-01 10:15:00+05:30,-8.386229187422834e-05
2025-10-01 10:20:00+05:30,-0.0007684062594313266
2025-10-01 10:25:00+05:30,-0.00013251780179001025
2025-10-01 10:30:00+05:30,0.001064601696646981
2025-10-01 10:35:00+05:30,-0.0008629859580111415
2025-10-01 10:40:00+05:30,-0.0002574122987615805
2025-10-01 10:45:00+05:30,0.0005124308872904189
2025-10-01 10:50:00+05:30,0.0002664932180966102
2025-10-01 10:55:00+05:30,0.00018518158762105918
2025-10-01 11:00:00+05:30,-2.3205944800979967e-05
2025-10-01 11:05:00+05:30,0.00022013221562172962
2025-10-01 11:10:00+05:30,0.0002530518520733195
2025-10-01 11:15:00+05:30,0.0008655254789817768
2025-10-01 11:20:00+05:30,-0.00020903055375018207
2025-10-01 11:25:00+05:30,0.0002380540518179001
2025-10-01 11:30:00+05:30,0.0004366317523614628
2025-10-01 11:35:00+05:30,2.784360368093381e-05
2025-10-01 11:40:00+05:30,0.0012194683719876029
2025-10-01 11:45:00+05:30,0.00034621079839862966
2025-10-01 11:50:00+05:30,-0.0002162367725768955
2025-10-01 11:55:00+05:30,0.0007400478828659802
2025-10-01 12:00:00+05:30,0.0003895371198702377
2025-10-01 12:05:00+05:30,-0.0004710057161451412
2025-10-01 12:10:00+05:30,5.385257596473248e-05
2025-10-01 12:15:00+05:30,-0.0005444129420084654
2025-10-01 12:20:00+05:30,-0.00020795478678861228
2025-10-01 12:25:00+05:30,0.00013481580931294865
2025-10-01 12:30:00+05:30,-0.00034166075399111903
2025-10-01 12:35:00+05:30,0.0004597859413614411
2025-10-01 12:40:00+05:30,-0.0007193917340120373
2025-10-01 12:45:00+05:30,0.0004787518353933125
2025-10-01 12:50:00+05:30,-0.0003438710440039773
2025-10-01 12:55:00+05:30,-0.0006740755546921568
2025-10-01 13:00:00+05:30,-6.908823763211067e-05
2025-10-01 13:05:00+05:30,0.0006780962747099384
2025-10-01 13:10:00+05:30,0.00023300666226321262
2025-10-01 13:15:00+05:30,7.799200772729582e-05
2025-10-01 13:20:00+05:30,0.00026414028412125035
2025-10-01 13:25:00+05:30,0.0005692583024094798
2025-10-01 13:30:00+05:30,-0.00013811089394371852
2025-10-01 13:35:00+05:30,0.00014206042760112644
2025-10-01 13:40:00+05:30,-9.454981046097544e-06
2025-10-01 13:45:00+05:30,-0.00018519300461321788
2025-10-01 13:50:00+05:30,0.00039703893902950195
2025-10-01 13:55:00+05:30,-0.00014625817869068065
2025-10-01 14:00:00+05:30,0.00022179517314768163
2025-10-01 14:05:00+05:30,0.0005780260749295982
2025-10-01 14:10:00+05:30,-0.000180642922187265
2025-10-01 14:15:00+05:30,0.000497487534315923
2025-10-01 14:20:00+05:30,0.00045601329151515193
2025-10-01 14:25:00+05:30,0.0003033257851423727
2025-10-01 14:30:00+05:30,0.00031954733674262396
2025-10-01 14:35:00+05:30,4.1577646757080886e-05
2025-10-01 14:40:00+05:30,0.00030904344429359904
2025-10-01 14:45:00+05:30,0.0002069684272952434
2025-10-01 14:50:00+05:30,-0.0005593076235322844
2025-10-01 14:55:00+05:30,-0.0006110975412826289
2025-10-01 15:00:00+05:30,3.307398361275892e-05
2025-10-01 15:05:00+05:30,-0.0003687558856192956
2025-10-01 15:10:00+05:30,-0.0002016833214795002
2025-10-01 15:15:00+05:30,0.0009091679603706662
2025-10-01 15:20:00+05:30,0.0001315696445264186
2025-10-01 15:25:00+05:30,0.0015969298844282717
2025-10-03 09:15:00+05:30,-0.0019084091992250223
2025-10-03 09:20:00+05:30,0.0002591193696542172
2025-10-03 09:25:00+05:30,7.815410552935997e-05
2025-10-03 09:30:00+05:30,-0.0005795519321158784
2025-10-03 09:35:00+05:30,0.0005343548716017061
2025-10-03 09:40:00+05:30,0.0006081714051040697
2025-10-03 09:45:00+05:30,0.0006959466931664101
2025-10-03 09:50:00+05:30,0.0006081866699235132
2025-10-03 09:55:00+05:30,-6.969359097814587e-05
2025-10-03 10:00:00+05:30,-0.0006028691364589173
2025-10-03 10:05:00+05:30,-0.00031996241947099415
2025-10-03 10:10:00+05:30,-0.0003362803067933
2025-10-03 10:15:00+05:30,-0.0005017668999046011
2025-10-03 10:20:00+05:30,-0.00013514010287669396
2025-10-03 10:25:00+05:30,0.000997474264242886
2025-10-03 10:30:00+05:30,0.00012726345749334173
2025-10-03 10:35:00+05:30,-0.000283869495793603
2025-10-03 10:40:00+05:30,-0.0009360376693869734
2025-10-03 10:45:00+05:30,0.000396353874090953
2025-10-03 10:50:00+05:30,0.00043931260071708005
2025-10-03 10:55:00+05:30,-7.866355329892058e-05
2025-10-03 11:00:00+05:30,8.793647631392296e-05
2025-10-03 11:05:00+05:30,0.00011982282444745225
2025-10-03 11:10:00+05:30,0.0001364745386681515
2025-10-03 11:15:00+05:30,0.0003035103226823117
2025-10-03 11:20:00+05:30,-0.00042132564585075754
2025-10-03 11:25:00+05:30,-0.00017128880906428092
2025-10-03 11:30:00+05:30,0.0006121699828502793
2025-10-03 11:35:00+05:30,-5.7717910414136884e-05
2025-10-03 11:40:00+05:30,-0.0001519447516836455
2025-10-03 11:45:00+05:30,-2.2564680318599472e-05
2025-10-03 11:50:00+05:30,7.301515054511814e-05
2025-10-03 11:55:00+05:30,-0.0001301186651708168
2025-10-03 12:00:00+05:30,0.00018641032514824692
2025-10-03 12:05:00+05:30,0.0008063676713239154
2025-10-03 12:10:00+05:30,-0.00021665365097193364
2025-10-03 12:15:00+05:30,-0.0008129005995223785
2025-10-03 12:20:00+05:30,0.00022182878096019704
2025-10-03 12:25:00+05:30,0.0003365144858872936
2025-10-03 12:30:00+05:30,-0.0007901282019440357
2025-10-03 12:35:00+05:30,0.0003671991745162955
2025-10-03 12:40:00+05:30,0.00019628120106631263
2025-10-03 12:45:00+05:30,7.666425749264823e-05
2025-10-03 12:50:00+05:30,0.0002537661987582061
2025-10-03 12:55:00+05:30,-0.00017212931702889476
2025-10-03 13:00:00+05:30,2.0774233566372104e-06
2025-10-03 13:05:00+05:30,0.0004925930939225074
2025-10-03 13:10:00+05:30,7.718031326533598e-06
2025-10-03 13:15:00+05:30,7.894486892429986e-05
2025-10-03 13:20:00+05:30,-0.0003146553907148347
2025-10-03 13:25:00+05:30,-0.00025864642625108685
2025-10-03 13:30:00+05:30,0.00011217199203443422
2025-10-03 13:35:00+05:30,-0.00044878654492670246
2025-10-03 13:40:00+05:30,0.00041600291544002506
2025-10-03 13:45:00+05:30,-0.00022270706963516642
2025-10-03 13:50:00+05:30,0.00035097410448258143
2025-10-03 13:55:00+05:30,-0.0002675356848765561
2025-10-03 14:00:00+05:30,0.00020587369694827364
2025-10-03 14:05:00+05:30,-0.00047266555089430754
2025-10-03 14:10:00+05:30,-0.0006880065158692579
2025-10-03 14:15:00+05:30,0.0003197330771608337
2025-10-03 14:20:00+05:30,-0.00021999953075132298
2025-10-03 14:25:00+05:30,0.0003837359636620703
2025-10-03 14:30:00+05:30,5.3316494743254295e-05
2025-10-03 14:35:00+05:30,0.001393373549846746
2025-10-03 14:40:00+05:30,0.000973872409649757
2025-10-03 14:45:00+05:30,-0.00027461963885879267
2025-10-03 14:50:00+05:30,0.00039588965605402997
2025-10-03 14:55:00+05:30,0.00031463134791054337
2025-10-03 15:00:00+05:30,0.0002969229531099016
2025-10-03 15:05:00+05:30,6.17905063741796e-05
2025-10-03 15:10:00+05:30,-0.00023610110810465707
2025-10-03 15:15:00+05:30,-0.00011321248993890811
2025-10-03 15:20:00+05:30,0.0005762645950357797
2025-10-03 15:25:00+05:30,0.00035882486801749734
2025-10-06 09:15:00+05:30,0.0008831055431670562
2025-10-06 09:20:00+05:30,-0.0002439345888699949
2025-10-06 09:25:00+05:30,-0.00010766359923304676
2025-10-06 09:30:00+05:30,0.0002687501635525914
2025-10-06 09:35:00+05:30,0.0003909867885198338
2025-10-06 09:40:00+05:30,0.0006868038091531791
2025-10-06 09:45:00+05:30,0.0005291558700482795
2025-10-06 09:50:00+05:30,-0.0006186308169935256
2025-10-06 09:55:00+05:30,0.0003865607228646285
2025-10-06 10:00:00+05:30,0.0002302503439256181
2025-10-06 10:05:00+05:30,0.0003105793773669982
2025-10-06 10:10:00+05:30,0.000697166208527123
2025-10-06 10:15:00+05:30,0.0002530489861114482
2025-10-06 10:20:00+05:30,6.899230471883075e-05
2025-10-06 10:25:00+05:30,-6.0682162333785804e-05
2025-10-06 10:30:00+05:30,0.0004969998551147723
2025-10-06 10:35:00+05:30,0.0007072931873308649
2025-10-06 10:40:00+05:30,-0.00014291263166614425
2025-10-06 10:45:00+05:30,-0.00039752845605649744
2025-10-06 10:50:00+05:30,0.00027909109933681685
2025-10-06 10:55:00+05:30,0.0001317234550595181
2025-10-06 11:00:00+05:30,0.00017189236113304842
2025-10-06 11:05:00+05:30,5.725380179758135e-05
2025-10-06 11:10:00+05:30,0.0008042811849870931
2025-10-06 11:15:00+05:30,-0.0006551049087057772
2025-10-06 11:20:00+05:30,0.00014394545517365813
2025-10-06 11:25:00+05:30,0.0005167105931163798
2025-10-06 11:30:00+05:30,-0.00010564204762006806
2025-10-06 11:35:00+05:30,-0.00028618787535390257
2025-10-06 11:40:00+05:30,0.00012279071431015324
2025-10-06 11:45:00+05:30,-0.0003927341228221821
2025-10-06 11:50:00+05:30,-0.0004362028314284461
2025-10-06 11:55:00+05:30,0.0003847301228304853
2025-10-06 12:00:00+05:30,0.0004310660360748891
2025-10-06 12:05:00+05:30,-0.00016855560777922175
2025-10-06 12:10:00+05:30,0.00022663365311796562
2025-10-06 12:15:00+05:30,0.0003124734441258533
2025-10-06 12:20:00+05:30,0.00011335825141045586
2025-10-06 12:25:00+05:30,-0.00014891632919451854
2025-10-06 12:30:00+05:30,0.00010207510520747403
2025-10-06 12:35:00+05:30,8.390388657477772e-05
2025-10-06 12:40:00+05:30,0.00033277140525275604
2025-10-06 12:45:00+05:30,0.00023679536940915549
2025-10-06 12:50:00+05:30,0.0002305738565766371
2025-10-06 12:55:00+05:30,0.0005244469513870394
2025-10-06 13:00:00+05:30,0.0003582441203920343
2025-10-06 13:05:00+05:30,0.00040016886492486465
2025-10-06 13:10:00+05:30,-0.00011949617144155649
2025-10-06 13:15:00+05:30,-0.0003263936083671294
2025-10-06 13:20:00+05:30,9.814673974223602e-05
2025-10-06 13:25:00+05:30,0.0005057729400102371
2025-10-06 13:30:00+05:30,0.0004920209193188748
2025-10-06 13:35:00+05:30,-1.7649369954759509e-06
2025-10-06 13:40:00+05:30,-0.0004528778262309995
2025-10-06 13:45:00+05:30,-0.0005672724543607408
2025-10-06 13:50:00+05:30,0.00014916042945653372
2025-10-06 13:55:00+05:30,0.0003775113515509754
2025-10-06 14:00:00+05:30,-0.00024015168585738973
2025-10-06 14:05:00+05:30,-3.255096097918181e-05
2025-10-06 14:10:00+05:30,-9.873789464388023e-05
2025-10-06 14:15:00+05:30,-0.00028080444129972485
2025-10-06 14:20:00+05:30,0.00017517378476057153
2025-10-06 14:25:00+05:30,-0.0007455294699961289
2025-10-06 14:30:00+05:30,0.0009043844467941872
2025-10-06 14:35:00+05:30,8.052588565458272e-05
2025-10-06 14:40:00+05:30,-0.00012049944946624982
2025-10-06 14:45:00+05:30,-0.00048596762408356495
2025-10-06 14:50:00+05:30,0.000776207004287599
2025-10-06 14:55:00+05:30,0.0003317198077271243
2025-10-06 15:00:00+05:30,-0.000272561672634774
2025-10-06 15:05:00+05:30,0.0003332707049195842
2025-10-06 15:10:00+05:30,-6.545015783947739e-05
2025-10-06 15:15:00+05:30,0.0002990785089256554
2025-10-06 15:20:00+05:30,-3.0144923674970797e-05
2025-10-06 15:25:00+05:30,-2.1839289914171722e-05
2025-10-07 09:15:00+05:30,0.0003292929147060522
2025-10-07 09:20:00+05:30,0.0004982562881965057
2025-10-07 09:25:00+05:30,-0.00010235312164767094
2025-10-07 09:30:00+05:30,8.538807318745228e-05
2025-10-07 09:35:00+05:30,0.00041457274722061187
2025-10-07 09:40:00+05:30,0.0005383788832529271
2025-10-07 09:45:00+05:30,0.0006285291733251208
2025-10-07 09:50:00+05:30,0.000704553597709589
2025-10-07 09:55:00+05:30,-1.4149949771189907e-05
2025-10-07 10:00:00+05:30,0.000615405655285757
2025-10-07 10:05:00+05:30,-0.0006661162664287915
2025-10-07 10:10:00+05:30,7.32024174860431e-05
2025-10-07 10:15:00+05:30,-0.00013897284167740357
2025-10-07 10:20:00+05:30,-0.00043294674807474383
2025-10-07 10:25:00+05:30,7.71592984515112e-05
2025-10-07 10:30:00+05:30,2.7294503804325088e-05
2025-10-07 10:35:00+05:30,0.0003335268471013765
2025-10-07 10:40:00+05:30,-0.0002454968743982848
2025-10-07 10:45:00+05:30,9.944367780870413e-05
2025-10-07 10:50:00+05:30,-3.5450723045612886e-05
2025-10-07 10:55:00+05:30,-0.00032808026571812547
2025-10-07 11:00:00+05:30,4.366288890619705e-05
2025-10-07 11:05:00+05:30,0.0005495930810053986
2025-10-07 11:10:00+05:30,-0.0003725781766501922
2025-10-07 11:15:00+05:30,-0.0005854421772226141
2025-10-07 11:20:00+05:30,-0.0013281422078143855
2025-10-07 11:25:00+05:30,0.0009578832311340987
2025-10-07 11:30:00+05:30,-6.380906728562976e-05
2025-10-07 11:35:00+05:30,-0.0007670325769087585
2025-10-07 11:40:00+05:30,0.0003625182013188873
2025-10-07 11:45:00+05:30,0.00017338202516122076
2025-10-07 11:50:00+05:30,0.00028468844581939096
2025-10-07 11:55:00+05:30,0.00017540599093944143
2025-10-07 12:00:00+05:30,0.0009391689791440104
2025-10-07 12:05:00+05:30,0.00010731337529461187
2025-10-07 12:10:00+05:30,-0.0001275413110621848
2025-10-07 12:15:00+05:30,-0.000344396014730785
2025-10-07 12:20:00+05:30,4.725123447374121e-05
2025-10-07 12:25:00+05:30,0.00033246616887666906
2025-10-07 12:30:00+05:30,-0.00022948261843825399
2025-10-07 12:35:00+05:30,0.00038478478306186155
2025-10-07 12:40:00+05:30,0.0001662818646315117
2025-10-07 12:45:00+05:30,-8.899277589418342e-05
2025-10-07 12:50:00+05:30,0.00024224227681411911
2025-10-07 12:55:00+05:30,2.404088041622241e-05
2025-10-07 13:00:00+05:30,5.904982873249891e-05
2025-10-07 13:05:00+05:30,0.00015244450365789914
2025-10-07 13:10:00+05:30,-0.00018726014527715776
2025-10-07 13:15:00+05:30,0.0002939803325258935
2025-10-07 13:20:00+05:30,-3.8809650789436256e-06
2025-10-07 13:25:00+05:30,4.6675763137502426e-05
2025-10-07 13:30:00+05:30,-0.0007255703080158701
2025-10-07 13:35:00+05:30,0.000429941304806301
2025-10-07 13:40:00+05:30,0.0007251012815627847
2025-10-07 13:45:00+05:30,-9.243826502930723e-05
2025-10-07 13:50:00+05:30,-0.00010142319155031761
2025-10-07 13:55:00+05:30,-0.00024218233371823446
2025-10-07 14:00:00+05:30,0.00013428814503408702
2025-10-07 14:05:00+05:30,0.00038770146147425405
2025-10-07 14:10:00+05:30,0.000141297062500767
2025-10-07 14:15:00+05:30,-0.000503075997874592
2025-10-07 14:20:00+05:30,-0.00011993930910361863
2025-10-07 14:25:00+05:30,-0.0014214418276215705
2025-10-07 14:30:00+05:30,0.00031473517243696403
2025-10-07 14:35:00+05:30,-0.0004062737632291153
2025-10-07 14:40:00+05:30,-0.0003143821607111948
2025-10-07 14:45:00+05:30,0.0010373973546266306
2025-10-07 14:50:00+05:30,-0.0008873279874495161
2025-10-07 14:55:00+05:30,-0.00010821491725517654
2025-10-07 15:00:00+05:30,-0.00045120197203844147
2025-10-07 15:05:00+05:30,-0.00039842246638237196
2025-10-07 15:10:00+05:30,-0.0006869252846639815
2025-10-07 15:15:00+05:30,0.00034654768079840127
2025-10-07 15:20:00+05:30,-2.7177958204803088e-05
2025-10-07 15:25:00+05:30,0.0004314722008411536
2025-10-08 09:15:00+05:30,0.00220584214767701
2025-10-08 09:20:00+05:30,0.001403357793931777
2025-10-08 09:25:00+05:30,-0.00010069619509702871
2025-10-08 09:30:00+05:30,-0.0004256785020130213
2025-10-08 09:35:00+05:30,0.0006672373990360516
2025-10-08 09:40:00+05:30,0.00011085331983556002
2025-10-08 09:45:00+05:30,-0.0008604648768935951
2025-10-08 09:50:00+05:30,0.0003280068271342973
2025-10-08 09:55:00+05:30,0.000331529318685128
2025-10-08 10:00:00+05:30,-0.00027824917216202677
2025-10-08 10:05:00+05:30,0.000417524818293339
2025-10-08 10:10:00+05:30,-0.0005898247961519475
2025-10-08 10:15:00+05:30,-0.000567938029561881
2025-10-08 10:20:00+05:30,-0.0007806622366824536
2025-10-08 10:25:00+05:30,0.0007305412289344442
2025-10-08 10:30:00+05:30,-0.0002298859550736662
2025-10-08 10:35:00+05:30,0.0003527496871657572
2025-10-08 10:40:00+05:30,-0.0002353576738225157
2025-10-08 10:45:00+05:30,-0.00013783676096273663
2025-10-08 10:50:00+05:30,-0.0005450420904353127
2025-10-08 10:55:00+05:30,-0.0004180907147829897
2025-10-08 11:00:00+05:30,-0.0008136663440163675
2025-10-08 11:05:00+05:30,-0.0008153063753902199
2025-10-08 11:10:00+05:30,-0.000257688702587069
2025-10-08 11:15:00+05:30,-0.0004905583274438825
2025-10-08 11:20:00+05:30,0.00017291020648458363
2025-10-08 11:25:00+05:30,-4.138168617297632e-05
2025-10-08 11:30:00+05:30,0.00034100843345996027
2025-10-08 11:35:00+05:30,0.00020663224400835052
2025-10-08 11:40:00+05:30,-0.0002581963939792586
2025-10-08 11:45:00+05:30,-9.309005800679854e-06
2025-10-08 11:50:00+05:30,0.0007824535503587281
2025-10-08 11:55:00+05:30,-0.0003133931339632567
2025-10-08 12:00:00+05:30,-0.0005352547910816472
2025-10-08 12:05:00+05:30,0.00016212525822746407
2025-10-08 12:10:00+05:30,0.0005890915502771579
2025-10-08 12:15:00+05:30,-0.0001490187025292519
2025-10-08 12:20:00+05:30,-0.0009096578168390666
2025-10-08 12:25:00+05:30,0.00047026109623225424
2025-10-08 12:30:00+05:30,-0.0002529024466168276
2025-10-08 12:35:00+05:30,0.00036185411435835384
2025-10-08 12:40:00+05:30,0.0004863262339195902
2025-10-08 12:45:00+05:30,0.0010280708794835746
2025-10-08 12:50:00+05:30,0.00040847353686491203
2025-10-08 12:55:00+05:30,0.00029999479491125606
2025-10-08 13:00:00+05:30,-0.00020713736516494267
2025-10-08 13:05:00+05:30,0.0004760529275546926
2025-10-08 13:10:00+05:30,2.7856608221097834e-05
2025-10-08 13:15:00+05:30,0.00023839318198976293
2025-10-08 13:20:00+05:30,-0.00027584258444124377
2025-10-08 13:25:00+05:30,-0.00034514571846282714
2025-10-08 13:30:00+05:30,0.0008430177415363426
2025-10-08 13:35:00+05:30,0.00026974077314595153
2025-10-08 13:40:00+05:30,-7.497382399204284e-05
2025-10-08 13:45:00+05:30,5.3976580371265104e-05
2025-10-08 13:50:00+05:30,3.101988311494137e-05
2025-10-08 13:55:00+05:30,7.004769869920959e-05
2025-10-08 14:00:00+05:30,-0.0003368885621461514
2025-10-08 14:05:00+05:30,-0.00211309701434158
2025-10-08 14:10:00+05:30,0.00036680341183207465
2025-10-08 14:15:00+05:30,0.00034486649052502624
2025-10-08 14:20:00+05:30,3.189643346707419e-05
2025-10-08 14:25:00+05:30,-0.00048590229195238043
2025-10-08 14:30:00+05:30,-0.00034131396844609626
2025-10-08 14:35:00+05:30,0.0009420059417438965
2025-10-08 14:40:00+05:30,-0.0006275498240593725
2025-10-08 14:45:00+05:30,-0.00027700561088903503
2025-10-08 14:50:00+05:30,0.0006852841067801135
2025-10-08 14:55:00+05:30,-0.0008187077021191966
2025-10-08 15:00:00+05:30,3.887744059030842e-05
2025-10-08 15:05:00+05:30,-0.00019235420682123543
2025-10-08 15:10:00+05:30,-0.00065898962038315
2025-10-08 15:15:00+05:30,0.00035523619522041734
2025-10-08 15:20:00+05:30,-0.00022376050045599803
2025-10-08 15:25:00+05:30,-0.000282372868941394
2025-10-09 09:15:00+05:30,0.0027601220468641144
2025-10-09 09:20:00+05:30,0.002136533922763093
2025-10-09 09:25:00+05:30,0.00016568935802667952
2025-10-09 09:30:00+05:30,-0.0006326406017807978
2025-10-09 09:35:00+05:30,0.00039214211641489996
2025-10-09 09:40:00+05:30,-0.0009886326406647035
2025-10-09 09:45:00+05:30,-0.000605181660145951
2025-10-09 09:50:00+05:30,-0.0002406057323711043
2025-10-09 09:55:00+05:30,-0.0003874945363169294
2025-10-09 10:00:00+05:30,1.6206558870538633e-05
2025-10-09 10:05:00+05:30,-0.0008780499911508375
2025-10-09 10:10:00+05:30,0.00014466582382238454
2025-10-09 10:15:00+05:30,0.0003177288425935939
2025-10-09 10:20:00+05:30,0.0009452952830473322
2025-10-09 10:25:00+05:30,0.0003529582445266238
2025-10-09 10:30:00+05:30,0.00028737952904511754
2025-10-09 10:35:00+05:30,0.00024388457306765305
2025-10-09 10:40:00+05:30,3.0078362554168608e-05
2025-10-09 10:45:00+05:30,2.76780341023192e-05
2025-10-09 10:50:00+05:30,-0.00026694783135954535
2025-10-09 10:55:00+05:30,0.00034687989718608153
2025-10-09 11:00:00+05:30,0.0004847039748655349
2025-10-09 11:05:00+05:30,0.0011425773924196596
2025-10-09 11:10:00+05:30,5.131630932396126e-05
2025-10-09 11:15:00+05:30,-0.0006114108698632656
2025-10-09 11:20:00+05:30,0.00037293179562834425
2025-10-09 11:25:00+05:30,0.00018645132101892758
2025-10-09 11:30:00+05:30,0.0003506733108601156
2025-10-09 11:35:00+05:30,0.0001784285956754704
2025-10-09 11:40:00+05:30,-0.00030997597511994127
2025-10-09 11:45:00+05:30,0.0007746236298022314
2025-10-09 11:50:00+05:30,-0.000873915331506597
2025-10-09 11:55:00+05:30,-0.0007741489729298749
2025-10-09 12:00:00+05:30,0.00018348466415459667
2025-10-09 12:05:00+05:30,-0.0004622793850371261
2025-10-09 12:10:00+05:30,0.00031464809894067363
2025-10-09 12:15:00+05:30,0.0004638807393254969
2025-10-09 12:20:00+05:30,-7.705938484762373e-05
2025-10-09 12:25:00+05:30,-0.00018039480007176216
2025-10-09 12:30:00+05:30,0.0002953905580140333
2025-10-09 12:35:00+05:30,-0.00016999019467372158
2025-10-09 12:40:00+05:30,-8.138535188170029e-05
2025-10-09 12:45:00+05:30,0.00019696743862871341
2025-10-09 12:50:00+05:30,-0.0004322009576977277
2025-10-09 12:55:00+05:30,-6.810828021977668e-05
2025-10-09 13:00:00+05:30,-7.070361083181733e-05
2025-10-09 13:05:00+05:30,3.947773377341166e-05
2025-10-09 13:10:00+05:30,-0.00017235873691897433
2025-10-09 13:15:00+05:30,0.0003558076383222142
2025-10-09 13:20:00+05:30,-0.0005297542789591766
2025-10-09 13:25:00+05:30,0.0005588038547018849
2025-10-09 13:30:00+05:30,0.00011094061568830533
2025-10-09 13:35:00+05:30,-0.0004251153760002186
2025-10-09 13:40:00+05:30,0.00048694632020396256
2025-10-09 13:45:00+05:30,-1.004944914653311e-05
2025-10-09 13:50:00+05:30,0.0006033776867619791
2025-10-09 13:55:00+05:30,0.00020356532020855762
2025-10-09 14:00:00+05:30,0.0002950415668021216
2025-10-09 14:05:00+05:30,-0.0001707694012779382
2025-10-09 14:10:00+05:30,-0.0010834590898100892
2025-10-09 14:15:00+05:30,-0.00016220602709705076
2025-10-09 14:20:00+05:30,4.424256329812295e-05
2025-10-09 14:25:00+05:30,0.00031124903983091807
2025-10-09 14:30:00+05:30,-0.00022267393227237697
2025-10-09 14:35:00+05:30,0.0008033145233223614
2025-10-09 14:40:00+05:30,0.00015805990559610676
2025-10-09 14:45:00+05:30,-0.0007331692539027657
2025-10-09 14:50:00+05:30,0.0008217212411187832
2025-10-09 14:55:00+05:30,0.0002262722934233948
2025-10-09 15:00:00+05:30,0.000512626525452487
2025-10-09 15:05:00+05:30,0.0004947816339987947
2025-10-09 15:10:00+05:30,-0.000748511639997907
2025-10-09 15:15:00+05:30,0.00016779703538366845
2025-10-09 15:20:00+05:30,-0.00023252448158215722
2025-10-09 15:25:00+05:30,-0.0006115417395032735
2025-10-10 09:15:00+05:30,0.0004989051350039055
2025-10-10 09:20:00+05:30,0.0008625996799496979
2025-10-10 09:25:00+05:30,-0.0006795359122698388
2025-10-10 09:30:00+05:30,0.0009461826757274244
2025-10-10 09:35:00+05:30,-9.717401148752542e-05
2025-10-10 09:40:00+05:30,0.0005451129034686446
2025-10-10 09:45:00+05:30,0.0005976792189501651
2025-10-10 09:50:00+05:30,-0.00028648735916687363
2025-10-10 09:55:00+05:30,0.00021008853544106877
2025-10-10 10:00:00+05:30,0.00029901113969234066
2025-10-10 10:05:00+05:30,-0.000426837935138699
2025-10-10 10:10:00+05:30,0.0006790251263380304
2025-10-10 10:15:00+05:30,0.0010610683759586632
2025-10-10 10:20:00+05:30,-0.00029885784342625606
2025-10-10 10:25:00+05:30,-0.00027502786162062067
2025-10-10 10:30:00+05:30,-0.00013322532720863735
2025-10-10 10:35:00+05:30,-0.00026579498217400345
2025-10-10 10:40:00+05:30,-0.00047104476177030124
2025-10-10 10:45:00+05:30,0.0009012835418293662
2025-10-10 10:50:00+05:30,0.0006471090986883523
2025-10-10 10:55:00+05:30,5.507053341841387e-05
2025-10-10 11:00:00+05:30,0.0002527119727722536
2025-10-10 11:05:00+05:30,-0.0007278885212058953
2025-10-10 11:10:00+05:30,0.0008543217320996849
2025-10-10 11:15:00+05:30,-0.00010022995726752686
2025-10-10 11:20:00+05:30,-0.0004556605800865733
2025-10-10 11:25:00+05:30,-0.0004758608867528646
2025-10-10 11:30:00+05:30,0.00010562704132254183
2025-10-10 11:35:00+05:30,-0.0003456118285117008
2025-10-10 11:40:00+05:30,0.0003627888716279889
2025-10-10 11:45:00+05:30,0.00017791791602365278
2025-10-10 11:50:00+05:30,6.943011502864933e-05
2025-10-10 11:55:00+05:30,-2.1743485950906215e-05
2025-10-10 12:00:00+05:30,0.0005156145977441032
2025-10-10 12:05:00+05:30,-0.0004905592084747682
2025-10-10 12:10:00+05:30,0.0003589478852550051
2025-10-10 12:15:00+05:30,-0.00029056313400497186
2025-10-10 12:20:00+05:30,0.00032961223229986897
2025-10-10 12:25:00+05:30,1.9581915282816882e-05
2025-10-10 12:30:00+05:30,-0.00022233018859485476
2025-10-10 12:35:00+05:30,-0.00020293743655445877
2025-10-10 12:40:00+05:30,0.0006752894165096922
2025-10-10 12:45:00+05:30,0.0003312200313683704
2025-10-10 12:50:00+05:30,0.00025264251712213924
2025-10-10 12:55:00+05:30,-5.622794859234436e-05
2025-10-10 13:00:00+05:30,0.00029584910703138673
2025-10-10 13:05:00+05:30,-0.0004377282273574777
2025-10-10 13:10:00+05:30,5.079913845006916e-06
2025-10-10 13:15:00+05:30,0.00010464966263357134
2025-10-10 13:20:00+05:30,0.00027329179597031895
2025-10-10 13:25:00+05:30,-0.0003765955348964108
2025-10-10 13:30:00+05:30,0.0006029959609497856
2025-10-10 13:35:00+05:30,0.0001286490810445319
2025-10-10 13:40:00+05:30,-0.00042900176193220936
2025-10-10 13:45:00+05:30,-0.00012427266183275072
2025-10-10 13:50:00+05:30,0.00029989770136809737
2025-10-10 13:55:00+05:30,-0.00032468261453081525
2025-10-10 14:00:00+05:30,-4.73979402676052e-05
2025-10-10 14:05:00+05:30,-0.00032191611169303595
2025-10-10 14:10:00+05:30,-2.557943871751041e-05
2025-10-10 14:15:00+05:30,-0.00029877105950227916
2025-10-10 14:20:00+05:30,0.0007767097706510645
2025-10-10 14:25:00+05:30,-0.0001984361484349726
2025-10-10 14:30:00+05:30,4.4761690880289996e-05
2025-10-10 14:35:00+05:30,-5.2581590952759326e-05
2025-10-10 14:40:00+05:30,0.0004231016574026282
2025-10-10 14:45:00+05:30,-0.0005501320828628378
2025-10-10 14:50:00+05:30,0.0004278636497083593
2025-10-10 14:55:00+05:30,0.0002501136342360751
2025-10-10 15:00:00+05:30,-0.0007685839128285009
2025-10-10 15:05:00+05:30,0.00019744602512503535
2025-10-10 15:10:00+05:30,0.00019653943759700976
2025-10-10 15:15:00+05:30,-3.6517691073373036e-05
2025-10-10 15:20:00+05:30,-6.36105109757505e-05
2025-10-10 15:25:00+05:30,-0.0002321632894477919
2025-10-13 09:15:00+05:30,-0.002440082414074551
2025-10-13 09:20:00+05:30,0.00039772154548877695
2025-10-13 09:25:00+05:30,-0.0006978669867795443
2025-10-13 09:30:00+05:30,-0.0010055203736288058
2025-10-13 09:35:00+05:30,0.0014768471636853406
2025-10-13 09:40:00+05:30,0.000557593788993975
2025-10-13 09:45:00+05:30,0.0004935903111391816
2025-10-13 09:50:00+05:30,-0.0006629046097421245
2025-10-13 09:55:00+05:30,-5.669496212445362e-05
2025-10-13 10:00:00+05:30,-0.00030589096392816115
2025-10-13 10:05:00+05:30,0.00040346049616876565
2025-10-13 10:10:00+05:30,-1.2685087469555575e-05
2025-10-13 10:15:00+05:30,-0.0002621824676187475
2025-10-13 10:20:00+05:30,-3.612537679619162e-05
2025-10-13 10:25:00+05:30,0.0008428285667632155
2025-10-13 10:30:00+05:30,-0.0002785835512580644
2025-10-13 10:35:00+05:30,0.00030315137570782893
2025-10-13 10:40:00+05:30,-0.00022676698558423807
2025-10-13 10:45:00+05:30,8.242590374268595e-05
2025-10-13 10:50:00+05:30,-0.00027991452323117283
2025-10-13 10:55:00+05:30,-0.00029377007375226764
2025-10-13 11:00:00+05:30,2.7738894364529177e-05
2025-10-13 11:05:00+05:30,5.3385218394380886e-05
2025-10-13 11:10:00+05:30,-0.0002105138968314774
2025-10-13 11:15:00+05:30,-0.00040674677415292475
2025-10-13 11:20:00+05:30,-0.00047831630705476666
2025-10-13 11:25:00+05:30,0.0003591043239046243
2025-10-13 11:30:00+05:30,-0.00016383468460707
2025-10-13 11:35:00+05:30,4.574375244126294e-05
2025-10-13 11:40:00+05:30,-0.00013138201709960104
2025-10-13 11:45:00+05:30,0.00025979323646863647
2025-10-13 11:50:00+05:30,0.00014848262012989136
2025-10-13 11:55:00+05:30,0.0003384170237983553
2025-10-13 12:00:00+05:30,-0.0003876896743217135
2025-10-13 12:05:00+05:30,-6.902526898460393e-05
2025-10-13 12:10:00+05:30,0.0002541513374808393
2025-10-13 12:15:00+05:30,-0.00010966577389536156
2025-10-13 12:20:00+05:30,0.00021489561942850414
2025-10-13 12:25:00+05:30,0.0005230230820316997
2025-10-13 12:30:00+05:30,-0.0003249051408970787
2025-10-13 12:35:00+05:30,0.00026515258277106773
2025-10-13 12:40:00+05:30,0.0005978352213926788
2025-10-13 12:45:00+05:30,-0.0011027076093423028
2025-10-13 12:50:00+05:30,0.0005787276762009355
2025-10-13 12:55:00+05:30,0.0005847557018481684
2025-10-13 13:00:00+05:30,-0.0013837989011278482
2025-10-13 13:05:00+05:30,0.0005585028792797092
2025-10-13 13:10:00+05:30,0.0008643449623800288
2025-10-13 13:15:00+05:30,-0.0004318444398864897
2025-10-13 13:20:00+05:30,-0.0003548196542623815
2025-10-13 13:25:00+05:30,0.00029590737717228633
2025-10-13 13:30:00+05:30,0.00026497371030801
2025-10-13 13:35:00+05:30,-2.0388740205770784e-05
2025-10-13 13:40:00+05:30,0.0001332459375264874
2025-10-13 13:45:00+05:30,0.00041835216731305423
2025-10-13 13:50:00+05:30,-0.0004802952269889267
2025-10-13 13:55:00+05:30,-0.0004900338484668152
2025-10-13 14:00:00+05:30,0.0012501429269887205
2025-10-13 14:05:00+05:30,1.868813743555771e-05
2025-10-13 14:10:00+05:30,-0.00042594845091856035
2025-10-13 14:15:00+05:30,2.5894409171369292e-05
2025-10-13 14:20:00+05:30,0.0009694409729241036
2025-10-13 14:25:00+05:30,0.0007679995921656982
2025-10-13 14:30:00+05:30,0.00018082451005042052
2025-10-13 14:35:00+05:30,-0.00015303126607977747
2025-10-13 14:40:00+05:30,1.1602423388870192e-05
2025-10-13 14:45:00+05:30,-0.0003721736705670775
2025-10-13 14:50:00+05:30,0.00034134650674037744
2025-10-13 14:55:00+05:30,-0.00035901433559490235
2025-10-13 15:00:00+05:30,-0.0010221513728778371
2025-10-13 15:05:00+05:30,9.201722554965184e-05
2025-10-13 15:10:00+05:30,-0.00028750779987723725
2025-10-13 15:15:00+05:30,0.0003763046200883197
2025-10-13 15:20:00+05:30,0.0003864863223449302
2025-10-13 15:25:00+05:30,-7.724728907896796e-05
2025-10-14 09:15:00+05:30,0.003542736917766199
2025-10-14 09:20:00+05:30,0.0007480042246269992
2025-10-14 09:25:00+05:30,-0.00041396493831871863
2025-10-14 09:30:00+05:30,-0.00012261851691268348
2025-10-14 09:35:00+05:30,-0.0011430592559451792
2025-10-14 09:40:00+05:30,-0.000550074607754633
2025-10-14 09:45:00+05:30,-0.00026074895916765247
2025-10-14 09:50:00+05:30,-0.0009268994462240446
2025-10-14 09:55:00+05:30,-0.0007228787056123959
2025-10-14 10:00:00+05:30,-0.0003657145308843856
2025-10-14 10:05:00+05:30,-1.4575423920757274e-05
2025-10-14 10:10:00+05:30,3.756908920146538e-05
2025-10-14 10:15:00+05:30,-0.0006016283182684644
2025-10-14 10:20:00+05:30,0.0004541897376377487
2025-10-14 10:25:00+05:30,0.000401301158614604
2025-10-14 10:30:00+05:30,9.96753017269425e-05
2025-10-14 10:35:00+05:30,0.0001994519649722859
2025-10-14 10:40:00+05:30,0.00013717752906461963
2025-10-14 10:45:00+05:30,6.292291908234566e-05
2025-10-14 10:50:00+05:30,-0.0001734458698615192
2025-10-14 10:55:00+05:30,-0.00047829123266610187
2025-10-14 11:00:00+05:30,-0.00019554553348254342
2025-10-14 11:05:00+05:30,-0.0008141976851030989
2025-10-14 11:10:00+05:30,-0.0006656008611297027
2025-10-14 11:15:00+05:30,-0.001273486019922294
2025-10-14 11:20:00+05:30,-9.51803917576865e-06
2025-10-14 11:25:00+05:30,1.099043357906466e-06
2025-10-14 11:30:00+05:30,-0.00014010007930978068
2025-10-14 11:35:00+05:30,0.0005979004210733624
2025-10-14 11:40:00+05:30,-0.0001656167050576117
2025-10-14 11:45:00+05:30,-0.0001796393973370292
2025-10-14 11:50:00+05:30,-0.0001443856602870193
2025-10-14 11:55:00+05:30,0.0004503946708473223
2025-10-14 12:00:00+05:30,0.00010093677572606701
2025-10-14 12:05:00+05:30,-0.0014376867031957964
2025-10-14 12:10:00+05:30,-4.508829000661244e-05
2025-10-14 12:15:00+05:30,6.392837292386395e-05
2025-10-14 12:20:00+05:30,0.00016875336990505497
2025-10-14 12:25:00+05:30,-0.0011417800230299334
2025-10-14 12:30:00+05:30,0.0007160184800744155
2025-10-14 12:35:00+05:30,-0.0009354105158624279
2025-10-14 12:40:00+05:30,-0.0002720796119963553
2025-10-14 12:45:00+05:30,0.0009465632544662519
2025-10-14 12:50:00+05:30,2.7289221261085994e-05
2025-10-14 12:55:00+05:30,0.0003951435018789286
2025-10-14 13:00:00+05:30,-0.00042429284236174914
2025-10-14 13:05:00+05:30,-0.0005836667711116105
2025-10-14 13:10:00+05:30,0.0004586040633307002
2025-10-14 13:15:00+05:30,3.722411072512442e-05
2025-10-14 13:20:00+05:30,0.00029569739433152185
2025-10-14 13:25:00+05:30,6.934356342027191e-05
2025-10-14 13:30:00+05:30,0.0010627900234875547
2025-10-14 13:35:00+05:30,-9.420806569382962e-05
2025-10-14 13:40:00+05:30,0.00011021592130105129
2025-10-14 13:45:00+05:30,8.893781873743987e-05
2025-10-14 13:50:00+05:30,-0.0006258937809813528
2025-10-14 13:55:00+05:30,0.0006415114052289158
2025-10-14 14:00:00+05:30,0.00023091930478775545
2025-10-14 14:05:00+05:30,-0.00013288016225632723
2025-10-14 14:10:00+05:30,-0.00021019637346038418
2025-10-14 14:15:00+05:30,-0.0006018108906628367
2025-10-14 14:20:00+05:30,0.0018227844400676883
2025-10-14 14:25:00+05:30,-0.00018792227654129104
2025-10-14 14:30:00+05:30,0.0008486331032848565
2025-10-14 14:35:00+05:30,-2.109455475616134e-05
2025-10-14 14:40:00+05:30,0.0004803740089279751
2025-10-14 14:45:00+05:30,-0.0006329996610704086
2025-10-14 14:50:00+05:30,0.00027681227263828676
2025-10-14 14:55:00+05:30,1.1882948696444112e-05
2025-10-14 15:00:00+05:30,-0.0009847720775420365
2025-10-14 15:05:00+05:30,-7.4157539201591405e-06
2025-10-14 15:10:00+05:30,-0.0003278495865867966
2025-10-14 15:15:00+05:30,-9.096637843748245e-05
2025-10-14 15:20:00+05:30,-0.0008223960205092523
2025-10-14 15:25:00+05:30,-0.00027526644645458004
2025-10-15 09:15:00+05:30,0.0048252363862343215
2025-10-15 09:20:00+05:30,-0.00014886734767290792
2025-10-15 09:25:00+05:30,0.0002278614014588591
2025-10-15 09:30:00+05:30,-0.00024721832713974444
2025-10-15 09:35:00+05:30,-0.0009756408923304988
2025-10-15 09:40:00+05:30,-0.00020073073155816475
2025-10-15 09:45:00+05:30,-0.00021430190216011424
2025-10-15 09:50:00+05:30,-0.00032772317988576035
2025-10-15 09:55:00+05:30,-6.609438139554573e-05
2025-10-15 10:00:00+05:30,-8.429896828925598e-05
2025-10-15 10:05:00+05:30,0.00045925238911761595
2025-10-15 10:10:00+05:30,0.0009799830145688433
2025-10-15 10:15:00+05:30,0.00011416968497144236
2025-10-15 10:20:00+05:30,0.0005422890499674949
2025-10-15 10:25:00+05:30,-0.0002730146539793485
2025-10-15 10:30:00+05:30,0.0003521014889080333
2025-10-15 10:35:00+05:30,0.00020745123299255978
2025-10-15 10:40:00+05:30,0.00015277853681204765
2025-10-15 10:45:00+05:30,-0.0005313262161377116
2025-10-15 10:50:00+05:30,0.0010408567158575364
2025-10-15 10:55:00+05:30,0.00044658591197837226
2025-10-15 11:00:00+05:30,-0.0005122957020434457
2025-10-15 11:05:00+05:30,-0.0002818548845092636
2025-10-15 11:10:00+05:30,-0.00015598163117312933
2025-10-15 11:15:00+05:30,-0.00011405382608601531
2025-10-15 11:20:00+05:30,0.00019596456178416766
2025-10-15 11:25:00+05:30,0.0006855138901905472
2025-10-15 11:30:00+05:30,-0.00036617598818475115
2025-10-15 11:35:00+05:30,-6.126083677893719e-05
2025-10-15 11:40:00+05:30,-1.3756292068731044e-05
2025-10-15 11:45:00+05:30,-0.00032164169297848276
2025-10-15 11:50:00+05:30,0.0003005017788029196
2025-10-15 11:55:00+05:30,0.00016985426956880732
2025-10-15 12:00:00+05:30,-0.0006164837527327046
2025-10-15 12:05:00+05:30,0.0005104420420295113
2025-10-15 12:10:00+05:30,-0.000324578909851334
2025-10-15 12:15:00+05:30,3.1812591636718634e-05
2025-10-15 12:20:00+05:30,-1.4243577958311368e-05
2025-10-15 12:25:00+05:30,0.00045942799265634947
2025-10-15 12:30:00+05:30,7.742283687633674e-05
2025-10-15 12:35:00+05:30,0.0001370892424844035
2025-10-15 12:40:00+05:30,0.0002858151424923972
2025-10-15 12:45:00+05:30,-0.00040166216769290194
2025-10-15 12:50:00+05:30,0.0006349872207654226
2025-10-15 12:55:00+05:30,6.164272696561554e-05
2025-10-15 13:00:00+05:30,-0.00011383117003770897
2025-10-15 13:05:00+05:30,-2.5321332603192726e-05
2025-10-15 13:10:00+05:30,-0.00024313671169489944
2025-10-15 13:15:00+05:30,0.0008510685304412744
2025-10-15 13:20:00+05:30,-0.00013036672428234333
2025-10-15 13:25:00+05:30,9.703246930727414e-05
2025-10-15 13:30:00+05:30,0.00046442617021162576
2025-10-15 13:35:00+05:30,-0.00024392780905674023
2025-10-15 13:40:00+05:30,-0.00017155465502543223
2025-10-15 13:45:00+05:30,-0.00023573129715905394
2025-10-15 13:50:00+05:30,-0.00011054694883232641
2025-10-15 13:55:00+05:30,-0.00028014672070206687
2025-10-15 14:00:00+05:30,-0.00029298882274637384
2025-10-15 14:05:00+05:30,0.00012423363055934442
2025-10-15 14:10:00+05:30,-3.710040404038638e-06
2025-10-15 14:15:00+05:30,0.00013260200839855006
2025-10-15 14:20:00+05:30,-0.00022802752656408672
2025-10-15 14:25:00+05:30,0.000314502337288031
2025-10-15 14:30:00+05:30,-0.00013270972118116728
2025-10-15 14:35:00+05:30,-0.0003421899173434191
2025-10-15 14:40:00+05:30,0.00023205423361896828
2025-10-15 14:45:00+05:30,-0.0013071846716914298
2025-10-15 14:50:00+05:30,0.00044492970667425454
2025-10-15 14:55:00+05:30,0.0005140040698018492
2025-10-15 15:00:00+05:30,-0.00018552253724451724
2025-10-15 15:05:00+05:30,4.79093325759122e-05
2025-10-15 15:10:00+05:30,0.0003898775813541495
2025-10-15 15:15:00+05:30,-8.181457596542032e-05
2025-10-15 15:20:00+05:30,-4.3086405565717634e-05
2025-10-15 15:25:00+05:30,-0.0003587539375403038
2025-10-16 09:15:00+05:30,0.004038410361969754
2025-10-16 09:20:00+05:30,-0.00030201335240199806
2025-10-16 09:25:00+05:30,0.0008333031983907704
2025-10-16 09:30:00+05:30,0.00020751227822172376
2025-10-16 09:35:00+05:30,-0.0007911915928522479
2025-10-16 09:40:00+05:30,0.00036449811303662064
2025-10-16 09:45:00+05:30,-6.742923757866039e-05
2025-10-16 09:50:00+05:30,0.00046566051455456786
2025-10-16 09:55:00+05:30,-0.0002705163057073263
2025-10-16 10:00:00+05:30,0.0002276759321743906
2025-10-16 10:05:00+05:30,-0.00048307471675088526
2025-10-16 10:10:00+05:30,-0.0003546965871189581
2025-10-16 10:15:00+05:30,0.0004817177338414422
2025-10-16 10:20:00+05:30,0.00041858192462813405
2025-10-16 10:25:00+05:30,0.00017973090518786985
2025-10-16 10:30:00+05:30,6.189627359724708e-05
2025-10-16 10:35:00+05:30,8.366911978923375e-05
2025-10-16 10:40:00+05:30,6.196760498870728e-05
2025-10-16 10:45:00+05:30,0.0003301768687980284
2025-10-16 10:50:00+05:30,-0.0001318886322965466
2025-10-16 10:55:00+05:30,0.00016121558471462576
2025-10-16 11:00:00+05:30,-0.00015384370476063434
2025-10-16 11:05:00+05:30,2.4563310713847302e-05
2025-10-16 11:10:00+05:30,-0.00010040108124080498
2025-10-16 11:15:00+05:30,0.00015529601308027438
2025-10-16 11:20:00+05:30,-0.00032438100940483005
2025-10-16 11:25:00+05:30,0.0005499484279895755
2025-10-16 11:30:00+05:30,-0.0001484173756312046
2025-10-16 11:35:00+05:30,1.3438749177211615e-05
2025-10-16 11:40:00+05:30,-0.0003270195305988704
2025-10-16 11:45:00+05:30,-0.00010323636329476047
2025-10-16 11:50:00+05:30,0.0003962971147654502
2025-10-16 11:55:00+05:30,-0.000391586776491578
2025-10-16 12:00:00+05:30,0.0001798107560489452
2025-10-16 12:05:00+05:30,0.00013948555882337121
2025-10-16 12:10:00+05:30,0.0006673966617812891
2025-10-16 12:15:00+05:30,0.00012977362611799634
2025-10-16 12:20:00+05:30,0.0004140589262856542
2025-10-16 12:25:00+05:30,0.00011610741994719962
2025-10-16 12:30:00+05:30,0.00016686451873191172
2025-10-16 12:35:00+05:30,4.688601534577765e-05
2025-10-16 12:40:00+05:30,-0.00016615206350631845
2025-10-16 12:45:00+05:30,-0.00020671633036487732
2025-10-16 12:50:00+05:30,0.0006932397201419203
2025-10-16 12:55:00+05:30,-0.00039169441600438973
2025-10-16 13:00:00+05:30,0.00043759154338115326
2025-10-16 13:05:00+05:30,-0.00025767618662297345
2025-10-16 13:10:00+05:30,0.0004737034860791309
2025-10-16 13:15:00+05:30,-0.0006165899548838423
2025-10-16 13:20:00+05:30,0.0005038725473841952
2025-10-16 13:25:00+05:30,0.0002746828907269218
2025-10-16 13:30:00+05:30,0.00020060215307087472
2025-10-16 13:35:00+05:30,-4.8484731011377846e-05
2025-10-16 13:40:00+05:30,0.00046072795641127176
2025-10-16 13:45:00+05:30,-1.909000062351232e-05
2025-10-16 13:50:00+05:30,-0.0002824352084216211
2025-10-16 13:55:00+05:30,0.0005337103618689413
2025-10-16 14:00:00+05:30,0.0005735842122297262
2025-10-16 14:05:00+05:30,0.0007471396562625491
2025-10-16 14:10:00+05:30,-0.0007297060573344847
2025-10-16 14:15:00+05:30,0.00021396183745616226
2025-10-16 14:20:00+05:30,0.0008890644845725174
2025-10-16 14:25:00+05:30,-0.0003490171708420785
2025-10-16 14:30:00+05:30,0.00036979617359593996
2025-10-16 14:35:00+05:30,0.00013553577849351477
2025-10-16 14:40:00+05:30,7.86785885315409e-05
2025-10-16 14:45:00+05:30,-0.00046381900643086444
2025-10-16 14:50:00+05:30,0.0001716667576633474
2025-10-16 14:55:00+05:30,-0.0001252681415731392
2025-10-16 15:00:00+05:30,0.00036383573065130505
2025-10-16 15:05:00+05:30,-0.0005992648387141156
2025-10-16 15:10:00+05:30,-0.00023961393314063603
2025-10-16 15:15:00+05:30,0.00014765023658077462
2025-10-16 15:20:00+05:30,1.3437531630773675e-05
2025-10-16 15:25:00+05:30,-0.0005116971309984528
2025-10-17 09:15:00+05:30,2.8234201564298666e-05
2025-10-17 09:20:00+05:30,0.00042170455111266073
2025-10-17 09:25:00+05:30,0.002155184097791614
2025-10-17 09:30:00+05:30,0.00038932166635561786
2025-10-17 09:35:00+05:30,9.238069334419794e-05
2025-10-17 09:40:00+05:30,0.000286145405228451
2025-10-17 09:45:00+05:30,-0.001697044916872363
2025-10-17 09:50:00+05:30,0.0003355080274799471
2025-10-17 09:55:00+05:30,0.0005447319572169958
2025-10-17 10:00:00+05:30,0.0003521866116573621
2025-10-17 10:05:00+05:30,0.001344660634563376
2025-10-17 10:10:00+05:30,0.0006205315061703397
2025-10-17 10:15:00+05:30,7.233125378647287e-06
2025-10-17 10:20:00+05:30,-0.00011015973617216273
2025-10-17 10:25:00+05:30,-2.832740200722918e-05
2025-10-17 10:30:00+05:30,0.00038376487368683624
2025-10-17 10:35:00+05:30,-0.00012332009679489068
2025-10-17 10:40:00+05:30,0.00022963429769798518
2025-10-17 10:45:00+05:30,-6.911243634422666e-05
2025-10-17 10:50:00+05:30,0.00029510119387916357
2025-10-17 10:55:00+05:30,0.000693410280598801
2025-10-17 11:00:00+05:30,0.0004614245091665946
2025-10-17 11:05:00+05:30,0.00032258041838773596
2025-10-17 11:10:00+05:30,0.0002657539152222461
2025-10-17 11:15:00+05:30,0.0002834189997850298
2025-10-17 11:20:00+05:30,-9.097376914705311e-05
2025-10-17 11:25:00+05:30,0.0004213235452696976
2025-10-17 11:30:00+05:30,5.431295510862749e-05
2025-10-17 11:35:00+05:30,-5.8838121026548085e-05
2025-10-17 11:40:00+05:30,-0.0008087054769783869
2025-10-17 11:45:00+05:30,0.00020673861358616304
2025-10-17 11:50:00+05:30,-0.00039012113631883106
2025-10-17 11:55:00+05:30,0.0005156843520018942
2025-10-17 12:00:00+05:30,0.00010570319179831493
2025-10-17 12:05:00+05:30,-0.00012222348729922462
2025-10-17 12:10:00+05:30,0.0001648830295498671
2025-10-17 12:15:00+05:30,0.0002163694757693244
2025-10-17 12:20:00+05:30,0.00025643148066916376
2025-10-17 12:25:00+05:30,0.0003226430078416305
2025-10-17 12:30:00+05:30,-0.00018535804860164706
2025-10-17 12:35:00+05:30,-0.000570342275255992
2025-10-17 12:40:00+05:30,-0.0001346460654253303
2025-10-17 12:45:00+05:30,-0.0008473352367664941
2025-10-17 12:50:00+05:30,-0.0016063645873812173
2025-10-17 12:55:00+05:30,0.00022701764865950516
2025-10-17 13:00:00+05:30,-0.0010914352169066712
2025-10-17 13:05:00+05:30,-0.00016769427739322427
2025-10-17 13:10:00+05:30,-5.108940030931325e-05
2025-10-17 13:15:00+05:30,-2.7752704004183205e-05
2025-10-17 13:20:00+05:30,0.0004242367626282723
2025-10-17 13:25:00+05:30,-0.00013878040318032454
2025-10-17 13:30:00+05:30,-0.0008377906818033701
2025-10-17 13:35:00+05:30,-0.0006316440718609747
2025-10-17 13:40:00+05:30,0.0009037445999974189
2025-10-17 13:45:00+05:30,-7.834664290045324e-05
2025-10-17 13:50:00+05:30,-0.0004809731662731634
2025-10-17 13:55:00+05:30,0.001263268030554467
2025-10-17 14:00:00+05:30,-3.7868146243496226e-05
2025-10-17 14:05:00+05:30,0.0005538443942874995
2025-10-17 14:10:00+05:30,-0.000228029847848088
2025-10-17 14:15:00+05:30,0.0005166988320898528
2025-10-17 14:20:00+05:30,0.00018170881408799557
2025-10-17 14:25:00+05:30,-0.0010786319999812376
2025-10-17 14:30:00+05:30,0.00082851357290533
2025-10-17 14:35:00+05:30,0.0008965032509554891
2025-10-17 14:40:00+05:30,0.0001201268449727157
2025-10-17 14:45:00+05:30,-0.00038734326198511395
2025-10-17 14:50:00+05:30,0.00028176717929279994
2025-10-17 14:55:00+05:30,-0.0001255790426011024
2025-10-17 15:00:00+05:30,-0.0005356147337032503
2025-10-17 15:05:00+05:30,0.00013963998497270707
2025-10-17 15:10:00+05:30,-0.00016404239574136824
2025-10-17 15:15:00+05:30,0.00025360964447250717
2025-10-17 15:20:00+05:30,-0.0003159274250792724
2025-10-17 15:25:00+05:30,-0.0003200078465164002
2025-10-20 09:15:00+05:30,0.00659876774166087
2025-10-20 09:20:00+05:30,-0.0018352604777426519
2025-10-20 09:25:00+05:30,0.0007979362329620756
2025-10-20 09:30:00+05:30,-8.79477911731655e-06
2025-10-20 09:35:00+05:30,-0.0004984244545817321
2025-10-20 09:40:00+05:30,-0.0001313777884484116
2025-10-20 09:45:00+05:30,-0.0007004593919522087
2025-10-20 09:50:00+05:30,-0.0004470350109893577
2025-10-20 09:55:00+05:30,-0.00016540631817767672
2025-10-20 10:00:00+05:30,0.0005721164205650007
2025-10-20 10:05:00+05:30,0.00028311027352159295
2025-10-20 10:10:00+05:30,0.0008469615111907972
2025-10-20 10:15:00+05:30,-0.0005786037148086441
2025-10-20 10:20:00+05:30,0.00012186763243709749
2025-10-20 10:25:00+05:30,-0.0005829518047375643
2025-10-20 10:30:00+05:30,0.000339141966836972
2025-10-20 10:35:00+05:30,0.0009900370718319957
2025-10-20 10:40:00+05:30,0.00032361690476521624
2025-10-20 10:45:00+05:30,0.0007549831496402812
2025-10-20 10:50:00+05:30,-0.00043723371134994274
2025-10-20 10:55:00+05:30,-1.92632075011482e-05
2025-10-20 11:00:00+05:30,-9.809974704847633e-05
2025-10-20 11:05:00+05:30,5.3848328872732754e-05
2025-10-20 11:10:00+05:30,-2.189151948470574e-05
2025-10-20 11:15:00+05:30,-0.0011105146370319868
2025-10-20 11:20:00+05:30,0.00030281152288626575
2025-10-20 11:25:00+05:30,0.00017612359163611316
2025-10-20 11:30:00+05:30,-0.00026233490649886287
2025-10-20 11:35:00+05:30,0.0001367428097069561
2025-10-20 11:40:00+05:30,-0.0002612204520771395
2025-10-20 11:45:00+05:30,-3.381555005509933e-05
2025-10-20 11:50:00+05:30,0.00014572061651990946
2025-10-20 11:55:00+05:30,-0.00019667842583715486
2025-10-20 12:00:00+05:30,-2.4452526552850396e-05
2025-10-20 12:05:00+05:30,4.582036071680489e-05
2025-10-20 12:10:00+05:30,8.385935437615899e-05
2025-10-20 12:15:00+05:30,-0.00022009268409721962
2025-10-20 12:20:00+05:30,-0.00024613892402114423
2025-10-20 12:25:00+05:30,0.00022498112763881894
2025-10-20 12:30:00+05:30,0.0003496450028538495
2025-10-20 12:35:00+05:30,0.00024160482932032346
2025-10-20 12:40:00+05:30,0.00040984022039382067
2025-10-20 12:45:00+05:30,-5.865330882651907e-05
2025-10-20 12:50:00+05:30,0.00014702128388406694
2025-10-20 12:55:00+05:30,0.00044685808803888056
2025-10-20 13:00:00+05:30,0.0003776744505359247
2025-10-20 13:05:00+05:30,-0.0003651352188955088
2025-10-20 13:10:00+05:30,0.00024028837179436216
2025-10-20 13:15:00+05:30,-0.0003648907291464136
2025-10-20 13:20:00+05:30,0.0002875080163810229
2025-10-20 13:25:00+05:30,-0.00020676133336824796
2025-10-20 13:30:00+05:30,-0.0001300062630149473
2025-10-20 13:35:00+05:30,-0.00018136913075228467
2025-10-20 13:40:00+05:30,-0.0004221504789720884
2025-10-20 13:45:00+05:30,-0.0007366033033152992
2025-10-20 13:50:00+05:30,0.0002962317855336884
2025-10-20 13:55:00+05:30,-3.387179383973482e-05
2025-10-20 14:00:00+05:30,-0.00022731549055143266
2025-10-20 14:05:00+05:30,5.1122290474360876e-05
2025-10-20 14:10:00+05:30,0.0004952472479104435
2025-10-20 14:15:00+05:30,-0.0006528579456557505
2025-10-20 14:20:00+05:30,-0.0004083246512560236
2025-10-20 14:25:00+05:30,-0.0003551634333595592
2025-10-20 14:30:00+05:30,0.00039939766346175354
2025-10-20 14:35:00+05:30,-0.0004448994540115404
2025-10-20 14:40:00+05:30,7.728377343656734e-05
2025-10-20 14:45:00+05:30,0.0005048299938624007
2025-10-20 14:50:00+05:30,-0.000358581419419433
2025-10-20 14:55:00+05:30,2.0317420520437874e-05
2025-10-20 15:00:00+05:30,-0.00011801339277728307
2025-10-20 15:05:00+05:30,0.0009803024697676518
2025-10-20 15:10:00+05:30,-9.272356628800695e-05
2025-10-20 15:15:00+05:30,-9.439012745705051e-05
2025-10-20 15:20:00+05:30,0.00013039990521636127
2025-10-20 15:25:00+05:30,-0.0001261590750079092
2025-10-21 13:45:00+05:30,0.0021788647441595087
2025-10-21 13:50:00+05:30,-3.752793439052029e-05
2025-10-21 13:55:00+05:30,-9.37874109748128e-05
2025-10-21 14:00:00+05:30,-7.261710925343083e-05
2025-10-21 14:05:00+05:30,0.00015868258963456112
2025-10-21 14:10:00+05:30,8.114235110905016e-06
2025-10-21 14:15:00+05:30,8.262028322703647e-05
2025-10-21 14:20:00+05:30,-0.00013829747947307887
2025-10-21 14:25:00+05:30,-0.0005770636399402445
2025-10-21 14:30:00+05:30,-0.0007420399758504573
2025-10-21 14:35:00+05:30,-0.0007917247004405617
2025-10-21 14:40:00+05:30,-0.0006225594048958032
2025-10-23 09:15:00+05:30,0.003670822853395238
2025-10-23 09:20:00+05:30,0.003623142006297273
2025-10-23 09:25:00+05:30,0.000919137820315479
2025-10-23 09:30:00+05:30,0.001137976772603212
2025-10-23 09:35:00+05:30,0.00038669653749443417
2025-10-23 09:40:00+05:30,0.00035589378054912135
2025-10-23 09:45:00+05:30,-0.0003790438766799508
2025-10-23 09:50:00+05:30,-9.574029139677718e-05
2025-10-23 09:55:00+05:30,0.00021233012998321752
2025-10-23 10:00:00+05:30,0.0007759902139961028
2025-10-23 10:05:00+05:30,0.0007435184022586899
2025-10-23 10:10:00+05:30,6.5669002943831505e-06
2025-10-23 10:15:00+05:30,2.061018943835959e-05
2025-10-23 10:20:00+05:30,-6.473033133100179e-05
2025-10-23 10:25:00+05:30,-0.0003058716861554789
2025-10-23 10:30:00+05:30,-0.00012865775246549913
2025-10-23 10:35:00+05:30,0.00035684327496594907
2025-10-23 10:40:00+05:30,-0.0001272318048689138
2025-10-23 10:45:00+05:30,-0.0007502357668444385
2025-10-23 10:50:00+05:30,0.00010820816087355277
2025-10-23 10:55:00+05:30,0.00035323043167484176
2025-10-23 11:00:00+05:30,-2.4175507732248607e-05
2025-10-23 11:05:00+05:30,-1.5242199387392668e-05
2025-10-23 11:10:00+05:30,0.0005047202192854518
2025-10-23 11:15:00+05:30,-0.00015043068260881123
2025-10-23 11:20:00+05:30,-0.00011775110348566376
2025-10-23 11:25:00+05:30,-0.00012999707823076848
2025-10-23 11:30:00+05:30,0.0001094911480852337
2025-10-23 11:35:00+05:30,0.00015077830282810524
2025-10-23 11:40:00+05:30,0.00035632194944628336
2025-10-23 11:45:00+05:30,0.00019534411050692898
2025-10-23 11:50:00+05:30,0.00028826018428873557
2025-10-23 11:55:00+05:30,0.00021977032041896547
2025-10-23 12:00:00+05:30,-0.0002128065960466926
2025-10-23 12:05:00+05:30,-7.088062493073413e-05
2025-10-23 12:10:00+05:30,9.89561126345751e-06
2025-10-23 12:15:00+05:30,-0.0004410049613106093
2025-10-23 12:20:00+05:30,0.000340560083819447
2025-10-23 12:25:00+05:30,-0.00013995182840490097
2025-10-23 12:30:00+05:30,0.0004362334612296795
2025-10-23 12:35:00+05:30,0.00021299513118649678
2025-10-23 12:40:00+05:30,-0.00011063059929857029
2025-10-23 12:45:00+05:30,-0.0005253236853353806
2025-10-23 12:50:00+05:30,-0.00012321262970570982
2025-10-23 12:55:00+05:30,-0.0006392954733891512
2025-10-23 13:00:00+05:30,-0.00039678049133766365
2025-10-23 13:05:00+05:30,0.00010945220029884002
2025-10-23 13:10:00+05:30,0.0002740401602351631
2025-10-23 13:15:00+05:30,0.0005341614274615728
2025-10-23 13:20:00+05:30,-0.0008870500163954
2025-10-23 13:25:00+05:30,-0.00020619210396424927
2025-10-23 13:30:00+05:30,-0.0006716704967529735
2025-10-23 13:35:00+05:30,6.644545419073742e-05
2025-10-23 13:40:00+05:30,0.00014768892195165208
2025-10-23 13:45:00+05:30,7.878047227481335e-05
2025-10-23 13:50:00+05:30,-0.00047580716646452404
2025-10-23 13:55:00+05:30,-0.0008025479320658645
2025-10-23 14:00:00+05:30,-0.00023931469059799615
2025-10-23 14:05:00+05:30,-0.00046029282067993585
2025-10-23 14:10:00+05:30,-0.0005783313662573482
2025-10-23 14:15:00+05:30,0.0001724463167242361
2025-10-23 14:20:00+05:30,-0.00045036905035977207
2025-10-23 14:25:00+05:30,-0.000130411137301927
2025-10-23 14:30:00+05:30,-2.67389890595008e-05
2025-10-23 14:35:00+05:30,0.0004847448453442614
2025-10-23 14:40:00+05:30,0.0014134590996703771
2025-10-23 14:45:00+05:30,0.00035669168133860795
2025-10-23 14:50:00+05:30,-0.0007553288271435345
2025-10-23 14:55:00+05:30,-0.0005731991777567312
2025-10-23 15:00:00+05:30,-0.0019186128434963408
2025-10-23 15:05:00+05:30,-0.0009678467125663746
2025-10-23 15:10:00+05:30,-0.0009353463609546031
2025-10-23 15:15:00+05:30,0.001338011476516886
2025-10-23 15:20:00+05:30,-0.0009750903527260736
2025-10-23 15:25:00+05:30,0.00040733878558482504
2025-10-24 09:15:00+05:30,-0.0004853283230888201
2025-10-24 09:20:00+05:30,0.0008733168105419592
2025-10-24 09:25:00+05:30,8.316282405478559e-05
2025-10-24 09:30:00+05:30,-0.0001743309262537699
2025-10-24 09:35:00+05:30,0.0016623296322983865
2025-10-24 09:40:00+05:30,-0.0005130940677080881
2025-10-24 09:45:00+05:30,-0.000753008283975182
2025-10-24 09:50:00+05:30,-0.00070246033201409
2025-10-24 09:55:00+05:30,0.0008271000472725589
2025-10-24 10:00:00+05:30,-0.00028335338314897535
2025-10-24 10:05:00+05:30,0.0007016073396356109
2025-10-24 10:10:00+05:30,-0.0010179227516066206
2025-10-24 10:15:00+05:30,-0.0015369230218583777
2025-10-24 10:20:00+05:30,-2.444147393916647e-05
2025-10-24 10:25:00+05:30,-0.000511842626310789
2025-10-24 10:30:00+05:30,0.00020313740881024826
2025-10-24 10:35:00+05:30,-5.626963137088892e-06
2025-10-24 10:40:00+05:30,-0.0004581359356634559
2025-10-24 10:45:00+05:30,0.00011723582855518561
2025-10-24 10:50:00+05:30,-5.25135215851782e-05
2025-10-24 10:55:00+05:30,0.00016654412827952098
2025-10-24 11:00:00+05:30,-7.78522190732752e-05
2025-10-24 11:05:00+05:30,-0.00042278068544187556
2025-10-24 11:10:00+05:30,0.0007375038810138252
2025-10-24 11:15:00+05:30,-0.00033218546621309393
2025-10-24 11:20:00+05:30,0.0006156885853404167
2025-10-24 11:25:00+05:30,-0.0011840390886266317
2025-10-24 11:30:00+05:30,0.0006225803794181502
2025-10-24 11:35:00+05:30,-3.840659821858538e-06
2025-10-24 11:40:00+05:30,0.0006967646175023493
2025-10-24 11:45:00+05:30,-9.739264341044212e-05
2025-10-24 11:50:00+05:30,-0.0001643772168073169
2025-10-24 11:55:00+05:30,-0.0004815737348813412
2025-10-24 12:00:00+05:30,-0.00014110571462039605
2025-10-24 12:05:00+05:30,0.0011991311578911997
2025-10-24 12:10:00+05:30,-5.02546594012627e-06
2025-10-24 12:15:00+05:30,-0.00034735076314451607
2025-10-24 12:20:00+05:30,0.0009557144393009049
2025-10-24 12:25:00+05:30,-0.00099970516501506
2025-10-24 12:30:00+05:30,-4.6957754595388614e-05
2025-10-24 12:35:00+05:30,0.0005670503177218856
2025-10-24 12:40:00+05:30,-0.000283708205773129
2025-10-24 12:45:00+05:30,-0.00033485576573770947
2025-10-24 12:50:00+05:30,-0.0006560222924453708
2025-10-24 12:55:00+05:30,-6.91811935947689e-05
2025-10-24 13:00:00+05:30,0.00044210098324969885
2025-10-24 13:05:00+05:30,-0.000270702649149541
2025-10-24 13:10:00+05:30,0.0001932627991419496
2025-10-24 13:15:00+05:30,-0.0005511536617899563
2025-10-24 13:20:00+05:30,-0.0006183502774496787
2025-10-24 13:25:00+05:30,-0.0007189769017658694
2025-10-24 13:30:00+05:30,-0.0006737404147285513
2025-10-24 13:35:00+05:30,-0.0007752015330019878
2025-10-24 13:40:00+05:30,-0.0005707084224843591
2025-10-24 13:45:00+05:30,6.912247164537229e-05
2025-10-24 13:50:00+05:30,0.0004543281305776695
2025-10-24 13:55:00+05:30,0.00011567437207242386
2025-10-24 14:00:00+05:30,0.00016976071480670046
2025-10-24 14:05:00+05:30,0.00015411667805487195
2025-10-24 14:10:00+05:30,0.00046421091569037146
2025-10-24 14:15:00+05:30,0.0003334869922147283
2025-10-24 14:20:00+05:30,0.00010783876527429175
2025-10-24 14:25:00+05:30,0.0003245350131669179
2025-10-24 14:30:00+05:30,-0.0006788659527256812
2025-10-24 14:35:00+05:30,-7.703616356012268e-05
2025-10-24 14:40:00+05:30,-1.4364507877290559e-05
2025-10-24 14:45:00+05:30,-9.189843614854672e-05
2025-10-24 14:50:00+05:30,-4.78088237366316e-05
2025-10-24 14:55:00+05:30,-0.0003188945626078369
2025-10-24 15:00:00+05:30,0.001965028084212938
2025-10-24 15:05:00+05:30,0.00032695273944799723
2025-10-24 15:10:00+05:30,-0.00024498696552226125
2025-10-24 15:15:00+05:30,0.0001480815359884249
2025-10-24 15:20:00+05:30,-0.00028867544825072447
2025-10-24 15:25:00+05:30,0.0001290342639325265
2025-10-27 09:15:00+05:30,0.0023191489596995937
2025-10-27 09:20:00+05:30,0.0008780493591750792
2025-10-27 09:25:00+05:30,0.0006357404913761227
2025-10-27 09:30:00+05:30,-0.00031492725627627207
2025-10-27 09:35:00+05:30,0.0007066138605934524
2025-10-27 09:40:00+05:30,0.0007476170879836483
2025-10-27 09:45:00+05:30,3.836263049376185e-05
2025-10-27 09:50:00+05:30,0.00034285593084332504
2025-10-27 09:55:00+05:30,-0.0002682486998939237
2025-10-27 10:00:00+05:30,-0.0003195432954412252
2025-10-27 10:05:00+05:30,0.0012049099806472736
2025-10-27 10:10:00+05:30,-0.0002702955934430426
2025-10-27 10:15:00+05:30,0.0001416602336115595
2025-10-27 10:20:00+05:30,0.0005127453737474877
2025-10-27 10:25:00+05:30,-0.00021266774808087181
2025-10-27 10:30:00+05:30,0.00024713339252133
2025-10-27 10:35:00+05:30,-0.00045700824562584276
2025-10-27 10:40:00+05:30,0.00035859127170106096
2025-10-27 10:45:00+05:30,-6.208131468366547e-05
2025-10-27 10:50:00+05:30,0.00011428580534923518
2025-10-27 10:55:00+05:30,0.000639589952312339
2025-10-27 11:00:00+05:30,7.984445296383453e-05
2025-10-27 11:05:00+05:30,0.0002220049903702661
2025-10-27 11:10:00+05:30,0.00017170686379363556
2025-10-27 11:15:00+05:30,-0.00031680622585845465
2025-10-27 11:20:00+05:30,0.0003753609813415227
2025-10-27 11:25:00+05:30,-8.304873301346356e-05
2025-10-27 11:30:00+05:30,-0.0002673119855708044
2025-10-27 11:35:00+05:30,-0.00010327333822964626
2025-10-27 11:40:00+05:30,-0.0003269750998763599
2025-10-27 11:45:00+05:30,3.6823367196336356e-05
2025-10-27 11:50:00+05:30,0.00025913759503900336
2025-10-27 11:55:00+05:30,0.000676057000331827
2025-10-27 12:00:00+05:30,0.0003179363749572681
2025-10-27 12:05:00+05:30,-0.00014298870027636208
2025-10-27 12:10:00+05:30,-2.269372843511393e-05
2025-10-27 12:15:00+05:30,-0.00029579637698823617
2025-10-27 12:20:00+05:30,-8.273366727473112e-05
2025-10-27 12:25:00+05:30,-0.0008045728013872903
2025-10-27 12:30:00+05:30,0.00016431682067903703
2025-10-27 12:35:00+05:30,-4.5292229462245394e-05
2025-10-27 12:40:00+05:30,-0.00021483494438619792
2025-10-27 12:45:00+05:30,-0.00031392026156201443
2025-10-27 12:50:00+05:30,0.00013624578337331043
2025-10-27 12:55:00+05:30,-5.768881217640526e-05
2025-10-27 13:00:00+05:30,-0.00024245186221391455
2025-10-27 13:05:00+05:30,-0.0002980065409100271
2025-10-27 13:10:00+05:30,0.0002743380498307036
2025-10-27 13:15:00+05:30,-0.0011593278765567273
2025-10-27 13:20:00+05:30,0.00015891881029875412
2025-10-27 13:25:00+05:30,-0.00019080623809830666
2025-10-27 13:30:00+05:30,-0.00037240836193380407
2025-10-27 13:35:00+05:30,0.0006014642166991605
2025-10-27 13:40:00+05:30,0.00010332915466826353
2025-10-27 13:45:00+05:30,0.0001238959048038192
2025-10-27 13:50:00+05:30,0.00046875827429355467
2025-10-27 13:55:00+05:30,-0.000265103563954483
2025-10-27 14:00:00+05:30,0.0001911866140695536
2025-10-27 14:05:00+05:30,-0.00012759151369874143
2025-10-27 14:10:00+05:30,-0.0007552509748815174
2025-10-27 14:15:00+05:30,0.001372244222458542
2025-10-27 14:20:00+05:30,-0.000312293096831106
2025-10-27 14:25:00+05:30,3.4815259877953398e-06
2025-10-27 14:30:00+05:30,0.00019306869692782924
2025-10-27 14:35:00+05:30,-0.00040822676644264603
2025-10-27 14:40:00+05:30,-0.00016290625227346594
2025-10-27 14:45:00+05:30,-0.0014034050690842946
2025-10-27 14:50:00+05:30,0.0006897344685630425
2025-10-27 14:55:00+05:30,0.00017512627178026117
2025-10-27 15:00:00+05:30,-0.00035189783012638153
2025-10-27 15:05:00+05:30,0.0007529215266082073
2025-10-27 15:10:00+05:30,-5.701477407834379e-05
2025-10-27 15:15:00+05:30,0.0001731467233640161
2025-10-27 15:20:00+05:30,0.00033296496226187244
2025-10-27 15:25:00+05:30,0.000360188303881573
2025-10-28 09:15:00+05:30,-0.0001465842370089264
2025-10-28 09:20:00+05:30,0.00037344280196824196
2025-10-28 09:25:00+05:30,0.0006303193549482541
2025-10-28 09:30:00+05:30,0.0015457133404310236
2025-10-28 09:35:00+05:30,-0.00039471693441972544
2025-10-28 09:40:00+05:30,-0.0003788197396580259
2025-10-28 09:45:00+05:30,-0.0002114245675057393
2025-10-28 09:50:00+05:30,-0.0011219049322076455
2025-10-28 09:55:00+05:30,-0.00022029757845569358
2025-10-28 10:00:00+05:30,-0.0014060178266131398
2025-10-28 10:05:00+05:30,-0.0006045384877987336
2025-10-28 10:10:00+05:30,-1.1427899790431748e-05
2025-10-28 10:15:00+05:30,-0.0003267926400645975
2025-10-28 10:20:00+05:30,-8.771240731474337e-05
2025-10-28 10:25:00+05:30,0.0002495921914003169
2025-10-28 10:30:00+05:30,-0.0008157219755055246
2025-10-28 10:35:00+05:30,-0.00034614918399971924
2025-10-28 10:40:00+05:30,0.0006943229393474523
2025-10-28 10:45:00+05:30,-1.8715319481680436e-05
2025-10-28 10:50:00+05:30,-0.0012059391519574593
2025-10-28 10:55:00+05:30,0.00020148771469662372
2025-10-28 11:00:00+05:30,-0.0009957291741236052
2025-10-28 11:05:00+05:30,0.00020105000986586337
2025-10-28 11:10:00+05:30,-0.00019350145292793436
2025-10-28 11:15:00+05:30,0.00017033313805862212
2025-10-28 11:20:00+05:30,0.0005685325657912752
2025-10-28 11:25:00+05:30,-0.00013647121733597727
2025-10-28 11:30:00+05:30,-0.00037803268600750996
2025-10-28 11:35:00+05:30,0.00036365593418053485
2025-10-28 11:40:00+05:30,-0.0001728663697719261
2025-10-28 11:45:00+05:30,0.0002731961447270071
2025-10-28 11:50:00+05:30,-5.765587922104833e-05
2025-10-28 11:55:00+05:30,-0.0008694980524207351
2025-10-28 12:00:00+05:30,-9.804939552539669e-05
2025-10-28 12:05:00+05:30,-0.00041309316949164474
2025-10-28 12:10:00+05:30,0.000507437108340792
2025-10-28 12:15:00+05:30,0.00013561129554069757
2025-10-28 12:20:00+05:30,0.0005833977594021057
2025-10-28 12:25:00+05:30,-9.967736754039263e-05
2025-10-28 12:30:00+05:30,0.0004782188042874096
2025-10-28 12:35:00+05:30,0.000979133523130294
2025-10-28 12:40:00+05:30,0.0009605876306336691
2025-10-28 12:45:00+05:30,-0.00030768562084340206
2025-10-28 12:50:00+05:30,0.0006097687141832962
2025-10-28 12:55:00+05:30,-0.0001903408214340225
2025-10-28 13:00:00+05:30,-0.0005510036929900165
2025-10-28 13:05:00+05:30,0.000632040094644249
2025-10-28 13:10:00+05:30,-0.0004528551360304389
2025-10-28 13:15:00+05:30,0.00016161060131922165
2025-10-28 13:20:00+05:30,0.00043350507887036417
2025-10-28 13:25:00+05:30,1.6866247796463057e-05
2025-10-28 13:30:00+05:30,-0.000185218271929352
2025-10-28 13:35:00+05:30,-0.00045519681528034307
2025-10-28 13:40:00+05:30,-0.0017499955122464862
2025-10-28 13:45:00+05:30,9.437557696147601e-05
2025-10-28 13:50:00+05:30,-0.00021294640812395902
2025-10-28 13:55:00+05:30,0.0002567158863532958
2025-10-28 14:00:00+05:30,-0.0007133249252484194
2025-10-28 14:05:00+05:30,-0.00014793806460601888
2025-10-28 14:10:00+05:30,0.00038958365249785435
2025-10-28 14:15:00+05:30,-0.0004953351985947579
2025-10-28 14:20:00+05:30,-8.112550885175374e-05
2025-10-28 14:25:00+05:30,-0.0007631802115947162
2025-10-28 14:30:00+05:30,-1.4330409774089925e-05
2025-10-28 14:35:00+05:30,2.0265367444705085e-05
2025-10-28 14:40:00+05:30,-7.684185235688392e-05
2025-10-28 14:45:00+05:30,-0.00030193330140914016
2025-10-28 14:50:00+05:30,0.000609576795870154
2025-10-28 14:55:00+05:30,0.0005130385517499126
2025-10-28 15:00:00+05:30,0.00230194665438222
2025-10-28 15:05:00+05:30,-0.0002685844412789506
2025-10-28 15:10:00+05:30,0.0007204889197168423
2025-10-28 15:15:00+05:30,0.0009669808599373409
2025-10-28 15:20:00+05:30,-0.0005888312911883689
2025-10-28 15:25:00+05:30,0.00036418780067254115
2025-10-29 09:15:00+05:30,0.0018124990936713452
2025-10-29 09:20:00+05:30,0.0006465448085605873
2025-10-29 09:25:00+05:30,0.0006462656173853384
2025-10-29 09:30:00+05:30,-0.00029004857226305454
2025-10-29 09:35:00+05:30,-0.0012844788217762097
2025-10-29 09:40:00+05:30,0.0005242535958637509
2025-10-29 09:45:00+05:30,-0.00019314366372628826
2025-10-29 09:50:00+05:30,0.0005656881301410703
2025-10-29 09:55:00+05:30,-0.0004679056741993099
2025-10-29 10:00:00+05:30,0.0007269211637388006
2025-10-29 10:05:00+05:30,-5.4290942652985606e-06
2025-10-29 10:10:00+05:30,0.0003282422002358854
2025-10-29 10:15:00+05:30,-0.00039241859262347623
2025-10-29 10:20:00+05:30,0.0007270771075252635
2025-10-29 10:25:00+05:30,0.0012287820478560129
2025-10-29 10:30:00+05:30,0.000967952242496035
2025-10-29 10:35:00+05:30,-0.0005850306474417883
2025-10-29 10:40:00+05:30,5.64407015766795e-05
2025-10-29 10:45:00+05:30,-0.0004340891016570337
2025-10-29 10:50:00+05:30,-0.0005261239715177154
2025-10-29 10:55:00+05:30,0.0007431020044879757
2025-10-29 11:00:00+05:30,-0.00025638941653920676
2025-10-29 11:05:00+05:30,0.00015304799771708702
2025-10-29 11:10:00+05:30,-0.0006287470100879769
2025-10-29 11:15:00+05:30,-0.00027149894034711756
2025-10-29 11:20:00+05:30,0.0004825755693764755
2025-10-29 11:25:00+05:30,0.0004147295792923038
2025-10-29 11:30:00+05:30,-0.00010462387247600624
2025-10-29 11:35:00+05:30,0.00024073773226701274
2025-10-29 11:40:00+05:30,0.0004992113924501975
2025-10-29 11:45:00+05:30,-0.0003445215795687509
2025-10-29 11:50:00+05:30,-0.000266569668119478
2025-10-29 11:55:00+05:30,-8.557897574822335e-05
2025-10-29 12:00:00+05:30,0.0004500675775026903
2025-10-29 12:05:00+05:30,0.000480280500329076
2025-10-29 12:10:00+05:30,3.375802304070746e-05
2025-10-29 12:15:00+05:30,-4.774520762236629e-05
2025-10-29 12:20:00+05:30,-0.0003852246202328386
2025-10-29 12:25:00+05:30,0.0005614702688243542
2025-10-29 12:30:00+05:30,-0.0001346176030115536
2025-10-29 12:35:00+05:30,0.00034850177990116516
2025-10-29 12:40:00+05:30,0.0004038919541228025
2025-10-29 12:45:00+05:30,4.262861621832268e-05
2025-10-29 12:50:00+05:30,-0.000386708403314182
2025-10-29 12:55:00+05:30,0.00010230434444433605
2025-10-29 13:00:00+05:30,-0.0006776847934261493
2025-10-29 13:05:00+05:30,0.0006506680588183805
2025-10-29 13:10:00+05:30,7.169260301794591e-08
2025-10-29 13:15:00+05:30,1.7773844892601954e-05
2025-10-29 13:20:00+05:30,-3.6809300576677805e-05
2025-10-29 13:25:00+05:30,-0.0003978462747091501
2025-10-29 13:30:00+05:30,0.0006572564051964619
2025-10-29 13:35:00+05:30,0.00032051528906132534
2025-10-29 13:40:00+05:30,-0.0005150765181472652
2025-10-29 13:45:00+05:30,9.244679750489295e-05
2025-10-29 13:50:00+05:30,0.0003237392188477628
2025-10-29 13:55:00+05:30,-0.000868194194678049
2025-10-29 14:00:00+05:30,-0.0005546829884435748
2025-10-29 14:05:00+05:30,-0.00042158653256566713
2025-10-29 14:10:00+05:30,0.00040602013959882484
2025-10-29 14:15:00+05:30,0.0008980352548884366
2025-10-29 14:20:00+05:30,-0.0008808715031495039
2025-10-29 14:25:00+05:30,0.0004265818356471499
2025-10-29 14:30:00+05:30,0.00012055925115850297
2025-10-29 14:35:00+05:30,0.00028820978227541235
2025-10-29 14:40:00+05:30,-0.00020501381679019053
2025-10-29 14:45:00+05:30,-0.0012186818605261233
2025-10-29 14:50:00+05:30,0.0008009244187984912
2025-10-29 14:55:00+05:30,0.00025728142909454163
2025-10-29 15:00:00+05:30,-0.00026009681733154074
2025-10-29 15:05:00+05:30,3.3739324192068397e-05
2025-10-29 15:10:00+05:30,0.0002638202636165403
2025-10-29 15:15:00+05:30,0.0005217454886192332
2025-10-29 15:20:00+05:30,0.00016312494833140159
2025-10-29 15:25:00+05:30,-0.0002682758125276349
2025-10-30 09:15:00+05:30,-0.00410853781410164
2025-10-30 09:20:00+05:30,-0.00024414765319364696
2025-10-30 09:25:00+05:30,2.2702123936034125e-05
2025-10-30 09:30:00+05:30,-0.0014949433786542658
2025-10-30 09:35:00+05:30,0.0001189455733070616
2025-10-30 09:40:00+05:30,-0.0006913999906761454
2025-10-30 09:45:00+05:30,0.000419010182673704
2025-10-30 09:50:00+05:30,-0.0009976157108295281
2025-10-30 09:55:00+05:30,0.00037870095778019515
2025-10-30 10:00:00+05:30,0.0003462707574132777
2025-10-30 10:05:00+05:30,0.0013576794028645229
2025-10-30 10:10:00+05:30,0.0004490555854769382
2025-10-30 10:15:00+05:30,-0.0009265284218521463
2025-10-30 10:20:00+05:30,0.001082132376875518
2025-10-30 10:25:00+05:30,-0.0007151563746632803
2025-10-30 10:30:00+05:30,-0.0005817616397446718
2025-10-30 10:35:00+05:30,0.00034037173423622457
2025-10-30 10:40:00+05:30,-0.00044980469744150325
2025-10-30 10:45:00+05:30,-0.00017332770185557748
2025-10-30 10:50:00+05:30,-0.0001523828714860477
2025-10-30 10:55:00+05:30,-7.771082202147704e-05
2025-10-30 11:00:00+05:30,0.00038976719233695914
2025-10-30 11:05:00+05:30,0.0006350677315996151
2025-10-30 11:10:00+05:30,0.0006388431320649467
2025-10-30 11:15:00+05:30,0.00011658126717219528
2025-10-30 11:20:00+05:30,0.00042626936049066906
2025-10-30 11:25:00+05:30,-0.0005441352041899147
2025-10-30 11:30:00+05:30,-0.0005273002854705153
2025-10-30 11:35:00+05:30,-0.00015614055631469074
2025-10-30 11:40:00+05:30,-7.538169199540259e-05
2025-10-30 11:45:00+05:30,0.00017491934297962275
2025-10-30 11:50:00+05:30,-0.0009445812186030683
2025-10-30 11:55:00+05:30,-4.526317639582491e-05
2025-10-30 12:00:00+05:30,0.0003052199534473034
2025-10-30 12:05:00+05:30,-0.00014363180343672437
2025-10-30 12:10:00+05:30,0.00011572633986393837
2025-10-30 12:15:00+05:30,-0.0004229155984802832
2025-10-30 12:20:00+05:30,0.0008383446879264172
2025-10-30 12:25:00+05:30,-0.00010295097770076762
2025-10-30 12:30:00+05:30,-0.0003482479868841128
2025-10-30 12:35:00+05:30,0.0006522364641172027
2025-10-30 12:40:00+05:30,2.909587181412911e-05
2025-10-30 12:45:00+05:30,-7.828834255342368e-05
2025-10-30 12:50:00+05:30,-0.00024137418795245366
2025-10-30 12:55:00+05:30,-0.0002819640636333676
2025-10-30 13:00:00+05:30,0.00022642996321457117
2025-10-30 13:05:00+05:30,-0.00015923903101609427
2025-10-30 13:10:00+05:30,0.00028135698608352345
2025-10-30 13:15:00+05:30,0.00016923932127107348
2025-10-30 13:20:00+05:30,-0.0008681585364878414
2025-10-30 13:25:00+05:30,-0.00038384856574236767
2025-10-30 13:30:00+05:30,-0.000637391651619234
2025-10-30 13:35:00+05:30,0.00010739648219237896
2025-10-30 13:40:00+05:30,7.465426388759455e-05
2025-10-30 13:45:00+05:30,-0.00038217728688260647
2025-10-30 13:50:00+05:30,0.0005192370567141655
2025-10-30 13:55:00+05:30,0.00065136589463962
2025-10-30 14:00:00+05:30,-0.0003800174301430484
2025-10-30 14:05:00+05:30,-0.00020424997956287956
2025-10-30 14:10:00+05:30,0.00029971377796115427
2025-10-30 14:15:00+05:30,-4.626466977138217e-05
2025-10-30 14:20:00+05:30,0.0004435578689088697
2025-10-30 14:25:00+05:30,-1.4236161583317705e-05
2025-10-30 14:30:00+05:30,-0.00047659421716528846
2025-10-30 14:35:00+05:30,0.0004535255834563139
2025-10-30 14:40:00+05:30,0.0008025778268275072
2025-10-30 14:45:00+05:30,-0.0006500474518087674
2025-10-30 14:50:00+05:30,-0.000818916161850831
2025-10-30 14:55:00+05:30,0.00023595156078840142
2025-10-30 15:00:00+05:30,3.8761725255538104e-05
2025-10-30 15:05:00+05:30,0.00013072567287117804
2025-10-30 15:10:00+05:30,0.0002662239963224321
2025-10-30 15:15:00+05:30,0.00028044142728478913
2025-10-30 15:20:00+05:30,-0.0001096642684548992
2025-10-30 15:25:00+05:30,0.0003398348228401507
2025-10-31 09:15:00+05:30,-0.000718189738465462
2025-10-31 09:20:00+05:30,0.001016169161579194
2025-10-31 09:25:00+05:30,0.0009154257378630912
2025-10-31 09:30:00+05:30,0.0012397829816577922
2025-10-31 09:35:00+05:30,-0.0002002622898005995
2025-10-31 09:40:00+05:30,-0.000285554073594336
2025-10-31 09:45:00+05:30,1.2431841998564322e-05
2025-10-31 09:50:00+05:30,-0.0002382515612409565
2025-10-31 09:55:00+05:30,0.0003058549639652265
2025-10-31 10:00:00+05:30,-0.0009690371970947879
2025-10-31 10:05:00+05:30,-0.0006380146392019542
2025-10-31 10:10:00+05:30,0.00024917050551183443
2025-10-31 10:15:00+05:30,-0.0006616112300554168
2025-10-31 10:20:00+05:30,-0.0009798962528589216
2025-10-31 10:25:00+05:30,0.0001345794697221444
2025-10-31 10:30:00+05:30,-0.0011532503096740646
2025-10-31 10:35:00+05:30,-0.0004968569955406604
2025-10-31 10:40:00+05:30,0.0010572690650576884
2025-10-31 10:45:00+05:30,0.0003284411533384569
2025-10-31 10:50:00+05:30,-0.0007254737096845245
2025-10-31 10:55:00+05:30,-0.0001415402961299816
2025-10-31 11:00:00+05:30,-0.0006460484147894469
2025-10-31 11:05:00+05:30,-7.833689983657124e-05
2025-10-31 11:10:00+05:30,4.999975420763142e-05
2025-10-31 11:15:00+05:30,0.000622351347344861
2025-10-31 11:20:00+05:30,0.00034226499145616424
2025-10-31 11:25:00+05:30,-0.00028483035572884603
2025-10-31 11:30:00+05:30,0.0006580099831358801
2025-10-31 11:35:00+05:30,-6.235329114445687e-05
2025-10-31 11:40:00+05:30,0.0005576448922383305
2025-10-31 11:45:00+05:30,-0.00028098981958822817
2025-10-31 11:50:00+05:30,0.0009762063340958971
2025-10-31 11:55:00+05:30,-0.00017642351191204356
2025-10-31 12:00:00+05:30,0.00014137079393335212
2025-10-31 12:05:00+05:30,-0.0002901235684545571
2025-10-31 12:10:00+05:30,-0.0007798918903385401
2025-10-31 12:15:00+05:30,0.00034237762318256007
2025-10-31 12:20:00+05:30,-0.000866275943563366
2025-10-31 12:25:00+05:30,-9.006861933706571e-05
2025-10-31 12:30:00+05:30,0.00016174573053321547
2025-10-31 12:35:00+05:30,8.271193721353624e-05
2025-10-31 12:40:00+05:30,-0.00031363989923299514
2025-10-31 12:45:00+05:30,0.00020236837821925078
2025-10-31 12:50:00+05:30,-2.027448628018712e-05
2025-10-31 12:55:00+05:30,0.00023986826128546092
2025-10-31 13:00:00+05:30,0.0002073119799572289
2025-10-31 13:05:00+05:30,-4.614643392543197e-05
2025-10-31 13:10:00+05:30,-0.00034809122099398984
2025-10-31 13:15:00+05:30,0.00025959428103144706
2025-10-31 13:20:00+05:30,-0.0004692051832259888
2025-10-31 13:25:00+05:30,-0.00040343994357875567
2025-10-31 13:30:00+05:30,0.00025125657360685293
2025-10-31 13:35:00+05:30,-0.0004784719014561824
2025-10-31 13:40:00+05:30,0.00010794910529369381
2025-10-31 13:45:00+05:30,-0.00027885691465339964
2025-10-31 13:50:00+05:30,0.00017781120304956395
2025-10-31 13:55:00+05:30,8.918756714474572e-05
2025-10-31 14:00:00+05:30,7.62366068293806e-05
2025-10-31 14:05:00+05:30,-0.0002300654486374445
2025-10-31 14:10:00+05:30,0.0001113964981621348
2025-10-31 14:15:00+05:30,-0.0006365543769244884
2025-10-31 14:20:00+05:30,-0.000311755831651515
2025-10-31 14:25:00+05:30,0.000978689149944899
2025-10-31 14:30:00+05:30,-0.00020529121625110692
2025-10-31 14:35:00+05:30,-0.0003677235150059425
2025-10-31 14:40:00+05:30,-0.0001249177698387534
2025-10-31 14:45:00+05:30,-0.00015385942658141527
2025-10-31 14:50:00+05:30,-0.000713501992643499
2025-10-31 14:55:00+05:30,0.0003307836574099814
2025-10-31 15:00:00+05:30,-0.001003933862485832
2025-10-31 15:05:00+05:30,1.7646598442149453e-07
2025-10-31 15:10:00+05:30,-0.00019223956724372617
2025-10-31 15:15:00+05:30,-0.00012040589824493637
2025-10-31 15:20:00+05:30,0.0004656389421697712
2025-10-31 15:25:00+05:30,0.00013427009557310274
2025-11-03 09:15:00+05:30,-0.00192608902870424
2025-11-03 09:20:00+05:30,-0.00017703336218138617
2025-11-03 09:25:00+05:30,0.0003500370615726611
2025-11-03 09:30:00+05:30,-0.0006955003769155933
2025-11-03 09:35:00+05:30,0.0013824336539833778
2025-11-03 09:40:00+05:30,0.0004155245572281179
2025-11-03 09:45:00+05:30,0.000524247590057349
2025-11-03 09:50:00+05:30,-0.0004425156624843043
2025-11-03 09:55:00+05:30,0.0005498731547903637
2025-11-03 10:00:00+05:30,-0.0008810695212400194
2025-11-03 10:05:00+05:30,-0.0006918824607207631
2025-11-03 10:10:00+05:30,5.5593543736187634e-05
2025-11-03 10:15:00+05:30,6.0706062524121396e-05
2025-11-03 10:20:00+05:30,0.0005077758328492747
2025-11-03 10:25:00+05:30,0.00010540229244179014
2025-11-03 10:30:00+05:30,0.00011490570344232041
2025-11-03 10:35:00+05:30,0.0008734770776906285
2025-11-03 10:40:00+05:30,0.0005136437665951288
2025-11-03 10:45:00+05:30,-0.000504651257758238
2025-11-03 10:50:00+05:30,-0.00032988846286246805
2025-11-03 10:55:00+05:30,0.00019635910524376667
2025-11-03 11:00:00+05:30,0.00012582815011104382
2025-11-03 11:05:00+05:30,0.0005878488171730563
2025-11-03 11:10:00+05:30,-0.00018527030340846555
2025-11-03 11:15:00+05:30,0.00012991633586110685
2025-11-03 11:20:00+05:30,-0.00015014491941393212
2025-11-03 11:25:00+05:30,-0.00032152883172060543
2025-11-03 11:30:00+05:30,-9.557041376090662e-05
2025-11-03 11:35:00+05:30,-0.0007063502507471909
2025-11-03 11:40:00+05:30,-0.0004468870201721019
2025-11-03 11:45:00+05:30,-0.00018426188547519159
2025-11-03 11:50:00+05:30,2.3330068861466007e-05
2025-11-03 11:55:00+05:30,-0.0002440155723479536
2025-11-03 12:00:00+05:30,-0.00022424579445483244
2025-11-03 12:05:00+05:30,-0.0005523434064151491
2025-11-03 12:10:00+05:30,-2.825002833964509e-05
2025-11-03 12:15:00+05:30,0.00044934091651978384
2025-11-03 12:20:00+05:30,0.0002931084638528168
2025-11-03 12:25:00+05:30,-0.000134574613247647
2025-11-03 12:30:00+05:30,-0.00011545662457834727
2025-11-03 12:35:00+05:30,7.738511365957006e-05
2025-11-03 12:40:00+05:30,0.00041490967173991937
2025-11-03 12:45:00+05:30,0.0003262881711226678
2025-11-03 12:50:00+05:30,-0.0001681640571149384
2025-11-03 12:55:00+05:30,0.0005023061346564342
2025-11-03 13:00:00+05:30,-0.0003166336544941391
2025-11-03 13:05:00+05:30,0.0005952803945345855
2025-11-03 13:10:00+05:30,-0.00016535259982357843
2025-11-03 13:15:00+05:30,0.00041547317335677877
2025-11-03 13:20:00+05:30,-0.00026865231511130627
2025-11-03 13:25:00+05:30,4.488597942728817e-06
2025-11-03 13:30:00+05:30,7.266913144312721e-05
2025-11-03 13:35:00+05:30,-8.711240818252901e-05
2025-11-03 13:40:00+05:30,0.00018397011759343612
2025-11-03 13:45:00+05:30,-0.0007898471865730741
2025-11-03 13:50:00+05:30,0.00019757248427730798
2025-11-03 13:55:00+05:30,0.0006581595727461753
2025-11-03 14:00:00+05:30,0.00010661984638249995
2025-11-03 14:05:00+05:30,-0.00029582097167544114
2025-11-03 14:10:00+05:30,0.00044944790649462254
2025-11-03 14:15:00+05:30,0.000523431903454029
2025-11-03 14:20:00+05:30,0.0003239533142175522
2025-11-03 14:25:00+05:30,-0.0004967483381411263
2025-11-03 14:30:00+05:30,-0.00024663540061981893
2025-11-03 14:35:00+05:30,0.00017831022381864514
2025-11-03 14:40:00+05:30,-0.0001725476300775978
2025-11-03 14:45:00+05:30,-0.001123038339444949
2025-11-03 14:50:00+05:30,0.0005557649595512771
2025-11-03 14:55:00+05:30,-4.0317298829052385e-05
2025-11-03 15:00:00+05:30,-0.00012401250619525613
2025-11-03 15:05:00+05:30,0.0004832335770516005
2025-11-03 15:10:00+05:30,5.3049147670622265e-05
2025-11-03 15:15:00+05:30,0.0003881559557180497
2025-11-03 15:20:00+05:30,-0.00043139804668616176
2025-11-03 15:25:00+05:30,0.00022627402327202758
2025-11-04 09:15:00+05:30,-0.0008136018923239867
2025-11-04 09:20:00+05:30,4.507548319980441e-05
2025-11-04 09:25:00+05:30,-0.0009926458087770509
2025-11-04 09:30:00+05:30,-0.0008806397751771319
2025-11-04 09:35:00+05:30,0.0003563026657593846
2025-11-04 09:40:00+05:30,0.0001315036214345945
2025-11-04 09:45:00+05:30,-0.0009404675223340506
2025-11-04 09:50:00+05:30,0.00012165010655103938
2025-11-04 09:55:00+05:30,4.17273965665926e-05
2025-11-04 10:00:00+05:30,0.00041546783843996637
2025-11-04 10:05:00+05:30,-0.00027989261236580515
2025-11-04 10:10:00+05:30,-0.0006456734402455696
2025-11-04 10:15:00+05:30,-0.0004364006815715921
2025-11-04 10:20:00+05:30,0.0006967079350539535
2025-11-04 10:25:00+05:30,0.00027059262154877377
2025-11-04 10:30:00+05:30,0.00010186423585386981
2025-11-04 10:35:00+05:30,-0.0005453054849466138
2025-11-04 10:40:00+05:30,-0.00031399803798511165
2025-11-04 10:45:00+05:30,0.00027713841867026937
2025-11-04 10:50:00+05:30,1.9834705351016635e-05
2025-11-04 10:55:00+05:30,0.0005132542784320153
2025-11-04 11:00:00+05:30,-0.0005930866892521408
2025-11-04 11:05:00+05:30,-0.0004345763825753334
2025-11-04 11:10:00+05:30,-0.00010808565914198122
2025-11-04 11:15:00+05:30,-0.00017933049855309156
2025-11-04 11:20:00+05:30,-0.0005889095523894033
2025-11-04 11:25:00+05:30,0.00048388349396215845
2025-11-04 11:30:00+05:30,-0.000823869005117369
2025-11-04 11:35:00+05:30,-9.015004228855215e-05
2025-11-04 11:40:00+05:30,0.00020097664273312002
2025-11-04 11:45:00+05:30,0.00015664926127936942
2025-11-04 11:50:00+05:30,-0.00022040789678569683
2025-11-04 11:55:00+05:30,-0.00012885344419028292
2025-11-04 12:00:00+05:30,0.00017646675690522647
2025-11-04 12:05:00+05:30,2.8831059405145637e-05
2025-11-04 12:10:00+05:30,0.00014016915923078637
2025-11-04 12:15:00+05:30,0.00016684347538063968
2025-11-04 12:20:00+05:30,-7.146863225433804e-05
2025-11-04 12:25:00+05:30,-0.0002865340526423574
2025-11-04 12:30:00+05:30,-2.0203122565722992e-05
2025-11-04 12:35:00+05:30,-4.5843397503067105e-05
2025-11-04 12:40:00+05:30,0.00033423902897578017
2025-11-04 12:45:00+05:30,7.941396748662192e-05
2025-11-04 12:50:00+05:30,-0.0005965639234161099
2025-11-04 12:55:00+05:30,0.0002742205960296384
2025-11-04 13:00:00+05:30,-8.897910183133064e-05
2025-11-04 13:05:00+05:30,-3.8647845500911815e-05
2025-11-04 13:10:00+05:30,-0.0004403354347868257
2025-11-04 13:15:00+05:30,9.668259229145271e-05
2025-11-04 13:20:00+05:30,8.438050175260523e-05
2025-11-04 13:25:00+05:30,0.0005778408844788167
2025-11-04 13:30:00+05:30,-0.0004007401019791959
2025-11-04 13:35:00+05:30,0.0012176002282239427
2025-11-04 13:40:00+05:30,-0.00014571537831589856
2025-11-04 13:45:00+05:30,-0.0002317383287351491
2025-11-04 13:50:00+05:30,-0.00018383180011309546
2025-11-04 13:55:00+05:30,3.1723115320940977e-06
2025-11-04 14:00:00+05:30,-0.00046615375542349407
2025-11-04 14:05:00+05:30,0.00011394436140590553
2025-11-04 14:10:00+05:30,-0.0011346938502406873
2025-11-04 14:15:00+05:30,0.00010247967369419142
2025-11-04 14:20:00+05:30,-0.0003998293025615963
2025-11-04 14:25:00+05:30,0.0002118999700110372
2025-11-04 14:30:00+05:30,0.0003997119744382333
2025-11-04 14:35:00+05:30,0.00011954000757263827
2025-11-04 14:40:00+05:30,-0.000342952072418079
2025-11-04 14:45:00+05:30,-0.0002899548847491089
2025-11-04 14:50:00+05:30,-0.00015498869841213433
2025-11-04 14:55:00+05:30,0.00033327646673543906
2025-11-04 15:00:00+05:30,-0.0002404175570870593
2025-11-04 15:05:00+05:30,4.256741483824775e-05
2025-11-04 15:10:00+05:30,0.00017446888648317414
2025-11-04 15:15:00+05:30,-0.0002753512204078408
2025-11-04 15:20:00+05:30,0.0002164345548909424
2025-11-04 15:25:00+05:30,-0.0003322310734922752
2025-11-06 09:15:00+05:30,0.00576787604591757
2025-11-06 09:20:00+05:30,-0.00022363745898895378
2025-11-06 09:25:00+05:30,-0.001324626536835247
2025-11-06 09:30:00+05:30,-0.0002206080660718666
2025-11-06 09:35:00+05:30,-0.0008349287178922991
2025-11-06 09:40:00+05:30,-0.001307945223490402
2025-11-06 09:45:00+05:30,-0.00033707619681760655
2025-11-06 09:50:00+05:30,0.0008256259537830695
2025-11-06 09:55:00+05:30,0.0003947038630474835
2025-11-06 10:00:00+05:30,-0.0008373018390245466
2025-11-06 10:05:00+05:30,-0.0017114735705963697
2025-11-06 10:10:00+05:30,-0.0010519905999609783
2025-11-06 10:15:00+05:30,-0.0001216078367216892
2025-11-06 10:20:00+05:30,0.0001242538182595752
2025-11-06 10:25:00+05:30,-4.679318990655359e-05
2025-11-06 10:30:00+05:30,-0.00038507246688970325
2025-11-06 10:35:00+05:30,-0.00030492695436209295
2025-11-06 10:40:00+05:30,0.000599705664049678
2025-11-06 10:45:00+05:30,0.00039918224587154913
2025-11-06 10:50:00+05:30,0.0008323304842067692
2025-11-06 10:55:00+05:30,0.00021239434398263356
2025-11-06 11:00:00+05:30,0.0003246720127833879
2025-11-06 11:05:00+05:30,-0.0003991798851988275
2025-11-06 11:10:00+05:30,-0.0003429410754971963
2025-11-06 11:15:00+05:30,-0.0006182592499498076
2025-11-06 11:20:00+05:30,-0.00020109452324409825
2025-11-06 11:25:00+05:30,0.00016924222614959832
2025-11-06 11:30:00+05:30,-0.0003867010949787539
2025-11-06 11:35:00+05:30,0.0001437873123231123
2025-11-06 11:40:00+05:30,-6.365624941705976e-05
2025-11-06 11:45:00+05:30,0.0008695113048566148
2025-11-06 11:50:00+05:30,0.00031702686441788323
2025-11-06 11:55:00+05:30,0.00022462073477536038
2025-11-06 12:00:00+05:30,7.508920920204936e-05
2025-11-06 12:05:00+05:30,-0.00044085482684358705
2025-11-06 12:10:00+05:30,-0.00047698706743316615
2025-11-06 12:15:00+05:30,0.0003268180013047873
2025-11-06 12:20:00+05:30,-0.00038290501686701425
2025-11-06 12:25:00+05:30,0.00010525399738868732
2025-11-06 12:30:00+05:30,0.0004972292376524909
2025-11-06 12:35:00+05:30,2.7850758112489766e-05
2025-11-06 12:40:00+05:30,0.00011351425521248442
2025-11-06 12:45:00+05:30,0.0013814268916802223
2025-11-06 12:50:00+05:30,0.0002622243421353444
2025-11-06 12:55:00+05:30,-0.00026678199691796295
2025-11-06 13:00:00+05:30,0.0001944526535848353
2025-11-06 13:05:00+05:30,-0.000882406753344804
2025-11-06 13:10:00+05:30,0.0002871857740297874
2025-11-06 13:15:00+05:30,-0.0003444497043354711
2025-11-06 13:20:00+05:30,0.000484216197474501
2025-11-06 13:25:00+05:30,-0.000284998513008257
2025-11-06 13:30:00+05:30,-7.840058363520343e-05
2025-11-06 13:35:00+05:30,-5.1607445886970916e-05
2025-11-06 13:40:00+05:30,-0.00032957289031256947
2025-11-06 13:45:00+05:30,-0.000984851525258892
2025-11-06 13:50:00+05:30,-0.0006154518187436322
2025-11-06 13:55:00+05:30,0.0007552038641627936
2025-11-06 14:00:00+05:30,-0.00038327018568324646
2025-11-06 14:05:00+05:30,0.00030698851900104023
2025-11-06 14:10:00+05:30,0.0004987470779698539
2025-11-06 14:15:00+05:30,-0.00030265620743335174
2025-11-06 14:20:00+05:30,-0.0003021759959372343
2025-11-06 14:25:00+05:30,8.532359018133627e-05
2025-11-06 14:30:00+05:30,0.00037384240986987045
2025-11-06 14:35:00+05:30,-0.00012333730617255045
2025-11-06 14:40:00+05:30,9.885103781295374e-05
2025-11-06 14:45:00+05:30,-0.0003716080155627089
2025-11-06 14:50:00+05:30,0.000506682223373163
2025-11-06 14:55:00+05:30,0.0002721630168749261
2025-11-06 15:00:00+05:30,-0.0012882623441307784
2025-11-06 15:05:00+05:30,-0.00024469888709188173
2025-11-06 15:10:00+05:30,-0.00038576452903547523
2025-11-06 15:15:00+05:30,0.00015303172571171816
2025-11-06 15:20:00+05:30,-1.1099630045173722e-05
2025-11-06 15:25:00+05:30,0.0001969773408687472
2025-11-07 09:15:00+05:30,-0.005967843024716529
2025-11-07 09:20:00+05:30,-0.002392312196769415
2025-11-07 09:25:00+05:30,0.0006803719846750299
2025-11-07 09:30:00+05:30,-0.0011377414070586549
2025-11-07 09:35:00+05:30,0.0009709026729165691
2025-11-07 09:40:00+05:30,0.0007340297267883475
2025-11-07 09:45:00+05:30,0.0008637218047557665
2025-11-07 09:50:00+05:30,-0.0011534256782891911
2025-11-07 09:55:00+05:30,-0.000279349394818066
2025-11-07 10:00:00+05:30,-0.0001210237827033357
2025-11-07 10:05:00+05:30,-0.0003633464552942626
2025-11-07 10:10:00+05:30,0.00045603975680215473
2025-11-07 10:15:00+05:30,-1.7440463096245707e-05
2025-11-07 10:20:00+05:30,0.0004316677000963533
2025-11-07 10:25:00+05:30,3.696882750515776e-05
2025-11-07 10:30:00+05:30,0.0003809819435307677
2025-11-07 10:35:00+05:30,0.00024139734066809892
2025-11-07 10:40:00+05:30,0.000568705481911376
2025-11-07 10:45:00+05:30,-0.00020693590381427654
2025-11-07 10:50:00+05:30,-0.0005432762053497507
2025-11-07 10:55:00+05:30,-0.0004823132400678314
2025-11-07 11:00:00+05:30,0.0005824871605579412
2025-11-07 11:05:00+05:30,0.00033088755384774445
2025-11-07 11:10:00+05:30,0.0017202524634566513
2025-11-07 11:15:00+05:30,5.717329606396382e-06
2025-11-07 11:20:00+05:30,0.0004169482059929759
2025-11-07 11:25:00+05:30,0.00040569605052671946
2025-11-07 11:30:00+05:30,0.0009798463297547913
2025-11-07 11:35:00+05:30,-0.00021924270523920875
2025-11-07 11:40:00+05:30,-4.498395249806716e-05
2025-11-07 11:45:00+05:30,-0.0006389545749949187
2025-11-07 11:50:00+05:30,2.4824386729729425e-05
2025-11-07 11:55:00+05:30,1.704466281772875e-05
2025-11-07 12:00:00+05:30,0.0003507436539005315
2025-11-07 12:05:00+05:30,-9.207589253708366e-05
2025-11-07 12:10:00+05:30,1.489761946913298e-05
2025-11-07 12:15:00+05:30,5.56862804578813e-05
2025-11-07 12:20:00+05:30,-0.00041131318822388473
2025-11-07 12:25:00+05:30,0.0002569500005090007
2025-11-07 12:30:00+05:30,0.0003090045909580619
2025-11-07 12:35:00+05:30,0.00015503756959242993
2025-11-07 12:40:00+05:30,0.00039487469246544
2025-11-07 12:45:00+05:30,0.000304570736908471
2025-11-07 12:50:00+05:30,-0.00040298425946204056
2025-11-07 12:55:00+05:30,0.0007513154610500646
2025-11-07 13:00:00+05:30,0.00026931186690984523
2025-11-07 13:05:00+05:30,0.00010255012927471909
2025-11-07 13:10:00+05:30,2.984370816168442e-06
2025-11-07 13:15:00+05:30,0.0002283243507898582
2025-11-07 13:20:00+05:30,7.65771594287584e-05
2025-11-07 13:25:00+05:30,0.001499958423526331
2025-11-07 13:30:00+05:30,0.00021551391041671914
2025-11-07 13:35:00+05:30,0.00011887954273910084
2025-11-07 13:40:00+05:30,8.094251182173317e-05
2025-11-07 13:45:00+05:30,-0.00029063177302190405
2025-11-07 13:50:00+05:30,-0.0002985577228185511
2025-11-07 13:55:00+05:30,-0.0010413224012997796
2025-11-07 14:00:00+05:30,-0.0006729640467780387
2025-11-07 14:05:00+05:30,4.235795998556928e-05
2025-11-07 14:10:00+05:30,0.00027394081043062205
2025-11-07 14:15:00+05:30,0.0004340723998791958
2025-11-07 14:20:00+05:30,0.0012916328214922267
2025-11-07 14:25:00+05:30,0.0005864178627531816
2025-11-07 14:30:00+05:30,-0.00033228747277799054
2025-11-07 14:35:00+05:30,4.2650935695074855e-05
2025-11-07 14:40:00+05:30,-0.00017543666054638325
2025-11-07 14:45:00+05:30,-0.0005700635354252839
2025-11-07 14:50:00+05:30,-0.0004884236500421263
2025-11-07 14:55:00+05:30,-0.00025486978733840467
2025-11-07 15:00:00+05:30,-0.00047586279732898877
2025-11-07 15:05:00+05:30,9.221567396827375e-05
2025-11-07 15:10:00+05:30,0.00030178342561924446
2025-11-07 15:15:00+05:30,0.00039692493367087477
2025-11-07 15:20:00+05:30,8.82754540459648e-07
2025-11-07 15:25:00+05:30,0.00024059507158253072
2025-11-10 09:15:00+05:30,0.0027981458501230337
2025-11-10 09:20:00+05:30,-0.0007731356446454226
2025-11-10 09:25:00+05:30,0.00031855469752449734
2025-11-10 09:30:00+05:30,0.0008697641620687716
2025-11-10 09:35:00+05:30,0.0002784308147680241
2025-11-10 09:40:00+05:30,-0.0007822073720390163
2025-11-10 09:45:00+05:30,0.0010116750082658805
2025-11-10 09:50:00+05:30,0.0004134183944249213
2025-11-10 09:55:00+05:30,-0.0007746293446387769
2025-11-10 10:00:00+05:30,-0.0003908548493759545
2025-11-10 10:05:00+05:30,0.00047468370257073173
2025-11-10 10:10:00+05:30,0.0005291895829233559
2025-11-10 10:15:00+05:30,0.0008979446304547658
2025-11-10 10:20:00+05:30,0.0007927046925206206
2025-11-10 10:25:00+05:30,-8.023010452085089e-05
2025-11-10 10:30:00+05:30,-1.0660532049677762e-05
2025-11-10 10:35:00+05:30,-0.000699575976813629
2025-11-10 10:40:00+05:30,1.8474406115272307e-05
2025-11-10 10:45:00+05:30,-0.00015256429160161544
2025-11-10 10:50:00+05:30,0.0003755931409512756
2025-11-10 10:55:00+05:30,0.00034120858496252505
2025-11-10 11:00:00+05:30,0.00040033776727523956
2025-11-10 11:05:00+05:30,-0.00032558660833918073
2025-11-10 11:10:00+05:30,0.0002682433788829644
2025-11-10 11:15:00+05:30,0.00026488398311081145
2025-11-10 11:20:00+05:30,0.0004064889065337722
2025-11-10 11:25:00+05:30,0.00029784713937279424
2025-11-10 11:30:00+05:30,-0.00023255451802638963
2025-11-10 11:35:00+05:30,5.214337258819286e-05
2025-11-10 11:40:00+05:30,-0.0003458597402419506
2025-11-10 11:45:00+05:30,0.00011996999151348875
2025-11-10 11:50:00+05:30,0.0001903092146330215
2025-11-10 11:55:00+05:30,-0.0004873097336321318
2025-11-10 12:00:00+05:30,3.846923793790334e-06
2025-11-10 12:05:00+05:30,0.00017741495470754257
2025-11-10 12:10:00+05:30,-7.35571625493209e-05
2025-11-10 12:15:00+05:30,0.00033257709075509406
2025-11-10 12:20:00+05:30,0.0001226158875071773
2025-11-10 12:25:00+05:30,0.00016330325184989535
2025-11-10 12:30:00+05:30,0.000159026702588044
2025-11-10 12:35:00+05:30,9.614630389491379e-05
2025-11-10 12:40:00+05:30,0.000183091885345961
2025-11-10 12:45:00+05:30,-0.00015480729247511379
2025-11-10 12:50:00+05:30,0.0002173976398259605
2025-11-10 12:55:00+05:30,-8.301154540996991e-06
2025-11-10 13:00:00+05:30,9.184662712084717e-05
2025-11-10 13:05:00+05:30,-0.00022657677315056284
2025-11-10 13:10:00+05:30,-0.00016201789690347516
2025-11-10 13:15:00+05:30,0.0002902300489967886
2025-11-10 13:20:00+05:30,-3.324200140679339e-05
2025-11-10 13:25:00+05:30,2.4391460702491575e-05
2025-11-10 13:30:00+05:30,2.6573375178090846e-05
2025-11-10 13:35:00+05:30,4.9206812593928285e-06
2025-11-10 13:40:00+05:30,-0.0010834226577117628
2025-11-10 13:45:00+05:30,0.00011824112303387102
2025-11-10 13:50:00+05:30,-0.00024219098910863886
2025-11-10 13:55:00+05:30,-0.00033115136580057143
2025-11-10 14:00:00+05:30,0.0008153616428341921
2025-11-10 14:05:00+05:30,0.00023691880700463388
2025-11-10 14:10:00+05:30,6.509084135765178e-05
2025-11-10 14:15:00+05:30,0.00020271721809805268
2025-11-10 14:20:00+05:30,0.0006443550204482513
2025-11-10 14:25:00+05:30,-0.00026432322378587195
2025-11-10 14:30:00+05:30,-0.0003928118834546357
2025-11-10 14:35:00+05:30,0.0002356367052442617
2025-11-10 14:40:00+05:30,-0.0009254530889822281
2025-11-10 14:45:00+05:30,0.00023590323071447021
2025-11-10 14:50:00+05:30,-7.170973230253899e-05
2025-11-10 14:55:00+05:30,3.8175459554937904e-07
2025-11-10 15:00:00+05:30,-0.00035982638504455055
2025-11-10 15:05:00+05:30,-0.0002864140034839889
2025-11-10 15:10:00+05:30,-0.0007195780230591145
2025-11-10 15:15:00+05:30,-0.00011140618593640765
2025-11-10 15:20:00+05:30,3.106573167432902e-05
2025-11-10 15:25:00+05:30,0.0002367560356750202
2025-11-11 09:15:00+05:30,0.002227369629053829
2025-11-11 09:20:00+05:30,-6.440764790950406e-05
2025-11-11 09:25:00+05:30,-0.0005196030519478233
2025-11-11 09:30:00+05:30,-0.00046262838194328985
2025-11-11 09:35:00+05:30,0.00015734590463430194
2025-11-11 09:40:00+05:30,0.000657129609380469
2025-11-11 09:45:00+05:30,-0.0011385020715820944
2025-11-11 09:50:00+05:30,-0.00010363231055023435
2025-11-11 09:55:00+05:30,0.0007164063396431059
2025-11-11 10:00:00+05:30,3.1639567107160914e-05
2025-11-11 10:05:00+05:30,0.0006523565803998423
2025-11-11 10:10:00+05:30,-0.0012207389773051247
2025-11-11 10:15:00+05:30,8.168459806223716e-05
2025-11-11 10:20:00+05:30,-0.0007148349605153578
2025-11-11 10:25:00+05:30,8.137307507767661e-05
2025-11-11 10:30:00+05:30,-0.0007962532509591757
2025-11-11 10:35:00+05:30,-0.0005114780226698727
2025-11-11 10:40:00+05:30,0.00028901293845763404
2025-11-11 10:45:00+05:30,5.730143115388243e-05
2025-11-11 10:50:00+05:30,0.0006567670464268444
2025-11-11 10:55:00+05:30,0.00049277359676854
2025-11-11 11:00:00+05:30,-0.0001666362645622763
2025-11-11 11:05:00+05:30,0.00019530645240630867
2025-11-11 11:10:00+05:30,-8.01199974799216e-05
2025-11-11 11:15:00+05:30,-0.00014430310608473223
2025-11-11 11:20:00+05:30,-0.00018347462238682262
2025-11-11 11:25:00+05:30,0.00016729700285547216
2025-11-11 11:30:00+05:30,0.00011053062324991416
2025-11-11 11:35:00+05:30,0.0003256790170230903
2025-11-11 11:40:00+05:30,0.0005083670321717894
2025-11-11 11:45:00+05:30,0.0001399338517787776
2025-11-11 11:50:00+05:30,0.0008643783054111895
2025-11-11 11:55:00+05:30,-1.3853341785315767e-05
2025-11-11 12:00:00+05:30,0.0003041914439643365
2025-11-11 12:05:00+05:30,-0.00010878386432996259
2025-11-11 12:10:00+05:30,-0.00013808435426353985
2025-11-11 12:15:00+05:30,0.00019925062232044834
2025-11-11 12:20:00+05:30,0.000344526617162368
2025-11-11 12:25:00+05:30,0.0005625655297416309
2025-11-11 12:30:00+05:30,0.00045641564283198887
2025-11-11 12:35:00+05:30,-0.000617499116057118
2025-11-11 12:40:00+05:30,-0.00010495592977631165
2025-11-11 12:45:00+05:30,0.0002491269827584916
2025-11-11 12:50:00+05:30,-0.00035842265268539846
2025-11-11 12:55:00+05:30,-7.355694746100532e-05
2025-11-11 13:00:00+05:30,0.0001818040806828423
2025-11-11 13:05:00+05:30,0.00021572109795396863
2025-11-11 13:10:00+05:30,0.0004714663851448715
2025-11-11 13:15:00+05:30,0.0008055956249008135
2025-11-11 13:20:00+05:30,0.00019754913757389533
2025-11-11 13:25:00+05:30,-0.0002857660730914862
2025-11-11 13:30:00+05:30,0.0006828097910060537
2025-11-11 13:35:00+05:30,0.0005740699781726176
2025-11-11 13:40:00+05:30,-0.0005474801978551804
2025-11-11 13:45:00+05:30,0.001245722230698164
2025-11-11 13:50:00+05:30,0.00017316482879690587
2025-11-11 13:55:00+05:30,-0.0012824633959046539
2025-11-11 14:00:00+05:30,0.0004252561783133724
2025-11-11 14:05:00+05:30,0.0005838756191305302
2025-11-11 14:10:00+05:30,-0.00042108368119385614
2025-11-11 14:15:00+05:30,0.0011083991165545639
2025-11-11 14:20:00+05:30,0.0003244477924698087
2025-11-11 14:25:00+05:30,6.802856005173081e-05
2025-11-11 14:30:00+05:30,0.00023242412470129907
2025-11-11 14:35:00+05:30,-0.0012369726151953157
2025-11-11 14:40:00+05:30,0.0003556741189495274
2025-11-11 14:45:00+05:30,0.00011395203487661234
2025-11-11 14:50:00+05:30,0.0006062440788768772
2025-11-11 14:55:00+05:30,-0.0001372080750821245
2025-11-11 15:00:00+05:30,0.00044571807304238345
2025-11-11 15:05:00+05:30,-0.00047934889762182414
2025-11-11 15:10:00+05:30,0.00037164212421918126
2025-11-11 15:15:00+05:30,0.00024464654968618004
2025-11-11 15:20:00+05:30,8.619652401167945e-05
2025-11-11 15:25:00+05:30,0.00013263989271658944
2025-11-12 09:15:00+05:30,0.003252623071282975
2025-11-12 09:20:00+05:30,0.0011981783940390762
2025-11-12 09:25:00+05:30,-0.001435708267399559
2025-11-12 09:30:00+05:30,-0.0003914539789297654
2025-11-12 09:35:00+05:30,-0.00046242759867718303
2025-11-12 09:40:00+05:30,0.0011236364686446037
2025-11-12 09:45:00+05:30,0.00016531601770704358
2025-11-12 09:50:00+05:30,-2.861576679936169e-05
2025-11-12 09:55:00+05:30,-8.008684402076232e-05
2025-11-12 10:00:00+05:30,-0.0005434679868503258
2025-11-12 10:05:00+05:30,-0.00018019334984351482
2025-11-12 10:10:00+05:30,0.000241773887318912
2025-11-12 10:15:00+05:30,-6.312012920935797e-06
2025-11-12 10:20:00+05:30,-0.00016175668361450538
2025-11-12 10:25:00+05:30,0.00023653814814876477
2025-11-12 10:30:00+05:30,0.00041758869210678214
2025-11-12 10:35:00+05:30,0.0006016465397181937
2025-11-12 10:40:00+05:30,0.00010482713372490866
2025-11-12 10:45:00+05:30,5.542577580714735e-05
2025-11-12 10:50:00+05:30,0.00015775672191678086
2025-11-12 10:55:00+05:30,-0.0006167875205093099
2025-11-12 11:00:00+05:30,9.321569921950714e-05
2025-11-12 11:05:00+05:30,0.0005236155944461771
2025-11-12 11:10:00+05:30,-0.00019014293961935733
2025-11-12 11:15:00+05:30,-7.990477336711503e-05
2025-11-12 11:20:00+05:30,0.00038278505704405027
2025-11-12 11:25:00+05:30,3.629044806901779e-05
2025-11-12 11:30:00+05:30,0.00030089140030982524
2025-11-12 11:35:00+05:30,-8.184041715511132e-05
2025-11-12 11:40:00+05:30,-6.851842199746316e-06
2025-11-12 11:45:00+05:30,0.00012975576737502066
2025-11-12 11:50:00+05:30,-2.6409343586500524e-06
2025-11-12 11:55:00+05:30,-9.773412267949074e-05
2025-11-12 12:00:00+05:30,-0.00028952018560491374
2025-11-12 12:05:00+05:30,0.00017370250664384748
2025-11-12 12:10:00+05:30,-0.00020169869886108466
2025-11-12 12:15:00+05:30,-2.966367162577103e-06
2025-11-12 12:20:00+05:30,0.00020366689415808384
2025-11-12 12:25:00+05:30,0.0003224278880126219
2025-11-12 12:30:00+05:30,0.0003123599804585378
2025-11-12 12:35:00+05:30,0.00046771048689660326
2025-11-12 12:40:00+05:30,-5.338229874970866e-05
2025-11-12 12:45:00+05:30,-0.00023804186864126296
2025-11-12 12:50:00+05:30,-0.0004472400234434468
2025-11-12 12:55:00+05:30,0.00038821811888417894
2025-11-12 13:00:00+05:30,0.0001985098144488989
2025-11-12 13:05:00+05:30,-0.0002423775172051688
2025-11-12 13:10:00+05:30,0.00012865920558604698
2025-11-12 13:15:00+05:30,-0.00015916386334751938
2025-11-12 13:20:00+05:30,0.0003067015330624888
2025-11-12 13:25:00+05:30,-0.0003661555467251735
2025-11-12 13:30:00+05:30,-9.398244230514403e-05
2025-11-12 13:35:00+05:30,0.0005143434090644684
2025-11-12 13:40:00+05:30,-3.319082877362156e-05
2025-11-12 13:45:00+05:30,0.00021666378625807034
2025-11-12 13:50:00+05:30,-6.48628575063338e-05
2025-11-12 13:55:00+05:30,-0.00017205902907451982
2025-11-12 14:00:00+05:30,-0.00015926717289863203
2025-11-12 14:05:00+05:30,-0.0008168078230410897
2025-11-12 14:10:00+05:30,0.00023022219849272148
2025-11-12 14:15:00+05:30,0.0001150238563341592
2025-11-12 14:20:00+05:30,-0.0002697021090978188
2025-11-12 14:25:00+05:30,0.0003587657271418971
2025-11-12 14:30:00+05:30,7.453413686031e-05
2025-11-12 14:35:00+05:30,6.293956700849441e-10
2025-11-12 14:40:00+05:30,-0.00039113046052601473
2025-11-12 14:45:00+05:30,-5.5024076445279937e-05
2025-11-12 14:50:00+05:30,0.0004964797011821328
2025-11-12 14:55:00+05:30,-2.764504337087426e-05
2025-11-12 15:00:00+05:30,-0.0002660786437734118
2025-11-12 15:05:00+05:30,-9.286343913099915e-05
2025-11-12 15:10:00+05:30,-0.0005691738631844759
2025-11-12 15:15:00+05:30,-0.00034089541907682193
2025-11-12 15:20:00+05:30,-0.0005745388345880581
2025-11-12 15:25:00+05:30,4.6930450589911e-05
2025-11-13 09:15:00+05:30,0.0005157545435652862
2025-11-13 09:20:00+05:30,-1.269204756397451e-05
2025-11-13 09:25:00+05:30,0.0011175093106807344
2025-11-13 09:30:00+05:30,-0.0010446088151062568
2025-11-13 09:35:00+05:30,-0.00017866038781784517
2025-11-13 09:40:00+05:30,0.0003226326416177512
2025-11-13 09:45:00+05:30,0.001170142006408841
2025-11-13 09:50:00+05:30,-0.0005567231568566317
2025-11-13 09:55:00+05:30,0.0004901539287085944
2025-11-13 10:00:00+05:30,0.0002395121342110635
2025-11-13 10:05:00+05:30,0.000578107953543528
2025-11-13 10:10:00+05:30,-0.00010805727364844075
2025-11-13 10:15:00+05:30,0.00041741759981141576
2025-11-13 10:20:00+05:30,0.0002817678181258741
2025-11-13 10:25:00+05:30,9.933853185597592e-05
2025-11-13 10:30:00+05:30,0.000245059171441914
2025-11-13 10:35:00+05:30,0.0001582618387843185
2025-11-13 10:40:00+05:30,0.00011139675697777623
2025-11-13 10:45:00+05:30,0.0003193245359019758
2025-11-13 10:50:00+05:30,0.00022535650144821156
2025-11-13 10:55:00+05:30,0.00014713130990486994
2025-11-13 11:00:00+05:30,0.0007851628848931588
2025-11-13 11:05:00+05:30,-3.2067781754592006e-05
2025-11-13 11:10:00+05:30,-2.4239229824892034e-05
2025-11-13 11:15:00+05:30,-0.00010839061915243022
2025-11-13 11:20:00+05:30,7.740115443943234e-05
2025-11-13 11:25:00+05:30,0.00018751446728351864
2025-11-13 11:30:00+05:30,-0.00021002211993613096
2025-11-13 11:35:00+05:30,0.0003103614389591631
2025-11-13 11:40:00+05:30,-0.00033799087609042095
2025-11-13 11:45:00+05:30,0.0003561011402559126
2025-11-13 11:50:00+05:30,8.579711930042191e-05
2025-11-13 11:55:00+05:30,0.0003198628357679852
2025-11-13 12:00:00+05:30,-0.0002989611551903529
2025-11-13 12:05:00+05:30,0.0002851710441787593
2025-11-13 12:10:00+05:30,-2.127237880049882e-05
2025-11-13 12:15:00+05:30,-4.836621726725534e-05
2025-11-13 12:20:00+05:30,-0.00015772901093412614
2025-11-13 12:25:00+05:30,-0.0002207843535080067
2025-11-13 12:30:00+05:30,-0.0008765915750091832
2025-11-13 12:35:00+05:30,-0.00040107092947367685
2025-11-13 12:40:00+05:30,-0.00020927804295299776
2025-11-13 12:45:00+05:30,7.116945846853464e-05
2025-11-13 12:50:00+05:30,-0.00038028489168660443
2025-11-13 12:55:00+05:30,0.001144741376710676
2025-11-13 13:00:00+05:30,0.0006082875378858
2025-11-13 13:05:00+05:30,-0.00013300962013796993
2025-11-13 13:10:00+05:30,-4.372637528178642e-05
2025-11-13 13:15:00+05:30,-6.282301675093238e-05
2025-11-13 13:20:00+05:30,0.00043339068656973804
2025-11-13 13:25:00+05:30,-0.00017566427101256554
2025-11-13 13:30:00+05:30,5.548172608566286e-06
2025-11-13 13:35:00+05:30,0.0007838052517053174
2025-11-13 13:40:00+05:30,0.00032836155303127496
2025-11-13 13:45:00+05:30,-0.00039919209926899795
2025-11-13 13:50:00+05:30,-0.00024353589501072866
2025-11-13 13:55:00+05:30,-0.0017073230632201721
2025-11-13 14:00:00+05:30,-0.0010770840995486413
2025-11-13 14:05:00+05:30,-0.0006058108869622337
2025-11-13 14:10:00+05:30,8.562320223247597e-05
2025-11-13 14:15:00+05:30,0.0008044156598933036
2025-11-13 14:20:00+05:30,-0.00010574851899777074
2025-11-13 14:25:00+05:30,0.00044204608636680556
2025-11-13 14:30:00+05:30,-0.0003045661086251238
2025-11-13 14:35:00+05:30,-1.6131844727157745e-05
2025-11-13 14:40:00+05:30,0.000551545936569633
2025-11-13 14:45:00+05:30,-4.700722132527047e-06
2025-11-13 14:50:00+05:30,-0.0010859741874410522
2025-11-13 14:55:00+05:30,-0.0007917846809387616
2025-11-13 15:00:00+05:30,0.0004173241039341825
2025-11-13 15:05:00+05:30,-0.0004100861635310567
2025-11-13 15:10:00+05:30,-0.0001939646194349942
2025-11-13 15:15:00+05:30,-8.12319924080245e-05
2025-11-13 15:20:00+05:30,2.43784878225926e-05
2025-11-13 15:25:00+05:30,0.0004417634684246923
2025-11-14 09:15:00+05:30,-0.0037521775775844683
2025-11-14 09:20:00+05:30,-0.0006773175795455187
2025-11-14 09:25:00+05:30,0.0011197842484595988
2025-11-14 09:30:00+05:30,0.0019094868607204961
2025-11-14 09:35:00+05:30,-0.0011066942903414105
2025-11-14 09:40:00+05:30,0.00037650109203679616
2025-11-14 09:45:00+05:30,-0.00040867933166910983
2025-11-14 09:50:00+05:30,-0.002109617493896762
2025-11-14 09:55:00+05:30,0.0007485138923990556
2025-11-14 10:00:00+05:30,-0.0011615592345205952
2025-11-14 10:05:00+05:30,0.00029032245840773064
2025-11-14 10:10:00+05:30,-0.00041667979137175636
2025-11-14 10:15:00+05:30,0.0007136428629528697
2025-11-14 10:20:00+05:30,-0.0003632260385494006
2025-11-14 10:25:00+05:30,-0.00018865649837424296
2025-11-14 10:30:00+05:30,-0.0007103964847654754
2025-11-14 10:35:00+05:30,3.078235258886859e-05
2025-11-14 10:40:00+05:30,8.03967585424921e-05
2025-11-14 10:45:00+05:30,0.0004911006635433388
2025-11-14 10:50:00+05:30,0.0016672536874455333
2025-11-14 10:55:00+05:30,0.0006188308976665201
2025-11-14 11:00:00+05:30,-0.0002243092104468515
2025-11-14 11:05:00+05:30,0.0004041219589830888
2025-11-14 11:10:00+05:30,0.00012231718882373487
2025-11-14 11:15:00+05:30,-0.0013650552926473343
2025-11-14 11:20:00+05:30,4.294776392306009e-05
2025-11-14 11:25:00+05:30,-0.00010413570418512184
2025-11-14 11:30:00+05:30,-0.0004637520459600063
2025-11-14 11:35:00+05:30,-0.00021499070686811637
2025-11-14 11:40:00+05:30,-0.0005247330387711553
2025-11-14 11:45:00+05:30,0.00022082431917846393
2025-11-14 11:50:00+05:30,-3.883895551585952e-05
2025-11-14 11:55:00+05:30,-0.00041018145201176495
2025-11-14 12:00:00+05:30,0.00035547841913890165
2025-11-14 12:05:00+05:30,2.9052761796865528e-05
2025-11-14 12:10:00+05:30,0.0010441525804949327
2025-11-14 12:15:00+05:30,-6.041080241183777e-05
2025-11-14 12:20:00+05:30,0.0002127793371425061
2025-11-14 12:25:00+05:30,0.0003007050585147842
2025-11-14 12:30:00+05:30,-0.0013219123696734654
2025-11-14 12:35:00+05:30,-0.0002597376695402212
2025-11-14 12:40:00+05:30,0.00035064700676985875
2025-11-14 12:45:00+05:30,0.00022248748945845844
2025-11-14 12:50:00+05:30,-0.0009163879334397153
2025-11-14 12:55:00+05:30,-3.892618142755772e-05
2025-11-14 13:00:00+05:30,-0.000590868802250677
2025-11-14 13:05:00+05:30,0.00016981604644913793
2025-11-14 13:10:00+05:30,0.00030265080382652076
2025-11-14 13:15:00+05:30,0.0002702598323148903
2025-11-14 13:20:00+05:30,0.00013023773140319913
2025-11-14 13:25:00+05:30,0.0004891480163374233
2025-11-14 13:30:00+05:30,-0.0003775413109600109
2025-11-14 13:35:00+05:30,-0.0012668567467193942
2025-11-14 13:40:00+05:30,-0.00020916186592641401
2025-11-14 13:45:00+05:30,0.00021620873757469857
2025-11-14 13:50:00+05:30,-0.0005051823856383241
2025-11-14 13:55:00+05:30,0.0005199891219120374
2025-11-14 14:00:00+05:30,0.0001430922457173613
2025-11-14 14:05:00+05:30,0.00019014896738567266
2025-11-14 14:10:00+05:30,1.1966911536867136e-05
2025-11-14 14:15:00+05:30,-4.433572751284005e-05
2025-11-14 14:20:00+05:30,-0.00025100417682562926
2025-11-14 14:25:00+05:30,0.0007485517082326546
2025-11-14 14:30:00+05:30,-0.0002056467061465748
2025-11-14 14:35:00+05:30,0.000436380055523588
2025-11-14 14:40:00+05:30,-0.00015672183882137496
2025-11-14 14:45:00+05:30,3.770698463084462e-05
2025-11-14 14:50:00+05:30,-0.000779441412166997
2025-11-14 14:55:00+05:30,-0.00016535876954069573
2025-11-14 15:00:00+05:30,0.00446768758008295
2025-11-14 15:05:00+05:30,0.0016507275560192901
2025-11-14 15:10:00+05:30,-4.914096574244815e-05
2025-11-14 15:15:00+05:30,-0.00038717591213927917
2025-11-14 15:20:00+05:30,0.0004954365515793885
2025-11-14 15:25:00+05:30,-0.0005213476168963551
2025-11-17 09:15:00+05:30,0.001409261387205447
2025-11-17 09:20:00+05:30,-0.00048557469289677827
2025-11-17 09:25:00+05:30,0.0006152870633240676
2025-11-17 09:30:00+05:30,0.00034430675354212817
2025-11-17 09:35:00+05:30,-0.00016988551096694832
2025-11-17 09:40:00+05:30,0.0002775387112738188
2025-11-17 09:45:00+05:30,-0.0004632318877533354
2025-11-17 09:50:00+05:30,3.902080245874929e-05
2025-11-17 09:55:00+05:30,9.731068826209601e-05
2025-11-17 10:00:00+05:30,-0.0004832553694945209
2025-11-17 10:05:00+05:30,-0.0002972475847230716
2025-11-17 10:10:00+05:30,3.334236194879895e-05
2025-11-17 10:15:00+05:30,0.0005507820420581972
2025-11-17 10:20:00+05:30,0.00014382225256848766
2025-11-17 10:25:00+05:30,-0.0011171587970408554
2025-11-17 10:30:00+05:30,5.396504236250032e-05
2025-11-17 10:35:00+05:30,-0.0004920844712730478
2025-11-17 10:40:00+05:30,-6.31130395275339e-05
2025-11-17 10:45:00+05:30,3.2442233558378264e-05
2025-11-17 10:50:00+05:30,-0.00028352841403415273
2025-11-17 10:55:00+05:30,0.0002422500545056158
2025-11-17 11:00:00+05:30,0.00014603324431255128
2025-11-17 11:05:00+05:30,0.00015572197754686265
2025-11-17 11:10:00+05:30,0.0001682504955907657
2025-11-17 11:15:00+05:30,-0.00013376666470721332
2025-11-17 11:20:00+05:30,-3.13901755945969e-05
2025-11-17 11:25:00+05:30,-0.0003630012676394868
2025-11-17 11:30:00+05:30,0.0004144127218857105
2025-11-17 11:35:00+05:30,0.000140926101607407
2025-11-17 11:40:00+05:30,0.00022380198558574467
2025-11-17 11:45:00+05:30,0.00020391621245484016
2025-11-17 11:50:00+05:30,0.0005593507909640364
2025-11-17 11:55:00+05:30,0.00028124407870629213
2025-11-17 12:00:00+05:30,-0.00039876892155098426
2025-11-17 12:05:00+05:30,0.000675909345143926
2025-11-17 12:10:00+05:30,1.9305259325235425e-05
2025-11-17 12:15:00+05:30,-7.891685843944431e-05
2025-11-17 12:20:00+05:30,-0.00013491824437400198
2025-11-17 12:25:00+05:30,-0.00022254788570238263
2025-11-17 12:30:00+05:30,0.0004134364710392495
2025-11-17 12:35:00+05:30,8.467702961090229e-05
2025-11-17 12:40:00+05:30,0.0002087510414696622
2025-11-17 12:45:00+05:30,4.452520296656455e-05
2025-11-17 12:50:00+05:30,0.00010348597824837378
2025-11-17 12:55:00+05:30,2.4689766842065247e-05
2025-11-17 13:00:00+05:30,-0.0002793800451367935
2025-11-17 13:05:00+05:30,-0.0002024489931106447
2025-11-17 13:10:00+05:30,0.00012814130513938427
2025-11-17 13:15:00+05:30,3.8317884153993874e-05
2025-11-17 13:20:00+05:30,-0.00013653115185632397
2025-11-17 13:25:00+05:30,0.00027849030071398843
2025-11-17 13:30:00+05:30,-2.19902512829574e-05
2025-11-17 13:35:00+05:30,0.0002441723639043994
2025-11-17 13:40:00+05:30,0.0002619178337911301
2025-11-17 13:45:00+05:30,-0.00018139656939062854
2025-11-17 13:50:00+05:30,-0.00010195857810981874
2025-11-17 13:55:00+05:30,9.105248437430173e-05
2025-11-17 14:00:00+05:30,0.0009055836416102846
2025-11-17 14:05:00+05:30,-0.00014080564863310453
2025-11-17 14:10:00+05:30,-0.00019317647738378705
2025-11-17 14:15:00+05:30,-0.0010459397108672469
2025-11-17 14:20:00+05:30,0.00036838223649433914
2025-11-17 14:25:00+05:30,0.00010337532676797437
2025-11-17 14:30:00+05:30,0.00016795198678383545
2025-11-17 14:35:00+05:30,0.00012192199347431887
2025-11-17 14:40:00+05:30,-0.000776114668026424
2025-11-17 14:45:00+05:30,0.00026652063215468056
2025-11-17 14:50:00+05:30,7.714955776984058e-05
2025-11-17 14:55:00+05:30,0.00015056274984448503
2025-11-17 15:00:00+05:30,0.0006205265080594614
2025-11-17 15:05:00+05:30,9.432110824124593e-05
2025-11-17 15:10:00+05:30,-7.937557674830842e-05
2025-11-17 15:15:00+05:30,0.00010565832286479308
2025-11-17 15:20:00+05:30,-0.00015318911483962997
2025-11-17 15:25:00+05:30,0.00023394406095627858
2025-11-18 09:15:00+05:30,-0.003743148125475686
2025-11-18 09:20:00+05:30,0.0004501520247495055
2025-11-18 09:25:00+05:30,0.00023216849291721916
2025-11-18 09:30:00+05:30,-0.0003395544957500075
2025-11-18 09:35:00+05:30,-0.0007027352945240262
2025-11-18 09:40:00+05:30,0.0001585779430727241
2025-11-18 09:45:00+05:30,-0.0007473035718963873
2025-11-18 09:50:00+05:30,-0.0002766862631083418
2025-11-18 09:55:00+05:30,-0.0005429178553888061
2025-11-18 10:00:00+05:30,0.000313639050050645
2025-11-18 10:05:00+05:30,-0.00032892325058675453
2025-11-18 10:10:00+05:30,-0.00014154103283567804
2025-11-18 10:15:00+05:30,0.0005565394873432147
2025-11-18 10:20:00+05:30,0.00033807080497190515
2025-11-18 10:25:00+05:30,-0.0004885946364853119
2025-11-18 10:30:00+05:30,-0.000431084286597532
2025-11-18 10:35:00+05:30,0.00021815952893612436
2025-11-18 10:40:00+05:30,0.00017709258355921707
2025-11-18 10:45:00+05:30,0.0007510050857882162
2025-11-18 10:50:00+05:30,-0.00011513771561744741
2025-11-18 10:55:00+05:30,0.0004018903457619554
2025-11-18 11:00:00+05:30,0.0002803434546755123
2025-11-18 11:05:00+05:30,0.00015156069389706643
2025-11-18 11:10:00+05:30,0.0003428194544940039
2025-11-18 11:15:00+05:30,0.0005183116177192669
2025-11-18 11:20:00+05:30,9.154956261766954e-05
2025-11-18 11:25:00+05:30,-0.0008286854534080144
2025-11-18 11:30:00+05:30,0.0005331433767478016
2025-11-18 11:35:00+05:30,0.00029795709120351626
2025-11-18 11:40:00+05:30,0.0005867558994806744
2025-11-18 11:45:00+05:30,0.0003359935747098609
2025-11-18 11:50:00+05:30,0.00015455059635922992
2025-11-18 11:55:00+05:30,-5.876998618953592e-05
2025-11-18 12:00:00+05:30,-0.0002551824327339948
2025-11-18 12:05:00+05:30,-5.1875988975883115e-05
2025-11-18 12:10:00+05:30,-0.0001540947645984833
2025-11-18 12:15:00+05:30,-9.968250804647192e-05
2025-11-18 12:20:00+05:30,-0.00038297807465469927
2025-11-18 12:25:00+05:30,0.00026846426240474745
2025-11-18 12:30:00+05:30,-0.00029666065035793246
2025-11-18 12:35:00+05:30,-0.00031162016339414986
2025-11-18 12:40:00+05:30,-2.7207668722521655e-05
2025-11-18 12:45:00+05:30,-0.0002347046543075154
2025-11-18 12:50:00+05:30,0.0005548830670761722
2025-11-18 12:55:00+05:30,-8.708869311005014e-05
2025-11-18 13:00:00+05:30,0.0007849654091293708
2025-11-18 13:05:00+05:30,5.693411814234942e-05
2025-11-18 13:10:00+05:30,-7.932122073886056e-05
2025-11-18 13:15:00+05:30,0.0006275510650611418
2025-11-18 13:20:00+05:30,0.0002068689569450879
2025-11-18 13:25:00+05:30,-3.2529543582401754e-05
2025-11-18 13:30:00+05:30,0.00025882538259209013
2025-11-18 13:35:00+05:30,0.00042851135930334713
2025-11-18 13:40:00+05:30,-0.0002840315860504921
2025-11-18 13:45:00+05:30,-0.0002700522987895547
2025-11-18 13:50:00+05:30,-4.946790851960937e-05
2025-11-18 13:55:00+05:30,-5.0724503824454905e-05
2025-11-18 14:00:00+05:30,0.0006330925950254546
2025-11-18 14:05:00+05:30,-0.00024258188166299894
2025-11-18 14:10:00+05:30,0.00045460069593012146
2025-11-18 14:15:00+05:30,-0.0007005779070707815
2025-11-18 14:20:00+05:30,0.00012329794846138427
2025-11-18 14:25:00+05:30,-0.00040637313558050377
2025-11-18 14:30:00+05:30,-7.448945415550483e-05
2025-11-18 14:35:00+05:30,0.00020115556955659452
2025-11-18 14:40:00+05:30,-0.0004063460177031332
2025-11-18 14:45:00+05:30,-5.595048738210888e-06
2025-11-18 14:50:00+05:30,-0.00036780350586220286
2025-11-18 14:55:00+05:30,0.00010452619861705799
2025-11-18 15:00:00+05:30,-0.0003292208431664153
2025-11-18 15:05:00+05:30,-0.0007116123094891174
2025-11-18 15:10:00+05:30,-0.0001568890455067847
2025-11-18 15:15:00+05:30,-0.00014777763016876903
2025-11-18 15:20:00+05:30,0.00012756262162483267
2025-11-18 15:25:00+05:30,4.590437210632833e-05
2025-11-19 09:15:00+05:30,-9.386822506291847e-05
2025-11-19 09:20:00+05:30,0.0011947617180795172
2025-11-19 09:25:00+05:30,0.00034917568854191046
2025-11-19 09:30:00+05:30,-0.0005595318203111397
2025-11-19 09:35:00+05:30,0.0007389899488163586
2025-11-19 09:40:00+05:30,0.0002765203092201489
2025-11-19 09:45:00+05:30,-0.0004676331799131102
2025-11-19 09:50:00+05:30,0.0006916235531211404
2025-11-19 09:55:00+05:30,0.0006154231592123928
2025-11-19 10:00:00+05:30,0.00035536287437605633
2025-11-19 10:05:00+05:30,0.0006173250841288286
2025-11-19 10:10:00+05:30,0.0003308159339547049
2025-11-19 10:15:00+05:30,0.0006525488339991284
2025-11-19 10:20:00+05:30,0.00044419922244170725
2025-11-19 10:25:00+05:30,-0.00028600531737889073
2025-11-19 10:30:00+05:30,0.0006792980245006946
2025-11-19 10:35:00+05:30,-5.220655072082475e-05
2025-11-19 10:40:00+05:30,4.957173193295548e-05
2025-11-19 10:45:00+05:30,-0.00010386022327574533
2025-11-19 10:50:00+05:30,0.000567882775984758
2025-11-19 10:55:00+05:30,-0.0004192240724964754
2025-11-19 11:00:00+05:30,-0.00047332426541790706
2025-11-19 11:05:00+05:30,-0.00020829159277127146
2025-11-19 11:10:00+05:30,-0.0005409377880179683
2025-11-19 11:15:00+05:30,0.00014380604117279395
2025-11-19 11:20:00+05:30,0.00030282555120741375
2025-11-19 11:25:00+05:30,0.0002593046133155048
2025-11-19 11:30:00+05:30,0.00015988030820125512
2025-11-19 11:35:00+05:30,-1.1141639127772235e-05
2025-11-19 11:40:00+05:30,0.0007044859563586593
2025-11-19 11:45:00+05:30,0.00015098324666973947
2025-11-19 11:50:00+05:30,4.003213872651544e-06
2025-11-19 11:55:00+05:30,9.378459624947695e-05
2025-11-19 12:00:00+05:30,0.0006771991598434744
2025-11-19 12:05:00+05:30,4.149879320484922e-05
2025-11-19 12:10:00+05:30,0.00020171899284062827
2025-11-19 12:15:00+05:30,0.0002009685365449198
2025-11-19 12:20:00+05:30,0.00021903812612287127
2025-11-19 12:25:00+05:30,0.0004252815661260491
2025-11-19 12:30:00+05:30,0.0005114965042696204
2025-11-19 12:35:00+05:30,-0.00041085172760385884
2025-11-19 12:40:00+05:30,-4.641596585273545e-05
2025-11-19 12:45:00+05:30,0.00036325770241709803
2025-11-19 12:50:00+05:30,-0.00012785180297128056
2025-11-19 12:55:00+05:30,-0.00013495494635773486
2025-11-19 13:00:00+05:30,0.0002972024921639931
2025-11-19 13:05:00+05:30,-2.684909632485875e-05
2025-11-19 13:10:00+05:30,0.00017209231425053875
2025-11-19 13:15:00+05:30,-0.00033332279884561676
2025-11-19 13:20:00+05:30,-1.1765253033456599e-05
2025-11-19 13:25:00+05:30,-0.0006774970658347534
2025-11-19 13:30:00+05:30,0.00022771416215779764
2025-11-19 13:35:00+05:30,-9.86543645032864e-05
2025-11-19 13:40:00+05:30,0.00012503070355455344
2025-11-19 13:45:00+05:30,0.0003124413626343256
2025-11-19 13:50:00+05:30,6.023834472266755e-05
2025-11-19 13:55:00+05:30,-0.0001575305132546749
2025-11-19 14:00:00+05:30,0.0004526182377250688
2025-11-19 14:05:00+05:30,0.0002813764646619929
2025-11-19 14:10:00+05:30,0.00045653637612125557
2025-11-19 14:15:00+05:30,0.00031323736360019803
2025-11-19 14:20:00+05:30,-6.308217555880811e-05
2025-11-19 14:25:00+05:30,-4.438544835098266e-05
2025-11-19 14:30:00+05:30,-5.4059372580569775e-05
2025-11-19 14:35:00+05:30,0.0003494145470092606
2025-11-19 14:40:00+05:30,0.00044021406289509573
2025-11-19 14:45:00+05:30,-0.00015214361115373513
2025-11-19 14:50:00+05:30,-1.9907984553821806e-05
2025-11-19 14:55:00+05:30,-0.0002883709293491559
2025-11-19 15:00:00+05:30,-2.757826852276137e-06
2025-11-19 15:05:00+05:30,-0.00018563612002677287
2025-11-19 15:10:00+05:30,0.00034781470098648414
2025-11-19 15:15:00+05:30,-7.200455934053274e-05
2025-11-19 15:20:00+05:30,-0.00014628982696940351
2025-11-19 15:25:00+05:30,9.722659370410047e-05
2025-11-20 09:15:00+05:30,0.0008042995700776309
2025-11-20 09:20:00+05:30,0.0001274115782680984
2025-11-20 09:25:00+05:30,-0.0001706447245705707
2025-11-20 09:30:00+05:30,-0.00033691570705879066
2025-11-20 09:35:00+05:30,0.0005279245972982472
2025-11-20 09:40:00+05:30,-0.0008754131582323048
2025-11-20 09:45:00+05:30,0.0004169572858407677
2025-11-20 09:50:00+05:30,1.0707362588189156e-05
2025-11-20 09:55:00+05:30,-0.0003415931920790132
2025-11-20 10:00:00+05:30,-0.00029312262541181244
2025-11-20 10:05:00+05:30,0.0005072245670327765
2025-11-20 10:10:00+05:30,0.00020556223925932997
2025-11-20 10:15:00+05:30,7.329971897513125e-05
2025-11-20 10:20:00+05:30,-0.00017788576120982369
2025-11-20 10:25:00+05:30,0.00041587298899451044
2025-11-20 10:30:00+05:30,6.834513089099285e-05
2025-11-20 10:35:00+05:30,-1.4500091383215946e-05
2025-11-20 10:40:00+05:30,0.0001780552812316097
2025-11-20 10:45:00+05:30,0.0003650159002148653
2025-11-20 10:50:00+05:30,1.0015022325992576e-05
2025-11-20 10:55:00+05:30,-0.0004015247869050685
2025-11-20 11:00:00+05:30,-0.00014185500662151394
2025-11-20 11:05:00+05:30,-1.891512067459259e-05
2025-11-20 11:10:00+05:30,-0.00028670187142030174
2025-11-20 11:15:00+05:30,-0.0003449173001564934
2025-11-20 11:20:00+05:30,0.00010320536273620167
2025-11-20 11:25:00+05:30,0.00015175296905528253
2025-11-20 11:30:00+05:30,0.0003863060093875638
2025-11-20 11:35:00+05:30,0.00016628990306608466
2025-11-20 11:40:00+05:30,7.242176201403463e-05
2025-11-20 11:45:00+05:30,-0.0005305993347794089
2025-11-20 11:50:00+05:30,-8.218697881016321e-05
2025-11-20 11:55:00+05:30,0.00038195194473111815
2025-11-20 12:00:00+05:30,9.099787458618911e-05
2025-11-20 12:05:00+05:30,-0.00033293440311096676
2025-11-20 12:10:00+05:30,0.00017615212263586306
2025-11-20 12:15:00+05:30,1.595320167062302e-05
2025-11-20 12:20:00+05:30,0.00016142072846830598
2025-11-20 12:25:00+05:30,0.0002435743649180644
2025-11-20 12:30:00+05:30,-0.00034453262689953786
2025-11-20 12:35:00+05:30,3.6477189076751004e-05
2025-11-20 12:40:00+05:30,3.5239518709242e-05
2025-11-20 12:45:00+05:30,0.0002552772567806154
2025-11-20 12:50:00+05:30,5.9775735690667955e-05
2025-11-20 12:55:00+05:30,4.028939085418565e-06
2025-11-20 13:00:00+05:30,0.0005744805688641225
2025-11-20 13:05:00+05:30,-0.0003635668444948828
2025-11-20 13:10:00+05:30,-9.921721744683771e-05
2025-11-20 13:15:00+05:30,0.00024219200075961824
2025-11-20 13:20:00+05:30,0.00010740782756092418
2025-11-20 13:25:00+05:30,0.0004810997363340984
2025-11-20 13:30:00+05:30,-0.00037620543368645595
2025-11-20 13:35:00+05:30,0.000374572895542266
2025-11-20 13:40:00+05:30,-0.00020287891971897633
2025-11-20 13:45:00+05:30,0.0001392392403146878
2025-11-20 13:50:00+05:30,0.0003416238196868198
2025-11-20 13:55:00+05:30,-0.00021916810778383215
2025-11-20 14:00:00+05:30,-3.077094397862494e-05
2025-11-20 14:05:00+05:30,0.0002771012263874895
2025-11-20 14:10:00+05:30,-0.00012578323919108426
2025-11-20 14:15:00+05:30,0.000548613642212446
2025-11-20 14:20:00+05:30,-8.653824298887614e-05
2025-11-20 14:25:00+05:30,-0.001241328109015169
2025-11-20 14:30:00+05:30,0.0003486653916552165
2025-11-20 14:35:00+05:30,0.0002187338483418531
2025-11-20 14:40:00+05:30,-0.0006652368387399273
2025-11-20 14:45:00+05:30,0.0003904680854209165
2025-11-20 14:50:00+05:30,-0.00048421241223719607
2025-11-20 14:55:00+05:30,0.00047111957458181424
2025-11-20 15:00:00+05:30,-0.0006182771190700437
2025-11-20 15:05:00+05:30,-1.7140342709808183e-05
2025-11-20 15:10:00+05:30,0.0006732897137680455
2025-11-20 15:15:00+05:30,-0.0008036369954621186
2025-11-20 15:20:00+05:30,0.00027279179558251245
2025-11-20 15:25:00+05:30,-0.00021377897383339768
2025-11-21 09:15:00+05:30,-0.0016470198173133993
2025-11-21 09:20:00+05:30,0.0011492641803400214
2025-11-21 09:25:00+05:30,0.00012343507155052497
2025-11-21 09:30:00+05:30,-0.0004201582524428102
2025-11-21 09:35:00+05:30,4.8947349326665024e-05
2025-11-21 09:40:00+05:30,-0.0007526936897357278
2025-11-21 09:45:00+05:30,-0.00025588815684365445
2025-11-21 09:50:00+05:30,-0.00012587324408369334
2025-11-21 09:55:00+05:30,0.00024459665117323857
2025-11-21 10:00:00+05:30,-0.0009476386449958717
2025-11-21 10:05:00+05:30,-2.3074840032505666e-05
2025-11-21 10:10:00+05:30,-0.0001317259562243489
2025-11-21 10:15:00+05:30,-0.0006636880130279574
2025-11-21 10:20:00+05:30,6.173705716380615e-05
2025-11-21 10:25:00+05:30,-6.116772699797584e-05
2025-11-21 10:30:00+05:30,0.00013113419134738296
2025-11-21 10:35:00+05:30,0.0003487192366134046
2025-11-21 10:40:00+05:30,-0.00010744328801415293
2025-11-21 10:45:00+05:30,6.648119899925986e-05
2025-11-21 10:50:00+05:30,6.933792431019828e-05
2025-11-21 10:55:00+05:30,0.0006558262684441468
2025-11-21 11:00:00+05:30,-0.0003741510941706225
2025-11-21 11:05:00+05:30,-0.00011167289411865464
2025-11-21 11:10:00+05:30,0.0007302434624994206
2025-11-21 11:15:00+05:30,-0.0003242049871713977
2025-11-21 11:20:00+05:30,-0.00033427160527452643
2025-11-21 11:25:00+05:30,0.0005883522778136314
2025-11-21 11:30:00+05:30,-0.0006468541293293521
2025-11-21 11:35:00+05:30,0.0001702130172511751
2025-11-21 11:40:00+05:30,-0.00010688282332118136
2025-11-21 11:45:00+05:30,6.791364202633692e-05
2025-11-21 11:50:00+05:30,0.00018655030153402752
2025-11-21 11:55:00+05:30,-0.00013513327822844393
2025-11-21 12:00:00+05:30,0.0004020082501713841
2025-11-21 12:05:00+05:30,-5.7420675343954285e-05
2025-11-21 12:10:00+05:30,0.0008212394629899358
2025-11-21 12:15:00+05:30,0.000323118713084284
2025-11-21 12:20:00+05:30,0.0004851863886570627
2025-11-21 12:25:00+05:30,-0.0001543619982030383
2025-11-21 12:30:00+05:30,-0.0004229927217165191
2025-11-21 12:35:00+05:30,6.488514099521834e-05
2025-11-21 12:40:00+05:30,0.000237239146186341
2025-11-21 12:45:00+05:30,0.00042698978582173853
2025-11-21 12:50:00+05:30,0.0005680415131168109
2025-11-21 12:55:00+05:30,-0.0002090710155343041
2025-11-21 13:00:00+05:30,0.00016622737763188607
2025-11-21 13:05:00+05:30,-0.00028991146467785117
2025-11-21 13:10:00+05:30,-0.0008599383874880024
2025-11-21 13:15:00+05:30,-0.0008185945594872489
2025-11-21 13:20:00+05:30,-0.00019110034391818593
2025-11-21 13:25:00+05:30,0.0002560647942903823
2025-11-21 13:30:00+05:30,-9.733685912047117e-05
2025-11-21 13:35:00+05:30,0.0002194657532147426
2025-11-21 13:40:00+05:30,-0.0005353249301530226
2025-11-21 13:45:00+05:30,0.0002016265449588515
2025-11-21 13:50:00+05:30,0.0005578743045219039
2025-11-21 13:55:00+05:30,0.0002483981471001747
2025-11-21 14:00:00+05:30,-9.903080099369237e-05
2025-11-21 14:05:00+05:30,0.00014671435306065481
2025-11-21 14:10:00+05:30,0.00011102844073688982
2025-11-21 14:15:00+05:30,-0.0002160859574902132
2025-11-21 14:20:00+05:30,0.0001104339282448586
2025-11-21 14:25:00+05:30,4.157769258736197e-05
2025-11-21 14:30:00+05:30,-5.514375573604411e-05
2025-11-21 14:35:00+05:30,-0.00018059104486032202
2025-11-21 14:40:00+05:30,-0.00042089807584973286
2025-11-21 14:45:00+05:30,-0.0006141030931568393
2025-11-21 14:50:00+05:30,-0.0005684180334070144
2025-11-21 14:55:00+05:30,-0.0011287831414547676
2025-11-21 15:00:00+05:30,0.0008186729123317539
2025-11-21 15:05:00+05:30,-0.0001720614303858509
2025-11-21 15:10:00+05:30,-0.00020315740921676047
2025-11-21 15:15:00+05:30,-0.0001903028036439836
2025-11-21 15:20:00+05:30,-0.0005740876911487327
2025-11-21 15:25:00+05:30,0.0006101121550055278
2025-11-24 09:15:00+05:30,0.0020163799442322926
2025-11-24 09:20:00+05:30,0.0003418515251197559
2025-11-24 09:25:00+05:30,0.0005343093521078184
2025-11-24 09:30:00+05:30,-0.0007833106048356251
2025-11-24 09:35:00+05:30,0.00013038290866925002
2025-11-24 09:40:00+05:30,-0.00044341265344461397
2025-11-24 09:45:00+05:30,0.0005872997330015222
2025-11-24 09:50:00+05:30,-0.00025149991410516003
2025-11-24 09:55:00+05:30,-0.00017389580023951493
2025-11-24 10:00:00+05:30,0.0007515387517478267
2025-11-24 10:05:00+05:30,0.0001752383563646703
2025-11-24 10:10:00+05:30,-7.299543489193208e-05
2025-11-24 10:15:00+05:30,-0.0004921049483580695
2025-11-24 10:20:00+05:30,0.00036647321906573503
2025-11-24 10:25:00+05:30,9.324869728772071e-05
2025-11-24 10:30:00+05:30,0.00021192256532728097
2025-11-24 10:35:00+05:30,0.00041611972798189835
2025-11-24 10:40:00+05:30,-4.493351895445682e-05
2025-11-24 10:45:00+05:30,-0.0001373195605509753
2025-11-24 10:50:00+05:30,-0.0006384532964635738
2025-11-24 10:55:00+05:30,-8.058456470729897e-05
2025-11-24 11:00:00+05:30,-0.00020126187251850127
2025-11-24 11:05:00+05:30,-0.00029304872122175817
2025-11-24 11:10:00+05:30,-3.409448051335631e-05
2025-11-24 11:15:00+05:30,-0.00014963768819856318
2025-11-24 11:20:00+05:30,8.763701144707727e-05
2025-11-24 11:25:00+05:30,0.000824209919822186
2025-11-24 11:30:00+05:30,0.00011011721221668889
2025-11-24 11:35:00+05:30,-0.00010185288681367097
2025-11-24 11:40:00+05:30,-4.289985725969865e-05
2025-11-24 11:45:00+05:30,-0.0007139119763830532
2025-11-24 11:50:00+05:30,-0.0008916254689044164
2025-11-24 11:55:00+05:30,0.00015257322203384542
2025-11-24 12:00:00+05:30,0.0005110778073992586
2025-11-24 12:05:00+05:30,-0.00044618793389023263
2025-11-24 12:10:00+05:30,-0.00011936700653806429
2025-11-24 12:15:00+05:30,0.0003959404302153147
2025-11-24 12:20:00+05:30,-0.00020668794689797889
2025-11-24 12:25:00+05:30,-0.00035442729834856443
2025-11-24 12:30:00+05:30,0.00024875194819596355
2025-11-24 12:35:00+05:30,-1.8607547506108596e-05
2025-11-24 12:40:00+05:30,-3.847752670650465e-05
2025-11-24 12:45:00+05:30,0.000373305117238829
2025-11-24 12:50:00+05:30,-0.00027104894554987995
2025-11-24 12:55:00+05:30,0.00033233672585489406
2025-11-24 13:00:00+05:30,-0.00029332165972992117
2025-11-24 13:05:00+05:30,0.00034678427337611763
2025-11-24 13:10:00+05:30,-8.34936380219528e-05
2025-11-24 13:15:00+05:30,0.0001772552140453243
2025-11-24 13:20:00+05:30,0.0001456525859406284
2025-11-24 13:25:00+05:30,-0.0003597071118234438
2025-11-24 13:30:00+05:30,-5.376990512108218e-05
2025-11-24 13:35:00+05:30,-0.00023236584159679855
2025-11-24 13:40:00+05:30,0.00031955879777585753
2025-11-24 13:45:00+05:30,-0.00015088515004982463
2025-11-24 13:50:00+05:30,-0.00020531332600118448
2025-11-24 13:55:00+05:30,-0.00025411645393339687
2025-11-24 14:00:00+05:30,-0.0005201509224797007
2025-11-24 14:05:00+05:30,-0.0006031767706325496
2025-11-24 14:10:00+05:30,0.0006845371404286859
2025-11-24 14:15:00+05:30,-0.0005362961978827983
2025-11-24 14:20:00+05:30,-0.00044839532991365686
2025-11-24 14:25:00+05:30,-3.101399707482992e-05
2025-11-24 14:30:00+05:30,-2.741453251124024e-05
2025-11-24 14:35:00+05:30,5.191240076138213e-05
2025-11-24 14:40:00+05:30,0.0001653580700706875
2025-11-24 14:45:00+05:30,5.4184096819605943e-05
2025-11-24 14:50:00+05:30,-0.0002941989713250291
2025-11-24 14:55:00+05:30,0.0007658309230386129
2025-11-24 15:00:00+05:30,-0.0024116662370039918
2025-11-24 15:05:00+05:30,-0.00027850768558561264
2025-11-24 15:10:00+05:30,-0.0006566567446894457
2025-11-24 15:15:00+05:30,-6.503683405061005e-05
2025-11-24 15:20:00+05:30,-0.0009933995584055413
2025-11-24 15:25:00+05:30,0.0004861731443111382
2025-11-25 09:15:00+05:30,0.0012224649952921694
2025-11-25 09:20:00+05:30,1.9036649472921402e-05
2025-11-25 09:25:00+05:30,-0.0001244454658660965
2025-11-25 09:30:00+05:30,0.0006930985393395732
2025-11-25 09:35:00+05:30,-0.0005489951937198642
2025-11-25 09:40:00+05:30,-5.785799290582515e-05
2025-11-25 09:45:00+05:30,-0.0004406277006348985
2025-11-25 09:50:00+05:30,0.0008072393585192529
2025-11-25 09:55:00+05:30,0.0002670090155263252
2025-11-25 10:00:00+05:30,0.0003586968585668029
2025-11-25 10:05:00+05:30,0.0003187824396568839
2025-11-25 10:10:00+05:30,0.0002749688630816073
2025-11-25 10:15:00+05:30,-8.370505466957414e-05
2025-11-25 10:20:00+05:30,-0.0002059103037776309
2025-11-25 10:25:00+05:30,-0.00032823866865649975
2025-11-25 10:30:00+05:30,-0.00023936742708170243
2025-11-25 10:35:00+05:30,0.00047845775358304623
2025-11-25 10:40:00+05:30,-0.0007055927437935127
2025-11-25 10:45:00+05:30,-0.0003033837179774106
2025-11-25 10:50:00+05:30,-0.0002661404482759451
2025-11-25 10:55:00+05:30,-0.0014005185867646687
2025-11-25 11:00:00+05:30,-0.00019284968646152874
2025-11-25 11:05:00+05:30,0.0001352534851861884
2025-11-25 11:10:00+05:30,0.00044015102170048034
2025-11-25 11:15:00+05:30,0.00011502422089127469
2025-11-25 11:20:00+05:30,5.167454711643266e-05
2025-11-25 11:25:00+05:30,0.0004289870566493291
2025-11-25 11:30:00+05:30,0.00020535837614811317
2025-11-25 11:35:00+05:30,0.00010676113616859886
2025-11-25 11:40:00+05:30,-0.00041086249628781505
2025-11-25 11:45:00+05:30,0.0002862450338944348
2025-11-25 11:50:00+05:30,0.00040797145342297866
2025-11-25 11:55:00+05:30,0.0007132921345348247
2025-11-25 12:00:00+05:30,-0.00029619695738604765
2025-11-25 12:05:00+05:30,0.0004518098732882126
2025-11-25 12:10:00+05:30,-0.00032900610696073277
2025-11-25 12:15:00+05:30,-0.0005532084130387474
2025-11-25 12:20:00+05:30,-0.00030780889804795183
2025-11-25 12:25:00+05:30,5.9501956387054165e-05
2025-11-25 12:30:00+05:30,0.00029981445756417137
2025-11-25 12:35:00+05:30,0.0003396661286022562
2025-11-25 12:40:00+05:30,0.00031974368131419613
2025-11-25 12:45:00+05:30,5.264786609784472e-05
2025-11-25 12:50:00+05:30,0.00027949385550720215
2025-11-25 12:55:00+05:30,-0.00032204822272910585
2025-11-25 13:00:00+05:30,-0.0002381641189095574
2025-11-25 13:05:00+05:30,0.001076859710619835
2025-11-25 13:10:00+05:30,-0.00036331338646838614
2025-11-25 13:15:00+05:30,-5.2304455072643406e-05
2025-11-25 13:20:00+05:30,0.00029825438948072325
2025-11-25 13:25:00+05:30,0.00019940919326444373
2025-11-25 13:30:00+05:30,-0.0002820460749511571
2025-11-25 13:35:00+05:30,0.00025890440337013977
2025-11-25 13:40:00+05:30,-0.00042143668387770026
2025-11-25 13:45:00+05:30,0.00019085198356142593
2025-11-25 13:50:00+05:30,0.00017395055698370644
2025-11-25 13:55:00+05:30,1.9953498874993402e-05
2025-11-25 14:00:00+05:30,0.0005661499558608828
2025-11-25 14:05:00+05:30,-0.00032858526264253164
2025-11-25 14:10:00+05:30,6.631300126052882e-05
2025-11-25 14:15:00+05:30,-0.0005909628601183586
2025-11-25 14:20:00+05:30,-0.000667514716816522
2025-11-25 14:25:00+05:30,-0.0005231231613309628
2025-11-25 14:30:00+05:30,-0.000563956882498206
2025-11-25 14:35:00+05:30,-0.00012651371406716274
2025-11-25 14:40:00+05:30,0.0006381196607864649
2025-11-25 14:45:00+05:30,-0.00027071145502980575
2025-11-25 14:50:00+05:30,-0.001286567326794447
2025-11-25 14:55:00+05:30,-0.0007232043246912424
2025-11-25 15:00:00+05:30,-0.0004916518736827308
2025-11-25 15:05:00+05:30,0.000185333297389871
2025-11-25 15:10:00+05:30,1.1966108755189745e-05
2025-11-25 15:15:00+05:30,-0.0002681420250775107
2025-11-25 15:20:00+05:30,-0.0002793134977345615
2025-11-25 15:25:00+05:30,-0.00024066472538554265
2025-11-26 09:15:00+05:30,0.004421458908486897
2025-11-26 09:20:00+05:30,-0.0002481324749470323
2025-11-26 09:25:00+05:30,0.0005448750344493675
2025-11-26 09:30:00+05:30,0.0009423196769455741
2025-11-26 09:35:00+05:30,9.029139996504027e-05
2025-11-26 09:40:00+05:30,0.0004955698750510256
2025-11-26 09:45:00+05:30,0.0007267837247985135
2025-11-26 09:50:00+05:30,0.0009425112076959157
2025-11-26 09:55:00+05:30,0.0001225874320865493
2025-11-26 10:00:00+05:30,0.00025142903041926835
2025-11-26 10:05:00+05:30,0.00025554080491693574
2025-11-26 10:10:00+05:30,-0.00021896782069807355
2025-11-26 10:15:00+05:30,0.00010325776941370806
2025-11-26 10:20:00+05:30,-0.00010727656528380632
2025-11-26 10:25:00+05:30,-0.000382623582998366
2025-11-26 10:30:00+05:30,0.0002806395472309571
2025-11-26 10:35:00+05:30,0.0004797852244552776
2025-11-26 10:40:00+05:30,-4.757787138178876e-05
2025-11-26 10:45:00+05:30,0.0009704824446596051
2025-11-26 10:50:00+05:30,-0.0008221330576545739
2025-11-26 10:55:00+05:30,-6.092641792171686e-05
2025-11-26 11:00:00+05:30,0.0002179187659974859
2025-11-26 11:05:00+05:30,-4.822835316661103e-05
2025-11-26 11:10:00+05:30,-4.887214806211033e-05
2025-11-26 11:15:00+05:30,0.0004927066366651248
2025-11-26 11:20:00+05:30,-6.871966052780568e-06
2025-11-26 11:25:00+05:30,-2.2638378344597143e-05
2025-11-26 11:30:00+05:30,0.00014888527297498682
2025-11-26 11:35:00+05:30,-0.00015559616830746208
2025-11-26 11:40:00+05:30,-0.0002643540439786441
2025-11-26 11:45:00+05:30,0.0003225203992606583
2025-11-26 11:50:00+05:30,7.212485434746501e-05
2025-11-26 11:55:00+05:30,0.00038307335377595867
2025-11-26 12:00:00+05:30,0.00014979412730904183
2025-11-26 12:05:00+05:30,0.00013003859496431072
2025-11-26 12:10:00+05:30,6.282644753835846e-05
2025-11-26 12:15:00+05:30,-0.00014442250910825342
2025-11-26 12:20:00+05:30,9.757233870916497e-05
2025-11-26 12:25:00+05:30,6.497332615347007e-05
2025-11-26 12:30:00+05:30,0.00022601630804062656
2025-11-26 12:35:00+05:30,0.00018471940510288385
2025-11-26 12:40:00+05:30,0.00022086323348913836
2025-11-26 12:45:00+05:30,-0.0002029369240390544
2025-11-26 12:50:00+05:30,3.6979630150988254e-05
2025-11-26 12:55:00+05:30,0.00021442945799187094
2025-11-26 13:00:00+05:30,0.0003595029753293259
2025-11-26 13:05:00+05:30,0.0003783829054521944
2025-11-26 13:10:00+05:30,-6.851129869283863e-05
2025-11-26 13:15:00+05:30,0.00020869734894305027
2025-11-26 13:20:00+05:30,-0.0006000014561830671
2025-11-26 13:25:00+05:30,-0.000642237418622384
2025-11-26 13:30:00+05:30,0.0006209669647608244
2025-11-26 13:35:00+05:30,0.00030442036949246117
2025-11-26 13:40:00+05:30,-0.0003529875620835732
2025-11-26 13:45:00+05:30,0.00011345263586470227
2025-11-26 13:50:00+05:30,9.066248397535553e-05
2025-11-26 13:55:00+05:30,0.0002666329935040866
2025-11-26 14:00:00+05:30,0.000510803492787356
2025-11-26 14:05:00+05:30,1.3877171040300204e-05
2025-11-26 14:10:00+05:30,-9.627467611771883e-05
2025-11-26 14:15:00+05:30,-0.0003645200057194393
2025-11-26 14:20:00+05:30,0.0003521309779008015
2025-11-26 14:25:00+05:30,-0.0009533470248178924
2025-11-26 14:30:00+05:30,0.0005578697748276994
2025-11-26 14:35:00+05:30,-0.00010333462706622522
2025-11-26 14:40:00+05:30,0.00023488189317583995
2025-11-26 14:45:00+05:30,-0.0005490885083303064
2025-11-26 14:50:00+05:30,0.00021337797548989643
2025-11-26 14:55:00+05:30,0.0002230407745063819
2025-11-26 15:00:00+05:30,0.0003640924329768299
2025-11-26 15:05:00+05:30,0.0004444052817635643
2025-11-26 15:10:00+05:30,-7.310955998877275e-05
2025-11-26 15:15:00+05:30,-0.00013981637894547463
2025-11-26 15:20:00+05:30,-1.3547565992074564e-05
2025-11-26 15:25:00+05:30,-0.00017050166243924215
2025-11-27 09:15:00+05:30,0.0019351340486178867
2025-11-27 09:20:00+05:30,0.0008532173892452235
2025-11-27 09:25:00+05:30,-0.00012740528045631754
2025-11-27 09:30:00+05:30,-0.00023576732298702385
2025-11-27 09:35:00+05:30,-0.0008070178838934034
2025-11-27 09:40:00+05:30,-0.0007415915685390642
2025-11-27 09:45:00+05:30,0.0003415200377242347
2025-11-27 09:50:00+05:30,0.0001616739140791453
2025-11-27 09:55:00+05:30,0.0011346062818652827
2025-11-27 10:00:00+05:30,0.00013560375395532383
2025-11-27 10:05:00+05:30,-0.00018089545473271894
2025-11-27 10:10:00+05:30,-0.00025715880321915786
2025-11-27 10:15:00+05:30,-7.348238896530048e-05
2025-11-27 10:20:00+05:30,-0.0002679813482769151
2025-11-27 10:25:00+05:30,0.0004767296228504791
2025-11-27 10:30:00+05:30,-5.499121379159393e-05
2025-11-27 10:35:00+05:30,0.000382181202535613
2025-11-27 10:40:00+05:30,-0.00021203670079683015
2025-11-27 10:45:00+05:30,0.0004627482871983481
2025-11-27 10:50:00+05:30,-0.00026346178844919476
2025-11-27 10:55:00+05:30,-2.8731571172283122e-05
2025-11-27 11:00:00+05:30,0.0002829644641215069
2025-11-27 11:05:00+05:30,0.0003007259282898736
2025-11-27 11:10:00+05:30,-0.00025828593384081893
2025-11-27 11:15:00+05:30,-0.0006130375352897399
2025-11-27 11:20:00+05:30,-2.0659256399701536e-05
2025-11-27 11:25:00+05:30,9.060497035330353e-06
2025-11-27 11:30:00+05:30,-0.0004942416866294877
2025-11-27 11:35:00+05:30,-0.00012056270959705604
2025-11-27 11:40:00+05:30,0.0002652155014821335
2025-11-27 11:45:00+05:30,-0.0009824396563139258
2025-11-27 11:50:00+05:30,0.000152089414194867
2025-11-27 11:55:00+05:30,0.0001683392297200907
2025-11-27 12:00:00+05:30,1.8820067810714447e-05
2025-11-27 12:05:00+05:30,-0.0003209315904459883
2025-11-27 12:10:00+05:30,9.199831423907585e-05
2025-11-27 12:15:00+05:30,3.787332932994749e-05
2025-11-27 12:20:00+05:30,-0.00041003493438972996
2025-11-27 12:25:00+05:30,6.49411929502782e-05
2025-11-27 12:30:00+05:30,-0.00027421744902535547
2025-11-27 12:35:00+05:30,-9.303476305141798e-05
2025-11-27 12:40:00+05:30,0.0010999448178458746
2025-11-27 12:45:00+05:30,0.0001534829830605921
2025-11-27 12:50:00+05:30,-0.00032692816194757057
2025-11-27 12:55:00+05:30,-3.088014669221022e-05
2025-11-27 13:00:00+05:30,-0.0003970273447820743
2025-11-27 13:05:00+05:30,-0.00047636084984566774
2025-11-27 13:10:00+05:30,-0.001737540164376655
2025-11-27 13:15:00+05:30,0.000237824804903729
2025-11-27 13:20:00+05:30,-0.0009267800760493406
2025-11-27 13:25:00+05:30,-0.00012858414751807553
2025-11-27 13:30:00+05:30,0.0005312009015295418
2025-11-27 13:35:00+05:30,-0.0006217693122418991
2025-11-27 13:40:00+05:30,-4.19218077945684e-05
2025-11-27 13:45:00+05:30,0.0004936974391981083
2025-11-27 13:50:00+05:30,0.0005227358557463473
2025-11-27 13:55:00+05:30,0.00043628254393078184
2025-11-27 14:00:00+05:30,-0.0003178545401978606
2025-11-27 14:05:00+05:30,0.0003299932620923353
2025-11-27 14:10:00+05:30,-0.0003887445316687172
2025-11-27 14:15:00+05:30,0.0002924985939692867
2025-11-27 14:20:00+05:30,0.0004351091058044011
2025-11-27 14:25:00+05:30,0.00022973602277418398
2025-11-27 14:30:00+05:30,3.8928307250817835e-07
2025-11-27 14:35:00+05:30,0.00043664502491543093
2025-11-27 14:40:00+05:30,-0.0004385444181937338
2025-11-27 14:45:00+05:30,-0.00045456243081330944
2025-11-27 14:50:00+05:30,-0.0005563453909242657
2025-11-27 14:55:00+05:30,0.00032367516584215565
2025-11-27 15:00:00+05:30,0.0010260237778429817
2025-11-27 15:05:00+05:30,-7.762981058193794e-05
2025-11-27 15:10:00+05:30,7.720058393568292e-05
2025-11-27 15:15:00+05:30,0.00029381150020690275
2025-11-27 15:20:00+05:30,8.427523625228297e-05
2025-11-27 15:25:00+05:30,0.0001105369903300872
2025-11-28 09:15:00+05:30,0.0009908996982160214
2025-11-28 09:20:00+05:30,-0.0008564594334263118
2025-11-28 09:25:00+05:30,0.0004975686617430325
2025-11-28 09:30:00+05:30,0.0008610263793618243
2025-11-28 09:35:00+05:30,-0.0012978279259545002
2025-11-28 09:40:00+05:30,0.0006458843982140846
2025-11-28 09:45:00+05:30,0.0005719366303629879
2025-11-28 09:50:00+05:30,0.0005443836423269014
2025-11-28 09:55:00+05:30,-4.3181178071630865e-05
2025-11-28 10:00:00+05:30,0.00029583915833162217
2025-11-28 10:05:00+05:30,0.0002787001311312405
2025-11-28 10:10:00+05:30,-0.0007658921210856581
2025-11-28 10:15:00+05:30,-0.00032174702572693024
2025-11-28 10:20:00+05:30,-0.0005827633663306333
2025-11-28 10:25:00+05:30,0.00044070758298384466
2025-11-28 10:30:00+05:30,0.0005396826172219084
2025-11-28 10:35:00+05:30,0.0007181702392527262
2025-11-28 10:40:00+05:30,0.0001414286575049004
2025-11-28 10:45:00+05:30,-7.875232732293549e-05
2025-11-28 10:50:00+05:30,-8.335979923967367e-05
2025-11-28 10:55:00+05:30,-0.0002799117825829323
2025-11-28 11:00:00+05:30,0.00020121552239503094
2025-11-28 11:05:00+05:30,-0.00022403900164184206
2025-11-28 11:10:00+05:30,0.0006567580887857769
2025-11-28 11:15:00+05:30,-0.00011150350408941751
2025-11-28 11:20:00+05:30,-0.0006107901583263534
2025-11-28 11:25:00+05:30,-0.00011163837153199978
2025-11-28 11:30:00+05:30,0.00015377603598975523
2025-11-28 11:35:00+05:30,0.00013123159350266581
2025-11-28 11:40:00+05:30,3.749451498237303e-05
2025-11-28 11:45:00+05:30,0.00044376816393104353
2025-11-28 11:50:00+05:30,-0.000258388270906471
2025-11-28 11:55:00+05:30,-4.0016163624864564e-05
2025-11-28 12:00:00+05:30,-0.00022720800881157933
2025-11-28 12:05:00+05:30,-8.812050564816809e-05
2025-11-28 12:10:00+05:30,0.00030173115582811166
2025-11-28 12:15:00+05:30,-0.0003383262750789566
2025-11-28 12:20:00+05:30,-0.0002822027356506519
2025-11-28 12:25:00+05:30,-9.44698701223519e-05
2025-11-28 12:30:00+05:30,0.0005304467100945477
2025-11-28 12:35:00+05:30,-4.826352687001121e-05
2025-11-28 12:40:00+05:30,-0.0003122120539285242
2025-11-28 12:45:00+05:30,-0.0009108496443538453
2025-11-28 12:50:00+05:30,0.0004803658041863463
2025-11-28 12:55:00+05:30,0.0002767180856064521
2025-11-28 13:00:00+05:30,-0.00019543914725693665
2025-11-28 13:05:00+05:30,-0.00017384527283309233
2025-11-28 13:10:00+05:30,-0.00021299892903770576
2025-11-28 13:15:00+05:30,-0.00026698529387164953
2025-11-28 13:20:00+05:30,0.0006863475042408035
2025-11-28 13:25:00+05:30,8.37818761824503e-05
2025-11-28 13:30:00+05:30,0.00015176556070401208
2025-11-28 13:35:00+05:30,1.0032537195266802e-05
2025-11-28 13:40:00+05:30,-0.00044560753125405235
2025-11-28 13:45:00+05:30,-0.00042105214585423585
2025-11-28 13:50:00+05:30,0.00020450234098647412
2025-11-28 13:55:00+05:30,-9.883795874106388e-06
2025-11-28 14:00:00+05:30,0.000224130076825833
2025-11-28 14:05:00+05:30,-0.0003982195771646181
2025-11-28 14:10:00+05:30,-4.5037294810990645e-05
2025-11-28 14:15:00+05:30,-2.932683869158897e-05
2025-11-28 14:20:00+05:30,-4.8883021340265376e-05
2025-11-28 14:25:00+05:30,0.00013606735326244848
2025-11-28 14:30:00+05:30,0.0003372077093802185
2025-11-28 14:35:00+05:30,0.00014231262216431832
2025-11-28 14:40:00+05:30,-0.0003919277143681869
2025-11-28 14:45:00+05:30,-4.988376876463293e-05
2025-11-28 14:50:00+05:30,-6.165161929492703e-06
2025-11-28 14:55:00+05:30,7.719096531206604e-05
2025-11-28 15:00:00+05:30,2.623109471737366e-05
2025-11-28 15:05:00+05:30,-3.593708117429002e-05
2025-11-28 15:10:00+05:30,-0.000367066026403164
2025-11-28 15:15:00+05:30,0.00023572775468161974
2025-11-28 15:20:00+05:30,-1.1210758694403888e-05
2025-11-28 15:25:00+05:30,0.00016501872937261416
2025-12-01 09:15:00+05:30,0.0039810640944091145
2025-12-01 09:20:00+05:30,9.79635884433546e-05
2025-12-01 09:25:00+05:30,-0.0002703509059141722
2025-12-01 09:30:00+05:30,0.0003926423510608398
2025-12-01 09:35:00+05:30,0.0005387044890937489
2025-12-01 09:40:00+05:30,-0.00047827596514940653
2025-12-01 09:45:00+05:30,0.00034126002784287825
2025-12-01 09:50:00+05:30,-0.0005856057917198104
2025-12-01 09:55:00+05:30,-0.00025117998290230244
2025-12-01 10:00:00+05:30,0.000529624315163317
2025-12-01 10:05:00+05:30,0.0002599382578975021
2025-12-01 10:10:00+05:30,2.060920454048873e-05
2025-12-01 10:15:00+05:30,-0.00033503750361606405
2025-12-01 10:20:00+05:30,-0.0001907557917754625
2025-12-01 10:25:00+05:30,0.0001291426901298453
2025-12-01 10:30:00+05:30,-0.0004556932917909303
2025-12-01 10:35:00+05:30,-0.0006787427208812623
2025-12-01 10:40:00+05:30,-0.0001410217723385045
2025-12-01 10:45:00+05:30,-0.0003540592422243372
2025-12-01 10:50:00+05:30,-0.0006593425576313722
2025-12-01 10:55:00+05:30,0.00022142453779994717
2025-12-01 11:00:00+05:30,-0.00032320478858651277
2025-12-01 11:05:00+05:30,0.00013111312860414922
2025-12-01 11:10:00+05:30,0.0005111704155249121
2025-12-01 11:15:00+05:30,-0.0002214765733671181
2025-12-01 11:20:00+05:30,0.0003599799275113675
2025-12-01 11:25:00+05:30,0.00014796324841214123
2025-12-01 11:30:00+05:30,0.0004884315218450084
2025-12-01 11:35:00+05:30,-9.135209662079393e-05
2025-12-01 11:40:00+05:30,-0.0015668288532995243
2025-12-01 11:45:00+05:30,-0.000814950790397255
2025-12-01 11:50:00+05:30,0.0004173454505803817
2025-12-01 11:55:00+05:30,0.000581974069227226
2025-12-01 12:00:00+05:30,-0.00042615472783544126
2025-12-01 12:05:00+05:30,-0.0008880640140091636
2025-12-01 12:10:00+05:30,4.079065431308432e-05
2025-12-01 12:15:00+05:30,-3.337198556051465e-05
2025-12-01 12:20:00+05:30,0.0003012691092099761
2025-12-01 12:25:00+05:30,0.00037017451792935237
2025-12-01 12:30:00+05:30,-0.000950767981132063
2025-12-01 12:35:00+05:30,-0.00011451421077497765
2025-12-01 12:40:00+05:30,0.00031487323192699136
2025-12-01 12:45:00+05:30,-0.0002906676941024819
2025-12-01 12:50:00+05:30,0.0006239133997770003
2025-12-01 12:55:00+05:30,0.00031828993913049936
2025-12-01 13:00:00+05:30,-0.00024255263777153263
2025-12-01 13:05:00+05:30,-6.981521145023098e-05
2025-12-01 13:10:00+05:30,0.00041476096971292337
2025-12-01 13:15:00+05:30,0.000274049409925253
2025-12-01 13:20:00+05:30,-0.0009239948195018183
2025-12-01 13:25:00+05:30,5.063604153587864e-05
2025-12-01 13:30:00+05:30,-0.00028270189187403584
2025-12-01 13:35:00+05:30,0.0007614765950861214
2025-12-01 13:40:00+05:30,0.0003714894023989501
2025-12-01 13:45:00+05:30,0.00018524809906519507
2025-12-01 13:50:00+05:30,-5.7614406041695575e-05
2025-12-01 13:55:00+05:30,-0.0003726379305335189
2025-12-01 14:00:00+05:30,0.0011854068898903749
2025-12-01 14:05:00+05:30,-0.00041284977694833777
2025-12-01 14:10:00+05:30,0.00013890495138069755
2025-12-01 14:15:00+05:30,-0.0001866718975109056
2025-12-01 14:20:00+05:30,0.00013488908875305521
2025-12-01 14:25:00+05:30,0.0001436369878449721
2025-12-01 14:30:00+05:30,-0.00033819144668361344
2025-12-01 14:35:00+05:30,-0.0004268298417620752
2025-12-01 14:40:00+05:30,-0.00023730008843334422
2025-12-01 14:45:00+05:30,9.194942745016643e-05
2025-12-01 14:50:00+05:30,-0.0010987383877324862
2025-12-01 14:55:00+05:30,-3.8682567071530493e-05
2025-12-01 15:00:00+05:30,0.0013915160952840486
2025-12-01 15:05:00+05:30,3.972702610435369e-05
2025-12-01 15:10:00+05:30,-9.175172106279968e-05
2025-12-01 15:15:00+05:30,3.050423570300235e-06
2025-12-01 15:20:00+05:30,0.00022431568419815258
2025-12-01 15:25:00+05:30,-0.000465715531511447
2025-12-02 09:15:00+05:30,0.00016214970709570395
2025-12-02 09:20:00+05:30,-0.00025684986912192994
2025-12-02 09:25:00+05:30,-0.0004731531428380582
2025-12-02 09:30:00+05:30,-0.0003553245067508274
2025-12-02 09:35:00+05:30,-8.22398364051776e-05
2025-12-02 09:40:00+05:30,-0.0010422141778553098
2025-12-02 09:45:00+05:30,-0.0005834646941235904
2025-12-02 09:50:00+05:30,0.00019867545959959427
2025-12-02 09:55:00+05:30,-2.6187292811902534e-05
2025-12-02 10:00:00+05:30,5.452842680829736e-05
2025-12-02 10:05:00+05:30,-0.0003963495021415248
2025-12-02 10:10:00+05:30,-0.0005443958058640263
2025-12-02 10:15:00+05:30,0.00017658211346395283
2025-12-02 10:20:00+05:30,0.0005980678099370447
2025-12-02 10:25:00+05:30,-0.00012404122045205882
2025-12-02 10:30:00+05:30,0.00017702055133674377
2025-12-02 10:35:00+05:30,-0.0003339884388158243
2025-12-02 10:40:00+05:30,-0.0002930058608538017
2025-12-02 10:45:00+05:30,2.493651051419112e-05
2025-12-02 10:50:00+05:30,0.0005834809209827217
2025-12-02 10:55:00+05:30,9.909258877432115e-05
2025-12-02 11:00:00+05:30,0.00012626230325166917
2025-12-02 11:05:00+05:30,0.00020511227950999848
2025-12-02 11:10:00+05:30,-0.0005140023504347034
2025-12-02 11:15:00+05:30,-0.00019700562031842392
2025-12-02 11:20:00+05:30,-0.00014947223113857456
2025-12-02 11:25:00+05:30,-0.0004956747860677066
2025-12-02 11:30:00+05:30,2.0668699852820433e-05
2025-12-02 11:35:00+05:30,0.00027881546309209925
2025-12-02 11:40:00+05:30,-0.00022319758475522039
2025-12-02 11:45:00+05:30,0.0001461786580803268
2025-12-02 11:50:00+05:30,-0.0005707070541893028
2025-12-02 11:55:00+05:30,3.230770475694621e-05
2025-12-02 12:00:00+05:30,0.00012206214618238956
2025-12-02 12:05:00+05:30,7.454608602925088e-05
2025-12-02 12:10:00+05:30,-0.0001770257158795372
2025-12-02 12:15:00+05:30,0.0003677833024944405
2025-12-02 12:20:00+05:30,0.00025596020305074826
2025-12-02 12:25:00+05:30,0.0001246229648881033
2025-12-02 12:30:00+05:30,0.00032764957094875616
2025-12-02 12:35:00+05:30,-0.00018574067519374742
2025-12-02 12:40:00+05:30,-0.0002365908884610167
2025-12-02 12:45:00+05:30,-0.00034392476628184924
2025-12-02 12:50:00+05:30,-0.00020804470985753904
2025-12-02 12:55:00+05:30,-0.00029791493348904483
2025-12-02 13:00:00+05:30,0.00012716678218596238
2025-12-02 13:05:00+05:30,0.0002942753824238224
2025-12-02 13:10:00+05:30,-0.0006569804127576409
2025-12-02 13:15:00+05:30,-4.070484582011237e-06
2025-12-02 13:20:00+05:30,0.0002939381822165454
2025-12-02 13:25:00+05:30,-0.0003441659425861686
2025-12-02 13:30:00+05:30,0.00020139412212323059
2025-12-02 13:35:00+05:30,-0.00024250040582605626
2025-12-02 13:40:00+05:30,5.084021466698823e-05
2025-12-02 13:45:00+05:30,5.282541804593608e-05
2025-12-02 13:50:00+05:30,0.00018941351649273832
2025-12-02 13:55:00+05:30,0.00038365742465838954
2025-12-02 14:00:00+05:30,-0.00010373161538197801
2025-12-02 14:05:00+05:30,-9.625413719569955e-05
2025-12-02 14:10:00+05:30,-0.0006189938725271679
2025-12-02 14:15:00+05:30,-6.047528541725843e-05
2025-12-02 14:20:00+05:30,-0.0003407036060205005
2025-12-02 14:25:00+05:30,0.00037392958052363595
2025-12-02 14:30:00+05:30,-0.0001383440111688444
2025-12-02 14:35:00+05:30,-0.0011244966549633448
2025-12-02 14:40:00+05:30,-6.456168694136735e-05
2025-12-02 14:45:00+05:30,0.00010473503987564865
2025-12-02 14:50:00+05:30,-0.0002738557677189481
2025-12-02 14:55:00+05:30,-0.00027912889942509274
2025-12-02 15:00:00+05:30,0.0004123040823969964
2025-12-02 15:05:00+05:30,0.00024916222990105884
2025-12-02 15:10:00+05:30,0.0004478879626456977
2025-12-02 15:15:00+05:30,-9.042855444072345e-06
2025-12-02 15:20:00+05:30,0.00037229647459820285
2025-12-02 15:25:00+05:30,0.0006419261980356262
2025-12-03 09:15:00+05:30,6.768612010801373e-05
2025-12-03 09:20:00+05:30,-0.0008798549202785216
2025-12-03 09:25:00+05:30,-0.001556000927346821
2025-12-03 09:30:00+05:30,-0.0014265049680764388
2025-12-03 09:35:00+05:30,-0.0009631029644380521
2025-12-03 09:40:00+05:30,0.0006384154786345592
2025-12-03 09:45:00+05:30,-0.00012663947844511543
2025-12-03 09:50:00+05:30,-1.3504993804772833e-05
2025-12-03 09:55:00+05:30,0.00035442020951630636
2025-12-03 10:00:00+05:30,-0.0013814393496787147
2025-12-03 10:05:00+05:30,8.568713102470082e-05
2025-12-03 10:10:00+05:30,0.0006903392586597883
2025-12-03 10:15:00+05:30,-0.0005606754865390183
2025-12-03 10:20:00+05:30,0.0005957040662119112
2025-12-03 10:25:00+05:30,-0.00015988448474454762
2025-12-03 10:30:00+05:30,0.00013183348018064311
2025-12-03 10:35:00+05:30,-0.00048356138417018473
2025-12-03 10:40:00+05:30,-0.0003205682902926414
2025-12-03 10:45:00+05:30,8.040020930693237e-05
2025-12-03 10:50:00+05:30,0.00022267652754530336
2025-12-03 10:55:00+05:30,0.00023084492037235048
2025-12-03 11:00:00+05:30,0.00011412214453359866
2025-12-03 11:05:00+05:30,-0.0005354112860735832
2025-12-03 11:10:00+05:30,0.0001943373094514913
2025-12-03 11:15:00+05:30,-0.0004314935315519069
2025-12-03 11:20:00+05:30,-0.0006561712610801612
2025-12-03 11:25:00+05:30,0.0004902369539166305
2025-12-03 11:30:00+05:30,0.0006120992203867706
2025-12-03 11:35:00+05:30,0.0010603677343505751
2025-12-03 11:40:00+05:30,-0.0002899539664765574
2025-12-03 11:45:00+05:30,0.0002509156065536822
2025-12-03 11:50:00+05:30,9.483878556967131e-05
2025-12-03 11:55:00+05:30,-0.00016140402611475313
2025-12-03 12:00:00+05:30,0.0005203432999929477
2025-12-03 12:05:00+05:30,-7.273028678010882e-05
2025-12-03 12:10:00+05:30,0.0004548969988029964
2025-12-03 12:15:00+05:30,0.00036828781874574884
2025-12-03 12:20:00+05:30,-0.00012483101098459404
2025-12-03 12:25:00+05:30,-0.0005871446476830286
2025-12-03 12:30:00+05:30,-0.0005420710621306844
2025-12-03 12:35:00+05:30,-0.0004508067023907036
2025-12-03 12:40:00+05:30,-0.0002537051763452822
2025-12-03 12:45:00+05:30,0.00018975851008662978
2025-12-03 12:50:00+05:30,0.00020682419515827863
2025-12-03 12:55:00+05:30,0.0002655517375012251
2025-12-03 13:00:00+05:30,3.418394453691409e-05
2025-12-03 13:05:00+05:30,-3.2068329521307036e-05
2025-12-03 13:10:00+05:30,-4.7382068017184775e-05
2025-12-03 13:15:00+05:30,-0.00012748717017891696
2025-12-03 13:20:00+05:30,-1.867084317852541e-05
2025-12-03 13:25:00+05:30,0.0003127745073014533
2025-12-03 13:30:00+05:30,0.0001922081871373765
2025-12-03 13:35:00+05:30,-4.726349713740349e-05
2025-12-03 13:40:00+05:30,-0.0005837299530356598
2025-12-03 13:45:00+05:30,-0.0004851612293975098
2025-12-03 13:50:00+05:30,4.264877136757985e-05
2025-12-03 13:55:00+05:30,0.00016853306870300813
2025-12-03 14:00:00+05:30,0.00013648701485380332
2025-12-03 14:05:00+05:30,0.0006953984783758351
2025-12-03 14:10:00+05:30,0.0002542995544763116
2025-12-03 14:15:00+05:30,-0.00021489027708766542
2025-12-03 14:20:00+05:30,0.0006689488159553848
2025-12-03 14:25:00+05:30,-0.0011024754932783484
2025-12-03 14:30:00+05:30,0.00034889064093359795
2025-12-03 14:35:00+05:30,4.1114937196378974e-05
2025-12-03 14:40:00+05:30,0.00019429515559237455
2025-12-03 14:45:00+05:30,0.0005248087710918272
2025-12-03 14:50:00+05:30,0.000577022743017408
2025-12-03 14:55:00+05:30,0.0005566766054968706
2025-12-03 15:00:00+05:30,9.106983941958565e-06
2025-12-03 15:05:00+05:30,0.000636223959609617
2025-12-03 15:10:00+05:30,-0.00010062765789381771
2025-12-03 15:15:00+05:30,-0.00022659530915224377
2025-12-03 15:20:00+05:30,-7.332990756456652e-05
2025-12-03 15:25:00+05:30,0.00024677974374233777
2025-12-04 09:15:00+05:30,-0.00044918448407295147
2025-12-04 09:20:00+05:30,0.0010944709005258522
2025-12-04 09:25:00+05:30,-8.821499528839722e-05
2025-12-04 09:30:00+05:30,0.00023383725450515662
2025-12-04 09:35:00+05:30,0.00023169680116844207
2025-12-04 09:40:00+05:30,0.0007733016234120132
2025-12-04 09:45:00+05:30,-0.00036512283542492065
2025-12-04 09:50:00+05:30,0.0005716869845312967
2025-12-04 09:55:00+05:30,-0.00021432953908566933
2025-12-04 10:00:00+05:30,-0.00024341645808581704
2025-12-04 10:05:00+05:30,0.00024424833887105066
2025-12-04 10:10:00+05:30,0.00046298152661369097
2025-12-04 10:15:00+05:30,0.00032475058118427844
2025-12-04 10:20:00+05:30,0.00011651613585909808
2025-12-04 10:25:00+05:30,0.0004728482703407872
2025-12-04 10:30:00+05:30,0.0002598178149395909
2025-12-04 10:35:00+05:30,0.00020816371598471401
2025-12-04 10:40:00+05:30,0.00011752861271981181
2025-12-04 10:45:00+05:30,-0.0002339963379010049
2025-12-04 10:50:00+05:30,-0.00029132185309483684
2025-12-04 10:55:00+05:30,-0.00014291232171158516
2025-12-04 11:00:00+05:30,0.0003635007104183811
2025-12-04 11:05:00+05:30,-0.0003029850060162209
2025-12-04 11:10:00+05:30,-2.722880136429266e-05
2025-12-04 11:15:00+05:30,-8.57891375540937e-06
2025-12-04 11:20:00+05:30,-0.00035302194673284725
2025-12-04 11:25:00+05:30,3.151521977768094e-05
2025-12-04 11:30:00+05:30,6.92161338530988e-05
2025-12-04 11:35:00+05:30,-0.0010706503725463948
2025-12-04 11:40:00+05:30,-0.00032685910602131844
2025-12-04 11:45:00+05:30,7.107023590997341e-05
2025-12-04 11:50:00+05:30,-0.0005293601559024772
2025-12-04 11:55:00+05:30,0.0002467175071035829
2025-12-04 12:00:00+05:30,0.0003667966132905905
2025-12-04 12:05:00+05:30,-2.5392953655147354e-05
2025-12-04 12:10:00+05:30,-9.796205082926008e-05
2025-12-04 12:15:00+05:30,-0.00030064937392426075
2025-12-04 12:20:00+05:30,-6.215408299941283e-05
2025-12-04 12:25:00+05:30,0.0002661159407146548
2025-12-04 12:30:00+05:30,-3.06323364465122e-05
2025-12-04 12:35:00+05:30,-3.845622224414664e-05
2025-12-04 12:40:00+05:30,-0.0005040582494072174
2025-12-04 12:45:00+05:30,-0.0006036326514916006
2025-12-04 12:50:00+05:30,-0.00016098055210690468
2025-12-04 12:55:00+05:30,0.0001754567945969971
2025-12-04 13:00:00+05:30,0.000152913463340635
2025-12-04 13:05:00+05:30,-0.00010460394516447436
2025-12-04 13:10:00+05:30,-5.47880542513038e-08
2025-12-04 13:15:00+05:30,-0.0001300632448913401
2025-12-04 13:20:00+05:30,0.0008054339101725091
2025-12-04 13:25:00+05:30,1.7011202073716935e-05
2025-12-04 13:30:00+05:30,-0.0006842055373428068
2025-12-04 13:35:00+05:30,-0.0008820344919169685
2025-12-04 13:40:00+05:30,1.1130525392127011e-05
2025-12-04 13:45:00+05:30,0.00018268628495363002
2025-12-04 13:50:00+05:30,-4.560113526823851e-05
2025-12-04 13:55:00+05:30,-0.00042218920520744723
2025-12-04 14:00:00+05:30,0.0006465461346376483
2025-12-04 14:05:00+05:30,0.000655250568225603
2025-12-04 14:10:00+05:30,-0.00018214189902746183
2025-12-04 14:15:00+05:30,-5.62798430343219e-05
2025-12-04 14:20:00+05:30,-2.658382706971788e-06
2025-12-04 14:25:00+05:30,0.0004885139447204805
2025-12-04 14:30:00+05:30,-0.00015079149310175049
2025-12-04 14:35:00+05:30,0.00028503290746499584
2025-12-04 14:40:00+05:30,-0.00041899817185503104
2025-12-04 14:45:00+05:30,4.5099738453323545e-05
2025-12-04 14:50:00+05:30,0.0007272658179475579
2025-12-04 14:55:00+05:30,0.000680573186718477
2025-12-04 15:00:00+05:30,0.0006191397644322042
2025-12-04 15:05:00+05:30,-0.00017809883888367969
2025-12-04 15:10:00+05:30,-0.00033862072040342987
2025-12-04 15:15:00+05:30,7.896804781099291e-05
2025-12-04 15:20:00+05:30,-0.00022375528210722155
2025-12-04 15:25:00+05:30,-0.0005585706456386546
2025-12-05 09:15:00+05:30,0.0017506402065512578
2025-12-05 09:20:00+05:30,-0.0001554720997816523
2025-12-05 09:25:00+05:30,8.935778143317006e-05
2025-12-05 09:30:00+05:30,0.00033940446492168526
2025-12-05 09:35:00+05:30,-0.0004918975286069344
2025-12-05 09:40:00+05:30,0.00046386843748531293
2025-12-05 09:45:00+05:30,0.00027469463540377275
2025-12-05 09:50:00+05:30,-0.0004712958484230455
2025-12-05 09:55:00+05:30,-0.0007674800727541143
2025-12-05 10:00:00+05:30,0.002900077000925854
2025-12-05 10:05:00+05:30,-0.0003762309552195826
2025-12-05 10:10:00+05:30,-4.625634912311821e-05
2025-12-05 10:15:00+05:30,0.0008289259994990896
2025-12-05 10:20:00+05:30,-0.0008746144227485337
2025-12-05 10:25:00+05:30,-0.0016264821551237436
2025-12-05 10:30:00+05:30,0.00026596000046506444
2025-12-05 10:35:00+05:30,0.0007823191461967351
2025-12-05 10:40:00+05:30,0.0011615309353899422
2025-12-05 10:45:00+05:30,0.0009261169847526451
2025-12-05 10:50:00+05:30,0.0002875517455589566
2025-12-05 10:55:00+05:30,-0.00048423450395241934
2025-12-05 11:00:00+05:30,0.000841891367203859
2025-12-05 11:05:00+05:30,7.692829804859993e-05
2025-12-05 11:10:00+05:30,0.00041012501397396034
2025-12-05 11:15:00+05:30,1.5516934156900002e-05
2025-12-05 11:20:00+05:30,0.0002346171862761011
2025-12-05 11:25:00+05:30,-0.0001623921625871713
2025-12-05 11:30:00+05:30,-8.230924873735206e-05
2025-12-05 11:35:00+05:30,5.445250860543278e-05
2025-12-05 11:40:00+05:30,0.0003441464666878242
2025-12-05 11:45:00+05:30,-0.0006405075221195384
2025-12-05 11:50:00+05:30,0.0004779382317931484
2025-12-05 11:55:00+05:30,-0.00030258271288700244
2025-12-05 12:00:00+05:30,0.0002789756495196019
2025-12-05 12:05:00+05:30,0.0002922324485539021
2025-12-05 12:10:00+05:30,-0.0002084818288861908
2025-12-05 12:15:00+05:30,0.00039492711948683085
2025-12-05 12:20:00+05:30,0.0005698729157672666
2025-12-05 12:25:00+05:30,0.0001929825126031874
2025-12-05 12:30:00+05:30,0.00048676855558425406
2025-12-05 12:35:00+05:30,0.0003259637552630356
2025-12-05 12:40:00+05:30,1.637834989100616e-05
2025-12-05 12:45:00+05:30,0.00010161053405214513
2025-12-05 12:50:00+05:30,0.00010007031632108225
2025-12-05 12:55:00+05:30,-0.00045767137081691097
2025-12-05 13:00:00+05:30,0.0001593473636045322
2025-12-05 13:05:00+05:30,-3.714554302380879e-05
2025-12-05 13:10:00+05:30,-0.00023958941908690172
2025-12-05 13:15:00+05:30,0.00029333176972334255
2025-12-05 13:20:00+05:30,-0.0002279501318199586
2025-12-05 13:25:00+05:30,0.00014872982473038872
2025-12-05 13:30:00+05:30,7.861891636960991e-05
2025-12-05 13:35:00+05:30,0.00026878881178697033
2025-12-05 13:40:00+05:30,0.0001298711908898777
2025-12-05 13:45:00+05:30,-0.0004363703201863207
2025-12-05 13:50:00+05:30,-0.0003370101972006945
2025-12-05 13:55:00+05:30,-0.00034874006847852054
2025-12-05 14:00:00+05:30,-7.362190909613495e-05
2025-12-05 14:05:00+05:30,-0.00016321933146925654
2025-12-05 14:10:00+05:30,0.00040852792051869697
2025-12-05 14:15:00+05:30,0.0001477235464207451
2025-12-05 14:20:00+05:30,-0.00023973517362936643
2025-12-05 14:25:00+05:30,0.00022523289817748772
2025-12-05 14:30:00+05:30,-0.0008008345851013901
2025-12-05 14:35:00+05:30,-6.790409316726505e-05
2025-12-05 14:40:00+05:30,-8.111850666830078e-06
2025-12-05 14:45:00+05:30,-0.00015586304966471557
2025-12-05 14:50:00+05:30,0.00020508884547478323
2025-12-05 14:55:00+05:30,0.00029888205126494876
2025-12-05 15:00:00+05:30,0.0012052851621882836
2025-12-05 15:05:00+05:30,0.0001625216691759868
2025-12-05 15:10:00+05:30,-4.611416606874124e-07
2025-12-05 15:15:00+05:30,0.00046836869774125045
2025-12-05 15:20:00+05:30,-7.112522345841197e-05
2025-12-05 15:25:00+05:30,-0.0005613270456280748
2025-12-08 09:15:00+05:30,-0.0003132297826274888
2025-12-08 09:20:00+05:30,0.00030603621955735844
2025-12-08 09:25:00+05:30,-0.0009955875952074296
2025-12-08 09:30:00+05:30,-0.0006401782586473434
2025-12-08 09:35:00+05:30,-0.00016107596300641905
2025-12-08 09:40:00+05:30,0.0004882592544896629
2025-12-08 09:45:00+05:30,-0.000977574074856681
2025-12-08 09:50:00+05:30,-0.0006460594135083533
2025-12-08 09:55:00+05:30,0.00020998299268272294
2025-12-08 10:00:00+05:30,-0.00043341073636111495
2025-12-08 10:05:00+05:30,0.0006730706729100968
2025-12-08 10:10:00+05:30,0.0001573150544978974
2025-12-08 10:15:00+05:30,-7.289706627240728e-05
2025-12-08 10:20:00+05:30,0.0005221180569667863
2025-12-08 10:25:00+05:30,-0.00022396274207680503
2025-12-08 10:30:00+05:30,-0.0005538393326525053
2025-12-08 10:35:00+05:30,0.00026206002074787086
2025-12-08 10:40:00+05:30,0.00023592808729722722
2025-12-08 10:45:00+05:30,-0.0002971910339797846
2025-12-08 10:50:00+05:30,0.0002430599157744871
2025-12-08 10:55:00+05:30,-0.0005474228405441043
2025-12-08 11:00:00+05:30,-0.000405859545222735
2025-12-08 11:05:00+05:30,3.246801287715735e-05
2025-12-08 11:10:00+05:30,0.00031354301519995333
2025-12-08 11:15:00+05:30,-0.00036774404812782365
2025-12-08 11:20:00+05:30,0.000610852848202217
2025-12-08 11:25:00+05:30,-6.54177695302323e-05
2025-12-08 11:30:00+05:30,-0.00023422881894034835
2025-12-08 11:35:00+05:30,-0.00023411576947632442
2025-12-08 11:40:00+05:30,2.518093830484794e-05
2025-12-08 11:45:00+05:30,0.0002610022259449513
2025-12-08 11:50:00+05:30,-0.0004746364906142997
2025-12-08 11:55:00+05:30,-2.7183804623088254e-06
2025-12-08 12:00:00+05:30,-0.00014696312860612863
2025-12-08 12:05:00+05:30,-9.768932268534358e-05
2025-12-08 12:10:00+05:30,-0.0003328389876993541
2025-12-08 12:15:00+05:30,-4.073974825865987e-05
2025-12-08 12:20:00+05:30,0.0002116641058776023
2025-12-08 12:25:00+05:30,-0.0007064825333665347
2025-12-08 12:30:00+05:30,-0.00022400689621474742
2025-12-08 12:35:00+05:30,-6.758996432148763e-05
2025-12-08 12:40:00+05:30,-2.941312278509064e-06
2025-12-08 12:45:00+05:30,0.00012610713494058605
2025-12-08 12:50:00+05:30,7.403139802461399e-06
2025-12-08 12:55:00+05:30,-3.722127922390964e-05
2025-12-08 13:00:00+05:30,0.0006256284103989204
2025-12-08 13:05:00+05:30,-0.0002684533791803907
2025-12-08 13:10:00+05:30,0.00018616485490471172
2025-12-08 13:15:00+05:30,-0.0008522931112032202
2025-12-08 13:20:00+05:30,-0.0008971520454448852
2025-12-08 13:25:00+05:30,-0.0004560580432823971
2025-12-08 13:30:00+05:30,-0.001657334646591025
2025-12-08 13:35:00+05:30,0.00011220390842987304
2025-12-08 13:40:00+05:30,-0.00016587118061457172
2025-12-08 13:45:00+05:30,0.0005488302014013314
2025-12-08 13:50:00+05:30,7.428490385748934e-06
2025-12-08 13:55:00+05:30,-0.0002625325118767715
2025-12-08 14:00:00+05:30,-0.0002007122614022279
2025-12-08 14:05:00+05:30,0.00021160709973206142
2025-12-08 14:10:00+05:30,-0.0003077379287104983
2025-12-08 14:15:00+05:30,0.00032712182455577786
2025-12-08 14:20:00+05:30,0.00010190990228208767
2025-12-08 14:25:00+05:30,-8.405937242354704e-05
2025-12-08 14:30:00+05:30,-0.00030520372785589495
2025-12-08 14:35:00+05:30,-0.00034820255986235454
2025-12-08 14:40:00+05:30,0.0007676978194828791
2025-12-08 14:45:00+05:30,0.00046794716920023057
2025-12-08 14:50:00+05:30,0.00042110498143495923
2025-12-08 14:55:00+05:30,-0.00021134860022793177
2025-12-08 15:00:00+05:30,0.0011253532277436295
2025-12-08 15:05:00+05:30,0.0002637696184562759
2025-12-08 15:10:00+05:30,-0.00029406157248880823
2025-12-08 15:15:00+05:30,-0.001100568649318097
2025-12-08 15:20:00+05:30,-3.455903667810918e-05
2025-12-08 15:25:00+05:30,-0.0004234053625603526
2025-12-09 09:15:00+05:30,-0.0035159003433497802
2025-12-09 09:20:00+05:30,-0.0001986578301426123
2025-12-09 09:25:00+05:30,-0.0013677417237406213
2025-12-09 09:30:00+05:30,-0.0009412679630547558
2025-12-09 09:35:00+05:30,-0.0002536556956172176
2025-12-09 09:40:00+05:30,0.00030922251886309366
2025-12-09 09:45:00+05:30,-0.00024773422097296453
2025-12-09 09:50:00+05:30,-0.0012466439990046485
2025-12-09 09:55:00+05:30,-0.00031080859343119176
2025-12-09 10:00:00+05:30,0.000657100471004599
2025-12-09 10:05:00+05:30,0.0007960150213066443
2025-12-09 10:10:00+05:30,0.0003648205360525616
2025-12-09 10:15:00+05:30,0.0015666351804719653
2025-12-09 10:20:00+05:30,0.0002348590159129138
2025-12-09 10:25:00+05:30,-0.0009109774532165958
2025-12-09 10:30:00+05:30,-0.0009811466243632102
2025-12-09 10:35:00+05:30,0.0004201146416184491
2025-12-09 10:40:00+05:30,4.148405051147903e-05
2025-12-09 10:45:00+05:30,-0.0002769113361399225
2025-12-09 10:50:00+05:30,-7.264617826999311e-05
2025-12-09 10:55:00+05:30,0.0010890237727857934
2025-12-09 11:00:00+05:30,-7.38989326850453e-05
2025-12-09 11:05:00+05:30,0.0008752959174042472
2025-12-09 11:10:00+05:30,0.0006187227789574584
2025-12-09 11:15:00+05:30,5.367372155576513e-05
2025-12-09 11:20:00+05:30,-0.00034878484787822926
2025-12-09 11:25:00+05:30,0.00010078679219432074
2025-12-09 11:30:00+05:30,0.00016646944824827425
2025-12-09 11:35:00+05:30,-9.573664617670402e-06
2025-12-09 11:40:00+05:30,-0.001291360766659308
2025-12-09 11:45:00+05:30,-0.00026372714452048635
2025-12-09 11:50:00+05:30,0.0005293621293328146
2025-12-09 11:55:00+05:30,0.0008095344668601914
2025-12-09 12:00:00+05:30,0.0005281244048090295
2025-12-09 12:05:00+05:30,0.0003539137601923721
2025-12-09 12:10:00+05:30,0.0003929806342471099
2025-12-09 12:15:00+05:30,-0.0003482195871347536
2025-12-09 12:20:00+05:30,0.0010681417923962266
2025-12-09 12:25:00+05:30,-0.0002506970535719057
2025-12-09 12:30:00+05:30,-0.0006030873705628983
2025-12-09 12:35:00+05:30,-0.0007324568417672244
2025-12-09 12:40:00+05:30,0.0003664706120257418
2025-12-09 12:45:00+05:30,7.019513766099177e-05
2025-12-09 12:50:00+05:30,-0.00032523959861640553
2025-12-09 12:55:00+05:30,-0.0004804453059160137
2025-12-09 13:00:00+05:30,0.00033255391143069266
2025-12-09 13:05:00+05:30,0.00017961698442498829
2025-12-09 13:10:00+05:30,-3.021239188060129e-05
2025-12-09 13:15:00+05:30,7.770716988068843e-06
2025-12-09 13:20:00+05:30,-9.190560730768107e-05
2025-12-09 13:25:00+05:30,0.0002413616336627172
2025-12-09 13:30:00+05:30,0.00022858871388975466
2025-12-09 13:35:00+05:30,-0.0001581548703349922
2025-12-09 13:40:00+05:30,-0.000172414000055065
2025-12-09 13:45:00+05:30,9.999572287397889e-05
2025-12-09 13:50:00+05:30,4.023892978798291e-06
2025-12-09 13:55:00+05:30,0.00010338176387677942
2025-12-09 14:00:00+05:30,-0.0007436074618095175
2025-12-09 14:05:00+05:30,0.00048243895616185755
2025-12-09 14:10:00+05:30,-0.00031618772620378125
2025-12-09 14:15:00+05:30,-0.0010185497365808054
2025-12-09 14:20:00+05:30,-0.0012253152038501167
2025-12-09 14:25:00+05:30,-8.208661838359747e-05
2025-12-09 14:30:00+05:30,-0.0002469005253368006
2025-12-09 14:35:00+05:30,0.00031253982844330573
2025-12-09 14:40:00+05:30,-4.926802600694511e-05
2025-12-09 14:45:00+05:30,-0.00028508069166289845
2025-12-09 14:50:00+05:30,-0.0003176726118266798
2025-12-09 14:55:00+05:30,0.0006162910175144985
2025-12-09 15:00:00+05:30,0.0002960969516731614
2025-12-09 15:05:00+05:30,-0.0002599993460174915
2025-12-09 15:10:00+05:30,0.0002392164706491378
2025-12-09 15:15:00+05:30,0.00015496027336933525
2025-12-09 15:20:00+05:30,7.97885184718198e-05
2025-12-09 15:25:00+05:30,2.07882298788729e-05
2025-12-10 09:15:00+05:30,0.001978216831491657
2025-12-10 09:20:00+05:30,-0.00086750781609235
2025-12-10 09:25:00+05:30,0.0011123398343873285
2025-12-10 09:30:00+05:30,0.0008252270260397975
2025-12-10 09:35:00+05:30,0.0002824444567566896
2025-12-10 09:40:00+05:30,-0.00019464855712687289
2025-12-10 09:45:00+05:30,-0.0004592990031321473
2025-12-10 09:50:00+05:30,6.770532576031032e-05
2025-12-10 09:55:00+05:30,-0.0004836988940559027
2025-12-10 10:00:00+05:30,0.0011027251197661915
2025-12-10 10:05:00+05:30,0.0002471969499209248
2025-12-10 10:10:00+05:30,-4.5683791180370794e-05
2025-12-10 10:15:00+05:30,0.00030465671752944487
2025-12-10 10:20:00+05:30,0.000339761232820558
2025-12-10 10:25:00+05:30,-0.00039803015948898583
2025-12-10 10:30:00+05:30,0.00051684403695128
2025-12-10 10:35:00+05:30,-0.00020648840199514944
2025-12-10 10:40:00+05:30,1.4817648770841446e-05
2025-12-10 10:45:00+05:30,-0.00118371987958469
2025-12-10 10:50:00+05:30,-0.0012487940571395363
2025-12-10 10:55:00+05:30,-0.000817432372504534
2025-12-10 11:00:00+05:30,0.0007011631253878509
2025-12-10 11:05:00+05:30,0.0003852645034470143
2025-12-10 11:10:00+05:30,0.0002610999805242656
2025-12-10 11:15:00+05:30,9.785572991322977e-05
2025-12-10 11:20:00+05:30,-0.00046223926271994983
2025-12-10 11:25:00+05:30,-0.0001689822373876931
2025-12-10 11:30:00+05:30,-0.00046640077337206946
2025-12-10 11:35:00+05:30,6.503628244788749e-05
2025-12-10 11:40:00+05:30,-3.4657652968260676e-05
2025-12-10 11:45:00+05:30,-0.00019816963944583788
2025-12-10 11:50:00+05:30,-0.00028896152062488225
2025-12-10 11:55:00+05:30,0.00025384364454382686
2025-12-10 12:00:00+05:30,0.00012404354686600336
2025-12-10 12:05:00+05:30,-0.0001778750594383722
2025-12-10 12:10:00+05:30,-6.675692453766687e-05
2025-12-10 12:15:00+05:30,0.0002567011065957493
2025-12-10 12:20:00+05:30,-0.00015372394898456086
2025-12-10 12:25:00+05:30,-0.00018100361357709094
2025-12-10 12:30:00+05:30,-0.0008660057348637693
2025-12-10 12:35:00+05:30,-0.0005164977273621343
2025-12-10 12:40:00+05:30,-4.218566906707235e-05
2025-12-10 12:45:00+05:30,0.0004447308672239753
2025-12-10 12:50:00+05:30,8.927530939909675e-06
2025-12-10 12:55:00+05:30,0.0002960996111640462
2025-12-10 13:00:00+05:30,6.425870073017104e-05
2025-12-10 13:05:00+05:30,0.0003540936939878436
2025-12-10 13:10:00+05:30,0.00028736082878629655
2025-12-10 13:15:00+05:30,0.0006567706159966713
2025-12-10 13:20:00+05:30,0.0001741500422825942
2025-12-10 13:25:00+05:30,8.082924122100963e-05
2025-12-10 13:30:00+05:30,-0.00016206747269546136
2025-12-10 13:35:00+05:30,-0.0002465389773162726
2025-12-10 13:40:00+05:30,-0.00032583307269345703
2025-12-10 13:45:00+05:30,-0.00039424739387706803
2025-12-10 13:50:00+05:30,2.633501834761304e-06
2025-12-10 13:55:00+05:30,-0.000584785118762494
2025-12-10 14:00:00+05:30,-0.0010878703991534847
2025-12-10 14:05:00+05:30,-4.021295700222454e-05
2025-12-10 14:10:00+05:30,-0.0002360807939880226
2025-12-10 14:15:00+05:30,-0.00015727953270711957
2025-12-10 14:20:00+05:30,-0.00039347833187468827
2025-12-10 14:25:00+05:30,-0.0006298526803225098
2025-12-10 14:30:00+05:30,0.0018141698807350522
2025-12-10 14:35:00+05:30,-0.0005378105693037632
2025-12-10 14:40:00+05:30,-0.00034702199591353874
2025-12-10 14:45:00+05:30,0.00018893442996516607
2025-12-10 14:50:00+05:30,-0.00041865368185726933
2025-12-10 14:55:00+05:30,0.00047405094301839216
2025-12-10 15:00:00+05:30,0.0001423316016982394
2025-12-10 15:05:00+05:30,-5.032247104399651e-07
2025-12-10 15:10:00+05:30,-3.9492332260322216e-05
2025-12-10 15:15:00+05:30,-0.0002011489360651074
2025-12-10 15:20:00+05:30,6.78500182638679e-05
2025-12-10 15:25:00+05:30,-0.00031763642419987823
2025-12-11 09:15:00+05:30,0.0017256244565874684
2025-12-11 09:20:00+05:30,0.0005873766750096497
2025-12-11 09:25:00+05:30,0.0010281925919215038
2025-12-11 09:30:00+05:30,-0.00040140708750978577
2025-12-11 09:35:00+05:30,-0.0025875636498114154
2025-12-11 09:40:00+05:30,-0.00042647231707929203
2025-12-11 09:45:00+05:30,0.0006680905019566033
2025-12-11 09:50:00+05:30,-0.00033974206300045243
2025-12-11 09:55:00+05:30,-0.0005919036112187353
2025-12-11 10:00:00+05:30,0.0011566837255325467
2025-12-11 10:05:00+05:30,0.0012424144680677675
2025-12-11 10:10:00+05:30,0.0007705095333708954
2025-12-11 10:15:00+05:30,0.000431359743731535
2025-12-11 10:20:00+05:30,-0.00013241522723764367
2025-12-11 10:25:00+05:30,1.1305308881714993e-05
2025-12-11 10:30:00+05:30,0.0005507730590616694
2025-12-11 10:35:00+05:30,-3.676706333082492e-05
2025-12-11 10:40:00+05:30,-6.327131818605278e-05
2025-12-11 10:45:00+05:30,0.00022354119587782235
2025-12-11 10:50:00+05:30,-0.000485475731257176
2025-12-11 10:55:00+05:30,-0.0009658526534492781
2025-12-11 11:00:00+05:30,-0.0008975969442130971
2025-12-11 11:05:00+05:30,0.0003603088885070625
2025-12-11 11:10:00+05:30,0.0008099830183176948
2025-12-11 11:15:00+05:30,0.000581076084806725
2025-12-11 11:20:00+05:30,0.00041037098694021284
2025-12-11 11:25:00+05:30,0.00011007304422810072
2025-12-11 11:30:00+05:30,8.690018645211777e-05
2025-12-11 11:35:00+05:30,0.0003706841953803155
2025-12-11 11:40:00+05:30,1.832883899104643e-05
2025-12-11 11:45:00+05:30,9.151979783500756e-05
2025-12-11 11:50:00+05:30,2.9955495588596115e-05
2025-12-11 11:55:00+05:30,0.00017302420731430722
2025-12-11 12:00:00+05:30,0.0011667455284606098
2025-12-11 12:05:00+05:30,0.00011456605719469066
2025-12-11 12:10:00+05:30,-5.45616345211459e-06
2025-12-11 12:15:00+05:30,0.00012336448926724376
2025-12-11 12:20:00+05:30,0.00013197916490757434
2025-12-11 12:25:00+05:30,0.0006673425882829902
2025-12-11 12:30:00+05:30,-0.00033279288863166814
2025-12-11 12:35:00+05:30,-0.00031292533735353885
2025-12-11 12:40:00+05:30,0.00046759245103805984
2025-12-11 12:45:00+05:30,-0.00015640274595234076
2025-12-11 12:50:00+05:30,-2.3884382385921504e-05
2025-12-11 12:55:00+05:30,-0.000423385432429421
2025-12-11 13:00:00+05:30,-0.00046951014696736565
2025-12-11 13:05:00+05:30,-0.00039241600109765775
2025-12-11 13:10:00+05:30,1.194545087771679e-05
2025-12-11 13:15:00+05:30,0.00038635878161827195
2025-12-11 13:20:00+05:30,-5.4849046122161736e-05
2025-12-11 13:25:00+05:30,-7.532422596390198e-05
2025-12-11 13:30:00+05:30,0.0007917137627410963
2025-12-11 13:35:00+05:30,0.00030517246579357015
2025-12-11 13:40:00+05:30,-0.0002897953255084994
2025-12-11 13:45:00+05:30,0.0005723127647790284
2025-12-11 13:50:00+05:30,-3.0490928307132893e-05
2025-12-11 13:55:00+05:30,-5.262000309109493e-05
2025-12-11 14:00:00+05:30,-0.0008374869830574175
2025-12-11 14:05:00+05:30,0.00021502341606179746
2025-12-11 14:10:00+05:30,-0.00023859221649927994
2025-12-11 14:15:00+05:30,0.0005936703282321222
2025-12-11 14:20:00+05:30,0.0003125239648330967
2025-12-11 14:25:00+05:30,0.0009727192849292868
2025-12-11 14:30:00+05:30,-0.0001319797567204187
2025-12-11 14:35:00+05:30,-0.00042051744489056045
2025-12-11 14:40:00+05:30,-0.0006603144453381592
2025-12-11 14:45:00+05:30,-0.0007711157905322631
2025-12-11 14:50:00+05:30,0.00037206659116766
2025-12-11 14:55:00+05:30,0.00028837496298539963
2025-12-11 15:00:00+05:30,0.001161343418392948
2025-12-11 15:05:00+05:30,0.00012812546165064695
2025-12-11 15:10:00+05:30,-0.0003701976045321164
2025-12-11 15:15:00+05:30,0.00019370025311519972
2025-12-11 15:20:00+05:30,-0.0002940032917509117
2025-12-11 15:25:00+05:30,4.346455895487544e-05
2025-12-12 09:15:00+05:30,0.004950639769527453
2025-12-12 09:20:00+05:30,-0.0003462064790071653
2025-12-12 09:25:00+05:30,0.0007301992821657543
2025-12-12 09:30:00+05:30,0.0004243773662496263
2025-12-12 09:35:00+05:30,0.00016117111195643625
2025-12-12 09:40:00+05:30,-0.00015391868085425453
2025-12-12 09:45:00+05:30,-0.0004299780472137801
2025-12-12 09:50:00+05:30,9.07980330134196e-05
2025-12-12 09:55:00+05:30,-0.0003273295115498775
2025-12-12 10:00:00+05:30,-0.00021460556245050068
2025-12-12 10:05:00+05:30,-0.0007323894959311937
2025-12-12 10:10:00+05:30,0.00026568724892698413
2025-12-12 10:15:00+05:30,0.0006333086380440875
2025-12-12 10:20:00+05:30,-0.0013975551426313256
2025-12-12 10:25:00+05:30,1.1044708600898246e-05
2025-12-12 10:30:00+05:30,0.000593541700291566
2025-12-12 10:35:00+05:30,-0.0005091745526786612
2025-12-12 10:40:00+05:30,-0.00035565311944461467
2025-12-12 10:45:00+05:30,-0.00011824792616506392
2025-12-12 10:50:00+05:30,0.00029666504099077224
2025-12-12 10:55:00+05:30,-0.00017529831307205282
2025-12-12 11:00:00+05:30,0.0008972184756206022
2025-12-12 11:05:00+05:30,0.00018991570026017398
2025-12-12 11:10:00+05:30,0.0001962574735189179
2025-12-12 11:15:00+05:30,7.806225366388384e-06
2025-12-12 11:20:00+05:30,0.0008276403288887591
2025-12-12 11:25:00+05:30,-0.0001497604883793416
2025-12-12 11:30:00+05:30,0.00027378974428814954
2025-12-12 11:35:00+05:30,-0.00010937379382349264
2025-12-12 11:40:00+05:30,0.000208994386614352
2025-12-12 11:45:00+05:30,-0.00035652853684377045
2025-12-12 11:50:00+05:30,0.00045233779722053083
2025-12-12 11:55:00+05:30,0.00014397869320951977
2025-12-12 12:00:00+05:30,-0.00025007563286734495
2025-12-12 12:05:00+05:30,-0.00012028391334252906
2025-12-12 12:10:00+05:30,-7.703319782776123e-05
2025-12-12 12:15:00+05:30,0.00010876535416435178
2025-12-12 12:20:00+05:30,9.362768323846544e-05
2025-12-12 12:25:00+05:30,0.00013706861510030444
2025-12-12 12:30:00+05:30,0.0002695640128951118
2025-12-12 12:35:00+05:30,-0.00016329509078988628
2025-12-12 12:40:00+05:30,-0.0002738943893646776
2025-12-12 12:45:00+05:30,-0.00011791713935874923
2025-12-12 12:50:00+05:30,0.0003485418209002897
2025-12-12 12:55:00+05:30,9.863736177846767e-05
2025-12-12 13:00:00+05:30,0.0001661573599833298
2025-12-12 13:05:00+05:30,-0.00038154682375595393
2025-12-12 13:10:00+05:30,0.0006754469060913079
2025-12-12 13:15:00+05:30,-0.00020877362329084126
2025-12-12 13:20:00+05:30,-4.71493917606305e-05
2025-12-12 13:25:00+05:30,-0.0001571970777263115
2025-12-12 13:30:00+05:30,6.430668687440466e-06
2025-12-12 13:35:00+05:30,0.0002922814961360732
2025-12-12 13:40:00+05:30,8.499312555103844e-05
2025-12-12 13:45:00+05:30,0.0001527100064071237
2025-12-12 13:50:00+05:30,-0.0004855553424571066
2025-12-12 13:55:00+05:30,9.644029514742578e-05
2025-12-12 14:00:00+05:30,0.000618687778515592
2025-12-12 14:05:00+05:30,0.0002307547754771354
2025-12-12 14:10:00+05:30,-0.0002441697000520385
2025-12-12 14:15:00+05:30,-0.00017054737204607858
2025-12-12 14:20:00+05:30,5.565381220504645e-05
2025-12-12 14:25:00+05:30,-7.917576325663192e-05
2025-12-12 14:30:00+05:30,0.00014310905433339834
2025-12-12 14:35:00+05:30,-0.00048270497036986387
2025-12-12 14:40:00+05:30,4.8751650187397e-05
2025-12-12 14:45:00+05:30,-0.00016187619134120252
2025-12-12 14:50:00+05:30,0.00023635207044080922
2025-12-12 14:55:00+05:30,0.00010236007114804961
2025-12-12 15:00:00+05:30,0.00024998933414986294
2025-12-12 15:05:00+05:30,0.0004995497958288265
2025-12-12 15:10:00+05:30,-2.934395389935463e-05
2025-12-12 15:15:00+05:30,-2.4871702191307433e-05
2025-12-12 15:20:00+05:30,7.708153554938777e-05
2025-12-12 15:25:00+05:30,-0.000135925353048294
2025-12-15 09:15:00+05:30,-0.0033710006580941303
2025-12-15 09:20:00+05:30,-0.0010349077541764319
2025-12-15 09:25:00+05:30,-0.00013031019206560508
2025-12-15 09:30:00+05:30,4.8295430860338e-07
2025-12-15 09:35:00+05:30,0.00046641340620176406
2025-12-15 09:40:00+05:30,-0.00034016320572944085
2025-12-15 09:45:00+05:30,0.0008606503470101641
2025-12-15 09:50:00+05:30,0.00020814741511073005
2025-12-15 09:55:00+05:30,0.0003473007169310795
2025-12-15 10:00:00+05:30,-6.769629377406953e-06
2025-12-15 10:05:00+05:30,-0.00019846740965337597
2025-12-15 10:10:00+05:30,0.0005827284477110993
2025-12-15 10:15:00+05:30,0.00012582178581092767
2025-12-15 10:20:00+05:30,3.067216530294152e-05
2025-12-15 10:25:00+05:30,0.00025485891327912594
2025-12-15 10:30:00+05:30,4.6048003587779484e-05
2025-12-15 10:35:00+05:30,-0.0007229021951752112
2025-12-15 10:40:00+05:30,0.0006384212689028592
2025-12-15 10:45:00+05:30,0.0005190451859534589
2025-12-15 10:50:00+05:30,0.00037064338138653437
2025-12-15 10:55:00+05:30,-3.644774407570541e-05
2025-12-15 11:00:00+05:30,0.00010253333844186048
2025-12-15 11:05:00+05:30,-0.0004564617266050321
2025-12-15 11:10:00+05:30,4.459493616660344e-05
2025-12-15 11:15:00+05:30,-0.0002269946299447697
2025-12-15 11:20:00+05:30,9.219685558509454e-05
2025-12-15 11:25:00+05:30,0.00043230063080375373
2025-12-15 11:30:00+05:30,-0.0006507775561375688
2025-12-15 11:35:00+05:30,-5.558098644240389e-05
2025-12-15 11:40:00+05:30,0.0001218550840614373
2025-12-15 11:45:00+05:30,0.0010032547903154245
2025-12-15 11:50:00+05:30,0.0006673711341275613
2025-12-15 11:55:00+05:30,0.00028456237201824946
2025-12-15 12:00:00+05:30,-9.241193104309334e-06
2025-12-15 12:05:00+05:30,0.0002189806374612156
2025-12-15 12:10:00+05:30,8.217508806109947e-05
2025-12-15 12:15:00+05:30,-7.858845265479016e-05
2025-12-15 12:20:00+05:30,6.71846361830895e-05
2025-12-15 12:25:00+05:30,-8.398408354487756e-05
2025-12-15 12:30:00+05:30,7.444279845926858e-05
2025-12-15 12:35:00+05:30,-3.99059904995517e-05
2025-12-15 12:40:00+05:30,-0.00030317426797362535
2025-12-15 12:45:00+05:30,0.00013084869420458483
2025-12-15 12:50:00+05:30,-2.5231359559072403e-05
2025-12-15 12:55:00+05:30,0.0002623021393175028
2025-12-15 13:00:00+05:30,0.00023956845597448618
2025-12-15 13:05:00+05:30,0.0001735572592558591
2025-12-15 13:10:00+05:30,0.00026843420507154613
2025-12-15 13:15:00+05:30,-0.00012524719623122218
2025-12-15 13:20:00+05:30,5.3737972024225335e-05
2025-12-15 13:25:00+05:30,-0.0002485721712793411
2025-12-15 13:30:00+05:30,8.729362282057873e-06
2025-12-15 13:35:00+05:30,5.3262134735700494e-05
2025-12-15 13:40:00+05:30,-0.00029921233845274145
2025-12-15 13:45:00+05:30,0.00028320955208670446
2025-12-15 13:50:00+05:30,-4.905609097754183e-05
2025-12-15 13:55:00+05:30,-0.0004224516841506709
2025-12-15 14:00:00+05:30,0.0003147700528170103
2025-12-15 14:05:00+05:30,-0.0008571444960635905
2025-12-15 14:10:00+05:30,9.352344160151154e-05
2025-12-15 14:15:00+05:30,0.00011690243911240785
2025-12-15 14:20:00+05:30,4.020457202133363e-05
2025-12-15 14:25:00+05:30,0.00010185431694229468
2025-12-15 14:30:00+05:30,4.453262532081623e-05
2025-12-15 14:35:00+05:30,-4.946569576159161e-05
2025-12-15 14:40:00+05:30,0.0007683902973368733
2025-12-15 14:45:00+05:30,-0.0002586038663001725
2025-12-15 14:50:00+05:30,0.00020163737146156922
2025-12-15 14:55:00+05:30,4.12101588663724e-05
2025-12-15 15:00:00+05:30,-0.0003607293268143837
2025-12-15 15:05:00+05:30,0.000297832932951743
2025-12-15 15:10:00+05:30,2.0930661331768002e-05
2025-12-15 15:15:00+05:30,-0.0003647039044395158
2025-12-15 15:20:00+05:30,-3.5338632683264224e-05
2025-12-15 15:25:00+05:30,9.636425775862521e-05
2025-12-16 09:15:00+05:30,-0.003926893436629337
2025-12-16 09:20:00+05:30,-0.0009835500388490435
2025-12-16 09:25:00+05:30,-0.000309462965322515
2025-12-16 09:30:00+05:30,-0.0003600420005419018
2025-12-16 09:35:00+05:30,0.0003654515636521153
2025-12-16 09:40:00+05:30,0.00015560003387045458
2025-12-16 09:45:00+05:30,0.00017255806497744843
2025-12-16 09:50:00+05:30,-0.00013436050300298432
2025-12-16 09:55:00+05:30,-0.001268861080505174
2025-12-16 10:00:00+05:30,-0.0006305897677167353
2025-12-16 10:05:00+05:30,0.0001718904367457264
2025-12-16 10:10:00+05:30,0.00021047572042204603
2025-12-16 10:15:00+05:30,0.00047689537941482467
2025-12-16 10:20:00+05:30,0.0001789827171550547
2025-12-16 10:25:00+05:30,0.0001319296739810361
2025-12-16 10:30:00+05:30,-0.00016078292437722062
2025-12-16 10:35:00+05:30,-0.0002123711396404782
2025-12-16 10:40:00+05:30,-1.7186978760390892e-05
2025-12-16 10:45:00+05:30,-0.00010818232795956939
2025-12-16 10:50:00+05:30,0.00014225481712485562
2025-12-16 10:55:00+05:30,-0.00026627300679296786
2025-12-16 11:00:00+05:30,-1.4864965133663444e-05
2025-12-16 11:05:00+05:30,0.00013546076204043613
2025-12-16 11:10:00+05:30,-0.00029603486393516373
2025-12-16 11:15:00+05:30,0.00015917387273044423
2025-12-16 11:20:00+05:30,-0.00020225159653290033
2025-12-16 11:25:00+05:30,0.0004495114565004475
2025-12-16 11:30:00+05:30,-0.00044696448778422235
2025-12-16 11:35:00+05:30,-0.00024367476687577123
2025-12-16 11:40:00+05:30,-0.00015508051651112376
2025-12-16 11:45:00+05:30,-3.2949146032538356e-05
2025-12-16 11:50:00+05:30,0.0003218617295710257
2025-12-16 11:55:00+05:30,-0.00039161195039965886
2025-12-16 12:00:00+05:30,1.9120120789388387e-06
2025-12-16 12:05:00+05:30,0.00024358733767362422
2025-12-16 12:10:00+05:30,0.00036605552581371966
2025-12-16 12:15:00+05:30,0.00018238930858660574
2025-12-16 12:20:00+05:30,2.977813833671128e-05
2025-12-16 12:25:00+05:30,0.0005496702769939123
2025-12-16 12:30:00+05:30,-0.00027750197327453864
2025-12-16 12:35:00+05:30,-0.0006651591129136374
2025-12-16 12:40:00+05:30,0.00017649662631130365
2025-12-16 12:45:00+05:30,-0.0006138165617170014
2025-12-16 12:50:00+05:30,0.0001212809249423697
2025-12-16 12:55:00+05:30,0.00046376003249058354
2025-12-16 13:00:00+05:30,-0.0003758827953400539
2025-12-16 13:05:00+05:30,-0.00014802071592327111
2025-12-16 13:10:00+05:30,0.00011128029327789335
2025-12-16 13:15:00+05:30,7.068978661285477e-05
2025-12-16 13:20:00+05:30,2.9940163190928837e-05
2025-12-16 13:25:00+05:30,-7.141446416580293e-05
2025-12-16 13:30:00+05:30,0.000311420736702802
2025-12-16 13:35:00+05:30,0.0004179069528961889
2025-12-16 13:40:00+05:30,0.00011277941974198238
2025-12-16 13:45:00+05:30,0.0004531005653670764
2025-12-16 13:50:00+05:30,-0.00020932287674087298
2025-12-16 13:55:00+05:30,-0.0007885188690499824
2025-12-16 14:00:00+05:30,6.436321611451812e-05
2025-12-16 14:05:00+05:30,-0.0003658611578487277
2025-12-16 14:10:00+05:30,8.760051813862612e-06
2025-12-16 14:15:00+05:30,-0.0007903548078056488
2025-12-16 14:20:00+05:30,0.00039507116347505927
2025-12-16 14:25:00+05:30,-4.680793219111044e-05
2025-12-16 14:30:00+05:30,-0.0006261858317020828
2025-12-16 14:35:00+05:30,0.0002644046484423045
2025-12-16 14:40:00+05:30,0.00019749305139292095
2025-12-16 14:45:00+05:30,9.656421905079285e-06
2025-12-16 14:50:00+05:30,0.0007538221694348643
2025-12-16 14:55:00+05:30,-0.0002776881337046274
2025-12-16 15:00:00+05:30,-0.0003234904427622473
2025-12-16 15:05:00+05:30,-0.00022844652134567625
2025-12-16 15:10:00+05:30,-0.00032819968261322305
2025-12-16 15:15:00+05:30,-0.00040639361101609054
2025-12-16 15:20:00+05:30,0.00028819941462733897
2025-12-16 15:25:00+05:30,0.00027639823539296176
2025-12-17 09:15:00+05:30,0.001722507501978034
2025-12-17 09:20:00+05:30,0.0014998897107065636
2025-12-17 09:25:00+05:30,-0.0006342143029289055
2025-12-17 09:30:00+05:30,0.0004677142651580146
2025-12-17 09:35:00+05:30,0.00014828951559375217
2025-12-17 09:40:00+05:30,-0.0012306381512990146
2025-12-17 09:45:00+05:30,-0.0006213460025800553
2025-12-17 09:50:00+05:30,1.4163295701276116e-05
2025-12-17 09:55:00+05:30,0.000279033234402762
2025-12-17 10:00:00+05:30,-0.0006905476165454292
2025-12-17 10:05:00+05:30,-0.00019898752440438092
2025-12-17 10:10:00+05:30,0.00023014468222491336
2025-12-17 10:15:00+05:30,0.00029382781497446305
2025-12-17 10:20:00+05:30,-0.0006595789464787052
2025-12-17 10:25:00+05:30,-0.0003833858062701113
2025-12-17 10:30:00+05:30,0.0001972107549009257
2025-12-17 10:35:00+05:30,-0.00029015803595224937
2025-12-17 10:40:00+05:30,4.671735074942971e-05
2025-12-17 10:45:00+05:30,0.00019042764564063046
2025-12-17 10:50:00+05:30,-8.015106333781943e-05
2025-12-17 10:55:00+05:30,-0.0001742201981828062
2025-12-17 11:00:00+05:30,0.0003784933381967048
2025-12-17 11:05:00+05:30,0.00029287095110728715
2025-12-17 11:10:00+05:30,0.0003605875073089287
2025-12-17 11:15:00+05:30,-0.0001469464540934691
2025-12-17 11:20:00+05:30,-0.0003757796673491643
2025-12-17 11:25:00+05:30,-0.0004217165939743978
2025-12-17 11:30:00+05:30,-0.00012585135678310153
2025-12-17 11:35:00+05:30,0.0003565612028419517
2025-12-17 11:40:00+05:30,0.000216180283256972
2025-12-17 11:45:00+05:30,0.0005896605346601005
2025-12-17 11:50:00+05:30,-0.0005438794731961475
2025-12-17 11:55:00+05:30,-0.00045278138713498057
2025-12-17 12:00:00+05:30,-0.0006997577120364587
2025-12-17 12:05:00+05:30,-0.00021199057749552908
2025-12-17 12:10:00+05:30,0.00022122661503247358
2025-12-17 12:15:00+05:30,0.00041602531447839183
2025-12-17 12:20:00+05:30,-0.0004052159881419569
2025-12-17 12:25:00+05:30,-0.00030781583546140255
2025-12-17 12:30:00+05:30,0.00030460645358644295
2025-12-17 12:35:00+05:30,-0.00013399648785493068
2025-12-17 12:40:00+05:30,0.00013317883979177986
2025-12-17 12:45:00+05:30,0.00026811333653159756
2025-12-17 12:50:00+05:30,-0.000268056179762356
2025-12-17 12:55:00+05:30,-6.013913410273768e-05
2025-12-17 13:00:00+05:30,0.00028929987624012155
2025-12-17 13:05:00+05:30,6.7012566348317e-05
2025-12-17 13:10:00+05:30,-7.321000996172635e-05
2025-12-17 13:15:00+05:30,0.000340247671810395
2025-12-17 13:20:00+05:30,0.0002770089895792515
2025-12-17 13:25:00+05:30,0.00014769383776401743
2025-12-17 13:30:00+05:30,-0.0003530046736382902
2025-12-17 13:35:00+05:30,-0.0003162585559239229
2025-12-17 13:40:00+05:30,-0.0001710422541554232
2025-12-17 13:45:00+05:30,0.00021566103905735243
2025-12-17 13:50:00+05:30,3.39585372623843e-05
2025-12-17 13:55:00+05:30,1.9700548796916955e-06
2025-12-17 14:00:00+05:30,3.780669504731198e-05
2025-12-17 14:05:00+05:30,-0.00027977847657016593
2025-12-17 14:10:00+05:30,0.00016622002859721871
2025-12-17 14:15:00+05:30,0.0010835581872884294
2025-12-17 14:20:00+05:30,-0.0010457538778685734
2025-12-17 14:25:00+05:30,-0.00018494122885934656
2025-12-17 14:30:00+05:30,0.0006336598204833974
2025-12-17 14:35:00+05:30,-0.0010660923546334667
2025-12-17 14:40:00+05:30,0.0004689759370853218
2025-12-17 14:45:00+05:30,0.0005403348573863072
2025-12-17 14:50:00+05:30,0.00029822189700844906
2025-12-17 14:55:00+05:30,-0.0001309525913186373
2025-12-17 15:00:00+05:30,0.0003085412266375697
2025-12-17 15:05:00+05:30,-0.00019131599065442
2025-12-17 15:10:00+05:30,6.822553682687898e-05
2025-12-17 15:15:00+05:30,-0.0002388033140675886
2025-12-17 15:20:00+05:30,0.0004889393653686634
2025-12-17 15:25:00+05:30,-0.00014374142060853763
2025-12-18 09:15:00+05:30,-0.0015732648361684396
2025-12-18 09:20:00+05:30,0.00038122141842209407
2025-12-18 09:25:00+05:30,-0.0004367187925059465
2025-12-18 09:30:00+05:30,6.289582472445388e-05
2025-12-18 09:35:00+05:30,-1.9393386264671424e-05
2025-12-18 09:40:00+05:30,-0.0013290513786023504
2025-12-18 09:45:00+05:30,-0.0002652818629219622
2025-12-18 09:50:00+05:30,0.0003918340818654299
2025-12-18 09:55:00+05:30,-0.0003189231308667825
2025-12-18 10:00:00+05:30,-6.356543739589371e-05
2025-12-18 10:05:00+05:30,0.001006546746544855
2025-12-18 10:10:00+05:30,0.0007269333288428708
2025-12-18 10:15:00+05:30,0.0011345526249826848
2025-12-18 10:20:00+05:30,0.0003964623743362968
2025-12-18 10:25:00+05:30,-0.0002822265761951086
2025-12-18 10:30:00+05:30,0.0006006733894654033
2025-12-18 10:35:00+05:30,-0.0005758628240987981
2025-12-18 10:40:00+05:30,0.0006001843070094829
2025-12-18 10:45:00+05:30,-0.00027221248354765485
2025-12-18 10:50:00+05:30,-3.23330745142879e-05
2025-12-18 10:55:00+05:30,5.109679979571697e-05
2025-12-18 11:00:00+05:30,-0.000732856405653243
2025-12-18 11:05:00+05:30,0.0001134075834200969
2025-12-18 11:10:00+05:30,-9.487155009887218e-05
2025-12-18 11:15:00+05:30,-0.0005208540281763827
2025-12-18 11:20:00+05:30,0.0007093740779696361
2025-12-18 11:25:00+05:30,6.62804373989333e-05
2025-12-18 11:30:00+05:30,0.00010023600031738271
2025-12-18 11:35:00+05:30,0.00013828272065447304
2025-12-18 11:40:00+05:30,-0.00031418057210636245
2025-12-18 11:45:00+05:30,-0.000142032194075159
2025-12-18 11:50:00+05:30,0.0006395679375325095
2025-12-18 11:55:00+05:30,-7.649244843684724e-05
2025-12-18 12:00:00+05:30,0.00015723476916510028
2025-12-18 12:05:00+05:30,0.0002338242520295458
2025-12-18 12:10:00+05:30,0.00020899537756784086
2025-12-18 12:15:00+05:30,-0.0005301723600328499
2025-12-18 12:20:00+05:30,-2.9992080887760554e-05
2025-12-18 12:25:00+05:30,0.00044319335112199073
2025-12-18 12:30:00+05:30,0.00033142083823865435
2025-12-18 12:35:00+05:30,2.320798415470095e-05
2025-12-18 12:40:00+05:30,-2.2589403312450446e-05
2025-12-18 12:45:00+05:30,-0.00012091740754449047
2025-12-18 12:50:00+05:30,-0.0001456669963487291
2025-12-18 12:55:00+05:30,4.97977442366407e-05
2025-12-18 13:00:00+05:30,0.0002643281343499092
2025-12-18 13:05:00+05:30,-0.00017513504189768292
2025-12-18 13:10:00+05:30,-0.00013139065518955197
2025-12-18 13:15:00+05:30,-0.0003312427091599974
2025-12-18 13:20:00+05:30,-5.72561271169044e-05
2025-12-18 13:25:00+05:30,-0.00010145268000019838
2025-12-18 13:30:00+05:30,-0.0005810879393029109
2025-12-18 13:35:00+05:30,9.452240225235462e-05
2025-12-18 13:40:00+05:30,-0.0004890104701061356
2025-12-18 13:45:00+05:30,6.37586774815168e-05
2025-12-18 13:50:00+05:30,0.00045736791714080577
2025-12-18 13:55:00+05:30,-0.0005903647862910013
2025-12-18 14:00:00+05:30,-0.0004891672096559777
2025-12-18 14:05:00+05:30,-0.0003859434770411168
2025-12-18 14:10:00+05:30,-0.00030888548394666194
2025-12-18 14:15:00+05:30,3.5541440896452435e-05
2025-12-18 14:20:00+05:30,-0.0010337610738968667
2025-12-18 14:25:00+05:30,0.00044788369568439875
2025-12-18 14:30:00+05:30,0.0006271460763033724
2025-12-18 14:35:00+05:30,-0.000492073421908338
2025-12-18 14:40:00+05:30,-1.1991941237004211e-05
2025-12-18 14:45:00+05:30,2.6402277936353686e-05
2025-12-18 14:50:00+05:30,-0.00024004916022368175
2025-12-18 14:55:00+05:30,-0.00014177128971352323
2025-12-18 15:00:00+05:30,0.0013498182649626918
2025-12-18 15:05:00+05:30,-0.00036383005809618936
2025-12-18 15:10:00+05:30,0.00024239075917649528
2025-12-18 15:15:00+05:30,-0.00015109994788505658
2025-12-18 15:20:00+05:30,-5.8699673347682945e-05
2025-12-18 15:25:00+05:30,-3.1953033716643285e-05
2025-12-19 09:15:00+05:30,0.0035676034728956653
2025-12-19 09:20:00+05:30,0.0005669929802040057
2025-12-19 09:25:00+05:30,-0.000256227716677005
2025-12-19 09:30:00+05:30,0.00018588280393065575
2025-12-19 09:35:00+05:30,0.0002839417086313534
2025-12-19 09:40:00+05:30,-0.0003461073863608604
2025-12-19 09:45:00+05:30,-0.0005364162578495211
2025-12-19 09:50:00+05:30,6.589305027317558e-05
2025-12-19 09:55:00+05:30,2.7430341911064592e-05
2025-12-19 10:00:00+05:30,-2.345703706462196e-05
2025-12-19 10:05:00+05:30,-0.00018929342132851566
2025-12-19 10:10:00+05:30,-0.0008270727481307755
2025-12-19 10:15:00+05:30,0.0005915339203886871
2025-12-19 10:20:00+05:30,0.00010600543650092571
2025-12-19 10:25:00+05:30,0.0006588538534546142
2025-12-19 10:30:00+05:30,3.8958850494874575e-05
2025-12-19 10:35:00+05:30,0.0001565421466166567
2025-12-19 10:40:00+05:30,0.00044983140639461087
2025-12-19 10:45:00+05:30,-0.0002928233377870474
2025-12-19 10:50:00+05:30,-8.726929642350072e-05
2025-12-19 10:55:00+05:30,-0.00021072377570218706
2025-12-19 11:00:00+05:30,-0.0002943453705311846
2025-12-19 11:05:00+05:30,-0.0002627401126127477
2025-12-19 11:10:00+05:30,0.0003063380246068541
2025-12-19 11:15:00+05:30,-0.0001501999487614086
2025-12-19 11:20:00+05:30,-5.702098089760118e-05
2025-12-19 11:25:00+05:30,-0.00039871692397178284
2025-12-19 11:30:00+05:30,-0.00019787945962478873
2025-12-19 11:35:00+05:30,-5.587171266154355e-05
2025-12-19 11:40:00+05:30,-0.0009384241900389895
2025-12-19 11:45:00+05:30,0.00010069910287342265
2025-12-19 11:50:00+05:30,0.0002762941987529454
2025-12-19 11:55:00+05:30,-0.0005002877916887115
2025-12-19 12:00:00+05:30,0.000729367534740487
2025-12-19 12:05:00+05:30,0.00047164952129775733
2025-12-19 12:10:00+05:30,-0.00019336909943854975
2025-12-19 12:15:00+05:30,-0.00037582219960224635
2025-12-19 12:20:00+05:30,-0.00029530494428501485
2025-12-19 12:25:00+05:30,0.000135182277591584
2025-12-19 12:30:00+05:30,0.0004667437231742519
2025-12-19 12:35:00+05:30,0.0002651011261167034
2025-12-19 12:40:00+05:30,3.639276904553983e-05
2025-12-19 12:45:00+05:30,-0.00010416860346673662
2025-12-19 12:50:00+05:30,-0.00019412406319150777
2025-12-19 12:55:00+05:30,6.869407841857937e-05
2025-12-19 13:00:00+05:30,-1.2009476880812576e-05
2025-12-19 13:05:00+05:30,-0.000503843089807595
2025-12-19 13:10:00+05:30,-0.0004804561684659434
2025-12-19 13:15:00+05:30,0.0006635314369240971
2025-12-19 13:20:00+05:30,8.2570060823514e-05
2025-12-19 13:25:00+05:30,-0.00012044341936666645
2025-12-19 13:30:00+05:30,0.0004280385918506231
2025-12-19 13:35:00+05:30,-7.26809934171209e-06
2025-12-19 13:40:00+05:30,0.00021960832530265595
2025-12-19 13:45:00+05:30,1.6848969690984534e-05
2025-12-19 13:50:00+05:30,-2.1574883999576106e-05
2025-12-19 13:55:00+05:30,5.340446337455177e-05
2025-12-19 14:00:00+05:30,-0.00025588626660995973
2025-12-19 14:05:00+05:30,0.00013120017687306973
2025-12-19 14:10:00+05:30,0.00014826178918418624
2025-12-19 14:15:00+05:30,0.0002858877404604262
2025-12-19 14:20:00+05:30,0.00022270298822909366
2025-12-19 14:25:00+05:30,-0.0006086454383751853
2025-12-19 14:30:00+05:30,-0.00016859679723820568
2025-12-19 14:35:00+05:30,0.00029577941927814625
2025-12-19 14:40:00+05:30,-6.693398170430267e-05
2025-12-19 14:45:00+05:30,9.962952089200079e-05
2025-12-19 14:50:00+05:30,-0.00037774150262224077
2025-12-19 14:55:00+05:30,-0.0001813570738960578
2025-12-19 15:00:00+05:30,5.030415476720299e-05
2025-12-19 15:05:00+05:30,0.00021192281334509776
2025-12-19 15:10:00+05:30,-1.452199855127801e-05
2025-12-19 15:15:00+05:30,-8.944776638144642e-05
2025-12-19 15:20:00+05:30,-5.543184820693504e-05
2025-12-19 15:25:00+05:30,-0.000515533341661504
2025-12-22 09:15:00+05:30,0.005915024102776731
2025-12-22 09:20:00+05:30,0.0009450129091686726
2025-12-22 09:25:00+05:30,0.0004957644215635861
2025-12-22 09:30:00+05:30,0.0001399058889243538
2025-12-22 09:35:00+05:30,-0.0004882077718617653
2025-12-22 09:40:00+05:30,3.0335165429899066e-06
2025-12-22 09:45:00+05:30,-0.0001600694442825255
2025-12-22 09:50:00+05:30,0.0001685576063763984
2025-12-22 09:55:00+05:30,0.00025835957270437557
2025-12-22 10:00:00+05:30,0.0001828873558225673
2025-12-22 10:05:00+05:30,-0.00023137380081826806
2025-12-22 10:10:00+05:30,3.6234229916264876e-06
2025-12-22 10:15:00+05:30,0.0002621064485442035
2025-12-22 10:20:00+05:30,-7.317723034681502e-05
2025-12-22 10:25:00+05:30,-4.318749993552874e-05
2025-12-22 10:30:00+05:30,-2.0403377930014016e-05
2025-12-22 10:35:00+05:30,-0.0002412546766067567
2025-12-22 10:40:00+05:30,0.00033889109707197526
2025-12-22 10:45:00+05:30,0.0003892289907062702
2025-12-22 10:50:00+05:30,8.937425663285996e-05
2025-12-22 10:55:00+05:30,0.00017827721142226136
2025-12-22 11:00:00+05:30,-0.00048175851632778927
2025-12-22 11:05:00+05:30,-8.751784721042941e-05
2025-12-22 11:10:00+05:30,-0.00013588490746430093
2025-12-22 11:15:00+05:30,-0.00022804889264357717
2025-12-22 11:20:00+05:30,0.00023868968622741652
2025-12-22 11:25:00+05:30,0.00035882946933460245
2025-12-22 11:30:00+05:30,-4.051530037788751e-05
2025-12-22 11:35:00+05:30,-0.00014893389126823778
2025-12-22 11:40:00+05:30,0.00012040187998919652
2025-12-22 11:45:00+05:30,1.1652396649744636e-05
2025-12-22 11:50:00+05:30,9.35879823092488e-05
2025-12-22 11:55:00+05:30,-0.00012501002500468102
2025-12-22 12:00:00+05:30,-3.6982918130730534e-05
2025-12-22 12:05:00+05:30,9.631380833264927e-05
2025-12-22 12:10:00+05:30,-0.00016339881957545894
2025-12-22 12:15:00+05:30,0.0004101875107901562
2025-12-22 12:20:00+05:30,-0.00020893650798470276
2025-12-22 12:25:00+05:30,0.00014086142446101987
2025-12-22 12:30:00+05:30,-0.0003062359923386583
2025-12-22 12:35:00+05:30,8.555393905325466e-05
2025-12-22 12:40:00+05:30,-0.0006177533965420668
2025-12-22 12:45:00+05:30,5.481538132571999e-05
2025-12-22 12:50:00+05:30,0.0008831266626689345
2025-12-22 12:55:00+05:30,-0.00013354312878111063
2025-12-22 13:00:00+05:30,9.897053230230397e-05
2025-12-22 13:05:00+05:30,1.3282348219418638e-05
2025-12-22 13:10:00+05:30,9.005839834297369e-05
2025-12-22 13:15:00+05:30,0.0001648211952110775
2025-12-22 13:20:00+05:30,7.583191490424581e-05
2025-12-22 13:25:00+05:30,3.902678418247967e-05
2025-12-22 13:30:00+05:30,0.00015441044150859824
2025-12-22 13:35:00+05:30,-0.0006174479379787405
2025-12-22 13:40:00+05:30,0.0001394657504188464
2025-12-22 13:45:00+05:30,0.0001956904690863836
2025-12-22 13:50:00+05:30,-0.00021817821579806526
2025-12-22 13:55:00+05:30,-3.4846293687697627e-05
2025-12-22 14:00:00+05:30,0.00022112657312564474
2025-12-22 14:05:00+05:30,-0.0006037125691972818
2025-12-22 14:10:00+05:30,0.0003073585599770942
2025-12-22 14:15:00+05:30,-0.00026779795171877634
2025-12-22 14:20:00+05:30,0.0002966001736448974
2025-12-22 14:25:00+05:30,0.00020077671893484924
2025-12-22 14:30:00+05:30,0.00017673160265664403
2025-12-22 14:35:00+05:30,0.00023677843872064934
2025-12-22 14:40:00+05:30,-0.0003356110957572343
2025-12-22 14:45:00+05:30,2.3423675633787706e-05
2025-12-22 14:50:00+05:30,0.00024766071462478667
2025-12-22 14:55:00+05:30,8.008529459466612e-05
2025-12-22 15:00:00+05:30,0.0008550120766538967
2025-12-22 15:05:00+05:30,-0.0001481584536996077
2025-12-22 15:10:00+05:30,6.80720666111035e-05
2025-12-22 15:15:00+05:30,-7.60593782194934e-05
2025-12-22 15:20:00+05:30,-8.533069533389614e-05
2025-12-22 15:25:00+05:30,-0.0003384132007363597
2025-12-23 09:15:00+05:30,0.000327841381935949
2025-12-23 09:20:00+05:30,-0.0005693538157228552
2025-12-23 09:25:00+05:30,-0.00023088441698315113
2025-12-23 09:30:00+05:30,-0.00028233466054517517
2025-12-23 09:35:00+05:30,2.5517588866088686e-05
2025-12-23 09:40:00+05:30,-0.0006951706570766001
2025-12-23 09:45:00+05:30,0.0006192021691146257
2025-12-23 09:50:00+05:30,0.000281772357151696
2025-12-23 09:55:00+05:30,0.0007277609064929113
2025-12-23 10:00:00+05:30,0.00015686171376072533
2025-12-23 10:05:00+05:30,0.00023914633137841305
2025-12-23 10:10:00+05:30,-5.601860828787307e-05
2025-12-23 10:15:00+05:30,-0.000560684995021178
2025-12-23 10:20:00+05:30,-0.00014829158135333897
2025-12-23 10:25:00+05:30,0.00017464890144618618
2025-12-23 10:30:00+05:30,-0.0002690810677663466
2025-12-23 10:35:00+05:30,1.4877876731150527e-05
2025-12-23 10:40:00+05:30,0.0006540194190774597
2025-12-23 10:45:00+05:30,9.129881408926665e-05
2025-12-23 10:50:00+05:30,7.671392277109948e-05
2025-12-23 10:55:00+05:30,-8.683126414321089e-07
2025-12-23 11:00:00+05:30,-8.79259162412178e-05
2025-12-23 11:05:00+05:30,0.0003048146657152327
2025-12-23 11:10:00+05:30,-2.999292247416346e-05
2025-12-23 11:15:00+05:30,0.00013182461441085813
2025-12-23 11:20:00+05:30,2.4816600003120892e-05
2025-12-23 11:25:00+05:30,-0.00027827587459671116
2025-12-23 11:30:00+05:30,-5.921602982075926e-05
2025-12-23 11:35:00+05:30,-0.00048172807692080594
2025-12-23 11:40:00+05:30,-0.00012333575192529907
2025-12-23 11:45:00+05:30,-0.00030301446960127805
2025-12-23 11:50:00+05:30,0.0007732316308271683
2025-12-23 11:55:00+05:30,0.0001094349546778912
2025-12-23 12:00:00+05:30,0.00047153486133852835
2025-12-23 12:05:00+05:30,-7.412257494086495e-06
2025-12-23 12:10:00+05:30,0.0001153582689234343
2025-12-23 12:15:00+05:30,-0.00012938680008882887
2025-12-23 12:20:00+05:30,3.545800175367606e-05
2025-12-23 12:25:00+05:30,-0.00045366671558899033
2025-12-23 12:30:00+05:30,-0.0002376714879703052
2025-12-23 12:35:00+05:30,0.000259287330355839
2025-12-23 12:40:00+05:30,0.00010437002766959744
2025-12-23 12:45:00+05:30,0.0002720460326086579
2025-12-23 12:50:00+05:30,0.00010879930070038426
2025-12-23 12:55:00+05:30,-0.00019386366365239499
2025-12-23 13:00:00+05:30,0.0001368678151815359
2025-12-23 13:05:00+05:30,6.923460104066157e-05
2025-12-23 13:10:00+05:30,-0.00014493232701711335
2025-12-23 13:15:00+05:30,0.00012913639279388267
2025-12-23 13:20:00+05:30,-0.00018817059014674062
2025-12-23 13:25:00+05:30,0.00014874538282041554
2025-12-23 13:30:00+05:30,-0.0001204021148043872
2025-12-23 13:35:00+05:30,6.367321947257847e-05
2025-12-23 13:40:00+05:30,-3.474294315262022e-05
2025-12-23 13:45:00+05:30,0.0001610146781985648
2025-12-23 13:50:00+05:30,8.373070702872911e-05
2025-12-23 13:55:00+05:30,0.00021148720587004175
2025-12-23 14:00:00+05:30,-5.7116869654757895e-05
2025-12-23 14:05:00+05:30,-0.00042337428463514853
2025-12-23 14:10:00+05:30,0.00035809087633245786
2025-12-23 14:15:00+05:30,0.0006706948741382423
2025-12-23 14:20:00+05:30,-0.00015861298190553592
2025-12-23 14:25:00+05:30,-0.0003107881783916732
2025-12-23 14:30:00+05:30,-0.0004465172668103137
2025-12-23 14:35:00+05:30,0.00025157819080308467
2025-12-23 14:40:00+05:30,-0.001480789779460651
2025-12-23 14:45:00+05:30,0.0006035943666039895
2025-12-23 14:50:00+05:30,0.00011921817728449983
2025-12-23 14:55:00+05:30,0.00022717201460958027
2025-12-23 15:00:00+05:30,-0.00019841351787944363
2025-12-23 15:05:00+05:30,-0.0003846670589820145
2025-12-23 15:10:00+05:30,0.00023654060886333256
2025-12-23 15:15:00+05:30,-0.00038313624724068145
2025-12-23 15:20:00+05:30,0.00012342316961545005
2025-12-23 15:25:00+05:30,-0.0002511340702404488
2025-12-24 09:15:00+05:30,0.0011515231331418827
2025-12-24 09:20:00+05:30,-0.00039591152789402405
2025-12-24 09:25:00+05:30,0.00017973308569348219
2025-12-24 09:30:00+05:30,0.00011904764122905309
2025-12-24 09:35:00+05:30,-0.00022856505738054112
2025-12-24 09:40:00+05:30,-0.00014579399592706235
2025-12-24 09:45:00+05:30,-0.0005641603391632128
2025-12-24 09:50:00+05:30,0.000307065909436907
2025-12-24 09:55:00+05:30,0.0002625965867968781
2025-12-24 10:00:00+05:30,-0.0003076002686446606
2025-12-24 10:05:00+05:30,0.0002614760457347291
2025-12-24 10:10:00+05:30,0.0005978570701109229
2025-12-24 10:15:00+05:30,0.00026939136230406583
2025-12-24 10:20:00+05:30,2.1281918231895676e-05
2025-12-24 10:25:00+05:30,3.6076280458874344e-05
2025-12-24 10:30:00+05:30,-0.0001301951855434983
2025-12-24 10:35:00+05:30,-0.0001564204199489637
2025-12-24 10:40:00+05:30,-0.0003247484118415087
2025-12-24 10:45:00+05:30,-0.0002694159949699845
2025-12-24 10:50:00+05:30,-8.542107114276784e-06
2025-12-24 10:55:00+05:30,0.00039790649487651163
2025-12-24 11:00:00+05:30,-0.0003417288334314965
2025-12-24 11:05:00+05:30,-7.058014037683433e-05
2025-12-24 11:10:00+05:30,2.769499347122842e-05
2025-12-24 11:15:00+05:30,1.277379425690979e-05
2025-12-24 11:20:00+05:30,0.00019285368550587588
2025-12-24 11:25:00+05:30,-0.00016753486836462717
2025-12-24 11:30:00+05:30,0.00011455921021767021
2025-12-24 11:35:00+05:30,-0.00037376153774279936
2025-12-24 11:40:00+05:30,-0.0007554073981272012
2025-12-24 11:45:00+05:30,-0.00018849965991512242
2025-12-24 11:50:00+05:30,6.841969247442076e-05
2025-12-24 11:55:00+05:30,0.00025231608798912867
2025-12-24 12:00:00+05:30,0.00021327133523844837
2025-12-24 12:05:00+05:30,-0.00017237836879431022
2025-12-24 12:10:00+05:30,0.00019087339400721066
2025-12-24 12:15:00+05:30,0.0002451446470919748
2025-12-24 12:20:00+05:30,-0.00020746667293884032
2025-12-24 12:25:00+05:30,0.0004077121302242044
2025-12-24 12:30:00+05:30,0.0001735849956572511
2025-12-24 12:35:00+05:30,-0.0002567972787840267
2025-12-24 12:40:00+05:30,-1.9873545052863155e-05
2025-12-24 12:45:00+05:30,1.6753697774885585e-05
2025-12-24 12:50:00+05:30,-0.00019609030810313914
2025-12-24 12:55:00+05:30,8.285108505483818e-05
2025-12-24 13:00:00+05:30,-0.00013962586743305515
2025-12-24 13:05:00+05:30,-0.0002309434049640779
2025-12-24 13:10:00+05:30,0.00010109335935330097
2025-12-24 13:15:00+05:30,-0.0003037256726496322
2025-12-24 13:20:00+05:30,-0.0001937525227896773
2025-12-24 13:25:00+05:30,4.864544542322675e-06
2025-12-24 13:30:00+05:30,-0.0004264834682253629
2025-12-24 13:35:00+05:30,-1.4327827432240797e-05
2025-12-24 13:40:00+05:30,0.0001713971199036835
2025-12-24 13:45:00+05:30,6.244697059278998e-05
2025-12-24 13:50:00+05:30,0.00028337828900877095
2025-12-24 13:55:00+05:30,-0.0005593452059608747
2025-12-24 14:00:00+05:30,3.227858974765384e-05
2025-12-24 14:05:00+05:30,0.0003325162800547183
2025-12-24 14:10:00+05:30,1.2870912937814149e-05
2025-12-24 14:15:00+05:30,-0.00010041553182043846
2025-12-24 14:20:00+05:30,-0.00028524467616533746
2025-12-24 14:25:00+05:30,-0.00032961810072077027
2025-12-24 14:30:00+05:30,-0.00012035639600538328
2025-12-24 14:35:00+05:30,0.00013497104965325062
2025-12-24 14:40:00+05:30,2.136798639396087e-05
2025-12-24 14:45:00+05:30,0.00016255770129703392
2025-12-24 14:50:00+05:30,-0.00010291475624891802
2025-12-24 14:55:00+05:30,0.00023162121716203745
2025-12-24 15:00:00+05:30,-9.120363770708182e-05
2025-12-24 15:05:00+05:30,-0.0004982354831520407
2025-12-24 15:10:00+05:30,0.0003809340413919215
2025-12-24 15:15:00+05:30,-0.0002981245417861968
2025-12-24 15:20:00+05:30,7.437317554586916e-05
2025-12-24 15:25:00+05:30,3.492869764753463e-05
2025-12-26 09:15:00+05:30,-0.0006706605289874837
2025-12-26 09:20:00+05:30,-0.0001366955619968083
2025-12-26 09:25:00+05:30,-1.3742256985851525e-05
2025-12-26 09:30:00+05:30,-0.0008971917078743546
2025-12-26 09:35:00+05:30,-0.0007983468128241496
2025-12-26 09:40:00+05:30,-0.0001553770812412422
2025-12-26 09:45:00+05:30,0.00012843503304792972
2025-12-26 09:50:00+05:30,-0.00024730651805922977
2025-12-26 09:55:00+05:30,0.0002835644451090834
2025-12-26 10:00:00+05:30,0.00020975692761380694
2025-12-26 10:05:00+05:30,-0.00016110765107454176
2025-12-26 10:10:00+05:30,-0.00012845416737265674
2025-12-26 10:15:00+05:30,-0.00035600274501051087
2025-12-26 10:20:00+05:30,-0.00021321965694578565
2025-12-26 10:25:00+05:30,0.0001527000786328836
2025-12-26 10:30:00+05:30,-0.0002633203917041337
2025-12-26 10:35:00+05:30,1.604341711171134e-06
2025-12-26 10:40:00+05:30,0.00011326397076608827
2025-12-26 10:45:00+05:30,-8.209587316562008e-05
2025-12-26 10:50:00+05:30,-1.5652295324601534e-05
2025-12-26 10:55:00+05:30,-4.729223615183488e-05
2025-12-26 11:00:00+05:30,-2.8299721245038012e-05
2025-12-26 11:05:00+05:30,-0.00038979030960233015
2025-12-26 11:10:00+05:30,-7.526094165959045e-05
2025-12-26 11:15:00+05:30,-0.0003165038767159368
2025-12-26 11:20:00+05:30,-2.8105857106015308e-05
2025-12-26 11:25:00+05:30,-7.547572762712258e-05
2025-12-26 11:30:00+05:30,-0.0004504757229115697
2025-12-26 11:35:00+05:30,-0.00015557367473527592
2025-12-26 11:40:00+05:30,3.921215706299903e-05
2025-12-26 11:45:00+05:30,-3.325227200823873e-06
2025-12-26 11:50:00+05:30,3.7805076961704955e-05
2025-12-26 11:55:00+05:30,0.00016437017956746173
2025-12-26 12:00:00+05:30,-7.39514762612838e-05
2025-12-26 12:05:00+05:30,0.0002831265502259691
2025-12-26 12:10:00+05:30,0.0003012666808101206
2025-12-26 12:15:00+05:30,0.000274126941777548
2025-12-26 12:20:00+05:30,-0.0002820969818943385
2025-12-26 12:25:00+05:30,6.237342276290516e-05
2025-12-26 12:30:00+05:30,-0.0005113452404774852
2025-12-26 12:35:00+05:30,-7.673460563703403e-05
2025-12-26 12:40:00+05:30,-0.00014055185495736268
2025-12-26 12:45:00+05:30,-3.744726755276104e-05
2025-12-26 12:50:00+05:30,-6.480523552244184e-06
2025-12-26 12:55:00+05:30,-0.00011080507629017338
2025-12-26 13:00:00+05:30,0.00011255751984927617
2025-12-26 13:05:00+05:30,-9.771833502554634e-05
2025-12-26 13:10:00+05:30,0.0004906052698429674
2025-12-26 13:15:00+05:30,0.0002726769195857272
2025-12-26 13:20:00+05:30,-6.178513568961001e-05
2025-12-26 13:25:00+05:30,0.00014889685004237344
2025-12-26 13:30:00+05:30,-4.4561596653266245e-05
2025-12-26 13:35:00+05:30,0.00013789851339407466
2025-12-26 13:40:00+05:30,0.00017669582704951816
2025-12-26 13:45:00+05:30,0.00022103436759415986
2025-12-26 13:50:00+05:30,-0.0002611956432260257
2025-12-26 13:55:00+05:30,9.283777608024451e-05
2025-12-26 14:00:00+05:30,1.825823508409161e-05
2025-12-26 14:05:00+05:30,-0.00033093792147022077
2025-12-26 14:10:00+05:30,0.00015137645516484865
2025-12-26 14:15:00+05:30,-0.00046185946373767414
2025-12-26 14:20:00+05:30,-0.0002310580610819761
2025-12-26 14:25:00+05:30,7.923068332970016e-05
2025-12-26 14:30:00+05:30,-0.00024039790788289497
2025-12-26 14:35:00+05:30,-2.0206644297833604e-05
2025-12-26 14:40:00+05:30,-4.91936751626451e-05
2025-12-26 14:45:00+05:30,-1.5440121074958146e-05
2025-12-26 14:50:00+05:30,0.00028251379615150613
2025-12-26 14:55:00+05:30,0.0004963924127253426
2025-12-26 15:00:00+05:30,0.0002019694511017765
2025-12-26 15:05:00+05:30,0.0002248675430700275
2025-12-26 15:10:00+05:30,-5.11200632320171e-05
2025-12-26 15:15:00+05:30,-0.0002062696425265336
2025-12-26 15:20:00+05:30,0.0002715332289820898
2025-12-26 15:25:00+05:30,1.1467561484781569e-05
2025-12-29 09:15:00+05:30,0.0005203318098172188
2025-12-29 09:20:00+05:30,0.0002708622224931909
2025-12-29 09:25:00+05:30,-0.0001663605045663389
2025-12-29 09:30:00+05:30,0.0010741808272671793
2025-12-29 09:35:00+05:30,-8.006985976947039e-05
2025-12-29 09:40:00+05:30,0.00061046391916191
2025-12-29 09:45:00+05:30,-0.0003431950345560664
2025-12-29 09:50:00+05:30,-0.0007264307592377751
2025-12-29 09:55:00+05:30,-0.0010376035084117552
2025-12-29 10:00:00+05:30,-0.00016610052438199925
2025-12-29 10:05:00+05:30,-0.000162802631248565
2025-12-29 10:10:00+05:30,0.00021134777084177552
2025-12-29 10:15:00+05:30,-0.0003206471039045881
2025-12-29 10:20:00+05:30,0.0005481433990527947
2025-12-29 10:25:00+05:30,-0.0003013827646826
2025-12-29 10:30:00+05:30,-0.0004366541912724377
2025-12-29 10:35:00+05:30,-0.00029760745907458333
2025-12-29 10:40:00+05:30,-0.0005615296645095899
2025-12-29 10:45:00+05:30,0.00024346935895041234
2025-12-29 10:50:00+05:30,5.8526313413415366e-05
2025-12-29 10:55:00+05:30,-0.00018994817146259093
2025-12-29 11:00:00+05:30,-0.00037098303684427635
2025-12-29 11:05:00+05:30,-5.634186453447978e-05
2025-12-29 11:10:00+05:30,-5.221961035917795e-05
2025-12-29 11:15:00+05:30,-0.00012100790460814616
2025-12-29 11:20:00+05:30,-0.00014717675484062601
2025-12-29 11:25:00+05:30,0.00019770985304479768
2025-12-29 11:30:00+05:30,5.432655240127605e-05
2025-12-29 11:35:00+05:30,-5.366675293958395e-05
2025-12-29 11:40:00+05:30,0.00012816510490044094
2025-12-29 11:45:00+05:30,0.0004571906567852306
2025-12-29 11:50:00+05:30,-0.00020245906995097177
2025-12-29 11:55:00+05:30,-0.00041071175128852485
2025-12-29 12:00:00+05:30,-0.0001338779322456711
2025-12-29 12:05:00+05:30,0.00014273583163495007
2025-12-29 12:10:00+05:30,5.4834868379392466e-05
2025-12-29 12:15:00+05:30,-0.0004139851950617326
2025-12-29 12:20:00+05:30,-0.0006235393342427567
2025-12-29 12:25:00+05:30,0.0002847536712420796
2025-12-29 12:30:00+05:30,-0.0007515260540129748
2025-12-29 12:35:00+05:30,0.00019485440251468985
2025-12-29 12:40:00+05:30,0.00014270460053655842
2025-12-29 12:45:00+05:30,0.00031682346645152474
2025-12-29 12:50:00+05:30,-3.360972430414175e-05
2025-12-29 12:55:00+05:30,-0.0001460143483503353
2025-12-29 13:00:00+05:30,0.00028716948076770867
2025-12-29 13:05:00+05:30,-9.166159088305321e-05
2025-12-29 13:10:00+05:30,-0.0003660279134398352
2025-12-29 13:15:00+05:30,-0.00033125633775715464
2025-12-29 13:20:00+05:30,-0.00014287705123000886
2025-12-29 13:25:00+05:30,-5.490396338310517e-05
2025-12-29 13:30:00+05:30,-0.00015997584478558876
2025-12-29 13:35:00+05:30,-0.0005671584074416918
2025-12-29 13:40:00+05:30,0.0002128360501650182
2025-12-29 13:45:00+05:30,0.00014317410530577317
2025-12-29 13:50:00+05:30,0.00028772384385363604
2025-12-29 13:55:00+05:30,-0.0002343992806125879
2025-12-29 14:00:00+05:30,-3.34718897583823e-05
2025-12-29 14:05:00+05:30,0.00021519683470453584
2025-12-29 14:10:00+05:30,-0.00046299263717706677
2025-12-29 14:15:00+05:30,-0.0006595637256065695
2025-12-29 14:20:00+05:30,0.0011045218024090296
2025-12-29 14:25:00+05:30,0.0001112049033192666
2025-12-29 14:30:00+05:30,0.00010041859465517868
2025-12-29 14:35:00+05:30,-0.00043274385135298087
2025-12-29 14:40:00+05:30,-0.0005139347924340653
2025-12-29 14:45:00+05:30,3.708103041177273e-05
2025-12-29 14:50:00+05:30,-0.0003848100293353836
2025-12-29 14:55:00+05:30,-5.957577010554251e-06
2025-12-29 15:00:00+05:30,0.0003152424309042355
2025-12-29 15:05:00+05:30,0.00012954778531888188
2025-12-29 15:10:00+05:30,-0.00011693004800352853
2025-12-29 15:15:00+05:30,0.00011946318734312733
2025-12-29 15:20:00+05:30,0.0004308002883090318
2025-12-29 15:25:00+05:30,9.931079081274727e-06
2025-12-30 09:15:00+05:30,-0.0029600511980166075
2025-12-30 09:20:00+05:30,-0.0009989540169200435
2025-12-30 09:25:00+05:30,5.81773513894832e-05
2025-12-30 09:30:00+05:30,0.0007569643034331765
2025-12-30 09:35:00+05:30,0.0005288963454200589
2025-12-30 09:40:00+05:30,0.0009732937450585595
2025-12-30 09:45:00+05:30,-0.0010300815530369831
2025-12-30 09:50:00+05:30,0.0009609157611669285
2025-12-30 09:55:00+05:30,0.0001917430344195886
2025-12-30 10:00:00+05:30,7.057021414579838e-05
2025-12-30 10:05:00+05:30,3.9732228061680575e-05
2025-12-30 10:10:00+05:30,0.0009504006728946234
2025-12-30 10:15:00+05:30,0.0004500796844993178
2025-12-30 10:20:00+05:30,0.0005032596481794385
2025-12-30 10:25:00+05:30,0.000208557126250663
2025-12-30 10:30:00+05:30,0.00022130505441108003
2025-12-30 10:35:00+05:30,-0.0009739672942621405
2025-12-30 10:40:00+05:30,0.00010897318168876396
2025-12-30 10:45:00+05:30,-0.00018798019552095603
2025-12-30 10:50:00+05:30,-0.0003567766249868928
2025-12-30 10:55:00+05:30,-0.0001121391076543147
2025-12-30 11:00:00+05:30,0.00011294844057312052
2025-12-30 11:05:00+05:30,0.00018274202414942113
2025-12-30 11:10:00+05:30,-0.0001779501381670507
2025-12-30 11:15:00+05:30,0.00015776947919482183
2025-12-30 11:20:00+05:30,8.258728369965096e-05
2025-12-30 11:25:00+05:30,-0.00010874488827089816
2025-12-30 11:30:00+05:30,-0.0006141550963830909
2025-12-30 11:35:00+05:30,5.725703316860591e-05
2025-12-30 11:40:00+05:30,0.00040649619504882687
2025-12-30 11:45:00+05:30,0.00022813876511622238
2025-12-30 11:50:00+05:30,-0.00025760789307713745
2025-12-30 11:55:00+05:30,-0.00029230364557991954
2025-12-30 12:00:00+05:30,-0.00013748870791323236
2025-12-30 12:05:00+05:30,0.0003524292403290073
2025-12-30 12:10:00+05:30,-0.000798213754432903
2025-12-30 12:15:00+05:30,0.00019698921354045846
2025-12-30 12:20:00+05:30,-0.0001462064553245233
2025-12-30 12:25:00+05:30,0.00010767683746406693
2025-12-30 12:30:00+05:30,0.0002111323617715044
2025-12-30 12:35:00+05:30,0.0006013182090216682
2025-12-30 12:40:00+05:30,9.227331152029146e-05
2025-12-30 12:45:00+05:30,0.0003255371863541441
2025-12-30 12:50:00+05:30,-0.0003307824785710719
2025-12-30 12:55:00+05:30,-0.0002655013209326677
2025-12-30 13:00:00+05:30,0.00011350407209570186
2025-12-30 13:05:00+05:30,-2.1299116690301634e-05
2025-12-30 13:10:00+05:30,0.00028886927032218724
2025-12-30 13:15:00+05:30,0.0003200147944452815
2025-12-30 13:20:00+05:30,-0.00021397384147937046
2025-12-30 13:25:00+05:30,0.00037028578434538046
2025-12-30 13:30:00+05:30,0.000403074167266359
2025-12-30 13:35:00+05:30,0.00011303718252529902
2025-12-30 13:40:00+05:30,0.0008164937856040176
2025-12-30 13:45:00+05:30,0.0008531445590560166
2025-12-30 13:50:00+05:30,-0.000735598734035281
2025-12-30 13:55:00+05:30,-3.9347423208108424e-05
2025-12-30 14:00:00+05:30,0.00022785933466179813
2025-12-30 14:05:00+05:30,-0.00032725834988910876
2025-12-30 14:10:00+05:30,5.025850940915998e-05
2025-12-30 14:15:00+05:30,0.00012654766014273311
2025-12-30 14:20:00+05:30,-9.947093957572341e-05
2025-12-30 14:25:00+05:30,-0.0007332734967900002
2025-12-30 14:30:00+05:30,0.0008071063729977632
2025-12-30 14:35:00+05:30,-1.9402922931110427e-05
2025-12-30 14:40:00+05:30,0.00033062192896083395
2025-12-30 14:45:00+05:30,0.0005696264917364717
2025-12-30 14:50:00+05:30,-0.0002149568730484523
2025-12-30 14:55:00+05:30,-0.000614899253338738
2025-12-30 15:00:00+05:30,-0.0005740019130371833
2025-12-30 15:05:00+05:30,-0.00016069636506158732
2025-12-30 15:10:00+05:30,-1.9552891278032537e-05
2025-12-30 15:15:00+05:30,-0.00018303365518905417
2025-12-30 15:20:00+05:30,0.00044011457996232694
2025-12-30 15:25:00+05:30,0.0006706886803070633
2025-12-31 09:15:00+05:30,0.002085864572867886
2025-12-31 09:20:00+05:30,8.900886234574021e-05
2025-12-31 09:25:00+05:30,8.196030161796533e-05
2025-12-31 09:30:00+05:30,-0.0006668976930152004
2025-12-31 09:35:00+05:30,0.00022507985078379952
2025-12-31 09:40:00+05:30,-0.0009885680406738382
2025-12-31 09:45:00+05:30,-0.00026910617669689536
2025-12-31 09:50:00+05:30,-0.00021761949424190403
2025-12-31 09:55:00+05:30,0.00017231039166698547
2025-12-31 10:00:00+05:30,6.385598170769038e-05
2025-12-31 10:05:00+05:30,0.00048415331256425695
2025-12-31 10:10:00+05:30,9.373960905884342e-05
2025-12-31 10:15:00+05:30,0.00029079577430315534
2025-12-31 10:20:00+05:30,-0.0002823173953437779
2025-12-31 10:25:00+05:30,0.00034935035203898543
2025-12-31 10:30:00+05:30,0.0007905676176602
2025-12-31 10:35:00+05:30,-0.00018833282689495175
2025-12-31 10:40:00+05:30,0.0005437426764976465
2025-12-31 10:45:00+05:30,-8.702804008540645e-05
2025-12-31 10:50:00+05:30,6.742648119003427e-05
2025-12-31 10:55:00+05:30,0.000226208516363738
2025-12-31 11:00:00+05:30,2.779299690986769e-05
2025-12-31 11:05:00+05:30,-0.00023531870112057285
2025-12-31 11:10:00+05:30,0.0001985898207423956
2025-12-31 11:15:00+05:30,0.00014605506709748127
2025-12-31 11:20:00+05:30,-0.0006558595050265511
2025-12-31 11:25:00+05:30,-9.29723232017238e-05
2025-12-31 11:30:00+05:30,0.00012450231156565343
2025-12-31 11:35:00+05:30,0.0007460693531865982
2025-12-31 11:40:00+05:30,0.00029831381906642615
2025-12-31 11:45:00+05:30,1.2629601392851566e-05
2025-12-31 11:50:00+05:30,2.6672226129269794e-05
2025-12-31 11:55:00+05:30,-0.0001434125889298266
2025-12-31 12:00:00+05:30,0.00011018219365287989
2025-12-31 12:05:00+05:30,0.0004019180331628011
2025-12-31 12:10:00+05:30,0.00015730159044134937
2025-12-31 12:15:00+05:30,1.839272691666879e-05
2025-12-31 12:20:00+05:30,0.0002699628524865295
2025-12-31 12:25:00+05:30,0.00012396058563264077
2025-12-31 12:30:00+05:30,0.00046974379222255563
2025-12-31 12:35:00+05:30,-7.381793196902184e-06
2025-12-31 12:40:00+05:30,0.000224564739930728
2025-12-31 12:45:00+05:30,0.0006242979630011893
2025-12-31 12:50:00+05:30,0.0004031481716899248
2025-12-31 12:55:00+05:30,0.0003594879078323098
2025-12-31 13:00:00+05:30,-8.023209170409924e-05
2025-12-31 13:05:00+05:30,1.7963864251212487e-05
2025-12-31 13:10:00+05:30,0.00016633089003734609
2025-12-31 13:15:00+05:30,-0.0003010626745730067
2025-12-31 13:20:00+05:30,0.00022826142491981724
2025-12-31 13:25:00+05:30,7.50267634071518e-05
2025-12-31 13:30:00+05:30,-0.00030850058309547643
2025-12-31 13:35:00+05:30,-0.0005430300345007414
2025-12-31 13:40:00+05:30,0.00016877805809764466
2025-12-31 13:45:00+05:30,0.0002385396903433815
2025-12-31 13:50:00+05:30,6.15535278079998e-05
2025-12-31 13:55:00+05:30,0.00042940802437905096
2025-12-31 14:00:00+05:30,-1.4788406215043556e-06
2025-12-31 14:05:00+05:30,0.0004313331699631095
2025-12-31 14:10:00+05:30,-0.00010834270098279916
2025-12-31 14:15:00+05:30,-0.0001654614664469145
2025-12-31 14:20:00+05:30,-0.0005081933417279139
2025-12-31 14:25:00+05:30,0.0003634206054682869
2025-12-31 14:30:00+05:30,9.289213910867426e-05
2025-12-31 14:35:00+05:30,0.00041039035581960794
2025-12-31 14:40:00+05:30,0.0004855716134570283
2025-12-31 14:45:00+05:30,-0.00013192862114446964
2025-12-31 14:50:00+05:30,-0.00017235961767863835
2025-12-31 14:55:00+05:30,-1.4166868091618723e-06
2025-12-31 15:00:00+05:30,-0.00140545635398985
2025-12-31 15:05:00+05:30,-3.876662793811965e-05
2025-12-31 15:10:00+05:30,-0.00023496743577877677
2025-12-31 15:15:00+05:30,0.0003618085373754117
2025-12-31 15:20:00+05:30,3.98261647667676e-05
2025-12-31 15:25:00+05:30,0.00014332043533193364
2026-01-01 09:15:00+05:30,0.0006916802381440791
2026-01-01 09:20:00+05:30,-0.00043849109538856245
2026-01-01 09:25:00+05:30,0.0004491637439599911
2026-01-01 09:30:00+05:30,-0.0004326883353915272
2026-01-01 09:35:00+05:30,-0.0006471346812605008
2026-01-01 09:40:00+05:30,0.0005788324796299584
2026-01-01 09:45:00+05:30,0.0004515969698676818
2026-01-01 09:50:00+05:30,-0.00016472607396998318
2026-01-01 09:55:00+05:30,-0.0012023128536722506
2026-01-01 10:00:00+05:30,0.0005455474702348715
2026-01-01 10:05:00+05:30,-7.696649386659961e-05
2026-01-01 10:10:00+05:30,-0.0005548379228481849
2026-01-01 10:15:00+05:30,-0.000497511941727471
2026-01-01 10:20:00+05:30,7.016432377693922e-05
2026-01-01 10:25:00+05:30,0.0009893160190287877
2026-01-01 10:30:00+05:30,0.00016423933445437817
2026-01-01 10:35:00+05:30,-2.561428824973531e-05
2026-01-01 10:40:00+05:30,-0.00014509888928424997
2026-01-01 10:45:00+05:30,0.0008352237821639058
2026-01-01 10:50:00+05:30,-0.00017458463961646315
2026-01-01 10:55:00+05:30,-0.0005730785519125934
2026-01-01 11:00:00+05:30,-0.000331066380839912
2026-01-01 11:05:00+05:30,-0.00024809626452104716
2026-01-01 11:10:00+05:30,0.00022912687848160966
2026-01-01 11:15:00+05:30,8.982560278469302e-05
2026-01-01 11:20:00+05:30,-4.832520549480357e-05
2026-01-01 11:25:00+05:30,9.785409436137791e-05
2026-01-01 11:30:00+05:30,0.0001479800770624157
2026-01-01 11:35:00+05:30,-2.086149495448158e-05
2026-01-01 11:40:00+05:30,-0.0006771762867900991
2026-01-01 11:45:00+05:30,-0.00011881128058029813
2026-01-01 11:50:00+05:30,0.00038697054851377644
2026-01-01 11:55:00+05:30,0.00019281554729825464
2026-01-01 12:00:00+05:30,-0.0006129518536304694
2026-01-01 12:05:00+05:30,-0.00031549570933538763
2026-01-01 12:10:00+05:30,-0.0003927884882585512
2026-01-01 12:15:00+05:30,0.0005664532549245365
2026-01-01 12:20:00+05:30,0.0002565236485904296
2026-01-01 12:25:00+05:30,0.0004139049488856835
2026-01-01 12:30:00+05:30,1.2988277987937091e-05
2026-01-01 12:35:00+05:30,-0.0007700762103837773
2026-01-01 12:40:00+05:30,0.00020636567323876958
2026-01-01 12:45:00+05:30,0.000602801433664196
2026-01-01 12:50:00+05:30,-0.00014332599630200406
2026-01-01 12:55:00+05:30,1.926290715098241e-05
2026-01-01 13:00:00+05:30,-8.766107489820956e-05
2026-01-01 13:05:00+05:30,0.00023620459948940558
2026-01-01 13:10:00+05:30,-0.00018601412886867932
2026-01-01 13:15:00+05:30,0.0005055898768142842
2026-01-01 13:20:00+05:30,-0.0011273054314550233
2026-01-01 13:25:00+05:30,0.0007712528059937835
2026-01-01 13:30:00+05:30,-0.00027875081845007976
2026-01-01 13:35:00+05:30,0.00013556184464840428
2026-01-01 13:40:00+05:30,-0.0001330336713103219
2026-01-01 13:45:00+05:30,-4.5168574658129965e-05
2026-01-01 13:50:00+05:30,0.00042196871313263253
2026-01-01 13:55:00+05:30,8.450802776998875e-06
2026-01-01 14:00:00+05:30,0.0006754516536617265
2026-01-01 14:05:00+05:30,-0.0002631851979902958
2026-01-01 14:10:00+05:30,5.126132788705504e-05
2026-01-01 14:15:00+05:30,0.00012477138651322797
2026-01-01 14:20:00+05:30,-0.0004514503300699679
2026-01-01 14:25:00+05:30,-0.00033748390538832965
2026-01-01 14:30:00+05:30,0.000492578517027448
2026-01-01 14:35:00+05:30,9.197968820661677e-05
2026-01-01 14:40:00+05:30,-0.00016208052551236474
2026-01-01 14:45:00+05:30,-0.00033054786615336224
2026-01-01 14:50:00+05:30,-1.4025145715707887e-05
2026-01-01 14:55:00+05:30,2.096840737743136e-05
2026-01-01 15:00:00+05:30,-5.517521533518623e-05
2026-01-01 15:05:00+05:30,-0.0004166377498263067
2026-01-01 15:10:00+05:30,-0.0004997754671142338
2026-01-01 15:15:00+05:30,6.327082738605565e-05
2026-01-01 15:20:00+05:30,-4.886881420164194e-05
2026-01-01 15:25:00+05:30,-0.00011305487731097665
2026-01-02 09:15:00+05:30,0.000988104351489269
2026-01-02 09:20:00+05:30,0.0005199834399536775
2026-01-02 09:25:00+05:30,0.0003811672891429474
2026-01-02 09:30:00+05:30,-0.0005481470767705156
2026-01-02 09:35:00+05:30,0.00010875075265283143
2026-01-02 09:40:00+05:30,0.0012985512977460722
2026-01-02 09:45:00+05:30,0.00017750672345406837
2026-01-02 09:50:00+05:30,0.0006216956229193546
2026-01-02 09:55:00+05:30,-0.00035981917211105446
2026-01-02 10:00:00+05:30,-0.00013288633120654337
2026-01-02 10:05:00+05:30,-0.0003072266221241296
2026-01-02 10:10:00+05:30,0.0002466558523945138
2026-01-02 10:15:00+05:30,0.00019988168941137126
2026-01-02 10:20:00+05:30,0.00012460840431989016
2026-01-02 10:25:00+05:30,-7.188625489734939e-05
2026-01-02 10:30:00+05:30,-0.0006391988528222647
2026-01-02 10:35:00+05:30,0.0006823203427800348
2026-01-02 10:40:00+05:30,-0.0003801274106313497
2026-01-02 10:45:00+05:30,0.0004792085625159432
2026-01-02 10:50:00+05:30,-8.999158014614437e-05
2026-01-02 10:55:00+05:30,2.3953898643437976e-05
2026-01-02 11:00:00+05:30,-0.00021029293626715817
2026-01-02 11:05:00+05:30,-0.00014055467773221278
2026-01-02 11:10:00+05:30,0.00014497831920087654
2026-01-02 11:15:00+05:30,0.00012759230066414071
2026-01-02 11:20:00+05:30,-1.6195863129953025e-05
2026-01-02 11:25:00+05:30,0.000123737882742833
2026-01-02 11:30:00+05:30,0.0003958290410059731
2026-01-02 11:35:00+05:30,-8.622888819536918e-05
2026-01-02 11:40:00+05:30,4.011806461813375e-05
2026-01-02 11:45:00+05:30,-3.4701011109379052e-06
2026-01-02 11:50:00+05:30,0.00029328279592638325
2026-01-02 11:55:00+05:30,-0.0003344943981292586
2026-01-02 12:00:00+05:30,0.00010814676218517949
2026-01-02 12:05:00+05:30,-6.494004801204627e-05
2026-01-02 12:10:00+05:30,4.80487593803007e-05
2026-01-02 12:15:00+05:30,-0.0003543378266818223
2026-01-02 12:20:00+05:30,0.0005160227978467351
2026-01-02 12:25:00+05:30,0.00016316817335989962
2026-01-02 12:30:00+05:30,0.0001249254537045076
2026-01-02 12:35:00+05:30,-0.00021303407835095522
2026-01-02 12:40:00+05:30,-0.00015481090800322463
2026-01-02 12:45:00+05:30,-0.0003356889089839268
2026-01-02 12:50:00+05:30,-3.450268442461406e-05
2026-01-02 12:55:00+05:30,-2.9113990107877468e-05
2026-01-02 13:00:00+05:30,9.578510315402946e-05
2026-01-02 13:05:00+05:30,-0.00010031630179067228
2026-01-02 13:10:00+05:30,4.8270280188886094e-05
2026-01-02 13:15:00+05:30,0.00016565372007195772
2026-01-02 13:20:00+05:30,0.00010463638227732388
2026-01-02 13:25:00+05:30,-0.00012037701099085634
2026-01-02 13:30:00+05:30,0.00010596907279361725
2026-01-02 13:35:00+05:30,2.537090216625515e-05
2026-01-02 13:40:00+05:30,5.204663063704701e-06
2026-01-02 13:45:00+05:30,-0.00024100699490966902
2026-01-02 13:50:00+05:30,-1.8740712780144396e-05
2026-01-02 13:55:00+05:30,-0.00033484834514258867
2026-01-02 14:00:00+05:30,-5.0108560756606814e-05
2026-01-02 14:05:00+05:30,7.537621446247244e-05
2026-01-02 14:10:00+05:30,-0.00015876102289447721
2026-01-02 14:15:00+05:30,0.00019809783983169483
2026-01-02 14:20:00+05:30,0.00016055273564208913
2026-01-02 14:25:00+05:30,-2.2388713537266202e-05
2026-01-02 14:30:00+05:30,-0.0006531268531099666
2026-01-02 14:35:00+05:30,-0.0005441267563075152
2026-01-02 14:40:00+05:30,7.832537918145714e-05
2026-01-02 14:45:00+05:30,5.6497086100664994e-05
2026-01-02 14:50:00+05:30,0.0005452460653154453
2026-01-02 14:55:00+05:30,0.0003337182736238053
2026-01-02 15:00:00+05:30,0.0003471138214663377
2026-01-02 15:05:00+05:30,0.0004062429366440237
2026-01-02 15:10:00+05:30,8.540670084804758e-05
2026-01-02 15:15:00+05:30,-8.01141777645687e-05
2026-01-02 15:20:00+05:30,0.00049099423263936
2026-01-02 15:25:00+05:30,0.0005214160153716131
2026-01-05 09:15:00+05:30,-0.00024384557830566637
2026-01-05 09:20:00+05:30,-0.0011257178367379535
2026-01-05 09:25:00+05:30,-0.0004309220552638668
2026-01-05 09:30:00+05:30,-0.0007724552330266441
2026-01-05 09:35:00+05:30,0.0004992720908095713
2026-01-05 09:40:00+05:30,0.00045207350214905936
2026-01-05 09:45:00+05:30,0.000802444899332718
2026-01-05 09:50:00+05:30,0.0002640229135078699
2026-01-05 09:55:00+05:30,2.0055322860055758e-05
2026-01-05 10:00:00+05:30,-0.0004924596046692072
2026-01-05 10:05:00+05:30,0.0016511796620073463
2026-01-05 10:10:00+05:30,0.00017121386290681371
2026-01-05 10:15:00+05:30,0.00023315581568468597
2026-01-05 10:20:00+05:30,0.0007212771398678333
2026-01-05 10:25:00+05:30,-0.0004826051909218032
2026-01-05 10:30:00+05:30,0.00015698137923095414
2026-01-05 10:35:00+05:30,0.00014399797957453941
2026-01-05 10:40:00+05:30,-0.000390194706615376
2026-01-05 10:45:00+05:30,0.00016132115315441102
2026-01-05 10:50:00+05:30,8.883335386080192e-05
2026-01-05 10:55:00+05:30,-0.00023633082279614798
2026-01-05 11:00:00+05:30,0.00024035862863306564
2026-01-05 11:05:00+05:30,-0.0005359737359633279
2026-01-05 11:10:00+05:30,0.0001948058266066512
2026-01-05 11:15:00+05:30,-0.0004950484230291302
2026-01-05 11:20:00+05:30,-0.0007696707079750384
2026-01-05 11:25:00+05:30,9.441714677174842e-05
2026-01-05 11:30:00+05:30,-0.00023766511063289268
2026-01-05 11:35:00+05:30,9.556480407590939e-05
2026-01-05 11:40:00+05:30,0.000594603032126235
2026-01-05 11:45:00+05:30,-0.00011741933906613062
2026-01-05 11:50:00+05:30,-0.0004535581681649587
2026-01-05 11:55:00+05:30,0.0004057396621575174
2026-01-05 12:00:00+05:30,-0.00045232030635496205
2026-01-05 12:05:00+05:30,8.855269513443737e-05
2026-01-05 12:10:00+05:30,0.00011483450528304573
2026-01-05 12:15:00+05:30,0.0002691126352063127
2026-01-05 12:20:00+05:30,9.253703380405093e-06
2026-01-05 12:25:00+05:30,-8.055669322411325e-05
2026-01-05 12:30:00+05:30,0.0001992505562033307
2026-01-05 12:35:00+05:30,-2.8719057309366465e-05
2026-01-05 12:40:00+05:30,-3.1098409538457112e-06
2026-01-05 12:45:00+05:30,1.5456176787436977e-05
2026-01-05 12:50:00+05:30,0.00040413640303341305
2026-01-05 12:55:00+05:30,-0.00044324339356931707
2026-01-05 13:00:00+05:30,-0.0002990345262270787
2026-01-05 13:05:00+05:30,-0.0002449226330526992
2026-01-05 13:10:00+05:30,-0.0004159612276453877
2026-01-05 13:15:00+05:30,-0.00037935803116767293
2026-01-05 13:20:00+05:30,0.000311789097187601
2026-01-05 13:25:00+05:30,-0.00044166416141830806
2026-01-05 13:30:00+05:30,-0.0003421701099694851
2026-01-05 13:35:00+05:30,-0.0003699049437954189
2026-01-05 13:40:00+05:30,0.000608143967235981
2026-01-05 13:45:00+05:30,-0.000940427846482277
2026-01-05 13:50:00+05:30,-0.00018249405960689047
2026-01-05 13:55:00+05:30,-0.0002896575618507547
2026-01-05 14:00:00+05:30,-0.0011939514713711645
2026-01-05 14:05:00+05:30,-3.9721547657078915e-05
2026-01-05 14:10:00+05:30,0.00036532860697266906
2026-01-05 14:15:00+05:30,2.8546236120036444e-05
2026-01-05 14:20:00+05:30,0.0003633978493071326
2026-01-05 14:25:00+05:30,-0.0002327286903560129
2026-01-05 14:30:00+05:30,0.000869872916188382
2026-01-05 14:35:00+05:30,-0.0005490224159921661
2026-01-05 14:40:00+05:30,0.0010065961766360508
2026-01-05 14:45:00+05:30,9.896727106378496e-05
2026-01-05 14:50:00+05:30,0.00046058935960071717
2026-01-05 14:55:00+05:30,0.00018988778349516902
2026-01-05 15:00:00+05:30,-0.000336332078699378
2026-01-05 15:05:00+05:30,-0.0006007718492774553
2026-01-05 15:10:00+05:30,-0.0002039806451872879
2026-01-05 15:15:00+05:30,-0.0002351571880288707
2026-01-05 15:20:00+05:30,-0.00020066725091245395
2026-01-05 15:25:00+05:30,0.00024773346166744546
2026-01-06 09:15:00+05:30,0.0010881520318242657
2026-01-06 09:20:00+05:30,-0.00034607202536877864
2026-01-06 09:25:00+05:30,-0.0006688395681754219
2026-01-06 09:30:00+05:30,0.0013014344705871354
2026-01-06 09:35:00+05:30,-0.0007030681299393134
2026-01-06 09:40:00+05:30,0.00011763307026058101
2026-01-06 09:45:00+05:30,0.0009475426988711131
2026-01-06 09:50:00+05:30,-5.6077178970136364e-05
2026-01-06 09:55:00+05:30,0.0007815641739418236
2026-01-06 10:00:00+05:30,-6.352569262308165e-05
2026-01-06 10:05:00+05:30,-0.0005213204704985763
2026-01-06 10:10:00+05:30,-0.00010651507960953535
2026-01-06 10:15:00+05:30,-0.0003488399250053164
2026-01-06 10:20:00+05:30,-0.000441867110663764
2026-01-06 10:25:00+05:30,3.462808993864571e-05
2026-01-06 10:30:00+05:30,0.0002706404940096172
2026-01-06 10:35:00+05:30,-0.0008758037816855433
2026-01-06 10:40:00+05:30,0.00020240324802836112
2026-01-06 10:45:00+05:30,-0.00018303523845553116
2026-01-06 10:50:00+05:30,0.00031225452505275576
2026-01-06 10:55:00+05:30,-0.00040357646561967346
2026-01-06 11:00:00+05:30,0.00046374192608197715
2026-01-06 11:05:00+05:30,0.00045470502284477253
2026-01-06 11:10:00+05:30,-0.0008553382003458022
2026-01-06 11:15:00+05:30,-0.0007672661329174727
2026-01-06 11:20:00+05:30,-3.39424212629137e-05
2026-01-06 11:25:00+05:30,0.0005368131740208197
2026-01-06 11:30:00+05:30,0.0001938057970605025
2026-01-06 11:35:00+05:30,-0.0001110752745126012
2026-01-06 11:40:00+05:30,0.000528010796683415
2026-01-06 11:45:00+05:30,2.111945375607584e-05
2026-01-06 11:50:00+05:30,-0.00020184108187085305
2026-01-06 11:55:00+05:30,-0.00035827989330995463
2026-01-06 12:00:00+05:30,-4.411258390275914e-05
2026-01-06 12:05:00+05:30,-0.0006232122432211846
2026-01-06 12:10:00+05:30,0.00020727724464273284
2026-01-06 12:15:00+05:30,-0.0002179624824733521
2026-01-06 12:20:00+05:30,-0.000275090797338223
2026-01-06 12:25:00+05:30,0.00026323727715175867
2026-01-06 12:30:00+05:30,-4.8869599184480904e-05
2026-01-06 12:35:00+05:30,-0.00028880796758891164
2026-01-06 12:40:00+05:30,8.30486025660563e-05
2026-01-06 12:45:00+05:30,-0.00021328338879350887
2026-01-06 12:50:00+05:30,0.0002882678524226938
2026-01-06 12:55:00+05:30,0.00032740869282406397
2026-01-06 13:00:00+05:30,-2.5179389496234416e-05
2026-01-06 13:05:00+05:30,0.00040810726070497773
2026-01-06 13:10:00+05:30,-0.00045474603691222475
2026-01-06 13:15:00+05:30,-0.0006274500420520608
2026-01-06 13:20:00+05:30,-0.00022368194706632783
2026-01-06 13:25:00+05:30,-3.206220374331107e-05
2026-01-06 13:30:00+05:30,-0.00012193855237663254
2026-01-06 13:35:00+05:30,0.00013240476958581145
2026-01-06 13:40:00+05:30,0.00037843628540262504
2026-01-06 13:45:00+05:30,0.000328036631295039
2026-01-06 13:50:00+05:30,-0.0007748467755847676
2026-01-06 13:55:00+05:30,-0.000145255486620325
2026-01-06 14:00:00+05:30,-2.702377536948528e-05
2026-01-06 14:05:00+05:30,-0.0002976784056267194
2026-01-06 14:10:00+05:30,-0.0002085834986402451
2026-01-06 14:15:00+05:30,9.338696450740025e-05
2026-01-06 14:20:00+05:30,0.00020494138344906432
2026-01-06 14:25:00+05:30,0.00047285489225579766
2026-01-06 14:30:00+05:30,-0.0002934831444728263
2026-01-06 14:35:00+05:30,0.00012772076526201825
2026-01-06 14:40:00+05:30,0.000198273441701769
2026-01-06 14:45:00+05:30,0.00045483909473678787
2026-01-06 14:50:00+05:30,-0.00034543379894764515
2026-01-06 14:55:00+05:30,0.0001362775801342364
2026-01-06 15:00:00+05:30,0.0005575944113462382
2026-01-06 15:05:00+05:30,3.929051982547683e-05
2026-01-06 15:10:00+05:30,-8.357629624865468e-05
2026-01-06 15:15:00+05:30,0.00015569350338385276
2026-01-06 15:20:00+05:30,-0.00020863513835836658
2026-01-06 15:25:00+05:30,-0.0001936530734738306
2026-01-07 09:15:00+05:30,-0.0006956554461842238
2026-01-07 09:20:00+05:30,0.001007405431304544
2026-01-07 09:25:00+05:30,-0.0012204388594688402
2026-01-07 09:30:00+05:30,0.00011323572905431207
2026-01-07 09:35:00+05:30,0.0002758274202293576
2026-01-07 09:40:00+05:30,-0.0015837632516369638
2026-01-07 09:45:00+05:30,0.00045236301548347654
2026-01-07 09:50:00+05:30,-0.00019145642025166892
2026-01-07 09:55:00+05:30,0.0009798231938708984
2026-01-07 10:00:00+05:30,0.000862928257800047
2026-01-07 10:05:00+05:30,0.000655914941146129
2026-01-07 10:10:00+05:30,0.000393146357251406
2026-01-07 10:15:00+05:30,-0.0004703108101220777
2026-01-07 10:20:00+05:30,-0.00038139360273306116
2026-01-07 10:25:00+05:30,-0.0006072767811639363
2026-01-07 10:30:00+05:30,4.253362455513817e-05
2026-01-07 10:35:00+05:30,1.1704673336016868e-05
2026-01-07 10:40:00+05:30,-9.555638478621707e-05
2026-01-07 10:45:00+05:30,4.734977331140384e-06
2026-01-07 10:50:00+05:30,0.0007532224848282718
2026-01-07 10:55:00+05:30,4.741381915909343e-06
2026-01-07 11:00:00+05:30,0.0001390989868335255
2026-01-07 11:05:00+05:30,-0.0004905140117173964
2026-01-07 11:10:00+05:30,-0.0008111997248584474
2026-01-07 11:15:00+05:30,0.0002134934016103768
2026-01-07 11:20:00+05:30,-0.0005607133085065178
2026-01-07 11:25:00+05:30,0.00015079520800822648
2026-01-07 11:30:00+05:30,0.0007134269766828043
2026-01-07 11:35:00+05:30,-0.0004790332277036601
2026-01-07 11:40:00+05:30,-7.117113347420098e-06
2026-01-07 11:45:00+05:30,-0.0003434178698864649
2026-01-07 11:50:00+05:30,-0.0004528148867909654
2026-01-07 11:55:00+05:30,-0.0002458141619455322
2026-01-07 12:00:00+05:30,-0.00016993246156421797
2026-01-07 12:05:00+05:30,-0.0001719949867416035
2026-01-07 12:10:00+05:30,4.52398457305071e-06
2026-01-07 12:15:00+05:30,-0.0002952063245569701
2026-01-07 12:20:00+05:30,-0.00020481730309373472
2026-01-07 12:25:00+05:30,-0.00017682301732820167
2026-01-07 12:30:00+05:30,0.0003411909973296428
2026-01-07 12:35:00+05:30,-1.4944410846268477e-05
2026-01-07 12:40:00+05:30,-0.0007508155539352556
2026-01-07 12:45:00+05:30,-0.0001689415421711281
2026-01-07 12:50:00+05:30,0.00042328428554989987
2026-01-07 12:55:00+05:30,0.0004120950957063359
2026-01-07 13:00:00+05:30,0.0003947662068947027
2026-01-07 13:05:00+05:30,-4.309448462059887e-05
2026-01-07 13:10:00+05:30,-0.00025541598235411184
2026-01-07 13:15:00+05:30,-0.00030931714188929755
2026-01-07 13:20:00+05:30,-0.0003993670317016193
2026-01-07 13:25:00+05:30,-0.0008364045986205607
2026-01-07 13:30:00+05:30,-0.00010697056226504602
2026-01-07 13:35:00+05:30,0.0003575599862089347
2026-01-07 13:40:00+05:30,4.104880978982843e-05
2026-01-07 13:45:00+05:30,0.00014977085356979023
2026-01-07 13:50:00+05:30,6.679449509520912e-05
2026-01-07 13:55:00+05:30,0.0005145712228316583
2026-01-07 14:00:00+05:30,0.00021926436498711043
2026-01-07 14:05:00+05:30,0.00021156023362026884
2026-01-07 14:10:00+05:30,-8.833979141069881e-05
2026-01-07 14:15:00+05:30,3.828628140129841e-05
2026-01-07 14:20:00+05:30,0.00013051081204209036
2026-01-07 14:25:00+05:30,0.0002660486355564829
2026-01-07 14:30:00+05:30,-0.00024010172241876356
2026-01-07 14:35:00+05:30,0.0004799835649785168
2026-01-07 14:40:00+05:30,0.0004804009616565738
2026-01-07 14:45:00+05:30,-0.0004662811881092603
2026-01-07 14:50:00+05:30,0.0008160159460624802
2026-01-07 14:55:00+05:30,-0.00017317881735987468
2026-01-07 15:00:00+05:30,0.00033254483594687205
2026-01-07 15:05:00+05:30,0.0005799770284450451
2026-01-07 15:10:00+05:30,0.00029996582333562046
2026-01-07 15:15:00+05:30,-0.000315996701736648
2026-01-07 15:20:00+05:30,-4.819943467371246e-05
2026-01-07 15:25:00+05:30,0.00040621571424596866
2026-01-08 09:15:00+05:30,-0.001393897579728824
2026-01-08 09:20:00+05:30,-0.0012161911354926444
2026-01-08 09:25:00+05:30,-0.0013971539930257805
2026-01-08 09:30:00+05:30,-0.00013278483131669367
2026-01-08 09:35:00+05:30,0.0008201720808022822
2026-01-08 09:40:00+05:30,7.837869724532756e-05
2026-01-08 09:45:00+05:30,-0.00034702956534890967
2026-01-08 09:50:00+05:30,0.0006674569949055693
2026-01-08 09:55:00+05:30,-0.0004060100486957643
2026-01-08 10:00:00+05:30,-0.0006311216384898376
2026-01-08 10:05:00+05:30,-0.00036968894921047006
2026-01-08 10:10:00+05:30,0.000529406004646869
2026-01-08 10:15:00+05:30,-0.0008713612217934786
2026-01-08 10:20:00+05:30,-9.349283922807503e-05
2026-01-08 10:25:00+05:30,-5.708924276992544e-05
2026-01-08 10:30:00+05:30,-0.0002022857560805996
2026-01-08 10:35:00+05:30,-0.00030100689030350473
2026-01-08 10:40:00+05:30,-0.0001258189897761497
2026-01-08 10:45:00+05:30,-0.0001942434072221365
2026-01-08 10:50:00+05:30,0.00012290340956321835
2026-01-08 10:55:00+05:30,-0.0001572781545488537
2026-01-08 11:00:00+05:30,0.00020565493652534514
2026-01-08 11:05:00+05:30,-0.0001422609551252735
2026-01-08 11:10:00+05:30,-0.00027007505061098734
2026-01-08 11:15:00+05:30,4.381341048315989e-05
2026-01-08 11:20:00+05:30,-0.0012316688868028811
2026-01-08 11:25:00+05:30,0.00031269364566994574
2026-01-08 11:30:00+05:30,-0.0002989056021066758
2026-01-08 11:35:00+05:30,0.00039974631568361865
2026-01-08 11:40:00+05:30,-0.00018071982940606306
2026-01-08 11:45:00+05:30,-0.0006019897272808249
2026-01-08 11:50:00+05:30,0.000238690153197873
2026-01-08 11:55:00+05:30,-0.0007989340212416719
2026-01-08 12:00:00+05:30,-0.0008031645336476226
2026-01-08 12:05:00+05:30,0.0004369084551204783
2026-01-08 12:10:00+05:30,0.0004184021185289722
2026-01-08 12:15:00+05:30,-0.00031467397945840833
2026-01-08 12:20:00+05:30,-0.00019707724398056547
2026-01-08 12:25:00+05:30,0.0005698096884993015
2026-01-08 12:30:00+05:30,-0.0006781439467661299
2026-01-08 12:35:00+05:30,0.000515109456356735
2026-01-08 12:40:00+05:30,0.0001708683309050426
2026-01-08 12:45:00+05:30,-0.0004874152851062133
2026-01-08 12:50:00+05:30,0.00014636572119344332
2026-01-08 12:55:00+05:30,-4.967233388976732e-05
2026-01-08 13:00:00+05:30,0.0004888771458403969
2026-01-08 13:05:00+05:30,-0.00010541553652781684
2026-01-08 13:10:00+05:30,0.00021451113023280609
2026-01-08 13:15:00+05:30,-0.0003558747399573865
2026-01-08 13:20:00+05:30,-0.00014002923903822548
2026-01-08 13:25:00+05:30,-0.0004946434383967802
2026-01-08 13:30:00+05:30,0.00020613026839387758
2026-01-08 13:35:00+05:30,-4.898263216678826e-05
2026-01-08 13:40:00+05:30,2.3884877805328758e-05
2026-01-08 13:45:00+05:30,0.0006070616519550215
2026-01-08 13:50:00+05:30,-0.0001683898585234334
2026-01-08 13:55:00+05:30,0.0003870031049882109
2026-01-08 14:00:00+05:30,-0.00027530463947418083
2026-01-08 14:05:00+05:30,-0.00021799359721483134
2026-01-08 14:10:00+05:30,0.0001674455421332973
2026-01-08 14:15:00+05:30,0.0004192198814010749
2026-01-08 14:20:00+05:30,-0.0004624479717114368
2026-01-08 14:25:00+05:30,-0.0007833847457510672
2026-01-08 14:30:00+05:30,0.0009510840751585311
2026-01-08 14:35:00+05:30,1.2669219334258597e-05
2026-01-08 14:40:00+05:30,-6.630463275793617e-05
2026-01-08 14:45:00+05:30,-9.525885398311679e-06
2026-01-08 14:50:00+05:30,-0.0005386524168059456
2026-01-08 14:55:00+05:30,-0.00037482951362609535
2026-01-08 15:00:00+05:30,-0.0013348848044146238
2026-01-08 15:05:00+05:30,0.00021804620447196665
2026-01-08 15:10:00+05:30,0.0003210995472090823
2026-01-08 15:15:00+05:30,-0.00036416366590174523
2026-01-08 15:20:00+05:30,-0.00017120878296823282
2026-01-08 15:25:00+05:30,-0.00021967449460942663
2026-01-09 09:15:00+05:30,0.003457682663732072
2026-01-09 09:20:00+05:30,-0.00306001685882264
2026-01-09 09:25:00+05:30,-0.0008407863020744325
2026-01-09 09:30:00+05:30,-0.0001241151698328239
2026-01-09 09:35:00+05:30,-0.0002817123733853677
2026-01-09 09:40:00+05:30,0.0016419923255617604
2026-01-09 09:45:00+05:30,0.00040558140708039854
2026-01-09 09:50:00+05:30,-0.0004261824794619585
2026-01-09 09:55:00+05:30,0.0007078288207913335
2026-01-09 10:00:00+05:30,-0.0006038352117990577
2026-01-09 10:05:00+05:30,9.193471161233158e-05
2026-01-09 10:10:00+05:30,-0.0005999228116392132
2026-01-09 10:15:00+05:30,0.00034962042099123973
2026-01-09 10:20:00+05:30,-0.00010061668884215657
2026-01-09 10:25:00+05:30,0.0007457881746686379
2026-01-09 10:30:00+05:30,-0.0010053851839008498
2026-01-09 10:35:00+05:30,-0.00026155161250136273
2026-01-09 10:40:00+05:30,0.00043121924863646254
2026-01-09 10:45:00+05:30,5.077643264593169e-06
2026-01-09 10:50:00+05:30,-0.0007168459414420278
2026-01-09 10:55:00+05:30,-0.0003898354362239976
2026-01-09 11:00:00+05:30,-0.00033049658357891794
2026-01-09 11:05:00+05:30,0.00011539514567922366
2026-01-09 11:10:00+05:30,-0.0005159141464779207
2026-01-09 11:15:00+05:30,-0.0002333534311485267
2026-01-09 11:20:00+05:30,-1.1110453270635786e-05
2026-01-09 11:25:00+05:30,0.0004524143876979589
2026-01-09 11:30:00+05:30,-0.0003556299561238035
2026-01-09 11:35:00+05:30,-0.0011211544796864324
2026-01-09 11:40:00+05:30,-0.00028925103126798443
2026-01-09 11:45:00+05:30,-0.00016036056359120852
2026-01-09 11:50:00+05:30,-0.0004792262524513486
2026-01-09 11:55:00+05:30,9.349433645909841e-05
2026-01-09 12:00:00+05:30,0.0006976132924833187
2026-01-09 12:05:00+05:30,-0.00014429834431464874
2026-01-09 12:10:00+05:30,-0.0006374658276083394
2026-01-09 12:15:00+05:30,-0.00035224977336858007
2026-01-09 12:20:00+05:30,-0.00030569432039034546
2026-01-09 12:25:00+05:30,-0.0003709812867295799
2026-01-09 12:30:00+05:30,4.928255921042787e-05
2026-01-09 12:35:00+05:30,-0.0006045321244850331
2026-01-09 12:40:00+05:30,-0.00026319195460385096
2026-01-09 12:45:00+05:30,-0.000496125407639588
2026-01-09 12:50:00+05:30,0.0005486042514559461
2026-01-09 12:55:00+05:30,-7.03532696177371e-06
2026-01-09 13:00:00+05:30,1.342263227826753e-05
2026-01-09 13:05:00+05:30,-9.099552260390766e-05
2026-01-09 13:10:00+05:30,0.0001798884272469156
2026-01-09 13:15:00+05:30,0.0004085994295722586
2026-01-09 13:20:00+05:30,-0.00018052524600790273
2026-01-09 13:25:00+05:30,0.00022283451294979884
2026-01-09 13:30:00+05:30,-0.0003741231836157202
2026-01-09 13:35:00+05:30,0.000780757848648792
2026-01-09 13:40:00+05:30,-0.0009952733217854417
2026-01-09 13:45:00+05:30,-0.00023778341225688085
2026-01-09 13:50:00+05:30,-0.0003838084073338626
2026-01-09 13:55:00+05:30,0.0002793042353704519
2026-01-09 14:00:00+05:30,-0.00017726027902394796
2026-01-09 14:05:00+05:30,8.248587382543362e-05
2026-01-09 14:10:00+05:30,-0.0006787162041085198
2026-01-09 14:15:00+05:30,4.2883689857468805e-06
2026-01-09 14:20:00+05:30,2.66905471769955e-05
2026-01-09 14:25:00+05:30,-0.0003892790656905287
2026-01-09 14:30:00+05:30,0.0004046059939152361
2026-01-09 14:35:00+05:30,-1.6521925744335325e-05
2026-01-09 14:40:00+05:30,0.00014836754057204923
2026-01-09 14:45:00+05:30,0.0004236661566829307
2026-01-09 14:50:00+05:30,-0.00014016393314142395
2026-01-09 14:55:00+05:30,0.00019436225728574588
2026-01-09 15:00:00+05:30,0.00021152425280239985
2026-01-09 15:05:00+05:30,0.00031306491379382164
2026-01-09 15:10:00+05:30,0.00034727714508856654
2026-01-09 15:15:00+05:30,-0.0006360152548168884
2026-01-09 15:20:00+05:30,0.00036425273403096234
2026-01-09 15:25:00+05:30,0.0007016253353357865
2026-01-12 09:15:00+05:30,-0.002072564772426753
2026-01-12 09:20:00+05:30,-0.0017439086121892862
2026-01-12 09:25:00+05:30,-0.00099446661450803
2026-01-12 09:30:00+05:30,0.001288788961760481
2026-01-12 09:35:00+05:30,0.0008170252193039643
2026-01-12 09:40:00+05:30,-0.0010395383024208026
2026-01-12 09:45:00+05:30,0.0011774110114111172
2026-01-12 09:50:00+05:30,-0.00038215044594639016
2026-01-12 09:55:00+05:30,-0.0013255202910011686
2026-01-12 10:00:00+05:30,0.0009736510667837679
2026-01-12 10:05:00+05:30,-0.00041374395926836217
2026-01-12 10:10:00+05:30,-0.0011423675188366323
2026-01-12 10:15:00+05:30,0.0010139336826303635
2026-01-12 10:20:00+05:30,-0.00011551159502478179
2026-01-12 10:25:00+05:30,0.00020468540623538138
2026-01-12 10:30:00+05:30,-0.00032614491487130344
2026-01-12 10:35:00+05:30,-0.00016927180393718592
2026-01-12 10:40:00+05:30,0.0002469622005347026
2026-01-12 10:45:00+05:30,0.0003348981404845788
2026-01-12 10:50:00+05:30,-0.0004194782326974426
2026-01-12 10:55:00+05:30,-0.0002780840953159219
2026-01-12 11:00:00+05:30,-0.00011435398603555416
2026-01-12 11:05:00+05:30,-0.00021705921119974966
2026-01-12 11:10:00+05:30,-0.00015583313729033695
2026-01-12 11:15:00+05:30,-0.000603203783653586
2026-01-12 11:20:00+05:30,-0.0002691348770119205
2026-01-12 11:25:00+05:30,8.477295367284149e-06
2026-01-12 11:30:00+05:30,-0.0013106365433800276
2026-01-12 11:35:00+05:30,0.00026951551665482505
2026-01-12 11:40:00+05:30,-0.000298116880633508
2026-01-12 11:45:00+05:30,0.00029909817331336423
2026-01-12 11:50:00+05:30,0.0003399763872573102
2026-01-12 11:55:00+05:30,0.00022945444626522681
2026-01-12 12:00:00+05:30,-0.00028073564516369124
2026-01-12 12:05:00+05:30,0.0006556802611398355
2026-01-12 12:10:00+05:30,0.0017436700740287112
2026-01-12 12:15:00+05:30,0.001119821659634143
2026-01-12 12:20:00+05:30,0.0011520467438637398
2026-01-12 12:25:00+05:30,0.0006587089191672122
2026-01-12 12:30:00+05:30,0.0011224621881177695
2026-01-12 12:35:00+05:30,-0.0006084583231886998
2026-01-12 12:40:00+05:30,0.0015721136949350225
2026-01-12 12:45:00+05:30,-0.0003880153337382464
2026-01-12 12:50:00+05:30,0.0006168777123315428
2026-01-12 12:55:00+05:30,-0.00046981034198370777
2026-01-12 13:00:00+05:30,-0.00014222395238199472
2026-01-12 13:05:00+05:30,0.0005129438393844943
2026-01-12 13:10:00+05:30,0.0002453670915054195
2026-01-12 13:15:00+05:30,-0.0006258747639081618
2026-01-12 13:20:00+05:30,5.125421751804801e-05
2026-01-12 13:25:00+05:30,-0.0007670801401691939
2026-01-12 13:30:00+05:30,0.002149415508478703
2026-01-12 13:35:00+05:30,-7.712258635750897e-05
2026-01-12 13:40:00+05:30,-0.0004829095752298834
2026-01-12 13:45:00+05:30,0.00046080350578282586
2026-01-12 13:50:00+05:30,9.12424230652292e-05
2026-01-12 13:55:00+05:30,0.00015562390516231007
2026-01-12 14:00:00+05:30,-0.0003446924214946085
2026-01-12 14:05:00+05:30,0.0004215319243317616
2026-01-12 14:10:00+05:30,-0.00033237075210290623
2026-01-12 14:15:00+05:30,0.00018041711835102778
2026-01-12 14:20:00+05:30,0.0013421846658883947
2026-01-12 14:25:00+05:30,-0.00039477211389812714
2026-01-12 14:30:00+05:30,-0.0008939770685944916
2026-01-12 14:35:00+05:30,0.0005173716954861106
2026-01-12 14:40:00+05:30,0.0004047365476104064
2026-01-12 14:45:00+05:30,0.0001639755294662315
2026-01-12 14:50:00+05:30,0.000832948927648011
2026-01-12 14:55:00+05:30,0.0007591379877226409
2026-01-12 15:00:00+05:30,-0.0007012608177711158
2026-01-12 15:05:00+05:30,0.00013031024769092814
2026-01-12 15:10:00+05:30,-0.00017810892049215758
2026-01-12 15:15:00+05:30,0.0002752187365613685
2026-01-12 15:20:00+05:30,0.00042954055328089203
2026-01-12 15:25:00+05:30,0.00024584148652104085
2026-01-13 09:15:00+05:30,0.0005293787822405983
2026-01-13 09:20:00+05:30,-0.0008284679031076027
2026-01-13 09:25:00+05:30,-0.00346014695705126
2026-01-13 09:30:00+05:30,-0.00035224936957220363
2026-01-13 09:35:00+05:30,0.00011957540307371226
2026-01-13 09:40:00+05:30,-0.0003593721051717905
2026-01-13 09:45:00+05:30,-0.0003626500676563215
2026-01-13 09:50:00+05:30,0.00034687102111584595
2026-01-13 09:55:00+05:30,-0.0013255579876207256
2026-01-13 10:00:00+05:30,0.001082066546526492
2026-01-13 10:05:00+05:30,2.9141457795656717e-05
2026-01-13 10:10:00+05:30,-0.00012397128012878324
2026-01-13 10:15:00+05:30,0.000346668177053083
2026-01-13 10:20:00+05:30,0.0007802722603557603
2026-01-13 10:25:00+05:30,0.001577972836501471
2026-01-13 10:30:00+05:30,0.0001737810518885476
2026-01-13 10:35:00+05:30,-0.0009577772381847281
2026-01-13 10:40:00+05:30,-0.0003282052020926229
2026-01-13 10:45:00+05:30,0.0004921365444068702
2026-01-13 10:50:00+05:30,-0.00039393856401834677
2026-01-13 10:55:00+05:30,0.00040666602304351737
2026-01-13 11:00:00+05:30,-0.00036818026008224677
2026-01-13 11:05:00+05:30,0.0008891243972588033
2026-01-13 11:10:00+05:30,-5.0826627941822235e-05
2026-01-13 11:15:00+05:30,-0.0005289001869583686
2026-01-13 11:20:00+05:30,0.00012719846835007598
2026-01-13 11:25:00+05:30,0.00027003220927092125
2026-01-13 11:30:00+05:30,0.0005424803395668075
2026-01-13 11:35:00+05:30,-0.00014394570976157612
2026-01-13 11:40:00+05:30,-0.0005819496940546907
2026-01-13 11:45:00+05:30,-0.000499093650394262
2026-01-13 11:50:00+05:30,-0.0009335854738328969
2026-01-13 11:55:00+05:30,-0.00040314249722637666
2026-01-13 12:00:00+05:30,-0.0004262813276027423
2026-01-13 12:05:00+05:30,0.00028992472795659545
2026-01-13 12:10:00+05:30,-0.0010655211388685035
2026-01-13 12:15:00+05:30,0.00028769666893595734
2026-01-13 12:20:00+05:30,-0.0007375436322243882
2026-01-13 12:25:00+05:30,0.0007352068799000943
2026-01-13 12:30:00+05:30,-0.0008537398554727858
2026-01-13 12:35:00+05:30,0.00015354713860582514
2026-01-13 12:40:00+05:30,-6.20204352467878e-05
2026-01-13 12:45:00+05:30,-0.0005874756984625607
2026-01-13 12:50:00+05:30,-0.0006672355899836818
2026-01-13 12:55:00+05:30,-0.0003250428673215251
2026-01-13 13:00:00+05:30,-0.00010599709927009602
2026-01-13 13:05:00+05:30,-2.7133348244919104e-05
2026-01-13 13:10:00+05:30,0.0003570811566109453
2026-01-13 13:15:00+05:30,-7.868139879553318e-05
2026-01-13 13:20:00+05:30,0.0005933830931661326
2026-01-13 13:25:00+05:30,-0.000574750167886317
2026-01-13 13:30:00+05:30,0.0003474693716462614
2026-01-13 13:35:00+05:30,-7.216523461063331e-05
2026-01-13 13:40:00+05:30,0.00024988780323064114
2026-01-13 13:45:00+05:30,-0.0004487895763967774
2026-01-13 13:50:00+05:30,0.00020258307304496954
2026-01-13 13:55:00+05:30,-0.000403882392866805
2026-01-13 14:00:00+05:30,-0.0004833334046717825
2026-01-13 14:05:00+05:30,0.00015947036491752677
2026-01-13 14:10:00+05:30,-0.0004363600854716309
2026-01-13 14:15:00+05:30,0.00015135520922601584
2026-01-13 14:20:00+05:30,-0.0005387857131667486
2026-01-13 14:25:00+05:30,-7.9474394525889e-05
2026-01-13 14:30:00+05:30,0.0009368579408914714
2026-01-13 14:35:00+05:30,0.0008641623398502812
2026-01-13 14:40:00+05:30,0.001111798374125783
2026-01-13 14:45:00+05:30,-0.0002254539907604836
2026-01-13 14:50:00+05:30,0.0010749371475419094
2026-01-13 14:55:00+05:30,-0.00018258529820543815
2026-01-13 15:00:00+05:30,-0.00010461863838297006
2026-01-13 15:05:00+05:30,0.001246185392233809
2026-01-13 15:10:00+05:30,-0.0003004496785233378
2026-01-13 15:15:00+05:30,-0.00034158539638111894
2026-01-13 15:20:00+05:30,4.360473596744606e-05
2026-01-13 15:25:00+05:30,-0.0002277359254646619
2026-01-14 09:15:00+05:30,-0.000978815269082103
2026-01-14 09:20:00+05:30,0.0006003163709111101
2026-01-14 09:25:00+05:30,0.0012818188158974305
2026-01-14 09:30:00+05:30,4.754374176269881e-05
2026-01-14 09:35:00+05:30,0.00020066746522912364
2026-01-14 09:40:00+05:30,-0.0009975311915036335
2026-01-14 09:45:00+05:30,-0.0004766713522834993
2026-01-14 09:50:00+05:30,0.0015195726471026972
2026-01-14 09:55:00+05:30,-0.00033385238927319846
2026-01-14 10:00:00+05:30,-0.0005017534631804
2026-01-14 10:05:00+05:30,-0.00020985208844002007
2026-01-14 10:10:00+05:30,-0.00047189727563659724
2026-01-14 10:15:00+05:30,-0.0003819104065226488
2026-01-14 10:20:00+05:30,-0.00019020788548909797
2026-01-14 10:25:00+05:30,0.0004043253621984532
2026-01-14 10:30:00+05:30,-0.00019844656962352211
2026-01-14 10:35:00+05:30,-0.00019958392957526204
2026-01-14 10:40:00+05:30,0.0003665155004215434
2026-01-14 10:45:00+05:30,0.0008840047339885128
2026-01-14 10:50:00+05:30,0.0005164077049135159
2026-01-14 10:55:00+05:30,0.0009270114011540905
2026-01-14 11:00:00+05:30,0.0004981904284366495
2026-01-14 11:05:00+05:30,-0.0002749762092726254
2026-01-14 11:10:00+05:30,7.528366280153496e-05
2026-01-14 11:15:00+05:30,0.0007875500809979913
2026-01-14 11:20:00+05:30,-0.00039797177485373077
2026-01-14 11:25:00+05:30,0.0007686014662576673
2026-01-14 11:30:00+05:30,0.00013450758392721368
2026-01-14 11:35:00+05:30,0.00012790468224609328
2026-01-14 11:40:00+05:30,-0.00017923442433629306
2026-01-14 11:45:00+05:30,0.0006294188297044295
2026-01-14 11:50:00+05:30,-0.00034598470007101963
2026-01-14 11:55:00+05:30,-7.09460307834037e-05
2026-01-14 12:00:00+05:30,0.000660680436795931
2026-01-14 12:05:00+05:30,-0.000824758369291739
2026-01-14 12:10:00+05:30,-0.0008530708215792487
2026-01-14 12:15:00+05:30,0.0007916495702786454
2026-01-14 12:20:00+05:30,5.637167838623558e-05
2026-01-14 12:25:00+05:30,-0.00045621834207353854
2026-01-14 12:30:00+05:30,0.00032576074040044806
2026-01-14 12:35:00+05:30,0.00019503937946535892
2026-01-14 12:40:00+05:30,-0.0007614873947262802
2026-01-14 12:45:00+05:30,3.942938488635981e-05
2026-01-14 12:50:00+05:30,-0.0003278356371047067
2026-01-14 12:55:00+05:30,0.00015902315774548418
2026-01-14 13:00:00+05:30,-0.0004439070471908601
2026-01-14 13:05:00+05:30,0.00033174814678837983
2026-01-14 13:10:00+05:30,-0.00016098474347766976
2026-01-14 13:15:00+05:30,-0.00011195477011731385
2026-01-14 13:20:00+05:30,-0.0009118945216665003
2026-01-14 13:25:00+05:30,-0.0001087824779233824
2026-01-14 13:30:00+05:30,-0.0006404456116646411
2026-01-14 13:35:00+05:30,-0.0009772999181499758
2026-01-14 13:40:00+05:30,-0.0003433429526175968
2026-01-14 13:45:00+05:30,4.7244593479378594e-05
2026-01-14 13:50:00+05:30,-0.0009459641380077377
2026-01-14 13:55:00+05:30,-0.0001329117216834281
2026-01-14 14:00:00+05:30,0.0001243629966817787
2026-01-14 14:05:00+05:30,0.0003408135463854527
2026-01-14 14:10:00+05:30,0.0007098269882305628
2026-01-14 14:15:00+05:30,-0.00032697493234285825
2026-01-14 14:20:00+05:30,-0.0010105864015313465
2026-01-14 14:25:00+05:30,0.00047135143746964526
2026-01-14 14:30:00+05:30,0.000475701021468626
2026-01-14 14:35:00+05:30,0.0008554120416111383
2026-01-14 14:40:00+05:30,0.0003026903021890021
2026-01-14 14:45:00+05:30,0.0005684400145965204
2026-01-14 14:50:00+05:30,0.00011719828996261204
2026-01-14 14:55:00+05:30,-0.0005860112996990699
2026-01-14 15:00:00+05:30,0.0001970872440368865
2026-01-14 15:05:00+05:30,-0.0003584091691704156
2026-01-14 15:10:00+05:30,-0.0005791777124295752
2026-01-14 15:15:00+05:30,5.1395279512618595e-05
2026-01-14 15:20:00+05:30,0.0010531443035623391
2026-01-14 15:25:00+05:30,-7.190318657322945e-05
2026-01-16 09:15:00+05:30,0.00320610678109606
2026-01-16 09:20:00+05:30,-3.174977310246705e-05
2026-01-16 09:25:00+05:30,0.0007277552055772127
2026-01-16 09:30:00+05:30,-2.2572968381992958e-05
2026-01-16 09:35:00+05:30,-0.001270885704327996
2026-01-16 09:40:00+05:30,0.0011352625424731857
2026-01-16 09:45:00+05:30,0.0003333333065131131
2026-01-16 09:50:00+05:30,0.000359341665965331
2026-01-16 09:55:00+05:30,-0.0005695639390633778
2026-01-16 10:00:00+05:30,0.0008240944286255681
2026-01-16 10:05:00+05:30,0.0002892023453724471
2026-01-16 10:10:00+05:30,0.00034555648635565585
2026-01-16 10:15:00+05:30,0.0017045370762142017
2026-01-16 10:20:00+05:30,0.000541507925289035
2026-01-16 10:25:00+05:30,0.00021135067734836648
2026-01-16 10:30:00+05:30,-7.754840328850532e-05
2026-01-16 10:35:00+05:30,0.00025838280751429955
2026-01-16 10:40:00+05:30,-0.0007644651911590834
2026-01-16 10:45:00+05:30,0.0003067512010572642
2026-01-16 10:50:00+05:30,-0.000602074552511711
2026-01-16 10:55:00+05:30,-0.00042448859979604095
2026-01-16 11:00:00+05:30,-0.0002837177856538423
2026-01-16 11:05:00+05:30,0.0005237398886489728
2026-01-16 11:10:00+05:30,-0.0006152440590462797
2026-01-16 11:15:00+05:30,-0.00017889281998087627
2026-01-16 11:20:00+05:30,9.787976447264848e-05
2026-01-16 11:25:00+05:30,7.820528118372329e-05
2026-01-16 11:30:00+05:30,-0.00033388046220991053
2026-01-16 11:35:00+05:30,-0.0002254939966738084
2026-01-16 11:40:00+05:30,-9.689155741088307e-05
2026-01-16 11:45:00+05:30,-0.000126991663582356
2026-01-16 11:50:00+05:30,0.0001715943604190134
2026-01-16 11:55:00+05:30,-0.0004500912447891075
2026-01-16 12:00:00+05:30,0.0004063824962780834
2026-01-16 12:05:00+05:30,0.0005954894390844722
2026-01-16 12:10:00+05:30,7.332706576263825e-05
2026-01-16 12:15:00+05:30,-0.00039827761845099755
2026-01-16 12:20:00+05:30,-6.63999960041365e-05
2026-01-16 12:25:00+05:30,-0.00216845708069139
2026-01-16 12:30:00+05:30,0.0005871403980525857
2026-01-16 12:35:00+05:30,0.00014729279399485295
2026-01-16 12:40:00+05:30,-0.00013345733916011868
2026-01-16 12:45:00+05:30,3.3060440011763826e-05
2026-01-16 12:50:00+05:30,0.0001684782375536504
2026-01-16 12:55:00+05:30,-0.000605917249858239
2026-01-16 13:00:00+05:30,-0.0006362353137788709
2026-01-16 13:05:00+05:30,0.0002461057261545073
2026-01-16 13:10:00+05:30,-0.0003228814084660768
2026-01-16 13:15:00+05:30,-0.00023155597046947403
2026-01-16 13:20:00+05:30,-0.0005295952089287132
2026-01-16 13:25:00+05:30,0.00017900738113755429
2026-01-16 13:30:00+05:30,1.1716405085652953e-05
2026-01-16 13:35:00+05:30,0.00010364488820535644
2026-01-16 13:40:00+05:30,-0.0003328520871708441
2026-01-16 13:45:00+05:30,0.0002618934783155523
2026-01-16 13:50:00+05:30,-0.0006991744239883632
2026-01-16 13:55:00+05:30,-2.0381699444206374e-05
2026-01-16 14:00:00+05:30,-0.00015087590303686227
2026-01-16 14:05:00+05:30,-0.0002618657847549321
2026-01-16 14:10:00+05:30,0.000695037934453299
2026-01-16 14:15:00+05:30,8.232938368670901e-05
2026-01-16 14:20:00+05:30,0.00013127685231057771
2026-01-16 14:25:00+05:30,-0.00024587893639923354
2026-01-16 14:30:00+05:30,0.0004065845601983227
2026-01-16 14:35:00+05:30,-8.811179626685837e-05
2026-01-16 14:40:00+05:30,0.00017370093327739866
2026-01-16 14:45:00+05:30,-0.00012978319614202687
2026-01-16 14:50:00+05:30,-0.00019181049083403118
2026-01-16 14:55:00+05:30,0.0003733701572712765
2026-01-16 15:00:00+05:30,-9.201163324672118e-06
2026-01-16 15:05:00+05:30,3.3782641983065866e-05
2026-01-16 15:10:00+05:30,-0.00019705296882267578
2026-01-16 15:15:00+05:30,0.00045901537656911043
2026-01-16 15:20:00+05:30,0.00020551624736480324
2026-01-16 15:25:00+05:30,-1.8461735182501453e-05
2026-01-19 09:15:00+05:30,-0.002820386613112984
2026-01-19 09:20:00+05:30,-0.0006109420156328433
2026-01-19 09:25:00+05:30,-0.00082040458633335
2026-01-19 09:30:00+05:30,0.0008226478423025707
2026-01-19 09:35:00+05:30,-0.0008502517927453496
2026-01-19 09:40:00+05:30,0.00028015692873346366
2026-01-19 09:45:00+05:30,-6.991591604105522e-05
2026-01-19 09:50:00+05:30,-0.0003754956293763206
2026-01-19 09:55:00+05:30,0.00012082563863892229
2026-01-19 10:00:00+05:30,-0.0007927218907069694
2026-01-19 10:05:00+05:30,0.0010800652589837657
2026-01-19 10:10:00+05:30,9.744964661179427e-05
2026-01-19 10:15:00+05:30,0.000609949691183641
2026-01-19 10:20:00+05:30,0.00010310029657235656
2026-01-19 10:25:00+05:30,-0.0012634756821571517
2026-01-19 10:30:00+05:30,0.0001345698426459672
2026-01-19 10:35:00+05:30,-0.0002896301339489745
2026-01-19 10:40:00+05:30,0.0003145762925623916
2026-01-19 10:45:00+05:30,0.00034236724952309646
2026-01-19 10:50:00+05:30,3.418737144390034e-05
2026-01-19 10:55:00+05:30,0.0009954951559472593
2026-01-19 11:00:00+05:30,0.0004971957879207754
2026-01-19 11:05:00+05:30,-0.0003282739217288266
2026-01-19 11:10:00+05:30,-0.00020667396323040412
2026-01-19 11:15:00+05:30,-0.0002515145374532305
2026-01-19 11:20:00+05:30,-0.0002209097735081524
2026-01-19 11:25:00+05:30,0.0006227770261148075
2026-01-19 11:30:00+05:30,4.500176985324905e-05
2026-01-19 11:35:00+05:30,0.0007109430212754716
2026-01-19 11:40:00+05:30,8.454323083015156e-05
2026-01-19 11:45:00+05:30,-0.00014394139421698777
2026-01-19 11:50:00+05:30,0.0005487873415270034
2026-01-19 11:55:00+05:30,-0.0005334568165712895
2026-01-19 12:00:00+05:30,-0.0005324606461226912
2026-01-19 12:05:00+05:30,-6.784782468753563e-05
2026-01-19 12:10:00+05:30,0.0007934813050030661
2026-01-19 12:15:00+05:30,0.0005484074732631356
2026-01-19 12:20:00+05:30,-0.0004191320911375774
2026-01-19 12:25:00+05:30,-7.895901990344856e-05
2026-01-19 12:30:00+05:30,-9.177912052418948e-05
2026-01-19 12:35:00+05:30,-0.000112914142246544
2026-01-19 12:40:00+05:30,0.0003263419886109406
2026-01-19 12:45:00+05:30,-4.234209566964987e-05
2026-01-19 12:50:00+05:30,0.0008284505093551877
2026-01-19 12:55:00+05:30,0.00041521795448773435
2026-01-19 13:00:00+05:30,-8.45127614803189e-05
2026-01-19 13:05:00+05:30,0.00021896603346201852
2026-01-19 13:10:00+05:30,-0.0009441398661587575
2026-01-19 13:15:00+05:30,0.0004947686162488406
2026-01-19 13:20:00+05:30,-0.00021956861395737364
2026-01-19 13:25:00+05:30,-0.0002247955749678422
2026-01-19 13:30:00+05:30,0.0007211816981970621
2026-01-19 13:35:00+05:30,0.00035650152812095664
2026-01-19 13:40:00+05:30,-0.00028889363606424866
2026-01-19 13:45:00+05:30,0.0010155986912006732
2026-01-19 13:50:00+05:30,0.00039128479197595025
2026-01-19 13:55:00+05:30,9.796934898501233e-05
2026-01-19 14:00:00+05:30,0.0008140001474902061
2026-01-19 14:05:00+05:30,0.0003460914944973686
2026-01-19 14:10:00+05:30,-0.0010475555519678936
2026-01-19 14:15:00+05:30,0.0006659956715026995
2026-01-19 14:20:00+05:30,-0.0001037692317621525
2026-01-19 14:25:00+05:30,-0.0005221142112908682
2026-01-19 14:30:00+05:30,0.0003502531607680063
2026-01-19 14:35:00+05:30,0.00033820491552536883
2026-01-19 14:40:00+05:30,-3.936600789299302e-05
2026-01-19 14:45:00+05:30,-5.482492114175654e-05
2026-01-19 14:50:00+05:30,0.0001834069920134918
2026-01-19 14:55:00+05:30,0.00016386378250586806
2026-01-19 15:00:00+05:30,-0.00042462575510997176
2026-01-19 15:05:00+05:30,-0.0005750927627877825
2026-01-19 15:10:00+05:30,2.9418142786651276e-05
2026-01-19 15:15:00+05:30,-0.000678451188882849
2026-01-19 15:20:00+05:30,0.0002364214607324155
2026-01-19 15:25:00+05:30,0.0005617475346090309
2026-01-20 09:15:00+05:30,0.0003067917713470118
2026-01-20 09:20:00+05:30,-0.0017162650917978914
2026-01-20 09:25:00+05:30,-0.0005886324889828408
2026-01-20 09:30:00+05:30,0.0003381297147541563
2026-01-20 09:35:00+05:30,-0.0014073527756867917
2026-01-20 09:40:00+05:30,-0.0003335724504689266
2026-01-20 09:45:00+05:30,-0.00018386207351663968
2026-01-20 09:50:00+05:30,-0.0008210094621697685
2026-01-20 09:55:00+05:30,0.00044451954757408546
2026-01-20 10:00:00+05:30,0.0003218007977580738
2026-01-20 10:05:00+05:30,0.0004297869674665272
2026-01-20 10:10:00+05:30,-0.0006605392513198021
2026-01-20 10:15:00+05:30,0.0006847224370292229
2026-01-20 10:20:00+05:30,-0.00019636348851683282
2026-01-20 10:25:00+05:30,-0.00015381702239102233
2026-01-20 10:30:00+05:30,-0.0001360731406603895
2026-01-20 10:35:00+05:30,0.0005597983530408161
2026-01-20 10:40:00+05:30,-0.00010861465923035263
2026-01-20 10:45:00+05:30,-0.00033463324691257164
2026-01-20 10:50:00+05:30,-0.0005728518339318299
2026-01-20 10:55:00+05:30,-0.000383021072496612
2026-01-20 11:00:00+05:30,-0.00031116931208381786
2026-01-20 11:05:00+05:30,-0.0002645403700545165
2026-01-20 11:10:00+05:30,-5.500893791542335e-05
2026-01-20 11:15:00+05:30,5.693229258836658e-05
2026-01-20 11:20:00+05:30,8.52571931468634e-05
2026-01-20 11:25:00+05:30,0.0004289045685273236
2026-01-20 11:30:00+05:30,-0.00014463669597876793
2026-01-20 11:35:00+05:30,0.0002978754900768009
2026-01-20 11:40:00+05:30,4.9617679389677894e-05
2026-01-20 11:45:00+05:30,0.0002161139706637426
2026-01-20 11:50:00+05:30,0.0008213602439620075
2026-01-20 11:55:00+05:30,-0.00030087075232123733
2026-01-20 12:00:00+05:30,-0.0009381697434447155
2026-01-20 12:05:00+05:30,-0.0009786946295264303
2026-01-20 12:10:00+05:30,0.0005039443631224344
2026-01-20 12:15:00+05:30,-0.0003304688169742299
2026-01-20 12:20:00+05:30,-0.00029525840411693876
2026-01-20 12:25:00+05:30,0.00025468077995447364
2026-01-20 12:30:00+05:30,-0.00032841601523132303
2026-01-20 12:35:00+05:30,-0.00014076003384380203
2026-01-20 12:40:00+05:30,-0.0005508523268317715
2026-01-20 12:45:00+05:30,0.0002937375506460595
2026-01-20 12:50:00+05:30,0.0005279825329275938
2026-01-20 12:55:00+05:30,-3.140579864069348e-05
2026-01-20 13:00:00+05:30,-0.00028467337732141526
2026-01-20 13:05:00+05:30,-0.00016105957038630976
2026-01-20 13:10:00+05:30,-0.00019961749036745413
2026-01-20 13:15:00+05:30,0.000119427832226299
2026-01-20 13:20:00+05:30,0.00015018861575425598
2026-01-20 13:25:00+05:30,-7.763830658895282e-06
2026-01-20 13:30:00+05:30,-0.0010457238740085686
2026-01-20 13:35:00+05:30,-0.0006331894102296884
2026-01-20 13:40:00+05:30,-0.00013386612972598436
2026-01-20 13:45:00+05:30,-0.00023934718587634735
2026-01-20 13:50:00+05:30,0.00026239269208173715
2026-01-20 13:55:00+05:30,0.0001024096725682021
2026-01-20 14:00:00+05:30,0.00021390859959998613
2026-01-20 14:05:00+05:30,-0.0008243503433758833
2026-01-20 14:10:00+05:30,0.00042430664709528675
2026-01-20 14:15:00+05:30,-3.2427669571852715e-05
2026-01-20 14:20:00+05:30,0.00029024198109433837
2026-01-20 14:25:00+05:30,0.001223860348269484
2026-01-20 14:30:00+05:30,-0.0005234696432339501
2026-01-20 14:35:00+05:30,-0.0018338453852554627
2026-01-20 14:40:00+05:30,-0.00031612829176737956
2026-01-20 14:45:00+05:30,-6.437286641758939e-05
2026-01-20 14:50:00+05:30,0.0003510096345176125
2026-01-20 14:55:00+05:30,-0.0005864244919817571
2026-01-20 15:00:00+05:30,-0.0009259599220131934
2026-01-20 15:05:00+05:30,-0.0001085818074306802
2026-01-20 15:10:00+05:30,-0.0017899644856906871
2026-01-20 15:15:00+05:30,-0.00045632961062093777
2026-01-20 15:20:00+05:30,-6.427370776949572e-05
2026-01-20 15:25:00+05:30,0.0015667754320701484
2026-01-21 09:15:00+05:30,0.0021992488471765763
2026-01-21 09:20:00+05:30,-0.0009419350422435498
2026-01-21 09:25:00+05:30,-0.001245385852157236
2026-01-21 09:30:00+05:30,0.002113882114135277
2026-01-21 09:35:00+05:30,-0.0017057330132554248
2026-01-21 09:40:00+05:30,0.00031455627419728566
2026-01-21 09:45:00+05:30,-3.434525094390012e-05
2026-01-21 09:50:00+05:30,-0.0008053724086158956
2026-01-21 09:55:00+05:30,-7.298740393509102e-05
2026-01-21 10:00:00+05:30,-0.0005653460526622943
2026-01-21 10:05:00+05:30,-0.0003396570040245429
2026-01-21 10:10:00+05:30,-0.00016617242805161414
2026-01-21 10:15:00+05:30,-0.00030871775341823646
2026-01-21 10:20:00+05:30,-0.0013050389008133782
2026-01-21 10:25:00+05:30,-0.00037912391366491443
2026-01-21 10:30:00+05:30,-0.00031110276893753816
2026-01-21 10:35:00+05:30,-0.00045699429375527744
2026-01-21 10:40:00+05:30,-0.00149921669853962
2026-01-21 10:45:00+05:30,-0.0005564696458635858
2026-01-21 10:50:00+05:30,-0.0019732462547566824
2026-01-21 10:55:00+05:30,0.0006521965484034567
2026-01-21 11:00:00+05:30,-0.0005420386335130569
2026-01-21 11:05:00+05:30,0.00011077457567815489
2026-01-21 11:10:00+05:30,0.0016789797063799501
2026-01-21 11:15:00+05:30,0.0008350662249798635
2026-01-21 11:20:00+05:30,-0.0006573291835312826
2026-01-21 11:25:00+05:30,-0.0015286149611446944
2026-01-21 11:30:00+05:30,0.00045197953930818874
2026-01-21 11:35:00+05:30,7.846015177789676e-05
2026-01-21 11:40:00+05:30,1.9037252652217386e-05
2026-01-21 11:45:00+05:30,0.0003322576062029646
2026-01-21 11:50:00+05:30,0.0003006805903884989
2026-01-21 11:55:00+05:30,0.0003610261818871176
2026-01-21 12:00:00+05:30,0.0018056894944796903
2026-01-21 12:05:00+05:30,-0.0003787888534399457
2026-01-21 12:10:00+05:30,0.0007060212702809011
2026-01-21 12:15:00+05:30,0.0008214768764251628
2026-01-21 12:20:00+05:30,0.0008538772799436647
2026-01-21 12:25:00+05:30,-0.0021433248467940666
2026-01-21 12:30:00+05:30,0.0020976337443886902
2026-01-21 12:35:00+05:30,0.0013846042706035715
2026-01-21 12:40:00+05:30,5.536349938795622e-05
2026-01-21 12:45:00+05:30,0.001993966382424521
2026-01-21 12:50:00+05:30,0.00020524600399081456
2026-01-21 12:55:00+05:30,0.0001302005261890732
2026-01-21 13:00:00+05:30,0.0003976111041469566
2026-01-21 13:05:00+05:30,-0.0011266792172522268
2026-01-21 13:10:00+05:30,-0.0010363214086251842
2026-01-21 13:15:00+05:30,-0.0006417110192137018
2026-01-21 13:20:00+05:30,0.00013933884879353893
2026-01-21 13:25:00+05:30,-0.00017152247938421067
2026-01-21 13:30:00+05:30,-0.0008797333434999823
2026-01-21 13:35:00+05:30,0.001208067100633627
2026-01-21 13:40:00+05:30,-0.00043200953762089736
2026-01-21 13:45:00+05:30,9.253964580315916e-05
2026-01-21 13:50:00+05:30,-0.0008259201786123066
2026-01-21 13:55:00+05:30,-0.0006478727648832003
2026-01-21 14:00:00+05:30,-0.0002372520030562197
2026-01-21 14:05:00+05:30,-0.00011660935729108704
2026-01-21 14:10:00+05:30,-0.00016193186167667265
2026-01-21 14:15:00+05:30,0.0013481512110265347
2026-01-21 14:20:00+05:30,-0.0005568534890226736
2026-01-21 14:25:00+05:30,-0.0010368293996274591
2026-01-21 14:30:00+05:30,0.0014481093179796968
2026-01-21 14:35:00+05:30,-0.0003736330943938718
2026-01-21 14:40:00+05:30,-0.00022560749159998488
2026-01-21 14:45:00+05:30,0.0003068184873415688
2026-01-21 14:50:00+05:30,0.0001272101978623906
2026-01-21 14:55:00+05:30,-0.00022680087605022136
2026-01-21 15:00:00+05:30,0.0011961924841947743
2026-01-21 15:05:00+05:30,-0.00032292192274274126
2026-01-21 15:10:00+05:30,-2.414827112238639e-05
2026-01-21 15:15:00+05:30,0.00032673232455848744
2026-01-21 15:20:00+05:30,-0.0003247950247515318
2026-01-21 15:25:00+05:30,0.0010225833346056686
2026-01-22 09:15:00+05:30,0.0020881270399711414
2026-01-22 09:20:00+05:30,0.0008427380644323462
2026-01-22 09:25:00+05:30,0.0018416525761277835
2026-01-22 09:30:00+05:30,0.0009441017265661857
2026-01-22 09:35:00+05:30,-0.000557862041592945
2026-01-22 09:40:00+05:30,-0.0005614696046641361
2026-01-22 09:45:00+05:30,0.0006866806460707796
2026-01-22 09:50:00+05:30,-0.0023894392275148773
2026-01-22 09:55:00+05:30,0.0012469978130663347
2026-01-22 10:00:00+05:30,-0.0005817960764449877
2026-01-22 10:05:00+05:30,-1.6988591113338047e-05
2026-01-22 10:10:00+05:30,2.147285110166182e-05
2026-01-22 10:15:00+05:30,-0.0009562318548488967
2026-01-22 10:20:00+05:30,-6.207527981142611e-05
2026-01-22 10:25:00+05:30,-0.0018324899809360911
2026-01-22 10:30:00+05:30,0.0005553825537355097
2026-01-22 10:35:00+05:30,-0.0005608010463811267
2026-01-22 10:40:00+05:30,0.0003054421165686473
2026-01-22 10:45:00+05:30,-0.0005548791236350313
2026-01-22 10:50:00+05:30,-0.0008416309855913012
2026-01-22 10:55:00+05:30,-0.0018574830242219684
2026-01-22 11:00:00+05:30,0.00047235092330738233
2026-01-22 11:05:00+05:30,-7.623033980286298e-05
2026-01-22 11:10:00+05:30,-0.0004638358444048912
2026-01-22 11:15:00+05:30,9.493921046484879e-05
2026-01-22 11:20:00+05:30,0.0015457704718557902
2026-01-22 11:25:00+05:30,-0.00017229014214524186
2026-01-22 11:30:00+05:30,-0.00011612391932496424
2026-01-22 11:35:00+05:30,-0.00022099976639777222
2026-01-22 11:40:00+05:30,-0.0009519207962674855
2026-01-22 11:45:00+05:30,0.0005166602619254513
2026-01-22 11:50:00+05:30,-0.00024121831643192663
2026-01-22 11:55:00+05:30,-0.0008645990374248157
2026-01-22 12:00:00+05:30,0.0008680689893080357
2026-01-22 12:05:00+05:30,0.0006726849197851861
2026-01-22 12:10:00+05:30,0.00015381531864680059
2026-01-22 12:15:00+05:30,0.0004858151357551387
2026-01-22 12:20:00+05:30,-8.164848384004546e-05
2026-01-22 12:25:00+05:30,0.0007687320614078466
2026-01-22 12:30:00+05:30,0.00037698982630708427
2026-01-22 12:35:00+05:30,-0.00048453011608075086
2026-01-22 12:40:00+05:30,-0.0004056715909753118
2026-01-22 12:45:00+05:30,0.0004497988862523301
2026-01-22 12:50:00+05:30,-0.0009585375880176716
2026-01-22 12:55:00+05:30,-0.0007074567552875003
2026-01-22 13:00:00+05:30,0.00017657887689687417
2026-01-22 13:05:00+05:30,-0.00041271445426083186
2026-01-22 13:10:00+05:30,-0.00037914821748525663
2026-01-22 13:15:00+05:30,-2.1363604208311426e-06
2026-01-22 13:20:00+05:30,-2.582545590016536e-05
2026-01-22 13:25:00+05:30,-0.0007319263756414913
2026-01-22 13:30:00+05:30,0.0015032662984595263
2026-01-22 13:35:00+05:30,-0.0007842961954227746
2026-01-22 13:40:00+05:30,0.0005457341514651586
2026-01-22 13:45:00+05:30,0.0002043810203421189
2026-01-22 13:50:00+05:30,0.0008066170001465092
2026-01-22 13:55:00+05:30,-0.00021530236939021048
2026-01-22 14:00:00+05:30,-0.000390073185100864
2026-01-22 14:05:00+05:30,-0.00040404054521078026
2026-01-22 14:10:00+05:30,-0.0009968651858661575
2026-01-22 14:15:00+05:30,-0.00029673649427433704
2026-01-22 14:20:00+05:30,0.0008476480209753259
2026-01-22 14:25:00+05:30,0.0015047583138981509
2026-01-22 14:30:00+05:30,0.001764550567232313
2026-01-22 14:35:00+05:30,4.0569981649269715e-05
2026-01-22 14:40:00+05:30,0.0002313715041034205
2026-01-22 14:45:00+05:30,0.00040552185494601095
2026-01-22 14:50:00+05:30,-0.0007407100211807483
2026-01-22 14:55:00+05:30,0.0006390467133554447
2026-01-22 15:00:00+05:30,-0.0015531891084497682
2026-01-22 15:05:00+05:30,0.0010651974554041327
2026-01-22 15:10:00+05:30,0.0003204549926779771
2026-01-22 15:15:00+05:30,0.0006250511748606399
2026-01-22 15:20:00+05:30,0.0004241084297798073
2026-01-22 15:25:00+05:30,-8.168618079663099e-05
2026-01-23 09:15:00+05:30,0.0010623146371465312
2026-01-23 09:20:00+05:30,0.0014181654966938882
2026-01-23 09:25:00+05:30,0.0005191893340989141
2026-01-23 09:30:00+05:30,-0.0011077473820050952
2026-01-23 09:35:00+05:30,-0.000638462278904213
2026-01-23 09:40:00+05:30,-0.0008593732957625894
2026-01-23 09:45:00+05:30,0.0006141525183920947
2026-01-23 09:50:00+05:30,-0.00046300763945808656
2026-01-23 09:55:00+05:30,0.0002237227359476939
2026-01-23 10:00:00+05:30,-0.000430191939640679
2026-01-23 10:05:00+05:30,0.00026043397515285757
2026-01-23 10:10:00+05:30,0.0005169898973521311
2026-01-23 10:15:00+05:30,-0.000924038893219301
2026-01-23 10:20:00+05:30,0.000110519011664788
2026-01-23 10:25:00+05:30,0.0008557132434275974
2026-01-23 10:30:00+05:30,0.00046557982853330586
2026-01-23 10:35:00+05:30,-8.675709623909435e-05
2026-01-23 10:40:00+05:30,-0.00014900212322183375
2026-01-23 10:45:00+05:30,-0.0007035725952538582
2026-01-23 10:50:00+05:30,9.148743653894947e-05
2026-01-23 10:55:00+05:30,-0.00021395503723849258
2026-01-23 11:00:00+05:30,-0.0005355028119011141
2026-01-23 11:05:00+05:30,9.07190177605935e-05
2026-01-23 11:10:00+05:30,0.0002134097218017506
2026-01-23 11:15:00+05:30,-0.0008038953020825684
2026-01-23 11:20:00+05:30,6.877252800859648e-05
2026-01-23 11:25:00+05:30,0.0003636428716373474
2026-01-23 11:30:00+05:30,-0.0008759311363564168
2026-01-23 11:35:00+05:30,-0.0008647514535457739
2026-01-23 11:40:00+05:30,-0.0003336798444617422
2026-01-23 11:45:00+05:30,-0.0005440969474905156
2026-01-23 11:50:00+05:30,0.0004163546187497521
2026-01-23 11:55:00+05:30,8.406162536156447e-05
2026-01-23 12:00:00+05:30,0.0004949267117781167
2026-01-23 12:05:00+05:30,-0.001192675578229727
2026-01-23 12:10:00+05:30,1.3368899584557875e-05
2026-01-23 12:15:00+05:30,0.001068613165972866
2026-01-23 12:20:00+05:30,-0.0003580225807185568
2026-01-23 12:25:00+05:30,-0.00014402971412299048
2026-01-23 12:30:00+05:30,0.00010769431223306132
2026-01-23 12:35:00+05:30,0.0002288645980514516
2026-01-23 12:40:00+05:30,0.0004320188910822712
2026-01-23 12:45:00+05:30,-0.0002135508090376916
2026-01-23 12:50:00+05:30,0.0006093444202646534
2026-01-23 12:55:00+05:30,-0.0009286426124059943
2026-01-23 13:00:00+05:30,-0.00028587670383499393
2026-01-23 13:05:00+05:30,-0.00018366199682299419
2026-01-23 13:10:00+05:30,0.0002545488329179195
2026-01-23 13:15:00+05:30,-0.0015081545495976407
2026-01-23 13:20:00+05:30,-0.0007107238783419
2026-01-23 13:25:00+05:30,-0.00032850955976899455
2026-01-23 13:30:00+05:30,-0.0018226766581627082
2026-01-23 13:35:00+05:30,-0.0001209248972095073
2026-01-23 13:40:00+05:30,-0.0005033623124925186
2026-01-23 13:45:00+05:30,0.00022604972834239234
2026-01-23 13:50:00+05:30,-0.0001282487898309642
2026-01-23 13:55:00+05:30,-0.00030409250460915996
2026-01-23 14:00:00+05:30,0.0002396877045581897
2026-01-23 14:05:00+05:30,-7.107404481743185e-05
2026-01-23 14:10:00+05:30,-2.7640041652039832e-05
2026-01-23 14:15:00+05:30,-0.00017423889407633544
2026-01-23 14:20:00+05:30,-0.0007905512244613374
2026-01-23 14:25:00+05:30,0.0010214701681272762
2026-01-23 14:30:00+05:30,0.0011779781687953378
2026-01-23 14:35:00+05:30,7.82395784435274e-05
2026-01-23 14:40:00+05:30,-0.00029859957012247145
2026-01-23 14:45:00+05:30,-0.0006974493503271699
2026-01-23 14:50:00+05:30,0.00047503441101017315
2026-01-23 14:55:00+05:30,0.00046934663766435615
2026-01-23 15:00:00+05:30,-0.0006494508943065515
2026-01-23 15:05:00+05:30,-0.0013005228193628056
2026-01-23 15:10:00+05:30,0.0005245496699791627
2026-01-23 15:15:00+05:30,-0.0004590215589433604
2026-01-23 15:20:00+05:30,0.00040725976280263
2026-01-23 15:25:00+05:30,0.0008595346542796811
2026-01-27 09:15:00+05:30,-0.002167409713296904
2026-01-27 09:20:00+05:30,-0.002159545275426272
2026-01-27 09:25:00+05:30,-0.00011895271571794655
2026-01-27 09:30:00+05:30,0.0009261193979406981
2026-01-27 09:35:00+05:30,0.0036282276183862558
2026-01-27 09:40:00+05:30,0.0024765908929457767
2026-01-27 09:45:00+05:30,1.6446803301437435e-05
2026-01-27 09:50:00+05:30,-0.0006804002992317409
2026-01-27 09:55:00+05:30,-0.0009798588385628217
2026-01-27 10:00:00+05:30,0.0006850347117532202
2026-01-27 10:05:00+05:30,-0.001039673817584022
2026-01-27 10:10:00+05:30,0.001304631048813001
2026-01-27 10:15:00+05:30,0.0020368283624004947
2026-01-27 10:20:00+05:30,-0.0004825537855105889
2026-01-27 10:25:00+05:30,-0.0016033741616747286
2026-01-27 10:30:00+05:30,0.0003268426553297668
2026-01-27 10:35:00+05:30,-0.0005707486602955239
2026-01-27 10:40:00+05:30,-0.003118173633776358
2026-01-27 10:45:00+05:30,0.0003393367172120734
2026-01-27 10:50:00+05:30,-0.001521052542157409
2026-01-27 10:55:00+05:30,-0.0010230113614888101
2026-01-27 11:00:00+05:30,0.0016080490959156383
2026-01-27 11:05:00+05:30,0.00011451236936067006
2026-01-27 11:10:00+05:30,0.0005017007666819778
2026-01-27 11:15:00+05:30,0.0010690412674793969
2026-01-27 11:20:00+05:30,-0.0002826426347085982
2026-01-27 11:25:00+05:30,0.0006214910950785915
2026-01-27 11:30:00+05:30,0.0004312158372797449
2026-01-27 11:35:00+05:30,0.0009708810418854098
2026-01-27 11:40:00+05:30,0.0022370429127493516
2026-01-27 11:45:00+05:30,-0.0017156252708086254
2026-01-27 11:50:00+05:30,-0.0007693694135636592
2026-01-27 11:55:00+05:30,0.0008228769479522855
2026-01-27 12:00:00+05:30,8.207998250829793e-05
2026-01-27 12:05:00+05:30,0.00014568286329766513
2026-01-27 12:10:00+05:30,7.680485963612593e-05
2026-01-27 12:15:00+05:30,-0.0009585613348999626
2026-01-27 12:20:00+05:30,0.0012900242244257478
2026-01-27 12:25:00+05:30,-0.0010429892258224426
2026-01-27 12:30:00+05:30,-0.00015376147825353991
2026-01-27 12:35:00+05:30,-0.00039077312877526456
2026-01-27 12:40:00+05:30,-0.00028452662237157957
2026-01-27 12:45:00+05:30,-0.0007299563643612277
2026-01-27 12:50:00+05:30,0.0013905509456931925
2026-01-27 12:55:00+05:30,-0.000357049135506347
2026-01-27 13:00:00+05:30,-0.0003354560522351023
2026-01-27 13:05:00+05:30,0.0004806508898567795
2026-01-27 13:10:00+05:30,-8.250367275462964e-05
2026-01-27 13:15:00+05:30,9.511256489939288e-05
2026-01-27 13:20:00+05:30,0.00037324489584439054
2026-01-27 13:25:00+05:30,0.0002982478451818894
2026-01-27 13:30:00+05:30,-0.00040107519455334054
2026-01-27 13:35:00+05:30,-0.002558703050765507
2026-01-27 13:40:00+05:30,0.0005505238605160518
2026-01-27 13:45:00+05:30,0.00042164824795297065
2026-01-27 13:50:00+05:30,-0.0005186577723640395
2026-01-27 13:55:00+05:30,0.00030803890911644175
2026-01-27 14:00:00+05:30,-0.0009348519798283906
2026-01-27 14:05:00+05:30,-1.3910748754459038e-05
2026-01-27 14:10:00+05:30,0.00037939043111549705
2026-01-27 14:15:00+05:30,-0.0003011040201529898
2026-01-27 14:20:00+05:30,-0.00027516875695273547
2026-01-27 14:25:00+05:30,0.0006102399692899649
2026-01-27 14:30:00+05:30,0.00026034698612262703
2026-01-27 14:35:00+05:30,0.0016438859919472844
2026-01-27 14:40:00+05:30,-0.00013721452388656816
2026-01-27 14:45:00+05:30,0.001018670623168896
2026-01-27 14:50:00+05:30,0.0008627304550875687
2026-01-27 14:55:00+05:30,8.49033751613627e-06
2026-01-27 15:00:00+05:30,-0.00025845083192051855
2026-01-27 15:05:00+05:30,0.0005747372041103988
2026-01-27 15:10:00+05:30,0.0008583280294451528
2026-01-27 15:15:00+05:30,0.0011233484501745007
2026-01-27 15:20:00+05:30,0.0010635629178008122
2026-01-27 15:25:00+05:30,0.0006275978068005856
2026-01-28 09:15:00+05:30,0.0030338068383814446
2026-01-28 09:20:00+05:30,0.0007352536476894313
2026-01-28 09:25:00+05:30,8.897727518229394e-05
2026-01-28 09:30:00+05:30,-0.0009629386256047619
2026-01-28 09:35:00+05:30,0.00012715097123680428
2026-01-28 09:40:00+05:30,-0.0007054381265435385
2026-01-28 09:45:00+05:30,-0.0005054861024381335
2026-01-28 09:50:00+05:30,-0.000381095157711973
2026-01-28 09:55:00+05:30,-0.0001233380454907945
2026-01-28 10:00:00+05:30,0.0001270136332563717
2026-01-28 10:05:00+05:30,-0.0014672908740546164
2026-01-28 10:10:00+05:30,-0.0002537761679276902
2026-01-28 10:15:00+05:30,0.00029623114723977944
2026-01-28 10:20:00+05:30,0.0005949781494170902
2026-01-28 10:25:00+05:30,-0.0010835213016031923
2026-01-28 10:30:00+05:30,-5.70915550666538e-05
2026-01-28 10:35:00+05:30,0.0017576329577919424
2026-01-28 10:40:00+05:30,-0.0006047171966319683
2026-01-28 10:45:00+05:30,-0.0005613458881211143
2026-01-28 10:50:00+05:30,0.0008963468240468581
2026-01-28 10:55:00+05:30,0.00012309171217286954
2026-01-28 11:00:00+05:30,0.000794437486395522
2026-01-28 11:05:00+05:30,0.0001157746423312742
2026-01-28 11:10:00+05:30,0.00032031204285434383
2026-01-28 11:15:00+05:30,-0.00020671243713291828
2026-01-28 11:20:00+05:30,-7.853588365197853e-06
2026-01-28 11:25:00+05:30,8.086979464329073e-07
2026-01-28 11:30:00+05:30,-4.2619437637602643e-05
2026-01-28 11:35:00+05:30,-0.0008776677515323014
2026-01-28 11:40:00+05:30,-0.0007481010013444519
2026-01-28 11:45:00+05:30,0.000583288934120641
2026-01-28 11:50:00+05:30,-8.793889250951159e-05
2026-01-28 11:55:00+05:30,0.00021228056616876136
2026-01-28 12:00:00+05:30,0.0004913591476027411
2026-01-28 12:05:00+05:30,-0.00026773673978775533
2026-01-28 12:10:00+05:30,-0.0001106767806197702
2026-01-28 12:15:00+05:30,-0.00043091380828768884
2026-01-28 12:20:00+05:30,-0.0006498499432142179
2026-01-28 12:25:00+05:30,-0.00047743036525681984
2026-01-28 12:30:00+05:30,0.0005151784048225489
2026-01-28 12:35:00+05:30,-0.00041364430910900403
2026-01-28 12:40:00+05:30,-2.664348101665796e-05
2026-01-28 12:45:00+05:30,-0.00015873832709830497
2026-01-28 12:50:00+05:30,-4.397587351099764e-05
2026-01-28 12:55:00+05:30,-0.00016388554439400167
2026-01-28 13:00:00+05:30,3.7285880256947214e-05
2026-01-28 13:05:00+05:30,-0.0001265953064290822
2026-01-28 13:10:00+05:30,0.000774016468238194
2026-01-28 13:15:00+05:30,0.0003379226842864864
2026-01-28 13:20:00+05:30,-0.0016397877607811201
2026-01-28 13:25:00+05:30,0.000167325926017326
2026-01-28 13:30:00+05:30,-0.0003531548676389478
2026-01-28 13:35:00+05:30,-0.0002073459619333216
2026-01-28 13:40:00+05:30,-0.0009768834803658831
2026-01-28 13:45:00+05:30,-0.00014177297082271077
2026-01-28 13:50:00+05:30,0.0006564980799033934
2026-01-28 13:55:00+05:30,0.00045499578187116035
2026-01-28 14:00:00+05:30,0.000381036669848894
2026-01-28 14:05:00+05:30,-0.0008022664136864962
2026-01-28 14:10:00+05:30,-0.002068469387913146
2026-01-28 14:15:00+05:30,0.002134614742120657
2026-01-28 14:20:00+05:30,-0.0007098741327514874
2026-01-28 14:25:00+05:30,0.0005015022036970054
2026-01-28 14:30:00+05:30,-0.0007962070144091893
2026-01-28 14:35:00+05:30,0.0005762890830076815
2026-01-28 14:40:00+05:30,0.0005662087300312731
2026-01-28 14:45:00+05:30,0.000827025708603134
2026-01-28 14:50:00+05:30,0.0009045320234897762
2026-01-28 14:55:00+05:30,0.0008191913060854317
2026-01-28 15:00:00+05:30,0.0005592610565360136
2026-01-28 15:05:00+05:30,8.247838331900214e-07
2026-01-28 15:10:00+05:30,-0.0001540675832943752
2026-01-28 15:15:00+05:30,0.0005885083459174577
2026-01-28 15:20:00+05:30,-0.00022246686029603335
2026-01-28 15:25:00+05:30,-0.0005148837149370142
2026-01-29 09:15:00+05:30,0.000444729073410363
2026-01-29 09:20:00+05:30,0.0006285139728148083
2026-01-29 09:25:00+05:30,-0.0004268188325485168
2026-01-29 09:30:00+05:30,0.0005598838106842924
2026-01-29 09:35:00+05:30,-0.0014073988283120722
2026-01-29 09:40:00+05:30,-0.0005544908476205508
2026-01-29 09:45:00+05:30,0.0005097808271036172
2026-01-29 09:50:00+05:30,-0.0014874503528166689
2026-01-29 09:55:00+05:30,8.273965189589234e-05
2026-01-29 10:00:00+05:30,0.00048295572943871833
2026-01-29 10:05:00+05:30,3.117576597644918e-05
2026-01-29 10:10:00+05:30,0.0010438793003369501
2026-01-29 10:15:00+05:30,0.00023693407260729304
2026-01-29 10:20:00+05:30,-8.781603141056209e-05
2026-01-29 10:25:00+05:30,-0.0006480414464432944
2026-01-29 10:30:00+05:30,0.00021205888295222337
2026-01-29 10:35:00+05:30,-0.0009530616602800681
2026-01-29 10:40:00+05:30,-7.390966636361114e-05
2026-01-29 10:45:00+05:30,-0.00046443556030361624
2026-01-29 10:50:00+05:30,0.0014697423800488745
2026-01-29 10:55:00+05:30,0.0005095563224847686
2026-01-29 11:00:00+05:30,0.00022608690841339091
2026-01-29 11:05:00+05:30,0.00034804177350454183
2026-01-29 11:10:00+05:30,0.0007710204859648964
2026-01-29 11:15:00+05:30,0.00024229038165642165
2026-01-29 11:20:00+05:30,0.0002789939113522152
2026-01-29 11:25:00+05:30,-1.9664093215328377e-05
2026-01-29 11:30:00+05:30,-7.34551593957598e-05
2026-01-29 11:35:00+05:30,-0.00038988556649287515
2026-01-29 11:40:00+05:30,0.0006874149275486639
2026-01-29 11:45:00+05:30,-0.00031951868835483914
2026-01-29 11:50:00+05:30,-0.0002963328417017303
2026-01-29 11:55:00+05:30,0.0006300001958045207
2026-01-29 12:00:00+05:30,0.0003475439107233767
2026-01-29 12:05:00+05:30,0.0002819085982826518
2026-01-29 12:10:00+05:30,9.059489833834462e-05
2026-01-29 12:15:00+05:30,-0.0006853254497913034
2026-01-29 12:20:00+05:30,0.0006517063468567105
2026-01-29 12:25:00+05:30,-0.00016538308481425643
2026-01-29 12:30:00+05:30,0.000439333362386417
2026-01-29 12:35:00+05:30,-0.00023046561775483108
2026-01-29 12:40:00+05:30,-0.0001742118956127829
2026-01-29 12:45:00+05:30,0.0007423535136939701
2026-01-29 12:50:00+05:30,0.0008847256078788598
2026-01-29 12:55:00+05:30,-0.00012333892504228462
2026-01-29 13:00:00+05:30,0.0010269028736635587
2026-01-29 13:05:00+05:30,0.00024297105406688666
2026-01-29 13:10:00+05:30,-7.20660356089712e-05
2026-01-29 13:15:00+05:30,-0.0007253956572897607
2026-01-29 13:20:00+05:30,2.904650962736411e-06
2026-01-29 13:25:00+05:30,-0.00046616086520287334
2026-01-29 13:30:00+05:30,0.0014517742009563005
2026-01-29 13:35:00+05:30,0.00048087812934540316
2026-01-29 13:40:00+05:30,0.0005022015482335554
2026-01-29 13:45:00+05:30,0.00060863152665396
2026-01-29 13:50:00+05:30,-7.817654627247168e-05
2026-01-29 13:55:00+05:30,0.00042553297167440506
2026-01-29 14:00:00+05:30,-0.0007186672515662769
2026-01-29 14:05:00+05:30,-0.0010189002394208788
2026-01-29 14:10:00+05:30,0.0009748583756205079
2026-01-29 14:15:00+05:30,-0.0005959622463314694
2026-01-29 14:20:00+05:30,0.000661694087493912
2026-01-29 14:25:00+05:30,0.0007861854356536279
2026-01-29 14:30:00+05:30,0.00022775393443756546
2026-01-29 14:35:00+05:30,-0.00015292191393456722
2026-01-29 14:40:00+05:30,2.7568883429170205e-05
2026-01-29 14:45:00+05:30,0.0005530010989362718
2026-01-29 14:50:00+05:30,-0.0003114289964903576
2026-01-29 14:55:00+05:30,-3.372955897867026e-05
2026-01-29 15:00:00+05:30,-0.00038532745940519187
2026-01-29 15:05:00+05:30,0.00010193120458391076
2026-01-29 15:10:00+05:30,-0.0006743875225590472
2026-01-29 15:15:00+05:30,0.0006913467894553307
2026-01-29 15:20:00+05:30,-0.00035615587099646043
2026-01-29 15:25:00+05:30,0.0007388633357815127
2026-01-30 09:15:00+05:30,-0.010706697629593497
2026-01-30 09:20:00+05:30,-0.00017984221541881459
2026-01-30 09:25:00+05:30,0.0005773359301280043
2026-01-30 09:30:00+05:30,0.0006781849367753004
2026-01-30 09:35:00+05:30,0.001216909945310739
2026-01-30 09:40:00+05:30,-4.782196868552705e-05
2026-01-30 09:45:00+05:30,0.0005568535124449787
2026-01-30 09:50:00+05:30,-0.000278224467706113
2026-01-30 09:55:00+05:30,-0.0006659538542715072
2026-01-30 10:00:00+05:30,-3.8292685731423113e-05
2026-01-30 10:05:00+05:30,2.1469370827563667e-05
2026-01-30 10:10:00+05:30,0.0006666486607543408
2026-01-30 10:15:00+05:30,-0.0005907282498389326
2026-01-30 10:20:00+05:30,-0.0011568296253929038
2026-01-30 10:25:00+05:30,-0.0003547315334463338
2026-01-30 10:30:00+05:30,0.00031087035540914475
2026-01-30 10:35:00+05:30,0.0005393371191440595
2026-01-30 10:40:00+05:30,0.0005848098600682466
2026-01-30 10:45:00+05:30,-1.771329845583714e-05
2026-01-30 10:50:00+05:30,-0.00013478569205738786
2026-01-30 10:55:00+05:30,0.000259564870736318
2026-01-30 11:00:00+05:30,-0.0002396200389241347
2026-01-30 11:05:00+05:30,-0.0014785644982888118
2026-01-30 11:10:00+05:30,-0.0005878022013259031
2026-01-30 11:15:00+05:30,-0.00014760910092637136
2026-01-30 11:20:00+05:30,0.00015613653510208807
2026-01-30 11:25:00+05:30,-0.000544135959206648
2026-01-30 11:30:00+05:30,-4.121567464906264e-05
2026-01-30 11:35:00+05:30,0.0006126611331584752
2026-01-30 11:40:00+05:30,-0.00016378629470297458
2026-01-30 11:45:00+05:30,-0.0005282590461614769
2026-01-30 11:50:00+05:30,0.001078951400428901
2026-01-30 11:55:00+05:30,-0.0009723377358001416
2026-01-30 12:00:00+05:30,-0.0003790288241121621
2026-01-30 12:05:00+05:30,0.0004041762197442888
2026-01-30 12:10:00+05:30,0.0010295163197432166
2026-01-30 12:15:00+05:30,-0.0003313677086939082
2026-01-30 12:20:00+05:30,0.000982806537035793
2026-01-30 12:25:00+05:30,-0.0007433797483648965
2026-01-30 12:30:00+05:30,-0.00012502583196325351
2026-01-30 12:35:00+05:30,0.000573707447238608
2026-01-30 12:40:00+05:30,9.826906220427852e-05
2026-01-30 12:45:00+05:30,-0.0001238046273746603
2026-01-30 12:50:00+05:30,0.00044855903394164524
2026-01-30 12:55:00+05:30,-0.00011145913561253671
2026-01-30 13:00:00+05:30,-0.000990430991768905
2026-01-30 13:05:00+05:30,-0.0014556445440514956
2026-01-30 13:10:00+05:30,0.0003636609349929715
2026-01-30 13:15:00+05:30,-5.480410804129707e-05
2026-01-30 13:20:00+05:30,0.0002545761012789565
2026-01-30 13:25:00+05:30,0.0004478698599304586
2026-01-30 13:30:00+05:30,0.000540152877493065
2026-01-30 13:35:00+05:30,0.0004813585443803789
2026-01-30 13:40:00+05:30,0.0010759948841497838
2026-01-30 13:45:00+05:30,3.46342168213428e-05
2026-01-30 13:50:00+05:30,0.0010749712907041251
2026-01-30 13:55:00+05:30,0.00044940383971432175
2026-01-30 14:00:00+05:30,-0.00022777021189977984
2026-01-30 14:05:00+05:30,0.0005628271836758286
2026-01-30 14:10:00+05:30,-0.00037995599875614703
2026-01-30 14:15:00+05:30,4.580286350727567e-05
2026-01-30 14:20:00+05:30,0.000416890335349231
2026-01-30 14:25:00+05:30,-0.0002825550852207458
2026-01-30 14:30:00+05:30,-0.0003605530897945581
2026-01-30 14:35:00+05:30,3.9352354491215426e-05
2026-01-30 14:40:00+05:30,-0.001781883978366819
2026-01-30 14:45:00+05:30,0.0014628059376245188
2026-01-30 14:50:00+05:30,-9.052082232403964e-05
2026-01-30 14:55:00+05:30,4.104082057117338e-06
2026-01-30 15:00:00+05:30,-0.0011560670142610225
2026-01-30 15:05:00+05:30,0.0006678813086057859
2026-01-30 15:10:00+05:30,-0.0007060532902697837
2026-01-30 15:15:00+05:30,-0.0007420004537793561
2026-01-30 15:20:00+05:30,-0.00013856615149234285
2026-01-30 15:25:00+05:30,0.0007002851562496236
2026-02-01 09:15:00+05:30,-0.0073841276715215405
2026-02-01 09:20:00+05:30,0.0003289650464794838
2026-02-01 09:25:00+05:30,0.0010187006307160681
2026-02-01 09:30:00+05:30,0.0007088252427594448
2026-02-01 09:35:00+05:30,-0.00025870756281241495
2026-02-01 09:40:00+05:30,0.0025658500896273855
2026-02-01 09:45:00+05:30,0.001024298003109512
2026-02-01 09:50:00+05:30,-0.0011854153095727821
2026-02-01 09:55:00+05:30,-0.000628455903033398
2026-02-01 10:00:00+05:30,0.0010679270674524538
2026-02-01 10:05:00+05:30,-0.00013026507920889166
2026-02-01 10:10:00+05:30,0.0004019423316251018
2026-02-01 10:15:00+05:30,0.0006986317677776887
2026-02-01 10:20:00+05:30,0.0019249360021875482
2026-02-01 10:25:00+05:30,-0.0006384724104806096
2026-02-01 10:30:00+05:30,0.00061706987470063
2026-02-01 10:35:00+05:30,-1.2190180728791225e-05
2026-02-01 10:40:00+05:30,-8.44264920993642e-05
2026-02-01 10:45:00+05:30,-0.0008216452623677732
2026-02-01 10:50:00+05:30,0.0009506693764800932
2026-02-01 10:55:00+05:30,-0.00021550383737488574
2026-02-01 11:00:00+05:30,-0.0012263363189361236
2026-02-01 11:05:00+05:30,0.0018681950180211746
2026-02-01 11:10:00+05:30,0.000618370721599841
2026-02-01 11:15:00+05:30,-0.00034999885385042945
2026-02-01 11:20:00+05:30,-0.0011158206230645427
2026-02-01 11:25:00+05:30,-2.941102879677456e-06
2026-02-01 11:30:00+05:30,-0.00022418400717296843
2026-02-01 11:35:00+05:30,-0.0007415579287359341
2026-02-01 11:40:00+05:30,-0.0019318111833572617
2026-02-01 11:45:00+05:30,-0.0003591424896252842
2026-02-01 11:50:00+05:30,-0.00034764678537231076
2026-02-01 11:55:00+05:30,-0.00024015111154442997
2026-02-01 12:00:00+05:30,-0.0009134964433453916
2026-02-01 12:05:00+05:30,0.004106588066817875
2026-02-01 12:10:00+05:30,-0.0042247229152293396
2026-02-01 12:15:00+05:30,-0.006833817403114634
2026-02-01 12:20:00+05:30,-0.0021921050298371616
2026-02-01 12:25:00+05:30,-0.003679290290653328
2026-02-01 12:30:00+05:30,-0.003117060797789079
2026-02-01 12:35:00+05:30,0.0069557374577163995
2026-02-01 12:40:00+05:30,-0.00032108376934178304
2026-02-01 12:45:00+05:30,-0.0017783142310144474
2026-02-01 12:50:00+05:30,0.001532600214587232
2026-02-01 12:55:00+05:30,0.0023815117486047045
2026-02-01 13:00:00+05:30,0.0013064752994189984
2026-02-01 13:05:00+05:30,0.0007251097539132433
2026-02-01 13:10:00+05:30,0.00047527314646861037
2026-02-01 13:15:00+05:30,-0.00016491446041134785
2026-02-01 13:20:00+05:30,0.0008265649654914299
2026-02-01 13:25:00+05:30,-0.0023800263423994624
2026-02-01 13:30:00+05:30,0.0008554524353076255
2026-02-01 13:35:00+05:30,-0.0008965777462553243
2026-02-01 13:40:00+05:30,0.0006239995783617131
2026-02-01 13:45:00+05:30,-0.0008054532201646408
2026-02-01 13:50:00+05:30,-0.0021724698969480642
2026-02-01 13:55:00+05:30,0.001771825710706951
2026-02-01 14:00:00+05:30,-0.0012183938820516237
2026-02-01 14:05:00+05:30,-0.0008047190718820067
2026-02-01 14:10:00+05:30,0.00010256334224063346
2026-02-01 14:15:00+05:30,-0.00017805473517642034
2026-02-01 14:20:00+05:30,-0.00015509808271743788
2026-02-01 14:25:00+05:30,0.0010351884844006392
2026-02-01 14:30:00+05:30,0.001133073839930402
2026-02-01 14:35:00+05:30,4.002945321768259e-05
2026-02-01 14:40:00+05:30,-0.0011658807273956283
2026-02-01 14:45:00+05:30,-0.0033173697770707204
2026-02-01 14:50:00+05:30,-0.0010281833692861234
2026-02-01 14:55:00+05:30,-0.0002709663154035991
2026-02-01 15:00:00+05:30,0.000493535903848801
2026-02-01 15:05:00+05:30,-0.0019256142543298636
2026-02-01 15:10:00+05:30,-0.0007878023716658397
2026-02-01 15:15:00+05:30,-0.0018051562549534362
2026-02-01 15:20:00+05:30,-0.001080405938880211
2026-02-01 15:25:00+05:30,0.001567526117013303
2026-02-02 09:15:00+05:30,-0.0016375084806503275
2026-02-02 09:20:00+05:30,0.0013913409835315292
2026-02-02 09:25:00+05:30,-0.0026104114474552477
2026-02-02 09:30:00+05:30,0.0028537695073804943
2026-02-02 09:35:00+05:30,-0.000757934207568446
2026-02-02 09:40:00+05:30,-0.0012690492153371036
2026-02-02 09:45:00+05:30,0.002064583742299488
2026-02-02 09:50:00+05:30,0.0019273769591500879
2026-02-02 09:55:00+05:30,-0.0028635776227016593
2026-02-02 10:00:00+05:30,-0.0007341564359243263
2026-02-02 10:05:00+05:30,-0.0002276952974676309
2026-02-02 10:10:00+05:30,0.0007996168680807798
2026-02-02 10:15:00+05:30,-0.0001396956142084279
2026-02-02 10:20:00+05:30,-0.0004784927582262478
2026-02-02 10:25:00+05:30,-0.00013008864227158576
2026-02-02 10:30:00+05:30,0.0016439266653377998
2026-02-02 10:35:00+05:30,-0.0008876272270235832
2026-02-02 10:40:00+05:30,-0.0006453833930738097
2026-02-02 10:45:00+05:30,-0.00011120616002320633
2026-02-02 10:50:00+05:30,-0.0007326682660962918
2026-02-02 10:55:00+05:30,-0.002184831981365437
2026-02-02 11:00:00+05:30,-0.0010372764718845394
2026-02-02 11:05:00+05:30,-0.0011187087034543128
2026-02-02 11:10:00+05:30,0.00011626234379728744
2026-02-02 11:15:00+05:30,-0.0008442255240641105
2026-02-02 11:20:00+05:30,-0.0007840268737034858
2026-02-02 11:25:00+05:30,0.0015816290817452826
2026-02-02 11:30:00+05:30,0.004296632395738263
2026-02-02 11:35:00+05:30,0.0005339426150522993
2026-02-02 11:40:00+05:30,0.0007252384940966694
2026-02-02 11:45:00+05:30,-0.0005050624762259481
2026-02-02 11:50:00+05:30,-0.0002251906032920166
2026-02-02 11:55:00+05:30,0.0002175070348983764
2026-02-02 12:00:00+05:30,-0.0007383359727340593
2026-02-02 12:05:00+05:30,3.477882186126172e-05
2026-02-02 12:10:00+05:30,0.0019077493193316163
2026-02-02 12:15:00+05:30,-0.0005072743346639389
2026-02-02 12:20:00+05:30,0.0005601809353371447
2026-02-02 12:25:00+05:30,2.185969929267474e-05
2026-02-02 12:30:00+05:30,-0.000646126423592075
2026-02-02 12:35:00+05:30,0.00032710031879002485
2026-02-02 12:40:00+05:30,-0.0007760593614217244
2026-02-02 12:45:00+05:30,0.0011609675740978055
2026-02-02 12:50:00+05:30,-0.00010363835868408775
2026-02-02 12:55:00+05:30,0.0021400575741720453
2026-02-02 13:00:00+05:30,0.00012762751704542552
2026-02-02 13:05:00+05:30,0.0005450645516376903
2026-02-02 13:10:00+05:30,-0.0008901293780759533
2026-02-02 13:15:00+05:30,-0.0013356794591319508
2026-02-02 13:20:00+05:30,-0.0009965168080700495
2026-02-02 13:25:00+05:30,0.0008365915896311954
2026-02-02 13:30:00+05:30,-0.00038952878696824945
2026-02-02 13:35:00+05:30,0.0014002086513098708
2026-02-02 13:40:00+05:30,0.0017711603548059855
2026-02-02 13:45:00+05:30,0.0005193837088812188
2026-02-02 13:50:00+05:30,-0.00010974545039269126
2026-02-02 13:55:00+05:30,-0.0005884500232304445
2026-02-02 14:00:00+05:30,0.0002122556010448926
2026-02-02 14:05:00+05:30,-0.0008746298110854133
2026-02-02 14:10:00+05:30,0.0004672418851768775
2026-02-02 14:15:00+05:30,-0.0005141471348546186
2026-02-02 14:20:00+05:30,0.0009838957075387446
2026-02-02 14:25:00+05:30,0.000611661145968486
2026-02-02 14:30:00+05:30,-0.0013603630414336858
2026-02-02 14:35:00+05:30,0.0004584757304377562
2026-02-02 14:40:00+05:30,0.00026451068901154224
2026-02-02 14:45:00+05:30,0.0011864468023692577
2026-02-02 14:50:00+05:30,0.0007491799418098674
2026-02-02 14:55:00+05:30,0.0008022836463323562
2026-02-02 15:00:00+05:30,0.001519097649849985
2026-02-02 15:05:00+05:30,0.0006439466875792659
2026-02-02 15:10:00+05:30,-0.00032993536874850884
2026-02-02 15:15:00+05:30,0.00043878224265846946
2026-02-02 15:20:00+05:30,-0.0001229989212756171
2026-02-02 15:25:00+05:30,-0.00014322208434980918
2026-02-03 09:15:00+05:30,0.028371294688035547
2026-02-03 09:20:00+05:30,-0.00016630309372135446
2026-02-03 09:25:00+05:30,-0.0009331284263988747
2026-02-03 09:30:00+05:30,-0.0002907729755677879
2026-02-03 09:35:00+05:30,-5.304281840636337e-05
2026-02-03 09:40:00+05:30,-0.0010922898462199543
2026-02-03 09:45:00+05:30,0.0012653784718065044
2026-02-03 09:50:00+05:30,-0.0014349787637954498
2026-02-03 09:55:00+05:30,-0.0011630025625546088
2026-02-03 10:00:00+05:30,-0.00014821322564264138
2026-02-03 10:05:00+05:30,-0.0013116957854648848
2026-02-03 10:10:00+05:30,-0.00015720920035712882
2026-02-03 10:15:00+05:30,0.0030496234325364
2026-02-03 10:20:00+05:30,0.0012509095397311885
2026-02-03 10:25:00+05:30,-0.00033249870972493065
2026-02-03 10:30:00+05:30,0.0013084018383899948
2026-02-03 10:35:00+05:30,0.0004525798112743223
2026-02-03 10:40:00+05:30,-0.0008521495837402412
2026-02-03 10:45:00+05:30,-0.0010192630266036358
2026-02-03 10:50:00+05:30,0.0001989079471537907
2026-02-03 10:55:00+05:30,0.0005680381084490818
2026-02-03 11:00:00+05:30,0.00024847461669867606
2026-02-03 11:05:00+05:30,-0.0004145764607269389
2026-02-03 11:10:00+05:30,0.0001625012200182688
2026-02-03 11:15:00+05:30,-0.0003499061565429913
2026-02-03 11:20:00+05:30,0.0008752634777078619
2026-02-03 11:25:00+05:30,0.0008027069023234246
2026-02-03 11:30:00+05:30,0.0010272152306171243
2026-02-03 11:35:00+05:30,2.1592106224567258e-05
2026-02-03 11:40:00+05:30,0.00027692081002327865
2026-02-03 11:45:00+05:30,-0.0003312841891074158
2026-02-03 11:50:00+05:30,8.378261953457869e-05
2026-02-03 11:55:00+05:30,0.00037774789289527665
2026-02-03 12:00:00+05:30,-0.0005481356351706317
2026-02-03 12:05:00+05:30,5.6275104285624365e-05
2026-02-03 12:10:00+05:30,0.0007277916971184108
2026-02-03 12:15:00+05:30,-0.0007464286098390075
2026-02-03 12:20:00+05:30,-0.0004956177835829157
2026-02-03 12:25:00+05:30,-0.0008546838042860815
2026-02-03 12:30:00+05:30,0.0004220092628119486
2026-02-03 12:35:00+05:30,-0.00010378638400851257
2026-02-03 12:40:00+05:30,0.00034927473505834346
2026-02-03 12:45:00+05:30,-0.0005605042083771252
2026-02-03 12:50:00+05:30,0.00033526163280959027
2026-02-03 12:55:00+05:30,5.8097657910766444e-05
2026-02-03 13:00:00+05:30,0.0001783301612406801
2026-02-03 13:05:00+05:30,-0.00017705777541620002
2026-02-03 13:10:00+05:30,-0.00017090373078883884
2026-02-03 13:15:00+05:30,0.0004924458335979239
2026-02-03 13:20:00+05:30,-0.00017360532885285788
2026-02-03 13:25:00+05:30,-0.000826276474359277
2026-02-03 13:30:00+05:30,-0.0005818104412046619
2026-02-03 13:35:00+05:30,0.0005616432456432285
2026-02-03 13:40:00+05:30,0.0011414074655298318
2026-02-03 13:45:00+05:30,-5.493908143849284e-05
2026-02-03 13:50:00+05:30,0.00022188055094365505
2026-02-03 13:55:00+05:30,-0.001009067707881801
2026-02-03 14:00:00+05:30,0.00019234480006358775
2026-02-03 14:05:00+05:30,0.00017287717623012808
2026-02-03 14:10:00+05:30,-0.0007178958728290698
2026-02-03 14:15:00+05:30,-0.0006432002408473262
2026-02-03 14:20:00+05:30,0.0002585356890459093
2026-02-03 14:25:00+05:30,-0.0005593518547535606
2026-02-03 14:30:00+05:30,-0.00018457219400495225
2026-02-03 14:35:00+05:30,0.00046487131806774586
2026-02-03 14:40:00+05:30,-0.0011131858996722187
2026-02-03 14:45:00+05:30,0.0004679957622029984
2026-02-03 14:50:00+05:30,-0.0004179607478406119
2026-02-03 14:55:00+05:30,0.0008027738796849295
2026-02-03 15:00:00+05:30,-0.0016856068242882929
2026-02-03 15:05:00+05:30,-0.00022473789257023528
2026-02-03 15:10:00+05:30,0.0004369196595405426
2026-02-03 15:15:00+05:30,0.0007769211724764197
2026-02-03 15:20:00+05:30,-0.0004074775356132566
2026-02-03 15:25:00+05:30,-0.0006388266468082431
2026-02-04 09:15:00+05:30,-0.0012885523046077408
2026-02-04 09:20:00+05:30,0.0007996927674828999
2026-02-04 09:25:00+05:30,0.00047186212748728806
2026-02-04 09:30:00+05:30,0.00034367739432824386
2026-02-04 09:35:00+05:30,-0.0010333148919709227
2026-02-04 09:40:00+05:30,0.0021336075836742487
2026-02-04 09:45:00+05:30,-0.00024262330167522018
2026-02-04 09:50:00+05:30,-0.0010177707919000072
2026-02-04 09:55:00+05:30,0.0003081350931034332
2026-02-04 10:00:00+05:30,2.3948672546812344e-05
2026-02-04 10:05:00+05:30,0.0003522884355267568
2026-02-04 10:10:00+05:30,-0.0006991407654634253
2026-02-04 10:15:00+05:30,-0.0008406679179779827
2026-02-04 10:20:00+05:30,-0.0006427853391944849
2026-02-04 10:25:00+05:30,9.705940341196341e-05
2026-02-04 10:30:00+05:30,-0.0010364166191157635
2026-02-04 10:35:00+05:30,5.104950620630386e-05
2026-02-04 10:40:00+05:30,0.0005338363350304342
2026-02-04 10:45:00+05:30,0.0007554861897615
2026-02-04 10:50:00+05:30,-0.000160201265970582
2026-02-04 10:55:00+05:30,-0.00017454365882799868
2026-02-04 11:00:00+05:30,0.00012034857611087941
2026-02-04 11:05:00+05:30,-0.0006058536727587768
2026-02-04 11:10:00+05:30,-0.0006397694357266278
2026-02-04 11:15:00+05:30,-0.0005090620223340164
2026-02-04 11:20:00+05:30,-0.0005626550377578404
2026-02-04 11:25:00+05:30,-0.00011454497610214069
2026-02-04 11:30:00+05:30,9.026376569917636e-05
2026-02-04 11:35:00+05:30,-0.00034916130885548054
2026-02-04 11:40:00+05:30,0.0004965396919894312
2026-02-04 11:45:00+05:30,-0.00014533179621246148
2026-02-04 11:50:00+05:30,0.0002062381998810288
2026-02-04 11:55:00+05:30,-0.00010468881687383072
2026-02-04 12:00:00+05:30,-0.0002539941449073961
2026-02-04 12:05:00+05:30,0.0007836790614906596
2026-02-04 12:10:00+05:30,-3.5250456139677024e-05
2026-02-04 12:15:00+05:30,-0.0004396183958225573
2026-02-04 12:20:00+05:30,-9.132890280590185e-05
2026-02-04 12:25:00+05:30,0.0006973921827831438
2026-02-04 12:30:00+05:30,-0.0004157750609713637
2026-02-04 12:35:00+05:30,1.5608238817831295e-05
2026-02-04 12:40:00+05:30,-0.00027971107489299066
2026-02-04 12:45:00+05:30,-0.0004787827969540371
2026-02-04 12:50:00+05:30,-0.00023290719774524566
2026-02-04 12:55:00+05:30,-0.0003673849253270224
2026-02-04 13:00:00+05:30,0.0005036776929058766
2026-02-04 13:05:00+05:30,0.0009193790048233472
2026-02-04 13:10:00+05:30,0.00023556772029081614
2026-02-04 13:15:00+05:30,0.00018486739106561933
2026-02-04 13:20:00+05:30,0.00026491330947830375
2026-02-04 13:25:00+05:30,0.000383362525705045
2026-02-04 13:30:00+05:30,0.000350334400916229
2026-02-04 13:35:00+05:30,0.00018324661565236484
2026-02-04 13:40:00+05:30,0.00014882608543953513
2026-02-04 13:45:00+05:30,-6.66583102576735e-05
2026-02-04 13:50:00+05:30,0.0006579422609307498
2026-02-04 13:55:00+05:30,-0.000476862685877982
2026-02-04 14:00:00+05:30,-0.0004461233922614368
2026-02-04 14:05:00+05:30,-0.0001488284567553455
2026-02-04 14:10:00+05:30,0.0010193850713228262
2026-02-04 14:15:00+05:30,0.000470908058122981
2026-02-04 14:20:00+05:30,3.885305985195624e-05
2026-02-04 14:25:00+05:30,-4.950399388727994e-05
2026-02-04 14:30:00+05:30,-7.700282266183485e-05
2026-02-04 14:35:00+05:30,0.00028258399938892246
2026-02-04 14:40:00+05:30,-0.00011347447135849547
2026-02-04 14:45:00+05:30,-0.0003617442120371394
2026-02-04 14:50:00+05:30,1.4811056715156501e-05
2026-02-04 14:55:00+05:30,-0.0005517456348268267
2026-02-04 15:00:00+05:30,0.00014560106180941536
2026-02-04 15:05:00+05:30,-0.00018277850088551476
2026-02-04 15:10:00+05:30,4.5934007032350245e-05
2026-02-04 15:15:00+05:30,-0.0002505492645186706
2026-02-04 15:20:00+05:30,-0.0005448021942851456
2026-02-04 15:25:00+05:30,-0.00043958095222051963
2026-02-05 09:15:00+05:30,-0.003062493882634827
2026-02-05 09:20:00+05:30,-0.001842463886223193
2026-02-05 09:25:00+05:30,0.0003909653496160938
2026-02-05 09:30:00+05:30,-0.00018792092825500726
2026-02-05 09:35:00+05:30,-0.0005724123286357724
2026-02-05 09:40:00+05:30,-0.0011776124854761742
2026-02-05 09:45:00+05:30,0.00014087010574710167
2026-02-05 09:50:00+05:30,-0.0002701436540502092
2026-02-05 09:55:00+05:30,0.0008418503086115727
2026-02-05 10:00:00+05:30,0.00027742399390822943
2026-02-05 10:05:00+05:30,-0.0005460489745600036
2026-02-05 10:10:00+05:30,0.001185475665407019
2026-02-05 10:15:00+05:30,0.000164326512073157
2026-02-05 10:20:00+05:30,0.0011509818751032658
2026-02-05 10:25:00+05:30,-0.0013165651353366401
2026-02-05 10:30:00+05:30,-0.0004831409429777737
2026-02-05 10:35:00+05:30,-0.0007527538876727606
2026-02-05 10:40:00+05:30,0.00031552179067131486
2026-02-05 10:45:00+05:30,-9.166390390773727e-05
2026-02-05 10:50:00+05:30,-0.00016823964851225544
2026-02-05 10:55:00+05:30,-0.00020909254673488094
2026-02-05 11:00:00+05:30,0.000380690249866095
2026-02-05 11:05:00+05:30,0.0005295504007243032
2026-02-05 11:10:00+05:30,0.0005769411350765177
2026-02-05 11:15:00+05:30,-0.0009076184080128767
2026-02-05 11:20:00+05:30,9.116144083801272e-05
2026-02-05 11:25:00+05:30,0.0003943244056881249
2026-02-05 11:30:00+05:30,-3.200627027398703e-05
2026-02-05 11:35:00+05:30,0.000941718513280416
2026-02-05 11:40:00+05:30,-7.58228803214797e-05
2026-02-05 11:45:00+05:30,-0.0010450348502453071
2026-02-05 11:50:00+05:30,-6.381734801859458e-05
2026-02-05 11:55:00+05:30,0.0005604432322585556
2026-02-05 12:00:00+05:30,-0.00012706350049546998
2026-02-05 12:05:00+05:30,-0.0006640768088366047
2026-02-05 12:10:00+05:30,-0.0001539491919588272
2026-02-05 12:15:00+05:30,-0.0005423736059229604
2026-02-05 12:20:00+05:30,1.9406294453096e-05
2026-02-05 12:25:00+05:30,0.0001981183359404524
2026-02-05 12:30:00+05:30,-0.00013518204935434786
2026-02-05 12:35:00+05:30,0.00019074942975026344
2026-02-05 12:40:00+05:30,-0.00023469956906709948
2026-02-05 12:45:00+05:30,0.000233642439074714
2026-02-05 12:50:00+05:30,0.00012759748977882838
2026-02-05 12:55:00+05:30,0.0006232485771746797
2026-02-05 13:00:00+05:30,-0.00012052984967604377
2026-02-05 13:05:00+05:30,0.0002288401815041705
2026-02-05 13:10:00+05:30,-0.00045813110905196534
2026-02-05 13:15:00+05:30,0.0006240271235039563
2026-02-05 13:20:00+05:30,-0.00020845846132100387
2026-02-05 13:25:00+05:30,-0.0011842806542772897
2026-02-05 13:30:00+05:30,0.0008778086405559245
2026-02-05 13:35:00+05:30,0.00038991574922539316
2026-02-05 13:40:00+05:30,8.312730897896385e-05
2026-02-05 13:45:00+05:30,0.00011812258509161964
2026-02-05 13:50:00+05:30,-0.00032990102165134826
2026-02-05 13:55:00+05:30,0.00010329907537852036
2026-02-05 14:00:00+05:30,6.060300468608019e-05
2026-02-05 14:05:00+05:30,-0.0014753318581812083
2026-02-05 14:10:00+05:30,6.019729796563914e-05
2026-02-05 14:15:00+05:30,-0.00022598086849836085
2026-02-05 14:20:00+05:30,-6.251242366616059e-05
2026-02-05 14:25:00+05:30,0.0007185271165995643
2026-02-05 14:30:00+05:30,0.00010072990180355404
2026-02-05 14:35:00+05:30,0.00039750355917482423
2026-02-05 14:40:00+05:30,-0.00020076531037146287
2026-02-05 14:45:00+05:30,-5.6991745069112056e-05
2026-02-05 14:50:00+05:30,0.0002817283625067338
2026-02-05 14:55:00+05:30,0.0005231829424944033
2026-02-05 15:00:00+05:30,0.0007434740221865697
2026-02-05 15:05:00+05:30,-0.0007392112960700075
2026-02-05 15:10:00+05:30,0.00022138612326100553
2026-02-05 15:15:00+05:30,-0.0007469400213626047
2026-02-05 15:20:00+05:30,4.3218558462419425e-06
2026-02-05 15:25:00+05:30,0.00019870922166247653
2026-02-06 09:15:00+05:30,-0.0026155519953007652
2026-02-06 09:20:00+05:30,-0.0007966826034619547
2026-02-06 09:25:00+05:30,-0.0005388250843283192
2026-02-06 09:30:00+05:30,3.374380230839644e-05
2026-02-06 09:35:00+05:30,-0.0005483898202169587
2026-02-06 09:40:00+05:30,-0.0005418915667119512
2026-02-06 09:45:00+05:30,0.0008291547573384392
2026-02-06 09:50:00+05:30,-0.0005317778765422212
2026-02-06 09:55:00+05:30,0.0005530402512809889
2026-02-06 10:00:00+05:30,-0.00017127047262827975
2026-02-06 10:05:00+05:30,-0.00010004270626483511
2026-02-06 10:10:00+05:30,-0.0005187938653531749
2026-02-06 10:15:00+05:30,0.0013400456226881966
2026-02-06 10:20:00+05:30,4.9892469538588047e-05
2026-02-06 10:25:00+05:30,-0.0015586224799076845
2026-02-06 10:30:00+05:30,7.1578225036240146e-06
2026-02-06 10:35:00+05:30,0.000969620663772737
2026-02-06 10:40:00+05:30,-0.0007157492437358526
2026-02-06 10:45:00+05:30,0.00042133810693309313
2026-02-06 10:50:00+05:30,-0.0002705164409236206
2026-02-06 10:55:00+05:30,0.0012129065082919076
2026-02-06 11:00:00+05:30,0.0009099557296232744
2026-02-06 11:05:00+05:30,0.000740607657535837
2026-02-06 11:10:00+05:30,0.001223448919370277
2026-02-06 11:15:00+05:30,-0.00024729177575805465
2026-02-06 11:20:00+05:30,0.0007009520482921659
2026-02-06 11:25:00+05:30,9.575168654864022e-05
2026-02-06 11:30:00+05:30,0.0005441928738964044
2026-02-06 11:35:00+05:30,0.0007754226024473516
2026-02-06 11:40:00+05:30,-0.0001919616534912589
2026-02-06 11:45:00+05:30,0.0007619096513553286
2026-02-06 11:50:00+05:30,-0.0002721208465180004
2026-02-06 11:55:00+05:30,0.00011293735187590277
2026-02-06 12:00:00+05:30,-0.00047361741369204776
2026-02-06 12:05:00+05:30,-0.0009552480772594407
2026-02-06 12:10:00+05:30,0.0005544906762055984
2026-02-06 12:15:00+05:30,-0.00027298176871188033
2026-02-06 12:20:00+05:30,-0.0011733406252645003
2026-02-06 12:25:00+05:30,-0.00022880636668758626
2026-02-06 12:30:00+05:30,-0.0010822120734661313
2026-02-06 12:35:00+05:30,0.0003953592498090054
2026-02-06 12:40:00+05:30,2.7407619205604678e-05
2026-02-06 12:45:00+05:30,-5.4531462279773875e-06
2026-02-06 12:50:00+05:30,-6.775278924088304e-05
2026-02-06 12:55:00+05:30,0.001137714095372491
2026-02-06 13:00:00+05:30,-4.117901435668773e-05
2026-02-06 13:05:00+05:30,-0.00016754230770829457
2026-02-06 13:10:00+05:30,-9.786762128547923e-05
2026-02-06 13:15:00+05:30,0.0002797980836720612
2026-02-06 13:20:00+05:30,-0.00014078641304686372
2026-02-06 13:25:00+05:30,-0.0001359294000879915
2026-02-06 13:30:00+05:30,-0.00011921049015347454
2026-02-06 13:35:00+05:30,0.0008421441529803397
2026-02-06 13:40:00+05:30,3.669607770977117e-05
2026-02-06 13:45:00+05:30,0.0004091489279999717
2026-02-06 13:50:00+05:30,0.0011964856328308944
2026-02-06 13:55:00+05:30,-0.0003289395700045775
2026-02-06 14:00:00+05:30,7.447125898643165e-05
2026-02-06 14:05:00+05:30,0.0001628315165367147
2026-02-06 14:10:00+05:30,-0.0004997228473582135
2026-02-06 14:15:00+05:30,9.17563353460651e-05
2026-02-06 14:20:00+05:30,-0.00043920543199764335
2026-02-06 14:25:00+05:30,0.0002455575728478905
2026-02-06 14:30:00+05:30,0.00037368832732737934
2026-02-06 14:35:00+05:30,0.0002405467389630568
2026-02-06 14:40:00+05:30,0.0007558611809369564
2026-02-06 14:45:00+05:30,-0.0005522536925503559
2026-02-06 14:50:00+05:30,0.0006431904849145452
2026-02-06 14:55:00+05:30,0.0005275862556486786
2026-02-06 15:00:00+05:30,0.00046149484129497315
2026-02-06 15:05:00+05:30,0.0004566611459911826
2026-02-06 15:10:00+05:30,0.00015439010605986398
2026-02-06 15:15:00+05:30,-6.174003178345617e-05
2026-02-06 15:20:00+05:30,-5.1575962396997964e-05
2026-02-06 15:25:00+05:30,-0.0008240025540939073
2026-02-09 09:15:00+05:30,0.008619550070206317
2026-02-09 09:20:00+05:30,-0.0003160209190008011
2026-02-09 09:25:00+05:30,0.00018571776364039114
2026-02-09 09:30:00+05:30,-0.0006763387471097469
2026-02-09 09:35:00+05:30,-0.0010571993229970763
2026-02-09 09:40:00+05:30,0.00029933490315369707
2026-02-09 09:45:00+05:30,0.0006944913961641705
2026-02-09 09:50:00+05:30,-0.00017513363609647064
2026-02-09 09:55:00+05:30,0.00018943628339329025
2026-02-09 10:00:00+05:30,0.0003407730749935541
2026-02-09 10:05:00+05:30,-0.00036480418566594387
2026-02-09 10:10:00+05:30,-0.00036104728306021885
2026-02-09 10:15:00+05:30,0.0005739347021162142
2026-02-09 10:20:00+05:30,-3.434692227744536e-05
2026-02-09 10:25:00+05:30,-0.00043998913588687804
2026-02-09 10:30:00+05:30,0.0008566498461679211
2026-02-09 10:35:00+05:30,0.0003548972315625793
2026-02-09 10:40:00+05:30,0.0002154653247555991
2026-02-09 10:45:00+05:30,2.977508175947435e-05
2026-02-09 10:50:00+05:30,0.0005473070711446047
2026-02-09 10:55:00+05:30,0.00019523823329875274
2026-02-09 11:00:00+05:30,-0.0003264183991201354
2026-02-09 11:05:00+05:30,0.00019886521806258974
2026-02-09 11:10:00+05:30,0.00029158317330744613
2026-02-09 11:15:00+05:30,0.0004827661021267544
2026-02-09 11:20:00+05:30,0.0004033419671210485
2026-02-09 11:25:00+05:30,6.331801590043236e-05
2026-02-09 11:30:00+05:30,-0.000608987125638277
2026-02-09 11:35:00+05:30,0.0002784861948892848
2026-02-09 11:40:00+05:30,-0.0004551143865445119
2026-02-09 11:45:00+05:30,-0.00026013796076293944
2026-02-09 11:50:00+05:30,-0.0005607073959528547
2026-02-09 11:55:00+05:30,-0.0002075279933224416
2026-02-09 12:00:00+05:30,3.26127537465e-05
2026-02-09 12:05:00+05:30,0.0005557407586525477
2026-02-09 12:10:00+05:30,0.0002266264991673758
2026-02-09 12:15:00+05:30,-0.00022885959787077273
2026-02-09 12:20:00+05:30,0.00023657243364168904
2026-02-09 12:25:00+05:30,-0.00045928914227809007
2026-02-09 12:30:00+05:30,-0.0003888088427082168
2026-02-09 12:35:00+05:30,-0.00048103892121188546
2026-02-09 12:40:00+05:30,-0.0001978447028823514
2026-02-09 12:45:00+05:30,6.150259169180357e-06
2026-02-09 12:50:00+05:30,-0.00044761592982583097
2026-02-09 12:55:00+05:30,0.0005415089883588894
2026-02-09 13:00:00+05:30,0.00031602738562545206
2026-02-09 13:05:00+05:30,0.0004622341172751311
2026-02-09 13:10:00+05:30,-0.00018703529906477208
2026-02-09 13:15:00+05:30,0.0003681649992110894
2026-02-09 13:20:00+05:30,-0.0004212297667090496
2026-02-09 13:25:00+05:30,-0.00032184881893706027
2026-02-09 13:30:00+05:30,0.0002271898098906068
2026-02-09 13:35:00+05:30,0.0001973883940244126
2026-02-09 13:40:00+05:30,0.00019956643429548158
2026-02-09 13:45:00+05:30,-0.0003314609990196826
2026-02-09 13:50:00+05:30,-0.00023537460112651863
2026-02-09 13:55:00+05:30,4.024663317998322e-05
2026-02-09 14:00:00+05:30,-0.00020382055551781963
2026-02-09 14:05:00+05:30,0.00013649608106850044
2026-02-09 14:10:00+05:30,-6.12567736564613e-05
2026-02-09 14:15:00+05:30,1.897283966631323e-05
2026-02-09 14:20:00+05:30,0.00035996070675001066
2026-02-09 14:25:00+05:30,6.907174117663419e-05
2026-02-09 14:30:00+05:30,-0.00013687442257469482
2026-02-09 14:35:00+05:30,-8.16203040109846e-06
2026-02-09 14:40:00+05:30,-0.00023197967926372334
2026-02-09 14:45:00+05:30,0.00029413946603092756
2026-02-09 14:50:00+05:30,-2.8304673617409854e-05
2026-02-09 14:55:00+05:30,0.00018841276795897164
2026-02-09 15:00:00+05:30,0.0002198593594436626
2026-02-09 15:05:00+05:30,-1.8765017548669655e-05
2026-02-09 15:10:00+05:30,7.444934241816967e-05
2026-02-09 15:15:00+05:30,-0.00018214803042789014
2026-02-09 15:20:00+05:30,-0.00013069735533529462
2026-02-09 15:25:00+05:30,-0.0003598408002888763
2026-02-10 09:15:00+05:30,0.00236758153529145
2026-02-10 09:20:00+05:30,-2.928382833838602e-05
2026-02-10 09:25:00+05:30,0.00025836198785131765
2026-02-10 09:30:00+05:30,0.0011487421681471404
2026-02-10 09:35:00+05:30,0.00018246669741799572
2026-02-10 09:40:00+05:30,0.00042480857947432106
2026-02-10 09:45:00+05:30,0.00020256806702281365
2026-02-10 09:50:00+05:30,-0.0004929907996874188
2026-02-10 09:55:00+05:30,0.0009154593954243088
2026-02-10 10:00:00+05:30,0.00015986706055900877
2026-02-10 10:05:00+05:30,0.00015070695521538093
2026-02-10 10:10:00+05:30,-8.268959047355146e-05
2026-02-10 10:15:00+05:30,0.001264831051550017
2026-02-10 10:20:00+05:30,-0.00021386011655984212
2026-02-10 10:25:00+05:30,-7.336252706507074e-05
2026-02-10 10:30:00+05:30,0.00014329861590377466
2026-02-10 10:35:00+05:30,0.0002611152781019965
2026-02-10 10:40:00+05:30,-0.0003511914663654367
2026-02-10 10:45:00+05:30,-0.0001361700960885375
2026-02-10 10:50:00+05:30,-0.00010652145050650906
2026-02-10 10:55:00+05:30,-3.73483777382368e-05
2026-02-10 11:00:00+05:30,0.0003091185737991749
2026-02-10 11:05:00+05:30,-0.00010076403378892076
2026-02-10 11:10:00+05:30,0.0001188083042089207
2026-02-10 11:15:00+05:30,-3.208782061372545e-05
2026-02-10 11:20:00+05:30,-0.0002126176859635664
2026-02-10 11:25:00+05:30,-3.763634292129833e-05
2026-02-10 11:30:00+05:30,0.00012832151923988642
2026-02-10 11:35:00+05:30,-0.000196683423549843
2026-02-10 11:40:00+05:30,3.070269049320004e-05
2026-02-10 11:45:00+05:30,-5.646794649077037e-05
2026-02-10 11:50:00+05:30,9.317586797488877e-05
2026-02-10 11:55:00+05:30,6.67827808369089e-05
2026-02-10 12:00:00+05:30,-3.756239221042179e-05
2026-02-10 12:05:00+05:30,-0.00044117030444246197
2026-02-10 12:10:00+05:30,0.00012971638401269492
2026-02-10 12:15:00+05:30,5.6812649013564765e-05
2026-02-10 12:20:00+05:30,-0.00029070050655319166
2026-02-10 12:25:00+05:30,-0.00024047776276236413
2026-02-10 12:30:00+05:30,-5.177311370158965e-05
2026-02-10 12:35:00+05:30,0.0002259740403587866
2026-02-10 12:40:00+05:30,0.00015675120171433412
2026-02-10 12:45:00+05:30,0.0006742691314445738
2026-02-10 12:50:00+05:30,-0.00035797832222921554
2026-02-10 12:55:00+05:30,-0.00021652588847008656
2026-02-10 13:00:00+05:30,-0.0003851942609571954
2026-02-10 13:05:00+05:30,0.0004962935923899485
2026-02-10 13:10:00+05:30,7.633274577839284e-05
2026-02-10 13:15:00+05:30,-0.0007920022807304674
2026-02-10 13:20:00+05:30,-0.0006850196014750162
2026-02-10 13:25:00+05:30,-5.787522789561137e-05
2026-02-10 13:30:00+05:30,-0.0004799272094441841
2026-02-10 13:35:00+05:30,6.301515231695689e-05
2026-02-10 13:40:00+05:30,-7.6005353107337566e-06
2026-02-10 13:45:00+05:30,-0.00011230927942957647
2026-02-10 13:50:00+05:30,0.00019249467829070936
2026-02-10 13:55:00+05:30,-0.0009721177114987784
2026-02-10 14:00:00+05:30,-0.00022239581633669804
2026-02-10 14:05:00+05:30,0.00040001168118444346
2026-02-10 14:10:00+05:30,6.442304662006804e-05
2026-02-10 14:15:00+05:30,0.0008194767052070947
2026-02-10 14:20:00+05:30,-0.0004492468745170958
2026-02-10 14:25:00+05:30,-0.0002828224230322772
2026-02-10 14:30:00+05:30,0.00012695797795193062
2026-02-10 14:35:00+05:30,-0.00014978031953348148
2026-02-10 14:40:00+05:30,-0.00010406681186810698
2026-02-10 14:45:00+05:30,0.000526578058563458
2026-02-10 14:50:00+05:30,0.00031583456110844353
2026-02-10 14:55:00+05:30,0.00017867737476955593
2026-02-10 15:00:00+05:30,0.00028704583221091166
2026-02-10 15:05:00+05:30,6.943967402938649e-05
2026-02-10 15:10:00+05:30,-0.0008776028242397824
2026-02-10 15:15:00+05:30,-0.00045309747774147677
2026-02-10 15:20:00+05:30,-0.00037427715970836823
2026-02-10 15:25:00+05:30,-2.3179594846819828e-05
2026-02-11 09:15:00+05:30,0.002960388846638079
2026-02-11 09:20:00+05:30,-0.0004857174580865828
2026-02-11 09:25:00+05:30,-3.995363147824589e-05
2026-02-11 09:30:00+05:30,-0.00048796957990592774
2026-02-11 09:35:00+05:30,-0.0012316387529777734
2026-02-11 09:40:00+05:30,0.00018040570165249386
2026-02-11 09:45:00+05:30,-0.0003963500451976512
2026-02-11 09:50:00+05:30,0.00038171560795686207
2026-02-11 09:55:00+05:30,-5.293684301584769e-05
2026-02-11 10:00:00+05:30,-0.001181968491180235
2026-02-11 10:05:00+05:30,0.0001346337545000102
2026-02-11 10:10:00+05:30,5.484721100776796e-05
2026-02-11 10:15:00+05:30,0.0012795782794566425
2026-02-11 10:20:00+05:30,0.00023186103852832952
2026-02-11 10:25:00+05:30,1.6329669105796223e-05
2026-02-11 10:30:00+05:30,0.0002068524207192548
2026-02-11 10:35:00+05:30,0.000629838487792458
2026-02-11 10:40:00+05:30,-0.0003341628862324592
2026-02-11 10:45:00+05:30,0.0003374313887784092
2026-02-11 10:50:00+05:30,-0.0006799830072287887
2026-02-11 10:55:00+05:30,-9.711137165273842e-05
2026-02-11 11:00:00+05:30,0.00021889849788514493
2026-02-11 11:05:00+05:30,-0.0007808931238395427
2026-02-11 11:10:00+05:30,0.0006166685325178559
2026-02-11 11:15:00+05:30,-0.00015619522739832755
2026-02-11 11:20:00+05:30,0.00038361824263118783
2026-02-11 11:25:00+05:30,-0.00013343152236745595
2026-02-11 11:30:00+05:30,0.0004246349719951099
2026-02-11 11:35:00+05:30,-0.00015909004627507066
2026-02-11 11:40:00+05:30,-0.00029738990764080925
2026-02-11 11:45:00+05:30,0.00017779015573998454
2026-02-11 11:50:00+05:30,-0.00042033756790184703
2026-02-11 11:55:00+05:30,-0.0005913371827656347
2026-02-11 12:00:00+05:30,0.0005424721123012194
2026-02-11 12:05:00+05:30,-0.0006714378008205969
2026-02-11 12:10:00+05:30,0.000864184835172506
2026-02-11 12:15:00+05:30,-0.0005334740465401389
2026-02-11 12:20:00+05:30,-0.00032995688215181325
2026-02-11 12:25:00+05:30,9.454169944005035e-05
2026-02-11 12:30:00+05:30,-0.000533819767604097
2026-02-11 12:35:00+05:30,-0.00025046675910529216
2026-02-11 12:40:00+05:30,-0.0002747292824957635
2026-02-11 12:45:00+05:30,-2.2687194284343765e-05
2026-02-11 12:50:00+05:30,0.0003496381587450026
2026-02-11 12:55:00+05:30,0.00029208797733142565
2026-02-11 13:00:00+05:30,-0.00041240759956783163
2026-02-11 13:05:00+05:30,0.00023568483632656857
2026-02-11 13:10:00+05:30,-0.00024605370744138665
2026-02-11 13:15:00+05:30,0.00021950041641429307
2026-02-11 13:20:00+05:30,0.00012164382694967417
2026-02-11 13:25:00+05:30,0.00041704009873424016
2026-02-11 13:30:00+05:30,0.0005991218836430892
2026-02-11 13:35:00+05:30,0.00016910677934342386
2026-02-11 13:40:00+05:30,-0.00018835215151084754
2026-02-11 13:45:00+05:30,-0.0007412603354889942
2026-02-11 13:50:00+05:30,-0.00023789714409537752
2026-02-11 13:55:00+05:30,0.00012072897006258558
2026-02-11 14:00:00+05:30,0.00017165018852327574
2026-02-11 14:05:00+05:30,-3.486204298230293e-05
2026-02-11 14:10:00+05:30,0.0007764654935710739
2026-02-11 14:15:00+05:30,0.00023513977117543754
2026-02-11 14:20:00+05:30,-0.0005150712899692577
2026-02-11 14:25:00+05:30,-8.488403400636934e-05
2026-02-11 14:30:00+05:30,0.0002460412263434069
2026-02-11 14:35:00+05:30,-0.00027614799950121717
2026-02-11 14:40:00+05:30,-4.872368498683239e-05
2026-02-11 14:45:00+05:30,7.689546887030596e-06
2026-02-11 14:50:00+05:30,2.2003979078828217e-05
2026-02-11 14:55:00+05:30,-0.0003467207561248169
2026-02-11 15:00:00+05:30,0.00035322540743054046
2026-02-11 15:05:00+05:30,-7.959720088336984e-05
2026-02-11 15:10:00+05:30,8.697071683535331e-05
2026-02-11 15:15:00+05:30,-0.00018701682437536804
2026-02-11 15:20:00+05:30,-0.000383618229789951
2026-02-11 15:25:00+05:30,0.00011018699524488693
2026-02-12 09:15:00+05:30,-0.005231950705468009
2026-02-12 09:20:00+05:30,-0.0006887332379017449
2026-02-12 09:25:00+05:30,-0.0006208679797552697
2026-02-12 09:30:00+05:30,-3.806624413622912e-05
2026-02-12 09:35:00+05:30,0.0002305906030238076
2026-02-12 09:40:00+05:30,-8.61672914665639e-05
2026-02-12 09:45:00+05:30,0.00047208524226152884
2026-02-12 09:50:00+05:30,0.0003161317586221419
2026-02-12 09:55:00+05:30,3.129205293791868e-05
2026-02-12 10:00:00+05:30,0.00019580645143766807
2026-02-12 10:05:00+05:30,-0.0005051686072551471
2026-02-12 10:10:00+05:30,0.0007320862834664085
2026-02-12 10:15:00+05:30,-8.62233783596587e-05
2026-02-12 10:20:00+05:30,2.419798246087062e-05
2026-02-12 10:25:00+05:30,-0.00031808430515674406
2026-02-12 10:30:00+05:30,0.00025092262220433915
2026-02-12 10:35:00+05:30,-0.0007505626647255012
2026-02-12 10:40:00+05:30,0.00010404816323465664
2026-02-12 10:45:00+05:30,0.00016527692725388263
2026-02-12 10:50:00+05:30,-0.00014373125578640158
2026-02-12 10:55:00+05:30,-3.2872582775686934e-05
2026-02-12 11:00:00+05:30,0.0003412234351738138
2026-02-12 11:05:00+05:30,0.00011757340798127689
2026-02-12 11:10:00+05:30,-0.00030788649106470637
2026-02-12 11:15:00+05:30,-0.0001789722905017946
2026-02-12 11:20:00+05:30,-6.214570963752009e-05
2026-02-12 11:25:00+05:30,-0.000319636734252025
2026-02-12 11:30:00+05:30,-0.0005358903671354983
2026-02-12 11:35:00+05:30,-0.0001996588456888496
2026-02-12 11:40:00+05:30,0.000363408446840539
2026-02-12 11:45:00+05:30,-0.00010922605389744526
2026-02-12 11:50:00+05:30,-0.0007554421400267104
2026-02-12 11:55:00+05:30,0.00043940940258724304
2026-02-12 12:00:00+05:30,-0.00042953520025225183
2026-02-12 12:05:00+05:30,0.0004881668697074059
2026-02-12 12:10:00+05:30,2.850671084998538e-05
2026-02-12 12:15:00+05:30,0.0003735076292232038
2026-02-12 12:20:00+05:30,-0.00027376216689938514
2026-02-12 12:25:00+05:30,-1.0211589024834492e-06
2026-02-12 12:30:00+05:30,0.00012984801570525254
2026-02-12 12:35:00+05:30,-0.00017609521822512403
2026-02-12 12:40:00+05:30,0.00030838763849142117
2026-02-12 12:45:00+05:30,0.000208397089683945
2026-02-12 12:50:00+05:30,0.0001660909606235065
2026-02-12 12:55:00+05:30,-0.00012705524605859328
2026-02-12 13:00:00+05:30,-6.841082329082853e-05
2026-02-12 13:05:00+05:30,-0.0002732537907552328
2026-02-12 13:10:00+05:30,-0.0002707023111143622
2026-02-12 13:15:00+05:30,0.0005600906997369949
2026-02-12 13:20:00+05:30,5.266500036229059e-05
2026-02-12 13:25:00+05:30,8.441994972343079e-05
2026-02-12 13:30:00+05:30,-0.0002809289528408608
2026-02-12 13:35:00+05:30,0.00021248881565409588
2026-02-12 13:40:00+05:30,-0.0007468952163617841
2026-02-12 13:45:00+05:30,-0.001235749398304456
2026-02-12 13:50:00+05:30,3.96075482146491e-05
2026-02-12 13:55:00+05:30,-0.00029307329437064817
2026-02-12 14:00:00+05:30,-1.3241692391416224e-05
2026-02-12 14:05:00+05:30,7.595305424557581e-05
2026-02-12 14:10:00+05:30,-0.00011326054506235004
2026-02-12 14:15:00+05:30,-0.0003971185341292295
2026-02-12 14:20:00+05:30,0.0011895924859869986
2026-02-12 14:25:00+05:30,-0.0005418092639194695
2026-02-12 14:30:00+05:30,-7.426282044700895e-06
2026-02-12 14:35:00+05:30,-0.00044469871760410254
2026-02-12 14:40:00+05:30,-0.0004364074804871805
2026-02-12 14:45:00+05:30,-0.0013787351490846971
2026-02-12 14:50:00+05:30,0.00023716705837998516
2026-02-12 14:55:00+05:30,4.443590988557096e-05
2026-02-12 15:00:00+05:30,0.0010704396010365353
2026-02-12 15:05:00+05:30,-0.00021353692256786375
2026-02-12 15:10:00+05:30,-0.0005166925195665067
2026-02-12 15:15:00+05:30,-0.00025591857772792225
2026-02-12 15:20:00+05:30,-0.0004162891152193336
2026-02-12 15:25:00+05:30,-6.970131726971147e-05
2026-02-13 09:15:00+05:30,-0.00995114304217066
2026-02-13 09:20:00+05:30,0.0003769694183884252
2026-02-13 09:25:00+05:30,-0.0007967173029176903
2026-02-13 09:30:00+05:30,-0.0014714494930665749
2026-02-13 09:35:00+05:30,-0.0007312522948808663
2026-02-13 09:40:00+05:30,0.0013204511455454765
2026-02-13 09:45:00+05:30,-0.0005653052167898622
2026-02-13 09:50:00+05:30,-2.116239831718188e-05
2026-02-13 09:55:00+05:30,-0.001103582526678152
2026-02-13 10:00:00+05:30,0.0008324502564631394
2026-02-13 10:05:00+05:30,-0.0005822060491635975
2026-02-13 10:10:00+05:30,-9.834539396034649e-05
2026-02-13 10:15:00+05:30,-0.000303475033157185
2026-02-13 10:20:00+05:30,0.0009335111145663339
2026-02-13 10:25:00+05:30,0.0007338207596991827
2026-02-13 10:30:00+05:30,0.001286867354709094
2026-02-13 10:35:00+05:30,0.0006514857958559205
2026-02-13 10:40:00+05:30,0.0005542641262656035
2026-02-13 10:45:00+05:30,-0.0005967407516155671
2026-02-13 10:50:00+05:30,-0.00011153718169172673
2026-02-13 10:55:00+05:30,4.8621885953442344e-05
2026-02-13 11:00:00+05:30,-0.0008215942500088923
2026-02-13 11:05:00+05:30,0.00010194881991430395
2026-02-13 11:10:00+05:30,0.0010608839282145615
2026-02-13 11:15:00+05:30,-0.0008831663292024835
2026-02-13 11:20:00+05:30,0.00014619596788976641
2026-02-13 11:25:00+05:30,0.0006643372761392725
2026-02-13 11:30:00+05:30,-0.0007329196357234286
2026-02-13 11:35:00+05:30,0.000148259429800305
2026-02-13 11:40:00+05:30,0.0008726161123189247
2026-02-13 11:45:00+05:30,0.00017383287747549234
2026-02-13 11:50:00+05:30,7.28372177173072e-05
2026-02-13 11:55:00+05:30,0.00021934694050629896
2026-02-13 12:00:00+05:30,0.00021794108943385434
2026-02-13 12:05:00+05:30,0.000802992845820083
2026-02-13 12:10:00+05:30,0.00022391817502608266
2026-02-13 12:15:00+05:30,-9.623283793590507e-05
2026-02-13 12:20:00+05:30,0.0004478301822958947
2026-02-13 12:25:00+05:30,0.0005536365112799196
2026-02-13 12:30:00+05:30,0.0005465528833886793
2026-02-13 12:35:00+05:30,-0.00036136464170812374
2026-02-13 12:40:00+05:30,-0.0004594068776311241
2026-02-13 12:45:00+05:30,-0.00020605295718766872
2026-02-13 12:50:00+05:30,-0.0007959992143486037
2026-02-13 12:55:00+05:30,-0.0008736010224414363
2026-02-13 13:00:00+05:30,0.00019107737075055455
2026-02-13 13:05:00+05:30,8.359636847118204e-05
2026-02-13 13:10:00+05:30,0.0009637240824591322
2026-02-13 13:15:00+05:30,0.0004670443975832658
2026-02-13 13:20:00+05:30,-0.0012126000468014773
2026-02-13 13:25:00+05:30,-0.0002541705246064236
2026-02-13 13:30:00+05:30,-0.0004038728996296145
2026-02-13 13:35:00+05:30,0.0002525528245706072
2026-02-13 13:40:00+05:30,-0.00028352028808304776
2026-02-13 13:45:00+05:30,-0.0012805069800908037
2026-02-13 13:50:00+05:30,0.00031890362840299825
2026-02-13 13:55:00+05:30,0.0006427024747356873
2026-02-13 14:00:00+05:30,0.0002707289367711702
2026-02-13 14:05:00+05:30,-0.00029698308682176534
2026-02-13 14:10:00+05:30,0.0006602868493002658
2026-02-13 14:15:00+05:30,-0.0002988974603250001
2026-02-13 14:20:00+05:30,5.770731148681628e-05
2026-02-13 14:25:00+05:30,0.00023212427356297075
2026-02-13 14:30:00+05:30,-0.0010694260582643398
2026-02-13 14:35:00+05:30,0.0004304904760395905
2026-02-13 14:40:00+05:30,4.651320280888321e-05
2026-02-13 14:45:00+05:30,-0.00033440084648038654
2026-02-13 14:50:00+05:30,0.00020829838934388026
2026-02-13 14:55:00+05:30,5.8366710091535034e-05
2026-02-13 15:00:00+05:30,-0.000660705565135574
2026-02-13 15:05:00+05:30,-0.0006140846901784642
2026-02-13 15:10:00+05:30,4.2218509614611044e-05
2026-02-13 15:15:00+05:30,7.59764509649798e-05
2026-02-13 15:20:00+05:30,-0.0008109396532691598
2026-02-13 15:25:00+05:30,0.0005449581707659821
2026-02-16 09:15:00+05:30,0.00029291825285920013
2026-02-16 09:20:00+05:30,0.00044735246076450867
2026-02-16 09:25:00+05:30,-0.0009821139128383758
2026-02-16 09:30:00+05:30,0.0015358769339497893
2026-02-16 09:35:00+05:30,-0.0012937728904950491
2026-02-16 09:40:00+05:30,-0.001516775354975642
2026-02-16 09:45:00+05:30,-0.0005663812215074925
2026-02-16 09:50:00+05:30,0.00048148018182749946
2026-02-16 09:55:00+05:30,0.0008996329471414132
2026-02-16 10:00:00+05:30,0.0014502726220767068
2026-02-16 10:05:00+05:30,-0.0007422430309580161
2026-02-16 10:10:00+05:30,0.0011100082442242359
2026-02-16 10:15:00+05:30,-0.0001274729302371123
2026-02-16 10:20:00+05:30,-0.0007145380338534974
2026-02-16 10:25:00+05:30,-0.0003895604446805607
2026-02-16 10:30:00+05:30,6.0421116858976275e-05
2026-02-16 10:35:00+05:30,-0.00029616367180155433
2026-02-16 10:40:00+05:30,-5.507806064091999e-05
2026-02-16 10:45:00+05:30,-0.00028840808163203764
2026-02-16 10:50:00+05:30,-0.00036116186881080274
2026-02-16 10:55:00+05:30,0.0004520830930109243
2026-02-16 11:00:00+05:30,2.2457460384317507e-05
2026-02-16 11:05:00+05:30,0.00010743774963817287
2026-02-16 11:10:00+05:30,0.00014578635539690645
2026-02-16 11:15:00+05:30,1.5118598576607508e-05
2026-02-16 11:20:00+05:30,0.0003540201367546385
2026-02-16 11:25:00+05:30,-0.0009395364031909758
2026-02-16 11:30:00+05:30,-3.923078366302749e-05
2026-02-16 11:35:00+05:30,0.0003254147787274485
2026-02-16 11:40:00+05:30,-0.00030246223330006387
2026-02-16 11:45:00+05:30,-0.0002547295482887451
2026-02-16 11:50:00+05:30,-0.00014413693059355773
2026-02-16 11:55:00+05:30,0.0005178842501093987
2026-02-16 12:00:00+05:30,0.00012663204736990412
2026-02-16 12:05:00+05:30,0.00021216569593680333
2026-02-16 12:10:00+05:30,0.00027814589707963436
2026-02-16 12:15:00+05:30,0.0008442397306861821
2026-02-16 12:20:00+05:30,-0.0002271314276749776
2026-02-16 12:25:00+05:30,0.0005538935050542687
2026-02-16 12:30:00+05:30,0.00041563170243695183
2026-02-16 12:35:00+05:30,-0.0002344596528681394
2026-02-16 12:40:00+05:30,9.231872429737413e-05
2026-02-16 12:45:00+05:30,-0.0010863403913172402
2026-02-16 12:50:00+05:30,0.0004314770102143866
2026-02-16 12:55:00+05:30,-0.0003215141264241512
2026-02-16 13:00:00+05:30,0.0005023675631433454
2026-02-16 13:05:00+05:30,0.0004687192805374826
2026-02-16 13:10:00+05:30,-0.00019626192115631663
2026-02-16 13:15:00+05:30,-0.00020224878316747082
2026-02-16 13:20:00+05:30,0.0006012500546367022
2026-02-16 13:25:00+05:30,0.00034688459306045507
2026-02-16 13:30:00+05:30,-0.00012125003605153859
2026-02-16 13:35:00+05:30,0.00030203413689797615
2026-02-16 13:40:00+05:30,-6.71518256499745e-06
2026-02-16 13:45:00+05:30,-1.95624278683044e-05
2026-02-16 13:50:00+05:30,-0.00032221971067841455
2026-02-16 13:55:00+05:30,-0.00025834642794392586
2026-02-16 14:00:00+05:30,0.0004127201141821354
2026-02-16 14:05:00+05:30,-0.000501689208668712
2026-02-16 14:10:00+05:30,0.00085339522637888
2026-02-16 14:15:00+05:30,-4.098089830626311e-05
2026-02-16 14:20:00+05:30,0.0002590378696948921
2026-02-16 14:25:00+05:30,0.0016979674783088828
2026-02-16 14:30:00+05:30,0.0008747742455215672
2026-02-16 14:35:00+05:30,-0.0005205107150413978
2026-02-16 14:40:00+05:30,0.00024404880449501118
2026-02-16 14:45:00+05:30,0.0008351405843888738
2026-02-16 14:50:00+05:30,-0.0004955903440448063
2026-02-16 14:55:00+05:30,0.0005318294087234568
2026-02-16 15:00:00+05:30,0.0007880673554440811
2026-02-16 15:05:00+05:30,0.0005281674519765035
2026-02-16 15:10:00+05:30,-2.4620707925287155e-05
2026-02-16 15:15:00+05:30,-0.00016300699647161347
2026-02-16 15:20:00+05:30,0.00039364168543203
2026-02-16 15:25:00+05:30,-5.5235578170770004e-05
2026-02-17 09:15:00+05:30,-0.0016055601524563516
2026-02-17 09:20:00+05:30,-0.0013420377317163372
2026-02-17 09:25:00+05:30,0.0010656899818650642
2026-02-17 09:30:00+05:30,0.0018180210161555506
2026-02-17 09:35:00+05:30,0.00022559703623214436
2026-02-17 09:40:00+05:30,0.0011909492284697808
2026-02-17 09:45:00+05:30,-0.0001873390906074658
2026-02-17 09:50:00+05:30,0.0007727958442451549
2026-02-17 09:55:00+05:30,0.0001927628208884959
2026-02-17 10:00:00+05:30,-0.0003015241815207637
2026-02-17 10:05:00+05:30,-2.848233324157395e-05
2026-02-17 10:10:00+05:30,0.0003595573774678276
2026-02-17 10:15:00+05:30,0.00027617679000422804
2026-02-17 10:20:00+05:30,0.0002594748975550325
2026-02-17 10:25:00+05:30,0.0010060716946376342
2026-02-17 10:30:00+05:30,-0.00021770586152555636
2026-02-17 10:35:00+05:30,-0.0009258609248829574
2026-02-17 10:40:00+05:30,-0.00113089990209355
2026-02-17 10:45:00+05:30,-0.00015842139207350155
2026-02-17 10:50:00+05:30,-0.0005256103647187999
2026-02-17 10:55:00+05:30,0.000519043977374082
2026-02-17 11:00:00+05:30,-4.941400456417561e-05
2026-02-17 11:05:00+05:30,0.00012316416348779949
2026-02-17 11:10:00+05:30,0.00014217397762330669
2026-02-17 11:15:00+05:30,0.0005280790883258262
2026-02-17 11:20:00+05:30,0.00034344321629881395
2026-02-17 11:25:00+05:30,0.0004920056910991487
2026-02-17 11:30:00+05:30,0.001337393257127579
2026-02-17 11:35:00+05:30,0.000421581103497478
2026-02-17 11:40:00+05:30,-0.00033926227886528276
2026-02-17 11:45:00+05:30,0.0007500150135894586
2026-02-17 11:50:00+05:30,0.00032262642014717276
2026-02-17 11:55:00+05:30,-0.00043395567301594465
2026-02-17 12:00:00+05:30,-0.000151658206387038
2026-02-17 12:05:00+05:30,6.964251419298777e-05
2026-02-17 12:10:00+05:30,-0.00013009204597244493
2026-02-17 12:15:00+05:30,0.0007434383116501937
2026-02-17 12:20:00+05:30,0.0002198105122993507
2026-02-17 12:25:00+05:30,-0.0006585235410763753
2026-02-17 12:30:00+05:30,-0.0003018789783858967
2026-02-17 12:35:00+05:30,-0.00022205082395958766
2026-02-17 12:40:00+05:30,0.0002691861250601408
2026-02-17 12:45:00+05:30,5.17658370539368e-05
2026-02-17 12:50:00+05:30,0.000505092113783298
2026-02-17 12:55:00+05:30,-0.0007921685454995428
2026-02-17 13:00:00+05:30,-0.0006788094496198614
2026-02-17 13:05:00+05:30,0.001667753142579112
2026-02-17 13:10:00+05:30,-0.0010179787366829732
2026-02-17 13:15:00+05:30,-0.00022781119867850523
2026-02-17 13:20:00+05:30,0.00018324440061917872
2026-02-17 13:25:00+05:30,-7.544614530745853e-05
2026-02-17 13:30:00+05:30,0.00032188492098922676
2026-02-17 13:35:00+05:30,-0.00045350926002664166
2026-02-17 13:40:00+05:30,0.00013549597012707526
2026-02-17 13:45:00+05:30,-0.00027982286055156836
2026-02-17 13:50:00+05:30,-0.0001497021671506706
2026-02-17 13:55:00+05:30,-0.0013875184894305691
2026-02-17 14:00:00+05:30,0.0008379919692968562
2026-02-17 14:05:00+05:30,-0.0005366993900239402
2026-02-17 14:10:00+05:30,-0.0014979028491752284
2026-02-17 14:15:00+05:30,0.0008366043148359624
2026-02-17 14:20:00+05:30,2.3247465819416297e-05
2026-02-17 14:25:00+05:30,-0.0009010912117982427
2026-02-17 14:30:00+05:30,0.0005768707408973242
2026-02-17 14:35:00+05:30,0.0006426139177910327
2026-02-17 14:40:00+05:30,8.347493578964027e-05
2026-02-17 14:45:00+05:30,-0.00040908462705024906
2026-02-17 14:50:00+05:30,0.00013298037475059497
2026-02-17 14:55:00+05:30,-0.00022205299857696854
2026-02-17 15:00:00+05:30,3.419361721585844e-05
2026-02-17 15:05:00+05:30,0.0009678675670798357
2026-02-17 15:10:00+05:30,-0.00048243417762519175
2026-02-17 15:15:00+05:30,-0.0003475855331348532
2026-02-17 15:20:00+05:30,0.0004077437693215172
2026-02-17 15:25:00+05:30,-0.000115681576693575
2026-02-18 09:15:00+05:30,0.0006932275582407265
2026-02-18 09:20:00+05:30,-0.0016005324480057432
2026-02-18 09:25:00+05:30,0.0010919707733421395
2026-02-18 09:30:00+05:30,-0.000269730073922982
2026-02-18 09:35:00+05:30,0.0006159865496756103
2026-02-18 09:40:00+05:30,2.7839708296188047e-05
2026-02-18 09:45:00+05:30,-0.0006247253100605722
2026-02-18 09:50:00+05:30,-0.000941218718722787
2026-02-18 09:55:00+05:30,-0.0014565103310788413
2026-02-18 10:00:00+05:30,0.0003035341467949885
2026-02-18 10:05:00+05:30,-0.00029326509897630243
2026-02-18 10:10:00+05:30,0.0002876185470604332
2026-02-18 10:15:00+05:30,0.0004496092253831682
2026-02-18 10:20:00+05:30,-7.803349620296835e-05
2026-02-18 10:25:00+05:30,-0.00026526672674761907
2026-02-18 10:30:00+05:30,0.0005122750094511977
2026-02-18 10:35:00+05:30,-0.0005059713523224488
2026-02-18 10:40:00+05:30,-0.0001120614355875831
2026-02-18 10:45:00+05:30,0.0007989509379109302
2026-02-18 10:50:00+05:30,0.0006015777979420685
2026-02-18 10:55:00+05:30,0.000661656475913068
2026-02-18 11:00:00+05:30,-6.0967658948263865e-06
2026-02-18 11:05:00+05:30,-0.00011048120834383486
2026-02-18 11:10:00+05:30,-0.000126867959333383
2026-02-18 11:15:00+05:30,-0.00035848925155369
2026-02-18 11:20:00+05:30,8.058793565342355e-05
2026-02-18 11:25:00+05:30,0.0005478797041884178
2026-02-18 11:30:00+05:30,0.0007911049619950816
2026-02-18 11:35:00+05:30,-0.000829808639431092
2026-02-18 11:40:00+05:30,-0.0004434256285054935
2026-02-18 11:45:00+05:30,0.00023450302028557433
2026-02-18 11:50:00+05:30,0.00041078689622643444
2026-02-18 11:55:00+05:30,0.0005322462022220426
2026-02-18 12:00:00+05:30,-3.2803423697047585e-05
2026-02-18 12:05:00+05:30,0.00046025148875643805
2026-02-18 12:10:00+05:30,-6.801895285295745e-05
2026-02-18 12:15:00+05:30,0.00018545163266336928
2026-02-18 12:20:00+05:30,0.00016695442546909548
2026-02-18 12:25:00+05:30,-0.0002270204731458751
2026-02-18 12:30:00+05:30,0.00047831505962731295
2026-02-18 12:35:00+05:30,0.0004589156008702145
2026-02-18 12:40:00+05:30,-0.00030635761907722204
2026-02-18 12:45:00+05:30,-0.000495756640948615
2026-02-18 12:50:00+05:30,0.0003870139602686165
2026-02-18 12:55:00+05:30,0.00029277266045704247
2026-02-18 13:00:00+05:30,7.297649394665788e-05
2026-02-18 13:05:00+05:30,-0.00010350045952472727
2026-02-18 13:10:00+05:30,-2.846412253532689e-05
2026-02-18 13:15:00+05:30,0.0003236867018111486
2026-02-18 13:20:00+05:30,9.664347180917805e-05
2026-02-18 13:25:00+05:30,-0.0008294567601537034
2026-02-18 13:30:00+05:30,7.810286852566754e-05
2026-02-18 13:35:00+05:30,-0.00036861378562683854
2026-02-18 13:40:00+05:30,4.4689030085733416e-05
2026-02-18 13:45:00+05:30,0.00038776042840473287
2026-02-18 13:50:00+05:30,-0.001284202123424125
2026-02-18 13:55:00+05:30,0.0008352867466326382
2026-02-18 14:00:00+05:30,-4.6466618608923715e-05
2026-02-18 14:05:00+05:30,0.0005040452654020539
2026-02-18 14:10:00+05:30,0.0008443767115988242
2026-02-18 14:15:00+05:30,0.0004347183433476813
2026-02-18 14:20:00+05:30,0.000772040828245931
2026-02-18 14:25:00+05:30,-0.00016060458657637215
2026-02-18 14:30:00+05:30,-9.935652464625116e-07
2026-02-18 14:35:00+05:30,6.642292250849815e-05
2026-02-18 14:40:00+05:30,-0.00014694225704587659
2026-02-18 14:45:00+05:30,2.1697071272442974e-05
2026-02-18 14:50:00+05:30,0.00019646760231689946
2026-02-18 14:55:00+05:30,7.709738257968396e-06
2026-02-18 15:00:00+05:30,0.0007936807766444401
2026-02-18 15:05:00+05:30,0.000305692667609632
2026-02-18 15:10:00+05:30,-2.9980689539340456e-05
2026-02-18 15:15:00+05:30,-0.00012099262401786183
2026-02-18 15:20:00+05:30,2.1793918687191593e-05
2026-02-18 15:25:00+05:30,-0.00038883734154317536
2026-02-19 09:15:00+05:30,0.003939813566365448
2026-02-19 09:20:00+05:30,-0.0003304898679553344
2026-02-19 09:25:00+05:30,-0.0011742782270113448
2026-02-19 09:30:00+05:30,-0.000662997699381075
2026-02-19 09:35:00+05:30,-0.0001765160825927551
2026-02-19 09:40:00+05:30,-0.0003019504983089975
2026-02-19 09:45:00+05:30,0.0011562044826963944
2026-02-19 09:50:00+05:30,-0.0008298181734972251
2026-02-19 09:55:00+05:30,-0.0004947888013695618
2026-02-19 10:00:00+05:30,0.0006089571327311484
2026-02-19 10:05:00+05:30,-0.0002726743739726385
2026-02-19 10:10:00+05:30,-0.0010313666955712745
2026-02-19 10:15:00+05:30,-0.00018445403788705078
2026-02-19 10:20:00+05:30,-0.00011123317776640691
2026-02-19 10:25:00+05:30,-0.00035362521479496615
2026-02-19 10:30:00+05:30,-0.00028818059049094317
2026-02-19 10:35:00+05:30,-0.000657535321919811
2026-02-19 10:40:00+05:30,0.00041594352001804083
2026-02-19 10:45:00+05:30,-0.00032168243136875213
2026-02-19 10:50:00+05:30,0.0004555077021868829
2026-02-19 10:55:00+05:30,6.962329487727576e-05
2026-02-19 11:00:00+05:30,0.00014983312374540847
2026-02-19 11:05:00+05:30,-0.00023358510582156895
2026-02-19 11:10:00+05:30,-0.000494080341693503
2026-02-19 11:15:00+05:30,-0.0004402949474399062
2026-02-19 11:20:00+05:30,-0.0008778180556582363
2026-02-19 11:25:00+05:30,0.00034566764038439733
2026-02-19 11:30:00+05:30,-0.00013199439833616307
2026-02-19 11:35:00+05:30,-3.5324946205143794e-05
2026-02-19 11:40:00+05:30,-0.00031303200287049587
2026-02-19 11:45:00+05:30,-0.0004918473847237426
2026-02-19 11:50:00+05:30,-0.0003344403884643018
2026-02-19 11:55:00+05:30,1.0742638601217947e-05
2026-02-19 12:00:00+05:30,-0.00028323357297382597
2026-02-19 12:05:00+05:30,-0.000683315756363916
2026-02-19 12:10:00+05:30,-0.0012363527077303704
2026-02-19 12:15:00+05:30,0.00030999828817775203
2026-02-19 12:20:00+05:30,0.0008125932667027874
2026-02-19 12:25:00+05:30,-0.00030164242358744547
2026-02-19 12:30:00+05:30,-0.00020977751558034322
2026-02-19 12:35:00+05:30,-0.0007256282593022245
2026-02-19 12:40:00+05:30,-0.0007076232873816382
2026-02-19 12:45:00+05:30,-8.995407956722736e-05
2026-02-19 12:50:00+05:30,0.00034779843523954766
2026-02-19 12:55:00+05:30,0.00030907831664395147
2026-02-19 13:00:00+05:30,-6.847180679757589e-05
2026-02-19 13:05:00+05:30,0.0009009549739817876
2026-02-19 13:10:00+05:30,-0.00036571390690510216
2026-02-19 13:15:00+05:30,-0.000556985163518203
2026-02-19 13:20:00+05:30,0.0007275133609432853
2026-02-19 13:25:00+05:30,-0.00041243476853190434
2026-02-19 13:30:00+05:30,-0.0009808202657036278
2026-02-19 13:35:00+05:30,0.0004208412425326628
2026-02-19 13:40:00+05:30,0.00011847654616736758
2026-02-19 13:45:00+05:30,-0.0006251102913448857
2026-02-19 13:50:00+05:30,-1.4147140589513157e-05
2026-02-19 13:55:00+05:30,-0.0007519990226806618
2026-02-19 14:00:00+05:30,-0.00030016339379839395
2026-02-19 14:05:00+05:30,0.000906689182615173
2026-02-19 14:10:00+05:30,0.00027794963931266085
2026-02-19 14:15:00+05:30,0.0008769504520490815
2026-02-19 14:20:00+05:30,-0.00043851537644836266
2026-02-19 14:25:00+05:30,-0.0014261972712730688
2026-02-19 14:30:00+05:30,0.0006009630562950312
2026-02-19 14:35:00+05:30,0.0002160263373244498
2026-02-19 14:40:00+05:30,-0.002110417130607071
2026-02-19 14:45:00+05:30,-0.0001731239026811639
2026-02-19 14:50:00+05:30,-0.00011998122909136284
2026-02-19 14:55:00+05:30,-0.0002573133751221076
2026-02-19 15:00:00+05:30,-0.0007068829580850931
2026-02-19 15:05:00+05:30,-0.0007487231752191471
2026-02-19 15:10:00+05:30,-0.00181003236001436
2026-02-19 15:15:00+05:30,-0.001505112203980635
2026-02-19 15:20:00+05:30,-7.90255990643757e-05
2026-02-19 15:25:00+05:30,0.0010546319329277748
2026-02-20 09:15:00+05:30,-0.00045576672973957066
2026-02-20 09:20:00+05:30,-0.0010982415901789114
2026-02-20 09:25:00+05:30,-0.0015325881786102567
2026-02-20 09:30:00+05:30,0.0032525821365224287
2026-02-20 09:35:00+05:30,-0.000147805188608054
2026-02-20 09:40:00+05:30,0.0003400297215553817
2026-02-20 09:45:00+05:30,0.0011228595596958913
2026-02-20 09:50:00+05:30,-0.00021499975691852136
2026-02-20 09:55:00+05:30,0.0007830151822440658
2026-02-20 10:00:00+05:30,-0.0009108694249503861
2026-02-20 10:05:00+05:30,-0.0005791540340618701
2026-02-20 10:10:00+05:30,0.0003289815730172478
2026-02-20 10:15:00+05:30,0.0020976880873407587
2026-02-20 10:20:00+05:30,0.00039264343881241287
2026-02-20 10:25:00+05:30,0.00028736961914033773
2026-02-20 10:30:00+05:30,0.0007796383570149007
2026-02-20 10:35:00+05:30,0.00012746977423036982
2026-02-20 10:40:00+05:30,0.000665881443582723
2026-02-20 10:45:00+05:30,-0.00027760405258057003
2026-02-20 10:50:00+05:30,3.419457002861112e-05
2026-02-20 10:55:00+05:30,-0.00024737037216597464
2026-02-20 11:00:00+05:30,-0.0002995893260742589
2026-02-20 11:05:00+05:30,-0.00026857235185791907
2026-02-20 11:10:00+05:30,-0.00038741731153812964
2026-02-20 11:15:00+05:30,0.0004757286259662786
2026-02-20 11:20:00+05:30,-0.0003144508912810151
2026-02-20 11:25:00+05:30,0.0004923051083184477
2026-02-20 11:30:00+05:30,0.00025169096889577974
2026-02-20 11:35:00+05:30,0.00024855405582034857
2026-02-20 11:40:00+05:30,-0.00040704701539243836
2026-02-20 11:45:00+05:30,-0.0002464519246117657
2026-02-20 11:50:00+05:30,-0.00039244467235485656
2026-02-20 11:55:00+05:30,0.000712587389903155
2026-02-20 12:00:00+05:30,-0.0005079155002691147
2026-02-20 12:05:00+05:30,0.0002523863486879432
2026-02-20 12:10:00+05:30,0.0004900733946053954
2026-02-20 12:15:00+05:30,0.0011664403751833665
2026-02-20 12:20:00+05:30,0.00051218792804264
2026-02-20 12:25:00+05:30,0.00025858934417027034
2026-02-20 12:30:00+05:30,-0.00027452449047091063
2026-02-20 12:35:00+05:30,-0.00045026089129018257
2026-02-20 12:40:00+05:30,-0.00097421927031909
2026-02-20 12:45:00+05:30,5.878767971508705e-05
2026-02-20 12:50:00+05:30,0.00012676784726274373
2026-02-20 12:55:00+05:30,-0.0006771435992874237
2026-02-20 13:00:00+05:30,-7.999537229472658e-05
2026-02-20 13:05:00+05:30,-0.0009231104509107521
2026-02-20 13:10:00+05:30,-0.00022301238566850494
2026-02-20 13:15:00+05:30,-0.0004907606972418485
2026-02-20 13:20:00+05:30,0.0002936023745299227
2026-02-20 13:25:00+05:30,0.0007991706270839414
2026-02-20 13:30:00+05:30,0.0007381083522061536
2026-02-20 13:35:00+05:30,-0.0005649399442246207
2026-02-20 13:40:00+05:30,-6.012288172094643e-05
2026-02-20 13:45:00+05:30,0.0003422394885524631
2026-02-20 13:50:00+05:30,-0.0004245157996617516
2026-02-20 13:55:00+05:30,0.0013579580473310525
2026-02-20 14:00:00+05:30,-0.00029865453823667797
2026-02-20 14:05:00+05:30,2.5696039984742614e-05
2026-02-20 14:10:00+05:30,9.578731439912877e-06
2026-02-20 14:15:00+05:30,0.0011645430675240919
2026-02-20 14:20:00+05:30,-0.0008594294617067657
2026-02-20 14:25:00+05:30,-0.00042428007341205624
2026-02-20 14:30:00+05:30,0.00022646931673559205
2026-02-20 14:35:00+05:30,0.00031613966882305727
2026-02-20 14:40:00+05:30,0.0006316997811052216
2026-02-20 14:45:00+05:30,0.0008045614856486869
2026-02-20 14:50:00+05:30,-0.0007496550140157751
2026-02-20 14:55:00+05:30,0.0001868324755874372
2026-02-20 15:00:00+05:30,-0.0016144123396905775
2026-02-20 15:05:00+05:30,-0.0006519032055425132
2026-02-20 15:10:00+05:30,-4.494872932495795e-05
2026-02-20 15:15:00+05:30,-0.0004939267960257553
2026-02-20 15:20:00+05:30,0.00012754081524022238
2026-02-20 15:25:00+05:30,0.00030521303083576095
2026-02-23 09:15:00+05:30,0.004537908157421447
2026-02-23 09:20:00+05:30,0.001419596974935106
2026-02-23 09:25:00+05:30,0.0009050162852304837
2026-02-23 09:30:00+05:30,-0.0011420851907106434
2026-02-23 09:35:00+05:30,-0.0006814945741952954
2026-02-23 09:40:00+05:30,0.00017580805445635415
2026-02-23 09:45:00+05:30,0.00040045199727995796
2026-02-23 09:50:00+05:30,-0.0007497944129850317
2026-02-23 09:55:00+05:30,0.0002959526132307234
2026-02-23 10:00:00+05:30,0.0002843168909783679
2026-02-23 10:05:00+05:30,-0.0002884698904575749
2026-02-23 10:10:00+05:30,-0.00026380295745591294
2026-02-23 10:15:00+05:30,0.000472116273855303
2026-02-23 10:20:00+05:30,-0.0001962633914977968
2026-02-23 10:25:00+05:30,-0.0006045985780420003
2026-02-23 10:30:00+05:30,-0.0006325166209918175
2026-02-23 10:35:00+05:30,-0.00043504868926405154
2026-02-23 10:40:00+05:30,-0.0011890209750631498
2026-02-23 10:45:00+05:30,-0.00011342208521223245
2026-02-23 10:50:00+05:30,0.000654684635404757
2026-02-23 10:55:00+05:30,-0.00013321655863392893
2026-02-23 11:00:00+05:30,0.0011041972387669445
2026-02-23 11:05:00+05:30,1.5852358535792108e-07
2026-02-23 11:10:00+05:30,0.0002867647566110348
2026-02-23 11:15:00+05:30,-0.0010586764974070903
2026-02-23 11:20:00+05:30,-0.00028010132652732026
2026-02-23 11:25:00+05:30,-4.178185884647736e-05
2026-02-23 11:30:00+05:30,-0.00011409509380119023
2026-02-23 11:35:00+05:30,0.0005376645497091662
2026-02-23 11:40:00+05:30,4.39678489437355e-05
2026-02-23 11:45:00+05:30,-0.0004516190844520561
2026-02-23 11:50:00+05:30,0.0003506730803450992
2026-02-23 11:55:00+05:30,-0.000403210162231239
2026-02-23 12:00:00+05:30,0.0004579762854012234
2026-02-23 12:05:00+05:30,0.00025708284412704225
2026-02-23 12:10:00+05:30,-0.00030242223563237136
2026-02-23 12:15:00+05:30,0.00020196975992375617
2026-02-23 12:20:00+05:30,-0.0005863285900441319
2026-02-23 12:25:00+05:30,-0.0002575287723053669
2026-02-23 12:30:00+05:30,-2.7220128751238055e-06
2026-02-23 12:35:00+05:30,0.00021094106760019988
2026-02-23 12:40:00+05:30,0.0006596657677760964
2026-02-23 12:45:00+05:30,-0.0005077067239147055
2026-02-23 12:50:00+05:30,-1.656788897137262e-05
2026-02-23 12:55:00+05:30,-0.0008404901840510266
2026-02-23 13:00:00+05:30,1.3088089295565375e-05
2026-02-23 13:05:00+05:30,0.0003199348841254583
2026-02-23 13:10:00+05:30,-0.0005212513909297158
2026-02-23 13:15:00+05:30,0.00022209815304750547
2026-02-23 13:20:00+05:30,0.000546534871989506
2026-02-23 13:25:00+05:30,0.0006381485313292108
2026-02-23 13:30:00+05:30,-0.0007590764501345163
2026-02-23 13:35:00+05:30,-0.0001240152507309718
2026-02-23 13:40:00+05:30,0.0005130076638080359
2026-02-23 13:45:00+05:30,-0.00036807490972717556
2026-02-23 13:50:00+05:30,-5.1324018599103504e-05
2026-02-23 13:55:00+05:30,-0.0005000816539976486
2026-02-23 14:00:00+05:30,-0.00043338650517691545
2026-02-23 14:05:00+05:30,0.00017384496869893003
2026-02-23 14:10:00+05:30,0.00021100983538352143
2026-02-23 14:15:00+05:30,0.0004144179567403013
2026-02-23 14:20:00+05:30,0.0002310158853550535
2026-02-23 14:25:00+05:30,0.0008924634355443942
2026-02-23 14:30:00+05:30,0.000736858042865747
2026-02-23 14:35:00+05:30,-0.0003528997254488356
2026-02-23 14:40:00+05:30,-0.00047005543381079863
2026-02-23 14:45:00+05:30,0.0009360577150806807
2026-02-23 14:50:00+05:30,-0.0006929381118834174
2026-02-23 14:55:00+05:30,-0.0001948282833454472
2026-02-23 15:00:00+05:30,0.0013825442419523588
2026-02-23 15:05:00+05:30,-0.00045551820150576506
2026-02-23 15:10:00+05:30,6.134970330273186e-05
2026-02-23 15:15:00+05:30,0.0002518373153334556
2026-02-23 15:20:00+05:30,-0.00018872895476460422
2026-02-23 15:25:00+05:30,-0.00024131911311209872
2026-02-24 09:15:00+05:30,-0.0058137597253944346
2026-02-24 09:20:00+05:30,-0.0005108846370048591
2026-02-24 09:25:00+05:30,-0.0007303971941882557
2026-02-24 09:30:00+05:30,-0.0012428015377578918
2026-02-24 09:35:00+05:30,-0.0002823061054341859
2026-02-24 09:40:00+05:30,-0.0006585583801576618
2026-02-24 09:45:00+05:30,0.0007920877156133024
2026-02-24 09:50:00+05:30,-0.0006373361143316991
2026-02-24 09:55:00+05:30,0.00014473879152557997
2026-02-24 10:00:00+05:30,-0.00011463846865339704
2026-02-24 10:05:00+05:30,-2.3624012563073255e-05
2026-02-24 10:10:00+05:30,-0.0010373835130277577
2026-02-24 10:15:00+05:30,0.0006576724944975579
2026-02-24 10:20:00+05:30,-0.0003930495477456725
2026-02-24 10:25:00+05:30,0.0003824009445507116
2026-02-24 10:30:00+05:30,0.00032301373958741825
2026-02-24 10:35:00+05:30,0.00024246603087508286
2026-02-24 10:40:00+05:30,-0.00018127545423854565
2026-02-24 10:45:00+05:30,-0.0010355760021451526
2026-02-24 10:50:00+05:30,-0.00019832133456102054
2026-02-24 10:55:00+05:30,0.00018818634665750342
2026-02-24 11:00:00+05:30,0.0003219628879809375
2026-02-24 11:05:00+05:30,0.00031310180460207196
2026-02-24 11:10:00+05:30,0.00035861490761881614
2026-02-24 11:15:00+05:30,0.00013228166440708216
2026-02-24 11:20:00+05:30,-0.00015335948297889282
2026-02-24 11:25:00+05:30,0.00024622494477159095
2026-02-24 11:30:00+05:30,-0.0004655305824094838
2026-02-24 11:35:00+05:30,0.0003154685986780078
2026-02-24 11:40:00+05:30,-0.0007792869047957781
2026-02-24 11:45:00+05:30,-0.0001995009299359427
2026-02-24 11:50:00+05:30,-0.0006132530576069259
2026-02-24 11:55:00+05:30,-0.0008681911803265496
2026-02-24 12:00:00+05:30,-0.00034374876671183774
2026-02-24 12:05:00+05:30,3.528080008336224e-05
2026-02-24 12:10:00+05:30,0.0003628816696313524
2026-02-24 12:15:00+05:30,-0.0006692113582039109
2026-02-24 12:20:00+05:30,-0.0010713589130641962
2026-02-24 12:25:00+05:30,0.00036072954338309406
2026-02-24 12:30:00+05:30,-0.00019607904035894532
2026-02-24 12:35:00+05:30,-0.00013201812613066423
2026-02-24 12:40:00+05:30,-0.0006023816463911013
2026-02-24 12:45:00+05:30,-0.000908513085924691
2026-02-24 12:50:00+05:30,0.0002682279262134695
2026-02-24 12:55:00+05:30,0.00027927873926238497
2026-02-24 13:00:00+05:30,0.000761167182405586
2026-02-24 13:05:00+05:30,-0.0003951852473483549
2026-02-24 13:10:00+05:30,0.00020960489764902595
2026-02-24 13:15:00+05:30,-0.00015068839600622898
2026-02-24 13:20:00+05:30,-0.0007405268719344532
2026-02-24 13:25:00+05:30,-0.00044862390902034033
2026-02-24 13:30:00+05:30,-0.001544877513082071
2026-02-24 13:35:00+05:30,0.0011913285617803856
2026-02-24 13:40:00+05:30,-0.0002018489677691091
2026-02-24 13:45:00+05:30,-0.00026669952526497075
2026-02-24 13:50:00+05:30,0.0003064147147170229
2026-02-24 13:55:00+05:30,0.0015204493616581417
2026-02-24 14:00:00+05:30,-0.0010004825295898587
2026-02-24 14:05:00+05:30,0.0009774036566758974
2026-02-24 14:10:00+05:30,0.0009306358294739878
2026-02-24 14:15:00+05:30,-0.00011050734941810501
2026-02-24 14:20:00+05:30,-0.0009475591498604324
2026-02-24 14:25:00+05:30,0.0001692254841833756
2026-02-24 14:30:00+05:30,-0.0006127243070002411
2026-02-24 14:35:00+05:30,0.0009553555695409026
2026-02-24 14:40:00+05:30,-0.0013647410435734546
2026-02-24 14:45:00+05:30,0.00036039358735173136
2026-02-24 14:50:00+05:30,0.0003100106801342598
2026-02-24 14:55:00+05:30,0.00039667387821625645
2026-02-24 15:00:00+05:30,-0.0005593475068714362
2026-02-24 15:05:00+05:30,0.00035956134158373444
2026-02-24 15:10:00+05:30,0.0003661402322962263
2026-02-24 15:15:00+05:30,0.0002688702166247123
2026-02-24 15:20:00+05:30,0.00016843773822972086
2026-02-24 15:25:00+05:30,0.0008090103386457887
2026-02-25 09:15:00+05:30,0.0057866922692430284
2026-02-25 09:20:00+05:30,-6.102364564779177e-05
2026-02-25 09:25:00+05:30,0.0005303462041246444
2026-02-25 09:30:00+05:30,0.00024065636453704373
2026-02-25 09:35:00+05:30,-0.0007479165383133623
2026-02-25 09:40:00+05:30,0.00024056301645161265
2026-02-25 09:45:00+05:30,0.0003847618688044811
2026-02-25 09:50:00+05:30,0.0002363568362276621
2026-02-25 09:55:00+05:30,0.0011282851652399423
2026-02-25 10:00:00+05:30,0.0007194341346370951
2026-02-25 10:05:00+05:30,0.0005676097875128251
2026-02-25 10:10:00+05:30,9.097567841505996e-05
2026-02-25 10:15:00+05:30,6.180794402373197e-05
2026-02-25 10:20:00+05:30,-0.0003574241609521093
2026-02-25 10:25:00+05:30,0.0002762479335680985
2026-02-25 10:30:00+05:30,6.144019089894317e-05
2026-02-25 10:35:00+05:30,-0.00021904596602770186
2026-02-25 10:40:00+05:30,-0.0005729915933577336
2026-02-25 10:45:00+05:30,3.1857352290007736e-05
2026-02-25 10:50:00+05:30,0.0001330314417769102
2026-02-25 10:55:00+05:30,-0.00012293304551336845
2026-02-25 11:00:00+05:30,7.622236906373577e-05
2026-02-25 11:05:00+05:30,0.00014716143720463598
2026-02-25 11:10:00+05:30,-9.558097916653887e-05
2026-02-25 11:15:00+05:30,-0.0003779302257780162
2026-02-25 11:20:00+05:30,-0.00033578494231070293
2026-02-25 11:25:00+05:30,0.0004478132121530131
2026-02-25 11:30:00+05:30,-0.0005695996148053874
2026-02-25 11:35:00+05:30,-3.919501494435049e-05
2026-02-25 11:40:00+05:30,-0.0004215106385584188
2026-02-25 11:45:00+05:30,0.0014217084313701979
2026-02-25 11:50:00+05:30,-0.0003924646171882788
2026-02-25 11:55:00+05:30,-0.0005739114070375061
2026-02-25 12:00:00+05:30,0.0007196981022040635
2026-02-25 12:05:00+05:30,-7.821445938016591e-05
2026-02-25 12:10:00+05:30,-0.0002818499474212328
2026-02-25 12:15:00+05:30,9.88807223248783e-05
2026-02-25 12:20:00+05:30,-0.0004229110483338715
2026-02-25 12:25:00+05:30,-0.00033584904756515276
2026-02-25 12:30:00+05:30,-0.00200586097941239
2026-02-25 12:35:00+05:30,-0.000259093175123024
2026-02-25 12:40:00+05:30,-0.001279923935834952
2026-02-25 12:45:00+05:30,-0.0012672053111681023
2026-02-25 12:50:00+05:30,0.0004449167984856605
2026-02-25 12:55:00+05:30,-0.00031027559085951647
2026-02-25 13:00:00+05:30,-0.000192386995574036
2026-02-25 13:05:00+05:30,6.214845918929933e-06
2026-02-25 13:10:00+05:30,-8.150312757163778e-05
2026-02-25 13:15:00+05:30,0.0003268443430231261
2026-02-25 13:20:00+05:30,-0.0008159058268696106
2026-02-25 13:25:00+05:30,0.00012116267249261345
2026-02-25 13:30:00+05:30,0.00030579041751109754
2026-02-25 13:35:00+05:30,-1.3812559325094023e-05
2026-02-25 13:40:00+05:30,-5.841918909146432e-05
2026-02-25 13:45:00+05:30,0.00011427742517995154
2026-02-25 13:50:00+05:30,0.0002962365727124529
2026-02-25 13:55:00+05:30,0.00010265534858848384
2026-02-25 14:00:00+05:30,-0.0011584148101936075
2026-02-25 14:05:00+05:30,-0.00011654317120244222
2026-02-25 14:10:00+05:30,0.0008914109088469001
2026-02-25 14:15:00+05:30,0.0011224233835111421
2026-02-25 14:20:00+05:30,-0.000751270357526476
2026-02-25 14:25:00+05:30,-0.0006868549313658703
2026-02-25 14:30:00+05:30,0.0009881869557125025
2026-02-25 14:35:00+05:30,-5.223517489754955e-05
2026-02-25 14:40:00+05:30,-0.00015313804382122154
2026-02-25 14:45:00+05:30,-0.0008700047429953555
2026-02-25 14:50:00+05:30,0.0004006297696008687
2026-02-25 14:55:00+05:30,0.00029502777014296145
2026-02-25 15:00:00+05:30,0.0010881964404761092
2026-02-25 15:05:00+05:30,-0.0003061213722947051
2026-02-25 15:10:00+05:30,-7.758563088981105e-05
2026-02-25 15:15:00+05:30,-8.260300587358213e-05
2026-02-25 15:20:00+05:30,-0.0003033234554639809
2026-02-25 15:25:00+05:30,-7.81196093445332e-05
2026-02-26 09:15:00+05:30,0.0029308193184091995
2026-02-26 09:20:00+05:30,-0.0016280042399777527
2026-02-26 09:25:00+05:30,0.0002032810229450373
2026-02-26 09:30:00+05:30,0.0005678402357440536
2026-02-26 09:35:00+05:30,0.0014514713194149792
2026-02-26 09:40:00+05:30,0.000856793274340073
2026-02-26 09:45:00+05:30,0.0003959522929031935
2026-02-26 09:50:00+05:30,-0.0020021481419887355
2026-02-26 09:55:00+05:30,0.0005550597228004316
2026-02-26 10:00:00+05:30,0.0009597989463787414
2026-02-26 10:05:00+05:30,0.0007543052805680327
2026-02-26 10:10:00+05:30,-0.00026649271382311586
2026-02-26 10:15:00+05:30,-0.00043773437080442764
2026-02-26 10:20:00+05:30,-0.0010157597974866576
2026-02-26 10:25:00+05:30,-0.00040932810594083627
2026-02-26 10:30:00+05:30,2.6737144550125157e-06
2026-02-26 10:35:00+05:30,-0.0003418108688291352
2026-02-26 10:40:00+05:30,0.00016710225225663748
2026-02-26 10:45:00+05:30,0.0004864918559899409
2026-02-26 10:50:00+05:30,-0.000993237363178672
2026-02-26 10:55:00+05:30,-0.00041383557703709046
2026-02-26 11:00:00+05:30,0.00033900492909075703
2026-02-26 11:05:00+05:30,-0.0005464119238695755
2026-02-26 11:10:00+05:30,0.00043318264000317307
2026-02-26 11:15:00+05:30,0.00013039849040282595
2026-02-26 11:20:00+05:30,0.00024021541951295923
2026-02-26 11:25:00+05:30,-6.647763410686689e-05
2026-02-26 11:30:00+05:30,-0.0005682469434263812
2026-02-26 11:35:00+05:30,-0.0005571796785280917
2026-02-26 11:40:00+05:30,-0.001195750233471264
2026-02-26 11:45:00+05:30,0.0005619194948640896
2026-02-26 11:50:00+05:30,-0.0006781089177170767
2026-02-26 11:55:00+05:30,-0.00036477891673056116
2026-02-26 12:00:00+05:30,0.0006687298870148061
2026-02-26 12:05:00+05:30,-0.0001245650629314938
2026-02-26 12:10:00+05:30,-0.0004287513039191025
2026-02-26 12:15:00+05:30,-0.00019311454677024318
2026-02-26 12:20:00+05:30,-0.0004507918648048068
2026-02-26 12:25:00+05:30,-0.000493241162834212
2026-02-26 12:30:00+05:30,8.946362073039122e-05
2026-02-26 12:35:00+05:30,0.0002248907714219244
2026-02-26 12:40:00+05:30,0.0005143485594901158
2026-02-26 12:45:00+05:30,-4.987828423690622e-05
2026-02-26 12:50:00+05:30,-0.000580524727780462
2026-02-26 12:55:00+05:30,-0.0004597451412666472
2026-02-26 13:00:00+05:30,0.0013162549419131957
2026-02-26 13:05:00+05:30,-0.0005322027321368269
2026-02-26 13:10:00+05:30,-0.00010368521574512015
2026-02-26 13:15:00+05:30,-0.0003679983400949035
2026-02-26 13:20:00+05:30,0.0008129406275514921
2026-02-26 13:25:00+05:30,0.00017052506390661422
2026-02-26 13:30:00+05:30,-0.000259512442035633
2026-02-26 13:35:00+05:30,0.0002402356486519956
2026-02-26 13:40:00+05:30,-8.197121427716851e-05
2026-02-26 13:45:00+05:30,-0.0006042219037681932
2026-02-26 13:50:00+05:30,0.0008426821342855165
2026-02-26 13:55:00+05:30,-0.00030468216647333275
2026-02-26 14:00:00+05:30,-0.0005211836738088519
2026-02-26 14:05:00+05:30,0.0004882020827145535
2026-02-26 14:10:00+05:30,0.0004533904973626578
2026-02-26 14:15:00+05:30,-0.0003038395731157962
2026-02-26 14:20:00+05:30,-0.0005925923346342326
2026-02-26 14:25:00+05:30,0.0005812514740571522
2026-02-26 14:30:00+05:30,0.0008116815599645657
2026-02-26 14:35:00+05:30,0.0004069060512818669
2026-02-26 14:40:00+05:30,0.0014107300523537446
2026-02-26 14:45:00+05:30,-0.00017995943054439692
2026-02-26 14:50:00+05:30,-0.00018813363706602244
2026-02-26 14:55:00+05:30,-0.0003884077179963203
2026-02-26 15:00:00+05:30,-0.00035365054818344666
2026-02-26 15:05:00+05:30,0.0003130853725372286
2026-02-26 15:10:00+05:30,-0.0006171573605239876
2026-02-26 15:15:00+05:30,0.00048142383695647323
2026-02-26 15:20:00+05:30,0.0002120552057486408
2026-02-26 15:25:00+05:30,-0.00025060088560943514
2026-02-27 09:15:00+05:30,-0.0022222375469475968
2026-02-27 09:20:00+05:30,0.0004057246521797187
2026-02-27 09:25:00+05:30,-0.0012847946828867807
2026-02-27 09:30:00+05:30,-2.7710344881161146e-05
2026-02-27 09:35:00+05:30,0.0004364789336486149
2026-02-27 09:40:00+05:30,-0.000699955573594649
2026-02-27 09:45:00+05:30,-0.0004289251892895325
2026-02-27 09:50:00+05:30,-0.00017705783377840398
2026-02-27 09:55:00+05:30,-0.0001137949607511048
2026-02-27 10:00:00+05:30,-0.00022660608305362885
2026-02-27 10:05:00+05:30,-0.00026551011202115065
2026-02-27 10:10:00+05:30,3.425794555430981e-05
2026-02-27 10:15:00+05:30,-0.0007471794464713087
2026-02-27 10:20:00+05:30,0.0004450297387681844
2026-02-27 10:25:00+05:30,0.00045093070997255584
2026-02-27 10:30:00+05:30,0.00017567493677706522
2026-02-27 10:35:00+05:30,0.00038510307399243856
2026-02-27 10:40:00+05:30,-0.0005678637064876714
2026-02-27 10:45:00+05:30,0.00029777793560297426
2026-02-27 10:50:00+05:30,-0.0006982156773574646
2026-02-27 10:55:00+05:30,2.4088701525815104e-05
2026-02-27 11:00:00+05:30,0.0005046766887112422
2026-02-27 11:05:00+05:30,0.0005922276031321911
2026-02-27 11:10:00+05:30,-0.00014346448103605267
2026-02-27 11:15:00+05:30,-3.3280943763822503e-05
2026-02-27 11:20:00+05:30,-0.00010518168387775948
2026-02-27 11:25:00+05:30,-0.0002379212157112185
2026-02-27 11:30:00+05:30,-0.001299399641020765
2026-02-27 11:35:00+05:30,-2.3906862935109773e-05
2026-02-27 11:40:00+05:30,0.00034282494131916767
2026-02-27 11:45:00+05:30,0.00021982426812837042
2026-02-27 11:50:00+05:30,-3.9467427379346e-05
2026-02-27 11:55:00+05:30,0.00013772175367146735
2026-02-27 12:00:00+05:30,1.1639104767395475e-05
2026-02-27 12:05:00+05:30,-0.0007992572543034385
2026-02-27 12:10:00+05:30,-0.0003216827685391899
2026-02-27 12:15:00+05:30,-0.0001007850546543492
2026-02-27 12:20:00+05:30,-0.00043863344893438496
2026-02-27 12:25:00+05:30,0.0009918002733575752
2026-02-27 12:30:00+05:30,-0.00014579766361773986
2026-02-27 12:35:00+05:30,-0.00025465894953599486
2026-02-27 12:40:00+05:30,-0.00016068584629660548
2026-02-27 12:45:00+05:30,6.224880331562905e-05
2026-02-27 12:50:00+05:30,1.6483452682902744e-05
2026-02-27 12:55:00+05:30,-0.00013920399975454525
2026-02-27 13:00:00+05:30,0.00010858865017265558
2026-02-27 13:05:00+05:30,0.0005342593407655229
2026-02-27 13:10:00+05:30,-0.0002516721822482263
2026-02-27 13:15:00+05:30,-0.0003502773200900463
2026-02-27 13:20:00+05:30,2.2129994938727283e-05
2026-02-27 13:25:00+05:30,0.0004618331982449285
2026-02-27 13:30:00+05:30,-0.00017805530600678576
2026-02-27 13:35:00+05:30,0.00017323128087235053
2026-02-27 13:40:00+05:30,-8.533825011676561e-07
2026-02-27 13:45:00+05:30,0.0009752078629696445
2026-02-27 13:50:00+05:30,-0.00035904363446200087
2026-02-27 13:55:00+05:30,0.0009442935449864093
2026-02-27 14:00:00+05:30,-0.0007472764113231524
2026-02-27 14:05:00+05:30,0.00033608222768933887
2026-02-27 14:10:00+05:30,-0.0003071457829358564
2026-02-27 14:15:00+05:30,1.8360479534261143e-05
2026-02-27 14:20:00+05:30,-0.0003227278853377439
2026-02-27 14:25:00+05:30,-0.0010093124492472846
2026-02-27 14:30:00+05:30,9.452266191891774e-05
2026-02-27 14:35:00+05:30,0.0001113430528024589
2026-02-27 14:40:00+05:30,-0.00019197206521197257
2026-02-27 14:45:00+05:30,0.0002359862238242349
2026-02-27 14:50:00+05:30,4.6683748034941586e-05
2026-02-27 14:55:00+05:30,0.00040384104674182514
2026-02-27 15:00:00+05:30,-0.005028109427597005
2026-02-27 15:05:00+05:30,-0.0004597941779258015
2026-02-27 15:10:00+05:30,0.00014916408821837694
2026-02-27 15:15:00+05:30,-1.0354277096625316e-05
2026-02-27 15:20:00+05:30,-4.642382704245218e-05
2026-02-27 15:25:00+05:30,0.0003115145799398136
2026-03-02 09:15:00+05:30,-0.008529413803663736
2026-03-02 09:20:00+05:30,6.559985734613367e-05
2026-03-02 09:25:00+05:30,0.00013792612722307585
2026-03-02 09:30:00+05:30,0.003292759412708346
2026-03-02 09:35:00+05:30,-0.0007947953548223851
2026-03-02 09:40:00+05:30,0.0005251493461128018
2026-03-02 09:45:00+05:30,-0.0003030166346148558
2026-03-02 09:50:00+05:30,-0.0021416507398329034
2026-03-02 09:55:00+05:30,0.0019765078486867426
2026-03-02 10:00:00+05:30,-0.001485847689612457
2026-03-02 10:05:00+05:30,-0.0005988650550276619
2026-03-02 10:10:00+05:30,2.1024825953026338e-05
2026-03-02 10:15:00+05:30,-0.0002404141401236804
2026-03-02 10:20:00+05:30,-0.0006151322404308134
2026-03-02 10:25:00+05:30,-0.00033742820025928796
2026-03-02 10:30:00+05:30,0.0003622064341179603
2026-03-02 10:35:00+05:30,-0.0008184890647206832
2026-03-02 10:40:00+05:30,-0.0013610811331385858
2026-03-02 10:45:00+05:30,3.171674290325972e-05
2026-03-02 10:50:00+05:30,0.0002777334263776372
2026-03-02 10:55:00+05:30,0.001203937129188198
2026-03-02 11:00:00+05:30,-9.892809412276034e-05
2026-03-02 11:05:00+05:30,-0.00017164912878617065
2026-03-02 11:10:00+05:30,-0.0006577732460675396
2026-03-02 11:15:00+05:30,-0.00042196240984573424
2026-03-02 11:20:00+05:30,-0.00018548319166808875
2026-03-02 11:25:00+05:30,-0.0008025365801090162
2026-03-02 11:30:00+05:30,9.721676626257325e-05
2026-03-02 11:35:00+05:30,0.0008051594155726813
2026-03-02 11:40:00+05:30,-4.829619671995934e-05
2026-03-02 11:45:00+05:30,-0.00023425839168667029
2026-03-02 11:50:00+05:30,-0.0003066300763605999
2026-03-02 11:55:00+05:30,-0.000636760150264686
2026-03-02 12:00:00+05:30,-0.0006013624641050672
2026-03-02 12:05:00+05:30,0.00035567338501978584
2026-03-02 12:10:00+05:30,-0.0008907596343137606
2026-03-02 12:15:00+05:30,-0.0005590996205415582
2026-03-02 12:20:00+05:30,0.00012391199443426002
2026-03-02 12:25:00+05:30,-4.491245214922671e-05
2026-03-02 12:30:00+05:30,0.00019172412907952322
2026-03-02 12:35:00+05:30,-0.0012074672424640868
2026-03-02 12:40:00+05:30,-0.00036651179483225186
2026-03-02 12:45:00+05:30,0.00013653226894945543
2026-03-02 12:50:00+05:30,0.0006111731589254546
2026-03-02 12:55:00+05:30,-0.00041395261061739105
2026-03-02 13:00:00+05:30,0.00014618558950618113
2026-03-02 13:05:00+05:30,-0.0001892612054077425
2026-03-02 13:10:00+05:30,0.00011741582081104569
2026-03-02 13:15:00+05:30,0.00015522197661469041
2026-03-02 13:20:00+05:30,0.00016177957391924478
2026-03-02 13:25:00+05:30,-0.0005707307243912476
2026-03-02 13:30:00+05:30,-0.0001409082106582579
2026-03-02 13:35:00+05:30,-6.632706754345674e-05
2026-03-02 13:40:00+05:30,-0.00018365338564203877
2026-03-02 13:45:00+05:30,-0.0005058860262852656
2026-03-02 13:50:00+05:30,-0.000423998760031396
2026-03-02 13:55:00+05:30,-0.0011989616927697026
2026-03-02 14:00:00+05:30,0.0029110575059880153
2026-03-02 14:05:00+05:30,0.0023099205135823173
2026-03-02 14:10:00+05:30,0.0011536051503164483
2026-03-02 14:15:00+05:30,-9.89470647634678e-05
2026-03-02 14:20:00+05:30,-8.771925576394291e-05
2026-03-02 14:25:00+05:30,-0.0017872445566259098
2026-03-02 14:30:00+05:30,0.0023939388481152932
2026-03-02 14:35:00+05:30,0.0017254153916850608
2026-03-02 14:40:00+05:30,0.0008235615269503828
2026-03-02 14:45:00+05:30,-1.3308042890540422e-05
2026-03-02 14:50:00+05:30,-1.42827847080412e-05
2026-03-02 14:55:00+05:30,-0.0018431372645974584
2026-03-02 15:00:00+05:30,0.0015826575928752655
2026-03-02 15:05:00+05:30,-0.000272416892428389
2026-03-02 15:10:00+05:30,0.0015264544001604504
2026-03-02 15:15:00+05:30,-0.00018090205280577178
2026-03-02 15:20:00+05:30,-0.0013995329001675006
2026-03-02 15:25:00+05:30,-0.0003990918616759592
2026-03-04 09:15:00+05:30,-0.01774602015123693
2026-03-04 09:20:00+05:30,-0.0015062559492865677
2026-03-04 09:25:00+05:30,9.891932231736134e-05
2026-03-04 09:30:00+05:30,-0.000719931372637536
2026-03-04 09:35:00+05:30,0.0006058240298290052
2026-03-04 09:40:00+05:30,0.0023035639918401333
2026-03-04 09:45:00+05:30,-0.001436030686327583
2026-03-04 09:50:00+05:30,-0.00032239681739648933
2026-03-04 09:55:00+05:30,-0.0013727719299033714
2026-03-04 10:00:00+05:30,0.0005281719230400521
2026-03-04 10:05:00+05:30,0.0009448118004126792
2026-03-04 10:10:00+05:30,0.001578138734125057
2026-03-04 10:15:00+05:30,-0.0014228032202589999
2026-03-04 10:20:00+05:30,0.00036847578924025176
2026-03-04 10:25:00+05:30,0.00031263860167710247
2026-03-04 10:30:00+05:30,-0.0010236079076363486
2026-03-04 10:35:00+05:30,-0.0003308413219593158
2026-03-04 10:40:00+05:30,-0.0002425641627805441
2026-03-04 10:45:00+05:30,0.0005020574893403316
2026-03-04 10:50:00+05:30,-0.0002860341148226887
2026-03-04 10:55:00+05:30,-0.00042311414859356366
2026-03-04 11:00:00+05:30,0.0014116933365846056
2026-03-04 11:05:00+05:30,0.0010619392280962583
2026-03-04 11:10:00+05:30,-0.0003202228237644267
2026-03-04 11:15:00+05:30,-0.0012019019869825916
2026-03-04 11:20:00+05:30,-0.0006798684247552268
2026-03-04 11:25:00+05:30,-0.001157323061530555
2026-03-04 11:30:00+05:30,5.197454569674359e-05
2026-03-04 11:35:00+05:30,0.0003775816345428638
2026-03-04 11:40:00+05:30,-0.00014616989626637408
2026-03-04 11:45:00+05:30,4.655936559937398e-05
2026-03-04 11:50:00+05:30,0.00015468238188376393
2026-03-04 11:55:00+05:30,0.00013472303714284469
2026-03-04 12:00:00+05:30,0.000525350715388401
2026-03-04 12:05:00+05:30,0.0004921295310921284
2026-03-04 12:10:00+05:30,-0.0007896474300315733
2026-03-04 12:15:00+05:30,-0.000504721110331934
2026-03-04 12:20:00+05:30,0.0001884481348334942
2026-03-04 12:25:00+05:30,1.6272812346624104e-05
2026-03-04 12:30:00+05:30,0.00012573557097791808
2026-03-04 12:35:00+05:30,0.00010815858466151658
2026-03-04 12:40:00+05:30,7.163005188184474e-05
2026-03-04 12:45:00+05:30,0.00025031344982468244
2026-03-04 12:50:00+05:30,0.0002683463573196721
2026-03-04 12:55:00+05:30,0.0008146965565872507
2026-03-04 13:00:00+05:30,0.00021382945156521083
2026-03-04 13:05:00+05:30,0.0004781041818798851
2026-03-04 13:10:00+05:30,0.0008595481013406488
2026-03-04 13:15:00+05:30,-0.0004515523100766937
2026-03-04 13:20:00+05:30,0.0006825100561187341
2026-03-04 13:25:00+05:30,-0.00020306240890125734
2026-03-04 13:30:00+05:30,-0.0006689979623509403
2026-03-04 13:35:00+05:30,0.0005399872746594083
2026-03-04 13:40:00+05:30,0.0006822320076533536
2026-03-04 13:45:00+05:30,-0.0007089551380050746
2026-03-04 13:50:00+05:30,-0.0005600613110058678
2026-03-04 13:55:00+05:30,0.00032932014540914807
2026-03-04 14:00:00+05:30,0.0006718702690995276
2026-03-04 14:05:00+05:30,0.0013547648854942828
2026-03-04 14:10:00+05:30,0.00268475310263802
2026-03-04 14:15:00+05:30,0.0009305480542486075
2026-03-04 14:20:00+05:30,-0.0012968968924108593
2026-03-04 14:25:00+05:30,-0.000573773340010683
2026-03-04 14:30:00+05:30,0.0005667500135200466
2026-03-04 14:35:00+05:30,0.00034136252336876353
2026-03-04 14:40:00+05:30,0.0014270432961177406
2026-03-04 14:45:00+05:30,0.00013774812254016994
2026-03-04 14:50:00+05:30,0.0003330395019732056
2026-03-04 14:55:00+05:30,-0.000524356700702412
2026-03-04 15:00:00+05:30,-0.0020510526276382433
2026-03-04 15:05:00+05:30,-0.001164991104759182
2026-03-04 15:10:00+05:30,-1.0503305384510964e-05
2026-03-04 15:15:00+05:30,-0.00042089044672499157
2026-03-04 15:20:00+05:30,0.0004917326398210578
2026-03-04 15:25:00+05:30,0.0006240656760152975
2026-03-05 09:15:00+05:30,0.00317298138689552
2026-03-05 09:20:00+05:30,0.00021916614137304356
2026-03-05 09:25:00+05:30,-0.0016361829407624511
2026-03-05 09:30:00+05:30,-3.4038720105819396e-06
2026-03-05 09:35:00+05:30,-0.0013890530671098438
2026-03-05 09:40:00+05:30,0.0029123462066668925
2026-03-05 09:45:00+05:30,0.0005767977285442894
2026-03-05 09:50:00+05:30,0.0013234345720899959
2026-03-05 09:55:00+05:30,-0.0011228704409010797
2026-03-05 10:00:00+05:30,-0.00041113379725552396
2026-03-05 10:05:00+05:30,0.00023279237828201018
2026-03-05 10:10:00+05:30,-0.0015646502133575284
2026-03-05 10:15:00+05:30,0.00026875155021539355
2026-03-05 10:20:00+05:30,-0.0006434632240429208
2026-03-05 10:25:00+05:30,-0.0007307636669649772
2026-03-05 10:30:00+05:30,-0.00028335870335181504
2026-03-05 10:35:00+05:30,0.002018941288563947
2026-03-05 10:40:00+05:30,0.0008316838524867578
2026-03-05 10:45:00+05:30,-0.0003626558631318596
2026-03-05 10:50:00+05:30,-2.0921609785378394e-06
2026-03-05 10:55:00+05:30,0.0006275105424303412
2026-03-05 11:00:00+05:30,-0.0007469206261279057
2026-03-05 11:05:00+05:30,0.0002719823525143316
2026-03-05 11:10:00+05:30,-0.0006214049895178398
2026-03-05 11:15:00+05:30,0.0006978527305834551
2026-03-05 11:20:00+05:30,-0.000734991445033984
2026-03-05 11:25:00+05:30,-0.0010521445579131548
2026-03-05 11:30:00+05:30,0.00035392627229761286
2026-03-05 11:35:00+05:30,-0.0009120921329602382
2026-03-05 11:40:00+05:30,-0.00015755554439007908
2026-03-05 11:45:00+05:30,-0.0006237865972091159
2026-03-05 11:50:00+05:30,0.0008557162688769095
2026-03-05 11:55:00+05:30,-0.0003850228181313823
2026-03-05 12:00:00+05:30,0.0005249428056504547
2026-03-05 12:05:00+05:30,-0.0001315488921129409
2026-03-05 12:10:00+05:30,0.001055769591618601
2026-03-05 12:15:00+05:30,-0.0003983109614081589
2026-03-05 12:20:00+05:30,0.0008170034515724406
2026-03-05 12:25:00+05:30,0.0010582216625999628
2026-03-05 12:30:00+05:30,-1.961734585672439e-05
2026-03-05 12:35:00+05:30,-0.00029198415562362755
2026-03-05 12:40:00+05:30,-0.0003923526965674317
2026-03-05 12:45:00+05:30,-0.0005072958588362255
2026-03-05 12:50:00+05:30,0.0009035589151197112
2026-03-05 12:55:00+05:30,8.353865341017095e-05
2026-03-05 13:00:00+05:30,-0.000787510975943481
2026-03-05 13:05:00+05:30,0.000513787088219399
2026-03-05 13:10:00+05:30,-0.00015310843685886608
2026-03-05 13:15:00+05:30,-0.0005157358566821927
2026-03-05 13:20:00+05:30,0.0003664326224493624
2026-03-05 13:25:00+05:30,0.0004939644781628502
2026-03-05 13:30:00+05:30,-0.0006035537595674084
2026-03-05 13:35:00+05:30,-0.001118468688060963
2026-03-05 13:40:00+05:30,0.00012427609086570305
2026-03-05 13:45:00+05:30,-0.00012253231260283518
2026-03-05 13:50:00+05:30,-0.000968286056648694
2026-03-05 13:55:00+05:30,-0.0008397641229862705
2026-03-05 14:00:00+05:30,0.0004963743801465558
2026-03-05 14:05:00+05:30,-0.0006721572094708508
2026-03-05 14:10:00+05:30,-0.00015121945124581333
2026-03-05 14:15:00+05:30,-0.0007814687497188324
2026-03-05 14:20:00+05:30,0.002299331044637777
2026-03-05 14:25:00+05:30,0.0005496928014879952
2026-03-05 14:30:00+05:30,-0.0011273532427305527
2026-03-05 14:35:00+05:30,0.0034900692181672145
2026-03-05 14:40:00+05:30,0.0021458221576419246
2026-03-05 14:45:00+05:30,0.0008110221626174375
2026-03-05 14:50:00+05:30,0.003691275747487493
2026-03-05 14:55:00+05:30,-5.8058513188279604e-05
2026-03-05 15:00:00+05:30,-0.0019037714233667525
2026-03-05 15:05:00+05:30,-0.0010657200070011141
2026-03-05 15:10:00+05:30,-0.0023180154362552226
2026-03-05 15:15:00+05:30,0.0004860694604971008
2026-03-05 15:20:00+05:30,-0.00010244663260182638
2026-03-05 15:25:00+05:30,0.0007958742136812194
2026-03-06 09:15:00+05:30,-0.0037313961368662385
2026-03-06 09:20:00+05:30,0.0014528626989669215
2026-03-06 09:25:00+05:30,0.0010086156661714798
2026-03-06 09:30:00+05:30,-0.0020308275435508252
2026-03-06 09:35:00+05:30,0.0001873688219811738
2026-03-06 09:40:00+05:30,0.0010063753567077782
2026-03-06 09:45:00+05:30,-0.0008216453558167819
2026-03-06 09:50:00+05:30,-0.0006581407963728186
2026-03-06 09:55:00+05:30,-0.0006389416821489349
2026-03-06 10:00:00+05:30,0.00040654173512417503
2026-03-06 10:05:00+05:30,0.0007743537759547298
2026-03-06 10:10:00+05:30,-7.47462374816102e-05
2026-03-06 10:15:00+05:30,0.0009721103338874905
2026-03-06 10:20:00+05:30,-0.00011091464902238843
2026-03-06 10:25:00+05:30,-0.0005299470249630009
2026-03-06 10:30:00+05:30,-0.0012157775657689255
2026-03-06 10:35:00+05:30,-0.00018698753041623828
2026-03-06 10:40:00+05:30,0.0002035320854655298
2026-03-06 10:45:00+05:30,-0.0010013205960864974
2026-03-06 10:50:00+05:30,0.0004956962582211829
2026-03-06 10:55:00+05:30,3.0962954221318795e-05
2026-03-06 11:00:00+05:30,0.0012115993293827744
2026-03-06 11:05:00+05:30,-7.647615725733657e-05
2026-03-06 11:10:00+05:30,-0.000661589227947036
2026-03-06 11:15:00+05:30,-0.0005599181452748841
2026-03-06 11:20:00+05:30,-6.845536448602851e-05
2026-03-06 11:25:00+05:30,0.0002351087003671604
2026-03-06 11:30:00+05:30,0.0003585770360644207
2026-03-06 11:35:00+05:30,0.0005175614088410427
2026-03-06 11:40:00+05:30,-0.0005055067804253214
2026-03-06 11:45:00+05:30,0.0005238510514247525
2026-03-06 11:50:00+05:30,-0.00030003655045011886
2026-03-06 11:55:00+05:30,0.00019083235330528603
2026-03-06 12:00:00+05:30,-0.00041948157682975874
2026-03-06 12:05:00+05:30,0.0007337129137833067
2026-03-06 12:10:00+05:30,-0.0007222129404404914
2026-03-06 12:15:00+05:30,8.322773906563184e-05
2026-03-06 12:20:00+05:30,-0.00032094516306856386
2026-03-06 12:25:00+05:30,-0.0015524142821614101
2026-03-06 12:30:00+05:30,0.0007799031961434523
2026-03-06 12:35:00+05:30,-0.00045220972516285833
2026-03-06 12:40:00+05:30,0.0005064482203569476
2026-03-06 12:45:00+05:30,-1.2985973514395274e-05
2026-03-06 12:50:00+05:30,-0.00012603187681718624
2026-03-06 12:55:00+05:30,0.00032346969333894496
2026-03-06 13:00:00+05:30,1.644060295109317e-05
2026-03-06 13:05:00+05:30,-0.00022461121175133605
2026-03-06 13:10:00+05:30,0.0005050654204677283
2026-03-06 13:15:00+05:30,-0.00019527269192163183
2026-03-06 13:20:00+05:30,0.00021696825860413092
2026-03-06 13:25:00+05:30,3.0193010321670416e-05
2026-03-06 13:30:00+05:30,-0.0008869372910760637
2026-03-06 13:35:00+05:30,0.0008109033684345258
2026-03-06 13:40:00+05:30,-7.125564510656572e-05
2026-03-06 13:45:00+05:30,-0.00028694098179939484
2026-03-06 13:50:00+05:30,-0.00040246998980130117
2026-03-06 13:55:00+05:30,-0.0005969911139013298
2026-03-06 14:00:00+05:30,0.000378597117702343
2026-03-06 14:05:00+05:30,0.0005826317569033939
2026-03-06 14:10:00+05:30,-1.5834462594887493e-05
2026-03-06 14:15:00+05:30,0.0007073379024106558
2026-03-06 14:20:00+05:30,-2.0185399866046755e-05
2026-03-06 14:25:00+05:30,-0.0006589320410899044
2026-03-06 14:30:00+05:30,-0.0004564791822699982
2026-03-06 14:35:00+05:30,-0.0004857737321582836
2026-03-06 14:40:00+05:30,-0.0011176669834778747
2026-03-06 14:45:00+05:30,-0.0019384409373833671
2026-03-06 14:50:00+05:30,0.000677656075553549
2026-03-06 14:55:00+05:30,-0.0011536842574707902
2026-03-06 15:00:00+05:30,-0.0006899984527096842
2026-03-06 15:05:00+05:30,-0.000268226191257729
2026-03-06 15:10:00+05:30,-0.000408826700721533
2026-03-06 15:15:00+05:30,-0.0003243431188065453
2026-03-06 15:20:00+05:30,0.00021137406371112512
2026-03-06 15:25:00+05:30,0.0008231017106533973
2026-03-09 09:15:00+05:30,-0.027600478994833942
2026-03-09 09:20:00+05:30,-0.0021550728221630252
2026-03-09 09:25:00+05:30,0.000556827450965285
2026-03-09 09:30:00+05:30,0.0016785398556045806
2026-03-09 09:35:00+05:30,-0.000165038938903581
2026-03-09 09:40:00+05:30,-0.001237256277364543
2026-03-09 09:45:00+05:30,0.0012294873902868847
2026-03-09 09:50:00+05:30,0.00014268351266718375
2026-03-09 09:55:00+05:30,-0.0004312456941923422
2026-03-09 10:00:00+05:30,-0.0004135637284178259
2026-03-09 10:05:00+05:30,0.0023424945974913915
2026-03-09 10:10:00+05:30,-0.00015244672129597814
2026-03-09 10:15:00+05:30,-0.0018321300601901473
2026-03-09 10:20:00+05:30,0.0007205132242685643
2026-03-09 10:25:00+05:30,0.00011084904670562825
2026-03-09 10:30:00+05:30,-0.0013977948411250224
2026-03-09 10:35:00+05:30,0.0008409299343661244
2026-03-09 10:40:00+05:30,0.0004195942094355739
2026-03-09 10:45:00+05:30,-0.0008796756232876358
2026-03-09 10:50:00+05:30,0.004617352326429014
2026-03-09 10:55:00+05:30,0.000627365476479002
2026-03-09 11:00:00+05:30,-0.0005764261054776308
2026-03-09 11:05:00+05:30,-0.00027985294111163456
2026-03-09 11:10:00+05:30,-0.00020470407248557602
2026-03-09 11:15:00+05:30,0.0006943706284430196
2026-03-09 11:20:00+05:30,0.0006385448079205123
2026-03-09 11:25:00+05:30,0.0007620919884272025
2026-03-09 11:30:00+05:30,-0.0005292476113841
2026-03-09 11:35:00+05:30,0.0007547534614203462
2026-03-09 11:40:00+05:30,-0.00020804087112696586
2026-03-09 11:45:00+05:30,-0.0001798292684036295
2026-03-09 11:50:00+05:30,-0.00011057688799061345
2026-03-09 11:55:00+05:30,-0.00022846831130094914
2026-03-09 12:00:00+05:30,-0.00027357683902820123
2026-03-09 12:05:00+05:30,-0.0015374734557351015
2026-03-09 12:10:00+05:30,0.0005478886752351069
2026-03-09 12:15:00+05:30,-0.0004177390384416084
2026-03-09 12:20:00+05:30,0.000349433119509804
2026-03-09 12:25:00+05:30,6.354318564458666e-05
2026-03-09 12:30:00+05:30,-0.0007590761928443388
2026-03-09 12:35:00+05:30,0.0008363962053781029
2026-03-09 12:40:00+05:30,0.0001286469237559619
2026-03-09 12:45:00+05:30,-0.0008086977397327999
2026-03-09 12:50:00+05:30,0.001468306029473495
2026-03-09 12:55:00+05:30,0.0006596512913749951
2026-03-09 13:00:00+05:30,0.00010930602159029295
2026-03-09 13:05:00+05:30,-0.000616170583324071
2026-03-09 13:10:00+05:30,-0.000863660702358683
2026-03-09 13:15:00+05:30,-0.00028952691481659283
2026-03-09 13:20:00+05:30,0.00020456151823188798
2026-03-09 13:25:00+05:30,0.0005181035496178579
2026-03-09 13:30:00+05:30,0.0013877690763568016
2026-03-09 13:35:00+05:30,-0.0001184036872664259
2026-03-09 13:40:00+05:30,-6.80495548634562e-05
2026-03-09 13:45:00+05:30,-0.0008464858335025118
2026-03-09 13:50:00+05:30,0.0006566953046352552
2026-03-09 13:55:00+05:30,-0.0010132534949528365
2026-03-09 14:00:00+05:30,0.00013141813551956934
2026-03-09 14:05:00+05:30,0.0004178373479239059
2026-03-09 14:10:00+05:30,-0.0005351348839165203
2026-03-09 14:15:00+05:30,-0.0001982091647161519
2026-03-09 14:20:00+05:30,0.001122277076830015
2026-03-09 14:25:00+05:30,0.00025810921312729995
2026-03-09 14:30:00+05:30,2.5154579138992066e-05
2026-03-09 14:35:00+05:30,0.0008180026869777193
2026-03-09 14:40:00+05:30,0.0003438909835576931
2026-03-09 14:45:00+05:30,0.0012417569660802686
2026-03-09 14:50:00+05:30,0.0012626518539415993
2026-03-09 14:55:00+05:30,0.00014372081893637408
2026-03-09 15:00:00+05:30,0.0012256976184251117
2026-03-09 15:05:00+05:30,-0.0006892145035147965
2026-03-09 15:10:00+05:30,0.0006969861753764256
2026-03-09 15:15:00+05:30,-0.0002842782898766435
2026-03-09 15:20:00+05:30,-0.0007365906461611907
2026-03-09 15:25:00+05:30,-8.643306444184055e-05
2026-03-10 09:15:00+05:30,0.00538860667090005
2026-03-10 09:20:00+05:30,-0.0005363999145511514
2026-03-10 09:25:00+05:30,0.0001480795457157297
2026-03-10 09:30:00+05:30,-0.0013449420078215952
2026-03-10 09:35:00+05:30,-0.0013650305027414285
2026-03-10 09:40:00+05:30,0.002510736255959615
2026-03-10 09:45:00+05:30,-0.0003882191328967604
2026-03-10 09:50:00+05:30,4.09521141404111e-05
2026-03-10 09:55:00+05:30,-0.0015754366964969568
2026-03-10 10:00:00+05:30,0.0011520851540954484
2026-03-10 10:05:00+05:30,0.0006619115442965585
2026-03-10 10:10:00+05:30,0.00022767710777497823
2026-03-10 10:15:00+05:30,0.0017798329002250803
2026-03-10 10:20:00+05:30,-0.0010365972778443662
2026-03-10 10:25:00+05:30,-0.0002925470685635318
2026-03-10 10:30:00+05:30,0.00179630630045672
2026-03-10 10:35:00+05:30,-0.000225243522785903
2026-03-10 10:40:00+05:30,0.000544857808735261
2026-03-10 10:45:00+05:30,0.0002018674924793018
2026-03-10 10:50:00+05:30,-0.0012654809601215671
2026-03-10 10:55:00+05:30,0.0002478175626006104
2026-03-10 11:00:00+05:30,0.00016715559946764875
2026-03-10 11:05:00+05:30,0.0005878799016400508
2026-03-10 11:10:00+05:30,-6.582039121212124e-05
2026-03-10 11:15:00+05:30,-0.0007451015827310822
2026-03-10 11:20:00+05:30,0.0007042766326282049
2026-03-10 11:25:00+05:30,-0.00024039056029670052
2026-03-10 11:30:00+05:30,0.0007295148796688917
2026-03-10 11:35:00+05:30,0.00027069938692604384
2026-03-10 11:40:00+05:30,-1.3620430460679534e-05
2026-03-10 11:45:00+05:30,-0.0016468949959370007
2026-03-10 11:50:00+05:30,0.00016068278158560588
2026-03-10 11:55:00+05:30,5.705955046186288e-05
2026-03-10 12:00:00+05:30,0.00033398937970880187
2026-03-10 12:05:00+05:30,-0.00030450057170772205
2026-03-10 12:10:00+05:30,-0.0010817060748392732
2026-03-10 12:15:00+05:30,0.000376506868418707
2026-03-10 12:20:00+05:30,-0.0014494253474523927
2026-03-10 12:25:00+05:30,0.0004803616180865637
2026-03-10 12:30:00+05:30,-0.00019583175709228664
2026-03-10 12:35:00+05:30,-0.00010442224706485563
2026-03-10 12:40:00+05:30,-0.0005540246643672405
2026-03-10 12:45:00+05:30,0.0013559625551954394
2026-03-10 12:50:00+05:30,0.0013240584619080024
2026-03-10 12:55:00+05:30,0.0003554452405377311
2026-03-10 13:00:00+05:30,0.0005223967448321618
2026-03-10 13:05:00+05:30,-0.0008202136964278125
2026-03-10 13:10:00+05:30,0.0002836572529355249
2026-03-10 13:15:00+05:30,0.0004549721137163793
2026-03-10 13:20:00+05:30,-0.0005226866351161558
2026-03-10 13:25:00+05:30,0.000382150470948227
2026-03-10 13:30:00+05:30,0.0007388288647814642
2026-03-10 13:35:00+05:30,0.0008515916880830959
2026-03-10 13:40:00+05:30,-0.0005688970545357424
2026-03-10 13:45:00+05:30,-0.0001061492485968184
2026-03-10 13:50:00+05:30,0.0002695565648127913
2026-03-10 13:55:00+05:30,-0.00022043986360390685
2026-03-10 14:00:00+05:30,-5.911217692170103e-05
2026-03-10 14:05:00+05:30,0.0016747247774228967
2026-03-10 14:10:00+05:30,0.0002794173842901534
2026-03-10 14:15:00+05:30,-0.0013358071022337582
2026-03-10 14:20:00+05:30,-0.00043523030333008316
2026-03-10 14:25:00+05:30,8.57246054457817e-06
2026-03-10 14:30:00+05:30,-0.0008472776836336907
2026-03-10 14:35:00+05:30,0.0004922608550685995
2026-03-10 14:40:00+05:30,-9.644074730102104e-05
2026-03-10 14:45:00+05:30,0.0015883978258920347
2026-03-10 14:50:00+05:30,3.983550141595822e-05
2026-03-10 14:55:00+05:30,7.310288880842777e-05
2026-03-10 15:00:00+05:30,-0.00036077667758104806
2026-03-10 15:05:00+05:30,0.0002917960853500449
2026-03-10 15:10:00+05:30,-5.519273526303974e-05
2026-03-10 15:15:00+05:30,0.0005970129293312718
2026-03-10 15:20:00+05:30,0.0007167262467955235
2026-03-10 15:25:00+05:30,-0.00013252126447471646
2026-03-11 09:15:00+05:30,0.0007809446603150217
2026-03-11 09:20:00+05:30,-0.0022283906027724966
2026-03-11 09:25:00+05:30,-0.00024974933799961745
2026-03-11 09:30:00+05:30,-0.00027216664585157747
2026-03-11 09:35:00+05:30,-0.001207148045995865
2026-03-11 09:40:00+05:30,-0.0004692585380344432
2026-03-11 09:45:00+05:30,0.0005153336315352022
2026-03-11 09:50:00+05:30,-0.0016833158187101037
2026-03-11 09:55:00+05:30,-9.8050633807622e-05
2026-03-11 10:00:00+05:30,0.000426627455780803
2026-03-11 10:05:00+05:30,-0.001733383058091687
2026-03-11 10:10:00+05:30,-0.0004776233597106006
2026-03-11 10:15:00+05:30,0.0005617247899963289
2026-03-11 10:20:00+05:30,0.00013493103798431348
2026-03-11 10:25:00+05:30,-0.00011076118944505629
2026-03-11 10:30:00+05:30,3.2114323741885396e-05
2026-03-11 10:35:00+05:30,-0.0017501757762217185
2026-03-11 10:40:00+05:30,-0.0007436715436366487
2026-03-11 10:45:00+05:30,0.0006976253910808051
2026-03-11 10:50:00+05:30,0.00011359008337290182
2026-03-11 10:55:00+05:30,0.0011850358614075894
2026-03-11 11:00:00+05:30,0.00020630712607091892
2026-03-11 11:05:00+05:30,-0.0011560880550967338
2026-03-11 11:10:00+05:30,-0.0006053313679028557
2026-03-11 11:15:00+05:30,-0.0012872068036724178
2026-03-11 11:20:00+05:30,-0.0011833859075451693
2026-03-11 11:25:00+05:30,0.0009472080704982306
2026-03-11 11:30:00+05:30,-0.0017454970442939246
2026-03-11 11:35:00+05:30,0.0003819952026145747
2026-03-11 11:40:00+05:30,0.00032421375597232283
2026-03-11 11:45:00+05:30,-0.0005903811889428345
2026-03-11 11:50:00+05:30,5.7697324046444476e-05
2026-03-11 11:55:00+05:30,-0.0005005439378990591
2026-03-11 12:00:00+05:30,0.0016452867474859155
2026-03-11 12:05:00+05:30,-0.0009197384252595794
2026-03-11 12:10:00+05:30,0.0002996501557145545
2026-03-11 12:15:00+05:30,0.00016629404365647567
2026-03-11 12:20:00+05:30,3.479215454838565e-05
2026-03-11 12:25:00+05:30,7.180403895339593e-05
2026-03-11 12:30:00+05:30,-0.0007349178220773172
2026-03-11 12:35:00+05:30,-0.000604180692776796
2026-03-11 12:40:00+05:30,0.001621560905873106
2026-03-11 12:45:00+05:30,-0.0007718642131266881
2026-03-11 12:50:00+05:30,-0.00029144179207036007
2026-03-11 12:55:00+05:30,-0.0006004911662825737
2026-03-11 13:00:00+05:30,-0.0003580472079896623
2026-03-11 13:05:00+05:30,0.00023015247623897324
2026-03-11 13:10:00+05:30,-0.001739812682563659
2026-03-11 13:15:00+05:30,0.00038351204001711643
2026-03-11 13:20:00+05:30,0.0007778558978524442
2026-03-11 13:25:00+05:30,0.000538638415988674
2026-03-11 13:30:00+05:30,-0.00020146226175524925
2026-03-11 13:35:00+05:30,-0.00045147131104583097
2026-03-11 13:40:00+05:30,-0.00011056014250171735
2026-03-11 13:45:00+05:30,-0.00017576260164008897
2026-03-11 13:50:00+05:30,0.0002852521642157628
2026-03-11 13:55:00+05:30,-0.00025557174486061883
2026-03-11 14:00:00+05:30,-0.0001031568696929307
2026-03-11 14:05:00+05:30,-0.0008330324604482844
2026-03-11 14:10:00+05:30,0.00022534178697252685
2026-03-11 14:15:00+05:30,-0.0010289203983013047
2026-03-11 14:20:00+05:30,-0.0004967706113263873
2026-03-11 14:25:00+05:30,0.002894339746983867
2026-03-11 14:30:00+05:30,-0.0019427669323099275
2026-03-11 14:35:00+05:30,0.00046888681959412234
2026-03-11 14:40:00+05:30,-0.0004051325929407852
2026-03-11 14:45:00+05:30,-0.00011440558209649836
2026-03-11 14:50:00+05:30,-9.070222745617769e-05
2026-03-11 14:55:00+05:30,-0.0017925037807108536
2026-03-11 15:00:00+05:30,0.000385043500864131
2026-03-11 15:05:00+05:30,-0.00021467882937962668
2026-03-11 15:10:00+05:30,-0.00039573870767635537
2026-03-11 15:15:00+05:30,0.0007349708732153378
2026-03-11 15:20:00+05:30,-0.0004330521156866543
2026-03-11 15:25:00+05:30,-0.0008929416289151021
2026-03-12 09:15:00+05:30,-0.011519549455504211
2026-03-12 09:20:00+05:30,0.001403386449343265
2026-03-12 09:25:00+05:30,0.000388661653570818
2026-03-12 09:30:00+05:30,-0.0006966509411080807
2026-03-12 09:35:00+05:30,-0.0011132203237889631
2026-03-12 09:40:00+05:30,0.0007900292472565272
2026-03-12 09:45:00+05:30,0.0008654493386161036
2026-03-12 09:50:00+05:30,0.0012354331956597449
2026-03-12 09:55:00+05:30,0.0014071866874749122
2026-03-12 10:00:00+05:30,-0.0007262082224015768
2026-03-12 10:05:00+05:30,-0.001927754276804361
2026-03-12 10:10:00+05:30,-0.0009877902546601147
2026-03-12 10:15:00+05:30,0.00015296236783277512
2026-03-12 10:20:00+05:30,0.00040578651793625394
2026-03-12 10:25:00+05:30,0.0017931522687890842
2026-03-12 10:30:00+05:30,0.0005407921258156799
2026-03-12 10:35:00+05:30,0.0006910676189514353
2026-03-12 10:40:00+05:30,-0.0009253652079897625
2026-03-12 10:45:00+05:30,3.015792536483004e-05
2026-03-12 10:50:00+05:30,-0.00010242053196165674
2026-03-12 10:55:00+05:30,0.0017281388940421434
2026-03-12 11:00:00+05:30,0.0010366524301591105
2026-03-12 11:05:00+05:30,-0.0010576376101091884
2026-03-12 11:10:00+05:30,0.00028513164388123765
2026-03-12 11:15:00+05:30,-0.0017384577335998713
2026-03-12 11:20:00+05:30,0.00045190413252588506
2026-03-12 11:25:00+05:30,-5.1788795109364294e-05
2026-03-12 11:30:00+05:30,-0.00019783231102700837
2026-03-12 11:35:00+05:30,-0.0001325182350932164
2026-03-12 11:40:00+05:30,0.0006058162545220046
2026-03-12 11:45:00+05:30,-0.0007099028907393556
2026-03-12 11:50:00+05:30,0.0007219629776692905
2026-03-12 11:55:00+05:30,0.0008957306340876256
2026-03-12 12:00:00+05:30,-0.00024109530287171128
2026-03-12 12:05:00+05:30,-0.0006509029549048277
2026-03-12 12:10:00+05:30,0.0009725677181214222
2026-03-12 12:15:00+05:30,-0.0012039377161594065
2026-03-12 12:20:00+05:30,0.0011656425630033036
2026-03-12 12:25:00+05:30,-0.0003810958345550692
2026-03-12 12:30:00+05:30,-0.0005303230460332174
2026-03-12 12:35:00+05:30,-0.0006480009493350486
2026-03-12 12:40:00+05:30,0.00011359958990448715
2026-03-12 12:45:00+05:30,0.00019420898841773928
2026-03-12 12:50:00+05:30,-0.0007495476567469167
2026-03-12 12:55:00+05:30,0.0005250970806408281
2026-03-12 13:00:00+05:30,-0.0005993258582079301
2026-03-12 13:05:00+05:30,-0.0007368279287284638
2026-03-12 13:10:00+05:30,0.0014873437206856142
2026-03-12 13:15:00+05:30,-0.0004632432567602993
2026-03-12 13:20:00+05:30,0.0015759996619643755
2026-03-12 13:25:00+05:30,0.0008658539878664857
2026-03-12 13:30:00+05:30,0.0018722587513863547
2026-03-12 13:35:00+05:30,5.5298205381210985e-05
2026-03-12 13:40:00+05:30,-0.0008717645642874677
2026-03-12 13:45:00+05:30,-0.0003437530361543332
2026-03-12 13:50:00+05:30,-0.0006310245720497648
2026-03-12 13:55:00+05:30,-0.001367512917490768
2026-03-12 14:00:00+05:30,0.0008278054169480523
2026-03-12 14:05:00+05:30,-0.001363769529290918
2026-03-12 14:10:00+05:30,0.000803393185260319
2026-03-12 14:15:00+05:30,0.00033870223385929225
2026-03-12 14:20:00+05:30,-0.0004968259489187671
2026-03-12 14:25:00+05:30,-0.0009743981886444617
2026-03-12 14:30:00+05:30,0.0009346057077114983
2026-03-12 14:35:00+05:30,-0.0007396672195153263
2026-03-12 14:40:00+05:30,-0.0020957840007582718
2026-03-12 14:45:00+05:30,-0.00010058681098583888
2026-03-12 14:50:00+05:30,-0.001851677186212188
2026-03-12 14:55:00+05:30,0.0003714245415387528
2026-03-12 15:00:00+05:30,0.0004605336700317667
2026-03-12 15:05:00+05:30,0.0006145748958587228
2026-03-12 15:10:00+05:30,-0.00118464870833129
2026-03-12 15:15:00+05:30,0.0005864033718405773
2026-03-12 15:20:00+05:30,-0.0005258857248145484
2026-03-12 15:25:00+05:30,-1.2038787082359118e-05
2026-03-13 09:15:00+05:30,-0.009339701086014954
2026-03-13 09:20:00+05:30,-0.00024882183684156526
2026-03-13 09:25:00+05:30,0.0013096930430582506
2026-03-13 09:30:00+05:30,-0.00022406816054066972
2026-03-13 09:35:00+05:30,-3.225473505581795e-05
2026-03-13 09:40:00+05:30,-0.0010121219203931859
2026-03-13 09:45:00+05:30,-0.001487277633300909
2026-03-13 09:50:00+05:30,-0.0010928638765962978
2026-03-13 09:55:00+05:30,-0.0005138844093871903
2026-03-13 10:00:00+05:30,0.000302826855514094
2026-03-13 10:05:00+05:30,-0.0010561447667118214
2026-03-13 10:10:00+05:30,-0.00016281042202800764
2026-03-13 10:15:00+05:30,-0.0002949805392404449
2026-03-13 10:20:00+05:30,-0.00018989258325473543
2026-03-13 10:25:00+05:30,0.0015341771328153924
2026-03-13 10:30:00+05:30,-0.0012888470726751227
2026-03-13 10:35:00+05:30,0.0004967055282654059
2026-03-13 10:40:00+05:30,-0.0003770539883028241
2026-03-13 10:45:00+05:30,-0.000134216337642522
2026-03-13 10:50:00+05:30,0.0009605006241838465
2026-03-13 10:55:00+05:30,0.000351527227262458
2026-03-13 11:00:00+05:30,-0.0006920835123780447
2026-03-13 11:05:00+05:30,-0.0008379229002008405
2026-03-13 11:10:00+05:30,-0.0006490129344407046
2026-03-13 11:15:00+05:30,0.00010064126195324053
2026-03-13 11:20:00+05:30,0.0006073462363610563
2026-03-13 11:25:00+05:30,0.0015272348552373373
2026-03-13 11:30:00+05:30,1.1417724398481666e-05
2026-03-13 11:35:00+05:30,0.0003057082301001271
2026-03-13 11:40:00+05:30,-6.174356692403995e-05
2026-03-13 11:45:00+05:30,-7.85932733444797e-05
2026-03-13 11:50:00+05:30,-0.0006169632450797543
2026-03-13 11:55:00+05:30,-0.0014696988192591214
2026-03-13 12:00:00+05:30,-0.0008275529669995978
2026-03-13 12:05:00+05:30,-0.00026770330405724937
2026-03-13 12:10:00+05:30,-0.0001091470809364208
2026-03-13 12:15:00+05:30,-0.0004389050916803779
2026-03-13 12:20:00+05:30,-0.0017059506134641596
2026-03-13 12:25:00+05:30,0.00016750027236510587
2026-03-13 12:30:00+05:30,-0.001398597028042599
2026-03-13 12:35:00+05:30,-0.0007263290694398304
2026-03-13 12:40:00+05:30,-0.00024695809011956565
2026-03-13 12:45:00+05:30,0.0005802906339425163
2026-03-13 12:50:00+05:30,-0.00034990787510587974
2026-03-13 12:55:00+05:30,0.0003251248981626098
2026-03-13 13:00:00+05:30,-0.00045999139175841687
2026-03-13 13:05:00+05:30,-0.0011103978755366898
2026-03-13 13:10:00+05:30,-0.00098745213872057
2026-03-13 13:15:00+05:30,-0.00045473521415713495
2026-03-13 13:20:00+05:30,-0.0012664759439810287
2026-03-13 13:25:00+05:30,0.0017541729464710196
2026-03-13 13:30:00+05:30,-0.0010199733312629543
2026-03-13 13:35:00+05:30,-0.0009512827148734125
2026-03-13 13:40:00+05:30,0.00042577636226185555
2026-03-13 13:45:00+05:30,0.00010248080986417993
2026-03-13 13:50:00+05:30,-0.0009444901586437176
2026-03-13 13:55:00+05:30,-0.0007279195984075262
2026-03-13 14:00:00+05:30,0.0012595731206893846
2026-03-13 14:05:00+05:30,0.001391113980023065
2026-03-13 14:10:00+05:30,0.0009254709127197374
2026-03-13 14:15:00+05:30,0.0005952918863670652
2026-03-13 14:20:00+05:30,-0.00031293918241353787
2026-03-13 14:25:00+05:30,-0.0004169210097417541
2026-03-13 14:30:00+05:30,0.0014267296142305094
2026-03-13 14:35:00+05:30,-0.0010658221009145778
2026-03-13 14:40:00+05:30,0.0007005068923264977
2026-03-13 14:45:00+05:30,-0.0014759754200187427
2026-03-13 14:50:00+05:30,-0.0010332268430788272
2026-03-13 14:55:00+05:30,0.000529966287091735
2026-03-13 15:00:00+05:30,-0.001738970578702747
2026-03-13 15:05:00+05:30,-0.0004793060796076723
2026-03-13 15:10:00+05:30,0.0011785767545081942
2026-03-13 15:15:00+05:30,-8.992124620987862e-05
2026-03-13 15:20:00+05:30,-0.000589493836232904
2026-03-13 15:25:00+05:30,0.0015881825280431173
2026-03-16 09:15:00+05:30,-0.0009810821311310753
2026-03-16 09:20:00+05:30,-0.0014364889343437357
2026-03-16 09:25:00+05:30,0.0007630974000818235
2026-03-16 09:30:00+05:30,0.0020665233105519746
2026-03-16 09:35:00+05:30,0.0009877360367818925
2026-03-16 09:40:00+05:30,-2.92341667335342e-05
2026-03-16 09:45:00+05:30,0.0001221782673879296
2026-03-16 09:50:00+05:30,-0.0008451122859931548
2026-03-16 09:55:00+05:30,-0.0029501467272553482
2026-03-16 10:00:00+05:30,0.001161118995041373
2026-03-16 10:05:00+05:30,-0.000532093651255996
2026-03-16 10:10:00+05:30,-0.001156429693473036
2026-03-16 10:15:00+05:30,-0.0022830197428080432
2026-03-16 10:20:00+05:30,-0.002119374736200771
2026-03-16 10:25:00+05:30,-0.0016646094549264369
2026-03-16 10:30:00+05:30,0.0014351657005098855
2026-03-16 10:35:00+05:30,0.0004097987932101722
2026-03-16 10:40:00+05:30,3.0184331687537436e-05
2026-03-16 10:45:00+05:30,-0.0006671156960103885
2026-03-16 10:50:00+05:30,-0.002068355846234934
2026-03-16 10:55:00+05:30,0.0016319385957892507
2026-03-16 11:00:00+05:30,0.0004997470588015375
2026-03-16 11:05:00+05:30,0.0013299940971740476
2026-03-16 11:10:00+05:30,0.0007049836216226346
2026-03-16 11:15:00+05:30,0.003731689942350683
2026-03-16 11:20:00+05:30,-0.00020712043652678473
2026-03-16 11:25:00+05:30,-0.0005287548759617181
2026-03-16 11:30:00+05:30,0.001257740651796688
2026-03-16 11:35:00+05:30,-0.0014389442076985402
2026-03-16 11:40:00+05:30,-0.0005699156676504874
2026-03-16 11:45:00+05:30,0.00041072427830561516
2026-03-16 11:50:00+05:30,0.00015160901799752443
2026-03-16 11:55:00+05:30,-0.0006223815093833711
2026-03-16 12:00:00+05:30,0.00036063127441658026
2026-03-16 12:05:00+05:30,3.8701457432092836e-05
2026-03-16 12:10:00+05:30,-4.568097979306071e-06
2026-03-16 12:15:00+05:30,-1.94549569528626e-05
2026-03-16 12:20:00+05:30,0.0009348572626436402
2026-03-16 12:25:00+05:30,-0.00019969410893976537
2026-03-16 12:30:00+05:30,-0.0018990030730118115
2026-03-16 12:35:00+05:30,0.0006822414541654407
2026-03-16 12:40:00+05:30,-0.00021428978604388113
2026-03-16 12:45:00+05:30,-0.0022195425074055778
2026-03-16 12:50:00+05:30,0.0008555453306392046
2026-03-16 12:55:00+05:30,3.4110391759565784e-05
2026-03-16 13:00:00+05:30,-0.00019632006655085092
2026-03-16 13:05:00+05:30,0.000393873220554216
2026-03-16 13:10:00+05:30,-0.00022104873035206683
2026-03-16 13:15:00+05:30,0.0013681998277303052
2026-03-16 13:20:00+05:30,-0.0002366003262907625
2026-03-16 13:25:00+05:30,-0.0009893081400107883
2026-03-16 13:30:00+05:30,-0.0004364711246397719
2026-03-16 13:35:00+05:30,0.0009095751657735603
2026-03-16 13:40:00+05:30,-0.000625051679639572
2026-03-16 13:45:00+05:30,0.00010419016767564053
2026-03-16 13:50:00+05:30,0.001012233441517118
2026-03-16 13:55:00+05:30,-2.9426376286895442e-06
2026-03-16 14:00:00+05:30,-0.0003761780961470717
2026-03-16 14:05:00+05:30,0.0003930676005562523
2026-03-16 14:10:00+05:30,0.0008340887913103758
2026-03-16 14:15:00+05:30,0.002871664177821826
2026-03-16 14:20:00+05:30,0.004707017650487766
2026-03-16 14:25:00+05:30,0.0006612438675562008
2026-03-16 14:30:00+05:30,0.0010540255948556963
2026-03-16 14:35:00+05:30,0.0017843942993260105
2026-03-16 14:40:00+05:30,0.000848773162845718
2026-03-16 14:45:00+05:30,0.0013778869476676
2026-03-16 14:50:00+05:30,-0.0001853994535099385
2026-03-16 14:55:00+05:30,-0.0003349379729918889
2026-03-16 15:00:00+05:30,-0.0020886062671136604
2026-03-16 15:05:00+05:30,0.001355419840651006
2026-03-16 15:10:00+05:30,-0.00010973111330899557
2026-03-16 15:15:00+05:30,-0.0023015964752393036
2026-03-16 15:20:00+05:30,-0.0009614247648217967
2026-03-16 15:25:00+05:30,0.00013196248897561738
2026-03-17 09:15:00+05:30,0.0014994275726735815
2026-03-17 09:20:00+05:30,-0.0015734657601721728
2026-03-17 09:25:00+05:30,0.0005749003247432713
2026-03-17 09:30:00+05:30,7.298447982011163e-05
2026-03-17 09:35:00+05:30,0.002454613630343021
2026-03-17 09:40:00+05:30,0.0012553490677601885
2026-03-17 09:45:00+05:30,0.0009387514335270689
2026-03-17 09:50:00+05:30,0.00014305954524749138
2026-03-17 09:55:00+05:30,0.0007324975194778687
2026-03-17 10:00:00+05:30,0.0006769958127771545
2026-03-17 10:05:00+05:30,0.00042149727669973496
2026-03-17 10:10:00+05:30,0.0001563977748006224
2026-03-17 10:15:00+05:30,0.0009954915516353752
2026-03-17 10:20:00+05:30,0.0005806381204239416
2026-03-17 10:25:00+05:30,-0.0025404568322288158
2026-03-17 10:30:00+05:30,-0.0008076457673999537
2026-03-17 10:35:00+05:30,0.0007809667671487771
2026-03-17 10:40:00+05:30,-9.09516721139726e-05
2026-03-17 10:45:00+05:30,0.0017367747404674996
2026-03-17 10:50:00+05:30,-5.106067298610295e-05
2026-03-17 10:55:00+05:30,0.0002883950990363023
2026-03-17 11:00:00+05:30,-0.0004623504017273388
2026-03-17 11:05:00+05:30,-0.0013096445905614114
2026-03-17 11:10:00+05:30,-0.0007766650048710402
2026-03-17 11:15:00+05:30,-0.0013617560364710636
2026-03-17 11:20:00+05:30,-0.0012414502216660489
2026-03-17 11:25:00+05:30,-0.001096821346729054
2026-03-17 11:30:00+05:30,-0.0006926216222078335
2026-03-17 11:35:00+05:30,0.001103524670864252
2026-03-17 11:40:00+05:30,0.00022536978912306087
2026-03-17 11:45:00+05:30,8.67883065202667e-05
2026-03-17 11:50:00+05:30,0.0008355954902712524
2026-03-17 11:55:00+05:30,0.00028176998860402803
2026-03-17 12:00:00+05:30,-0.00011485157835390339
2026-03-17 12:05:00+05:30,0.0008935499031282937
2026-03-17 12:10:00+05:30,-0.00013059639558121727
2026-03-17 12:15:00+05:30,-0.0020641346838055894
2026-03-17 12:20:00+05:30,0.0002618981329190502
2026-03-17 12:25:00+05:30,0.0008864942597279066
2026-03-17 12:30:00+05:30,0.00029165601800699336
2026-03-17 12:35:00+05:30,0.0005532329390007222
2026-03-17 12:40:00+05:30,0.001075870913497578
2026-03-17 12:45:00+05:30,0.0013652436704381216
2026-03-17 12:50:00+05:30,-0.0007614280748460734
2026-03-17 12:55:00+05:30,0.0004783585773196749
2026-03-17 13:00:00+05:30,0.0010819619325662373
2026-03-17 13:05:00+05:30,0.00043860014790524023
2026-03-17 13:10:00+05:30,0.000599625468638898
2026-03-17 13:15:00+05:30,0.000903529219740579
2026-03-17 13:20:00+05:30,-0.0005298440980528715
2026-03-17 13:25:00+05:30,-2.3238440301837376e-05
2026-03-17 13:30:00+05:30,0.0003065888337803308
2026-03-17 13:35:00+05:30,-0.0016048884896435803
2026-03-17 13:40:00+05:30,0.0005155933756683749
2026-03-17 13:45:00+05:30,0.0010277119888116566
2026-03-17 13:50:00+05:30,-0.00031191351789574667
2026-03-17 13:55:00+05:30,-0.000321038714805424
2026-03-17 14:00:00+05:30,0.0010436090977548286
2026-03-17 14:05:00+05:30,-2.0050831421285148e-05
2026-03-17 14:10:00+05:30,0.0013273279518079464
2026-03-17 14:15:00+05:30,-0.0017865339207737696
2026-03-17 14:20:00+05:30,-0.0005607676652521837
2026-03-17 14:25:00+05:30,0.0006967703363268276
2026-03-17 14:30:00+05:30,0.0009696006480428098
2026-03-17 14:35:00+05:30,0.0005580409921266989
2026-03-17 14:40:00+05:30,8.45402140323517e-05
2026-03-17 14:45:00+05:30,0.0003975187932636801
2026-03-17 14:50:00+05:30,0.000966677786847167
2026-03-17 14:55:00+05:30,0.0014582207398606886
2026-03-17 15:00:00+05:30,-0.0024540376307314346
2026-03-17 15:05:00+05:30,-2.5228874895614966e-05
2026-03-17 15:10:00+05:30,0.00046162100760232204
2026-03-17 15:15:00+05:30,-0.0016823535812317692
2026-03-17 15:20:00+05:30,-2.5882134084054265e-05
2026-03-17 15:25:00+05:30,0.00011222867792273918
2026-03-18 09:15:00+05:30,0.007291673231545062
2026-03-18 09:20:00+05:30,-0.001876504693712898
2026-03-18 09:25:00+05:30,0.0016265046796383655
2026-03-18 09:30:00+05:30,0.00028635797504905636
2026-03-18 09:35:00+05:30,-0.00018180581626920116
2026-03-18 09:40:00+05:30,0.000501161050325821
2026-03-18 09:45:00+05:30,0.0008940872898356901
2026-03-18 09:50:00+05:30,-0.00021812799846801073
2026-03-18 09:55:00+05:30,-0.001077141422873909
2026-03-18 10:00:00+05:30,-0.0009042882239175908
2026-03-18 10:05:00+05:30,2.4579593334274707e-05
2026-03-18 10:10:00+05:30,0.0007495772201439453
2026-03-18 10:15:00+05:30,0.0019313602081008192
2026-03-18 10:20:00+05:30,0.0012816888925681073
2026-03-18 10:25:00+05:30,-0.0006282774057716781
2026-03-18 10:30:00+05:30,0.00045633708389551593
2026-03-18 10:35:00+05:30,-0.00010506291607270095
2026-03-18 10:40:00+05:30,-0.0004692980049441017
2026-03-18 10:45:00+05:30,0.0014015503476994043
2026-03-18 10:50:00+05:30,0.0005810500908761673
2026-03-18 10:55:00+05:30,6.817074576012514e-05
2026-03-18 11:00:00+05:30,0.0006830032605145492
2026-03-18 11:05:00+05:30,-0.00017987184241088477
2026-03-18 11:10:00+05:30,0.00042741272536566354
2026-03-18 11:15:00+05:30,9.676776384860477e-05
2026-03-18 11:20:00+05:30,0.0003208342268707219
2026-03-18 11:25:00+05:30,0.0003860521879262002
2026-03-18 11:30:00+05:30,-0.000262176898190443
2026-03-18 11:35:00+05:30,0.0004756131428349344
2026-03-18 11:40:00+05:30,0.00048305011214814993
2026-03-18 11:45:00+05:30,-0.0006569497184128206
2026-03-18 11:50:00+05:30,0.0005991510259578261
2026-03-18 11:55:00+05:30,-0.0005035446051925822
2026-03-18 12:00:00+05:30,-0.0006197836555017197
2026-03-18 12:05:00+05:30,-0.0005760696440990117
2026-03-18 12:10:00+05:30,4.813666905163845e-05
2026-03-18 12:15:00+05:30,0.0003400068912361033
2026-03-18 12:20:00+05:30,-0.00014762305653432132
2026-03-18 12:25:00+05:30,-0.0005691703141051122
2026-03-18 12:30:00+05:30,0.0004697281630260572
2026-03-18 12:35:00+05:30,-0.00031533596458316034
2026-03-18 12:40:00+05:30,6.26593776600582e-05
2026-03-18 12:45:00+05:30,0.00032724825652296003
2026-03-18 12:50:00+05:30,-0.0005682821625524996
2026-03-18 12:55:00+05:30,-9.276396487491543e-05
2026-03-18 13:00:00+05:30,0.0008492796038802538
2026-03-18 13:05:00+05:30,-0.0008538645694991024
2026-03-18 13:10:00+05:30,0.0008772131991749509
2026-03-18 13:15:00+05:30,-0.0003698835260170844
2026-03-18 13:20:00+05:30,0.0012140564910063073
2026-03-18 13:25:00+05:30,-0.0003646934940168223
2026-03-18 13:30:00+05:30,0.00046858023128081234
2026-03-18 13:35:00+05:30,0.00027523236972929057
2026-03-18 13:40:00+05:30,0.00010334049345070866
2026-03-18 13:45:00+05:30,-0.0008699488325045044
2026-03-18 13:50:00+05:30,0.0006347543708264432
2026-03-18 13:55:00+05:30,-0.00036009950436690757
2026-03-18 14:00:00+05:30,-0.0002786669423483607
2026-03-18 14:05:00+05:30,-0.00017985561843450606
2026-03-18 14:10:00+05:30,-0.0003569485036428323
2026-03-18 14:15:00+05:30,0.0008015646425883629
2026-03-18 14:20:00+05:30,0.0004367087348570574
2026-03-18 14:25:00+05:30,-0.0004989323514810009
2026-03-18 14:30:00+05:30,-0.001810914016614385
2026-03-18 14:35:00+05:30,0.0002296096177722213
2026-03-18 14:40:00+05:30,-0.0008812918654558068
2026-03-18 14:45:00+05:30,0.0008873530068204478
2026-03-18 14:50:00+05:30,-0.0006719979610620342
2026-03-18 14:55:00+05:30,0.00027791002018495714
2026-03-18 15:00:00+05:30,0.0002536396078527403
2026-03-18 15:05:00+05:30,-0.0005877722284259868
2026-03-18 15:10:00+05:30,-0.00019917500086190292
2026-03-18 15:15:00+05:30,-0.0008152125142628933
2026-03-18 15:20:00+05:30,-0.0007714764493516164
2026-03-18 15:25:00+05:30,0.0006939471529483429
2026-03-19 09:15:00+05:30,-0.01926216119771048
2026-03-19 09:20:00+05:30,0.0019373483165993136
2026-03-19 09:25:00+05:30,-0.001214171388559732
2026-03-19 09:30:00+05:30,-0.0009104262357183418
2026-03-19 09:35:00+05:30,-0.0009677224052248666
2026-03-19 09:40:00+05:30,0.00058021198130613
2026-03-19 09:45:00+05:30,-0.001400741789078727
2026-03-19 09:50:00+05:30,2.370243311657448e-06
2026-03-19 09:55:00+05:30,0.00040378716068658146
2026-03-19 10:00:00+05:30,0.0008162566607816259
2026-03-19 10:05:00+05:30,-7.852375361564643e-06
2026-03-19 10:10:00+05:30,-0.0010594667055820958
2026-03-19 10:15:00+05:30,-0.0006416163519231512
2026-03-19 10:20:00+05:30,0.0013383294128934628
2026-03-19 10:25:00+05:30,0.0002572588848491413
2026-03-19 10:30:00+05:30,0.00011806253448350197
2026-03-19 10:35:00+05:30,0.0012844037624798114
2026-03-19 10:40:00+05:30,0.0001294318499290906
2026-03-19 10:45:00+05:30,-0.0016106981686981705
2026-03-19 10:50:00+05:30,0.0005411523179085279
2026-03-19 10:55:00+05:30,-0.0008706012336747317
2026-03-19 11:00:00+05:30,-0.0005180091081628564
2026-03-19 11:05:00+05:30,-0.00048813806005411136
2026-03-19 11:10:00+05:30,-0.0007403957623600571
2026-03-19 11:15:00+05:30,0.00021956971932712843
2026-03-19 11:20:00+05:30,0.0010751539372989736
2026-03-19 11:25:00+05:30,-0.0008264349278110636
2026-03-19 11:30:00+05:30,0.001074651381931226
2026-03-19 11:35:00+05:30,-0.00036309651617158343
2026-03-19 11:40:00+05:30,0.000202626640934967
2026-03-19 11:45:00+05:30,0.00014207445667267416
2026-03-19 11:50:00+05:30,4.158864395065187e-05
2026-03-19 11:55:00+05:30,-0.00030155643788264347
2026-03-19 12:00:00+05:30,-0.0002663531894636522
2026-03-19 12:05:00+05:30,-0.00011578759840863136
2026-03-19 12:10:00+05:30,0.0007493385982968624
2026-03-19 12:15:00+05:30,0.0001579768809932883
2026-03-19 12:20:00+05:30,-0.0014093332537884005
2026-03-19 12:25:00+05:30,0.0007226720917137509
2026-03-19 12:30:00+05:30,-0.0002448993978740643
2026-03-19 12:35:00+05:30,0.0004558646178854872
2026-03-19 12:40:00+05:30,-0.0008610401882495125
2026-03-19 12:45:00+05:30,0.0012302914593405338
2026-03-19 12:50:00+05:30,7.688475729867043e-05
2026-03-19 12:55:00+05:30,-0.00019545058816961588
2026-03-19 13:00:00+05:30,-0.00124080237895511
2026-03-19 13:05:00+05:30,6.430848945548906e-05
2026-03-19 13:10:00+05:30,-0.0015998134818697484
2026-03-19 13:15:00+05:30,0.0002985387106098899
2026-03-19 13:20:00+05:30,-0.000583490397213434
2026-03-19 13:25:00+05:30,-0.00044855594296856543
2026-03-19 13:30:00+05:30,4.357004468088335e-05
2026-03-19 13:35:00+05:30,0.0008377235091041777
2026-03-19 13:40:00+05:30,-0.0002221670693718311
2026-03-19 13:45:00+05:30,-0.00047280751443853176
2026-03-19 13:50:00+05:30,0.00027610970465324024
2026-03-19 13:55:00+05:30,-0.0014991027826466324
2026-03-19 14:00:00+05:30,-0.0014476842977452337
2026-03-19 14:05:00+05:30,-0.0007103324399177053
2026-03-19 14:10:00+05:30,-0.00022978707495188564
2026-03-19 14:15:00+05:30,0.0011295775326151932
2026-03-19 14:20:00+05:30,-0.00012441309881643616
2026-03-19 14:25:00+05:30,-0.0011908106302221944
2026-03-19 14:30:00+05:30,0.0004242284308217819
2026-03-19 14:35:00+05:30,-0.000520911643382965
2026-03-19 14:40:00+05:30,0.00034099026379490703
2026-03-19 14:45:00+05:30,-0.0016516529289993867
2026-03-19 14:50:00+05:30,-0.0009958991510307803
2026-03-19 14:55:00+05:30,-0.003315989248269363
2026-03-19 15:00:00+05:30,0.0017994424607279695
2026-03-19 15:05:00+05:30,-0.0010748356417385795
2026-03-19 15:10:00+05:30,0.0007146326440238095
2026-03-19 15:15:00+05:30,0.0021644726371350983
2026-03-19 15:20:00+05:30,0.0010017247303003515
2026-03-19 15:25:00+05:30,0.0012282984329890472
2026-03-20 09:15:00+05:30,0.009832467571291116
2026-03-20 09:20:00+05:30,-0.0007574635873015662
2026-03-20 09:25:00+05:30,0.001194612509354551
2026-03-20 09:30:00+05:30,0.001236101909586235
2026-03-20 09:35:00+05:30,-0.001967300038939564
2026-03-20 09:40:00+05:30,-0.001359549670885614
2026-03-20 09:45:00+05:30,0.0006376667248522968
2026-03-20 09:50:00+05:30,0.00012921326190952853
2026-03-20 09:55:00+05:30,0.001089864078010296
2026-03-20 10:00:00+05:30,-0.001095199024089476
2026-03-20 10:05:00+05:30,0.0008160073346101921
2026-03-20 10:10:00+05:30,-0.0003100774747155293
2026-03-20 10:15:00+05:30,-0.0008542134872699655
2026-03-20 10:20:00+05:30,0.0008709941821327437
2026-03-20 10:25:00+05:30,0.0007836452433078558
2026-03-20 10:30:00+05:30,0.00022152023641601972
2026-03-20 10:35:00+05:30,0.0002750998259991179
2026-03-20 10:40:00+05:30,0.000663575406816374
2026-03-20 10:45:00+05:30,0.00030873368474632946
2026-03-20 10:50:00+05:30,0.0005846418101137216
2026-03-20 10:55:00+05:30,-0.000694519649290582
2026-03-20 11:00:00+05:30,-0.001151316867200357
2026-03-20 11:05:00+05:30,0.0009535976339053219
2026-03-20 11:10:00+05:30,-0.00024358995407278004
2026-03-20 11:15:00+05:30,0.0006537571244215291
2026-03-20 11:20:00+05:30,0.0005952860339811093
2026-03-20 11:25:00+05:30,-0.00048805139395770666
2026-03-20 11:30:00+05:30,-0.00020905127208728649
2026-03-20 11:35:00+05:30,-0.0003114038697545837
2026-03-20 11:40:00+05:30,-0.0007870312799077514
2026-03-20 11:45:00+05:30,8.547081889528176e-05
2026-03-20 11:50:00+05:30,-0.0018211241399480956
2026-03-20 11:55:00+05:30,-8.707710194626695e-05
2026-03-20 12:00:00+05:30,-0.0010306321833064979
2026-03-20 12:05:00+05:30,-0.0009641196146863137
2026-03-20 12:10:00+05:30,0.0007702916841248143
2026-03-20 12:15:00+05:30,-0.0020166588848330503
2026-03-20 12:20:00+05:30,-0.0011657628230246427
2026-03-20 12:25:00+05:30,-0.00015870283925097754
2026-03-20 12:30:00+05:30,0.0007239587357084895
2026-03-20 12:35:00+05:30,0.0007560531369055972
2026-03-20 12:40:00+05:30,0.0007755987389772333
2026-03-20 12:45:00+05:30,0.0005735069331248098
2026-03-20 12:50:00+05:30,0.00023883638053710432
2026-03-20 12:55:00+05:30,-0.0004123486763230044
2026-03-20 13:00:00+05:30,0.0009571437408935536
2026-03-20 13:05:00+05:30,0.00013749236336087285
2026-03-20 13:10:00+05:30,-0.00035854082225250075
2026-03-20 13:15:00+05:30,0.000138422202021111
2026-03-20 13:20:00+05:30,0.00044290958361061314
2026-03-20 13:25:00+05:30,0.000576856343283089
2026-03-20 13:30:00+05:30,-0.0003293085783647264
2026-03-20 13:35:00+05:30,0.0008594181022498759
2026-03-20 13:40:00+05:30,-0.0014759815358737697
2026-03-20 13:45:00+05:30,-0.0008278348554575713
2026-03-20 13:50:00+05:30,0.000491640224556237
2026-03-20 13:55:00+05:30,-0.0010103654685771405
2026-03-20 14:00:00+05:30,0.0016714183588909584
2026-03-20 14:05:00+05:30,-0.0003715843918775663
2026-03-20 14:10:00+05:30,-0.0009875854006573478
2026-03-20 14:15:00+05:30,0.00011661973063040907
2026-03-20 14:20:00+05:30,-0.0007689436931575854
2026-03-20 14:25:00+05:30,-0.0007183224943344207
2026-03-20 14:30:00+05:30,0.00023518195910721715
2026-03-20 14:35:00+05:30,-0.0008576509283023553
2026-03-20 14:40:00+05:30,-0.0021100452841501353
2026-03-20 14:45:00+05:30,-8.52502884280141e-06
2026-03-20 14:50:00+05:30,-0.0010344449686919364
2026-03-20 14:55:00+05:30,0.00025183039036104723
2026-03-20 15:00:00+05:30,0.002213162079812124
2026-03-20 15:05:00+05:30,-0.00037894784995675784
2026-03-20 15:10:00+05:30,-0.0011034212951095295
2026-03-20 15:15:00+05:30,-0.00023266826219023757
2026-03-20 15:20:00+05:30,0.0007086168398664202
2026-03-20 15:25:00+05:30,0.0009782634268206546
2026-03-23 09:15:00+05:30,-0.02184906476799244
2026-03-23 09:20:00+05:30,0.000596063965709133
2026-03-23 09:25:00+05:30,0.0006314248318748149
2026-03-23 09:30:00+05:30,0.0008313505202029184
2026-03-23 09:35:00+05:30,0.0006620371589814054
2026-03-23 09:40:00+05:30,2.7826201947405966e-05
2026-03-23 09:45:00+05:30,-0.001977360770744104
2026-03-23 09:50:00+05:30,-0.0013048994603998816
2026-03-23 09:55:00+05:30,-0.0011339964037776016
2026-03-23 10:00:00+05:30,0.0009468221700612625
2026-03-23 10:05:00+05:30,0.0003252457479921685
2026-03-23 10:10:00+05:30,-0.0013779704989417216
2026-03-23 10:15:00+05:30,-0.0007563560205961524
2026-03-23 10:20:00+05:30,-0.000494202137217748
2026-03-23 10:25:00+05:30,-0.0005780567463207385
2026-03-23 10:30:00+05:30,0.0002953312954274291
2026-03-23 10:35:00+05:30,0.0015443718528370149
2026-03-23 10:40:00+05:30,-0.00036902758260892146
2026-03-23 10:45:00+05:30,-0.00032779306290921023
2026-03-23 10:50:00+05:30,-0.00071694964050939
2026-03-23 10:55:00+05:30,0.00019087773241587222
2026-03-23 11:00:00+05:30,-0.0002036343920765606
2026-03-23 11:05:00+05:30,0.001328654990874896
2026-03-23 11:10:00+05:30,-0.0003636815259159616
2026-03-23 11:15:00+05:30,-0.00046343208004562264
2026-03-23 11:20:00+05:30,-0.00010988307437785251
2026-03-23 11:25:00+05:30,0.0006067512262840694
2026-03-23 11:30:00+05:30,-0.001151442366172063
2026-03-23 11:35:00+05:30,0.00033766591919003855
2026-03-23 11:40:00+05:30,-0.0009094544564028917
2026-03-23 11:45:00+05:30,0.0005654271832796297
2026-03-23 11:50:00+05:30,0.0008754859854645904
2026-03-23 11:55:00+05:30,-0.00010139586663748228
2026-03-23 12:00:00+05:30,-0.00020318740309068888
2026-03-23 12:05:00+05:30,-4.46084735456925e-05
2026-03-23 12:10:00+05:30,-0.0007079597793531237
2026-03-23 12:15:00+05:30,-0.0006769688143321719
2026-03-23 12:20:00+05:30,-0.0017922900238813535
2026-03-23 12:25:00+05:30,0.0012589769453434402
2026-03-23 12:30:00+05:30,-2.6835152986193795e-05
2026-03-23 12:35:00+05:30,0.00024310122779669374
2026-03-23 12:40:00+05:30,0.0002500080378306367
2026-03-23 12:45:00+05:30,0.0002865424511035763
2026-03-23 12:50:00+05:30,-0.0019489998400255939
2026-03-23 12:55:00+05:30,-4.2328749519231137e-05
2026-03-23 13:00:00+05:30,-0.0006386346897873505
2026-03-23 13:05:00+05:30,0.0006429430215556472
2026-03-23 13:10:00+05:30,0.00022580747486580934
2026-03-23 13:15:00+05:30,0.00017137594939446062
2026-03-23 13:20:00+05:30,0.000176149356560617
2026-03-23 13:25:00+05:30,-0.0007324588557009051
2026-03-23 13:30:00+05:30,0.0016999008377404266
2026-03-23 13:35:00+05:30,0.00041981661653016296
2026-03-23 13:40:00+05:30,0.001463592212275842
2026-03-23 13:45:00+05:30,0.001065444632443583
2026-03-23 13:50:00+05:30,0.0004021637340421976
2026-03-23 13:55:00+05:30,-0.00017464160006610085
2026-03-23 14:00:00+05:30,0.00250999656595958
2026-03-23 14:05:00+05:30,-0.0004797710951449652
2026-03-23 14:10:00+05:30,-0.0001867116914027949
2026-03-23 14:15:00+05:30,0.0007199678779737109
2026-03-23 14:20:00+05:30,-0.000561541928351304
2026-03-23 14:25:00+05:30,-0.0005666280368176881
2026-03-23 14:30:00+05:30,-0.003775724668648529
2026-03-23 14:35:00+05:30,0.0017175168153706199
2026-03-23 14:40:00+05:30,0.001188244615910839
2026-03-23 14:45:00+05:30,0.00040614012281520466
2026-03-23 14:50:00+05:30,0.0005619276972194694
2026-03-23 14:55:00+05:30,-3.635209394262826e-05
2026-03-23 15:00:00+05:30,-0.004152516660112375
2026-03-23 15:05:00+05:30,0.0003200356752403979
2026-03-23 15:10:00+05:30,-0.0009384198719036139
2026-03-23 15:15:00+05:30,-0.0010049952873650496
2026-03-23 15:20:00+05:30,4.400173940755092e-05
2026-03-23 15:25:00+05:30,0.0009260661960772746
2026-03-24 09:15:00+05:30,0.01197291932607951
2026-03-24 09:20:00+05:30,0.0007610623958277852
2026-03-24 09:25:00+05:30,0.0012964142564707102
2026-03-24 09:30:00+05:30,-0.0008031220387006579
2026-03-24 09:35:00+05:30,-0.00155084908516676
2026-03-24 09:40:00+05:30,-0.0006288001882059504
2026-03-24 09:45:00+05:30,-0.0013467617771300653
2026-03-24 09:50:00+05:30,0.00040252397965042475
2026-03-24 09:55:00+05:30,0.001035426800283258
2026-03-24 10:00:00+05:30,-0.0015581649707843148
2026-03-24 10:05:00+05:30,-0.0008755648393664138
2026-03-24 10:10:00+05:30,0.0009984304372760112
2026-03-24 10:15:00+05:30,0.0012533879490487932
2026-03-24 10:20:00+05:30,0.0013298168743436543
2026-03-24 10:25:00+05:30,-0.001019138754569119
2026-03-24 10:30:00+05:30,-0.0027374732313252856
2026-03-24 10:35:00+05:30,-0.002092452541204282
2026-03-24 10:40:00+05:30,0.001327148145119525
2026-03-24 10:45:00+05:30,0.0009080513201290961
2026-03-24 10:50:00+05:30,-0.0008508139669165877
2026-03-24 10:55:00+05:30,-0.0011777145714081394
2026-03-24 11:00:00+05:30,0.0016444966667262864
2026-03-24 11:05:00+05:30,0.00020362477953319696
2026-03-24 11:10:00+05:30,0.0005041145204918981
2026-03-24 11:15:00+05:30,0.0020446320107466486
2026-03-24 11:20:00+05:30,-0.0013147059862468687
2026-03-24 11:25:00+05:30,0.0011911615230867836
2026-03-24 11:30:00+05:30,0.0009356417031401648
2026-03-24 11:35:00+05:30,0.0005293578432701226
2026-03-24 11:40:00+05:30,-0.0007698422287119968
2026-03-24 11:45:00+05:30,0.0007888310186634261
2026-03-24 11:50:00+05:30,0.0008257224190819996
2026-03-24 11:55:00+05:30,0.0010904616061765053
2026-03-24 12:00:00+05:30,-0.0006156822097003424
2026-03-24 12:05:00+05:30,-0.0011020215222254527
2026-03-24 12:10:00+05:30,-0.0006020080396447192
2026-03-24 12:15:00+05:30,-0.00029278097719420107
2026-03-24 12:20:00+05:30,0.004866666407765569
2026-03-24 12:25:00+05:30,-0.0008887952053370229
2026-03-24 12:30:00+05:30,0.0033428897498040005
2026-03-24 12:35:00+05:30,0.0008981176274548185
2026-03-24 12:40:00+05:30,0.0005436393676963668
2026-03-24 12:45:00+05:30,0.0014257095590070805
2026-03-24 12:50:00+05:30,0.00040278202083579134
2026-03-24 12:55:00+05:30,-0.0013965572799701466
2026-03-24 13:00:00+05:30,-0.0013380987144802304
2026-03-24 13:05:00+05:30,-7.935654532099714e-05
2026-03-24 13:10:00+05:30,0.0021355008611296214
2026-03-24 13:15:00+05:30,0.00017419977891357168
2026-03-24 13:20:00+05:30,0.0003314472110752706
2026-03-24 13:25:00+05:30,0.0011942687229358907
2026-03-24 13:30:00+05:30,0.0006331467184221898
2026-03-24 13:35:00+05:30,1.7985054014372986e-05
2026-03-24 13:40:00+05:30,0.00042246154350903574
2026-03-24 13:45:00+05:30,-0.003161951095468632
2026-03-24 13:50:00+05:30,1.831065427772648e-05
2026-03-24 13:55:00+05:30,-0.00013683119219180147
2026-03-24 14:00:00+05:30,-0.0003062031212075781
2026-03-24 14:05:00+05:30,0.00011302472719308311
2026-03-24 14:10:00+05:30,0.0007325579702216361
2026-03-24 14:15:00+05:30,-0.0005956043271942056
2026-03-24 14:20:00+05:30,-0.0010715736047943911
2026-03-24 14:25:00+05:30,-0.0004069421961697099
2026-03-24 14:30:00+05:30,8.950813320231597e-05
2026-03-24 14:35:00+05:30,-0.002332727862073064
2026-03-24 14:40:00+05:30,0.0005963040765705021
2026-03-24 14:45:00+05:30,0.000597554937051831
2026-03-24 14:50:00+05:30,-0.00041182973359294177
2026-03-24 14:55:00+05:30,0.0007651985341284686
2026-03-24 15:00:00+05:30,-0.000780421339755334
2026-03-24 15:05:00+05:30,5.014228934835677e-05
2026-03-24 15:10:00+05:30,-0.000757913466603553
2026-03-24 15:15:00+05:30,0.0006854323961429259
2026-03-24 15:20:00+05:30,0.0010288936286635116
2026-03-24 15:25:00+05:30,0.0017570554049294131
2026-03-25 09:15:00+05:30,0.008195048986919286
2026-03-25 09:20:00+05:30,0.0014202965045623064
2026-03-25 09:25:00+05:30,0.000279283378697046
2026-03-25 09:30:00+05:30,0.0007440985176697959
2026-03-25 09:35:00+05:30,-0.0008599725319643364
2026-03-25 09:40:00+05:30,0.002654357828347629
2026-03-25 09:45:00+05:30,2.0030374724422373e-06
2026-03-25 09:50:00+05:30,0.00079405996401028
2026-03-25 09:55:00+05:30,0.0003544640241744653
2026-03-25 10:00:00+05:30,-0.00018026105296346136
2026-03-25 10:05:00+05:30,0.00019643704078102435
2026-03-25 10:10:00+05:30,0.0007988112652069019
2026-03-25 10:15:00+05:30,-0.0005066314834174289
2026-03-25 10:20:00+05:30,2.413526529093949e-05
2026-03-25 10:25:00+05:30,0.0009787313564429267
2026-03-25 10:30:00+05:30,-0.0004865473396235232
2026-03-25 10:35:00+05:30,0.0004048718474320861
2026-03-25 10:40:00+05:30,0.002375267022644988
2026-03-25 10:45:00+05:30,-0.00010611357581752649
2026-03-25 10:50:00+05:30,0.0005411305321477419
2026-03-25 10:55:00+05:30,-0.0005994977043686525
2026-03-25 11:00:00+05:30,0.0005983228861183795
2026-03-25 11:05:00+05:30,0.0015260342562271687
2026-03-25 11:10:00+05:30,0.0006372242459109968
2026-03-25 11:15:00+05:30,-0.0009066033158624005
2026-03-25 11:20:00+05:30,-0.0012427149741462097
2026-03-25 11:25:00+05:30,0.00013448174219497422
2026-03-25 11:30:00+05:30,-0.00024242191114706566
2026-03-25 11:35:00+05:30,-0.00205172616975402
2026-03-25 11:40:00+05:30,0.0005974783481588489
2026-03-25 11:45:00+05:30,0.001690325933183184
2026-03-25 11:50:00+05:30,0.0010275631140440904
2026-03-25 11:55:00+05:30,-0.0005330729847072776
2026-03-25 12:00:00+05:30,0.0004836943482933293
2026-03-25 12:05:00+05:30,-2.8813349829854023e-05
2026-03-25 12:10:00+05:30,0.0013617261663613504
2026-03-25 12:15:00+05:30,-0.00029857161191575095
2026-03-25 12:20:00+05:30,3.675047539078582e-05
2026-03-25 12:25:00+05:30,-0.0003557734596808059
2026-03-25 12:30:00+05:30,0.000985820431707386
2026-03-25 12:35:00+05:30,-0.0005540657224608848
2026-03-25 12:40:00+05:30,0.00041631463111865683
2026-03-25 12:45:00+05:30,-0.0013416350393661233
2026-03-25 12:50:00+05:30,-0.0011647649985302023
2026-03-25 12:55:00+05:30,-0.0006407509771441987
2026-03-25 13:00:00+05:30,0.001068208289398827
2026-03-25 13:05:00+05:30,-0.0003864547631853171
2026-03-25 13:10:00+05:30,3.656583009798168e-05
2026-03-25 13:15:00+05:30,-0.0004960747050824002
2026-03-25 13:20:00+05:30,0.0001131287279213931
2026-03-25 13:25:00+05:30,0.0009805553372908414
2026-03-25 13:30:00+05:30,0.000615790321745676
2026-03-25 13:35:00+05:30,0.00029214920953681364
2026-03-25 13:40:00+05:30,0.0005682156939843413
2026-03-25 13:45:00+05:30,0.000853334988426184
2026-03-25 13:50:00+05:30,-0.0008646973122200647
2026-03-25 13:55:00+05:30,0.00030227920843475955
2026-03-25 14:00:00+05:30,0.0008250975162243993
2026-03-25 14:05:00+05:30,-0.0018286169345389748
2026-03-25 14:10:00+05:30,-0.0004220456431509531
2026-03-25 14:15:00+05:30,-0.0005945339706121018
2026-03-25 14:20:00+05:30,-0.0022395568845189574
2026-03-25 14:25:00+05:30,0.0006797180719944238
2026-03-25 14:30:00+05:30,9.940203673521418e-05
2026-03-25 14:35:00+05:30,3.661074549978304e-05
2026-03-25 14:40:00+05:30,0.0010021855411015705
2026-03-25 14:45:00+05:30,-0.0004970920234751606
2026-03-25 14:50:00+05:30,-0.0010000799406850083
2026-03-25 14:55:00+05:30,0.0003210731591282449
2026-03-25 15:00:00+05:30,-4.477778664258025e-05
2026-03-25 15:05:00+05:30,-0.0003145941125350353
2026-03-25 15:10:00+05:30,-0.0008117524377812926
2026-03-25 15:15:00+05:30,-0.0009213117544453782
2026-03-25 15:20:00+05:30,0.0005496889055904491
2026-03-25 15:25:00+05:30,0.0005789591585102038
2026-03-27 09:15:00+05:30,-0.010355042681056593
2026-03-27 09:20:00+05:30,0.00161225126236468
2026-03-27 09:25:00+05:30,-0.0006223426793862178
2026-03-27 09:30:00+05:30,-0.001110588602197634
2026-03-27 09:35:00+05:30,-0.00019581303406258107
2026-03-27 09:40:00+05:30,0.0011449993298049059
2026-03-27 09:45:00+05:30,-0.0006084526456634896
2026-03-27 09:50:00+05:30,-0.0012320959252081851
2026-03-27 09:55:00+05:30,-0.0011317965007262975
2026-03-27 10:00:00+05:30,0.0017280362954376072
2026-03-27 10:05:00+05:30,-0.00033367697123761576
2026-03-27 10:10:00+05:30,-0.0011511263922693656
2026-03-27 10:15:00+05:30,1.3087527159730419e-05
2026-03-27 10:20:00+05:30,0.0015251374933259103
2026-03-27 10:25:00+05:30,-2.5682001050230634e-05
2026-03-27 10:30:00+05:30,-4.52846190889314e-05
2026-03-27 10:35:00+05:30,0.0007609270397083964
2026-03-27 10:40:00+05:30,-0.0015550484975222635
2026-03-27 10:45:00+05:30,-0.0004655040910625431
2026-03-27 10:50:00+05:30,-0.000904761209629258
2026-03-27 10:55:00+05:30,0.0006796298790517499
2026-03-27 11:00:00+05:30,0.0003580638765887539
2026-03-27 11:05:00+05:30,0.0006624307989985081
2026-03-27 11:10:00+05:30,-0.00012522435811412294
2026-03-27 11:15:00+05:30,-0.001333015936615623
2026-03-27 11:20:00+05:30,-0.0004996866674627947
2026-03-27 11:25:00+05:30,-0.0007376190459990342
2026-03-27 11:30:00+05:30,0.00013740117590026703
2026-03-27 11:35:00+05:30,0.0004136907349829972
2026-03-27 11:40:00+05:30,-9.299232336361301e-06
2026-03-27 11:45:00+05:30,-0.00013209567944328984
2026-03-27 11:50:00+05:30,0.0006315811883929221
2026-03-27 11:55:00+05:30,-0.00039842723131407843
2026-03-27 12:00:00+05:30,-0.0004059096982468547
2026-03-27 12:05:00+05:30,0.00023548203195625374
2026-03-27 12:10:00+05:30,-0.0003066954670765705
2026-03-27 12:15:00+05:30,-0.001132218644827908
2026-03-27 12:20:00+05:30,0.0013935256433172715
2026-03-27 12:25:00+05:30,0.0010858248873588368
2026-03-27 12:30:00+05:30,-1.2861880029135797e-05
2026-03-27 12:35:00+05:30,-0.00012791979249385973
2026-03-27 12:40:00+05:30,0.00032857225679903593
2026-03-27 12:45:00+05:30,-0.0003148242223155637
2026-03-27 12:50:00+05:30,0.00016220520901021854
2026-03-27 12:55:00+05:30,-0.00075254945283562
2026-03-27 13:00:00+05:30,-0.000890763009806675
2026-03-27 13:05:00+05:30,-7.257019016739925e-05
2026-03-27 13:10:00+05:30,0.0007898333045046847
2026-03-27 13:15:00+05:30,0.0009986493595035562
2026-03-27 13:20:00+05:30,-0.0005296030731500691
2026-03-27 13:25:00+05:30,-0.0009727825673933102
2026-03-27 13:30:00+05:30,-0.00040516724860060663
2026-03-27 13:35:00+05:30,-0.0004162510977682575
2026-03-27 13:40:00+05:30,0.0006978641434058499
2026-03-27 13:45:00+05:30,-0.0005895957544642204
2026-03-27 13:50:00+05:30,0.00020646874883287057
2026-03-27 13:55:00+05:30,-0.0001986304996990198
2026-03-27 14:00:00+05:30,1.2197303846395754e-05
2026-03-27 14:05:00+05:30,-0.0007287797064805943
2026-03-27 14:10:00+05:30,-8.320096143084979e-06
2026-03-27 14:15:00+05:30,-0.00046289856546967797
2026-03-27 14:20:00+05:30,-0.00019706866382761476
2026-03-27 14:25:00+05:30,-0.00011834885429307107
2026-03-27 14:30:00+05:30,-0.0013933856059866162
2026-03-27 14:35:00+05:30,-0.0007359562706349292
2026-03-27 14:40:00+05:30,0.0006482000223744818
2026-03-27 14:45:00+05:30,0.0001798598210144626
2026-03-27 14:50:00+05:30,0.00021032149401366493
2026-03-27 14:55:00+05:30,-0.00020907865967903651
2026-03-27 15:00:00+05:30,-0.0004759228546585252
2026-03-27 15:05:00+05:30,-0.0005096985455590277
2026-03-27 15:10:00+05:30,-2.7295867882730873e-05
2026-03-27 15:15:00+05:30,0.0001771775465895768
2026-03-27 15:20:00+05:30,-0.0006153424306304681
2026-03-27 15:25:00+05:30,0.0005112975026708067
2026-03-30 09:15:00+05:30,-0.014197772894033293
2026-03-30 09:20:00+05:30,-0.0004713120331696995
2026-03-30 09:25:00+05:30,0.0019679494803447155
2026-03-30 09:30:00+05:30,0.004035728053471662
2026-03-30 09:35:00+05:30,-0.0006043856624770904
2026-03-30 09:40:00+05:30,-0.0008869848821951152
2026-03-30 09:45:00+05:30,-0.0010521910717427498
2026-03-30 09:50:00+05:30,-0.00024404037250350848
2026-03-30 09:55:00+05:30,5.4133506757460625e-05
2026-03-30 10:00:00+05:30,0.0016705604882400675
2026-03-30 10:05:00+05:30,-0.0021835238548581874
2026-03-30 10:10:00+05:30,-5.852863782396829e-05
2026-03-30 10:15:00+05:30,-0.001689202368379877
2026-03-30 10:20:00+05:30,-0.0002472614549920631
2026-03-30 10:25:00+05:30,-0.0005378680591216518
2026-03-30 10:30:00+05:30,-5.336452064829075e-05
2026-03-30 10:35:00+05:30,0.0005853304760524468
2026-03-30 10:40:00+05:30,-0.0010495698786449304
2026-03-30 10:45:00+05:30,0.0006890999262464568
2026-03-30 10:50:00+05:30,-0.0014231445218564284
2026-03-30 10:55:00+05:30,-0.00025604090006039587
2026-03-30 11:00:00+05:30,0.0007011315438750484
2026-03-30 11:05:00+05:30,-0.0013831990479525528
2026-03-30 11:10:00+05:30,0.00020517746706827963
2026-03-30 11:15:00+05:30,0.0003942683225666973
2026-03-30 11:20:00+05:30,0.00044399857927692274
2026-03-30 11:25:00+05:30,-0.0005490118707565456
2026-03-30 11:30:00+05:30,0.0015933039593846936
2026-03-30 11:35:00+05:30,0.0005486545760457279
2026-03-30 11:40:00+05:30,-0.0009933270929219566
2026-03-30 11:45:00+05:30,-0.0008413296254834972
2026-03-30 11:50:00+05:30,0.00018486852882295795
2026-03-30 11:55:00+05:30,0.0002426425236663418
2026-03-30 12:00:00+05:30,0.0026702193560923866
2026-03-30 12:05:00+05:30,0.0007297959218102752
2026-03-30 12:10:00+05:30,0.0008644827819973088
2026-03-30 12:15:00+05:30,-0.00043540173859229743
2026-03-30 12:20:00+05:30,-0.0009475895583450983
2026-03-30 12:25:00+05:30,-0.00034117967237172405
2026-03-30 12:30:00+05:30,-9.266814175128073e-05
2026-03-30 12:35:00+05:30,0.002163661852031844
2026-03-30 12:40:00+05:30,-0.00038368281241017927
2026-03-30 12:45:00+05:30,-0.0011894031601295395
2026-03-30 12:50:00+05:30,-0.0008990455074035772
2026-03-30 12:55:00+05:30,-0.00016769528967076094
2026-03-30 13:00:00+05:30,-0.0005856098817210778
2026-03-30 13:05:00+05:30,0.0001176886955680815
2026-03-30 13:10:00+05:30,0.00023103745802573842
2026-03-30 13:15:00+05:30,-0.0006400051624998985
2026-03-30 13:20:00+05:30,0.00016428147330495082
2026-03-30 13:25:00+05:30,-0.0002564391988213572
2026-03-30 13:30:00+05:30,0.00048070224630316743
2026-03-30 13:35:00+05:30,0.0003226272075074024
2026-03-30 13:40:00+05:30,-0.001295263299140706
2026-03-30 13:45:00+05:30,-0.0007939473038941667
2026-03-30 13:50:00+05:30,-0.0010609219516316665
2026-03-30 13:55:00+05:30,0.0003022013108131432
2026-03-30 14:00:00+05:30,0.001655195934673185
2026-03-30 14:05:00+05:30,-0.0006580794215761118
2026-03-30 14:10:00+05:30,-0.0009863736444171798
2026-03-30 14:15:00+05:30,-0.00032806258843410293
2026-03-30 14:20:00+05:30,-0.0010411217840991965
2026-03-30 14:25:00+05:30,-0.00041294013205312775
2026-03-30 14:30:00+05:30,-0.00040878611877471246
2026-03-30 14:35:00+05:30,-0.0001846587213355861
2026-03-30 14:40:00+05:30,0.0004228488276549758
2026-03-30 14:45:00+05:30,-0.00022146731698581922
2026-03-30 14:50:00+05:30,-0.0006341964258087996
2026-03-30 14:55:00+05:30,-7.731420436310623e-05
2026-03-30 15:00:00+05:30,-0.002882602357001341
2026-03-30 15:05:00+05:30,0.0005471161406861319
2026-03-30 15:10:00+05:30,0.0015565314124015763
2026-03-30 15:15:00+05:30,0.0004887822040044659
2026-03-30 15:20:00+05:30,0.001388588863737734
2026-03-30 15:25:00+05:30,-0.00010501333530267918
2026-04-01 09:15:00+05:30,0.02363156540305223
2026-04-01 09:20:00+05:30,0.00016349668876021535
2026-04-01 09:25:00+05:30,0.0011252861565094197
2026-04-01 09:30:00+05:30,-0.003118299258264918
2026-04-01 09:35:00+05:30,-0.0008577988129172017
2026-04-01 09:40:00+05:30,0.0011287466727598324
2026-04-01 09:45:00+05:30,0.001242589053130969
2026-04-01 09:50:00+05:30,0.0011162450046076778
2026-04-01 09:55:00+05:30,-0.0011403366993661256
2026-04-01 10:00:00+05:30,0.00161464542825456
2026-04-01 10:05:00+05:30,-0.0007205609636321027
2026-04-01 10:10:00+05:30,-0.001444055017351348
2026-04-01 10:15:00+05:30,0.00010785949647628661
2026-04-01 10:20:00+05:30,-0.001674644392863169
2026-04-01 10:25:00+05:30,-0.0018177568209846349
2026-04-01 10:30:00+05:30,0.00017742217513750993
2026-04-01 10:35:00+05:30,0.0007512099979422739
2026-04-01 10:40:00+05:30,-0.00013802118681794403
2026-04-01 10:45:00+05:30,-0.0003667239961385212
2026-04-01 10:50:00+05:30,-0.00031825414786430296
2026-04-01 10:55:00+05:30,-0.0008699439675361289
2026-04-01 11:00:00+05:30,-0.00039801223296320157
2026-04-01 11:05:00+05:30,0.0009131960200547903
2026-04-01 11:10:00+05:30,-0.00021145134260906677
2026-04-01 11:15:00+05:30,-8.958764792934677e-05
2026-04-01 11:20:00+05:30,0.000714441962267086
2026-04-01 11:25:00+05:30,6.473112958400935e-05
2026-04-01 11:30:00+05:30,0.00030338388590950575
2026-04-01 11:35:00+05:30,0.00045105094720496614
2026-04-01 11:40:00+05:30,-0.0004694979281703681
2026-04-01 11:45:00+05:30,-0.0020879919512728964
2026-04-01 11:50:00+05:30,0.0003255540298802852
2026-04-01 11:55:00+05:30,0.0012766777004575847
2026-04-01 12:00:00+05:30,0.0026710248975240856
2026-04-01 12:05:00+05:30,4.624116746732605e-05
2026-04-01 12:10:00+05:30,0.0007062095460782981
2026-04-01 12:15:00+05:30,-0.001032160303142635
2026-04-01 12:20:00+05:30,-0.0002777256552960636
2026-04-01 12:25:00+05:30,-0.00016201974268706545
2026-04-01 12:30:00+05:30,-0.00010430999565531969
2026-04-01 12:35:00+05:30,0.0005216987265819674
2026-04-01 12:40:00+05:30,-0.00014327526504260017
2026-04-01 12:45:00+05:30,0.0015209358671561754
2026-04-01 12:50:00+05:30,2.334155457311094e-05
2026-04-01 12:55:00+05:30,-0.0006205798767381482
2026-04-01 13:00:00+05:30,0.0001867532092184248
2026-04-01 13:05:00+05:30,-0.000223123639181562
2026-04-01 13:10:00+05:30,0.0006626736949378174
2026-04-01 13:15:00+05:30,-0.001839059706710412
2026-04-01 13:20:00+05:30,-0.0016259152271644814
2026-04-01 13:25:00+05:30,-0.00011823637267484675
2026-04-01 13:30:00+05:30,-0.0013732858069700482
2026-04-01 13:35:00+05:30,-0.0004357761155258217
2026-04-01 13:40:00+05:30,-0.0036675800289034098
2026-04-01 13:45:00+05:30,0.0015009687440718598
2026-04-01 13:50:00+05:30,-0.0001800726380714455
2026-04-01 13:55:00+05:30,6.850003586215885e-06
2026-04-01 14:00:00+05:30,0.0009601104051543539
2026-04-01 14:05:00+05:30,0.0004258587269869075
2026-04-01 14:10:00+05:30,0.00042303158341879633
2026-04-01 14:15:00+05:30,-0.00032180751042034777
2026-04-01 14:20:00+05:30,-0.0007774939779646541
2026-04-01 14:25:00+05:30,0.0005080450665404582
2026-04-01 14:30:00+05:30,-0.0009310413896765667
2026-04-01 14:35:00+05:30,-0.00133621130744014
2026-04-01 14:40:00+05:30,9.834633860061892e-05
2026-04-01 14:45:00+05:30,-0.0006966529297190292
2026-04-01 14:50:00+05:30,0.0006396400072895606
2026-04-01 14:55:00+05:30,-0.00037973049531006114
2026-04-01 15:00:00+05:30,0.0005153623718941312
2026-04-01 15:05:00+05:30,0.00018093930756897598
2026-04-01 15:10:00+05:30,-0.00042345194835127336
2026-04-01 15:15:00+05:30,0.00032619225299180296
2026-04-01 15:20:00+05:30,0.00035320102844576217
2026-04-01 15:25:00+05:30,0.001241798154559399
2026-04-02 09:15:00+05:30,-0.021342612283243505
2026-04-02 09:20:00+05:30,0.001973785356664131
2026-04-02 09:25:00+05:30,-0.0005631285897952073
2026-04-02 09:30:00+05:30,0.0004255286189207505
2026-04-02 09:35:00+05:30,-0.0007618695265053363
2026-04-02 09:40:00+05:30,0.0006458340599724979
2026-04-02 09:45:00+05:30,-0.0011921196123811345
2026-04-02 09:50:00+05:30,-0.000809683364237292
2026-04-02 09:55:00+05:30,-0.0004697193004875471
2026-04-02 10:00:00+05:30,0.0007001682532550466
2026-04-02 10:05:00+05:30,-0.0011993134863907027
2026-04-02 10:10:00+05:30,0.001953115723419917
2026-04-02 10:15:00+05:30,-0.0007944919126519594
2026-04-02 10:20:00+05:30,-0.0006643470380809252
2026-04-02 10:25:00+05:30,0.0012797044692406273
2026-04-02 10:30:00+05:30,1.235514660747368e-05
2026-04-02 10:35:00+05:30,0.00019409621326861362
2026-04-02 10:40:00+05:30,1.1839926583308949e-05
2026-04-02 10:45:00+05:30,-0.0005084145659557919
2026-04-02 10:50:00+05:30,0.0005938661995821621
2026-04-02 10:55:00+05:30,0.0007888240244994121
2026-04-02 11:00:00+05:30,-0.0005879118758544731
2026-04-02 11:05:00+05:30,-8.045046328859846e-05
2026-04-02 11:10:00+05:30,-0.0003553663329548189
2026-04-02 11:15:00+05:30,-0.0008757521598551015
2026-04-02 11:20:00+05:30,0.0003651250464769288
2026-04-02 11:25:00+05:30,-0.00023867534680498928
2026-04-02 11:30:00+05:30,0.00010449796641663258
2026-04-02 11:35:00+05:30,0.00035822301560410537
2026-04-02 11:40:00+05:30,-0.0002993944657742112
2026-04-02 11:45:00+05:30,0.0009698038575837936
2026-04-02 11:50:00+05:30,-0.00023107364104147407
2026-04-02 11:55:00+05:30,0.0012490904166820567
2026-04-02 12:00:00+05:30,-0.0003252271474660901
2026-04-02 12:05:00+05:30,-0.0005208885731300171
2026-04-02 12:10:00+05:30,0.0003857896071507964
2026-04-02 12:15:00+05:30,-0.0005146153139800749
2026-04-02 12:20:00+05:30,0.0003625453374138548
2026-04-02 12:25:00+05:30,0.001605093270447222
2026-04-02 12:30:00+05:30,0.0012510325677078308
2026-04-02 12:35:00+05:30,0.0014674786100615964
2026-04-02 12:40:00+05:30,0.0007742161941297855
2026-04-02 12:45:00+05:30,-0.0004118122839732978
2026-04-02 12:50:00+05:30,-0.001183245049112129
2026-04-02 12:55:00+05:30,0.001738570371094828
2026-04-02 13:00:00+05:30,0.0004872724036236672
2026-04-02 13:05:00+05:30,0.0001654804213209416
2026-04-02 13:10:00+05:30,1.3159990501186348e-05
2026-04-02 13:15:00+05:30,0.0011159317168912247
2026-04-02 13:20:00+05:30,0.002078557655395172
2026-04-02 13:25:00+05:30,0.002319506652408461
2026-04-02 13:30:00+05:30,5.5076440564864225e-05
2026-04-02 13:35:00+05:30,0.0011276409789390614
2026-04-02 13:40:00+05:30,0.0013195598882813047
2026-04-02 13:45:00+05:30,6.531319764147587e-05
2026-04-02 13:50:00+05:30,-0.0004172419135521384
2026-04-02 13:55:00+05:30,-7.555664972728953e-05
2026-04-02 14:00:00+05:30,0.0014858264833593525
2026-04-02 14:05:00+05:30,0.00044538052198159645
2026-04-02 14:10:00+05:30,0.0026347267414058456
2026-04-02 14:15:00+05:30,0.00091272902247405
2026-04-02 14:20:00+05:30,0.0006632683075181605
2026-04-02 14:25:00+05:30,-0.0006223124038218991
2026-04-02 14:30:00+05:30,0.0015383579778754054
2026-04-02 14:35:00+05:30,-0.002344938195604925
2026-04-02 14:40:00+05:30,-0.0019282806443194384
2026-04-02 14:45:00+05:30,0.0014078473288655284
2026-04-02 14:50:00+05:30,0.0016591242382466447
2026-04-02 14:55:00+05:30,-0.00029588817687854546
2026-04-02 15:00:00+05:30,0.0015830898154900346
2026-04-02 15:05:00+05:30,0.0025617114060073843
2026-04-02 15:10:00+05:30,0.0004157062110521476
2026-04-02 15:15:00+05:30,-0.0018930406511914173
2026-04-02 15:20:00+05:30,-0.0011436327250736091
2026-04-02 15:25:00+05:30,0.000377145193709928
2026-04-06 09:15:00+05:30,-0.0026442245520591897
2026-04-06 09:20:00+05:30,0.00010939595169545095
2026-04-06 09:25:00+05:30,-0.00171118342953389
2026-04-06 09:30:00+05:30,0.003344624737297347
2026-04-06 09:35:00+05:30,0.0010339529860449639
2026-04-06 09:40:00+05:30,-0.003495879421026313
2026-04-06 09:45:00+05:30,-0.001211713632530534
2026-04-06 09:50:00+05:30,-0.0008621136901213992
2026-04-06 09:55:00+05:30,-9.805096856238391e-05
2026-04-06 10:00:00+05:30,0.0005359616335802848
2026-04-06 10:05:00+05:30,0.0011321424891183216
2026-04-06 10:10:00+05:30,0.001211778105021009
2026-04-06 10:15:00+05:30,-0.0003173123307849018
2026-04-06 10:20:00+05:30,8.310860719126059e-05
2026-04-06 10:25:00+05:30,-0.00040850996024590166
2026-04-06 10:30:00+05:30,-0.00011584119410756877
2026-04-06 10:35:00+05:30,0.0008700384694440595
2026-04-06 10:40:00+05:30,8.240176919035856e-05
2026-04-06 10:45:00+05:30,0.00014076027444305015
2026-04-06 10:50:00+05:30,-0.0011518500146555468
2026-04-06 10:55:00+05:30,0.0008430769723941049
2026-04-06 11:00:00+05:30,-0.0019384186687340216
2026-04-06 11:05:00+05:30,-8.582604143075001e-05
2026-04-06 11:10:00+05:30,-0.0006709091255183825
2026-04-06 11:15:00+05:30,0.001692010060557145
2026-04-06 11:20:00+05:30,0.00016734222939015323
2026-04-06 11:25:00+05:30,0.0002790473218349944
2026-04-06 11:30:00+05:30,-0.0009413628472548902
2026-04-06 11:35:00+05:30,0.0006081914911581178
2026-04-06 11:40:00+05:30,0.001098191840124724
2026-04-06 11:45:00+05:30,0.0003458813445704405
2026-04-06 11:50:00+05:30,0.0009601410100641942
2026-04-06 11:55:00+05:30,0.00020598741087633106
2026-04-06 12:00:00+05:30,-0.0001741813051515194
2026-04-06 12:05:00+05:30,0.00014770686248857361
2026-04-06 12:10:00+05:30,-0.0003969235965710813
2026-04-06 12:15:00+05:30,6.122590205974954e-05
2026-04-06 12:20:00+05:30,0.0017742179058665329
2026-04-06 12:25:00+05:30,0.000596039557505552
2026-04-06 12:30:00+05:30,-0.0028842697789709148
2026-04-06 12:35:00+05:30,0.0005950289598418234
2026-04-06 12:40:00+05:30,0.0003277594133929199
2026-04-06 12:45:00+05:30,0.0028923320178336647
2026-04-06 12:50:00+05:30,0.0006844822449490152
2026-04-06 12:55:00+05:30,0.001040620601272366
2026-04-06 13:00:00+05:30,-0.001103546528885452
2026-04-06 13:05:00+05:30,0.0016011002018938335
2026-04-06 13:10:00+05:30,0.00231637882524926
2026-04-06 13:15:00+05:30,0.00014902311287751395
2026-04-06 13:20:00+05:30,0.0004177563019073939
2026-04-06 13:25:00+05:30,-0.0006929890884348419
2026-04-06 13:30:00+05:30,0.0011135258782601091
2026-04-06 13:35:00+05:30,-0.0010863568148975079
2026-04-06 13:40:00+05:30,-0.0003796754427229347
2026-04-06 13:45:00+05:30,-0.00042973021989688967
2026-04-06 13:50:00+05:30,0.0013098157221845877
2026-04-06 13:55:00+05:30,-0.0007940992022243322
2026-04-06 14:00:00+05:30,0.0011645006258480762
2026-04-06 14:05:00+05:30,-0.0010913614378131465
2026-04-06 14:10:00+05:30,0.0019695700915276855
2026-04-06 14:15:00+05:30,0.00014879442957969525
2026-04-06 14:20:00+05:30,-0.0003889788147708929
2026-04-06 14:25:00+05:30,-0.0005936544648541192
2026-04-06 14:30:00+05:30,0.0012482063450410632
2026-04-06 14:35:00+05:30,-0.00021987477251464584
2026-04-06 14:40:00+05:30,-0.00023960783793722386
2026-04-06 14:45:00+05:30,0.0003214328640221858
2026-04-06 14:50:00+05:30,-0.0002984030476493345
2026-04-06 14:55:00+05:30,0.0003892136264718065
2026-04-06 15:00:00+05:30,0.0015923327538866115
2026-04-06 15:05:00+05:30,0.0006240305029412243
2026-04-06 15:10:00+05:30,0.0006163491825551011
2026-04-06 15:15:00+05:30,-0.0008162535491546289
2026-04-06 15:20:00+05:30,-0.00014376589077294116
2026-04-06 15:25:00+05:30,-0.0004798028822577025
2026-04-07 09:15:00+05:30,-0.007699379421455055
2026-04-07 09:20:00+05:30,0.001464062757725248
2026-04-07 09:25:00+05:30,0.0037256036446331638
2026-04-07 09:30:00+05:30,-0.0010165408134430102
2026-04-07 09:35:00+05:30,-0.0009079737839159619
2026-04-07 09:40:00+05:30,-0.0018030875168749448
2026-04-07 09:45:00+05:30,0.0014804454624112815
2026-04-07 09:50:00+05:30,0.0007727677654638782
2026-04-07 09:55:00+05:30,0.002208900557818603
2026-04-07 10:00:00+05:30,0.001165894774850506
2026-04-07 10:05:00+05:30,-0.0006243519622803019
2026-04-07 10:10:00+05:30,0.0010248978213098312
2026-04-07 10:15:00+05:30,0.0008725443773042068
2026-04-07 10:20:00+05:30,-7.352620881915708e-05
2026-04-07 10:25:00+05:30,0.0003076145782385038
2026-04-07 10:30:00+05:30,-0.0011593457154681981
2026-04-07 10:35:00+05:30,0.00037895637596301556
2026-04-07 10:40:00+05:30,0.0014591065678133748
2026-04-07 10:45:00+05:30,-0.0010206352653967872
2026-04-07 10:50:00+05:30,-0.0021476008371646574
2026-04-07 10:55:00+05:30,-0.0015880610639594083
2026-04-07 11:00:00+05:30,0.00019799064236155454
2026-04-07 11:05:00+05:30,0.0007518873036983626
2026-04-07 11:10:00+05:30,-0.00010740918973291342
2026-04-07 11:15:00+05:30,0.0014456002691626514
2026-04-07 11:20:00+05:30,0.0012314220945843079
2026-04-07 11:25:00+05:30,0.0005637374212091814
2026-04-07 11:30:00+05:30,5.671260766525407e-05
2026-04-07 11:35:00+05:30,-2.8139860922894504e-05
2026-04-07 11:40:00+05:30,-0.0010003646341135066
2026-04-07 11:45:00+05:30,-0.00010843590848953535
2026-04-07 11:50:00+05:30,0.0009906733843376527
2026-04-07 11:55:00+05:30,0.0018932002674487925
2026-04-07 12:00:00+05:30,-0.0015892909074699184
2026-04-07 12:05:00+05:30,0.0003297336612326726
2026-04-07 12:10:00+05:30,-0.0002974984413657932
2026-04-07 12:15:00+05:30,-0.0006116239469609042
2026-04-07 12:20:00+05:30,-0.0007718356222671661
2026-04-07 12:25:00+05:30,0.0005908575697544631
2026-04-07 12:30:00+05:30,0.0002499669751502462
2026-04-07 12:35:00+05:30,0.000460514910170611
2026-04-07 12:40:00+05:30,-0.00010038485779702946
2026-04-07 12:45:00+05:30,-0.00022023308173714872
2026-04-07 12:50:00+05:30,-0.00011245041024658602
2026-04-07 12:55:00+05:30,-0.0008858193024373337
2026-04-07 13:00:00+05:30,0.0008665293322610218
2026-04-07 13:05:00+05:30,-0.0007732055849917616
2026-04-07 13:10:00+05:30,0.0013825670703488245
2026-04-07 13:15:00+05:30,0.0011894902244522206
2026-04-07 13:20:00+05:30,-0.000878390318506567
2026-04-07 13:25:00+05:30,0.00029384492837147835
2026-04-07 13:30:00+05:30,0.0021212689960953793
2026-04-07 13:35:00+05:30,0.0006269590555903277
2026-04-07 13:40:00+05:30,0.0009754481719950309
2026-04-07 13:45:00+05:30,-0.0012811423645433763
2026-04-07 13:50:00+05:30,0.0006620471960586624
2026-04-07 13:55:00+05:30,-0.0021202926431319893
2026-04-07 14:00:00+05:30,0.001371355754765155
2026-04-07 14:05:00+05:30,-2.484658892089685e-05
2026-04-07 14:10:00+05:30,7.794971637687416e-05
2026-04-07 14:15:00+05:30,-0.0005554759216038528
2026-04-07 14:20:00+05:30,0.00043701683933419923
2026-04-07 14:25:00+05:30,0.0003556447568721965
2026-04-07 14:30:00+05:30,0.0009238533496610874
2026-04-07 14:35:00+05:30,-0.0014993995362472257
2026-04-07 14:40:00+05:30,0.001260575789609539
2026-04-07 14:45:00+05:30,0.0004915850602498977
2026-04-07 14:50:00+05:30,0.0007307244362913494
2026-04-07 14:55:00+05:30,0.0016682519914492655
2026-04-07 15:00:00+05:30,0.000761703508541977
2026-04-07 15:05:00+05:30,0.00019221466398507795
2026-04-07 15:10:00+05:30,-0.000817260609476032
2026-04-07 15:15:00+05:30,0.0006298221228611357
2026-04-07 15:20:00+05:30,0.00012260020698182545
2026-04-07 15:25:00+05:30,7.74292243288218e-05
2026-04-08 09:15:00+05:30,0.03208398168068341
2026-04-08 09:20:00+05:30,-0.002039765365253994
2026-04-08 09:25:00+05:30,-0.00017975509249194173
2026-04-08 09:30:00+05:30,0.0006955560144449489
2026-04-08 09:35:00+05:30,0.000962797194578655
2026-04-08 09:40:00+05:30,0.0002452444550572416
2026-04-08 09:45:00+05:30,0.0008663754993559349
2026-04-08 09:50:00+05:30,-0.0008239808037074095
2026-04-08 09:55:00+05:30,-0.0005144204955440832
2026-04-08 10:00:00+05:30,-0.00019988589385332958
2026-04-08 10:05:00+05:30,0.0003788281566868951
2026-04-08 10:10:00+05:30,-0.0009239419479135471
2026-04-08 10:15:00+05:30,0.0006918579125256198
2026-04-08 10:20:00+05:30,-0.0008992881986451948
2026-04-08 10:25:00+05:30,0.0003775059591500929
2026-04-08 10:30:00+05:30,0.0006939791148681613
2026-04-08 10:35:00+05:30,0.00036135356452125425
2026-04-08 10:40:00+05:30,0.0010195410764585599
2026-04-08 10:45:00+05:30,-0.00023999665174357396
2026-04-08 10:50:00+05:30,0.0011279497890388103
2026-04-08 10:55:00+05:30,0.00045952852534374074
2026-04-08 11:00:00+05:30,0.00027607565798961736
2026-04-08 11:05:00+05:30,-5.379815169075609e-05
2026-04-08 11:10:00+05:30,0.00019971583191482739
2026-04-08 11:15:00+05:30,0.00039202371104850526
2026-04-08 11:20:00+05:30,0.00021547559114949784
2026-04-08 11:25:00+05:30,-0.0007981764466194269
2026-04-08 11:30:00+05:30,-0.0002689963045229516
2026-04-08 11:35:00+05:30,-6.627941468153715e-05
2026-04-08 11:40:00+05:30,0.0006704682935142305
2026-04-08 11:45:00+05:30,0.0002665769641750214
2026-04-08 11:50:00+05:30,-0.00140912351139157
2026-04-08 11:55:00+05:30,-0.00047277921044544096
2026-04-08 12:00:00+05:30,0.0010474002638751815
2026-04-08 12:05:00+05:30,0.0009116376073557156
2026-04-08 12:10:00+05:30,-0.000382567780486959
2026-04-08 12:15:00+05:30,-5.1086750749274046e-05
2026-04-08 12:20:00+05:30,0.00014245301287228363
2026-04-08 12:25:00+05:30,-0.0007239888349497116
2026-04-08 12:30:00+05:30,-0.0014629577357557824
2026-04-08 12:35:00+05:30,0.00013063703744379437
2026-04-08 12:40:00+05:30,0.0009284429960371622
2026-04-08 12:45:00+05:30,0.00022237286746941786
2026-04-08 12:50:00+05:30,0.0003352963085115258
2026-04-08 12:55:00+05:30,0.0011291644781928607
2026-04-08 13:00:00+05:30,-0.0007065112412377728
2026-04-08 13:05:00+05:30,-0.00042028125262457517
2026-04-08 13:10:00+05:30,0.00043930087522409415
2026-04-08 13:15:00+05:30,0.0001475785547067533
2026-04-08 13:20:00+05:30,0.0002641344294677807
2026-04-08 13:25:00+05:30,0.0003043602126086184
2026-04-08 13:30:00+05:30,-0.00018937969110751455
2026-04-08 13:35:00+05:30,0.0010855377736369107
2026-04-08 13:40:00+05:30,-0.0014753483532302365
2026-04-08 13:45:00+05:30,0.00026997547412459754
2026-04-08 13:50:00+05:30,-0.0005013033019786231
2026-04-08 13:55:00+05:30,0.0008821256346215392
2026-04-08 14:00:00+05:30,-0.0005464431161163668
2026-04-08 14:05:00+05:30,-0.00019458597885960307
2026-04-08 14:10:00+05:30,-0.0006000759956568592
2026-04-08 14:15:00+05:30,0.0007580961051202785
2026-04-08 14:20:00+05:30,0.0007682570532042746
2026-04-08 14:25:00+05:30,5.8020485229965126e-05
2026-04-08 14:30:00+05:30,0.00010199176242112926
2026-04-08 14:35:00+05:30,-2.3870081403926396e-05
2026-04-08 14:40:00+05:30,0.000770919461680438
2026-04-08 14:45:00+05:30,-0.00036419360052505754
2026-04-08 14:50:00+05:30,-1.9086149488586745e-05
2026-04-08 14:55:00+05:30,0.0006045378891111254
2026-04-08 15:00:00+05:30,-0.00047240540264809354
2026-04-08 15:05:00+05:30,9.281304150140326e-05
2026-04-08 15:10:00+05:30,-0.0005722641120558272
2026-04-08 15:15:00+05:30,-0.00017506579496103617
2026-04-08 15:20:00+05:30,0.0003941902802852705
2026-04-08 15:25:00+05:30,-0.00017580922732147495
2026-04-09 09:15:00+05:30,-0.0038292685195858243
2026-04-09 09:20:00+05:30,0.000988902999366837
2026-04-09 09:25:00+05:30,0.0005479344546028363
2026-04-09 09:30:00+05:30,-0.0035428116825566686
2026-04-09 09:35:00+05:30,-0.0002449612445787867
2026-04-09 09:40:00+05:30,-0.0013163288065667998
2026-04-09 09:45:00+05:30,-0.0014086810332737515
2026-04-09 09:50:00+05:30,-0.00024828799291984777
2026-04-09 09:55:00+05:30,-0.0012954977311590069
2026-04-09 10:00:00+05:30,0.0011329210321956908
2026-04-09 10:05:00+05:30,0.00038798507134442167
2026-04-09 10:10:00+05:30,0.0007093049642024239
2026-04-09 10:15:00+05:30,0.0012016960700342392
2026-04-09 10:20:00+05:30,-0.0003785532709368205
2026-04-09 10:25:00+05:30,-0.0007354945243615019
2026-04-09 10:30:00+05:30,0.0005912087434708969
2026-04-09 10:35:00+05:30,-0.000885233383376503
2026-04-09 10:40:00+05:30,-0.001161139663191909
2026-04-09 10:45:00+05:30,0.0007807172849183706
2026-04-09 10:50:00+05:30,-0.00023808137976701426
2026-04-09 10:55:00+05:30,0.0002777216198333511
2026-04-09 11:00:00+05:30,0.0006617598533457581
2026-04-09 11:05:00+05:30,0.0002813369166128241
2026-04-09 11:10:00+05:30,-0.0001973291924455804
2026-04-09 11:15:00+05:30,-0.0011812016623707548
2026-04-09 11:20:00+05:30,0.00035818770380083444
2026-04-09 11:25:00+05:30,0.000594976811089875
2026-04-09 11:30:00+05:30,0.00012224394855392688
2026-04-09 11:35:00+05:30,0.0003825099479088174
2026-04-09 11:40:00+05:30,0.00045861558195799194
2026-04-09 11:45:00+05:30,0.001128332594142356
2026-04-09 11:50:00+05:30,5.091189392431904e-05
2026-04-09 11:55:00+05:30,0.00012916169375355504
2026-04-09 12:00:00+05:30,-0.0003349945208277589
2026-04-09 12:05:00+05:30,0.0008852839344564975
2026-04-09 12:10:00+05:30,-0.000656812883492432
2026-04-09 12:15:00+05:30,-0.0003591744124141819
2026-04-09 12:20:00+05:30,-0.0004719702578481404
2026-04-09 12:25:00+05:30,8.049647543401972e-05
2026-04-09 12:30:00+05:30,1.717229839945816e-05
2026-04-09 12:35:00+05:30,-0.0005033663674601435
2026-04-09 12:40:00+05:30,6.47338499862929e-05
2026-04-09 12:45:00+05:30,-0.0020497084200385342
2026-04-09 12:50:00+05:30,0.0010879349062427222
2026-04-09 12:55:00+05:30,-7.811669621365047e-06
2026-04-09 13:00:00+05:30,0.00015250215025819944
2026-04-09 13:05:00+05:30,0.00020780490941096322
2026-04-09 13:10:00+05:30,-0.00036158276177990006
2026-04-09 13:15:00+05:30,-0.0005650909445920586
2026-04-09 13:20:00+05:30,-0.0005734521791548261
2026-04-09 13:25:00+05:30,-0.0007121903009370545
2026-04-09 13:30:00+05:30,0.000747087923720866
2026-04-09 13:35:00+05:30,-0.000525412119812578
2026-04-09 13:40:00+05:30,-0.0005846349726119287
2026-04-09 13:45:00+05:30,9.614577238892836e-05
2026-04-09 13:50:00+05:30,0.0004118538271264726
2026-04-09 13:55:00+05:30,-7.358465884523356e-05
2026-04-09 14:00:00+05:30,0.0005750018787333716
2026-04-09 14:05:00+05:30,0.00015608071057821902
2026-04-09 14:10:00+05:30,-0.0011360153873617264
2026-04-09 14:15:00+05:30,-0.00015917769219369284
2026-04-09 14:20:00+05:30,-0.0006596015452004354
2026-04-09 14:25:00+05:30,-0.00037442291195680246
2026-04-09 14:30:00+05:30,-0.001155340309522842
2026-04-09 14:35:00+05:30,0.0007318144516874801
2026-04-09 14:40:00+05:30,0.0009386758788900893
2026-04-09 14:45:00+05:30,1.3107914601073745e-05
2026-04-09 14:50:00+05:30,0.0006206664528053992
2026-04-09 14:55:00+05:30,-0.00019712023383305617
2026-04-09 15:00:00+05:30,0.000420749351219233
2026-04-09 15:05:00+05:30,0.0013951852428167294
2026-04-09 15:10:00+05:30,2.7419327172563184e-05
2026-04-09 15:15:00+05:30,-0.001163406020529737
2026-04-09 15:20:00+05:30,0.00045325313161096624
2026-04-09 15:25:00+05:30,-0.00032385744486786524
2026-04-10 09:15:00+05:30,0.004479977221515906
2026-04-10 09:20:00+05:30,-0.0020671893772852864
2026-04-10 09:25:00+05:30,0.0012493320254104376
2026-04-10 09:30:00+05:30,0.00028419980373290733
2026-04-10 09:35:00+05:30,-0.0006921417349994005
2026-04-10 09:40:00+05:30,0.0003460905019548935
2026-04-10 09:45:00+05:30,0.0007860398346078814
2026-04-10 09:50:00+05:30,0.0007057298978958045
2026-04-10 09:55:00+05:30,-3.168251661193231e-05
2026-04-10 10:00:00+05:30,-0.001039427695353239
2026-04-10 10:05:00+05:30,-0.00019626580937374301
2026-04-10 10:10:00+05:30,0.0008212203219040616
2026-04-10 10:15:00+05:30,0.0010004623017719177
2026-04-10 10:20:00+05:30,0.000436817768392737
2026-04-10 10:25:00+05:30,-0.0005074614175954246
2026-04-10 10:30:00+05:30,7.127196043200726e-05
2026-04-10 10:35:00+05:30,-0.0005264654530110432
2026-04-10 10:40:00+05:30,-0.00017633798117202675
2026-04-10 10:45:00+05:30,-0.0005012903850150834
2026-04-10 10:50:00+05:30,-0.00027433957945677853
2026-04-10 10:55:00+05:30,0.00037245035222247127
2026-04-10 11:00:00+05:30,8.38852873889605e-05
2026-04-10 11:05:00+05:30,0.0001290172287913458
2026-04-10 11:10:00+05:30,0.00033498170499145436
2026-04-10 11:15:00+05:30,-0.001126276355400898
2026-04-10 11:20:00+05:30,-3.4906444477011966e-05
2026-04-10 11:25:00+05:30,-0.0005008972089786474
2026-04-10 11:30:00+05:30,0.0011918543830925791
2026-04-10 11:35:00+05:30,-0.0010860411196447499
2026-04-10 11:40:00+05:30,-0.0003511175805574678
2026-04-10 11:45:00+05:30,-0.0006060447366007644
2026-04-10 11:50:00+05:30,0.00044208916176751974
2026-04-10 11:55:00+05:30,0.00041702792983850116
2026-04-10 12:00:00+05:30,0.0004794257933534075
2026-04-10 12:05:00+05:30,0.00023524850543254453
2026-04-10 12:10:00+05:30,-0.00013184075960814248
2026-04-10 12:15:00+05:30,-0.00016082938500006083
2026-04-10 12:20:00+05:30,0.00017692407601583042
2026-04-10 12:25:00+05:30,-0.00033746449735822263
2026-04-10 12:30:00+05:30,-0.0004497405613838689
2026-04-10 12:35:00+05:30,0.0010390204907704727
2026-04-10 12:40:00+05:30,-6.068834611340282e-05
2026-04-10 12:45:00+05:30,0.0007142753105536745
2026-04-10 12:50:00+05:30,-0.00046181629705193945
2026-04-10 12:55:00+05:30,0.0003706520224705289
2026-04-10 13:00:00+05:30,0.00027804827435461946
2026-04-10 13:05:00+05:30,0.00029677723056781
2026-04-10 13:10:00+05:30,-0.00044968081084947143
2026-04-10 13:15:00+05:30,0.0001965615302719916
2026-04-10 13:20:00+05:30,0.00013676770247844346
2026-04-10 13:25:00+05:30,0.0003512821085469166
2026-04-10 13:30:00+05:30,4.156838441628595e-05
2026-04-10 13:35:00+05:30,4.1099097401826954e-05
2026-04-10 13:40:00+05:30,0.00022439471664039234
2026-04-10 13:45:00+05:30,-0.0005039868357269906
2026-04-10 13:50:00+05:30,0.00022403903306212366
2026-04-10 13:55:00+05:30,0.0008004842166376921
2026-04-10 14:00:00+05:30,-0.0005613094809729935
2026-04-10 14:05:00+05:30,0.00012433713609252974
2026-04-10 14:10:00+05:30,-0.000532206616523458
2026-04-10 14:15:00+05:30,-0.0010778562673887894
2026-04-10 14:20:00+05:30,-0.0015167789921607096
2026-04-10 14:25:00+05:30,0.00040842490090060927
2026-04-10 14:30:00+05:30,0.00023031783314767692
2026-04-10 14:35:00+05:30,7.883581133463915e-05
2026-04-10 14:40:00+05:30,0.00044428119447850306
2026-04-10 14:45:00+05:30,0.0007941354758321981
2026-04-10 14:50:00+05:30,-0.0001668604716148375
2026-04-10 14:55:00+05:30,-9.127107920133066e-05
2026-04-10 15:00:00+05:30,0.0015719372137128543
2026-04-10 15:05:00+05:30,0.0012281436472567865
2026-04-10 15:10:00+05:30,-0.0001959522201592468
2026-04-10 15:15:00+05:30,-0.00012273339493270994
2026-04-10 15:20:00+05:30,-9.930449982391798e-05
2026-04-10 15:25:00+05:30,-2.977868164451938e-05
2026-04-13 09:15:00+05:30,-0.017834796552794654
2026-04-13 09:20:00+05:30,0.0002549072821490177
2026-04-13 09:25:00+05:30,4.426827504061245e-05
2026-04-13 09:30:00+05:30,-9.963409763788949e-05
2026-04-13 09:35:00+05:30,-0.0010386400212390018
2026-04-13 09:40:00+05:30,0.001959587660904766
2026-04-13 09:45:00+05:30,-0.00048638238519016497
2026-04-13 09:50:00+05:30,0.00042953629816480215
2026-04-13 09:55:00+05:30,0.0005171432745510199
2026-04-13 10:00:00+05:30,0.00010211444384429575
2026-04-13 10:05:00+05:30,0.0001687980132426898
2026-04-13 10:10:00+05:30,-0.0006939717217511772
2026-04-13 10:15:00+05:30,0.0005220043379886691
2026-04-13 10:20:00+05:30,0.0013479989020511788
2026-04-13 10:25:00+05:30,0.00037886051901366084
2026-04-13 10:30:00+05:30,-0.00020151538915527824
2026-04-13 10:35:00+05:30,0.0005503485495110933
2026-04-13 10:40:00+05:30,3.698450115680917e-05
2026-04-13 10:45:00+05:30,0.000279151332103112
2026-04-13 10:50:00+05:30,0.00046219143219442715
2026-04-13 10:55:00+05:30,-0.00038980010227644034
2026-04-13 11:00:00+05:30,-2.9908926713144362e-05
2026-04-13 11:05:00+05:30,0.0005362998840767215
2026-04-13 11:10:00+05:30,-0.0002576054521586175
2026-04-13 11:15:00+05:30,0.00016440322930605085
2026-04-13 11:20:00+05:30,-2.9964993208368636e-07
2026-04-13 11:25:00+05:30,0.00019973087093530078
2026-04-13 11:30:00+05:30,-0.0003032458737422323
2026-04-13 11:35:00+05:30,0.001049424562104235
2026-04-13 11:40:00+05:30,-0.0003011841628320501
2026-04-13 11:45:00+05:30,0.0007086707709280777
2026-04-13 11:50:00+05:30,0.0010764559430108736
2026-04-13 11:55:00+05:30,-0.00044773339188539535
2026-04-13 12:00:00+05:30,0.0001298734964899453
2026-04-13 12:05:00+05:30,0.0002557651107272241
2026-04-13 12:10:00+05:30,0.0006669245616962232
2026-04-13 12:15:00+05:30,0.0001974076184078954
2026-04-13 12:20:00+05:30,-0.0003738041566256199
2026-04-13 12:25:00+05:30,0.0012465591179612906
2026-04-13 12:30:00+05:30,-0.0005767150594269658
2026-04-13 12:35:00+05:30,0.00035830967755157736
2026-04-13 12:40:00+05:30,0.00014075272465551234
2026-04-13 12:45:00+05:30,9.233898087741905e-05
2026-04-13 12:50:00+05:30,-0.000655607749345781
2026-04-13 12:55:00+05:30,-0.0007795530848023523
2026-04-13 13:00:00+05:30,-0.000766261556720397
2026-04-13 13:05:00+05:30,0.0009485395015777936
2026-04-13 13:10:00+05:30,0.00047584281645891336
2026-04-13 13:15:00+05:30,0.0004100972278894978
2026-04-13 13:20:00+05:30,-0.0003238374555311881
2026-04-13 13:25:00+05:30,-0.0002426992312741326
2026-04-13 13:30:00+05:30,0.0010591982786315281
2026-04-13 13:35:00+05:30,-4.92476803365978e-05
2026-04-13 13:40:00+05:30,-0.00030647313352941276
2026-04-13 13:45:00+05:30,0.00016842880089280353
2026-04-13 13:50:00+05:30,0.0018744819760762208
2026-04-13 13:55:00+05:30,0.0005120468677423574
2026-04-13 14:00:00+05:30,-6.579757007868796e-05
2026-04-13 14:05:00+05:30,-0.001260938459757505
2026-04-13 14:10:00+05:30,-0.00013914665036985965
2026-04-13 14:15:00+05:30,0.0002800247201189455
2026-04-13 14:20:00+05:30,0.0003238657923900826
2026-04-13 14:25:00+05:30,0.00043654595326318057
2026-04-13 14:30:00+05:30,0.0006020542724835747
2026-04-13 14:35:00+05:30,-0.0003752187049938019
2026-04-13 14:40:00+05:30,-0.000606237510174342
2026-04-13 14:45:00+05:30,0.0008334324373154844
2026-04-13 14:50:00+05:30,-0.0002990462274112114
2026-04-13 14:55:00+05:30,0.0001357255664084891
2026-04-13 15:00:00+05:30,-0.00167436463863798
2026-04-13 15:05:00+05:30,0.00042883635264701655
2026-04-13 15:10:00+05:30,-3.1131631514153866e-06
2026-04-13 15:15:00+05:30,-0.0006549613377462761
2026-04-13 15:20:00+05:30,-0.00010268062146652563
2026-04-13 15:25:00+05:30,-1.1316015236377469e-05
2026-04-15 09:15:00+05:30,0.017485221220680122
2026-04-15 09:20:00+05:30,-0.0005715900986893919
2026-04-15 09:25:00+05:30,-0.0012036576449404239
2026-04-15 09:30:00+05:30,-0.0015820228761276077
2026-04-15 09:35:00+05:30,-0.0007895584942006922
2026-04-15 09:40:00+05:30,0.002671052636113441
2026-04-15 09:45:00+05:30,-0.0006892620788459331
2026-04-15 09:50:00+05:30,0.0007870850950227297
2026-04-15 09:55:00+05:30,0.00015079478947002824
2026-04-15 10:00:00+05:30,0.00047677791853528717
2026-04-15 10:05:00+05:30,8.918934067063327e-05
2026-04-15 10:10:00+05:30,7.75524197789321e-05
2026-04-15 10:15:00+05:30,0.0008533803329773271
2026-04-15 10:20:00+05:30,0.00020167675487882178
2026-04-15 10:25:00+05:30,-0.00035561122456993414
2026-04-15 10:30:00+05:30,0.00020124184817504887
2026-04-15 10:35:00+05:30,-0.0007169056075079286
2026-04-15 10:40:00+05:30,-1.7309849697143493e-05
2026-04-15 10:45:00+05:30,0.0003461311173245867
2026-04-15 10:50:00+05:30,-0.0011946680561628269
2026-04-15 10:55:00+05:30,-8.624547522198107e-05
2026-04-15 11:00:00+05:30,-0.0005796497010725751
2026-04-15 11:05:00+05:30,-0.0011914460535731484
2026-04-15 11:10:00+05:30,-0.00012279834772195648
2026-04-15 11:15:00+05:30,-2.1779542140449042e-05
2026-04-15 11:20:00+05:30,0.0006161965665867761
2026-04-15 11:25:00+05:30,-0.0006072721549020013
2026-04-15 11:30:00+05:30,-0.0001515687945393637
2026-04-15 11:35:00+05:30,0.0004488120552227301
2026-04-15 11:40:00+05:30,0.00031550463159032836
2026-04-15 11:45:00+05:30,0.0006033382815617944
2026-04-15 11:50:00+05:30,0.00011860209208802124
2026-04-15 11:55:00+05:30,-0.0002540560915187278
2026-04-15 12:00:00+05:30,0.00020702263737577904
2026-04-15 12:05:00+05:30,7.264241586520188e-05
2026-04-15 12:10:00+05:30,0.00018778487099586392
2026-04-15 12:15:00+05:30,-0.0003306808079386676
2026-04-15 12:20:00+05:30,1.10755113309783e-05
2026-04-15 12:25:00+05:30,-0.0001322488617431929
2026-04-15 12:30:00+05:30,-0.00011084458543092772
2026-04-15 12:35:00+05:30,0.000554574355587414
2026-04-15 12:40:00+05:30,-6.502148462432449e-05
2026-04-15 12:45:00+05:30,-0.0008336790192840416
2026-04-15 12:50:00+05:30,-0.00017054414895065645
2026-04-15 12:55:00+05:30,-0.0006596726303102806
2026-04-15 13:00:00+05:30,0.0001895653675491984
2026-04-15 13:05:00+05:30,0.00019626859570446472
2026-04-15 13:10:00+05:30,0.00028724066701073757
2026-04-15 13:15:00+05:30,0.0006434956419950856
2026-04-15 13:20:00+05:30,-0.0013064117358924157
2026-04-15 13:25:00+05:30,-0.00010789527149982667
2026-04-15 13:30:00+05:30,0.0006964240906643645
2026-04-15 13:35:00+05:30,-0.0005825318748996967
2026-04-15 13:40:00+05:30,0.0007825048543680263
2026-04-15 13:45:00+05:30,-0.0005028721568649647
2026-04-15 13:50:00+05:30,-0.000104487302040981
2026-04-15 13:55:00+05:30,0.0008871867315821504
2026-04-15 14:00:00+05:30,5.800448515890759e-05
2026-04-15 14:05:00+05:30,-3.972511552906507e-05
2026-04-15 14:10:00+05:30,-2.0863884771562652e-05
2026-04-15 14:15:00+05:30,1.1546469962650372e-05
2026-04-15 14:20:00+05:30,-0.0004168272151064324
2026-04-15 14:25:00+05:30,0.0007621072077178431
2026-04-15 14:30:00+05:30,1.9743006690042225e-05
2026-04-15 14:35:00+05:30,-0.000443121338814178
2026-04-15 14:40:00+05:30,0.0002663331568135404
2026-04-15 14:45:00+05:30,0.0004559860209595137
2026-04-15 14:50:00+05:30,0.0004639719114744677
2026-04-15 14:55:00+05:30,0.00020059371102501116
2026-04-15 15:00:00+05:30,-0.0003331063520775934
2026-04-15 15:05:00+05:30,-0.000407483540326644
2026-04-15 15:10:00+05:30,-0.0002627109017559032
2026-04-15 15:15:00+05:30,-0.0006175004832911867
2026-04-15 15:20:00+05:30,6.363987115708929e-05
2026-04-15 15:25:00+05:30,-0.0001485193159882492
2026-04-16 09:15:00+05:30,0.0071867932132083584
2026-04-16 09:20:00+05:30,-6.588134479211747e-05
2026-04-16 09:25:00+05:30,-0.00028483614208602893
2026-04-16 09:30:00+05:30,-0.0012281225567721179
2026-04-16 09:35:00+05:30,-0.00089631405624583
2026-04-16 09:40:00+05:30,-0.000937670106302185
2026-04-16 09:45:00+05:30,0.00047564529210046487
2026-04-16 09:50:00+05:30,-0.0003279082335937492
2026-04-16 09:55:00+05:30,-0.0018161292951493694
2026-04-16 10:00:00+05:30,0.0010128138046670537
2026-04-16 10:05:00+05:30,0.00021264294311165868
2026-04-16 10:10:00+05:30,0.0001802443474492555
2026-04-16 10:15:00+05:30,-5.565238323000289e-05
2026-04-16 10:20:00+05:30,-0.00026146772989621425
2026-04-16 10:25:00+05:30,-0.00028847791592000985
2026-04-16 10:30:00+05:30,0.00042473869493068957
2026-04-16 10:35:00+05:30,-0.000524628488620145
2026-04-16 10:40:00+05:30,0.00035155371221932307
2026-04-16 10:45:00+05:30,0.0004899518004560086
2026-04-16 10:50:00+05:30,-0.00021052355045287672
2026-04-16 10:55:00+05:30,0.00010500024608585766
2026-04-16 11:00:00+05:30,0.0004257132642506653
2026-04-16 11:05:00+05:30,9.435683205691763e-05
2026-04-16 11:10:00+05:30,-0.00017446418926173193
2026-04-16 11:15:00+05:30,-0.00011879251557820793
2026-04-16 11:20:00+05:30,-0.0003317556697810648
2026-04-16 11:25:00+05:30,-3.8934012391762296e-05
2026-04-16 11:30:00+05:30,5.8579475896877586e-05
2026-04-16 11:35:00+05:30,-0.0009250845797472239
2026-04-16 11:40:00+05:30,-0.001025347507871848
2026-04-16 11:45:00+05:30,-0.0003437199576177859
2026-04-16 11:50:00+05:30,-2.961036681247084e-05
2026-04-16 11:55:00+05:30,-0.0015707537444194653
2026-04-16 12:00:00+05:30,-0.0015327438478378586
2026-04-16 12:05:00+05:30,0.00015055243206600548
2026-04-16 12:10:00+05:30,0.0005726120368469919
2026-04-16 12:15:00+05:30,0.00010520500564184083
2026-04-16 12:20:00+05:30,-0.0008795020482406219
2026-04-16 12:25:00+05:30,4.2080467085881566e-05
2026-04-16 12:30:00+05:30,-0.0007993572895483274
2026-04-16 12:35:00+05:30,0.0007239277347695273
2026-04-16 12:40:00+05:30,-0.0008142163195190216
2026-04-16 12:45:00+05:30,-0.00024240308353270338
2026-04-16 12:50:00+05:30,-0.0003081457403453342
2026-04-16 12:55:00+05:30,0.0009541527044068784
2026-04-16 13:00:00+05:30,0.00032551584330923377
2026-04-16 13:05:00+05:30,-0.0009978426965426483
2026-04-16 13:10:00+05:30,7.247672792325644e-05
2026-04-16 13:15:00+05:30,0.0003593630522532938
2026-04-16 13:20:00+05:30,-0.0011470277614776404
2026-04-16 13:25:00+05:30,0.0003599501721229803
2026-04-16 13:30:00+05:30,0.00037249982119662224
2026-04-16 13:35:00+05:30,0.00017367488439357678
2026-04-16 13:40:00+05:30,0.0006034498997264177
2026-04-16 13:45:00+05:30,0.0004736706961164911
2026-04-16 13:50:00+05:30,0.001268499624887398
2026-04-16 13:55:00+05:30,-0.0002171739273092502
2026-04-16 14:00:00+05:30,-0.0014411321358545528
2026-04-16 14:05:00+05:30,0.000599430641384177
2026-04-16 14:10:00+05:30,0.00039848832884383905
2026-04-16 14:15:00+05:30,-0.00010892729836056276
2026-04-16 14:20:00+05:30,-2.1175334599934487e-05
2026-04-16 14:25:00+05:30,0.0008659003843834709
2026-04-16 14:30:00+05:30,0.0014893945782342068
2026-04-16 14:35:00+05:30,0.00020802547932828816
2026-04-16 14:40:00+05:30,-0.00027343261945534996
2026-04-16 14:45:00+05:30,0.0003918715525079427
2026-04-16 14:50:00+05:30,0.0002781122715204318
2026-04-16 14:55:00+05:30,-0.0006551544212088572
2026-04-16 15:00:00+05:30,-0.0004289119432780226
2026-04-16 15:05:00+05:30,-0.0012679088829709146
2026-04-16 15:10:00+05:30,0.0003793728528578347
2026-04-16 15:15:00+05:30,-0.00015658497085139982
2026-04-16 15:20:00+05:30,0.0004286825758998443
2026-04-16 15:25:00+05:30,-0.0002059391283391931
2026-04-17 09:15:00+05:30,0.0012567463005555644
2026-04-17 09:20:00+05:30,-0.000185222194566643
2026-04-17 09:25:00+05:30,0.001167231888506689
2026-04-17 09:30:00+05:30,-0.0016550319358120446
2026-04-17 09:35:00+05:30,0.00046557839474706996
2026-04-17 09:40:00+05:30,-0.0007991247793265964
2026-04-17 09:45:00+05:30,0.0007658221833482262
2026-04-17 09:50:00+05:30,9.137848411711058e-05
2026-04-17 09:55:00+05:30,9.955957045306835e-05
2026-04-17 10:00:00+05:30,0.0006785752953900369
2026-04-17 10:05:00+05:30,0.00024071845353061013
2026-04-17 10:10:00+05:30,0.0003413372257716003
2026-04-17 10:15:00+05:30,0.00022094365842162986
2026-04-17 10:20:00+05:30,0.00021286942833727943
2026-04-17 10:25:00+05:30,6.995385464551789e-05
2026-04-17 10:30:00+05:30,-0.0007709789357832328
2026-04-17 10:35:00+05:30,-0.0002078530441887935
2026-04-17 10:40:00+05:30,0.00014259684885266135
2026-04-17 10:45:00+05:30,-7.328385415608798e-05
2026-04-17 10:50:00+05:30,-0.00043347220178811455
2026-04-17 10:55:00+05:30,-0.00022837626803645357
2026-04-17 11:00:00+05:30,-0.00026294306116157376
2026-04-17 11:05:00+05:30,3.111678774706119e-06
2026-04-17 11:10:00+05:30,0.00025722760285871055
2026-04-17 11:15:00+05:30,0.0005206320490136473
2026-04-17 11:20:00+05:30,-0.00028844209650189407
2026-04-17 11:25:00+05:30,0.00012676055341413677
2026-04-17 11:30:00+05:30,0.0005487373652265253
2026-04-17 11:35:00+05:30,-9.413286265266683e-05
2026-04-17 11:40:00+05:30,0.0001407116886384367
2026-04-17 11:45:00+05:30,-0.0006243503619064859
2026-04-17 11:50:00+05:30,0.0009678431080374711
2026-04-17 11:55:00+05:30,-0.0014400636325593648
2026-04-17 12:00:00+05:30,-0.0004756319560759813
2026-04-17 12:05:00+05:30,0.0010341952157680797
2026-04-17 12:10:00+05:30,-9.771696996823938e-05
2026-04-17 12:15:00+05:30,-6.098614144031531e-05
2026-04-17 12:20:00+05:30,-0.00012807075802444498
2026-04-17 12:25:00+05:30,-0.00013532236583077415
2026-04-17 12:30:00+05:30,-0.0008567584552745709
2026-04-17 12:35:00+05:30,-0.00016204965446974776
2026-04-17 12:40:00+05:30,0.00037920873900761754
2026-04-17 12:45:00+05:30,0.00020175078723686104
2026-04-17 12:50:00+05:30,-0.00015028873167586743
2026-04-17 12:55:00+05:30,-9.676926650080628e-06
2026-04-17 13:00:00+05:30,-3.5297970355022866e-05
2026-04-17 13:05:00+05:30,0.0005769402514918268
2026-04-17 13:10:00+05:30,-6.492768531017236e-05
2026-04-17 13:15:00+05:30,-0.0005072681538870778
2026-04-17 13:20:00+05:30,0.00010803865326265778
2026-04-17 13:25:00+05:30,0.0005301212132875605
2026-04-17 13:30:00+05:30,0.0003524740315371007
2026-04-17 13:35:00+05:30,-8.00915846671816e-06
2026-04-17 13:40:00+05:30,1.0313472020698941e-05
2026-04-17 13:45:00+05:30,2.5386256484937137e-05
2026-04-17 13:50:00+05:30,-0.00010970548625867747
2026-04-17 13:55:00+05:30,2.201533646227713e-05
2026-04-17 14:00:00+05:30,-4.731625263058212e-05
2026-04-17 14:05:00+05:30,0.0005880152664216627
2026-04-17 14:10:00+05:30,-0.000129593221726191
2026-04-17 14:15:00+05:30,0.0002345617076540305
2026-04-17 14:20:00+05:30,0.00015494165706836664
2026-04-17 14:25:00+05:30,-0.0006415101216109845
2026-04-17 14:30:00+05:30,0.0004943494397120262
2026-04-17 14:35:00+05:30,0.00031296080048789774
2026-04-17 14:40:00+05:30,0.0007021010460229796
2026-04-17 14:45:00+05:30,5.921402753788759e-05
2026-04-17 14:50:00+05:30,0.0001788957900891175
2026-04-17 14:55:00+05:30,1.1296259670422412e-05
2026-04-17 15:00:00+05:30,0.0001555159702746918
2026-04-17 15:05:00+05:30,7.094785659232296e-05
2026-04-17 15:10:00+05:30,-3.9187954716123876e-05
2026-04-17 15:15:00+05:30,0.00040189383086402196
2026-04-17 15:20:00+05:30,0.00022843842941917898
2026-04-17 15:25:00+05:30,6.164151753572013e-05
2026-04-20 09:15:00+05:30,-0.000754545534899953
2026-04-20 09:20:00+05:30,0.0016321460606067224
2026-04-20 09:25:00+05:30,-8.337566840106214e-05
2026-04-20 09:30:00+05:30,-0.0005710284589646994
2026-04-20 09:35:00+05:30,-0.000674116912118132
2026-04-20 09:40:00+05:30,-0.001674256370646665
2026-04-20 09:45:00+05:30,-0.0005129105555443191
2026-04-20 09:50:00+05:30,0.0013766209158530465
2026-04-20 09:55:00+05:30,-0.00023462203767885432
2026-04-20 10:00:00+05:30,0.0009166481651285155
2026-04-20 10:05:00+05:30,0.0009584153648527318
2026-04-20 10:10:00+05:30,-0.0004028022131215237
2026-04-20 10:15:00+05:30,0.0002070737409566665
2026-04-20 10:20:00+05:30,0.00034038712632093667
2026-04-20 10:25:00+05:30,7.486879837640579e-05
2026-04-20 10:30:00+05:30,0.0006728299630504674
2026-04-20 10:35:00+05:30,9.023299973996921e-05
2026-04-20 10:40:00+05:30,0.00012708692343446772
2026-04-20 10:45:00+05:30,-0.00028658589615370095
2026-04-20 10:50:00+05:30,-0.00016808757846210667
2026-04-20 10:55:00+05:30,0.00015771773910853626
2026-04-20 11:00:00+05:30,5.6032129094312444e-05
2026-04-20 11:05:00+05:30,-0.0011016621075429574
2026-04-20 11:10:00+05:30,-0.00011309440889553219
2026-04-20 11:15:00+05:30,0.0006945733123326622
2026-04-20 11:20:00+05:30,0.0012849868008365341
2026-04-20 11:25:00+05:30,0.0005508709325559843
2026-04-20 11:30:00+05:30,-0.0005017531760704969
2026-04-20 11:35:00+05:30,-9.311786670986398e-05
2026-04-20 11:40:00+05:30,0.00012126132930441531
2026-04-20 11:45:00+05:30,0.00022179200588197463
2026-04-20 11:50:00+05:30,0.00019095079472584037
2026-04-20 11:55:00+05:30,4.537081088766475e-05
2026-04-20 12:00:00+05:30,-0.00026982693041206833
2026-04-20 12:05:00+05:30,-0.00045006740540973054
2026-04-20 12:10:00+05:30,-0.0007314256445408144
2026-04-20 12:15:00+05:30,-0.00032216090148471846
2026-04-20 12:20:00+05:30,0.0006536873635047431
2026-04-20 12:25:00+05:30,0.0007285496830735708
2026-04-20 12:30:00+05:30,3.735176252277717e-06
2026-04-20 12:35:00+05:30,6.611439809203903e-05
2026-04-20 12:40:00+05:30,-0.0003840906568029344
2026-04-20 12:45:00+05:30,0.0004145182742953069
2026-04-20 12:50:00+05:30,0.00010804107674958354
2026-04-20 12:55:00+05:30,-0.0006043040053703299
2026-04-20 13:00:00+05:30,-0.0008599717577775399
2026-04-20 13:05:00+05:30,-0.0007274663664713632
2026-04-20 13:10:00+05:30,-0.0005738787861689792
2026-04-20 13:15:00+05:30,1.262016789450067e-05
2026-04-20 13:20:00+05:30,-0.000728379115335672
2026-04-20 13:25:00+05:30,6.686380402320946e-05
2026-04-20 13:30:00+05:30,2.9822117107061875e-05
2026-04-20 13:35:00+05:30,-0.0007052467745768398
2026-04-20 13:40:00+05:30,0.0009051811866696248
2026-04-20 13:45:00+05:30,-0.0005532595698996877
2026-04-20 13:50:00+05:30,0.0003276915521256243
2026-04-20 13:55:00+05:30,8.176835175239583e-05
2026-04-20 14:00:00+05:30,-4.067036556970897e-05
2026-04-20 14:05:00+05:30,-0.0004201058100141825
2026-04-20 14:10:00+05:30,0.00046774290567019286
2026-04-20 14:15:00+05:30,7.969610773202842e-05
2026-04-20 14:20:00+05:30,0.0007558278631011445
2026-04-20 14:25:00+05:30,0.0005359128267204387
2026-04-20 14:30:00+05:30,-0.0003051544680988613
2026-04-20 14:35:00+05:30,-0.0006922907195432368
2026-04-20 14:40:00+05:30,2.4500877045635345e-05
2026-04-20 14:45:00+05:30,-0.00016306327489101183
2026-04-20 14:50:00+05:30,2.2023431354162586e-05
2026-04-20 14:55:00+05:30,7.664898272526162e-05
2026-04-20 15:00:00+05:30,8.005144879273309e-05
2026-04-20 15:05:00+05:30,-0.0006869881441242384
2026-04-20 15:10:00+05:30,-0.00017032741836646364
2026-04-20 15:15:00+05:30,-0.0021380361641397615
2026-04-20 15:20:00+05:30,-0.00024297216670673242
2026-04-20 15:25:00+05:30,0.0005622652972866577
2026-04-21 09:15:00+05:30,0.005015669732265994
2026-04-21 09:20:00+05:30,-0.00015331587807736703
2026-04-21 09:25:00+05:30,-0.00025361477770760734
2026-04-21 09:30:00+05:30,0.0003418767629020702
2026-04-21 09:35:00+05:30,-1.0714037223495603e-07
2026-04-21 09:40:00+05:30,-0.00034450913125071364
2026-04-21 09:45:00+05:30,0.0016861199951331927
2026-04-21 09:50:00+05:30,-0.00018713444396651667
2026-04-21 09:55:00+05:30,8.906775596585539e-05
2026-04-21 10:00:00+05:30,0.0005722618709484808
2026-04-21 10:05:00+05:30,0.00014875010785403138
2026-04-21 10:10:00+05:30,-0.000159981141754464
2026-04-21 10:15:00+05:30,-0.00025439938813382205
2026-04-21 10:20:00+05:30,-0.0003570308495661113
2026-04-21 10:25:00+05:30,-6.0820210943066546e-05
2026-04-21 10:30:00+05:30,0.001187454392604779
2026-04-21 10:35:00+05:30,8.049426579426784e-05
2026-04-21 10:40:00+05:30,-6.158751475996602e-05
2026-04-21 10:45:00+05:30,3.945755897493072e-05
2026-04-21 10:50:00+05:30,0.00045517185702800687
2026-04-21 10:55:00+05:30,0.00034302017457101935
2026-04-21 11:00:00+05:30,0.00010242241425746134
2026-04-21 11:05:00+05:30,0.00010644155899527794
2026-04-21 11:10:00+05:30,-4.8369421578118766e-05
2026-04-21 11:15:00+05:30,-0.00017254970858505167
2026-04-21 11:20:00+05:30,-0.00011136384360625677
2026-04-21 11:25:00+05:30,5.817011521444391e-05
2026-04-21 11:30:00+05:30,-0.0009040930721709744
2026-04-21 11:35:00+05:30,0.00019465277948920402
2026-04-21 11:40:00+05:30,7.80446394171852e-05
2026-04-21 11:45:00+05:30,0.00016625525112913908
2026-04-21 11:50:00+05:30,8.323389913085e-05
2026-04-21 11:55:00+05:30,7.79553463212562e-05
2026-04-21 12:00:00+05:30,0.00032544015561749396
2026-04-21 12:05:00+05:30,1.4335715447809006e-05
2026-04-21 12:10:00+05:30,0.00045207280983534427
2026-04-21 12:15:00+05:30,-6.871277880343403e-06
2026-04-21 12:20:00+05:30,-0.00025845263483068476
2026-04-21 12:25:00+05:30,-8.915678899875481e-05
2026-04-21 12:30:00+05:30,-0.0001168861470422529
2026-04-21 12:35:00+05:30,0.000504236782454756
2026-04-21 12:40:00+05:30,-0.000117245958618728
2026-04-21 12:45:00+05:30,-0.000565851512261558
2026-04-21 12:50:00+05:30,7.839143194394482e-05
2026-04-21 12:55:00+05:30,-0.00011533672949874016
2026-04-21 13:00:00+05:30,-0.00011026568250034692
2026-04-21 13:05:00+05:30,0.0001367332599056204
2026-04-21 13:10:00+05:30,-0.00016354181425657833
2026-04-21 13:15:00+05:30,0.0003163531564181506
2026-04-21 13:20:00+05:30,-0.00019755646789036026
2026-04-21 13:25:00+05:30,0.0005724457316903402
2026-04-21 13:30:00+05:30,0.00031168578748881116
2026-04-21 13:35:00+05:30,-0.0005447361243834089
2026-04-21 13:40:00+05:30,-0.0007758120136637587
2026-04-21 13:45:00+05:30,0.0005441813081747901
2026-04-21 13:50:00+05:30,0.0003222441701187006
2026-04-21 13:55:00+05:30,0.00022606787030919251
2026-04-21 14:00:00+05:30,-0.0005170993395134879
2026-04-21 14:05:00+05:30,-0.0004457249119847666
2026-04-21 14:10:00+05:30,0.0002943810446546002
2026-04-21 14:15:00+05:30,0.000521841832127609
2026-04-21 14:20:00+05:30,0.0006718971986181426
2026-04-21 14:25:00+05:30,-0.0002659455797911872
2026-04-21 14:30:00+05:30,-0.000721079487205491
2026-04-21 14:35:00+05:30,-0.0002611287728781819
2026-04-21 14:40:00+05:30,-0.0005412675773471236
2026-04-21 14:45:00+05:30,0.00021649613464425651
2026-04-21 14:50:00+05:30,0.0004450873625077655
2026-04-21 14:55:00+05:30,0.00018661546929300612
2026-04-21 15:00:00+05:30,-0.0001700177786634455
2026-04-21 15:05:00+05:30,0.00042955483769611583
2026-04-21 15:10:00+05:30,-0.0001866989531102922
2026-04-21 15:15:00+05:30,0.0004189124926966022
2026-04-21 15:20:00+05:30,-3.4498248154011724e-05
2026-04-21 15:25:00+05:30,-0.00027642543297694207
2026-04-22 09:15:00+05:30,-0.008653048993191415
2026-04-22 09:20:00+05:30,-0.0010224484808183504
2026-04-22 09:25:00+05:30,-0.0010664739702752847
2026-04-22 09:30:00+05:30,0.00041523414202871453
2026-04-22 09:35:00+05:30,-0.00044733821153582865
2026-04-22 09:40:00+05:30,-0.000681832801523417
2026-04-22 09:45:00+05:30,-0.00034155864493288693
2026-04-22 09:50:00+05:30,-0.0003445627432376688
2026-04-22 09:55:00+05:30,-0.0010455922268347221
2026-04-22 10:00:00+05:30,-0.00033980480382542053
2026-04-22 10:05:00+05:30,-8.883114598698248e-05
2026-04-22 10:10:00+05:30,-0.0003827208390679439
2026-04-22 10:15:00+05:30,-0.0003088239360929653
2026-04-22 10:20:00+05:30,-0.0005136644051700772
2026-04-22 10:25:00+05:30,2.2533959631944105e-05
2026-04-22 10:30:00+05:30,0.00018200147872170444
2026-04-22 10:35:00+05:30,0.0008392429941175692
2026-04-22 10:40:00+05:30,0.0006417702637573996
2026-04-22 10:45:00+05:30,0.00017207551796067104
2026-04-22 10:50:00+05:30,0.0007206595149643087
2026-04-22 10:55:00+05:30,2.3701999197515905e-05
2026-04-22 11:00:00+05:30,-5.8323229742786675e-05
2026-04-22 11:05:00+05:30,-0.0005372803781338952
2026-04-22 11:10:00+05:30,-0.00029007806220752926
2026-04-22 11:15:00+05:30,0.0003187962733375352
2026-04-22 11:20:00+05:30,0.00023010775103213694
2026-04-22 11:25:00+05:30,-0.0004965817730850627
2026-04-22 11:30:00+05:30,0.0002324323627599612
2026-04-22 11:35:00+05:30,-0.0005430527948096421
2026-04-22 11:40:00+05:30,-0.0006125984384656461
2026-04-22 11:45:00+05:30,-0.0006061793807843213
2026-04-22 11:50:00+05:30,0.00018124564651512745
2026-04-22 11:55:00+05:30,0.0005469145869001958
2026-04-22 12:00:00+05:30,3.346740601991407e-05
2026-04-22 12:05:00+05:30,-0.0005679503642303022
2026-04-22 12:10:00+05:30,-0.0002222964860887005
2026-04-22 12:15:00+05:30,-0.000588801302324246
2026-04-22 12:20:00+05:30,-5.854553233412172e-05
2026-04-22 12:25:00+05:30,0.0002594585501475931
2026-04-22 12:30:00+05:30,0.0002984698783751592
2026-04-22 12:35:00+05:30,-0.00034576095386602325
2026-04-22 12:40:00+05:30,0.0005213160363891751
2026-04-22 12:45:00+05:30,-0.0005200281752228273
2026-04-22 12:50:00+05:30,0.0001896587695371552
2026-04-22 12:55:00+05:30,0.00044995622960889613
2026-04-22 13:00:00+05:30,2.741956608263035e-05
2026-04-22 13:05:00+05:30,0.00028648822437969896
2026-04-22 13:10:00+05:30,2.7267157718385544e-05
2026-04-22 13:15:00+05:30,-0.0006270278825041393
2026-04-22 13:20:00+05:30,-0.0008289509167472725
2026-04-22 13:25:00+05:30,0.0006702015220234438
2026-04-22 13:30:00+05:30,0.00022165334656961514
2026-04-22 13:35:00+05:30,-0.00019862133975368543
2026-04-22 13:40:00+05:30,0.00016400134913084253
2026-04-22 13:45:00+05:30,0.0001202820365746184
2026-04-22 13:50:00+05:30,-0.00020183698174405942
2026-04-22 13:55:00+05:30,0.0015871370845871547
2026-04-22 14:00:00+05:30,-0.0012480473862164804
2026-04-22 14:05:00+05:30,0.00025407064655779657
2026-04-22 14:10:00+05:30,-0.0004381785254200346
2026-04-22 14:15:00+05:30,-0.00034941339803509335
2026-04-22 14:20:00+05:30,0.00021866031841423275
2026-04-22 14:25:00+05:30,-0.00012793872980691075
2026-04-22 14:30:00+05:30,0.00045638781106404594
2026-04-22 14:35:00+05:30,-6.2193457617148714e-06
2026-04-22 14:40:00+05:30,-0.00020485386472481415
2026-04-22 14:45:00+05:30,-0.00018500489004195272
2026-04-22 14:50:00+05:30,8.204674070440361e-05
2026-04-22 14:55:00+05:30,0.00030637146038038995
2026-04-22 15:00:00+05:30,-0.0015344259426907968
2026-04-22 15:05:00+05:30,-0.00018627647781827892
2026-04-22 15:10:00+05:30,-0.00015737863602911282
2026-04-22 15:15:00+05:30,-2.8678303825556635e-05
2026-04-22 15:20:00+05:30,-6.167321705236332e-05
2026-04-22 15:25:00+05:30,0.00015563105870040528
2026-04-23 09:15:00+05:30,-0.0066348075521171414
2026-04-23 09:20:00+05:30,7.590601246891464e-05
2026-04-23 09:25:00+05:30,0.0007270673020577729
2026-04-23 09:30:00+05:30,-0.0006452671754910185
2026-04-23 09:35:00+05:30,-0.00012656704976988844
2026-04-23 09:40:00+05:30,0.0015094593409578725
2026-04-23 09:45:00+05:30,0.0009553931620471683
2026-04-23 09:50:00+05:30,0.00040937162276945055
2026-04-23 09:55:00+05:30,-0.00010962613268268657
2026-04-23 10:00:00+05:30,0.0006004439859830294
2026-04-23 10:05:00+05:30,-0.0008122329693520903
2026-04-23 10:10:00+05:30,-0.00027932334803613593
2026-04-23 10:15:00+05:30,0.0002495354052681928
2026-04-23 10:20:00+05:30,-0.0006579781950573422
2026-04-23 10:25:00+05:30,-0.0005522373251665684
2026-04-23 10:30:00+05:30,-0.0008153045334021433
2026-04-23 10:35:00+05:30,-0.0005201547116249381
2026-04-23 10:40:00+05:30,-0.0003187396876693899
2026-04-23 10:45:00+05:30,-0.00047765002614570163
2026-04-23 10:50:00+05:30,0.00010357847905078333
2026-04-23 10:55:00+05:30,9.980628270004519e-05
2026-04-23 11:00:00+05:30,0.0002239123679153781
2026-04-23 11:05:00+05:30,-0.00023229500303361363
2026-04-23 11:10:00+05:30,-0.00061020715260175
2026-04-23 11:15:00+05:30,-9.655749088089445e-05
2026-04-23 11:20:00+05:30,-7.948274164735086e-05
2026-04-23 11:25:00+05:30,0.00044761420319536666
2026-04-23 11:30:00+05:30,-0.00018890824834059012
2026-04-23 11:35:00+05:30,6.939529056954345e-06
2026-04-23 11:40:00+05:30,-0.0004132083139515706
2026-04-23 11:45:00+05:30,0.0003278527735250129
2026-04-23 11:50:00+05:30,0.0006339917487939367
2026-04-23 11:55:00+05:30,-0.00042528472648668315
2026-04-23 12:00:00+05:30,-0.0003080095809161932
2026-04-23 12:05:00+05:30,0.0005316087193968658
2026-04-23 12:10:00+05:30,0.0005770180008175121
2026-04-23 12:15:00+05:30,-0.000330957109438587
2026-04-23 12:20:00+05:30,0.00023523655636566824
2026-04-23 12:25:00+05:30,-0.0016004024676083855
2026-04-23 12:30:00+05:30,-0.00014738904976367633
2026-04-23 12:35:00+05:30,0.0003159681897633452
2026-04-23 12:40:00+05:30,0.0003237429619576784
2026-04-23 12:45:00+05:30,-0.00017854557230866317
2026-04-23 12:50:00+05:30,0.00016030330768384822
2026-04-23 12:55:00+05:30,0.00043038477835694326
2026-04-23 13:00:00+05:30,-4.0202045740237036e-05
2026-04-23 13:05:00+05:30,0.00036515600136459946
2026-04-23 13:10:00+05:30,4.7334032252947145e-06
2026-04-23 13:15:00+05:30,0.0011083906907989093
2026-04-23 13:20:00+05:30,0.0013829835586963537
2026-04-23 13:25:00+05:30,-0.00013275051057758916
2026-04-23 13:30:00+05:30,-0.0009912689526439913
2026-04-23 13:35:00+05:30,-0.0018805302957448586
2026-04-23 13:40:00+05:30,-0.0002870342074112041
2026-04-23 13:45:00+05:30,0.0001094545850640908
2026-04-23 13:50:00+05:30,0.00042719477595864444
2026-04-23 13:55:00+05:30,0.00010167559294610733
2026-04-23 14:00:00+05:30,-0.000316459282725717
2026-04-23 14:05:00+05:30,-0.0006284169481171579
2026-04-23 14:10:00+05:30,-0.0004936768556148902
2026-04-23 14:15:00+05:30,-7.498289112002694e-05
2026-04-23 14:20:00+05:30,-7.458144121574277e-05
2026-04-23 14:25:00+05:30,-0.0003340120774273311
2026-04-23 14:30:00+05:30,-0.00023008794380232738
2026-04-23 14:35:00+05:30,-1.5227865231396e-05
2026-04-23 14:40:00+05:30,-0.00038492114166131433
2026-04-23 14:45:00+05:30,0.0007096831614532327
2026-04-23 14:50:00+05:30,7.071679187642983e-05
2026-04-23 14:55:00+05:30,7.540839499626572e-06
2026-04-23 15:00:00+05:30,0.00040412631018182346
2026-04-23 15:05:00+05:30,-0.00022805570892668822
2026-04-23 15:10:00+05:30,-0.001101347280573586
2026-04-23 15:15:00+05:30,9.558565224701116e-05
2026-04-23 15:20:00+05:30,0.00018735708754115765
2026-04-23 15:25:00+05:30,-0.00013416672871272746
2026-04-24 09:15:00+05:30,-0.003561630099152347
2026-04-24 09:20:00+05:30,-0.0019344428224625377
2026-04-24 09:25:00+05:30,-0.001371592566720814
2026-04-24 09:30:00+05:30,-0.0020968551228925584
2026-04-24 09:35:00+05:30,-0.00014796837514888397
2026-04-24 09:40:00+05:30,-0.001376163800718045
2026-04-24 09:45:00+05:30,-0.00045815402491832186
2026-04-24 09:50:00+05:30,-0.0010204623566926255
2026-04-24 09:55:00+05:30,-2.1784006915121823e-05
2026-04-24 10:00:00+05:30,0.0012042543898194964
2026-04-24 10:05:00+05:30,-0.0005207777204021255
2026-04-24 10:10:00+05:30,0.0007970454801500037
2026-04-24 10:15:00+05:30,-0.0004109310483758388
2026-04-24 10:20:00+05:30,-0.001127131520007786
2026-04-24 10:25:00+05:30,0.0004893245866528389
2026-04-24 10:30:00+05:30,3.244173400267152e-05
2026-04-24 10:35:00+05:30,-0.0004153054336075712
2026-04-24 10:40:00+05:30,-0.0007465477662516332
2026-04-24 10:45:00+05:30,-0.0007346974405421852
2026-04-24 10:50:00+05:30,0.0008975138517959572
2026-04-24 10:55:00+05:30,-0.0006270407900837818
2026-04-24 11:00:00+05:30,-9.624418218833139e-05
2026-04-24 11:05:00+05:30,0.00010436563449428267
2026-04-24 11:10:00+05:30,0.0001438186981420853
2026-04-24 11:15:00+05:30,0.00015132762642636917
2026-04-24 11:20:00+05:30,0.00023694492872265057
2026-04-24 11:25:00+05:30,0.0001240854439550763
2026-04-24 11:30:00+05:30,0.0006408549088045586
2026-04-24 11:35:00+05:30,-0.00030059752756757334
2026-04-24 11:40:00+05:30,-0.0005482286886222834
2026-04-24 11:45:00+05:30,-0.000959998554301067
2026-04-24 11:50:00+05:30,-0.0004831750179325029
2026-04-24 11:55:00+05:30,-0.0001293603520405219
2026-04-24 12:00:00+05:30,0.00016905552583107734
2026-04-24 12:05:00+05:30,0.00044279388935056376
2026-04-24 12:10:00+05:30,0.0005587137911089387
2026-04-24 12:15:00+05:30,7.47904995572932e-05
2026-04-24 12:20:00+05:30,-0.001455537992947836
2026-04-24 12:25:00+05:30,-0.0005757254931276183
2026-04-24 12:30:00+05:30,0.0007253278307800946
2026-04-24 12:35:00+05:30,-0.00026404192167068564
2026-04-24 12:40:00+05:30,-0.0008157941837099988
2026-04-24 12:45:00+05:30,0.00041852711906251026
2026-04-24 12:50:00+05:30,0.0004027214501343018
2026-04-24 12:55:00+05:30,-7.265041438021594e-05
2026-04-24 13:00:00+05:30,-0.0011061260195959794
2026-04-24 13:05:00+05:30,3.336228888863985e-05
2026-04-24 13:10:00+05:30,-0.00039597416671381013
2026-04-24 13:15:00+05:30,0.00039369936728097637
2026-04-24 13:20:00+05:30,-0.00017102144879984452
2026-04-24 13:25:00+05:30,0.00047851093718483773
2026-04-24 13:30:00+05:30,-0.0010600982755767667
2026-04-24 13:35:00+05:30,-0.0005215137797810465
2026-04-24 13:40:00+05:30,-0.0006058602453662059
2026-04-24 13:45:00+05:30,0.0009370428854370736
2026-04-24 13:50:00+05:30,-4.406829669482897e-06
2026-04-24 13:55:00+05:30,-0.0008265989997465459
2026-04-24 14:00:00+05:30,-0.0001750889355713822
2026-04-24 14:05:00+05:30,0.00023807155202034517
2026-04-24 14:10:00+05:30,-5.2287379465165706e-05
2026-04-24 14:15:00+05:30,0.0007343561375644222
2026-04-24 14:20:00+05:30,7.065325879367017e-05
2026-04-24 14:25:00+05:30,0.0007614654058658576
2026-04-24 14:30:00+05:30,0.0007204872885979123
2026-04-24 14:35:00+05:30,0.0003092756396520951
2026-04-24 14:40:00+05:30,0.0003245629755134322
2026-04-24 14:45:00+05:30,-0.00021127651081092282
2026-04-24 14:50:00+05:30,-0.0003018806180452524
2026-04-24 14:55:00+05:30,0.00022858357242982433
2026-04-24 15:00:00+05:30,-0.0014821496145346219
2026-04-24 15:05:00+05:30,0.0003913709399955688
2026-04-24 15:10:00+05:30,-0.0002702787807301774
2026-04-24 15:15:00+05:30,0.0008384100089206332
2026-04-24 15:20:00+05:30,-7.106372913088712e-05
2026-04-24 15:25:00+05:30,-0.00034756873434134487
2026-04-27 09:15:00+05:30,0.006793962966476637
2026-04-27 09:20:00+05:30,0.0016620741169352964
2026-04-27 09:25:00+05:30,-0.0001751556599057265
2026-04-27 09:30:00+05:30,-0.0010986188899753872
2026-04-27 09:35:00+05:30,-4.09625062815821e-05
2026-04-27 09:40:00+05:30,0.0023915901392853544
2026-04-27 09:45:00+05:30,0.0014471203321207058
2026-04-27 09:50:00+05:30,0.00024605023375175243
2026-04-27 09:55:00+05:30,-0.00015364032892712114
2026-04-27 10:00:00+05:30,-0.0003749643405639377
2026-04-27 10:05:00+05:30,0.0002594801744907747
2026-04-27 10:10:00+05:30,-0.00025493746072723306
2026-04-27 10:15:00+05:30,0.0015381202709250598
2026-04-27 10:20:00+05:30,-0.000985835034432427
2026-04-27 10:25:00+05:30,5.671888535128006e-06
2026-04-27 10:30:00+05:30,-0.0020719345226996267
2026-04-27 10:35:00+05:30,-0.00026856058818190915
2026-04-27 10:40:00+05:30,0.0005700621484507369
2026-04-27 10:45:00+05:30,0.0008162125673447651
2026-04-27 10:50:00+05:30,0.0003964088915998292
2026-04-27 10:55:00+05:30,-0.0004407796707643615
2026-04-27 11:00:00+05:30,-0.0005470505176862732
2026-04-27 11:05:00+05:30,-0.0011572556833223085
2026-04-27 11:10:00+05:30,0.000957913344412899
2026-04-27 11:15:00+05:30,0.0006028108754236287
2026-04-27 11:20:00+05:30,-0.0005660600558420267
2026-04-27 11:25:00+05:30,-0.000939975330522784
2026-04-27 11:30:00+05:30,-0.0004855765040907684
2026-04-27 11:35:00+05:30,-0.0008061991387522569
2026-04-27 11:40:00+05:30,0.0002159619604925202
2026-04-27 11:45:00+05:30,0.0007566758343441922
2026-04-27 11:50:00+05:30,-0.00022795555870336326
2026-04-27 11:55:00+05:30,0.0010275963040865532
2026-04-27 12:00:00+05:30,-0.00019633014197194485
2026-04-27 12:05:00+05:30,0.00028437173526640294
2026-04-27 12:10:00+05:30,0.0002888961866208625
2026-04-27 12:15:00+05:30,0.0003050191807487025
2026-04-27 12:20:00+05:30,0.00013703241146831156
2026-04-27 12:25:00+05:30,0.0004063971556943783
2026-04-27 12:30:00+05:30,0.0006532715714778408
2026-04-27 12:35:00+05:30,-0.00012495660101547194
2026-04-27 12:40:00+05:30,1.141155590436266e-05
2026-04-27 12:45:00+05:30,-0.00022122184426821625
2026-04-27 12:50:00+05:30,0.0003169908110090751
2026-04-27 12:55:00+05:30,-0.00011239036497044299
2026-04-27 13:00:00+05:30,0.0004899376823893981
2026-04-27 13:05:00+05:30,0.00012020901954222727
2026-04-27 13:10:00+05:30,0.0003536305895826629
2026-04-27 13:15:00+05:30,9.355364070837e-05
2026-04-27 13:20:00+05:30,0.0003517578630188341
2026-04-27 13:25:00+05:30,0.00010993777006174683
2026-04-27 13:30:00+05:30,-7.183275671116423e-05
2026-04-27 13:35:00+05:30,-8.275645426673203e-06
2026-04-27 13:40:00+05:30,0.00011110599606902866
2026-04-27 13:45:00+05:30,-0.00013297624663314474
2026-04-27 13:50:00+05:30,9.157194965551878e-05
2026-04-27 13:55:00+05:30,2.200399601735482e-05
2026-04-27 14:00:00+05:30,-6.537200938595613e-05
2026-04-27 14:05:00+05:30,-6.79644569145815e-05
2026-04-27 14:10:00+05:30,0.0005327183821430065
2026-04-27 14:15:00+05:30,2.895523205564673e-05
2026-04-27 14:20:00+05:30,-0.0004421412041411058
2026-04-27 14:25:00+05:30,-2.102841120085595e-05
2026-04-27 14:30:00+05:30,-0.0006670655286644152
2026-04-27 14:35:00+05:30,0.0005386577570720346
2026-04-27 14:40:00+05:30,5.2294873322524924e-05
2026-04-27 14:45:00+05:30,-2.1940019582853876e-05
2026-04-27 14:50:00+05:30,0.0004999193501778962
2026-04-27 14:55:00+05:30,-0.00010529915691462479
2026-04-27 15:00:00+05:30,-0.0007341014925781202
2026-04-27 15:05:00+05:30,-0.00013558027969873265
2026-04-27 15:10:00+05:30,-3.9770362988020135e-05
2026-04-27 15:15:00+05:30,-0.0003861563471343944
2026-04-27 15:20:00+05:30,0.0005103152575529799
2026-04-27 15:25:00+05:30,0.0006570027051725841
2026-04-28 09:15:00+05:30,-0.0016269382668536725
2026-04-28 09:20:00+05:30,0.00014106556582607182
2026-04-28 09:25:00+05:30,0.00110521923349226
2026-04-28 09:30:00+05:30,-0.0004300563479277571
2026-04-28 09:35:00+05:30,-5.572530304596029e-06
2026-04-28 09:40:00+05:30,0.0010603679596634897
2026-04-28 09:45:00+05:30,-0.00029377295812381047
2026-04-28 09:50:00+05:30,-0.00017090569476584908
2026-04-28 09:55:00+05:30,0.0014904497767035747
2026-04-28 10:00:00+05:30,2.7049893478406507e-05
2026-04-28 10:05:00+05:30,0.0005548569824623291
2026-04-28 10:10:00+05:30,-0.0007039813357285471
2026-04-28 10:15:00+05:30,0.00034327180503151684
2026-04-28 10:20:00+05:30,0.00011521377117348177
2026-04-28 10:25:00+05:30,-3.089671404452482e-06
2026-04-28 10:30:00+05:30,-0.0006942574359059276
2026-04-28 10:35:00+05:30,-0.0007401265010264064
2026-04-28 10:40:00+05:30,-0.0001868205310798086
2026-04-28 10:45:00+05:30,0.0005516405388170606
2026-04-28 10:50:00+05:30,0.000519393261911942
2026-04-28 10:55:00+05:30,0.0004597175000407893
2026-04-28 11:00:00+05:30,-0.00043352179749377964
2026-04-28 11:05:00+05:30,-0.0010297175049644419
2026-04-28 11:10:00+05:30,-4.836403793819309e-06
2026-04-28 11:15:00+05:30,-0.0006299392379603682
2026-04-28 11:20:00+05:30,-0.0006633861127695274
2026-04-28 11:25:00+05:30,-0.0019854324935119363
2026-04-28 11:30:00+05:30,7.457984127110401e-07
2026-04-28 11:35:00+05:30,0.0009585980804498929
2026-04-28 11:40:00+05:30,0.00017668256489918117
2026-04-28 11:45:00+05:30,-0.0001226171417042393
2026-04-28 11:50:00+05:30,-0.00032848983167964524
2026-04-28 11:55:00+05:30,-0.0007780216788359407
2026-04-28 12:00:00+05:30,-0.0005368785115802702
2026-04-28 12:05:00+05:30,-0.00021660331779447146
2026-04-28 12:10:00+05:30,0.0003576134404767246
2026-04-28 12:15:00+05:30,-0.0003926812664419095
2026-04-28 12:20:00+05:30,-0.000741173960546667
2026-04-28 12:25:00+05:30,-0.00021428907323138788
2026-04-28 12:30:00+05:30,-0.0002920642765266858
2026-04-28 12:35:00+05:30,-3.224003758476488e-05
2026-04-28 12:40:00+05:30,0.0006661363794514833
2026-04-28 12:45:00+05:30,5.548336760117117e-05
2026-04-28 12:50:00+05:30,-0.000447178246879448
2026-04-28 12:55:00+05:30,-0.0006905744072980046
2026-04-28 13:00:00+05:30,0.00041227172626751897
2026-04-28 13:05:00+05:30,0.0005200017551283059
2026-04-28 13:10:00+05:30,-0.0002973211562523322
2026-04-28 13:15:00+05:30,0.0006136165765678939
2026-04-28 13:20:00+05:30,9.325779667785683e-05
2026-04-28 13:25:00+05:30,-0.0006574344556137549
2026-04-28 13:30:00+05:30,-0.0009225904616081941
2026-04-28 13:35:00+05:30,4.4349130487266275e-05
2026-04-28 13:40:00+05:30,0.0002160715477425199
2026-04-28 13:45:00+05:30,-0.00035085103091851043
2026-04-28 13:50:00+05:30,0.0006004721420950794
2026-04-28 13:55:00+05:30,1.5567489260453744e-05
2026-04-28 14:00:00+05:30,-0.00020475460056950347
2026-04-28 14:05:00+05:30,7.656068735553836e-05
2026-04-28 14:10:00+05:30,-0.0009058885207545485
2026-04-28 14:15:00+05:30,0.00020322116490336777
2026-04-28 14:20:00+05:30,0.00025827770630053244
2026-04-28 14:25:00+05:30,-0.0005148713700386008
2026-04-28 14:30:00+05:30,0.0004837555351514708
2026-04-28 14:35:00+05:30,0.0004532309991707582
2026-04-28 14:40:00+05:30,-0.0003762273379165115
2026-04-28 14:45:00+05:30,0.00015325838725472067
2026-04-28 14:50:00+05:30,0.00017000662895309167
2026-04-28 14:55:00+05:30,-0.00016214356798221737
2026-04-28 15:00:00+05:30,-0.0012244495205566697
2026-04-28 15:05:00+05:30,-0.0006846001159142432
2026-04-28 15:10:00+05:30,-0.00013858717846045105
2026-04-28 15:15:00+05:30,-0.0005847775089641411
2026-04-28 15:20:00+05:30,0.0001606269135243234
2026-04-28 15:25:00+05:30,0.0014560456994674278
2026-04-29 09:15:00+05:30,0.004422337767544006
2026-04-29 09:20:00+05:30,0.0001275886181776729
2026-04-29 09:25:00+05:30,0.0009379144632725565
2026-04-29 09:30:00+05:30,-0.0004913838793665242
2026-04-29 09:35:00+05:30,0.0009906224416834817
2026-04-29 09:40:00+05:30,0.0016931404615931431
2026-04-29 09:45:00+05:30,0.0011090366170645066
2026-04-29 09:50:00+05:30,0.0006079031378980705
2026-04-29 09:55:00+05:30,-0.0004481023675514278
2026-04-29 10:00:00+05:30,0.0008868742185914661
2026-04-29 10:05:00+05:30,0.00039291315782647763
2026-04-29 10:10:00+05:30,0.0009614966048131326
2026-04-29 10:15:00+05:30,0.0005144908581677347
2026-04-29 10:20:00+05:30,0.0010120227251353537
2026-04-29 10:25:00+05:30,0.0005568964793468046
2026-04-29 10:30:00+05:30,-0.0003924703515848446
2026-04-29 10:35:00+05:30,-0.00035187356638808227
2026-04-29 10:40:00+05:30,-0.00039411600536505624
2026-04-29 10:45:00+05:30,-6.531275181138374e-05
2026-04-29 10:50:00+05:30,0.0004710322451440336
2026-04-29 10:55:00+05:30,0.0005532407313797449
2026-04-29 11:00:00+05:30,-0.00034610428626780684
2026-04-29 11:05:00+05:30,0.0008987226240143995
2026-04-29 11:10:00+05:30,-0.000344748008845401
2026-04-29 11:15:00+05:30,-0.0007621454447193322
2026-04-29 11:20:00+05:30,-5.3067130835123645e-05
2026-04-29 11:25:00+05:30,-0.00041458358102795437
2026-04-29 11:30:00+05:30,0.0005795740534219636
2026-04-29 11:35:00+05:30,-0.00016944344571941764
2026-04-29 11:40:00+05:30,-7.435053150173816e-05
2026-04-29 11:45:00+05:30,-0.0002864613157338436
2026-04-29 11:50:00+05:30,6.0958620707984856e-05
2026-04-29 11:55:00+05:30,0.00020956588435506215
2026-04-29 12:00:00+05:30,-0.00023667170205495628
2026-04-29 12:05:00+05:30,0.0003213068601916058
2026-04-29 12:10:00+05:30,0.0005714386822850882
2026-04-29 12:15:00+05:30,0.0003782191449843065
2026-04-29 12:20:00+05:30,0.00038084953290893226
2026-04-29 12:25:00+05:30,-0.00010567797016214937
2026-04-29 12:30:00+05:30,0.0004867935009569221
2026-04-29 12:35:00+05:30,0.00011850394871361723
2026-04-29 12:40:00+05:30,-0.00010097016226139286
2026-04-29 12:45:00+05:30,0.00010821435776340784
2026-04-29 12:50:00+05:30,-0.00018289712216301712
2026-04-29 12:55:00+05:30,0.00010200156515882102
2026-04-29 13:00:00+05:30,1.1363626981292521e-05
2026-04-29 13:05:00+05:30,0.00017709269833481546
2026-04-29 13:10:00+05:30,-8.687922371877328e-05
2026-04-29 13:15:00+05:30,0.00017136785153032115
2026-04-29 13:20:00+05:30,-0.00020671300276581554
2026-04-29 13:25:00+05:30,-0.00020507436948719913
2026-04-29 13:30:00+05:30,0.00012352567923014149
2026-04-29 13:35:00+05:30,-0.0008373006024876853
2026-04-29 13:40:00+05:30,-0.00052701206795569
2026-04-29 13:45:00+05:30,-0.00023772983653478236
2026-04-29 13:50:00+05:30,0.00026423967379376583
2026-04-29 13:55:00+05:30,-0.0005727077057136569
2026-04-29 14:00:00+05:30,-0.002276668722849496
2026-04-29 14:05:00+05:30,0.0004096289005847365
2026-04-29 14:10:00+05:30,9.912769759064901e-05
2026-04-29 14:15:00+05:30,-0.0006962077675779323
2026-04-29 14:20:00+05:30,0.0009288164000867843
2026-04-29 14:25:00+05:30,-0.0008755132546464504
2026-04-29 14:30:00+05:30,0.0007932664409770035
2026-04-29 14:35:00+05:30,-0.00026603107055769994
2026-04-29 14:40:00+05:30,0.001200384919992765
2026-04-29 14:45:00+05:30,-0.0006302653181493005
2026-04-29 14:50:00+05:30,6.157654204784699e-05
2026-04-29 14:55:00+05:30,-0.00087492639331163
2026-04-29 15:00:00+05:30,0.0001427466147560128
2026-04-29 15:05:00+05:30,0.0003101634406911305
2026-04-29 15:10:00+05:30,-0.001142585369255366
2026-04-29 15:15:00+05:30,-0.0007049831669730301
2026-04-29 15:20:00+05:30,-8.98685844065804e-06
2026-04-29 15:25:00+05:30,0.00017184944588294045
2026-04-30 09:15:00+05:30,-0.00858224424670557
2026-04-30 09:20:00+05:30,-0.0025807221511666176
2026-04-30 09:25:00+05:30,-0.0005376489137800709
2026-04-30 09:30:00+05:30,0.00254858914467286
2026-04-30 09:35:00+05:30,-0.0003191732509573339
2026-04-30 09:40:00+05:30,0.0014440181464069745
2026-04-30 09:45:00+05:30,-0.0005441676177152346
2026-04-30 09:50:00+05:30,-0.0006020761430887554
2026-04-30 09:55:00+05:30,-0.0006062661855553825
2026-04-30 10:00:00+05:30,-0.0011426131602316231
2026-04-30 10:05:00+05:30,2.061776794673015e-06
2026-04-30 10:10:00+05:30,-0.0001809277073727221
2026-04-30 10:15:00+05:30,0.0003233773391808695
2026-04-30 10:20:00+05:30,-0.0008056054618009442
2026-04-30 10:25:00+05:30,-5.240655672311689e-06
2026-04-30 10:30:00+05:30,-8.663193600295427e-05
2026-04-30 10:35:00+05:30,0.0009893245106993357
2026-04-30 10:40:00+05:30,-1.0377735479668407e-05
2026-04-30 10:45:00+05:30,-0.0010582617123041122
2026-04-30 10:50:00+05:30,-0.00022285655870051503
2026-04-30 10:55:00+05:30,0.00013905972417517875
2026-04-30 11:00:00+05:30,7.351538551227475e-05
2026-04-30 11:05:00+05:30,0.0006134270618520144
2026-04-30 11:10:00+05:30,-0.0009241819267463702
2026-04-30 11:15:00+05:30,0.00027796060528560923
2026-04-30 11:20:00+05:30,-0.00029126408321384094
2026-04-30 11:25:00+05:30,0.000738192023709996
2026-04-30 11:30:00+05:30,0.0004387290501771317
2026-04-30 11:35:00+05:30,0.0002304844827298401
2026-04-30 11:40:00+05:30,-0.0003497033309965454
2026-04-30 11:45:00+05:30,0.00041632979773534453
2026-04-30 11:50:00+05:30,-0.0004011419874302015
2026-04-30 11:55:00+05:30,0.00019874705321651804
2026-04-30 12:00:00+05:30,0.0002072738838349604
2026-04-30 12:05:00+05:30,0.0007307555614082776
2026-04-30 12:10:00+05:30,0.0010068870365194573
2026-04-30 12:15:00+05:30,-0.00076683656065872
2026-04-30 12:20:00+05:30,0.001343970562217648
2026-04-30 12:25:00+05:30,0.00012664407271557074
2026-04-30 12:30:00+05:30,0.0005590934155333726
2026-04-30 12:35:00+05:30,-0.00032876346925066847
2026-04-30 12:40:00+05:30,0.0005985984114305591
2026-04-30 12:45:00+05:30,0.00038604149071388543
2026-04-30 12:50:00+05:30,0.00014598656346945967
2026-04-30 12:55:00+05:30,0.0003975109189063911
2026-04-30 13:00:00+05:30,-0.0003050517105982417
2026-04-30 13:05:00+05:30,0.0005450380792523948
2026-04-30 13:10:00+05:30,0.0004947365340311746
2026-04-30 13:15:00+05:30,-0.0004434045748313853
2026-04-30 13:20:00+05:30,0.0009861222431334184
2026-04-30 13:25:00+05:30,0.0002863642668651888
2026-04-30 13:30:00+05:30,0.0002743705160741283
2026-04-30 13:35:00+05:30,8.549475077289006e-05
2026-04-30 13:40:00+05:30,0.0020660506302921876
2026-04-30 13:45:00+05:30,0.00039163554381619513
2026-04-30 13:50:00+05:30,0.0003693736976125149
2026-04-30 13:55:00+05:30,0.0006824741153124382
2026-04-30 14:00:00+05:30,-0.00026396452586693143
2026-04-30 14:05:00+05:30,-0.00014240035637135798
2026-04-30 14:10:00+05:30,-0.0009871858753800478
2026-04-30 14:15:00+05:30,-0.001138885432093956
2026-04-30 14:20:00+05:30,0.0005919370294742023
2026-04-30 14:25:00+05:30,-0.0001855681127701397
2026-04-30 14:30:00+05:30,0.0011099838558641267
2026-04-30 14:35:00+05:30,0.0008353472200078052
2026-04-30 14:40:00+05:30,0.00042351455863973007
2026-04-30 14:45:00+05:30,-0.0015045061649045831
2026-04-30 14:50:00+05:30,-0.0005249671596774954
2026-04-30 14:55:00+05:30,0.001399718467947006
2026-04-30 15:00:00+05:30,-0.0020019209969684747
2026-04-30 15:05:00+05:30,-0.0013015689823647231
2026-04-30 15:10:00+05:30,0.0006938407654189721
2026-04-30 15:15:00+05:30,0.0006934205073307126
2026-04-30 15:20:00+05:30,0.00039968151532962954
2026-04-30 15:25:00+05:30,0.0012662287520098557
2026-05-04 09:15:00+05:30,0.0037792077439872587
2026-05-04 09:20:00+05:30,0.0006866212037015014
2026-05-04 09:25:00+05:30,0.0015893038458605346
2026-05-04 09:30:00+05:30,0.00041702337030259445
2026-05-04 09:35:00+05:30,0.0017372532232346385
2026-05-04 09:40:00+05:30,0.00040011857838514873
2026-05-04 09:45:00+05:30,-0.0007662111126036068
2026-05-04 09:50:00+05:30,-0.0014797568367715425
2026-05-04 09:55:00+05:30,0.0002824091206944087
2026-05-04 10:00:00+05:30,-0.0010595278585430014
2026-05-04 10:05:00+05:30,-0.0002956731952088279
2026-05-04 10:10:00+05:30,-0.0019984065133385027
2026-05-04 10:15:00+05:30,-0.00022438083117588313
2026-05-04 10:20:00+05:30,-0.00106846169693411
2026-05-04 10:25:00+05:30,0.0015725952029862489
2026-05-04 10:30:00+05:30,-0.0004315337608325797
2026-05-04 10:35:00+05:30,0.0009633950488363633
2026-05-04 10:40:00+05:30,6.471499647909887e-05
2026-05-04 10:45:00+05:30,0.0003415917251533796
2026-05-04 10:50:00+05:30,-0.00044426872127321574
2026-05-04 10:55:00+05:30,-0.0013104466126688983
2026-05-04 11:00:00+05:30,0.00032023785983067255
2026-05-04 11:05:00+05:30,1.7961726909341747e-05
2026-05-04 11:10:00+05:30,0.0009709681675802848
2026-05-04 11:15:00+05:30,-8.082895143839068e-05
2026-05-04 11:20:00+05:30,-8.68566555130597e-05
2026-05-04 11:25:00+05:30,3.7846101979018075e-05
2026-05-04 11:30:00+05:30,-0.0005046541787316427
2026-05-04 11:35:00+05:30,0.00011991890439399493
2026-05-04 11:40:00+05:30,-0.00038704933259096837
2026-05-04 11:45:00+05:30,0.0004387055825366342
2026-05-04 11:50:00+05:30,-0.0007009289323173707
2026-05-04 11:55:00+05:30,-0.00010120866772818444
2026-05-04 12:00:00+05:30,-0.00041652712434549574
2026-05-04 12:05:00+05:30,-0.0004813823543814199
2026-05-04 12:10:00+05:30,-0.00308891058287008
2026-05-04 12:15:00+05:30,0.0010970043738834164
2026-05-04 12:20:00+05:30,-0.00034825112680654015
2026-05-04 12:25:00+05:30,-0.0001509544386275246
2026-05-04 12:30:00+05:30,-0.0008475093347798332
2026-05-04 12:35:00+05:30,0.0005439490492594968
2026-05-04 12:40:00+05:30,-0.0012662496094660507
2026-05-04 12:45:00+05:30,-0.00012765663248050596
2026-05-04 12:50:00+05:30,0.00016726808828203485
2026-05-04 12:55:00+05:30,-9.100479735004836e-05
2026-05-04 13:00:00+05:30,-2.3992474507736194e-05
2026-05-04 13:05:00+05:30,0.00041927809976329363
2026-05-04 13:10:00+05:30,-6.98977315498792e-05
2026-05-04 13:15:00+05:30,-0.00026453583365613093
2026-05-04 13:20:00+05:30,-0.0009961994717856532
2026-05-04 13:25:00+05:30,-0.0014564590410470174
2026-05-04 13:30:00+05:30,-0.0005777631629152458
2026-05-04 13:35:00+05:30,0.0007158017497767712
2026-05-04 13:40:00+05:30,0.0015690887269623286
2026-05-04 13:45:00+05:30,0.0007414384992911851
2026-05-04 13:50:00+05:30,-0.0002738772923936983
2026-05-04 13:55:00+05:30,-0.0004994366536252672
2026-05-04 14:00:00+05:30,1.535720354099055e-05
2026-05-04 14:05:00+05:30,0.00032252984725919385
2026-05-04 14:10:00+05:30,0.0008401436825639097
2026-05-04 14:15:00+05:30,0.0010377122178697228
2026-05-04 14:20:00+05:30,-0.0003790895490827813
2026-05-04 14:25:00+05:30,-0.00036127356567015515
2026-05-04 14:30:00+05:30,-0.0003938161879425417
2026-05-04 14:35:00+05:30,0.00021530928864341598
2026-05-04 14:40:00+05:30,-0.000566548625175245
2026-05-04 14:45:00+05:30,-0.0005643050374144184
2026-05-04 14:50:00+05:30,0.0003071807495338419
2026-05-04 14:55:00+05:30,-0.0003918401742055243
2026-05-04 15:00:00+05:30,0.0004592700766643824
2026-05-04 15:05:00+05:30,0.0007509461884600204
2026-05-04 15:10:00+05:30,9.182566948232782e-05
2026-05-04 15:15:00+05:30,-4.7883486351318894e-05
2026-05-04 15:20:00+05:30,-0.0005788994851900588
2026-05-04 15:25:00+05:30,0.0005135531267932892
2026-05-05 09:15:00+05:30,-0.002326215377375838
2026-05-05 09:20:00+05:30,-0.0014687742949971614
2026-05-05 09:25:00+05:30,-0.0015214090452242716
2026-05-05 09:30:00+05:30,0.0016535282380870946
2026-05-05 09:35:00+05:30,-0.0007526461629277474
2026-05-05 09:40:00+05:30,-0.00033271911155643546
2026-05-05 09:45:00+05:30,0.0009638511290746291
2026-05-05 09:50:00+05:30,0.0007407854935059507
2026-05-05 09:55:00+05:30,-0.00018941813952982596
2026-05-05 10:00:00+05:30,-0.0011902927413609953
2026-05-05 10:05:00+05:30,-0.000913466496569917
2026-05-05 10:10:00+05:30,-0.00024873731906136393
2026-05-05 10:15:00+05:30,0.0002311881272439046
2026-05-05 10:20:00+05:30,-0.0004621553075407961
2026-05-05 10:25:00+05:30,-0.0007617070367336048
2026-05-05 10:30:00+05:30,5.3604217751328156e-05
2026-05-05 10:35:00+05:30,2.193037588802872e-05
2026-05-05 10:40:00+05:30,5.787550238938996e-07
2026-05-05 10:45:00+05:30,0.0004183152813742655
2026-05-05 10:50:00+05:30,-0.00040011039001651644
2026-05-05 10:55:00+05:30,9.401105495728637e-05
2026-05-05 11:00:00+05:30,0.0012355859720934535
2026-05-05 11:05:00+05:30,-0.0007227429694087448
2026-05-05 11:10:00+05:30,0.00039784913889394586
2026-05-05 11:15:00+05:30,-0.0002755242059815366
2026-05-05 11:20:00+05:30,-0.00011357820316834486
2026-05-05 11:25:00+05:30,2.1417026289041302e-05
2026-05-05 11:30:00+05:30,0.0005043287106090846
2026-05-05 11:35:00+05:30,-0.0003296508698879804
2026-05-05 11:40:00+05:30,-0.0011951943255412594
2026-05-05 11:45:00+05:30,-0.00036800001235900846
2026-05-05 11:50:00+05:30,-0.0006403881345825532
2026-05-05 11:55:00+05:30,-0.00014162379532677819
2026-05-05 12:00:00+05:30,0.0004546493361052664
2026-05-05 12:05:00+05:30,0.0006210732254331324
2026-05-05 12:10:00+05:30,0.001009259880327687
2026-05-05 12:15:00+05:30,0.00014448466137581404
2026-05-05 12:20:00+05:30,0.0006890630680841859
2026-05-05 12:25:00+05:30,-0.0008125701463326953
2026-05-05 12:30:00+05:30,0.0004632886671000217
2026-05-05 12:35:00+05:30,0.0005813970000137065
2026-05-05 12:40:00+05:30,-0.0004769321827472239
2026-05-05 12:45:00+05:30,0.0006106875067639803
2026-05-05 12:50:00+05:30,7.451981336605383e-05
2026-05-05 12:55:00+05:30,0.0013017380818312752
2026-05-05 13:00:00+05:30,0.00022944311450495399
2026-05-05 13:05:00+05:30,0.0023361334097606002
2026-05-05 13:10:00+05:30,-0.00018843449905804976
2026-05-05 13:15:00+05:30,-0.000811116268882189
2026-05-05 13:20:00+05:30,-0.00040613610932318053
2026-05-05 13:25:00+05:30,3.216739159438957e-05
2026-05-05 13:30:00+05:30,-0.0008396926507435497
2026-05-05 13:35:00+05:30,0.0005299756588546563
2026-05-05 13:40:00+05:30,0.0004649437681685476
2026-05-05 13:45:00+05:30,-9.151749636158637e-05
2026-05-05 13:50:00+05:30,-0.00037739912099704327
2026-05-05 13:55:00+05:30,0.00013749957759587756
2026-05-05 14:00:00+05:30,-0.00046309409751914206
2026-05-05 14:05:00+05:30,-0.000713386143362512
2026-05-05 14:10:00+05:30,-5.0571306288639905e-05
2026-05-05 14:15:00+05:30,0.0007083775972281877
2026-05-05 14:20:00+05:30,0.00010788954016014897
2026-05-05 14:25:00+05:30,0.0009841894481477508
2026-05-05 14:30:00+05:30,-0.0008037545912208049
2026-05-05 14:35:00+05:30,-3.588796711605443e-05
2026-05-05 14:40:00+05:30,0.0002855770823199158
2026-05-05 14:45:00+05:30,-0.0006975877844268329
2026-05-05 14:50:00+05:30,-0.000151360163190056
2026-05-05 14:55:00+05:30,-0.0003657523809955829
2026-05-05 15:00:00+05:30,0.00017580067692366997
2026-05-05 15:05:00+05:30,0.0008484433057312414
2026-05-05 15:10:00+05:30,0.00022639707798983487
2026-05-05 15:15:00+05:30,0.0003260390207588013
2026-05-05 15:20:00+05:30,-0.0005490595464935647
2026-05-05 15:25:00+05:30,0.00039760561911022184
2026-05-06 09:15:00+05:30,0.005598239346477612
2026-05-06 09:20:00+05:30,0.0007183076292370396
2026-05-06 09:25:00+05:30,-0.0005346237558157114
2026-05-06 09:30:00+05:30,-0.0006028038210576952
2026-05-06 09:35:00+05:30,-7.752728347612099e-05
2026-05-06 09:40:00+05:30,-0.0006165181130976615
2026-05-06 09:45:00+05:30,3.7698808727036847e-05
2026-05-06 09:50:00+05:30,0.00039183912533244234
2026-05-06 09:55:00+05:30,-0.00031737226333062923
2026-05-06 10:00:00+05:30,-0.0009045167114984581
2026-05-06 10:05:00+05:30,6.510800759546897e-06
2026-05-06 10:10:00+05:30,0.0011766254497939986
2026-05-06 10:15:00+05:30,8.798543786020811e-05
2026-05-06 10:20:00+05:30,-4.603359679041621e-06
2026-05-06 10:25:00+05:30,-0.0003783365869498275
2026-05-06 10:30:00+05:30,-0.00031460695622082273
2026-05-06 10:35:00+05:30,-0.00019295777541973957
2026-05-06 10:40:00+05:30,0.0005543184831857964
2026-05-06 10:45:00+05:30,-0.0005276704183138373
2026-05-06 10:50:00+05:30,-0.0016336307129221131
2026-05-06 10:55:00+05:30,0.00020439564473036316
2026-05-06 11:00:00+05:30,-0.0009116034357503633
2026-05-06 11:05:00+05:30,0.000691582192543394
2026-05-06 11:10:00+05:30,-0.00025446696093106276
2026-05-06 11:15:00+05:30,7.57986212287217e-05
2026-05-06 11:20:00+05:30,0.0001451334644387964
2026-05-06 11:25:00+05:30,0.0008179036630057789
2026-05-06 11:30:00+05:30,-0.00022593236683451194
2026-05-06 11:35:00+05:30,-0.001114103226158914
2026-05-06 11:40:00+05:30,0.0005827798635947787
2026-05-06 11:45:00+05:30,0.0003914085043772559
2026-05-06 11:50:00+05:30,0.00027239746476638354
2026-05-06 11:55:00+05:30,-0.00034729311714317524
2026-05-06 12:00:00+05:30,-0.0004420311394401735
2026-05-06 12:05:00+05:30,-0.000475257248697429
2026-05-06 12:10:00+05:30,-0.00016019033075763045
2026-05-06 12:15:00+05:30,-0.00026091670993161635
2026-05-06 12:20:00+05:30,-0.0012596452906377354
2026-05-06 12:25:00+05:30,0.00043519833032436067
2026-05-06 12:30:00+05:30,-0.00048399094068678135
2026-05-06 12:35:00+05:30,-0.00037424156883615975
2026-05-06 12:40:00+05:30,-0.0004498767290615403
2026-05-06 12:45:00+05:30,-0.0003104432448421372
2026-05-06 12:50:00+05:30,-8.075517614482055e-05
2026-05-06 12:55:00+05:30,0.00023389563604025413
2026-05-06 13:00:00+05:30,-0.0009148644392518753
2026-05-06 13:05:00+05:30,0.0015078503604319948
2026-05-06 13:10:00+05:30,9.241497492689333e-05
2026-05-06 13:15:00+05:30,0.0008687684895569994
2026-05-06 13:20:00+05:30,0.0007401183888752508
2026-05-06 13:25:00+05:30,-0.00012373171496578368
2026-05-06 13:30:00+05:30,0.00027001541143493356
2026-05-06 13:35:00+05:30,0.0005962682665119463
2026-05-06 13:40:00+05:30,-0.00023287386186383362
2026-05-06 13:45:00+05:30,0.0002542111259270449
2026-05-06 13:50:00+05:30,0.00045351689026754274
2026-05-06 13:55:00+05:30,-0.0005610136450662743
2026-05-06 14:00:00+05:30,0.00012624894998962337
2026-05-06 14:05:00+05:30,-0.00013206404339793335
2026-05-06 14:10:00+05:30,0.0008172237042974873
2026-05-06 14:15:00+05:30,0.00025216473805803784
2026-05-06 14:20:00+05:30,0.004513799014667075
2026-05-06 14:25:00+05:30,0.002433623708931006
2026-05-06 14:30:00+05:30,0.00016691050966461716
2026-05-06 14:35:00+05:30,-0.00015816524253907613
2026-05-06 14:40:00+05:30,0.0010685358144555343
2026-05-06 14:45:00+05:30,0.0007870538748424641
2026-05-06 14:50:00+05:30,-0.0005201873251799
2026-05-06 14:55:00+05:30,0.0006569236545000791
2026-05-06 15:00:00+05:30,-0.00010962237431683412
2026-05-06 15:05:00+05:30,-0.0010182844933179663
2026-05-06 15:10:00+05:30,0.00030197152834350084
2026-05-06 15:15:00+05:30,0.0006780740743227197
2026-05-06 15:20:00+05:30,0.00035113068117197913
2026-05-06 15:25:00+05:30,0.0007417255957118104
2026-05-07 09:15:00+05:30,-0.001166201580243194
2026-05-07 09:20:00+05:30,0.0004025699616905652
2026-05-07 09:25:00+05:30,-0.0003992090973439339
2026-05-07 09:30:00+05:30,0.000757271570227185
2026-05-07 09:35:00+05:30,0.0004913887987818029
2026-05-07 09:40:00+05:30,0.0015272911791940464
2026-05-07 09:45:00+05:30,-0.0015714630808658706
2026-05-07 09:50:00+05:30,-0.00040351492287079394
2026-05-07 09:55:00+05:30,0.00047196029058384
2026-05-07 10:00:00+05:30,0.0013416114010862984
2026-05-07 10:05:00+05:30,-0.0015542857900133415
2026-05-07 10:10:00+05:30,-0.000337743645560139
2026-05-07 10:15:00+05:30,0.00048815032971853033
2026-05-07 10:20:00+05:30,8.182186819457418e-06
2026-05-07 10:25:00+05:30,5.857222855094952e-05
2026-05-07 10:30:00+05:30,0.00025709054899603653
2026-05-07 10:35:00+05:30,6.093672903147236e-05
2026-05-07 10:40:00+05:30,0.00029492573846338254
2026-05-07 10:45:00+05:30,-0.00019379689682940069
2026-05-07 10:50:00+05:30,-0.00034176209642635796
2026-05-07 10:55:00+05:30,-0.00030516375421315987
2026-05-07 11:00:00+05:30,-0.00023196120415827783
2026-05-07 11:05:00+05:30,-0.0005611530555223366
2026-05-07 11:10:00+05:30,-9.834983709213295e-05
2026-05-07 11:15:00+05:30,-4.3363394431742596e-05
2026-05-07 11:20:00+05:30,-0.0002711787081044645
2026-05-07 11:25:00+05:30,-0.0002718237792806707
2026-05-07 11:30:00+05:30,0.0006477513843500377
2026-05-07 11:35:00+05:30,-0.0004540968695114193
2026-05-07 11:40:00+05:30,-0.0008709304986310086
2026-05-07 11:45:00+05:30,0.0006222858529252248
2026-05-07 11:50:00+05:30,0.00046977342978041383
2026-05-07 11:55:00+05:30,0.0006836227368480657
2026-05-07 12:00:00+05:30,0.0007423059183688972
2026-05-07 12:05:00+05:30,0.00012678235601123875
2026-05-07 12:10:00+05:30,0.00012031728593074828
2026-05-07 12:15:00+05:30,0.0001027552021454974
2026-05-07 12:20:00+05:30,0.00032610047239820997
2026-05-07 12:25:00+05:30,-0.000736592698924314
2026-05-07 12:30:00+05:30,-0.0005251060551409536
2026-05-07 12:35:00+05:30,0.0037390576833858527
2026-05-07 12:40:00+05:30,0.0013147858156212194
2026-05-07 12:45:00+05:30,-0.0007292257383968028
2026-05-07 12:50:00+05:30,-0.0013760905649981238
2026-05-07 12:55:00+05:30,-0.0007818495125168138
2026-05-07 13:00:00+05:30,0.000665593176940266
2026-05-07 13:05:00+05:30,6.426455105808906e-05
2026-05-07 13:10:00+05:30,-0.0005090561099440178
2026-05-07 13:15:00+05:30,-0.0014237650968315844
2026-05-07 13:20:00+05:30,-0.00030125571784293744
2026-05-07 13:25:00+05:30,0.00034878754683055407
2026-05-07 13:30:00+05:30,0.0002181479507159406
2026-05-07 13:35:00+05:30,-0.0009902047975805079
2026-05-07 13:40:00+05:30,0.0006196539965250065
2026-05-07 13:45:00+05:30,0.000326598582343296
2026-05-07 13:50:00+05:30,0.00028581323457346324
2026-05-07 13:55:00+05:30,-3.8127806906964134e-05
2026-05-07 14:00:00+05:30,-0.0007800681240126561
2026-05-07 14:05:00+05:30,0.0005943718282878097
2026-05-07 14:10:00+05:30,-0.0001748164742844642
2026-05-07 14:15:00+05:30,-0.0008763370637632743
2026-05-07 14:20:00+05:30,0.0007687368453959354
2026-05-07 14:25:00+05:30,0.0004551293532397284
2026-05-07 14:30:00+05:30,-0.00023611661547954418
2026-05-07 14:35:00+05:30,-0.0005331315326067594
2026-05-07 14:40:00+05:30,-0.0006049932056094136
2026-05-07 14:45:00+05:30,-0.0004713327177552585
2026-05-07 14:50:00+05:30,0.0008056427308703128
2026-05-07 14:55:00+05:30,0.00020316632764043257
2026-05-07 15:00:00+05:30,-0.0008545711909730501
2026-05-07 15:05:00+05:30,-0.000974681704788468
2026-05-07 15:10:00+05:30,-0.0002490296143677789
2026-05-07 15:15:00+05:30,0.0009517776094987688
2026-05-07 15:20:00+05:30,-0.0003511213038379295
2026-05-07 15:25:00+05:30,0.0005738153945476119
2026-05-08 09:15:00+05:30,-0.004247153291877853
2026-05-08 09:20:00+05:30,-0.00011750537450134535
2026-05-08 09:25:00+05:30,0.001520982096401163
2026-05-08 09:30:00+05:30,-0.001460590970755682
2026-05-08 09:35:00+05:30,-0.00011590801651760682
2026-05-08 09:40:00+05:30,-0.0010751202070381318
2026-05-08 09:45:00+05:30,5.4415077060037354e-05
2026-05-08 09:50:00+05:30,0.00044521258761329613
2026-05-08 09:55:00+05:30,0.0005315538636370658
2026-05-08 10:00:00+05:30,-0.00033080366604589325
2026-05-08 10:05:00+05:30,-1.514217272656712e-06
2026-05-08 10:10:00+05:30,0.0003832084525243868
2026-05-08 10:15:00+05:30,-0.00015444769206254377
2026-05-08 10:20:00+05:30,0.0012281082361530998
2026-05-08 10:25:00+05:30,0.00018770746685307853
2026-05-08 10:30:00+05:30,-1.1832928419500268e-05
2026-05-08 10:35:00+05:30,-9.972094863552299e-05
2026-05-08 10:40:00+05:30,0.0001212692965423315
2026-05-08 10:45:00+05:30,-0.00032757760670487635
2026-05-08 10:50:00+05:30,-0.0006635843990293132
2026-05-08 10:55:00+05:30,-0.0001617198900577368
2026-05-08 11:00:00+05:30,0.0009893560369684338
2026-05-08 11:05:00+05:30,0.0001984067749915757
2026-05-08 11:10:00+05:30,0.00038598860439623275
2026-05-08 11:15:00+05:30,-0.0006335125462575828
2026-05-08 11:20:00+05:30,-0.0003106804422538026
2026-05-08 11:25:00+05:30,-6.071556173487857e-05
2026-05-08 11:30:00+05:30,0.00047177709363566134
2026-05-08 11:35:00+05:30,5.195645343965345e-05
2026-05-08 11:40:00+05:30,-0.00024243696607557417
2026-05-08 11:45:00+05:30,-2.393547854715344e-05
2026-05-08 11:50:00+05:30,9.493485588287307e-05
2026-05-08 11:55:00+05:30,1.4944032367639923e-05
2026-05-08 12:00:00+05:30,5.231525640184289e-05
2026-05-08 12:05:00+05:30,-0.0010079547597644804
2026-05-08 12:10:00+05:30,0.0002499530050453429
2026-05-08 12:15:00+05:30,-5.102383448426331e-05
2026-05-08 12:20:00+05:30,-1.1853011086076767e-05
2026-05-08 12:25:00+05:30,0.000455413655927033
2026-05-08 12:30:00+05:30,-0.0006561976647676314
2026-05-08 12:35:00+05:30,-0.00022458958779430756
2026-05-08 12:40:00+05:30,-0.0004121533198486212
2026-05-08 12:45:00+05:30,-3.596277415182501e-05
2026-05-08 12:50:00+05:30,-8.536527750994292e-05
2026-05-08 12:55:00+05:30,-4.474237223541905e-06
2026-05-08 13:00:00+05:30,-0.00028221772253557794
2026-05-08 13:05:00+05:30,0.0007267223581475772
2026-05-08 13:10:00+05:30,-0.00024053962921751596
2026-05-08 13:15:00+05:30,-0.0001966211474022533
2026-05-08 13:20:00+05:30,0.00014868222910316566
2026-05-08 13:25:00+05:30,0.001242349602900904
2026-05-08 13:30:00+05:30,-0.00043684061878240517
2026-05-08 13:35:00+05:30,-0.0006524006288014528
2026-05-08 13:40:00+05:30,-2.2628172490762583e-05
2026-05-08 13:45:00+05:30,-4.712420280314927e-05
2026-05-08 13:50:00+05:30,-0.0001402930659194618
2026-05-08 13:55:00+05:30,-0.0021058749500406006
2026-05-08 14:00:00+05:30,-0.00032173907236045024
2026-05-08 14:05:00+05:30,0.0010634196269787917
2026-05-08 14:10:00+05:30,-0.0015258756623752056
2026-05-08 14:15:00+05:30,-7.246671858718301e-05
2026-05-08 14:20:00+05:30,1.9780062500935658e-05
2026-05-08 14:25:00+05:30,0.0008312218444310387
2026-05-08 14:30:00+05:30,0.0009435579537034538
2026-05-08 14:35:00+05:30,0.0010403619402419764
2026-05-08 14:40:00+05:30,0.00035252813398342484
2026-05-08 14:45:00+05:30,-2.2627064537413633e-05
2026-05-08 14:50:00+05:30,-7.684791112559872e-05
2026-05-08 14:55:00+05:30,-0.0006933561231079232
2026-05-08 15:00:00+05:30,-0.001404286259779736
2026-05-08 15:05:00+05:30,0.0002900493789264865
2026-05-08 15:10:00+05:30,2.6899293718650097e-05
2026-05-08 15:15:00+05:30,-0.00022933028917773273
2026-05-08 15:20:00+05:30,-0.0004349080913997415
2026-05-08 15:25:00+05:30,0.00046050958586104463
2026-05-11 09:15:00+05:30,-0.009507645798156631
2026-05-11 09:20:00+05:30,0.0011410677594176676
2026-05-11 09:25:00+05:30,0.00040711336246287245
2026-05-11 09:30:00+05:30,-0.0009931179142976692
2026-05-11 09:35:00+05:30,-0.0020291696978834354
2026-05-11 09:40:00+05:30,-0.0006533636000360826
2026-05-11 09:45:00+05:30,0.000977047140644534
2026-05-11 09:50:00+05:30,0.0004897702303535233
2026-05-11 09:55:00+05:30,-0.0009048866768604181
2026-05-11 10:00:00+05:30,0.0006917474679471253
2026-05-11 10:05:00+05:30,0.0005792917828296542
2026-05-11 10:10:00+05:30,-0.00021406850715794721
2026-05-11 10:15:00+05:30,-0.0015604634538327084
2026-05-11 10:20:00+05:30,0.0010905682686318998
2026-05-11 10:25:00+05:30,-0.00015710567329174055
2026-05-11 10:30:00+05:30,0.00020481908917229465
2026-05-11 10:35:00+05:30,-0.0004662919631958143
2026-05-11 10:40:00+05:30,7.243775756129562e-05
2026-05-11 10:45:00+05:30,-0.0001135625741447783
2026-05-11 10:50:00+05:30,0.0013080939131883947
2026-05-11 10:55:00+05:30,0.00014944772899831046
2026-05-11 11:00:00+05:30,0.0005986848810907748
2026-05-11 11:05:00+05:30,0.0004522990981839941
2026-05-11 11:10:00+05:30,0.0002179159396368024
2026-05-11 11:15:00+05:30,-0.00018065869341945073
2026-05-11 11:20:00+05:30,0.00017456173310062111
2026-05-11 11:25:00+05:30,9.592294705974616e-05
2026-05-11 11:30:00+05:30,-0.0001790728703957286
2026-05-11 11:35:00+05:30,0.0004851463179174824
2026-05-11 11:40:00+05:30,0.0006818942931549055
2026-05-11 11:45:00+05:30,-0.0009337986823844007
2026-05-11 11:50:00+05:30,0.0003754166479590312
2026-05-11 11:55:00+05:30,-0.00019377534370425642
2026-05-11 12:00:00+05:30,-0.00012638978030520218
2026-05-11 12:05:00+05:30,0.0005266135444755147
2026-05-11 12:10:00+05:30,-0.0004826816363157305
2026-05-11 12:15:00+05:30,0.00012757376896686457
2026-05-11 12:20:00+05:30,0.0002027098235161293
2026-05-11 12:25:00+05:30,-0.00039324372608346163
2026-05-11 12:30:00+05:30,-0.0001655390782284599
2026-05-11 12:35:00+05:30,-0.0001329445857015782
2026-05-11 12:40:00+05:30,0.0014805939214620888
2026-05-11 12:45:00+05:30,-0.00036404959863306204
2026-05-11 12:50:00+05:30,4.801382973206255e-05
2026-05-11 12:55:00+05:30,0.0003504107751486293
2026-05-11 13:00:00+05:30,-0.001017446224040179
2026-05-11 13:05:00+05:30,0.0009082491270886742
2026-05-11 13:10:00+05:30,0.0002266353868333591
2026-05-11 13:15:00+05:30,-0.0007234579858857595
2026-05-11 13:20:00+05:30,0.0005144284014557687
2026-05-11 13:25:00+05:30,9.520454422417528e-05
2026-05-11 13:30:00+05:30,0.00010085428799341676
2026-05-11 13:35:00+05:30,-6.393189950795304e-05
2026-05-11 13:40:00+05:30,0.0002900383907387993
2026-05-11 13:45:00+05:30,0.0005271001155959857
2026-05-11 13:50:00+05:30,0.0006793805033626102
2026-05-11 13:55:00+05:30,-0.0009410508677905284
2026-05-11 14:00:00+05:30,-9.608466324372815e-05
2026-05-11 14:05:00+05:30,-9.755748398945336e-05
2026-05-11 14:10:00+05:30,-0.0006491122432567991
2026-05-11 14:15:00+05:30,-0.00028702530918594215
2026-05-11 14:20:00+05:30,0.00023039790761394512
2026-05-11 14:25:00+05:30,-0.0005151560634847925
2026-05-11 14:30:00+05:30,0.0005831053299499377
2026-05-11 14:35:00+05:30,-0.0010067045257136204
2026-05-11 14:40:00+05:30,-0.00037577867171929337
2026-05-11 14:45:00+05:30,-0.0007457126910545418
2026-05-11 14:50:00+05:30,0.00016822607618683985
2026-05-11 14:55:00+05:30,-0.0009123131168510735
2026-05-11 15:00:00+05:30,-0.0019345062944122048
2026-05-11 15:05:00+05:30,-0.0005592130292612016
2026-05-11 15:10:00+05:30,-0.00048274695422477113
2026-05-11 15:15:00+05:30,-8.351739929482022e-05
2026-05-11 15:20:00+05:30,8.635070151142901e-05
2026-05-11 15:25:00+05:30,0.00041054546396717946
2026-05-12 09:15:00+05:30,-0.0037075348381272817
2026-05-12 09:20:00+05:30,-0.0018470785026736796
2026-05-12 09:25:00+05:30,-0.002016355313097401
2026-05-12 09:30:00+05:30,-0.00048677576602616427
2026-05-12 09:35:00+05:30,-9.113833530821332e-05
2026-05-12 09:40:00+05:30,0.0008266834342975225
2026-05-12 09:45:00+05:30,-0.00044138716098290605
2026-05-12 09:50:00+05:30,8.169522740297808e-06
2026-05-12 09:55:00+05:30,-0.00042892254802129326
2026-05-12 10:00:00+05:30,0.00013762028605439274
2026-05-12 10:05:00+05:30,0.00035698596248868206
2026-05-12 10:10:00+05:30,0.0004948262732083749
2026-05-12 10:15:00+05:30,0.00044184297142262584
2026-05-12 10:20:00+05:30,-0.0013399830144967876
2026-05-12 10:25:00+05:30,-0.00047837952768926026
2026-05-12 10:30:00+05:30,-0.00028404388068279854
2026-05-12 10:35:00+05:30,-0.00015330612681098202
2026-05-12 10:40:00+05:30,0.001004817289808081
2026-05-12 10:45:00+05:30,-0.0010922538331631954
2026-05-12 10:50:00+05:30,0.00024531922517675265
2026-05-12 10:55:00+05:30,0.0004203993102926728
2026-05-12 11:00:00+05:30,-0.00084841431703443
2026-05-12 11:05:00+05:30,3.0661323099332916e-05
2026-05-12 11:10:00+05:30,-0.00015297302263055017
2026-05-12 11:15:00+05:30,0.0005503529343028101
2026-05-12 11:20:00+05:30,-0.0005020622914083497
2026-05-12 11:25:00+05:30,-0.00013254878063140882
2026-05-12 11:30:00+05:30,0.00046795496076585134
2026-05-12 11:35:00+05:30,-2.565882200893026e-05
2026-05-12 11:40:00+05:30,0.00026074590547225647
2026-05-12 11:45:00+05:30,-0.0003209946689631698
2026-05-12 11:50:00+05:30,0.00025503405208246894
2026-05-12 11:55:00+05:30,-0.00037100948308877476
2026-05-12 12:00:00+05:30,-0.0008792189695979023
2026-05-12 12:05:00+05:30,-0.0010471581940109985
2026-05-12 12:10:00+05:30,-8.191548378225368e-05
2026-05-12 12:15:00+05:30,0.0005301506034601486
2026-05-12 12:20:00+05:30,-0.0002568602915638511
2026-05-12 12:25:00+05:30,-0.0002842473174521997
2026-05-12 12:30:00+05:30,-0.0010005003362019266
2026-05-12 12:35:00+05:30,-0.00027182092791947675
2026-05-12 12:40:00+05:30,0.0006023460319403327
2026-05-12 12:45:00+05:30,-0.0002883464898187915
2026-05-12 12:50:00+05:30,-0.0004162935712794802
2026-05-12 12:55:00+05:30,0.0004977390121166001
2026-05-12 13:00:00+05:30,0.0006035643862080576
2026-05-12 13:05:00+05:30,-0.0006516609420756994
2026-05-12 13:10:00+05:30,0.001052027636307091
2026-05-12 13:15:00+05:30,0.0004573849080469264
2026-05-12 13:20:00+05:30,-0.00040779696266486713
2026-05-12 13:25:00+05:30,-5.146074180566685e-05
2026-05-12 13:30:00+05:30,0.000137960666319086
2026-05-12 13:35:00+05:30,-0.0007390168575678489
2026-05-12 13:40:00+05:30,-0.0005561271570426039
2026-05-12 13:45:00+05:30,0.0004171146668786479
2026-05-12 13:50:00+05:30,-0.00047889389787853247
2026-05-12 13:55:00+05:30,-0.00010232007395233041
2026-05-12 14:00:00+05:30,-0.0005222262362610048
2026-05-12 14:05:00+05:30,-0.0005235587061706074
2026-05-12 14:10:00+05:30,-0.0002610889491867029
2026-05-12 14:15:00+05:30,0.0003497887942376143
2026-05-12 14:20:00+05:30,0.0011832195420754122
2026-05-12 14:25:00+05:30,-0.0006348759017930259
2026-05-12 14:30:00+05:30,-0.0012534960220307078
2026-05-12 14:35:00+05:30,0.00107330434248923
2026-05-12 14:40:00+05:30,-0.00017266925718949442
2026-05-12 14:45:00+05:30,-1.140039117673487e-05
2026-05-12 14:50:00+05:30,-0.0012989934589490628
2026-05-12 14:55:00+05:30,-0.0004063192877866892
2026-05-12 15:00:00+05:30,-0.0010014311737582475
2026-05-12 15:05:00+05:30,-0.0010677356579548158
2026-05-12 15:10:00+05:30,-0.00013304399074381092
2026-05-12 15:15:00+05:30,0.0014403657226779224
2026-05-12 15:20:00+05:30,-0.00011296993350539073
2026-05-12 15:25:00+05:30,0.0013311055293793055
2026-05-13 09:15:00+05:30,0.002310520730192392
2026-05-13 09:20:00+05:30,0.000874508326729727
2026-05-13 09:25:00+05:30,-0.002855709679997329
2026-05-13 09:30:00+05:30,-0.0013962314376613568
2026-05-13 09:35:00+05:30,-0.0022746404581095096
2026-05-13 09:40:00+05:30,0.0014182542227394984
2026-05-13 09:45:00+05:30,-0.0002224791113750209
2026-05-13 09:50:00+05:30,0.002573034397380465
2026-05-13 09:55:00+05:30,0.0001819222281028476
2026-05-13 10:00:00+05:30,0.0007402922050982562
2026-05-13 10:05:00+05:30,0.0005286155662501504
2026-05-13 10:10:00+05:30,4.4199390739653234e-05
2026-05-13 10:15:00+05:30,0.0012615650214366182
2026-05-13 10:20:00+05:30,0.000738392540211808
2026-05-13 10:25:00+05:30,0.0001816407498897648
2026-05-13 10:30:00+05:30,0.0008527739318931325
2026-05-13 10:35:00+05:30,-0.002138126890674666
2026-05-13 10:40:00+05:30,0.0014114018211677647
2026-05-13 10:45:00+05:30,-0.0006540642577834067
2026-05-13 10:50:00+05:30,-0.00020835876905258682
2026-05-13 10:55:00+05:30,-0.0031059191123818997
2026-05-13 11:00:00+05:30,0.0011191982358762158
2026-05-13 11:05:00+05:30,-8.917055680233623e-05
2026-05-13 11:10:00+05:30,4.911675713940782e-05
2026-05-13 11:15:00+05:30,0.00014201964890554826
2026-05-13 11:20:00+05:30,0.00023958206223649215
2026-05-13 11:25:00+05:30,-0.0003769760933340682
2026-05-13 11:30:00+05:30,0.0004800904747412729
2026-05-13 11:35:00+05:30,0.002337249209217097
2026-05-13 11:40:00+05:30,0.0009342702312871855
2026-05-13 11:45:00+05:30,-0.00047719517762113755
2026-05-13 11:50:00+05:30,-0.00041025449240344135
2026-05-13 11:55:00+05:30,-0.0004028156788718572
2026-05-13 12:00:00+05:30,0.0008827573575803368
2026-05-13 12:05:00+05:30,0.0004337868743436592
2026-05-13 12:10:00+05:30,0.0008402034523382968
2026-05-13 12:15:00+05:30,-0.0005056510236103668
2026-05-13 12:20:00+05:30,-0.0006787164549988809
2026-05-13 12:25:00+05:30,0.00023138157845953593
2026-05-13 12:30:00+05:30,-0.0006915239248948225
2026-05-13 12:35:00+05:30,-0.0005149094272940705
2026-05-13 12:40:00+05:30,-0.0007462796801144957
2026-05-13 12:45:00+05:30,0.0007905577790428465
2026-05-13 12:50:00+05:30,0.0022434630041913792
2026-05-13 12:55:00+05:30,0.002046817062862974
2026-05-13 13:00:00+05:30,-0.0008463562017905856
2026-05-13 13:05:00+05:30,-0.0013376865444901388
2026-05-13 13:10:00+05:30,0.0005981754885792404
2026-05-13 13:15:00+05:30,-0.0014308321291733055
2026-05-13 13:20:00+05:30,-9.337492904567944e-05
2026-05-13 13:25:00+05:30,-0.0006218043588856382
2026-05-13 13:30:00+05:30,0.0015004467966712263
2026-05-13 13:35:00+05:30,0.00019029661452394842
2026-05-13 13:40:00+05:30,-0.00044754414684606604
2026-05-13 13:45:00+05:30,-0.000445538651382211
2026-05-13 13:50:00+05:30,-0.0002553456442500046
2026-05-13 13:55:00+05:30,-0.00039483619782672356
2026-05-13 14:00:00+05:30,-0.0004931904950420863
2026-05-13 14:05:00+05:30,0.0008956103577176391
2026-05-13 14:10:00+05:30,0.0004448784536732008
2026-05-13 14:15:00+05:30,-0.0014112318713389524
2026-05-13 14:20:00+05:30,0.0011512920724522661
2026-05-13 14:25:00+05:30,-0.0006262905138247197
2026-05-13 14:30:00+05:30,0.000344943552048633
2026-05-13 14:35:00+05:30,5.6397662125810745e-05
2026-05-13 14:40:00+05:30,-0.0013694683108171433
2026-05-13 14:45:00+05:30,0.0006984210900720392
2026-05-13 14:50:00+05:30,1.4816645515765937e-06
2026-05-13 14:55:00+05:30,-0.00029955224363041816
2026-05-13 15:00:00+05:30,-0.0023387426727601653
2026-05-13 15:05:00+05:30,0.00021405737181553883
2026-05-13 15:10:00+05:30,8.212218966174856e-05
2026-05-13 15:15:00+05:30,-0.00042264084505173665
2026-05-13 15:20:00+05:30,-0.0004009873284467102
2026-05-13 15:25:00+05:30,0.0011597705683913967
2026-05-14 09:15:00+05:30,0.0018358095300292818
2026-05-14 09:20:00+05:30,0.0008799029689869313
2026-05-14 09:25:00+05:30,0.0008501832743663089
2026-05-14 09:30:00+05:30,-0.0010340655895292375
2026-05-14 09:35:00+05:30,-0.0016086599543406626
2026-05-14 09:40:00+05:30,-0.0010852170060340163
2026-05-14 09:45:00+05:30,-2.0300139096654658e-05
2026-05-14 09:50:00+05:30,-0.0007553759388619031
2026-05-14 09:55:00+05:30,3.595063979082947e-05
2026-05-14 10:00:00+05:30,0.0009579637221785365
2026-05-14 10:05:00+05:30,-0.0001027407845121529
2026-05-14 10:10:00+05:30,2.766021237864928e-05
2026-05-14 10:15:00+05:30,0.0005568981100925594
2026-05-14 10:20:00+05:30,-0.0005734892238185077
2026-05-14 10:25:00+05:30,0.0004348412855996157
2026-05-14 10:30:00+05:30,0.00038537385124687003
2026-05-14 10:35:00+05:30,0.00034500331972171273
2026-05-14 10:40:00+05:30,-0.0013167249845900879
2026-05-14 10:45:00+05:30,-0.002855500402871554
2026-05-14 10:50:00+05:30,0.0013683947598405305
2026-05-14 10:55:00+05:30,-0.0019932779053292863
2026-05-14 11:00:00+05:30,0.0002737322306951036
2026-05-14 11:05:00+05:30,-0.000270816454951861
2026-05-14 11:10:00+05:30,0.001235509540841138
2026-05-14 11:15:00+05:30,0.001815914225536882
2026-05-14 11:20:00+05:30,0.0017035516170685648
2026-05-14 11:25:00+05:30,0.0005292878403077017
2026-05-14 11:30:00+05:30,0.001353102746973177
2026-05-14 11:35:00+05:30,0.0011210141804120996
2026-05-14 11:40:00+05:30,0.0015363026323258068
2026-05-14 11:45:00+05:30,0.0001603698010398099
2026-05-14 11:50:00+05:30,-0.0003030973496721136
2026-05-14 11:55:00+05:30,0.0002523429751470381
2026-05-14 12:00:00+05:30,-0.001704054573028369
2026-05-14 12:05:00+05:30,0.00043745029330767354
2026-05-14 12:10:00+05:30,0.0005687754527648966
2026-05-14 12:15:00+05:30,0.0005264031379211012
2026-05-14 12:20:00+05:30,0.0005023977073656626
2026-05-14 12:25:00+05:30,-6.356218804568375e-05
2026-05-14 12:30:00+05:30,-0.0004993552954421937
2026-05-14 12:35:00+05:30,-1.101841377302176e-05
2026-05-14 12:40:00+05:30,0.0008482482086536779
2026-05-14 12:45:00+05:30,0.000183349221620426
2026-05-14 12:50:00+05:30,-0.0009985305356272505
2026-05-14 12:55:00+05:30,0.00040400579978081436
2026-05-14 13:00:00+05:30,0.0022039870835555025
2026-05-14 13:05:00+05:30,-0.0005450878568945725
2026-05-14 13:10:00+05:30,1.058161031479359e-05
2026-05-14 13:15:00+05:30,0.0006023037256402262
2026-05-14 13:20:00+05:30,-0.0005081080979049369
2026-05-14 13:25:00+05:30,-5.415074686160607e-05
2026-05-14 13:30:00+05:30,0.0008338881328654107
2026-05-14 13:35:00+05:30,2.713610489846781e-05
2026-05-14 13:40:00+05:30,0.00018722030893674426
2026-05-14 13:45:00+05:30,-0.0005972640431290568
2026-05-14 13:50:00+05:30,0.0002921011014495396
2026-05-14 13:55:00+05:30,0.0002897999409650719
2026-05-14 14:00:00+05:30,0.00018767349753771794
2026-05-14 14:05:00+05:30,7.305812740217956e-05
2026-05-14 14:10:00+05:30,-0.0004932096386268681
2026-05-14 14:15:00+05:30,-0.000669317264614669
2026-05-14 14:20:00+05:30,0.000594657863567482
2026-05-14 14:25:00+05:30,0.0006153189848527337
2026-05-14 14:30:00+05:30,6.59274782816197e-05
2026-05-14 14:35:00+05:30,-0.0008099622795924372
2026-05-14 14:40:00+05:30,-0.000521947806166288
2026-05-14 14:45:00+05:30,-0.0012567476657788907
2026-05-14 14:50:00+05:30,0.00033873543912868014
2026-05-14 14:55:00+05:30,0.0004029922842736452
2026-05-14 15:00:00+05:30,-0.00010143566575001419
2026-05-14 15:05:00+05:30,-0.0010889211560740513
2026-05-14 15:10:00+05:30,0.00020219785163994906
2026-05-14 15:15:00+05:30,-3.7586136502591663e-06
2026-05-14 15:20:00+05:30,4.609866221861354e-05
2026-05-14 15:25:00+05:30,0.0006270715622429826
2026-05-15 09:15:00+05:30,0.0012928570568536048
2026-05-15 09:20:00+05:30,0.0019101822233383741
2026-05-15 09:25:00+05:30,0.0008155802076628314
2026-05-15 09:30:00+05:30,-0.0006896766777523968
2026-05-15 09:35:00+05:30,0.0009746895259126841
2026-05-15 09:40:00+05:30,0.0010706354510694694
2026-05-15 09:45:00+05:30,-0.0004910335027633956
2026-05-15 09:50:00+05:30,0.001225570175627101
2026-05-15 09:55:00+05:30,2.9277709688179637e-05
2026-05-15 10:00:00+05:30,-0.00048060548718691017
2026-05-15 10:05:00+05:30,-0.0011481072798663324
2026-05-15 10:10:00+05:30,0.000142280256561746
2026-05-15 10:15:00+05:30,-0.00026082594680560723
2026-05-15 10:20:00+05:30,0.000907887327234563
2026-05-15 10:25:00+05:30,0.0004714393816317091
2026-05-15 10:30:00+05:30,-0.00047453613287082747
2026-05-15 10:35:00+05:30,-0.0007872576212248379
2026-05-15 10:40:00+05:30,0.0005161318493351242
2026-05-15 10:45:00+05:30,0.0005219266508213384
2026-05-15 10:50:00+05:30,9.070426206336801e-05
2026-05-15 10:55:00+05:30,-0.00037590659780040755
2026-05-15 11:00:00+05:30,-0.0017806136023395974
2026-05-15 11:05:00+05:30,-0.0016248243685157075
2026-05-15 11:10:00+05:30,-0.0001594291368413632
2026-05-15 11:15:00+05:30,9.581735268068095e-05
2026-05-15 11:20:00+05:30,-0.0003963523244517524
2026-05-15 11:25:00+05:30,-0.0007879141132854636
2026-05-15 11:30:00+05:30,0.00016544513855470662
2026-05-15 11:35:00+05:30,0.0005169911144052969
2026-05-15 11:40:00+05:30,-0.00015018228310877197
2026-05-15 11:45:00+05:30,3.8028415190218356e-05
2026-05-15 11:50:00+05:30,0.00024030877966181073
2026-05-15 11:55:00+05:30,0.00019106172754400572
2026-05-15 12:00:00+05:30,0.0011847815479053558
2026-05-15 12:05:00+05:30,-0.00010083821646226991
2026-05-15 12:10:00+05:30,-0.00031926927709250607
2026-05-15 12:15:00+05:30,-0.0005536572493892079
2026-05-15 12:20:00+05:30,-0.00036535867803412286
2026-05-15 12:25:00+05:30,-0.0002611247706379058
2026-05-15 12:30:00+05:30,0.00026166409098508854
2026-05-15 12:35:00+05:30,0.0001637006134856254
2026-05-15 12:40:00+05:30,0.0011241655531697191
2026-05-15 12:45:00+05:30,0.000850356732917089
2026-05-15 12:50:00+05:30,-2.1441878734207442e-05
2026-05-15 12:55:00+05:30,2.2412144715830856e-05
2026-05-15 13:00:00+05:30,-0.0004807052195190865
2026-05-15 13:05:00+05:30,3.393014671587994e-05
2026-05-15 13:10:00+05:30,0.00010575431585791468
2026-05-15 13:15:00+05:30,0.00043355039855309005
2026-05-15 13:20:00+05:30,-0.0004194339755928358
2026-05-15 13:25:00+05:30,-7.631489166108545e-05
2026-05-15 13:30:00+05:30,-0.000654128018671625
2026-05-15 13:35:00+05:30,-0.0008597988363655201
2026-05-15 13:40:00+05:30,-2.293205800224226e-05
2026-05-15 13:45:00+05:30,-0.0012441346992173527
2026-05-15 13:50:00+05:30,0.0005935475081991653
2026-05-15 13:55:00+05:30,-0.0007261912453515128
2026-05-15 14:00:00+05:30,-0.000981046411765353
2026-05-15 14:05:00+05:30,0.000730889541660153
2026-05-15 14:10:00+05:30,0.000520524913063495
2026-05-15 14:15:00+05:30,-0.00041135648734663395
2026-05-15 14:20:00+05:30,-0.0003425161103525432
2026-05-15 14:25:00+05:30,-0.0004942619946603061
2026-05-15 14:30:00+05:30,0.000362245869966062
2026-05-15 14:35:00+05:30,-0.0002671555420329784
2026-05-15 14:40:00+05:30,0.00010291444097351574
2026-05-15 14:45:00+05:30,-0.0022807881826515095
2026-05-15 14:50:00+05:30,-0.00027116849796038345
2026-05-15 14:55:00+05:30,0.000880540731408904
2026-05-15 15:00:00+05:30,0.0013054332831587325
2026-05-15 15:05:00+05:30,-0.0008754704678095348
2026-05-15 15:10:00+05:30,-0.0001828562794460601
2026-05-15 15:15:00+05:30,-0.0006437116618075328
2026-05-15 15:20:00+05:30,-1.0259563059526671e-05
2026-05-15 15:25:00+05:30,0.0005773216643279602
2026-05-18 09:15:00+05:30,-0.00855119825204897
2026-05-18 09:20:00+05:30,-0.0002720226677480327
2026-05-18 09:25:00+05:30,-0.0011551436015568733
2026-05-18 09:30:00+05:30,0.00046091117962151893
2026-05-18 09:35:00+05:30,-0.0011498155167447566
2026-05-18 09:40:00+05:30,0.00053415834156431
2026-05-18 09:45:00+05:30,-0.0008629652431051813
2026-05-18 09:50:00+05:30,-0.0009519470767316588
2026-05-18 09:55:00+05:30,0.0006949162762031701
2026-05-18 10:00:00+05:30,0.00119431895259915
2026-05-18 10:05:00+05:30,-0.00045730892908175437
2026-05-18 10:10:00+05:30,0.0006822934413651437
2026-05-18 10:15:00+05:30,0.0010356074806498559
2026-05-18 10:20:00+05:30,-0.0003520321987764594
2026-05-18 10:25:00+05:30,-0.00012658426601363485
2026-05-18 10:30:00+05:30,0.0011788430674703155
2026-05-18 10:35:00+05:30,0.0008736974158417331
2026-05-18 10:40:00+05:30,-0.0009693080925487106
2026-05-18 10:45:00+05:30,-0.00022670705795932298
2026-05-18 10:50:00+05:30,0.0014072854748440975
2026-05-18 10:55:00+05:30,0.0008720935151430517
2026-05-18 11:00:00+05:30,-0.0005596200090167235
2026-05-18 11:05:00+05:30,0.000953467448867309
2026-05-18 11:10:00+05:30,-0.0002620627679261686
2026-05-18 11:15:00+05:30,0.0004551186264016148
2026-05-18 11:20:00+05:30,0.0009069412515813818
2026-05-18 11:25:00+05:30,-0.0005929188957041958
2026-05-18 11:30:00+05:30,0.0011919681962921924
2026-05-18 11:35:00+05:30,0.0011625331104714543
2026-05-18 11:40:00+05:30,-0.0010686720358000486
2026-05-18 11:45:00+05:30,-0.0009359645504749022
2026-05-18 11:50:00+05:30,-0.00040307496832804964
2026-05-18 11:55:00+05:30,-0.0009239205971857883
2026-05-18 12:00:00+05:30,0.00034731693572785877
2026-05-18 12:05:00+05:30,0.0005777502714108262
2026-05-18 12:10:00+05:30,0.001547237253605896
2026-05-18 12:15:00+05:30,-0.0001355929156712758
2026-05-18 12:20:00+05:30,0.00022355029301637357
2026-05-18 12:25:00+05:30,0.0008801433070581536
2026-05-18 12:30:00+05:30,0.0013950822195738803
2026-05-18 12:35:00+05:30,0.0007362004627432178
2026-05-18 12:40:00+05:30,-0.0009435360618498607
2026-05-18 12:45:00+05:30,-6.0500571023732564e-05
2026-05-18 12:50:00+05:30,0.0006293424819494925
2026-05-18 12:55:00+05:30,0.0020840701279771136
2026-05-18 13:00:00+05:30,0.0004083232760613462
2026-05-18 13:05:00+05:30,-0.0016561519683792106
2026-05-18 13:10:00+05:30,0.0003101752309487545
2026-05-18 13:15:00+05:30,0.0002488755867625764
2026-05-18 13:20:00+05:30,6.112117925604008e-05
2026-05-18 13:25:00+05:30,-0.0004183450245092847
2026-05-18 13:30:00+05:30,3.816175741030261e-05
2026-05-18 13:35:00+05:30,-0.0004572761749077731
2026-05-18 13:40:00+05:30,0.00047397521089902704
2026-05-18 13:45:00+05:30,-0.00017684733628607253
2026-05-18 13:50:00+05:30,0.0006789091507490676
2026-05-18 13:55:00+05:30,-0.00011385625705022895
2026-05-18 14:00:00+05:30,0.00018911074805483263
2026-05-18 14:05:00+05:30,-0.0012170906176983511
2026-05-18 14:10:00+05:30,0.0004866125768052325
2026-05-18 14:15:00+05:30,-0.00041965400077169005
2026-05-18 14:20:00+05:30,-0.0007139916307717055
2026-05-18 14:25:00+05:30,0.0007705361503622431
2026-05-18 14:30:00+05:30,-0.0002765217896394507
2026-05-18 14:35:00+05:30,-0.0005926088334491551
2026-05-18 14:40:00+05:30,0.0006826923364696878
2026-05-18 14:45:00+05:30,-0.0006032005423128814
2026-05-18 14:50:00+05:30,0.0001874766670336878
2026-05-18 14:55:00+05:30,0.00015713600294836887
2026-05-18 15:00:00+05:30,0.0028297891328116455
2026-05-18 15:05:00+05:30,-0.0014132783045029203
2026-05-18 15:10:00+05:30,4.2375986273394294e-05
2026-05-18 15:15:00+05:30,-0.0004970012378340797
2026-05-18 15:20:00+05:30,0.0011006493888469841
2026-05-18 15:25:00+05:30,3.7214408240717876e-05
2026-05-19 09:15:00+05:30,0.007413337416464964
2026-05-19 09:20:00+05:30,0.0005241167161993994
2026-05-19 09:25:00+05:30,-0.0001684810560007168
2026-05-19 09:30:00+05:30,-0.00235485762463752
2026-05-19 09:35:00+05:30,0.00023966770356924862
2026-05-19 09:40:00+05:30,0.0017901854092315286
2026-05-19 09:45:00+05:30,-0.0012374638821729868
2026-05-19 09:50:00+05:30,-0.0006978560088589424
2026-05-19 09:55:00+05:30,-0.0009984891428083179
2026-05-19 10:00:00+05:30,0.0005733197761205469
2026-05-19 10:05:00+05:30,0.001187847941968105
2026-05-19 10:10:00+05:30,0.0010229947526863483
2026-05-19 10:15:00+05:30,-0.0011862741485792676
2026-05-19 10:20:00+05:30,0.0004301291796995928
2026-05-19 10:25:00+05:30,0.00032039449064083075
2026-05-19 10:30:00+05:30,-4.740620207023319e-05
2026-05-19 10:35:00+05:30,0.0004506759698063841
2026-05-19 10:40:00+05:30,0.0004067471199905932
2026-05-19 10:45:00+05:30,-0.0008082833779578437
2026-05-19 10:50:00+05:30,-0.0007864368411496981
2026-05-19 10:55:00+05:30,0.0010788792665031154
2026-05-19 11:00:00+05:30,-0.0007816838179551576
2026-05-19 11:05:00+05:30,-0.00018451063174805768
2026-05-19 11:10:00+05:30,-0.0008539320350614904
2026-05-19 11:15:00+05:30,-0.00042692608572932126
2026-05-19 11:20:00+05:30,0.000468111132443675
2026-05-19 11:25:00+05:30,0.0006186797160124474
2026-05-19 11:30:00+05:30,-0.0003174845285322905
2026-05-19 11:35:00+05:30,0.00027639623875982223
2026-05-19 11:40:00+05:30,0.0010497092701515893
2026-05-19 11:45:00+05:30,0.0003543789213497482
2026-05-19 11:50:00+05:30,9.069714614506896e-05
2026-05-19 11:55:00+05:30,-0.00017466613463410963
2026-05-19 12:00:00+05:30,-0.0003760120034113196
2026-05-19 12:05:00+05:30,0.00014526666182047623
2026-05-19 12:10:00+05:30,-1.322263812707444e-05
2026-05-19 12:15:00+05:30,8.654295335388061e-05
2026-05-19 12:20:00+05:30,-0.0005864846589497731
2026-05-19 12:25:00+05:30,0.000302332082971228
2026-05-19 12:30:00+05:30,-0.0004898115943580139
2026-05-19 12:35:00+05:30,0.00013508132447174952
2026-05-19 12:40:00+05:30,-5.335340182695927e-07
2026-05-19 12:45:00+05:30,-0.0002525399545366972
2026-05-19 12:50:00+05:30,-0.00018479171049441763
2026-05-19 12:55:00+05:30,1.089305724195399e-06
2026-05-19 13:00:00+05:30,-0.00019518717286571316
2026-05-19 13:05:00+05:30,0.00030733050720099797
2026-05-19 13:10:00+05:30,-0.0004867887772231145
2026-05-19 13:15:00+05:30,0.0007758104235603355
2026-05-19 13:20:00+05:30,6.590729333024854e-05
2026-05-19 13:25:00+05:30,-0.00020035627962542902
2026-05-19 13:30:00+05:30,0.0003221189381325394
2026-05-19 13:35:00+05:30,-0.0010553429650823445
2026-05-19 13:40:00+05:30,-0.00046360568065375115
2026-05-19 13:45:00+05:30,0.00026581398080949867
2026-05-19 13:50:00+05:30,-0.00028316767881101556
2026-05-19 13:55:00+05:30,-0.00048122907785806907
2026-05-19 14:00:00+05:30,0.0009731103031014321
2026-05-19 14:05:00+05:30,-0.0002880121418431174
2026-05-19 14:10:00+05:30,0.0008215893553455217
2026-05-19 14:15:00+05:30,0.00015608092293029063
2026-05-19 14:20:00+05:30,-1.4109748950061779e-05
2026-05-19 14:25:00+05:30,-0.00048294197596008165
2026-05-19 14:30:00+05:30,-0.00014894024175980314
2026-05-19 14:35:00+05:30,-0.0007987395618840555
2026-05-19 14:40:00+05:30,-0.001040343413060135
2026-05-19 14:45:00+05:30,-0.00028114819515721504
2026-05-19 14:50:00+05:30,7.770032580295698e-05
2026-05-19 14:55:00+05:30,0.00036882188143541166
2026-05-19 15:00:00+05:30,-0.0008581518445227879
2026-05-19 15:05:00+05:30,-0.00026701858073550547
2026-05-19 15:10:00+05:30,-0.0002527357529420927
2026-05-19 15:15:00+05:30,-0.0005193027031183201
2026-05-19 15:20:00+05:30,-0.0005389108634645987
2026-05-19 15:25:00+05:30,0.0004747716134975973
2026-05-20 09:15:00+05:30,-0.006951155663974739
2026-05-20 09:20:00+05:30,-3.04776817087007e-05
2026-05-20 09:25:00+05:30,0.0006690720073852548
2026-05-20 09:30:00+05:30,0.0018212369742048522
2026-05-20 09:35:00+05:30,0.0006514358256370688
2026-05-20 09:40:00+05:30,3.7505259129605742e-06
2026-05-20 09:45:00+05:30,-0.00024368063935790922
2026-05-20 09:50:00+05:30,0.00041811851331790813
2026-05-20 09:55:00+05:30,0.0004952784994853211
2026-05-20 10:00:00+05:30,-0.001537974578795582
2026-05-20 10:05:00+05:30,5.876957711919691e-06
2026-05-20 10:10:00+05:30,6.683482689195941e-05
2026-05-20 10:15:00+05:30,6.911476075191054e-05
2026-05-20 10:20:00+05:30,-0.0011037426155572467
2026-05-20 10:25:00+05:30,0.0014650720870242884
2026-05-20 10:30:00+05:30,0.0015006458050531286
2026-05-20 10:35:00+05:30,-0.0001499475585726542
2026-05-20 10:40:00+05:30,-0.0010101983302153172
2026-05-20 10:45:00+05:30,-0.0009484733026141145
2026-05-20 10:50:00+05:30,0.001378135422988188
2026-05-20 10:55:00+05:30,0.0004198694062825978
2026-05-20 11:00:00+05:30,0.0007758693076282554
2026-05-20 11:05:00+05:30,0.0005822557524685488
2026-05-20 11:10:00+05:30,-0.0006139952167356048
2026-05-20 11:15:00+05:30,-6.802728522752555e-05
2026-05-20 11:20:00+05:30,0.0005328936962828084
2026-05-20 11:25:00+05:30,0.0006990024503253046
2026-05-20 11:30:00+05:30,-0.00023214132624274777
2026-05-20 11:35:00+05:30,0.00044814041082150586
2026-05-20 11:40:00+05:30,-2.1650876285414366e-05
2026-05-20 11:45:00+05:30,0.0012822168386144028
2026-05-20 11:50:00+05:30,-0.0003819508409417074
2026-05-20 11:55:00+05:30,-0.0006822947285209468
2026-05-20 12:00:00+05:30,-0.0007889770130223383
2026-05-20 12:05:00+05:30,-0.00028433357234806874
2026-05-20 12:10:00+05:30,-0.00013063543822836761
2026-05-20 12:15:00+05:30,0.00010361819956512881
2026-05-20 12:20:00+05:30,0.000793513131510104
2026-05-20 12:25:00+05:30,-0.0007828248104751555
2026-05-20 12:30:00+05:30,0.0001600311419825505
2026-05-20 12:35:00+05:30,0.0002998665903525149
2026-05-20 12:40:00+05:30,-7.12187829471122e-05
2026-05-20 12:45:00+05:30,3.455510394655356e-05
2026-05-20 12:50:00+05:30,0.0001991332620243997
2026-05-20 12:55:00+05:30,0.0002715920854729638
2026-05-20 13:00:00+05:30,-0.000564704185856816
2026-05-20 13:05:00+05:30,-0.0001889875234225861
2026-05-20 13:10:00+05:30,-1.0334037034396748e-05
2026-05-20 13:15:00+05:30,-0.0006002808502681452
2026-05-20 13:20:00+05:30,-0.00020994080363041277
2026-05-20 13:25:00+05:30,-0.0007127013214366023
2026-05-20 13:30:00+05:30,0.000953281003364033
2026-05-20 13:35:00+05:30,0.0004448872391621336
2026-05-20 13:40:00+05:30,-0.0004089315957984849
2026-05-20 13:45:00+05:30,8.971070190436228e-05
2026-05-20 13:50:00+05:30,0.0004469123804952884
2026-05-20 13:55:00+05:30,0.0007571441585759848
2026-05-20 14:00:00+05:30,0.0002839387366736209
2026-05-20 14:05:00+05:30,0.0014228681992383434
2026-05-20 14:10:00+05:30,-0.00021061938095033814
2026-05-20 14:15:00+05:30,-8.725560068360181e-05
2026-05-20 14:20:00+05:30,0.0010591381963737277
2026-05-20 14:25:00+05:30,-0.0002714120372008361
2026-05-20 14:30:00+05:30,-6.434404720104989e-05
2026-05-20 14:35:00+05:30,0.00016758820428002487
2026-05-20 14:40:00+05:30,0.00025146967049711523
2026-05-20 14:45:00+05:30,0.00026233876737711154
2026-05-20 14:50:00+05:30,-9.518456191763485e-05
2026-05-20 14:55:00+05:30,-0.00018962810355153885
2026-05-20 15:00:00+05:30,-0.0013694038865377527
2026-05-20 15:05:00+05:30,0.0011080224349506377
2026-05-20 15:10:00+05:30,-0.00012057759908250765
2026-05-20 15:15:00+05:30,-0.0005280936918642223
2026-05-20 15:20:00+05:30,-0.00011656974246458016
2026-05-20 15:25:00+05:30,0.00046676701137045377
2026-05-21 09:15:00+05:30,0.0036891864034641446
2026-05-21 09:20:00+05:30,0.00015771886050291713
2026-05-21 09:25:00+05:30,-0.0009300561890325184
2026-05-21 09:30:00+05:30,-0.0008840716412596223
2026-05-21 09:35:00+05:30,0.0011521270933009546
2026-05-21 09:40:00+05:30,0.0008232185998834352
2026-05-21 09:45:00+05:30,-0.0005103244203796585
2026-05-21 09:50:00+05:30,0.0012408353728938313
2026-05-21 09:55:00+05:30,-0.0015309052073257886
2026-05-21 10:00:00+05:30,0.0002595709110939648
2026-05-21 10:05:00+05:30,-0.0007564601861333482
2026-05-21 10:10:00+05:30,0.00014478382685025997
2026-05-21 10:15:00+05:30,0.00047660984856486667
2026-05-21 10:20:00+05:30,1.3493484908469028e-05
2026-05-21 10:25:00+05:30,9.501183470241987e-05
2026-05-21 10:30:00+05:30,-0.0007352484707449326
2026-05-21 10:35:00+05:30,-0.0011525489797215075
2026-05-21 10:40:00+05:30,0.0013487522041360355
2026-05-21 10:45:00+05:30,-0.0003929663006925561
2026-05-21 10:50:00+05:30,-8.311309388776613e-05
2026-05-21 10:55:00+05:30,-0.0009189161090588795
2026-05-21 11:00:00+05:30,-0.0005045926671456541
2026-05-21 11:05:00+05:30,0.00024775033353783166
2026-05-21 11:10:00+05:30,-0.0007408036468888703
2026-05-21 11:15:00+05:30,-0.0008203218149464769
2026-05-21 11:20:00+05:30,0.0012952921582994063
2026-05-21 11:25:00+05:30,0.0011249197097096498
2026-05-21 11:30:00+05:30,-0.00043647279860301475
2026-05-21 11:35:00+05:30,-0.00017938117859692566
2026-05-21 11:40:00+05:30,-0.00043225103813644765
2026-05-21 11:45:00+05:30,-0.0003346953206212419
2026-05-21 11:50:00+05:30,0.0004025623110335684
2026-05-21 11:55:00+05:30,-0.00033638049593833294
2026-05-21 12:00:00+05:30,0.0007512121008825636
2026-05-21 12:05:00+05:30,2.8650876108727912e-05
2026-05-21 12:10:00+05:30,-0.0011180619009306318
2026-05-21 12:15:00+05:30,-5.717149006975584e-05
2026-05-21 12:20:00+05:30,-0.0005899951427844842
2026-05-21 12:25:00+05:30,-0.0011370462111726157
2026-05-21 12:30:00+05:30,4.413881212800578e-05
2026-05-21 12:35:00+05:30,-0.0013670692881779041
2026-05-21 12:40:00+05:30,0.00022804692450936019
2026-05-21 12:45:00+05:30,-0.00033617608983511975
2026-05-21 12:50:00+05:30,0.0005241075368926928
2026-05-21 12:55:00+05:30,-0.0007185781060554499
2026-05-21 13:00:00+05:30,-0.00021257967821284774
2026-05-21 13:05:00+05:30,0.0006149167870179541
2026-05-21 13:10:00+05:30,0.00011589940127301892
2026-05-21 13:15:00+05:30,4.789446269892166e-05
2026-05-21 13:20:00+05:30,-0.00017129952884364918
2026-05-21 13:25:00+05:30,-0.0002750187565622234
2026-05-21 13:30:00+05:30,0.0005609948923650812
2026-05-21 13:35:00+05:30,0.0006336578364529078
2026-05-21 13:40:00+05:30,0.0006142136148417953
2026-05-21 13:45:00+05:30,-0.000545748812191207
2026-05-21 13:50:00+05:30,-0.0006354520177096537
2026-05-21 13:55:00+05:30,0.0009629659121066737
2026-05-21 14:00:00+05:30,-0.0010862581284434175
2026-05-21 14:05:00+05:30,-0.00018892625641330732
2026-05-21 14:10:00+05:30,0.0003054726750083091
2026-05-21 14:15:00+05:30,0.00014462940624187194
2026-05-21 14:20:00+05:30,0.0009884151911856197
2026-05-21 14:25:00+05:30,-0.00055766183546545
2026-05-21 14:30:00+05:30,0.00044500974174327705
2026-05-21 14:35:00+05:30,2.8819976226034323e-05
2026-05-21 14:40:00+05:30,0.00030147388816756236
2026-05-21 14:45:00+05:30,0.0003613207212897339
2026-05-21 14:50:00+05:30,0.0004005544673740988
2026-05-21 14:55:00+05:30,-0.0003553256750875822
2026-05-21 15:00:00+05:30,-0.0003238879347985449
2026-05-21 15:05:00+05:30,-0.0005721937816244305
2026-05-21 15:10:00+05:30,-0.0005750125977507412
2026-05-21 15:15:00+05:30,-0.0002083168225037618
2026-05-21 15:20:00+05:30,0.0005903071566578188
2026-05-21 15:25:00+05:30,-0.00014786277309254472
2026-05-22 09:15:00+05:30,0.0015946006418420782
2026-05-22 09:20:00+05:30,0.002338550374014928
2026-05-22 09:25:00+05:30,-0.00045267171211273524
2026-05-22 09:30:00+05:30,0.0013799241715727036
2026-05-22 09:35:00+05:30,-0.00041115556082226804
2026-05-22 09:40:00+05:30,-0.0002155449171580106
2026-05-22 09:45:00+05:30,-0.0009222993127884683
2026-05-22 09:50:00+05:30,0.0015733240036001715
2026-05-22 09:55:00+05:30,-0.00023646386321730137
2026-05-22 10:00:00+05:30,-0.00034507748497314417
2026-05-22 10:05:00+05:30,0.0004732605834911051
2026-05-22 10:10:00+05:30,0.00011108151151601786
2026-05-22 10:15:00+05:30,-0.001218299310614299
2026-05-22 10:20:00+05:30,1.186498000132164e-05
2026-05-22 10:25:00+05:30,2.705129995386892e-05
2026-05-22 10:30:00+05:30,0.0009543175659885103
2026-05-22 10:35:00+05:30,-9.899865221099209e-05
2026-05-22 10:40:00+05:30,0.000868806200228731
2026-05-22 10:45:00+05:30,-0.0005471169850555542
2026-05-22 10:50:00+05:30,8.035453868515674e-05
2026-05-22 10:55:00+05:30,-0.00029551754726648606
2026-05-22 11:00:00+05:30,-0.0004148618603021456
2026-05-22 11:05:00+05:30,-8.713988785282265e-05
2026-05-22 11:10:00+05:30,-0.00015478892699660155
2026-05-22 11:15:00+05:30,-0.00019794400280528484
2026-05-22 11:20:00+05:30,0.0006311055835555608
2026-05-22 11:25:00+05:30,-0.001026323107293541
2026-05-22 11:30:00+05:30,-1.623111233180281e-05
2026-05-22 11:35:00+05:30,0.00048096147710704297
2026-05-22 11:40:00+05:30,0.001071401063728436
2026-05-22 11:45:00+05:30,-0.00017050971790222302
2026-05-22 11:50:00+05:30,-0.00013935481806081005
2026-05-22 11:55:00+05:30,0.00014086958117786566
2026-05-22 12:00:00+05:30,-0.00027720455544645947
2026-05-22 12:05:00+05:30,-0.0001784768938326692
2026-05-22 12:10:00+05:30,0.00033439599212724486
2026-05-22 12:15:00+05:30,-0.0001334996690910125
2026-05-22 12:20:00+05:30,-0.0006617430533511288
2026-05-22 12:25:00+05:30,-0.00010302120882098529
2026-05-22 12:30:00+05:30,-0.00011962639964054713
2026-05-22 12:35:00+05:30,8.409074071090647e-05
2026-05-22 12:40:00+05:30,0.0005299388001653275
2026-05-22 12:45:00+05:30,0.0006923920797171343
2026-05-22 12:50:00+05:30,0.0009331109680487057
2026-05-22 12:55:00+05:30,-0.0004761646503799703
2026-05-22 13:00:00+05:30,-1.985301589394648e-05
2026-05-22 13:05:00+05:30,-0.00038835371097799493
2026-05-22 13:10:00+05:30,-0.00011502194975192208
2026-05-22 13:15:00+05:30,-0.0002537256271471996
2026-05-22 13:20:00+05:30,-2.9470118831271585e-05
2026-05-22 13:25:00+05:30,6.86587991068793e-05
2026-05-22 13:30:00+05:30,0.00040167413082863544
2026-05-22 13:35:00+05:30,-0.0003382339346521195
2026-05-22 13:40:00+05:30,-7.95114757154056e-05
2026-05-22 13:45:00+05:30,1.8480870944791977e-05
2026-05-22 13:50:00+05:30,-0.0003436226063238416
2026-05-22 13:55:00+05:30,-0.0004545158438873493
2026-05-22 14:00:00+05:30,-0.0010038474165220705
2026-05-22 14:05:00+05:30,0.0006748896583715796
2026-05-22 14:10:00+05:30,-0.00031357744762494644
2026-05-22 14:15:00+05:30,-0.0005213273560954059
2026-05-22 14:20:00+05:30,-6.19022041982749e-05
2026-05-22 14:25:00+05:30,-0.0009358180181949899
2026-05-22 14:30:00+05:30,0.0001423084365553478
2026-05-22 14:35:00+05:30,-0.0008633896894264408
2026-05-22 14:40:00+05:30,-0.0006494169692358282
2026-05-22 14:45:00+05:30,0.0007515991594909852
2026-05-22 14:50:00+05:30,-0.00036160893534759335
2026-05-22 14:55:00+05:30,0.0001514065225868511
2026-05-22 15:00:00+05:30,-0.000593473283887632
2026-05-22 15:05:00+05:30,0.00021832515900484313
2026-05-22 15:10:00+05:30,0.00033294956703326005
2026-05-22 15:15:00+05:30,0.0003086975490356075
2026-05-22 15:20:00+05:30,0.0008243052598717254
2026-05-22 15:25:00+05:30,5.410725752777603e-05
2026-05-25 09:15:00+05:30,0.00838851034179249
2026-05-25 09:20:00+05:30,0.0001576849394821763
2026-05-25 09:25:00+05:30,0.0005020171811695304
2026-05-25 09:30:00+05:30,-0.0006884372270368375
2026-05-25 09:35:00+05:30,-0.0002998222922487158
2026-05-25 09:40:00+05:30,0.0005135656363255823
2026-05-25 09:45:00+05:30,-0.00041115906571737905
2026-05-25 09:50:00+05:30,-0.00017863929160711947
2026-05-25 09:55:00+05:30,-0.0001915187046091709
2026-05-25 10:00:00+05:30,0.0004681911448070298
2026-05-25 10:05:00+05:30,0.0002882182281209733
2026-05-25 10:10:00+05:30,-3.9153333305274564e-05
2026-05-25 10:15:00+05:30,0.0007419777851586387
2026-05-25 10:20:00+05:30,-3.2443993009296556e-05
2026-05-25 10:25:00+05:30,-0.0005044965860549565
2026-05-25 10:30:00+05:30,0.0008888062605069253
2026-05-25 10:35:00+05:30,0.00034019795219137076
2026-05-25 10:40:00+05:30,0.00020413223351842697
2026-05-25 10:45:00+05:30,0.00016700775078292094
2026-05-25 10:50:00+05:30,-0.0002559560681898735
2026-05-25 10:55:00+05:30,-0.00043211001891835536
2026-05-25 11:00:00+05:30,0.00026797799843385136
2026-05-25 11:05:00+05:30,5.2518121841360034e-05
2026-05-25 11:10:00+05:30,0.00013953587779345545
2026-05-25 11:15:00+05:30,-0.00048659418696811744
2026-05-25 11:20:00+05:30,-0.0002026709929202736
2026-05-25 11:25:00+05:30,0.0001954815415691027
2026-05-25 11:30:00+05:30,-0.0006939561538799336
2026-05-25 11:35:00+05:30,0.0006926628156296065
2026-05-25 11:40:00+05:30,9.905274815511394e-05
2026-05-25 11:45:00+05:30,8.956227636033729e-05
2026-05-25 11:50:00+05:30,0.00028177823972689485
2026-05-25 11:55:00+05:30,-0.00021032818046879718
2026-05-25 12:00:00+05:30,-0.0007707512978539192
2026-05-25 12:05:00+05:30,-0.0001764852131930228
2026-05-25 12:10:00+05:30,0.00013931291844783203
2026-05-25 12:15:00+05:30,0.0001740381310444873
2026-05-25 12:20:00+05:30,-0.0004110920729623631
2026-05-25 12:25:00+05:30,-0.0004202848189824392
2026-05-25 12:30:00+05:30,-0.000125058584439844
2026-05-25 12:35:00+05:30,-0.00013789604471705163
2026-05-25 12:40:00+05:30,-9.204508969843548e-05
2026-05-25 12:45:00+05:30,-0.0008563997867139882
2026-05-25 12:50:00+05:30,0.0004555850632010215
2026-05-25 12:55:00+05:30,5.588417320727913e-05
2026-05-25 13:00:00+05:30,0.0007790568767636589
2026-05-25 13:05:00+05:30,7.213671292085728e-05
2026-05-25 13:10:00+05:30,-0.0001537723760519346
2026-05-25 13:15:00+05:30,0.00014821954574011014
2026-05-25 13:20:00+05:30,0.00016805375290488596
2026-05-25 13:25:00+05:30,0.00023473754712521888
2026-05-25 13:30:00+05:30,0.0001678279447278754
2026-05-25 13:35:00+05:30,-0.000496482823715207
2026-05-25 13:40:00+05:30,-0.0006355130789874071
2026-05-25 13:45:00+05:30,0.00016723438237968495
2026-05-25 13:50:00+05:30,0.00012740275439891336
2026-05-25 13:55:00+05:30,-0.00038906361949255316
2026-05-25 14:00:00+05:30,0.00045472390281895895
2026-05-25 14:05:00+05:30,-0.0004551178708210693
2026-05-25 14:10:00+05:30,-0.00031880799627800736
2026-05-25 14:15:00+05:30,6.493471034289748e-05
2026-05-25 14:20:00+05:30,0.0001912048857202373
2026-05-25 14:25:00+05:30,0.0005370039291717637
2026-05-25 14:30:00+05:30,0.00036858689094195
2026-05-25 14:35:00+05:30,0.00028351424568619584
2026-05-25 14:40:00+05:30,0.0004464857919453537
2026-05-25 14:45:00+05:30,0.00046849655112646857
2026-05-25 14:50:00+05:30,0.0002620549389643564
2026-05-25 14:55:00+05:30,0.0004714523419074272
2026-05-25 15:00:00+05:30,-8.120718181580053e-05
2026-05-25 15:05:00+05:30,-0.00024403333042055664
2026-05-25 15:10:00+05:30,0.0004142147928071099
2026-05-25 15:15:00+05:30,-0.0002764372214355607
2026-05-25 15:20:00+05:30,0.00045150155324946706
2026-05-25 15:25:00+05:30,0.0008252066894341992
2026-05-26 09:15:00+05:30,-0.0016122885842501451
2026-05-26 09:20:00+05:30,4.503103135035161e-05
2026-05-26 09:25:00+05:30,-0.0002248507991157576
2026-05-26 09:30:00+05:30,-0.00023631365261243454
2026-05-26 09:35:00+05:30,0.0017771704931312906
2026-05-26 09:40:00+05:30,-0.0002419463907493994
2026-05-26 09:45:00+05:30,-0.0005376868706592544
2026-05-26 09:50:00+05:30,-0.0006758930526217116
2026-05-26 09:55:00+05:30,-0.00047955446463558634
2026-05-26 10:00:00+05:30,0.0006555629801512072
2026-05-26 10:05:00+05:30,-0.00014294836595485946
2026-05-26 10:10:00+05:30,0.0005516100139250547
2026-05-26 10:15:00+05:30,-0.0003451699845006729
2026-05-26 10:20:00+05:30,0.0007337967522916472
2026-05-26 10:25:00+05:30,-0.00024596912027799017
2026-05-26 10:30:00+05:30,0.00019302872420351154
2026-05-26 10:35:00+05:30,7.312829153297737e-05
2026-05-26 10:40:00+05:30,-7.69043417476394e-05
2026-05-26 10:45:00+05:30,-4.9373410533518215e-05
2026-05-26 10:50:00+05:30,0.0002991835975003573
2026-05-26 10:55:00+05:30,-8.54082941928195e-05
2026-05-26 11:00:00+05:30,1.5226531513838553e-05
2026-05-26 11:05:00+05:30,-6.665001009340415e-05
2026-05-26 11:10:00+05:30,-0.00023996894229934943
2026-05-26 11:15:00+05:30,8.384610176887841e-05
2026-05-26 11:20:00+05:30,-0.0006372050096903804
2026-05-26 11:25:00+05:30,-0.0005354564687049214
2026-05-26 11:30:00+05:30,0.0003985679194595745
2026-05-26 11:35:00+05:30,0.000821266600262067
2026-05-26 11:40:00+05:30,-0.00042477962996151657
2026-05-26 11:45:00+05:30,-9.249819215610031e-05
2026-05-26 11:50:00+05:30,-9.669233918798236e-06
2026-05-26 11:55:00+05:30,-0.0008547818753503277
2026-05-26 12:00:00+05:30,-0.00010853489942990413
2026-05-26 12:05:00+05:30,-0.0001504217539576244
2026-05-26 12:10:00+05:30,-0.000267103497136206
2026-05-26 12:15:00+05:30,0.00039929002996954096
2026-05-26 12:20:00+05:30,-0.00016151996037822318
2026-05-26 12:25:00+05:30,-0.0003235864963576874
2026-05-26 12:30:00+05:30,-5.7028130138870346e-05
2026-05-26 12:35:00+05:30,0.00018508660374755585
2026-05-26 12:40:00+05:30,-0.0005234664038968182
2026-05-26 12:45:00+05:30,-0.0003930629244409795
2026-05-26 12:50:00+05:30,-4.359806798546663e-06
2026-05-26 12:55:00+05:30,-1.6560699441751852e-05
2026-05-26 13:00:00+05:30,-0.0010521368266222023
2026-05-26 13:05:00+05:30,0.0003746006638605131
2026-05-26 13:10:00+05:30,5.025453535404576e-05
2026-05-26 13:15:00+05:30,0.00013000396240690404
2026-05-26 13:20:00+05:30,-9.610759435318388e-05
2026-05-26 13:25:00+05:30,0.00041834975854010707
2026-05-26 13:30:00+05:30,-7.099819591824701e-05
2026-05-26 13:35:00+05:30,-0.000376248695133968
2026-05-26 13:40:00+05:30,-0.0006434810927203532
2026-05-26 13:45:00+05:30,2.081579186080359e-05
2026-05-26 13:50:00+05:30,-0.0004395426949665934
2026-05-26 13:55:00+05:30,-0.0005514325046311535
2026-05-26 14:00:00+05:30,-0.0008842914414005292
2026-05-26 14:05:00+05:30,0.0005942663573258221
2026-05-26 14:10:00+05:30,-0.000191220699379368
2026-05-26 14:15:00+05:30,9.700504116590782e-05
2026-05-26 14:20:00+05:30,0.00030008787786519724
2026-05-26 14:25:00+05:30,-0.0003241989351084592
2026-05-26 14:30:00+05:30,-5.020722391548943e-06
2026-05-26 14:35:00+05:30,-0.0005617496464097126
2026-05-26 14:40:00+05:30,-0.00023330669735514769
2026-05-26 14:45:00+05:30,-1.6167875678789394e-06
2026-05-26 14:50:00+05:30,-0.0003139291350612656
2026-05-26 14:55:00+05:30,0.0008880659201627727
2026-05-26 15:00:00+05:30,0.000189622944844586
2026-05-26 15:05:00+05:30,0.0005768956808006948
2026-05-26 15:10:00+05:30,-0.000493852658024859
2026-05-26 15:15:00+05:30,-9.49746937645391e-05
2026-05-26 15:20:00+05:30,0.0004078335603603495
2026-05-26 15:25:00+05:30,0.0006691042409734511
2026-05-27 09:15:00+05:30,-0.0007791262203873792
2026-05-27 09:20:00+05:30,0.0002409614162320182
2026-05-27 09:25:00+05:30,-0.0011396171616954516
2026-05-27 09:30:00+05:30,-0.0001890057301630347
2026-05-27 09:35:00+05:30,1.7684468194612002e-05
2026-05-27 09:40:00+05:30,0.0007468317111228979
2026-05-27 09:45:00+05:30,-0.0006382789744149999
2026-05-27 09:50:00+05:30,-0.00018217978041020592
2026-05-27 09:55:00+05:30,-0.00018794253522934565
2026-05-27 10:00:00+05:30,0.0013839580807517922
2026-05-27 10:05:00+05:30,0.001140572660729714
2026-05-27 10:10:00+05:30,0.00010735546675007914
2026-05-27 10:15:00+05:30,0.0006927331310540779
2026-05-27 10:20:00+05:30,0.0001210840827037438
2026-05-27 10:25:00+05:30,0.0005780080807948077
2026-05-27 10:30:00+05:30,-0.00018627426429166546
2026-05-27 10:35:00+05:30,-5.31729217625863e-05
2026-05-27 10:40:00+05:30,-0.0007742822658537605
2026-05-27 10:45:00+05:30,7.467890307453675e-05
2026-05-27 10:50:00+05:30,0.0013596406469766138
2026-05-27 10:55:00+05:30,-9.933758838635769e-05
2026-05-27 11:00:00+05:30,-0.00042448418248462955
2026-05-27 11:05:00+05:30,0.0006254974426765223
2026-05-27 11:10:00+05:30,-0.0003021725714242687
2026-05-27 11:15:00+05:30,0.0003050479942968581
2026-05-27 11:20:00+05:30,3.830166315706809e-05
2026-05-27 11:25:00+05:30,-0.00021084732281271163
2026-05-27 11:30:00+05:30,-0.0003179732042292628
2026-05-27 11:35:00+05:30,-0.000895117717920303
2026-05-27 11:40:00+05:30,0.00017452020825023835
2026-05-27 11:45:00+05:30,-4.885807332862637e-07
2026-05-27 11:50:00+05:30,-0.0004171473196689324
2026-05-27 11:55:00+05:30,-0.00017055219650811897
2026-05-27 12:00:00+05:30,-0.00028705444016461826
2026-05-27 12:05:00+05:30,1.9906899161665535e-06
2026-05-27 12:10:00+05:30,-0.00022122074488300765
2026-05-27 12:15:00+05:30,0.0005796921361364881
2026-05-27 12:20:00+05:30,-0.00017167015995191525
2026-05-27 12:25:00+05:30,-0.0008463583906023139
2026-05-27 12:30:00+05:30,0.00023087459728791875
2026-05-27 12:35:00+05:30,0.0005617542592254502
2026-05-27 12:40:00+05:30,4.190491104790575e-05
2026-05-27 12:45:00+05:30,-0.00021414867494791507
2026-05-27 12:50:00+05:30,-0.000616493544889112
2026-05-27 12:55:00+05:30,-9.158513057538897e-05
2026-05-27 13:00:00+05:30,0.0003513125213886587
2026-05-27 13:05:00+05:30,-0.0005092800517160562
2026-05-27 13:10:00+05:30,5.054049484795451e-05
2026-05-27 13:15:00+05:30,-0.0003998825416922676
2026-05-27 13:20:00+05:30,0.00031843558305319925
2026-05-27 13:25:00+05:30,-0.000521542331263973
2026-05-27 13:30:00+05:30,0.00031761626347359684
2026-05-27 13:35:00+05:30,0.00027454668966872396
2026-05-27 13:40:00+05:30,-0.000699410386108189
2026-05-27 13:45:00+05:30,-2.2201823246403268e-05
2026-05-27 13:50:00+05:30,0.0006046820257666955
2026-05-27 13:55:00+05:30,0.00011462291537331797
2026-05-27 14:00:00+05:30,0.00013269488609474482
2026-05-27 14:05:00+05:30,-0.00031833866297308565
2026-05-27 14:10:00+05:30,-0.000674951670246957
2026-05-27 14:15:00+05:30,0.000316380832655248
2026-05-27 14:20:00+05:30,0.0004959557303336456
2026-05-27 14:25:00+05:30,-0.0011012611105206272
2026-05-27 14:30:00+05:30,-0.0008193054835993957
2026-05-27 14:35:00+05:30,6.0730473995118074e-05
2026-05-27 14:40:00+05:30,-0.00015990422022856072
2026-05-27 14:45:00+05:30,5.0706173638839925e-05
2026-05-27 14:50:00+05:30,0.00025225570151777904
2026-05-27 14:55:00+05:30,0.0007739650079682013
2026-05-27 15:00:00+05:30,-0.0005962383936241395
2026-05-27 15:05:00+05:30,0.0005415744143593313
2026-05-27 15:10:00+05:30,8.141210241687323e-05
2026-05-27 15:15:00+05:30,0.001000540416322862
2026-05-27 15:20:00+05:30,9.752353705774326e-05
2026-05-27 15:25:00+05:30,-0.00027840860350137947
2026-05-29 09:15:00+05:30,0.004443126299500704
2026-05-29 09:20:00+05:30,-0.0008295074330058576
2026-05-29 09:25:00+05:30,-0.0022280189078037107
2026-05-29 09:30:00+05:30,-0.00033804241240470727
2026-05-29 09:35:00+05:30,0.0011274269258410778
2026-05-29 09:40:00+05:30,-0.0016257881184152652
2026-05-29 09:45:00+05:30,0.0017792392151609647
2026-05-29 09:50:00+05:30,-0.0001283366766792427
2026-05-29 09:55:00+05:30,9.632329504648482e-05
2026-05-29 10:00:00+05:30,0.0009434990115368443
2026-05-29 10:05:00+05:30,0.0008377749499665018
2026-05-29 10:10:00+05:30,1.9361844667892552e-05
2026-05-29 10:15:00+05:30,-0.00017302950106583794
2026-05-29 10:20:00+05:30,0.0002252782673701536
2026-05-29 10:25:00+05:30,-0.0007131895705307922
2026-05-29 10:30:00+05:30,-0.00025711111045650643
2026-05-29 10:35:00+05:30,0.00018352652019651563
2026-05-29 10:40:00+05:30,-0.0005133651666562381
2026-05-29 10:45:00+05:30,-0.00016683244575957525
2026-05-29 10:50:00+05:30,-0.0002646481213763874
2026-05-29 10:55:00+05:30,0.0005400039766715267
2026-05-29 11:00:00+05:30,0.00025175635584551745
2026-05-29 11:05:00+05:30,-4.83575373436509e-05
2026-05-29 11:10:00+05:30,-0.0007339396061596158
2026-05-29 11:15:00+05:30,0.0005506675440404869
2026-05-29 11:20:00+05:30,0.00017156408514895053
2026-05-29 11:25:00+05:30,-0.0005067181547553718
2026-05-29 11:30:00+05:30,-0.0004641121340790071
2026-05-29 11:35:00+05:30,0.00027557706613530534
2026-05-29 11:40:00+05:30,-0.00017292936876591258
2026-05-29 11:45:00+05:30,0.00027409953490014304
2026-05-29 11:50:00+05:30,0.0005376458069367093
2026-05-29 11:55:00+05:30,-0.0005756089757173426
2026-05-29 12:00:00+05:30,-0.0006878855370710155
2026-05-29 12:05:00+05:30,-0.00019816233165562282
2026-05-29 12:10:00+05:30,-0.0011224586552847375
2026-05-29 12:15:00+05:30,-1.2271982570384077e-05
2026-05-29 12:20:00+05:30,0.00042151154768551403
2026-05-29 12:25:00+05:30,0.0003027192652429397
2026-05-29 12:30:00+05:30,-0.00047849995405104933
2026-05-29 12:35:00+05:30,0.000241753353649837
2026-05-29 12:40:00+05:30,-0.00019397795403652243
2026-05-29 12:45:00+05:30,-8.051281473659732e-05
2026-05-29 12:50:00+05:30,-0.00036765759139492795
2026-05-29 12:55:00+05:30,5.412593071191533e-05
2026-05-29 13:00:00+05:30,-0.0004869725119490628
2026-05-29 13:05:00+05:30,-0.0006663422018094065
2026-05-29 13:10:00+05:30,-0.0008505100494071073
2026-05-29 13:15:00+05:30,0.0001657403837940219
2026-05-29 13:20:00+05:30,-0.00019881149857519333
2026-05-29 13:25:00+05:30,5.737042022763442e-05
2026-05-29 13:30:00+05:30,-0.00032164927698089717
2026-05-29 13:35:00+05:30,-0.00017892521237141223
2026-05-29 13:40:00+05:30,3.6870542416055306e-05
2026-05-29 13:45:00+05:30,-0.0008234260299428741
2026-05-29 13:50:00+05:30,-0.0004334768355686025
2026-05-29 13:55:00+05:30,0.0004769489381070895
2026-05-29 14:00:00+05:30,-0.0005262007267686658
2026-05-29 14:05:00+05:30,0.00015305556386807347
2026-05-29 14:10:00+05:30,-0.0001233828060283224
2026-05-29 14:15:00+05:30,-0.0004324208483340411
2026-05-29 14:20:00+05:30,0.0005804019296601698
2026-05-29 14:25:00+05:30,0.0003378330603690936
2026-05-29 14:30:00+05:30,0.0013942025677707566
2026-05-29 14:35:00+05:30,0.00019273373832226932
2026-05-29 14:40:00+05:30,-0.00017772395254014422
2026-05-29 14:45:00+05:30,-3.776946980484451e-05
2026-05-29 14:50:00+05:30,-0.0004699429581890817
2026-05-29 14:55:00+05:30,-0.0003286932043703859
2026-05-29 15:00:00+05:30,-0.008396781554195269
2026-05-29 15:05:00+05:30,-0.0017993028055534512
2026-05-29 15:10:00+05:30,0.0005161141229013531
2026-05-29 15:15:00+05:30,0.0005919465405908101
2026-05-29 15:20:00+05:30,-0.001961779942129637
2026-05-29 15:25:00+05:30,0.004480848592228619
2026-06-01 09:15:00+05:30,0.0007541631549295172
2026-06-01 09:20:00+05:30,-0.0009651685717059035
2026-06-01 09:25:00+05:30,-0.00030598741419694456
2026-06-01 09:30:00+05:30,0.0012496775555815385
2026-06-01 09:35:00+05:30,-0.00019443449544107478
2026-06-01 09:40:00+05:30,-0.000980633751367804
2026-06-01 09:45:00+05:30,0.0007033820597261285
2026-06-01 09:50:00+05:30,0.0003893306571586556
2026-06-01 09:55:00+05:30,-0.0007894133010457955
2026-06-01 10:00:00+05:30,-0.0009817485964375792
2026-06-01 10:05:00+05:30,0.0012538602312768148
2026-06-01 10:10:00+05:30,-0.0004394361661573984
2026-06-01 10:15:00+05:30,4.149622638101971e-06
2026-06-01 10:20:00+05:30,-0.0003457620139719678
2026-06-01 10:25:00+05:30,-0.0003351845883687339
2026-06-01 10:30:00+05:30,-0.0007730994768724648
2026-06-01 10:35:00+05:30,0.0004920013480129247
2026-06-01 10:40:00+05:30,-0.00014214252604339314
2026-06-01 10:45:00+05:30,0.001216701016307109
2026-06-01 10:50:00+05:30,0.0007938046267149551
2026-06-01 10:55:00+05:30,-0.0009946479127605986
2026-06-01 11:00:00+05:30,0.0008144352322114219
2026-06-01 11:05:00+05:30,0.0007669880764838403
2026-06-01 11:10:00+05:30,8.089158787497783e-05
2026-06-01 11:15:00+05:30,5.8722015583095576e-05
2026-06-01 11:20:00+05:30,-0.0011181851890399675
2026-06-01 11:25:00+05:30,-0.0010056310823607186
2026-06-01 11:30:00+05:30,-0.0007370044632956505
2026-06-01 11:35:00+05:30,0.0014041731077827416
2026-06-01 11:40:00+05:30,-0.0007499549498716463
2026-06-01 11:45:00+05:30,0.00013512701735443757
2026-06-01 11:50:00+05:30,-0.00014354551044082342
2026-06-01 11:55:00+05:30,-0.0024474181606756592
2026-06-01 12:00:00+05:30,-8.476489864557057e-05
2026-06-01 12:05:00+05:30,0.0006173393093880273
2026-06-01 12:10:00+05:30,0.0009832757144736
2026-06-01 12:15:00+05:30,-7.107177433091376e-05
2026-06-01 12:20:00+05:30,-0.00043916767842311355
2026-06-01 12:25:00+05:30,-0.00016265011628670644
2026-06-01 12:30:00+05:30,-8.329148289859825e-06
2026-06-01 12:35:00+05:30,0.00015306899438508194
2026-06-01 12:40:00+05:30,-0.00026554784820009836
2026-06-01 12:45:00+05:30,0.0007796931953607299
2026-06-01 12:50:00+05:30,-5.543962956915043e-05
2026-06-01 12:55:00+05:30,-0.00044676742131785483
2026-06-01 13:00:00+05:30,-0.0006747783423071959
2026-06-01 13:05:00+05:30,-0.0005435810991841585
2026-06-01 13:10:00+05:30,-0.0006607338788922115
2026-06-01 13:15:00+05:30,0.00040083451688766036
2026-06-01 13:20:00+05:30,-0.0002721695302854096
2026-06-01 13:25:00+05:30,0.000698811011326096
2026-06-01 13:30:00+05:30,0.0005103074071621279
2026-06-01 13:35:00+05:30,-3.13815941477806e-05
2026-06-01 13:40:00+05:30,-0.0002213977031563347
2026-06-01 13:45:00+05:30,-0.0008283474834794974
2026-06-01 13:50:00+05:30,-0.0006051265102334545
2026-06-01 13:55:00+05:30,0.00014396414401202388
2026-06-01 14:00:00+05:30,-0.0006240933843718716
2026-06-01 14:05:00+05:30,-0.0007747138121477292
2026-06-01 14:10:00+05:30,-0.00015449398357591485
2026-06-01 14:15:00+05:30,0.0004407225172584453
2026-06-01 14:20:00+05:30,-0.0012420762609056668
2026-06-01 14:25:00+05:30,8.646260131604433e-06
2026-06-01 14:30:00+05:30,2.2881216215181172e-05
2026-06-01 14:35:00+05:30,0.0008136623516116215
2026-06-01 14:40:00+05:30,-2.6600719902032155e-05
2026-06-01 14:45:00+05:30,-0.000397409478318888
2026-06-01 14:50:00+05:30,-0.0009881505254144551
2026-06-01 14:55:00+05:30,-0.00022611033125447281
2026-06-01 15:00:00+05:30,0.0009385051574522782
2026-06-01 15:05:00+05:30,0.0005079726973626616
2026-06-01 15:10:00+05:30,-0.0007311671092911263
2026-06-01 15:15:00+05:30,-0.000825902307420967
2026-06-01 15:20:00+05:30,-0.0001305997417705838
2026-06-01 15:25:00+05:30,0.00039540616088838324
2026-06-02 09:15:00+05:30,-0.0006200358624258659
2026-06-02 09:20:00+05:30,-0.00010614276182888273
2026-06-02 09:25:00+05:30,0.00011296961858796526
2026-06-02 09:30:00+05:30,0.0005025083696343504
2026-06-02 09:35:00+05:30,0.0007620496228743471
2026-06-02 09:40:00+05:30,0.0005855452714871078
2026-06-02 09:45:00+05:30,-0.00043198761369526924
2026-06-02 09:50:00+05:30,0.0009140901507409304
2026-06-02 09:55:00+05:30,0.00039331634892027017
2026-06-02 10:00:00+05:30,0.0002078756846739702
2026-06-02 10:05:00+05:30,-0.0007919798835993001
2026-06-02 10:10:00+05:30,-0.0008024245352879109
2026-06-02 10:15:00+05:30,0.0013883519497781842
2026-06-02 10:20:00+05:30,0.001352679879633144
2026-06-02 10:25:00+05:30,0.0009651535491321045
2026-06-02 10:30:00+05:30,-0.0010170585399838009
2026-06-02 10:35:00+05:30,0.0003257845182952883
2026-06-02 10:40:00+05:30,0.00034560912093627963
2026-06-02 10:45:00+05:30,-0.0012430260643882091
2026-06-02 10:50:00+05:30,-0.0008518636542298335
2026-06-02 10:55:00+05:30,-1.3824831866673498e-05
2026-06-02 11:00:00+05:30,-0.0001231672417399147
2026-06-02 11:05:00+05:30,-8.324191312171858e-06
2026-06-02 11:10:00+05:30,0.00042873947930340066
2026-06-02 11:15:00+05:30,3.912699357837791e-05
2026-06-02 11:20:00+05:30,0.002005273627218053
2026-06-02 11:25:00+05:30,-0.0008081918422429762
2026-06-02 11:30:00+05:30,-0.00022605157129878802
2026-06-02 11:35:00+05:30,-0.0015090064838099628
2026-06-02 11:40:00+05:30,0.00019864384462878922
2026-06-02 11:45:00+05:30,0.00021833455111794207
2026-06-02 11:50:00+05:30,-3.505882138410994e-05
2026-06-02 11:55:00+05:30,-0.0005736188794030104
2026-06-02 12:00:00+05:30,-0.00023643901607776834
2026-06-02 12:05:00+05:30,0.0006981530200786722
2026-06-02 12:10:00+05:30,-0.0009370376277470884
2026-06-02 12:15:00+05:30,0.0001349023180707258
2026-06-02 12:20:00+05:30,2.6172203437935832e-05
2026-06-02 12:25:00+05:30,-0.0003848069991508826
2026-06-02 12:30:00+05:30,0.002446004967398967
2026-06-02 12:35:00+05:30,6.93000008095018e-05
2026-06-02 12:40:00+05:30,0.0012261869530078018
2026-06-02 12:45:00+05:30,0.0021656437061680547
2026-06-02 12:50:00+05:30,-1.8526024646762406e-05
2026-06-02 12:55:00+05:30,0.0012856633357328608
2026-06-02 13:00:00+05:30,-0.0002301509261011306
2026-06-02 13:05:00+05:30,7.521614594458758e-05
2026-06-02 13:10:00+05:30,0.0005224254893025272
2026-06-02 13:15:00+05:30,-0.0006160213694093265
2026-06-02 13:20:00+05:30,0.00042759662686185857
2026-06-02 13:25:00+05:30,0.0008090950883027359
2026-06-02 13:30:00+05:30,0.0010615476061412706
2026-06-02 13:35:00+05:30,-0.0009253370163656688
2026-06-02 13:40:00+05:30,-0.00034269500720283003
2026-06-02 13:45:00+05:30,0.0007396205899455888
2026-06-02 13:50:00+05:30,-0.00012665116574323303
2026-06-02 13:55:00+05:30,-8.068867601343656e-05
2026-06-02 14:00:00+05:30,0.0002786022486638635
2026-06-02 14:05:00+05:30,0.000711336737815415
2026-06-02 14:10:00+05:30,-3.7283453743091875e-05
2026-06-02 14:15:00+05:30,-0.0010304530607596852
2026-06-02 14:20:00+05:30,0.001109296106645563
2026-06-02 14:25:00+05:30,-0.0009344810222054788
2026-06-02 14:30:00+05:30,0.0003323670140949855
2026-06-02 14:35:00+05:30,-0.0016295601023382789
2026-06-02 14:40:00+05:30,-0.0009180041090115848
2026-06-02 14:45:00+05:30,0.00023834959927212927
2026-06-02 14:50:00+05:30,0.00037591170820997676
2026-06-02 14:55:00+05:30,-0.0009125625841655228
2026-06-02 15:00:00+05:30,0.000875581638564949
2026-06-02 15:05:00+05:30,0.0008171509280950953
2026-06-02 15:10:00+05:30,0.0002678952036914735
2026-06-02 15:15:00+05:30,0.0005520728894621472
2026-06-02 15:20:00+05:30,0.00020172479183511757
2026-06-02 15:25:00+05:30,6.468559221790921e-05
2026-06-03 09:15:00+05:30,-0.011694290249857336
2026-06-03 09:20:00+05:30,0.00033536814419191243
2026-06-03 09:25:00+05:30,-9.750257945081267e-05
2026-06-03 09:30:00+05:30,-0.0021765527423986027
2026-06-03 09:35:00+05:30,0.0011348971633053286
2026-06-03 09:40:00+05:30,2.0327795274020422e-05
2026-06-03 09:45:00+05:30,0.0003588821995453675
2026-06-03 09:50:00+05:30,-0.001094819062876042
2026-06-03 09:55:00+05:30,-5.396226831584127e-05
2026-06-03 10:00:00+05:30,0.000961845706500258
2026-06-03 10:05:00+05:30,-0.0008460533829602996
2026-06-03 10:10:00+05:30,-0.0008245464445796616
2026-06-03 10:15:00+05:30,0.0009170001297662194
2026-06-03 10:20:00+05:30,-0.0001556718334727007
2026-06-03 10:25:00+05:30,-0.0006062546995272772
2026-06-03 10:30:00+05:30,-0.001223854088515862
2026-06-03 10:35:00+05:30,0.0009993164886507502
2026-06-03 10:40:00+05:30,-0.0004336280439128575
2026-06-03 10:45:00+05:30,0.0008475993090995413
2026-06-03 10:50:00+05:30,0.00023965619136585335
2026-06-03 10:55:00+05:30,-0.0008047594998458138
2026-06-03 11:00:00+05:30,-0.00026891602863796544
2026-06-03 11:05:00+05:30,-0.0010497618585338054
2026-06-03 11:10:00+05:30,0.00027989325859713093
2026-06-03 11:15:00+05:30,0.0006879048635618735
2026-06-03 11:20:00+05:30,0.0001253410439457808
2026-06-03 11:25:00+05:30,-0.0004259823593114434
2026-06-03 11:30:00+05:30,0.0004230335804237145
2026-06-03 11:35:00+05:30,-0.0005270218909687479
2026-06-03 11:40:00+05:30,-0.00010948311550926091
2026-06-03 11:45:00+05:30,0.000189985034330431
2026-06-03 11:50:00+05:30,0.00015755871851496015
2026-06-03 11:55:00+05:30,-0.0011971584113429357
2026-06-03 12:00:00+05:30,-0.0008230478365113141
2026-06-03 12:05:00+05:30,0.0006713161710834552
2026-06-03 12:10:00+05:30,-0.0003282118564725179
2026-06-03 12:15:00+05:30,3.855310177480753e-05
2026-06-03 12:20:00+05:30,0.0003068485967516217
2026-06-03 12:25:00+05:30,0.0018767046484520504
2026-06-03 12:30:00+05:30,0.0020147434491847188
2026-06-03 12:35:00+05:30,0.0013194608902055208
2026-06-03 12:40:00+05:30,6.312332309819559e-05
2026-06-03 12:45:00+05:30,-0.0008844358168782368
2026-06-03 12:50:00+05:30,-0.0010663920310867451
2026-06-03 12:55:00+05:30,0.0001856235463185579
2026-06-03 13:00:00+05:30,0.0005490373463379445
2026-06-03 13:05:00+05:30,-0.00021412726067042932
2026-06-03 13:10:00+05:30,0.00044050025659489895
2026-06-03 13:15:00+05:30,0.0006593792569397131
2026-06-03 13:20:00+05:30,0.0011443443629388943
2026-06-03 13:25:00+05:30,-4.646372767352037e-05
2026-06-03 13:30:00+05:30,7.31584737827178e-05
2026-06-03 13:35:00+05:30,-0.00046290864708307006
2026-06-03 13:40:00+05:30,-0.0005227177111684078
2026-06-03 13:45:00+05:30,0.0031184599703489974
2026-06-03 13:50:00+05:30,-0.0006146294747120543
2026-06-03 13:55:00+05:30,-0.0006120254903503611
2026-06-03 14:00:00+05:30,0.0012139463321084497
2026-06-03 14:05:00+05:30,-0.000457300371915574
2026-06-03 14:10:00+05:30,-0.00018283441165458774
2026-06-03 14:15:00+05:30,0.0011080927748363084
2026-06-03 14:20:00+05:30,0.0009827629826018854
2026-06-03 14:25:00+05:30,-0.0011711676461698508
2026-06-03 14:30:00+05:30,0.0008332096630024642
2026-06-03 14:35:00+05:30,-9.87350869779793e-05
2026-06-03 14:40:00+05:30,0.00048206241832936475
2026-06-03 14:45:00+05:30,-0.00022054386948162406
2026-06-03 14:50:00+05:30,0.0003960037761927256
2026-06-03 14:55:00+05:30,-0.0004070942565448143
2026-06-03 15:00:00+05:30,-7.74920353792937e-05
2026-06-03 15:05:00+05:30,-0.0018107850122512925
2026-06-03 15:10:00+05:30,0.0005438097884680543
2026-06-03 15:15:00+05:30,-1.0626772182991947e-05
2026-06-03 15:20:00+05:30,7.753834636115009e-05
2026-06-03 15:25:00+05:30,-0.00023739804137457607
2026-06-04 09:15:00+05:30,-0.002455434912997782
2026-06-04 09:20:00+05:30,-0.0004351250134681546
2026-06-04 09:25:00+05:30,-0.0006036765042281129
2026-06-04 09:30:00+05:30,-4.578171495363051e-05
2026-06-04 09:35:00+05:30,9.215114623235894e-05
2026-06-04 09:40:00+05:30,0.001549113862472888
2026-06-04 09:45:00+05:30,0.0013722479342173546
2026-06-04 09:50:00+05:30,0.0003782339138198295
2026-06-04 09:55:00+05:30,0.0005311254056580225
2026-06-04 10:00:00+05:30,0.0007650545410168063
2026-06-04 10:05:00+05:30,0.00077628915865551
2026-06-04 10:10:00+05:30,-0.0003170066450856572
2026-06-04 10:15:00+05:30,0.0004160689349710834
2026-06-04 10:20:00+05:30,-1.520284718449286e-05
2026-06-04 10:25:00+05:30,-0.0010718328046407026
2026-06-04 10:30:00+05:30,-0.0013490579617187616
2026-06-04 10:35:00+05:30,-0.0002426419565364841
2026-06-04 10:40:00+05:30,0.0006877128816749827
2026-06-04 10:45:00+05:30,0.0006100153702046056
2026-06-04 10:50:00+05:30,0.0002114985274017831
2026-06-04 10:55:00+05:30,0.0003420086206177169
2026-06-04 11:00:00+05:30,-0.001164558840705876
2026-06-04 11:05:00+05:30,-0.0006623390791467068
2026-06-04 11:10:00+05:30,0.0004151162515223575
2026-06-04 11:15:00+05:30,-0.0004320931868702842
2026-06-04 11:20:00+05:30,0.00036720491800987096
2026-06-04 11:25:00+05:30,0.0002220161219885541
2026-06-04 11:30:00+05:30,0.0005480694370396725
2026-06-04 11:35:00+05:30,0.0018864314868651927
2026-06-04 11:40:00+05:30,-0.00021238449286997696
2026-06-04 11:45:00+05:30,-0.0003569727407546002
2026-06-04 11:50:00+05:30,-0.0016047460791030097
2026-06-04 11:55:00+05:30,0.0007428133745869317
2026-06-04 12:00:00+05:30,0.0006467235680299371
2026-06-04 12:05:00+05:30,0.00025962793841289623
2026-06-04 12:10:00+05:30,-0.00010321889546025414
2026-06-04 12:15:00+05:30,-0.000697873461283822
2026-06-04 12:20:00+05:30,4.604043143956109e-05
2026-06-04 12:25:00+05:30,-3.4891073284102814e-05
2026-06-04 12:30:00+05:30,-0.0014665374380087596
2026-06-04 12:35:00+05:30,-3.711489690406747e-05
2026-06-04 12:40:00+05:30,-0.000574642085290923
2026-06-04 12:45:00+05:30,0.0005641007915663886
2026-06-04 12:50:00+05:30,0.0005284942897277819
2026-06-04 12:55:00+05:30,0.0003492749767203555
2026-06-04 13:00:00+05:30,-6.852250979417831e-05
2026-06-04 13:05:00+05:30,-0.0004710963095186167
2026-06-04 13:10:00+05:30,-0.0029247888293010456
2026-06-04 13:15:00+05:30,0.00041030967480958883
2026-06-04 13:20:00+05:30,0.0004761626595045117
2026-06-04 13:25:00+05:30,2.5124295250267853e-05
2026-06-04 13:30:00+05:30,-8.305097804780328e-05
2026-06-04 13:35:00+05:30,0.0006349039748201335
2026-06-04 13:40:00+05:30,-0.0005725138908441116
2026-06-04 13:45:00+05:30,0.00023637019713672544
2026-06-04 13:50:00+05:30,-0.00014001187216635506
2026-06-04 13:55:00+05:30,0.0002246826480158188
2026-06-04 14:00:00+05:30,0.0016522201974057404
2026-06-04 14:05:00+05:30,0.0003856170187907661
2026-06-04 14:10:00+05:30,-0.0004663492528011839
2026-06-04 14:15:00+05:30,0.00013310211952796545
2026-06-04 14:20:00+05:30,-0.00012236922282564327
2026-06-04 14:25:00+05:30,0.0003642729231706791
2026-06-04 14:30:00+05:30,0.0005241861082900636
2026-06-04 14:35:00+05:30,0.0007089534631929844
2026-06-04 14:40:00+05:30,-0.0007164222125241213
2026-06-04 14:45:00+05:30,0.0002592275244145754
2026-06-04 14:50:00+05:30,-0.0012385238348012926
2026-06-04 14:55:00+05:30,0.00029648180650121425
2026-06-04 15:00:00+05:30,-0.0009360785034097973
2026-06-04 15:05:00+05:30,0.0004994752796857051
2026-06-04 15:10:00+05:30,0.00036855454103746385
2026-06-04 15:15:00+05:30,0.00015828009155203682
2026-06-04 15:20:00+05:30,0.0004965121454124059
2026-06-04 15:25:00+05:30,0.0010030007839968436
2026-06-05 09:15:00+05:30,-0.0005105972571675929
2026-06-05 09:20:00+05:30,-7.148638692548068e-05
2026-06-05 09:25:00+05:30,0.00015436916987930868
2026-06-05 09:30:00+05:30,-0.00032408333499337063
2026-06-05 09:35:00+05:30,-0.000192075611075622
2026-06-05 09:40:00+05:30,0.0003317482516864233
2026-06-05 09:45:00+05:30,-0.0011334850968620636
2026-06-05 09:50:00+05:30,0.0007001724581038081
2026-06-05 09:55:00+05:30,-0.00046112868629008395
2026-06-05 10:00:00+05:30,0.0005289955890307393
2026-06-05 10:05:00+05:30,0.0006658599389788241
2026-06-05 10:10:00+05:30,-0.0005660690138626853
2026-06-05 10:15:00+05:30,0.00051985943629682
2026-06-05 10:20:00+05:30,0.0002103348936275746
2026-06-05 10:25:00+05:30,-0.0010677702612210214
2026-06-05 10:30:00+05:30,-0.001586369666346054
2026-06-05 10:35:00+05:30,-0.002979876021574971
2026-06-05 10:40:00+05:30,0.0003287931889092272
2026-06-05 10:45:00+05:30,8.445294901932314e-05
2026-06-05 10:50:00+05:30,0.0005375162325852269
2026-06-05 10:55:00+05:30,0.0008499165064701673
2026-06-05 11:00:00+05:30,0.0018072902061059563
2026-06-05 11:05:00+05:30,0.0009479299174913338
2026-06-05 11:10:00+05:30,-0.0010621743442487354
2026-06-05 11:15:00+05:30,-0.00020309927984838322
2026-06-05 11:20:00+05:30,-0.0007909710952959875
2026-06-05 11:25:00+05:30,0.00016216285587232116
2026-06-05 11:30:00+05:30,0.00048799061925909387
2026-06-05 11:35:00+05:30,-0.0004757299728015009
2026-06-05 11:40:00+05:30,0.0005499100161909564
2026-06-05 11:45:00+05:30,0.0006551836403591611
2026-06-05 11:50:00+05:30,-0.0008408226615471049
2026-06-05 11:55:00+05:30,-0.0006456654159195006
2026-06-05 12:00:00+05:30,0.0012521063097022476
2026-06-05 12:05:00+05:30,-0.00011069006068596896
2026-06-05 12:10:00+05:30,0.0005020924655482556
2026-06-05 12:15:00+05:30,3.190294542705714e-05
2026-06-05 12:20:00+05:30,0.00026293929670398014
2026-06-05 12:25:00+05:30,-0.00015074023985654113
2026-06-05 12:30:00+05:30,-0.0010267586355922358
2026-06-05 12:35:00+05:30,-0.00046033461773969063
2026-06-05 12:40:00+05:30,-0.0010323743657607166
2026-06-05 12:45:00+05:30,9.916390040752784e-06
2026-06-05 12:50:00+05:30,-0.0002926491588001588
2026-06-05 12:55:00+05:30,0.0001411010551253022
2026-06-05 13:00:00+05:30,9.447781277374814e-05
2026-06-05 13:05:00+05:30,-0.0009789278110774282
2026-06-05 13:10:00+05:30,-0.00013221358106112118
2026-06-05 13:15:00+05:30,0.0003881258263402909
2026-06-05 13:20:00+05:30,-0.0009937355959885991
2026-06-05 13:25:00+05:30,-0.0009303220259775486
2026-06-05 13:30:00+05:30,-9.043961266809817e-05
2026-06-05 13:35:00+05:30,0.0005186987126828589
2026-06-05 13:40:00+05:30,-0.0008152260284836358
2026-06-05 13:45:00+05:30,0.0006954912754211229
2026-06-05 13:50:00+05:30,-0.00011004536666833034
2026-06-05 13:55:00+05:30,0.0005020768268586083
2026-06-05 14:00:00+05:30,9.567259279571296e-05
2026-06-05 14:05:00+05:30,8.739898833315092e-05
2026-06-05 14:10:00+05:30,-0.0006343107604279288
2026-06-05 14:15:00+05:30,-0.00024345573082560823
2026-06-05 14:20:00+05:30,0.0006749839122858379
2026-06-05 14:25:00+05:30,0.0009468012521364024
2026-06-05 14:30:00+05:30,-0.0001358736303422694
2026-06-05 14:35:00+05:30,-0.00031893155842791686
2026-06-05 14:40:00+05:30,0.0023951033142972176
2026-06-05 14:45:00+05:30,-0.0010386880099673614
2026-06-05 14:50:00+05:30,0.0004614760172166595
2026-06-05 14:55:00+05:30,-0.0006659050021539629
2026-06-05 15:00:00+05:30,-0.00023729047127573008
2026-06-05 15:05:00+05:30,7.926320120866277e-05
2026-06-05 15:10:00+05:30,0.0002308655900342799
2026-06-05 15:15:00+05:30,0.00023519560847560123
2026-06-05 15:20:00+05:30,1.3392959748138647e-05
2026-06-05 15:25:00+05:30,7.997869385898883e-05
2026-06-08 09:15:00+05:30,-0.01051568308459837
2026-06-08 09:20:00+05:30,0.00017756886848247237
2026-06-08 09:25:00+05:30,0.0007223822027176682
2026-06-08 09:30:00+05:30,0.001189462164105759
2026-06-08 09:35:00+05:30,-0.0009518563195163251
2026-06-08 09:40:00+05:30,0.00017859285359447954
2026-06-08 09:45:00+05:30,-0.0006996082180921182
2026-06-08 09:50:00+05:30,0.0014955477672417416
2026-06-08 09:55:00+05:30,0.0012794917824909824
2026-06-08 10:00:00+05:30,-0.0007713162498731908
2026-06-08 10:05:00+05:30,0.000612343042321302
2026-06-08 10:10:00+05:30,-0.0006562180404589002
2026-06-08 10:15:00+05:30,0.0003401753428169279
2026-06-08 10:20:00+05:30,-0.000265670931167811
2026-06-08 10:25:00+05:30,-0.0001557361949513386
2026-06-08 10:30:00+05:30,0.0014908624160604807
2026-06-08 10:35:00+05:30,1.0379427046134254e-05
2026-06-08 10:40:00+05:30,-0.0005207107063248381
2026-06-08 10:45:00+05:30,0.00030856832122000703
2026-06-08 10:50:00+05:30,-0.0002899943308939507
2026-06-08 10:55:00+05:30,0.0006874188133796016
2026-06-08 11:00:00+05:30,-0.00033574143514592566
2026-06-08 11:05:00+05:30,-0.00032736685507230387
2026-06-08 11:10:00+05:30,-0.00042590207981806874
2026-06-08 11:15:00+05:30,-0.0005213509005945399
2026-06-08 11:20:00+05:30,5.360921735898001e-05
2026-06-08 11:25:00+05:30,0.00023907619770352788
2026-06-08 11:30:00+05:30,0.0007194451585519989
2026-06-08 11:35:00+05:30,0.0004051241453478384
2026-06-08 11:40:00+05:30,0.00015971108812054107
2026-06-08 11:45:00+05:30,0.0005935049086854827
2026-06-08 11:50:00+05:30,-0.0003616239741350543
2026-06-08 11:55:00+05:30,-0.00022571547568015377
2026-06-08 12:00:00+05:30,8.062887869078752e-05
2026-06-08 12:05:00+05:30,-2.131484544668669e-05
2026-06-08 12:10:00+05:30,0.00041236617507527036
2026-06-08 12:15:00+05:30,9.940225482297256e-05
2026-06-08 12:20:00+05:30,0.000502468419000742
2026-06-08 12:25:00+05:30,-0.00013930634918794157
2026-06-08 12:30:00+05:30,-0.0002632248952780744
2026-06-08 12:35:00+05:30,1.1826124117840143e-05
2026-06-08 12:40:00+05:30,0.0006364563501575391
2026-06-08 12:45:00+05:30,0.00018966579702474706
2026-06-08 12:50:00+05:30,0.0003171922055708569
2026-06-08 12:55:00+05:30,-0.00036884737807300823
2026-06-08 13:00:00+05:30,-0.000624850343407599
2026-06-08 13:05:00+05:30,-0.00044903679728393683
2026-06-08 13:10:00+05:30,3.9165666011534295e-05
2026-06-08 13:15:00+05:30,-9.331575362265576e-05
2026-06-08 13:20:00+05:30,-0.0002096620717986395
2026-06-08 13:25:00+05:30,0.0001143799793998514
2026-06-08 13:30:00+05:30,-0.0005410614385661839
2026-06-08 13:35:00+05:30,-9.235622108282853e-05
2026-06-08 13:40:00+05:30,-0.0011374992776575178
2026-06-08 13:45:00+05:30,5.9426052628898164e-05
2026-06-08 13:50:00+05:30,-0.00019072304220664544
2026-06-08 13:55:00+05:30,0.00021347527106084727
2026-06-08 14:00:00+05:30,0.0004828926653532032
2026-06-08 14:05:00+05:30,-0.0006222853938541922
2026-06-08 14:10:00+05:30,-0.00025663337146796775
2026-06-08 14:15:00+05:30,0.0005551004156430418
2026-06-08 14:20:00+05:30,-0.0005894323873214711
2026-06-08 14:25:00+05:30,-0.00040410868612065397
2026-06-08 14:30:00+05:30,0.0003886974088749507
2026-06-08 14:35:00+05:30,-0.0002834506363413577
2026-06-08 14:40:00+05:30,0.0007568954853155218
2026-06-08 14:45:00+05:30,-0.00014723888153092703
2026-06-08 14:50:00+05:30,-8.032585712133687e-05
2026-06-08 14:55:00+05:30,0.00023779983955209504
2026-06-08 15:00:00+05:30,-0.0026860976307758917
2026-06-08 15:05:00+05:30,0.0005242527855477613
2026-06-08 15:10:00+05:30,0.0004236184031787505
2026-06-08 15:15:00+05:30,-0.0002639725603078043
2026-06-08 15:20:00+05:30,-0.0005191977878815529
2026-06-08 15:25:00+05:30,0.0003429453514344848
2026-06-09 09:15:00+05:30,0.0037666523382406656
2026-06-09 09:20:00+05:30,0.0005016998081055958
2026-06-09 09:25:00+05:30,-0.00038626241452855456
2026-06-09 09:30:00+05:30,0.0005535657629401073
2026-06-09 09:35:00+05:30,-0.0008090035862986452
2026-06-09 09:40:00+05:30,-0.0005303792553633668
2026-06-09 09:45:00+05:30,-0.0004905738421937709
2026-06-09 09:50:00+05:30,0.0011459922347198013
2026-06-09 09:55:00+05:30,-0.0006868812370504483
2026-06-09 10:00:00+05:30,-0.0007760522446838587
2026-06-09 10:05:00+05:30,0.00021381411621172083
2026-06-09 10:10:00+05:30,-0.00045066750599847226
2026-06-09 10:15:00+05:30,1.891308120892607e-05
2026-06-09 10:20:00+05:30,-0.0003913365199500649
2026-06-09 10:25:00+05:30,0.00017066081553980612
2026-06-09 10:30:00+05:30,-0.00015554051340803033
2026-06-09 10:35:00+05:30,-0.0003219802932306644
2026-06-09 10:40:00+05:30,0.0005025885263263769
2026-06-09 10:45:00+05:30,-0.0009086176483397391
2026-06-09 10:50:00+05:30,0.001006809606395443
2026-06-09 10:55:00+05:30,7.07041896909826e-05
2026-06-09 11:00:00+05:30,0.0001419458017225831
2026-06-09 11:05:00+05:30,0.0001710936558005039
2026-06-09 11:10:00+05:30,-0.00021578599304473758
2026-06-09 11:15:00+05:30,0.0005897085504516655
2026-06-09 11:20:00+05:30,-0.001685417244530056
2026-06-09 11:25:00+05:30,0.0005611665957242087
2026-06-09 11:30:00+05:30,0.0005227355817570775
2026-06-09 11:35:00+05:30,0.0006382514853261935
2026-06-09 11:40:00+05:30,-0.0002471405734026874
2026-06-09 11:45:00+05:30,0.0008424554342493405
2026-06-09 11:50:00+05:30,0.00021473457551320147
2026-06-09 11:55:00+05:30,2.493262222470541e-05
2026-06-09 12:00:00+05:30,-0.00013792602287342412
2026-06-09 12:05:00+05:30,1.4858663880173692e-05
2026-06-09 12:10:00+05:30,0.00024259481738555055
2026-06-09 12:15:00+05:30,0.0005668228759868844
2026-06-09 12:20:00+05:30,-0.00019964791472672582
2026-06-09 12:25:00+05:30,-1.7877429219782e-05
2026-06-09 12:30:00+05:30,0.0004203282356704267
2026-06-09 12:35:00+05:30,-0.0001709325845279269
2026-06-09 12:40:00+05:30,-0.0007709126041939062
2026-06-09 12:45:00+05:30,-0.00010013790263190503
2026-06-09 12:50:00+05:30,-6.28591992958984e-05
2026-06-09 12:55:00+05:30,-0.0007684298616816912
2026-06-09 13:00:00+05:30,0.0004361413349908723
2026-06-09 13:05:00+05:30,-0.00030394404713862677
2026-06-09 13:10:00+05:30,0.0006340713959431459
2026-06-09 13:15:00+05:30,-0.00031140163585385264
2026-06-09 13:20:00+05:30,-0.0002750047074315809
2026-06-09 13:25:00+05:30,0.00021513489815492748
2026-06-09 13:30:00+05:30,-0.00020804631629254744
2026-06-09 13:35:00+05:30,0.0009548063413565902
2026-06-09 13:40:00+05:30,0.0002824485686060769
2026-06-09 13:45:00+05:30,-0.0004172959441541075
2026-06-09 13:50:00+05:30,-0.00039578728497525226
2026-06-09 13:55:00+05:30,-2.874585488729507e-05
2026-06-09 14:00:00+05:30,9.318349277911536e-06
2026-06-09 14:05:00+05:30,0.0006791530000675538
2026-06-09 14:10:00+05:30,-5.818296444084609e-05
2026-06-09 14:15:00+05:30,4.49553510267647e-05
2026-06-09 14:20:00+05:30,-0.00031759268702798816
2026-06-09 14:25:00+05:30,0.0007612915241968469
2026-06-09 14:30:00+05:30,0.00021251259417908117
2026-06-09 14:35:00+05:30,0.001175727538464043
2026-06-09 14:40:00+05:30,0.0005511154014863117
2026-06-09 14:45:00+05:30,-8.750797799767244e-05
2026-06-09 14:50:00+05:30,0.0008573982329429402
2026-06-09 14:55:00+05:30,0.00029184045597987015
2026-06-09 15:00:00+05:30,-0.001433128921208323
2026-06-09 15:05:00+05:30,0.0009888471006617044
2026-06-09 15:10:00+05:30,-0.000552044870341007
2026-06-09 15:15:00+05:30,-0.00019433216172800409
2026-06-09 15:20:00+05:30,0.00041186457215393687
2026-06-09 15:25:00+05:30,0.0009509835646892444
