config_id,round_trip_cost_bps,trades,mean_net_return,median_net_return,win_rate,profit_factor,net_return_sum,profitable_after_cost
1,0,4627,-2.3181708531096803e-06,-0.0001841281531946,0.44089042576183274,0.9975226012466064,-0.01072617653733849,False
1,5,4627,-0.0005023181708531096,-0.0006841281531946,0.34752539442403285,0.5941272579116604,-2.3242261765373384,False
1,10,4627,-0.0010023181708531097,-0.0011841281531946,0.26194078236438295,0.36800900784303064,-4.637726176537338,False
1,15,4627,-0.0015023181708531098,-0.0016841281531946,0.20185865571644696,0.23756983848131893,-6.951226176537339,False
1,20,4627,-0.0020023181708531098,-0.0021841281531946,0.15993084071752756,0.15898541447694048,-9.264726176537339,False
1,25,4627,-0.0025023181708531098,-0.0026841281531946003,0.12362221741949428,0.10961259884302675,-11.578226176537338,False
1,30,4627,-0.0030023181708531094,-0.0031841281531946,0.09790360925005404,0.077726035088679,-13.891726176537338,False
2,0,3651,-4.861831207083347e-06,-0.0001940073291656,0.43577102163790743,0.9947500605029862,-0.0177505457370613,False
2,5,3651,-0.0005048618312070834,-0.0006940073291656,0.34456313338811284,0.5897326004528511,-1.8432505457370614,False
2,10,3651,-0.0010048618312070833,-0.0011940073291656001,0.26047658175842237,0.3636396552404622,-3.668750545737061,False
2,15,3651,-0.0015048618312070835,-0.0016940073291656001,0.19802793755135578,0.23421575380691814,-5.494250545737062,False
2,20,3651,-0.0020048618312070833,-0.0021940073291656,0.1563955080799781,0.15660798765474684,-7.319750545737062,False
2,25,3651,-0.0025048618312070834,-0.0026940073291656,0.12133662010408107,0.10790965198590872,-9.145250545737062,False
2,30,3651,-0.0030048618312070834,-0.0031940073291656,0.09476855655984662,0.07660393901664359,-10.970750545737062,False
3,0,4265,3.1475996882187285e-05,-0.0002542647126807,0.45275498241500584,1.0247461672123512,0.13424512670252878,True
3,5,4265,-0.0004685240031178127,-0.0007542647126807,0.3814771395076202,0.6999255137190853,-1.9982548732974712,False
3,10,4265,-0.0009685240031178128,-0.0012542647126807,0.31582649472450175,0.4870048264696463,-4.130754873297471,False
3,15,4265,-0.0014685240031178128,-0.0017542647126807,0.26283704572098476,0.34546728821437067,-6.2632548732974715,False
3,20,4265,-0.0019685240031178126,-0.0022542647126807002,0.21664712778429074,0.2497592993483496,-8.39575487329747,False
3,25,4265,-0.0024685240031178126,-0.0027542647126807002,0.17960140679953107,0.18414515342548593,-10.52825487329747,False
3,30,4265,-0.002968524003117813,-0.0032542647126807002,0.14607268464243844,0.13839370357877318,-12.660754873297472,False
4,0,3366,-8.468817610942651e-06,-0.000282250226508,0.446524064171123,0.9934236055460566,-0.028506040078432965,False
4,5,3366,-0.0005084688176109427,-0.000782250226508,0.3770053475935829,0.6783428767092653,-1.711506040078433,False
4,10,3366,-0.0010084688176109427,-0.001282250226508,0.31402257872846107,0.4715476146691806,-3.394506040078433,False
4,15,3366,-0.0015084688176109425,-0.001782250226508,0.2611408199643494,0.33398140807833854,-5.077506040078433,False
4,20,3366,-0.0020084688176109423,-0.0022822502265080003,0.21301247771836007,0.24096820420152937,-6.7605060400784325,False
4,25,3366,-0.0025084688176109423,-0.002782250226508,0.1770647653000594,0.17729374614197477,-8.443506040078432,False
4,30,3366,-0.0030084688176109427,-0.0032822502265080003,0.14289958407605466,0.1329204733787106,-10.126506040078434,False
5,0,3951,6.148842136797684e-05,-0.0002803214352457,0.45229055935206275,1.040151489371538,0.24294075282487648,True
5,5,3951,-0.0004385115786320232,-0.0007803214352457,0.395849152113389,0.7588542871265528,-1.7325592471751237,False
5,10,3951,-0.0009385115786320231,-0.0012803214352457,0.3383953429511516,0.5606072339471254,-3.7080592471751235,False
5,15,3951,-0.0014385115786320231,-0.0017803214352457,0.2880283472538598,0.41990671226433773,-5.683559247175124,False
5,20,3951,-0.0019385115786320233,-0.0022803214352457,0.25031637560111364,0.3186796849530486,-7.659059247175124,False
5,25,3951,-0.002438511578632023,-0.0027803214352457003,0.21716021260440393,0.24477572675416698,-9.634559247175122,False
5,30,3951,-0.0029385115786320234,-0.0032803214352457,0.18425715008858518,0.19025953499417927,-11.610059247175124,False
6,0,3127,2.8685536829594823e-05,-0.0003071253071252,0.4483530540454109,1.0187721277664135,0.08969967366614301,True
6,5,3127,-0.0004713144631704052,-0.0008071253071252,0.39558682443236326,0.7405886358036311,-1.473800326333857,False
6,10,3127,-0.0009713144631704052,-0.0013071253071252,0.3322673488967061,0.5453137324575454,-3.037300326333857,False
6,15,3127,-0.0014713144631704053,-0.0018071253071252,0.280460505276623,0.40765214704274566,-4.600800326333857,False
6,20,3127,-0.0019713144631704053,-0.0023071253071252,0.24528301886792453,0.3090020066546363,-6.164300326333857,False
6,25,3127,-0.0024713144631704053,-0.0028071253071252,0.21266389510713143,0.23698034850548136,-7.727800326333858,False
6,30,3127,-0.0029713144631704053,-0.0033071253071252,0.18100415733930283,0.18387604882422676,-9.291300326333857,False
7,0,4677,-4.319006035201144e-05,-0.0001984914648671,0.4400256574727389,0.9547020236114832,-0.2019999122663575,False
7,5,4677,-0.0005431900603520115,-0.0006984914648671,0.3480863801582211,0.5675970641930815,-2.5404999122663576,False
7,10,4677,-0.0010431900603520114,-0.0011984914648671,0.26085097284584136,0.34994052573215745,-4.878999912266358,False
7,15,4677,-0.0015431900603520114,-0.0016984914648671,0.20119734872781697,0.22449623141772562,-7.217499912266358,False
7,20,4677,-0.0020431900603520114,-0.0021984914648671,0.15629677143468035,0.1489575685553174,-9.555999912266358,False
7,25,4677,-0.0025431900603520114,-0.0026984914648671,0.11759675005345306,0.10220167791280783,-11.894499912266358,False
7,30,4677,-0.003043190060352012,-0.0031984914648671,0.09151165276886894,0.07247510597255512,-14.23299991226636,False
8,0,3701,-4.466274526311912e-05,-0.0002050861361772,0.43798973250472845,0.9529936096356514,-0.16529682021880387,False
8,5,3701,-0.0005446627452631191,-0.0007050861361772,0.3442312888408538,0.5660030277192011,-2.015796820218804,False
8,10,3701,-0.001044662745263119,-0.0012050861361772,0.2599297487165631,0.3486671202741038,-3.8662968202188037,False
8,15,3701,-0.001544662745263119,-0.0017050861361772,0.19886517157524994,0.22365414904825956,-5.7167968202188035,False
8,20,3701,-0.002044662745263119,-0.0022050861361772,0.15374223182923535,0.1486861424142059,-7.567296820218804,False
8,25,3701,-0.002544662745263119,-0.0027050861361772,0.11753580113482842,0.1021090896492248,-9.417796820218804,False
8,30,3701,-0.003044662745263119,-0.0032050861361772,0.09078627398000541,0.07240081091086605,-11.268296820218804,False
9,0,4308,4.711038958712201e-07,-0.00023955499478355,0.4531104921077066,1.0003680287761494,0.002029515583413216,True
9,5,4308,-0.0004995288961041288,-0.0007395549947835499,0.37929433611884866,0.6819242445851588,-2.151970484416587,False
9,10,4308,-0.0009995288961041288,-0.0012395549947835502,0.31197771587743733,0.4735285517959257,-4.305970484416587,False
9,15,4308,-0.0014995288961041288,-0.0017395549947835502,0.2585886722376973,0.33528403994564077,-6.459970484416587,False
9,20,4308,-0.001999528896104129,-0.00223955499478355,0.21309192200557103,0.24210295572740992,-8.613970484416587,False
9,25,4308,-0.002499528896104129,-0.00273955499478355,0.1796657381615599,0.1780524194723588,-10.767970484416587,False
9,30,4308,-0.002999528896104129,-0.00323955499478355,0.1469359331476323,0.1331479528169442,-12.921970484416587,False
10,0,3403,-2.9570297005696363e-05,-0.0002923834121144,0.4454892741698501,0.9771482376065842,-0.10062772071038473,False
10,5,3403,-0.0005295702970056964,-0.0007923834121144,0.3743755509844255,0.6666454277134715,-1.802127720710385,False
10,10,3403,-0.0010295702970056963,-0.0012923834121144001,0.31090214516603,0.463054943708645,-3.503627720710385,False
10,15,3403,-0.0015295702970056964,-0.0017923834121144002,0.25712606523655596,0.32784200066827024,-5.205127720710385,False
10,20,3403,-0.0020295702970056966,-0.0022923834121144,0.20922715251248897,0.23668985353394514,-6.906627720710385,False
10,25,3403,-0.0025295702970056966,-0.0027923834121144,0.1792535997649133,0.17401874224198854,-8.608127720710385,False
10,30,3403,-0.003029570297005696,-0.0032923834121144,0.14516602997355274,0.1299154319940046,-10.309627720710385,False
11,0,4004,1.0233754761666008e-05,-0.00032074986326599997,0.44705294705294707,1.0065023737628143,0.040975954065710696,True
11,5,4004,-0.000489766245238334,-0.0008207498632660001,0.39435564435564435,0.7370024418550551,-1.9610240459342894,False
11,10,4004,-0.000989766245238334,-0.001320749863266,0.3389110889110889,0.5458434448683082,-3.963024045934289,False
11,15,4004,-0.001489766245238334,-0.0018207498632660001,0.2887112887112887,0.409614464995822,-5.965024045934289,False
11,20,4004,-0.001989766245238334,-0.002320749863266,0.2517482517482518,0.311129895279296,-7.96702404593429,False
11,25,4004,-0.0024897662452383344,-0.0028207498632660003,0.21578421578421578,0.23892280771608654,-9.96902404593429,False
11,30,4004,-0.002989766245238334,-0.003320749863266,0.18606393606393606,0.1855715748490401,-11.97102404593429,False
12,0,3171,-2.3105627225440318e-05,-0.0003617945007234,0.43960895616524753,0.9853546285277809,-0.07326794393187125,False
12,5,3171,-0.0005231056272254404,-0.0008617945007234,0.39072847682119205,0.7201744636608904,-1.6587679439318714,False
12,10,3171,-0.0010231056272254403,-0.0013617945007234,0.3330179754020814,0.5326690906770736,-3.244267943931871,False
12,15,3171,-0.0015231056272254403,-0.0018617945007234,0.2835067801955219,0.39965426790507375,-4.829767943931871,False
12,20,3171,-0.0020231056272254403,-0.0023617945007234,0.24818669189530115,0.30341134563564315,-6.415267943931871,False
12,25,3171,-0.0025231056272254407,-0.0028617945007234,0.21349731945758435,0.2328126926484445,-8.000767943931873,False
12,30,3171,-0.0030231056272254403,-0.0033617945007234002,0.1825922421948912,0.18071174702158777,-9.58626794393187,False
13,0,4762,-3.2954132266687826e-05,-0.00020262950597235,0.4388912221755565,0.9648827924831473,-0.15692757785396744,False
13,5,4762,-0.0005329541322666878,-0.00070262950597235,0.34313313733725326,0.5710115717477234,-2.5379275778539676,False
13,10,4762,-0.0010329541322666878,-0.0012026295059723502,0.25514489710205795,0.3517922521832255,-4.918927577853967,False
13,15,4762,-0.0015329541322666878,-0.0017026295059723502,0.19697606047879043,0.22630404811596788,-7.299927577853968,False
13,20,4762,-0.002032954132266688,-0.00220262950597235,0.15707685846283073,0.15063663776803266,-9.680927577853968,False
13,25,4762,-0.002532954132266688,-0.0027026295059723498,0.11906761864762705,0.10323004882656757,-12.061927577853968,False
13,30,4762,-0.003032954132266688,-0.00320262950597235,0.09386812263754725,0.07308344433130214,-14.442927577853968,False
14,0,3707,-1.935937562195104e-05,-0.0001897353192295,0.43997841920690584,0.9788766269196336,-0.0717652054305725,False
14,5,3707,-0.000519359375621951,-0.0006897353192295,0.3439438899379552,0.574431701579657,-1.9252652054305726,False
14,10,3707,-0.0010193593756219511,-0.0011897353192295,0.25627191799298626,0.3506259613770046,-3.7787652054305725,False
14,15,3707,-0.001519359375621951,-0.0016897353192295,0.19584569732937684,0.22363810943000517,-5.632265205430572,False
14,20,3707,-0.002019359375621951,-0.0021897353192295,0.1561909900188832,0.14776757869016277,-7.485765205430573,False
14,25,3707,-0.002519359375621951,-0.0026897353192295,0.11761532236309684,0.10050367932230689,-9.339265205430573,False
14,30,3707,-0.0030193593756219507,-0.0031897353192295,0.0917183706501214,0.07066833846735804,-11.192765205430572,False
15,0,4381,3.70346728508709e-05,-0.0002057959626574,0.456973293768546,1.02930289933776,0.1622489017596654,True
15,5,4381,-0.0004629653271491292,-0.0007057959626574,0.38233280073042686,0.7018598270420298,-2.028251098240335,False
15,10,4381,-0.0009629653271491293,-0.0012057959626574,0.3156813512896599,0.4876504445443966,-4.218751098240335,False
15,15,4381,-0.001462965327149129,-0.0017057959626574,0.2631819219356311,0.3455419488249422,-6.409251098240334,False
15,20,4381,-0.001962965327149129,-0.0022057959626574,0.21684546907098837,0.24949052563240112,-8.599751098240334,False
15,25,4381,-0.002462965327149129,-0.0027057959626574,0.180324126911664,0.1836266035785032,-10.790251098240335,False
15,30,4381,-0.0029629653271491287,-0.0032057959626574,0.14859621091075098,0.1376377627332211,-12.980751098240333,False
16,0,3410,3.867432191817089e-05,-0.0002372198912938,0.45395894428152495,1.0307215699550978,0.13187943774096272,True
16,5,3410,-0.00046132567808182914,-0.0007372198912937999,0.3809384164222874,0.7022965914319047,-1.5731205622590374,False
16,10,3410,-0.000961325678081829,-0.0012372198912938,0.3161290322580645,0.48750104008120354,-3.278120562259037,False
16,15,3410,-0.001461325678081829,-0.0017372198912938,0.26041055718475076,0.34526791683773994,-4.983120562259037,False
16,20,3410,-0.0019613256780818293,-0.0022372198912938,0.21378299120234603,0.24947118793206186,-6.688120562259037,False
16,25,3410,-0.0024613256780818293,-0.0027372198912938,0.17917888563049852,0.18380693919088795,-8.393120562259037,False
16,30,3410,-0.0029613256780818293,-0.0032372198912938,0.1472140762463343,0.1377523911002988,-10.098120562259037,False
17,0,4064,5.447109563208782e-05,-0.00030648190741715,0.45054133858267714,1.0355566116514583,0.2213705326488049,True
17,5,4064,-0.0004455289043679122,-0.00080648190741715,0.3939468503937008,0.7551948498392618,-1.8106294673511951,False
17,10,4064,-0.0009455289043679122,-0.00130648190741715,0.3395669291338583,0.5575257165698879,-3.842629467351195,False
17,15,4064,-0.0014455289043679123,-0.00180648190741715,0.29109251968503935,0.41720034604299167,-5.874629467351196,False
17,20,4064,-0.0019455289043679123,-0.00230648190741715,0.2541830708661417,0.31595251059804236,-7.906629467351196,False
17,25,4064,-0.002445528904367912,-0.00280648190741715,0.2155511811023622,0.24206261531381404,-9.938629467351195,False
17,30,4064,-0.002945528904367912,-0.00330648190741715,0.1830708661417323,0.18786728799075142,-11.970629467351195,False
18,0,3176,3.761891239992047e-05,-0.0003353325955274,0.4452141057934509,1.0246008283594872,0.11947766578214741,True
18,5,3176,-0.0004623810876000795,-0.0008353325955274,0.3913727959697733,0.7458701310089128,-1.4685223342178526,False
18,10,3176,-0.0009623810876000795,-0.0013353325955274,0.33406801007556675,0.5500870290134917,-3.0565223342178527,False
18,15,3176,-0.0014623810876000798,-0.0018353325955274,0.285264483627204,0.4115892033946972,-4.644522334217854,False
18,20,3176,-0.0019623810876000796,-0.0023353325955274003,0.2506297229219144,0.31190616133807586,-6.232522334217853,False
18,25,3176,-0.0024623810876000796,-0.0028353325955274,0.21630982367758186,0.23887226200909162,-7.820522334217852,False
18,30,3176,-0.0029623810876000796,-0.0033353325955274003,0.1816750629722922,0.18521144852138172,-9.408522334217853,False
19,0,3143,3.886294906887866e-06,-0.0001851851851851,0.44225262488068723,1.0039037463380498,0.012214624892348563,True
19,5,3143,-0.0004961137050931122,-0.0006851851851851,0.3518930957683742,0.6174660173012274,-1.5592853751076516,False
19,10,3143,-0.0009961137050931122,-0.0011851851851851,0.27426026089723193,0.3929840267063254,-3.1307853751076515,False
19,15,3143,-0.0014961137050931122,-0.0016851851851851,0.21221762647152403,0.25938032016368273,-4.702285375107651,False
19,20,3143,-0.0019961137050931122,-0.0021851851851851,0.17085587018771875,0.17685135217433556,-6.273785375107652,False
19,25,3143,-0.0024961137050931123,-0.0026851851851851,0.133630289532294,0.12387116421800884,-7.845285375107651,False
19,30,3143,-0.002996113705093112,-0.0031851851851851,0.10308622335348393,0.08921259891213626,-9.41678537510765,False
20,0,2730,-4.467595199769849e-07,-0.00018689628783344998,0.441025641025641,0.9995482878475217,-0.0012196534895371688,False
20,5,2730,-0.000500446759519977,-0.00068689628783345,0.3487179487179487,0.612485883050739,-1.3662196534895372,False
20,10,2730,-0.001000446759519977,-0.00118689628783345,0.27289377289377287,0.3885726157373463,-2.731219653489537,False
20,15,2730,-0.0015004467595199772,-0.00168689628783345,0.20915750915750916,0.2558345975262737,-4.096219653489538,False
20,20,2730,-0.0020004467595199768,-0.00218689628783345,0.1706959706959707,0.17397940106386592,-5.461219653489537,False
20,25,2730,-0.0025004467595199768,-0.00268689628783345,0.1315018315018315,0.1214430018378866,-6.826219653489537,False
20,30,2730,-0.003000446759519977,-0.00318689628783345,0.10036630036630037,0.08744712284538145,-8.191219653489537,False
21,0,2855,2.9370090279850465e-05,-0.00027468754292,0.4514886164623468,1.0215885521257722,0.08385160774897307,True
21,5,2855,-0.00047062990972014955,-0.00077468754292,0.3807355516637478,0.7150714489892299,-1.343648392251027,False
21,10,2855,-0.0009706299097201497,-0.00127468754292,0.3145359019264448,0.5095748786010063,-2.7711483922510274,False
21,15,2855,-0.0014706299097201495,-0.00177468754292,0.2693520140105079,0.36979897179493515,-4.198648392251027,False
21,20,2855,-0.0019706299097201497,-0.00227468754292,0.2234676007005254,0.27305852007813813,-5.626148392251027,False
21,25,2855,-0.0024706299097201497,-0.0027746875429200003,0.18774080560420314,0.2052627790280277,-7.053648392251027,False
21,30,2855,-0.0029706299097201497,-0.00327468754292,0.159369527145359,0.15680308755102268,-8.481148392251027,False
22,0,2479,-8.704492582908691e-07,-0.0003150740423999,0.4465510286405809,0.9993602988727102,-0.0021578437113030646,False
22,5,2479,-0.000500870449258291,-0.0008150740423999,0.3751512706736587,0.6973408635946753,-1.2416578437113033,False
22,10,2479,-0.0010008704492582908,-0.0013150740423999,0.30939895118999594,0.4957204636841053,-2.481157843711303,False
22,15,2479,-0.001500870449258291,-0.0018150740423999,0.2626058894715611,0.3591278926216461,-3.720657843711303,False
22,20,2479,-0.002000870449258291,-0.0023150740423999,0.21702299314239612,0.26509639709573013,-4.960157843711303,False
22,25,2479,-0.0025008704492582912,-0.0028150740423999,0.18192819685356998,0.19941473308532007,-6.199657843711304,False
22,30,2479,-0.003000870449258291,-0.0033150740423999,0.15449778136345302,0.15243933715788147,-7.439157843711303,False
23,0,2638,-3.579477906650417e-07,-0.000320739466602,0.4552691432903715,0.9997808893633477,-0.0009442662717743799,False
23,5,2638,-0.0005003579477906651,-0.0008207394666020001,0.400303260045489,0.7392093234419095,-1.3199442662717744,False
23,10,2638,-0.0010003579477906653,-0.0013207394666020001,0.344579226686884,0.5520378072463644,-2.638944266271775,False
23,15,2638,-0.001500357947790665,-0.0018207394666020001,0.2915087187263078,0.41730681709378886,-3.9579442662717743,False
23,20,2638,-0.0020003579477906653,-0.002320739466602,0.2585291887793783,0.31906636214504874,-5.276944266271775,False
23,25,2638,-0.0025003579477906653,-0.002820739466602,0.221379833206975,0.24651803155394827,-6.595944266271775,False
23,30,2638,-0.0030003579477906653,-0.003320739466602,0.18764215314632296,0.1927656690453527,-7.9149442662717755,False
24,0,2305,-2.4836044747750458e-05,-0.0003723008190619,0.4459869848156182,0.9846854868215704,-0.0572470831435648,False
24,5,2305,-0.0005248360447477505,-0.0008723008190619,0.393058568329718,0.7253709775135533,-1.209747083143565,False
24,10,2305,-0.0010248360447477505,-0.0013723008190619,0.337527114967462,0.5401956542117399,-2.362247083143565,False
24,15,2305,-0.0015248360447477505,-0.0018723008190619,0.2854663774403471,0.4075339614391444,-3.5147470831435648,False
24,20,2305,-0.0020248360447477506,-0.0023723008190619,0.25379609544468545,0.3111063484945924,-4.667247083143565,False
24,25,2305,-0.0025248360447477506,-0.0028723008190619003,0.22039045553145337,0.23987602549161274,-5.819747083143565,False
24,30,2305,-0.003024836044747751,-0.0033723008190619,0.18741865509761388,0.18693518953035598,-6.972247083143566,False
25,0,3206,-5.454153727924518e-05,-0.00022915740884225,0.438552713661884,0.9468299585728039,-0.17486016851726005,False
25,5,3206,-0.0005545415372792452,-0.00072915740884225,0.34747348721147847,0.5828926345802103,-1.7778601685172601,False
25,10,3206,-0.0010545415372792452,-0.00122915740884225,0.2694946974422957,0.3708338533107864,-3.38086016851726,False
25,15,3206,-0.0015545415372792454,-0.00172915740884225,0.21116656269494696,0.2441830434243141,-4.9838601685172605,False
25,20,3206,-0.0020545415372792454,-0.00222915740884225,0.16812227074235808,0.1655726205747655,-6.58686016851726,False
25,25,3206,-0.002554541537279245,-0.0027291574088422503,0.12757330006238304,0.11545990943818675,-8.18986016851726,False
25,30,3206,-0.003054541537279245,-0.00322915740884225,0.09638178415470992,0.08325812379977686,-9.79286016851726,False
26,0,2793,-6.780766972795118e-05,-0.0002449929564525,0.43501611170784105,0.9336937158498068,-0.18938682155016764,False
26,5,2793,-0.0005678076697279512,-0.0007449929564525,0.34407447189402074,0.5723656505977294,-1.5858868215501678,False
26,10,2793,-0.0010678076697279513,-0.0012449929564525,0.26781238811314,0.3626522924169363,-2.982386821550168,False
26,15,2793,-0.0015678076697279513,-0.0017449929564525,0.21016827783745076,0.23770090699651703,-4.378886821550168,False
26,20,2793,-0.002067807669727951,-0.0022449929564525,0.16791979949874686,0.16023451373894004,-5.775386821550168,False
26,25,2793,-0.002567807669727951,-0.0027449929564525,0.1260293591120659,0.11108003382000996,-7.171886821550167,False
26,30,2793,-0.0030678076697279516,-0.0032449929564525,0.09523809523809523,0.07973533616313812,-8.568386821550169,False
27,0,2908,-3.959979307877861e-05,-0.00032083930699749997,0.44463548830811556,0.9716744313002071,-0.1151561982730882,False
27,5,2908,-0.0005395997930787786,-0.0008208393069975,0.37448418156808805,0.6812727764383207,-1.5691561982730884,False
27,10,2908,-0.0010395997930787786,-0.0013208393069975002,0.30777166437414033,0.4861225021881148,-3.0231561982730883,False
27,15,2908,-0.0015395997930787784,-0.0018208393069975002,0.2613480055020633,0.35332614005388413,-4.477156198273088,False
27,20,2908,-0.0020395997930787784,-0.0023208393069975002,0.21973865199449794,0.2612371687210168,-5.931156198273088,False
27,25,2908,-0.002539599793078779,-0.0028208393069975,0.18500687757909215,0.1963558163611265,-7.385156198273089,False
27,30,2908,-0.003039599793078779,-0.0033208393069975002,0.15646492434662998,0.14984923057124533,-8.83915619827309,False
28,0,2530,-4.3664615928463317e-05,-0.00033036796002255,0.4426877470355731,0.9684448083844223,-0.11047147829901219,False
28,5,2530,-0.0005436646159284633,-0.00083036796002255,0.3715415019762846,0.676445253857455,-1.3754714782990123,False
28,10,2530,-0.0010436646159284635,-0.00133036796002255,0.30632411067193677,0.48104998546507965,-2.6404714782990126,False
28,15,2530,-0.0015436646159284633,-0.00183036796002255,0.2573122529644269,0.34868908701428303,-3.9054714782990123,False
28,20,2530,-0.0020436646159284633,-0.00233036796002255,0.21383399209486165,0.2576165383842462,-5.170471478299012,False
28,25,2530,-0.0025436646159284633,-0.00283036796002255,0.18102766798418973,0.1936988368232592,-6.435471478299013,False
28,30,2530,-0.003043664615928464,-0.00333036796002255,0.15296442687747036,0.14784158678514012,-7.700471478299013,False
29,0,2689,-8.17718598257532e-05,-0.0003671457043951,0.4466344365935292,0.9519976603641073,-0.21988453107145034,False
29,5,2689,-0.0005817718598257532,-0.0008671457043951,0.3930829304574191,0.7080219431277851,-1.5643845310714504,False
29,10,2689,-0.0010817718598257532,-0.0013671457043951001,0.3413908516177018,0.5315976907865291,-2.9088845310714504,False
29,15,2689,-0.0015817718598257532,-0.0018671457043951002,0.2878393454815917,0.40385276024893113,-4.25338453107145,False
29,20,2689,-0.002081771859825753,-0.0023671457043951,0.25511342506507995,0.3101988224247747,-5.5978845310714505,False
29,25,2689,-0.002581771859825753,-0.0028671457043951,0.21829676459650427,0.2407835699463248,-6.9423845310714505,False
29,30,2689,-0.003081771859825753,-0.0033671457043951,0.18705838601710673,0.18893995198997962,-8.28688453107145,False
30,0,2350,-5.7103822094393366e-05,-0.0003823344616033,0.44127659574468087,0.9657065855726826,-0.1341939819218244,False
30,5,2350,-0.0005571038220943935,-0.0008823344616033001,0.38893617021276594,0.7152980687867054,-1.3091939819218248,False
30,10,2350,-0.0010571038220943932,-0.0013823344616033,0.3382978723404255,0.5354623183907244,-2.484193981921824,False
30,15,2350,-0.0015571038220943936,-0.0018823344616033001,0.2851063829787234,0.4059108658167451,-3.659193981921825,False
30,20,2350,-0.0020571038220943937,-0.0023823344616033,0.2531914893617021,0.3112773567276288,-4.834193981921825,False
30,25,2350,-0.0025571038220943932,-0.0028823344616033,0.21872340425531914,0.24111451783015744,-6.0091939819218245,False
30,30,2350,-0.0030571038220943932,-0.0033823344616033,0.18851063829787235,0.18870853039857122,-7.184193981921824,False
31,0,3209,-3.447367656186153e-05,-0.0002059838302693,0.4390775942661265,0.9654925852200706,-0.11062602808701363,False
31,5,3209,-0.0005344736765618616,-0.0007059838302693,0.34901838578996575,0.5896231801264737,-1.7151260280870138,False
31,10,3209,-0.0010344736765618616,-0.0012059838302693,0.2695543783110003,0.37249899322028196,-3.3196260280870136,False
31,15,3209,-0.0015344736765618616,-0.0017059838302693,0.20972265503272047,0.24403127021051546,-4.924126028087014,False
31,20,3209,-0.0020344736765618614,-0.0022059838302693003,0.16889996883764413,0.1647569799520926,-6.528626028087014,False
31,25,3209,-0.002534473676561862,-0.0027059838302693,0.1280772826425678,0.11412125983546739,-8.133126028087014,False
31,30,3209,-0.003034473676561862,-0.0032059838302693003,0.09660330320972266,0.08188356539037543,-9.737626028087014,False
32,0,2771,-3.678093396215308e-05,-0.0001985505807604,0.4402742692168892,0.9627259497814625,-0.1019199680091262,False
32,5,2771,-0.0005367809339621531,-0.0006985505807604,0.34788884879105014,0.5838395352901996,-1.4874199680091262,False
32,10,2771,-0.001036780933962153,-0.0011985505807604,0.2692168892096716,0.36615340616808445,-2.872919968009126,False
32,15,2771,-0.001536780933962153,-0.0016985505807604001,0.2082280765066763,0.23827063000456017,-4.258419968009126,False
32,20,2771,-0.002036780933962153,-0.0021985505807604,0.16817033561891015,0.15974001427064288,-5.6439199680091265,False
32,25,2771,-0.002536780933962153,-0.0026985505807604,0.12558643089137494,0.1099468808233236,-7.029419968009126,False
32,30,2771,-0.003036780933962153,-0.0031985505807604,0.09455070371706965,0.0784879815872761,-8.414919968009126,False
33,0,2914,1.825309801953243e-05,-0.0002581649712489,0.4529855868222375,1.0135020164435622,0.0531895276289175,True
33,5,2914,-0.00048174690198046766,-0.0007581649712489001,0.3816060398078243,0.7068734060390615,-1.4038104723710827,False
33,10,2914,-0.0009817469019804677,-0.0012581649712489,0.31537405628002746,0.5016429659519039,-2.8608104723710825,False
33,15,2914,-0.0014817469019804675,-0.0017581649712489,0.2700754975978037,0.3623137602407519,-4.317810472371082,False
33,20,2914,-0.0019817469019804677,-0.0022581649712489,0.2244337680164722,0.2660969453944285,-5.774810472371082,False
33,25,2914,-0.0024817469019804673,-0.0027581649712489,0.1873713109128346,0.1988279095395656,-7.231810472371082,False
33,30,2914,-0.0029817469019804677,-0.0032581649712489,0.15820178448867536,0.15100890247281498,-8.688810472371083,False
34,0,2514,2.186162514938123e-05,-0.000272866113286,0.4506762132060461,1.0163215428856214,0.054960125625544407,True
34,5,2514,-0.0004781383748506188,-0.000772866113286,0.37828162291169454,0.7071757551547256,-1.2020398743744556,False
34,10,2514,-0.0009781383748506188,-0.001272866113286,0.3134447096260939,0.5009954289519014,-2.4590398743744557,False
34,15,2514,-0.0014781383748506188,-0.001772866113286,0.26610978520286394,0.36153125635615097,-3.716039874374456,False
34,20,2514,-0.001978138374850619,-0.0022728661132859996,0.2199681782020684,0.26571054342542627,-4.9730398743744555,False
34,25,2514,-0.002478138374850619,-0.002772866113286,0.18297533810660302,0.1990077304609534,-6.230039874374455,False
34,30,2514,-0.002978138374850619,-0.0032728661132859996,0.15473349244232298,0.15154658719683653,-7.487039874374456,False
35,0,2695,-8.961040349268177e-06,-0.0003341129301704,0.4530612244897959,0.9945217918121574,-0.024150003741277737,False
35,5,2695,-0.0005089610403492681,-0.0008341129301704,0.39888682745825604,0.7351699389743593,-1.3716500037412778,False
35,10,2695,-0.0010089610403492685,-0.0013341129301704,0.3469387755102041,0.5487405743943643,-2.7191500037412784,False
35,15,2695,-0.0015089610403492685,-0.0018341129301704,0.2920222634508349,0.4145083742925909,-4.0666500037412785,False
35,20,2695,-0.0020089610403492683,-0.0023341129301704,0.25899814471243043,0.3166171669409712,-5.414150003741278,False
35,25,2695,-0.0025089610403492683,-0.0028341129301704,0.2189239332096475,0.24453833945976536,-6.761650003741278,False
35,30,2695,-0.003008961040349268,-0.0033341129301704,0.18515769944341373,0.19125051926951625,-8.109150003741277,False
36,0,2338,-1.8915895786732495e-05,-0.00038376684295715,0.4435414884516681,0.9883047603083589,-0.04422536434938057,False
36,5,2338,-0.0005189158957867326,-0.0008837668429571501,0.39093242087254065,0.7280507972045155,-1.2132253643493807,False
36,10,2338,-0.0010189158957867326,-0.00138376684295715,0.339606501283148,0.5422818716693362,-2.3822253643493805,False
36,15,2338,-0.0015189158957867326,-0.00188376684295715,0.286142001710864,0.40904827270208044,-3.5512253643493805,False
36,20,2338,-0.002018915895786732,-0.00238376684295715,0.2540633019674936,0.3122764172261076,-4.72022536434938,False
36,25,2338,-0.0025189158957867326,-0.00288376684295715,0.21813515825491872,0.2409001209556239,-5.889225364349381,False
36,30,2338,-0.0030189158957867326,-0.00338376684295715,0.18605645851154834,0.1879653495996644,-7.058225364349381,False
37,0,2091,6.374856191369192e-08,-0.0001821125050586,0.44571975131516023,1.000058877269995,0.0001332982429615298,True
37,5,2091,-0.0004999362514380864,-0.0006821125050586,0.3586800573888092,0.637950400456856,-1.0453667017570385,False
37,10,2091,-0.0009999362514380862,-0.0011821125050586001,0.2769010043041607,0.41926393423176445,-2.0908667017570384,False
37,15,2091,-0.0014999362514380866,-0.0016821125050586001,0.21329507412721185,0.28583577785322106,-3.136366701757039,False
37,20,2091,-0.0019999362514380864,-0.0021821125050586,0.17168818747011,0.20153491385775274,-4.181866701757039,False
37,25,2091,-0.002499936251438086,-0.0026821125050586,0.1401243424198948,0.1457606633337984,-5.227366701757038,False
37,30,2091,-0.0029999362514380864,-0.0031821125050586,0.11190817790530846,0.10795624690504745,-6.272866701757039,False
38,0,1952,-1.2001545513290108e-05,-0.00018623139651290001,0.44672131147540983,0.9890311709589736,-0.02342701684194229,False
38,5,1952,-0.0005120015455132901,-0.0006862313965129,0.35963114754098363,0.6321551436981697,-0.9994270168419424,False
38,10,1952,-0.0010120015455132901,-0.0011862313965129,0.2776639344262295,0.4158639394688663,-1.9754270168419423,False
38,15,1952,-0.00151200154551329,-0.0016862313965129,0.2146516393442623,0.2836367080718335,-2.951427016841942,False
38,20,1952,-0.0020120015455132897,-0.0021862313965129,0.1726434426229508,0.19978891333567836,-3.927427016841942,False
38,25,1952,-0.0025120015455132897,-0.0026862313965129,0.13883196721311475,0.1444149410025631,-4.903427016841942,False
38,30,1952,-0.00301200154551329,-0.0031862313965129,0.11116803278688525,0.10695383524049318,-5.879427016841943,False
39,0,1879,3.06772283940093e-05,-0.0003325366309883,0.45130388504523683,1.0211221150835978,0.05764251215234348,True
39,5,1879,-0.00046932277160599073,-0.0008325366309883001,0.38211814795103777,0.7306569209169879,-0.8818574878476566,False
39,10,1879,-0.0009693227716059907,-0.0013325366309883,0.3182543906333156,0.5317265875724773,-1.8213574878476566,False
39,15,1879,-0.0014693227716059908,-0.0018325366309883,0.27142096860031933,0.3936314889871643,-2.7608574878476566,False
39,20,1879,-0.001969322771605991,-0.0023325366309883,0.23150612027674294,0.29628183688413834,-3.700357487847657,False
39,25,1879,-0.002469322771605991,-0.0028325366309883,0.19531665779670038,0.22666012491701967,-4.639857487847657,False
39,30,1879,-0.002969322771605991,-0.0033325366309883,0.16817456093666844,0.17574784129999482,-5.579357487847656,False
40,0,1759,3.449819880995459e-05,-0.0003065979887172,0.4548038658328596,1.023947169078896,0.06068233170671013,True
40,5,1759,-0.00046550180119004546,-0.0008065979887172,0.3848777714610574,0.7308123523729065,-0.81881766829329,False
40,10,1759,-0.0009655018011900454,-0.0013065979887172,0.3177942012507106,0.5304096973490627,-1.69831766829329,False
40,15,1759,-0.0014655018011900454,-0.0018065979887172,0.2700397953382604,0.3918201908558395,-2.57781766829329,False
40,20,1759,-0.0019655018011900454,-0.0023065979887172,0.23138146674246732,0.29434439245065763,-3.45731766829329,False
40,25,1759,-0.002465501801190045,-0.0028065979887172,0.1955656623081296,0.22463114576065865,-4.336817668293289,False
40,30,1759,-0.002965501801190045,-0.0033065979887172002,0.16884593519044913,0.1737032196680881,-5.216317668293289,False
41,0,1728,3.340227388083945e-05,-0.00026651387569855004,0.45601851851851855,1.0201296984424928,0.057719129266090574,True
41,5,1728,-0.0004665977261191606,-0.00076651387569855,0.4039351851851852,0.7599189440685363,-0.8062808707339095,False
41,10,1728,-0.0009665977261191605,-0.00126651387569855,0.3431712962962963,0.5719152811885726,-1.6702808707339094,False
41,15,1728,-0.0014665977261191605,-0.00176651387569855,0.2881944444444444,0.43595922108362783,-2.5342808707339093,False
41,20,1728,-0.0019665977261191605,-0.00226651387569855,0.26099537037037035,0.3363027862679119,-3.3982808707339096,False
41,25,1728,-0.0024665977261191605,-0.00276651387569855,0.22280092592592593,0.26191702403226014,-4.2622808707339095,False
41,30,1728,-0.0029665977261191605,-0.00326651387569855,0.19155092592592593,0.20642573776451595,-5.126280870733909,False
42,0,1620,4.149796302309307e-05,-0.00029809704417605,0.454320987654321,1.0250897473358846,0.06722670009741077,True
42,5,1620,-0.000458502036976907,-0.00079809704417605,0.4030864197530864,0.7634974237625073,-0.7427732999025893,False
42,10,1620,-0.0009585020369769069,-0.00129809704417605,0.3419753086419753,0.5747250404242321,-1.5527732999025892,False
42,15,1620,-0.001458502036976907,-0.00179809704417605,0.2882716049382716,0.43818902140938304,-2.362773299902589,False
42,20,1620,-0.0019585020369769068,-0.00229809704417605,0.26296296296296295,0.33803036485494115,-3.1727732999025893,False
42,25,1620,-0.0024585020369769068,-0.0027980970441760502,0.22469135802469137,0.263149070398608,-3.9827732999025893,False
42,30,1620,-0.0029585020369769072,-0.00329809704417605,0.195679012345679,0.2071294138824449,-4.792773299902589,False
43,0,2128,-5.259726661973612e-05,-0.0002555235803217,0.43843984962406013,0.9530739236099218,-0.11192698336679846,False
43,5,2128,-0.0005525972666197362,-0.0007555235803217,0.35479323308270677,0.6113797602774012,-1.1759269833667987,False
43,10,2128,-0.001052597266619736,-0.0012555235803217001,0.27537593984962405,0.4036478401492337,-2.2399269833667983,False
43,15,2128,-0.001552597266619736,-0.0017555235803217001,0.2138157894736842,0.2758161128500143,-3.3039269833667984,False
43,20,2128,-0.002052597266619736,-0.0022555235803217,0.17387218045112782,0.19430081685593845,-4.367926983366798,False
43,25,2128,-0.002552597266619736,-0.0027555235803217,0.1400375939849624,0.14041895042874664,-5.4319269833667985,False
43,30,2128,-0.003052597266619736,-0.0032555235803217,0.1080827067669173,0.10410329989869373,-6.4959269833667985,False
44,0,1983,-6.403481876246317e-05,-0.0002680965147453,0.43822491174987394,0.9434847179505794,-0.12698104560596446,False
44,5,1983,-0.0005640348187624633,-0.0007680965147453,0.3560262228946041,0.6066517180057243,-1.1184810456059646,False
44,10,1983,-0.0010640348187624634,-0.0012680965147453,0.27685325264750377,0.4011167319990371,-2.1099810456059647,False
44,15,1983,-0.0015640348187624632,-0.0017680965147453,0.21633888048411498,0.27415575467032743,-3.1014810456059645,False
44,20,1983,-0.0020640348187624634,-0.0022680965147453,0.17549167927382753,0.1928586442844166,-4.092981045605965,False
44,25,1983,-0.0025640348187624634,-0.0027680965147453,0.13867876954109934,0.13932697466519284,-5.084481045605965,False
44,30,1983,-0.0030640348187624634,-0.0032680965147453,0.10791729702471003,0.10326977713414309,-6.075981045605965,False
45,0,1911,-4.9229665898660776e-05,-0.000352013517319,0.4416535845107274,0.9673730385788851,-0.09407789153234074,False
45,5,1911,-0.0005492296658986607,-0.000852013517319,0.3715332286760858,0.6955697108117149,-1.0495778915323406,False
45,10,1911,-0.001049229665898661,-0.0013520135173190001,0.3097854526425955,0.5087408695530795,-2.005077891532341,False
45,15,1911,-0.001549229665898661,-0.0018520135173190001,0.26425954997383566,0.3785197790712454,-2.960577891532341,False
45,20,1911,-0.002049229665898661,-0.002352013517319,0.22553636839351124,0.2863131443681853,-3.916077891532341,False
45,25,1911,-0.0025492296658986614,-0.002852013517319,0.19309262166405022,0.21993687187360952,-4.8715778915323416,False
45,30,1911,-0.0030492296658986605,-0.003352013517319,0.16692830978545264,0.17092279683619202,-5.8270778915323405,False
46,0,1784,-5.068631555748688e-05,-0.0003400810596881,0.4445067264573991,0.9660606542928416,-0.0904243869545566,False
46,5,1784,-0.0005506863155574869,-0.0008400810596881001,0.37331838565022424,0.6919605866585443,-0.9824243869545566,False
46,10,1784,-0.001050686315557487,-0.0013400810596880999,0.3094170403587444,0.5040892667784432,-1.8744243869545567,False
46,15,1784,-0.001550686315557487,-0.0018400810596880999,0.26289237668161436,0.3737445532654797,-2.7664243869545566,False
46,20,1784,-0.0020506863155574867,-0.0023400810596881,0.22477578475336324,0.2817938421594961,-3.6584243869545565,False
46,25,1784,-0.002550686315557487,-0.0028400810596881,0.1922645739910314,0.21570458020764793,-4.550424386954557,False
46,30,1784,-0.0030506863155574868,-0.0033400810596881,0.16704035874439463,0.16703603378030862,-5.442424386954556,False
47,0,1761,-4.272100517174012e-05,-0.0003487358326068,0.4497444633730835,0.9751837908528411,-0.07523169010743434,False
47,5,1761,-0.0005427210051717401,-0.0008487358326068,0.40090857467348096,0.7297709228660989,-0.9557316901074343,False
47,10,1761,-0.0010427210051717401,-0.0013487358326068001,0.3424190800681431,0.5511770058666692,-1.8362316901074345,False
47,15,1761,-0.0015427210051717401,-0.0018487358326068001,0.28620102214650767,0.42135129281719164,-2.7167316901074345,False
47,20,1761,-0.00204272100517174,-0.0023487358326068,0.25837592277115273,0.32596073240940177,-3.597231690107434,False
47,25,1761,-0.00254272100517174,-0.0028487358326068,0.22032935831913686,0.25443739607029847,-4.477731690107435,False
47,30,1761,-0.00304272100517174,-0.0033487358326068,0.19193639977285634,0.20077789401643104,-5.358231690107434,False
48,0,1647,-3.1479444392314385e-05,-0.0003511235955057,0.44869459623557983,0.9816125380110299,-0.05184664491414179,False
48,5,1647,-0.0005314794443923144,-0.0008511235955056999,0.4007285974499089,0.7341070005332088,-0.8753466449141418,False
48,10,1647,-0.0010314794443923143,-0.0013511235955057,0.34183363691560414,0.5543293742507382,-1.6988466449141417,False
48,15,1647,-0.0015314794443923145,-0.0018511235955057,0.286581663630844,0.42368710843217877,-2.522346644914142,False
48,20,1647,-0.0020314794443923143,-0.0023511235955057,0.2604735883424408,0.3276007218800953,-3.345846644914142,False
48,25,1647,-0.0025314794443923147,-0.0028511235955057,0.2222222222222222,0.2554885336896649,-4.1693466449141425,False
48,30,1647,-0.0030314794443923143,-0.0033511235955057,0.1955069823922283,0.2012940039687225,-4.992846644914142,False
49,0,2128,-4.41019359624489e-05,-0.0002298676374436,0.44219924812030076,0.9596710637277447,-0.09384891972809126,False
49,5,2128,-0.000544101935962449,-0.0007298676374436,0.35714285714285715,0.6093038136482167,-1.1578489197280915,False
49,10,2128,-0.001044101935962449,-0.0012298676374436,0.2730263157894737,0.39841452198695165,-2.2218489197280915,False
49,15,2128,-0.001544101935962449,-0.0017298676374436,0.20911654135338345,0.27044194235136754,-3.2858489197280916,False
49,20,2128,-0.0020441019359624486,-0.0022298676374436,0.17011278195488722,0.18965811298723942,-4.349848919728091,False
49,25,2128,-0.0025441019359624486,-0.0027298676374436,0.1362781954887218,0.13644520832594872,-5.413848919728091,False
49,30,2128,-0.0030441019359624486,-0.0032298676374436,0.10667293233082707,0.1008546013397375,-6.477848919728091,False
50,0,1980,-4.148798075589509e-05,-0.0002298676374436,0.4444444444444444,0.9620637215291724,-0.08214620189667227,False
50,5,1980,-0.0005414879807558951,-0.0007298676374436,0.3595959595959596,0.6108976420158507,-1.0721462018966723,False
50,10,1980,-0.0010414879807558951,-0.0012298676374436,0.27575757575757576,0.39911590332569913,-2.0621462018966725,False
50,15,1980,-0.0015414879807558951,-0.0017298676374436,0.21161616161616162,0.2705554720746689,-3.0521462018966723,False
50,20,1980,-0.002041487980755895,-0.0022298676374436,0.17272727272727273,0.18922294356166297,-4.0421462018966725,False
50,25,1980,-0.002541487980755895,-0.0027298676374436,0.13585858585858585,0.13581285588951744,-5.032146201896673,False
50,30,1980,-0.0030414879807558956,-0.0032298676374436,0.10656565656565657,0.10021187550858576,-6.022146201896673,False
51,0,1906,1.2430351968396048e-05,-0.00032465438865005003,0.44700944386149005,1.0085062240114098,0.023692250851762867,True
51,5,1906,-0.00048756964803160405,-0.00082465438865005,0.3761804826862539,0.7220306060985947,-0.9293077491482373,False
51,10,1906,-0.000987569648031604,-0.00132465438865005,0.3147953830010493,0.5259670080398108,-1.8823077491482374,False
51,15,1906,-0.0014875696480316039,-0.00182465438865005,0.2707240293809024,0.3897344598506243,-2.835307749148237,False
51,20,1906,-0.001987569648031604,-0.0023246543886500503,0.22822665267576075,0.2936862538392039,-3.7883077491482373,False
51,25,1906,-0.002487569648031604,-0.00282465438865005,0.195697796432319,0.22490052133397515,-4.741307749148237,False
51,30,1906,-0.002987569648031604,-0.0033246543886500503,0.16841552990556138,0.17427717636492288,-5.694307749148237,False
52,0,1780,3.0152308783827872e-05,-0.00028661509949785,0.45280898876404496,1.021024406768804,0.05367110963521361,True
52,5,1780,-0.00046984769121617215,-0.00078661509949785,0.3797752808988764,0.727555656659477,-0.8363288903647864,False
52,10,1780,-0.0009698476912161721,-0.00128661509949785,0.31573033707865167,0.5274848803538656,-1.7263288903647864,False
52,15,1780,-0.0014698476912161722,-0.00178661509949785,0.2702247191011236,0.38925984125272106,-2.6163288903647866,False
52,20,1780,-0.0019698476912161722,-0.0022866150994978497,0.22808988764044943,0.2922267178007062,-3.5063288903647862,False
52,25,1780,-0.0024698476912161722,-0.00278661509949785,0.1943820224719101,0.22304719621397984,-4.396328890364787,False
52,30,1780,-0.0029698476912161727,-0.0032866150994978497,0.16853932584269662,0.17229657149876754,-5.286328890364787,False
53,0,1754,7.155645260056818e-07,-0.00033860012152985,0.45153933865450396,1.0004256185208786,0.001255100178613966,True
53,5,1754,-0.0004992844354739943,-0.00083860012152985,0.403078677309008,0.746205131049516,-0.8757448998213861,False
53,10,1754,-0.0009992844354739943,-0.00133860012152985,0.3483466362599772,0.5618137229066383,-1.7527448998213861,False
53,15,1754,-0.0014992844354739946,-0.0018386001215298501,0.2896237172177879,0.4279323951638377,-2.6297448998213864,False
53,20,1754,-0.0019992844354739946,-0.00233860012152985,0.2611174458380844,0.3298740729010532,-3.506744899821386,False
53,25,1754,-0.0024992844354739946,-0.0028386001215298497,0.22234891676168758,0.2566968145294489,-4.383744899821386,False
53,30,1754,-0.0029992844354739946,-0.00333860012152985,0.19099201824401368,0.2020553098552354,-5.260744899821386,False
54,0,1641,1.1369236123806262e-05,-0.0003422020703226,0.4509445460085314,1.0068542481683396,0.018656916479166077,True
54,5,1641,-0.0004886307638761937,-0.0008422020703226,0.4015843997562462,0.7488111347584729,-0.801843083520834,False
54,10,1641,-0.000988630763876194,-0.0013422020703226,0.34673979280926265,0.5624446085447282,-1.6223430835208341,False
54,15,1641,-0.0014886307638761935,-0.0018422020703226,0.28762949421084705,0.4275394731703448,-2.4428430835208337,False
54,20,1641,-0.0019886307638761935,-0.0023422020703226,0.26081657525898844,0.32897704345702106,-3.2633430835208337,False
54,25,1641,-0.002488630763876194,-0.0028422020703226,0.2205971968312005,0.25556585981352636,-4.083843083520835,False
54,30,1641,-0.0029886307638761936,-0.0033422020703226,0.19134673979280925,0.20083341408050084,-4.904343083520834,False
55,0,3229,1.573179114436439e-06,-0.0001964298868072,0.4375967791886033,1.0016097863403632,0.0050797953605152615,True
55,5,3229,-0.0004984268208855636,-0.0006964298868072,0.3490244657788789,0.6105922775773913,-1.6094202046394848,False
55,10,3229,-0.0009984268208855635,-0.0011964298868072,0.26788479405388665,0.38600630374276174,-3.2239202046394846,False
55,15,3229,-0.0014984268208855637,-0.0016964298868072,0.20997212759368225,0.2534552134043331,-4.838420204639485,False
55,20,3229,-0.0019984268208855637,-0.0021964298868072,0.16599566429235058,0.1720735981046509,-6.452920204639485,False
55,25,3229,-0.0024984268208855633,-0.0026964298868072,0.12852276246515948,0.12045609573687485,-8.067420204639484,False
55,30,3229,-0.0029984268208855633,-0.0031964298868072,0.1025085165685971,0.08669749788327095,-9.681920204639484,False
56,0,2511,-1.217989799986366e-05,-0.0002705104919425,0.42731979291119077,0.9877500316095723,-0.030583723877657648,False
56,5,2511,-0.0005121798979998638,-0.0007705104919425,0.3424930306650737,0.6063559838564696,-1.286083723877658,False
56,10,2511,-0.0010121798979998637,-0.0012705104919425,0.26762246117084826,0.38606018882808946,-2.5415837238776575,False
56,15,2511,-0.0015121798979998637,-0.0017705104919425,0.20987654320987653,0.2550341089247963,-3.797083723877658,False
56,20,2511,-0.002012179897999864,-0.0022705104919425,0.16487455197132617,0.1743033642435359,-5.0525837238776585,False
56,25,2511,-0.002512179897999864,-0.0027705104919425,0.1306252489048188,0.12263632771330644,-6.308083723877658,False
56,30,2511,-0.0030121798979998635,-0.0032705104919425,0.1039426523297491,0.0886985144257757,-7.563583723877658,False
57,0,2910,3.865775048255944e-05,-0.00027133151758779997,0.447766323024055,1.030114682616944,0.11249405390424796,True
57,5,2910,-0.0004613422495174406,-0.0007713315175878,0.37869415807560136,0.7071477542711405,-1.3425059460957522,False
57,10,2910,-0.0009613422495174406,-0.0012713315175878,0.3089347079037801,0.49505017710700266,-2.797505946095752,False
57,15,2910,-0.0014613422495174406,-0.0017713315175878,0.26288659793814434,0.353714674489576,-4.252505946095752,False
57,20,2910,-0.0019613422495174406,-0.0022713315175878,0.21649484536082475,0.2576600625336523,-5.707505946095752,False
57,25,2910,-0.0024613422495174406,-0.0027713315175878,0.1810996563573883,0.19108228316130796,-7.162505946095752,False
57,30,2910,-0.0029613422495174406,-0.0032713315175878,0.14776632302405499,0.14433015676576003,-8.617505946095752,False
58,0,2239,-1.503511489180782e-05,-0.0002978258711406,0.4457347029924073,0.9886528141212791,-0.03366362224275771,False
58,5,2239,-0.0005150351148918078,-0.0007978258711406,0.376507369361322,0.6817381001926716,-1.1531636222427577,False
58,10,2239,-0.001015035114891808,-0.0012978258711406,0.3041536400178651,0.47915199282623827,-2.272663622242758,False
58,15,2239,-0.001515035114891808,-0.0017978258711406,0.2572577043322912,0.3437833316837578,-3.392163622242758,False
58,20,2239,-0.0020150351148918075,-0.0022978258711406,0.20768200089325592,0.25164683231179263,-4.511663622242757,False
58,25,2239,-0.002515035114891808,-0.0027978258711406,0.17150513622152747,0.1882357929894299,-5.631163622242758,False
58,30,2239,-0.003015035114891808,-0.0032978258711406,0.14470745868691381,0.14333584149507858,-6.750663622242758,False
59,0,2638,7.69194357518465e-05,-0.0001756311829984,0.4643669446550417,1.0503128687438237,0.20291347151337105,True
59,5,2638,-0.00042308056424815357,-0.0006756311829984,0.39992418498862775,0.766392772036718,-1.116086528486629,False
59,10,2638,-0.0009230805642481535,-0.0011756311829984,0.34420015163002277,0.5657497547904307,-2.4350865284866288,False
59,15,2638,-0.0014230805642481534,-0.0016756311829984,0.29226686884003034,0.42288076179031936,-3.7540865284866287,False
59,20,2638,-0.0019230805642481534,-0.0021756311829984,0.25435936315390445,0.3204713605687345,-5.073086528486629,False
59,25,2638,-0.0024230805642481536,-0.0026756311829984002,0.21455648218347234,0.24592373795579145,-6.3920865284866295,False
59,30,2638,-0.002923080564248153,-0.0031756311829984002,0.18309325246398786,0.19134198350768553,-7.711086528486629,False
60,0,2045,7.03231867386773e-05,-0.0002136599957267,0.458679706601467,1.0455051512374316,0.14381091688059505,True
60,5,2045,-0.0004296768132613228,-0.0007136599957267,0.39559902200489,0.7651899891529218,-0.8786890831194051,False
60,10,2045,-0.0009296768132613228,-0.0012136599957267,0.34180929095354523,0.5666498602355732,-1.9011890831194052,False
60,15,2045,-0.0014296768132613228,-0.0017136599957267,0.28948655256723715,0.42503674925434415,-2.923689083119405,False
60,20,2045,-0.0019296768132613228,-0.0022136599957267,0.254278728606357,0.3233505043869126,-3.946189083119405,False
60,25,2045,-0.002429676813261323,-0.0027136599957267,0.21418092909535452,0.24890234732718533,-4.968689083119405,False
60,30,2045,-0.002929676813261323,-0.0032136599957267,0.1843520782396088,0.19418689018799967,-5.991189083119405,False
61,0,3316,-3.4211905398450415e-05,-0.00023154725715714998,0.4369722557297949,0.9654349649717247,-0.11344667830126157,False
61,5,3316,-0.0005342119053984505,-0.00073154725715715,0.3471049457177322,0.5869405664047668,-1.7714466783012617,False
61,10,3316,-0.0010342119053984504,-0.0012315472571571501,0.26387213510253316,0.36944337576801634,-3.4294466783012614,False
61,15,3316,-0.0015342119053984504,-0.0017315472571571501,0.2059710494571773,0.2418629633032528,-5.087446678301261,False
61,20,3316,-0.0020342119053984504,-0.00223154725715715,0.16224366706875754,0.16358244984494846,-6.745446678301262,False
61,25,3316,-0.0025342119053984504,-0.00273154725715715,0.12515078407720145,0.11400992134894594,-8.403446678301261,False
61,30,3316,-0.003034211905398451,-0.00323154725715715,0.09861278648974668,0.08192587196059714,-10.061446678301262,False
62,0,2577,-6.476897216368935e-05,-0.0002912338607902,0.42258440046565776,0.9357860183005046,-0.16690964126582747,False
62,5,2577,-0.0005647689721636894,-0.0007912338607902,0.33798991074893286,0.5717513212180043,-1.4554096412658275,False
62,10,2577,-0.0010647689721636894,-0.0012912338607902,0.2580519984478075,0.36230987337248,-2.7439096412658275,False
62,15,2577,-0.0015647689721636894,-0.0017912338607902001,0.20062087698874662,0.23888609676415085,-4.0324096412658275,False
62,20,2577,-0.002064768972163689,-0.0022912338607902,0.16065192083818394,0.16278781422450797,-5.320909641265827,False
62,25,2577,-0.002564768972163689,-0.0027912338607902,0.1237873496313543,0.11401328798290221,-6.609409641265827,False
62,30,2577,-0.0030647689721636892,-0.0032912338607902,0.09778812572759023,0.08252726535684025,-7.897909641265827,False
63,0,2992,2.097050580226165e-05,-0.00025478304039445,0.4535427807486631,1.016149823028076,0.06274375336036686,True
63,5,2992,-0.0004790294941977384,-0.00075478304039445,0.3783422459893048,0.6985793515124991,-1.4332562466396332,False
63,10,2992,-0.0009790294941977385,-0.0012547830403944501,0.3108288770053476,0.4893906634803456,-2.9292562466396332,False
63,15,2992,-0.0014790294941977385,-0.0017547830403944501,0.2630347593582888,0.3495521086329994,-4.425256246639633,False
63,20,2992,-0.001979029494197738,-0.00225478304039445,0.2179144385026738,0.2543946921601029,-5.921256246639633,False
63,25,2992,-0.0024790294941977385,-0.00275478304039445,0.18516042780748662,0.18804864890553863,-7.417256246639633,False
63,30,2992,-0.0029790294941977385,-0.00325478304039445,0.15106951871657753,0.14123453355773546,-8.913256246639634,False
64,0,2312,-7.841819455741313e-05,-0.00031075510926705,0.4455017301038062,0.9417611164279267,-0.18130286581673916,False
64,5,2312,-0.0005784181945574133,-0.0008107551092670501,0.3737024221453287,0.6474910422613572,-1.3373028658167394,False
64,10,2312,-0.0010784181945574132,-0.00131075510926705,0.30017301038062283,0.4532202678908446,-2.493302865816739,False
64,15,2312,-0.0015784181945574132,-0.00181075510926705,0.24870242214532873,0.3240173947209751,-3.6493028658167392,False
64,20,2312,-0.0020784181945574134,-0.00231075510926705,0.20328719723183392,0.23649195043417245,-4.805302865816739,False
64,25,2312,-0.002578418194557413,-0.00281075510926705,0.1695501730103806,0.1760185382019874,-5.961302865816739,False
64,30,2312,-0.0030784181945574134,-0.00331075510926705,0.14186851211072665,0.13307107241037044,-7.11730286581674,False
65,0,2710,2.897565746102722e-05,-0.0001823232046356,0.4653136531365314,1.0183945843690647,0.07852403171938377,True
65,5,2710,-0.00047102434253897284,-0.0006823232046356,0.4014760147601476,0.7463430156258096,-1.2764759682806164,False
65,10,2710,-0.0009710243425389729,-0.0011823232046356,0.34243542435424357,0.5529478296621942,-2.6314759682806166,False
65,15,2710,-0.001471024342538973,-0.0016823232046356,0.28892988929889296,0.41483353531518297,-3.9864759682806166,False
65,20,2710,-0.001971024342538973,-0.0021823232046356,0.25055350553505534,0.3155794711620058,-5.3414759682806165,False
65,25,2710,-0.002471024342538973,-0.0026823232046356,0.2095940959409594,0.24324674383753975,-6.696475968280616,False
65,30,2710,-0.002971024342538973,-0.0031823232046356,0.18228782287822878,0.1900203374742114,-8.051475968280617,False
66,0,2100,2.4669845059638187e-06,-0.00030790588352175004,0.45,1.0015554217426426,0.005180667462524019,True
66,5,2100,-0.0004975330154940363,-0.0008079058835217499,0.38952380952380955,0.7346542084786956,-1.0448193325374762,False
66,10,2100,-0.0009975330154940363,-0.00130790588352175,0.33904761904761904,0.5451375601090012,-2.094819332537476,False
66,15,2100,-0.0014975330154940363,-0.00180790588352175,0.2876190476190476,0.40957598482677315,-3.1448193325374763,False
66,20,2100,-0.0019975330154940363,-0.0023079058835217504,0.2519047619047619,0.311855496667823,-4.1948193325374765,False
66,25,2100,-0.0024975330154940363,-0.00280790588352175,0.20857142857142857,0.24029638264737763,-5.244819332537476,False
66,30,2100,-0.0029975330154940363,-0.0033079058835217504,0.18,0.187875744581901,-6.294819332537476,False
67,0,3400,-6.456191474437868e-05,-0.00025766294224250003,0.42911764705882355,0.9351031756222258,-0.21951051013088752,False
67,5,3400,-0.0005645619147443787,-0.0007576629422425,0.33852941176470586,0.5664671932560353,-1.9195105101308876,False
67,10,3400,-0.0010645619147443787,-0.0012576629422424998,0.25529411764705884,0.3566040225109376,-3.6195105101308878,False
67,15,3400,-0.0015645619147443789,-0.0017576629422424998,0.1973529411764706,0.23402697631689398,-5.319510510130888,False
67,20,3400,-0.0020645619147443787,-0.0022576629422425,0.15794117647058822,0.15891190904454228,-7.019510510130887,False
67,25,3400,-0.002564561914744379,-0.0027576629422425003,0.12,0.11120787955756704,-8.719510510130888,False
67,30,3400,-0.0030645619147443787,-0.0032576629422425,0.09588235294117647,0.08030309795589743,-10.419510510130888,False
68,0,2579,-6.665536207614487e-05,-0.0002705104919425,0.42613416052733616,0.9334595899423125,-0.1719041787943776,False
68,5,2579,-0.000566655362076145,-0.0007705104919425,0.33734005428460645,0.567550713919027,-1.461404178794378,False
68,10,2579,-0.001066655362076145,-0.0012705104919425,0.25591314462970144,0.358361442107421,-2.7509041787943778,False
68,15,2579,-0.0015666553620761448,-0.0017705104919425,0.19813881349360218,0.2357770524227839,-4.040404178794377,False
68,20,2579,-0.002066655362076145,-0.0022705104919425,0.15820085304381543,0.16056334709663297,-5.3299041787943775,False
68,25,2579,-0.002566655362076145,-0.0027705104919425,0.1221403644823575,0.11225538848760441,-6.619404178794378,False
68,30,2579,-0.0030666553620761453,-0.0032705104919425,0.09732454439705313,0.08107245226278013,-7.908904178794378,False
69,0,3072,3.4303198921907395e-05,-0.0002651298564814,0.4524739583333333,1.026527910790812,0.10537942708809953,True
69,5,3072,-0.0004656968010780926,-0.0007651298564813999,0.3802083333333333,0.705997228668782,-1.4306205729119006,False
69,10,3072,-0.0009656968010780926,-0.0012651298564814,0.3134765625,0.49459621041855933,-2.9666205729119004,False
69,15,3072,-0.0014656968010780926,-0.0017651298564814,0.263671875,0.3533588530227855,-4.5026205729119,False
69,20,3072,-0.0019656968010780926,-0.0022651298564814,0.21451822916666666,0.2575864538066813,-6.038620572911901,False
69,25,3072,-0.0024656968010780926,-0.0027651298564814,0.18131510416666666,0.19119856322555515,-7.5746205729119005,False
69,30,3072,-0.002965696801078093,-0.0032651298564814,0.150390625,0.14433425238753228,-9.110620572911902,False
70,0,2314,-3.319015043642518e-05,-0.0003018072127734,0.44684528954191877,0.9750881395191409,-0.07680200810988785,False
70,5,2314,-0.0005331901504364253,-0.0008018072127734,0.37683664649956783,0.6721473802047229,-1.2338020081098882,False
70,10,2314,-0.001033190150436425,-0.0013018072127734,0.30682800345721695,0.47155129685294744,-2.3908020081098877,False
70,15,2314,-0.001533190150436425,-0.0018018072127734,0.2541054451166811,0.33760508779374027,-3.5478020081098878,False
70,20,2314,-0.0020331901504364253,-0.0023018072127734,0.20570440795159897,0.24697337171509315,-4.704802008109888,False
70,25,2314,-0.0025331901504364257,-0.0028018072127734004,0.168971477960242,0.18467475398305333,-5.861802008109889,False
70,30,2314,-0.0030331901504364257,-0.0033018072127734,0.14477095937770096,0.14037073615831605,-7.018802008109889,False
71,0,2777,6.39524638836589e-05,-0.0001758087201123,0.4670507742167807,1.0421827886449833,0.17759599220492076,True
71,5,2777,-0.0004360475361163411,-0.0006758087201123,0.4022326251350378,0.7573448235104269,-1.2109040077950792,False
71,10,2777,-0.0009360475361163412,-0.0011758087201123,0.33993518185091826,0.5570001052353035,-2.5994040077950795,False
71,15,2777,-0.001436047536116341,-0.0016758087201123,0.28700036010082824,0.4153122007905163,-3.987904007795079,False
71,20,2777,-0.0019360475361163412,-0.0021758087201123,0.24954987396471012,0.3140524499153167,-5.376404007795079,False
71,25,2777,-0.002436047536116341,-0.0026758087201123,0.20741807706157725,0.24070889337565082,-6.76490400779508,False
71,30,2777,-0.0029360475361163408,-0.0031758087201123,0.17680950666186532,0.18727634700486046,-8.153404007795078,False
72,0,2104,4.118251313782694e-05,-0.0002909643950892,0.45104562737642584,1.0266346370027768,0.08664800764198788,True
72,5,2104,-0.00045881748686217306,-0.0007909643950892001,0.38593155893536124,0.7500637871356103,-0.9653519923580122,False
72,10,2104,-0.0009588174868621729,-0.0012909643950892,0.3350760456273764,0.5552230572040913,-2.017351992358012,False
72,15,2104,-0.001458817486862173,-0.0017909643950892,0.28659695817490494,0.4164893641618679,-3.069351992358012,False
72,20,2104,-0.0019588174868621733,-0.0022909643950892,0.25190114068441066,0.3166227271803173,-4.121351992358012,False
72,25,2104,-0.002458817486862173,-0.0027909643950892,0.20817490494296578,0.24371932298198748,-5.173351992358012,False
72,30,2104,-0.0029588174868621733,-0.0032909643950892,0.17775665399239543,0.19045708451266624,-6.2253519923580125,False
73,0,2032,-1.3604663786848434e-06,-0.00025635086017625,0.4301181102362205,0.9986796192499237,-0.002764467681487602,False
73,5,2032,-0.0005013604663786849,-0.0007563508601762499,0.3454724409448819,0.6247075977796919,-1.0187644676814878,False
73,10,2032,-0.001001360466378685,-0.00125635086017625,0.27411417322834647,0.40482427628730666,-2.0347644676814878,False
73,15,2032,-0.0015013604663786848,-0.00175635086017625,0.22096456692913385,0.2712014793598198,-3.0507644676814873,False
73,20,2032,-0.0020013604663786846,-0.0022563508601762504,0.17864173228346455,0.18679486343452992,-4.066764467681487,False
73,25,2032,-0.0025013604663786846,-0.00275635086017625,0.13631889763779528,0.1323155497597898,-5.082764467681487,False
73,30,2032,-0.0030013604663786846,-0.0032563508601762504,0.11072834645669291,0.09620394696847212,-6.098764467681487,False
74,0,1712,-6.822321482093798e-06,-0.00030194154728299997,0.4205607476635514,0.9934304526348371,-0.011679814377344583,False
74,5,1712,-0.0005068223214820939,-0.000801941547283,0.3358644859813084,0.6241461945176188,-0.8676798143773448,False
74,10,1712,-0.0010068223214820939,-0.001301941547283,0.27044392523364486,0.4071365880901311,-1.7236798143773446,False
74,15,1712,-0.0015068223214820939,-0.001801941547283,0.21845794392523366,0.27459839842588724,-2.5796798143773447,False
74,20,1712,-0.0020068223214820937,-0.0023019415472830002,0.17757009345794392,0.1903278570799011,-3.4356798143773446,False
74,25,1712,-0.0025068223214820937,-0.002801941547283,0.1366822429906542,0.1356026240028887,-4.2916798143773445,False
74,30,1712,-0.0030068223214820937,-0.0033019415472830002,0.11273364485981309,0.0991556507997814,-5.147679814377344,False
75,0,1792,0.00011183673253530727,-0.0002895403299104,0.4486607142857143,1.0841415503893288,0.2004114247032706,True
75,5,1792,-0.00038816326746469277,-0.0007895403299104,0.38504464285714285,0.7602738019416763,-0.6955885752967295,False
75,10,1792,-0.0008881632674646927,-0.0012895403299104,0.31473214285714285,0.5434984371688251,-1.5915885752967294,False
75,15,1792,-0.0013881632674646925,-0.0017895403299104,0.27120535714285715,0.39655894625535,-2.487588575296729,False
75,20,1792,-0.0018881632674646927,-0.0022895403299104,0.22823660714285715,0.29428364011229596,-3.3835885752967294,False
75,25,1792,-0.0023881632674646928,-0.0027895403299104003,0.19475446428571427,0.22223664048229952,-4.27958857529673,False
75,30,1792,-0.0028881632674646923,-0.0032895403299104,0.16573660714285715,0.17024686852533655,-5.175588575296729,False
76,0,1504,0.00010652009350042809,-0.00029919847810110003,0.449468085106383,1.0809672469046365,0.16020622062464385,True
76,5,1504,-0.000393479906499572,-0.0007991984781011,0.3849734042553192,0.7550050554719776,-0.5917937793753563,False
76,10,1504,-0.0008934799064995719,-0.0012991984781011,0.3098404255319149,0.5379338208926616,-1.343793779375356,False
76,15,1504,-0.001393479906499572,-0.0017991984781011,0.26595744680851063,0.39183623844666476,-2.0957937793753563,False
76,20,1504,-0.0018934799064995718,-0.0022991984781011,0.21875,0.29079918896566787,-2.847793779375356,False
76,25,1504,-0.002393479906499572,-0.0027991984781011,0.1875,0.22017251274619962,-3.5997937793753563,False
76,30,1504,-0.002893479906499572,-0.0032991984781011,0.16023936170212766,0.1691150150444462,-4.351793779375356,False
77,0,1615,0.00012949494970963834,-0.0002344459748556,0.46191950464396286,1.083453631563695,0.20913434378106593,True
77,5,1615,-0.00037050505029036175,-0.0007344459748556,0.4,0.7981317849598474,-0.5983656562189342,False
77,10,1615,-0.0008705050502903618,-0.0012344459748556001,0.33746130030959753,0.5953468147901007,-1.4058656562189342,False
77,15,1615,-0.0013705050502903614,-0.0017344459748556001,0.2873065015479876,0.4509075806925292,-2.213365656218934,False
77,20,1615,-0.0018705050502903617,-0.0022344459748556,0.2520123839009288,0.3464611963379941,-3.020865656218934,False
77,25,1615,-0.0023705050502903615,-0.0027344459748556,0.21176470588235294,0.26996343842361,-3.828365656218934,False
77,30,1615,-0.002870505050290362,-0.0032344459748556,0.18204334365325078,0.21348136037359788,-4.635865656218934,False
78,0,1365,0.00014211939896553713,-0.0001700391089951,0.46886446886446886,1.092359408697892,0.1939929795879582,True
78,5,1365,-0.00035788060103446296,-0.0006700391089951,0.4065934065934066,0.8033086457127699,-0.4885070204120419,False
78,10,1365,-0.000857880601034463,-0.0011700391089951,0.34065934065934067,0.597746781133019,-1.171007020412042,False
78,15,1365,-0.001357880601034463,-0.0016700391089951,0.2886446886446886,0.4516516402394169,-1.8535070204120419,False
78,20,1365,-0.001857880601034463,-0.0021700391089951,0.2542124542124542,0.34628650577308784,-2.536007020412042,False
78,25,1365,-0.0023578806010344628,-0.0026700391089951,0.2153846153846154,0.2690723278029392,-3.2185070204120416,False
78,30,1365,-0.002857880601034463,-0.0031700391089951,0.18608058608058609,0.21185062448156325,-3.9010070204120417,False
79,0,2074,-5.916499160548662e-05,-0.00028805265093295,0.4267116682738669,0.9440908050332771,-0.12270819258977925,False
79,5,2074,-0.0005591649916054866,-0.0007880526509329499,0.34474445515911284,0.59052978916504,-1.1597081925897794,False
79,10,2074,-0.0010591649916054868,-0.00128805265093295,0.27049180327868855,0.3815494981913504,-2.1967081925897793,False
79,15,2074,-0.0015591649916054866,-0.00178805265093295,0.21456123432979748,0.2550325968696908,-3.2337081925897793,False
79,20,2074,-0.002059164991605487,-0.0022880526509329504,0.17743490838958534,0.17478442219294932,-4.27070819258978,False
79,25,2074,-0.0025591649916054866,-0.00278805265093295,0.133076181292189,0.12290960095422471,-5.3077081925897796,False
79,30,2074,-0.0030591649916054866,-0.0032880526509329504,0.1051108968177435,0.08913989198345267,-6.3447081925897795,False
80,0,1746,-8.061722925187722e-05,-0.000336888687025,0.41580756013745707,0.9255956415123534,-0.14075768227377763,False
80,5,1746,-0.0005806172292518773,-0.000836888687025,0.33505154639175255,0.5839935567661081,-1.0137576822737777,False
80,10,1746,-0.0010806172292518773,-0.0013368886870249999,0.2663230240549828,0.3810215691089031,-1.8867576822737777,False
80,15,1746,-0.0015806172292518771,-0.0018368886870249999,0.213631156930126,0.25687146486273,-2.7597576822737775,False
80,20,1746,-0.0020806172292518773,-0.002336888687025,0.17812142038946163,0.17725849384868175,-3.6327576822737777,False
80,25,1746,-0.0025806172292518774,-0.0028368886870250003,0.13402061855670103,0.12545796771787784,-4.505757682273778,False
80,30,1746,-0.0030806172292518774,-0.003336888687025,0.10710194730813287,0.09154851306520365,-5.378757682273778,False
81,0,1837,7.35540640083948e-06,-0.0003250975292587,0.4442025040827436,1.0052728556764912,0.013511881558342126,True
81,5,1837,-0.0004926445935991606,-0.0008250975292587,0.38160043549265105,0.7079557155585051,-0.9049881184416579,False
81,10,1837,-0.0009926445935991607,-0.0013250975292587001,0.30647795318454,0.5073996767776844,-1.823488118441658,False
81,15,1837,-0.0014926445935991605,-0.0018250975292587002,0.26238432226456176,0.3712919058992876,-2.741988118441658,False
81,20,1837,-0.0019926445935991607,-0.0023250975292587,0.2221012520413718,0.2762675687413708,-3.6604881184416582,False
81,25,1837,-0.0024926445935991607,-0.0028250975292587,0.19107240065323897,0.20889946382868838,-4.578988118441658,False
81,30,1837,-0.0029926445935991607,-0.0033250975292587,0.16439847577572128,0.15979391671438006,-5.497488118441658,False
82,0,1539,-1.5055938190874111e-05,-0.0003410641200546,0.44314489928525014,0.989135211141392,-0.023171088875755256,False
82,5,1539,-0.0005150559381908741,-0.0008410641200546,0.3807667316439246,0.6931509581445503,-0.7926710888757553,False
82,10,1539,-0.0010150559381908741,-0.0013410641200546,0.3014944769330734,0.49462499129417403,-1.5621710888757554,False
82,15,1539,-0.0015150559381908741,-0.0018410641200546,0.2566601689408707,0.3608854738673266,-2.3316710888757552,False
82,20,1539,-0.002015055938190874,-0.0023410641200546003,0.21182586094866795,0.2682057515140443,-3.101171088875755,False
82,25,1539,-0.0025150559381908744,-0.0028410641200546,0.18323586744639375,0.20300621759133183,-3.8706710888757554,False
82,30,1539,-0.003015055938190874,-0.0033410641200546003,0.1585445094217024,0.15547237199040262,-4.640171088875755,False
83,0,1649,3.273270969789244e-05,-0.0002930259816369,0.4536082474226804,1.020265499352501,0.05397623829182463,True
83,5,1649,-0.00046726729030210765,-0.0007930259816369,0.3953911461491813,0.7542889097474273,-0.7705237617081755,False
83,10,1649,-0.0009672672903021076,-0.0012930259816369,0.3335354760460885,0.5642738629960004,-1.5950237617081755,False
83,15,1649,-0.0014672672903021076,-0.0017930259816369,0.2819890842935112,0.4283842136125362,-2.4195237617081755,False
83,20,1649,-0.001967267290302108,-0.0022930259816369,0.24681625227410553,0.3298843786576624,-3.2440237617081755,False
83,25,1649,-0.002467267290302108,-0.0027930259816369,0.20921770770163736,0.25737391403794796,-4.0685237617081755,False
83,30,1649,-0.002967267290302108,-0.0032930259816369,0.1795027289266222,0.20378741208727727,-4.893023761708176,False
84,0,1392,6.853465494182814e-05,-0.0002176176298166,0.45905172413793105,1.0431311121794244,0.09540023967902476,True
84,5,1392,-0.00043146534505817183,-0.0007176176298166,0.40229885057471265,0.7696801899506241,-0.6005997603209752,False
84,10,1392,-0.0009314653450581717,-0.0012176176298166002,0.3390804597701149,0.5743901142632819,-1.2965997603209751,False
84,15,1392,-0.001431465345058172,-0.0017176176298166002,0.28663793103448276,0.43486872781353025,-1.9925997603209753,False
84,20,1392,-0.001931465345058172,-0.0022176176298165998,0.2514367816091954,0.33395167125565567,-2.6885997603209755,False
84,25,1392,-0.002431465345058172,-0.0027176176298166,0.21551724137931033,0.25956710939041444,-3.384599760320975,False
84,30,1392,-0.002931465345058172,-0.0032176176298166,0.1853448275862069,0.20450137996927473,-4.080599760320975,False
85,0,2110,-9.552248444624077e-05,-0.000294054118928,0.42227488151658765,0.9107366380504526,-0.20155244218156804,False
85,5,2110,-0.0005955224844462408,-0.000794054118928,0.33933649289099527,0.5683831921849893,-1.2565524421815681,False
85,10,2110,-0.0010955224844462408,-0.001294054118928,0.2677725118483412,0.36652852354322596,-2.311552442181568,False
85,15,2110,-0.001595522484446241,-0.001794054118928,0.209478672985782,0.24457710594211468,-3.3665524421815682,False
85,20,2110,-0.0020955224844462408,-0.002294054118928,0.17061611374407584,0.1678367764155433,-4.421552442181568,False
85,25,2110,-0.0025955224844462408,-0.002794054118928,0.12938388625592417,0.1181419573623555,-5.476552442181568,False
85,30,2110,-0.0030955224844462404,-0.003294054118928,0.1037914691943128,0.08565709890779348,-6.531552442181567,False
86,0,1754,-8.286443673435895e-05,-0.00031846805225224997,0.4184720638540479,0.9227218950716376,-0.1453442220320656,False
86,5,1754,-0.000582864436734359,-0.00081846805225225,0.3363740022805017,0.5785185062971151,-1.0223442220320655,False
86,10,1754,-0.001082864436734359,-0.00131846805225225,0.26738882554161914,0.3751361857906223,-1.8993442220320658,False
86,15,1754,-0.001582864436734359,-0.00181846805225225,0.21265678449258837,0.251332570388655,-2.7763442220320655,False
86,20,1754,-0.002082864436734359,-0.00231846805225225,0.1750285062713797,0.17286930147339363,-3.6533442220320658,False
86,25,1754,-0.0025828644367343586,-0.00281846805225225,0.13169897377423034,0.12177241207909054,-4.530344222032065,False
86,30,1754,-0.003082864436734359,-0.00331846805225225,0.10718358038768529,0.08844188569802126,-5.407344222032066,False
87,0,1859,4.622197389130602e-05,-0.0002976781107362,0.4480903711672942,1.0339386766978231,0.0859266494639379,True
87,5,1859,-0.00045377802610869404,-0.0007976781107362,0.38246369015599785,0.7255547390724133,-0.8435733505360622,False
87,10,1859,-0.0009537780261086939,-0.0012976781107362,0.31199569661108123,0.5183345802476286,-1.773073350536062,False
87,15,1859,-0.0014537780261086942,-0.0017976781107362,0.2673480365788058,0.37775510453334077,-2.7025733505360625,False
87,20,1859,-0.0019537780261086944,-0.0022976781107362,0.22108660570199032,0.28029126245197566,-3.6320733505360625,False
87,25,1859,-0.0024537780261086935,-0.0027976781107362,0.1893491124260355,0.21166434677644128,-4.561573350536062,False
87,30,1859,-0.002953778026108694,-0.0032976781107362002,0.16245293168370092,0.16198348272733878,-5.4910733505360625,False
88,0,1542,5.4107092124108515e-05,-0.00030569446620125,0.446822308690013,1.0403576104523018,0.08343313605537533,True
88,5,1542,-0.00044589290787589147,-0.0008056944662012499,0.383916990920882,0.7268228582727734,-0.6875668639446246,False
88,10,1542,-0.0009458929078758914,-0.00130569446620125,0.3093385214007782,0.5173067932573961,-1.4585668639446245,False
88,15,1542,-0.0014458929078758913,-0.00180569446620125,0.26329442282749677,0.376092381028487,-2.2295668639446244,False
88,20,1542,-0.0019458929078758913,-0.00230569446620125,0.2140077821011673,0.2788891678778721,-3.0005668639446244,False
88,25,1542,-0.002445892907875891,-0.0028056944662012504,0.1835278858625162,0.21106899635889467,-3.7715668639446243,False
88,30,1542,-0.0029458929078758915,-0.00330569446620125,0.1582360570687419,0.16185072084508081,-4.542566863944625,False
89,0,1669,0.00013752509079852855,-0.0002443195699975,0.46075494307968845,1.0900528018986118,0.22952937654274416,True
89,5,1669,-0.00036247490920147143,-0.0007443195699975,0.40443379269023366,0.7997613642182487,-0.6049706234572558,False
89,10,1669,-0.0008624749092014713,-0.0012443195699975,0.3421210305572199,0.5939484687971807,-1.4394706234572556,False
89,15,1669,-0.0013624749092014715,-0.0017443195699975,0.29059316956261233,0.44783028100367306,-2.273970623457256,False
89,20,1669,-0.0018624749092014715,-0.0022443195699975,0.2546434991012582,0.34227200891604603,-3.108470623457256,False
89,25,1669,-0.0023624749092014713,-0.0027443195699975,0.2121030557219892,0.2652571791527776,-3.942970623457256,False
89,30,1669,-0.0028624749092014718,-0.0032443195699975,0.18214499700419412,0.20890625696776938,-4.777470623457257,False
90,0,1394,0.0001424630062351368,-0.00020644025903059998,0.4634146341463415,1.093511774008144,0.19859343069178068,True
90,5,1394,-0.00035753699376486325,-0.0007064402590306,0.4053084648493544,0.8020353649829481,-0.49840656930821936,False
90,10,1394,-0.0008575369937648633,-0.0012064402590306,0.3400286944045911,0.5955673953117502,-1.1954065693082194,False
90,15,1394,-0.0013575369937648633,-0.0017064402590306,0.2898134863701578,0.4491076295981382,-1.8924065693082195,False
90,20,1394,-0.0018575369937648633,-0.0022064402590306,0.2539454806312769,0.34343642207009367,-2.5894065693082196,False
90,25,1394,-0.0023575369937648633,-0.0027064402590306,0.2152080344332855,0.26616201720733473,-3.2864065693082196,False
90,30,1394,-0.0028575369937648633,-0.0032064402590306,0.18579626972740315,0.20924826795140544,-3.9834065693082197,False
91,0,1287,-2.526393045216033e-05,-0.0002946810078091,0.43434343434343436,0.9780387399198045,-0.03251467849193034,False
91,5,1287,-0.0005252639304521603,-0.0007946810078091,0.35586635586635584,0.6381404477201904,-0.6760146784919303,False
91,10,1287,-0.0010252639304521604,-0.0012946810078091,0.2828282828282828,0.4278086828845676,-1.3195146784919305,False
91,15,1287,-0.0015252639304521602,-0.0017946810078091,0.22921522921522922,0.2952988894845895,-1.9630146784919302,False
91,20,1287,-0.002025263930452161,-0.0022946810078091,0.18104118104118105,0.20942071193211928,-2.606514678491931,False
91,25,1287,-0.0025252639304521604,-0.0027946810078091,0.14607614607614608,0.1526962299200441,-3.2500146784919304,False
91,30,1287,-0.0030252639304521605,-0.0032946810078091,0.11810411810411811,0.11386038826557095,-3.8935146784919303,False
92,0,1179,-3.894418393354237e-05,-0.0002946810078091,0.4359626802374894,0.9656440570171296,-0.04591519285764646,False
92,5,1179,-0.0005389441839335425,-0.0007946810078091,0.3511450381679389,0.6243677814419805,-0.6354151928576466,False
92,10,1179,-0.0010389441839335424,-0.0012946810078091,0.27735368956743,0.4154750421307093,-1.2249151928576465,False
92,15,1179,-0.0015389441839335424,-0.0017946810078091,0.22137404580152673,0.28538551023107367,-1.8144151928576466,False
92,20,1179,-0.0020389441839335424,-0.0022946810078091,0.17302798982188294,0.2017416074732468,-2.4039151928576468,False
92,25,1179,-0.0025389441839335425,-0.0027946810078091,0.13740458015267176,0.14701597985841167,-2.9934151928576465,False
92,30,1179,-0.0030389441839335425,-0.0032946810078091,0.1085665818490246,0.1100336866227131,-3.5829151928576466,False
93,0,1113,5.866575638330503e-05,-0.0003005033430997,0.4501347708894879,1.0398979919901379,0.0652949868546185,True
93,5,1113,-0.000441334243616695,-0.0008005033430997001,0.3836477987421384,0.7494572677777875,-0.49120501314538156,False
93,10,1113,-0.000941334243616695,-0.0013005033430997,0.3216531895777179,0.5489871314869154,-1.0477050131453816,False
93,15,1113,-0.001441334243616695,-0.0018005033430997,0.2776280323450135,0.4088620425711751,-1.6042050131453816,False
93,20,1113,-0.0019413342436166952,-0.0023005033430997,0.2371967654986523,0.3090532289651558,-2.1607050131453818,False
93,25,1113,-0.002441334243616695,-0.0028005033430997,0.20305480682839172,0.23724918245588533,-2.7172050131453815,False
93,30,1113,-0.0029413342436166953,-0.0033005033430997,0.1752021563342318,0.1845164499196318,-3.2737050131453818,False
94,0,1021,6.82482173109123e-05,-0.0002957048865231,0.4505386875612145,1.0481858491491016,0.06968142987444145,True
94,5,1021,-0.0004317517826890877,-0.0007957048865231,0.3829578844270323,0.7472234686212634,-0.4408185701255586,False
94,10,1021,-0.0009317517826890877,-0.0012957048865231001,0.31929480901077373,0.5419832155079782,-0.9513185701255585,False
94,15,1021,-0.0014317517826890878,-0.0017957048865231001,0.2713026444662096,0.400392286271156,-1.4618185701255586,False
94,20,1021,-0.0019317517826890876,-0.0022957048865231,0.22722820763956905,0.3010081218856714,-1.9723185701255583,False
94,25,1021,-0.002431751782689088,-0.0027957048865231,0.1939275220372184,0.23033669873985688,-2.4828185701255587,False
94,30,1021,-0.002931751782689088,-0.0032957048865231,0.16552399608227228,0.17891731434478667,-2.9933185701255587,False
95,0,986,0.00010720362493158619,-0.00017082700258405002,0.46754563894523327,1.062949727856754,0.10570277418254398,True
95,5,986,-0.0003927963750684139,-0.0006708270025840501,0.4107505070993915,0.8019314837737858,-0.38729722581745607,False
95,10,986,-0.000892796375068414,-0.0011708270025840499,0.34989858012170383,0.610858076745666,-0.8802972258174562,False
95,15,986,-0.001392796375068414,-0.0016708270025840499,0.2961460446247465,0.4713845745943023,-1.3732972258174563,False
95,20,986,-0.001892796375068414,-0.0021708270025840503,0.26774847870182555,0.3679474958132806,-1.8662972258174562,False
95,25,986,-0.002392796375068414,-0.00267082700258405,0.22616632860040567,0.29051018025013514,-2.359297225817456,False
95,30,986,-0.0028927963750684143,-0.0031708270025840504,0.19168356997971603,0.2321315064247713,-2.8522972258174564,False
96,0,906,0.00013715517304447604,-0.0001596427305787,0.47240618101545256,1.083643440040422,0.1242625867782953,True
96,5,906,-0.00036284482695552405,-0.0006596427305787,0.41721854304635764,0.810724634334972,-0.3287374132217048,False
96,10,906,-0.000862844826955524,-0.0011596427305787,0.3498896247240618,0.6124553472956538,-0.7817374132217048,False
96,15,906,-0.0013628448269555238,-0.0016596427305787,0.2980132450331126,0.46905215448221527,-1.2347374132217046,False
96,20,906,-0.0018628448269555242,-0.0021596427305786998,0.2693156732891832,0.3633521044580772,-1.687737413221705,False
96,25,906,-0.002362844826955524,-0.0026596427305787002,0.2251655629139073,0.284848960717261,-2.1407374132217045,False
96,30,906,-0.0028628448269555243,-0.0031596427305787,0.18874172185430463,0.22619233799123462,-2.593737413221705,False
97,0,1311,-8.894463943085533e-05,-0.000343347639485,0.4302059496567506,0.9249743966682531,-0.11660642229385135,False
97,5,1311,-0.0005889446394308554,-0.000843347639485,0.3508771929824561,0.6046606029051668,-0.7721064222938514,False
97,10,1311,-0.0010889446394308554,-0.001343347639485,0.2799389778794813,0.405660396373917,-1.4276064222938514,False
97,15,1311,-0.0015889446394308554,-0.001843347639485,0.2204424103737605,0.2804853687605123,-2.0831064222938513,False
97,20,1311,-0.002088944639430855,-0.002343347639485,0.17925247902364608,0.19909487951152652,-2.7386064222938513,False
97,25,1311,-0.002588944639430855,-0.002843347639485,0.14416475972540047,0.14499390126059583,-3.3941064222938513,False
97,30,1311,-0.003088944639430856,-0.003343347639485,0.11517925247902365,0.10800378747995801,-4.049606422293852,False
98,0,1195,-9.55711333062619e-05,-0.000343347639485,0.4309623430962343,0.9179263943516165,-0.11420750430098298,False
98,5,1195,-0.000595571133306262,-0.000843347639485,0.34560669456066945,0.5946095337215385,-0.7117075043009831,False
98,10,1195,-0.0010955711333062621,-0.001343347639485,0.27280334728033473,0.3962539646054199,-1.3092075043009832,False
98,15,1195,-0.0015955711333062621,-0.001843347639485,0.21506276150627615,0.2727627874036839,-1.9067075043009831,False
98,20,1195,-0.0020955711333062624,-0.002343347639485,0.17322175732217573,0.19277003787747296,-2.5042075043009833,False
98,25,1195,-0.0025955711333062624,-0.002843347639485,0.13723849372384936,0.140238668363521,-3.1017075043009834,False
98,30,1195,-0.003095571133306262,-0.003343347639485,0.10794979079497909,0.10465435917477443,-3.699207504300983,False
99,0,1140,-6.0100444873676435e-05,-0.0003476286503159,0.437719298245614,0.9609420018513285,-0.06851450715599114,False
99,5,1140,-0.0005601004448736765,-0.0008476286503159001,0.37280701754385964,0.6948372204438599,-0.6385145071559912,False
99,10,1140,-0.0010601004448736763,-0.0013476286503159001,0.31140350877192985,0.5104898134255739,-1.208514507155991,False
99,15,1140,-0.0015601004448736766,-0.0018476286503159001,0.26842105263157895,0.38135522288951496,-1.7785145071559914,False
99,20,1140,-0.0020601004448736766,-0.0023476286503159,0.22894736842105262,0.28900578411509986,-2.348514507155991,False
99,25,1140,-0.002560100444873676,-0.0028476286503159,0.19736842105263158,0.2223937700792891,-2.918514507155991,False
99,30,1140,-0.0030601004448736766,-0.0033476286503159,0.17105263157894737,0.17313923749171142,-3.4885145071559913,False
100,0,1036,-4.203348601936078e-05,-0.00033988175719015,0.43822393822393824,0.9713303124466625,-0.043546691516057764,False
100,5,1036,-0.0005420334860193609,-0.00083988175719015,0.37258687258687256,0.6926205806974566,-0.5615466915160578,False
100,10,1036,-0.001042033486019361,-0.00133988175719015,0.30984555984555984,0.5023855432986858,-1.0795466915160579,False
100,15,1036,-0.0015420334860193608,-0.00183988175719015,0.26158301158301156,0.3712432161387822,-1.5975466915160577,False
100,20,1036,-0.002042033486019361,-0.0023398817571901502,0.21911196911196912,0.27912287929123175,-2.115546691516058,False
100,25,1036,-0.0025420334860193606,-0.00283988175719015,0.19015444015444016,0.21340171569694302,-2.6335466915160577,False
100,30,1036,-0.0030420334860193606,-0.0033398817571901503,0.16312741312741313,0.16525696794804098,-3.1515466915160575,False
101,0,1008,2.6218539896739436e-05,-0.00030535923404345004,0.45436507936507936,1.0148836867984186,0.02642828821591335,True
101,5,1008,-0.0004737814601032606,-0.00080535923404345,0.4027777777777778,0.768575791216059,-0.4775717117840867,False
101,10,1008,-0.0009737814601032607,-0.00130535923404345,0.34325396825396826,0.5878013559124664,-0.9815717117840868,False
101,15,1008,-0.0014737814601032604,-0.00180535923404345,0.2906746031746032,0.45529563939919254,-1.4855717117840865,False
101,20,1008,-0.0019737814601032606,-0.0023053592340434503,0.2628968253968254,0.3566627749553765,-1.9895717117840865,False
101,25,1008,-0.0024737814601032606,-0.00280535923404345,0.22817460317460317,0.28222447720271593,-2.4935717117840865,False
101,30,1008,-0.002973781460103261,-0.0033053592340434503,0.19246031746031747,0.22577529752688108,-2.997571711784087,False
102,0,920,8.992751901420758e-05,-0.0002455024078782,0.45869565217391306,1.0537019828038086,0.08273331749307097,True
102,5,920,-0.00041007248098579247,-0.0007455024078782001,0.4097826086956522,0.7905021580598721,-0.3772666825069291,False
102,10,920,-0.0009100724809857925,-0.0012455024078781999,0.3423913043478261,0.5992680473298277,-0.837266682506929,False
102,15,920,-0.0014100724809857927,-0.0017455024078781999,0.29130434782608694,0.46069706912406555,-1.2972666825069292,False
102,20,920,-0.0019100724809857925,-0.0022455024078782,0.26413043478260867,0.3583323386903354,-1.7572666825069292,False
102,25,920,-0.0024100724809857925,-0.0027455024078782003,0.22826086956521738,0.2816760381614212,-2.217266682506929,False
102,30,920,-0.002910072480985793,-0.0032455024078782,0.1923913043478261,0.22396409669744535,-2.6772666825069296,False
103,0,1314,-7.429066585651537e-05,-0.0003292653348524,0.4315068493150685,0.93618931955478,-0.0976179349354612,False
103,5,1314,-0.0005742906658565154,-0.0008292653348524,0.3523592085235921,0.608588562302096,-0.7546179349354613,False
103,10,1314,-0.0010742906658565152,-0.0013292653348524,0.2808219178082192,0.40622008333865817,-1.411617934935461,False
103,15,1314,-0.0015742906658565154,-0.0018292653348524,0.2176560121765601,0.2798004003093969,-2.068617934935461,False
103,20,1314,-0.0020742906658565152,-0.0023292653348523998,0.17579908675799086,0.1981970161857871,-2.7256179349354612,False
103,25,1314,-0.0025742906658565152,-0.0028292653348524002,0.1430745814307458,0.1440155633148536,-3.3826179349354613,False
103,30,1314,-0.0030742906658565152,-0.0033292653348524,0.1171993911719939,0.10691692524030515,-4.039617934935461,False
104,0,1197,-0.00011113212066846877,-0.0003173451808868,0.4327485380116959,0.9051754620531189,-0.13302514844015711,False
104,5,1197,-0.0006111321206684689,-0.0008173451808868,0.34753550543024225,0.5857504863420363,-0.7315251484401573,False
104,10,1197,-0.0011111321206684686,-0.0013173451808868,0.2731829573934837,0.38953033298987516,-1.330025148440157,False
104,15,1197,-0.0016111321206684689,-0.0018173451808868,0.21136173767752714,0.26770796043410644,-1.928525148440157,False
104,20,1197,-0.0021111321206684686,-0.0023173451808868,0.16875522138680032,0.18931436429606618,-2.527025148440157,False
104,25,1197,-0.0026111321206684687,-0.0028173451808868,0.13533834586466165,0.13769812667794057,-3.125525148440157,False
104,30,1197,-0.0031111321206684687,-0.0033173451808868,0.10944026733500417,0.1025581853675999,-3.724025148440157,False
105,0,1138,3.326834631516923e-05,-0.00031920688513360003,0.4446397188049209,1.0226062545484274,0.03785937810666259,True
105,5,1138,-0.0004667316536848308,-0.0008192068851336,0.37961335676625657,0.7355434236784064,-0.5311406218933374,False
105,10,1138,-0.0009667316536848307,-0.0013192068851336,0.3181019332161687,0.5377907733043306,-1.1001406218933374,False
105,15,1138,-0.0014667316536848309,-0.0018192068851336,0.27768014059753954,0.3998794221561326,-1.6691406218933376,False
105,20,1138,-0.001966731653684831,-0.0023192068851336,0.23110720562390158,0.30194647622500204,-2.2381406218933373,False
105,25,1138,-0.0024667316536848304,-0.0028192068851336,0.19947275922671354,0.23182322380252107,-2.8071406218933372,False
105,30,1138,-0.0029667316536848305,-0.0033192068851336,0.17223198594024605,0.18016363187091522,-3.376140621893337,False
106,0,1036,-1.3989367841290794e-05,-0.00032460258813200003,0.4411196911196911,0.9903205660132608,-0.014492985083577263,False
106,5,1036,-0.0005139893678412909,-0.000824602588132,0.3745173745173745,0.7048194546219279,-0.5324929850835773,False
106,10,1036,-0.0010139893678412907,-0.001324602588132,0.3127413127413127,0.5102617916088208,-1.0504929850835771,False
106,15,1036,-0.001513989367841291,-0.001824602588132,0.2673745173745174,0.3762204951559289,-1.5684929850835774,False
106,20,1036,-0.0020139893678412907,-0.002324602588132,0.22007722007722008,0.28224671501640564,-2.086492985083577,False
106,25,1036,-0.0025139893678412907,-0.002824602588132,0.18822393822393824,0.2157424847755448,-2.6044929850835774,False
106,30,1036,-0.003013989367841291,-0.003324602588132,0.16023166023166024,0.16720406623587075,-3.1224929850835776,False
107,0,1007,0.00012268921738400947,-0.0002403846153846,0.4627606752730884,1.072334802766416,0.12354804190569753,True
107,5,1007,-0.00037731078261599057,-0.0007403846153846,0.41211519364448856,0.8091747931211426,-0.3799519580943025,False
107,10,1007,-0.0008773107826159906,-0.0012403846153846,0.3545183714001986,0.6164283917998754,-0.8834519580943025,False
107,15,1007,-0.0013773107826159905,-0.0017403846153846,0.2999006951340616,0.47546648246604356,-1.3869519580943024,False
107,20,1007,-0.0018773107826159908,-0.0022403846153846,0.26911618669314796,0.3708497074204192,-1.8904519580943027,False
107,25,1007,-0.0023773107826159908,-0.0027403846153846003,0.2313803376365442,0.2924997195253234,-2.3939519580943025,False
107,30,1007,-0.0028773107826159904,-0.0032403846153846,0.19761668321747766,0.23328188904730424,-2.8974519580943023,False
108,0,917,8.95886899081749e-05,-0.0002403846153846,0.4623773173391494,1.0537395156999263,0.08215282864579639,True
108,5,917,-0.00041041131009182517,-0.0007403846153846,0.411123227917121,0.7893532026032886,-0.3763471713542037,False
108,10,917,-0.0009104113100918251,-0.0012403846153846,0.3478735005452563,0.5972731582592373,-0.8348471713542036,False
108,15,917,-0.001410411310091825,-0.0017403846153846,0.29443838604143946,0.45797183699139915,-1.2933471713542035,False
108,20,917,-0.0019104113100918254,-0.0022403846153846,0.2639040348964013,0.35524979778447563,-1.7518471713542039,False
108,25,917,-0.002410411310091825,-0.0027403846153846003,0.2257360959651036,0.27885930109336315,-2.2103471713542033,False
108,30,917,-0.0029104113100918254,-0.0032403846153846,0.19083969465648856,0.22148189121915152,-2.6688471713542037,False
109,0,2244,-2.6333432840267503e-06,-0.00016213384570545,0.44786096256684493,0.9973193137521581,-0.005909222329356027,False
109,5,2244,-0.0005026333432840268,-0.00066213384570545,0.35294117647058826,0.6077371372650452,-1.127909222329356,False
109,10,2244,-0.0010026333432840268,-0.00116213384570545,0.2758467023172905,0.3828615844225211,-2.249909222329356,False
109,15,2244,-0.0015026333432840268,-0.00166213384570545,0.2232620320855615,0.24880749404799232,-3.3719092223293563,False
109,20,2244,-0.0020026333432840273,-0.0021621338457054502,0.1711229946524064,0.16660840702656893,-4.493909222329357,False
109,25,2244,-0.002502633343284027,-0.00266213384570545,0.13324420677361853,0.11514716978823494,-5.615909222329356,False
109,30,2244,-0.0030026333432840273,-0.0031621338457054502,0.10472370766488413,0.08156058862915068,-6.737909222329357,False
110,0,1743,-4.789270240469839e-05,-0.0001729505361467,0.4429145152036718,0.9525388401861025,-0.0834769802913893,False
110,5,1743,-0.0005478927024046984,-0.0006729505361467,0.35054503729202524,0.5819959461884823,-0.9549769802913893,False
110,10,1743,-0.0010478927024046983,-0.0011729505361467,0.27538726333907054,0.3666098312638386,-1.8264769802913894,False
110,15,1743,-0.0015478927024046984,-0.0016729505361467,0.21629374641422836,0.23826119860916167,-2.697976980291389,False
110,20,1743,-0.0020478927024046986,-0.0021729505361467,0.16580608146873207,0.159910937000581,-3.5694769802913893,False
110,25,1743,-0.002547892702404698,-0.0026729505361467003,0.13023522662076878,0.11057208239512081,-4.4409769802913885,False
110,30,1743,-0.0030478927024046986,-0.0031729505361467,0.10040160642570281,0.07854449377665544,-5.31247698029139,False
111,0,1943,0.00012197012197612886,-0.0001934797329981,0.45753988677303137,1.0965781240698007,0.2369879469996184,True
111,5,1943,-0.00037802987802387116,-0.0006934797329981,0.3844570252187339,0.7560789395965481,-0.7345120530003817,False
111,10,1943,-0.0008780298780238712,-0.0011934797329981,0.3185795162120432,0.5316715277340802,-1.7060120530003817,False
111,15,1943,-0.001378029878023871,-0.0016934797329981,0.27431806484817295,0.38143192318389796,-2.6775120530003815,False
111,20,1943,-0.0018780298780238713,-0.0021934797329981,0.22645393721049922,0.2782348812481435,-3.649012053000382,False
111,25,1943,-0.0023780298780238713,-0.0026934797329981,0.1883685023160062,0.20678011904042357,-4.620512053000382,False
111,30,1943,-0.002878029878023871,-0.0031934797329981,0.15800308800823468,0.15648622486443328,-5.592012053000381,False
112,0,1493,8.762148558184633e-05,-0.0001995344196873,0.45010046885465504,1.0688331425946733,0.13081887797369657,True
112,5,1493,-0.00041237851441815366,-0.0006995344196873,0.37575351640991295,0.7364397930488504,-0.6156811220263034,False
112,10,1493,-0.0009123785144181537,-0.0011995344196873,0.31681178834561285,0.5177116056809372,-1.3621811220263036,False
112,15,1493,-0.0014123785144181538,-0.0016995344196873,0.2739450770261219,0.3707904770267569,-2.1086811220263035,False
112,20,1493,-0.0019123785144181536,-0.0021995344196873,0.22572002679169456,0.26962945347951867,-2.8551811220263033,False
112,25,1493,-0.002412378514418154,-0.0026995344196873,0.18352310783657066,0.20003936240918532,-3.601681122026304,False
112,30,1493,-0.002912378514418154,-0.0031995344196873,0.15338245144005358,0.15134782236952976,-4.348181122026304,False
113,0,1703,0.00019306921604697266,-0.0001360050775228,0.4726952436876101,1.1293711277433134,0.3287968749279944,True
113,5,1703,-0.00030693078395302746,-0.0006360050775228001,0.41103934233705225,0.8265901292681319,-0.5227031250720058,False
113,10,1703,-0.0008069307839530273,-0.0011360050775228,0.3576042278332355,0.6116591358778938,-1.3742031250720055,False
113,15,1703,-0.0013069307839530273,-0.0016360050775228,0.3094539048737522,0.4582364004797499,-2.2257031250720054,False
113,20,1703,-0.0018069307839530273,-0.0021360050775228,0.270698766881973,0.347046817313205,-3.0772031250720056,False
113,25,1703,-0.0023069307839530275,-0.0026360050775228,0.23253082795067528,0.2658070234343144,-3.9287031250720057,False
113,30,1703,-0.002806930783953027,-0.0031360050775228,0.19729888432178508,0.20579762221284695,-4.780203125072005,False
114,0,1326,0.0002106032285816249,-0.00017104310954114998,0.46681749622926094,1.1441951301932631,0.2792598810992346,True
114,5,1326,-0.0002893967714183751,-0.00067104310954115,0.41025641025641024,0.8337211861470363,-0.3837401189007654,False
114,10,1326,-0.0007893967714183752,-0.00117104310954115,0.3597285067873303,0.6144932680566197,-1.0467401189007655,False
114,15,1326,-0.001289396771418375,-0.0016710431095411501,0.31070889894419307,0.4585295765247433,-1.7097401189007655,False
114,20,1326,-0.0017893967714183753,-0.0021710431095411497,0.2730015082956259,0.3459651860974351,-2.3727401189007655,False
114,25,1326,-0.002289396771418375,-0.00267104310954115,0.23152337858220212,0.2640995824051731,-3.0357401189007653,False
114,30,1326,-0.0027893967714183753,-0.0031710431095411497,0.19306184012066366,0.20393249700891208,-3.6987401189007656,False
115,0,2290,-2.884546116582058e-05,-0.00021100168271585,0.44192139737991265,0.9709177256626994,-0.06605610606972913,False
115,5,2290,-0.0005288454611658206,-0.00071100168271585,0.35109170305676857,0.5909594100110586,-1.2110561060697291,False
115,10,2290,-0.0010288454611658206,-0.0012110016827158502,0.274235807860262,0.37125540375972876,-2.356056106069729,False
115,15,2290,-0.0015288454611658206,-0.0017110016827158502,0.21572052401746725,0.24106592789347203,-3.501056106069729,False
115,20,2290,-0.002028845461165821,-0.0022110016827158498,0.16812227074235808,0.1614063974994605,-4.64605610606973,False
115,25,2290,-0.002528845461165821,-0.00271100168271585,0.13013100436681221,0.11138881353033106,-5.79105610606973,False
115,30,2290,-0.003028845461165821,-0.00321100168271585,0.10393013100436681,0.07870140619777619,-6.93605610606973,False
116,0,1762,-5.184777426723893e-05,-0.0002429258505208,0.4370034052213394,0.9477574824257012,-0.091355778258875,False
116,5,1762,-0.000551847774267239,-0.0007429258505208,0.3427922814982974,0.5747027034574247,-0.9723557782588751,False
116,10,1762,-0.0010518477742672392,-0.0012429258505208,0.2695800227014756,0.36030964580670666,-1.8533557782588754,False
116,15,1762,-0.001551847774267239,-0.0017429258505208,0.2094211123723042,0.23373441844194895,-2.734355778258875,False
116,20,1762,-0.002051847774267239,-0.0022429258505208003,0.16061293984108968,0.15668759538879357,-3.615355778258875,False
116,25,1762,-0.002551847774267239,-0.0027429258505208,0.12372304199772985,0.10860539147122482,-4.4963557782588754,False
116,30,1762,-0.0030518477742672388,-0.0032429258505208003,0.09591373439273553,0.07754864736070777,-5.377355778258875,False
117,0,1971,0.00010935670472693187,-0.000169736060426,0.4672754946727549,1.086861300251004,0.21554206501678272,True
117,5,1971,-0.0003906432952730682,-0.000669736060426,0.38863521055301875,0.7468170648509918,-0.7699579349832174,False
117,10,1971,-0.0008906432952730681,-0.001169736060426,0.3191273465246068,0.522899785939601,-1.7554579349832173,False
117,15,1971,-0.001390643295273068,-0.001669736060426,0.2734652460679858,0.3735989975563157,-2.740957934983217,False
117,20,1971,-0.0018906432952730684,-0.002169736060426,0.22780314561136478,0.27117160139180074,-3.726457934983218,False
117,25,1971,-0.0023906432952730686,-0.002669736060426,0.19381024860476914,0.20008544909177473,-4.711957934983218,False
117,30,1971,-0.0028906432952730686,-0.003169736060426,0.16336884830035514,0.14979884240097593,-5.697457934983218,False
118,0,1508,5.5700343516974325e-05,-0.0002006652019736,0.4562334217506631,1.043707044511208,0.08399611802359729,True
118,5,1508,-0.00044429965648302565,-0.0007006652019736,0.376657824933687,0.7160336188287171,-0.6700038819764027,False
118,10,1508,-0.0009442996564830257,-0.0012006652019736,0.3116710875331565,0.5011086681819291,-1.4240038819764027,False
118,15,1508,-0.0014442996564830257,-0.0017006652019736,0.26657824933687,0.35763528520817445,-2.178003881976403,False
118,20,1508,-0.0019442996564830257,-0.0022006652019736003,0.21883289124668434,0.25958992012558924,-2.932003881976403,False
118,25,1508,-0.0024442996564830255,-0.0027006652019736,0.1816976127320955,0.19212280306920113,-3.6860038819764025,False
118,30,1508,-0.002944299656483026,-0.0032006652019736003,0.15251989389920426,0.14470101945131786,-4.440003881976403,False
119,0,1730,0.00017513101650447414,-0.00016013503270115,0.4705202312138728,1.1175377067038503,0.30297665855274025,True
119,5,1730,-0.0003248689834955259,-0.00066013503270115,0.41329479768786126,0.8162355732746069,-0.5620233414472598,False
119,10,1730,-0.000824868983495526,-0.00116013503270115,0.3560693641618497,0.6027117387900064,-1.42702334144726,False
119,15,1730,-0.0013248689834955258,-0.00166013503270115,0.3046242774566474,0.4507860857138746,-2.2920233414472597,False
119,20,1730,-0.001824868983495526,-0.00216013503270115,0.26705202312138726,0.34117673764149703,-3.15702334144726,False
119,25,1730,-0.002324868983495526,-0.00266013503270115,0.22658959537572254,0.2612705778193117,-4.02202334144726,False
119,30,1730,-0.0028248689834955267,-0.00316013503270115,0.1936416184971098,0.2024453859108148,-4.887023341447261,False
120,0,1335,0.00023795231466983892,-0.0001713649216004,0.46741573033707867,1.1647861892276408,0.31766634008423494,True
120,5,1335,-0.0002620476853301611,-0.0006713649216004,0.4149812734082397,0.8478926759441416,-0.3498336599157651,False
120,10,1335,-0.0007620476853301611,-0.0011713649216004,0.35805243445692886,0.6245940141353344,-1.017333659915765,False
120,15,1335,-0.001262047685330161,-0.0016713649216004,0.30786516853932583,0.4663635377672576,-1.684833659915765,False
120,20,1335,-0.001762047685330161,-0.0021713649216004,0.2711610486891386,0.3524329875784451,-2.352333659915765,False
120,25,1335,-0.0022620476853301608,-0.0026713649216004,0.23071161048689137,0.26953846337121823,-3.019833659915765,False
120,30,1335,-0.0027620476853301612,-0.0031713649216004,0.1947565543071161,0.20844763668649338,-3.6873336599157653,False
121,0,2373,-8.086751178426812e-05,-0.000230078993788,0.43489254108723135,0.9202720046898314,-0.19189860546406826,False
121,5,2373,-0.0005808675117842682,-0.000730078993788,0.3413400758533502,0.5595977072618353,-1.3783986054640684,False
121,10,2373,-0.0010808675117842683,-0.001230078993788,0.269700800674252,0.351654723679041,-2.5648986054640686,False
121,15,2373,-0.001580867511784268,-0.001730078993788,0.20648967551622419,0.22877083022895045,-3.7513986054640682,False
121,20,2373,-0.0020808675117842683,-0.002230078993788,0.16097766540244415,0.15363632068388297,-4.937898605464069,False
121,25,2373,-0.0025808675117842688,-0.002730078993788,0.12389380530973451,0.10651134184117154,-6.124398605464069,False
121,30,2373,-0.003080867511784268,-0.003230078993788,0.09987357774968394,0.07574574498812643,-7.310898605464068,False
122,0,1787,-0.00010180344796864613,-0.0002489006886252,0.429770565193061,0.9009760754243186,-0.18192276151997064,False
122,5,1787,-0.0006018034479686462,-0.0007489006886252001,0.3374370453273643,0.5492589113402429,-1.0754227615199707,False
122,10,1787,-0.001101803447968646,-0.0012489006886252,0.26580861779518744,0.346298127951766,-1.9689227615199707,False
122,15,1787,-0.0016018034479686459,-0.0017489006886252001,0.2025741466144376,0.22606171856525611,-2.86242276151997,False
122,20,1787,-0.0021018034479686463,-0.0022489006886252,0.15892557358701734,0.1523311509100272,-3.7559227615199706,False
122,25,1787,-0.002601803447968646,-0.0027489006886252,0.11975377728035815,0.10606350460824521,-4.64942276151997,False
122,30,1787,-0.003101803447968646,-0.0032489006886252,0.09401231113598209,0.0762641912563502,-5.5429227615199705,False
123,0,2054,8.837944359461382e-05,-0.00020796007650825,0.45764362220058424,1.0699824678177634,0.18153137714333678,True
123,5,2054,-0.00041162055640538625,-0.00070796007650825,0.38412852969815,0.7345000930343653,-0.8454686228566634,False
123,10,2054,-0.0009116205564053862,-0.00120796007650825,0.31645569620253167,0.5139596593164877,-1.8724686228566632,False
123,15,2054,-0.0014116205564053863,-0.00170796007650825,0.27020447906523853,0.3669872395426976,-2.8994686228566633,False
123,20,2054,-0.0019116205564053863,-0.00220796007650825,0.2171372930866602,0.2668934543470603,-3.9264686228566634,False
123,25,2054,-0.0024116205564053863,-0.00270796007650825,0.18208373904576436,0.19812872863145564,-4.953468622856663,False
123,30,2054,-0.002911620556405387,-0.00320796007650825,0.15822784810126583,0.14939260246570574,-5.980468622856664,False
124,0,1542,3.367959961093746e-05,-0.0002392688260685,0.45006485084306097,1.0262905147859156,0.051933942600065564,True
124,5,1542,-0.00046632040038906256,-0.0007392688260685,0.374189364461738,0.7036968323874304,-0.7190660573999345,False
124,10,1542,-0.0009663204003890627,-0.0012392688260685,0.3106355382619974,0.49210090860480865,-1.4900660573999347,False
124,15,1542,-0.0014663204003890627,-0.0017392688260685,0.26588845654993515,0.3508508263962695,-2.2610660573999346,False
124,20,1542,-0.0019663204003890628,-0.0022392688260685,0.2127107652399481,0.25461298006431154,-3.0320660573999345,False
124,25,1542,-0.0024663204003890623,-0.0027392688260685,0.17444876783398183,0.18903643643682347,-3.8030660573999344,False
124,30,1542,-0.0029663204003890628,-0.0032392688260685,0.14785992217898833,0.1428992036587606,-4.574066057399935,False
125,0,1796,0.0002035919344269567,-0.0002093239099688,0.4682628062360802,1.1407476171628526,0.3656511142308142,True
125,5,1796,-0.0002964080655730433,-0.0007093239099688,0.40478841870824056,0.828321027996992,-0.5323488857691858,False
125,10,1796,-0.0007964080655730434,-0.0012093239099688,0.3513363028953229,0.60928002458525,-1.430348885769186,False
125,15,1796,-0.0012964080655730435,-0.0017093239099688,0.30066815144766146,0.45458337505139296,-2.328348885769186,False
125,20,1796,-0.0017964080655730433,-0.0022093239099688,0.26670378619153673,0.3431301929966399,-3.2263488857691858,False
125,25,1796,-0.0022964080655730433,-0.0027093239099688,0.2232739420935412,0.2622148195973884,-4.1243488857691855,False
125,30,1796,-0.0027964080655730433,-0.0032093239099688,0.1915367483296214,0.2029818455304495,-5.022348885769186,False
126,0,1364,0.0002102080431396085,-0.00023243655423485,0.4633431085043988,1.1454860475998323,0.286723770842426,True
126,5,1364,-0.0002897919568603915,-0.00073243655423485,0.4090909090909091,0.8320804596357202,-0.39527622915757404,False
126,10,1364,-0.0007897919568603916,-0.00123243655423485,0.3548387096774194,0.6120433083083241,-1.0772762291575742,False
126,15,1364,-0.0012897919568603915,-0.00173243655423485,0.29838709677419356,0.4567493750843169,-1.759276229157574,False
126,20,1364,-0.0017897919568603915,-0.00223243655423485,0.26392961876832843,0.3453208436862962,-2.441276229157574,False
126,25,1364,-0.0022897919568603915,-0.0027324365542348503,0.22434017595307917,0.26434946721046937,-3.123276229157574,False
126,30,1364,-0.002789791956860392,-0.00323243655423485,0.18914956011730205,0.2047952039118641,-3.8052762291575744,False
127,0,1329,6.334666697435056e-05,-0.0001632386549134,0.45372460496614,1.0607370823298259,0.08418772040891188,True
127,5,1329,-0.00043665333302564944,-0.0006632386549134,0.3611738148984199,0.6733829046159745,-0.5803122795910881,False
127,10,1329,-0.0009366533330256494,-0.0011632386549134,0.2987208427389014,0.4398170185321926,-1.244812279591088,False
127,15,1329,-0.0014366533330256496,-0.0016632386549134,0.24153498871331827,0.29446093201704115,-1.9093122795910882,False
127,20,1329,-0.0019366533330256496,-0.0021632386549134,0.19563581640331076,0.2020532093587839,-2.5738122795910883,False
127,25,1329,-0.0024366533330256496,-0.0026632386549134,0.15575620767494355,0.14189127518815586,-3.2383122795910886,False
127,30,1329,-0.0029366533330256496,-0.0031632386549134,0.12866817155756208,0.10167252676142027,-3.9028122795910885,False
128,0,1088,2.4382807641093114e-05,-0.0001738248799759,0.4540441176470588,1.023168541012191,0.026528494713509307,True
128,5,1088,-0.00047561719235890697,-0.0006738248799759,0.3648897058823529,0.646558354309739,-0.5174715052864908,False
128,10,1088,-0.0009756171923589069,-0.0011738248799759,0.29503676470588236,0.4193383229700507,-1.0614715052864907,False
128,15,1088,-0.0014756171923589068,-0.0016738248799759,0.234375,0.2790719650522335,-1.6054715052864907,False
128,20,1088,-0.0019756171923589073,-0.0021738248799759,0.19301470588235295,0.19025913645925907,-2.149471505286491,False
128,25,1088,-0.002475617192358907,-0.0026738248799759003,0.15165441176470587,0.13259757306921297,-2.6934715052864906,False
128,30,1088,-0.0029756171923589073,-0.0031738248799759,0.12408088235294118,0.09442031722071081,-3.237471505286491,False
129,0,1121,0.00020428208881280013,-0.000199660577019,0.45227475468331846,1.1536536095363632,0.22900022155914895,True
129,5,1121,-0.0002957179111871999,-0.000699660577019,0.3862622658340767,0.8173097326928975,-0.3314997784408511,False
129,10,1121,-0.0007957179111872,-0.001199660577019,0.33363068688670827,0.5896822970823088,-0.8919997784408511,False
129,15,1121,-0.0012957179111872,-0.001699660577019,0.2925958965209634,0.4324714856781515,-1.452499778440851,False
129,20,1121,-0.0017957179111872,-0.002199660577019,0.24174843889384479,0.32237806077012987,-2.012999778440851,False
129,25,1121,-0.0022957179111872,-0.002699660577019,0.20785013380909903,0.244193559448304,-2.5734997784408513,False
129,30,1121,-0.0027957179111872,-0.003199660577019,0.1793041926851026,0.18755406579339104,-3.133999778440851,False
130,0,922,0.00010586163597132107,-0.0002817377741438,0.43926247288503256,1.0798477010154854,0.09760442836555802,True
130,5,922,-0.000394138364028679,-0.0007817377741438001,0.3774403470715835,0.7569084978369797,-0.363395571634442,False
130,10,922,-0.0008941383640286788,-0.0012817377741438,0.3232104121475054,0.5404658986757208,-0.8243955716344419,False
130,15,922,-0.0013941383640286788,-0.0017817377741438,0.2874186550976139,0.39220632939048794,-1.2853955716344418,False
130,20,922,-0.0018941383640286788,-0.0022817377741438,0.2299349240780911,0.2893882247291002,-1.746395571634442,False
130,25,922,-0.002394138364028679,-0.0027817377741438,0.19522776572668113,0.21742715800426154,-2.207395571634442,False
130,30,922,-0.0028941383640286793,-0.0032817377741438,0.16377440347071584,0.16596289687665927,-2.6683955716344423,False
131,0,971,0.00028331813927177414,-0.0002930259816369,0.45829042224510813,1.176017158117104,0.2751019132328927,True
131,5,971,-0.00021668186072822598,-0.0007930259816369,0.40679711637487126,0.8854815245471324,-0.21039808676710742,False
131,10,971,-0.0007166818607282259,-0.0012930259816369,0.36251287332646753,0.6742048620213235,-0.6958980867671074,False
131,15,971,-0.001216681860728226,-0.0017930259816369,0.3027806385169928,0.5198977453246694,-1.1813980867671074,False
131,20,971,-0.0017166818607282257,-0.0022930259816369,0.2698249227600412,0.40620876628174307,-1.6668980867671073,False
131,25,971,-0.002216681860728226,-0.0027930259816369,0.23789907312049433,0.32092546020184154,-2.1523980867671075,False
131,30,971,-0.0027166818607282255,-0.0032930259816369,0.203913491246138,0.2567831333586609,-2.637898086767107,False
132,0,810,0.0002664782925880716,-0.00028861227084869996,0.4567901234567901,1.17030127276021,0.21584741699633803,True
132,5,810,-0.0002335217074119284,-0.0007886122708487,0.4074074074074074,0.8736507204012938,-0.189152583003662,False
132,10,810,-0.0007335217074119284,-0.0012886122708487,0.36049382716049383,0.659741537890255,-0.594152583003662,False
132,15,810,-0.0012335217074119285,-0.0017886122708487,0.30246913580246915,0.5047707316539297,-0.999152583003662,False
132,20,810,-0.0017335217074119285,-0.0022886122708487,0.2740740740740741,0.3912849219564808,-1.404152583003662,False
132,25,810,-0.0022335217074119285,-0.0027886122708487,0.23703703703703705,0.3064876367343364,-1.809152583003662,False
132,30,810,-0.0027335217074119286,-0.0032886122708487,0.20123456790123456,0.24325199304680659,-2.214152583003662,False
133,0,1364,6.652978939345105e-05,-0.00015533399245165,0.4596774193548387,1.0638798892814931,0.09074663273266723,True
133,5,1364,-0.00043347021060654895,-0.00065533399245165,0.3658357771260997,0.674867743359233,-0.5912533672673328,False
133,10,1364,-0.000933470210606549,-0.00115533399245165,0.30425219941348974,0.4395145733341917,-1.2732533672673327,False
133,15,1364,-0.001433470210606549,-0.00165533399245165,0.24560117302052786,0.29321840209760613,-1.9552533672673327,False
133,20,1364,-0.001933470210606549,-0.00215533399245165,0.20454545454545456,0.19943150891166692,-2.637253367267333,False
133,25,1364,-0.0024334702106065488,-0.00265533399245165,0.1598240469208211,0.13845331130606972,-3.3192533672673328,False
133,30,1364,-0.002933470210606549,-0.00315533399245165,0.12756598240469208,0.09839699255089575,-4.001253367267333,False
134,0,1126,9.966996257977222e-06,-0.00023131856666145,0.4467140319715808,1.0094650346359988,0.01122283778648235,True
134,5,1126,-0.0004900330037420228,-0.0007313185666614501,0.35879218472468916,0.6371879375017905,-0.5517771622135177,False
134,10,1126,-0.0009900330037420227,-0.0012313185666614499,0.2921847246891652,0.41323013059029307,-1.1147771622135176,False
134,15,1126,-0.0014900330037420227,-0.0017313185666614499,0.23179396092362345,0.2751544713069072,-1.6777771622135176,False
134,20,1126,-0.0019900330037420227,-0.00223131856666145,0.19538188277087035,0.18721428089970346,-2.2407771622135177,False
134,25,1126,-0.0024900330037420228,-0.0027313185666614503,0.15364120781527532,0.12971571421886627,-2.8037771622135175,False
134,30,1126,-0.0029900330037420223,-0.00323131856666145,0.12255772646536411,0.09201749875371706,-3.366777162213517,False
135,0,1159,0.0001709589543964383,-0.0002160138248847,0.45297670405522,1.1276156549817677,0.19814142814547198,True
135,5,1159,-0.00032904104560356175,-0.0007160138248847,0.3856773080241588,0.7980890992530816,-0.38135857185452804,False
135,10,1159,-0.0008290410456035617,-0.0012160138248847,0.33132010353753233,0.5747715927065469,-0.960858571854528,False
135,15,1159,-0.0013290410456035617,-0.0017160138248847,0.2899050905953408,0.42073568554063845,-1.540358571854528,False
135,20,1159,-0.0018290410456035617,-0.0022160138248847002,0.2372735116479724,0.3131220929021248,-2.119858571854528,False
135,25,1159,-0.002329041045603562,-0.0027160138248847002,0.2070750647109577,0.23671261425285012,-2.6993585718545283,False
135,30,1159,-0.0028290410456035613,-0.0032160138248847002,0.1742881794650561,0.1814704194959861,-3.278858571854528,False
136,0,959,9.394988497325118e-05,-0.0002993115833583,0.443169968717414,1.0710668902364828,0.09009793968934789,True
136,5,959,-0.00040605011502674884,-0.0007993115833583001,0.37851929092805003,0.7488955090010393,-0.38940206031065216,False
136,10,959,-0.0009060501150267488,-0.0012993115833583,0.32429614181439,0.5330141448721524,-0.8689020603106521,False
136,15,959,-0.0014060501150267488,-0.0017993115833583,0.2846715328467153,0.3854408549492838,-1.3484020603106521,False
136,20,959,-0.0019060501150267488,-0.0022993115833583,0.22523461939520334,0.2838708321303364,-1.8279020603106522,False
136,25,959,-0.002406050115026749,-0.0027993115833583,0.19603753910323254,0.2126022672969979,-2.307402060310652,False
136,30,959,-0.002906050115026749,-0.0032993115833583,0.16266944734098018,0.16166019458376965,-2.786902060310652,False
137,0,1007,0.00018712957066633669,-0.000342906129447,0.44985104270109233,1.1137342621360375,0.18843947766100105,True
137,5,1007,-0.0003128704293336634,-0.000842906129447,0.394240317775571,0.8381420790579734,-0.315060522338999,False
137,10,1007,-0.0008128704293336635,-0.001342906129447,0.3555114200595829,0.638033909979544,-0.8185605223389991,False
137,15,1007,-0.001312870429333663,-0.001842906129447,0.29890764647467727,0.491699950744685,-1.3220605223389987,False
137,20,1007,-0.0018128704293336633,-0.002342906129447,0.26613704071499505,0.3838155909595569,-1.825560522338999,False
137,25,1007,-0.002312870429333663,-0.002842906129447,0.2333664349553128,0.30286831294147887,-2.329060522338999,False
137,30,1007,-0.0028128704293336635,-0.003342906129447,0.2015888778550149,0.24191256230649244,-2.832560522338999,False
138,0,840,0.0001978820518978748,-0.000321243169702,0.4488095238095238,1.1266102520314574,0.16622092359421484,True
138,5,840,-0.00030211794810212526,-0.000821243169702,0.3964285714285714,0.836808162007746,-0.25377907640578523,False
138,10,840,-0.0008021179481021252,-0.001321243169702,0.3523809523809524,0.6293954868709821,-0.6737790764057852,False
138,15,840,-0.001302117948102125,-0.001821243169702,0.29642857142857143,0.47977628503324804,-1.093779076405785,False
138,20,840,-0.0018021179481021252,-0.002321243169702,0.26666666666666666,0.370665235412018,-1.5137790764057852,False
138,25,840,-0.0023021179481021252,-0.002821243169702,0.23452380952380952,0.28919940838229935,-1.9337790764057852,False
138,30,840,-0.0028021179481021253,-0.003321243169702,0.2011904761904762,0.2283740386625199,-2.353779076405785,False
139,0,1398,-2.6965458378858513e-06,-0.00017920819763054998,0.4470672389127325,0.9975022787104382,-0.0037697710813644203,False
139,5,1398,-0.0005026965458378858,-0.00067920819763055,0.35264663805436336,0.6350536188402258,-0.7027697710813644,False
139,10,1398,-0.0010026965458378857,-0.0011792081976305501,0.29113018597997137,0.41588390054812846,-1.4017697710813644,False
139,15,1398,-0.001502696545837886,-0.0016792081976305501,0.23247496423462088,0.2797961770189101,-2.1007697710813646,False
139,20,1398,-0.0020026965458378857,-0.00217920819763055,0.1938483547925608,0.19235626208116807,-2.7997697710813645,False
139,25,1398,-0.0025026965458378857,-0.0026792081976305497,0.15164520743919885,0.13524060732892393,-3.4987697710813643,False
139,30,1398,-0.003002696545837886,-0.00317920819763055,0.12446351931330472,0.09725304646311464,-4.197769771081365,False
140,0,1131,-5.433051122382622e-05,-0.0002279635258358,0.4412024756852343,0.9502956115264174,-0.061447808194147455,False
140,5,1131,-0.0005543305112238262,-0.0007279635258358,0.35190097259062775,0.602082252596812,-0.6269478081941474,False
140,10,1131,-0.001054330511223826,-0.0012279635258358001,0.28205128205128205,0.39186857256400576,-1.1924478081941474,False
140,15,1131,-0.0015543305112238261,-0.0017279635258358001,0.22369584438549955,0.26227862027973353,-1.7579478081941473,False
140,20,1131,-0.0020543305112238263,-0.0022279635258358,0.1874447391688771,0.1795838665993755,-2.3234478081941474,False
140,25,1131,-0.0025543305112238263,-0.0027279635258358,0.14677276746242263,0.12538987860117334,-2.8889478081941475,False
140,30,1131,-0.0030543305112238264,-0.0032279635258358,0.11936339522546419,0.08958269075311535,-3.4544478081941477,False
141,0,1183,0.00015126470221669624,-0.0002160138248847,0.45646661031276414,1.1127179220806158,0.17894614272235165,True
141,5,1183,-0.0003487352977833038,-0.0007160138248847,0.3863060016906171,0.7861452566850713,-0.4125538572776484,False
141,10,1183,-0.0008487352977833038,-0.0012160138248847,0.33474218089602703,0.5648076115806628,-1.0040538572776483,False
141,15,1183,-0.0013487352977833037,-0.0017160138248847,0.2874049027895182,0.41230252221894637,-1.5955538572776482,False
141,20,1183,-0.0018487352977833039,-0.0022160138248847002,0.22907861369399832,0.30662907373336906,-2.1870538572776486,False
141,25,1183,-0.002348735297783304,-0.0027160138248847002,0.19611158072696533,0.23235417988367726,-2.7785538572776485,False
141,30,1183,-0.002848735297783304,-0.0032160138248847002,0.16906170752324598,0.1788291762044637,-3.3700538572776484,False
142,0,961,0.00011380303539028091,-0.0002103491796381,0.45265348595213317,1.087036111848894,0.10936471701005995,True
142,5,961,-0.00038619696460971914,-0.0007103491796381001,0.3839750260145682,0.7584243898113682,-0.3711352829899401,False
142,10,961,-0.0008861969646097192,-0.0012103491796381,0.3309053069719043,0.538265414892222,-0.8516352829899401,False
142,15,961,-0.001386196964609719,-0.0017103491796381,0.2861602497398543,0.3879653007959871,-1.33213528298994,False
142,20,961,-0.0018861969646097193,-0.0022103491796381,0.21956295525494277,0.2852756115522952,-1.8126352829899401,False
142,25,961,-0.002386196964609719,-0.0027103491796381,0.18938605619146723,0.21423732071398272,-2.29313528298994,False
142,30,961,-0.002886196964609719,-0.0032103491796381,0.16337148803329865,0.16313866962251444,-2.77363528298994,False
143,0,1027,0.0002049308720208181,-0.0003384912959382,0.4508276533592989,1.1265959915238128,0.2104640055653802,True
143,5,1027,-0.0002950691279791819,-0.0008384912959382,0.4011684518013632,0.8450607189587919,-0.3030359944346198,False
143,10,1027,-0.0007950691279791819,-0.0013384912959382,0.3602726387536514,0.6409127332990002,-0.8165359944346198,False
143,15,1027,-0.0012950691279791822,-0.0018384912959382,0.29990262901655307,0.49214972941605656,-1.33003599443462,False
143,20,1027,-0.001795069127979182,-0.0023384912959382,0.26582278481012656,0.3827209888672109,-1.84353599443462,False
143,25,1027,-0.0022950691279791818,-0.0028384912959382,0.23076923076923078,0.30124198785382134,-2.3570359944346198,False
143,30,1027,-0.002795069127979182,-0.0033384912959382,0.20155793573515093,0.24013266469603067,-2.87053599443462,False
144,0,841,0.00018706485268367155,-0.000312874797935,0.45422116527942924,1.118241007176347,0.15732154110696778,True
144,5,841,-0.00031293514731632865,-0.0008128747979350001,0.40309155766944116,0.8324095208101601,-0.2631784588930324,False
144,10,841,-0.0008129351473163285,-0.001312874797935,0.3590963139120095,0.6265660073021638,-0.6836784588930322,False
144,15,841,-0.0013129351473163285,-0.001812874797935,0.2984542211652794,0.4776000072293043,-1.1041784588930323,False
144,20,841,-0.0018129351473163285,-0.002312874797935,0.267538644470868,0.3688613031800791,-1.5246784588930322,False
144,25,841,-0.0023129351473163287,-0.002812874797935,0.23067776456599287,0.28807836090616895,-1.9451784588930323,False
144,30,841,-0.0028129351473163288,-0.003312874797935,0.19976218787158145,0.22785214631302486,-2.3656784588930324,False
145,0,813,3.511620791387417e-05,-0.0001746724890829,0.45018450184501846,1.0308044346277452,0.028549477033979698,True
145,5,813,-0.0004648837920861258,-0.0006746724890829,0.35670356703567035,0.6767126102168515,-0.3779505229660203,False
145,10,813,-0.0009648837920861259,-0.0011746724890829,0.2988929889298893,0.4566437406800447,-0.7844505229660204,False
145,15,813,-0.0014648837920861258,-0.0016746724890829,0.24231242312423124,0.3159061670145629,-1.1909505229660202,False
145,20,813,-0.001964883792086126,-0.0021746724890829,0.1931119311193112,0.22446166656648178,-1.5974505229660203,False
145,25,813,-0.002464883792086126,-0.0026746724890829,0.16113161131611317,0.16294441960998252,-2.0039505229660204,False
145,30,813,-0.0029648837920861256,-0.0031746724890829,0.13038130381303814,0.1211036136212448,-2.4104505229660202,False
146,0,725,-3.8761816042125194e-05,-0.0002489006886252,0.4386206896551724,0.9658990844773925,-0.028102316630540768,False
146,5,725,-0.0005387618160421253,-0.0007489006886252001,0.33793103448275863,0.6264856987623769,-0.3906023166305408,False
146,10,725,-0.0010387618160421254,-0.0012489006886252,0.2827586206896552,0.41900272557826873,-0.7531023166305408,False
146,15,725,-0.0015387618160421254,-0.0017489006886252001,0.2289655172413793,0.2878492975643911,-1.1156023166305409,False
146,20,725,-0.002038761816042125,-0.0022489006886252,0.1793103448275862,0.2035260588247718,-1.4781023166305407,False
146,25,725,-0.0025387618160421254,-0.0027489006886252,0.1489655172413793,0.14730820045357032,-1.840602316630541,False
146,30,725,-0.0030387618160421254,-0.0032489006886252,0.11448275862068966,0.10972071822367221,-2.203102316630541,False
147,0,665,0.0001419085246519467,-0.0002988643156007,0.45413533834586467,1.0936115782888103,0.09436916889354455,True
147,5,665,-0.0003580914753480533,-0.0007988643156007,0.39097744360902253,0.8015072738203255,-0.23813083110645544,False
147,10,665,-0.0008580914753480532,-0.0012988643156007,0.3383458646616541,0.5955201827544201,-0.5706308311064554,False
147,15,665,-0.0013580914753480533,-0.0017988643156007,0.29172932330827067,0.44888580212753243,-0.9031308311064554,False
147,20,665,-0.0018580914753480533,-0.0022988643156007,0.24511278195488723,0.3433454902379213,-1.2356308311064554,False
147,25,665,-0.0023580914753480535,-0.0027988643156007,0.21954887218045113,0.2666786879865809,-1.5681308311064557,False
147,30,665,-0.0028580914753480536,-0.0032988643156007,0.1924812030075188,0.20915512847895873,-1.9006308311064555,False
148,0,594,4.1785039756725365e-05,-0.0003685995526387,0.4377104377104377,1.0284678099178444,0.024820313615494867,True
148,5,594,-0.00045821496024327473,-0.0008685995526387001,0.37373737373737376,0.740368979801243,-0.2721796863845052,False
148,10,594,-0.0009582149602432747,-0.0013685995526386999,0.3181818181818182,0.5417791686834204,-0.5691796863845052,False
148,15,594,-0.0014582149602432746,-0.0018685995526386999,0.27104377104377103,0.40351261340685596,-0.8661796863845052,False
148,20,594,-0.001958214960243275,-0.0023685995526387,0.22053872053872053,0.305853610776037,-1.1631796863845052,False
148,25,594,-0.002458214960243275,-0.0028685995526387,0.20202020202020202,0.23575297031964787,-1.4601796863845053,False
148,30,594,-0.0029582149602432745,-0.0033685995526387,0.1734006734006734,0.18370948085746996,-1.757179686384505,False
149,0,573,0.00033143063665845915,-0.0002385116870726,0.4712041884816754,1.1900599960714497,0.1899097548052971,True
149,5,573,-0.00016856936334154097,-0.0007385116870726001,0.4293193717277487,0.9164773144432532,-0.09659024519470297,False
149,10,573,-0.0006685693633415408,-0.0012385116870726,0.38394415357766143,0.7113078045017228,-0.3830902451947029,False
149,15,573,-0.0011685693633415408,-0.0017385116870726,0.32809773123909247,0.5571410295854842,-0.6695902451947029,False
149,20,573,-0.001668569363341541,-0.0022385116870726,0.2879581151832461,0.441001711143491,-0.956090245194703,False
149,25,573,-0.002168569363341541,-0.0027385116870726,0.25654450261780104,0.3527984725078732,-1.2425902451947028,False
149,30,573,-0.002668569363341541,-0.0032385116870726,0.23036649214659685,0.2843196855233645,-1.5290902451947028,False
150,0,516,0.00023997362772097932,-0.00030535923404345004,0.46124031007751937,1.1429031838957577,0.12382639190402533,True
150,5,516,-0.00026002637227902066,-0.00080535923404345,0.42054263565891475,0.8672590471804418,-0.13417360809597467,False
150,10,516,-0.0007600263722790207,-0.00130535923404345,0.37209302325581395,0.6639281640705776,-0.3921736080959747,False
150,15,516,-0.0012600263722790208,-0.00180535923404345,0.31589147286821706,0.5137241347258765,-0.6501736080959747,False
150,20,516,-0.001760026372279021,-0.0023053592340434503,0.27325581395348836,0.40227350371603937,-0.9081736080959748,False
150,25,516,-0.002260026372279021,-0.00280535923404345,0.23837209302325582,0.3188926434580319,-1.1661736080959748,False
150,30,516,-0.0027600263722790206,-0.0033053592340434503,0.2131782945736434,0.25512174348798655,-1.4241736080959746,False
151,0,831,-4.375373233507255e-05,-0.0002571355104139,0.44404332129963897,0.9637128824286373,-0.036359351570445286,False
151,5,831,-0.0005437537323350726,-0.0007571355104139001,0.35499398315282793,0.6390186301768351,-0.4518593515704453,False
151,10,831,-0.0010437537323350727,-0.0012571355104139,0.2972322503008424,0.43435381013731406,-0.8673593515704454,False
151,15,831,-0.0015437537323350727,-0.0017571355104139001,0.23465703971119134,0.3027475907572351,-1.2828593515704454,False
151,20,831,-0.0020437537323350725,-0.0022571355104139,0.19253910950661854,0.21639621297647027,-1.6983593515704454,False
151,25,831,-0.0025437537323350725,-0.0027571355104139,0.16125150421179302,0.15758831114495653,-2.1138593515704454,False
151,30,831,-0.0030437537323350725,-0.0032571355104139,0.1299638989169675,0.11733721717792854,-2.529359351570445,False
152,0,736,-0.0001026678455643746,-0.0003029944374288,0.43070652173913043,0.9143287129057391,-0.07556353433537971,False
152,5,736,-0.0006026678455643747,-0.0008029944374288,0.3342391304347826,0.6002078693307202,-0.44356353433537976,False
152,10,736,-0.0011026678455643747,-0.0013029944374288,0.28125,0.4053193527372686,-0.8115635343353798,False
152,15,736,-0.0016026678455643747,-0.0018029944374288,0.22554347826086957,0.2809783990316631,-1.1795635343353799,False
152,20,736,-0.0021026678455643745,-0.0023029944374288,0.18342391304347827,0.19978661089385155,-1.5475635343353797,False
152,25,736,-0.002602667845564375,-0.0028029944374288003,0.15217391304347827,0.14489465745981142,-1.91556353433538,False
152,30,736,-0.0031026678455643745,-0.0033029944374288,0.11820652173913043,0.10780278582946617,-2.2835635343353795,False
153,0,683,3.748319522469281e-05,-0.0003386993943257,0.4494875549048316,1.0234972577275643,0.025601022338465187,True
153,5,683,-0.00046251680477530716,-0.0008386993943257,0.3850658857979502,0.754712103277868,-0.3158989776615348,False
153,10,683,-0.0009625168047753071,-0.0013386993943257,0.33821376281112736,0.5632227081220316,-0.6573989776615348,False
153,15,683,-0.0014625168047753072,-0.0018386993943257,0.28989751098096633,0.42597720868003147,-0.9988989776615348,False
153,20,683,-0.0019625168047753072,-0.0023386993943257,0.24011713030746706,0.3266809441957218,-1.3403989776615348,False
153,25,683,-0.0024625168047753073,-0.0028386993943257,0.21376281112737922,0.25465339775395285,-1.681898977661535,False
153,30,683,-0.0029625168047753077,-0.0033386993943257002,0.18887262079062958,0.20033262598740068,-2.023398977661535,False
154,0,603,-1.9138704244516397e-05,-0.000380011400342,0.43449419568822556,0.9873009311957702,-0.011540638659443388,False
154,5,603,-0.0005191387042445165,-0.000880011400342,0.36981757877280264,0.7125824873322538,-0.3130406386594434,False
154,10,603,-0.0010191387042445164,-0.001380011400342,0.32172470978441126,0.5219615707943829,-0.6145406386594434,False
154,15,603,-0.0015191387042445166,-0.001880011400342,0.2703150912106136,0.38880250338480715,-0.9160406386594435,False
154,20,603,-0.0020191387042445166,-0.002380011400342,0.21724709784411278,0.29473531661514496,-1.2175406386594434,False
154,25,603,-0.0025191387042445166,-0.002880011400342,0.19900497512437812,0.22730941884461955,-1.5190406386594435,False
154,30,603,-0.003019138704244516,-0.003380011400342,0.1724709784411277,0.17708621855893508,-1.8205406386594434,False
155,0,588,0.00025272553956191406,-0.0002649566430123,0.46938775510204084,1.139258786177878,0.14860261726240545,True
155,5,588,-0.00024727446043808606,-0.0007649566430123,0.42517006802721086,0.8817039693135779,-0.14539738273759462,False
155,10,588,-0.0007472744604380861,-0.0012649566430123,0.38095238095238093,0.6873274620708686,-0.43939738273759466,False
155,15,588,-0.001247274460438086,-0.0017649566430123,0.3299319727891156,0.5402123340763337,-0.7333973827375946,False
155,20,588,-0.0017472744604380861,-0.0022649566430123,0.2942176870748299,0.42847200732113205,-1.0273973827375946,False
155,25,588,-0.002247274460438086,-0.0027649566430123,0.26360544217687076,0.3428213259444884,-1.3213973827375947,False
155,30,588,-0.002747274460438086,-0.0032649566430123,0.23299319727891157,0.276206476067797,-1.6153973827375947,False
156,0,524,0.00023535512710824193,-0.00030535923404345004,0.4580152671755725,1.140924729030411,0.12332608660471876,True
156,5,524,-0.0002646448728917582,-0.00080535923404345,0.41412213740458015,0.8643991792938972,-0.1386739133952813,False
156,10,524,-0.0007646448728917581,-0.00130535923404345,0.366412213740458,0.6612988739762563,-0.40067391339528124,False
156,15,524,-0.001264644872891758,-0.00180535923404345,0.3148854961832061,0.5114396707948516,-0.6626739133952813,False
156,20,524,-0.0017646448728917581,-0.0023053592340434503,0.2767175572519084,0.40002969167531843,-0.9246739133952813,False
156,25,524,-0.002264644872891758,-0.00280535923404345,0.24236641221374045,0.31642914700139774,-1.1866739133952813,False
156,30,524,-0.0027646448728917577,-0.0033053592340434503,0.21564885496183206,0.2527103838450301,-1.448673913395281,False
157,0,840,-8.383609629297627e-05,-0.0002582349913415,0.44047619047619047,0.9311905265132798,-0.07042232088610006,False
157,5,840,-0.0005838360962929763,-0.0007582349913415,0.35,0.6161850322423615,-0.4904223208861001,False
157,10,840,-0.0010838360962929763,-0.0012582349913415,0.2892857142857143,0.41840761822593,-0.9104223208861002,False
157,15,840,-0.0015838360962929763,-0.0017582349913415,0.22857142857142856,0.2914990939250624,-1.3304223208861001,False
157,20,840,-0.002083836096292976,-0.0022582349913415,0.18571428571428572,0.2082764562977427,-1.7504223208861,False
157,25,840,-0.0025838360962929766,-0.0027582349913415002,0.15833333333333333,0.1516347723724084,-2.1704223208861,False
157,30,840,-0.003083836096292976,-0.0032582349913415,0.12976190476190477,0.11263547277098884,-2.5904223208861,False
158,0,739,-0.0001426275058354001,-0.0002946810078091,0.428958051420839,0.88197064443354,-0.10540172681236068,False
158,5,739,-0.0006426275058354,-0.0007946810078091,0.3301759133964817,0.5769389435683482,-0.47490172681236065,False
158,10,739,-0.0011426275058354,-0.0012946810078091,0.2719891745602165,0.3886712786886277,-0.8444017268123607,False
158,15,739,-0.0016426275058354003,-0.0017946810078091,0.2165087956698241,0.2692921714530701,-1.2139017268123609,False
158,20,739,-0.0021426275058354003,-0.0022946810078091,0.17456021650879566,0.19151025981943565,-1.5834017268123608,False
158,25,739,-0.0026426275058354003,-0.0027946810078091,0.14614343707713126,0.1391457941468005,-1.9529017268123607,False
158,30,739,-0.0031426275058354003,-0.0032946810078091,0.11637347767253045,0.10351654187621669,-2.3224017268123607,False
159,0,687,7.597093853276201e-05,-0.0002978258711406,0.4556040756914119,1.0482372948842442,0.0521920347720075,True
159,5,687,-0.0004240290614672381,-0.0007978258711406,0.388646288209607,0.772347025514166,-0.29130796522799257,False
159,10,687,-0.000924029061467238,-0.0012978258711406,0.3406113537117904,0.5759516069169499,-0.6348079652279925,False
159,15,687,-0.001424029061467238,-0.0017978258711406,0.2940320232896652,0.4351889607127567,-0.9783079652279925,False
159,20,687,-0.0019240290614672378,-0.0022978258711406,0.23726346433770015,0.33390051331534715,-1.3218079652279924,False
159,25,687,-0.0024240290614672383,-0.0027978258711406,0.21397379912663755,0.26041749079755927,-1.6653079652279927,False
159,30,687,-0.0029240290614672383,-0.0032978258711406,0.19068413391557495,0.20493984294628687,-2.0088079652279927,False
160,0,605,1.2237554009071283e-06,-0.0003490401396161,0.4413223140495868,1.0008206378965672,0.0007403720175488127,True
160,5,605,-0.000498776244599093,-0.0008490401396161001,0.37355371900826445,0.7209172224600441,-0.30175962798245126,False
160,10,605,-0.000998776244599093,-0.0013490401396161,0.3239669421487603,0.5269291714980483,-0.6042596279824513,False
160,15,605,-0.001498776244599093,-0.0018490401396161,0.2743801652892562,0.39145692276055954,-0.9067596279824512,False
160,20,605,-0.001998776244599093,-0.0023490401396161,0.21487603305785125,0.29628378173312436,-1.2092596279824512,False
160,25,605,-0.002498776244599093,-0.0028490401396161,0.19504132231404958,0.22851180417760858,-1.5117596279824512,False
160,30,605,-0.002998776244599093,-0.0033490401396161,0.16859504132231404,0.1783101979109932,-1.8142596279824512,False
161,0,591,0.0003465729110268076,-0.0001849796522382,0.4754653130287648,1.1971976053192461,0.2048245904168433,True
161,5,591,-0.00015342708897319243,-0.0006849796522382,0.43485617597292725,0.9243830465071646,-0.09067540958315673,False
161,10,591,-0.0006534270889731924,-0.0011849796522382,0.3925549915397631,0.718755578331633,-0.38617540958315666,False
161,15,591,-0.0011534270889731926,-0.0016849796522382,0.338409475465313,0.5632941078694645,-0.6816754095831568,False
161,20,591,-0.0016534270889731922,-0.0021849796522382,0.29949238578680204,0.4455123934394114,-0.9771754095831566,False
161,25,591,-0.0021534270889731924,-0.0026849796522382,0.2673434856175973,0.35563240679954516,-1.2726754095831567,False
161,30,591,-0.0026534270889731924,-0.0031849796522382,0.24027072758037224,0.285838372327209,-1.5681754095831566,False
162,0,522,0.00026391154734652924,-0.00025329602402665,0.4674329501915709,1.1585594637152379,0.13776182771488826,True
162,5,522,-0.00023608845265347088,-0.00075329602402665,0.42528735632183906,0.8783381909674943,-0.1232381722851118,False
162,10,522,-0.0007360884526534708,-0.0012532960240266501,0.3793103448275862,0.6714571148755846,-0.38423817228511176,False
162,15,522,-0.0012360884526534707,-0.0017532960240266501,0.3218390804597701,0.5183230585207484,-0.6452381722851117,False
162,20,522,-0.001736088452653471,-0.0022532960240266497,0.2796934865900383,0.4046466763160897,-0.9062381722851118,False
162,25,522,-0.002236088452653471,-0.00275329602402665,0.24329501915708812,0.31966121719675616,-1.1672381722851117,False
162,30,522,-0.002736088452653471,-0.0032532960240266497,0.21839080459770116,0.25497246776265386,-1.4282381722851119,False
