model,timestamp,quintile,n,mean_target_excess_bps,median_target_excess_bps
ols,2026-04-17 14:15:00+05:30,1,3,3.654179669460393,5.294144128219861
ols,2026-04-17 14:15:00+05:30,2,3,-0.1307647369556499,0.24303182254141006
ols,2026-04-17 14:15:00+05:30,3,3,3.1459347110122478,2.1390192420948457
ols,2026-04-17 14:15:00+05:30,4,3,-1.2103613692152997,1.3528488030637813
ols,2026-04-17 14:15:00+05:30,5,3,-5.4589882743016895,-2.6336387658772624
ols,2026-04-17 14:20:00+05:30,1,3,-18.801681286059413,-19.977422316463784
ols,2026-04-17 14:20:00+05:30,2,3,0.137177227135762,-0.20432775015385007
ols,2026-04-17 14:20:00+05:30,3,3,1.7331631649584185,1.9915457462928263
ols,2026-04-17 14:20:00+05:30,4,3,8.880096402953175,13.851633719653847
ols,2026-04-17 14:20:00+05:30,5,3,8.051244491012058,6.9972977491351935
ols,2026-04-17 14:25:00+05:30,1,3,3.7296910259888203,-1.11781140957401
ols,2026-04-17 14:25:00+05:30,2,3,2.6342854171398735,3.713202936568738
ols,2026-04-17 14:25:00+05:30,3,3,-5.370623812843256,-3.1620064269106685
ols,2026-04-17 14:25:00+05:30,4,3,-2.5205285351288516,-1.4774459848827526
ols,2026-04-17 14:25:00+05:30,5,3,1.5271759048434146,-2.9712087067896853
ols,2026-04-17 14:30:00+05:30,1,3,0.6879698407116221,-0.8286287763568099
ols,2026-04-17 14:30:00+05:30,2,3,-0.49017075287904865,1.6320338897715116
ols,2026-04-17 14:30:00+05:30,3,3,1.561726145545691,1.9231615642325564
ols,2026-04-17 14:30:00+05:30,4,3,2.8719694872153907,4.849582968915689
ols,2026-04-17 14:30:00+05:30,5,3,-4.631494720593654,0.24002029862546537
ols,2026-04-17 14:35:00+05:30,1,3,-0.6739802852187002,-5.660596842957055
ols,2026-04-17 14:35:00+05:30,2,3,0.7421193049755495,-2.668510196369933
ols,2026-04-17 14:35:00+05:30,3,3,0.04268154005907978,6.291659518945281
ols,2026-04-17 14:35:00+05:30,4,3,2.2548963149842867,1.1265198081509273
ols,2026-04-17 14:35:00+05:30,5,3,-2.3657168748002126,-2.292404015670435
ols,2026-04-17 14:40:00+05:30,1,3,-1.7063777256366057,2.349565265895507
ols,2026-04-17 14:40:00+05:30,2,3,1.9128140187555007,9.571015668785524
ols,2026-04-17 14:40:00+05:30,3,3,-6.895531441047635,-6.69683028148856
ols,2026-04-17 14:40:00+05:30,4,3,4.16892952375747,2.558765892868224
ols,2026-04-17 14:40:00+05:30,5,3,2.5201656241712707,-1.1719263817334309
ols,2026-04-17 14:45:00+05:30,1,3,-2.8812016171899653,-3.6642370751137263
ols,2026-04-17 14:45:00+05:30,2,3,-1.3393783372182744,1.363391972412235
ols,2026-04-17 14:45:00+05:30,3,3,3.1661236184733856,1.2493364796108224
ols,2026-04-17 14:45:00+05:30,4,3,-3.0827701709370556,-0.2699191960019073
ols,2026-04-17 14:45:00+05:30,5,3,4.137226506871908,4.468573160762028
ols,2026-04-17 14:50:00+05:30,1,3,-0.9952978168010027,-0.4931750423640876
ols,2026-04-17 14:50:00+05:30,2,3,4.185398560069793,2.0544964489112396
ols,2026-04-17 14:50:00+05:30,3,3,0.05260148316417945,-2.401350617718808
ols,2026-04-17 14:50:00+05:30,4,3,-1.7868589299498971,-1.2816343332976061
ols,2026-04-17 14:50:00+05:30,5,3,-1.4558432964830725,-1.4685862575845772
ols,2026-04-17 14:55:00+05:30,1,3,6.743279201873197,0.7992004635477558
ols,2026-04-17 14:55:00+05:30,2,3,-5.237475077996065,-7.995402373577765
ols,2026-04-17 14:55:00+05:30,3,3,-2.8458747562891684,0.4759445434272537
ols,2026-04-17 14:55:00+05:30,4,3,-9.315663830165096,-16.270201819278853
ols,2026-04-17 14:55:00+05:30,5,3,10.655734462577135,-3.1923786365211093
ols,2026-04-17 15:00:00+05:30,1,3,-4.87665181834466,1.4462565559711926
ols,2026-04-17 15:00:00+05:30,2,3,0.47406166464680743,-0.5931039173658892
ols,2026-04-17 15:00:00+05:30,3,3,-0.7245385416205046,-1.2700177306725902
ols,2026-04-17 15:00:00+05:30,4,3,1.5828582664676458,0.03189608263376442
ols,2026-04-17 15:00:00+05:30,5,3,3.544270428850712,3.382541081796475
ols,2026-04-17 15:05:00+05:30,1,3,-4.819280155639779,-4.50694829295976
ols,2026-04-17 15:05:00+05:30,2,3,-1.562932569463271,0.5101557745420168
ols,2026-04-17 15:05:00+05:30,3,3,0.274888108362884,-3.90460772329219
ols,2026-04-17 15:05:00+05:30,4,3,6.1469603941943785,5.836612022797802
ols,2026-04-17 15:05:00+05:30,5,3,-0.03963577745421259,-2.195327118415339
ols,2026-04-17 15:10:00+05:30,1,3,4.914185744142301,2.6415267481657936
ols,2026-04-17 15:10:00+05:30,2,3,-3.5183183180730695,-4.898174491172765
ols,2026-04-17 15:10:00+05:30,3,3,-2.2655534568774747,-1.7741507485927361
ols,2026-04-17 15:10:00+05:30,4,3,2.494768855763497,3.2802641705373206
ols,2026-04-17 15:10:00+05:30,5,3,-1.6250828249552522,-2.290612561575441
ols,2026-04-17 15:15:00+05:30,1,3,-0.07500968830968306,-3.7903649857793376
ols,2026-04-17 15:15:00+05:30,2,3,0.3453138916467149,-2.848612384187321
ols,2026-04-17 15:15:00+05:30,3,3,4.994417598009376,6.447947888512884
ols,2026-04-17 15:15:00+05:30,4,3,-3.349840026630523,-2.116172627355306
ols,2026-04-17 15:15:00+05:30,5,3,-1.9148817747158817,-1.9227721842038912
ols,2026-04-17 15:20:00+05:30,1,3,6.823422943111002,-0.12131578219124843
ols,2026-04-17 15:20:00+05:30,2,3,-7.357001090297688,-1.9728247620100319
ols,2026-04-17 15:20:00+05:30,3,3,-6.670314948556744,-8.470054526302933
ols,2026-04-17 15:20:00+05:30,4,3,-3.22854902275771,-0.12131578219124843
ols,2026-04-17 15:20:00+05:30,5,3,10.432442118501141,6.813496977864227
ols,2026-04-20 14:15:00+05:30,1,3,-4.974151040823216,-4.179530288258053
ols,2026-04-20 14:15:00+05:30,2,3,0.5705209008238419,-1.3476245102933917
ols,2026-04-20 14:15:00+05:30,3,3,-1.0781201346830767,-3.7559318562713586
ols,2026-04-20 14:15:00+05:30,4,3,4.884409554784863,5.616805296397261
ols,2026-04-20 14:15:00+05:30,5,3,0.5973407198975879,0.3686053125833886
ols,2026-04-20 14:20:00+05:30,1,3,-1.5286786803619579,-5.166775755407249
ols,2026-04-20 14:20:00+05:30,2,3,-2.3663001242433257,-1.8088173940931094
ols,2026-04-20 14:20:00+05:30,3,3,2.691587270977106,10.916271250951626
ols,2026-04-20 14:20:00+05:30,4,3,-1.0104935664472974,2.195368100883721
ols,2026-04-20 14:20:00+05:30,5,3,2.2138851000754745,8.042237453607326
ols,2026-04-20 14:25:00+05:30,1,3,-0.8147903530337787,-0.2777214222278169
ols,2026-04-20 14:25:00+05:30,2,3,1.1642877633915028,1.0966836785624157
ols,2026-04-20 14:25:00+05:30,3,3,-1.4953499838028514,-1.2647785916881649
ols,2026-04-20 14:25:00+05:30,4,3,-1.722851208895075,-3.345258519950711
ols,2026-04-20 14:25:00+05:30,5,3,2.868703782340203,9.713479749626108
ols,2026-04-20 14:30:00+05:30,1,3,-5.297647145641035,-6.307064082748799
ols,2026-04-20 14:30:00+05:30,2,3,-4.119039644348603,-5.581332910763311
ols,2026-04-20 14:30:00+05:30,3,3,0.8005273218819244,4.930636184040808
ols,2026-04-20 14:30:00+05:30,4,3,-0.16973322488422782,6.864237415017553
ols,2026-04-20 14:30:00+05:30,5,3,8.78589269299194,7.562561437363262
ols,2026-04-20 14:35:00+05:30,1,3,-8.427730382526791,-9.12813814383869
ols,2026-04-20 14:35:00+05:30,2,3,2.8661686723204434,-2.2078967748380878
ols,2026-04-20 14:35:00+05:30,3,3,4.03889990923297,1.4775764713207777
ols,2026-04-20 14:35:00+05:30,4,3,-1.8939781036135064,0.9341990561354911
ols,2026-04-20 14:35:00+05:30,5,3,3.4166399045868863,4.519327806733846
ols,2026-04-20 14:40:00+05:30,1,3,-3.4538870089050695,-5.334312441840276
ols,2026-04-20 14:40:00+05:30,2,3,-1.9644715004099775,2.673853544923406
ols,2026-04-20 14:40:00+05:30,3,3,0.11510766937032141,0.7782319762273578
ols,2026-04-20 14:40:00+05:30,4,3,3.5138020729205497,5.1389675458658095
ols,2026-04-20 14:40:00+05:30,5,3,1.7894487670241745,-0.5025384553968651
ols,2026-04-20 14:45:00+05:30,1,3,-1.4869818657961735,-0.18694084176495981
ols,2026-04-20 14:45:00+05:30,2,3,-1.242955425371524,-5.1644920827449425
ols,2026-04-20 14:45:00+05:30,3,3,0.5036658624776684,1.0323267668892466
ols,2026-04-20 14:45:00+05:30,4,3,3.3651394153219414,3.130426727197433
ols,2026-04-20 14:45:00+05:30,5,3,-1.138867986631912,3.0484520099987034
ols,2026-04-20 14:50:00+05:30,1,3,-2.8285837634288344,-2.989626089791253
ols,2026-04-20 14:50:00+05:30,2,3,5.8629976823296746,4.466899608059682
ols,2026-04-20 14:50:00+05:30,3,3,1.6359081496809902,-0.10662418643581079
ols,2026-04-20 14:50:00+05:30,4,3,-0.40615301193428877,-0.733308400260535
ols,2026-04-20 14:50:00+05:30,5,3,-4.264169056647541,-2.9304667421394814
ols,2026-04-20 14:55:00+05:30,1,3,3.17123774955889,-0.7781145689037908
ols,2026-04-20 14:55:00+05:30,2,3,-3.977149905985597,-1.7918625195038431
ols,2026-04-20 14:55:00+05:30,3,3,-0.01306796095594141,7.84260533912858
ols,2026-04-20 14:55:00+05:30,4,3,-3.0773132855810297,-1.5265220645114632
ols,2026-04-20 14:55:00+05:30,5,3,3.8962934029636758,3.687654841414053
ols,2026-04-20 15:00:00+05:30,1,3,2.655938852045366,2.747718188837345
ols,2026-04-20 15:00:00+05:30,2,3,-0.17099370786636586,-2.978229153813405
ols,2026-04-20 15:00:00+05:30,3,3,1.4724487241351008,-0.6485488454261996
ols,2026-04-20 15:00:00+05:30,4,3,-0.9738962671697045,0.18395569621065855
ols,2026-04-20 15:00:00+05:30,5,3,-2.983497601144395,3.7605616511098288
ols,2026-04-20 15:05:00+05:30,1,3,-1.58556115375171,-0.8844647719673157
ols,2026-04-20 15:05:00+05:30,2,3,2.602688057633306,3.2860684594195146
ols,2026-04-20 15:05:00+05:30,3,3,-0.9441481883178952,2.418631267112762
ols,2026-04-20 15:05:00+05:30,4,3,-1.833816395629814,-3.2266795874900853
ols,2026-04-20 15:05:00+05:30,5,3,1.7608376800661105,3.295483608841835
ols,2026-04-20 15:10:00+05:30,1,3,-3.0789824531850165,-0.908493647505523
ols,2026-04-20 15:10:00+05:30,2,3,-2.8305127969328794,-1.768832796761174
ols,2026-04-20 15:10:00+05:30,3,3,11.589355781317515,11.54884758841638
ols,2026-04-20 15:10:00+05:30,4,3,-6.0544811415232935,-7.3813244914831735
ols,2026-04-20 15:10:00+05:30,5,3,0.3746206103236721,-0.5614326119683568
ols,2026-04-20 15:15:00+05:30,1,3,-1.7482128476479597,-4.037695272181748
ols,2026-04-20 15:15:00+05:30,2,3,0.43836034593162543,0.27446836734649593
ols,2026-04-20 15:15:00+05:30,3,3,-2.413130796059167,-1.9768189308718338
ols,2026-04-20 15:15:00+05:30,4,3,2.0069409815082206,1.788469771070537
ols,2026-04-20 15:15:00+05:30,5,3,1.716042316267282,2.4901256790147803
ols,2026-04-20 15:20:00+05:30,1,3,6.896002934825433,3.754625872257019
ols,2026-04-20 15:20:00+05:30,2,3,3.9282038599806066,-10.832358833616254
ols,2026-04-20 15:20:00+05:30,3,3,-9.005116347693262,-13.828657948961634
ols,2026-04-20 15:20:00+05:30,4,3,-2.3694006895305098,-1.931121304210063
ols,2026-04-20 15:20:00+05:30,5,3,0.5503102424177325,-5.5835084421080134
ols,2026-04-21 14:15:00+05:30,1,3,-7.208005864512904,-5.835751296689562
ols,2026-04-21 14:15:00+05:30,2,3,4.4530331989157315,4.6439402802205265
ols,2026-04-21 14:15:00+05:30,3,3,5.719319706906904,4.324092390917578
ols,2026-04-21 14:15:00+05:30,4,3,-2.1675826748697165,-1.5814621034433425
ols,2026-04-21 14:15:00+05:30,5,3,-0.7967643664400128,-1.8341348648971407
ols,2026-04-21 14:20:00+05:30,1,3,-2.723117932392327,-0.9124293176757299
ols,2026-04-21 14:20:00+05:30,2,3,0.5911727269237356,4.095976474793576
ols,2026-04-21 14:20:00+05:30,3,3,3.9548789917143905,4.529130335157709
ols,2026-04-21 14:20:00+05:30,4,3,-3.5369435825130697,3.4221052266178256
ols,2026-04-21 14:20:00+05:30,5,3,1.7140097962672722,1.4500840201778036
ols,2026-04-21 14:25:00+05:30,1,3,3.529415992619429,1.765069838170596
ols,2026-04-21 14:25:00+05:30,2,3,0.5936152275286909,1.9240113430170065
ols,2026-04-21 14:25:00+05:30,3,3,-7.787750629106192,-3.6285545665519785
ols,2026-04-21 14:25:00+05:30,4,3,-2.3954978496684527,-0.09807549912910261
ols,2026-04-21 14:25:00+05:30,5,3,6.060217258626524,8.055508371600073
ols,2026-04-21 14:30:00+05:30,1,3,-1.5793465991555955,-2.00417414336466
ols,2026-04-21 14:30:00+05:30,2,3,3.691311285435835,2.6947807113780384
ols,2026-04-21 14:30:00+05:30,3,3,3.1767887905836587,2.103301711803803
ols,2026-04-21 14:30:00+05:30,4,3,-3.4545866313527482,-2.660814447382235
ols,2026-04-21 14:30:00+05:30,5,3,-1.8341668455111497,-0.8967421226930097
ols,2026-04-21 14:35:00+05:30,1,3,-7.186990367955337,-6.816974912483342
ols,2026-04-21 14:35:00+05:30,2,3,-1.9436760025298336,1.1879532448979548
ols,2026-04-21 14:35:00+05:30,3,3,9.396323939163157,8.588345516982399
ols,2026-04-21 14:35:00+05:30,4,3,0.9963278088622742,3.7935376804545395
ols,2026-04-21 14:35:00+05:30,5,3,-1.2619853775402607,-1.5043620369645792
ols,2026-04-21 14:40:00+05:30,1,3,-0.19736779181389602,-2.1475483265275632
ols,2026-04-21 14:40:00+05:30,2,3,3.4024963349936765,0.44926559422682966
ols,2026-04-21 14:40:00+05:30,3,3,2.0325787155821566,2.1598789920363646
ols,2026-04-21 14:40:00+05:30,4,3,-6.570661051194267,-2.63829770082095
ols,2026-04-21 14:40:00+05:30,5,3,1.3329537924323305,-1.1607563296633185
ols,2026-04-21 14:45:00+05:30,1,3,2.8498889502715694,1.2047452725036194
ols,2026-04-21 14:45:00+05:30,2,3,1.8269370373888243,2.138639296847803
ols,2026-04-21 14:45:00+05:30,3,3,-2.507192210159307,-5.533002305462571
ols,2026-04-21 14:45:00+05:30,4,3,-0.6120031404006627,1.5651122170997993
ols,2026-04-21 14:45:00+05:30,5,3,-1.557630637100423,-6.690593949282582
ols,2026-04-21 14:50:00+05:30,1,3,0.027198754679454467,1.677418225067321
ols,2026-04-21 14:50:00+05:30,2,3,1.228705837807468,-1.2027661067298319
ols,2026-04-21 14:50:00+05:30,3,3,7.321479288390073,10.592777798905143
ols,2026-04-21 14:50:00+05:30,4,3,-9.544106634201095,0.9548475725401998
ols,2026-04-21 14:50:00+05:30,5,3,0.9667227533241005,1.0140372628114995
ols,2026-04-21 14:55:00+05:30,1,3,2.9918642785848877,7.1143527314816435
ols,2026-04-21 14:55:00+05:30,2,3,-12.013374588922524,-11.34430387813512
ols,2026-04-21 14:55:00+05:30,3,3,2.3310599127575045,4.103914791871555
ols,2026-04-21 14:55:00+05:30,4,3,-5.195822265099108,-1.8937404927026336
ols,2026-04-21 14:55:00+05:30,5,3,11.886272662679238,12.705784219838145
ols,2026-04-21 15:00:00+05:30,1,3,11.872998684119581,20.505713487819044
ols,2026-04-21 15:00:00+05:30,2,3,-7.815155946885756,-8.753416894907051
ols,2026-04-21 15:00:00+05:30,3,3,0.97721427686781,8.968840785483323
ols,2026-04-21 15:00:00+05:30,4,3,3.9413984288789723,2.3647484288664695
ols,2026-04-21 15:00:00+05:30,5,3,-8.976455442980608,-7.5798640474094015
ols,2026-04-21 15:05:00+05:30,1,3,-1.7696121043982618,-0.4894611172986024
ols,2026-04-21 15:05:00+05:30,2,3,0.28696284713654835,-0.8780497633361267
ols,2026-04-21 15:05:00+05:30,3,3,-2.8759901928310234,-2.8581142004298803
ols,2026-04-21 15:05:00+05:30,4,3,3.1706001718193977,0.626599924917019
ols,2026-04-21 15:05:00+05:30,5,3,1.1880392782733415,-0.3824115853886162
ols,2026-04-21 15:10:00+05:30,1,3,13.937021016841689,-7.562717864013339
ols,2026-04-21 15:10:00+05:30,2,3,-12.675360805914249,-14.04213401530378
ols,2026-04-21 15:10:00+05:30,3,3,-6.926766771989742,-8.41299509787811
ols,2026-04-21 15:10:00+05:30,4,3,1.362385732017671,0.798267868493981
ols,2026-04-21 15:10:00+05:30,5,3,4.302720829044629,2.7974530780653004
ols,2026-04-21 15:15:00+05:30,1,3,5.886881214115736,5.68969737975659
ols,2026-04-21 15:15:00+05:30,2,3,-0.4149896699217801,1.0251556709778658
ols,2026-04-21 15:15:00+05:30,3,3,-15.617579208476876,-13.367098679407071
ols,2026-04-21 15:15:00+05:30,4,3,-1.2942426421260018,3.204279663132118
ols,2026-04-21 15:15:00+05:30,5,3,11.439930306408922,13.350672572343717
ols,2026-04-21 15:20:00+05:30,1,3,-13.851587578452468,-8.057588335211863
ols,2026-04-21 15:20:00+05:30,2,3,-4.075822354165186,-3.1065541362607085
ols,2026-04-21 15:20:00+05:30,3,3,5.614820361854086,5.788777084341223
ols,2026-04-21 15:20:00+05:30,4,3,3.1710617426013625,2.1140009278519667
ols,2026-04-21 15:20:00+05:30,5,3,9.141527828162207,7.006959298201387
ols,2026-04-22 14:15:00+05:30,1,3,0.376636967682975,1.7766016632153974
ols,2026-04-22 14:15:00+05:30,2,3,-2.642088583685457,2.2705717047883196
ols,2026-04-22 14:15:00+05:30,3,3,-0.5151515712914132,-0.9859084173141259
ols,2026-04-22 14:15:00+05:30,4,3,6.127072288130364,8.031132930342336
ols,2026-04-22 14:15:00+05:30,5,3,-3.3464691008364693,-1.693499460395061
ols,2026-04-22 14:20:00+05:30,1,3,2.665815162810725,3.194997809857325
ols,2026-04-22 14:20:00+05:30,2,3,2.3098227859540774,-5.629672016140175
ols,2026-04-22 14:20:00+05:30,3,3,0.4116177321303498,0.9300947477093313
ols,2026-04-22 14:20:00+05:30,4,3,-0.25724138858677476,1.553963984715745
ols,2026-04-22 14:20:00+05:30,5,3,-5.1300142923083785,-4.497524078374449
ols,2026-04-22 14:25:00+05:30,1,3,0.05702627590527731,4.9373600629126395
ols,2026-04-22 14:25:00+05:30,2,3,-3.5252062822150134,-4.291153014172637
ols,2026-04-22 14:25:00+05:30,3,3,1.6861411772581825,2.3077314529079316
ols,2026-04-22 14:25:00+05:30,4,3,3.1752611430884894,-2.2586074443304107
ols,2026-04-22 14:25:00+05:30,5,3,-1.3932223140369349,-4.164600102221676
ols,2026-04-22 14:30:00+05:30,1,3,-2.5226398291213017,-1.950641378627586
ols,2026-04-22 14:30:00+05:30,2,3,-1.9229329570078502,-1.721983941131026
ols,2026-04-22 14:30:00+05:30,3,3,-3.780098497195257,-1.7361808655226667
ols,2026-04-22 14:30:00+05:30,4,3,2.774883617950345,1.5124102036355354
ols,2026-04-22 14:30:00+05:30,5,3,5.450787665374065,6.2547130317401525
ols,2026-04-22 14:35:00+05:30,1,3,-2.7103573392150233,-4.133841136044684
ols,2026-04-22 14:35:00+05:30,2,3,1.7698944129330334,-4.5047509652539715
ols,2026-04-22 14:35:00+05:30,3,3,-1.1597322694163472,1.2676712874349534
ols,2026-04-22 14:35:00+05:30,4,3,3.7132976466744214,7.150456786369015
ols,2026-04-22 14:35:00+05:30,5,3,-1.6131024509760858,1.8130167637942691
ols,2026-04-22 14:40:00+05:30,1,3,0.5759893663031718,1.640596435755537
ols,2026-04-22 14:40:00+05:30,2,3,4.560364423923157,4.854996950057533
ols,2026-04-22 14:40:00+05:30,3,3,0.3509551331361366,3.4532578759147725
ols,2026-04-22 14:40:00+05:30,4,3,-4.6081923516729795,-6.301068425986989
ols,2026-04-22 14:40:00+05:30,5,3,-0.8791165716894858,1.640596435755537
ols,2026-04-22 14:45:00+05:30,1,3,5.627477943571288,2.571831094891526
ols,2026-04-22 14:45:00+05:30,2,3,0.2954560403567454,2.423871313107136
ols,2026-04-22 14:45:00+05:30,3,3,-4.139254509313665,-1.0528347562270095
ols,2026-04-22 14:45:00+05:30,4,3,-7.336317555618477,-5.416108458153138
ols,2026-04-22 14:45:00+05:30,5,3,5.55263808100411,5.528518077411912
ols,2026-04-22 14:50:00+05:30,1,3,-0.6942707109942592,-0.3338250149134876
ols,2026-04-22 14:50:00+05:30,2,3,-0.07611540245600061,-0.5811365642730177
ols,2026-04-22 14:50:00+05:30,3,3,1.1826652381416267,-2.263009265266754
ols,2026-04-22 14:50:00+05:30,4,3,3.4007692057855063,7.517859257761532
ols,2026-04-22 14:50:00+05:30,5,3,-3.8130483304768714,-2.180281230863853
ols,2026-04-22 14:55:00+05:30,1,3,-6.491284199388121,-6.028305651401074
ols,2026-04-22 14:55:00+05:30,2,3,3.7325775151289733,6.153062725621143
ols,2026-04-22 14:55:00+05:30,3,3,0.5953478346423978,2.168146344988446
ols,2026-04-22 14:55:00+05:30,4,3,5.160931087785296,1.552302479927918
ols,2026-04-22 14:55:00+05:30,5,3,-2.9975722381685443,-1.8793328933298286
ols,2026-04-22 15:00:00+05:30,1,3,1.177773656629559,1.6292916495731133
ols,2026-04-22 15:00:00+05:30,2,3,3.561208880426066,2.504055269346791
ols,2026-04-22 15:00:00+05:30,3,3,-1.5919008019885292,-2.758641708449009
ols,2026-04-22 15:00:00+05:30,4,3,1.079702339136309,-1.4229255043817592
ols,2026-04-22 15:00:00+05:30,5,3,-4.226784074203405,-6.595010237423408
ols,2026-04-22 15:05:00+05:30,1,3,0.9948456573823561,1.6969604717816575
ols,2026-04-22 15:05:00+05:30,2,3,-7.629263154500521,-3.9382029479576954
ols,2026-04-22 15:05:00+05:30,3,3,4.943338551803476,19.70092134317277
ols,2026-04-22 15:05:00+05:30,4,3,0.11946062455877259,-2.0516338053636987
ols,2026-04-22 15:05:00+05:30,5,3,1.571618320755919,2.014501434565904
ols,2026-04-22 15:10:00+05:30,1,3,-3.0963466196349083,-2.461688966030273
ols,2026-04-22 15:10:00+05:30,2,3,3.66710487577245,0.4721528998938851
ols,2026-04-22 15:10:00+05:30,3,3,-3.5125826501131536,-4.83781656778115
ols,2026-04-22 15:10:00+05:30,4,3,-2.7633346350321997,-4.602149383542642
ols,2026-04-22 15:10:00+05:30,5,3,5.705159029007812,7.489696759544806
ols,2026-04-22 15:15:00+05:30,1,3,3.979045905462201,-6.134286363449186
ols,2026-04-22 15:15:00+05:30,2,3,-4.458782890186604,1.6689400761596602
ols,2026-04-22 15:15:00+05:30,3,3,9.169477748206088,5.387732768142047
ols,2026-04-22 15:15:00+05:30,4,3,-6.589599570851367,-8.448102550442075
ols,2026-04-22 15:15:00+05:30,5,3,-2.100141192630319,0.30901260562295657
ols,2026-04-22 15:20:00+05:30,1,3,7.013723663387076,8.243996176649615
ols,2026-04-22 15:20:00+05:30,2,3,-2.3260875597609,-0.16800453183241085
ols,2026-04-22 15:20:00+05:30,3,3,-8.75660108509302,-17.057035097966413
ols,2026-04-22 15:20:00+05:30,4,3,11.460913312660416,11.95598861246272
ols,2026-04-22 15:20:00+05:30,5,3,-7.391948331193573,-11.565436708546484
ols,2026-04-23 14:15:00+05:30,1,3,-4.806225208095815,-8.42455877201013
ols,2026-04-23 14:15:00+05:30,2,3,6.876659280783997,5.48059516411111
ols,2026-04-23 14:15:00+05:30,3,3,3.917839422224864,3.7715134799441628
ols,2026-04-23 14:15:00+05:30,4,3,-4.313124652072008,-9.907305325490704
ols,2026-04-23 14:15:00+05:30,5,3,-1.6751488428410342,0.199572420552648
ols,2026-04-23 14:20:00+05:30,1,3,0.8402959151213956,4.118114361162384
ols,2026-04-23 14:20:00+05:30,2,3,-2.1336978629079204,-4.82035638253997
ols,2026-04-23 14:20:00+05:30,3,3,1.9158724527005657,7.140520713078136
ols,2026-04-23 14:20:00+05:30,4,3,-0.8210848223137261,-3.1551988010147802
ols,2026-04-23 14:20:00+05:30,5,3,0.198614317399685,-3.3465417689415577
ols,2026-04-23 14:25:00+05:30,1,3,-2.950360690270548,-1.258036765510025
ols,2026-04-23 14:25:00+05:30,2,3,7.1415955909820035,5.710262400404767
ols,2026-04-23 14:25:00+05:30,3,3,-0.514011224131084,-4.239818130890989
ols,2026-04-23 14:25:00+05:30,4,3,-2.032595397911896,-3.6416865848619326
ols,2026-04-23 14:25:00+05:30,5,3,-1.6446282786684774,0.8011464803593752
ols,2026-04-23 14:30:00+05:30,1,3,3.1093642651863393,3.5178969110521616
ols,2026-04-23 14:30:00+05:30,2,3,7.62197074696987,11.554503931555068
ols,2026-04-23 14:30:00+05:30,3,3,-4.159191248904219,-4.4636355053890115
ols,2026-04-23 14:30:00+05:30,4,3,0.9093864657059305,-6.944848998404233
ols,2026-04-23 14:30:00+05:30,5,3,-7.481530228957922,-2.168946779826412
ols,2026-04-23 14:35:00+05:30,1,3,-0.6195760835909776,3.2252082923727166
ols,2026-04-23 14:35:00+05:30,2,3,-4.413127391039643,-8.399332330622622
ols,2026-04-23 14:35:00+05:30,3,3,5.8584912560252596,8.992313305438593
ols,2026-04-23 14:35:00+05:30,4,3,6.063255994297542,7.434582539523227
ols,2026-04-23 14:35:00+05:30,5,3,-6.889043775692178,-7.495038315038061
ols,2026-04-23 14:40:00+05:30,1,3,2.2609287663425035,3.875033877985749
ols,2026-04-23 14:40:00+05:30,2,3,-4.405705785910818,-5.371205619765303
ols,2026-04-23 14:40:00+05:30,3,3,0.3049827778000376,1.4945442082302902
ols,2026-04-23 14:40:00+05:30,4,3,8.96009592833824,8.294496704194168
ols,2026-04-23 14:40:00+05:30,5,3,-7.120301686569962,-7.59301264958719
ols,2026-04-23 14:45:00+05:30,1,3,-11.34770202910699,-12.783742723836644
ols,2026-04-23 14:45:00+05:30,2,3,6.6755341421596,7.127501012942128
ols,2026-04-23 14:45:00+05:30,3,3,-6.52435743931908,1.3507136937127573
ols,2026-04-23 14:45:00+05:30,4,3,9.340851693227478,5.807274684139552
ols,2026-04-23 14:45:00+05:30,5,3,1.8556736330389934,0.8527142107703778
ols,2026-04-23 14:50:00+05:30,1,3,1.5445210903485644,1.7404382316994482
ols,2026-04-23 14:50:00+05:30,2,3,6.908166919431819,7.992468647205042
ols,2026-04-23 14:50:00+05:30,3,3,0.09132086389892133,-0.895679357912238
ols,2026-04-23 14:50:00+05:30,4,3,-0.3087589244170631,-0.15394964421866497
ols,2026-04-23 14:50:00+05:30,5,3,-8.235249949262244,-5.262320074051363
ols,2026-04-23 14:55:00+05:30,1,3,0.7435995826855877,5.421068153680153
ols,2026-04-23 14:55:00+05:30,2,3,-0.41201541241712547,0.3347132728768185
ols,2026-04-23 14:55:00+05:30,3,3,-1.472779011722899,-0.8556967624020475
ols,2026-04-23 14:55:00+05:30,4,3,-7.065758636353761,-2.871694496592525
ols,2026-04-23 14:55:00+05:30,5,3,8.206953477808199,7.679086485804287
ols,2026-04-23 15:00:00+05:30,1,3,-0.5634707566590791,-0.8029948945521929
ols,2026-04-23 15:00:00+05:30,2,3,-3.496007992910425,-3.592994206195336
ols,2026-04-23 15:00:00+05:30,3,3,1.968810536965886,3.1055213831819493
ols,2026-04-23 15:00:00+05:30,4,3,5.2807041568498185,6.613078470338726
ols,2026-04-23 15:00:00+05:30,5,3,-3.1900359442461976,-5.758642141717877
ols,2026-04-23 15:05:00+05:30,1,3,3.673753388837502,6.030788983366916
ols,2026-04-23 15:05:00+05:30,2,3,-6.240885749577041,-13.485488905072543
ols,2026-04-23 15:05:00+05:30,3,3,3.7090126337967866,-0.8405126533936129
ols,2026-04-23 15:05:00+05:30,4,3,-1.4586778039068853,1.316386767949171
ols,2026-04-23 15:05:00+05:30,5,3,0.31679753084964135,-7.678552066303338
ols,2026-04-23 15:10:00+05:30,1,3,-1.754685001241096,-2.6842987123255244
ols,2026-04-23 15:10:00+05:30,2,3,5.00964792625432,5.965497909603472
ols,2026-04-23 15:10:00+05:30,3,3,-3.9103757430270685,-2.465672295828355
ols,2026-04-23 15:10:00+05:30,4,3,-5.515546580895443,-2.653982625477965
ols,2026-04-23 15:10:00+05:30,5,3,6.170959398909289,1.3537098669979355
ols,2026-04-23 15:15:00+05:30,1,3,-0.47133611337650083,-0.2978333374989244
ols,2026-04-23 15:15:00+05:30,2,3,0.18189377296540163,-1.7363459343752534
ols,2026-04-23 15:15:00+05:30,3,3,5.032717051099163,5.503899732115809
ols,2026-04-23 15:15:00+05:30,4,3,-0.7495782150687511,3.2959371156263315
ols,2026-04-23 15:15:00+05:30,5,3,-3.9936964956193144,-3.257142831949148
ols,2026-04-23 15:20:00+05:30,1,3,10.548306752011275,6.223635910654002
ols,2026-04-23 15:20:00+05:30,2,3,5.554793608916788,10.206641376646841
ols,2026-04-23 15:20:00+05:30,3,3,0.5291643917169818,-1.190423585818223
ols,2026-04-23 15:20:00+05:30,4,3,-4.272937232982091,-3.6364122336627336
ols,2026-04-23 15:20:00+05:30,5,3,-12.359327519662953,7.97457024200221
ols,2026-04-24 14:15:00+05:30,1,3,0.10330660685675674,-3.2004810558872165
ols,2026-04-24 14:15:00+05:30,2,3,-4.373356838735336,-5.020455914839239
ols,2026-04-24 14:15:00+05:30,3,3,4.526605366509766,6.237395344080854
ols,2026-04-24 14:15:00+05:30,4,3,1.339868952903537,-2.970477585025888
ols,2026-04-24 14:15:00+05:30,5,3,-1.5964240875347238,-2.107539715675566
ols,2026-04-24 14:20:00+05:30,1,3,7.1722078360006645,10.53092053758986
ols,2026-04-24 14:20:00+05:30,2,3,-6.518138572373083,-6.391799090915029
ols,2026-04-24 14:20:00+05:30,3,3,1.4050548868496842,-1.8745772015975608
ols,2026-04-24 14:20:00+05:30,4,3,4.235227839748687,-1.162521367801706
ols,2026-04-24 14:20:00+05:30,5,3,-6.294351990225952,-3.725163354666883
ols,2026-04-24 14:25:00+05:30,1,3,7.329082598896381,4.3415662639813375
ols,2026-04-24 14:25:00+05:30,2,3,5.372444988972269,-0.15936459742279108
ols,2026-04-24 14:25:00+05:30,3,3,8.154378426788789,7.168079530002351
ols,2026-04-24 14:25:00+05:30,4,3,-11.37745473952719,-10.769484484229727
ols,2026-04-24 14:25:00+05:30,5,3,-9.47845127513025,-11.974276792303526
ols,2026-04-24 14:30:00+05:30,1,3,6.890833268090812,10.720718893908318
ols,2026-04-24 14:30:00+05:30,2,3,4.095413832003588,3.9356804581357117
ols,2026-04-24 14:30:00+05:30,3,3,-4.92802134446076,-2.6704301942183464
ols,2026-04-24 14:30:00+05:30,4,3,-4.021134859633216,-5.681571416742562
ols,2026-04-24 14:30:00+05:30,5,3,-2.037090896000422,-3.555620952827724
ols,2026-04-24 14:35:00+05:30,1,3,-2.3955874790679843,-0.8673878355781964
ols,2026-04-24 14:35:00+05:30,2,3,-5.462917260701397,-3.7107945100768682
ols,2026-04-24 14:35:00+05:30,3,3,9.118543360464065,1.302628442637473
ols,2026-04-24 14:35:00+05:30,4,3,-0.06432780118818313,1.4036112982861078
ols,2026-04-24 14:35:00+05:30,5,3,-1.1957108195064972,-6.060585810741129
ols,2026-04-24 14:40:00+05:30,1,3,-11.482750099265951,-7.939875435144369
ols,2026-04-24 14:40:00+05:30,2,3,2.442377530638288,3.7392190019038076
ols,2026-04-24 14:40:00+05:30,3,3,7.568683993096403,7.5806710650196205
ols,2026-04-24 14:40:00+05:30,4,3,-3.188353553192765,0.4974834743278015
ols,2026-04-24 14:40:00+05:30,5,3,4.660042128724025,1.2904252316782532
ols,2026-04-24 14:45:00+05:30,1,3,-9.520779629837477,-6.951476937081018
ols,2026-04-24 14:45:00+05:30,2,3,-0.8790174632384109,0.6420767897102517
ols,2026-04-24 14:45:00+05:30,3,3,-1.8092119873882595,-3.8853186192084146
ols,2026-04-24 14:45:00+05:30,4,3,12.027154018392643,13.738473364781031
ols,2026-04-24 14:45:00+05:30,5,3,0.18185506207150476,-2.0418395491711796
ols,2026-04-24 14:50:00+05:30,1,3,4.727295302263826,5.121492140582662
ols,2026-04-24 14:50:00+05:30,2,3,-3.5524927765087098,-4.352135206900032
ols,2026-04-24 14:50:00+05:30,3,3,1.1235986293361608,-1.2983268225410518
ols,2026-04-24 14:50:00+05:30,4,3,-5.0231413448211795,-0.5315733112600809
ols,2026-04-24 14:50:00+05:30,5,3,2.7247401897299017,2.2127293554261573
ols,2026-04-24 14:55:00+05:30,1,3,0.7965425504234225,-0.6306849530731307
ols,2026-04-24 14:55:00+05:30,2,3,2.5415346842642506,1.9635662472409599
ols,2026-04-24 14:55:00+05:30,3,3,-8.844552481077995,-7.004229019542303
ols,2026-04-24 14:55:00+05:30,4,3,-6.0665505270862665,-6.812714114076875
ols,2026-04-24 14:55:00+05:30,5,3,11.573025773476594,13.765729622159755
ols,2026-04-24 15:00:00+05:30,1,3,-3.4373953287354375,-5.461231872426679
ols,2026-04-24 15:00:00+05:30,2,3,2.196642383148465,1.1378120772277032
ols,2026-04-24 15:00:00+05:30,3,3,-1.209826228298091,6.933383154583768
ols,2026-04-24 15:00:00+05:30,4,3,1.7291688965671197,0.5499570388534846
ols,2026-04-24 15:00:00+05:30,5,3,0.7214102773179426,-4.576745758859616
ols,2026-04-24 15:05:00+05:30,1,3,2.49203017195961,2.7087161555368793
ols,2026-04-24 15:05:00+05:30,2,3,2.183902300465871,3.475175878078958
ols,2026-04-24 15:05:00+05:30,3,3,2.2110920282817728,2.72193695069219
ols,2026-04-24 15:05:00+05:30,4,3,-1.2982649051536868,0.7768488408418001
ols,2026-04-24 15:05:00+05:30,5,3,-5.588759595553569,-2.6957590185576015
ols,2026-04-24 15:10:00+05:30,1,3,-3.7146868909816444,-4.504077814741973
ols,2026-04-24 15:10:00+05:30,2,3,-8.034173740323633,-2.3243794320925533
ols,2026-04-24 15:10:00+05:30,3,3,7.638048231894289,9.876965344952712
ols,2026-04-24 15:10:00+05:30,4,3,2.565636227730872,1.3638617858902817
ols,2026-04-24 15:10:00+05:30,5,3,1.5451761716801142,-0.8675628969222844
ols,2026-04-24 15:15:00+05:30,1,3,1.0372387429316015,-1.4247224151665943
ols,2026-04-24 15:15:00+05:30,2,3,1.5347089764223092,2.4694439644599906
ols,2026-04-24 15:15:00+05:30,3,3,-3.0519105758609975,0.199199585544226
ols,2026-04-24 15:15:00+05:30,4,3,1.4396530152914389,0.8163692454830803
ols,2026-04-24 15:15:00+05:30,5,3,-0.9596901587843506,-1.6786407345582937
ols,2026-04-24 15:20:00+05:30,1,3,-1.9698389042680884,-2.823468185935892
ols,2026-04-24 15:20:00+05:30,2,3,14.832315837338312,15.723994541195033
ols,2026-04-24 15:20:00+05:30,3,3,-6.773946550200361,-5.236280069091567
ols,2026-04-24 15:20:00+05:30,4,3,-14.168465907596532,-2.2157283576125972
ols,2026-04-24 15:20:00+05:30,5,3,8.07993552472667,8.58376190760827
ols,2026-04-27 14:15:00+05:30,1,3,-1.0286854394276164,0.8624711933478133
ols,2026-04-27 14:15:00+05:30,2,3,-5.783548372624145,-6.670608304867542
ols,2026-04-27 14:15:00+05:30,3,3,-2.075776774177695,0.5618011788430797
ols,2026-04-27 14:15:00+05:30,4,3,6.038714634845584,6.3907499249258315
ols,2026-04-27 14:15:00+05:30,5,3,2.849295951383872,6.294528411819655
ols,2026-04-27 14:20:00+05:30,1,3,-2.5746724032338353,-2.4509551427117264
ols,2026-04-27 14:20:00+05:30,2,3,1.4836483870990977,2.079919612979856
ols,2026-04-27 14:20:00+05:30,3,3,-1.0615239591345766,-5.340532152104579
ols,2026-04-27 14:20:00+05:30,4,3,6.34711477960126,2.1616694796981286
ols,2026-04-27 14:20:00+05:30,5,3,-4.194566804331945,-2.7652686386832785
ols,2026-04-27 14:25:00+05:30,1,3,-4.826518617237596,-3.3002447373937644
ols,2026-04-27 14:25:00+05:30,2,3,5.7952133152177066,2.7349814048864833
ols,2026-04-27 14:25:00+05:30,3,3,-3.184441236389723,-4.250821628267287
ols,2026-04-27 14:25:00+05:30,4,3,-2.4745203464426146,-7.264740528081903
ols,2026-04-27 14:25:00+05:30,5,3,4.690266884852227,0.6387257769073789
ols,2026-04-27 14:30:00+05:30,1,3,1.615410653032611,-3.2485839997917023
ols,2026-04-27 14:30:00+05:30,2,3,1.0635767098898055,-1.6830712002654884
ols,2026-04-27 14:30:00+05:30,3,3,0.5089716285070118,-2.808565792276877
ols,2026-04-27 14:30:00+05:30,4,3,-1.5863806120242814,-0.5086194302136675
ols,2026-04-27 14:30:00+05:30,5,3,-1.601578379405148,-5.461789459032233
ols,2026-04-27 14:35:00+05:30,1,3,-4.254668174597039,-1.5725058390522555
ols,2026-04-27 14:35:00+05:30,2,3,9.461184208603349,8.248450571011498
ols,2026-04-27 14:35:00+05:30,3,3,-6.75321044568437,-5.247053560336316
ols,2026-04-27 14:35:00+05:30,4,3,3.1231955313733017,4.244641685154112
ols,2026-04-27 14:35:00+05:30,5,3,-1.5765011196952432,-3.0673739509753752
ols,2026-04-27 14:40:00+05:30,1,3,3.255951559139344,0.48844709339405473
ols,2026-04-27 14:40:00+05:30,2,3,-0.913375870668901,-1.200171616501174
ols,2026-04-27 14:40:00+05:30,3,3,-8.026774663990302,-13.424156460644173
ols,2026-04-27 14:40:00+05:30,4,3,1.599394121064135,2.422309015652694
ols,2026-04-27 14:40:00+05:30,5,3,4.084804854455726,5.106584829350706
ols,2026-04-27 14:45:00+05:30,1,3,7.117959752870849,-6.046927710807208
ols,2026-04-27 14:45:00+05:30,2,3,-1.7617038218026662,-6.801075523777437
ols,2026-04-27 14:45:00+05:30,3,3,0.8522289326974668,5.515472348234758
ols,2026-04-27 14:45:00+05:30,4,3,-4.748250859979282,-6.046927710807208
ols,2026-04-27 14:45:00+05:30,5,3,-1.4602340037863648,-1.6140228916067625
ols,2026-04-27 14:50:00+05:30,1,3,-1.2074326639769004,-2.4058202147199115
ols,2026-04-27 14:50:00+05:30,2,3,-7.320660285343284,-5.438531362391252
ols,2026-04-27 14:50:00+05:30,3,3,-2.5159640253635076,-2.5844057523034536
ols,2026-04-27 14:50:00+05:30,4,3,5.426955108205418,3.0855922572030625
ols,2026-04-27 14:50:00+05:30,5,3,5.617101866478273,5.541639043066704
ols,2026-04-27 14:55:00+05:30,1,3,9.201181870977182,7.460886791380794
ols,2026-04-27 14:55:00+05:30,2,3,0.7319688773816209,-0.7152765229354594
ols,2026-04-27 14:55:00+05:30,3,3,-4.106526742991981,-5.766614244374413
ols,2026-04-27 14:55:00+05:30,4,3,4.691352524758126,3.950539129761399
ols,2026-04-27 14:55:00+05:30,5,3,-10.517976530124947,-10.179477188093422
ols,2026-04-27 15:00:00+05:30,1,3,-3.029644099702559,-4.237919737394809
ols,2026-04-27 15:00:00+05:30,2,3,1.7733679310189356,0.2713250784952919
ols,2026-04-27 15:00:00+05:30,3,3,0.7421581678311492,0.2934462556309175
ols,2026-04-27 15:00:00+05:30,4,3,-2.1672765192805405,-2.417259581217153
ols,2026-04-27 15:00:00+05:30,5,3,2.6813945201330145,1.619882122457265
ols,2026-04-27 15:05:00+05:30,1,3,4.572650866756363,2.990325328710982
ols,2026-04-27 15:05:00+05:30,2,3,0.6596630834601054,-1.2318817022528943
ols,2026-04-27 15:05:00+05:30,3,3,-8.430803268482629,-2.1212692399032265
ols,2026-04-27 15:05:00+05:30,4,3,1.862450523020476,-2.1606081629756226
ols,2026-04-27 15:05:00+05:30,5,3,1.3360387952456865,0.4578783518181713
ols,2026-04-27 15:10:00+05:30,1,3,7.791650543362542,8.522926167901032
ols,2026-04-27 15:10:00+05:30,2,3,-3.627097900813059,0.5289116165075507
ols,2026-04-27 15:10:00+05:30,3,3,1.165704652963469,1.0263131918365103
ols,2026-04-27 15:10:00+05:30,4,3,-7.3828125832478735,-8.376395917384297
ols,2026-04-27 15:10:00+05:30,5,3,2.052555287734921,5.914999857942267
ols,2026-04-27 15:15:00+05:30,1,3,-6.837936036233173,-7.4888534800798086
ols,2026-04-27 15:15:00+05:30,2,3,1.2573249373131197,2.2491347758558287
ols,2026-04-27 15:15:00+05:30,3,3,3.062947134215177,2.6407470900414363
ols,2026-04-27 15:15:00+05:30,4,3,1.7636258363763107,-0.7932131747056349
ols,2026-04-27 15:15:00+05:30,5,3,0.7540381283285635,-0.1481678822456235
ols,2026-04-27 15:20:00+05:30,1,3,-7.8651424260345335,-7.199334865111892
ols,2026-04-27 15:20:00+05:30,2,3,7.144067626060715,11.062725704055568
ols,2026-04-27 15:20:00+05:30,3,3,-4.5202802039749175,-9.508003917402993
ols,2026-04-27 15:20:00+05:30,4,3,7.735936744692751,2.947798569693886
ols,2026-04-27 15:20:00+05:30,5,3,-2.4945817407440183,1.1075674155095838
ols,2026-04-28 14:15:00+05:30,1,3,-4.683648135455891,-2.5040491816634702
ols,2026-04-28 14:15:00+05:30,2,3,1.7329838056900169,1.5023610747462168
ols,2026-04-28 14:15:00+05:30,3,3,7.9288548422772696,10.147898225927987
ols,2026-04-28 14:15:00+05:30,4,3,-4.459952532837856,-7.526650889347231
ols,2026-04-28 14:15:00+05:30,5,3,-0.5182379796735413,-0.2432133183465356
ols,2026-04-28 14:20:00+05:30,1,3,0.5935952934257304,6.065674268154038
ols,2026-04-28 14:20:00+05:30,2,3,0.8812899057551635,8.926249815954652
ols,2026-04-28 14:20:00+05:30,3,3,0.04774944622868854,1.6287233408317128
ols,2026-04-28 14:20:00+05:30,4,3,-3.9795928449957167,7.976624010175144
ols,2026-04-28 14:20:00+05:30,5,3,2.456958199586134,2.9830602114354248
ols,2026-04-28 14:25:00+05:30,1,3,1.3841523344516977,0.3114883742388517
ols,2026-04-28 14:25:00+05:30,2,3,-7.250455284840918,-4.258225920445484
ols,2026-04-28 14:25:00+05:30,3,3,-1.0088299992622543,-5.440224841362677
ols,2026-04-28 14:25:00+05:30,4,3,5.7298930403058,9.73728442470064
ols,2026-04-28 14:25:00+05:30,5,3,1.1452399093456747,-1.7197986943856916
ols,2026-04-28 14:30:00+05:30,1,3,1.7540135540560584,-3.439419598764593
ols,2026-04-28 14:30:00+05:30,2,3,0.893896604513851,3.4470172777874004
ols,2026-04-28 14:30:00+05:30,3,3,3.6150792555891997,0.6179246758593044
ols,2026-04-28 14:30:00+05:30,4,3,-3.041818988790117,-1.9887639336995115
ols,2026-04-28 14:30:00+05:30,5,3,-3.2211704253689954,3.3206664424973993
ols,2026-04-28 14:35:00+05:30,1,3,-39.7162588591343,4.866524561537429
ols,2026-04-28 14:35:00+05:30,2,3,3.781461753768146,-0.18738379425912532
ols,2026-04-28 14:35:00+05:30,3,3,10.80058091137707,11.080461534462701
ols,2026-04-28 14:35:00+05:30,4,3,10.53177908131664,9.957526216113196
ols,2026-04-28 14:35:00+05:30,5,3,14.602437112672431,13.344366565390805
ols,2026-04-28 14:40:00+05:30,1,3,2.2477796464163515,-2.7243075119687266
ols,2026-04-28 14:40:00+05:30,2,3,-3.873796351081908,-3.9945572558119924
ols,2026-04-28 14:40:00+05:30,3,3,-0.18784662043117945,1.6152667410596067
ols,2026-04-28 14:40:00+05:30,4,3,2.0813183797674384,1.4151967468456483
ols,2026-04-28 14:40:00+05:30,5,3,-0.2674550546707029,0.7905045015510481
ols,2026-04-28 14:45:00+05:30,1,3,-8.521452943164235,-0.3024706268031825
ols,2026-04-28 14:45:00+05:30,2,3,-0.39436621412288386,0.740786132142605
ols,2026-04-28 14:45:00+05:30,3,3,-0.8538517490700077,-1.9190241347247412
ols,2026-04-28 14:45:00+05:30,4,3,2.290740129674637,1.9566444181015423
ols,2026-04-28 14:45:00+05:30,5,3,7.478930776682493,1.4513836846227572
ols,2026-04-28 14:50:00+05:30,1,3,-1.385482904474748,2.0565661398788126
ols,2026-04-28 14:50:00+05:30,2,3,4.918334896413097,9.12985630800578
ols,2026-04-28 14:50:00+05:30,3,3,-0.8878278849753227,-2.592434325020321
ols,2026-04-28 14:50:00+05:30,4,3,-1.354127911411318,-0.2062429760083529
ols,2026-04-28 14:50:00+05:30,5,3,-1.2908961955517084,-3.0347595140376438
ols,2026-04-28 14:55:00+05:30,1,3,-2.8195667164165856,0.21235841777082373
ols,2026-04-28 14:55:00+05:30,2,3,-5.741191369141862,-5.077506149882745
ols,2026-04-28 14:55:00+05:30,3,3,-3.729566684995318,-4.7760083512023614
ols,2026-04-28 14:55:00+05:30,4,3,-2.3995843447207243,-8.77925676559051
ols,2026-04-28 14:55:00+05:30,5,3,14.689909115274496,5.871640924216918
ols,2026-04-28 15:00:00+05:30,1,3,2.6479135213965934,0.21612264885861898
ols,2026-04-28 15:00:00+05:30,2,3,-13.159905567473004,-14.860219950735054
ols,2026-04-28 15:00:00+05:30,3,3,1.178281145492492,1.5389110149368614
ols,2026-04-28 15:00:00+05:30,4,3,5.492646865684477,8.10147275046047
ols,2026-04-28 15:00:00+05:30,5,3,3.8410640348994405,7.7618605567288945
ols,2026-04-28 15:05:00+05:30,1,3,0.9104035004448009,0.6582466164299177
ols,2026-04-28 15:05:00+05:30,2,3,-5.194653103962979,-7.887801564197735
ols,2026-04-28 15:05:00+05:30,3,3,3.9934770717653394,13.015169543131682
ols,2026-04-28 15:05:00+05:30,4,3,-4.401978190946564,-1.6608906420797116
ols,2026-04-28 15:05:00+05:30,5,3,4.692750722699405,7.962480240191564
ols,2026-04-28 15:10:00+05:30,1,3,2.6236172282786026,5.737657216606054
ols,2026-04-28 15:10:00+05:30,2,3,3.8917828054392993,2.937856154459443
ols,2026-04-28 15:10:00+05:30,3,3,-0.9563617885455248,15.703898360942917
ols,2026-04-28 15:10:00+05:30,4,3,3.19948502560748,3.9843873876736304
ols,2026-04-28 15:10:00+05:30,5,3,-8.758523270779863,-6.8662829608941625
ols,2026-04-28 15:15:00+05:30,1,3,-1.446607562967106,-1.5492487863111304
ols,2026-04-28 15:15:00+05:30,2,3,-11.70608027053192,-13.30388886138234
ols,2026-04-28 15:15:00+05:30,3,3,-0.3639236534576836,1.8555673781717186
ols,2026-04-28 15:15:00+05:30,4,3,3.40335252413911,5.687846268501717
ols,2026-04-28 15:15:00+05:30,5,3,10.1132589628176,21.558220600536025
ols,2026-04-28 15:20:00+05:30,1,3,-10.016413029888609,-2.2904973767439167
ols,2026-04-28 15:20:00+05:30,2,3,4.026558287633023,3.407389192043419
ols,2026-04-28 15:20:00+05:30,3,3,11.723586782817598,18.529914824523928
ols,2026-04-28 15:20:00+05:30,4,3,0.9621857655694273,-7.479350309637534
ols,2026-04-28 15:20:00+05:30,5,3,-6.695917806131437,-5.148603713577726
ols,2026-04-29 14:15:00+05:30,1,3,-8.97716924120173,-15.056737489725469
ols,2026-04-29 14:15:00+05:30,2,3,-1.310710274363987,-3.452939010953448
ols,2026-04-29 14:15:00+05:30,3,3,5.167479824903584,8.179992329572672
ols,2026-04-29 14:15:00+05:30,4,3,-1.3809505459282754,1.9652672121910357
ols,2026-04-29 14:15:00+05:30,5,3,6.501350236590413,7.51701635639912
ols,2026-04-29 14:20:00+05:30,1,3,-7.842842580191894,-4.562567207012869
ols,2026-04-29 14:20:00+05:30,2,3,-11.971176985773177,0.654099043220002
ols,2026-04-29 14:20:00+05:30,3,3,23.98949692291426,3.456285453020458
ols,2026-04-29 14:20:00+05:30,4,3,-2.500396627501899,-0.5052333704693714
ols,2026-04-29 14:20:00+05:30,5,3,-1.6750807294472947,-2.678840822911921
ols,2026-04-29 14:25:00+05:30,1,3,-4.477151843609084,-3.117255082324559
ols,2026-04-29 14:25:00+05:30,2,3,-6.525232366847581,-10.220181125531061
ols,2026-04-29 14:25:00+05:30,3,3,6.845402212877807,7.006281978795122
ols,2026-04-29 14:25:00+05:30,4,3,-2.0933898709990153,-2.480532318732835
ols,2026-04-29 14:25:00+05:30,5,3,6.250371868577871,8.401004439563115
ols,2026-04-29 14:30:00+05:30,1,3,-7.284194221360914,-3.859488800203111
ols,2026-04-29 14:30:00+05:30,2,3,2.0938727411556144,1.407596290198191
ols,2026-04-29 14:30:00+05:30,3,3,-7.490700739382146,-5.67439204834382
ols,2026-04-29 14:30:00+05:30,4,3,4.7143077653821015,6.694308978059042
ols,2026-04-29 14:30:00+05:30,5,3,7.966714454205344,7.887384680602609
ols,2026-04-29 14:35:00+05:30,1,3,-1.5471156385612104,-1.5705325824844074
ols,2026-04-29 14:35:00+05:30,2,3,-7.283876832039718,-6.884031061864526
ols,2026-04-29 14:35:00+05:30,3,3,16.785040647120386,15.818749404621357
ols,2026-04-29 14:35:00+05:30,4,3,-3.567812370073309,-2.5185281302020357
ols,2026-04-29 14:35:00+05:30,5,3,-4.386235806446148,-3.327831194221975
ols,2026-04-29 14:40:00+05:30,1,3,-4.8399251615912995,-6.085910316136367
ols,2026-04-29 14:40:00+05:30,2,3,7.888910084690838,2.863229883629081
ols,2026-04-29 14:40:00+05:30,3,3,1.3161613115937327,0.6354377383317451
ols,2026-04-29 14:40:00+05:30,4,3,-6.215804341627237,-3.4935389938188792
ols,2026-04-29 14:40:00+05:30,5,3,1.8506581069339663,1.761684142445707
ols,2026-04-29 14:45:00+05:30,1,3,5.7687235476210725,7.383228690118686
ols,2026-04-29 14:45:00+05:30,2,3,-2.670292402901027,-3.1418153715124424
ols,2026-04-29 14:45:00+05:30,3,3,2.0144479774186026,0.9441594344815988
ols,2026-04-29 14:45:00+05:30,4,3,-1.2178926946223945,-1.3935636232598931
ols,2026-04-29 14:45:00+05:30,5,3,-3.894986427516252,-3.95307219761228
ols,2026-04-29 14:50:00+05:30,1,3,-4.9629054077659305,-9.611362720518843
ols,2026-04-29 14:50:00+05:30,2,3,4.660026438387515,2.8231830178934527
ols,2026-04-29 14:50:00+05:30,3,3,-7.601147031650896,-6.044679644256219
ols,2026-04-29 14:50:00+05:30,4,3,4.0286965220138375,7.770472316152836
ols,2026-04-29 14:50:00+05:30,5,3,3.8753294790154778,0.9908905686936513
ols,2026-04-29 14:55:00+05:30,1,3,-4.730159026178644,-7.6471905570011005
ols,2026-04-29 14:55:00+05:30,2,3,-5.896392949143198,-3.9476902259685995
ols,2026-04-29 14:55:00+05:30,3,3,-6.009698203514714,-7.75585888214277
ols,2026-04-29 14:55:00+05:30,4,3,8.119989041733168,7.720087792117673
ols,2026-04-29 14:55:00+05:30,5,3,8.516261137103392,2.1345468750874432
ols,2026-04-29 15:00:00+05:30,1,3,1.488144590392334,3.1288072207693585
ols,2026-04-29 15:00:00+05:30,2,3,-0.9406471257535178,-2.778062605816922
ols,2026-04-29 15:00:00+05:30,3,3,-1.7747177077551697,0.09098182521616338
ols,2026-04-29 15:00:00+05:30,4,3,-5.5702195346757,-12.139382702302859
ols,2026-04-29 15:00:00+05:30,5,3,6.797439777792049,4.663846212873635
ols,2026-04-29 15:05:00+05:30,1,3,-3.075181812109899,-1.7558823768026128
ols,2026-04-29 15:05:00+05:30,2,3,14.653447245513682,1.6817892746024592
ols,2026-04-29 15:05:00+05:30,3,3,-0.9209826529824239,-2.927455191431487
ols,2026-04-29 15:05:00+05:30,4,3,-7.745481439074202,-11.38057062015855
ols,2026-04-29 15:05:00+05:30,5,3,-2.9118013413471644,-4.176719564260504
ols,2026-04-29 15:10:00+05:30,1,3,-1.8259137569225365,8.999475797539716
ols,2026-04-29 15:10:00+05:30,2,3,0.08528241871134501,1.7573824194427141
ols,2026-04-29 15:10:00+05:30,3,3,-4.578917931515214,-1.105820699687306
ols,2026-04-29 15:10:00+05:30,4,3,3.376039632916254,2.99982558760951
ols,2026-04-29 15:10:00+05:30,5,3,2.9435096368101528,3.6914639083584317
ols,2026-04-29 15:15:00+05:30,1,3,0.31178654457512467,0.5564009164743903
ols,2026-04-29 15:15:00+05:30,2,3,1.4367596204887993,-0.14025197332564096
ols,2026-04-29 15:15:00+05:30,3,3,-2.181573985358269,-4.280721330702193
ols,2026-04-29 15:15:00+05:30,4,3,-6.2569663961780835,-4.999614666166237
ols,2026-04-29 15:15:00+05:30,5,3,6.689994216472428,7.506383826352862
ols,2026-04-29 15:20:00+05:30,1,3,-4.908240051129182,-11.41570869917663
ols,2026-04-29 15:20:00+05:30,2,3,-7.159154771582575,-10.239090726063438
ols,2026-04-29 15:20:00+05:30,3,3,9.004113772857961,14.094002456781052
ols,2026-04-29 15:20:00+05:30,4,3,-0.5431685697181448,1.830341460397733
ols,2026-04-29 15:20:00+05:30,5,3,3.606449619571942,4.1128915808670286
ols,2026-04-30 14:15:00+05:30,1,3,-6.311249083894133,-9.977707585908213
ols,2026-04-30 14:15:00+05:30,2,3,7.400618611132764,8.176093574101984
ols,2026-04-30 14:15:00+05:30,3,3,5.981107225301023,-4.05405190865471
ols,2026-04-30 14:15:00+05:30,4,3,-7.229577484697101,-7.227689478766619
ols,2026-04-30 14:15:00+05:30,5,3,0.15910073215745082,1.3992125785926572
ols,2026-04-30 14:20:00+05:30,1,3,-8.625811627267204,-6.000526547078315
ols,2026-04-30 14:20:00+05:30,2,3,1.0315935010654822,-0.1214397448886888
ols,2026-04-30 14:20:00+05:30,3,3,1.3895524541280844,2.2796940160599486
ols,2026-04-30 14:20:00+05:30,4,3,3.5863268868111153,-3.1996253261920384
ols,2026-04-30 14:20:00+05:30,5,3,2.618338785262519,4.791846426880649
ols,2026-04-30 14:25:00+05:30,1,3,3.378421428302432,-0.9838025585939825
ols,2026-04-30 14:25:00+05:30,2,3,-7.088236410329371,-8.69262563825357
ols,2026-04-30 14:25:00+05:30,3,3,-3.3100230902216587,-5.688901019726966
ols,2026-04-30 14:25:00+05:30,4,3,1.8643461537052688,1.7325049134586656
ols,2026-04-30 14:25:00+05:30,5,3,5.155491918543328,4.230877684681111
ols,2026-04-30 14:30:00+05:30,1,3,3.8556817633024205,2.989074202435512
ols,2026-04-30 14:30:00+05:30,2,3,-0.977167256798269,-2.991240628777684
ols,2026-04-30 14:30:00+05:30,3,3,-8.25753677125274,-9.272154501746824
ols,2026-04-30 14:30:00+05:30,4,3,-0.9170153131610923,-1.4197791582046075
ols,2026-04-30 14:30:00+05:30,5,3,6.296037577909678,7.0224519835074455
ols,2026-04-30 14:35:00+05:30,1,3,3.5730160528274126,2.178181588472272
ols,2026-04-30 14:35:00+05:30,2,3,2.005968332638034,0.3805835888168738
ols,2026-04-30 14:35:00+05:30,3,3,-2.572381222369394,-8.860092682375864
ols,2026-04-30 14:35:00+05:30,4,3,3.9545291505129025,9.674639811165564
ols,2026-04-30 14:35:00+05:30,5,3,-6.961132313608952,-5.435685054049566
ols,2026-04-30 14:40:00+05:30,1,3,-3.679271002365796,-4.241436671072204
ols,2026-04-30 14:40:00+05:30,2,3,-2.353847755353745,-0.23877970547954994
ols,2026-04-30 14:40:00+05:30,3,3,2.4975103319092207,4.9524025582245255
ols,2026-04-30 14:40:00+05:30,4,3,4.335653317558029,6.020588075749936
ols,2026-04-30 14:40:00+05:30,5,3,-0.8000448917477134,-2.605050580520038
ols,2026-04-30 14:45:00+05:30,1,3,-2.4537164789878805,4.908425638346703
ols,2026-04-30 14:45:00+05:30,2,3,4.236205028987324,4.908425638346703
ols,2026-04-30 14:45:00+05:30,3,3,1.4572080442218924,12.121031053347942
ols,2026-04-30 14:45:00+05:30,4,3,-0.8058247255736297,3.0401397906119065
ols,2026-04-30 14:45:00+05:30,5,3,-2.433871868647704,0.7624886565891218
ols,2026-04-30 14:50:00+05:30,1,3,0.8878929173625016,-3.8313305492098477
ols,2026-04-30 14:50:00+05:30,2,3,14.297673978602415,5.082253794707133
ols,2026-04-30 14:50:00+05:30,3,3,-5.063684493069894,-3.784421602238612
ols,2026-04-30 14:50:00+05:30,4,3,-5.730639211887508,-6.092463525632012
ols,2026-04-30 14:50:00+05:30,5,3,-4.391243191007514,-5.8176128237052245
ols,2026-04-30 14:55:00+05:30,1,3,-1.5980060887084164,0.45464055333499337
ols,2026-04-30 14:55:00+05:30,2,3,-1.8201750585388585,3.5432988279941995
ols,2026-04-30 14:55:00+05:30,3,3,-1.8207838339382092,-10.056660462078428
ols,2026-04-30 14:55:00+05:30,4,3,3.5721210404020525,8.75316263187975
ols,2026-04-30 14:55:00+05:30,5,3,1.6668439407834228,4.752115729746318
ols,2026-04-30 15:00:00+05:30,1,3,-3.93696725802665,3.971499831624556
ols,2026-04-30 15:00:00+05:30,2,3,-1.9720301711250157,0.8933441061690002
ols,2026-04-30 15:00:00+05:30,3,3,0.8569299457927106,0.7667766671773575
ols,2026-04-30 15:00:00+05:30,4,3,-2.63248453483548,-3.242073668145698
ols,2026-04-30 15:00:00+05:30,5,3,7.68455201819444,5.83380822669873
ols,2026-04-30 15:05:00+05:30,1,3,5.602236834916897,7.408160919737321
ols,2026-04-30 15:05:00+05:30,2,3,3.605352845893769,2.6215516682647584
ols,2026-04-30 15:05:00+05:30,3,3,-0.8491064931097634,-7.897619938361873
ols,2026-04-30 15:05:00+05:30,4,3,-2.356261243832221,-5.421171208122096
ols,2026-04-30 15:05:00+05:30,5,3,-6.002221943868679,-4.4262521138294835
ols,2026-04-30 15:10:00+05:30,1,3,-3.1706281443941724,-2.797637697906789
ols,2026-04-30 15:10:00+05:30,2,3,-4.045786355721356,-5.070719220499213
ols,2026-04-30 15:10:00+05:30,3,3,-2.1128560849520053,-2.898675454992154
ols,2026-04-30 15:10:00+05:30,4,3,8.10657003155546,5.993885169896925
ols,2026-04-30 15:10:00+05:30,5,3,1.222700553512072,4.742302582778486
ols,2026-04-30 15:15:00+05:30,1,3,-4.473460673861599,-2.984954564697162
ols,2026-04-30 15:15:00+05:30,2,3,7.6134530054636045,11.099332672819706
ols,2026-04-30 15:15:00+05:30,3,3,-3.929983210152772,-5.458915311536527
ols,2026-04-30 15:15:00+05:30,4,3,-3.3120957445079324,-4.712219440765164
ols,2026-04-30 15:15:00+05:30,5,3,4.102086623058701,4.124630222331227
ols,2026-04-30 15:20:00+05:30,1,3,-18.58406040363499,-10.027163063609809
ols,2026-04-30 15:20:00+05:30,2,3,6.11535967824935,10.430871380123477
ols,2026-04-30 15:20:00+05:30,3,3,-9.172430762809306,-4.070048575316751
ols,2026-04-30 15:20:00+05:30,4,3,17.114267058844298,20.652051434864852
ols,2026-04-30 15:20:00+05:30,5,3,4.526864429350647,9.760048624512777
ols,2026-05-04 14:15:00+05:30,1,3,-0.9785095000878948,-0.7648410461967478
ols,2026-05-04 14:15:00+05:30,2,3,1.2912604499117168,2.2143934514830357
ols,2026-05-04 14:15:00+05:30,3,3,2.0387314385984885,2.2800457016637723
ols,2026-05-04 14:15:00+05:30,4,3,-2.8326414743338932,-2.704419144152611
ols,2026-05-04 14:15:00+05:30,5,3,0.48115908591158285,-0.8065625065399503
ols,2026-05-04 14:20:00+05:30,1,3,4.162840472584936,5.682312970453
ols,2026-05-04 14:20:00+05:30,2,3,-1.7670832263991056,-0.30093362905499677
ols,2026-05-04 14:20:00+05:30,3,3,-7.538796594276808,-3.528655015755463
ols,2026-05-04 14:20:00+05:30,4,3,1.07704313942684,4.281255071442095
ols,2026-05-04 14:20:00+05:30,5,3,4.0659962086641395,5.186416464127912
ols,2026-05-04 14:25:00+05:30,1,3,-6.6379600688381375,3.2803067296494812
ols,2026-05-04 14:25:00+05:30,2,3,6.4880197575201874,5.38730821856966
ols,2026-05-04 14:25:00+05:30,3,3,2.9963103107644904,4.6484829507465655
ols,2026-05-04 14:25:00+05:30,4,3,-3.811504670913365,-1.8789321928568783
ols,2026-05-04 14:25:00+05:30,5,3,0.9651346714668235,4.6484829507465655
ols,2026-05-04 14:30:00+05:30,1,3,-3.486280303509318,-5.943506606857755
ols,2026-05-04 14:30:00+05:30,2,3,4.745089739553196,5.353666051593227
ols,2026-05-04 14:30:00+05:30,3,3,-11.647006795238335,-15.716591528269468
ols,2026-05-04 14:30:00+05:30,4,3,5.657850569600627,6.9331037354206275
ols,2026-05-04 14:30:00+05:30,5,3,4.73034678959383,2.107718557211887
ols,2026-05-04 14:35:00+05:30,1,3,-6.7632242931722555,-3.246559988232978
ols,2026-05-04 14:35:00+05:30,2,3,-5.258117758973224,-8.630320748774123
ols,2026-05-04 14:35:00+05:30,3,3,0.324015230909117,4.512399403562961
ols,2026-05-04 14:35:00+05:30,4,3,-1.2279567184900015,-2.0600788536710994
ols,2026-05-04 14:35:00+05:30,5,3,12.925283539726363,13.56130878027062
ols,2026-05-04 14:40:00+05:30,1,3,-14.765307113394485,-17.621749071553044
ols,2026-05-04 14:40:00+05:30,2,3,-3.7902195516191415,-5.098974560031093
ols,2026-05-04 14:40:00+05:30,3,3,2.824726398957219,2.5626332484590306
ols,2026-05-04 14:40:00+05:30,4,3,10.2737698675394,6.687828154980331
ols,2026-05-04 14:40:00+05:30,5,3,5.457030398517008,5.307318269516766
ols,2026-05-04 14:45:00+05:30,1,3,-4.512222169711218,-4.205756689021382
ols,2026-05-04 14:45:00+05:30,2,3,-2.1107843866191947,-2.5867152584552557
ols,2026-05-04 14:45:00+05:30,3,3,1.9018623216013886,3.7428582371584382
ols,2026-05-04 14:45:00+05:30,4,3,2.1198769998792186,1.0599924765236266
ols,2026-05-04 14:45:00+05:30,5,3,2.601267234849806,4.311232248889703
ols,2026-05-04 14:50:00+05:30,1,3,-2.3577569403936405,-3.644493768321174
ols,2026-05-04 14:50:00+05:30,2,3,-0.955163108666168,-5.1316686691749895
ols,2026-05-04 14:50:00+05:30,3,3,6.039151681201875,6.391034324990589
ols,2026-05-04 14:50:00+05:30,4,3,-2.1042304908829297,-2.95587078028355
ols,2026-05-04 14:50:00+05:30,5,3,-0.6220011412591356,-4.378530647297726
ols,2026-05-04 14:55:00+05:30,1,3,-1.8547924474826183,-11.126425048397929
ols,2026-05-04 14:55:00+05:30,2,3,0.9839510782596601,-0.018359835750751174
ols,2026-05-04 14:55:00+05:30,3,3,6.269310857137519,6.313521732322766
ols,2026-05-04 14:55:00+05:30,4,3,-2.1657409080164665,-1.0308278191119384
ols,2026-05-04 14:55:00+05:30,5,3,-3.232728579898092,-1.833614260699094
ols,2026-05-04 15:00:00+05:30,1,3,-3.2265118523408343,-4.119793143846806
ols,2026-05-04 15:00:00+05:30,2,3,-2.34679899622566,-3.0331515906749655
ols,2026-05-04 15:00:00+05:30,3,3,1.942541094006896,-2.588572321520655
ols,2026-05-04 15:00:00+05:30,4,3,5.488164655107042,4.274043064342425
ols,2026-05-04 15:00:00+05:30,5,3,-1.8573949005474457,-5.6690940261465705
ols,2026-05-04 15:05:00+05:30,1,3,-1.73372229723275,-1.711362782426414
ols,2026-05-04 15:05:00+05:30,2,3,11.250447308111054,-2.58458748199993
ols,2026-05-04 15:05:00+05:30,3,3,-5.322276727858159,-2.6253662171507783
ols,2026-05-04 15:05:00+05:30,4,3,-4.079109462875523,-4.270521473736262
ols,2026-05-04 15:05:00+05:30,5,3,-0.11533882014462145,-0.9754734601799727
ols,2026-05-04 15:10:00+05:30,1,3,1.5330391372266514,-9.895763924936036
ols,2026-05-04 15:10:00+05:30,2,3,2.026158334424618,-0.4833664528366052
ols,2026-05-04 15:10:00+05:30,3,3,-1.332159146597197,-1.4578828490759608
ols,2026-05-04 15:10:00+05:30,4,3,-1.3193308981429566,-3.29025268038093
ols,2026-05-04 15:10:00+05:30,5,3,-0.9077074269111156,-1.5778175855936847
ols,2026-05-04 15:15:00+05:30,1,3,6.409992520265122,6.163167975008932
ols,2026-05-04 15:15:00+05:30,2,3,-0.011496795875236103,-8.133775061278214
ols,2026-05-04 15:15:00+05:30,3,3,-9.183093846522716,-18.049258172762705
ols,2026-05-04 15:15:00+05:30,4,3,-1.7713319853066194,-0.6979183514050908
ols,2026-05-04 15:15:00+05:30,5,3,4.555930107439451,0.19503844873525233
ols,2026-05-04 15:20:00+05:30,1,3,-11.442829079145213,-17.83423028865087
ols,2026-05-04 15:20:00+05:30,2,3,-13.967538393238273,-20.111374179059872
ols,2026-05-04 15:20:00+05:30,3,3,7.555040809967606,3.8574129086993056
ols,2026-05-04 15:20:00+05:30,4,3,13.970276399443298,9.326390740705367
ols,2026-05-04 15:20:00+05:30,5,3,3.8850502629725896,3.4373698992756405
ols,2026-05-05 14:15:00+05:30,1,3,-2.7718661337402892,-1.888889192250905
ols,2026-05-05 14:15:00+05:30,2,3,-3.661388773860944,-2.737202871224772
ols,2026-05-05 14:15:00+05:30,3,3,-1.534663246526365,-0.24198537143312512
ols,2026-05-05 14:15:00+05:30,4,3,4.908056631860373,5.854513496360496
ols,2026-05-05 14:15:00+05:30,5,3,3.0598615222672265,6.943510980544835
ols,2026-05-05 14:20:00+05:30,1,3,6.388123325050677,1.0356674037611169
ols,2026-05-05 14:20:00+05:30,2,3,-0.1602312502335664,-4.108245723695539
ols,2026-05-05 14:20:00+05:30,3,3,2.327444872697316,-2.7144723286824193
ols,2026-05-05 14:20:00+05:30,4,3,-7.092839419430654,-8.591106517626216
ols,2026-05-05 14:20:00+05:30,5,3,-1.4624975280837684,-1.4781446048232427
ols,2026-05-05 14:25:00+05:30,1,3,-6.960262538171798,-3.375747032681102
ols,2026-05-05 14:25:00+05:30,2,3,12.34715410243122,4.7663072153326285
ols,2026-05-05 14:25:00+05:30,3,3,4.0140655150019775,6.5949135017518605
ols,2026-05-05 14:25:00+05:30,4,3,-6.734245937280929,-9.953304167994373
ols,2026-05-05 14:25:00+05:30,5,3,-2.666711141980471,-4.072039851865587
ols,2026-05-05 14:30:00+05:30,1,3,3.948661966203619,-3.639353413384949
ols,2026-05-05 14:30:00+05:30,2,3,-4.245567556128149,-2.7378933611887923
ols,2026-05-05 14:30:00+05:30,3,3,-1.741664153820747,1.4218927350406751
ols,2026-05-05 14:30:00+05:30,4,3,-2.673664335255399,-5.735071351566923
ols,2026-05-05 14:30:00+05:30,5,3,4.712234079000677,6.244714719008115
ols,2026-05-05 14:35:00+05:30,1,3,7.163737462306734,-0.14201318493508214
ols,2026-05-05 14:35:00+05:30,2,3,-3.207529563420482,-3.724254570143322
ols,2026-05-05 14:35:00+05:30,3,3,-3.8894855065045864,-2.875260922480323
ols,2026-05-05 14:35:00+05:30,4,3,-3.8914620904052137,2.029435359561719
ols,2026-05-05 14:35:00+05:30,5,3,3.8247396980235493,0.75925749873799
ols,2026-05-05 14:40:00+05:30,1,3,13.3058291966263,9.336736435851348
ols,2026-05-05 14:40:00+05:30,2,3,0.07827321668596418,-0.8278080236597452
ols,2026-05-05 14:40:00+05:30,3,3,-6.680379803509035,-2.834101397409435
ols,2026-05-05 14:40:00+05:30,4,3,3.896818884090065,0.4960180534589276
ols,2026-05-05 14:40:00+05:30,5,3,-10.600541493893298,-13.365367661602642
ols,2026-05-05 14:45:00+05:30,1,3,5.029208685670027,6.587372485210278
ols,2026-05-05 14:45:00+05:30,2,3,-9.797714617295911,-11.425422429157967
ols,2026-05-05 14:45:00+05:30,3,3,-3.865782793220844,-5.701832921826429
ols,2026-05-05 14:45:00+05:30,4,3,1.2958395885454739,1.2498528619761344
ols,2026-05-05 14:45:00+05:30,5,3,7.338449136301255,5.985822551769197
ols,2026-05-05 14:50:00+05:30,1,3,-1.6324182113848593,-2.2307510352283324
ols,2026-05-05 14:50:00+05:30,2,3,12.558297709058289,8.145041792989435
ols,2026-05-05 14:50:00+05:30,3,3,0.8057833210911955,2.358442736324203
ols,2026-05-05 14:50:00+05:30,4,3,-10.440596866798433,-6.706945829235847
ols,2026-05-05 14:50:00+05:30,5,3,-1.2910659519661893,2.245476862472303
ols,2026-05-05 14:55:00+05:30,1,3,13.895415854572844,17.43251915784927
ols,2026-05-05 14:55:00+05:30,2,3,-11.168610878878733,-16.20845330349807
ols,2026-05-05 14:55:00+05:30,3,3,1.8446118534192946,0.15822176367730206
ols,2026-05-05 14:55:00+05:30,4,3,-7.698452841567116,-7.6744728437374565
ols,2026-05-05 14:55:00+05:30,5,3,3.127036012453714,0.5628823405288141
ols,2026-05-05 15:00:00+05:30,1,3,-0.9483977251822933,-1.126410047572376
ols,2026-05-05 15:00:00+05:30,2,3,11.342856514588995,5.127010036435712
ols,2026-05-05 15:00:00+05:30,3,3,-5.964791452650609,-3.7996825836280244
ols,2026-05-05 15:00:00+05:30,4,3,2.344707013120691,4.977346066063296
ols,2026-05-05 15:00:00+05:30,5,3,-6.774374349876785,-5.899483396590485
ols,2026-05-05 15:05:00+05:30,1,3,-2.685340938181514,1.7291252651988238
ols,2026-05-05 15:05:00+05:30,2,3,-4.879207012014127,-5.19517164723952
ols,2026-05-05 15:05:00+05:30,3,3,-6.9227765354678,-9.391024928206685
ols,2026-05-05 15:05:00+05:30,4,3,8.988592932931711,9.874117943972378
ols,2026-05-05 15:05:00+05:30,5,3,5.498731552731726,5.285010439132505
ols,2026-05-05 15:10:00+05:30,1,3,-4.394870594686498,-4.302697435805876
ols,2026-05-05 15:10:00+05:30,2,3,-0.7455746865518227,-0.9967097823289822
ols,2026-05-05 15:10:00+05:30,3,3,-3.458912892572163,-1.447747095913628
ols,2026-05-05 15:10:00+05:30,4,3,10.45583421358372,1.2283278684247871
ols,2026-05-05 15:10:00+05:30,5,3,-1.8564760397732352,0.3741512786585116
ols,2026-05-05 15:15:00+05:30,1,3,0.8145291038791727,1.1319697802975406
ols,2026-05-05 15:15:00+05:30,2,3,0.3079204320080019,0.5360842087737496
ols,2026-05-05 15:15:00+05:30,3,3,-1.1068764584070876,-5.342716363786988
ols,2026-05-05 15:15:00+05:30,4,3,5.723777770239247,10.426194845328288
ols,2026-05-05 15:15:00+05:30,5,3,-5.739350847719334,-1.707723240302291
ols,2026-05-05 15:20:00+05:30,1,3,-7.248055470742958,4.853748514093444
ols,2026-05-05 15:20:00+05:30,2,3,7.406396978186345,-5.917368275187555
ols,2026-05-05 15:20:00+05:30,3,3,-10.611746424739131,-7.3049995033932875
ols,2026-05-05 15:20:00+05:30,4,3,-0.6288328030531847,2.503894117853752
ols,2026-05-05 15:20:00+05:30,5,3,11.082237720348921,12.297315668030901
ols,2026-05-06 14:15:00+05:30,1,3,7.616491381559065,8.196755901750397
ols,2026-05-06 14:15:00+05:30,2,3,9.526203128881564,-3.0048219864253767
ols,2026-05-06 14:15:00+05:30,3,3,-9.872293788966886,-0.7993125140703938
ols,2026-05-06 14:15:00+05:30,4,3,0.7767581591067163,0.20429357010742777
ols,2026-05-06 14:15:00+05:30,5,3,-8.04715888058046,-14.181890468460967
ols,2026-05-06 14:20:00+05:30,1,3,-6.530438817386945,-2.3118078457073183
ols,2026-05-06 14:20:00+05:30,2,3,25.20574039244742,27.303616076643852
ols,2026-05-06 14:20:00+05:30,3,3,18.07325485555814,5.558065120332485
ols,2026-05-06 14:20:00+05:30,4,3,-18.970353920449547,-4.626967500569383
ols,2026-05-06 14:20:00+05:30,5,3,-17.778202510169073,-12.343330708044423
ols,2026-05-06 14:25:00+05:30,1,3,4.703255849114908,1.8947821690737203
ols,2026-05-06 14:25:00+05:30,2,3,13.429073797354217,21.598667154927014
ols,2026-05-06 14:25:00+05:30,3,3,0.8454064405261837,-12.121240122811312
ols,2026-05-06 14:25:00+05:30,4,3,-4.076366471093291,3.3266589308575214
ols,2026-05-06 14:25:00+05:30,5,3,-14.901369615902011,-14.881016013760535
ols,2026-05-06 14:30:00+05:30,1,3,-15.691622347709933,-12.114838093426616
ols,2026-05-06 14:30:00+05:30,2,3,-1.4137261292176038,-6.781231465450288
ols,2026-05-06 14:30:00+05:30,3,3,-11.748202575155853,-13.316999855944589
ols,2026-05-06 14:30:00+05:30,4,3,19.440045488876198,11.425115437028177
ols,2026-05-06 14:30:00+05:30,5,3,9.413505563207192,9.01069744342009
ols,2026-05-06 14:35:00+05:30,1,3,23.0201768446634,21.596202836022595
ols,2026-05-06 14:35:00+05:30,2,3,-0.27390520622194625,1.1235097578408135
ols,2026-05-06 14:35:00+05:30,3,3,-2.316178658993731,-4.567295074480392
ols,2026-05-06 14:35:00+05:30,4,3,-9.490808067740497,-14.056973254500615
ols,2026-05-06 14:35:00+05:30,5,3,-10.93928491170722,-13.485805701505482
ols,2026-05-06 14:40:00+05:30,1,3,-9.525991116680363,-10.45005637701039
ols,2026-05-06 14:40:00+05:30,2,3,-4.396776314958014,-3.160533565809069
ols,2026-05-06 14:40:00+05:30,3,3,5.295401937763862,5.262148053077971
ols,2026-05-06 14:40:00+05:30,4,3,7.04019127398192,-3.5869402693199754
ols,2026-05-06 14:40:00+05:30,5,3,1.5871742198925913,4.600383844128937
ols,2026-05-06 14:45:00+05:30,1,3,6.57335912482974,6.045357276185899
ols,2026-05-06 14:45:00+05:30,2,3,7.537847741783269,9.681941311581696
ols,2026-05-06 14:45:00+05:30,3,3,-14.006081040605297,-8.094299021398946
ols,2026-05-06 14:45:00+05:30,4,3,3.869841414127458,2.7929993166658416
ols,2026-05-06 14:45:00+05:30,5,3,-3.974967240135167,-5.726680671323574
ols,2026-05-06 14:50:00+05:30,1,3,10.885250080591382,7.672183294073894
ols,2026-05-06 14:50:00+05:30,2,3,5.408828001947308,8.381155806809055
ols,2026-05-06 14:50:00+05:30,3,3,-4.706508581501753,-5.204552002016231
ols,2026-05-06 14:50:00+05:30,4,3,-9.44897944720983,-9.98471293698581
ols,2026-05-06 14:50:00+05:30,5,3,-2.1385900538271057,-1.9150037124694805
ols,2026-05-06 14:55:00+05:30,1,3,18.485459716662746,15.325270078183554
ols,2026-05-06 14:55:00+05:30,2,3,0.04325127914106581,-5.50532196643035
ols,2026-05-06 14:55:00+05:30,3,3,-5.300400645624463,-10.639549598047212
ols,2026-05-06 14:55:00+05:30,4,3,-3.219032450492228,0.29835475380816473
ols,2026-05-06 14:55:00+05:30,5,3,-10.009277899687122,-8.670080997766968
ols,2026-05-06 15:00:00+05:30,1,3,-15.60963854143756,-17.671033498679897
ols,2026-05-06 15:00:00+05:30,2,3,12.907587166642198,12.184023800487479
ols,2026-05-06 15:00:00+05:30,3,3,-6.585443839783066,-11.339230477540893
ols,2026-05-06 15:00:00+05:30,4,3,1.0841310697862936,-0.48045056225939087
ols,2026-05-06 15:00:00+05:30,5,3,8.203364144792133,5.86858103648639
ols,2026-05-06 15:05:00+05:30,1,3,10.578658982527783,2.0962766455330977
ols,2026-05-06 15:05:00+05:30,2,3,-6.488782664909229,-0.9872476280995784
ols,2026-05-06 15:05:00+05:30,3,3,8.737287287282623,-12.453192626999215
ols,2026-05-06 15:05:00+05:30,4,3,-0.7890453448248613,-3.9447202918600306
ols,2026-05-06 15:05:00+05:30,5,3,-12.038118260076319,-9.004750240189468
ols,2026-05-06 15:10:00+05:30,1,3,14.32157959199835,26.99992518109018
ols,2026-05-06 15:10:00+05:30,2,3,3.127458373016904,-4.265799142584514
ols,2026-05-06 15:10:00+05:30,3,3,0.8709539105002209,-1.204187563635051
ols,2026-05-06 15:10:00+05:30,4,3,-7.708030178142773,-10.819412005830475
ols,2026-05-06 15:10:00+05:30,5,3,-10.6119616973727,-11.778345813031832
ols,2026-05-06 15:15:00+05:30,1,3,8.530257182390125,2.340412148629234
ols,2026-05-06 15:15:00+05:30,2,3,9.681641669251709,1.846579378845803
ols,2026-05-06 15:15:00+05:30,3,3,-2.958859282807813,-2.465857989504272
ols,2026-05-06 15:15:00+05:30,4,3,-11.949188816433958,-12.55943609984489
ols,2026-05-06 15:15:00+05:30,5,3,-3.3038507524000655,-3.6716501502920273
ols,2026-05-06 15:20:00+05:30,1,3,-13.458931409239781,-8.300934980764415
ols,2026-05-06 15:20:00+05:30,2,3,-5.956272639162431,-6.663774264786222
ols,2026-05-06 15:20:00+05:30,3,3,-1.2618602871374103,-1.4083809404224676
ols,2026-05-06 15:20:00+05:30,4,3,17.067915730005616,23.38006583221645
ols,2026-05-06 15:20:00+05:30,5,3,3.6091486055339996,2.862531046030107
ols,2026-05-07 14:15:00+05:30,1,3,3.509948844500955,3.822330380061227
ols,2026-05-07 14:15:00+05:30,2,3,0.9760616414668342,-1.5664866080554354
ols,2026-05-07 14:15:00+05:30,3,3,-0.5285841526265022,0.8131576663884907
ols,2026-05-07 14:15:00+05:30,4,3,-1.1849045896911523,-1.4572319887438858
ols,2026-05-07 14:15:00+05:30,5,3,-2.772521743650132,-3.240636999952547
ols,2026-05-07 14:20:00+05:30,1,3,-6.752715372667713,-5.034838368787116
ols,2026-05-07 14:20:00+05:30,2,3,-1.3200340185049635,0.6109805886177861
ols,2026-05-07 14:20:00+05:30,3,3,-3.493221612962097,-5.034838368787116
ols,2026-05-07 14:20:00+05:30,4,3,0.29374419334697155,-0.663492540689055
ols,2026-05-07 14:20:00+05:30,5,3,11.272226810787803,8.140392197748461
ols,2026-05-07 14:25:00+05:30,1,3,-6.539957690955648,-7.457379037772623
ols,2026-05-07 14:25:00+05:30,2,3,2.6623811427369444,3.0803452080300593
ols,2026-05-07 14:25:00+05:30,3,3,-5.1651869728142055,-5.062248396437615
ols,2026-05-07 14:25:00+05:30,4,3,-1.1282886883294074,-0.7390989959839739
ols,2026-05-07 14:25:00+05:30,5,3,10.171052209362319,10.176638129849962
ols,2026-05-07 14:30:00+05:30,1,3,2.618740432482225,4.097144344702504
ols,2026-05-07 14:30:00+05:30,2,3,-1.6188590082602725,-1.701539981349069
ols,2026-05-07 14:30:00+05:30,3,3,-7.421538396346368,-1.0923757076552283
ols,2026-05-07 14:30:00+05:30,4,3,-0.01757495202362857,0.031270201468276866
ols,2026-05-07 14:30:00+05:30,5,3,6.439231924148044,6.728030953490134
ols,2026-05-07 14:35:00+05:30,1,3,-2.841434851215648,-1.6700419905866235
ols,2026-05-07 14:35:00+05:30,2,3,-6.6188052686460725,-6.493121724985063
ols,2026-05-07 14:35:00+05:30,3,3,3.137079192985078,1.1045410339129982
ols,2026-05-07 14:35:00+05:30,4,3,-1.301497374882758,2.935565461549494
ols,2026-05-07 14:35:00+05:30,5,3,7.624658301759401,8.859903831095695
ols,2026-05-07 14:40:00+05:30,1,3,-7.571819752886974,-6.026875025281209
ols,2026-05-07 14:40:00+05:30,2,3,-2.651149466372793,0.7196547885168769
ols,2026-05-07 14:40:00+05:30,3,3,2.443727266755828,0.10055838309264153
ols,2026-05-07 14:40:00+05:30,4,3,4.39093184373629,4.7438585633874375
ols,2026-05-07 14:40:00+05:30,5,3,3.388310108767649,-1.4257106527304497
ols,2026-05-07 14:45:00+05:30,1,3,-2.130990374844322,-2.067599718450645
ols,2026-05-07 14:45:00+05:30,2,3,1.4307456052163505,1.4542006898886253
ols,2026-05-07 14:45:00+05:30,3,3,-4.203685716626992,-5.630917695031028
ols,2026-05-07 14:45:00+05:30,4,3,4.803996790940272,8.984714979077674
ols,2026-05-07 14:45:00+05:30,5,3,0.0999336953146907,-0.7177438507012621
ols,2026-05-07 14:50:00+05:30,1,3,-5.100850444347272,-3.97130179204878
ols,2026-05-07 14:50:00+05:30,2,3,1.5115268410692548,-0.08355321029644258
ols,2026-05-07 14:50:00+05:30,3,3,5.368663621935222,0.01640132608911771
ols,2026-05-07 14:50:00+05:30,4,3,-5.092809930995109,-2.169830852251457
ols,2026-05-07 14:50:00+05:30,5,3,3.313469912337903,-0.8731150067757082
ols,2026-05-07 14:55:00+05:30,1,3,2.2817389325156716,7.021883723844713
ols,2026-05-07 14:55:00+05:30,2,3,0.086051538555379,5.806076513256375
ols,2026-05-07 14:55:00+05:30,3,3,-10.161471794038443,-11.526406816641854
ols,2026-05-07 14:55:00+05:30,4,3,5.870492231342987,0.23859413515037198
ols,2026-05-07 14:55:00+05:30,5,3,1.9231890916244025,7.845567921273222
ols,2026-05-07 15:00:00+05:30,1,3,11.800898320063627,14.660450157050716
ols,2026-05-07 15:00:00+05:30,2,3,-11.431606464570901,-7.876597297459857
ols,2026-05-07 15:00:00+05:30,3,3,1.4014211494085922,2.982858608294133
ols,2026-05-07 15:00:00+05:30,4,3,2.0379588520215526,3.1940506992283644
ols,2026-05-07 15:00:00+05:30,5,3,-3.8086718569228704,-8.382979488775236
ols,2026-05-07 15:05:00+05:30,1,3,-13.09730574137073,-21.729332343699117
ols,2026-05-07 15:05:00+05:30,2,3,16.913227722041917,14.205652432199178
ols,2026-05-07 15:05:00+05:30,3,3,-0.4202500414129211,0.6304564892549712
ols,2026-05-07 15:05:00+05:30,4,3,-3.7335300827681857,0.07091193060348988
ols,2026-05-07 15:05:00+05:30,5,3,0.3378581435099133,1.111556174362871
ols,2026-05-07 15:10:00+05:30,1,3,1.771114246801837,2.1960776834008353
ols,2026-05-07 15:10:00+05:30,2,3,-10.20317152932885,-17.00420156280232
ols,2026-05-07 15:10:00+05:30,3,3,1.056298839719804,3.462153160316431
ols,2026-05-07 15:10:00+05:30,4,3,0.16707148159541124,0.6050940411396564
ols,2026-05-07 15:10:00+05:30,5,3,7.2086869612117965,4.810951133509414
ols,2026-05-07 15:15:00+05:30,1,3,-8.98706650513681,-4.64147725737544
ols,2026-05-07 15:15:00+05:30,2,3,3.700771023771013,3.30883330163075
ols,2026-05-07 15:15:00+05:30,3,3,-1.5410048663954496,-9.49877807884573
ols,2026-05-07 15:15:00+05:30,4,3,4.151735398007764,4.701784966209063
ols,2026-05-07 15:15:00+05:30,5,3,2.6755649497534804,-0.6090479082109613
ols,2026-05-07 15:20:00+05:30,1,3,-1.1667228997057262,-5.001083564246149
ols,2026-05-07 15:20:00+05:30,2,3,-1.5509635994509865,-6.094338183246266
ols,2026-05-07 15:20:00+05:30,3,3,-4.47460603708542,-3.110599558750519
ols,2026-05-07 15:20:00+05:30,4,3,-2.1592946074198887,-4.20849458254217
ols,2026-05-07 15:20:00+05:30,5,3,9.351587143662023,8.451116362207486
ols,2026-05-08 14:15:00+05:30,1,3,-8.295044320756192,-5.002969659220795
ols,2026-05-08 14:15:00+05:30,2,3,2.438799781677492,0.7861717549200916
ols,2026-05-08 14:15:00+05:30,3,3,0.5307210098209523,-2.18351915769525
ols,2026-05-08 14:15:00+05:30,4,3,3.1357476062789194,2.598938406694303
ols,2026-05-08 14:15:00+05:30,5,3,2.189775922978828,3.2596730813988137
ols,2026-05-08 14:20:00+05:30,1,3,11.562654379525457,-10.177655760216306
ols,2026-05-08 14:20:00+05:30,2,3,-3.7158486169831155,-4.188923068444502
ols,2026-05-08 14:20:00+05:30,3,3,-1.844787922548496,-0.8063595346442147
ols,2026-05-08 14:20:00+05:30,4,3,-5.272778233627855,-3.5340756360403196
ols,2026-05-08 14:20:00+05:30,5,3,-0.7292396063659867,0.9943871063033223
ols,2026-05-08 14:25:00+05:30,1,3,9.577681641954904,-3.5815529456052113
ols,2026-05-08 14:25:00+05:30,2,3,-1.5266593237114692,5.614752287140738
ols,2026-05-08 14:25:00+05:30,3,3,1.6515369482471938,-1.0646300982342831
ols,2026-05-08 14:25:00+05:30,4,3,-3.5151279477430757,-0.15509626792316755
ols,2026-05-08 14:25:00+05:30,5,3,-6.1874313187475485,-5.134843687254549
ols,2026-05-08 14:30:00+05:30,1,3,1.0529845250826977,4.220552470150926
ols,2026-05-08 14:30:00+05:30,2,3,6.709012185009449,8.085775626345123
ols,2026-05-08 14:30:00+05:30,3,3,-2.235332881053301,-0.32795448002180017
ols,2026-05-08 14:30:00+05:30,4,3,-1.008509836295671,-2.0533494629361524
ols,2026-05-08 14:30:00+05:30,5,3,-4.518153992743171,-2.4853688965544105
ols,2026-05-08 14:35:00+05:30,1,3,13.19511385813203,6.456762486690248
ols,2026-05-08 14:35:00+05:30,2,3,-3.200855285541223,-7.493681305785094
ols,2026-05-08 14:35:00+05:30,3,3,-5.345573318235116,-6.4209461771707055
ols,2026-05-08 14:35:00+05:30,4,3,-10.232013435736691,-8.195675120427515
ols,2026-05-08 14:35:00+05:30,5,3,5.583328181381001,2.7942222529970806
ols,2026-05-08 14:40:00+05:30,1,3,1.6551296699702784,-1.6855499773498206
ols,2026-05-08 14:40:00+05:30,2,3,3.529394606529863,5.5357412387986304
ols,2026-05-08 14:40:00+05:30,3,3,-1.2609743828270554,-0.9902897436901981
ols,2026-05-08 14:40:00+05:30,4,3,-1.899871466935377,-0.9879311871900942
ols,2026-05-08 14:40:00+05:30,5,3,-2.023678426737711,-4.17614370004471
ols,2026-05-08 14:45:00+05:30,1,3,-1.7839937654435807,2.713917621112986
ols,2026-05-08 14:45:00+05:30,2,3,2.0937996114808546,1.2597951840029136
ols,2026-05-08 14:45:00+05:30,3,3,1.4300588801094232,0.7954348403768445
ols,2026-05-08 14:45:00+05:30,4,3,2.0094531742128976,3.6225580413714966
ols,2026-05-08 14:45:00+05:30,5,3,-3.749317900359594,-1.110996660474169
ols,2026-05-08 14:50:00+05:30,1,3,-6.639843252656207,-6.726543720776264
ols,2026-05-08 14:50:00+05:30,2,3,5.091845332708825,0.8468378704652821
ols,2026-05-08 14:50:00+05:30,3,3,-2.132014305274469,-7.172448499336144
ols,2026-05-08 14:50:00+05:30,4,3,6.053556549733422,5.4503617612701545
ols,2026-05-08 14:50:00+05:30,5,3,-2.3735443245115713,8.893180274312112
ols,2026-05-08 14:55:00+05:30,1,3,5.398180836527249,-10.193511678151301
ols,2026-05-08 14:55:00+05:30,2,3,5.645532761161012,10.239720189296975
ols,2026-05-08 14:55:00+05:30,3,3,-3.476689320775458,4.297228194642066
ols,2026-05-08 14:55:00+05:30,4,3,-0.2967479026740151,-1.1740431849092134
ols,2026-05-08 14:55:00+05:30,5,3,-7.270276374238791,-6.177399610834745
ols,2026-05-08 15:00:00+05:30,1,3,-2.6445906792244385,-2.9320312119516987
ols,2026-05-08 15:00:00+05:30,2,3,-10.039291010337367,-9.828582936089866
ols,2026-05-08 15:00:00+05:30,3,3,1.7838941238158919,0.914122634202578
ols,2026-05-08 15:00:00+05:30,4,3,-4.798819027772054,0.40798214810193
ols,2026-05-08 15:00:00+05:30,5,3,15.698806593517965,18.46088535567462
ols,2026-05-08 15:05:00+05:30,1,3,-4.820885659768163,-4.327493470905737
ols,2026-05-08 15:05:00+05:30,2,3,2.0591101348552687,1.125378179317608
ols,2026-05-08 15:05:00+05:30,3,3,3.8734597897025496,3.2323885194686466
ols,2026-05-08 15:05:00+05:30,4,3,5.690690097171084,5.055485691593124
ols,2026-05-08 15:05:00+05:30,5,3,-6.802374361960739,-3.8819941646515885
ols,2026-05-08 15:10:00+05:30,1,3,1.3307320635811415,1.0482201942601708
ols,2026-05-08 15:10:00+05:30,2,3,3.888924339022918,4.028579798491212
ols,2026-05-08 15:10:00+05:30,3,3,2.159409417097506,8.251703497993942
ols,2026-05-08 15:10:00+05:30,4,3,-0.05401495032127561,-2.1510799033003605
ols,2026-05-08 15:10:00+05:30,5,3,-7.325050869380289,7.9179765085929015
ols,2026-05-08 15:15:00+05:30,1,3,-0.6137211931774482,0.13209180445968527
ols,2026-05-08 15:15:00+05:30,2,3,2.938830641508646,5.248162662041164
ols,2026-05-08 15:15:00+05:30,3,3,2.0493800976432546,1.7276557090413946
ols,2026-05-08 15:15:00+05:30,4,3,1.7956939384574289,-0.20053782289345734
ols,2026-05-08 15:15:00+05:30,5,3,-6.170183484431878,0.23395574243652795
ols,2026-05-08 15:20:00+05:30,1,3,0.48833844327093423,1.759337793751333
ols,2026-05-08 15:20:00+05:30,2,3,-4.891623758974524,-4.166351570925079
ols,2026-05-08 15:20:00+05:30,3,3,-3.660684899588151,-7.219031997702278
ols,2026-05-08 15:20:00+05:30,4,3,4.883316041086753,0.4822482679383753
ols,2026-05-08 15:20:00+05:30,5,3,3.1806541742049914,-3.3603616344974143
ols,2026-05-11 14:15:00+05:30,1,3,1.8922697018117773,5.6934851251860445
ols,2026-05-11 14:15:00+05:30,2,3,-1.8506168370397238,-4.77016662956357
ols,2026-05-11 14:15:00+05:30,3,3,-0.19960642010804114,3.6671894799938562
ols,2026-05-11 14:15:00+05:30,4,3,3.3862497132606255,3.957438887873218
ols,2026-05-11 14:15:00+05:30,5,3,-3.2282961579246368,-4.046791821193422
ols,2026-05-11 14:20:00+05:30,1,3,-0.8144758993902104,-2.351960091034
ols,2026-05-11 14:20:00+05:30,2,3,-9.185237253242532,-6.984379058726731
ols,2026-05-11 14:20:00+05:30,3,3,-1.3448123960848604,-5.16324056054196
ols,2026-05-11 14:20:00+05:30,4,3,6.466701285181712,7.716470568690292
ols,2026-05-11 14:20:00+05:30,5,3,4.87782426353589,2.9035103835548526
ols,2026-05-11 14:25:00+05:30,1,3,-2.3970890523488855,-4.624504132603328
ols,2026-05-11 14:25:00+05:30,2,3,3.319601830604978,1.5650072809801532
ols,2026-05-11 14:25:00+05:30,3,3,1.4523495916209943,5.90507056612218
ols,2026-05-11 14:25:00+05:30,4,3,-8.561631099531192,-12.549329426850978
ols,2026-05-11 14:25:00+05:30,5,3,6.186768729654107,9.534149759134875
ols,2026-05-11 14:30:00+05:30,1,3,7.191794737260244,9.20125328292524
ols,2026-05-11 14:30:00+05:30,2,3,-11.34440263619263,-9.950865066707134
ols,2026-05-11 14:30:00+05:30,3,3,0.4520294546432869,-2.389619234427784
ols,2026-05-11 14:30:00+05:30,4,3,2.1764263739969527,3.7309660400805327
ols,2026-05-11 14:30:00+05:30,5,3,1.5241520702921423,-1.673644137798766
ols,2026-05-11 14:35:00+05:30,1,3,-3.8604659700941886,-1.9070245779586605
ols,2026-05-11 14:35:00+05:30,2,3,4.5813581868675195,3.1912589999025798
ols,2026-05-11 14:35:00+05:30,3,3,-0.11576855317074775,-3.8897795524186485
ols,2026-05-11 14:35:00+05:30,4,3,1.5203428481948367,3.1912589999025798
ols,2026-05-11 14:35:00+05:30,5,3,-2.125466511797421,-2.0051340919504668
ols,2026-05-11 14:40:00+05:30,1,3,4.953128994215367,-5.718510879480758
ols,2026-05-11 14:40:00+05:30,2,3,-6.955541141592693,-4.7929658362907785
ols,2026-05-11 14:40:00+05:30,3,3,-2.002770255464877,-3.8831671007396964
ols,2026-05-11 14:40:00+05:30,4,3,2.1242665135937275,2.9698758886412455
ols,2026-05-11 14:40:00+05:30,5,3,1.8809158892484727,2.2216167463454304
ols,2026-05-11 14:45:00+05:30,1,3,-10.063406786658513,-5.677967382427281
ols,2026-05-11 14:45:00+05:30,2,3,3.170171131432179,2.7117748183311066
ols,2026-05-11 14:45:00+05:30,3,3,3.820359484891492,2.788664048660442
ols,2026-05-11 14:45:00+05:30,4,3,2.3379459698018588,-1.4786199616859304
ols,2026-05-11 14:45:00+05:30,5,3,0.7349302005329832,-0.7370858261549114
ols,2026-05-11 14:50:00+05:30,1,3,7.87850109530027,5.746885611563669
ols,2026-05-11 14:50:00+05:30,2,3,-4.272479953082663,-5.662506891232154
ols,2026-05-11 14:50:00+05:30,3,3,-1.4447480075125223,0.11712873445013458
ols,2026-05-11 14:50:00+05:30,4,3,1.7291757192769994,0.5300075271472702
ols,2026-05-11 14:50:00+05:30,5,3,-3.890448853982079,-3.6158793470111297
ols,2026-05-11 14:55:00+05:30,1,3,8.724713562699106,7.546036805908302
ols,2026-05-11 14:55:00+05:30,2,3,-6.079580220450667,0.4860808775703331
ols,2026-05-11 14:55:00+05:30,3,3,3.9975890625338186,1.6043249669134676
ols,2026-05-11 14:55:00+05:30,4,3,-6.182547556224713,-5.794383263528174
ols,2026-05-11 14:55:00+05:30,5,3,-0.4601748485575354,1.9009150883514794
ols,2026-05-11 15:00:00+05:30,1,3,-12.147194153967627,-11.925092352180164
ols,2026-05-11 15:00:00+05:30,2,3,4.487238124299815,8.644740457853276
ols,2026-05-11 15:00:00+05:30,3,3,12.154062473944162,11.225965985353673
ols,2026-05-11 15:00:00+05:30,4,3,-1.2362039991196117,-6.822609937983633
ols,2026-05-11 15:00:00+05:30,5,3,-3.2579024451567427,-3.9336823882523873
ols,2026-05-11 15:05:00+05:30,1,3,0.4829638367741157,0.47588557767822914
ols,2026-05-11 15:05:00+05:30,2,3,0.7034416290869019,0.6288182030162273
ols,2026-05-11 15:05:00+05:30,3,3,0.6261878806063472,0.004844690041953207
ols,2026-05-11 15:05:00+05:30,4,3,-11.41268026336495,-18.07178363089131
ols,2026-05-11 15:05:00+05:30,5,3,9.600086916897581,9.847940702349437
ols,2026-05-11 15:10:00+05:30,1,3,-4.783688070907935,-2.182198898097676
ols,2026-05-11 15:10:00+05:30,2,3,-1.7729663691781197,-1.720902163390381
ols,2026-05-11 15:10:00+05:30,3,3,-5.01464077230714,-1.4614622638167152
ols,2026-05-11 15:10:00+05:30,4,3,5.369495937874134,3.3473125989866848
ols,2026-05-11 15:10:00+05:30,5,3,6.201799274519064,2.8368047495506143
ols,2026-05-11 15:15:00+05:30,1,3,3.449765908522195,2.1562883766385412
ols,2026-05-11 15:15:00+05:30,2,3,-6.743009847254806,-1.7591380012510114
ols,2026-05-11 15:15:00+05:30,3,3,-0.8457231835051391,1.6813652101960543
ols,2026-05-11 15:15:00+05:30,4,3,-1.3310117316169086,-0.9218975457908248
ols,2026-05-11 15:15:00+05:30,5,3,5.46997885385466,-3.288761451116192
ols,2026-05-11 15:20:00+05:30,1,3,9.425176349767472,14.244956177568676
ols,2026-05-11 15:20:00+05:30,2,3,-1.0549314150963458,-3.0442319020768474
ols,2026-05-11 15:20:00+05:30,3,3,-3.407074995333955,-1.1558661387717586
ols,2026-05-11 15:20:00+05:30,4,3,-2.0091704247510536,-1.9533794116083727
ols,2026-05-11 15:20:00+05:30,5,3,-2.9539995145861178,1.2105613983609174
ols,2026-05-12 14:15:00+05:30,1,3,-2.580673210754282,-3.2582624810298584
ols,2026-05-12 14:15:00+05:30,2,3,0.5592508049253957,-0.7773752636034055
ols,2026-05-12 14:15:00+05:30,3,3,-0.9057532547832232,2.5223531984127994
ols,2026-05-12 14:15:00+05:30,4,3,1.948557729570143,8.643514560570923
ols,2026-05-12 14:15:00+05:30,5,3,0.9786179310419612,-3.9698101448196383
ols,2026-05-12 14:20:00+05:30,1,3,5.2459410321534055,4.612521691204889
ols,2026-05-12 14:20:00+05:30,2,3,-1.1888630058142593,-3.3718499300353275
ols,2026-05-12 14:20:00+05:30,3,3,-0.6407954654655448,4.924245419783683
ols,2026-05-12 14:20:00+05:30,4,3,2.360540192104225,0.41443510045950194
ols,2026-05-12 14:20:00+05:30,5,3,-5.776822752977823,-7.283492635990226
ols,2026-05-12 14:25:00+05:30,1,3,2.7809271054225104,4.621380325495453
ols,2026-05-12 14:25:00+05:30,2,3,-2.625334850757223,-1.0296213968488872
ols,2026-05-12 14:25:00+05:30,3,3,2.1986920079328036,2.261531720142132
ols,2026-05-12 14:25:00+05:30,4,3,-2.3718962081841592,-1.747342941481897
ols,2026-05-12 14:25:00+05:30,5,3,0.01761194558606285,0.12302498924225128
ols,2026-05-12 14:30:00+05:30,1,3,0.48267440488040414,1.1418114227714025
ols,2026-05-12 14:30:00+05:30,2,3,7.555648894253123,6.2517051227396845
ols,2026-05-12 14:30:00+05:30,3,3,-1.9777855246219116,1.9115412761984505
ols,2026-05-12 14:30:00+05:30,4,3,1.9472947222044876,3.352649339583161
ols,2026-05-12 14:30:00+05:30,5,3,-8.007832496716105,-12.34110804881324
ols,2026-05-12 14:35:00+05:30,1,3,2.1520529332449785,-1.9363165207526567
ols,2026-05-12 14:35:00+05:30,2,3,-3.4078563915769244,-3.7703919255778207
ols,2026-05-12 14:35:00+05:30,3,3,-5.016552547151572,-6.416213706313512
ols,2026-05-12 14:35:00+05:30,4,3,-2.1326137875605773,-3.5594513639842784
ols,2026-05-12 14:35:00+05:30,5,3,8.404969793044097,7.1969011835208985
ols,2026-05-12 14:40:00+05:30,1,3,-0.16809432065123558,-4.218766768948908
ols,2026-05-12 14:40:00+05:30,2,3,0.8248168036877335,0.3217860433565682
ols,2026-05-12 14:40:00+05:30,3,3,-2.3030459794081515,0.3217860433565682
ols,2026-05-12 14:40:00+05:30,4,3,4.831888801938744,5.073884887013251
ols,2026-05-12 14:40:00+05:30,5,3,-3.1855653055670916,-1.3800519416676444
ols,2026-05-12 14:45:00+05:30,1,3,-14.18359095370314,-13.842993952594066
ols,2026-05-12 14:45:00+05:30,2,3,7.563407554694941,14.210869465167772
ols,2026-05-12 14:45:00+05:30,3,3,-0.8849482793200638,-7.32461023764223
ols,2026-05-12 14:45:00+05:30,4,3,7.874645550056013,8.9001950095103
ols,2026-05-12 14:45:00+05:30,5,3,-0.3695138717277523,-2.56981983391628
ols,2026-05-12 14:50:00+05:30,1,3,-5.094976911213116,-7.086357847873555
ols,2026-05-12 14:50:00+05:30,2,3,3.9452266415798123,-0.40773686595659475
ols,2026-05-12 14:50:00+05:30,3,3,-9.15148304884202,-11.66818382396347
ols,2026-05-12 14:50:00+05:30,4,3,3.942750692513671,1.0455959003169792
ols,2026-05-12 14:50:00+05:30,5,3,6.358482625961652,2.6414525751367415
ols,2026-05-12 14:55:00+05:30,1,3,11.409834633382928,6.326393012541379
ols,2026-05-12 14:55:00+05:30,2,3,-16.321090972397126,-18.804690957199128
ols,2026-05-12 14:55:00+05:30,3,3,5.693639313563665,9.70744669940308
ols,2026-05-12 14:55:00+05:30,4,3,2.1774199228772324,7.794583060701946
ols,2026-05-12 14:55:00+05:30,5,3,-2.9598028974267008,-3.943721805059605
ols,2026-05-12 15:00:00+05:30,1,3,-10.869804765099394,-6.587131622918241
ols,2026-05-12 15:00:00+05:30,2,3,-8.169700516597414,-10.278594187791423
ols,2026-05-12 15:00:00+05:30,3,3,3.676041833834409,-0.22426351906523756
ols,2026-05-12 15:00:00+05:30,4,3,7.24518539360249,6.355979230530107
ols,2026-05-12 15:00:00+05:30,5,3,8.118278054259909,6.190076325802707
ols,2026-05-12 15:05:00+05:30,1,3,2.4771405939991724,-1.785371474704626
ols,2026-05-12 15:05:00+05:30,2,3,8.01113612237388,8.0077789292304
ols,2026-05-12 15:05:00+05:30,3,3,-2.4663688885198094,-1.8969960840726035
ols,2026-05-12 15:05:00+05:30,4,3,-12.66876272344031,-13.649970607853593
ols,2026-05-12 15:05:00+05:30,5,3,4.646854895587064,1.5171384328265998
ols,2026-05-12 15:10:00+05:30,1,3,6.048085477184643,10.221313728502398
ols,2026-05-12 15:10:00+05:30,2,3,-1.4071353071516417,-0.3392053065919649
ols,2026-05-12 15:10:00+05:30,3,3,2.4399143779482526,-3.227873231079685
ols,2026-05-12 15:10:00+05:30,4,3,-3.7092611245366225,-1.7384778923056716
ols,2026-05-12 15:10:00+05:30,5,3,-3.3716034234446326,3.8904421341557542
ols,2026-05-12 15:15:00+05:30,1,3,-1.406066826924087,1.0185537378371023
ols,2026-05-12 15:15:00+05:30,2,3,2.693416272478988,1.0185537378371023
ols,2026-05-12 15:15:00+05:30,3,3,7.373837148066572,8.613298174686701
ols,2026-05-12 15:15:00+05:30,4,3,0.36444327695339673,5.42190028121059
ols,2026-05-12 15:15:00+05:30,5,3,-9.02562987057487,-7.524073974447543
ols,2026-05-12 15:20:00+05:30,1,3,-17.59517985253423,-11.293985546636891
ols,2026-05-12 15:20:00+05:30,2,3,11.776229127438512,5.298063489291478
ols,2026-05-12 15:20:00+05:30,3,3,-6.027353130899269,-2.722483937036928
ols,2026-05-12 15:20:00+05:30,4,3,5.054371671023849,3.0713011704160587
ols,2026-05-12 15:20:00+05:30,5,3,6.791932184971131,5.8255404117720415
ols,2026-05-13 14:15:00+05:30,1,3,5.446028350203062,-7.902349729541921
ols,2026-05-13 14:15:00+05:30,2,3,-2.0672985706651965,3.180582321312389
ols,2026-05-13 14:15:00+05:30,3,3,-3.8017473767984673,-2.67136659094199
ols,2026-05-13 14:15:00+05:30,4,3,-5.27888264882918,0.502692116549333
ols,2026-05-13 14:15:00+05:30,5,3,5.701900246089778,7.787319383948091
ols,2026-05-13 14:20:00+05:30,1,3,1.4565833797088132,5.212425354374828
ols,2026-05-13 14:20:00+05:30,2,3,-3.215085499744659,-2.1528332648359516
ols,2026-05-13 14:20:00+05:30,3,3,-1.5595435764968648,-0.15053393079411692
ols,2026-05-13 14:20:00+05:30,4,3,-1.9090729047916237,-0.6722873840838697
ols,2026-05-13 14:20:00+05:30,5,3,5.227118601324336,0.04402782403745121
ols,2026-05-13 14:25:00+05:30,1,3,-2.786210566438833,-4.0285741863332145
ols,2026-05-13 14:25:00+05:30,2,3,18.887478600527828,0.25197518744531566
ols,2026-05-13 14:25:00+05:30,3,3,-1.9651144728882004,0.1906398650797968
ols,2026-05-13 14:25:00+05:30,4,3,-11.791677996048003,-7.215891845042603
ols,2026-05-13 14:25:00+05:30,5,3,-2.3444755651527887,-1.934038687866272
ols,2026-05-13 14:30:00+05:30,1,3,11.178459750120107,7.19422759049874
ols,2026-05-13 14:30:00+05:30,2,3,-4.559611937203704,-5.818696216922954
ols,2026-05-13 14:30:00+05:30,3,3,1.4262469101763802,1.240475073531459
ols,2026-05-13 14:30:00+05:30,4,3,5.325445679590442,11.788501902280904
ols,2026-05-13 14:30:00+05:30,5,3,-13.370540402683224,-3.801922411962607
ols,2026-05-13 14:35:00+05:30,1,3,-12.811815898845207,-18.509961971205616
ols,2026-05-13 14:35:00+05:30,2,3,-2.75151534805514,-0.16634226094517637
ols,2026-05-13 14:35:00+05:30,3,3,13.384811825051912,12.080064151304434
ols,2026-05-13 14:35:00+05:30,4,3,-2.1642079387267357,2.0874615918656443
ols,2026-05-13 14:35:00+05:30,5,3,4.342727360575172,1.762650966599408
ols,2026-05-13 14:40:00+05:30,1,3,2.0666341085782136,2.753624170367175
ols,2026-05-13 14:40:00+05:30,2,3,-0.7483997363572454,-1.2481744283823206
ols,2026-05-13 14:40:00+05:30,3,3,-12.43117748008471,-10.786798043767254
ols,2026-05-13 14:40:00+05:30,4,3,13.063235554677957,7.286848310213756
ols,2026-05-13 14:40:00+05:30,5,3,-1.950292446814217,-3.773264218897232
ols,2026-05-13 14:45:00+05:30,1,3,-4.787159879407143,-5.091136024818699
ols,2026-05-13 14:45:00+05:30,2,3,4.137591391285704,0.4077223164176136
ols,2026-05-13 14:45:00+05:30,3,3,-0.15983600557382482,4.881754327594523
ols,2026-05-13 14:45:00+05:30,4,3,0.358055904467802,-0.2559357669398299
ols,2026-05-13 14:45:00+05:30,5,3,0.45134858922746246,-0.2559357669398299
ols,2026-05-13 14:50:00+05:30,1,3,-0.04380873130371832,0.34142725323982326
ols,2026-05-13 14:50:00+05:30,2,3,-0.3446372501814121,0.060306876419335964
ols,2026-05-13 14:50:00+05:30,3,3,2.2609494573703572,4.725451431706329
ols,2026-05-13 14:50:00+05:30,4,3,0.9082649368408191,1.7495787151355913
ols,2026-05-13 14:50:00+05:30,5,3,-2.7807684127260464,-3.762494680976669
ols,2026-05-13 14:55:00+05:30,1,3,-2.122041372294808,-0.6905472972736559
ols,2026-05-13 14:55:00+05:30,2,3,2.9988182262944774,-0.5563961540873885
ols,2026-05-13 14:55:00+05:30,3,3,2.616937496847658,3.055704364571068
ols,2026-05-13 14:55:00+05:30,4,3,4.291246639400724,3.143613895259336
ols,2026-05-13 14:55:00+05:30,5,3,-7.7849609902480585,-11.500980075771125
ols,2026-05-13 15:00:00+05:30,1,3,10.069131010935022,10.879291938444835
ols,2026-05-13 15:00:00+05:30,2,3,7.628327424789397,5.515478762999626
ols,2026-05-13 15:00:00+05:30,3,3,-4.867289612390986,-6.050982827954243
ols,2026-05-13 15:00:00+05:30,4,3,-13.960891877850361,-14.194590636270599
ols,2026-05-13 15:00:00+05:30,5,3,1.1307230545169282,1.304328384575948
ols,2026-05-13 15:05:00+05:30,1,3,1.2619924921046801,1.581189484415028
ols,2026-05-13 15:05:00+05:30,2,3,-4.267945701691719,-3.5962888301469174
ols,2026-05-13 15:05:00+05:30,3,3,3.2947913034557796,4.804574146420586
ols,2026-05-13 15:05:00+05:30,4,3,-0.09325574082241801,8.617347186659888
ols,2026-05-13 15:05:00+05:30,5,3,-0.19558235304632401,-2.340996754261212
ols,2026-05-13 15:10:00+05:30,1,3,-4.809562030416566,-6.577428670339651
ols,2026-05-13 15:10:00+05:30,2,3,-5.8092556713128145,-7.549309642220263
ols,2026-05-13 15:10:00+05:30,3,3,4.977238264643062,0.15694806403783934
ols,2026-05-13 15:10:00+05:30,4,3,6.088487170941533,5.6447935518815955
ols,2026-05-13 15:10:00+05:30,5,3,-0.44690773385521354,-1.052078707690122
ols,2026-05-13 15:15:00+05:30,1,3,-3.956904746517627,-5.172180596251389
ols,2026-05-13 15:15:00+05:30,2,3,0.3366365880462432,3.264165204973487
ols,2026-05-13 15:15:00+05:30,3,3,4.58892425306301,8.012760475733923
ols,2026-05-13 15:15:00+05:30,4,3,-2.4876879616599155,3.0088938515247707
ols,2026-05-13 15:15:00+05:30,5,3,1.5190318670682919,3.0088938515247707
ols,2026-05-13 15:20:00+05:30,1,3,-8.269982769727605,-7.424708310468893
ols,2026-05-13 15:20:00+05:30,2,3,-4.696872237108946,-1.2184557379018766
ols,2026-05-13 15:20:00+05:30,3,3,2.856657828709474,2.9648962956913363
ols,2026-05-13 15:20:00+05:30,4,3,1.8978960666429234,-2.0535916495783755
ols,2026-05-13 15:20:00+05:30,5,3,8.21230111148415,-5.091142454150506
ols,2026-05-14 14:15:00+05:30,1,3,-3.4803285460814535,-9.303740969617872
ols,2026-05-14 14:15:00+05:30,2,3,-1.532847815542822,-1.8458578445807263
ols,2026-05-14 14:15:00+05:30,3,3,6.961137481664121,2.5662532842057515
ols,2026-05-14 14:15:00+05:30,4,3,3.2106754638873505,2.41066379697615
ols,2026-05-14 14:15:00+05:30,5,3,-5.158636583927197,-3.806662674482079
ols,2026-05-14 14:20:00+05:30,1,3,9.641942281231053,4.464024776639578
ols,2026-05-14 14:20:00+05:30,2,3,-1.9151483694002105,-5.579743347102392
ols,2026-05-14 14:20:00+05:30,3,3,-1.7702267353225667,-5.048418755018899
ols,2026-05-14 14:20:00+05:30,4,3,1.485075513331471,-1.9297270038694714
ols,2026-05-14 14:20:00+05:30,5,3,-7.4416426898397505,-9.107947894921494
ols,2026-05-14 14:25:00+05:30,1,3,-2.6669275476972985,-1.9178131479618
ols,2026-05-14 14:25:00+05:30,2,3,-4.927114212475603,-6.488964063882552
ols,2026-05-14 14:25:00+05:30,3,3,5.157147009668517,5.956804200108579
ols,2026-05-14 14:25:00+05:30,4,3,1.634913483309278,0.870592938632786
ols,2026-05-14 14:25:00+05:30,5,3,0.8019812671951067,0.7845542939950434
ols,2026-05-14 14:30:00+05:30,1,3,6.8326323316198305,-0.6725033756273355
ols,2026-05-14 14:30:00+05:30,2,3,-10.218215104569847,-6.411018874980116
ols,2026-05-14 14:30:00+05:30,3,3,-6.2079972417829286,-6.886470622378275
ols,2026-05-14 14:30:00+05:30,4,3,5.98909017390074,6.842968398300527
ols,2026-05-14 14:30:00+05:30,5,3,3.6044898408322075,-0.8907721687091794
ols,2026-05-14 14:35:00+05:30,1,3,-6.733521970531416,-2.235450318739322
ols,2026-05-14 14:35:00+05:30,2,3,1.039406539829738,-0.22193850277122795
ols,2026-05-14 14:35:00+05:30,3,3,-3.773214891004425,-4.157712014002317
ols,2026-05-14 14:35:00+05:30,4,3,-2.2310160977163656,-1.1668279911302522
ols,2026-05-14 14:35:00+05:30,5,3,11.698346419422467,16.489286632258644
ols,2026-05-14 14:40:00+05:30,1,3,3.6231123846555127,-1.4531025689299435
ols,2026-05-14 14:40:00+05:30,2,3,-3.4040951553938985,-3.7336270910812717
ols,2026-05-14 14:40:00+05:30,3,3,-9.8997651949293,-7.931046096456341
ols,2026-05-14 14:40:00+05:30,4,3,4.404105981181164,0.2724767526864893
ols,2026-05-14 14:40:00+05:30,5,3,5.276641984486518,3.976271822301535
ols,2026-05-14 14:45:00+05:30,1,3,-7.114330522664932,-2.4423171168847326
ols,2026-05-14 14:45:00+05:30,2,3,-3.6664106074049125,-3.2071354725255277
ols,2026-05-14 14:45:00+05:30,3,3,-2.364330737212539,-0.2691993726339583
ols,2026-05-14 14:45:00+05:30,4,3,3.902314145717068,3.3282020309760205
ols,2026-05-14 14:45:00+05:30,5,3,9.242757721565315,12.806285299168904
ols,2026-05-14 14:50:00+05:30,1,3,1.7256057415137391,-2.053921311876872
ols,2026-05-14 14:50:00+05:30,2,3,3.3613356829578955,3.769160784693026
ols,2026-05-14 14:50:00+05:30,3,3,-0.5131679961301784,-0.5781071844717105
ols,2026-05-14 14:50:00+05:30,4,3,-6.133828121742012,0.4607313994571256
ols,2026-05-14 14:50:00+05:30,5,3,1.5600546934005548,-0.3148800057932726
ols,2026-05-14 14:55:00+05:30,1,3,-7.54993959279345,-10.26523587197555
ols,2026-05-14 14:55:00+05:30,2,3,-7.531615004252812,-6.755660199748566
ols,2026-05-14 14:55:00+05:30,3,3,5.71640417586409,6.039459088773717
ols,2026-05-14 14:55:00+05:30,4,3,4.1522220536872965,8.321907352710916
ols,2026-05-14 14:55:00+05:30,5,3,5.212928367494873,3.2193971823281466
ols,2026-05-14 15:00:00+05:30,1,3,5.225335109255565,1.2392628939123331
ols,2026-05-14 15:00:00+05:30,2,3,-11.641405623442774,-18.181463665954375
ols,2026-05-14 15:00:00+05:30,3,3,-6.362582201667151,-10.245618329056091
ols,2026-05-14 15:00:00+05:30,4,3,0.18140783233204028,0.5233435045232473
ols,2026-05-14 15:00:00+05:30,5,3,12.59724488352232,12.842869506204982
ols,2026-05-14 15:05:00+05:30,1,3,1.5744416146108442,3.326694854103973
ols,2026-05-14 15:05:00+05:30,2,3,-3.7958254149343955,2.7441000035750562
ols,2026-05-14 15:05:00+05:30,3,3,-2.7347982740482117,-0.6805300762096066
ols,2026-05-14 15:05:00+05:30,4,3,-5.186734913007548,-13.235170126993268
ols,2026-05-14 15:05:00+05:30,5,3,10.14291698737931,8.235096265083008
ols,2026-05-14 15:10:00+05:30,1,3,2.34964592301797,-0.08702900916264983
ols,2026-05-14 15:10:00+05:30,2,3,-3.34052971624373,4.358841476621504
ols,2026-05-14 15:10:00+05:30,3,3,0.6745502110527086,5.549092075736099
ols,2026-05-14 15:10:00+05:30,4,3,6.380963460668483,9.63158356018116
ols,2026-05-14 15:10:00+05:30,5,3,-6.06462987849543,-11.491976021175207
ols,2026-05-14 15:15:00+05:30,1,3,0.8588253932243868,0.6950126280243681
ols,2026-05-14 15:15:00+05:30,2,3,-6.162820636724428,-6.624398701449522
ols,2026-05-14 15:15:00+05:30,3,3,-2.128007098864589,1.1800037460082033
ols,2026-05-14 15:15:00+05:30,4,3,10.805988476475514,12.110976690420012
ols,2026-05-14 15:15:00+05:30,5,3,-3.3739861341108845,-2.7002129464640903
ols,2026-05-14 15:20:00+05:30,1,3,4.473260873425033,10.00658035968042
ols,2026-05-14 15:20:00+05:30,2,3,5.4169658917930805,13.179753555085863
ols,2026-05-14 15:20:00+05:30,3,3,-8.740579359259574,-7.665146719230205
ols,2026-05-14 15:20:00+05:30,4,3,-4.258473048653233,0.061583798793766305
ols,2026-05-14 15:20:00+05:30,5,3,3.1088256426946943,1.2656171510071847
ols,2026-05-15 14:15:00+05:30,1,3,1.4863003267610397,0.18400212722554266
ols,2026-05-15 14:15:00+05:30,2,3,-7.4049662208989595,-7.6703284703053916
ols,2026-05-15 14:15:00+05:30,3,3,-5.004939948079305,-2.885029455629666
ols,2026-05-15 14:15:00+05:30,4,3,8.934163302140771,6.152096032862782
ols,2026-05-15 14:15:00+05:30,5,3,1.989442540076454,1.9955155767533335
ols,2026-05-15 14:20:00+05:30,1,3,-2.621262458504766,-1.877581418454399
ols,2026-05-15 14:20:00+05:30,2,3,2.0080671629450673,1.6919616823054542
ols,2026-05-15 14:20:00+05:30,3,3,-8.335557308659055,-4.938685399726639
ols,2026-05-15 14:20:00+05:30,4,3,7.459220947573082,1.2079028605518352
ols,2026-05-15 14:20:00+05:30,5,3,1.4895316566456709,2.808653352603052
ols,2026-05-15 14:25:00+05:30,1,3,-5.507658046858712,-4.740158541642596
ols,2026-05-15 14:25:00+05:30,2,3,12.814960795336429,10.830458787538817
ols,2026-05-15 14:25:00+05:30,3,3,-1.6164565926813552,-1.5401585416416157
ols,2026-05-15 14:25:00+05:30,4,3,-7.203410270888149,-2.11823929675529
ols,2026-05-15 14:25:00+05:30,5,3,1.512564115091782,0.11111172517648993
ols,2026-05-15 14:30:00+05:30,1,3,-2.8464739988241687,-8.150067458654542
ols,2026-05-15 14:30:00+05:30,2,3,-4.086286401373762,0.4433663296796728
ols,2026-05-15 14:30:00+05:30,3,3,-0.06171019923787827,1.418874947146431
ols,2026-05-15 14:30:00+05:30,4,3,0.9080208123547853,1.2470408188456348
ols,2026-05-15 14:30:00+05:30,5,3,6.086449787081025,12.759887984295837
ols,2026-05-15 14:35:00+05:30,1,3,0.6184970120257647,3.881198426020971
ols,2026-05-15 14:35:00+05:30,2,3,2.269181689833255,1.355156835402882
ols,2026-05-15 14:35:00+05:30,3,3,-2.580351419308495,-1.3022973235135016
ols,2026-05-15 14:35:00+05:30,4,3,0.3363596812268425,0.2949766622182271
ols,2026-05-15 14:35:00+05:30,5,3,-0.643686963777368,-1.9418675323326084
ols,2026-05-15 14:40:00+05:30,1,3,-3.4167162097315353,-4.710345576950975
ols,2026-05-15 14:40:00+05:30,2,3,6.189115160328975,18.642087296158422
ols,2026-05-15 14:40:00+05:30,3,3,12.23679939871506,5.493911524673783
ols,2026-05-15 14:40:00+05:30,4,3,-4.697650851769174,-3.839974334530244
ols,2026-05-15 14:40:00+05:30,5,3,-10.311547497543337,-8.047660482180568
ols,2026-05-15 14:45:00+05:30,1,3,-16.73833828237455,-20.325065229744865
ols,2026-05-15 14:45:00+05:30,2,3,-3.400119481249038,1.2269745288917555
ols,2026-05-15 14:45:00+05:30,3,3,2.075844637174177,4.037019803260211
ols,2026-05-15 14:45:00+05:30,4,3,10.707500916857054,12.089989373547105
ols,2026-05-15 14:45:00+05:30,5,3,7.35511220959236,14.31344853278338
ols,2026-05-15 14:50:00+05:30,1,3,5.050658093923131,2.9325012713135776
ols,2026-05-15 14:50:00+05:30,2,3,-1.225120703900166,-0.6552271360435273
ols,2026-05-15 14:50:00+05:30,3,3,-7.528763499964047,-9.757218308886465
ols,2026-05-15 14:50:00+05:30,4,3,1.3970452528824968,1.5730556533724755
ols,2026-05-15 14:50:00+05:30,5,3,2.306180857058581,2.574749342261503
ols,2026-05-15 14:55:00+05:30,1,3,0.14239831408247028,-3.6404586736193956
ols,2026-05-15 14:55:00+05:30,2,3,-13.399204952752413,-4.542009675674308
ols,2026-05-15 14:55:00+05:30,3,3,11.428022175868541,10.116050024462364
ols,2026-05-15 14:55:00+05:30,4,3,-7.796275445007458,-7.13071142585564
ols,2026-05-15 14:55:00+05:30,5,3,9.625059907808856,15.195964088161595
ols,2026-05-15 15:00:00+05:30,1,3,5.334576907835084,5.5256728689431585
ols,2026-05-15 15:00:00+05:30,2,3,3.288979791776485,3.787039462101719
ols,2026-05-15 15:00:00+05:30,3,3,-0.7215511833265065,-1.0639205540122394
ols,2026-05-15 15:00:00+05:30,4,3,-12.186877074558046,-11.586049470277155
ols,2026-05-15 15:00:00+05:30,5,3,4.284871558272989,5.9494397475975775
ols,2026-05-15 15:05:00+05:30,1,3,-10.19510264812551,-16.346787908697664
ols,2026-05-15 15:05:00+05:30,2,3,7.947077829290717,6.772731843890305
ols,2026-05-15 15:05:00+05:30,3,3,-7.402902664211285,-8.471228730612198
ols,2026-05-15 15:05:00+05:30,4,3,2.8742323306214512,-1.1308215499673164
ols,2026-05-15 15:05:00+05:30,5,3,6.776695152424629,5.49372151439013
ols,2026-05-15 15:10:00+05:30,1,3,-6.205803583862359,4.535598535669057
ols,2026-05-15 15:10:00+05:30,2,3,-6.138586062440851,-11.264634910768939
ols,2026-05-15 15:10:00+05:30,3,3,0.6642335175569181,2.1915725558821673
ols,2026-05-15 15:10:00+05:30,4,3,7.055774214406841,6.001266860558315
ols,2026-05-15 15:10:00+05:30,5,3,4.624381914339448,3.9903813177846934
ols,2026-05-15 15:15:00+05:30,1,3,-6.0087889316559435,-8.634266805755667
ols,2026-05-15 15:15:00+05:30,2,3,-2.527314466784484,-2.8759784346707264
ols,2026-05-15 15:15:00+05:30,3,3,4.67722015166494,1.2902719030896865
ols,2026-05-15 15:15:00+05:30,4,3,8.219337663959735,11.416404979272285
ols,2026-05-15 15:15:00+05:30,5,3,-4.360454417184245,-3.6391874902738466
ols,2026-05-15 15:20:00+05:30,1,3,-1.3344193020241593,-1.0399673466362873
ols,2026-05-15 15:20:00+05:30,2,3,-4.0316006134004665,10.506348362200619
ols,2026-05-15 15:20:00+05:30,3,3,-6.156659591141905,-7.799036986493017
ols,2026-05-15 15:20:00+05:30,4,3,8.243362020081245,1.4191139915234647
ols,2026-05-15 15:20:00+05:30,5,3,3.2793174864852817,-2.0418271695407477
ols,2026-05-18 14:15:00+05:30,1,3,-0.6353071399763548,-1.5204290907259532
ols,2026-05-18 14:15:00+05:30,2,3,2.2843361019801263,0.37261184652489177
ols,2026-05-18 14:15:00+05:30,3,3,3.9196206368604303,0.8235840418154472
ols,2026-05-18 14:15:00+05:30,4,3,-1.9531257890759155,-0.5235969152276676
ols,2026-05-18 14:15:00+05:30,5,3,-3.6155238097882814,-1.3149031790652776
ols,2026-05-18 14:20:00+05:30,1,3,3.763768976570306,-3.2214098311443466
ols,2026-05-18 14:20:00+05:30,2,3,-0.43675646843214555,-2.6155535158654724
ols,2026-05-18 14:20:00+05:30,3,3,-0.22284876487832456,-0.34523296114959545
ols,2026-05-18 14:20:00+05:30,4,3,-4.2005738274144555,-4.94589608420289
ols,2026-05-18 14:20:00+05:30,5,3,1.0964100841546203,3.858371427390021
ols,2026-05-18 14:25:00+05:30,1,3,15.374995503126005,12.720004048934955
ols,2026-05-18 14:25:00+05:30,2,3,-0.749677873274142,-2.787963275282597
ols,2026-05-18 14:25:00+05:30,3,3,-9.059890588284084,-5.470615499685379
ols,2026-05-18 14:25:00+05:30,4,3,-5.705719804701025,-6.802292857764976
ols,2026-05-18 14:25:00+05:30,5,3,0.1402927631332469,-3.6832627705297343
ols,2026-05-18 14:30:00+05:30,1,3,-0.31762499664833665,1.5078320038321993
ols,2026-05-18 14:30:00+05:30,2,3,-3.2824269906655728,-3.5885075361583585
ols,2026-05-18 14:30:00+05:30,3,3,-0.4278368660612931,-2.9912230259407924
ols,2026-05-18 14:30:00+05:30,4,3,1.336752585281653,-2.5080243002515434
ols,2026-05-18 14:30:00+05:30,5,3,2.6911362680935484,9.081119206178156
ols,2026-05-18 14:35:00+05:30,1,3,-16.294400688276294,-15.96560772306114
ols,2026-05-18 14:35:00+05:30,2,3,1.9798743485736445,2.8432501512395034
ols,2026-05-18 14:35:00+05:30,3,3,0.7326837087380993,-4.822919080506397
ols,2026-05-18 14:35:00+05:30,4,3,4.237741259216499,4.9569755439534315
ols,2026-05-18 14:35:00+05:30,5,3,9.344101371748053,12.820937010541064
ols,2026-05-18 14:40:00+05:30,1,3,4.4215293165680665,5.194786885075908
ols,2026-05-18 14:40:00+05:30,2,3,-12.25718203820995,-18.08933548033864
ols,2026-05-18 14:40:00+05:30,3,3,-0.4866852865632594,-0.2405649495080815
ols,2026-05-18 14:40:00+05:30,4,3,7.081039337773378,7.590982741196184
ols,2026-05-18 14:40:00+05:30,5,3,1.241298670431768,6.462867769349456
ols,2026-05-18 14:45:00+05:30,1,3,-10.698371489453814,-11.176881798830104
ols,2026-05-18 14:45:00+05:30,2,3,-4.728757054846433,-5.169454926050661
ols,2026-05-18 14:45:00+05:30,3,3,10.370335119778437,5.374231041445003
ols,2026-05-18 14:45:00+05:30,4,3,3.030003500850438,4.5696959793516765
ols,2026-05-18 14:45:00+05:30,5,3,2.0267899236713722,0.21219570556777823
ols,2026-05-18 14:50:00+05:30,1,3,2.862992886498346,1.1098995109948273
ols,2026-05-18 14:50:00+05:30,2,3,-2.6076321280181043,-5.351229715482297
ols,2026-05-18 14:50:00+05:30,3,3,-0.4119885857778449,-0.016127255891840164
ols,2026-05-18 14:50:00+05:30,4,3,-2.854149869352396,-1.3971163291459643
ols,2026-05-18 14:50:00+05:30,5,3,3.010777696649998,3.965895421002008
ols,2026-05-18 14:55:00+05:30,1,3,11.399616478920073,14.99115187757864
ols,2026-05-18 14:55:00+05:30,2,3,-14.02008578055073,-20.949273574262754
ols,2026-05-18 14:55:00+05:30,3,3,1.7594573191787424,5.319480632776691
ols,2026-05-18 14:55:00+05:30,4,3,10.109290385870016,13.09337685446003
ols,2026-05-18 14:55:00+05:30,5,3,-9.248278403418093,-11.486361619166791
ols,2026-05-18 15:00:00+05:30,1,3,-8.91432439585634,-10.60268727206548
ols,2026-05-18 15:00:00+05:30,2,3,3.528114744080953,6.494281422629866
ols,2026-05-18 15:00:00+05:30,3,3,-10.208042280082836,-7.367157900398658
ols,2026-05-18 15:00:00+05:30,4,3,-2.718761770916789,-10.19948621003186
ols,2026-05-18 15:00:00+05:30,5,3,18.313013702775013,18.534862987383825
ols,2026-05-18 15:05:00+05:30,1,3,-2.2068551265536454,4.019321879336586
ols,2026-05-18 15:05:00+05:30,2,3,1.2903625429792065,2.95193483572039
ols,2026-05-18 15:05:00+05:30,3,3,-4.948408444310622,-10.923042487830973
ols,2026-05-18 15:05:00+05:30,4,3,-6.447025266075916,-6.543065037785715
ols,2026-05-18 15:05:00+05:30,5,3,12.311926293960976,6.435793098181171
ols,2026-05-18 15:10:00+05:30,1,3,1.7830013241277123,4.147519959117367
ols,2026-05-18 15:10:00+05:30,2,3,-10.386059215919362,1.736803792627454
ols,2026-05-18 15:10:00+05:30,3,3,6.940482415591125,9.5832290526671
ols,2026-05-18 15:10:00+05:30,4,3,0.6361863304281308,2.270091522420007
ols,2026-05-18 15:10:00+05:30,5,3,1.026389145772392,2.9748609406172
ols,2026-05-18 15:15:00+05:30,1,3,3.188061534053895,1.9238882012101812
ols,2026-05-18 15:15:00+05:30,2,3,-5.882327620547152,-2.6960229286293234
ols,2026-05-18 15:15:00+05:30,3,3,12.9042367219007,12.3520808028205
ols,2026-05-18 15:15:00+05:30,4,3,-7.521852041792046,-7.964657508056601
ols,2026-05-18 15:15:00+05:30,5,3,-2.6881185936153966,-0.8381966814535367
ols,2026-05-18 15:20:00+05:30,1,3,5.513257059789629,0.1495022616318693
ols,2026-05-18 15:20:00+05:30,2,3,1.6639465860401135,2.5154772106908605
ols,2026-05-18 15:20:00+05:30,3,3,-2.218856762758719,-7.960878478369941
ols,2026-05-18 15:20:00+05:30,4,3,-2.7532991577439905,2.496193736915305
ols,2026-05-18 15:20:00+05:30,5,3,-2.205047725327037,2.79760447057383
ols,2026-05-19 14:15:00+05:30,1,3,-11.036581561723565,-8.534225954108948
ols,2026-05-19 14:15:00+05:30,2,3,-0.201854753747603,-3.225979468448751
ols,2026-05-19 14:15:00+05:30,3,3,-6.595576509902907,-8.387471658438821
ols,2026-05-19 14:15:00+05:30,4,3,10.816323313288375,5.172145059736251
ols,2026-05-19 14:15:00+05:30,5,3,7.017689512085701,7.6822497965688035
ols,2026-05-19 14:20:00+05:30,1,3,-13.86535408573749,-11.293744608563472
ols,2026-05-19 14:20:00+05:30,2,3,-7.110500176901328,-7.436839214188584
ols,2026-05-19 14:20:00+05:30,3,3,6.0157095235075335,5.847153574501052
ols,2026-05-19 14:20:00+05:30,4,3,11.467949438510075,8.25543807317719
ols,2026-05-19 14:20:00+05:30,5,3,3.4921953006212076,7.154343116984263
ols,2026-05-19 14:25:00+05:30,1,3,0.1246616566451898,2.0039963070235256
ols,2026-05-19 14:25:00+05:30,2,3,10.840566502831345,10.832246708306181
ols,2026-05-19 14:25:00+05:30,3,3,0.019942869900590587,-1.8436373982482213
ols,2026-05-19 14:25:00+05:30,4,3,2.2301531539898893,-6.061170238665259
ols,2026-05-19 14:25:00+05:30,5,3,-13.215324183367015,-7.628938189021994
ols,2026-05-19 14:30:00+05:30,1,3,1.5186804724513323,4.419810424030798
ols,2026-05-19 14:30:00+05:30,2,3,9.014846413631927,6.435665060012438
ols,2026-05-19 14:30:00+05:30,3,3,-1.0103184237712315,-4.140163638233588
ols,2026-05-19 14:30:00+05:30,4,3,-12.141919075525271,-10.65631006803606
ols,2026-05-19 14:30:00+05:30,5,3,2.618710613213245,4.414348153809108
ols,2026-05-19 14:35:00+05:30,1,3,4.154913793154469,-0.2712122094782705
ols,2026-05-19 14:35:00+05:30,2,3,1.4153911147404643,0.38041031492526844
ols,2026-05-19 14:35:00+05:30,3,3,-5.32090601292438,-6.879025511907703
ols,2026-05-19 14:35:00+05:30,4,3,7.295279465030576,6.232696272658951
ols,2026-05-19 14:35:00+05:30,5,3,-7.54467836000113,-6.009218612985571
ols,2026-05-19 14:40:00+05:30,1,3,3.694301357525835,7.627802936143032
ols,2026-05-19 14:40:00+05:30,2,3,-10.869727055553334,-4.443036518810987
ols,2026-05-19 14:40:00+05:30,3,3,1.5157774223856597,-2.751924552170252
ols,2026-05-19 14:40:00+05:30,4,3,0.2780837087833133,1.9469803090253663
ols,2026-05-19 14:40:00+05:30,5,3,5.381564566858529,6.722976576500747
ols,2026-05-19 14:45:00+05:30,1,3,0.9662671151292963,10.190295753848739
ols,2026-05-19 14:45:00+05:30,2,3,-2.9426992299608212,-2.6028344211585326
ols,2026-05-19 14:45:00+05:30,3,3,2.1319078765724697,1.479258058900331
ols,2026-05-19 14:45:00+05:30,4,3,-0.0908716423401549,5.144472584672396
ols,2026-05-19 14:45:00+05:30,5,3,-0.06460411940079142,-1.2662595267446766
ols,2026-05-19 14:50:00+05:30,1,3,-10.011712707167126,-14.674151780741013
ols,2026-05-19 14:50:00+05:30,2,3,9.755974419282479,8.549284717480992
ols,2026-05-19 14:50:00+05:30,3,3,0.6447147502586241,-2.6307823285095138
ols,2026-05-19 14:50:00+05:30,4,3,1.2936550671090643,5.1403069887227355
ols,2026-05-19 14:50:00+05:30,5,3,-1.6826315294830394,2.009776016305513
ols,2026-05-19 14:55:00+05:30,1,3,-3.9604604536417725,-6.970773827953044
ols,2026-05-19 14:55:00+05:30,2,3,6.502476661271644,6.082281807533821
ols,2026-05-19 14:55:00+05:30,3,3,9.730676110586051,16.46591058586814
ols,2026-05-19 14:55:00+05:30,4,3,-9.04905744041081,-5.898039029956411
ols,2026-05-19 14:55:00+05:30,5,3,-3.22363487780512,-0.742731668898674
ols,2026-05-19 15:00:00+05:30,1,3,5.743872111485231,4.948240689190679
ols,2026-05-19 15:00:00+05:30,2,3,-10.114568242056993,-9.804624549303604
ols,2026-05-19 15:00:00+05:30,3,3,0.41000609052995374,-0.5205234825736611
ols,2026-05-19 15:00:00+05:30,4,3,-1.9175308296029607,0.9906194055472699
ols,2026-05-19 15:00:00+05:30,5,3,5.878220869644772,9.620662529450078
ols,2026-05-19 15:05:00+05:30,1,3,-3.3871914595107184,-4.508825674675772
ols,2026-05-19 15:05:00+05:30,2,3,-8.410805217701952,-11.436820952430333
ols,2026-05-19 15:05:00+05:30,3,3,12.862069057516152,12.519366928317826
ols,2026-05-19 15:05:00+05:30,4,3,-0.10381484266204909,1.0741507757287365
ols,2026-05-19 15:05:00+05:30,5,3,-0.9602575376414324,0.5610667886872073
ols,2026-05-19 15:10:00+05:30,1,3,2.865000336079505,-4.229606912722931
ols,2026-05-19 15:10:00+05:30,2,3,-0.2674555632714939,-1.1761211547129204
ols,2026-05-19 15:10:00+05:30,3,3,-5.155898209301992,-0.10319686560348673
ols,2026-05-19 15:10:00+05:30,4,3,-5.988303598188767,-3.519390016118488
ols,2026-05-19 15:10:00+05:30,5,3,8.54665703468275,4.626780571784191
ols,2026-05-19 15:15:00+05:30,1,3,-6.761290958389545,-5.915048903735546
ols,2026-05-19 15:15:00+05:30,2,3,2.755753752851827,1.8538565822752895
ols,2026-05-19 15:15:00+05:30,3,3,11.589672620977062,13.493466697349263
ols,2026-05-19 15:15:00+05:30,4,3,-8.105962960310112,-4.633404976304526
ols,2026-05-19 15:15:00+05:30,5,3,0.5218275448707721,5.867214715368959
ols,2026-05-19 15:20:00+05:30,1,3,-11.81584206737818,-18.605063541953534
ols,2026-05-19 15:20:00+05:30,2,3,-3.5528638750943466,0.3941684173000375
ols,2026-05-19 15:20:00+05:30,3,3,1.878480604925903,3.8986182085073797
ols,2026-05-19 15:20:00+05:30,4,3,4.0617691921818935,6.653771723564554
ols,2026-05-19 15:20:00+05:30,5,3,9.428456145364732,13.179704279532006
ols,2026-05-20 14:15:00+05:30,1,3,-3.6926788410266793,-4.448388200040862
ols,2026-05-20 14:15:00+05:30,2,3,1.132456088407026,-0.6635041914056694
ols,2026-05-20 14:15:00+05:30,3,3,-1.4656056939995246,-1.2385053012227887
ols,2026-05-20 14:15:00+05:30,4,3,4.043986409086873,5.520302475811404
ols,2026-05-20 14:15:00+05:30,5,3,-0.018157962467698983,-6.942331827325029
ols,2026-05-20 14:20:00+05:30,1,3,-3.3886817627807693,-0.997792539534729
ols,2026-05-20 14:20:00+05:30,2,3,-1.8698555024991104,-2.971748708103054
ols,2026-05-20 14:20:00+05:30,3,3,1.8485983541527409,6.079518371745104
ols,2026-05-20 14:20:00+05:30,4,3,1.9851787183485425,1.1919631352193725
ols,2026-05-20 14:20:00+05:30,5,3,1.424760192778596,0.6439771017870596
ols,2026-05-20 14:25:00+05:30,1,3,-3.392108529822154,-1.10116514303793
ols,2026-05-20 14:25:00+05:30,2,3,0.640049291654214,-1.1865703928135574
ols,2026-05-20 14:25:00+05:30,3,3,3.894739797955183,2.829110822603287
ols,2026-05-20 14:25:00+05:30,4,3,1.933882155293739,3.77632332515887
ols,2026-05-20 14:25:00+05:30,5,3,-3.0765627150809807,-3.3964314985599486
ols,2026-05-20 14:30:00+05:30,1,3,-1.2161866396684184,-2.63021092432932
ols,2026-05-20 14:30:00+05:30,2,3,0.8935224422415752,1.315599939805049
ols,2026-05-20 14:30:00+05:30,3,3,-4.246514618032678,-2.63021092432932
ols,2026-05-20 14:30:00+05:30,4,3,6.198584011122944,7.091898773475751
ols,2026-05-20 14:30:00+05:30,5,3,-1.629405195663421,0.7850896221183546
ols,2026-05-20 14:35:00+05:30,1,3,-4.0825200032449755,-0.6760531863373812
ols,2026-05-20 14:35:00+05:30,2,3,-2.9721143831255383,-2.6733577658392496
ols,2026-05-20 14:35:00+05:30,3,3,5.212160783748532,7.073259173115595
ols,2026-05-20 14:35:00+05:30,4,3,0.3226963926028496,6.386637498078848
ols,2026-05-20 14:35:00+05:30,5,3,1.519777210019132,0.6621562168170522
ols,2026-05-20 14:40:00+05:30,1,3,-2.8722955421884855,-1.9324420922975556
ols,2026-05-20 14:40:00+05:30,2,3,-1.4567985936548842,0.5553234145269463
ols,2026-05-20 14:40:00+05:30,3,3,2.3261194243466847,-2.7852478231529996
ols,2026-05-20 14:40:00+05:30,4,3,-0.9676947602990833,-3.743683655872706
ols,2026-05-20 14:40:00+05:30,5,3,2.970669471795769,5.1340266691188114
ols,2026-05-20 14:45:00+05:30,1,3,2.5978739453475326,1.8942727144742506
ols,2026-05-20 14:45:00+05:30,2,3,1.979407326394419,1.4102221795995924
ols,2026-05-20 14:45:00+05:30,3,3,1.5252385039531042,2.7145132973758943
ols,2026-05-20 14:45:00+05:30,4,3,-3.600849999635539,-2.7879306331625533
ols,2026-05-20 14:45:00+05:30,5,3,-2.501669776059515,-1.1423610346129969
ols,2026-05-20 14:50:00+05:30,1,3,1.7462057334979666,2.129065498303125
ols,2026-05-20 14:50:00+05:30,2,3,-2.610096505132997,-2.5006915801561265
ols,2026-05-20 14:50:00+05:30,3,3,0.5016247788470392,-0.769231956474418
ols,2026-05-20 14:50:00+05:30,4,3,4.721798459567919,4.670181713092377
ols,2026-05-20 14:50:00+05:30,5,3,-4.359532466779929,-5.49812585490909
ols,2026-05-20 14:55:00+05:30,1,3,3.4626179318621992,-0.3519148703806283
ols,2026-05-20 14:55:00+05:30,2,3,-12.98887820870561,-19.094897271226227
ols,2026-05-20 14:55:00+05:30,3,3,-5.464461290306311,-4.160737138160749
ols,2026-05-20 14:55:00+05:30,4,3,11.073823273304157,19.076004699773478
ols,2026-05-20 14:55:00+05:30,5,3,3.9168982938455605,1.7340413827210779
ols,2026-05-20 15:00:00+05:30,1,3,-3.7427325323651965,-0.1767355804284474
ols,2026-05-20 15:00:00+05:30,2,3,1.8954829516613838,1.7314667144362108
ols,2026-05-20 15:00:00+05:30,3,3,0.09774232271538529,1.4113465723862486
ols,2026-05-20 15:00:00+05:30,4,3,-1.74784530266292,-0.9395918990430605
ols,2026-05-20 15:00:00+05:30,5,3,3.4973525606513496,2.9037135377672687
ols,2026-05-20 15:05:00+05:30,1,3,1.185139603507487,0.7432606135275116
ols,2026-05-20 15:05:00+05:30,2,3,-3.894169620346129,-4.363053217326292
ols,2026-05-20 15:05:00+05:30,3,3,-0.4375139746807618,-1.3647300825721704
ols,2026-05-20 15:05:00+05:30,4,3,3.7123199501924264,7.476999809789368
ols,2026-05-20 15:05:00+05:30,5,3,-0.5657759586730202,-0.7417726693966414
ols,2026-05-20 15:10:00+05:30,1,3,1.090017057066387,0.014174165164174699
ols,2026-05-20 15:10:00+05:30,2,3,-6.381173288782333,-5.299069852796231
ols,2026-05-20 15:10:00+05:30,3,3,-2.3839709500002777,1.0227240370789625
ols,2026-05-20 15:10:00+05:30,4,3,1.5693120793858204,4.419727074908378
ols,2026-05-20 15:10:00+05:30,5,3,6.105815102330397,5.753093423718584
ols,2026-05-20 15:15:00+05:30,1,3,2.1426139513581375,2.0302828713385512
ols,2026-05-20 15:15:00+05:30,2,3,2.9878570598759566,2.7995136405694065
ols,2026-05-20 15:15:00+05:30,3,3,4.255050812497293,5.411762026936051
ols,2026-05-20 15:15:00+05:30,4,3,-7.949881295360749,11.329029143824387
ols,2026-05-20 15:15:00+05:30,5,3,-1.4356405283706406,2.0302828713385512
ols,2026-05-20 15:20:00+05:30,1,3,-7.410142614511598,-7.95081833039335
ols,2026-05-20 15:20:00+05:30,2,3,2.2339566454273228,5.122949244814601
ols,2026-05-20 15:20:00+05:30,3,3,-1.2280154598387494,-10.610734279065115
ols,2026-05-20 15:20:00+05:30,4,3,3.9992553026058086,1.0675049807462589
ols,2026-05-20 15:20:00+05:30,5,3,2.4049461263172165,2.5924496491336324
ols,2026-05-21 14:15:00+05:30,1,3,-3.818133591447263,-7.331929029656811
ols,2026-05-21 14:15:00+05:30,2,3,2.1326636447732317,3.230849553053231
ols,2026-05-21 14:15:00+05:30,3,3,2.76940532066409,3.758185320375121
ols,2026-05-21 14:15:00+05:30,4,3,-4.353466227145534,-5.4393078307833544
ols,2026-05-21 14:15:00+05:30,5,3,3.269530853155474,3.913286631798277
ols,2026-05-21 14:20:00+05:30,1,3,4.9352560108214165,1.9563667408765506
ols,2026-05-21 14:20:00+05:30,2,3,-2.7433246113606207,-5.918886756727989
ols,2026-05-21 14:20:00+05:30,3,3,-0.700137395826343,1.1394744182317373
ols,2026-05-21 14:20:00+05:30,4,3,-4.414330259016423,-4.229696438055782
ols,2026-05-21 14:20:00+05:30,5,3,2.9225362553819685,4.032503638518406
ols,2026-05-21 14:25:00+05:30,1,3,0.4277794918522798,-2.223873035568147
ols,2026-05-21 14:25:00+05:30,2,3,2.444383715481428,4.131094664458157
ols,2026-05-21 14:25:00+05:30,3,3,0.760825027110575,0.5745893837740825
ols,2026-05-21 14:25:00+05:30,4,3,-6.322612226686619,-6.37883063462219
ols,2026-05-21 14:25:00+05:30,5,3,2.689623992242337,-0.6014354667080999
ols,2026-05-21 14:30:00+05:30,1,3,-2.5336901234661964,-2.2496313636465683
ols,2026-05-21 14:30:00+05:30,2,3,3.9002410372398852,3.286512993956399
ols,2026-05-21 14:30:00+05:30,3,3,-4.471296468037049,-2.262867422825258
ols,2026-05-21 14:30:00+05:30,4,3,1.0381276611797217,-0.6530799147762926
ols,2026-05-21 14:30:00+05:30,5,3,2.0666178930836367,5.9367059171845
ols,2026-05-21 14:35:00+05:30,1,3,-0.95790769995537,-2.6639041846782487
ols,2026-05-21 14:35:00+05:30,2,3,3.7503920848941017,0.5297085897742657
ols,2026-05-21 14:35:00+05:30,3,3,3.086717707870982,10.59377200983754
ols,2026-05-21 14:35:00+05:30,4,3,0.7592033820678081,3.8994982831602374
ols,2026-05-21 14:35:00+05:30,5,3,-6.638405474877523,-9.289796131671283
ols,2026-05-21 14:40:00+05:30,1,3,-2.5185809531855043,-0.832393662216102
ols,2026-05-21 14:40:00+05:30,2,3,-1.4468365644956607,-1.8153081457410458
ols,2026-05-21 14:40:00+05:30,3,3,0.6320528767607138,1.508354413823465
ols,2026-05-21 14:40:00+05:30,4,3,-1.2331355770482946,-1.3932498456541431
ols,2026-05-21 14:40:00+05:30,5,3,4.566500217968746,2.454802265285494
ols,2026-05-21 14:45:00+05:30,1,3,0.794261055904188,0.12134855041960103
ols,2026-05-21 14:45:00+05:30,2,3,-1.6765990141668727,-0.8972866014441327
ols,2026-05-21 14:45:00+05:30,3,3,-0.05719239266880744,-1.5749039103925744
ols,2026-05-21 14:45:00+05:30,4,3,-0.3294124341990393,-1.1327037918925276
ols,2026-05-21 14:45:00+05:30,5,3,1.2689427851305293,2.6764701992946596
ols,2026-05-21 14:50:00+05:30,1,3,-3.6811769795969482,4.066977193293815
ols,2026-05-21 14:50:00+05:30,2,3,-3.7588796142183543,-10.889539681553964
ols,2026-05-21 14:50:00+05:30,3,3,-1.9428406766995492,1.620621271992103
ols,2026-05-21 14:50:00+05:30,4,3,7.618220561010691,10.417203678854644
ols,2026-05-21 14:50:00+05:30,5,3,1.7646767095041613,4.833730758698159
ols,2026-05-21 14:55:00+05:30,1,3,-17.579878930207364,-18.44160261973693
ols,2026-05-21 14:55:00+05:30,2,3,4.317370285898144,4.065678098160275
ols,2026-05-21 14:55:00+05:30,3,3,7.537356281481703,6.626281505589082
ols,2026-05-21 14:55:00+05:30,4,3,2.106514117012829,1.9561482626035964
ols,2026-05-21 14:55:00+05:30,5,3,3.6186382458146906,3.2684842206094356
ols,2026-05-21 15:00:00+05:30,1,3,-11.253295773173097,-7.862650583891684
ols,2026-05-21 15:00:00+05:30,2,3,-7.007894310751142,-5.151700723587727
ols,2026-05-21 15:00:00+05:30,3,3,0.8612751549073774,-0.049766087393043675
ols,2026-05-21 15:00:00+05:30,4,3,16.412000089942815,24.040188289904616
ols,2026-05-21 15:00:00+05:30,5,3,0.9879148390740473,4.267692683962654
ols,2026-05-21 15:05:00+05:30,1,3,2.6994952350521593,2.3950805052192305
ols,2026-05-21 15:05:00+05:30,2,3,-5.445929207197479,-3.416003209983328
ols,2026-05-21 15:05:00+05:30,3,3,-11.145827466262135,-13.753128561544944
ols,2026-05-21 15:05:00+05:30,4,3,4.463873458360412,7.09289078782042
ols,2026-05-21 15:05:00+05:30,5,3,9.428387980047043,4.562586121133509
ols,2026-05-21 15:10:00+05:30,1,3,-3.4829570550211444,-1.2723380892925757
ols,2026-05-21 15:10:00+05:30,2,3,0.06525963702415828,-1.1398932875311314
ols,2026-05-21 15:10:00+05:30,3,3,-1.595060298483923,-2.7953679229747084
ols,2026-05-21 15:10:00+05:30,4,3,2.033512872524105,2.8345911020394667
ols,2026-05-21 15:10:00+05:30,5,3,2.979244843956804,4.6747687426590785
ols,2026-05-21 15:15:00+05:30,1,3,1.5830849917837224,-4.307929235614886
ols,2026-05-21 15:15:00+05:30,2,3,0.3909761640411198,-1.8418891467550196
ols,2026-05-21 15:15:00+05:30,3,3,2.9779278691943,1.9239558683140274
ols,2026-05-21 15:15:00+05:30,4,3,-1.2949032846170108,-2.0358221424884673
ols,2026-05-21 15:15:00+05:30,5,3,-3.6570857404021337,-0.4890090482997749
ols,2026-05-21 15:20:00+05:30,1,3,2.7542123137422885,11.302648455247496
ols,2026-05-21 15:20:00+05:30,2,3,-1.5407714740118075,-3.1853003388454906
ols,2026-05-21 15:20:00+05:30,3,3,-2.4916148405894254,-7.650919308502295
ols,2026-05-21 15:20:00+05:30,4,3,5.3731037262173915,2.841769430952897
ols,2026-05-21 15:20:00+05:30,5,3,-4.094929725358447,-1.2985475286770112
ols,2026-05-22 14:15:00+05:30,1,3,-0.5117589928447237,-2.5549443434293253
ols,2026-05-22 14:15:00+05:30,2,3,-0.19012249497422434,0.2587142291164598
ols,2026-05-22 14:15:00+05:30,3,3,4.320650367773072,3.1648093228818417
ols,2026-05-22 14:15:00+05:30,4,3,-8.74228438559014,-8.905930788535446
ols,2026-05-22 14:15:00+05:30,5,3,5.1235155056360195,5.00188619290339
ols,2026-05-22 14:20:00+05:30,1,3,-6.888682164392831,-7.18905473119924
ols,2026-05-22 14:20:00+05:30,2,3,-3.5419612338405404,-4.631955861591486
ols,2026-05-22 14:20:00+05:30,3,3,5.995988303923635,2.40826253820714
ols,2026-05-22 14:20:00+05:30,4,3,3.385691639736417,2.5479245628357017
ols,2026-05-22 14:20:00+05:30,5,3,1.0489634545733189,5.1551025247142945
ols,2026-05-22 14:25:00+05:30,1,3,-2.2936656830555937,-3.303295355758055
ols,2026-05-22 14:25:00+05:30,2,3,2.0888759501184557,2.0884658791605246
ols,2026-05-22 14:25:00+05:30,3,3,0.26900145338903986,-1.8305413056844224
ols,2026-05-22 14:25:00+05:30,4,3,-0.568335431599213,0.8518621277916102
ols,2026-05-22 14:25:00+05:30,5,3,0.5041237111473126,4.690914283203748
ols,2026-05-22 14:30:00+05:30,1,3,3.905829990024756,2.1107063444606076
ols,2026-05-22 14:30:00+05:30,2,3,-2.583951677566532,-0.9528736089156424
ols,2026-05-22 14:30:00+05:30,3,3,-6.9157624327117855,-8.153062404710735
ols,2026-05-22 14:30:00+05:30,4,3,4.787437595412225,4.729476776514104
ols,2026-05-22 14:30:00+05:30,5,3,0.8064465248413346,-0.8904899255576619
ols,2026-05-22 14:35:00+05:30,1,3,-1.7093081266388315,-0.667381998107786
ols,2026-05-22 14:35:00+05:30,2,3,-2.816677448113166,-2.615411637954424
ols,2026-05-22 14:35:00+05:30,3,3,1.3441222917945543,2.377964866516313
ols,2026-05-22 14:35:00+05:30,4,3,1.7066624070641483,2.97535130969484
ols,2026-05-22 14:35:00+05:30,5,3,1.475200875893293,-2.681221411852564
ols,2026-05-22 14:40:00+05:30,1,3,-10.414980241738071,-4.599554162581547
ols,2026-05-22 14:40:00+05:30,2,3,-0.07104061097444125,-2.9924170432510757
ols,2026-05-22 14:40:00+05:30,3,3,-2.7338117641460733,-4.259957473383184
ols,2026-05-22 14:40:00+05:30,4,3,4.97378071389291,9.022500723329626
ols,2026-05-22 14:40:00+05:30,5,3,8.246051902965679,10.002546455817848
ols,2026-05-22 14:45:00+05:30,1,3,-20.857670279167337,6.043268558890776
ols,2026-05-22 14:45:00+05:30,2,3,10.14879623677234,9.860194906481453
ols,2026-05-22 14:45:00+05:30,3,3,1.3834801078605645,1.6058340735770242
ols,2026-05-22 14:45:00+05:30,4,3,5.291464926834004,2.16965292415668
ols,2026-05-22 14:45:00+05:30,5,3,4.033929007700424,5.564662260433358
ols,2026-05-22 14:50:00+05:30,1,3,3.561820001374727,-3.7830721072428615
ols,2026-05-22 14:50:00+05:30,2,3,-1.928039363538951,-3.2790101209811224
ols,2026-05-22 14:50:00+05:30,3,3,-0.6795602996481818,1.6212916152947472
ols,2026-05-22 14:50:00+05:30,4,3,4.856616898362587,4.566278646063256
ols,2026-05-22 14:50:00+05:30,5,3,-5.810837236550182,-6.1389193803895
ols,2026-05-22 14:55:00+05:30,1,3,5.1169531230876855,5.968644097491907
ols,2026-05-22 14:55:00+05:30,2,3,-13.492662296707609,-13.015951259418198
ols,2026-05-22 14:55:00+05:30,3,3,3.7502477110925203,-4.562105691892823
ols,2026-05-22 14:55:00+05:30,4,3,-0.19760391484213857,5.968644097491907
ols,2026-05-22 14:55:00+05:30,5,3,4.823065377369538,6.293108730846356
ols,2026-05-22 15:00:00+05:30,1,3,-11.506482351567444,-11.28359615200436
ols,2026-05-22 15:00:00+05:30,2,3,-2.3708604441591654,-0.9639924820150636
ols,2026-05-22 15:00:00+05:30,3,3,-9.332724565302836,-5.6880167921415925
ols,2026-05-22 15:00:00+05:30,4,3,1.496698225285605,2.015981713849646
ols,2026-05-22 15:00:00+05:30,5,3,21.713369135743843,0.8823500985830623
ols,2026-05-22 15:05:00+05:30,1,3,-8.85113719743047,2.9690651929515552
ols,2026-05-22 15:05:00+05:30,2,3,-8.52800495639916,-13.337992918956912
ols,2026-05-22 15:05:00+05:30,3,3,-3.4886815565614944,-3.8838928518724427
ols,2026-05-22 15:05:00+05:30,4,3,17.7414808004636,12.467240362071882
ols,2026-05-22 15:05:00+05:30,5,3,3.1263429099275264,7.427401342964342
ols,2026-05-22 15:10:00+05:30,1,3,3.8279306104825515,5.2248043048936195
ols,2026-05-22 15:10:00+05:30,2,3,-5.259718399439397,5.067967754582329
ols,2026-05-22 15:10:00+05:30,3,3,-9.109831548910725,-9.535288878865197
ols,2026-05-22 15:10:00+05:30,4,3,3.870162195893497,3.2979991787468834
ols,2026-05-22 15:10:00+05:30,5,3,6.671457141974071,9.242369892972816
ols,2026-05-22 15:15:00+05:30,1,3,4.134044628447834,3.980329500637758
ols,2026-05-22 15:15:00+05:30,2,3,-2.6860880102358804,-2.0788541509144665
ols,2026-05-22 15:15:00+05:30,3,3,0.772330400041543,-1.5090648735451853
ols,2026-05-22 15:15:00+05:30,4,3,3.424737187602981,6.106730531648452
ols,2026-05-22 15:15:00+05:30,5,3,-5.64502420585648,-6.579325263868174
ols,2026-05-22 15:20:00+05:30,1,3,-2.8745054880574554,-10.002331482530751
ols,2026-05-22 15:20:00+05:30,2,3,5.372482978455161,1.1764826005529936
ols,2026-05-22 15:20:00+05:30,3,3,-0.8389793074340772,5.528667081886226
ols,2026-05-22 15:20:00+05:30,4,3,-1.5973717812093704,-2.770948274728828
ols,2026-05-22 15:20:00+05:30,5,3,-0.06162640175426003,1.4553696947957238
ols,2026-05-25 14:15:00+05:30,1,3,1.549718182427255,2.7525760462847604
ols,2026-05-25 14:15:00+05:30,2,3,-4.52816234240494,-1.9195933977262936
ols,2026-05-25 14:15:00+05:30,3,3,-2.767352465157542,-2.681440114166822
ols,2026-05-25 14:15:00+05:30,4,3,1.3584912469822488,5.746178928835333
ols,2026-05-25 14:15:00+05:30,5,3,4.3873053781529805,5.105120824126397
ols,2026-05-25 14:20:00+05:30,1,3,-2.5429735343316384,-2.249014108079761
ols,2026-05-25 14:20:00+05:30,2,3,-1.9997238136875892,2.606903909312619
ols,2026-05-25 14:20:00+05:30,3,3,-1.3390584464387787,-1.1014659774175592
ols,2026-05-25 14:20:00+05:30,4,3,3.973399364498068,1.9400596499965508
ols,2026-05-25 14:20:00+05:30,5,3,1.908356429959938,2.4522337207446565
ols,2026-05-25 14:25:00+05:30,1,3,1.229395724647124,-1.7840121056541165
ols,2026-05-25 14:25:00+05:30,2,3,-7.369538056332855,-8.036286187675563
ols,2026-05-25 14:25:00+05:30,3,3,-0.5074440077904949,-3.289488944026771
ols,2026-05-25 14:25:00+05:30,4,3,-0.8395849224581325,-1.7730079398955063
ols,2026-05-25 14:25:00+05:30,5,3,7.487171261934359,-2.4594905547622075
ols,2026-05-25 14:30:00+05:30,1,3,-5.8612032099384,0.6052726934680696
ols,2026-05-25 14:30:00+05:30,2,3,7.765698567475369,4.824233148925735
ols,2026-05-25 14:30:00+05:30,3,3,-3.0759040348507707,-3.766672910719896
ols,2026-05-25 14:30:00+05:30,4,3,-1.3037320192620756,-1.0714767270169436
ols,2026-05-25 14:30:00+05:30,5,3,2.4751406965758758,1.3497977107191548
ols,2026-05-25 14:35:00+05:30,1,3,0.2197748556052772,0.6813922073244008
ols,2026-05-25 14:35:00+05:30,2,3,-1.6324224305087995,-0.9803029539302941
ols,2026-05-25 14:35:00+05:30,3,3,-1.4142457048894974,-1.9577069928968058
ols,2026-05-25 14:35:00+05:30,4,3,-3.284199842505349,-6.304405610562262
ols,2026-05-25 14:35:00+05:30,5,3,6.111093122298368,8.12178129554016
ols,2026-05-25 14:40:00+05:30,1,3,4.095983928354011,5.424643109000815
ols,2026-05-25 14:40:00+05:30,2,3,-5.168040095199815,-8.786721505844808
ols,2026-05-25 14:40:00+05:30,3,3,6.103264433645765,-2.8130375918880013
ols,2026-05-25 14:40:00+05:30,4,3,-3.1029169949087585,2.0878386261267146
ols,2026-05-25 14:40:00+05:30,5,3,-1.9282912718912018,-9.931713755883198
ols,2026-05-25 14:45:00+05:30,1,3,-2.2489523299975556,-2.035547096205829
ols,2026-05-25 14:45:00+05:30,2,3,0.42192424838620013,1.327608604051974
ols,2026-05-25 14:45:00+05:30,3,3,0.713942050843001,-1.5986260677775346
ols,2026-05-25 14:45:00+05:30,4,3,-0.48596169173209514,0.03569893171569616
ols,2026-05-25 14:45:00+05:30,5,3,1.5990477225004502,3.2095815329241293
ols,2026-05-25 14:50:00+05:30,1,3,-2.066591893005472,0.3934576219359891
ols,2026-05-25 14:50:00+05:30,2,3,5.342327648818183,10.159793881260759
ols,2026-05-25 14:50:00+05:30,3,3,-0.11283229819721438,0.3763068030842036
ols,2026-05-25 14:50:00+05:30,4,3,-6.616216873400674,-1.840614810040941
ols,2026-05-25 14:50:00+05:30,5,3,3.4533134157851797,6.949783180384861
ols,2026-05-25 14:55:00+05:30,1,3,3.3940345937282235,3.9832993574152225
ols,2026-05-25 14:55:00+05:30,2,3,3.0360413765096643,5.041929153395482
ols,2026-05-25 14:55:00+05:30,3,3,-7.1840216200324365,-13.163585954636329
ols,2026-05-25 14:55:00+05:30,4,3,3.4177112810204555,1.658979221055364
ols,2026-05-25 14:55:00+05:30,5,3,-2.6637656312259086,-2.6202143886821334
ols,2026-05-25 15:00:00+05:30,1,3,-2.3457435597230205,-1.222784635296792
ols,2026-05-25 15:00:00+05:30,2,3,1.0036011396240923,0.0656074794276319
ols,2026-05-25 15:00:00+05:30,3,3,-4.764284688209441,-6.434451524920837
ols,2026-05-25 15:00:00+05:30,4,3,4.699975766442247,6.493187445690385
ols,2026-05-25 15:00:00+05:30,5,3,1.4064513418661218,3.1635009118931023
ols,2026-05-25 15:05:00+05:30,1,3,-0.821476415248916,-0.2579479167978964
ols,2026-05-25 15:05:00+05:30,2,3,4.706650592820901,4.896032836924746
ols,2026-05-25 15:05:00+05:30,3,3,4.270372946636384,5.5011821122725735
ols,2026-05-25 15:05:00+05:30,4,3,-5.686151780893786,-6.937258215084396
ols,2026-05-25 15:05:00+05:30,5,3,-2.4693953433145848,-2.6744653611037177
ols,2026-05-25 15:10:00+05:30,1,3,0.6842153416208119,1.7445975993464202
ols,2026-05-25 15:10:00+05:30,2,3,-0.47817671715992127,0.2543037265618776
ols,2026-05-25 15:10:00+05:30,3,3,-1.51245125242309,-2.2873797861848733
ols,2026-05-25 15:10:00+05:30,4,3,-0.4777102688876915,0.8067620501612806
ols,2026-05-25 15:10:00+05:30,5,3,1.7841228968498895,2.4714726111914054
ols,2026-05-25 15:15:00+05:30,1,3,-5.33422114008242,-1.7420970778245042
ols,2026-05-25 15:15:00+05:30,2,3,0.7301041576334524,-0.18968374974807456
ols,2026-05-25 15:15:00+05:30,3,3,-2.789919198670665,-2.2874623387666806
ols,2026-05-25 15:15:00+05:30,4,3,1.8839338495989872,3.7356931053303586
ols,2026-05-25 15:15:00+05:30,5,3,5.510102331520642,2.8953517148014494
ols,2026-05-25 15:20:00+05:30,1,3,-2.4091233294970174,-4.077918258612738
ols,2026-05-25 15:20:00+05:30,2,3,-1.1843914922021384,0.1696154904094651
ols,2026-05-25 15:20:00+05:30,3,3,-0.0641900436924027,-1.2671285522593376
ols,2026-05-25 15:20:00+05:30,4,3,-0.44401428214579985,-2.9013006780166757
ols,2026-05-25 15:20:00+05:30,5,3,4.101719147537357,0.42242519915454824
ols,2026-05-26 14:15:00+05:30,1,3,-2.9668861894099523,-1.0436579132390527
ols,2026-05-26 14:15:00+05:30,2,3,-1.506304591960328,-2.571740475240262
ols,2026-05-26 14:15:00+05:30,3,3,4.654244928538646,4.986074542011462
ols,2026-05-26 14:15:00+05:30,4,3,-0.9077025097120236,-0.8670481773077979
ols,2026-05-26 14:15:00+05:30,5,3,0.7266483625436583,-0.5346339009250448
ols,2026-05-26 14:20:00+05:30,1,3,-1.0671370541695717,-1.4113253802316241
ols,2026-05-26 14:20:00+05:30,2,3,0.6334290502227151,-3.936997077084096
ols,2026-05-26 14:20:00+05:30,3,3,3.051032415831415,0.33272105435252153
ols,2026-05-26 14:20:00+05:30,4,3,-0.1163598116944445,-4.0586662651597525
ols,2026-05-26 14:20:00+05:30,5,3,-2.5009646001901142,-1.42247384150355
ols,2026-05-26 14:25:00+05:30,1,3,-5.195773101879685,-7.2845011610390324
ols,2026-05-26 14:25:00+05:30,2,3,6.137547680333367,1.9652285421122666
ols,2026-05-26 14:25:00+05:30,3,3,-4.674043561444222,-4.089841636028065
ols,2026-05-26 14:25:00+05:30,4,3,4.838397870769562,2.0334850637337234
ols,2026-05-26 14:25:00+05:30,5,3,-1.1061288877790192,-1.39331369443448
ols,2026-05-26 14:30:00+05:30,1,3,3.7767234285224953,0.903411552251117
ols,2026-05-26 14:30:00+05:30,2,3,2.4227454534768706,4.023204996406256
ols,2026-05-26 14:30:00+05:30,3,3,-5.510418943452129,-1.9680992243797197
ols,2026-05-26 14:30:00+05:30,4,3,2.740659338400212,1.0771319580649878
ols,2026-05-26 14:30:00+05:30,5,3,-3.4297092769474498,-3.8647630299359177
ols,2026-05-26 14:35:00+05:30,1,3,-3.27713236294643,0.45527968961415566
ols,2026-05-26 14:35:00+05:30,2,3,0.9698750341011751,2.0900679845294126
ols,2026-05-26 14:35:00+05:30,3,3,-1.7077802705129197,4.160461359271765
ols,2026-05-26 14:35:00+05:30,4,3,7.982945564546151,8.734095741801543
ols,2026-05-26 14:35:00+05:30,5,3,-3.9679079651879787,-7.540132323636669
ols,2026-05-26 14:40:00+05:30,1,3,-3.623867960406591,-4.059759155879306
ols,2026-05-26 14:40:00+05:30,2,3,0.5798246173585783,1.1043869156808217
ols,2026-05-26 14:40:00+05:30,3,3,-0.9902307605111164,-2.3982400545479177
ols,2026-05-26 14:40:00+05:30,4,3,-3.3301821642954814,-5.921922710363958
ols,2026-05-26 14:40:00+05:30,5,3,7.364456267854608,8.680144491438169
ols,2026-05-26 14:45:00+05:30,1,3,-1.2299848394289699,-2.328966685365863
ols,2026-05-26 14:45:00+05:30,2,3,0.1685094768861805,-1.7192487238886223
ols,2026-05-26 14:45:00+05:30,3,3,-1.8120637040028127,1.6180583898635081
ols,2026-05-26 14:45:00+05:30,4,3,3.7701107545469177,2.031918124155263
ols,2026-05-26 14:45:00+05:30,5,3,-0.8965716880013167,0.3254593719421718
ols,2026-05-26 14:50:00+05:30,1,3,-4.283319575987561,-5.775527807526215
ols,2026-05-26 14:50:00+05:30,2,3,3.382356193194196,3.9928407586946606
ols,2026-05-26 14:50:00+05:30,3,3,0.8756741925250264,-2.64482704210045
ols,2026-05-26 14:50:00+05:30,4,3,-1.2401576990993899,-1.7168413185160154
ols,2026-05-26 14:50:00+05:30,5,3,1.2654468893677313,2.107071638516756
ols,2026-05-26 14:55:00+05:30,1,3,9.856503988215396,10.485279711127523
ols,2026-05-26 14:55:00+05:30,2,3,1.296394931010229,1.0666810346802909
ols,2026-05-26 14:55:00+05:30,3,3,5.138330951224884,5.876892763085747
ols,2026-05-26 14:55:00+05:30,4,3,-6.046075824338359,-5.7259776139297145
ols,2026-05-26 14:55:00+05:30,5,3,-10.245154046112146,-10.179435838394571
ols,2026-05-26 15:00:00+05:30,1,3,-3.202906685709477,-0.20160510607906512
ols,2026-05-26 15:00:00+05:30,2,3,-13.645315696219889,-10.884282849140375
ols,2026-05-26 15:00:00+05:30,3,3,7.005681433226735,1.6872290054973
ols,2026-05-26 15:00:00+05:30,4,3,2.718136743116827,0.021693231419280368
ols,2026-05-26 15:00:00+05:30,5,3,7.1244042055857975,10.506703415575098
ols,2026-05-26 15:05:00+05:30,1,3,-21.210230546957106,-18.94392538936936
ols,2026-05-26 15:05:00+05:30,2,3,0.6731623338718229,2.7585057339988652
ols,2026-05-26 15:05:00+05:30,3,3,2.4759733370993677,4.477545685471021
ols,2026-05-26 15:05:00+05:30,4,3,9.609071945256842,8.912825946321515
ols,2026-05-26 15:05:00+05:30,5,3,8.45202293072907,8.60060732545557
ols,2026-05-26 15:10:00+05:30,1,3,-0.7400286043024451,-0.6253659901267472
ols,2026-05-26 15:10:00+05:30,2,3,5.305216625220988,3.8009499851565653
ols,2026-05-26 15:10:00+05:30,3,3,1.3258269199593422,3.6444853823780488
ols,2026-05-26 15:10:00+05:30,4,3,-5.812050709556408,-8.01001706748905
ols,2026-05-26 15:10:00+05:30,5,3,-0.07896423132147667,-1.1374238793016023
ols,2026-05-26 15:15:00+05:30,1,3,-7.504987199821399,-8.369595060193857
ols,2026-05-26 15:15:00+05:30,2,3,1.6616982320325488,-0.6908500417726062
ols,2026-05-26 15:15:00+05:30,3,3,3.826613116820533,1.8641135431693987
ols,2026-05-26 15:15:00+05:30,4,3,3.4137599119841147,4.66011581069381
ols,2026-05-26 15:15:00+05:30,5,3,-1.3970840610157966,-2.5563945201514393
ols,2026-05-26 15:20:00+05:30,1,3,-0.679429263209,-3.0106583401736664
ols,2026-05-26 15:20:00+05:30,2,3,-0.9948843290743528,0.8088624702971001
ols,2026-05-26 15:20:00+05:30,3,3,-2.516424090512744,-3.846280894707288
ols,2026-05-26 15:20:00+05:30,4,3,-3.7176286074327445,-3.6887960164069256
ols,2026-05-26 15:20:00+05:30,5,3,7.908366290228842,8.976200510864896
ols,2026-05-27 14:15:00+05:30,1,3,-2.020685007464662,-1.190868039662766
ols,2026-05-27 14:15:00+05:30,2,3,-3.3676398751287064,-3.9880680390009062
ols,2026-05-27 14:15:00+05:30,3,3,0.017370230360155055,4.041334606776322
ols,2026-05-27 14:15:00+05:30,4,3,4.4429621818022165,8.858850802912452
ols,2026-05-27 14:15:00+05:30,5,3,0.9279924704309985,-6.662978305899718
ols,2026-05-27 14:20:00+05:30,1,3,-13.760413681363676,-14.9426135466398
ols,2026-05-27 14:20:00+05:30,2,3,-0.09231211229754271,6.847552774511915
ols,2026-05-27 14:20:00+05:30,3,3,4.397004694055575,5.085795333504099
ols,2026-05-27 14:20:00+05:30,4,3,6.7322948085416865,5.951459071263192
ols,2026-05-27 14:20:00+05:30,5,3,2.723426291063962,-4.293308979539019
ols,2026-05-27 14:25:00+05:30,1,3,-0.21361990755959998,2.002729098704359
ols,2026-05-27 14:25:00+05:30,2,3,-10.299433151386742,-15.848920757090212
ols,2026-05-27 14:25:00+05:30,3,3,6.947821267918004,4.088902328151844
ols,2026-05-27 14:25:00+05:30,4,3,1.6077284769031583,0.6643015268301686
ols,2026-05-27 14:25:00+05:30,5,3,1.9575033141251792,0.6458898662251575
ols,2026-05-27 14:30:00+05:30,1,3,-2.6481458884423477,-7.559096517999464
ols,2026-05-27 14:30:00+05:30,2,3,-3.5659905142330457,0.5857842993139961
ols,2026-05-27 14:30:00+05:30,3,3,-2.4512235566442886,2.801244656467361
ols,2026-05-27 14:30:00+05:30,4,3,-9.2968069824891,-6.4306530459457
ols,2026-05-27 14:30:00+05:30,5,3,17.962166941808782,12.92113973898168
ols,2026-05-27 14:35:00+05:30,1,3,6.945588668891611,6.8178274559143786
ols,2026-05-27 14:35:00+05:30,2,3,2.9570409974475362,5.072053658839411
ols,2026-05-27 14:35:00+05:30,3,3,-0.3567713587218079,-0.5845120911535475
ols,2026-05-27 14:35:00+05:30,4,3,-2.3819005687351806,-6.485448703895151
ols,2026-05-27 14:35:00+05:30,5,3,-7.163957738882156,-10.729532338206763
ols,2026-05-27 14:40:00+05:30,1,3,1.0997880379793505,-1.435399702689762
ols,2026-05-27 14:40:00+05:30,2,3,-5.670726612324521,-6.259360928440334
ols,2026-05-27 14:40:00+05:30,3,3,5.636229029074273,1.052576172007861
ols,2026-05-27 14:40:00+05:30,4,3,-5.1764043280562175,-0.08322975087489884
ols,2026-05-27 14:40:00+05:30,5,3,4.111113873327113,1.536254104031724
ols,2026-05-27 14:45:00+05:30,1,3,-1.2948024628545902,-1.9229542651041747
ols,2026-05-27 14:45:00+05:30,2,3,2.787518891435322,4.069394356262264
ols,2026-05-27 14:45:00+05:30,3,3,-2.1380267333293754,0.9277301246038612
ols,2026-05-27 14:45:00+05:30,4,3,-2.7933430479999055,-14.013464063280228
ols,2026-05-27 14:45:00+05:30,5,3,3.4386533527485477,2.234459667122287
ols,2026-05-27 14:50:00+05:30,1,3,-6.11340113384647,-5.011542690325739
ols,2026-05-27 14:50:00+05:30,2,3,2.6901199637635966,4.054844650906479
ols,2026-05-27 14:50:00+05:30,3,3,2.3790497796485344,2.399237948904102
ols,2026-05-27 14:50:00+05:30,4,3,-0.8120496513787472,-2.877104107286662
ols,2026-05-27 14:50:00+05:30,5,3,1.8562810418130864,2.561637509241358
ols,2026-05-27 14:55:00+05:30,1,3,-4.349645032846183,1.2822432220727098
ols,2026-05-27 14:55:00+05:30,2,3,-4.46676464212592,-2.008740344969784
ols,2026-05-27 14:55:00+05:30,3,3,-1.5310507531163253,2.405529863765965
ols,2026-05-27 14:55:00+05:30,4,3,2.1694445828701614,-0.27761894536570964
ols,2026-05-27 14:55:00+05:30,5,3,8.178015845218267,5.960360401319198
ols,2026-05-27 15:00:00+05:30,1,3,-2.8100173439165785,-4.2174017720591666
ols,2026-05-27 15:00:00+05:30,2,3,5.977481977326764,7.840776310772994
ols,2026-05-27 15:00:00+05:30,3,3,-1.3369346388478753,-3.042026388639337
ols,2026-05-27 15:00:00+05:30,4,3,-3.033082710907594,-5.542557190009696
ols,2026-05-27 15:00:00+05:30,5,3,1.202552716345284,1.4464490289395706
ols,2026-05-27 15:05:00+05:30,1,3,-5.223459318218253,-4.4305428591923475
ols,2026-05-27 15:05:00+05:30,2,3,0.9574103202937649,2.167670487065972
ols,2026-05-27 15:05:00+05:30,3,3,1.9305073169171294,5.523700730428145
ols,2026-05-27 15:05:00+05:30,4,3,1.3232429352177575,2.663804188010562
ols,2026-05-27 15:05:00+05:30,5,3,1.0122987457896009,4.0138785373039125
ols,2026-05-27 15:10:00+05:30,1,3,-0.5664011416398976,-5.322007045330812
ols,2026-05-27 15:10:00+05:30,2,3,-1.8748399959619042,-9.316919636433996
ols,2026-05-27 15:10:00+05:30,3,3,-5.065803645183756,-7.674014751090086
ols,2026-05-27 15:10:00+05:30,4,3,-0.8648830983352489,-4.834826977516693
ols,2026-05-27 15:10:00+05:30,5,3,8.371927881120808,13.208591637211553
ols,2026-05-27 15:15:00+05:30,1,3,10.18810833376449,12.593969562278318
ols,2026-05-27 15:15:00+05:30,2,3,-1.676217674259369,-4.022683648554182
ols,2026-05-27 15:15:00+05:30,3,3,1.0979217299560418,0.10997468391771292
ols,2026-05-27 15:15:00+05:30,4,3,-3.644651738354376,-2.6015220622861435
ols,2026-05-27 15:15:00+05:30,5,3,-5.965160651106785,-12.39907791994077
ols,2026-05-27 15:20:00+05:30,1,3,4.547335178258709,3.9473053716079973
ols,2026-05-27 15:20:00+05:30,2,3,7.298951736617246,9.081211076875947
ols,2026-05-27 15:20:00+05:30,3,3,3.8610432867420825,1.3539477563931552
ols,2026-05-27 15:20:00+05:30,4,3,-10.833859509401966,-15.914907167185726
ols,2026-05-27 15:20:00+05:30,5,3,-4.873470692216073,9.310766024630842
ols,2026-05-29 14:15:00+05:30,1,3,2.796677924628232,3.4875920417970865
ols,2026-05-29 14:15:00+05:30,2,3,2.8489252285603945,-1.0093652102699155
ols,2026-05-29 14:15:00+05:30,3,3,-5.120713747782446,-2.046701188623231
ols,2026-05-29 14:15:00+05:30,4,3,-0.1015095092106549,1.2564167293888464
ols,2026-05-29 14:15:00+05:30,5,3,-0.42337989619552685,1.515480621893698
ols,2026-05-29 14:20:00+05:30,1,3,-0.8145928197254755,1.661081805447958
ols,2026-05-29 14:20:00+05:30,2,3,-2.5417289651477044,-1.8217725484632
ols,2026-05-29 14:20:00+05:30,3,3,0.041034320950927995,-5.1428676083637255
ols,2026-05-29 14:20:00+05:30,4,3,2.7760127702708046,4.459524814212597
ols,2026-05-29 14:20:00+05:30,5,3,0.5392746936514482,0.8659519784631384
ols,2026-05-29 14:25:00+05:30,1,3,2.049341601701855,-4.457990742642083
ols,2026-05-29 14:25:00+05:30,2,3,-3.5024357773325585,-3.0926839828246964
ols,2026-05-29 14:25:00+05:30,3,3,-5.076882075371567,-7.15145513653015
ols,2026-05-29 14:25:00+05:30,4,3,-1.7338276684887677,-1.4985986640767566
ols,2026-05-29 14:25:00+05:30,5,3,8.263803919491034,1.5192879870475897
ols,2026-05-29 14:30:00+05:30,1,3,-0.5484465594939686,1.3603663539530537
ols,2026-05-29 14:30:00+05:30,2,3,-0.2994509737278183,-4.02590634533954
ols,2026-05-29 14:30:00+05:30,3,3,-5.648498114162016,-5.019103098521309
ols,2026-05-29 14:30:00+05:30,4,3,1.9933985115036337,4.155343994132273
ols,2026-05-29 14:30:00+05:30,5,3,4.502997135880167,5.412524688130989
ols,2026-05-29 14:35:00+05:30,1,3,1.8363717995026896,1.7418993853740201
ols,2026-05-29 14:35:00+05:30,2,3,1.7937076786257817,-1.0059524898614984
ols,2026-05-29 14:35:00+05:30,3,3,-10.622712389645777,-6.8373252358439425
ols,2026-05-29 14:35:00+05:30,4,3,5.039782839381631,4.301190420707386
ols,2026-05-29 14:35:00+05:30,5,3,1.952850072135674,2.4041071861818546
ols,2026-05-29 14:40:00+05:30,1,3,3.507154330315121,-2.801181394793758
ols,2026-05-29 14:40:00+05:30,2,3,2.929057720720385,-0.15217477227665496
ols,2026-05-29 14:40:00+05:30,3,3,-0.8565124964148295,-2.7230891608288252
ols,2026-05-29 14:40:00+05:30,4,3,1.2775716103281543,-0.15217477227665496
ols,2026-05-29 14:40:00+05:30,5,3,-6.85727116494883,-7.240463344381294
ols,2026-05-29 14:45:00+05:30,1,3,-3.5010079469532958,-1.918400950474316
ols,2026-05-29 14:45:00+05:30,2,3,-4.654178640519646,-4.478636053784809
ols,2026-05-29 14:45:00+05:30,3,3,-6.8168215645392225,-2.13435297444405
ols,2026-05-29 14:45:00+05:30,4,3,1.498272928324532,1.0813776627175786
ols,2026-05-29 14:45:00+05:30,5,3,13.473735223687628,13.026703084087302
ols,2026-05-29 14:50:00+05:30,1,3,-0.42970474301033157,-4.617132794623317
ols,2026-05-29 14:50:00+05:30,2,3,-20.31943121123551,-18.035984868324398
ols,2026-05-29 14:50:00+05:30,3,3,7.483698457824373,5.044954445264501
ols,2026-05-29 14:50:00+05:30,4,3,0.5028115999878107,1.6060421923057195
ols,2026-05-29 14:50:00+05:30,5,3,12.762625896433658,12.409726600322987
ols,2026-05-29 14:55:00+05:30,1,3,-17.39284208244504,-21.256032418282746
ols,2026-05-29 14:55:00+05:30,2,3,0.7273630832312489,1.2079375581068066
ols,2026-05-29 14:55:00+05:30,3,3,38.113759614763666,71.98417140741911
ols,2026-05-29 14:55:00+05:30,4,3,43.22559683089921,67.6115749111931
ols,2026-05-29 14:55:00+05:30,5,3,-64.67387744644913,-38.00092333690127
ols,2026-05-29 15:00:00+05:30,1,3,10.093214927600885,20.550583963665197
ols,2026-05-29 15:00:00+05:30,2,3,32.36593850253293,33.80387779698483
ols,2026-05-29 15:00:00+05:30,3,3,-16.256274552448897,-24.1797281690251
ols,2026-05-29 15:00:00+05:30,4,3,-12.691563798348533,-20.965116519426083
ols,2026-05-29 15:00:00+05:30,5,3,-13.511315079336374,-12.475663211720962
ols,2026-05-29 15:05:00+05:30,1,3,-4.532503561104423,-19.120772924308582
ols,2026-05-29 15:05:00+05:30,2,3,13.035238914984888,17.535175713847106
ols,2026-05-29 15:05:00+05:30,3,3,-3.066648366530254,-2.7213078612113866
ols,2026-05-29 15:05:00+05:30,4,3,3.8467685009494135,-4.445000450093328
ols,2026-05-29 15:05:00+05:30,5,3,-9.28285548829962,-10.156265525464336
ols,2026-05-29 15:10:00+05:30,1,3,-8.187361917138276,-7.185375350267383
ols,2026-05-29 15:10:00+05:30,2,3,1.438677644859462,0.8356957119079282
ols,2026-05-29 15:10:00+05:30,3,3,-6.0766008892775645,-0.7423842985612901
ols,2026-05-29 15:10:00+05:30,4,3,-0.9561730256926921,-2.6310381919683787
ols,2026-05-29 15:10:00+05:30,5,3,13.781458187249074,12.000307578275676
ols,2026-05-29 15:15:00+05:30,1,3,-27.17860015039908,-19.6881993063045
ols,2026-05-29 15:15:00+05:30,2,3,-5.122860169888794,15.294261682055277
ols,2026-05-29 15:15:00+05:30,3,3,28.95546019590212,24.483271643547464
ols,2026-05-29 15:15:00+05:30,4,3,4.165755208938618,15.882310378254827
ols,2026-05-29 15:15:00+05:30,5,3,-0.8197550845528603,25.285958868473067
ols,2026-05-29 15:20:00+05:30,1,3,41.56714075226568,41.6126442512826
ols,2026-05-29 15:20:00+05:30,2,3,64.71260049754824,59.610905618314135
ols,2026-05-29 15:20:00+05:30,3,3,-38.30516413745233,-44.676215142456826
ols,2026-05-29 15:20:00+05:30,4,3,-42.000365743893354,-45.55551594012167
ols,2026-05-29 15:20:00+05:30,5,3,-25.974211368468225,-34.40618809874622
ols,2026-06-01 14:15:00+05:30,1,3,1.5719975205521486,1.5938287619205274
ols,2026-06-01 14:15:00+05:30,2,3,-7.8883674233133725,-6.845609070936194
ols,2026-06-01 14:15:00+05:30,3,3,-2.0189573627757973,-0.2178076590769371
ols,2026-06-01 14:15:00+05:30,4,3,1.645914617440273,1.6184040691575121
ols,2026-06-01 14:15:00+05:30,5,3,6.689412648096749,6.414514151829624
ols,2026-06-01 14:20:00+05:30,1,3,3.395618959014302,3.504702678063761
ols,2026-06-01 14:20:00+05:30,2,3,-8.460764516337631,-5.840190661421977
ols,2026-06-01 14:20:00+05:30,3,3,4.3736933542083785,5.181631029108032
ols,2026-06-01 14:20:00+05:30,4,3,-2.3671258245726206,-1.0596715912975323
ols,2026-06-01 14:20:00+05:30,5,3,3.0585780276875716,1.9620969383110274
ols,2026-06-01 14:25:00+05:30,1,3,-8.494635156438854,-9.25756110689783
ols,2026-06-01 14:25:00+05:30,2,3,4.773914552292258,4.936492551007661
ols,2026-06-01 14:25:00+05:30,3,3,-0.3901684250025018,4.542626723181916
ols,2026-06-01 14:25:00+05:30,4,3,-2.3177520372474154,0.7023570821485711
ols,2026-06-01 14:25:00+05:30,5,3,6.428641066396511,7.306525934437443
ols,2026-06-01 14:30:00+05:30,1,3,-0.7111267633872491,1.4114380228689896
ols,2026-06-01 14:30:00+05:30,2,3,-7.514450218857474,-9.806577714931578
ols,2026-06-01 14:30:00+05:30,3,3,-12.581224375684505,-12.12667444028829
ols,2026-06-01 14:30:00+05:30,4,3,16.477911748540148,14.903678567863418
ols,2026-06-01 14:30:00+05:30,5,3,4.328889609389079,3.675269471880978
ols,2026-06-01 14:35:00+05:30,1,3,1.0940360384951535,1.7667090005935027
ols,2026-06-01 14:35:00+05:30,2,3,-4.844027946851274,-4.485215806082632
ols,2026-06-01 14:35:00+05:30,3,3,2.3598167840384785,1.321606184175872
ols,2026-06-01 14:35:00+05:30,4,3,-3.884824898284049,-4.2348975041162085
ols,2026-06-01 14:35:00+05:30,5,3,5.2750000226016915,4.723550857780312
ols,2026-06-01 14:40:00+05:30,1,3,1.1421263006238616,1.543175336651196
ols,2026-06-01 14:40:00+05:30,2,3,4.687914106936994,7.896025810001299
ols,2026-06-01 14:40:00+05:30,3,3,-4.6297734136084845,-5.883754839715112
ols,2026-06-01 14:40:00+05:30,4,3,-5.337101999670339,-2.752372451397885
ols,2026-06-01 14:40:00+05:30,5,3,4.136835005717969,4.868933332327
ols,2026-06-01 14:45:00+05:30,1,3,-4.589234448602782,-5.687171519414372
ols,2026-06-01 14:45:00+05:30,2,3,-2.524454929291319,-1.1797362328162342
ols,2026-06-01 14:45:00+05:30,3,3,2.975312668451747,-0.4845490670405772
ols,2026-06-01 14:45:00+05:30,4,3,1.6981420055091814,-2.036743984075532
ols,2026-06-01 14:45:00+05:30,5,3,2.4402347039331755,1.544147624868616
ols,2026-06-01 14:50:00+05:30,1,3,0.016262550999549822,0.12564929381323836
ols,2026-06-01 14:50:00+05:30,2,3,2.831605652732587,0.011114240653734843
ols,2026-06-01 14:50:00+05:30,3,3,-0.6473282135333047,4.131698799766751
ols,2026-06-01 14:50:00+05:30,4,3,-4.584869442355218,-5.675289750835718
ols,2026-06-01 14:50:00+05:30,5,3,2.3843294521563863,2.0288704956975914
ols,2026-06-01 14:55:00+05:30,1,3,-7.531433969357736,-15.743237227936097
ols,2026-06-01 14:55:00+05:30,2,3,11.433366542609182,8.184194772984748
ols,2026-06-01 14:55:00+05:30,3,3,-7.440106735855746,-5.279736794871666
ols,2026-06-01 14:55:00+05:30,4,3,0.5275569164124149,10.928396517129551
ols,2026-06-01 14:55:00+05:30,5,3,3.010617246191894,3.0730425812745366
ols,2026-06-01 15:00:00+05:30,1,3,-3.2339335137867584,-7.747112947515808
ols,2026-06-01 15:00:00+05:30,2,3,-2.555360550036357,13.42106838614369
ols,2026-06-01 15:00:00+05:30,3,3,0.3784045841235262,0.36612895834468395
ols,2026-06-01 15:00:00+05:30,4,3,6.5767762626568835,6.616522418983065
ols,2026-06-01 15:00:00+05:30,5,3,-1.1658867829572965,-1.2592624370964718
ols,2026-06-01 15:05:00+05:30,1,3,1.2181668993074266,-1.5462785458876624
ols,2026-06-01 15:05:00+05:30,2,3,-2.298297127742025,-1.8378011848642448
ols,2026-06-01 15:05:00+05:30,3,3,-5.0946985273926755,-9.158443628166795
ols,2026-06-01 15:05:00+05:30,4,3,9.330846764846967,11.384874500052064
ols,2026-06-01 15:05:00+05:30,5,3,-3.156018009019693,-16.049949354166742
ols,2026-06-01 15:10:00+05:30,1,3,4.6931469739564715,3.381316633942181
ols,2026-06-01 15:10:00+05:30,2,3,-8.095965009989435,-7.116934674508431
ols,2026-06-01 15:10:00+05:30,3,3,2.956089058919827,8.581071966144696
ols,2026-06-01 15:10:00+05:30,4,3,-9.782912479029699,-3.8114587914631257
ols,2026-06-01 15:10:00+05:30,5,3,10.22964145614284,10.136313325061746
ols,2026-06-01 15:15:00+05:30,1,3,-0.4113472463917285,-1.6582631686134313
ols,2026-06-01 15:15:00+05:30,2,3,8.784942868683773,9.111289393438712
ols,2026-06-01 15:15:00+05:30,3,3,3.942363667092182,3.391417301766915
ols,2026-06-01 15:15:00+05:30,4,3,0.6220539005160985,3.9219379478695098
ols,2026-06-01 15:15:00+05:30,5,3,-12.938013189900325,-16.53695814264437
ols,2026-06-01 15:20:00+05:30,1,3,-19.178949999369237,-20.761247249521478
ols,2026-06-01 15:20:00+05:30,2,3,-1.1878628711436972,-2.5322244356233243
ols,2026-06-01 15:20:00+05:30,3,3,2.872305696716148,5.044107104645497
ols,2026-06-01 15:20:00+05:30,4,3,11.303467926843114,8.946539850446984
ols,2026-06-01 15:20:00+05:30,5,3,6.19103924695367,-1.6940014683157016
ols,2026-06-02 14:15:00+05:30,1,3,1.9846137712763068,3.1815363318312686
ols,2026-06-02 14:15:00+05:30,2,3,-6.273323052246927,-9.29552709374426
ols,2026-06-02 14:15:00+05:30,3,3,0.3576637730586798,-0.16062458329169169
ols,2026-06-02 14:15:00+05:30,4,3,-5.658115173279078,-2.4722447370193477
ols,2026-06-02 14:15:00+05:30,5,3,9.589160681191014,2.1723498890604533
ols,2026-06-02 14:20:00+05:30,1,3,-5.8932835162620965,0.343426081887237
ols,2026-06-02 14:20:00+05:30,2,3,-6.5328606971252565,-4.274770035150495
ols,2026-06-02 14:20:00+05:30,3,3,2.65265623141627,4.8388161498173305
ols,2026-06-02 14:20:00+05:30,4,3,0.3391530815769861,-2.1688522607684235
ols,2026-06-02 14:20:00+05:30,5,3,9.434334900394102,0.5513670385951897
ols,2026-06-02 14:25:00+05:30,1,3,-4.783342343622321,-7.546437653257761
ols,2026-06-02 14:25:00+05:30,2,3,7.094088756316898,12.009747442948953
ols,2026-06-02 14:25:00+05:30,3,3,-7.748765452402143,-5.284996427605011
ols,2026-06-02 14:25:00+05:30,4,3,9.177953235223265,5.546020042872228
ols,2026-06-02 14:25:00+05:30,5,3,-3.739934195515695,-1.2484827964146146
ols,2026-06-02 14:30:00+05:30,1,3,-3.9153101474516845,-14.164745001704244
ols,2026-06-02 14:30:00+05:30,2,3,2.7482195709268216,-1.8876296490851385
ols,2026-06-02 14:30:00+05:30,3,3,-4.470564426897194,-3.898367470539139
ols,2026-06-02 14:30:00+05:30,4,3,-1.2882228494211678,-5.3451341743489715
ols,2026-06-02 14:30:00+05:30,5,3,6.92587785284323,5.420673831550242
ols,2026-06-02 14:35:00+05:30,1,3,-4.042712400034695,1.1374048637315939
ols,2026-06-02 14:35:00+05:30,2,3,-0.383902147852963,2.512627407412981
ols,2026-06-02 14:35:00+05:30,3,3,-2.5356272391317,-3.223416819711834
ols,2026-06-02 14:35:00+05:30,4,3,1.2584897395320196,3.734778270001681
ols,2026-06-02 14:35:00+05:30,5,3,5.703752047487334,9.021493717653817
ols,2026-06-02 14:40:00+05:30,1,3,-3.65266256378353,-4.247456426230478
ols,2026-06-02 14:40:00+05:30,2,3,5.289510430863527,8.291811280537686
ols,2026-06-02 14:40:00+05:30,3,3,1.9877175656048964,2.4040190832388397
ols,2026-06-02 14:40:00+05:30,4,3,0.43980341922974164,2.0423067148680474
ols,2026-06-02 14:40:00+05:30,5,3,-4.064368851914636,0.6217708289515402
ols,2026-06-02 14:45:00+05:30,1,3,2.0223754946498604,-2.3288206752070106
ols,2026-06-02 14:45:00+05:30,2,3,0.026064802735037418,0.05307064494197711
ols,2026-06-02 14:45:00+05:30,3,3,-5.9356865749575025,-4.815170410882308
ols,2026-06-02 14:45:00+05:30,4,3,-3.7718954294389357,-3.8658634049959506
ols,2026-06-02 14:45:00+05:30,5,3,7.659141707011541,5.737209578359215
ols,2026-06-02 14:50:00+05:30,1,3,-3.150619992754529,-5.1617307686092255
ols,2026-06-02 14:50:00+05:30,2,3,-6.287967368430995,-6.5565833648229725
ols,2026-06-02 14:50:00+05:30,3,3,-0.7801757634415074,-5.282735857628025
ols,2026-06-02 14:50:00+05:30,4,3,4.306486042689572,5.962540915013174
ols,2026-06-02 14:50:00+05:30,5,3,5.91227708193746,5.718288941786091
ols,2026-06-02 14:55:00+05:30,1,3,3.7829199381419865,6.836487637409849
ols,2026-06-02 14:55:00+05:30,2,3,3.769444008985712,5.331321100779274
ols,2026-06-02 14:55:00+05:30,3,3,-2.6216315161082804,10.491638324039876
ols,2026-06-02 14:55:00+05:30,4,3,-2.40218814065063,-13.725240051651433
ols,2026-06-02 14:55:00+05:30,5,3,-2.5285442903687874,-2.8027499009226626
ols,2026-06-02 15:00:00+05:30,1,3,-14.70066759403525,-18.193528036479332
ols,2026-06-02 15:00:00+05:30,2,3,6.988436520747767,3.826324227536482
ols,2026-06-02 15:00:00+05:30,3,3,7.096405665593183,5.923688278686612
ols,2026-06-02 15:00:00+05:30,4,3,-0.7613644376665003,-0.9722895637827018
ols,2026-06-02 15:00:00+05:30,5,3,1.3771898453608014,-0.8723435070563386
ols,2026-06-02 15:05:00+05:30,1,3,1.322297570469348,3.5994707902458067
ols,2026-06-02 15:05:00+05:30,2,3,4.976304005385623,0.6793182066360258
ols,2026-06-02 15:05:00+05:30,3,3,-2.841420635241102,-6.95382796249433
ols,2026-06-02 15:05:00+05:30,4,3,-10.612606519969205,-3.2181585975183946
ols,2026-06-02 15:05:00+05:30,5,3,7.155425579355336,7.964075739784082
ols,2026-06-02 15:10:00+05:30,1,3,-9.83751655582569,-9.879714549374382
ols,2026-06-02 15:10:00+05:30,2,3,8.952984600080722,2.6297590429071134
ols,2026-06-02 15:10:00+05:30,3,3,-2.9019379789188,-3.2490162555152873
ols,2026-06-02 15:10:00+05:30,4,3,1.9937130076931693,9.180326276452416
ols,2026-06-02 15:10:00+05:30,5,3,1.7927569269705999,0.35079689247223134
ols,2026-06-02 15:15:00+05:30,1,3,-6.023730693855608,-5.622984418208743
ols,2026-06-02 15:15:00+05:30,2,3,0.7094508220295559,-4.166253473433246
ols,2026-06-02 15:15:00+05:30,3,3,2.3040073621904966,0.7042761135112041
ols,2026-06-02 15:15:00+05:30,4,3,-6.502819734823065,-1.8318603831957159
ols,2026-06-02 15:15:00+05:30,5,3,9.51309224445862,8.851264359254207
ols,2026-06-02 15:20:00+05:30,1,3,6.7520151349704065,14.425951660206179
ols,2026-06-02 15:20:00+05:30,2,3,0.08741463283283164,7.365605359055246
ols,2026-06-02 15:20:00+05:30,3,3,2.9897610261192904,0.9430131622355139
ols,2026-06-02 15:20:00+05:30,4,3,-8.858273138440268,-2.9196928234810717
ols,2026-06-02 15:20:00+05:30,5,3,-0.9709176554822578,-4.56860450241973
ols,2026-06-03 14:15:00+05:30,1,3,7.137775523084366,4.447167341239473
ols,2026-06-03 14:15:00+05:30,2,3,-10.011877212342831,-15.686031740861287
ols,2026-06-03 14:15:00+05:30,3,3,6.406577056687234,7.278379543347387
ols,2026-06-03 14:15:00+05:30,4,3,-9.7424323567011,-8.735150504996994
ols,2026-06-03 14:15:00+05:30,5,3,6.209956989272329,7.972488021266229
ols,2026-06-03 14:20:00+05:30,1,3,-4.49540463911724,-4.4246191544334845
ols,2026-06-03 14:20:00+05:30,2,3,0.8264501960879582,-5.557703170457451
ols,2026-06-03 14:20:00+05:30,3,3,5.354847308480126,4.055248110318876
ols,2026-06-03 14:20:00+05:30,4,3,-8.379073968184306,-8.88671253425355
ols,2026-06-03 14:20:00+05:30,5,3,6.693181102733464,7.011880526482273
ols,2026-06-03 14:25:00+05:30,1,3,6.582570324830265,-5.812817558035421
ols,2026-06-03 14:25:00+05:30,2,3,-8.41777230177924,-4.854026464345074
ols,2026-06-03 14:25:00+05:30,3,3,-1.7698052396262947,-6.426606971261739
ols,2026-06-03 14:25:00+05:30,4,3,4.290300523965617,4.900533295639553
ols,2026-06-03 14:25:00+05:30,5,3,-0.6852933073903476,-4.879138841882513
ols,2026-06-03 14:30:00+05:30,1,3,-1.8041761396692113,-1.2902176105219119
ols,2026-06-03 14:30:00+05:30,2,3,-0.18189495886907436,1.0157946382186958
ols,2026-06-03 14:30:00+05:30,3,3,4.873767867401939,5.106991864626634
ols,2026-06-03 14:30:00+05:30,4,3,0.7446803922276736,0.16572660723227856
ols,2026-06-03 14:30:00+05:30,5,3,-3.632377161091327,-1.9799285409201803
ols,2026-06-03 14:35:00+05:30,1,3,-1.8051848905134007,-4.50757352023623
ols,2026-06-03 14:35:00+05:30,2,3,-3.0316171358215627,-1.714115244791037
ols,2026-06-03 14:35:00+05:30,3,3,13.02025290665528,8.25573839085636
ols,2026-06-03 14:35:00+05:30,4,3,-6.254820893088152,-5.3118846277746545
ols,2026-06-03 14:35:00+05:30,5,3,-1.9286299872321633,-2.8020544596165653
ols,2026-06-03 14:40:00+05:30,1,3,-3.673568086685212,-1.5074814037291016
ols,2026-06-03 14:40:00+05:30,2,3,4.422882007852384,3.185715193501674
ols,2026-06-03 14:40:00+05:30,3,3,-1.0223045387082557,0.244101580961257
ols,2026-06-03 14:40:00+05:30,4,3,-1.2334326013287251,-1.4488385343175056
ols,2026-06-03 14:40:00+05:30,5,3,1.5064232188698083,0.8813912869171472
ols,2026-06-03 14:45:00+05:30,1,3,4.091564851339176,-3.5289299791570654
ols,2026-06-03 14:45:00+05:30,2,3,0.968270822526337,0.5049546517414222
ols,2026-06-03 14:45:00+05:30,3,3,-0.2616606936604417,-4.472682338537333
ols,2026-06-03 14:45:00+05:30,4,3,0.2269950570436374,7.116648303864641
ols,2026-06-03 14:45:00+05:30,5,3,-5.025170037248708,-2.0075546558647366
ols,2026-06-03 14:50:00+05:30,1,3,4.301755461740016,5.850927066770151
ols,2026-06-03 14:50:00+05:30,2,3,-1.8105284866773248,-5.3245391905836215
ols,2026-06-03 14:50:00+05:30,3,3,-2.404911674044034,-2.995968539928784
ols,2026-06-03 14:50:00+05:30,4,3,0.5178866063488827,3.770550776083903
ols,2026-06-03 14:50:00+05:30,5,3,-0.604201907367541,1.1327420445668146
ols,2026-06-03 14:55:00+05:30,1,3,3.5453805750573775,-0.528371367749525
ols,2026-06-03 14:55:00+05:30,2,3,-10.599188487097438,-19.037321785941863
ols,2026-06-03 14:55:00+05:30,3,3,-4.452509697771371,-14.722454889841696
ols,2026-06-03 14:55:00+05:30,4,3,3.8012421659202227,0.30772929984768105
ols,2026-06-03 14:55:00+05:30,5,3,7.705075443891207,18.55885381370048
ols,2026-06-03 15:00:00+05:30,1,3,-0.8215247717865044,-14.03950974993129
ols,2026-06-03 15:00:00+05:30,2,3,-1.9680761496902268,-2.2990227492403204
ols,2026-06-03 15:00:00+05:30,3,3,0.596213910993848,2.0115292843692067
ols,2026-06-03 15:00:00+05:30,4,3,-1.8867449619071794,-1.632001320014398
ols,2026-06-03 15:00:00+05:30,5,3,4.080131972390062,3.6457091453645507
ols,2026-06-03 15:05:00+05:30,1,3,8.906390048641022,5.54699529340974
ols,2026-06-03 15:05:00+05:30,2,3,1.4791281750080223,5.682495901192741
ols,2026-06-03 15:05:00+05:30,3,3,2.8897093632161592,9.777538940468844
ols,2026-06-03 15:05:00+05:30,4,3,-10.430699012905645,-5.629100175757795
ols,2026-06-03 15:05:00+05:30,5,3,-2.8445285739595603,-8.836140357945999
ols,2026-06-03 15:10:00+05:30,1,3,6.90130374143257,8.013721544988917
ols,2026-06-03 15:10:00+05:30,2,3,-1.1608997742507865,2.1918083969214575
ols,2026-06-03 15:10:00+05:30,3,3,-2.6577387427222376,-2.882838116458508
ols,2026-06-03 15:10:00+05:30,4,3,0.7894402692120529,-3.768793503390766
ols,2026-06-03 15:10:00+05:30,5,3,-3.8721054936716004,-0.9929617128661139
ols,2026-06-03 15:15:00+05:30,1,3,3.013811436146726,0.7580166839842306
ols,2026-06-03 15:15:00+05:30,2,3,-0.47066679595745653,-2.2610513837868496
ols,2026-06-03 15:15:00+05:30,3,3,-1.889139599467201,-2.803031814343049
ols,2026-06-03 15:15:00+05:30,4,3,-1.510476666793492,0.7258748212350952
ols,2026-06-03 15:15:00+05:30,5,3,0.8564716260714239,-0.27100163254312193
ols,2026-06-03 15:20:00+05:30,1,3,-4.181711818396587,5.069199788823401
ols,2026-06-03 15:20:00+05:30,2,3,5.884874450062804,-4.869459874710843
ols,2026-06-03 15:20:00+05:30,3,3,6.362533043551278,3.789473673639169
ols,2026-06-03 15:20:00+05:30,4,3,-12.973208202600544,-15.565795238530928
ols,2026-06-03 15:20:00+05:30,5,3,4.907512527383048,4.7289606849458075
ols,2026-06-04 14:15:00+05:30,1,3,-5.385807964242373,-4.859563291304954
ols,2026-06-04 14:15:00+05:30,2,3,0.9186859436824956,2.7400740250317726
ols,2026-06-04 14:15:00+05:30,3,3,2.7733210410183498,4.1156592922077335
ols,2026-06-04 14:15:00+05:30,4,3,-1.118860926691223,-1.3385051624535589
ols,2026-06-04 14:15:00+05:30,5,3,2.8126619062327487,2.939658176783914
ols,2026-06-04 14:20:00+05:30,1,3,0.7861159463407041,-2.9464508670717926
ols,2026-06-04 14:20:00+05:30,2,3,-2.004792875545854,-1.5925955409912262
ols,2026-06-04 14:20:00+05:30,3,3,2.4624871666996855,0.08054466296592011
ols,2026-06-04 14:20:00+05:30,4,3,0.6950206389196485,1.1586546892927707
ols,2026-06-04 14:20:00+05:30,5,3,-1.9388308764141846,-3.896389121085253
ols,2026-06-04 14:25:00+05:30,1,3,3.072064751844443,-5.282406860896316
ols,2026-06-04 14:25:00+05:30,2,3,-0.345924272819209,0.14852616533622698
ols,2026-06-04 14:25:00+05:30,3,3,4.267953123897531,4.921171484549403
ols,2026-06-04 14:25:00+05:30,4,3,1.0715847422685014,3.1093987452097682
ols,2026-06-04 14:25:00+05:30,5,3,-8.065678345191268,-8.806626478346402
ols,2026-06-04 14:30:00+05:30,1,3,-6.0127974117845095,-5.016575903131093
ols,2026-06-04 14:30:00+05:30,2,3,0.9912759102791802,-3.3560844333895283
ols,2026-06-04 14:30:00+05:30,3,3,-1.1757802313143721,-3.025890402587495
ols,2026-06-04 14:30:00+05:30,4,3,0.9620067575987579,4.3512419640319155
ols,2026-06-04 14:30:00+05:30,5,3,5.235294975220942,5.696910524269461
ols,2026-06-04 14:35:00+05:30,1,3,3.333822771282246,-5.165353941250839
ols,2026-06-04 14:35:00+05:30,2,3,-3.7293214157105856,-2.787515648410066
ols,2026-06-04 14:35:00+05:30,3,3,-2.3022371030191704,-0.1163212134878131
ols,2026-06-04 14:35:00+05:30,4,3,1.2290706024393008,-0.23171135092847606
ols,2026-06-04 14:35:00+05:30,5,3,1.468665145008208,-1.0545885980393075
ols,2026-06-04 14:40:00+05:30,1,3,-1.6426791435889172,-1.6323437580059903
ols,2026-06-04 14:40:00+05:30,2,3,6.34883500485506,9.020316348825311
ols,2026-06-04 14:40:00+05:30,3,3,-2.1301534064069503,-3.600869361122546
ols,2026-06-04 14:40:00+05:30,4,3,-4.9790187447550736,-4.5901267522477545
ols,2026-06-04 14:40:00+05:30,5,3,2.403016289895884,3.927721330046744
ols,2026-06-04 14:45:00+05:30,1,3,3.5764816769516816,4.919275282057119
ols,2026-06-04 14:45:00+05:30,2,3,-0.8945936358605673,3.480188518737511
ols,2026-06-04 14:45:00+05:30,3,3,-12.351631153343664,-13.992107050787498
ols,2026-06-04 14:45:00+05:30,4,3,4.656943222505279,6.282872641509914
ols,2026-06-04 14:45:00+05:30,5,3,5.01279988974727,12.435670651084271
ols,2026-06-04 14:50:00+05:30,1,3,-3.1414124952672635,-0.24270649076492867
ols,2026-06-04 14:50:00+05:30,2,3,-6.994829330775184,-5.4265726440526265
ols,2026-06-04 14:50:00+05:30,3,3,4.876640510137993,4.344767558306521
ols,2026-06-04 14:50:00+05:30,4,3,-2.633131781968926,-2.8731280238124177
ols,2026-06-04 14:50:00+05:30,5,3,7.8927330978733785,2.537823724129288
ols,2026-06-04 14:55:00+05:30,1,3,-9.508249958242473,1.1508309516340036
ols,2026-06-04 14:55:00+05:30,2,3,9.426050540416895,-3.8640302181368975
ols,2026-06-04 14:55:00+05:30,3,3,-4.482292040211666,8.351246453405311
ols,2026-06-04 14:55:00+05:30,4,3,-10.315517385708647,-17.40354296891115
ols,2026-06-04 14:55:00+05:30,5,3,14.880008843745888,10.726317705543961
ols,2026-06-04 15:00:00+05:30,1,3,14.592914440780518,9.010880151678316
ols,2026-06-04 15:00:00+05:30,2,3,-13.891981926692793,-14.073908219202364
ols,2026-06-04 15:00:00+05:30,3,3,5.903991483304118,-2.66432673991431
ols,2026-06-04 15:00:00+05:30,4,3,-0.43935815544323237,-6.238219920187434
ols,2026-06-04 15:00:00+05:30,5,3,-6.165565841948604,-4.436539588408579
ols,2026-06-04 15:05:00+05:30,1,3,-12.354225327974623,-20.285360116033026
ols,2026-06-04 15:05:00+05:30,2,3,0.49684846702032415,-4.327488896053759
ols,2026-06-04 15:05:00+05:30,3,3,3.2003202509276467,5.651128352699948
ols,2026-06-04 15:05:00+05:30,4,3,8.260059158158086,10.861574977956664
ols,2026-06-04 15:05:00+05:30,5,3,0.39699745186857127,-0.7592462555544945
ols,2026-06-04 15:10:00+05:30,1,3,-5.175304675894887,-6.764388254857515
ols,2026-06-04 15:10:00+05:30,2,3,-2.132149998525475,-3.6031336466581334
ols,2026-06-04 15:10:00+05:30,3,3,0.20918374110282895,1.1614036640815357
ols,2026-06-04 15:10:00+05:30,4,3,4.362901999436823,4.214856265415253
ols,2026-06-04 15:10:00+05:30,5,3,2.7353689338807117,3.389681737432223
ols,2026-06-04 15:15:00+05:30,1,3,0.009858476601213894,-0.5617084863342262
ols,2026-06-04 15:15:00+05:30,2,3,-0.9407708660759494,-1.1690040930058359
ols,2026-06-04 15:15:00+05:30,3,3,3.243674290830242,2.4664653801563428
ols,2026-06-04 15:15:00+05:30,4,3,0.4937896856969848,1.634290264452683
ols,2026-06-04 15:15:00+05:30,5,3,-2.806551587052489,-2.2953447351449587
ols,2026-06-04 15:20:00+05:30,1,3,-1.4792637452670419,-6.891895464304317
ols,2026-06-04 15:20:00+05:30,2,3,-5.763659536478653,-2.9613044610237913
ols,2026-06-04 15:20:00+05:30,3,3,1.5637473975895766,-0.34177996267311306
ols,2026-06-04 15:20:00+05:30,4,3,9.228668036845335,13.886983468301453
ols,2026-06-04 15:20:00+05:30,5,3,-3.549492152689219,-4.947367741522897
ols,2026-06-05 14:15:00+05:30,1,3,-7.477620955361088,-4.743802589660377
ols,2026-06-05 14:15:00+05:30,2,3,-6.7558841030036145,-6.274610090616066
ols,2026-06-05 14:15:00+05:30,3,3,1.4474478044056809,-0.3412613745265396
ols,2026-06-05 14:15:00+05:30,4,3,2.4815935783605667,-0.9119609419369439
ols,2026-06-05 14:15:00+05:30,5,3,10.304463675598452,16.364957699454305
ols,2026-06-05 14:20:00+05:30,1,3,-6.040961081631214,-2.88685418524759
ols,2026-06-05 14:20:00+05:30,2,3,-3.9436540936352857,-2.6516342678082347
ols,2026-06-05 14:20:00+05:30,3,3,0.9511958251420252,3.1871527287266046
ols,2026-06-05 14:20:00+05:30,4,3,9.900093325312238,12.36154983302784
ols,2026-06-05 14:20:00+05:30,5,3,-0.8666739751877677,0.07322928949582333
ols,2026-06-05 14:25:00+05:30,1,3,3.616515124935734,1.5568480559229325
ols,2026-06-05 14:25:00+05:30,2,3,2.733880123301669,4.614952031458008
ols,2026-06-05 14:25:00+05:30,3,3,-2.1549865610647565,2.3499952640453348
ols,2026-06-05 14:25:00+05:30,4,3,-7.588124248435767,-1.2355120468361402
ols,2026-06-05 14:25:00+05:30,5,3,3.39271556126312,4.966326405734689
ols,2026-06-05 14:30:00+05:30,1,3,-4.600816854610705,-3.301380984347698
ols,2026-06-05 14:30:00+05:30,2,3,10.91472589796072,5.672947840415758
ols,2026-06-05 14:30:00+05:30,3,3,5.02003591583559,5.408918827009816
ols,2026-06-05 14:30:00+05:30,4,3,-3.500211555981533,-5.42280643003686
ols,2026-06-05 14:30:00+05:30,5,3,-7.8337334032040715,-8.02676478894678
ols,2026-06-05 14:35:00+05:30,1,3,0.3340391120761543,-0.006569197218788715
ols,2026-06-05 14:35:00+05:30,2,3,-0.9856996309161763,-1.9782046397380038
ols,2026-06-05 14:35:00+05:30,3,3,-3.8485518144929864,-5.605669678891236
ols,2026-06-05 14:35:00+05:30,4,3,-2.8720811991241497,-6.966537373568706
ols,2026-06-05 14:35:00+05:30,5,3,7.372293532457165,-1.2786501337351064
ols,2026-06-05 14:40:00+05:30,1,3,0.8379137797283065,-3.9891525913612695
ols,2026-06-05 14:40:00+05:30,2,3,-11.26890580821131,-7.756010453530951
ols,2026-06-05 14:40:00+05:30,3,3,5.090485585315404,3.800024789943088
ols,2026-06-05 14:40:00+05:30,4,3,5.951850099455537,3.8281566120082684
ols,2026-06-05 14:40:00+05:30,5,3,-0.6113436562879353,-1.0105597575757268
ols,2026-06-05 14:45:00+05:30,1,3,4.882572147649089,4.516361213722675
ols,2026-06-05 14:45:00+05:30,2,3,4.490340497090924,4.774938413834473
ols,2026-06-05 14:45:00+05:30,3,3,-3.0600079574523154,0.7894271423118936
ols,2026-06-05 14:45:00+05:30,4,3,-2.1694875406044942,-3.8953540114823326
ols,2026-06-05 14:45:00+05:30,5,3,-4.143417146683204,-5.63463568815048
ols,2026-06-05 14:50:00+05:30,1,3,-10.355428190393551,-12.625154126117977
ols,2026-06-05 14:50:00+05:30,2,3,3.7127490976211304,5.300006200695817
ols,2026-06-05 14:50:00+05:30,3,3,0.5742810323646393,0.4607862690553244
ols,2026-06-05 14:50:00+05:30,4,3,-1.4407708713074876,-3.7798158871493737
ols,2026-06-05 14:50:00+05:30,5,3,7.509168931715271,6.2660981660855875
ols,2026-06-05 14:55:00+05:30,1,3,-2.751058686962645,0.6980453724793426
ols,2026-06-05 14:55:00+05:30,2,3,12.978409591187937,16.675464545351662
ols,2026-06-05 14:55:00+05:30,3,3,7.446442597283257,1.891638300085689
ols,2026-06-05 14:55:00+05:30,4,3,-7.250190109739412,-9.830602102055405
ols,2026-06-05 14:55:00+05:30,5,3,-10.42360339176914,0.39338602728770466
ols,2026-06-05 15:00:00+05:30,1,3,-1.875418504604895,4.0458500372655415
ols,2026-06-05 15:00:00+05:30,2,3,3.6365945716922967,-1.9577594602713244
ols,2026-06-05 15:00:00+05:30,3,3,-11.649027791544272,-7.8612521999985585
ols,2026-06-05 15:00:00+05:30,4,3,4.456702685625184,3.1253583360082438
ols,2026-06-05 15:00:00+05:30,5,3,5.431149038831684,5.444465503977813
ols,2026-06-05 15:05:00+05:30,1,3,-0.7168387258849049,-0.1758082682105458
ols,2026-06-05 15:05:00+05:30,2,3,-3.6436894430650724,-0.8457117160624398
ols,2026-06-05 15:05:00+05:30,3,3,0.21923526268174953,5.023389290643351
ols,2026-06-05 15:05:00+05:30,4,3,4.043473272339708,2.3795311613535506
ols,2026-06-05 15:05:00+05:30,5,3,0.09781963392851978,5.841517421047623
ols,2026-06-05 15:10:00+05:30,1,3,4.778644742297426,9.124951821438687
ols,2026-06-05 15:10:00+05:30,2,3,0.1534448163072651,-2.55339319023995
ols,2026-06-05 15:10:00+05:30,3,3,-2.631632103399599,-4.085373274498316
ols,2026-06-05 15:10:00+05:30,4,3,-3.985344296354813,-0.3087242789046041
ols,2026-06-05 15:10:00+05:30,5,3,1.6848868411497206,4.5243041988773935
ols,2026-06-05 15:15:00+05:30,1,3,-0.7602067768612087,0.282066802685573
ols,2026-06-05 15:15:00+05:30,2,3,-1.1103461714064478,-7.836514743148429
ols,2026-06-05 15:15:00+05:30,3,3,-6.83763160604034,-4.595331657109384
ols,2026-06-05 15:15:00+05:30,4,3,-4.365175978788087,-5.824885057436427
ols,2026-06-05 15:15:00+05:30,5,3,13.073360533096084,9.043738129907627
ols,2026-06-05 15:20:00+05:30,1,3,-10.60535309687253,-9.88368160838086
ols,2026-06-05 15:20:00+05:30,2,3,-9.498238342219523,-7.318872059132768
ols,2026-06-05 15:20:00+05:30,3,3,2.6686572841292393,2.9679664925080416
ols,2026-06-05 15:20:00+05:30,4,3,7.986594233395797,7.535493419489854
ols,2026-06-05 15:20:00+05:30,5,3,9.448339921567017,6.9079998144666215
ols,2026-06-08 14:15:00+05:30,1,3,0.47673159341384486,2.5132135578578296
ols,2026-06-08 14:15:00+05:30,2,3,-2.9045524594596785,-2.001235353885411
ols,2026-06-08 14:15:00+05:30,3,3,-2.0979514429391903,-1.0751668423534253
ols,2026-06-08 14:15:00+05:30,4,3,5.861727603400683,8.208941424937777
ols,2026-06-08 14:15:00+05:30,5,3,-1.335955294415658,2.42026832921316
ols,2026-06-08 14:20:00+05:30,1,3,0.40561527725987057,-0.8724716871588711
ols,2026-06-08 14:20:00+05:30,2,3,-0.8892535232596366,3.8274591592257767
ols,2026-06-08 14:20:00+05:30,3,3,-0.20287402086112866,2.298096642774361
ols,2026-06-08 14:20:00+05:30,4,3,-6.145266447602863,-8.703649683358128
ols,2026-06-08 14:20:00+05:30,5,3,6.831778714463757,5.482797047420274
ols,2026-06-08 14:25:00+05:30,1,3,-0.47867759242947727,-1.1787242066672772
ols,2026-06-08 14:25:00+05:30,2,3,-5.162667574499643,-4.256673266611462
ols,2026-06-08 14:25:00+05:30,3,3,-0.2801007971622305,0.16028786413061857
ols,2026-06-08 14:25:00+05:30,4,3,6.351383645946266,8.370585828963032
ols,2026-06-08 14:25:00+05:30,5,3,-0.4299376818549163,-2.4725519463618304
ols,2026-06-08 14:30:00+05:30,1,3,-1.436773702686282,-1.1397875429061493
ols,2026-06-08 14:30:00+05:30,2,3,-0.10485158665944172,0.9571302997804694
ols,2026-06-08 14:30:00+05:30,3,3,7.315431408754161,9.366130258970115
ols,2026-06-08 14:30:00+05:30,4,3,6.5132677110386625,5.455182281766409
ols,2026-06-08 14:30:00+05:30,5,3,-12.287073830447103,-15.819613275282734
ols,2026-06-08 14:35:00+05:30,1,3,-8.669072778349976,-8.039563522830973
ols,2026-06-08 14:35:00+05:30,2,3,2.2424105308165303,6.560914310988375
ols,2026-06-08 14:35:00+05:30,3,3,2.221348781493419,-1.9716023577827086
ols,2026-06-08 14:35:00+05:30,4,3,-2.907636530173822,-5.458474303180028
ols,2026-06-08 14:35:00+05:30,5,3,7.112949996213851,11.216542689797437
ols,2026-06-08 14:40:00+05:30,1,3,4.3462719408526125,-3.1836674105916174
ols,2026-06-08 14:40:00+05:30,2,3,-4.453120942602491,-3.517755899491881
ols,2026-06-08 14:40:00+05:30,3,3,-2.5065659472220205,-1.366086030526903
ols,2026-06-08 14:40:00+05:30,4,3,6.1269474670051505,4.237033584821415
ols,2026-06-08 14:40:00+05:30,5,3,-3.513532518033251,3.567571356854593
ols,2026-06-08 14:45:00+05:30,1,3,-1.361703782275144,-0.7201106711118843
ols,2026-06-08 14:45:00+05:30,2,3,11.504732697839026,16.941430745948118
ols,2026-06-08 14:45:00+05:30,3,3,-1.151071432677157,-1.7005039509221387
ols,2026-06-08 14:45:00+05:30,4,3,-4.420282736233479,-1.3580417009106949
ols,2026-06-08 14:45:00+05:30,5,3,-4.571674746653247,-0.7812878873347806
ols,2026-06-08 14:50:00+05:30,1,3,-5.310462593712151,-6.813412109214194
ols,2026-06-08 14:50:00+05:30,2,3,-5.598407574185209,-3.375582743608533
ols,2026-06-08 14:50:00+05:30,3,3,-0.1164449016818718,8.281596781619957
ols,2026-06-08 14:50:00+05:30,4,3,6.481255243764232,8.024557455640643
ols,2026-06-08 14:50:00+05:30,5,3,4.544059825814997,3.3358742148062634
ols,2026-06-08 14:55:00+05:30,1,3,-0.8024151336870258,-2.8470510090715297
ols,2026-06-08 14:55:00+05:30,2,3,-12.010332008506543,-17.47662444835248
ols,2026-06-08 14:55:00+05:30,3,3,3.2187345502589313,2.40228873555918
ols,2026-06-08 14:55:00+05:30,4,3,-0.601670656974696,0.7788046180347372
ols,2026-06-08 14:55:00+05:30,5,3,10.19568324890933,6.328086624371046
ols,2026-06-08 15:00:00+05:30,1,3,-10.443072088361035,-5.057711650343115
ols,2026-06-08 15:00:00+05:30,2,3,6.614810913253333,10.000380603369349
ols,2026-06-08 15:00:00+05:30,3,3,1.677533735740866,2.137475999954249
ols,2026-06-08 15:00:00+05:30,4,3,-6.606169961242081,-11.995906960758399
ols,2026-06-08 15:00:00+05:30,5,3,8.75689740060892,12.348103227154924
ols,2026-06-08 15:05:00+05:30,1,3,-2.3757956994946796,-3.1323358379437374
ols,2026-06-08 15:05:00+05:30,2,3,-11.363684357736416,-9.101320321260356
ols,2026-06-08 15:05:00+05:30,3,3,14.343229118053934,-1.992355216436407
ols,2026-06-08 15:05:00+05:30,4,3,-1.9104528866252428,-2.0858003764551527
ols,2026-06-08 15:05:00+05:30,5,3,1.3067038258024097,3.371822849919622
ols,2026-06-08 15:10:00+05:30,1,3,7.382205355965936,3.816587388328315
ols,2026-06-08 15:10:00+05:30,2,3,3.0345658357035323,5.342217982307569
ols,2026-06-08 15:10:00+05:30,3,3,-2.463075114708705,-2.37776026943363
ols,2026-06-08 15:10:00+05:30,4,3,-5.296867103038301,-5.127956439935947
ols,2026-06-08 15:10:00+05:30,5,3,-2.6568289739224613,1.7862679514040933
ols,2026-06-08 15:15:00+05:30,1,3,-16.31626864045669,-26.092343029756456
ols,2026-06-08 15:15:00+05:30,2,3,-6.6761508949533255,2.5819430974473403
ols,2026-06-08 15:15:00+05:30,3,3,3.0445635007967367,-5.390132041155201
ols,2026-06-08 15:15:00+05:30,4,3,22.36932194800012,18.231230867758057
ols,2026-06-08 15:15:00+05:30,5,3,-2.4214659133868413,0.29153940328000927
ols,2026-06-08 15:20:00+05:30,1,3,-17.627243298873626,-13.217242133348295
ols,2026-06-08 15:20:00+05:30,2,3,15.72374157994205,9.901450798754263
ols,2026-06-08 15:20:00+05:30,3,3,-6.78546158933324,-6.491665645269151
ols,2026-06-08 15:20:00+05:30,4,3,-3.744100360594915,-6.69416111720178
ols,2026-06-08 15:20:00+05:30,5,3,12.433063668859733,12.403194798226602
ols,2026-06-09 14:15:00+05:30,1,3,-1.9380570109971034,0.9780638979777954
ols,2026-06-09 14:15:00+05:30,2,3,-0.7549117201124387,0.5417660003542344
ols,2026-06-09 14:15:00+05:30,3,3,-1.1763414156809036,-0.30478236006718307
ols,2026-06-09 14:15:00+05:30,4,3,0.23455690174271454,1.5546533171323005
ols,2026-06-09 14:15:00+05:30,5,3,3.634753245047732,-0.02331078490295591
ols,2026-06-09 14:20:00+05:30,1,3,0.3091913849624368,2.965244458200233
ols,2026-06-09 14:20:00+05:30,2,3,0.5634355524615215,0.8981764087996331
ols,2026-06-09 14:20:00+05:30,3,3,4.0558153318766,5.773227924682045
ols,2026-06-09 14:20:00+05:30,4,3,-0.5317032968858997,0.8619934317206641
ols,2026-06-09 14:20:00+05:30,5,3,-4.39673897241466,5.833760027498913
ols,2026-06-09 14:25:00+05:30,1,3,-2.060087080347476,-3.6739216667625767
ols,2026-06-09 14:25:00+05:30,2,3,6.32644210049745,5.1201589914261865
ols,2026-06-09 14:25:00+05:30,3,3,-1.8402216322285594,-1.4421561268019485
ols,2026-06-09 14:25:00+05:30,4,3,0.876307887223445,1.7339543905380654
ols,2026-06-09 14:25:00+05:30,5,3,-3.302441275144859,1.6520093419069386
ols,2026-06-09 14:30:00+05:30,1,3,1.4322052723372272,1.8687465113478288
ols,2026-06-09 14:30:00+05:30,2,3,6.345545302571289,2.7423467632594614
ols,2026-06-09 14:30:00+05:30,3,3,-5.0091850346916855,-5.597135113698305
ols,2026-06-09 14:30:00+05:30,4,3,2.0342428830376247,-2.3804043299255904
ols,2026-06-09 14:30:00+05:30,5,3,-4.8028084232544614,-6.9425040405266545
ols,2026-06-09 14:35:00+05:30,1,3,0.5431043862795063,2.792686834286462
ols,2026-06-09 14:35:00+05:30,2,3,1.7075670871942914,2.1718381140212184
ols,2026-06-09 14:35:00+05:30,3,3,0.24175707660371398,10.683125245828373
ols,2026-06-09 14:35:00+05:30,4,3,1.1201837886857617,-3.9148675357092433
ols,2026-06-09 14:35:00+05:30,5,3,-3.612612338763273,-2.2026150793308386
ols,2026-06-09 14:40:00+05:30,1,3,-3.0600396045226876,-5.530173842086317
ols,2026-06-09 14:40:00+05:30,2,3,1.639160391811482,4.496215176850393
ols,2026-06-09 14:40:00+05:30,3,3,-3.3106764689595867,-3.2832041851524885
ols,2026-06-09 14:40:00+05:30,4,3,1.0001148268296374,4.908133713075413
ols,2026-06-09 14:40:00+05:30,5,3,3.7314408548411544,4.745574995448587
ols,2026-06-09 14:45:00+05:30,1,3,-3.1463940467360754,-4.502930533475317
ols,2026-06-09 14:45:00+05:30,2,3,-9.246209852169063,-12.371950378231503
ols,2026-06-09 14:45:00+05:30,3,3,-2.3762557943691758,-2.311223567980007
ols,2026-06-09 14:45:00+05:30,4,3,10.26387312247549,15.262299531891918
ols,2026-06-09 14:45:00+05:30,5,3,4.504986570798822,0.5567815304020245
ols,2026-06-09 14:50:00+05:30,1,3,3.7246747417973847,10.039232573246792
ols,2026-06-09 14:50:00+05:30,2,3,-3.9660040391387152,-10.548334912535706
ols,2026-06-09 14:50:00+05:30,3,3,-0.34811111645753157,-2.000199032716754
ols,2026-06-09 14:50:00+05:30,4,3,-5.650451244351892,-1.878430093733563
ols,2026-06-09 14:50:00+05:30,5,3,6.2398916581507535,6.8182288667384405
ols,2026-06-09 14:55:00+05:30,1,3,-3.8755429536825314,-1.4707357492415403
ols,2026-06-09 14:55:00+05:30,2,3,15.40334507953478,15.698072403173077
ols,2026-06-09 14:55:00+05:30,3,3,-4.903042272933404,-4.469168128062788
ols,2026-06-09 14:55:00+05:30,4,3,-11.136717330504661,-10.53244757831188
ols,2026-06-09 14:55:00+05:30,5,3,4.511957477585815,11.767254793109213
ols,2026-06-09 15:00:00+05:30,1,3,8.719069647824465,6.170160558217915
ols,2026-06-09 15:00:00+05:30,2,3,3.980181893438849,8.754783390411433
ols,2026-06-09 15:00:00+05:30,3,3,2.4784664410581283,2.961826526843033
ols,2026-06-09 15:00:00+05:30,4,3,-12.149626988669764,-16.029957797117614
ols,2026-06-09 15:00:00+05:30,5,3,-3.028090993651682,-3.18567943519669
ols,2026-06-09 15:05:00+05:30,1,3,-9.035645715418447,-10.322970081762788
ols,2026-06-09 15:05:00+05:30,2,3,-3.170312700820984,-4.8652431822712545
ols,2026-06-09 15:05:00+05:30,3,3,2.708764552671623,-0.256342305941774
ols,2026-06-09 15:05:00+05:30,4,3,11.9882254368134,16.163066791248532
ols,2026-06-09 15:05:00+05:30,5,3,-2.4910315732455954,5.5366652390856546
ols,2026-06-09 15:10:00+05:30,1,3,-2.7150158481982576,2.033319668301855
ols,2026-06-09 15:10:00+05:30,2,3,-5.504631668928672,-10.037596347507597
ols,2026-06-09 15:10:00+05:30,3,3,0.01743537585922478,0.5352049710381687
ols,2026-06-09 15:10:00+05:30,4,3,4.12027286168352,3.6868193308579786
ols,2026-06-09 15:10:00+05:30,5,3,4.081939279584187,0.5723864262029051
ols,2026-06-09 15:15:00+05:30,1,3,-5.864510653236749,-0.008003637843738464
ols,2026-06-09 15:15:00+05:30,2,3,5.975767163630537,1.311355189421566
ols,2026-06-09 15:15:00+05:30,3,3,1.9016456752221071,5.896851868041193
ols,2026-06-09 15:15:00+05:30,4,3,5.75524145230899,4.246157094111987
ols,2026-06-09 15:15:00+05:30,5,3,-7.768143637924885,-10.863897952386884
ols,2026-06-09 15:20:00+05:30,1,3,-4.9608680748836065,-6.968598273603041
ols,2026-06-09 15:20:00+05:30,2,3,-5.556365925837304,-6.8717555522475795
ols,2026-06-09 15:20:00+05:30,3,3,-0.020783952733676152,4.43456372933119
ols,2026-06-09 15:20:00+05:30,4,3,1.3352934912724812,0.978310085834414
ols,2026-06-09 15:20:00+05:30,5,3,9.202724462182102,6.087553899830992
ridge_fixed_alpha,2026-04-17 14:15:00+05:30,1,3,3.654179669460393,5.294144128219861
ridge_fixed_alpha,2026-04-17 14:15:00+05:30,2,3,-0.1307647369556499,0.24303182254141006
ridge_fixed_alpha,2026-04-17 14:15:00+05:30,3,3,3.1459347110122478,2.1390192420948457
ridge_fixed_alpha,2026-04-17 14:15:00+05:30,4,3,-1.2103613692152997,1.3528488030637813
ridge_fixed_alpha,2026-04-17 14:15:00+05:30,5,3,-5.4589882743016895,-2.6336387658772624
ridge_fixed_alpha,2026-04-17 14:20:00+05:30,1,3,-18.801681286059413,-19.977422316463784
ridge_fixed_alpha,2026-04-17 14:20:00+05:30,2,3,0.137177227135762,-0.20432775015385007
ridge_fixed_alpha,2026-04-17 14:20:00+05:30,3,3,1.7331631649584185,1.9915457462928263
ridge_fixed_alpha,2026-04-17 14:20:00+05:30,4,3,8.880096402953175,13.851633719653847
ridge_fixed_alpha,2026-04-17 14:20:00+05:30,5,3,8.051244491012058,6.9972977491351935
ridge_fixed_alpha,2026-04-17 14:25:00+05:30,1,3,3.7296910259888203,-1.11781140957401
ridge_fixed_alpha,2026-04-17 14:25:00+05:30,2,3,2.6342854171398735,3.713202936568738
ridge_fixed_alpha,2026-04-17 14:25:00+05:30,3,3,-5.370623812843256,-3.1620064269106685
ridge_fixed_alpha,2026-04-17 14:25:00+05:30,4,3,-2.5205285351288516,-1.4774459848827526
ridge_fixed_alpha,2026-04-17 14:25:00+05:30,5,3,1.5271759048434146,-2.9712087067896853
ridge_fixed_alpha,2026-04-17 14:30:00+05:30,1,3,0.6879698407116221,-0.8286287763568099
ridge_fixed_alpha,2026-04-17 14:30:00+05:30,2,3,-0.49017075287904865,1.6320338897715116
ridge_fixed_alpha,2026-04-17 14:30:00+05:30,3,3,1.561726145545691,1.9231615642325564
ridge_fixed_alpha,2026-04-17 14:30:00+05:30,4,3,2.8719694872153907,4.849582968915689
ridge_fixed_alpha,2026-04-17 14:30:00+05:30,5,3,-4.631494720593654,0.24002029862546537
ridge_fixed_alpha,2026-04-17 14:35:00+05:30,1,3,-0.6739802852187002,-5.660596842957055
ridge_fixed_alpha,2026-04-17 14:35:00+05:30,2,3,0.7421193049755495,-2.668510196369933
ridge_fixed_alpha,2026-04-17 14:35:00+05:30,3,3,0.04268154005907978,6.291659518945281
ridge_fixed_alpha,2026-04-17 14:35:00+05:30,4,3,2.2548963149842867,1.1265198081509273
ridge_fixed_alpha,2026-04-17 14:35:00+05:30,5,3,-2.3657168748002126,-2.292404015670435
ridge_fixed_alpha,2026-04-17 14:40:00+05:30,1,3,-1.7063777256366057,2.349565265895507
ridge_fixed_alpha,2026-04-17 14:40:00+05:30,2,3,1.9128140187555007,9.571015668785524
ridge_fixed_alpha,2026-04-17 14:40:00+05:30,3,3,-6.895531441047635,-6.69683028148856
ridge_fixed_alpha,2026-04-17 14:40:00+05:30,4,3,4.16892952375747,2.558765892868224
ridge_fixed_alpha,2026-04-17 14:40:00+05:30,5,3,2.5201656241712707,-1.1719263817334309
ridge_fixed_alpha,2026-04-17 14:45:00+05:30,1,3,-2.8812016171899653,-3.6642370751137263
ridge_fixed_alpha,2026-04-17 14:45:00+05:30,2,3,-1.3393783372182744,1.363391972412235
ridge_fixed_alpha,2026-04-17 14:45:00+05:30,3,3,3.1661236184733856,1.2493364796108224
ridge_fixed_alpha,2026-04-17 14:45:00+05:30,4,3,-3.0827701709370556,-0.2699191960019073
ridge_fixed_alpha,2026-04-17 14:45:00+05:30,5,3,4.137226506871908,4.468573160762028
ridge_fixed_alpha,2026-04-17 14:50:00+05:30,1,3,-0.9952978168010027,-0.4931750423640876
ridge_fixed_alpha,2026-04-17 14:50:00+05:30,2,3,4.185398560069793,2.0544964489112396
ridge_fixed_alpha,2026-04-17 14:50:00+05:30,3,3,0.05260148316417945,-2.401350617718808
ridge_fixed_alpha,2026-04-17 14:50:00+05:30,4,3,-1.7868589299498971,-1.2816343332976061
ridge_fixed_alpha,2026-04-17 14:50:00+05:30,5,3,-1.4558432964830725,-1.4685862575845772
ridge_fixed_alpha,2026-04-17 14:55:00+05:30,1,3,6.743279201873197,0.7992004635477558
ridge_fixed_alpha,2026-04-17 14:55:00+05:30,2,3,-5.237475077996065,-7.995402373577765
ridge_fixed_alpha,2026-04-17 14:55:00+05:30,3,3,-2.8458747562891684,0.4759445434272537
ridge_fixed_alpha,2026-04-17 14:55:00+05:30,4,3,-9.315663830165096,-16.270201819278853
ridge_fixed_alpha,2026-04-17 14:55:00+05:30,5,3,10.655734462577135,-3.1923786365211093
ridge_fixed_alpha,2026-04-17 15:00:00+05:30,1,3,-4.87665181834466,1.4462565559711926
ridge_fixed_alpha,2026-04-17 15:00:00+05:30,2,3,0.47406166464680743,-0.5931039173658892
ridge_fixed_alpha,2026-04-17 15:00:00+05:30,3,3,-0.7245385416205046,-1.2700177306725902
ridge_fixed_alpha,2026-04-17 15:00:00+05:30,4,3,1.5828582664676458,0.03189608263376442
ridge_fixed_alpha,2026-04-17 15:00:00+05:30,5,3,3.544270428850712,3.382541081796475
ridge_fixed_alpha,2026-04-17 15:05:00+05:30,1,3,-4.819280155639779,-4.50694829295976
ridge_fixed_alpha,2026-04-17 15:05:00+05:30,2,3,-1.562932569463271,0.5101557745420168
ridge_fixed_alpha,2026-04-17 15:05:00+05:30,3,3,0.274888108362884,-3.90460772329219
ridge_fixed_alpha,2026-04-17 15:05:00+05:30,4,3,6.1469603941943785,5.836612022797802
ridge_fixed_alpha,2026-04-17 15:05:00+05:30,5,3,-0.03963577745421259,-2.195327118415339
ridge_fixed_alpha,2026-04-17 15:10:00+05:30,1,3,4.914185744142301,2.6415267481657936
ridge_fixed_alpha,2026-04-17 15:10:00+05:30,2,3,-3.5183183180730695,-4.898174491172765
ridge_fixed_alpha,2026-04-17 15:10:00+05:30,3,3,-2.2655534568774747,-1.7741507485927361
ridge_fixed_alpha,2026-04-17 15:10:00+05:30,4,3,2.494768855763497,3.2802641705373206
ridge_fixed_alpha,2026-04-17 15:10:00+05:30,5,3,-1.6250828249552522,-2.290612561575441
ridge_fixed_alpha,2026-04-17 15:15:00+05:30,1,3,-0.07500968830968306,-3.7903649857793376
ridge_fixed_alpha,2026-04-17 15:15:00+05:30,2,3,0.3453138916467149,-2.848612384187321
ridge_fixed_alpha,2026-04-17 15:15:00+05:30,3,3,4.994417598009376,6.447947888512884
ridge_fixed_alpha,2026-04-17 15:15:00+05:30,4,3,-3.349840026630523,-2.116172627355306
ridge_fixed_alpha,2026-04-17 15:15:00+05:30,5,3,-1.9148817747158817,-1.9227721842038912
ridge_fixed_alpha,2026-04-17 15:20:00+05:30,1,3,6.823422943111002,-0.12131578219124843
ridge_fixed_alpha,2026-04-17 15:20:00+05:30,2,3,-7.357001090297688,-1.9728247620100319
ridge_fixed_alpha,2026-04-17 15:20:00+05:30,3,3,-6.670314948556744,-8.470054526302933
ridge_fixed_alpha,2026-04-17 15:20:00+05:30,4,3,-3.22854902275771,-0.12131578219124843
ridge_fixed_alpha,2026-04-17 15:20:00+05:30,5,3,10.432442118501141,6.813496977864227
ridge_fixed_alpha,2026-04-20 14:15:00+05:30,1,3,-4.974151040823216,-4.179530288258053
ridge_fixed_alpha,2026-04-20 14:15:00+05:30,2,3,0.5705209008238419,-1.3476245102933917
ridge_fixed_alpha,2026-04-20 14:15:00+05:30,3,3,-1.0781201346830767,-3.7559318562713586
ridge_fixed_alpha,2026-04-20 14:15:00+05:30,4,3,4.884409554784863,5.616805296397261
ridge_fixed_alpha,2026-04-20 14:15:00+05:30,5,3,0.5973407198975879,0.3686053125833886
ridge_fixed_alpha,2026-04-20 14:20:00+05:30,1,3,-1.5286786803619579,-5.166775755407249
ridge_fixed_alpha,2026-04-20 14:20:00+05:30,2,3,-2.3663001242433257,-1.8088173940931094
ridge_fixed_alpha,2026-04-20 14:20:00+05:30,3,3,2.691587270977106,10.916271250951626
ridge_fixed_alpha,2026-04-20 14:20:00+05:30,4,3,-1.0104935664472974,2.195368100883721
ridge_fixed_alpha,2026-04-20 14:20:00+05:30,5,3,2.2138851000754745,8.042237453607326
ridge_fixed_alpha,2026-04-20 14:25:00+05:30,1,3,-0.8147903530337787,-0.2777214222278169
ridge_fixed_alpha,2026-04-20 14:25:00+05:30,2,3,1.1642877633915028,1.0966836785624157
ridge_fixed_alpha,2026-04-20 14:25:00+05:30,3,3,-1.4953499838028514,-1.2647785916881649
ridge_fixed_alpha,2026-04-20 14:25:00+05:30,4,3,-1.722851208895075,-3.345258519950711
ridge_fixed_alpha,2026-04-20 14:25:00+05:30,5,3,2.868703782340203,9.713479749626108
ridge_fixed_alpha,2026-04-20 14:30:00+05:30,1,3,-5.297647145641035,-6.307064082748799
ridge_fixed_alpha,2026-04-20 14:30:00+05:30,2,3,-4.119039644348603,-5.581332910763311
ridge_fixed_alpha,2026-04-20 14:30:00+05:30,3,3,0.8005273218819244,4.930636184040808
ridge_fixed_alpha,2026-04-20 14:30:00+05:30,4,3,-0.16973322488422782,6.864237415017553
ridge_fixed_alpha,2026-04-20 14:30:00+05:30,5,3,8.78589269299194,7.562561437363262
ridge_fixed_alpha,2026-04-20 14:35:00+05:30,1,3,-8.427730382526791,-9.12813814383869
ridge_fixed_alpha,2026-04-20 14:35:00+05:30,2,3,2.8661686723204434,-2.2078967748380878
ridge_fixed_alpha,2026-04-20 14:35:00+05:30,3,3,4.03889990923297,1.4775764713207777
ridge_fixed_alpha,2026-04-20 14:35:00+05:30,4,3,-1.8939781036135064,0.9341990561354911
ridge_fixed_alpha,2026-04-20 14:35:00+05:30,5,3,3.4166399045868863,4.519327806733846
ridge_fixed_alpha,2026-04-20 14:40:00+05:30,1,3,-3.4538870089050695,-5.334312441840276
ridge_fixed_alpha,2026-04-20 14:40:00+05:30,2,3,-1.9644715004099775,2.673853544923406
ridge_fixed_alpha,2026-04-20 14:40:00+05:30,3,3,0.11510766937032141,0.7782319762273578
ridge_fixed_alpha,2026-04-20 14:40:00+05:30,4,3,3.5138020729205497,5.1389675458658095
ridge_fixed_alpha,2026-04-20 14:40:00+05:30,5,3,1.7894487670241745,-0.5025384553968651
ridge_fixed_alpha,2026-04-20 14:45:00+05:30,1,3,-1.4869818657961735,-0.18694084176495981
ridge_fixed_alpha,2026-04-20 14:45:00+05:30,2,3,-1.242955425371524,-5.1644920827449425
ridge_fixed_alpha,2026-04-20 14:45:00+05:30,3,3,0.5036658624776684,1.0323267668892466
ridge_fixed_alpha,2026-04-20 14:45:00+05:30,4,3,3.3651394153219414,3.130426727197433
ridge_fixed_alpha,2026-04-20 14:45:00+05:30,5,3,-1.138867986631912,3.0484520099987034
ridge_fixed_alpha,2026-04-20 14:50:00+05:30,1,3,-2.8285837634288344,-2.989626089791253
ridge_fixed_alpha,2026-04-20 14:50:00+05:30,2,3,5.8629976823296746,4.466899608059682
ridge_fixed_alpha,2026-04-20 14:50:00+05:30,3,3,1.6359081496809902,-0.10662418643581079
ridge_fixed_alpha,2026-04-20 14:50:00+05:30,4,3,-0.40615301193428877,-0.733308400260535
ridge_fixed_alpha,2026-04-20 14:50:00+05:30,5,3,-4.264169056647541,-2.9304667421394814
ridge_fixed_alpha,2026-04-20 14:55:00+05:30,1,3,3.17123774955889,-0.7781145689037908
ridge_fixed_alpha,2026-04-20 14:55:00+05:30,2,3,-3.977149905985597,-1.7918625195038431
ridge_fixed_alpha,2026-04-20 14:55:00+05:30,3,3,-0.01306796095594141,7.84260533912858
ridge_fixed_alpha,2026-04-20 14:55:00+05:30,4,3,-3.0773132855810297,-1.5265220645114632
ridge_fixed_alpha,2026-04-20 14:55:00+05:30,5,3,3.8962934029636758,3.687654841414053
ridge_fixed_alpha,2026-04-20 15:00:00+05:30,1,3,2.655938852045366,2.747718188837345
ridge_fixed_alpha,2026-04-20 15:00:00+05:30,2,3,-0.17099370786636586,-2.978229153813405
ridge_fixed_alpha,2026-04-20 15:00:00+05:30,3,3,1.4724487241351008,-0.6485488454261996
ridge_fixed_alpha,2026-04-20 15:00:00+05:30,4,3,-0.9738962671697045,0.18395569621065855
ridge_fixed_alpha,2026-04-20 15:00:00+05:30,5,3,-2.983497601144395,3.7605616511098288
ridge_fixed_alpha,2026-04-20 15:05:00+05:30,1,3,-1.58556115375171,-0.8844647719673157
ridge_fixed_alpha,2026-04-20 15:05:00+05:30,2,3,2.602688057633306,3.2860684594195146
ridge_fixed_alpha,2026-04-20 15:05:00+05:30,3,3,-0.9441481883178952,2.418631267112762
ridge_fixed_alpha,2026-04-20 15:05:00+05:30,4,3,-1.833816395629814,-3.2266795874900853
ridge_fixed_alpha,2026-04-20 15:05:00+05:30,5,3,1.7608376800661105,3.295483608841835
ridge_fixed_alpha,2026-04-20 15:10:00+05:30,1,3,-3.0789824531850165,-0.908493647505523
ridge_fixed_alpha,2026-04-20 15:10:00+05:30,2,3,-2.8305127969328794,-1.768832796761174
ridge_fixed_alpha,2026-04-20 15:10:00+05:30,3,3,11.589355781317515,11.54884758841638
ridge_fixed_alpha,2026-04-20 15:10:00+05:30,4,3,-6.0544811415232935,-7.3813244914831735
ridge_fixed_alpha,2026-04-20 15:10:00+05:30,5,3,0.3746206103236721,-0.5614326119683568
ridge_fixed_alpha,2026-04-20 15:15:00+05:30,1,3,-1.7482128476479597,-4.037695272181748
ridge_fixed_alpha,2026-04-20 15:15:00+05:30,2,3,0.43836034593162543,0.27446836734649593
ridge_fixed_alpha,2026-04-20 15:15:00+05:30,3,3,-2.413130796059167,-1.9768189308718338
ridge_fixed_alpha,2026-04-20 15:15:00+05:30,4,3,2.0069409815082206,1.788469771070537
ridge_fixed_alpha,2026-04-20 15:15:00+05:30,5,3,1.716042316267282,2.4901256790147803
ridge_fixed_alpha,2026-04-20 15:20:00+05:30,1,3,6.896002934825433,3.754625872257019
ridge_fixed_alpha,2026-04-20 15:20:00+05:30,2,3,3.9282038599806066,-10.832358833616254
ridge_fixed_alpha,2026-04-20 15:20:00+05:30,3,3,-9.005116347693262,-13.828657948961634
ridge_fixed_alpha,2026-04-20 15:20:00+05:30,4,3,-2.3694006895305098,-1.931121304210063
ridge_fixed_alpha,2026-04-20 15:20:00+05:30,5,3,0.5503102424177325,-5.5835084421080134
ridge_fixed_alpha,2026-04-21 14:15:00+05:30,1,3,-7.208005864512904,-5.835751296689562
ridge_fixed_alpha,2026-04-21 14:15:00+05:30,2,3,4.4530331989157315,4.6439402802205265
ridge_fixed_alpha,2026-04-21 14:15:00+05:30,3,3,5.719319706906904,4.324092390917578
ridge_fixed_alpha,2026-04-21 14:15:00+05:30,4,3,-2.1675826748697165,-1.5814621034433425
ridge_fixed_alpha,2026-04-21 14:15:00+05:30,5,3,-0.7967643664400128,-1.8341348648971407
ridge_fixed_alpha,2026-04-21 14:20:00+05:30,1,3,-2.723117932392327,-0.9124293176757299
ridge_fixed_alpha,2026-04-21 14:20:00+05:30,2,3,0.5911727269237356,4.095976474793576
ridge_fixed_alpha,2026-04-21 14:20:00+05:30,3,3,3.9548789917143905,4.529130335157709
ridge_fixed_alpha,2026-04-21 14:20:00+05:30,4,3,-3.5369435825130697,3.4221052266178256
ridge_fixed_alpha,2026-04-21 14:20:00+05:30,5,3,1.7140097962672722,1.4500840201778036
ridge_fixed_alpha,2026-04-21 14:25:00+05:30,1,3,3.529415992619429,1.765069838170596
ridge_fixed_alpha,2026-04-21 14:25:00+05:30,2,3,0.5936152275286909,1.9240113430170065
ridge_fixed_alpha,2026-04-21 14:25:00+05:30,3,3,-7.787750629106192,-3.6285545665519785
ridge_fixed_alpha,2026-04-21 14:25:00+05:30,4,3,-2.3954978496684527,-0.09807549912910261
ridge_fixed_alpha,2026-04-21 14:25:00+05:30,5,3,6.060217258626524,8.055508371600073
ridge_fixed_alpha,2026-04-21 14:30:00+05:30,1,3,-1.5793465991555955,-2.00417414336466
ridge_fixed_alpha,2026-04-21 14:30:00+05:30,2,3,3.691311285435835,2.6947807113780384
ridge_fixed_alpha,2026-04-21 14:30:00+05:30,3,3,3.1767887905836587,2.103301711803803
ridge_fixed_alpha,2026-04-21 14:30:00+05:30,4,3,-3.4545866313527482,-2.660814447382235
ridge_fixed_alpha,2026-04-21 14:30:00+05:30,5,3,-1.8341668455111497,-0.8967421226930097
ridge_fixed_alpha,2026-04-21 14:35:00+05:30,1,3,-7.186990367955337,-6.816974912483342
ridge_fixed_alpha,2026-04-21 14:35:00+05:30,2,3,-1.9436760025298336,1.1879532448979548
ridge_fixed_alpha,2026-04-21 14:35:00+05:30,3,3,9.396323939163157,8.588345516982399
ridge_fixed_alpha,2026-04-21 14:35:00+05:30,4,3,0.9963278088622742,3.7935376804545395
ridge_fixed_alpha,2026-04-21 14:35:00+05:30,5,3,-1.2619853775402607,-1.5043620369645792
ridge_fixed_alpha,2026-04-21 14:40:00+05:30,1,3,-0.19736779181389602,-2.1475483265275632
ridge_fixed_alpha,2026-04-21 14:40:00+05:30,2,3,3.4024963349936765,0.44926559422682966
ridge_fixed_alpha,2026-04-21 14:40:00+05:30,3,3,2.0325787155821566,2.1598789920363646
ridge_fixed_alpha,2026-04-21 14:40:00+05:30,4,3,-6.570661051194267,-2.63829770082095
ridge_fixed_alpha,2026-04-21 14:40:00+05:30,5,3,1.3329537924323305,-1.1607563296633185
ridge_fixed_alpha,2026-04-21 14:45:00+05:30,1,3,2.8498889502715694,1.2047452725036194
ridge_fixed_alpha,2026-04-21 14:45:00+05:30,2,3,1.8269370373888243,2.138639296847803
ridge_fixed_alpha,2026-04-21 14:45:00+05:30,3,3,-2.507192210159307,-5.533002305462571
ridge_fixed_alpha,2026-04-21 14:45:00+05:30,4,3,-0.6120031404006627,1.5651122170997993
ridge_fixed_alpha,2026-04-21 14:45:00+05:30,5,3,-1.557630637100423,-6.690593949282582
ridge_fixed_alpha,2026-04-21 14:50:00+05:30,1,3,0.027198754679454467,1.677418225067321
ridge_fixed_alpha,2026-04-21 14:50:00+05:30,2,3,1.228705837807468,-1.2027661067298319
ridge_fixed_alpha,2026-04-21 14:50:00+05:30,3,3,7.321479288390073,10.592777798905143
ridge_fixed_alpha,2026-04-21 14:50:00+05:30,4,3,-9.544106634201095,0.9548475725401998
ridge_fixed_alpha,2026-04-21 14:50:00+05:30,5,3,0.9667227533241005,1.0140372628114995
ridge_fixed_alpha,2026-04-21 14:55:00+05:30,1,3,2.9918642785848877,7.1143527314816435
ridge_fixed_alpha,2026-04-21 14:55:00+05:30,2,3,-12.013374588922524,-11.34430387813512
ridge_fixed_alpha,2026-04-21 14:55:00+05:30,3,3,2.3310599127575045,4.103914791871555
ridge_fixed_alpha,2026-04-21 14:55:00+05:30,4,3,-5.195822265099108,-1.8937404927026336
ridge_fixed_alpha,2026-04-21 14:55:00+05:30,5,3,11.886272662679238,12.705784219838145
ridge_fixed_alpha,2026-04-21 15:00:00+05:30,1,3,11.872998684119581,20.505713487819044
ridge_fixed_alpha,2026-04-21 15:00:00+05:30,2,3,-7.815155946885756,-8.753416894907051
ridge_fixed_alpha,2026-04-21 15:00:00+05:30,3,3,0.97721427686781,8.968840785483323
ridge_fixed_alpha,2026-04-21 15:00:00+05:30,4,3,3.9413984288789723,2.3647484288664695
ridge_fixed_alpha,2026-04-21 15:00:00+05:30,5,3,-8.976455442980608,-7.5798640474094015
ridge_fixed_alpha,2026-04-21 15:05:00+05:30,1,3,-1.7696121043982618,-0.4894611172986024
ridge_fixed_alpha,2026-04-21 15:05:00+05:30,2,3,0.28696284713654835,-0.8780497633361267
ridge_fixed_alpha,2026-04-21 15:05:00+05:30,3,3,-2.8759901928310234,-2.8581142004298803
ridge_fixed_alpha,2026-04-21 15:05:00+05:30,4,3,3.1706001718193977,0.626599924917019
ridge_fixed_alpha,2026-04-21 15:05:00+05:30,5,3,1.1880392782733415,-0.3824115853886162
ridge_fixed_alpha,2026-04-21 15:10:00+05:30,1,3,13.937021016841689,-7.562717864013339
ridge_fixed_alpha,2026-04-21 15:10:00+05:30,2,3,-12.675360805914249,-14.04213401530378
ridge_fixed_alpha,2026-04-21 15:10:00+05:30,3,3,-6.926766771989742,-8.41299509787811
ridge_fixed_alpha,2026-04-21 15:10:00+05:30,4,3,1.362385732017671,0.798267868493981
ridge_fixed_alpha,2026-04-21 15:10:00+05:30,5,3,4.302720829044629,2.7974530780653004
ridge_fixed_alpha,2026-04-21 15:15:00+05:30,1,3,5.886881214115736,5.68969737975659
ridge_fixed_alpha,2026-04-21 15:15:00+05:30,2,3,-0.4149896699217801,1.0251556709778658
ridge_fixed_alpha,2026-04-21 15:15:00+05:30,3,3,-15.617579208476876,-13.367098679407071
ridge_fixed_alpha,2026-04-21 15:15:00+05:30,4,3,-1.2942426421260018,3.204279663132118
ridge_fixed_alpha,2026-04-21 15:15:00+05:30,5,3,11.439930306408922,13.350672572343717
ridge_fixed_alpha,2026-04-21 15:20:00+05:30,1,3,-13.851587578452468,-8.057588335211863
ridge_fixed_alpha,2026-04-21 15:20:00+05:30,2,3,-4.075822354165186,-3.1065541362607085
ridge_fixed_alpha,2026-04-21 15:20:00+05:30,3,3,5.614820361854086,5.788777084341223
ridge_fixed_alpha,2026-04-21 15:20:00+05:30,4,3,3.1710617426013625,2.1140009278519667
ridge_fixed_alpha,2026-04-21 15:20:00+05:30,5,3,9.141527828162207,7.006959298201387
ridge_fixed_alpha,2026-04-22 14:15:00+05:30,1,3,0.376636967682975,1.7766016632153974
ridge_fixed_alpha,2026-04-22 14:15:00+05:30,2,3,-2.642088583685457,2.2705717047883196
ridge_fixed_alpha,2026-04-22 14:15:00+05:30,3,3,-0.5151515712914132,-0.9859084173141259
ridge_fixed_alpha,2026-04-22 14:15:00+05:30,4,3,6.127072288130364,8.031132930342336
ridge_fixed_alpha,2026-04-22 14:15:00+05:30,5,3,-3.3464691008364693,-1.693499460395061
ridge_fixed_alpha,2026-04-22 14:20:00+05:30,1,3,2.665815162810725,3.194997809857325
ridge_fixed_alpha,2026-04-22 14:20:00+05:30,2,3,2.3098227859540774,-5.629672016140175
ridge_fixed_alpha,2026-04-22 14:20:00+05:30,3,3,0.4116177321303498,0.9300947477093313
ridge_fixed_alpha,2026-04-22 14:20:00+05:30,4,3,-0.25724138858677476,1.553963984715745
ridge_fixed_alpha,2026-04-22 14:20:00+05:30,5,3,-5.1300142923083785,-4.497524078374449
ridge_fixed_alpha,2026-04-22 14:25:00+05:30,1,3,0.05702627590527731,4.9373600629126395
ridge_fixed_alpha,2026-04-22 14:25:00+05:30,2,3,-3.5252062822150134,-4.291153014172637
ridge_fixed_alpha,2026-04-22 14:25:00+05:30,3,3,1.6861411772581825,2.3077314529079316
ridge_fixed_alpha,2026-04-22 14:25:00+05:30,4,3,3.1752611430884894,-2.2586074443304107
ridge_fixed_alpha,2026-04-22 14:25:00+05:30,5,3,-1.3932223140369349,-4.164600102221676
ridge_fixed_alpha,2026-04-22 14:30:00+05:30,1,3,-2.5226398291213017,-1.950641378627586
ridge_fixed_alpha,2026-04-22 14:30:00+05:30,2,3,-1.9229329570078502,-1.721983941131026
ridge_fixed_alpha,2026-04-22 14:30:00+05:30,3,3,-3.780098497195257,-1.7361808655226667
ridge_fixed_alpha,2026-04-22 14:30:00+05:30,4,3,2.774883617950345,1.5124102036355354
ridge_fixed_alpha,2026-04-22 14:30:00+05:30,5,3,5.450787665374065,6.2547130317401525
ridge_fixed_alpha,2026-04-22 14:35:00+05:30,1,3,-2.7103573392150233,-4.133841136044684
ridge_fixed_alpha,2026-04-22 14:35:00+05:30,2,3,1.7698944129330334,-4.5047509652539715
ridge_fixed_alpha,2026-04-22 14:35:00+05:30,3,3,-1.1597322694163472,1.2676712874349534
ridge_fixed_alpha,2026-04-22 14:35:00+05:30,4,3,3.7132976466744214,7.150456786369015
ridge_fixed_alpha,2026-04-22 14:35:00+05:30,5,3,-1.6131024509760858,1.8130167637942691
ridge_fixed_alpha,2026-04-22 14:40:00+05:30,1,3,0.5759893663031718,1.640596435755537
ridge_fixed_alpha,2026-04-22 14:40:00+05:30,2,3,4.560364423923157,4.854996950057533
ridge_fixed_alpha,2026-04-22 14:40:00+05:30,3,3,0.3509551331361366,3.4532578759147725
ridge_fixed_alpha,2026-04-22 14:40:00+05:30,4,3,-4.6081923516729795,-6.301068425986989
ridge_fixed_alpha,2026-04-22 14:40:00+05:30,5,3,-0.8791165716894858,1.640596435755537
ridge_fixed_alpha,2026-04-22 14:45:00+05:30,1,3,5.627477943571288,2.571831094891526
ridge_fixed_alpha,2026-04-22 14:45:00+05:30,2,3,0.2954560403567454,2.423871313107136
ridge_fixed_alpha,2026-04-22 14:45:00+05:30,3,3,-4.139254509313665,-1.0528347562270095
ridge_fixed_alpha,2026-04-22 14:45:00+05:30,4,3,-7.336317555618477,-5.416108458153138
ridge_fixed_alpha,2026-04-22 14:45:00+05:30,5,3,5.55263808100411,5.528518077411912
ridge_fixed_alpha,2026-04-22 14:50:00+05:30,1,3,-0.6942707109942592,-0.3338250149134876
ridge_fixed_alpha,2026-04-22 14:50:00+05:30,2,3,-0.07611540245600061,-0.5811365642730177
ridge_fixed_alpha,2026-04-22 14:50:00+05:30,3,3,1.1826652381416267,-2.263009265266754
ridge_fixed_alpha,2026-04-22 14:50:00+05:30,4,3,3.4007692057855063,7.517859257761532
ridge_fixed_alpha,2026-04-22 14:50:00+05:30,5,3,-3.8130483304768714,-2.180281230863853
ridge_fixed_alpha,2026-04-22 14:55:00+05:30,1,3,-6.491284199388121,-6.028305651401074
ridge_fixed_alpha,2026-04-22 14:55:00+05:30,2,3,3.7325775151289733,6.153062725621143
ridge_fixed_alpha,2026-04-22 14:55:00+05:30,3,3,0.5953478346423978,2.168146344988446
ridge_fixed_alpha,2026-04-22 14:55:00+05:30,4,3,5.160931087785296,1.552302479927918
ridge_fixed_alpha,2026-04-22 14:55:00+05:30,5,3,-2.9975722381685443,-1.8793328933298286
ridge_fixed_alpha,2026-04-22 15:00:00+05:30,1,3,1.177773656629559,1.6292916495731133
ridge_fixed_alpha,2026-04-22 15:00:00+05:30,2,3,3.561208880426066,2.504055269346791
ridge_fixed_alpha,2026-04-22 15:00:00+05:30,3,3,-1.5919008019885292,-2.758641708449009
ridge_fixed_alpha,2026-04-22 15:00:00+05:30,4,3,1.079702339136309,-1.4229255043817592
ridge_fixed_alpha,2026-04-22 15:00:00+05:30,5,3,-4.226784074203405,-6.595010237423408
ridge_fixed_alpha,2026-04-22 15:05:00+05:30,1,3,0.9948456573823561,1.6969604717816575
ridge_fixed_alpha,2026-04-22 15:05:00+05:30,2,3,-7.629263154500521,-3.9382029479576954
ridge_fixed_alpha,2026-04-22 15:05:00+05:30,3,3,4.943338551803476,19.70092134317277
ridge_fixed_alpha,2026-04-22 15:05:00+05:30,4,3,0.11946062455877259,-2.0516338053636987
ridge_fixed_alpha,2026-04-22 15:05:00+05:30,5,3,1.571618320755919,2.014501434565904
ridge_fixed_alpha,2026-04-22 15:10:00+05:30,1,3,-3.0963466196349083,-2.461688966030273
ridge_fixed_alpha,2026-04-22 15:10:00+05:30,2,3,3.66710487577245,0.4721528998938851
ridge_fixed_alpha,2026-04-22 15:10:00+05:30,3,3,-3.5125826501131536,-4.83781656778115
ridge_fixed_alpha,2026-04-22 15:10:00+05:30,4,3,-2.7633346350321997,-4.602149383542642
ridge_fixed_alpha,2026-04-22 15:10:00+05:30,5,3,5.705159029007812,7.489696759544806
ridge_fixed_alpha,2026-04-22 15:15:00+05:30,1,3,3.979045905462201,-6.134286363449186
ridge_fixed_alpha,2026-04-22 15:15:00+05:30,2,3,-4.458782890186604,1.6689400761596602
ridge_fixed_alpha,2026-04-22 15:15:00+05:30,3,3,9.169477748206088,5.387732768142047
ridge_fixed_alpha,2026-04-22 15:15:00+05:30,4,3,-6.589599570851367,-8.448102550442075
ridge_fixed_alpha,2026-04-22 15:15:00+05:30,5,3,-2.100141192630319,0.30901260562295657
ridge_fixed_alpha,2026-04-22 15:20:00+05:30,1,3,7.013723663387076,8.243996176649615
ridge_fixed_alpha,2026-04-22 15:20:00+05:30,2,3,-2.3260875597609,-0.16800453183241085
ridge_fixed_alpha,2026-04-22 15:20:00+05:30,3,3,-8.75660108509302,-17.057035097966413
ridge_fixed_alpha,2026-04-22 15:20:00+05:30,4,3,11.460913312660416,11.95598861246272
ridge_fixed_alpha,2026-04-22 15:20:00+05:30,5,3,-7.391948331193573,-11.565436708546484
ridge_fixed_alpha,2026-04-23 14:15:00+05:30,1,3,-4.806225208095815,-8.42455877201013
ridge_fixed_alpha,2026-04-23 14:15:00+05:30,2,3,6.876659280783997,5.48059516411111
ridge_fixed_alpha,2026-04-23 14:15:00+05:30,3,3,3.917839422224864,3.7715134799441628
ridge_fixed_alpha,2026-04-23 14:15:00+05:30,4,3,-4.313124652072008,-9.907305325490704
ridge_fixed_alpha,2026-04-23 14:15:00+05:30,5,3,-1.6751488428410342,0.199572420552648
ridge_fixed_alpha,2026-04-23 14:20:00+05:30,1,3,0.8402959151213956,4.118114361162384
ridge_fixed_alpha,2026-04-23 14:20:00+05:30,2,3,-2.1336978629079204,-4.82035638253997
ridge_fixed_alpha,2026-04-23 14:20:00+05:30,3,3,1.9158724527005657,7.140520713078136
ridge_fixed_alpha,2026-04-23 14:20:00+05:30,4,3,-0.8210848223137261,-3.1551988010147802
ridge_fixed_alpha,2026-04-23 14:20:00+05:30,5,3,0.198614317399685,-3.3465417689415577
ridge_fixed_alpha,2026-04-23 14:25:00+05:30,1,3,-2.950360690270548,-1.258036765510025
ridge_fixed_alpha,2026-04-23 14:25:00+05:30,2,3,7.1415955909820035,5.710262400404767
ridge_fixed_alpha,2026-04-23 14:25:00+05:30,3,3,-0.514011224131084,-4.239818130890989
ridge_fixed_alpha,2026-04-23 14:25:00+05:30,4,3,-2.032595397911896,-3.6416865848619326
ridge_fixed_alpha,2026-04-23 14:25:00+05:30,5,3,-1.6446282786684774,0.8011464803593752
ridge_fixed_alpha,2026-04-23 14:30:00+05:30,1,3,3.1093642651863393,3.5178969110521616
ridge_fixed_alpha,2026-04-23 14:30:00+05:30,2,3,7.62197074696987,11.554503931555068
ridge_fixed_alpha,2026-04-23 14:30:00+05:30,3,3,-4.159191248904219,-4.4636355053890115
ridge_fixed_alpha,2026-04-23 14:30:00+05:30,4,3,0.9093864657059305,-6.944848998404233
ridge_fixed_alpha,2026-04-23 14:30:00+05:30,5,3,-7.481530228957922,-2.168946779826412
ridge_fixed_alpha,2026-04-23 14:35:00+05:30,1,3,-0.6195760835909776,3.2252082923727166
ridge_fixed_alpha,2026-04-23 14:35:00+05:30,2,3,-4.413127391039643,-8.399332330622622
ridge_fixed_alpha,2026-04-23 14:35:00+05:30,3,3,5.8584912560252596,8.992313305438593
ridge_fixed_alpha,2026-04-23 14:35:00+05:30,4,3,6.063255994297542,7.434582539523227
ridge_fixed_alpha,2026-04-23 14:35:00+05:30,5,3,-6.889043775692178,-7.495038315038061
ridge_fixed_alpha,2026-04-23 14:40:00+05:30,1,3,2.2609287663425035,3.875033877985749
ridge_fixed_alpha,2026-04-23 14:40:00+05:30,2,3,-4.405705785910818,-5.371205619765303
ridge_fixed_alpha,2026-04-23 14:40:00+05:30,3,3,0.3049827778000376,1.4945442082302902
ridge_fixed_alpha,2026-04-23 14:40:00+05:30,4,3,8.96009592833824,8.294496704194168
ridge_fixed_alpha,2026-04-23 14:40:00+05:30,5,3,-7.120301686569962,-7.59301264958719
ridge_fixed_alpha,2026-04-23 14:45:00+05:30,1,3,-11.34770202910699,-12.783742723836644
ridge_fixed_alpha,2026-04-23 14:45:00+05:30,2,3,6.6755341421596,7.127501012942128
ridge_fixed_alpha,2026-04-23 14:45:00+05:30,3,3,-6.52435743931908,1.3507136937127573
ridge_fixed_alpha,2026-04-23 14:45:00+05:30,4,3,9.340851693227478,5.807274684139552
ridge_fixed_alpha,2026-04-23 14:45:00+05:30,5,3,1.8556736330389934,0.8527142107703778
ridge_fixed_alpha,2026-04-23 14:50:00+05:30,1,3,1.5445210903485644,1.7404382316994482
ridge_fixed_alpha,2026-04-23 14:50:00+05:30,2,3,6.908166919431819,7.992468647205042
ridge_fixed_alpha,2026-04-23 14:50:00+05:30,3,3,0.09132086389892133,-0.895679357912238
ridge_fixed_alpha,2026-04-23 14:50:00+05:30,4,3,-0.3087589244170631,-0.15394964421866497
ridge_fixed_alpha,2026-04-23 14:50:00+05:30,5,3,-8.235249949262244,-5.262320074051363
ridge_fixed_alpha,2026-04-23 14:55:00+05:30,1,3,0.7435995826855877,5.421068153680153
ridge_fixed_alpha,2026-04-23 14:55:00+05:30,2,3,-0.41201541241712547,0.3347132728768185
ridge_fixed_alpha,2026-04-23 14:55:00+05:30,3,3,-1.472779011722899,-0.8556967624020475
ridge_fixed_alpha,2026-04-23 14:55:00+05:30,4,3,-7.065758636353761,-2.871694496592525
ridge_fixed_alpha,2026-04-23 14:55:00+05:30,5,3,8.206953477808199,7.679086485804287
ridge_fixed_alpha,2026-04-23 15:00:00+05:30,1,3,-0.5634707566590791,-0.8029948945521929
ridge_fixed_alpha,2026-04-23 15:00:00+05:30,2,3,-3.496007992910425,-3.592994206195336
ridge_fixed_alpha,2026-04-23 15:00:00+05:30,3,3,1.968810536965886,3.1055213831819493
ridge_fixed_alpha,2026-04-23 15:00:00+05:30,4,3,5.2807041568498185,6.613078470338726
ridge_fixed_alpha,2026-04-23 15:00:00+05:30,5,3,-3.1900359442461976,-5.758642141717877
ridge_fixed_alpha,2026-04-23 15:05:00+05:30,1,3,3.673753388837502,6.030788983366916
ridge_fixed_alpha,2026-04-23 15:05:00+05:30,2,3,-6.240885749577041,-13.485488905072543
ridge_fixed_alpha,2026-04-23 15:05:00+05:30,3,3,3.7090126337967866,-0.8405126533936129
ridge_fixed_alpha,2026-04-23 15:05:00+05:30,4,3,-1.4586778039068853,1.316386767949171
ridge_fixed_alpha,2026-04-23 15:05:00+05:30,5,3,0.31679753084964135,-7.678552066303338
ridge_fixed_alpha,2026-04-23 15:10:00+05:30,1,3,-1.754685001241096,-2.6842987123255244
ridge_fixed_alpha,2026-04-23 15:10:00+05:30,2,3,5.00964792625432,5.965497909603472
ridge_fixed_alpha,2026-04-23 15:10:00+05:30,3,3,-3.9103757430270685,-2.465672295828355
ridge_fixed_alpha,2026-04-23 15:10:00+05:30,4,3,-5.515546580895443,-2.653982625477965
ridge_fixed_alpha,2026-04-23 15:10:00+05:30,5,3,6.170959398909289,1.3537098669979355
ridge_fixed_alpha,2026-04-23 15:15:00+05:30,1,3,-0.47133611337650083,-0.2978333374989244
ridge_fixed_alpha,2026-04-23 15:15:00+05:30,2,3,0.18189377296540163,-1.7363459343752534
ridge_fixed_alpha,2026-04-23 15:15:00+05:30,3,3,5.032717051099163,5.503899732115809
ridge_fixed_alpha,2026-04-23 15:15:00+05:30,4,3,-0.7495782150687511,3.2959371156263315
ridge_fixed_alpha,2026-04-23 15:15:00+05:30,5,3,-3.9936964956193144,-3.257142831949148
ridge_fixed_alpha,2026-04-23 15:20:00+05:30,1,3,10.548306752011275,6.223635910654002
ridge_fixed_alpha,2026-04-23 15:20:00+05:30,2,3,5.554793608916788,10.206641376646841
ridge_fixed_alpha,2026-04-23 15:20:00+05:30,3,3,0.5291643917169818,-1.190423585818223
ridge_fixed_alpha,2026-04-23 15:20:00+05:30,4,3,-4.272937232982091,-3.6364122336627336
ridge_fixed_alpha,2026-04-23 15:20:00+05:30,5,3,-12.359327519662953,7.97457024200221
ridge_fixed_alpha,2026-04-24 14:15:00+05:30,1,3,0.10330660685675674,-3.2004810558872165
ridge_fixed_alpha,2026-04-24 14:15:00+05:30,2,3,-4.373356838735336,-5.020455914839239
ridge_fixed_alpha,2026-04-24 14:15:00+05:30,3,3,4.526605366509766,6.237395344080854
ridge_fixed_alpha,2026-04-24 14:15:00+05:30,4,3,1.339868952903537,-2.970477585025888
ridge_fixed_alpha,2026-04-24 14:15:00+05:30,5,3,-1.5964240875347238,-2.107539715675566
ridge_fixed_alpha,2026-04-24 14:20:00+05:30,1,3,7.1722078360006645,10.53092053758986
ridge_fixed_alpha,2026-04-24 14:20:00+05:30,2,3,-6.518138572373083,-6.391799090915029
ridge_fixed_alpha,2026-04-24 14:20:00+05:30,3,3,1.4050548868496842,-1.8745772015975608
ridge_fixed_alpha,2026-04-24 14:20:00+05:30,4,3,4.235227839748687,-1.162521367801706
ridge_fixed_alpha,2026-04-24 14:20:00+05:30,5,3,-6.294351990225952,-3.725163354666883
ridge_fixed_alpha,2026-04-24 14:25:00+05:30,1,3,7.329082598896381,4.3415662639813375
ridge_fixed_alpha,2026-04-24 14:25:00+05:30,2,3,5.372444988972269,-0.15936459742279108
ridge_fixed_alpha,2026-04-24 14:25:00+05:30,3,3,8.154378426788789,7.168079530002351
ridge_fixed_alpha,2026-04-24 14:25:00+05:30,4,3,-11.37745473952719,-10.769484484229727
ridge_fixed_alpha,2026-04-24 14:25:00+05:30,5,3,-9.47845127513025,-11.974276792303526
ridge_fixed_alpha,2026-04-24 14:30:00+05:30,1,3,6.890833268090812,10.720718893908318
ridge_fixed_alpha,2026-04-24 14:30:00+05:30,2,3,4.095413832003588,3.9356804581357117
ridge_fixed_alpha,2026-04-24 14:30:00+05:30,3,3,-4.92802134446076,-2.6704301942183464
ridge_fixed_alpha,2026-04-24 14:30:00+05:30,4,3,-4.021134859633216,-5.681571416742562
ridge_fixed_alpha,2026-04-24 14:30:00+05:30,5,3,-2.037090896000422,-3.555620952827724
ridge_fixed_alpha,2026-04-24 14:35:00+05:30,1,3,-2.3955874790679843,-0.8673878355781964
ridge_fixed_alpha,2026-04-24 14:35:00+05:30,2,3,-5.462917260701397,-3.7107945100768682
ridge_fixed_alpha,2026-04-24 14:35:00+05:30,3,3,9.118543360464065,1.302628442637473
ridge_fixed_alpha,2026-04-24 14:35:00+05:30,4,3,-0.06432780118818313,1.4036112982861078
ridge_fixed_alpha,2026-04-24 14:35:00+05:30,5,3,-1.1957108195064972,-6.060585810741129
ridge_fixed_alpha,2026-04-24 14:40:00+05:30,1,3,-11.482750099265951,-7.939875435144369
ridge_fixed_alpha,2026-04-24 14:40:00+05:30,2,3,2.442377530638288,3.7392190019038076
ridge_fixed_alpha,2026-04-24 14:40:00+05:30,3,3,7.568683993096403,7.5806710650196205
ridge_fixed_alpha,2026-04-24 14:40:00+05:30,4,3,-3.188353553192765,0.4974834743278015
ridge_fixed_alpha,2026-04-24 14:40:00+05:30,5,3,4.660042128724025,1.2904252316782532
ridge_fixed_alpha,2026-04-24 14:45:00+05:30,1,3,-9.520779629837477,-6.951476937081018
ridge_fixed_alpha,2026-04-24 14:45:00+05:30,2,3,-0.8790174632384109,0.6420767897102517
ridge_fixed_alpha,2026-04-24 14:45:00+05:30,3,3,-1.8092119873882595,-3.8853186192084146
ridge_fixed_alpha,2026-04-24 14:45:00+05:30,4,3,12.027154018392643,13.738473364781031
ridge_fixed_alpha,2026-04-24 14:45:00+05:30,5,3,0.18185506207150476,-2.0418395491711796
ridge_fixed_alpha,2026-04-24 14:50:00+05:30,1,3,4.727295302263826,5.121492140582662
ridge_fixed_alpha,2026-04-24 14:50:00+05:30,2,3,-3.5524927765087098,-4.352135206900032
ridge_fixed_alpha,2026-04-24 14:50:00+05:30,3,3,1.1235986293361608,-1.2983268225410518
ridge_fixed_alpha,2026-04-24 14:50:00+05:30,4,3,-5.0231413448211795,-0.5315733112600809
ridge_fixed_alpha,2026-04-24 14:50:00+05:30,5,3,2.7247401897299017,2.2127293554261573
ridge_fixed_alpha,2026-04-24 14:55:00+05:30,1,3,0.7965425504234225,-0.6306849530731307
ridge_fixed_alpha,2026-04-24 14:55:00+05:30,2,3,2.5415346842642506,1.9635662472409599
ridge_fixed_alpha,2026-04-24 14:55:00+05:30,3,3,-8.844552481077995,-7.004229019542303
ridge_fixed_alpha,2026-04-24 14:55:00+05:30,4,3,-6.0665505270862665,-6.812714114076875
ridge_fixed_alpha,2026-04-24 14:55:00+05:30,5,3,11.573025773476594,13.765729622159755
ridge_fixed_alpha,2026-04-24 15:00:00+05:30,1,3,-3.4373953287354375,-5.461231872426679
ridge_fixed_alpha,2026-04-24 15:00:00+05:30,2,3,2.196642383148465,1.1378120772277032
ridge_fixed_alpha,2026-04-24 15:00:00+05:30,3,3,-1.209826228298091,6.933383154583768
ridge_fixed_alpha,2026-04-24 15:00:00+05:30,4,3,1.7291688965671197,0.5499570388534846
ridge_fixed_alpha,2026-04-24 15:00:00+05:30,5,3,0.7214102773179426,-4.576745758859616
ridge_fixed_alpha,2026-04-24 15:05:00+05:30,1,3,2.49203017195961,2.7087161555368793
ridge_fixed_alpha,2026-04-24 15:05:00+05:30,2,3,2.183902300465871,3.475175878078958
ridge_fixed_alpha,2026-04-24 15:05:00+05:30,3,3,2.2110920282817728,2.72193695069219
ridge_fixed_alpha,2026-04-24 15:05:00+05:30,4,3,-1.2982649051536868,0.7768488408418001
ridge_fixed_alpha,2026-04-24 15:05:00+05:30,5,3,-5.588759595553569,-2.6957590185576015
ridge_fixed_alpha,2026-04-24 15:10:00+05:30,1,3,-3.7146868909816444,-4.504077814741973
ridge_fixed_alpha,2026-04-24 15:10:00+05:30,2,3,-8.034173740323633,-2.3243794320925533
ridge_fixed_alpha,2026-04-24 15:10:00+05:30,3,3,7.638048231894289,9.876965344952712
ridge_fixed_alpha,2026-04-24 15:10:00+05:30,4,3,2.565636227730872,1.3638617858902817
ridge_fixed_alpha,2026-04-24 15:10:00+05:30,5,3,1.5451761716801142,-0.8675628969222844
ridge_fixed_alpha,2026-04-24 15:15:00+05:30,1,3,1.0372387429316015,-1.4247224151665943
ridge_fixed_alpha,2026-04-24 15:15:00+05:30,2,3,1.5347089764223092,2.4694439644599906
ridge_fixed_alpha,2026-04-24 15:15:00+05:30,3,3,-3.0519105758609975,0.199199585544226
ridge_fixed_alpha,2026-04-24 15:15:00+05:30,4,3,1.4396530152914389,0.8163692454830803
ridge_fixed_alpha,2026-04-24 15:15:00+05:30,5,3,-0.9596901587843506,-1.6786407345582937
ridge_fixed_alpha,2026-04-24 15:20:00+05:30,1,3,-1.9698389042680884,-2.823468185935892
ridge_fixed_alpha,2026-04-24 15:20:00+05:30,2,3,14.832315837338312,15.723994541195033
ridge_fixed_alpha,2026-04-24 15:20:00+05:30,3,3,-6.773946550200361,-5.236280069091567
ridge_fixed_alpha,2026-04-24 15:20:00+05:30,4,3,-14.168465907596532,-2.2157283576125972
ridge_fixed_alpha,2026-04-24 15:20:00+05:30,5,3,8.07993552472667,8.58376190760827
ridge_fixed_alpha,2026-04-27 14:15:00+05:30,1,3,-1.0286854394276164,0.8624711933478133
ridge_fixed_alpha,2026-04-27 14:15:00+05:30,2,3,-5.783548372624145,-6.670608304867542
ridge_fixed_alpha,2026-04-27 14:15:00+05:30,3,3,-2.075776774177695,0.5618011788430797
ridge_fixed_alpha,2026-04-27 14:15:00+05:30,4,3,6.038714634845584,6.3907499249258315
ridge_fixed_alpha,2026-04-27 14:15:00+05:30,5,3,2.849295951383872,6.294528411819655
ridge_fixed_alpha,2026-04-27 14:20:00+05:30,1,3,-2.5746724032338353,-2.4509551427117264
ridge_fixed_alpha,2026-04-27 14:20:00+05:30,2,3,1.4836483870990977,2.079919612979856
ridge_fixed_alpha,2026-04-27 14:20:00+05:30,3,3,-1.0615239591345766,-5.340532152104579
ridge_fixed_alpha,2026-04-27 14:20:00+05:30,4,3,6.34711477960126,2.1616694796981286
ridge_fixed_alpha,2026-04-27 14:20:00+05:30,5,3,-4.194566804331945,-2.7652686386832785
ridge_fixed_alpha,2026-04-27 14:25:00+05:30,1,3,-4.826518617237596,-3.3002447373937644
ridge_fixed_alpha,2026-04-27 14:25:00+05:30,2,3,5.7952133152177066,2.7349814048864833
ridge_fixed_alpha,2026-04-27 14:25:00+05:30,3,3,-3.184441236389723,-4.250821628267287
ridge_fixed_alpha,2026-04-27 14:25:00+05:30,4,3,-2.4745203464426146,-7.264740528081903
ridge_fixed_alpha,2026-04-27 14:25:00+05:30,5,3,4.690266884852227,0.6387257769073789
ridge_fixed_alpha,2026-04-27 14:30:00+05:30,1,3,1.615410653032611,-3.2485839997917023
ridge_fixed_alpha,2026-04-27 14:30:00+05:30,2,3,1.0635767098898055,-1.6830712002654884
ridge_fixed_alpha,2026-04-27 14:30:00+05:30,3,3,0.5089716285070118,-2.808565792276877
ridge_fixed_alpha,2026-04-27 14:30:00+05:30,4,3,-1.5863806120242814,-0.5086194302136675
ridge_fixed_alpha,2026-04-27 14:30:00+05:30,5,3,-1.601578379405148,-5.461789459032233
ridge_fixed_alpha,2026-04-27 14:35:00+05:30,1,3,-4.254668174597039,-1.5725058390522555
ridge_fixed_alpha,2026-04-27 14:35:00+05:30,2,3,9.461184208603349,8.248450571011498
ridge_fixed_alpha,2026-04-27 14:35:00+05:30,3,3,-6.75321044568437,-5.247053560336316
ridge_fixed_alpha,2026-04-27 14:35:00+05:30,4,3,3.1231955313733017,4.244641685154112
ridge_fixed_alpha,2026-04-27 14:35:00+05:30,5,3,-1.5765011196952432,-3.0673739509753752
ridge_fixed_alpha,2026-04-27 14:40:00+05:30,1,3,3.255951559139344,0.48844709339405473
ridge_fixed_alpha,2026-04-27 14:40:00+05:30,2,3,-0.913375870668901,-1.200171616501174
ridge_fixed_alpha,2026-04-27 14:40:00+05:30,3,3,-8.026774663990302,-13.424156460644173
ridge_fixed_alpha,2026-04-27 14:40:00+05:30,4,3,1.599394121064135,2.422309015652694
ridge_fixed_alpha,2026-04-27 14:40:00+05:30,5,3,4.084804854455726,5.106584829350706
ridge_fixed_alpha,2026-04-27 14:45:00+05:30,1,3,7.117959752870849,-6.046927710807208
ridge_fixed_alpha,2026-04-27 14:45:00+05:30,2,3,-1.7617038218026662,-6.801075523777437
ridge_fixed_alpha,2026-04-27 14:45:00+05:30,3,3,0.8522289326974668,5.515472348234758
ridge_fixed_alpha,2026-04-27 14:45:00+05:30,4,3,-4.748250859979282,-6.046927710807208
ridge_fixed_alpha,2026-04-27 14:45:00+05:30,5,3,-1.4602340037863648,-1.6140228916067625
ridge_fixed_alpha,2026-04-27 14:50:00+05:30,1,3,-1.2074326639769004,-2.4058202147199115
ridge_fixed_alpha,2026-04-27 14:50:00+05:30,2,3,-7.320660285343284,-5.438531362391252
ridge_fixed_alpha,2026-04-27 14:50:00+05:30,3,3,-2.5159640253635076,-2.5844057523034536
ridge_fixed_alpha,2026-04-27 14:50:00+05:30,4,3,5.426955108205418,3.0855922572030625
ridge_fixed_alpha,2026-04-27 14:50:00+05:30,5,3,5.617101866478273,5.541639043066704
ridge_fixed_alpha,2026-04-27 14:55:00+05:30,1,3,9.201181870977182,7.460886791380794
ridge_fixed_alpha,2026-04-27 14:55:00+05:30,2,3,0.7319688773816209,-0.7152765229354594
ridge_fixed_alpha,2026-04-27 14:55:00+05:30,3,3,-4.106526742991981,-5.766614244374413
ridge_fixed_alpha,2026-04-27 14:55:00+05:30,4,3,4.691352524758126,3.950539129761399
ridge_fixed_alpha,2026-04-27 14:55:00+05:30,5,3,-10.517976530124947,-10.179477188093422
ridge_fixed_alpha,2026-04-27 15:00:00+05:30,1,3,-3.029644099702559,-4.237919737394809
ridge_fixed_alpha,2026-04-27 15:00:00+05:30,2,3,1.7733679310189356,0.2713250784952919
ridge_fixed_alpha,2026-04-27 15:00:00+05:30,3,3,0.7421581678311492,0.2934462556309175
ridge_fixed_alpha,2026-04-27 15:00:00+05:30,4,3,-2.1672765192805405,-2.417259581217153
ridge_fixed_alpha,2026-04-27 15:00:00+05:30,5,3,2.6813945201330145,1.619882122457265
ridge_fixed_alpha,2026-04-27 15:05:00+05:30,1,3,4.572650866756363,2.990325328710982
ridge_fixed_alpha,2026-04-27 15:05:00+05:30,2,3,0.6596630834601054,-1.2318817022528943
ridge_fixed_alpha,2026-04-27 15:05:00+05:30,3,3,-8.430803268482629,-2.1212692399032265
ridge_fixed_alpha,2026-04-27 15:05:00+05:30,4,3,1.862450523020476,-2.1606081629756226
ridge_fixed_alpha,2026-04-27 15:05:00+05:30,5,3,1.3360387952456865,0.4578783518181713
ridge_fixed_alpha,2026-04-27 15:10:00+05:30,1,3,7.791650543362542,8.522926167901032
ridge_fixed_alpha,2026-04-27 15:10:00+05:30,2,3,-3.627097900813059,0.5289116165075507
ridge_fixed_alpha,2026-04-27 15:10:00+05:30,3,3,1.165704652963469,1.0263131918365103
ridge_fixed_alpha,2026-04-27 15:10:00+05:30,4,3,-7.3828125832478735,-8.376395917384297
ridge_fixed_alpha,2026-04-27 15:10:00+05:30,5,3,2.052555287734921,5.914999857942267
ridge_fixed_alpha,2026-04-27 15:15:00+05:30,1,3,-6.837936036233173,-7.4888534800798086
ridge_fixed_alpha,2026-04-27 15:15:00+05:30,2,3,1.2573249373131197,2.2491347758558287
ridge_fixed_alpha,2026-04-27 15:15:00+05:30,3,3,3.062947134215177,2.6407470900414363
ridge_fixed_alpha,2026-04-27 15:15:00+05:30,4,3,1.7636258363763107,-0.7932131747056349
ridge_fixed_alpha,2026-04-27 15:15:00+05:30,5,3,0.7540381283285635,-0.1481678822456235
ridge_fixed_alpha,2026-04-27 15:20:00+05:30,1,3,-7.8651424260345335,-7.199334865111892
ridge_fixed_alpha,2026-04-27 15:20:00+05:30,2,3,7.144067626060715,11.062725704055568
ridge_fixed_alpha,2026-04-27 15:20:00+05:30,3,3,-4.5202802039749175,-9.508003917402993
ridge_fixed_alpha,2026-04-27 15:20:00+05:30,4,3,7.735936744692751,2.947798569693886
ridge_fixed_alpha,2026-04-27 15:20:00+05:30,5,3,-2.4945817407440183,1.1075674155095838
ridge_fixed_alpha,2026-04-28 14:15:00+05:30,1,3,-4.683648135455891,-2.5040491816634702
ridge_fixed_alpha,2026-04-28 14:15:00+05:30,2,3,1.7329838056900169,1.5023610747462168
ridge_fixed_alpha,2026-04-28 14:15:00+05:30,3,3,7.9288548422772696,10.147898225927987
ridge_fixed_alpha,2026-04-28 14:15:00+05:30,4,3,-4.459952532837856,-7.526650889347231
ridge_fixed_alpha,2026-04-28 14:15:00+05:30,5,3,-0.5182379796735413,-0.2432133183465356
ridge_fixed_alpha,2026-04-28 14:20:00+05:30,1,3,0.5935952934257304,6.065674268154038
ridge_fixed_alpha,2026-04-28 14:20:00+05:30,2,3,0.8812899057551635,8.926249815954652
ridge_fixed_alpha,2026-04-28 14:20:00+05:30,3,3,0.04774944622868854,1.6287233408317128
ridge_fixed_alpha,2026-04-28 14:20:00+05:30,4,3,-3.9795928449957167,7.976624010175144
ridge_fixed_alpha,2026-04-28 14:20:00+05:30,5,3,2.456958199586134,2.9830602114354248
ridge_fixed_alpha,2026-04-28 14:25:00+05:30,1,3,1.3841523344516977,0.3114883742388517
ridge_fixed_alpha,2026-04-28 14:25:00+05:30,2,3,-7.250455284840918,-4.258225920445484
ridge_fixed_alpha,2026-04-28 14:25:00+05:30,3,3,-1.0088299992622543,-5.440224841362677
ridge_fixed_alpha,2026-04-28 14:25:00+05:30,4,3,5.7298930403058,9.73728442470064
ridge_fixed_alpha,2026-04-28 14:25:00+05:30,5,3,1.1452399093456747,-1.7197986943856916
ridge_fixed_alpha,2026-04-28 14:30:00+05:30,1,3,1.7540135540560584,-3.439419598764593
ridge_fixed_alpha,2026-04-28 14:30:00+05:30,2,3,0.893896604513851,3.4470172777874004
ridge_fixed_alpha,2026-04-28 14:30:00+05:30,3,3,3.6150792555891997,0.6179246758593044
ridge_fixed_alpha,2026-04-28 14:30:00+05:30,4,3,-3.041818988790117,-1.9887639336995115
ridge_fixed_alpha,2026-04-28 14:30:00+05:30,5,3,-3.2211704253689954,3.3206664424973993
ridge_fixed_alpha,2026-04-28 14:35:00+05:30,1,3,-39.7162588591343,4.866524561537429
ridge_fixed_alpha,2026-04-28 14:35:00+05:30,2,3,3.781461753768146,-0.18738379425912532
ridge_fixed_alpha,2026-04-28 14:35:00+05:30,3,3,10.80058091137707,11.080461534462701
ridge_fixed_alpha,2026-04-28 14:35:00+05:30,4,3,10.53177908131664,9.957526216113196
ridge_fixed_alpha,2026-04-28 14:35:00+05:30,5,3,14.602437112672431,13.344366565390805
ridge_fixed_alpha,2026-04-28 14:40:00+05:30,1,3,2.2477796464163515,-2.7243075119687266
ridge_fixed_alpha,2026-04-28 14:40:00+05:30,2,3,-3.873796351081908,-3.9945572558119924
ridge_fixed_alpha,2026-04-28 14:40:00+05:30,3,3,-0.18784662043117945,1.6152667410596067
ridge_fixed_alpha,2026-04-28 14:40:00+05:30,4,3,2.0813183797674384,1.4151967468456483
ridge_fixed_alpha,2026-04-28 14:40:00+05:30,5,3,-0.2674550546707029,0.7905045015510481
ridge_fixed_alpha,2026-04-28 14:45:00+05:30,1,3,-8.521452943164235,-0.3024706268031825
ridge_fixed_alpha,2026-04-28 14:45:00+05:30,2,3,-0.39436621412288386,0.740786132142605
ridge_fixed_alpha,2026-04-28 14:45:00+05:30,3,3,-0.8538517490700077,-1.9190241347247412
ridge_fixed_alpha,2026-04-28 14:45:00+05:30,4,3,2.290740129674637,1.9566444181015423
ridge_fixed_alpha,2026-04-28 14:45:00+05:30,5,3,7.478930776682493,1.4513836846227572
ridge_fixed_alpha,2026-04-28 14:50:00+05:30,1,3,-1.385482904474748,2.0565661398788126
ridge_fixed_alpha,2026-04-28 14:50:00+05:30,2,3,4.918334896413097,9.12985630800578
ridge_fixed_alpha,2026-04-28 14:50:00+05:30,3,3,-0.8878278849753227,-2.592434325020321
ridge_fixed_alpha,2026-04-28 14:50:00+05:30,4,3,-1.354127911411318,-0.2062429760083529
ridge_fixed_alpha,2026-04-28 14:50:00+05:30,5,3,-1.2908961955517084,-3.0347595140376438
ridge_fixed_alpha,2026-04-28 14:55:00+05:30,1,3,-2.8195667164165856,0.21235841777082373
ridge_fixed_alpha,2026-04-28 14:55:00+05:30,2,3,-5.741191369141862,-5.077506149882745
ridge_fixed_alpha,2026-04-28 14:55:00+05:30,3,3,-3.729566684995318,-4.7760083512023614
ridge_fixed_alpha,2026-04-28 14:55:00+05:30,4,3,-2.3995843447207243,-8.77925676559051
ridge_fixed_alpha,2026-04-28 14:55:00+05:30,5,3,14.689909115274496,5.871640924216918
ridge_fixed_alpha,2026-04-28 15:00:00+05:30,1,3,2.6479135213965934,0.21612264885861898
ridge_fixed_alpha,2026-04-28 15:00:00+05:30,2,3,-13.159905567473004,-14.860219950735054
ridge_fixed_alpha,2026-04-28 15:00:00+05:30,3,3,1.178281145492492,1.5389110149368614
ridge_fixed_alpha,2026-04-28 15:00:00+05:30,4,3,5.492646865684477,8.10147275046047
ridge_fixed_alpha,2026-04-28 15:00:00+05:30,5,3,3.8410640348994405,7.7618605567288945
ridge_fixed_alpha,2026-04-28 15:05:00+05:30,1,3,0.9104035004448009,0.6582466164299177
ridge_fixed_alpha,2026-04-28 15:05:00+05:30,2,3,-5.194653103962979,-7.887801564197735
ridge_fixed_alpha,2026-04-28 15:05:00+05:30,3,3,3.9934770717653394,13.015169543131682
ridge_fixed_alpha,2026-04-28 15:05:00+05:30,4,3,-4.401978190946564,-1.6608906420797116
ridge_fixed_alpha,2026-04-28 15:05:00+05:30,5,3,4.692750722699405,7.962480240191564
ridge_fixed_alpha,2026-04-28 15:10:00+05:30,1,3,2.6236172282786026,5.737657216606054
ridge_fixed_alpha,2026-04-28 15:10:00+05:30,2,3,3.8917828054392993,2.937856154459443
ridge_fixed_alpha,2026-04-28 15:10:00+05:30,3,3,-0.9563617885455248,15.703898360942917
ridge_fixed_alpha,2026-04-28 15:10:00+05:30,4,3,3.19948502560748,3.9843873876736304
ridge_fixed_alpha,2026-04-28 15:10:00+05:30,5,3,-8.758523270779863,-6.8662829608941625
ridge_fixed_alpha,2026-04-28 15:15:00+05:30,1,3,-1.446607562967106,-1.5492487863111304
ridge_fixed_alpha,2026-04-28 15:15:00+05:30,2,3,-11.70608027053192,-13.30388886138234
ridge_fixed_alpha,2026-04-28 15:15:00+05:30,3,3,-0.3639236534576836,1.8555673781717186
ridge_fixed_alpha,2026-04-28 15:15:00+05:30,4,3,3.40335252413911,5.687846268501717
ridge_fixed_alpha,2026-04-28 15:15:00+05:30,5,3,10.1132589628176,21.558220600536025
ridge_fixed_alpha,2026-04-28 15:20:00+05:30,1,3,-10.016413029888609,-2.2904973767439167
ridge_fixed_alpha,2026-04-28 15:20:00+05:30,2,3,4.026558287633023,3.407389192043419
ridge_fixed_alpha,2026-04-28 15:20:00+05:30,3,3,11.723586782817598,18.529914824523928
ridge_fixed_alpha,2026-04-28 15:20:00+05:30,4,3,0.9621857655694273,-7.479350309637534
ridge_fixed_alpha,2026-04-28 15:20:00+05:30,5,3,-6.695917806131437,-5.148603713577726
ridge_fixed_alpha,2026-04-29 14:15:00+05:30,1,3,-8.97716924120173,-15.056737489725469
ridge_fixed_alpha,2026-04-29 14:15:00+05:30,2,3,-1.310710274363987,-3.452939010953448
ridge_fixed_alpha,2026-04-29 14:15:00+05:30,3,3,5.167479824903584,8.179992329572672
ridge_fixed_alpha,2026-04-29 14:15:00+05:30,4,3,-1.3809505459282754,1.9652672121910357
ridge_fixed_alpha,2026-04-29 14:15:00+05:30,5,3,6.501350236590413,7.51701635639912
ridge_fixed_alpha,2026-04-29 14:20:00+05:30,1,3,-7.842842580191894,-4.562567207012869
ridge_fixed_alpha,2026-04-29 14:20:00+05:30,2,3,-11.971176985773177,0.654099043220002
ridge_fixed_alpha,2026-04-29 14:20:00+05:30,3,3,23.98949692291426,3.456285453020458
ridge_fixed_alpha,2026-04-29 14:20:00+05:30,4,3,-2.500396627501899,-0.5052333704693714
ridge_fixed_alpha,2026-04-29 14:20:00+05:30,5,3,-1.6750807294472947,-2.678840822911921
ridge_fixed_alpha,2026-04-29 14:25:00+05:30,1,3,-4.477151843609084,-3.117255082324559
ridge_fixed_alpha,2026-04-29 14:25:00+05:30,2,3,-6.525232366847581,-10.220181125531061
ridge_fixed_alpha,2026-04-29 14:25:00+05:30,3,3,6.845402212877807,7.006281978795122
ridge_fixed_alpha,2026-04-29 14:25:00+05:30,4,3,-2.0933898709990153,-2.480532318732835
ridge_fixed_alpha,2026-04-29 14:25:00+05:30,5,3,6.250371868577871,8.401004439563115
ridge_fixed_alpha,2026-04-29 14:30:00+05:30,1,3,-7.284194221360914,-3.859488800203111
ridge_fixed_alpha,2026-04-29 14:30:00+05:30,2,3,2.0938727411556144,1.407596290198191
ridge_fixed_alpha,2026-04-29 14:30:00+05:30,3,3,-7.490700739382146,-5.67439204834382
ridge_fixed_alpha,2026-04-29 14:30:00+05:30,4,3,4.7143077653821015,6.694308978059042
ridge_fixed_alpha,2026-04-29 14:30:00+05:30,5,3,7.966714454205344,7.887384680602609
ridge_fixed_alpha,2026-04-29 14:35:00+05:30,1,3,-1.5471156385612104,-1.5705325824844074
ridge_fixed_alpha,2026-04-29 14:35:00+05:30,2,3,-7.283876832039718,-6.884031061864526
ridge_fixed_alpha,2026-04-29 14:35:00+05:30,3,3,16.785040647120386,15.818749404621357
ridge_fixed_alpha,2026-04-29 14:35:00+05:30,4,3,-3.567812370073309,-2.5185281302020357
ridge_fixed_alpha,2026-04-29 14:35:00+05:30,5,3,-4.386235806446148,-3.327831194221975
ridge_fixed_alpha,2026-04-29 14:40:00+05:30,1,3,-4.8399251615912995,-6.085910316136367
ridge_fixed_alpha,2026-04-29 14:40:00+05:30,2,3,7.888910084690838,2.863229883629081
ridge_fixed_alpha,2026-04-29 14:40:00+05:30,3,3,1.3161613115937327,0.6354377383317451
ridge_fixed_alpha,2026-04-29 14:40:00+05:30,4,3,-6.215804341627237,-3.4935389938188792
ridge_fixed_alpha,2026-04-29 14:40:00+05:30,5,3,1.8506581069339663,1.761684142445707
ridge_fixed_alpha,2026-04-29 14:45:00+05:30,1,3,5.7687235476210725,7.383228690118686
ridge_fixed_alpha,2026-04-29 14:45:00+05:30,2,3,-2.670292402901027,-3.1418153715124424
ridge_fixed_alpha,2026-04-29 14:45:00+05:30,3,3,2.0144479774186026,0.9441594344815988
ridge_fixed_alpha,2026-04-29 14:45:00+05:30,4,3,-1.2178926946223945,-1.3935636232598931
ridge_fixed_alpha,2026-04-29 14:45:00+05:30,5,3,-3.894986427516252,-3.95307219761228
ridge_fixed_alpha,2026-04-29 14:50:00+05:30,1,3,-4.9629054077659305,-9.611362720518843
ridge_fixed_alpha,2026-04-29 14:50:00+05:30,2,3,4.660026438387515,2.8231830178934527
ridge_fixed_alpha,2026-04-29 14:50:00+05:30,3,3,-7.601147031650896,-6.044679644256219
ridge_fixed_alpha,2026-04-29 14:50:00+05:30,4,3,4.0286965220138375,7.770472316152836
ridge_fixed_alpha,2026-04-29 14:50:00+05:30,5,3,3.8753294790154778,0.9908905686936513
ridge_fixed_alpha,2026-04-29 14:55:00+05:30,1,3,-4.730159026178644,-7.6471905570011005
ridge_fixed_alpha,2026-04-29 14:55:00+05:30,2,3,-5.896392949143198,-3.9476902259685995
ridge_fixed_alpha,2026-04-29 14:55:00+05:30,3,3,-6.009698203514714,-7.75585888214277
ridge_fixed_alpha,2026-04-29 14:55:00+05:30,4,3,8.119989041733168,7.720087792117673
ridge_fixed_alpha,2026-04-29 14:55:00+05:30,5,3,8.516261137103392,2.1345468750874432
ridge_fixed_alpha,2026-04-29 15:00:00+05:30,1,3,1.488144590392334,3.1288072207693585
ridge_fixed_alpha,2026-04-29 15:00:00+05:30,2,3,-0.9406471257535178,-2.778062605816922
ridge_fixed_alpha,2026-04-29 15:00:00+05:30,3,3,-1.7747177077551697,0.09098182521616338
ridge_fixed_alpha,2026-04-29 15:00:00+05:30,4,3,-5.5702195346757,-12.139382702302859
ridge_fixed_alpha,2026-04-29 15:00:00+05:30,5,3,6.797439777792049,4.663846212873635
ridge_fixed_alpha,2026-04-29 15:05:00+05:30,1,3,-3.075181812109899,-1.7558823768026128
ridge_fixed_alpha,2026-04-29 15:05:00+05:30,2,3,14.653447245513682,1.6817892746024592
ridge_fixed_alpha,2026-04-29 15:05:00+05:30,3,3,-0.9209826529824239,-2.927455191431487
ridge_fixed_alpha,2026-04-29 15:05:00+05:30,4,3,-7.745481439074202,-11.38057062015855
ridge_fixed_alpha,2026-04-29 15:05:00+05:30,5,3,-2.9118013413471644,-4.176719564260504
ridge_fixed_alpha,2026-04-29 15:10:00+05:30,1,3,-1.8259137569225365,8.999475797539716
ridge_fixed_alpha,2026-04-29 15:10:00+05:30,2,3,0.08528241871134501,1.7573824194427141
ridge_fixed_alpha,2026-04-29 15:10:00+05:30,3,3,-4.578917931515214,-1.105820699687306
ridge_fixed_alpha,2026-04-29 15:10:00+05:30,4,3,3.376039632916254,2.99982558760951
ridge_fixed_alpha,2026-04-29 15:10:00+05:30,5,3,2.9435096368101528,3.6914639083584317
ridge_fixed_alpha,2026-04-29 15:15:00+05:30,1,3,0.31178654457512467,0.5564009164743903
ridge_fixed_alpha,2026-04-29 15:15:00+05:30,2,3,1.4367596204887993,-0.14025197332564096
ridge_fixed_alpha,2026-04-29 15:15:00+05:30,3,3,-2.181573985358269,-4.280721330702193
ridge_fixed_alpha,2026-04-29 15:15:00+05:30,4,3,-6.2569663961780835,-4.999614666166237
ridge_fixed_alpha,2026-04-29 15:15:00+05:30,5,3,6.689994216472428,7.506383826352862
ridge_fixed_alpha,2026-04-29 15:20:00+05:30,1,3,-4.908240051129182,-11.41570869917663
ridge_fixed_alpha,2026-04-29 15:20:00+05:30,2,3,-7.159154771582575,-10.239090726063438
ridge_fixed_alpha,2026-04-29 15:20:00+05:30,3,3,9.004113772857961,14.094002456781052
ridge_fixed_alpha,2026-04-29 15:20:00+05:30,4,3,-0.5431685697181448,1.830341460397733
ridge_fixed_alpha,2026-04-29 15:20:00+05:30,5,3,3.606449619571942,4.1128915808670286
ridge_fixed_alpha,2026-04-30 14:15:00+05:30,1,3,-6.311249083894133,-9.977707585908213
ridge_fixed_alpha,2026-04-30 14:15:00+05:30,2,3,7.400618611132764,8.176093574101984
ridge_fixed_alpha,2026-04-30 14:15:00+05:30,3,3,5.981107225301023,-4.05405190865471
ridge_fixed_alpha,2026-04-30 14:15:00+05:30,4,3,-7.229577484697101,-7.227689478766619
ridge_fixed_alpha,2026-04-30 14:15:00+05:30,5,3,0.15910073215745082,1.3992125785926572
ridge_fixed_alpha,2026-04-30 14:20:00+05:30,1,3,-8.625811627267204,-6.000526547078315
ridge_fixed_alpha,2026-04-30 14:20:00+05:30,2,3,1.0315935010654822,-0.1214397448886888
ridge_fixed_alpha,2026-04-30 14:20:00+05:30,3,3,1.3895524541280844,2.2796940160599486
ridge_fixed_alpha,2026-04-30 14:20:00+05:30,4,3,3.5863268868111153,-3.1996253261920384
ridge_fixed_alpha,2026-04-30 14:20:00+05:30,5,3,2.618338785262519,4.791846426880649
ridge_fixed_alpha,2026-04-30 14:25:00+05:30,1,3,3.378421428302432,-0.9838025585939825
ridge_fixed_alpha,2026-04-30 14:25:00+05:30,2,3,-7.088236410329371,-8.69262563825357
ridge_fixed_alpha,2026-04-30 14:25:00+05:30,3,3,-3.3100230902216587,-5.688901019726966
ridge_fixed_alpha,2026-04-30 14:25:00+05:30,4,3,1.8643461537052688,1.7325049134586656
ridge_fixed_alpha,2026-04-30 14:25:00+05:30,5,3,5.155491918543328,4.230877684681111
ridge_fixed_alpha,2026-04-30 14:30:00+05:30,1,3,3.8556817633024205,2.989074202435512
ridge_fixed_alpha,2026-04-30 14:30:00+05:30,2,3,-0.977167256798269,-2.991240628777684
ridge_fixed_alpha,2026-04-30 14:30:00+05:30,3,3,-8.25753677125274,-9.272154501746824
ridge_fixed_alpha,2026-04-30 14:30:00+05:30,4,3,-0.9170153131610923,-1.4197791582046075
ridge_fixed_alpha,2026-04-30 14:30:00+05:30,5,3,6.296037577909678,7.0224519835074455
ridge_fixed_alpha,2026-04-30 14:35:00+05:30,1,3,3.5730160528274126,2.178181588472272
ridge_fixed_alpha,2026-04-30 14:35:00+05:30,2,3,2.005968332638034,0.3805835888168738
ridge_fixed_alpha,2026-04-30 14:35:00+05:30,3,3,-2.572381222369394,-8.860092682375864
ridge_fixed_alpha,2026-04-30 14:35:00+05:30,4,3,3.9545291505129025,9.674639811165564
ridge_fixed_alpha,2026-04-30 14:35:00+05:30,5,3,-6.961132313608952,-5.435685054049566
ridge_fixed_alpha,2026-04-30 14:40:00+05:30,1,3,-3.679271002365796,-4.241436671072204
ridge_fixed_alpha,2026-04-30 14:40:00+05:30,2,3,-2.353847755353745,-0.23877970547954994
ridge_fixed_alpha,2026-04-30 14:40:00+05:30,3,3,2.4975103319092207,4.9524025582245255
ridge_fixed_alpha,2026-04-30 14:40:00+05:30,4,3,4.335653317558029,6.020588075749936
ridge_fixed_alpha,2026-04-30 14:40:00+05:30,5,3,-0.8000448917477134,-2.605050580520038
ridge_fixed_alpha,2026-04-30 14:45:00+05:30,1,3,-2.4537164789878805,4.908425638346703
ridge_fixed_alpha,2026-04-30 14:45:00+05:30,2,3,4.236205028987324,4.908425638346703
ridge_fixed_alpha,2026-04-30 14:45:00+05:30,3,3,1.4572080442218924,12.121031053347942
ridge_fixed_alpha,2026-04-30 14:45:00+05:30,4,3,-0.8058247255736297,3.0401397906119065
ridge_fixed_alpha,2026-04-30 14:45:00+05:30,5,3,-2.433871868647704,0.7624886565891218
ridge_fixed_alpha,2026-04-30 14:50:00+05:30,1,3,0.8878929173625016,-3.8313305492098477
ridge_fixed_alpha,2026-04-30 14:50:00+05:30,2,3,14.297673978602415,5.082253794707133
ridge_fixed_alpha,2026-04-30 14:50:00+05:30,3,3,-5.063684493069894,-3.784421602238612
ridge_fixed_alpha,2026-04-30 14:50:00+05:30,4,3,-5.730639211887508,-6.092463525632012
ridge_fixed_alpha,2026-04-30 14:50:00+05:30,5,3,-4.391243191007514,-5.8176128237052245
ridge_fixed_alpha,2026-04-30 14:55:00+05:30,1,3,-1.5980060887084164,0.45464055333499337
ridge_fixed_alpha,2026-04-30 14:55:00+05:30,2,3,-1.8201750585388585,3.5432988279941995
ridge_fixed_alpha,2026-04-30 14:55:00+05:30,3,3,-1.8207838339382092,-10.056660462078428
ridge_fixed_alpha,2026-04-30 14:55:00+05:30,4,3,3.5721210404020525,8.75316263187975
ridge_fixed_alpha,2026-04-30 14:55:00+05:30,5,3,1.6668439407834228,4.752115729746318
ridge_fixed_alpha,2026-04-30 15:00:00+05:30,1,3,-3.93696725802665,3.971499831624556
ridge_fixed_alpha,2026-04-30 15:00:00+05:30,2,3,-1.9720301711250157,0.8933441061690002
ridge_fixed_alpha,2026-04-30 15:00:00+05:30,3,3,0.8569299457927106,0.7667766671773575
ridge_fixed_alpha,2026-04-30 15:00:00+05:30,4,3,-2.63248453483548,-3.242073668145698
ridge_fixed_alpha,2026-04-30 15:00:00+05:30,5,3,7.68455201819444,5.83380822669873
ridge_fixed_alpha,2026-04-30 15:05:00+05:30,1,3,5.602236834916897,7.408160919737321
ridge_fixed_alpha,2026-04-30 15:05:00+05:30,2,3,3.605352845893769,2.6215516682647584
ridge_fixed_alpha,2026-04-30 15:05:00+05:30,3,3,-0.8491064931097634,-7.897619938361873
ridge_fixed_alpha,2026-04-30 15:05:00+05:30,4,3,-2.356261243832221,-5.421171208122096
ridge_fixed_alpha,2026-04-30 15:05:00+05:30,5,3,-6.002221943868679,-4.4262521138294835
ridge_fixed_alpha,2026-04-30 15:10:00+05:30,1,3,-3.1706281443941724,-2.797637697906789
ridge_fixed_alpha,2026-04-30 15:10:00+05:30,2,3,-4.045786355721356,-5.070719220499213
ridge_fixed_alpha,2026-04-30 15:10:00+05:30,3,3,-2.1128560849520053,-2.898675454992154
ridge_fixed_alpha,2026-04-30 15:10:00+05:30,4,3,8.10657003155546,5.993885169896925
ridge_fixed_alpha,2026-04-30 15:10:00+05:30,5,3,1.222700553512072,4.742302582778486
ridge_fixed_alpha,2026-04-30 15:15:00+05:30,1,3,-4.473460673861599,-2.984954564697162
ridge_fixed_alpha,2026-04-30 15:15:00+05:30,2,3,7.6134530054636045,11.099332672819706
ridge_fixed_alpha,2026-04-30 15:15:00+05:30,3,3,-3.929983210152772,-5.458915311536527
ridge_fixed_alpha,2026-04-30 15:15:00+05:30,4,3,-3.3120957445079324,-4.712219440765164
ridge_fixed_alpha,2026-04-30 15:15:00+05:30,5,3,4.102086623058701,4.124630222331227
ridge_fixed_alpha,2026-04-30 15:20:00+05:30,1,3,-18.58406040363499,-10.027163063609809
ridge_fixed_alpha,2026-04-30 15:20:00+05:30,2,3,6.11535967824935,10.430871380123477
ridge_fixed_alpha,2026-04-30 15:20:00+05:30,3,3,-9.172430762809306,-4.070048575316751
ridge_fixed_alpha,2026-04-30 15:20:00+05:30,4,3,17.114267058844298,20.652051434864852
ridge_fixed_alpha,2026-04-30 15:20:00+05:30,5,3,4.526864429350647,9.760048624512777
ridge_fixed_alpha,2026-05-04 14:15:00+05:30,1,3,-0.9785095000878948,-0.7648410461967478
ridge_fixed_alpha,2026-05-04 14:15:00+05:30,2,3,1.2912604499117168,2.2143934514830357
ridge_fixed_alpha,2026-05-04 14:15:00+05:30,3,3,2.0387314385984885,2.2800457016637723
ridge_fixed_alpha,2026-05-04 14:15:00+05:30,4,3,-2.8326414743338932,-2.704419144152611
ridge_fixed_alpha,2026-05-04 14:15:00+05:30,5,3,0.48115908591158285,-0.8065625065399503
ridge_fixed_alpha,2026-05-04 14:20:00+05:30,1,3,4.162840472584936,5.682312970453
ridge_fixed_alpha,2026-05-04 14:20:00+05:30,2,3,-1.7670832263991056,-0.30093362905499677
ridge_fixed_alpha,2026-05-04 14:20:00+05:30,3,3,-7.538796594276808,-3.528655015755463
ridge_fixed_alpha,2026-05-04 14:20:00+05:30,4,3,1.07704313942684,4.281255071442095
ridge_fixed_alpha,2026-05-04 14:20:00+05:30,5,3,4.0659962086641395,5.186416464127912
ridge_fixed_alpha,2026-05-04 14:25:00+05:30,1,3,-6.6379600688381375,3.2803067296494812
ridge_fixed_alpha,2026-05-04 14:25:00+05:30,2,3,6.4880197575201874,5.38730821856966
ridge_fixed_alpha,2026-05-04 14:25:00+05:30,3,3,2.9963103107644904,4.6484829507465655
ridge_fixed_alpha,2026-05-04 14:25:00+05:30,4,3,-3.811504670913365,-1.8789321928568783
ridge_fixed_alpha,2026-05-04 14:25:00+05:30,5,3,0.9651346714668235,4.6484829507465655
ridge_fixed_alpha,2026-05-04 14:30:00+05:30,1,3,-3.486280303509318,-5.943506606857755
ridge_fixed_alpha,2026-05-04 14:30:00+05:30,2,3,4.745089739553196,5.353666051593227
ridge_fixed_alpha,2026-05-04 14:30:00+05:30,3,3,-11.647006795238335,-15.716591528269468
ridge_fixed_alpha,2026-05-04 14:30:00+05:30,4,3,5.657850569600627,6.9331037354206275
ridge_fixed_alpha,2026-05-04 14:30:00+05:30,5,3,4.73034678959383,2.107718557211887
ridge_fixed_alpha,2026-05-04 14:35:00+05:30,1,3,-6.7632242931722555,-3.246559988232978
ridge_fixed_alpha,2026-05-04 14:35:00+05:30,2,3,-5.258117758973224,-8.630320748774123
ridge_fixed_alpha,2026-05-04 14:35:00+05:30,3,3,0.324015230909117,4.512399403562961
ridge_fixed_alpha,2026-05-04 14:35:00+05:30,4,3,-1.2279567184900015,-2.0600788536710994
ridge_fixed_alpha,2026-05-04 14:35:00+05:30,5,3,12.925283539726363,13.56130878027062
ridge_fixed_alpha,2026-05-04 14:40:00+05:30,1,3,-14.765307113394485,-17.621749071553044
ridge_fixed_alpha,2026-05-04 14:40:00+05:30,2,3,-3.7902195516191415,-5.098974560031093
ridge_fixed_alpha,2026-05-04 14:40:00+05:30,3,3,2.824726398957219,2.5626332484590306
ridge_fixed_alpha,2026-05-04 14:40:00+05:30,4,3,10.2737698675394,6.687828154980331
ridge_fixed_alpha,2026-05-04 14:40:00+05:30,5,3,5.457030398517008,5.307318269516766
ridge_fixed_alpha,2026-05-04 14:45:00+05:30,1,3,-4.512222169711218,-4.205756689021382
ridge_fixed_alpha,2026-05-04 14:45:00+05:30,2,3,-2.1107843866191947,-2.5867152584552557
ridge_fixed_alpha,2026-05-04 14:45:00+05:30,3,3,1.9018623216013886,3.7428582371584382
ridge_fixed_alpha,2026-05-04 14:45:00+05:30,4,3,2.1198769998792186,1.0599924765236266
ridge_fixed_alpha,2026-05-04 14:45:00+05:30,5,3,2.601267234849806,4.311232248889703
ridge_fixed_alpha,2026-05-04 14:50:00+05:30,1,3,-2.3577569403936405,-3.644493768321174
ridge_fixed_alpha,2026-05-04 14:50:00+05:30,2,3,-0.955163108666168,-5.1316686691749895
ridge_fixed_alpha,2026-05-04 14:50:00+05:30,3,3,6.039151681201875,6.391034324990589
ridge_fixed_alpha,2026-05-04 14:50:00+05:30,4,3,-2.1042304908829297,-2.95587078028355
ridge_fixed_alpha,2026-05-04 14:50:00+05:30,5,3,-0.6220011412591356,-4.378530647297726
ridge_fixed_alpha,2026-05-04 14:55:00+05:30,1,3,-1.8547924474826183,-11.126425048397929
ridge_fixed_alpha,2026-05-04 14:55:00+05:30,2,3,0.9839510782596601,-0.018359835750751174
ridge_fixed_alpha,2026-05-04 14:55:00+05:30,3,3,6.269310857137519,6.313521732322766
ridge_fixed_alpha,2026-05-04 14:55:00+05:30,4,3,-2.1657409080164665,-1.0308278191119384
ridge_fixed_alpha,2026-05-04 14:55:00+05:30,5,3,-3.232728579898092,-1.833614260699094
ridge_fixed_alpha,2026-05-04 15:00:00+05:30,1,3,-3.2265118523408343,-4.119793143846806
ridge_fixed_alpha,2026-05-04 15:00:00+05:30,2,3,-2.34679899622566,-3.0331515906749655
ridge_fixed_alpha,2026-05-04 15:00:00+05:30,3,3,1.942541094006896,-2.588572321520655
ridge_fixed_alpha,2026-05-04 15:00:00+05:30,4,3,5.488164655107042,4.274043064342425
ridge_fixed_alpha,2026-05-04 15:00:00+05:30,5,3,-1.8573949005474457,-5.6690940261465705
ridge_fixed_alpha,2026-05-04 15:05:00+05:30,1,3,-1.73372229723275,-1.711362782426414
ridge_fixed_alpha,2026-05-04 15:05:00+05:30,2,3,11.250447308111054,-2.58458748199993
ridge_fixed_alpha,2026-05-04 15:05:00+05:30,3,3,-5.322276727858159,-2.6253662171507783
ridge_fixed_alpha,2026-05-04 15:05:00+05:30,4,3,-4.079109462875523,-4.270521473736262
ridge_fixed_alpha,2026-05-04 15:05:00+05:30,5,3,-0.11533882014462145,-0.9754734601799727
ridge_fixed_alpha,2026-05-04 15:10:00+05:30,1,3,1.5330391372266514,-9.895763924936036
ridge_fixed_alpha,2026-05-04 15:10:00+05:30,2,3,2.026158334424618,-0.4833664528366052
ridge_fixed_alpha,2026-05-04 15:10:00+05:30,3,3,-1.332159146597197,-1.4578828490759608
ridge_fixed_alpha,2026-05-04 15:10:00+05:30,4,3,-1.3193308981429566,-3.29025268038093
ridge_fixed_alpha,2026-05-04 15:10:00+05:30,5,3,-0.9077074269111156,-1.5778175855936847
ridge_fixed_alpha,2026-05-04 15:15:00+05:30,1,3,6.409992520265122,6.163167975008932
ridge_fixed_alpha,2026-05-04 15:15:00+05:30,2,3,-0.011496795875236103,-8.133775061278214
ridge_fixed_alpha,2026-05-04 15:15:00+05:30,3,3,-9.183093846522716,-18.049258172762705
ridge_fixed_alpha,2026-05-04 15:15:00+05:30,4,3,-1.7713319853066194,-0.6979183514050908
ridge_fixed_alpha,2026-05-04 15:15:00+05:30,5,3,4.555930107439451,0.19503844873525233
ridge_fixed_alpha,2026-05-04 15:20:00+05:30,1,3,-11.442829079145213,-17.83423028865087
ridge_fixed_alpha,2026-05-04 15:20:00+05:30,2,3,-13.967538393238273,-20.111374179059872
ridge_fixed_alpha,2026-05-04 15:20:00+05:30,3,3,7.555040809967606,3.8574129086993056
ridge_fixed_alpha,2026-05-04 15:20:00+05:30,4,3,13.970276399443298,9.326390740705367
ridge_fixed_alpha,2026-05-04 15:20:00+05:30,5,3,3.8850502629725896,3.4373698992756405
ridge_fixed_alpha,2026-05-05 14:15:00+05:30,1,3,-2.7718661337402892,-1.888889192250905
ridge_fixed_alpha,2026-05-05 14:15:00+05:30,2,3,-3.661388773860944,-2.737202871224772
ridge_fixed_alpha,2026-05-05 14:15:00+05:30,3,3,-1.534663246526365,-0.24198537143312512
ridge_fixed_alpha,2026-05-05 14:15:00+05:30,4,3,4.908056631860373,5.854513496360496
ridge_fixed_alpha,2026-05-05 14:15:00+05:30,5,3,3.0598615222672265,6.943510980544835
ridge_fixed_alpha,2026-05-05 14:20:00+05:30,1,3,6.388123325050677,1.0356674037611169
ridge_fixed_alpha,2026-05-05 14:20:00+05:30,2,3,-0.1602312502335664,-4.108245723695539
ridge_fixed_alpha,2026-05-05 14:20:00+05:30,3,3,2.327444872697316,-2.7144723286824193
ridge_fixed_alpha,2026-05-05 14:20:00+05:30,4,3,-7.092839419430654,-8.591106517626216
ridge_fixed_alpha,2026-05-05 14:20:00+05:30,5,3,-1.4624975280837684,-1.4781446048232427
ridge_fixed_alpha,2026-05-05 14:25:00+05:30,1,3,-6.960262538171798,-3.375747032681102
ridge_fixed_alpha,2026-05-05 14:25:00+05:30,2,3,12.34715410243122,4.7663072153326285
ridge_fixed_alpha,2026-05-05 14:25:00+05:30,3,3,4.0140655150019775,6.5949135017518605
ridge_fixed_alpha,2026-05-05 14:25:00+05:30,4,3,-6.734245937280929,-9.953304167994373
ridge_fixed_alpha,2026-05-05 14:25:00+05:30,5,3,-2.666711141980471,-4.072039851865587
ridge_fixed_alpha,2026-05-05 14:30:00+05:30,1,3,3.948661966203619,-3.639353413384949
ridge_fixed_alpha,2026-05-05 14:30:00+05:30,2,3,-4.245567556128149,-2.7378933611887923
ridge_fixed_alpha,2026-05-05 14:30:00+05:30,3,3,-1.741664153820747,1.4218927350406751
ridge_fixed_alpha,2026-05-05 14:30:00+05:30,4,3,-2.673664335255399,-5.735071351566923
ridge_fixed_alpha,2026-05-05 14:30:00+05:30,5,3,4.712234079000677,6.244714719008115
ridge_fixed_alpha,2026-05-05 14:35:00+05:30,1,3,7.163737462306734,-0.14201318493508214
ridge_fixed_alpha,2026-05-05 14:35:00+05:30,2,3,-3.207529563420482,-3.724254570143322
ridge_fixed_alpha,2026-05-05 14:35:00+05:30,3,3,-3.8894855065045864,-2.875260922480323
ridge_fixed_alpha,2026-05-05 14:35:00+05:30,4,3,-3.8914620904052137,2.029435359561719
ridge_fixed_alpha,2026-05-05 14:35:00+05:30,5,3,3.8247396980235493,0.75925749873799
ridge_fixed_alpha,2026-05-05 14:40:00+05:30,1,3,13.3058291966263,9.336736435851348
ridge_fixed_alpha,2026-05-05 14:40:00+05:30,2,3,0.07827321668596418,-0.8278080236597452
ridge_fixed_alpha,2026-05-05 14:40:00+05:30,3,3,-6.680379803509035,-2.834101397409435
ridge_fixed_alpha,2026-05-05 14:40:00+05:30,4,3,3.896818884090065,0.4960180534589276
ridge_fixed_alpha,2026-05-05 14:40:00+05:30,5,3,-10.600541493893298,-13.365367661602642
ridge_fixed_alpha,2026-05-05 14:45:00+05:30,1,3,5.029208685670027,6.587372485210278
ridge_fixed_alpha,2026-05-05 14:45:00+05:30,2,3,-9.797714617295911,-11.425422429157967
ridge_fixed_alpha,2026-05-05 14:45:00+05:30,3,3,-3.865782793220844,-5.701832921826429
ridge_fixed_alpha,2026-05-05 14:45:00+05:30,4,3,1.2958395885454739,1.2498528619761344
ridge_fixed_alpha,2026-05-05 14:45:00+05:30,5,3,7.338449136301255,5.985822551769197
ridge_fixed_alpha,2026-05-05 14:50:00+05:30,1,3,-1.6324182113848593,-2.2307510352283324
ridge_fixed_alpha,2026-05-05 14:50:00+05:30,2,3,12.558297709058289,8.145041792989435
ridge_fixed_alpha,2026-05-05 14:50:00+05:30,3,3,0.8057833210911955,2.358442736324203
ridge_fixed_alpha,2026-05-05 14:50:00+05:30,4,3,-10.440596866798433,-6.706945829235847
ridge_fixed_alpha,2026-05-05 14:50:00+05:30,5,3,-1.2910659519661893,2.245476862472303
ridge_fixed_alpha,2026-05-05 14:55:00+05:30,1,3,13.895415854572844,17.43251915784927
ridge_fixed_alpha,2026-05-05 14:55:00+05:30,2,3,-11.168610878878733,-16.20845330349807
ridge_fixed_alpha,2026-05-05 14:55:00+05:30,3,3,1.8446118534192946,0.15822176367730206
ridge_fixed_alpha,2026-05-05 14:55:00+05:30,4,3,-7.698452841567116,-7.6744728437374565
ridge_fixed_alpha,2026-05-05 14:55:00+05:30,5,3,3.127036012453714,0.5628823405288141
ridge_fixed_alpha,2026-05-05 15:00:00+05:30,1,3,-0.9483977251822933,-1.126410047572376
ridge_fixed_alpha,2026-05-05 15:00:00+05:30,2,3,11.342856514588995,5.127010036435712
ridge_fixed_alpha,2026-05-05 15:00:00+05:30,3,3,-5.964791452650609,-3.7996825836280244
ridge_fixed_alpha,2026-05-05 15:00:00+05:30,4,3,2.344707013120691,4.977346066063296
ridge_fixed_alpha,2026-05-05 15:00:00+05:30,5,3,-6.774374349876785,-5.899483396590485
ridge_fixed_alpha,2026-05-05 15:05:00+05:30,1,3,-2.685340938181514,1.7291252651988238
ridge_fixed_alpha,2026-05-05 15:05:00+05:30,2,3,-4.879207012014127,-5.19517164723952
ridge_fixed_alpha,2026-05-05 15:05:00+05:30,3,3,-6.9227765354678,-9.391024928206685
ridge_fixed_alpha,2026-05-05 15:05:00+05:30,4,3,8.988592932931711,9.874117943972378
ridge_fixed_alpha,2026-05-05 15:05:00+05:30,5,3,5.498731552731726,5.285010439132505
ridge_fixed_alpha,2026-05-05 15:10:00+05:30,1,3,-4.394870594686498,-4.302697435805876
ridge_fixed_alpha,2026-05-05 15:10:00+05:30,2,3,-0.7455746865518227,-0.9967097823289822
ridge_fixed_alpha,2026-05-05 15:10:00+05:30,3,3,-3.458912892572163,-1.447747095913628
ridge_fixed_alpha,2026-05-05 15:10:00+05:30,4,3,10.45583421358372,1.2283278684247871
ridge_fixed_alpha,2026-05-05 15:10:00+05:30,5,3,-1.8564760397732352,0.3741512786585116
ridge_fixed_alpha,2026-05-05 15:15:00+05:30,1,3,0.8145291038791727,1.1319697802975406
ridge_fixed_alpha,2026-05-05 15:15:00+05:30,2,3,0.3079204320080019,0.5360842087737496
ridge_fixed_alpha,2026-05-05 15:15:00+05:30,3,3,-1.1068764584070876,-5.342716363786988
ridge_fixed_alpha,2026-05-05 15:15:00+05:30,4,3,5.723777770239247,10.426194845328288
ridge_fixed_alpha,2026-05-05 15:15:00+05:30,5,3,-5.739350847719334,-1.707723240302291
ridge_fixed_alpha,2026-05-05 15:20:00+05:30,1,3,-7.248055470742958,4.853748514093444
ridge_fixed_alpha,2026-05-05 15:20:00+05:30,2,3,7.406396978186345,-5.917368275187555
ridge_fixed_alpha,2026-05-05 15:20:00+05:30,3,3,-10.611746424739131,-7.3049995033932875
ridge_fixed_alpha,2026-05-05 15:20:00+05:30,4,3,-0.6288328030531847,2.503894117853752
ridge_fixed_alpha,2026-05-05 15:20:00+05:30,5,3,11.082237720348921,12.297315668030901
ridge_fixed_alpha,2026-05-06 14:15:00+05:30,1,3,7.616491381559065,8.196755901750397
ridge_fixed_alpha,2026-05-06 14:15:00+05:30,2,3,9.526203128881564,-3.0048219864253767
ridge_fixed_alpha,2026-05-06 14:15:00+05:30,3,3,-9.872293788966886,-0.7993125140703938
ridge_fixed_alpha,2026-05-06 14:15:00+05:30,4,3,0.7767581591067163,0.20429357010742777
ridge_fixed_alpha,2026-05-06 14:15:00+05:30,5,3,-8.04715888058046,-14.181890468460967
ridge_fixed_alpha,2026-05-06 14:20:00+05:30,1,3,-6.530438817386945,-2.3118078457073183
ridge_fixed_alpha,2026-05-06 14:20:00+05:30,2,3,25.20574039244742,27.303616076643852
ridge_fixed_alpha,2026-05-06 14:20:00+05:30,3,3,18.07325485555814,5.558065120332485
ridge_fixed_alpha,2026-05-06 14:20:00+05:30,4,3,-18.970353920449547,-4.626967500569383
ridge_fixed_alpha,2026-05-06 14:20:00+05:30,5,3,-17.778202510169073,-12.343330708044423
ridge_fixed_alpha,2026-05-06 14:25:00+05:30,1,3,4.703255849114908,1.8947821690737203
ridge_fixed_alpha,2026-05-06 14:25:00+05:30,2,3,13.429073797354217,21.598667154927014
ridge_fixed_alpha,2026-05-06 14:25:00+05:30,3,3,0.8454064405261837,-12.121240122811312
ridge_fixed_alpha,2026-05-06 14:25:00+05:30,4,3,-4.076366471093291,3.3266589308575214
ridge_fixed_alpha,2026-05-06 14:25:00+05:30,5,3,-14.901369615902011,-14.881016013760535
ridge_fixed_alpha,2026-05-06 14:30:00+05:30,1,3,-15.691622347709933,-12.114838093426616
ridge_fixed_alpha,2026-05-06 14:30:00+05:30,2,3,-1.4137261292176038,-6.781231465450288
ridge_fixed_alpha,2026-05-06 14:30:00+05:30,3,3,-11.748202575155853,-13.316999855944589
ridge_fixed_alpha,2026-05-06 14:30:00+05:30,4,3,19.440045488876198,11.425115437028177
ridge_fixed_alpha,2026-05-06 14:30:00+05:30,5,3,9.413505563207192,9.01069744342009
ridge_fixed_alpha,2026-05-06 14:35:00+05:30,1,3,23.0201768446634,21.596202836022595
ridge_fixed_alpha,2026-05-06 14:35:00+05:30,2,3,-0.27390520622194625,1.1235097578408135
ridge_fixed_alpha,2026-05-06 14:35:00+05:30,3,3,-2.316178658993731,-4.567295074480392
ridge_fixed_alpha,2026-05-06 14:35:00+05:30,4,3,-9.490808067740497,-14.056973254500615
ridge_fixed_alpha,2026-05-06 14:35:00+05:30,5,3,-10.93928491170722,-13.485805701505482
ridge_fixed_alpha,2026-05-06 14:40:00+05:30,1,3,-9.525991116680363,-10.45005637701039
ridge_fixed_alpha,2026-05-06 14:40:00+05:30,2,3,-4.396776314958014,-3.160533565809069
ridge_fixed_alpha,2026-05-06 14:40:00+05:30,3,3,5.295401937763862,5.262148053077971
ridge_fixed_alpha,2026-05-06 14:40:00+05:30,4,3,7.04019127398192,-3.5869402693199754
ridge_fixed_alpha,2026-05-06 14:40:00+05:30,5,3,1.5871742198925913,4.600383844128937
ridge_fixed_alpha,2026-05-06 14:45:00+05:30,1,3,6.57335912482974,6.045357276185899
ridge_fixed_alpha,2026-05-06 14:45:00+05:30,2,3,7.537847741783269,9.681941311581696
ridge_fixed_alpha,2026-05-06 14:45:00+05:30,3,3,-14.006081040605297,-8.094299021398946
ridge_fixed_alpha,2026-05-06 14:45:00+05:30,4,3,3.869841414127458,2.7929993166658416
ridge_fixed_alpha,2026-05-06 14:45:00+05:30,5,3,-3.974967240135167,-5.726680671323574
ridge_fixed_alpha,2026-05-06 14:50:00+05:30,1,3,10.885250080591382,7.672183294073894
ridge_fixed_alpha,2026-05-06 14:50:00+05:30,2,3,5.408828001947308,8.381155806809055
ridge_fixed_alpha,2026-05-06 14:50:00+05:30,3,3,-4.706508581501753,-5.204552002016231
ridge_fixed_alpha,2026-05-06 14:50:00+05:30,4,3,-9.44897944720983,-9.98471293698581
ridge_fixed_alpha,2026-05-06 14:50:00+05:30,5,3,-2.1385900538271057,-1.9150037124694805
ridge_fixed_alpha,2026-05-06 14:55:00+05:30,1,3,18.485459716662746,15.325270078183554
ridge_fixed_alpha,2026-05-06 14:55:00+05:30,2,3,0.04325127914106581,-5.50532196643035
ridge_fixed_alpha,2026-05-06 14:55:00+05:30,3,3,-5.300400645624463,-10.639549598047212
ridge_fixed_alpha,2026-05-06 14:55:00+05:30,4,3,-3.219032450492228,0.29835475380816473
ridge_fixed_alpha,2026-05-06 14:55:00+05:30,5,3,-10.009277899687122,-8.670080997766968
ridge_fixed_alpha,2026-05-06 15:00:00+05:30,1,3,-15.60963854143756,-17.671033498679897
ridge_fixed_alpha,2026-05-06 15:00:00+05:30,2,3,12.907587166642198,12.184023800487479
ridge_fixed_alpha,2026-05-06 15:00:00+05:30,3,3,-6.585443839783066,-11.339230477540893
ridge_fixed_alpha,2026-05-06 15:00:00+05:30,4,3,1.0841310697862936,-0.48045056225939087
ridge_fixed_alpha,2026-05-06 15:00:00+05:30,5,3,8.203364144792133,5.86858103648639
ridge_fixed_alpha,2026-05-06 15:05:00+05:30,1,3,10.578658982527783,2.0962766455330977
ridge_fixed_alpha,2026-05-06 15:05:00+05:30,2,3,-6.488782664909229,-0.9872476280995784
ridge_fixed_alpha,2026-05-06 15:05:00+05:30,3,3,8.737287287282623,-12.453192626999215
ridge_fixed_alpha,2026-05-06 15:05:00+05:30,4,3,-0.7890453448248613,-3.9447202918600306
ridge_fixed_alpha,2026-05-06 15:05:00+05:30,5,3,-12.038118260076319,-9.004750240189468
ridge_fixed_alpha,2026-05-06 15:10:00+05:30,1,3,14.32157959199835,26.99992518109018
ridge_fixed_alpha,2026-05-06 15:10:00+05:30,2,3,3.127458373016904,-4.265799142584514
ridge_fixed_alpha,2026-05-06 15:10:00+05:30,3,3,0.8709539105002209,-1.204187563635051
ridge_fixed_alpha,2026-05-06 15:10:00+05:30,4,3,-7.708030178142773,-10.819412005830475
ridge_fixed_alpha,2026-05-06 15:10:00+05:30,5,3,-10.6119616973727,-11.778345813031832
ridge_fixed_alpha,2026-05-06 15:15:00+05:30,1,3,8.530257182390125,2.340412148629234
ridge_fixed_alpha,2026-05-06 15:15:00+05:30,2,3,9.681641669251709,1.846579378845803
ridge_fixed_alpha,2026-05-06 15:15:00+05:30,3,3,-2.958859282807813,-2.465857989504272
ridge_fixed_alpha,2026-05-06 15:15:00+05:30,4,3,-11.949188816433958,-12.55943609984489
ridge_fixed_alpha,2026-05-06 15:15:00+05:30,5,3,-3.3038507524000655,-3.6716501502920273
ridge_fixed_alpha,2026-05-06 15:20:00+05:30,1,3,-13.458931409239781,-8.300934980764415
ridge_fixed_alpha,2026-05-06 15:20:00+05:30,2,3,-5.956272639162431,-6.663774264786222
ridge_fixed_alpha,2026-05-06 15:20:00+05:30,3,3,-1.2618602871374103,-1.4083809404224676
ridge_fixed_alpha,2026-05-06 15:20:00+05:30,4,3,17.067915730005616,23.38006583221645
ridge_fixed_alpha,2026-05-06 15:20:00+05:30,5,3,3.6091486055339996,2.862531046030107
ridge_fixed_alpha,2026-05-07 14:15:00+05:30,1,3,3.509948844500955,3.822330380061227
ridge_fixed_alpha,2026-05-07 14:15:00+05:30,2,3,0.9760616414668342,-1.5664866080554354
ridge_fixed_alpha,2026-05-07 14:15:00+05:30,3,3,-0.5285841526265022,0.8131576663884907
ridge_fixed_alpha,2026-05-07 14:15:00+05:30,4,3,-1.1849045896911523,-1.4572319887438858
ridge_fixed_alpha,2026-05-07 14:15:00+05:30,5,3,-2.772521743650132,-3.240636999952547
ridge_fixed_alpha,2026-05-07 14:20:00+05:30,1,3,-6.752715372667713,-5.034838368787116
ridge_fixed_alpha,2026-05-07 14:20:00+05:30,2,3,-1.3200340185049635,0.6109805886177861
ridge_fixed_alpha,2026-05-07 14:20:00+05:30,3,3,-3.493221612962097,-5.034838368787116
ridge_fixed_alpha,2026-05-07 14:20:00+05:30,4,3,0.29374419334697155,-0.663492540689055
ridge_fixed_alpha,2026-05-07 14:20:00+05:30,5,3,11.272226810787803,8.140392197748461
ridge_fixed_alpha,2026-05-07 14:25:00+05:30,1,3,-6.539957690955648,-7.457379037772623
ridge_fixed_alpha,2026-05-07 14:25:00+05:30,2,3,2.6623811427369444,3.0803452080300593
ridge_fixed_alpha,2026-05-07 14:25:00+05:30,3,3,-5.1651869728142055,-5.062248396437615
ridge_fixed_alpha,2026-05-07 14:25:00+05:30,4,3,-1.1282886883294074,-0.7390989959839739
ridge_fixed_alpha,2026-05-07 14:25:00+05:30,5,3,10.171052209362319,10.176638129849962
ridge_fixed_alpha,2026-05-07 14:30:00+05:30,1,3,2.618740432482225,4.097144344702504
ridge_fixed_alpha,2026-05-07 14:30:00+05:30,2,3,-1.6188590082602725,-1.701539981349069
ridge_fixed_alpha,2026-05-07 14:30:00+05:30,3,3,-7.421538396346368,-1.0923757076552283
ridge_fixed_alpha,2026-05-07 14:30:00+05:30,4,3,-0.01757495202362857,0.031270201468276866
ridge_fixed_alpha,2026-05-07 14:30:00+05:30,5,3,6.439231924148044,6.728030953490134
ridge_fixed_alpha,2026-05-07 14:35:00+05:30,1,3,-2.841434851215648,-1.6700419905866235
ridge_fixed_alpha,2026-05-07 14:35:00+05:30,2,3,-6.6188052686460725,-6.493121724985063
ridge_fixed_alpha,2026-05-07 14:35:00+05:30,3,3,3.137079192985078,1.1045410339129982
ridge_fixed_alpha,2026-05-07 14:35:00+05:30,4,3,-1.301497374882758,2.935565461549494
ridge_fixed_alpha,2026-05-07 14:35:00+05:30,5,3,7.624658301759401,8.859903831095695
ridge_fixed_alpha,2026-05-07 14:40:00+05:30,1,3,-7.571819752886974,-6.026875025281209
ridge_fixed_alpha,2026-05-07 14:40:00+05:30,2,3,-2.651149466372793,0.7196547885168769
ridge_fixed_alpha,2026-05-07 14:40:00+05:30,3,3,2.443727266755828,0.10055838309264153
ridge_fixed_alpha,2026-05-07 14:40:00+05:30,4,3,4.39093184373629,4.7438585633874375
ridge_fixed_alpha,2026-05-07 14:40:00+05:30,5,3,3.388310108767649,-1.4257106527304497
ridge_fixed_alpha,2026-05-07 14:45:00+05:30,1,3,-2.130990374844322,-2.067599718450645
ridge_fixed_alpha,2026-05-07 14:45:00+05:30,2,3,1.4307456052163505,1.4542006898886253
ridge_fixed_alpha,2026-05-07 14:45:00+05:30,3,3,-4.203685716626992,-5.630917695031028
ridge_fixed_alpha,2026-05-07 14:45:00+05:30,4,3,4.803996790940272,8.984714979077674
ridge_fixed_alpha,2026-05-07 14:45:00+05:30,5,3,0.0999336953146907,-0.7177438507012621
ridge_fixed_alpha,2026-05-07 14:50:00+05:30,1,3,-5.100850444347272,-3.97130179204878
ridge_fixed_alpha,2026-05-07 14:50:00+05:30,2,3,1.5115268410692548,-0.08355321029644258
ridge_fixed_alpha,2026-05-07 14:50:00+05:30,3,3,5.368663621935222,0.01640132608911771
ridge_fixed_alpha,2026-05-07 14:50:00+05:30,4,3,-5.092809930995109,-2.169830852251457
ridge_fixed_alpha,2026-05-07 14:50:00+05:30,5,3,3.313469912337903,-0.8731150067757082
ridge_fixed_alpha,2026-05-07 14:55:00+05:30,1,3,2.2817389325156716,7.021883723844713
ridge_fixed_alpha,2026-05-07 14:55:00+05:30,2,3,0.086051538555379,5.806076513256375
ridge_fixed_alpha,2026-05-07 14:55:00+05:30,3,3,-10.161471794038443,-11.526406816641854
ridge_fixed_alpha,2026-05-07 14:55:00+05:30,4,3,5.870492231342987,0.23859413515037198
ridge_fixed_alpha,2026-05-07 14:55:00+05:30,5,3,1.9231890916244025,7.845567921273222
ridge_fixed_alpha,2026-05-07 15:00:00+05:30,1,3,11.800898320063627,14.660450157050716
ridge_fixed_alpha,2026-05-07 15:00:00+05:30,2,3,-11.431606464570901,-7.876597297459857
ridge_fixed_alpha,2026-05-07 15:00:00+05:30,3,3,1.4014211494085922,2.982858608294133
ridge_fixed_alpha,2026-05-07 15:00:00+05:30,4,3,2.0379588520215526,3.1940506992283644
ridge_fixed_alpha,2026-05-07 15:00:00+05:30,5,3,-3.8086718569228704,-8.382979488775236
ridge_fixed_alpha,2026-05-07 15:05:00+05:30,1,3,-13.09730574137073,-21.729332343699117
ridge_fixed_alpha,2026-05-07 15:05:00+05:30,2,3,16.913227722041917,14.205652432199178
ridge_fixed_alpha,2026-05-07 15:05:00+05:30,3,3,-0.4202500414129211,0.6304564892549712
ridge_fixed_alpha,2026-05-07 15:05:00+05:30,4,3,-3.7335300827681857,0.07091193060348988
ridge_fixed_alpha,2026-05-07 15:05:00+05:30,5,3,0.3378581435099133,1.111556174362871
ridge_fixed_alpha,2026-05-07 15:10:00+05:30,1,3,1.771114246801837,2.1960776834008353
ridge_fixed_alpha,2026-05-07 15:10:00+05:30,2,3,-10.20317152932885,-17.00420156280232
ridge_fixed_alpha,2026-05-07 15:10:00+05:30,3,3,1.056298839719804,3.462153160316431
ridge_fixed_alpha,2026-05-07 15:10:00+05:30,4,3,0.16707148159541124,0.6050940411396564
ridge_fixed_alpha,2026-05-07 15:10:00+05:30,5,3,7.2086869612117965,4.810951133509414
ridge_fixed_alpha,2026-05-07 15:15:00+05:30,1,3,-8.98706650513681,-4.64147725737544
ridge_fixed_alpha,2026-05-07 15:15:00+05:30,2,3,3.700771023771013,3.30883330163075
ridge_fixed_alpha,2026-05-07 15:15:00+05:30,3,3,-1.5410048663954496,-9.49877807884573
ridge_fixed_alpha,2026-05-07 15:15:00+05:30,4,3,4.151735398007764,4.701784966209063
ridge_fixed_alpha,2026-05-07 15:15:00+05:30,5,3,2.6755649497534804,-0.6090479082109613
ridge_fixed_alpha,2026-05-07 15:20:00+05:30,1,3,-1.1667228997057262,-5.001083564246149
ridge_fixed_alpha,2026-05-07 15:20:00+05:30,2,3,-1.5509635994509865,-6.094338183246266
ridge_fixed_alpha,2026-05-07 15:20:00+05:30,3,3,-4.47460603708542,-3.110599558750519
ridge_fixed_alpha,2026-05-07 15:20:00+05:30,4,3,-2.1592946074198887,-4.20849458254217
ridge_fixed_alpha,2026-05-07 15:20:00+05:30,5,3,9.351587143662023,8.451116362207486
ridge_fixed_alpha,2026-05-08 14:15:00+05:30,1,3,-8.295044320756192,-5.002969659220795
ridge_fixed_alpha,2026-05-08 14:15:00+05:30,2,3,2.438799781677492,0.7861717549200916
ridge_fixed_alpha,2026-05-08 14:15:00+05:30,3,3,0.5307210098209523,-2.18351915769525
ridge_fixed_alpha,2026-05-08 14:15:00+05:30,4,3,3.1357476062789194,2.598938406694303
ridge_fixed_alpha,2026-05-08 14:15:00+05:30,5,3,2.189775922978828,3.2596730813988137
ridge_fixed_alpha,2026-05-08 14:20:00+05:30,1,3,11.562654379525457,-10.177655760216306
ridge_fixed_alpha,2026-05-08 14:20:00+05:30,2,3,-3.7158486169831155,-4.188923068444502
ridge_fixed_alpha,2026-05-08 14:20:00+05:30,3,3,-1.844787922548496,-0.8063595346442147
ridge_fixed_alpha,2026-05-08 14:20:00+05:30,4,3,-5.272778233627855,-3.5340756360403196
ridge_fixed_alpha,2026-05-08 14:20:00+05:30,5,3,-0.7292396063659867,0.9943871063033223
ridge_fixed_alpha,2026-05-08 14:25:00+05:30,1,3,9.577681641954904,-3.5815529456052113
ridge_fixed_alpha,2026-05-08 14:25:00+05:30,2,3,-1.5266593237114692,5.614752287140738
ridge_fixed_alpha,2026-05-08 14:25:00+05:30,3,3,1.6515369482471938,-1.0646300982342831
ridge_fixed_alpha,2026-05-08 14:25:00+05:30,4,3,-3.5151279477430757,-0.15509626792316755
ridge_fixed_alpha,2026-05-08 14:25:00+05:30,5,3,-6.1874313187475485,-5.134843687254549
ridge_fixed_alpha,2026-05-08 14:30:00+05:30,1,3,1.0529845250826977,4.220552470150926
ridge_fixed_alpha,2026-05-08 14:30:00+05:30,2,3,6.709012185009449,8.085775626345123
ridge_fixed_alpha,2026-05-08 14:30:00+05:30,3,3,-2.235332881053301,-0.32795448002180017
ridge_fixed_alpha,2026-05-08 14:30:00+05:30,4,3,-1.008509836295671,-2.0533494629361524
ridge_fixed_alpha,2026-05-08 14:30:00+05:30,5,3,-4.518153992743171,-2.4853688965544105
ridge_fixed_alpha,2026-05-08 14:35:00+05:30,1,3,13.19511385813203,6.456762486690248
ridge_fixed_alpha,2026-05-08 14:35:00+05:30,2,3,-3.200855285541223,-7.493681305785094
ridge_fixed_alpha,2026-05-08 14:35:00+05:30,3,3,-5.345573318235116,-6.4209461771707055
ridge_fixed_alpha,2026-05-08 14:35:00+05:30,4,3,-10.232013435736691,-8.195675120427515
ridge_fixed_alpha,2026-05-08 14:35:00+05:30,5,3,5.583328181381001,2.7942222529970806
ridge_fixed_alpha,2026-05-08 14:40:00+05:30,1,3,1.6551296699702784,-1.6855499773498206
ridge_fixed_alpha,2026-05-08 14:40:00+05:30,2,3,3.529394606529863,5.5357412387986304
ridge_fixed_alpha,2026-05-08 14:40:00+05:30,3,3,-1.2609743828270554,-0.9902897436901981
ridge_fixed_alpha,2026-05-08 14:40:00+05:30,4,3,-1.899871466935377,-0.9879311871900942
ridge_fixed_alpha,2026-05-08 14:40:00+05:30,5,3,-2.023678426737711,-4.17614370004471
ridge_fixed_alpha,2026-05-08 14:45:00+05:30,1,3,-1.7839937654435807,2.713917621112986
ridge_fixed_alpha,2026-05-08 14:45:00+05:30,2,3,2.0937996114808546,1.2597951840029136
ridge_fixed_alpha,2026-05-08 14:45:00+05:30,3,3,1.4300588801094232,0.7954348403768445
ridge_fixed_alpha,2026-05-08 14:45:00+05:30,4,3,2.0094531742128976,3.6225580413714966
ridge_fixed_alpha,2026-05-08 14:45:00+05:30,5,3,-3.749317900359594,-1.110996660474169
ridge_fixed_alpha,2026-05-08 14:50:00+05:30,1,3,-6.639843252656207,-6.726543720776264
ridge_fixed_alpha,2026-05-08 14:50:00+05:30,2,3,5.091845332708825,0.8468378704652821
ridge_fixed_alpha,2026-05-08 14:50:00+05:30,3,3,-2.132014305274469,-7.172448499336144
ridge_fixed_alpha,2026-05-08 14:50:00+05:30,4,3,6.053556549733422,5.4503617612701545
ridge_fixed_alpha,2026-05-08 14:50:00+05:30,5,3,-2.3735443245115713,8.893180274312112
ridge_fixed_alpha,2026-05-08 14:55:00+05:30,1,3,5.398180836527249,-10.193511678151301
ridge_fixed_alpha,2026-05-08 14:55:00+05:30,2,3,5.645532761161012,10.239720189296975
ridge_fixed_alpha,2026-05-08 14:55:00+05:30,3,3,-3.476689320775458,4.297228194642066
ridge_fixed_alpha,2026-05-08 14:55:00+05:30,4,3,-0.2967479026740151,-1.1740431849092134
ridge_fixed_alpha,2026-05-08 14:55:00+05:30,5,3,-7.270276374238791,-6.177399610834745
ridge_fixed_alpha,2026-05-08 15:00:00+05:30,1,3,-2.6445906792244385,-2.9320312119516987
ridge_fixed_alpha,2026-05-08 15:00:00+05:30,2,3,-10.039291010337367,-9.828582936089866
ridge_fixed_alpha,2026-05-08 15:00:00+05:30,3,3,1.7838941238158919,0.914122634202578
ridge_fixed_alpha,2026-05-08 15:00:00+05:30,4,3,-4.798819027772054,0.40798214810193
ridge_fixed_alpha,2026-05-08 15:00:00+05:30,5,3,15.698806593517965,18.46088535567462
ridge_fixed_alpha,2026-05-08 15:05:00+05:30,1,3,-4.820885659768163,-4.327493470905737
ridge_fixed_alpha,2026-05-08 15:05:00+05:30,2,3,2.0591101348552687,1.125378179317608
ridge_fixed_alpha,2026-05-08 15:05:00+05:30,3,3,3.8734597897025496,3.2323885194686466
ridge_fixed_alpha,2026-05-08 15:05:00+05:30,4,3,5.690690097171084,5.055485691593124
ridge_fixed_alpha,2026-05-08 15:05:00+05:30,5,3,-6.802374361960739,-3.8819941646515885
ridge_fixed_alpha,2026-05-08 15:10:00+05:30,1,3,1.3307320635811415,1.0482201942601708
ridge_fixed_alpha,2026-05-08 15:10:00+05:30,2,3,3.888924339022918,4.028579798491212
ridge_fixed_alpha,2026-05-08 15:10:00+05:30,3,3,2.159409417097506,8.251703497993942
ridge_fixed_alpha,2026-05-08 15:10:00+05:30,4,3,-0.05401495032127561,-2.1510799033003605
ridge_fixed_alpha,2026-05-08 15:10:00+05:30,5,3,-7.325050869380289,7.9179765085929015
ridge_fixed_alpha,2026-05-08 15:15:00+05:30,1,3,-0.6137211931774482,0.13209180445968527
ridge_fixed_alpha,2026-05-08 15:15:00+05:30,2,3,2.938830641508646,5.248162662041164
ridge_fixed_alpha,2026-05-08 15:15:00+05:30,3,3,2.0493800976432546,1.7276557090413946
ridge_fixed_alpha,2026-05-08 15:15:00+05:30,4,3,1.7956939384574289,-0.20053782289345734
ridge_fixed_alpha,2026-05-08 15:15:00+05:30,5,3,-6.170183484431878,0.23395574243652795
ridge_fixed_alpha,2026-05-08 15:20:00+05:30,1,3,0.48833844327093423,1.759337793751333
ridge_fixed_alpha,2026-05-08 15:20:00+05:30,2,3,-4.891623758974524,-4.166351570925079
ridge_fixed_alpha,2026-05-08 15:20:00+05:30,3,3,-3.660684899588151,-7.219031997702278
ridge_fixed_alpha,2026-05-08 15:20:00+05:30,4,3,4.883316041086753,0.4822482679383753
ridge_fixed_alpha,2026-05-08 15:20:00+05:30,5,3,3.1806541742049914,-3.3603616344974143
ridge_fixed_alpha,2026-05-11 14:15:00+05:30,1,3,1.8922697018117773,5.6934851251860445
ridge_fixed_alpha,2026-05-11 14:15:00+05:30,2,3,-1.8506168370397238,-4.77016662956357
ridge_fixed_alpha,2026-05-11 14:15:00+05:30,3,3,-0.19960642010804114,3.6671894799938562
ridge_fixed_alpha,2026-05-11 14:15:00+05:30,4,3,3.3862497132606255,3.957438887873218
ridge_fixed_alpha,2026-05-11 14:15:00+05:30,5,3,-3.2282961579246368,-4.046791821193422
ridge_fixed_alpha,2026-05-11 14:20:00+05:30,1,3,-0.8144758993902104,-2.351960091034
ridge_fixed_alpha,2026-05-11 14:20:00+05:30,2,3,-9.185237253242532,-6.984379058726731
ridge_fixed_alpha,2026-05-11 14:20:00+05:30,3,3,-1.3448123960848604,-5.16324056054196
ridge_fixed_alpha,2026-05-11 14:20:00+05:30,4,3,6.466701285181712,7.716470568690292
ridge_fixed_alpha,2026-05-11 14:20:00+05:30,5,3,4.87782426353589,2.9035103835548526
ridge_fixed_alpha,2026-05-11 14:25:00+05:30,1,3,-2.3970890523488855,-4.624504132603328
ridge_fixed_alpha,2026-05-11 14:25:00+05:30,2,3,3.319601830604978,1.5650072809801532
ridge_fixed_alpha,2026-05-11 14:25:00+05:30,3,3,1.4523495916209943,5.90507056612218
ridge_fixed_alpha,2026-05-11 14:25:00+05:30,4,3,-8.561631099531192,-12.549329426850978
ridge_fixed_alpha,2026-05-11 14:25:00+05:30,5,3,6.186768729654107,9.534149759134875
ridge_fixed_alpha,2026-05-11 14:30:00+05:30,1,3,7.191794737260244,9.20125328292524
ridge_fixed_alpha,2026-05-11 14:30:00+05:30,2,3,-11.34440263619263,-9.950865066707134
ridge_fixed_alpha,2026-05-11 14:30:00+05:30,3,3,0.4520294546432869,-2.389619234427784
ridge_fixed_alpha,2026-05-11 14:30:00+05:30,4,3,2.1764263739969527,3.7309660400805327
ridge_fixed_alpha,2026-05-11 14:30:00+05:30,5,3,1.5241520702921423,-1.673644137798766
ridge_fixed_alpha,2026-05-11 14:35:00+05:30,1,3,-3.8604659700941886,-1.9070245779586605
ridge_fixed_alpha,2026-05-11 14:35:00+05:30,2,3,4.5813581868675195,3.1912589999025798
ridge_fixed_alpha,2026-05-11 14:35:00+05:30,3,3,-0.11576855317074775,-3.8897795524186485
ridge_fixed_alpha,2026-05-11 14:35:00+05:30,4,3,1.5203428481948367,3.1912589999025798
ridge_fixed_alpha,2026-05-11 14:35:00+05:30,5,3,-2.125466511797421,-2.0051340919504668
ridge_fixed_alpha,2026-05-11 14:40:00+05:30,1,3,4.953128994215367,-5.718510879480758
ridge_fixed_alpha,2026-05-11 14:40:00+05:30,2,3,-6.955541141592693,-4.7929658362907785
ridge_fixed_alpha,2026-05-11 14:40:00+05:30,3,3,-2.002770255464877,-3.8831671007396964
ridge_fixed_alpha,2026-05-11 14:40:00+05:30,4,3,2.1242665135937275,2.9698758886412455
ridge_fixed_alpha,2026-05-11 14:40:00+05:30,5,3,1.8809158892484727,2.2216167463454304
ridge_fixed_alpha,2026-05-11 14:45:00+05:30,1,3,-10.063406786658513,-5.677967382427281
ridge_fixed_alpha,2026-05-11 14:45:00+05:30,2,3,3.170171131432179,2.7117748183311066
ridge_fixed_alpha,2026-05-11 14:45:00+05:30,3,3,3.820359484891492,2.788664048660442
ridge_fixed_alpha,2026-05-11 14:45:00+05:30,4,3,2.3379459698018588,-1.4786199616859304
ridge_fixed_alpha,2026-05-11 14:45:00+05:30,5,3,0.7349302005329832,-0.7370858261549114
ridge_fixed_alpha,2026-05-11 14:50:00+05:30,1,3,7.87850109530027,5.746885611563669
ridge_fixed_alpha,2026-05-11 14:50:00+05:30,2,3,-4.272479953082663,-5.662506891232154
ridge_fixed_alpha,2026-05-11 14:50:00+05:30,3,3,-1.4447480075125223,0.11712873445013458
ridge_fixed_alpha,2026-05-11 14:50:00+05:30,4,3,1.7291757192769994,0.5300075271472702
ridge_fixed_alpha,2026-05-11 14:50:00+05:30,5,3,-3.890448853982079,-3.6158793470111297
ridge_fixed_alpha,2026-05-11 14:55:00+05:30,1,3,8.724713562699106,7.546036805908302
ridge_fixed_alpha,2026-05-11 14:55:00+05:30,2,3,-6.079580220450667,0.4860808775703331
ridge_fixed_alpha,2026-05-11 14:55:00+05:30,3,3,3.9975890625338186,1.6043249669134676
ridge_fixed_alpha,2026-05-11 14:55:00+05:30,4,3,-6.182547556224713,-5.794383263528174
ridge_fixed_alpha,2026-05-11 14:55:00+05:30,5,3,-0.4601748485575354,1.9009150883514794
ridge_fixed_alpha,2026-05-11 15:00:00+05:30,1,3,-12.147194153967627,-11.925092352180164
ridge_fixed_alpha,2026-05-11 15:00:00+05:30,2,3,4.487238124299815,8.644740457853276
ridge_fixed_alpha,2026-05-11 15:00:00+05:30,3,3,12.154062473944162,11.225965985353673
ridge_fixed_alpha,2026-05-11 15:00:00+05:30,4,3,-1.2362039991196117,-6.822609937983633
ridge_fixed_alpha,2026-05-11 15:00:00+05:30,5,3,-3.2579024451567427,-3.9336823882523873
ridge_fixed_alpha,2026-05-11 15:05:00+05:30,1,3,0.4829638367741157,0.47588557767822914
ridge_fixed_alpha,2026-05-11 15:05:00+05:30,2,3,0.7034416290869019,0.6288182030162273
ridge_fixed_alpha,2026-05-11 15:05:00+05:30,3,3,0.6261878806063472,0.004844690041953207
ridge_fixed_alpha,2026-05-11 15:05:00+05:30,4,3,-11.41268026336495,-18.07178363089131
ridge_fixed_alpha,2026-05-11 15:05:00+05:30,5,3,9.600086916897581,9.847940702349437
ridge_fixed_alpha,2026-05-11 15:10:00+05:30,1,3,-4.783688070907935,-2.182198898097676
ridge_fixed_alpha,2026-05-11 15:10:00+05:30,2,3,-1.7729663691781197,-1.720902163390381
ridge_fixed_alpha,2026-05-11 15:10:00+05:30,3,3,-5.01464077230714,-1.4614622638167152
ridge_fixed_alpha,2026-05-11 15:10:00+05:30,4,3,5.369495937874134,3.3473125989866848
ridge_fixed_alpha,2026-05-11 15:10:00+05:30,5,3,6.201799274519064,2.8368047495506143
ridge_fixed_alpha,2026-05-11 15:15:00+05:30,1,3,3.449765908522195,2.1562883766385412
ridge_fixed_alpha,2026-05-11 15:15:00+05:30,2,3,-6.743009847254806,-1.7591380012510114
ridge_fixed_alpha,2026-05-11 15:15:00+05:30,3,3,-0.8457231835051391,1.6813652101960543
ridge_fixed_alpha,2026-05-11 15:15:00+05:30,4,3,-1.3310117316169086,-0.9218975457908248
ridge_fixed_alpha,2026-05-11 15:15:00+05:30,5,3,5.46997885385466,-3.288761451116192
ridge_fixed_alpha,2026-05-11 15:20:00+05:30,1,3,9.425176349767472,14.244956177568676
ridge_fixed_alpha,2026-05-11 15:20:00+05:30,2,3,-1.0549314150963458,-3.0442319020768474
ridge_fixed_alpha,2026-05-11 15:20:00+05:30,3,3,-3.407074995333955,-1.1558661387717586
ridge_fixed_alpha,2026-05-11 15:20:00+05:30,4,3,-2.0091704247510536,-1.9533794116083727
ridge_fixed_alpha,2026-05-11 15:20:00+05:30,5,3,-2.9539995145861178,1.2105613983609174
ridge_fixed_alpha,2026-05-12 14:15:00+05:30,1,3,-2.580673210754282,-3.2582624810298584
ridge_fixed_alpha,2026-05-12 14:15:00+05:30,2,3,0.5592508049253957,-0.7773752636034055
ridge_fixed_alpha,2026-05-12 14:15:00+05:30,3,3,-0.9057532547832232,2.5223531984127994
ridge_fixed_alpha,2026-05-12 14:15:00+05:30,4,3,1.948557729570143,8.643514560570923
ridge_fixed_alpha,2026-05-12 14:15:00+05:30,5,3,0.9786179310419612,-3.9698101448196383
ridge_fixed_alpha,2026-05-12 14:20:00+05:30,1,3,5.2459410321534055,4.612521691204889
ridge_fixed_alpha,2026-05-12 14:20:00+05:30,2,3,-1.1888630058142593,-3.3718499300353275
ridge_fixed_alpha,2026-05-12 14:20:00+05:30,3,3,-0.6407954654655448,4.924245419783683
ridge_fixed_alpha,2026-05-12 14:20:00+05:30,4,3,2.360540192104225,0.41443510045950194
ridge_fixed_alpha,2026-05-12 14:20:00+05:30,5,3,-5.776822752977823,-7.283492635990226
ridge_fixed_alpha,2026-05-12 14:25:00+05:30,1,3,2.7809271054225104,4.621380325495453
ridge_fixed_alpha,2026-05-12 14:25:00+05:30,2,3,-2.625334850757223,-1.0296213968488872
ridge_fixed_alpha,2026-05-12 14:25:00+05:30,3,3,2.1986920079328036,2.261531720142132
ridge_fixed_alpha,2026-05-12 14:25:00+05:30,4,3,-2.3718962081841592,-1.747342941481897
ridge_fixed_alpha,2026-05-12 14:25:00+05:30,5,3,0.01761194558606285,0.12302498924225128
ridge_fixed_alpha,2026-05-12 14:30:00+05:30,1,3,0.48267440488040414,1.1418114227714025
ridge_fixed_alpha,2026-05-12 14:30:00+05:30,2,3,7.555648894253123,6.2517051227396845
ridge_fixed_alpha,2026-05-12 14:30:00+05:30,3,3,-1.9777855246219116,1.9115412761984505
ridge_fixed_alpha,2026-05-12 14:30:00+05:30,4,3,1.9472947222044876,3.352649339583161
ridge_fixed_alpha,2026-05-12 14:30:00+05:30,5,3,-8.007832496716105,-12.34110804881324
ridge_fixed_alpha,2026-05-12 14:35:00+05:30,1,3,2.1520529332449785,-1.9363165207526567
ridge_fixed_alpha,2026-05-12 14:35:00+05:30,2,3,-3.4078563915769244,-3.7703919255778207
ridge_fixed_alpha,2026-05-12 14:35:00+05:30,3,3,-5.016552547151572,-6.416213706313512
ridge_fixed_alpha,2026-05-12 14:35:00+05:30,4,3,-2.1326137875605773,-3.5594513639842784
ridge_fixed_alpha,2026-05-12 14:35:00+05:30,5,3,8.404969793044097,7.1969011835208985
ridge_fixed_alpha,2026-05-12 14:40:00+05:30,1,3,-0.16809432065123558,-4.218766768948908
ridge_fixed_alpha,2026-05-12 14:40:00+05:30,2,3,0.8248168036877335,0.3217860433565682
ridge_fixed_alpha,2026-05-12 14:40:00+05:30,3,3,-2.3030459794081515,0.3217860433565682
ridge_fixed_alpha,2026-05-12 14:40:00+05:30,4,3,4.831888801938744,5.073884887013251
ridge_fixed_alpha,2026-05-12 14:40:00+05:30,5,3,-3.1855653055670916,-1.3800519416676444
ridge_fixed_alpha,2026-05-12 14:45:00+05:30,1,3,-14.18359095370314,-13.842993952594066
ridge_fixed_alpha,2026-05-12 14:45:00+05:30,2,3,7.563407554694941,14.210869465167772
ridge_fixed_alpha,2026-05-12 14:45:00+05:30,3,3,-0.8849482793200638,-7.32461023764223
ridge_fixed_alpha,2026-05-12 14:45:00+05:30,4,3,7.874645550056013,8.9001950095103
ridge_fixed_alpha,2026-05-12 14:45:00+05:30,5,3,-0.3695138717277523,-2.56981983391628
ridge_fixed_alpha,2026-05-12 14:50:00+05:30,1,3,-5.094976911213116,-7.086357847873555
ridge_fixed_alpha,2026-05-12 14:50:00+05:30,2,3,3.9452266415798123,-0.40773686595659475
ridge_fixed_alpha,2026-05-12 14:50:00+05:30,3,3,-9.15148304884202,-11.66818382396347
ridge_fixed_alpha,2026-05-12 14:50:00+05:30,4,3,3.942750692513671,1.0455959003169792
ridge_fixed_alpha,2026-05-12 14:50:00+05:30,5,3,6.358482625961652,2.6414525751367415
ridge_fixed_alpha,2026-05-12 14:55:00+05:30,1,3,11.409834633382928,6.326393012541379
ridge_fixed_alpha,2026-05-12 14:55:00+05:30,2,3,-16.321090972397126,-18.804690957199128
ridge_fixed_alpha,2026-05-12 14:55:00+05:30,3,3,5.693639313563665,9.70744669940308
ridge_fixed_alpha,2026-05-12 14:55:00+05:30,4,3,2.1774199228772324,7.794583060701946
ridge_fixed_alpha,2026-05-12 14:55:00+05:30,5,3,-2.9598028974267008,-3.943721805059605
ridge_fixed_alpha,2026-05-12 15:00:00+05:30,1,3,-10.869804765099394,-6.587131622918241
ridge_fixed_alpha,2026-05-12 15:00:00+05:30,2,3,-8.169700516597414,-10.278594187791423
ridge_fixed_alpha,2026-05-12 15:00:00+05:30,3,3,3.676041833834409,-0.22426351906523756
ridge_fixed_alpha,2026-05-12 15:00:00+05:30,4,3,7.24518539360249,6.355979230530107
ridge_fixed_alpha,2026-05-12 15:00:00+05:30,5,3,8.118278054259909,6.190076325802707
ridge_fixed_alpha,2026-05-12 15:05:00+05:30,1,3,2.4771405939991724,-1.785371474704626
ridge_fixed_alpha,2026-05-12 15:05:00+05:30,2,3,8.01113612237388,8.0077789292304
ridge_fixed_alpha,2026-05-12 15:05:00+05:30,3,3,-2.4663688885198094,-1.8969960840726035
ridge_fixed_alpha,2026-05-12 15:05:00+05:30,4,3,-12.66876272344031,-13.649970607853593
ridge_fixed_alpha,2026-05-12 15:05:00+05:30,5,3,4.646854895587064,1.5171384328265998
ridge_fixed_alpha,2026-05-12 15:10:00+05:30,1,3,6.048085477184643,10.221313728502398
ridge_fixed_alpha,2026-05-12 15:10:00+05:30,2,3,-1.4071353071516417,-0.3392053065919649
ridge_fixed_alpha,2026-05-12 15:10:00+05:30,3,3,2.4399143779482526,-3.227873231079685
ridge_fixed_alpha,2026-05-12 15:10:00+05:30,4,3,-3.7092611245366225,-1.7384778923056716
ridge_fixed_alpha,2026-05-12 15:10:00+05:30,5,3,-3.3716034234446326,3.8904421341557542
ridge_fixed_alpha,2026-05-12 15:15:00+05:30,1,3,-1.406066826924087,1.0185537378371023
ridge_fixed_alpha,2026-05-12 15:15:00+05:30,2,3,2.693416272478988,1.0185537378371023
ridge_fixed_alpha,2026-05-12 15:15:00+05:30,3,3,7.373837148066572,8.613298174686701
ridge_fixed_alpha,2026-05-12 15:15:00+05:30,4,3,0.36444327695339673,5.42190028121059
ridge_fixed_alpha,2026-05-12 15:15:00+05:30,5,3,-9.02562987057487,-7.524073974447543
ridge_fixed_alpha,2026-05-12 15:20:00+05:30,1,3,-17.59517985253423,-11.293985546636891
ridge_fixed_alpha,2026-05-12 15:20:00+05:30,2,3,11.776229127438512,5.298063489291478
ridge_fixed_alpha,2026-05-12 15:20:00+05:30,3,3,-6.027353130899269,-2.722483937036928
ridge_fixed_alpha,2026-05-12 15:20:00+05:30,4,3,5.054371671023849,3.0713011704160587
ridge_fixed_alpha,2026-05-12 15:20:00+05:30,5,3,6.791932184971131,5.8255404117720415
ridge_fixed_alpha,2026-05-13 14:15:00+05:30,1,3,5.446028350203062,-7.902349729541921
ridge_fixed_alpha,2026-05-13 14:15:00+05:30,2,3,-2.0672985706651965,3.180582321312389
ridge_fixed_alpha,2026-05-13 14:15:00+05:30,3,3,-3.8017473767984673,-2.67136659094199
ridge_fixed_alpha,2026-05-13 14:15:00+05:30,4,3,-5.27888264882918,0.502692116549333
ridge_fixed_alpha,2026-05-13 14:15:00+05:30,5,3,5.701900246089778,7.787319383948091
ridge_fixed_alpha,2026-05-13 14:20:00+05:30,1,3,1.4565833797088132,5.212425354374828
ridge_fixed_alpha,2026-05-13 14:20:00+05:30,2,3,-3.215085499744659,-2.1528332648359516
ridge_fixed_alpha,2026-05-13 14:20:00+05:30,3,3,-1.5595435764968648,-0.15053393079411692
ridge_fixed_alpha,2026-05-13 14:20:00+05:30,4,3,-1.9090729047916237,-0.6722873840838697
ridge_fixed_alpha,2026-05-13 14:20:00+05:30,5,3,5.227118601324336,0.04402782403745121
ridge_fixed_alpha,2026-05-13 14:25:00+05:30,1,3,-2.786210566438833,-4.0285741863332145
ridge_fixed_alpha,2026-05-13 14:25:00+05:30,2,3,18.887478600527828,0.25197518744531566
ridge_fixed_alpha,2026-05-13 14:25:00+05:30,3,3,-1.9651144728882004,0.1906398650797968
ridge_fixed_alpha,2026-05-13 14:25:00+05:30,4,3,-11.791677996048003,-7.215891845042603
ridge_fixed_alpha,2026-05-13 14:25:00+05:30,5,3,-2.3444755651527887,-1.934038687866272
ridge_fixed_alpha,2026-05-13 14:30:00+05:30,1,3,11.178459750120107,7.19422759049874
ridge_fixed_alpha,2026-05-13 14:30:00+05:30,2,3,-4.559611937203704,-5.818696216922954
ridge_fixed_alpha,2026-05-13 14:30:00+05:30,3,3,1.4262469101763802,1.240475073531459
ridge_fixed_alpha,2026-05-13 14:30:00+05:30,4,3,5.325445679590442,11.788501902280904
ridge_fixed_alpha,2026-05-13 14:30:00+05:30,5,3,-13.370540402683224,-3.801922411962607
ridge_fixed_alpha,2026-05-13 14:35:00+05:30,1,3,-12.811815898845207,-18.509961971205616
ridge_fixed_alpha,2026-05-13 14:35:00+05:30,2,3,-2.75151534805514,-0.16634226094517637
ridge_fixed_alpha,2026-05-13 14:35:00+05:30,3,3,13.384811825051912,12.080064151304434
ridge_fixed_alpha,2026-05-13 14:35:00+05:30,4,3,-2.1642079387267357,2.0874615918656443
ridge_fixed_alpha,2026-05-13 14:35:00+05:30,5,3,4.342727360575172,1.762650966599408
ridge_fixed_alpha,2026-05-13 14:40:00+05:30,1,3,2.0666341085782136,2.753624170367175
ridge_fixed_alpha,2026-05-13 14:40:00+05:30,2,3,-0.7483997363572454,-1.2481744283823206
ridge_fixed_alpha,2026-05-13 14:40:00+05:30,3,3,-12.43117748008471,-10.786798043767254
ridge_fixed_alpha,2026-05-13 14:40:00+05:30,4,3,13.063235554677957,7.286848310213756
ridge_fixed_alpha,2026-05-13 14:40:00+05:30,5,3,-1.950292446814217,-3.773264218897232
ridge_fixed_alpha,2026-05-13 14:45:00+05:30,1,3,-4.787159879407143,-5.091136024818699
ridge_fixed_alpha,2026-05-13 14:45:00+05:30,2,3,4.137591391285704,0.4077223164176136
ridge_fixed_alpha,2026-05-13 14:45:00+05:30,3,3,-0.15983600557382482,4.881754327594523
ridge_fixed_alpha,2026-05-13 14:45:00+05:30,4,3,0.358055904467802,-0.2559357669398299
ridge_fixed_alpha,2026-05-13 14:45:00+05:30,5,3,0.45134858922746246,-0.2559357669398299
ridge_fixed_alpha,2026-05-13 14:50:00+05:30,1,3,-0.04380873130371832,0.34142725323982326
ridge_fixed_alpha,2026-05-13 14:50:00+05:30,2,3,-0.3446372501814121,0.060306876419335964
ridge_fixed_alpha,2026-05-13 14:50:00+05:30,3,3,2.2609494573703572,4.725451431706329
ridge_fixed_alpha,2026-05-13 14:50:00+05:30,4,3,0.9082649368408191,1.7495787151355913
ridge_fixed_alpha,2026-05-13 14:50:00+05:30,5,3,-2.7807684127260464,-3.762494680976669
ridge_fixed_alpha,2026-05-13 14:55:00+05:30,1,3,-2.122041372294808,-0.6905472972736559
ridge_fixed_alpha,2026-05-13 14:55:00+05:30,2,3,2.9988182262944774,-0.5563961540873885
ridge_fixed_alpha,2026-05-13 14:55:00+05:30,3,3,2.616937496847658,3.055704364571068
ridge_fixed_alpha,2026-05-13 14:55:00+05:30,4,3,4.291246639400724,3.143613895259336
ridge_fixed_alpha,2026-05-13 14:55:00+05:30,5,3,-7.7849609902480585,-11.500980075771125
ridge_fixed_alpha,2026-05-13 15:00:00+05:30,1,3,10.069131010935022,10.879291938444835
ridge_fixed_alpha,2026-05-13 15:00:00+05:30,2,3,7.628327424789397,5.515478762999626
ridge_fixed_alpha,2026-05-13 15:00:00+05:30,3,3,-4.867289612390986,-6.050982827954243
ridge_fixed_alpha,2026-05-13 15:00:00+05:30,4,3,-13.960891877850361,-14.194590636270599
ridge_fixed_alpha,2026-05-13 15:00:00+05:30,5,3,1.1307230545169282,1.304328384575948
ridge_fixed_alpha,2026-05-13 15:05:00+05:30,1,3,1.2619924921046801,1.581189484415028
ridge_fixed_alpha,2026-05-13 15:05:00+05:30,2,3,-4.267945701691719,-3.5962888301469174
ridge_fixed_alpha,2026-05-13 15:05:00+05:30,3,3,3.2947913034557796,4.804574146420586
ridge_fixed_alpha,2026-05-13 15:05:00+05:30,4,3,-0.09325574082241801,8.617347186659888
ridge_fixed_alpha,2026-05-13 15:05:00+05:30,5,3,-0.19558235304632401,-2.340996754261212
ridge_fixed_alpha,2026-05-13 15:10:00+05:30,1,3,-4.809562030416566,-6.577428670339651
ridge_fixed_alpha,2026-05-13 15:10:00+05:30,2,3,-5.8092556713128145,-7.549309642220263
ridge_fixed_alpha,2026-05-13 15:10:00+05:30,3,3,4.977238264643062,0.15694806403783934
ridge_fixed_alpha,2026-05-13 15:10:00+05:30,4,3,6.088487170941533,5.6447935518815955
ridge_fixed_alpha,2026-05-13 15:10:00+05:30,5,3,-0.44690773385521354,-1.052078707690122
ridge_fixed_alpha,2026-05-13 15:15:00+05:30,1,3,-3.956904746517627,-5.172180596251389
ridge_fixed_alpha,2026-05-13 15:15:00+05:30,2,3,0.3366365880462432,3.264165204973487
ridge_fixed_alpha,2026-05-13 15:15:00+05:30,3,3,4.58892425306301,8.012760475733923
ridge_fixed_alpha,2026-05-13 15:15:00+05:30,4,3,-2.4876879616599155,3.0088938515247707
ridge_fixed_alpha,2026-05-13 15:15:00+05:30,5,3,1.5190318670682919,3.0088938515247707
ridge_fixed_alpha,2026-05-13 15:20:00+05:30,1,3,-8.269982769727605,-7.424708310468893
ridge_fixed_alpha,2026-05-13 15:20:00+05:30,2,3,-4.696872237108946,-1.2184557379018766
ridge_fixed_alpha,2026-05-13 15:20:00+05:30,3,3,2.856657828709474,2.9648962956913363
ridge_fixed_alpha,2026-05-13 15:20:00+05:30,4,3,1.8978960666429234,-2.0535916495783755
ridge_fixed_alpha,2026-05-13 15:20:00+05:30,5,3,8.21230111148415,-5.091142454150506
ridge_fixed_alpha,2026-05-14 14:15:00+05:30,1,3,-3.4803285460814535,-9.303740969617872
ridge_fixed_alpha,2026-05-14 14:15:00+05:30,2,3,-1.532847815542822,-1.8458578445807263
ridge_fixed_alpha,2026-05-14 14:15:00+05:30,3,3,6.961137481664121,2.5662532842057515
ridge_fixed_alpha,2026-05-14 14:15:00+05:30,4,3,3.2106754638873505,2.41066379697615
ridge_fixed_alpha,2026-05-14 14:15:00+05:30,5,3,-5.158636583927197,-3.806662674482079
ridge_fixed_alpha,2026-05-14 14:20:00+05:30,1,3,9.641942281231053,4.464024776639578
ridge_fixed_alpha,2026-05-14 14:20:00+05:30,2,3,-1.9151483694002105,-5.579743347102392
ridge_fixed_alpha,2026-05-14 14:20:00+05:30,3,3,-1.7702267353225667,-5.048418755018899
ridge_fixed_alpha,2026-05-14 14:20:00+05:30,4,3,1.485075513331471,-1.9297270038694714
ridge_fixed_alpha,2026-05-14 14:20:00+05:30,5,3,-7.4416426898397505,-9.107947894921494
ridge_fixed_alpha,2026-05-14 14:25:00+05:30,1,3,-2.6669275476972985,-1.9178131479618
ridge_fixed_alpha,2026-05-14 14:25:00+05:30,2,3,-4.927114212475603,-6.488964063882552
ridge_fixed_alpha,2026-05-14 14:25:00+05:30,3,3,5.157147009668517,5.956804200108579
ridge_fixed_alpha,2026-05-14 14:25:00+05:30,4,3,1.634913483309278,0.870592938632786
ridge_fixed_alpha,2026-05-14 14:25:00+05:30,5,3,0.8019812671951067,0.7845542939950434
ridge_fixed_alpha,2026-05-14 14:30:00+05:30,1,3,6.8326323316198305,-0.6725033756273355
ridge_fixed_alpha,2026-05-14 14:30:00+05:30,2,3,-10.218215104569847,-6.411018874980116
ridge_fixed_alpha,2026-05-14 14:30:00+05:30,3,3,-6.2079972417829286,-6.886470622378275
ridge_fixed_alpha,2026-05-14 14:30:00+05:30,4,3,5.98909017390074,6.842968398300527
ridge_fixed_alpha,2026-05-14 14:30:00+05:30,5,3,3.6044898408322075,-0.8907721687091794
ridge_fixed_alpha,2026-05-14 14:35:00+05:30,1,3,-6.733521970531416,-2.235450318739322
ridge_fixed_alpha,2026-05-14 14:35:00+05:30,2,3,1.039406539829738,-0.22193850277122795
ridge_fixed_alpha,2026-05-14 14:35:00+05:30,3,3,-3.773214891004425,-4.157712014002317
ridge_fixed_alpha,2026-05-14 14:35:00+05:30,4,3,-2.2310160977163656,-1.1668279911302522
ridge_fixed_alpha,2026-05-14 14:35:00+05:30,5,3,11.698346419422467,16.489286632258644
ridge_fixed_alpha,2026-05-14 14:40:00+05:30,1,3,3.6231123846555127,-1.4531025689299435
ridge_fixed_alpha,2026-05-14 14:40:00+05:30,2,3,-3.4040951553938985,-3.7336270910812717
ridge_fixed_alpha,2026-05-14 14:40:00+05:30,3,3,-9.8997651949293,-7.931046096456341
ridge_fixed_alpha,2026-05-14 14:40:00+05:30,4,3,4.404105981181164,0.2724767526864893
ridge_fixed_alpha,2026-05-14 14:40:00+05:30,5,3,5.276641984486518,3.976271822301535
ridge_fixed_alpha,2026-05-14 14:45:00+05:30,1,3,-7.114330522664932,-2.4423171168847326
ridge_fixed_alpha,2026-05-14 14:45:00+05:30,2,3,-3.6664106074049125,-3.2071354725255277
ridge_fixed_alpha,2026-05-14 14:45:00+05:30,3,3,-2.364330737212539,-0.2691993726339583
ridge_fixed_alpha,2026-05-14 14:45:00+05:30,4,3,3.902314145717068,3.3282020309760205
ridge_fixed_alpha,2026-05-14 14:45:00+05:30,5,3,9.242757721565315,12.806285299168904
ridge_fixed_alpha,2026-05-14 14:50:00+05:30,1,3,1.7256057415137391,-2.053921311876872
ridge_fixed_alpha,2026-05-14 14:50:00+05:30,2,3,3.3613356829578955,3.769160784693026
ridge_fixed_alpha,2026-05-14 14:50:00+05:30,3,3,-0.5131679961301784,-0.5781071844717105
ridge_fixed_alpha,2026-05-14 14:50:00+05:30,4,3,-6.133828121742012,0.4607313994571256
ridge_fixed_alpha,2026-05-14 14:50:00+05:30,5,3,1.5600546934005548,-0.3148800057932726
ridge_fixed_alpha,2026-05-14 14:55:00+05:30,1,3,-7.54993959279345,-10.26523587197555
ridge_fixed_alpha,2026-05-14 14:55:00+05:30,2,3,-7.531615004252812,-6.755660199748566
ridge_fixed_alpha,2026-05-14 14:55:00+05:30,3,3,5.71640417586409,6.039459088773717
ridge_fixed_alpha,2026-05-14 14:55:00+05:30,4,3,4.1522220536872965,8.321907352710916
ridge_fixed_alpha,2026-05-14 14:55:00+05:30,5,3,5.212928367494873,3.2193971823281466
ridge_fixed_alpha,2026-05-14 15:00:00+05:30,1,3,5.225335109255565,1.2392628939123331
ridge_fixed_alpha,2026-05-14 15:00:00+05:30,2,3,-11.641405623442774,-18.181463665954375
ridge_fixed_alpha,2026-05-14 15:00:00+05:30,3,3,-6.362582201667151,-10.245618329056091
ridge_fixed_alpha,2026-05-14 15:00:00+05:30,4,3,0.18140783233204028,0.5233435045232473
ridge_fixed_alpha,2026-05-14 15:00:00+05:30,5,3,12.59724488352232,12.842869506204982
ridge_fixed_alpha,2026-05-14 15:05:00+05:30,1,3,1.5744416146108442,3.326694854103973
ridge_fixed_alpha,2026-05-14 15:05:00+05:30,2,3,-3.7958254149343955,2.7441000035750562
ridge_fixed_alpha,2026-05-14 15:05:00+05:30,3,3,-2.7347982740482117,-0.6805300762096066
ridge_fixed_alpha,2026-05-14 15:05:00+05:30,4,3,-5.186734913007548,-13.235170126993268
ridge_fixed_alpha,2026-05-14 15:05:00+05:30,5,3,10.14291698737931,8.235096265083008
ridge_fixed_alpha,2026-05-14 15:10:00+05:30,1,3,2.34964592301797,-0.08702900916264983
ridge_fixed_alpha,2026-05-14 15:10:00+05:30,2,3,-3.34052971624373,4.358841476621504
ridge_fixed_alpha,2026-05-14 15:10:00+05:30,3,3,0.6745502110527086,5.549092075736099
ridge_fixed_alpha,2026-05-14 15:10:00+05:30,4,3,6.380963460668483,9.63158356018116
ridge_fixed_alpha,2026-05-14 15:10:00+05:30,5,3,-6.06462987849543,-11.491976021175207
ridge_fixed_alpha,2026-05-14 15:15:00+05:30,1,3,0.8588253932243868,0.6950126280243681
ridge_fixed_alpha,2026-05-14 15:15:00+05:30,2,3,-6.162820636724428,-6.624398701449522
ridge_fixed_alpha,2026-05-14 15:15:00+05:30,3,3,-2.128007098864589,1.1800037460082033
ridge_fixed_alpha,2026-05-14 15:15:00+05:30,4,3,10.805988476475514,12.110976690420012
ridge_fixed_alpha,2026-05-14 15:15:00+05:30,5,3,-3.3739861341108845,-2.7002129464640903
ridge_fixed_alpha,2026-05-14 15:20:00+05:30,1,3,4.473260873425033,10.00658035968042
ridge_fixed_alpha,2026-05-14 15:20:00+05:30,2,3,5.4169658917930805,13.179753555085863
ridge_fixed_alpha,2026-05-14 15:20:00+05:30,3,3,-8.740579359259574,-7.665146719230205
ridge_fixed_alpha,2026-05-14 15:20:00+05:30,4,3,-4.258473048653233,0.061583798793766305
ridge_fixed_alpha,2026-05-14 15:20:00+05:30,5,3,3.1088256426946943,1.2656171510071847
ridge_fixed_alpha,2026-05-15 14:15:00+05:30,1,3,1.4863003267610397,0.18400212722554266
ridge_fixed_alpha,2026-05-15 14:15:00+05:30,2,3,-7.4049662208989595,-7.6703284703053916
ridge_fixed_alpha,2026-05-15 14:15:00+05:30,3,3,-5.004939948079305,-2.885029455629666
ridge_fixed_alpha,2026-05-15 14:15:00+05:30,4,3,8.934163302140771,6.152096032862782
ridge_fixed_alpha,2026-05-15 14:15:00+05:30,5,3,1.989442540076454,1.9955155767533335
ridge_fixed_alpha,2026-05-15 14:20:00+05:30,1,3,-2.621262458504766,-1.877581418454399
ridge_fixed_alpha,2026-05-15 14:20:00+05:30,2,3,2.0080671629450673,1.6919616823054542
ridge_fixed_alpha,2026-05-15 14:20:00+05:30,3,3,-8.335557308659055,-4.938685399726639
ridge_fixed_alpha,2026-05-15 14:20:00+05:30,4,3,7.459220947573082,1.2079028605518352
ridge_fixed_alpha,2026-05-15 14:20:00+05:30,5,3,1.4895316566456709,2.808653352603052
ridge_fixed_alpha,2026-05-15 14:25:00+05:30,1,3,-5.507658046858712,-4.740158541642596
ridge_fixed_alpha,2026-05-15 14:25:00+05:30,2,3,12.814960795336429,10.830458787538817
ridge_fixed_alpha,2026-05-15 14:25:00+05:30,3,3,-1.6164565926813552,-1.5401585416416157
ridge_fixed_alpha,2026-05-15 14:25:00+05:30,4,3,2.188721932863421,0.11111172517648993
ridge_fixed_alpha,2026-05-15 14:25:00+05:30,5,3,-7.879568088659788,-0.585033887902912
ridge_fixed_alpha,2026-05-15 14:30:00+05:30,1,3,-2.8464739988241687,-8.150067458654542
ridge_fixed_alpha,2026-05-15 14:30:00+05:30,2,3,-4.086286401373762,0.4433663296796728
ridge_fixed_alpha,2026-05-15 14:30:00+05:30,3,3,-0.06171019923787827,1.418874947146431
ridge_fixed_alpha,2026-05-15 14:30:00+05:30,4,3,0.9080208123547853,1.2470408188456348
ridge_fixed_alpha,2026-05-15 14:30:00+05:30,5,3,6.086449787081025,12.759887984295837
ridge_fixed_alpha,2026-05-15 14:35:00+05:30,1,3,0.6184970120257647,3.881198426020971
ridge_fixed_alpha,2026-05-15 14:35:00+05:30,2,3,2.269181689833255,1.355156835402882
ridge_fixed_alpha,2026-05-15 14:35:00+05:30,3,3,-2.580351419308495,-1.3022973235135016
ridge_fixed_alpha,2026-05-15 14:35:00+05:30,4,3,0.3363596812268425,0.2949766622182271
ridge_fixed_alpha,2026-05-15 14:35:00+05:30,5,3,-0.643686963777368,-1.9418675323326084
ridge_fixed_alpha,2026-05-15 14:40:00+05:30,1,3,-3.4167162097315353,-4.710345576950975
ridge_fixed_alpha,2026-05-15 14:40:00+05:30,2,3,6.189115160328975,18.642087296158422
ridge_fixed_alpha,2026-05-15 14:40:00+05:30,3,3,12.23679939871506,5.493911524673783
ridge_fixed_alpha,2026-05-15 14:40:00+05:30,4,3,-4.697650851769174,-3.839974334530244
ridge_fixed_alpha,2026-05-15 14:40:00+05:30,5,3,-10.311547497543337,-8.047660482180568
ridge_fixed_alpha,2026-05-15 14:45:00+05:30,1,3,-16.73833828237455,-20.325065229744865
ridge_fixed_alpha,2026-05-15 14:45:00+05:30,2,3,-3.400119481249038,1.2269745288917555
ridge_fixed_alpha,2026-05-15 14:45:00+05:30,3,3,2.075844637174177,4.037019803260211
ridge_fixed_alpha,2026-05-15 14:45:00+05:30,4,3,10.707500916857054,12.089989373547105
ridge_fixed_alpha,2026-05-15 14:45:00+05:30,5,3,7.35511220959236,14.31344853278338
ridge_fixed_alpha,2026-05-15 14:50:00+05:30,1,3,5.050658093923131,2.9325012713135776
ridge_fixed_alpha,2026-05-15 14:50:00+05:30,2,3,-1.225120703900166,-0.6552271360435273
ridge_fixed_alpha,2026-05-15 14:50:00+05:30,3,3,-7.528763499964047,-9.757218308886465
ridge_fixed_alpha,2026-05-15 14:50:00+05:30,4,3,1.3970452528824968,1.5730556533724755
ridge_fixed_alpha,2026-05-15 14:50:00+05:30,5,3,2.306180857058581,2.574749342261503
ridge_fixed_alpha,2026-05-15 14:55:00+05:30,1,3,0.14239831408247028,-3.6404586736193956
ridge_fixed_alpha,2026-05-15 14:55:00+05:30,2,3,-13.399204952752413,-4.542009675674308
ridge_fixed_alpha,2026-05-15 14:55:00+05:30,3,3,11.428022175868541,10.116050024462364
ridge_fixed_alpha,2026-05-15 14:55:00+05:30,4,3,-7.796275445007458,-7.13071142585564
ridge_fixed_alpha,2026-05-15 14:55:00+05:30,5,3,9.625059907808856,15.195964088161595
ridge_fixed_alpha,2026-05-15 15:00:00+05:30,1,3,5.334576907835084,5.5256728689431585
ridge_fixed_alpha,2026-05-15 15:00:00+05:30,2,3,3.288979791776485,3.787039462101719
ridge_fixed_alpha,2026-05-15 15:00:00+05:30,3,3,-0.7215511833265065,-1.0639205540122394
ridge_fixed_alpha,2026-05-15 15:00:00+05:30,4,3,-12.186877074558046,-11.586049470277155
ridge_fixed_alpha,2026-05-15 15:00:00+05:30,5,3,4.284871558272989,5.9494397475975775
ridge_fixed_alpha,2026-05-15 15:05:00+05:30,1,3,-10.19510264812551,-16.346787908697664
ridge_fixed_alpha,2026-05-15 15:05:00+05:30,2,3,7.947077829290717,6.772731843890305
ridge_fixed_alpha,2026-05-15 15:05:00+05:30,3,3,-7.402902664211285,-8.471228730612198
ridge_fixed_alpha,2026-05-15 15:05:00+05:30,4,3,2.8742323306214512,-1.1308215499673164
ridge_fixed_alpha,2026-05-15 15:05:00+05:30,5,3,6.776695152424629,5.49372151439013
ridge_fixed_alpha,2026-05-15 15:10:00+05:30,1,3,-6.205803583862359,4.535598535669057
ridge_fixed_alpha,2026-05-15 15:10:00+05:30,2,3,-6.138586062440851,-11.264634910768939
ridge_fixed_alpha,2026-05-15 15:10:00+05:30,3,3,0.6642335175569181,2.1915725558821673
ridge_fixed_alpha,2026-05-15 15:10:00+05:30,4,3,7.055774214406841,6.001266860558315
ridge_fixed_alpha,2026-05-15 15:10:00+05:30,5,3,4.624381914339448,3.9903813177846934
ridge_fixed_alpha,2026-05-15 15:15:00+05:30,1,3,-6.0087889316559435,-8.634266805755667
ridge_fixed_alpha,2026-05-15 15:15:00+05:30,2,3,-2.527314466784484,-2.8759784346707264
ridge_fixed_alpha,2026-05-15 15:15:00+05:30,3,3,4.67722015166494,1.2902719030896865
ridge_fixed_alpha,2026-05-15 15:15:00+05:30,4,3,8.219337663959735,11.416404979272285
ridge_fixed_alpha,2026-05-15 15:15:00+05:30,5,3,-4.360454417184245,-3.6391874902738466
ridge_fixed_alpha,2026-05-15 15:20:00+05:30,1,3,-1.3344193020241593,-1.0399673466362873
ridge_fixed_alpha,2026-05-15 15:20:00+05:30,2,3,-4.0316006134004665,10.506348362200619
ridge_fixed_alpha,2026-05-15 15:20:00+05:30,3,3,-6.156659591141905,-7.799036986493017
ridge_fixed_alpha,2026-05-15 15:20:00+05:30,4,3,8.243362020081245,1.4191139915234647
ridge_fixed_alpha,2026-05-15 15:20:00+05:30,5,3,3.2793174864852817,-2.0418271695407477
ridge_fixed_alpha,2026-05-18 14:15:00+05:30,1,3,-0.6353071399763548,-1.5204290907259532
ridge_fixed_alpha,2026-05-18 14:15:00+05:30,2,3,2.2843361019801263,0.37261184652489177
ridge_fixed_alpha,2026-05-18 14:15:00+05:30,3,3,3.9196206368604303,0.8235840418154472
ridge_fixed_alpha,2026-05-18 14:15:00+05:30,4,3,-1.9531257890759155,-0.5235969152276676
ridge_fixed_alpha,2026-05-18 14:15:00+05:30,5,3,-3.6155238097882814,-1.3149031790652776
ridge_fixed_alpha,2026-05-18 14:20:00+05:30,1,3,3.763768976570306,-3.2214098311443466
ridge_fixed_alpha,2026-05-18 14:20:00+05:30,2,3,-0.43675646843214555,-2.6155535158654724
ridge_fixed_alpha,2026-05-18 14:20:00+05:30,3,3,-0.22284876487832456,-0.34523296114959545
ridge_fixed_alpha,2026-05-18 14:20:00+05:30,4,3,-4.2005738274144555,-4.94589608420289
ridge_fixed_alpha,2026-05-18 14:20:00+05:30,5,3,1.0964100841546203,3.858371427390021
ridge_fixed_alpha,2026-05-18 14:25:00+05:30,1,3,15.374995503126005,12.720004048934955
ridge_fixed_alpha,2026-05-18 14:25:00+05:30,2,3,-0.749677873274142,-2.787963275282597
ridge_fixed_alpha,2026-05-18 14:25:00+05:30,3,3,-9.059890588284084,-5.470615499685379
ridge_fixed_alpha,2026-05-18 14:25:00+05:30,4,3,-5.705719804701025,-6.802292857764976
ridge_fixed_alpha,2026-05-18 14:25:00+05:30,5,3,0.1402927631332469,-3.6832627705297343
ridge_fixed_alpha,2026-05-18 14:30:00+05:30,1,3,-0.31762499664833665,1.5078320038321993
ridge_fixed_alpha,2026-05-18 14:30:00+05:30,2,3,-3.2824269906655728,-3.5885075361583585
ridge_fixed_alpha,2026-05-18 14:30:00+05:30,3,3,-0.4278368660612931,-2.9912230259407924
ridge_fixed_alpha,2026-05-18 14:30:00+05:30,4,3,1.336752585281653,-2.5080243002515434
ridge_fixed_alpha,2026-05-18 14:30:00+05:30,5,3,2.6911362680935484,9.081119206178156
ridge_fixed_alpha,2026-05-18 14:35:00+05:30,1,3,-16.294400688276294,-15.96560772306114
ridge_fixed_alpha,2026-05-18 14:35:00+05:30,2,3,1.9798743485736445,2.8432501512395034
ridge_fixed_alpha,2026-05-18 14:35:00+05:30,3,3,0.7326837087380993,-4.822919080506397
ridge_fixed_alpha,2026-05-18 14:35:00+05:30,4,3,4.237741259216499,4.9569755439534315
ridge_fixed_alpha,2026-05-18 14:35:00+05:30,5,3,9.344101371748053,12.820937010541064
ridge_fixed_alpha,2026-05-18 14:40:00+05:30,1,3,4.4215293165680665,5.194786885075908
ridge_fixed_alpha,2026-05-18 14:40:00+05:30,2,3,-12.25718203820995,-18.08933548033864
ridge_fixed_alpha,2026-05-18 14:40:00+05:30,3,3,-0.4866852865632594,-0.2405649495080815
ridge_fixed_alpha,2026-05-18 14:40:00+05:30,4,3,7.081039337773378,7.590982741196184
ridge_fixed_alpha,2026-05-18 14:40:00+05:30,5,3,1.241298670431768,6.462867769349456
ridge_fixed_alpha,2026-05-18 14:45:00+05:30,1,3,-10.698371489453814,-11.176881798830104
ridge_fixed_alpha,2026-05-18 14:45:00+05:30,2,3,-4.728757054846433,-5.169454926050661
ridge_fixed_alpha,2026-05-18 14:45:00+05:30,3,3,10.370335119778437,5.374231041445003
ridge_fixed_alpha,2026-05-18 14:45:00+05:30,4,3,3.030003500850438,4.5696959793516765
ridge_fixed_alpha,2026-05-18 14:45:00+05:30,5,3,2.0267899236713722,0.21219570556777823
ridge_fixed_alpha,2026-05-18 14:50:00+05:30,1,3,2.862992886498346,1.1098995109948273
ridge_fixed_alpha,2026-05-18 14:50:00+05:30,2,3,-2.6076321280181043,-5.351229715482297
ridge_fixed_alpha,2026-05-18 14:50:00+05:30,3,3,-0.4119885857778449,-0.016127255891840164
ridge_fixed_alpha,2026-05-18 14:50:00+05:30,4,3,-2.854149869352396,-1.3971163291459643
ridge_fixed_alpha,2026-05-18 14:50:00+05:30,5,3,3.010777696649998,3.965895421002008
ridge_fixed_alpha,2026-05-18 14:55:00+05:30,1,3,11.399616478920073,14.99115187757864
ridge_fixed_alpha,2026-05-18 14:55:00+05:30,2,3,-14.02008578055073,-20.949273574262754
ridge_fixed_alpha,2026-05-18 14:55:00+05:30,3,3,1.7594573191787424,5.319480632776691
ridge_fixed_alpha,2026-05-18 14:55:00+05:30,4,3,10.109290385870016,13.09337685446003
ridge_fixed_alpha,2026-05-18 14:55:00+05:30,5,3,-9.248278403418093,-11.486361619166791
ridge_fixed_alpha,2026-05-18 15:00:00+05:30,1,3,-8.91432439585634,-10.60268727206548
ridge_fixed_alpha,2026-05-18 15:00:00+05:30,2,3,3.528114744080953,6.494281422629866
ridge_fixed_alpha,2026-05-18 15:00:00+05:30,3,3,-10.208042280082836,-7.367157900398658
ridge_fixed_alpha,2026-05-18 15:00:00+05:30,4,3,-2.718761770916789,-10.19948621003186
ridge_fixed_alpha,2026-05-18 15:00:00+05:30,5,3,18.313013702775013,18.534862987383825
ridge_fixed_alpha,2026-05-18 15:05:00+05:30,1,3,-2.2068551265536454,4.019321879336586
ridge_fixed_alpha,2026-05-18 15:05:00+05:30,2,3,1.2903625429792065,2.95193483572039
ridge_fixed_alpha,2026-05-18 15:05:00+05:30,3,3,-4.948408444310622,-10.923042487830973
ridge_fixed_alpha,2026-05-18 15:05:00+05:30,4,3,-6.447025266075916,-6.543065037785715
ridge_fixed_alpha,2026-05-18 15:05:00+05:30,5,3,12.311926293960976,6.435793098181171
ridge_fixed_alpha,2026-05-18 15:10:00+05:30,1,3,1.7830013241277123,4.147519959117367
ridge_fixed_alpha,2026-05-18 15:10:00+05:30,2,3,-10.386059215919362,1.736803792627454
ridge_fixed_alpha,2026-05-18 15:10:00+05:30,3,3,6.940482415591125,9.5832290526671
ridge_fixed_alpha,2026-05-18 15:10:00+05:30,4,3,0.6361863304281308,2.270091522420007
ridge_fixed_alpha,2026-05-18 15:10:00+05:30,5,3,1.026389145772392,2.9748609406172
ridge_fixed_alpha,2026-05-18 15:15:00+05:30,1,3,3.188061534053895,1.9238882012101812
ridge_fixed_alpha,2026-05-18 15:15:00+05:30,2,3,-5.882327620547152,-2.6960229286293234
ridge_fixed_alpha,2026-05-18 15:15:00+05:30,3,3,12.9042367219007,12.3520808028205
ridge_fixed_alpha,2026-05-18 15:15:00+05:30,4,3,-7.521852041792046,-7.964657508056601
ridge_fixed_alpha,2026-05-18 15:15:00+05:30,5,3,-2.6881185936153966,-0.8381966814535367
ridge_fixed_alpha,2026-05-18 15:20:00+05:30,1,3,5.513257059789629,0.1495022616318693
ridge_fixed_alpha,2026-05-18 15:20:00+05:30,2,3,1.6639465860401135,2.5154772106908605
ridge_fixed_alpha,2026-05-18 15:20:00+05:30,3,3,-2.218856762758719,-7.960878478369941
ridge_fixed_alpha,2026-05-18 15:20:00+05:30,4,3,-2.7532991577439905,2.496193736915305
ridge_fixed_alpha,2026-05-18 15:20:00+05:30,5,3,-2.205047725327037,2.79760447057383
ridge_fixed_alpha,2026-05-19 14:15:00+05:30,1,3,-11.036581561723565,-8.534225954108948
ridge_fixed_alpha,2026-05-19 14:15:00+05:30,2,3,-0.201854753747603,-3.225979468448751
ridge_fixed_alpha,2026-05-19 14:15:00+05:30,3,3,-6.595576509902907,-8.387471658438821
ridge_fixed_alpha,2026-05-19 14:15:00+05:30,4,3,10.816323313288375,5.172145059736251
ridge_fixed_alpha,2026-05-19 14:15:00+05:30,5,3,7.017689512085701,7.6822497965688035
ridge_fixed_alpha,2026-05-19 14:20:00+05:30,1,3,-13.86535408573749,-11.293744608563472
ridge_fixed_alpha,2026-05-19 14:20:00+05:30,2,3,-7.110500176901328,-7.436839214188584
ridge_fixed_alpha,2026-05-19 14:20:00+05:30,3,3,6.0157095235075335,5.847153574501052
ridge_fixed_alpha,2026-05-19 14:20:00+05:30,4,3,11.467949438510075,8.25543807317719
ridge_fixed_alpha,2026-05-19 14:20:00+05:30,5,3,3.4921953006212076,7.154343116984263
ridge_fixed_alpha,2026-05-19 14:25:00+05:30,1,3,0.1246616566451898,2.0039963070235256
ridge_fixed_alpha,2026-05-19 14:25:00+05:30,2,3,10.840566502831345,10.832246708306181
ridge_fixed_alpha,2026-05-19 14:25:00+05:30,3,3,0.019942869900590587,-1.8436373982482213
ridge_fixed_alpha,2026-05-19 14:25:00+05:30,4,3,2.2301531539898893,-6.061170238665259
ridge_fixed_alpha,2026-05-19 14:25:00+05:30,5,3,-13.215324183367015,-7.628938189021994
ridge_fixed_alpha,2026-05-19 14:30:00+05:30,1,3,1.5186804724513323,4.419810424030798
ridge_fixed_alpha,2026-05-19 14:30:00+05:30,2,3,9.014846413631927,6.435665060012438
ridge_fixed_alpha,2026-05-19 14:30:00+05:30,3,3,-1.0103184237712315,-4.140163638233588
ridge_fixed_alpha,2026-05-19 14:30:00+05:30,4,3,-12.141919075525271,-10.65631006803606
ridge_fixed_alpha,2026-05-19 14:30:00+05:30,5,3,2.618710613213245,4.414348153809108
ridge_fixed_alpha,2026-05-19 14:35:00+05:30,1,3,4.154913793154469,-0.2712122094782705
ridge_fixed_alpha,2026-05-19 14:35:00+05:30,2,3,1.4153911147404643,0.38041031492526844
ridge_fixed_alpha,2026-05-19 14:35:00+05:30,3,3,-5.32090601292438,-6.879025511907703
ridge_fixed_alpha,2026-05-19 14:35:00+05:30,4,3,7.295279465030576,6.232696272658951
ridge_fixed_alpha,2026-05-19 14:35:00+05:30,5,3,-7.54467836000113,-6.009218612985571
ridge_fixed_alpha,2026-05-19 14:40:00+05:30,1,3,3.694301357525835,7.627802936143032
ridge_fixed_alpha,2026-05-19 14:40:00+05:30,2,3,-10.869727055553334,-4.443036518810987
ridge_fixed_alpha,2026-05-19 14:40:00+05:30,3,3,1.5157774223856597,-2.751924552170252
ridge_fixed_alpha,2026-05-19 14:40:00+05:30,4,3,0.2780837087833133,1.9469803090253663
ridge_fixed_alpha,2026-05-19 14:40:00+05:30,5,3,5.381564566858529,6.722976576500747
ridge_fixed_alpha,2026-05-19 14:45:00+05:30,1,3,0.9662671151292963,10.190295753848739
ridge_fixed_alpha,2026-05-19 14:45:00+05:30,2,3,-2.9426992299608212,-2.6028344211585326
ridge_fixed_alpha,2026-05-19 14:45:00+05:30,3,3,2.1319078765724697,1.479258058900331
ridge_fixed_alpha,2026-05-19 14:45:00+05:30,4,3,-0.0908716423401549,5.144472584672396
ridge_fixed_alpha,2026-05-19 14:45:00+05:30,5,3,-0.06460411940079142,-1.2662595267446766
ridge_fixed_alpha,2026-05-19 14:50:00+05:30,1,3,-10.011712707167126,-14.674151780741013
ridge_fixed_alpha,2026-05-19 14:50:00+05:30,2,3,9.755974419282479,8.549284717480992
ridge_fixed_alpha,2026-05-19 14:50:00+05:30,3,3,0.6447147502586241,-2.6307823285095138
ridge_fixed_alpha,2026-05-19 14:50:00+05:30,4,3,1.2936550671090643,5.1403069887227355
ridge_fixed_alpha,2026-05-19 14:50:00+05:30,5,3,-1.6826315294830394,2.009776016305513
ridge_fixed_alpha,2026-05-19 14:55:00+05:30,1,3,-3.9604604536417725,-6.970773827953044
ridge_fixed_alpha,2026-05-19 14:55:00+05:30,2,3,6.502476661271644,6.082281807533821
ridge_fixed_alpha,2026-05-19 14:55:00+05:30,3,3,9.730676110586051,16.46591058586814
ridge_fixed_alpha,2026-05-19 14:55:00+05:30,4,3,-9.04905744041081,-5.898039029956411
ridge_fixed_alpha,2026-05-19 14:55:00+05:30,5,3,-3.22363487780512,-0.742731668898674
ridge_fixed_alpha,2026-05-19 15:00:00+05:30,1,3,5.743872111485231,4.948240689190679
ridge_fixed_alpha,2026-05-19 15:00:00+05:30,2,3,-10.114568242056993,-9.804624549303604
ridge_fixed_alpha,2026-05-19 15:00:00+05:30,3,3,0.41000609052995374,-0.5205234825736611
ridge_fixed_alpha,2026-05-19 15:00:00+05:30,4,3,-1.9175308296029607,0.9906194055472699
ridge_fixed_alpha,2026-05-19 15:00:00+05:30,5,3,5.878220869644772,9.620662529450078
ridge_fixed_alpha,2026-05-19 15:05:00+05:30,1,3,-3.3871914595107184,-4.508825674675772
ridge_fixed_alpha,2026-05-19 15:05:00+05:30,2,3,-8.410805217701952,-11.436820952430333
ridge_fixed_alpha,2026-05-19 15:05:00+05:30,3,3,12.862069057516152,12.519366928317826
ridge_fixed_alpha,2026-05-19 15:05:00+05:30,4,3,-0.10381484266204909,1.0741507757287365
ridge_fixed_alpha,2026-05-19 15:05:00+05:30,5,3,-0.9602575376414324,0.5610667886872073
ridge_fixed_alpha,2026-05-19 15:10:00+05:30,1,3,2.865000336079505,-4.229606912722931
ridge_fixed_alpha,2026-05-19 15:10:00+05:30,2,3,-0.2674555632714939,-1.1761211547129204
ridge_fixed_alpha,2026-05-19 15:10:00+05:30,3,3,-5.155898209301992,-0.10319686560348673
ridge_fixed_alpha,2026-05-19 15:10:00+05:30,4,3,-5.988303598188767,-3.519390016118488
ridge_fixed_alpha,2026-05-19 15:10:00+05:30,5,3,8.54665703468275,4.626780571784191
ridge_fixed_alpha,2026-05-19 15:15:00+05:30,1,3,-6.761290958389545,-5.915048903735546
ridge_fixed_alpha,2026-05-19 15:15:00+05:30,2,3,2.755753752851827,1.8538565822752895
ridge_fixed_alpha,2026-05-19 15:15:00+05:30,3,3,11.589672620977062,13.493466697349263
ridge_fixed_alpha,2026-05-19 15:15:00+05:30,4,3,-8.105962960310112,-4.633404976304526
ridge_fixed_alpha,2026-05-19 15:15:00+05:30,5,3,0.5218275448707721,5.867214715368959
ridge_fixed_alpha,2026-05-19 15:20:00+05:30,1,3,-11.81584206737818,-18.605063541953534
ridge_fixed_alpha,2026-05-19 15:20:00+05:30,2,3,-3.5528638750943466,0.3941684173000375
ridge_fixed_alpha,2026-05-19 15:20:00+05:30,3,3,1.878480604925903,3.8986182085073797
ridge_fixed_alpha,2026-05-19 15:20:00+05:30,4,3,4.0617691921818935,6.653771723564554
ridge_fixed_alpha,2026-05-19 15:20:00+05:30,5,3,9.428456145364732,13.179704279532006
ridge_fixed_alpha,2026-05-20 14:15:00+05:30,1,3,-3.6926788410266793,-4.448388200040862
ridge_fixed_alpha,2026-05-20 14:15:00+05:30,2,3,1.132456088407026,-0.6635041914056694
ridge_fixed_alpha,2026-05-20 14:15:00+05:30,3,3,-1.4656056939995246,-1.2385053012227887
ridge_fixed_alpha,2026-05-20 14:15:00+05:30,4,3,4.043986409086873,5.520302475811404
ridge_fixed_alpha,2026-05-20 14:15:00+05:30,5,3,-0.018157962467698983,-6.942331827325029
ridge_fixed_alpha,2026-05-20 14:20:00+05:30,1,3,-3.3886817627807693,-0.997792539534729
ridge_fixed_alpha,2026-05-20 14:20:00+05:30,2,3,-1.8698555024991104,-2.971748708103054
ridge_fixed_alpha,2026-05-20 14:20:00+05:30,3,3,1.8485983541527409,6.079518371745104
ridge_fixed_alpha,2026-05-20 14:20:00+05:30,4,3,1.9851787183485425,1.1919631352193725
ridge_fixed_alpha,2026-05-20 14:20:00+05:30,5,3,1.424760192778596,0.6439771017870596
ridge_fixed_alpha,2026-05-20 14:25:00+05:30,1,3,-3.392108529822154,-1.10116514303793
ridge_fixed_alpha,2026-05-20 14:25:00+05:30,2,3,0.640049291654214,-1.1865703928135574
ridge_fixed_alpha,2026-05-20 14:25:00+05:30,3,3,3.894739797955183,2.829110822603287
ridge_fixed_alpha,2026-05-20 14:25:00+05:30,4,3,1.933882155293739,3.77632332515887
ridge_fixed_alpha,2026-05-20 14:25:00+05:30,5,3,-3.0765627150809807,-3.3964314985599486
ridge_fixed_alpha,2026-05-20 14:30:00+05:30,1,3,-1.2161866396684184,-2.63021092432932
ridge_fixed_alpha,2026-05-20 14:30:00+05:30,2,3,0.8935224422415752,1.315599939805049
ridge_fixed_alpha,2026-05-20 14:30:00+05:30,3,3,-4.246514618032678,-2.63021092432932
ridge_fixed_alpha,2026-05-20 14:30:00+05:30,4,3,6.198584011122944,7.091898773475751
ridge_fixed_alpha,2026-05-20 14:30:00+05:30,5,3,-1.629405195663421,0.7850896221183546
ridge_fixed_alpha,2026-05-20 14:35:00+05:30,1,3,-4.0825200032449755,-0.6760531863373812
ridge_fixed_alpha,2026-05-20 14:35:00+05:30,2,3,-2.9721143831255383,-2.6733577658392496
ridge_fixed_alpha,2026-05-20 14:35:00+05:30,3,3,5.212160783748532,7.073259173115595
ridge_fixed_alpha,2026-05-20 14:35:00+05:30,4,3,0.3226963926028496,6.386637498078848
ridge_fixed_alpha,2026-05-20 14:35:00+05:30,5,3,1.519777210019132,0.6621562168170522
ridge_fixed_alpha,2026-05-20 14:40:00+05:30,1,3,-2.8722955421884855,-1.9324420922975556
ridge_fixed_alpha,2026-05-20 14:40:00+05:30,2,3,-1.4567985936548842,0.5553234145269463
ridge_fixed_alpha,2026-05-20 14:40:00+05:30,3,3,2.3261194243466847,-2.7852478231529996
ridge_fixed_alpha,2026-05-20 14:40:00+05:30,4,3,-0.9676947602990833,-3.743683655872706
ridge_fixed_alpha,2026-05-20 14:40:00+05:30,5,3,2.970669471795769,5.1340266691188114
ridge_fixed_alpha,2026-05-20 14:45:00+05:30,1,3,2.5978739453475326,1.8942727144742506
ridge_fixed_alpha,2026-05-20 14:45:00+05:30,2,3,1.979407326394419,1.4102221795995924
ridge_fixed_alpha,2026-05-20 14:45:00+05:30,3,3,1.5252385039531042,2.7145132973758943
ridge_fixed_alpha,2026-05-20 14:45:00+05:30,4,3,-3.600849999635539,-2.7879306331625533
ridge_fixed_alpha,2026-05-20 14:45:00+05:30,5,3,-2.501669776059515,-1.1423610346129969
ridge_fixed_alpha,2026-05-20 14:50:00+05:30,1,3,1.7462057334979666,2.129065498303125
ridge_fixed_alpha,2026-05-20 14:50:00+05:30,2,3,-2.610096505132997,-2.5006915801561265
ridge_fixed_alpha,2026-05-20 14:50:00+05:30,3,3,0.5016247788470392,-0.769231956474418
ridge_fixed_alpha,2026-05-20 14:50:00+05:30,4,3,4.721798459567919,4.670181713092377
ridge_fixed_alpha,2026-05-20 14:50:00+05:30,5,3,-4.359532466779929,-5.49812585490909
ridge_fixed_alpha,2026-05-20 14:55:00+05:30,1,3,3.4626179318621992,-0.3519148703806283
ridge_fixed_alpha,2026-05-20 14:55:00+05:30,2,3,-12.98887820870561,-19.094897271226227
ridge_fixed_alpha,2026-05-20 14:55:00+05:30,3,3,-5.464461290306311,-4.160737138160749
ridge_fixed_alpha,2026-05-20 14:55:00+05:30,4,3,11.073823273304157,19.076004699773478
ridge_fixed_alpha,2026-05-20 14:55:00+05:30,5,3,3.9168982938455605,1.7340413827210779
ridge_fixed_alpha,2026-05-20 15:00:00+05:30,1,3,-3.7427325323651965,-0.1767355804284474
ridge_fixed_alpha,2026-05-20 15:00:00+05:30,2,3,1.8954829516613838,1.7314667144362108
ridge_fixed_alpha,2026-05-20 15:00:00+05:30,3,3,0.09774232271538529,1.4113465723862486
ridge_fixed_alpha,2026-05-20 15:00:00+05:30,4,3,-1.74784530266292,-0.9395918990430605
ridge_fixed_alpha,2026-05-20 15:00:00+05:30,5,3,3.4973525606513496,2.9037135377672687
ridge_fixed_alpha,2026-05-20 15:05:00+05:30,1,3,1.185139603507487,0.7432606135275116
ridge_fixed_alpha,2026-05-20 15:05:00+05:30,2,3,-3.894169620346129,-4.363053217326292
ridge_fixed_alpha,2026-05-20 15:05:00+05:30,3,3,-0.4375139746807618,-1.3647300825721704
ridge_fixed_alpha,2026-05-20 15:05:00+05:30,4,3,3.7123199501924264,7.476999809789368
ridge_fixed_alpha,2026-05-20 15:05:00+05:30,5,3,-0.5657759586730202,-0.7417726693966414
ridge_fixed_alpha,2026-05-20 15:10:00+05:30,1,3,1.090017057066387,0.014174165164174699
ridge_fixed_alpha,2026-05-20 15:10:00+05:30,2,3,-6.381173288782333,-5.299069852796231
ridge_fixed_alpha,2026-05-20 15:10:00+05:30,3,3,-2.3839709500002777,1.0227240370789625
ridge_fixed_alpha,2026-05-20 15:10:00+05:30,4,3,1.5693120793858204,4.419727074908378
ridge_fixed_alpha,2026-05-20 15:10:00+05:30,5,3,6.105815102330397,5.753093423718584
ridge_fixed_alpha,2026-05-20 15:15:00+05:30,1,3,2.1426139513581375,2.0302828713385512
ridge_fixed_alpha,2026-05-20 15:15:00+05:30,2,3,2.9878570598759566,2.7995136405694065
ridge_fixed_alpha,2026-05-20 15:15:00+05:30,3,3,4.255050812497293,5.411762026936051
ridge_fixed_alpha,2026-05-20 15:15:00+05:30,4,3,-7.949881295360749,11.329029143824387
ridge_fixed_alpha,2026-05-20 15:15:00+05:30,5,3,-1.4356405283706406,2.0302828713385512
ridge_fixed_alpha,2026-05-20 15:20:00+05:30,1,3,-7.410142614511598,-7.95081833039335
ridge_fixed_alpha,2026-05-20 15:20:00+05:30,2,3,2.2339566454273228,5.122949244814601
ridge_fixed_alpha,2026-05-20 15:20:00+05:30,3,3,-1.2280154598387494,-10.610734279065115
ridge_fixed_alpha,2026-05-20 15:20:00+05:30,4,3,3.9992553026058086,1.0675049807462589
ridge_fixed_alpha,2026-05-20 15:20:00+05:30,5,3,2.4049461263172165,2.5924496491336324
ridge_fixed_alpha,2026-05-21 14:15:00+05:30,1,3,-3.818133591447263,-7.331929029656811
ridge_fixed_alpha,2026-05-21 14:15:00+05:30,2,3,2.1326636447732317,3.230849553053231
ridge_fixed_alpha,2026-05-21 14:15:00+05:30,3,3,2.76940532066409,3.758185320375121
ridge_fixed_alpha,2026-05-21 14:15:00+05:30,4,3,-4.353466227145534,-5.4393078307833544
ridge_fixed_alpha,2026-05-21 14:15:00+05:30,5,3,3.269530853155474,3.913286631798277
ridge_fixed_alpha,2026-05-21 14:20:00+05:30,1,3,4.9352560108214165,1.9563667408765506
ridge_fixed_alpha,2026-05-21 14:20:00+05:30,2,3,-2.7433246113606207,-5.918886756727989
ridge_fixed_alpha,2026-05-21 14:20:00+05:30,3,3,-0.700137395826343,1.1394744182317373
ridge_fixed_alpha,2026-05-21 14:20:00+05:30,4,3,-4.414330259016423,-4.229696438055782
ridge_fixed_alpha,2026-05-21 14:20:00+05:30,5,3,2.9225362553819685,4.032503638518406
ridge_fixed_alpha,2026-05-21 14:25:00+05:30,1,3,0.4277794918522798,-2.223873035568147
ridge_fixed_alpha,2026-05-21 14:25:00+05:30,2,3,2.444383715481428,4.131094664458157
ridge_fixed_alpha,2026-05-21 14:25:00+05:30,3,3,0.760825027110575,0.5745893837740825
ridge_fixed_alpha,2026-05-21 14:25:00+05:30,4,3,-6.322612226686619,-6.37883063462219
ridge_fixed_alpha,2026-05-21 14:25:00+05:30,5,3,2.689623992242337,-0.6014354667080999
ridge_fixed_alpha,2026-05-21 14:30:00+05:30,1,3,-2.5336901234661964,-2.2496313636465683
ridge_fixed_alpha,2026-05-21 14:30:00+05:30,2,3,3.9002410372398852,3.286512993956399
ridge_fixed_alpha,2026-05-21 14:30:00+05:30,3,3,-4.471296468037049,-2.262867422825258
ridge_fixed_alpha,2026-05-21 14:30:00+05:30,4,3,1.0381276611797217,-0.6530799147762926
ridge_fixed_alpha,2026-05-21 14:30:00+05:30,5,3,2.0666178930836367,5.9367059171845
ridge_fixed_alpha,2026-05-21 14:35:00+05:30,1,3,-0.95790769995537,-2.6639041846782487
ridge_fixed_alpha,2026-05-21 14:35:00+05:30,2,3,3.7503920848941017,0.5297085897742657
ridge_fixed_alpha,2026-05-21 14:35:00+05:30,3,3,3.086717707870982,10.59377200983754
ridge_fixed_alpha,2026-05-21 14:35:00+05:30,4,3,0.7592033820678081,3.8994982831602374
ridge_fixed_alpha,2026-05-21 14:35:00+05:30,5,3,-6.638405474877523,-9.289796131671283
ridge_fixed_alpha,2026-05-21 14:40:00+05:30,1,3,-2.5185809531855043,-0.832393662216102
ridge_fixed_alpha,2026-05-21 14:40:00+05:30,2,3,-1.4468365644956607,-1.8153081457410458
ridge_fixed_alpha,2026-05-21 14:40:00+05:30,3,3,0.6320528767607138,1.508354413823465
ridge_fixed_alpha,2026-05-21 14:40:00+05:30,4,3,-1.2331355770482946,-1.3932498456541431
ridge_fixed_alpha,2026-05-21 14:40:00+05:30,5,3,4.566500217968746,2.454802265285494
ridge_fixed_alpha,2026-05-21 14:45:00+05:30,1,3,0.794261055904188,0.12134855041960103
ridge_fixed_alpha,2026-05-21 14:45:00+05:30,2,3,-1.6765990141668727,-0.8972866014441327
ridge_fixed_alpha,2026-05-21 14:45:00+05:30,3,3,-0.05719239266880744,-1.5749039103925744
ridge_fixed_alpha,2026-05-21 14:45:00+05:30,4,3,-0.3294124341990393,-1.1327037918925276
ridge_fixed_alpha,2026-05-21 14:45:00+05:30,5,3,1.2689427851305293,2.6764701992946596
ridge_fixed_alpha,2026-05-21 14:50:00+05:30,1,3,-3.6811769795969482,4.066977193293815
ridge_fixed_alpha,2026-05-21 14:50:00+05:30,2,3,-3.7588796142183543,-10.889539681553964
ridge_fixed_alpha,2026-05-21 14:50:00+05:30,3,3,-1.9428406766995492,1.620621271992103
ridge_fixed_alpha,2026-05-21 14:50:00+05:30,4,3,7.618220561010691,10.417203678854644
ridge_fixed_alpha,2026-05-21 14:50:00+05:30,5,3,1.7646767095041613,4.833730758698159
ridge_fixed_alpha,2026-05-21 14:55:00+05:30,1,3,-17.579878930207364,-18.44160261973693
ridge_fixed_alpha,2026-05-21 14:55:00+05:30,2,3,4.317370285898144,4.065678098160275
ridge_fixed_alpha,2026-05-21 14:55:00+05:30,3,3,7.537356281481703,6.626281505589082
ridge_fixed_alpha,2026-05-21 14:55:00+05:30,4,3,2.106514117012829,1.9561482626035964
ridge_fixed_alpha,2026-05-21 14:55:00+05:30,5,3,3.6186382458146906,3.2684842206094356
ridge_fixed_alpha,2026-05-21 15:00:00+05:30,1,3,-11.253295773173097,-7.862650583891684
ridge_fixed_alpha,2026-05-21 15:00:00+05:30,2,3,-7.007894310751142,-5.151700723587727
ridge_fixed_alpha,2026-05-21 15:00:00+05:30,3,3,0.8612751549073774,-0.049766087393043675
ridge_fixed_alpha,2026-05-21 15:00:00+05:30,4,3,16.412000089942815,24.040188289904616
ridge_fixed_alpha,2026-05-21 15:00:00+05:30,5,3,0.9879148390740473,4.267692683962654
ridge_fixed_alpha,2026-05-21 15:05:00+05:30,1,3,2.6994952350521593,2.3950805052192305
ridge_fixed_alpha,2026-05-21 15:05:00+05:30,2,3,-5.445929207197479,-3.416003209983328
ridge_fixed_alpha,2026-05-21 15:05:00+05:30,3,3,-11.145827466262135,-13.753128561544944
ridge_fixed_alpha,2026-05-21 15:05:00+05:30,4,3,4.463873458360412,7.09289078782042
ridge_fixed_alpha,2026-05-21 15:05:00+05:30,5,3,9.428387980047043,4.562586121133509
ridge_fixed_alpha,2026-05-21 15:10:00+05:30,1,3,-3.4829570550211444,-1.2723380892925757
ridge_fixed_alpha,2026-05-21 15:10:00+05:30,2,3,0.06525963702415828,-1.1398932875311314
ridge_fixed_alpha,2026-05-21 15:10:00+05:30,3,3,-1.595060298483923,-2.7953679229747084
ridge_fixed_alpha,2026-05-21 15:10:00+05:30,4,3,2.033512872524105,2.8345911020394667
ridge_fixed_alpha,2026-05-21 15:10:00+05:30,5,3,2.979244843956804,4.6747687426590785
ridge_fixed_alpha,2026-05-21 15:15:00+05:30,1,3,1.5830849917837224,-4.307929235614886
ridge_fixed_alpha,2026-05-21 15:15:00+05:30,2,3,0.3909761640411198,-1.8418891467550196
ridge_fixed_alpha,2026-05-21 15:15:00+05:30,3,3,2.9779278691943,1.9239558683140274
ridge_fixed_alpha,2026-05-21 15:15:00+05:30,4,3,-1.2949032846170108,-2.0358221424884673
ridge_fixed_alpha,2026-05-21 15:15:00+05:30,5,3,-3.6570857404021337,-0.4890090482997749
ridge_fixed_alpha,2026-05-21 15:20:00+05:30,1,3,2.7542123137422885,11.302648455247496
ridge_fixed_alpha,2026-05-21 15:20:00+05:30,2,3,-1.5407714740118075,-3.1853003388454906
ridge_fixed_alpha,2026-05-21 15:20:00+05:30,3,3,-2.4916148405894254,-7.650919308502295
ridge_fixed_alpha,2026-05-21 15:20:00+05:30,4,3,5.3731037262173915,2.841769430952897
ridge_fixed_alpha,2026-05-21 15:20:00+05:30,5,3,-4.094929725358447,-1.2985475286770112
ridge_fixed_alpha,2026-05-22 14:15:00+05:30,1,3,-0.5117589928447237,-2.5549443434293253
ridge_fixed_alpha,2026-05-22 14:15:00+05:30,2,3,-0.19012249497422434,0.2587142291164598
ridge_fixed_alpha,2026-05-22 14:15:00+05:30,3,3,4.320650367773072,3.1648093228818417
ridge_fixed_alpha,2026-05-22 14:15:00+05:30,4,3,-8.74228438559014,-8.905930788535446
ridge_fixed_alpha,2026-05-22 14:15:00+05:30,5,3,5.1235155056360195,5.00188619290339
ridge_fixed_alpha,2026-05-22 14:20:00+05:30,1,3,-6.888682164392831,-7.18905473119924
ridge_fixed_alpha,2026-05-22 14:20:00+05:30,2,3,-3.5419612338405404,-4.631955861591486
ridge_fixed_alpha,2026-05-22 14:20:00+05:30,3,3,5.995988303923635,2.40826253820714
ridge_fixed_alpha,2026-05-22 14:20:00+05:30,4,3,3.385691639736417,2.5479245628357017
ridge_fixed_alpha,2026-05-22 14:20:00+05:30,5,3,1.0489634545733189,5.1551025247142945
ridge_fixed_alpha,2026-05-22 14:25:00+05:30,1,3,-2.2936656830555937,-3.303295355758055
ridge_fixed_alpha,2026-05-22 14:25:00+05:30,2,3,2.0888759501184557,2.0884658791605246
ridge_fixed_alpha,2026-05-22 14:25:00+05:30,3,3,0.26900145338903986,-1.8305413056844224
ridge_fixed_alpha,2026-05-22 14:25:00+05:30,4,3,-0.568335431599213,0.8518621277916102
ridge_fixed_alpha,2026-05-22 14:25:00+05:30,5,3,0.5041237111473126,4.690914283203748
ridge_fixed_alpha,2026-05-22 14:30:00+05:30,1,3,3.905829990024756,2.1107063444606076
ridge_fixed_alpha,2026-05-22 14:30:00+05:30,2,3,-2.583951677566532,-0.9528736089156424
ridge_fixed_alpha,2026-05-22 14:30:00+05:30,3,3,-6.9157624327117855,-8.153062404710735
ridge_fixed_alpha,2026-05-22 14:30:00+05:30,4,3,4.787437595412225,4.729476776514104
ridge_fixed_alpha,2026-05-22 14:30:00+05:30,5,3,0.8064465248413346,-0.8904899255576619
ridge_fixed_alpha,2026-05-22 14:35:00+05:30,1,3,-1.7093081266388315,-0.667381998107786
ridge_fixed_alpha,2026-05-22 14:35:00+05:30,2,3,-2.816677448113166,-2.615411637954424
ridge_fixed_alpha,2026-05-22 14:35:00+05:30,3,3,1.3441222917945543,2.377964866516313
ridge_fixed_alpha,2026-05-22 14:35:00+05:30,4,3,1.7066624070641483,2.97535130969484
ridge_fixed_alpha,2026-05-22 14:35:00+05:30,5,3,1.475200875893293,-2.681221411852564
ridge_fixed_alpha,2026-05-22 14:40:00+05:30,1,3,-10.414980241738071,-4.599554162581547
ridge_fixed_alpha,2026-05-22 14:40:00+05:30,2,3,-0.07104061097444125,-2.9924170432510757
ridge_fixed_alpha,2026-05-22 14:40:00+05:30,3,3,-2.7338117641460733,-4.259957473383184
ridge_fixed_alpha,2026-05-22 14:40:00+05:30,4,3,4.97378071389291,9.022500723329626
ridge_fixed_alpha,2026-05-22 14:40:00+05:30,5,3,8.246051902965679,10.002546455817848
ridge_fixed_alpha,2026-05-22 14:45:00+05:30,1,3,-20.857670279167337,6.043268558890776
ridge_fixed_alpha,2026-05-22 14:45:00+05:30,2,3,10.14879623677234,9.860194906481453
ridge_fixed_alpha,2026-05-22 14:45:00+05:30,3,3,1.3834801078605645,1.6058340735770242
ridge_fixed_alpha,2026-05-22 14:45:00+05:30,4,3,5.291464926834004,2.16965292415668
ridge_fixed_alpha,2026-05-22 14:45:00+05:30,5,3,4.033929007700424,5.564662260433358
ridge_fixed_alpha,2026-05-22 14:50:00+05:30,1,3,3.561820001374727,-3.7830721072428615
ridge_fixed_alpha,2026-05-22 14:50:00+05:30,2,3,-1.928039363538951,-3.2790101209811224
ridge_fixed_alpha,2026-05-22 14:50:00+05:30,3,3,-0.6795602996481818,1.6212916152947472
ridge_fixed_alpha,2026-05-22 14:50:00+05:30,4,3,4.856616898362587,4.566278646063256
ridge_fixed_alpha,2026-05-22 14:50:00+05:30,5,3,-5.810837236550182,-6.1389193803895
ridge_fixed_alpha,2026-05-22 14:55:00+05:30,1,3,5.1169531230876855,5.968644097491907
ridge_fixed_alpha,2026-05-22 14:55:00+05:30,2,3,-13.492662296707609,-13.015951259418198
ridge_fixed_alpha,2026-05-22 14:55:00+05:30,3,3,3.7502477110925203,-4.562105691892823
ridge_fixed_alpha,2026-05-22 14:55:00+05:30,4,3,-0.19760391484213857,5.968644097491907
ridge_fixed_alpha,2026-05-22 14:55:00+05:30,5,3,4.823065377369538,6.293108730846356
ridge_fixed_alpha,2026-05-22 15:00:00+05:30,1,3,-11.506482351567444,-11.28359615200436
ridge_fixed_alpha,2026-05-22 15:00:00+05:30,2,3,-2.3708604441591654,-0.9639924820150636
ridge_fixed_alpha,2026-05-22 15:00:00+05:30,3,3,-9.332724565302836,-5.6880167921415925
ridge_fixed_alpha,2026-05-22 15:00:00+05:30,4,3,1.496698225285605,2.015981713849646
ridge_fixed_alpha,2026-05-22 15:00:00+05:30,5,3,21.713369135743843,0.8823500985830623
ridge_fixed_alpha,2026-05-22 15:05:00+05:30,1,3,-8.85113719743047,2.9690651929515552
ridge_fixed_alpha,2026-05-22 15:05:00+05:30,2,3,-8.52800495639916,-13.337992918956912
ridge_fixed_alpha,2026-05-22 15:05:00+05:30,3,3,-3.4886815565614944,-3.8838928518724427
ridge_fixed_alpha,2026-05-22 15:05:00+05:30,4,3,17.7414808004636,12.467240362071882
ridge_fixed_alpha,2026-05-22 15:05:00+05:30,5,3,3.1263429099275264,7.427401342964342
ridge_fixed_alpha,2026-05-22 15:10:00+05:30,1,3,3.8279306104825515,5.2248043048936195
ridge_fixed_alpha,2026-05-22 15:10:00+05:30,2,3,-5.259718399439397,5.067967754582329
ridge_fixed_alpha,2026-05-22 15:10:00+05:30,3,3,-9.109831548910725,-9.535288878865197
ridge_fixed_alpha,2026-05-22 15:10:00+05:30,4,3,3.870162195893497,3.2979991787468834
ridge_fixed_alpha,2026-05-22 15:10:00+05:30,5,3,6.671457141974071,9.242369892972816
ridge_fixed_alpha,2026-05-22 15:15:00+05:30,1,3,4.134044628447834,3.980329500637758
ridge_fixed_alpha,2026-05-22 15:15:00+05:30,2,3,-2.6860880102358804,-2.0788541509144665
ridge_fixed_alpha,2026-05-22 15:15:00+05:30,3,3,0.772330400041543,-1.5090648735451853
ridge_fixed_alpha,2026-05-22 15:15:00+05:30,4,3,3.424737187602981,6.106730531648452
ridge_fixed_alpha,2026-05-22 15:15:00+05:30,5,3,-5.64502420585648,-6.579325263868174
ridge_fixed_alpha,2026-05-22 15:20:00+05:30,1,3,-2.8745054880574554,-10.002331482530751
ridge_fixed_alpha,2026-05-22 15:20:00+05:30,2,3,5.372482978455161,1.1764826005529936
ridge_fixed_alpha,2026-05-22 15:20:00+05:30,3,3,-0.8389793074340772,5.528667081886226
ridge_fixed_alpha,2026-05-22 15:20:00+05:30,4,3,-1.5973717812093704,-2.770948274728828
ridge_fixed_alpha,2026-05-22 15:20:00+05:30,5,3,-0.06162640175426003,1.4553696947957238
ridge_fixed_alpha,2026-05-25 14:15:00+05:30,1,3,1.549718182427255,2.7525760462847604
ridge_fixed_alpha,2026-05-25 14:15:00+05:30,2,3,-4.52816234240494,-1.9195933977262936
ridge_fixed_alpha,2026-05-25 14:15:00+05:30,3,3,-2.767352465157542,-2.681440114166822
ridge_fixed_alpha,2026-05-25 14:15:00+05:30,4,3,1.3584912469822488,5.746178928835333
ridge_fixed_alpha,2026-05-25 14:15:00+05:30,5,3,4.3873053781529805,5.105120824126397
ridge_fixed_alpha,2026-05-25 14:20:00+05:30,1,3,-2.5429735343316384,-2.249014108079761
ridge_fixed_alpha,2026-05-25 14:20:00+05:30,2,3,-1.9997238136875892,2.606903909312619
ridge_fixed_alpha,2026-05-25 14:20:00+05:30,3,3,-1.3390584464387787,-1.1014659774175592
ridge_fixed_alpha,2026-05-25 14:20:00+05:30,4,3,3.973399364498068,1.9400596499965508
ridge_fixed_alpha,2026-05-25 14:20:00+05:30,5,3,1.908356429959938,2.4522337207446565
ridge_fixed_alpha,2026-05-25 14:25:00+05:30,1,3,1.229395724647124,-1.7840121056541165
ridge_fixed_alpha,2026-05-25 14:25:00+05:30,2,3,-7.369538056332855,-8.036286187675563
ridge_fixed_alpha,2026-05-25 14:25:00+05:30,3,3,-0.5074440077904949,-3.289488944026771
ridge_fixed_alpha,2026-05-25 14:25:00+05:30,4,3,-0.8395849224581325,-1.7730079398955063
ridge_fixed_alpha,2026-05-25 14:25:00+05:30,5,3,7.487171261934359,-2.4594905547622075
ridge_fixed_alpha,2026-05-25 14:30:00+05:30,1,3,-5.8612032099384,0.6052726934680696
ridge_fixed_alpha,2026-05-25 14:30:00+05:30,2,3,7.765698567475369,4.824233148925735
ridge_fixed_alpha,2026-05-25 14:30:00+05:30,3,3,-3.0759040348507707,-3.766672910719896
ridge_fixed_alpha,2026-05-25 14:30:00+05:30,4,3,-1.3037320192620756,-1.0714767270169436
ridge_fixed_alpha,2026-05-25 14:30:00+05:30,5,3,2.4751406965758758,1.3497977107191548
ridge_fixed_alpha,2026-05-25 14:35:00+05:30,1,3,0.2197748556052772,0.6813922073244008
ridge_fixed_alpha,2026-05-25 14:35:00+05:30,2,3,-1.6324224305087995,-0.9803029539302941
ridge_fixed_alpha,2026-05-25 14:35:00+05:30,3,3,-1.4142457048894974,-1.9577069928968058
ridge_fixed_alpha,2026-05-25 14:35:00+05:30,4,3,-3.284199842505349,-6.304405610562262
ridge_fixed_alpha,2026-05-25 14:35:00+05:30,5,3,6.111093122298368,8.12178129554016
ridge_fixed_alpha,2026-05-25 14:40:00+05:30,1,3,4.095983928354011,5.424643109000815
ridge_fixed_alpha,2026-05-25 14:40:00+05:30,2,3,-5.168040095199815,-8.786721505844808
ridge_fixed_alpha,2026-05-25 14:40:00+05:30,3,3,6.103264433645765,-2.8130375918880013
ridge_fixed_alpha,2026-05-25 14:40:00+05:30,4,3,-3.1029169949087585,2.0878386261267146
ridge_fixed_alpha,2026-05-25 14:40:00+05:30,5,3,-1.9282912718912018,-9.931713755883198
ridge_fixed_alpha,2026-05-25 14:45:00+05:30,1,3,-2.2489523299975556,-2.035547096205829
ridge_fixed_alpha,2026-05-25 14:45:00+05:30,2,3,0.42192424838620013,1.327608604051974
ridge_fixed_alpha,2026-05-25 14:45:00+05:30,3,3,0.713942050843001,-1.5986260677775346
ridge_fixed_alpha,2026-05-25 14:45:00+05:30,4,3,-0.48596169173209514,0.03569893171569616
ridge_fixed_alpha,2026-05-25 14:45:00+05:30,5,3,1.5990477225004502,3.2095815329241293
ridge_fixed_alpha,2026-05-25 14:50:00+05:30,1,3,-2.066591893005472,0.3934576219359891
ridge_fixed_alpha,2026-05-25 14:50:00+05:30,2,3,5.342327648818183,10.159793881260759
ridge_fixed_alpha,2026-05-25 14:50:00+05:30,3,3,-0.11283229819721438,0.3763068030842036
ridge_fixed_alpha,2026-05-25 14:50:00+05:30,4,3,-6.616216873400674,-1.840614810040941
ridge_fixed_alpha,2026-05-25 14:50:00+05:30,5,3,3.4533134157851797,6.949783180384861
ridge_fixed_alpha,2026-05-25 14:55:00+05:30,1,3,3.3940345937282235,3.9832993574152225
ridge_fixed_alpha,2026-05-25 14:55:00+05:30,2,3,3.0360413765096643,5.041929153395482
ridge_fixed_alpha,2026-05-25 14:55:00+05:30,3,3,-7.1840216200324365,-13.163585954636329
ridge_fixed_alpha,2026-05-25 14:55:00+05:30,4,3,3.4177112810204555,1.658979221055364
ridge_fixed_alpha,2026-05-25 14:55:00+05:30,5,3,-2.6637656312259086,-2.6202143886821334
ridge_fixed_alpha,2026-05-25 15:00:00+05:30,1,3,-2.3457435597230205,-1.222784635296792
ridge_fixed_alpha,2026-05-25 15:00:00+05:30,2,3,1.0036011396240923,0.0656074794276319
ridge_fixed_alpha,2026-05-25 15:00:00+05:30,3,3,-4.764284688209441,-6.434451524920837
ridge_fixed_alpha,2026-05-25 15:00:00+05:30,4,3,4.699975766442247,6.493187445690385
ridge_fixed_alpha,2026-05-25 15:00:00+05:30,5,3,1.4064513418661218,3.1635009118931023
ridge_fixed_alpha,2026-05-25 15:05:00+05:30,1,3,-0.821476415248916,-0.2579479167978964
ridge_fixed_alpha,2026-05-25 15:05:00+05:30,2,3,4.706650592820901,4.896032836924746
ridge_fixed_alpha,2026-05-25 15:05:00+05:30,3,3,4.270372946636384,5.5011821122725735
ridge_fixed_alpha,2026-05-25 15:05:00+05:30,4,3,-5.686151780893786,-6.937258215084396
ridge_fixed_alpha,2026-05-25 15:05:00+05:30,5,3,-2.4693953433145848,-2.6744653611037177
ridge_fixed_alpha,2026-05-25 15:10:00+05:30,1,3,0.6842153416208119,1.7445975993464202
ridge_fixed_alpha,2026-05-25 15:10:00+05:30,2,3,-0.47817671715992127,0.2543037265618776
ridge_fixed_alpha,2026-05-25 15:10:00+05:30,3,3,-1.51245125242309,-2.2873797861848733
ridge_fixed_alpha,2026-05-25 15:10:00+05:30,4,3,-0.4777102688876915,0.8067620501612806
ridge_fixed_alpha,2026-05-25 15:10:00+05:30,5,3,1.7841228968498895,2.4714726111914054
ridge_fixed_alpha,2026-05-25 15:15:00+05:30,1,3,-5.33422114008242,-1.7420970778245042
ridge_fixed_alpha,2026-05-25 15:15:00+05:30,2,3,0.7301041576334524,-0.18968374974807456
ridge_fixed_alpha,2026-05-25 15:15:00+05:30,3,3,-2.789919198670665,-2.2874623387666806
ridge_fixed_alpha,2026-05-25 15:15:00+05:30,4,3,1.8839338495989872,3.7356931053303586
ridge_fixed_alpha,2026-05-25 15:15:00+05:30,5,3,5.510102331520642,2.8953517148014494
ridge_fixed_alpha,2026-05-25 15:20:00+05:30,1,3,-2.4091233294970174,-4.077918258612738
ridge_fixed_alpha,2026-05-25 15:20:00+05:30,2,3,-1.1843914922021384,0.1696154904094651
ridge_fixed_alpha,2026-05-25 15:20:00+05:30,3,3,-0.0641900436924027,-1.2671285522593376
ridge_fixed_alpha,2026-05-25 15:20:00+05:30,4,3,-0.44401428214579985,-2.9013006780166757
ridge_fixed_alpha,2026-05-25 15:20:00+05:30,5,3,4.101719147537357,0.42242519915454824
ridge_fixed_alpha,2026-05-26 14:15:00+05:30,1,3,-2.9668861894099523,-1.0436579132390527
ridge_fixed_alpha,2026-05-26 14:15:00+05:30,2,3,-1.506304591960328,-2.571740475240262
ridge_fixed_alpha,2026-05-26 14:15:00+05:30,3,3,4.654244928538646,4.986074542011462
ridge_fixed_alpha,2026-05-26 14:15:00+05:30,4,3,-0.9077025097120236,-0.8670481773077979
ridge_fixed_alpha,2026-05-26 14:15:00+05:30,5,3,0.7266483625436583,-0.5346339009250448
ridge_fixed_alpha,2026-05-26 14:20:00+05:30,1,3,-1.0671370541695717,-1.4113253802316241
ridge_fixed_alpha,2026-05-26 14:20:00+05:30,2,3,0.6334290502227151,-3.936997077084096
ridge_fixed_alpha,2026-05-26 14:20:00+05:30,3,3,3.051032415831415,0.33272105435252153
ridge_fixed_alpha,2026-05-26 14:20:00+05:30,4,3,-0.1163598116944445,-4.0586662651597525
ridge_fixed_alpha,2026-05-26 14:20:00+05:30,5,3,-2.5009646001901142,-1.42247384150355
ridge_fixed_alpha,2026-05-26 14:25:00+05:30,1,3,-5.195773101879685,-7.2845011610390324
ridge_fixed_alpha,2026-05-26 14:25:00+05:30,2,3,6.137547680333367,1.9652285421122666
ridge_fixed_alpha,2026-05-26 14:25:00+05:30,3,3,-4.674043561444222,-4.089841636028065
ridge_fixed_alpha,2026-05-26 14:25:00+05:30,4,3,4.838397870769562,2.0334850637337234
ridge_fixed_alpha,2026-05-26 14:25:00+05:30,5,3,-1.1061288877790192,-1.39331369443448
ridge_fixed_alpha,2026-05-26 14:30:00+05:30,1,3,3.7767234285224953,0.903411552251117
ridge_fixed_alpha,2026-05-26 14:30:00+05:30,2,3,2.4227454534768706,4.023204996406256
ridge_fixed_alpha,2026-05-26 14:30:00+05:30,3,3,-5.510418943452129,-1.9680992243797197
ridge_fixed_alpha,2026-05-26 14:30:00+05:30,4,3,2.740659338400212,1.0771319580649878
ridge_fixed_alpha,2026-05-26 14:30:00+05:30,5,3,-3.4297092769474498,-3.8647630299359177
ridge_fixed_alpha,2026-05-26 14:35:00+05:30,1,3,-3.27713236294643,0.45527968961415566
ridge_fixed_alpha,2026-05-26 14:35:00+05:30,2,3,0.9698750341011751,2.0900679845294126
ridge_fixed_alpha,2026-05-26 14:35:00+05:30,3,3,-1.7077802705129197,4.160461359271765
ridge_fixed_alpha,2026-05-26 14:35:00+05:30,4,3,7.982945564546151,8.734095741801543
ridge_fixed_alpha,2026-05-26 14:35:00+05:30,5,3,-3.9679079651879787,-7.540132323636669
ridge_fixed_alpha,2026-05-26 14:40:00+05:30,1,3,-3.623867960406591,-4.059759155879306
ridge_fixed_alpha,2026-05-26 14:40:00+05:30,2,3,0.5798246173585783,1.1043869156808217
ridge_fixed_alpha,2026-05-26 14:40:00+05:30,3,3,-0.9902307605111164,-2.3982400545479177
ridge_fixed_alpha,2026-05-26 14:40:00+05:30,4,3,-3.3301821642954814,-5.921922710363958
ridge_fixed_alpha,2026-05-26 14:40:00+05:30,5,3,7.364456267854608,8.680144491438169
ridge_fixed_alpha,2026-05-26 14:45:00+05:30,1,3,-1.2299848394289699,-2.328966685365863
ridge_fixed_alpha,2026-05-26 14:45:00+05:30,2,3,0.1685094768861805,-1.7192487238886223
ridge_fixed_alpha,2026-05-26 14:45:00+05:30,3,3,-1.8120637040028127,1.6180583898635081
ridge_fixed_alpha,2026-05-26 14:45:00+05:30,4,3,3.7701107545469177,2.031918124155263
ridge_fixed_alpha,2026-05-26 14:45:00+05:30,5,3,-0.8965716880013167,0.3254593719421718
ridge_fixed_alpha,2026-05-26 14:50:00+05:30,1,3,-4.283319575987561,-5.775527807526215
ridge_fixed_alpha,2026-05-26 14:50:00+05:30,2,3,3.382356193194196,3.9928407586946606
ridge_fixed_alpha,2026-05-26 14:50:00+05:30,3,3,0.8756741925250264,-2.64482704210045
ridge_fixed_alpha,2026-05-26 14:50:00+05:30,4,3,-1.2401576990993899,-1.7168413185160154
ridge_fixed_alpha,2026-05-26 14:50:00+05:30,5,3,1.2654468893677313,2.107071638516756
ridge_fixed_alpha,2026-05-26 14:55:00+05:30,1,3,9.856503988215396,10.485279711127523
ridge_fixed_alpha,2026-05-26 14:55:00+05:30,2,3,1.296394931010229,1.0666810346802909
ridge_fixed_alpha,2026-05-26 14:55:00+05:30,3,3,5.138330951224884,5.876892763085747
ridge_fixed_alpha,2026-05-26 14:55:00+05:30,4,3,-6.046075824338359,-5.7259776139297145
ridge_fixed_alpha,2026-05-26 14:55:00+05:30,5,3,-10.245154046112146,-10.179435838394571
ridge_fixed_alpha,2026-05-26 15:00:00+05:30,1,3,-3.202906685709477,-0.20160510607906512
ridge_fixed_alpha,2026-05-26 15:00:00+05:30,2,3,-13.645315696219889,-10.884282849140375
ridge_fixed_alpha,2026-05-26 15:00:00+05:30,3,3,7.005681433226735,1.6872290054973
ridge_fixed_alpha,2026-05-26 15:00:00+05:30,4,3,2.718136743116827,0.021693231419280368
ridge_fixed_alpha,2026-05-26 15:00:00+05:30,5,3,7.1244042055857975,10.506703415575098
ridge_fixed_alpha,2026-05-26 15:05:00+05:30,1,3,-21.210230546957106,-18.94392538936936
ridge_fixed_alpha,2026-05-26 15:05:00+05:30,2,3,0.6731623338718229,2.7585057339988652
ridge_fixed_alpha,2026-05-26 15:05:00+05:30,3,3,2.4759733370993677,4.477545685471021
ridge_fixed_alpha,2026-05-26 15:05:00+05:30,4,3,9.609071945256842,8.912825946321515
ridge_fixed_alpha,2026-05-26 15:05:00+05:30,5,3,8.45202293072907,8.60060732545557
ridge_fixed_alpha,2026-05-26 15:10:00+05:30,1,3,-0.7400286043024451,-0.6253659901267472
ridge_fixed_alpha,2026-05-26 15:10:00+05:30,2,3,5.305216625220988,3.8009499851565653
ridge_fixed_alpha,2026-05-26 15:10:00+05:30,3,3,1.3258269199593422,3.6444853823780488
ridge_fixed_alpha,2026-05-26 15:10:00+05:30,4,3,-5.812050709556408,-8.01001706748905
ridge_fixed_alpha,2026-05-26 15:10:00+05:30,5,3,-0.07896423132147667,-1.1374238793016023
ridge_fixed_alpha,2026-05-26 15:15:00+05:30,1,3,-7.504987199821399,-8.369595060193857
ridge_fixed_alpha,2026-05-26 15:15:00+05:30,2,3,1.6616982320325488,-0.6908500417726062
ridge_fixed_alpha,2026-05-26 15:15:00+05:30,3,3,3.826613116820533,1.8641135431693987
ridge_fixed_alpha,2026-05-26 15:15:00+05:30,4,3,3.4137599119841147,4.66011581069381
ridge_fixed_alpha,2026-05-26 15:15:00+05:30,5,3,-1.3970840610157966,-2.5563945201514393
ridge_fixed_alpha,2026-05-26 15:20:00+05:30,1,3,-0.679429263209,-3.0106583401736664
ridge_fixed_alpha,2026-05-26 15:20:00+05:30,2,3,-0.9948843290743528,0.8088624702971001
ridge_fixed_alpha,2026-05-26 15:20:00+05:30,3,3,-2.516424090512744,-3.846280894707288
ridge_fixed_alpha,2026-05-26 15:20:00+05:30,4,3,-3.7176286074327445,-3.6887960164069256
ridge_fixed_alpha,2026-05-26 15:20:00+05:30,5,3,7.908366290228842,8.976200510864896
ridge_fixed_alpha,2026-05-27 14:15:00+05:30,1,3,-2.020685007464662,-1.190868039662766
ridge_fixed_alpha,2026-05-27 14:15:00+05:30,2,3,-3.3676398751287064,-3.9880680390009062
ridge_fixed_alpha,2026-05-27 14:15:00+05:30,3,3,0.017370230360155055,4.041334606776322
ridge_fixed_alpha,2026-05-27 14:15:00+05:30,4,3,4.4429621818022165,8.858850802912452
ridge_fixed_alpha,2026-05-27 14:15:00+05:30,5,3,0.9279924704309985,-6.662978305899718
ridge_fixed_alpha,2026-05-27 14:20:00+05:30,1,3,-13.760413681363676,-14.9426135466398
ridge_fixed_alpha,2026-05-27 14:20:00+05:30,2,3,-0.09231211229754271,6.847552774511915
ridge_fixed_alpha,2026-05-27 14:20:00+05:30,3,3,4.397004694055575,5.085795333504099
ridge_fixed_alpha,2026-05-27 14:20:00+05:30,4,3,6.7322948085416865,5.951459071263192
ridge_fixed_alpha,2026-05-27 14:20:00+05:30,5,3,2.723426291063962,-4.293308979539019
ridge_fixed_alpha,2026-05-27 14:25:00+05:30,1,3,-0.21361990755959998,2.002729098704359
ridge_fixed_alpha,2026-05-27 14:25:00+05:30,2,3,-10.299433151386742,-15.848920757090212
ridge_fixed_alpha,2026-05-27 14:25:00+05:30,3,3,6.947821267918004,4.088902328151844
ridge_fixed_alpha,2026-05-27 14:25:00+05:30,4,3,1.6077284769031583,0.6643015268301686
ridge_fixed_alpha,2026-05-27 14:25:00+05:30,5,3,1.9575033141251792,0.6458898662251575
ridge_fixed_alpha,2026-05-27 14:30:00+05:30,1,3,-2.6481458884423477,-7.559096517999464
ridge_fixed_alpha,2026-05-27 14:30:00+05:30,2,3,-3.5659905142330457,0.5857842993139961
ridge_fixed_alpha,2026-05-27 14:30:00+05:30,3,3,-2.4512235566442886,2.801244656467361
ridge_fixed_alpha,2026-05-27 14:30:00+05:30,4,3,-9.2968069824891,-6.4306530459457
ridge_fixed_alpha,2026-05-27 14:30:00+05:30,5,3,17.962166941808782,12.92113973898168
ridge_fixed_alpha,2026-05-27 14:35:00+05:30,1,3,6.945588668891611,6.8178274559143786
ridge_fixed_alpha,2026-05-27 14:35:00+05:30,2,3,2.9570409974475362,5.072053658839411
ridge_fixed_alpha,2026-05-27 14:35:00+05:30,3,3,-0.3567713587218079,-0.5845120911535475
ridge_fixed_alpha,2026-05-27 14:35:00+05:30,4,3,-2.3819005687351806,-6.485448703895151
ridge_fixed_alpha,2026-05-27 14:35:00+05:30,5,3,-7.163957738882156,-10.729532338206763
ridge_fixed_alpha,2026-05-27 14:40:00+05:30,1,3,1.0997880379793505,-1.435399702689762
ridge_fixed_alpha,2026-05-27 14:40:00+05:30,2,3,-5.670726612324521,-6.259360928440334
ridge_fixed_alpha,2026-05-27 14:40:00+05:30,3,3,5.636229029074273,1.052576172007861
ridge_fixed_alpha,2026-05-27 14:40:00+05:30,4,3,-5.1764043280562175,-0.08322975087489884
ridge_fixed_alpha,2026-05-27 14:40:00+05:30,5,3,4.111113873327113,1.536254104031724
ridge_fixed_alpha,2026-05-27 14:45:00+05:30,1,3,-1.2948024628545902,-1.9229542651041747
ridge_fixed_alpha,2026-05-27 14:45:00+05:30,2,3,2.787518891435322,4.069394356262264
ridge_fixed_alpha,2026-05-27 14:45:00+05:30,3,3,-2.1380267333293754,0.9277301246038612
ridge_fixed_alpha,2026-05-27 14:45:00+05:30,4,3,-2.7933430479999055,-14.013464063280228
ridge_fixed_alpha,2026-05-27 14:45:00+05:30,5,3,3.4386533527485477,2.234459667122287
ridge_fixed_alpha,2026-05-27 14:50:00+05:30,1,3,-6.11340113384647,-5.011542690325739
ridge_fixed_alpha,2026-05-27 14:50:00+05:30,2,3,2.6901199637635966,4.054844650906479
ridge_fixed_alpha,2026-05-27 14:50:00+05:30,3,3,2.3790497796485344,2.399237948904102
ridge_fixed_alpha,2026-05-27 14:50:00+05:30,4,3,-0.8120496513787472,-2.877104107286662
ridge_fixed_alpha,2026-05-27 14:50:00+05:30,5,3,1.8562810418130864,2.561637509241358
ridge_fixed_alpha,2026-05-27 14:55:00+05:30,1,3,-4.349645032846183,1.2822432220727098
ridge_fixed_alpha,2026-05-27 14:55:00+05:30,2,3,-4.46676464212592,-2.008740344969784
ridge_fixed_alpha,2026-05-27 14:55:00+05:30,3,3,-1.5310507531163253,2.405529863765965
ridge_fixed_alpha,2026-05-27 14:55:00+05:30,4,3,2.1694445828701614,-0.27761894536570964
ridge_fixed_alpha,2026-05-27 14:55:00+05:30,5,3,8.178015845218267,5.960360401319198
ridge_fixed_alpha,2026-05-27 15:00:00+05:30,1,3,-2.8100173439165785,-4.2174017720591666
ridge_fixed_alpha,2026-05-27 15:00:00+05:30,2,3,5.977481977326764,7.840776310772994
ridge_fixed_alpha,2026-05-27 15:00:00+05:30,3,3,-1.3369346388478753,-3.042026388639337
ridge_fixed_alpha,2026-05-27 15:00:00+05:30,4,3,-3.033082710907594,-5.542557190009696
ridge_fixed_alpha,2026-05-27 15:00:00+05:30,5,3,1.202552716345284,1.4464490289395706
ridge_fixed_alpha,2026-05-27 15:05:00+05:30,1,3,-5.223459318218253,-4.4305428591923475
ridge_fixed_alpha,2026-05-27 15:05:00+05:30,2,3,0.9574103202937649,2.167670487065972
ridge_fixed_alpha,2026-05-27 15:05:00+05:30,3,3,1.9305073169171294,5.523700730428145
ridge_fixed_alpha,2026-05-27 15:05:00+05:30,4,3,1.3232429352177575,2.663804188010562
ridge_fixed_alpha,2026-05-27 15:05:00+05:30,5,3,1.0122987457896009,4.0138785373039125
ridge_fixed_alpha,2026-05-27 15:10:00+05:30,1,3,-0.5664011416398976,-5.322007045330812
ridge_fixed_alpha,2026-05-27 15:10:00+05:30,2,3,-1.8748399959619042,-9.316919636433996
ridge_fixed_alpha,2026-05-27 15:10:00+05:30,3,3,-5.065803645183756,-7.674014751090086
ridge_fixed_alpha,2026-05-27 15:10:00+05:30,4,3,-0.8648830983352489,-4.834826977516693
ridge_fixed_alpha,2026-05-27 15:10:00+05:30,5,3,8.371927881120808,13.208591637211553
ridge_fixed_alpha,2026-05-27 15:15:00+05:30,1,3,10.18810833376449,12.593969562278318
ridge_fixed_alpha,2026-05-27 15:15:00+05:30,2,3,-1.676217674259369,-4.022683648554182
ridge_fixed_alpha,2026-05-27 15:15:00+05:30,3,3,1.0979217299560418,0.10997468391771292
ridge_fixed_alpha,2026-05-27 15:15:00+05:30,4,3,-3.644651738354376,-2.6015220622861435
ridge_fixed_alpha,2026-05-27 15:15:00+05:30,5,3,-5.965160651106785,-12.39907791994077
ridge_fixed_alpha,2026-05-27 15:20:00+05:30,1,3,4.547335178258709,3.9473053716079973
ridge_fixed_alpha,2026-05-27 15:20:00+05:30,2,3,7.298951736617246,9.081211076875947
ridge_fixed_alpha,2026-05-27 15:20:00+05:30,3,3,3.8610432867420825,1.3539477563931552
ridge_fixed_alpha,2026-05-27 15:20:00+05:30,4,3,-10.833859509401966,-15.914907167185726
ridge_fixed_alpha,2026-05-27 15:20:00+05:30,5,3,-4.873470692216073,9.310766024630842
ridge_fixed_alpha,2026-05-29 14:15:00+05:30,1,3,2.796677924628232,3.4875920417970865
ridge_fixed_alpha,2026-05-29 14:15:00+05:30,2,3,2.8489252285603945,-1.0093652102699155
ridge_fixed_alpha,2026-05-29 14:15:00+05:30,3,3,-5.120713747782446,-2.046701188623231
ridge_fixed_alpha,2026-05-29 14:15:00+05:30,4,3,-0.1015095092106549,1.2564167293888464
ridge_fixed_alpha,2026-05-29 14:15:00+05:30,5,3,-0.42337989619552685,1.515480621893698
ridge_fixed_alpha,2026-05-29 14:20:00+05:30,1,3,-0.8145928197254755,1.661081805447958
ridge_fixed_alpha,2026-05-29 14:20:00+05:30,2,3,-2.5417289651477044,-1.8217725484632
ridge_fixed_alpha,2026-05-29 14:20:00+05:30,3,3,0.041034320950927995,-5.1428676083637255
ridge_fixed_alpha,2026-05-29 14:20:00+05:30,4,3,2.7760127702708046,4.459524814212597
ridge_fixed_alpha,2026-05-29 14:20:00+05:30,5,3,0.5392746936514482,0.8659519784631384
ridge_fixed_alpha,2026-05-29 14:25:00+05:30,1,3,2.049341601701855,-4.457990742642083
ridge_fixed_alpha,2026-05-29 14:25:00+05:30,2,3,-3.5024357773325585,-3.0926839828246964
ridge_fixed_alpha,2026-05-29 14:25:00+05:30,3,3,-5.076882075371567,-7.15145513653015
ridge_fixed_alpha,2026-05-29 14:25:00+05:30,4,3,-1.7338276684887677,-1.4985986640767566
ridge_fixed_alpha,2026-05-29 14:25:00+05:30,5,3,8.263803919491034,1.5192879870475897
ridge_fixed_alpha,2026-05-29 14:30:00+05:30,1,3,-0.5484465594939686,1.3603663539530537
ridge_fixed_alpha,2026-05-29 14:30:00+05:30,2,3,-0.2994509737278183,-4.02590634533954
ridge_fixed_alpha,2026-05-29 14:30:00+05:30,3,3,-5.648498114162016,-5.019103098521309
ridge_fixed_alpha,2026-05-29 14:30:00+05:30,4,3,1.9933985115036337,4.155343994132273
ridge_fixed_alpha,2026-05-29 14:30:00+05:30,5,3,4.502997135880167,5.412524688130989
ridge_fixed_alpha,2026-05-29 14:35:00+05:30,1,3,1.8363717995026896,1.7418993853740201
ridge_fixed_alpha,2026-05-29 14:35:00+05:30,2,3,1.7937076786257817,-1.0059524898614984
ridge_fixed_alpha,2026-05-29 14:35:00+05:30,3,3,-10.622712389645777,-6.8373252358439425
ridge_fixed_alpha,2026-05-29 14:35:00+05:30,4,3,5.039782839381631,4.301190420707386
ridge_fixed_alpha,2026-05-29 14:35:00+05:30,5,3,1.952850072135674,2.4041071861818546
ridge_fixed_alpha,2026-05-29 14:40:00+05:30,1,3,3.507154330315121,-2.801181394793758
ridge_fixed_alpha,2026-05-29 14:40:00+05:30,2,3,2.929057720720385,-0.15217477227665496
ridge_fixed_alpha,2026-05-29 14:40:00+05:30,3,3,-0.8565124964148295,-2.7230891608288252
ridge_fixed_alpha,2026-05-29 14:40:00+05:30,4,3,1.2775716103281543,-0.15217477227665496
ridge_fixed_alpha,2026-05-29 14:40:00+05:30,5,3,-6.85727116494883,-7.240463344381294
ridge_fixed_alpha,2026-05-29 14:45:00+05:30,1,3,-3.5010079469532958,-1.918400950474316
ridge_fixed_alpha,2026-05-29 14:45:00+05:30,2,3,-4.654178640519646,-4.478636053784809
ridge_fixed_alpha,2026-05-29 14:45:00+05:30,3,3,-6.8168215645392225,-2.13435297444405
ridge_fixed_alpha,2026-05-29 14:45:00+05:30,4,3,1.498272928324532,1.0813776627175786
ridge_fixed_alpha,2026-05-29 14:45:00+05:30,5,3,13.473735223687628,13.026703084087302
ridge_fixed_alpha,2026-05-29 14:50:00+05:30,1,3,-0.42970474301033157,-4.617132794623317
ridge_fixed_alpha,2026-05-29 14:50:00+05:30,2,3,-20.31943121123551,-18.035984868324398
ridge_fixed_alpha,2026-05-29 14:50:00+05:30,3,3,7.483698457824373,5.044954445264501
ridge_fixed_alpha,2026-05-29 14:50:00+05:30,4,3,0.5028115999878107,1.6060421923057195
ridge_fixed_alpha,2026-05-29 14:50:00+05:30,5,3,12.762625896433658,12.409726600322987
ridge_fixed_alpha,2026-05-29 14:55:00+05:30,1,3,-17.39284208244504,-21.256032418282746
ridge_fixed_alpha,2026-05-29 14:55:00+05:30,2,3,0.7273630832312489,1.2079375581068066
ridge_fixed_alpha,2026-05-29 14:55:00+05:30,3,3,38.113759614763666,71.98417140741911
ridge_fixed_alpha,2026-05-29 14:55:00+05:30,4,3,43.22559683089921,67.6115749111931
ridge_fixed_alpha,2026-05-29 14:55:00+05:30,5,3,-64.67387744644913,-38.00092333690127
ridge_fixed_alpha,2026-05-29 15:00:00+05:30,1,3,10.093214927600885,20.550583963665197
ridge_fixed_alpha,2026-05-29 15:00:00+05:30,2,3,32.36593850253293,33.80387779698483
ridge_fixed_alpha,2026-05-29 15:00:00+05:30,3,3,-16.256274552448897,-24.1797281690251
ridge_fixed_alpha,2026-05-29 15:00:00+05:30,4,3,-12.691563798348533,-20.965116519426083
ridge_fixed_alpha,2026-05-29 15:00:00+05:30,5,3,-13.511315079336374,-12.475663211720962
ridge_fixed_alpha,2026-05-29 15:05:00+05:30,1,3,-4.532503561104423,-19.120772924308582
ridge_fixed_alpha,2026-05-29 15:05:00+05:30,2,3,13.035238914984888,17.535175713847106
ridge_fixed_alpha,2026-05-29 15:05:00+05:30,3,3,-3.066648366530254,-2.7213078612113866
ridge_fixed_alpha,2026-05-29 15:05:00+05:30,4,3,3.8467685009494135,-4.445000450093328
ridge_fixed_alpha,2026-05-29 15:05:00+05:30,5,3,-9.28285548829962,-10.156265525464336
ridge_fixed_alpha,2026-05-29 15:10:00+05:30,1,3,-8.187361917138276,-7.185375350267383
ridge_fixed_alpha,2026-05-29 15:10:00+05:30,2,3,1.438677644859462,0.8356957119079282
ridge_fixed_alpha,2026-05-29 15:10:00+05:30,3,3,-6.0766008892775645,-0.7423842985612901
ridge_fixed_alpha,2026-05-29 15:10:00+05:30,4,3,-0.9561730256926921,-2.6310381919683787
ridge_fixed_alpha,2026-05-29 15:10:00+05:30,5,3,13.781458187249074,12.000307578275676
ridge_fixed_alpha,2026-05-29 15:15:00+05:30,1,3,-27.17860015039908,-19.6881993063045
ridge_fixed_alpha,2026-05-29 15:15:00+05:30,2,3,-5.122860169888794,15.294261682055277
ridge_fixed_alpha,2026-05-29 15:15:00+05:30,3,3,28.95546019590212,24.483271643547464
ridge_fixed_alpha,2026-05-29 15:15:00+05:30,4,3,4.165755208938618,15.882310378254827
ridge_fixed_alpha,2026-05-29 15:15:00+05:30,5,3,-0.8197550845528603,25.285958868473067
ridge_fixed_alpha,2026-05-29 15:20:00+05:30,1,3,41.56714075226568,41.6126442512826
ridge_fixed_alpha,2026-05-29 15:20:00+05:30,2,3,64.71260049754824,59.610905618314135
ridge_fixed_alpha,2026-05-29 15:20:00+05:30,3,3,-38.30516413745233,-44.676215142456826
ridge_fixed_alpha,2026-05-29 15:20:00+05:30,4,3,-42.000365743893354,-45.55551594012167
ridge_fixed_alpha,2026-05-29 15:20:00+05:30,5,3,-25.974211368468225,-34.40618809874622
ridge_fixed_alpha,2026-06-01 14:15:00+05:30,1,3,1.5719975205521486,1.5938287619205274
ridge_fixed_alpha,2026-06-01 14:15:00+05:30,2,3,-7.8883674233133725,-6.845609070936194
ridge_fixed_alpha,2026-06-01 14:15:00+05:30,3,3,-2.0189573627757973,-0.2178076590769371
ridge_fixed_alpha,2026-06-01 14:15:00+05:30,4,3,1.645914617440273,1.6184040691575121
ridge_fixed_alpha,2026-06-01 14:15:00+05:30,5,3,6.689412648096749,6.414514151829624
ridge_fixed_alpha,2026-06-01 14:20:00+05:30,1,3,3.395618959014302,3.504702678063761
ridge_fixed_alpha,2026-06-01 14:20:00+05:30,2,3,-8.460764516337631,-5.840190661421977
ridge_fixed_alpha,2026-06-01 14:20:00+05:30,3,3,4.3736933542083785,5.181631029108032
ridge_fixed_alpha,2026-06-01 14:20:00+05:30,4,3,-2.3671258245726206,-1.0596715912975323
ridge_fixed_alpha,2026-06-01 14:20:00+05:30,5,3,3.0585780276875716,1.9620969383110274
ridge_fixed_alpha,2026-06-01 14:25:00+05:30,1,3,-8.494635156438854,-9.25756110689783
ridge_fixed_alpha,2026-06-01 14:25:00+05:30,2,3,4.773914552292258,4.936492551007661
ridge_fixed_alpha,2026-06-01 14:25:00+05:30,3,3,-0.3901684250025018,4.542626723181916
ridge_fixed_alpha,2026-06-01 14:25:00+05:30,4,3,-2.3177520372474154,0.7023570821485711
ridge_fixed_alpha,2026-06-01 14:25:00+05:30,5,3,6.428641066396511,7.306525934437443
ridge_fixed_alpha,2026-06-01 14:30:00+05:30,1,3,-0.7111267633872491,1.4114380228689896
ridge_fixed_alpha,2026-06-01 14:30:00+05:30,2,3,-7.514450218857474,-9.806577714931578
ridge_fixed_alpha,2026-06-01 14:30:00+05:30,3,3,-12.581224375684505,-12.12667444028829
ridge_fixed_alpha,2026-06-01 14:30:00+05:30,4,3,16.477911748540148,14.903678567863418
ridge_fixed_alpha,2026-06-01 14:30:00+05:30,5,3,4.328889609389079,3.675269471880978
ridge_fixed_alpha,2026-06-01 14:35:00+05:30,1,3,1.0940360384951535,1.7667090005935027
ridge_fixed_alpha,2026-06-01 14:35:00+05:30,2,3,-4.844027946851274,-4.485215806082632
ridge_fixed_alpha,2026-06-01 14:35:00+05:30,3,3,2.3598167840384785,1.321606184175872
ridge_fixed_alpha,2026-06-01 14:35:00+05:30,4,3,-3.884824898284049,-4.2348975041162085
ridge_fixed_alpha,2026-06-01 14:35:00+05:30,5,3,5.2750000226016915,4.723550857780312
ridge_fixed_alpha,2026-06-01 14:40:00+05:30,1,3,1.1421263006238616,1.543175336651196
ridge_fixed_alpha,2026-06-01 14:40:00+05:30,2,3,4.687914106936994,7.896025810001299
ridge_fixed_alpha,2026-06-01 14:40:00+05:30,3,3,-4.6297734136084845,-5.883754839715112
ridge_fixed_alpha,2026-06-01 14:40:00+05:30,4,3,-5.337101999670339,-2.752372451397885
ridge_fixed_alpha,2026-06-01 14:40:00+05:30,5,3,4.136835005717969,4.868933332327
ridge_fixed_alpha,2026-06-01 14:45:00+05:30,1,3,-4.589234448602782,-5.687171519414372
ridge_fixed_alpha,2026-06-01 14:45:00+05:30,2,3,-2.524454929291319,-1.1797362328162342
ridge_fixed_alpha,2026-06-01 14:45:00+05:30,3,3,2.975312668451747,-0.4845490670405772
ridge_fixed_alpha,2026-06-01 14:45:00+05:30,4,3,1.6981420055091814,-2.036743984075532
ridge_fixed_alpha,2026-06-01 14:45:00+05:30,5,3,2.4402347039331755,1.544147624868616
ridge_fixed_alpha,2026-06-01 14:50:00+05:30,1,3,0.016262550999549822,0.12564929381323836
ridge_fixed_alpha,2026-06-01 14:50:00+05:30,2,3,2.831605652732587,0.011114240653734843
ridge_fixed_alpha,2026-06-01 14:50:00+05:30,3,3,-0.6473282135333047,4.131698799766751
ridge_fixed_alpha,2026-06-01 14:50:00+05:30,4,3,-4.584869442355218,-5.675289750835718
ridge_fixed_alpha,2026-06-01 14:50:00+05:30,5,3,2.3843294521563863,2.0288704956975914
ridge_fixed_alpha,2026-06-01 14:55:00+05:30,1,3,-7.531433969357736,-15.743237227936097
ridge_fixed_alpha,2026-06-01 14:55:00+05:30,2,3,11.433366542609182,8.184194772984748
ridge_fixed_alpha,2026-06-01 14:55:00+05:30,3,3,-7.440106735855746,-5.279736794871666
ridge_fixed_alpha,2026-06-01 14:55:00+05:30,4,3,0.5275569164124149,10.928396517129551
ridge_fixed_alpha,2026-06-01 14:55:00+05:30,5,3,3.010617246191894,3.0730425812745366
ridge_fixed_alpha,2026-06-01 15:00:00+05:30,1,3,-3.2339335137867584,-7.747112947515808
ridge_fixed_alpha,2026-06-01 15:00:00+05:30,2,3,-2.555360550036357,13.42106838614369
ridge_fixed_alpha,2026-06-01 15:00:00+05:30,3,3,0.3784045841235262,0.36612895834468395
ridge_fixed_alpha,2026-06-01 15:00:00+05:30,4,3,6.5767762626568835,6.616522418983065
ridge_fixed_alpha,2026-06-01 15:00:00+05:30,5,3,-1.1658867829572965,-1.2592624370964718
ridge_fixed_alpha,2026-06-01 15:05:00+05:30,1,3,1.2181668993074266,-1.5462785458876624
ridge_fixed_alpha,2026-06-01 15:05:00+05:30,2,3,-2.298297127742025,-1.8378011848642448
ridge_fixed_alpha,2026-06-01 15:05:00+05:30,3,3,-5.0946985273926755,-9.158443628166795
ridge_fixed_alpha,2026-06-01 15:05:00+05:30,4,3,9.330846764846967,11.384874500052064
ridge_fixed_alpha,2026-06-01 15:05:00+05:30,5,3,-3.156018009019693,-16.049949354166742
ridge_fixed_alpha,2026-06-01 15:10:00+05:30,1,3,4.6931469739564715,3.381316633942181
ridge_fixed_alpha,2026-06-01 15:10:00+05:30,2,3,-8.095965009989435,-7.116934674508431
ridge_fixed_alpha,2026-06-01 15:10:00+05:30,3,3,2.956089058919827,8.581071966144696
ridge_fixed_alpha,2026-06-01 15:10:00+05:30,4,3,-9.782912479029699,-3.8114587914631257
ridge_fixed_alpha,2026-06-01 15:10:00+05:30,5,3,10.22964145614284,10.136313325061746
ridge_fixed_alpha,2026-06-01 15:15:00+05:30,1,3,-0.4113472463917285,-1.6582631686134313
ridge_fixed_alpha,2026-06-01 15:15:00+05:30,2,3,8.784942868683773,9.111289393438712
ridge_fixed_alpha,2026-06-01 15:15:00+05:30,3,3,3.942363667092182,3.391417301766915
ridge_fixed_alpha,2026-06-01 15:15:00+05:30,4,3,0.6220539005160985,3.9219379478695098
ridge_fixed_alpha,2026-06-01 15:15:00+05:30,5,3,-12.938013189900325,-16.53695814264437
ridge_fixed_alpha,2026-06-01 15:20:00+05:30,1,3,-19.178949999369237,-20.761247249521478
ridge_fixed_alpha,2026-06-01 15:20:00+05:30,2,3,-1.1878628711436972,-2.5322244356233243
ridge_fixed_alpha,2026-06-01 15:20:00+05:30,3,3,2.872305696716148,5.044107104645497
ridge_fixed_alpha,2026-06-01 15:20:00+05:30,4,3,11.303467926843114,8.946539850446984
ridge_fixed_alpha,2026-06-01 15:20:00+05:30,5,3,6.19103924695367,-1.6940014683157016
ridge_fixed_alpha,2026-06-02 14:15:00+05:30,1,3,1.9846137712763068,3.1815363318312686
ridge_fixed_alpha,2026-06-02 14:15:00+05:30,2,3,-6.273323052246927,-9.29552709374426
ridge_fixed_alpha,2026-06-02 14:15:00+05:30,3,3,0.3576637730586798,-0.16062458329169169
ridge_fixed_alpha,2026-06-02 14:15:00+05:30,4,3,-5.658115173279078,-2.4722447370193477
ridge_fixed_alpha,2026-06-02 14:15:00+05:30,5,3,9.589160681191014,2.1723498890604533
ridge_fixed_alpha,2026-06-02 14:20:00+05:30,1,3,-5.8932835162620965,0.343426081887237
ridge_fixed_alpha,2026-06-02 14:20:00+05:30,2,3,-6.5328606971252565,-4.274770035150495
ridge_fixed_alpha,2026-06-02 14:20:00+05:30,3,3,2.65265623141627,4.8388161498173305
ridge_fixed_alpha,2026-06-02 14:20:00+05:30,4,3,0.3391530815769861,-2.1688522607684235
ridge_fixed_alpha,2026-06-02 14:20:00+05:30,5,3,9.434334900394102,0.5513670385951897
ridge_fixed_alpha,2026-06-02 14:25:00+05:30,1,3,-4.783342343622321,-7.546437653257761
ridge_fixed_alpha,2026-06-02 14:25:00+05:30,2,3,7.094088756316898,12.009747442948953
ridge_fixed_alpha,2026-06-02 14:25:00+05:30,3,3,-7.748765452402143,-5.284996427605011
ridge_fixed_alpha,2026-06-02 14:25:00+05:30,4,3,9.177953235223265,5.546020042872228
ridge_fixed_alpha,2026-06-02 14:25:00+05:30,5,3,-3.739934195515695,-1.2484827964146146
ridge_fixed_alpha,2026-06-02 14:30:00+05:30,1,3,-3.9153101474516845,-14.164745001704244
ridge_fixed_alpha,2026-06-02 14:30:00+05:30,2,3,2.7482195709268216,-1.8876296490851385
ridge_fixed_alpha,2026-06-02 14:30:00+05:30,3,3,-4.470564426897194,-3.898367470539139
ridge_fixed_alpha,2026-06-02 14:30:00+05:30,4,3,-1.2882228494211678,-5.3451341743489715
ridge_fixed_alpha,2026-06-02 14:30:00+05:30,5,3,6.92587785284323,5.420673831550242
ridge_fixed_alpha,2026-06-02 14:35:00+05:30,1,3,-4.042712400034695,1.1374048637315939
ridge_fixed_alpha,2026-06-02 14:35:00+05:30,2,3,-0.383902147852963,2.512627407412981
ridge_fixed_alpha,2026-06-02 14:35:00+05:30,3,3,-2.5356272391317,-3.223416819711834
ridge_fixed_alpha,2026-06-02 14:35:00+05:30,4,3,1.2584897395320196,3.734778270001681
ridge_fixed_alpha,2026-06-02 14:35:00+05:30,5,3,5.703752047487334,9.021493717653817
ridge_fixed_alpha,2026-06-02 14:40:00+05:30,1,3,-3.65266256378353,-4.247456426230478
ridge_fixed_alpha,2026-06-02 14:40:00+05:30,2,3,5.289510430863527,8.291811280537686
ridge_fixed_alpha,2026-06-02 14:40:00+05:30,3,3,1.9877175656048964,2.4040190832388397
ridge_fixed_alpha,2026-06-02 14:40:00+05:30,4,3,0.43980341922974164,2.0423067148680474
ridge_fixed_alpha,2026-06-02 14:40:00+05:30,5,3,-4.064368851914636,0.6217708289515402
ridge_fixed_alpha,2026-06-02 14:45:00+05:30,1,3,2.0223754946498604,-2.3288206752070106
ridge_fixed_alpha,2026-06-02 14:45:00+05:30,2,3,0.026064802735037418,0.05307064494197711
ridge_fixed_alpha,2026-06-02 14:45:00+05:30,3,3,-5.9356865749575025,-4.815170410882308
ridge_fixed_alpha,2026-06-02 14:45:00+05:30,4,3,-3.7718954294389357,-3.8658634049959506
ridge_fixed_alpha,2026-06-02 14:45:00+05:30,5,3,7.659141707011541,5.737209578359215
ridge_fixed_alpha,2026-06-02 14:50:00+05:30,1,3,-3.150619992754529,-5.1617307686092255
ridge_fixed_alpha,2026-06-02 14:50:00+05:30,2,3,-6.287967368430995,-6.5565833648229725
ridge_fixed_alpha,2026-06-02 14:50:00+05:30,3,3,-0.7801757634415074,-5.282735857628025
ridge_fixed_alpha,2026-06-02 14:50:00+05:30,4,3,4.306486042689572,5.962540915013174
ridge_fixed_alpha,2026-06-02 14:50:00+05:30,5,3,5.91227708193746,5.718288941786091
ridge_fixed_alpha,2026-06-02 14:55:00+05:30,1,3,3.7829199381419865,6.836487637409849
ridge_fixed_alpha,2026-06-02 14:55:00+05:30,2,3,3.769444008985712,5.331321100779274
ridge_fixed_alpha,2026-06-02 14:55:00+05:30,3,3,-2.6216315161082804,10.491638324039876
ridge_fixed_alpha,2026-06-02 14:55:00+05:30,4,3,-2.40218814065063,-13.725240051651433
ridge_fixed_alpha,2026-06-02 14:55:00+05:30,5,3,-2.5285442903687874,-2.8027499009226626
ridge_fixed_alpha,2026-06-02 15:00:00+05:30,1,3,-14.70066759403525,-18.193528036479332
ridge_fixed_alpha,2026-06-02 15:00:00+05:30,2,3,6.988436520747767,3.826324227536482
ridge_fixed_alpha,2026-06-02 15:00:00+05:30,3,3,7.096405665593183,5.923688278686612
ridge_fixed_alpha,2026-06-02 15:00:00+05:30,4,3,-0.7613644376665003,-0.9722895637827018
ridge_fixed_alpha,2026-06-02 15:00:00+05:30,5,3,1.3771898453608014,-0.8723435070563386
ridge_fixed_alpha,2026-06-02 15:05:00+05:30,1,3,1.322297570469348,3.5994707902458067
ridge_fixed_alpha,2026-06-02 15:05:00+05:30,2,3,4.976304005385623,0.6793182066360258
ridge_fixed_alpha,2026-06-02 15:05:00+05:30,3,3,-2.841420635241102,-6.95382796249433
ridge_fixed_alpha,2026-06-02 15:05:00+05:30,4,3,-10.612606519969205,-3.2181585975183946
ridge_fixed_alpha,2026-06-02 15:05:00+05:30,5,3,7.155425579355336,7.964075739784082
ridge_fixed_alpha,2026-06-02 15:10:00+05:30,1,3,-9.83751655582569,-9.879714549374382
ridge_fixed_alpha,2026-06-02 15:10:00+05:30,2,3,8.952984600080722,2.6297590429071134
ridge_fixed_alpha,2026-06-02 15:10:00+05:30,3,3,-2.9019379789188,-3.2490162555152873
ridge_fixed_alpha,2026-06-02 15:10:00+05:30,4,3,1.9937130076931693,9.180326276452416
ridge_fixed_alpha,2026-06-02 15:10:00+05:30,5,3,1.7927569269705999,0.35079689247223134
ridge_fixed_alpha,2026-06-02 15:15:00+05:30,1,3,-6.023730693855608,-5.622984418208743
ridge_fixed_alpha,2026-06-02 15:15:00+05:30,2,3,0.7094508220295559,-4.166253473433246
ridge_fixed_alpha,2026-06-02 15:15:00+05:30,3,3,2.3040073621904966,0.7042761135112041
ridge_fixed_alpha,2026-06-02 15:15:00+05:30,4,3,-6.502819734823065,-1.8318603831957159
ridge_fixed_alpha,2026-06-02 15:15:00+05:30,5,3,9.51309224445862,8.851264359254207
ridge_fixed_alpha,2026-06-02 15:20:00+05:30,1,3,6.7520151349704065,14.425951660206179
ridge_fixed_alpha,2026-06-02 15:20:00+05:30,2,3,0.08741463283283164,7.365605359055246
ridge_fixed_alpha,2026-06-02 15:20:00+05:30,3,3,2.9897610261192904,0.9430131622355139
ridge_fixed_alpha,2026-06-02 15:20:00+05:30,4,3,-8.858273138440268,-2.9196928234810717
ridge_fixed_alpha,2026-06-02 15:20:00+05:30,5,3,-0.9709176554822578,-4.56860450241973
ridge_fixed_alpha,2026-06-03 14:15:00+05:30,1,3,7.137775523084366,4.447167341239473
ridge_fixed_alpha,2026-06-03 14:15:00+05:30,2,3,-10.011877212342831,-15.686031740861287
ridge_fixed_alpha,2026-06-03 14:15:00+05:30,3,3,6.406577056687234,7.278379543347387
ridge_fixed_alpha,2026-06-03 14:15:00+05:30,4,3,-9.7424323567011,-8.735150504996994
ridge_fixed_alpha,2026-06-03 14:15:00+05:30,5,3,6.209956989272329,7.972488021266229
ridge_fixed_alpha,2026-06-03 14:20:00+05:30,1,3,-4.49540463911724,-4.4246191544334845
ridge_fixed_alpha,2026-06-03 14:20:00+05:30,2,3,0.8264501960879582,-5.557703170457451
ridge_fixed_alpha,2026-06-03 14:20:00+05:30,3,3,5.354847308480126,4.055248110318876
ridge_fixed_alpha,2026-06-03 14:20:00+05:30,4,3,-8.379073968184306,-8.88671253425355
ridge_fixed_alpha,2026-06-03 14:20:00+05:30,5,3,6.693181102733464,7.011880526482273
ridge_fixed_alpha,2026-06-03 14:25:00+05:30,1,3,6.582570324830265,-5.812817558035421
ridge_fixed_alpha,2026-06-03 14:25:00+05:30,2,3,-8.41777230177924,-4.854026464345074
ridge_fixed_alpha,2026-06-03 14:25:00+05:30,3,3,-1.7698052396262947,-6.426606971261739
ridge_fixed_alpha,2026-06-03 14:25:00+05:30,4,3,4.290300523965617,4.900533295639553
ridge_fixed_alpha,2026-06-03 14:25:00+05:30,5,3,-0.6852933073903476,-4.879138841882513
ridge_fixed_alpha,2026-06-03 14:30:00+05:30,1,3,-1.8041761396692113,-1.2902176105219119
ridge_fixed_alpha,2026-06-03 14:30:00+05:30,2,3,-0.18189495886907436,1.0157946382186958
ridge_fixed_alpha,2026-06-03 14:30:00+05:30,3,3,4.873767867401939,5.106991864626634
ridge_fixed_alpha,2026-06-03 14:30:00+05:30,4,3,0.7446803922276736,0.16572660723227856
ridge_fixed_alpha,2026-06-03 14:30:00+05:30,5,3,-3.632377161091327,-1.9799285409201803
ridge_fixed_alpha,2026-06-03 14:35:00+05:30,1,3,-1.8051848905134007,-4.50757352023623
ridge_fixed_alpha,2026-06-03 14:35:00+05:30,2,3,-3.0316171358215627,-1.714115244791037
ridge_fixed_alpha,2026-06-03 14:35:00+05:30,3,3,13.02025290665528,8.25573839085636
ridge_fixed_alpha,2026-06-03 14:35:00+05:30,4,3,-6.254820893088152,-5.3118846277746545
ridge_fixed_alpha,2026-06-03 14:35:00+05:30,5,3,-1.9286299872321633,-2.8020544596165653
ridge_fixed_alpha,2026-06-03 14:40:00+05:30,1,3,-3.673568086685212,-1.5074814037291016
ridge_fixed_alpha,2026-06-03 14:40:00+05:30,2,3,4.422882007852384,3.185715193501674
ridge_fixed_alpha,2026-06-03 14:40:00+05:30,3,3,-1.0223045387082557,0.244101580961257
ridge_fixed_alpha,2026-06-03 14:40:00+05:30,4,3,-1.2334326013287251,-1.4488385343175056
ridge_fixed_alpha,2026-06-03 14:40:00+05:30,5,3,1.5064232188698083,0.8813912869171472
ridge_fixed_alpha,2026-06-03 14:45:00+05:30,1,3,4.091564851339176,-3.5289299791570654
ridge_fixed_alpha,2026-06-03 14:45:00+05:30,2,3,0.968270822526337,0.5049546517414222
ridge_fixed_alpha,2026-06-03 14:45:00+05:30,3,3,-0.2616606936604417,-4.472682338537333
ridge_fixed_alpha,2026-06-03 14:45:00+05:30,4,3,0.2269950570436374,7.116648303864641
ridge_fixed_alpha,2026-06-03 14:45:00+05:30,5,3,-5.025170037248708,-2.0075546558647366
ridge_fixed_alpha,2026-06-03 14:50:00+05:30,1,3,4.301755461740016,5.850927066770151
ridge_fixed_alpha,2026-06-03 14:50:00+05:30,2,3,-1.8105284866773248,-5.3245391905836215
ridge_fixed_alpha,2026-06-03 14:50:00+05:30,3,3,-2.404911674044034,-2.995968539928784
ridge_fixed_alpha,2026-06-03 14:50:00+05:30,4,3,0.5178866063488827,3.770550776083903
ridge_fixed_alpha,2026-06-03 14:50:00+05:30,5,3,-0.604201907367541,1.1327420445668146
ridge_fixed_alpha,2026-06-03 14:55:00+05:30,1,3,3.5453805750573775,-0.528371367749525
ridge_fixed_alpha,2026-06-03 14:55:00+05:30,2,3,-10.599188487097438,-19.037321785941863
ridge_fixed_alpha,2026-06-03 14:55:00+05:30,3,3,-4.452509697771371,-14.722454889841696
ridge_fixed_alpha,2026-06-03 14:55:00+05:30,4,3,3.8012421659202227,0.30772929984768105
ridge_fixed_alpha,2026-06-03 14:55:00+05:30,5,3,7.705075443891207,18.55885381370048
ridge_fixed_alpha,2026-06-03 15:00:00+05:30,1,3,-0.8215247717865044,-14.03950974993129
ridge_fixed_alpha,2026-06-03 15:00:00+05:30,2,3,-1.9680761496902268,-2.2990227492403204
ridge_fixed_alpha,2026-06-03 15:00:00+05:30,3,3,0.596213910993848,2.0115292843692067
ridge_fixed_alpha,2026-06-03 15:00:00+05:30,4,3,-1.8867449619071794,-1.632001320014398
ridge_fixed_alpha,2026-06-03 15:00:00+05:30,5,3,4.080131972390062,3.6457091453645507
ridge_fixed_alpha,2026-06-03 15:05:00+05:30,1,3,8.906390048641022,5.54699529340974
ridge_fixed_alpha,2026-06-03 15:05:00+05:30,2,3,1.4791281750080223,5.682495901192741
ridge_fixed_alpha,2026-06-03 15:05:00+05:30,3,3,2.8897093632161592,9.777538940468844
ridge_fixed_alpha,2026-06-03 15:05:00+05:30,4,3,-10.430699012905645,-5.629100175757795
ridge_fixed_alpha,2026-06-03 15:05:00+05:30,5,3,-2.8445285739595603,-8.836140357945999
ridge_fixed_alpha,2026-06-03 15:10:00+05:30,1,3,6.90130374143257,8.013721544988917
ridge_fixed_alpha,2026-06-03 15:10:00+05:30,2,3,-1.1608997742507865,2.1918083969214575
ridge_fixed_alpha,2026-06-03 15:10:00+05:30,3,3,-2.6577387427222376,-2.882838116458508
ridge_fixed_alpha,2026-06-03 15:10:00+05:30,4,3,0.7894402692120529,-3.768793503390766
ridge_fixed_alpha,2026-06-03 15:10:00+05:30,5,3,-3.8721054936716004,-0.9929617128661139
ridge_fixed_alpha,2026-06-03 15:15:00+05:30,1,3,3.013811436146726,0.7580166839842306
ridge_fixed_alpha,2026-06-03 15:15:00+05:30,2,3,-0.47066679595745653,-2.2610513837868496
ridge_fixed_alpha,2026-06-03 15:15:00+05:30,3,3,-1.889139599467201,-2.803031814343049
ridge_fixed_alpha,2026-06-03 15:15:00+05:30,4,3,-1.510476666793492,0.7258748212350952
ridge_fixed_alpha,2026-06-03 15:15:00+05:30,5,3,0.8564716260714239,-0.27100163254312193
ridge_fixed_alpha,2026-06-03 15:20:00+05:30,1,3,-4.181711818396587,5.069199788823401
ridge_fixed_alpha,2026-06-03 15:20:00+05:30,2,3,5.884874450062804,-4.869459874710843
ridge_fixed_alpha,2026-06-03 15:20:00+05:30,3,3,6.362533043551278,3.789473673639169
ridge_fixed_alpha,2026-06-03 15:20:00+05:30,4,3,-12.973208202600544,-15.565795238530928
ridge_fixed_alpha,2026-06-03 15:20:00+05:30,5,3,4.907512527383048,4.7289606849458075
ridge_fixed_alpha,2026-06-04 14:15:00+05:30,1,3,-5.385807964242373,-4.859563291304954
ridge_fixed_alpha,2026-06-04 14:15:00+05:30,2,3,0.9186859436824956,2.7400740250317726
ridge_fixed_alpha,2026-06-04 14:15:00+05:30,3,3,2.7733210410183498,4.1156592922077335
ridge_fixed_alpha,2026-06-04 14:15:00+05:30,4,3,-1.118860926691223,-1.3385051624535589
ridge_fixed_alpha,2026-06-04 14:15:00+05:30,5,3,2.8126619062327487,2.939658176783914
ridge_fixed_alpha,2026-06-04 14:20:00+05:30,1,3,0.7861159463407041,-2.9464508670717926
ridge_fixed_alpha,2026-06-04 14:20:00+05:30,2,3,-2.004792875545854,-1.5925955409912262
ridge_fixed_alpha,2026-06-04 14:20:00+05:30,3,3,2.4624871666996855,0.08054466296592011
ridge_fixed_alpha,2026-06-04 14:20:00+05:30,4,3,0.6950206389196485,1.1586546892927707
ridge_fixed_alpha,2026-06-04 14:20:00+05:30,5,3,-1.9388308764141846,-3.896389121085253
ridge_fixed_alpha,2026-06-04 14:25:00+05:30,1,3,3.072064751844443,-5.282406860896316
ridge_fixed_alpha,2026-06-04 14:25:00+05:30,2,3,-0.345924272819209,0.14852616533622698
ridge_fixed_alpha,2026-06-04 14:25:00+05:30,3,3,4.267953123897531,4.921171484549403
ridge_fixed_alpha,2026-06-04 14:25:00+05:30,4,3,1.0715847422685014,3.1093987452097682
ridge_fixed_alpha,2026-06-04 14:25:00+05:30,5,3,-8.065678345191268,-8.806626478346402
ridge_fixed_alpha,2026-06-04 14:30:00+05:30,1,3,-6.0127974117845095,-5.016575903131093
ridge_fixed_alpha,2026-06-04 14:30:00+05:30,2,3,0.9912759102791802,-3.3560844333895283
ridge_fixed_alpha,2026-06-04 14:30:00+05:30,3,3,-1.1757802313143721,-3.025890402587495
ridge_fixed_alpha,2026-06-04 14:30:00+05:30,4,3,0.9620067575987579,4.3512419640319155
ridge_fixed_alpha,2026-06-04 14:30:00+05:30,5,3,5.235294975220942,5.696910524269461
ridge_fixed_alpha,2026-06-04 14:35:00+05:30,1,3,3.333822771282246,-5.165353941250839
ridge_fixed_alpha,2026-06-04 14:35:00+05:30,2,3,-3.7293214157105856,-2.787515648410066
ridge_fixed_alpha,2026-06-04 14:35:00+05:30,3,3,-2.3022371030191704,-0.1163212134878131
ridge_fixed_alpha,2026-06-04 14:35:00+05:30,4,3,1.2290706024393008,-0.23171135092847606
ridge_fixed_alpha,2026-06-04 14:35:00+05:30,5,3,1.468665145008208,-1.0545885980393075
ridge_fixed_alpha,2026-06-04 14:40:00+05:30,1,3,-1.6426791435889172,-1.6323437580059903
ridge_fixed_alpha,2026-06-04 14:40:00+05:30,2,3,6.34883500485506,9.020316348825311
ridge_fixed_alpha,2026-06-04 14:40:00+05:30,3,3,-2.1301534064069503,-3.600869361122546
ridge_fixed_alpha,2026-06-04 14:40:00+05:30,4,3,-4.9790187447550736,-4.5901267522477545
ridge_fixed_alpha,2026-06-04 14:40:00+05:30,5,3,2.403016289895884,3.927721330046744
ridge_fixed_alpha,2026-06-04 14:45:00+05:30,1,3,3.5764816769516816,4.919275282057119
ridge_fixed_alpha,2026-06-04 14:45:00+05:30,2,3,-0.8945936358605673,3.480188518737511
ridge_fixed_alpha,2026-06-04 14:45:00+05:30,3,3,-12.351631153343664,-13.992107050787498
ridge_fixed_alpha,2026-06-04 14:45:00+05:30,4,3,4.656943222505279,6.282872641509914
ridge_fixed_alpha,2026-06-04 14:45:00+05:30,5,3,5.01279988974727,12.435670651084271
ridge_fixed_alpha,2026-06-04 14:50:00+05:30,1,3,-3.1414124952672635,-0.24270649076492867
ridge_fixed_alpha,2026-06-04 14:50:00+05:30,2,3,-6.994829330775184,-5.4265726440526265
ridge_fixed_alpha,2026-06-04 14:50:00+05:30,3,3,4.876640510137993,4.344767558306521
ridge_fixed_alpha,2026-06-04 14:50:00+05:30,4,3,-2.633131781968926,-2.8731280238124177
ridge_fixed_alpha,2026-06-04 14:50:00+05:30,5,3,7.8927330978733785,2.537823724129288
ridge_fixed_alpha,2026-06-04 14:55:00+05:30,1,3,-9.508249958242473,1.1508309516340036
ridge_fixed_alpha,2026-06-04 14:55:00+05:30,2,3,9.426050540416895,-3.8640302181368975
ridge_fixed_alpha,2026-06-04 14:55:00+05:30,3,3,-4.482292040211666,8.351246453405311
ridge_fixed_alpha,2026-06-04 14:55:00+05:30,4,3,-10.315517385708647,-17.40354296891115
ridge_fixed_alpha,2026-06-04 14:55:00+05:30,5,3,14.880008843745888,10.726317705543961
ridge_fixed_alpha,2026-06-04 15:00:00+05:30,1,3,14.592914440780518,9.010880151678316
ridge_fixed_alpha,2026-06-04 15:00:00+05:30,2,3,-13.891981926692793,-14.073908219202364
ridge_fixed_alpha,2026-06-04 15:00:00+05:30,3,3,5.903991483304118,-2.66432673991431
ridge_fixed_alpha,2026-06-04 15:00:00+05:30,4,3,-0.43935815544323237,-6.238219920187434
ridge_fixed_alpha,2026-06-04 15:00:00+05:30,5,3,-6.165565841948604,-4.436539588408579
ridge_fixed_alpha,2026-06-04 15:05:00+05:30,1,3,-12.354225327974623,-20.285360116033026
ridge_fixed_alpha,2026-06-04 15:05:00+05:30,2,3,0.3268671649638105,-4.327488896053759
ridge_fixed_alpha,2026-06-04 15:05:00+05:30,3,3,3.37030155298416,5.651128352699948
ridge_fixed_alpha,2026-06-04 15:05:00+05:30,4,3,8.260059158158086,10.861574977956664
ridge_fixed_alpha,2026-06-04 15:05:00+05:30,5,3,0.39699745186857127,-0.7592462555544945
ridge_fixed_alpha,2026-06-04 15:10:00+05:30,1,3,-5.175304675894887,-6.764388254857515
ridge_fixed_alpha,2026-06-04 15:10:00+05:30,2,3,-2.132149998525475,-3.6031336466581334
ridge_fixed_alpha,2026-06-04 15:10:00+05:30,3,3,0.20918374110282895,1.1614036640815357
ridge_fixed_alpha,2026-06-04 15:10:00+05:30,4,3,4.362901999436823,4.214856265415253
ridge_fixed_alpha,2026-06-04 15:10:00+05:30,5,3,2.7353689338807117,3.389681737432223
ridge_fixed_alpha,2026-06-04 15:15:00+05:30,1,3,0.009858476601213894,-0.5617084863342262
ridge_fixed_alpha,2026-06-04 15:15:00+05:30,2,3,-0.9407708660759494,-1.1690040930058359
ridge_fixed_alpha,2026-06-04 15:15:00+05:30,3,3,3.243674290830242,2.4664653801563428
ridge_fixed_alpha,2026-06-04 15:15:00+05:30,4,3,0.4937896856969848,1.634290264452683
ridge_fixed_alpha,2026-06-04 15:15:00+05:30,5,3,-2.806551587052489,-2.2953447351449587
ridge_fixed_alpha,2026-06-04 15:20:00+05:30,1,3,-1.4792637452670419,-6.891895464304317
ridge_fixed_alpha,2026-06-04 15:20:00+05:30,2,3,-5.763659536478653,-2.9613044610237913
ridge_fixed_alpha,2026-06-04 15:20:00+05:30,3,3,1.5637473975895766,-0.34177996267311306
ridge_fixed_alpha,2026-06-04 15:20:00+05:30,4,3,9.228668036845335,13.886983468301453
ridge_fixed_alpha,2026-06-04 15:20:00+05:30,5,3,-3.549492152689219,-4.947367741522897
ridge_fixed_alpha,2026-06-05 14:15:00+05:30,1,3,-7.477620955361088,-4.743802589660377
ridge_fixed_alpha,2026-06-05 14:15:00+05:30,2,3,-6.7558841030036145,-6.274610090616066
ridge_fixed_alpha,2026-06-05 14:15:00+05:30,3,3,1.4474478044056809,-0.3412613745265396
ridge_fixed_alpha,2026-06-05 14:15:00+05:30,4,3,2.4815935783605667,-0.9119609419369439
ridge_fixed_alpha,2026-06-05 14:15:00+05:30,5,3,10.304463675598452,16.364957699454305
ridge_fixed_alpha,2026-06-05 14:20:00+05:30,1,3,-6.040961081631214,-2.88685418524759
ridge_fixed_alpha,2026-06-05 14:20:00+05:30,2,3,-3.9436540936352857,-2.6516342678082347
ridge_fixed_alpha,2026-06-05 14:20:00+05:30,3,3,0.9511958251420252,3.1871527287266046
ridge_fixed_alpha,2026-06-05 14:20:00+05:30,4,3,9.900093325312238,12.36154983302784
ridge_fixed_alpha,2026-06-05 14:20:00+05:30,5,3,-0.8666739751877677,0.07322928949582333
ridge_fixed_alpha,2026-06-05 14:25:00+05:30,1,3,3.616515124935734,1.5568480559229325
ridge_fixed_alpha,2026-06-05 14:25:00+05:30,2,3,2.733880123301669,4.614952031458008
ridge_fixed_alpha,2026-06-05 14:25:00+05:30,3,3,-2.1549865610647565,2.3499952640453348
ridge_fixed_alpha,2026-06-05 14:25:00+05:30,4,3,-7.588124248435767,-1.2355120468361402
ridge_fixed_alpha,2026-06-05 14:25:00+05:30,5,3,3.39271556126312,4.966326405734689
ridge_fixed_alpha,2026-06-05 14:30:00+05:30,1,3,-4.600816854610705,-3.301380984347698
ridge_fixed_alpha,2026-06-05 14:30:00+05:30,2,3,10.91472589796072,5.672947840415758
ridge_fixed_alpha,2026-06-05 14:30:00+05:30,3,3,5.02003591583559,5.408918827009816
ridge_fixed_alpha,2026-06-05 14:30:00+05:30,4,3,-3.500211555981533,-5.42280643003686
ridge_fixed_alpha,2026-06-05 14:30:00+05:30,5,3,-7.8337334032040715,-8.02676478894678
ridge_fixed_alpha,2026-06-05 14:35:00+05:30,1,3,0.3340391120761543,-0.006569197218788715
ridge_fixed_alpha,2026-06-05 14:35:00+05:30,2,3,-0.9856996309161763,-1.9782046397380038
ridge_fixed_alpha,2026-06-05 14:35:00+05:30,3,3,-3.8485518144929864,-5.605669678891236
ridge_fixed_alpha,2026-06-05 14:35:00+05:30,4,3,-2.8720811991241497,-6.966537373568706
ridge_fixed_alpha,2026-06-05 14:35:00+05:30,5,3,7.372293532457165,-1.2786501337351064
ridge_fixed_alpha,2026-06-05 14:40:00+05:30,1,3,0.8379137797283065,-3.9891525913612695
ridge_fixed_alpha,2026-06-05 14:40:00+05:30,2,3,-11.26890580821131,-7.756010453530951
ridge_fixed_alpha,2026-06-05 14:40:00+05:30,3,3,5.090485585315404,3.800024789943088
ridge_fixed_alpha,2026-06-05 14:40:00+05:30,4,3,5.951850099455537,3.8281566120082684
ridge_fixed_alpha,2026-06-05 14:40:00+05:30,5,3,-0.6113436562879353,-1.0105597575757268
ridge_fixed_alpha,2026-06-05 14:45:00+05:30,1,3,4.882572147649089,4.516361213722675
ridge_fixed_alpha,2026-06-05 14:45:00+05:30,2,3,4.490340497090924,4.774938413834473
ridge_fixed_alpha,2026-06-05 14:45:00+05:30,3,3,-3.0600079574523154,0.7894271423118936
ridge_fixed_alpha,2026-06-05 14:45:00+05:30,4,3,-2.1694875406044942,-3.8953540114823326
ridge_fixed_alpha,2026-06-05 14:45:00+05:30,5,3,-4.143417146683204,-5.63463568815048
ridge_fixed_alpha,2026-06-05 14:50:00+05:30,1,3,-10.355428190393551,-12.625154126117977
ridge_fixed_alpha,2026-06-05 14:50:00+05:30,2,3,3.7127490976211304,5.300006200695817
ridge_fixed_alpha,2026-06-05 14:50:00+05:30,3,3,0.5742810323646393,0.4607862690553244
ridge_fixed_alpha,2026-06-05 14:50:00+05:30,4,3,-1.4407708713074876,-3.7798158871493737
ridge_fixed_alpha,2026-06-05 14:50:00+05:30,5,3,7.509168931715271,6.2660981660855875
ridge_fixed_alpha,2026-06-05 14:55:00+05:30,1,3,-2.751058686962645,0.6980453724793426
ridge_fixed_alpha,2026-06-05 14:55:00+05:30,2,3,12.978409591187937,16.675464545351662
ridge_fixed_alpha,2026-06-05 14:55:00+05:30,3,3,7.446442597283257,1.891638300085689
ridge_fixed_alpha,2026-06-05 14:55:00+05:30,4,3,-7.250190109739412,-9.830602102055405
ridge_fixed_alpha,2026-06-05 14:55:00+05:30,5,3,-10.42360339176914,0.39338602728770466
ridge_fixed_alpha,2026-06-05 15:00:00+05:30,1,3,-1.875418504604895,4.0458500372655415
ridge_fixed_alpha,2026-06-05 15:00:00+05:30,2,3,3.6365945716922967,-1.9577594602713244
ridge_fixed_alpha,2026-06-05 15:00:00+05:30,3,3,-11.649027791544272,-7.8612521999985585
ridge_fixed_alpha,2026-06-05 15:00:00+05:30,4,3,4.456702685625184,3.1253583360082438
ridge_fixed_alpha,2026-06-05 15:00:00+05:30,5,3,5.431149038831684,5.444465503977813
ridge_fixed_alpha,2026-06-05 15:05:00+05:30,1,3,-0.7168387258849049,-0.1758082682105458
ridge_fixed_alpha,2026-06-05 15:05:00+05:30,2,3,-3.6436894430650724,-0.8457117160624398
ridge_fixed_alpha,2026-06-05 15:05:00+05:30,3,3,0.21923526268174953,5.023389290643351
ridge_fixed_alpha,2026-06-05 15:05:00+05:30,4,3,4.043473272339708,2.3795311613535506
ridge_fixed_alpha,2026-06-05 15:05:00+05:30,5,3,0.09781963392851978,5.841517421047623
ridge_fixed_alpha,2026-06-05 15:10:00+05:30,1,3,4.778644742297426,9.124951821438687
ridge_fixed_alpha,2026-06-05 15:10:00+05:30,2,3,0.1534448163072651,-2.55339319023995
ridge_fixed_alpha,2026-06-05 15:10:00+05:30,3,3,-2.631632103399599,-4.085373274498316
ridge_fixed_alpha,2026-06-05 15:10:00+05:30,4,3,-3.985344296354813,-0.3087242789046041
ridge_fixed_alpha,2026-06-05 15:10:00+05:30,5,3,1.6848868411497206,4.5243041988773935
ridge_fixed_alpha,2026-06-05 15:15:00+05:30,1,3,-0.7602067768612087,0.282066802685573
ridge_fixed_alpha,2026-06-05 15:15:00+05:30,2,3,-1.1103461714064478,-7.836514743148429
ridge_fixed_alpha,2026-06-05 15:15:00+05:30,3,3,-6.83763160604034,-4.595331657109384
ridge_fixed_alpha,2026-06-05 15:15:00+05:30,4,3,-4.365175978788087,-5.824885057436427
ridge_fixed_alpha,2026-06-05 15:15:00+05:30,5,3,13.073360533096084,9.043738129907627
ridge_fixed_alpha,2026-06-05 15:20:00+05:30,1,3,-10.60535309687253,-9.88368160838086
ridge_fixed_alpha,2026-06-05 15:20:00+05:30,2,3,-9.498238342219523,-7.318872059132768
ridge_fixed_alpha,2026-06-05 15:20:00+05:30,3,3,2.6686572841292393,2.9679664925080416
ridge_fixed_alpha,2026-06-05 15:20:00+05:30,4,3,7.986594233395797,7.535493419489854
ridge_fixed_alpha,2026-06-05 15:20:00+05:30,5,3,9.448339921567017,6.9079998144666215
ridge_fixed_alpha,2026-06-08 14:15:00+05:30,1,3,0.47673159341384486,2.5132135578578296
ridge_fixed_alpha,2026-06-08 14:15:00+05:30,2,3,-2.9045524594596785,-2.001235353885411
ridge_fixed_alpha,2026-06-08 14:15:00+05:30,3,3,-2.0979514429391903,-1.0751668423534253
ridge_fixed_alpha,2026-06-08 14:15:00+05:30,4,3,5.861727603400683,8.208941424937777
ridge_fixed_alpha,2026-06-08 14:15:00+05:30,5,3,-1.335955294415658,2.42026832921316
ridge_fixed_alpha,2026-06-08 14:20:00+05:30,1,3,0.40561527725987057,-0.8724716871588711
ridge_fixed_alpha,2026-06-08 14:20:00+05:30,2,3,-0.8892535232596366,3.8274591592257767
ridge_fixed_alpha,2026-06-08 14:20:00+05:30,3,3,-0.20287402086112866,2.298096642774361
ridge_fixed_alpha,2026-06-08 14:20:00+05:30,4,3,-6.145266447602863,-8.703649683358128
ridge_fixed_alpha,2026-06-08 14:20:00+05:30,5,3,6.831778714463757,5.482797047420274
ridge_fixed_alpha,2026-06-08 14:25:00+05:30,1,3,-0.47867759242947727,-1.1787242066672772
ridge_fixed_alpha,2026-06-08 14:25:00+05:30,2,3,-5.162667574499643,-4.256673266611462
ridge_fixed_alpha,2026-06-08 14:25:00+05:30,3,3,-0.2801007971622305,0.16028786413061857
ridge_fixed_alpha,2026-06-08 14:25:00+05:30,4,3,6.351383645946266,8.370585828963032
ridge_fixed_alpha,2026-06-08 14:25:00+05:30,5,3,-0.4299376818549163,-2.4725519463618304
ridge_fixed_alpha,2026-06-08 14:30:00+05:30,1,3,-1.436773702686282,-1.1397875429061493
ridge_fixed_alpha,2026-06-08 14:30:00+05:30,2,3,-0.10485158665944172,0.9571302997804694
ridge_fixed_alpha,2026-06-08 14:30:00+05:30,3,3,7.315431408754161,9.366130258970115
ridge_fixed_alpha,2026-06-08 14:30:00+05:30,4,3,6.5132677110386625,5.455182281766409
ridge_fixed_alpha,2026-06-08 14:30:00+05:30,5,3,-12.287073830447103,-15.819613275282734
ridge_fixed_alpha,2026-06-08 14:35:00+05:30,1,3,-8.669072778349976,-8.039563522830973
ridge_fixed_alpha,2026-06-08 14:35:00+05:30,2,3,2.2424105308165303,6.560914310988375
ridge_fixed_alpha,2026-06-08 14:35:00+05:30,3,3,2.221348781493419,-1.9716023577827086
ridge_fixed_alpha,2026-06-08 14:35:00+05:30,4,3,-2.907636530173822,-5.458474303180028
ridge_fixed_alpha,2026-06-08 14:35:00+05:30,5,3,7.112949996213851,11.216542689797437
ridge_fixed_alpha,2026-06-08 14:40:00+05:30,1,3,4.3462719408526125,-3.1836674105916174
ridge_fixed_alpha,2026-06-08 14:40:00+05:30,2,3,-4.453120942602491,-3.517755899491881
ridge_fixed_alpha,2026-06-08 14:40:00+05:30,3,3,-2.5065659472220205,-1.366086030526903
ridge_fixed_alpha,2026-06-08 14:40:00+05:30,4,3,6.1269474670051505,4.237033584821415
ridge_fixed_alpha,2026-06-08 14:40:00+05:30,5,3,-3.513532518033251,3.567571356854593
ridge_fixed_alpha,2026-06-08 14:45:00+05:30,1,3,-1.361703782275144,-0.7201106711118843
ridge_fixed_alpha,2026-06-08 14:45:00+05:30,2,3,11.504732697839026,16.941430745948118
ridge_fixed_alpha,2026-06-08 14:45:00+05:30,3,3,-1.151071432677157,-1.7005039509221387
ridge_fixed_alpha,2026-06-08 14:45:00+05:30,4,3,-4.420282736233479,-1.3580417009106949
ridge_fixed_alpha,2026-06-08 14:45:00+05:30,5,3,-4.571674746653247,-0.7812878873347806
ridge_fixed_alpha,2026-06-08 14:50:00+05:30,1,3,-5.310462593712151,-6.813412109214194
ridge_fixed_alpha,2026-06-08 14:50:00+05:30,2,3,-5.598407574185209,-3.375582743608533
ridge_fixed_alpha,2026-06-08 14:50:00+05:30,3,3,-0.1164449016818718,8.281596781619957
ridge_fixed_alpha,2026-06-08 14:50:00+05:30,4,3,6.481255243764232,8.024557455640643
ridge_fixed_alpha,2026-06-08 14:50:00+05:30,5,3,4.544059825814997,3.3358742148062634
ridge_fixed_alpha,2026-06-08 14:55:00+05:30,1,3,-0.8024151336870258,-2.8470510090715297
ridge_fixed_alpha,2026-06-08 14:55:00+05:30,2,3,-12.010332008506543,-17.47662444835248
ridge_fixed_alpha,2026-06-08 14:55:00+05:30,3,3,3.2187345502589313,2.40228873555918
ridge_fixed_alpha,2026-06-08 14:55:00+05:30,4,3,-0.601670656974696,0.7788046180347372
ridge_fixed_alpha,2026-06-08 14:55:00+05:30,5,3,10.19568324890933,6.328086624371046
ridge_fixed_alpha,2026-06-08 15:00:00+05:30,1,3,-10.443072088361035,-5.057711650343115
ridge_fixed_alpha,2026-06-08 15:00:00+05:30,2,3,6.614810913253333,10.000380603369349
ridge_fixed_alpha,2026-06-08 15:00:00+05:30,3,3,1.677533735740866,2.137475999954249
ridge_fixed_alpha,2026-06-08 15:00:00+05:30,4,3,-6.606169961242081,-11.995906960758399
ridge_fixed_alpha,2026-06-08 15:00:00+05:30,5,3,8.75689740060892,12.348103227154924
ridge_fixed_alpha,2026-06-08 15:05:00+05:30,1,3,-2.3757956994946796,-3.1323358379437374
ridge_fixed_alpha,2026-06-08 15:05:00+05:30,2,3,-11.363684357736416,-9.101320321260356
ridge_fixed_alpha,2026-06-08 15:05:00+05:30,3,3,14.343229118053934,-1.992355216436407
ridge_fixed_alpha,2026-06-08 15:05:00+05:30,4,3,-1.9104528866252428,-2.0858003764551527
ridge_fixed_alpha,2026-06-08 15:05:00+05:30,5,3,1.3067038258024097,3.371822849919622
ridge_fixed_alpha,2026-06-08 15:10:00+05:30,1,3,7.382205355965936,3.816587388328315
ridge_fixed_alpha,2026-06-08 15:10:00+05:30,2,3,3.0345658357035323,5.342217982307569
ridge_fixed_alpha,2026-06-08 15:10:00+05:30,3,3,-2.463075114708705,-2.37776026943363
ridge_fixed_alpha,2026-06-08 15:10:00+05:30,4,3,-5.296867103038301,-5.127956439935947
ridge_fixed_alpha,2026-06-08 15:10:00+05:30,5,3,-2.6568289739224613,1.7862679514040933
ridge_fixed_alpha,2026-06-08 15:15:00+05:30,1,3,-16.31626864045669,-26.092343029756456
ridge_fixed_alpha,2026-06-08 15:15:00+05:30,2,3,-6.6761508949533255,2.5819430974473403
ridge_fixed_alpha,2026-06-08 15:15:00+05:30,3,3,3.0445635007967367,-5.390132041155201
ridge_fixed_alpha,2026-06-08 15:15:00+05:30,4,3,22.36932194800012,18.231230867758057
ridge_fixed_alpha,2026-06-08 15:15:00+05:30,5,3,-2.4214659133868413,0.29153940328000927
ridge_fixed_alpha,2026-06-08 15:20:00+05:30,1,3,-17.627243298873626,-13.217242133348295
ridge_fixed_alpha,2026-06-08 15:20:00+05:30,2,3,15.72374157994205,9.901450798754263
ridge_fixed_alpha,2026-06-08 15:20:00+05:30,3,3,-6.78546158933324,-6.491665645269151
ridge_fixed_alpha,2026-06-08 15:20:00+05:30,4,3,-3.744100360594915,-6.69416111720178
ridge_fixed_alpha,2026-06-08 15:20:00+05:30,5,3,12.433063668859733,12.403194798226602
ridge_fixed_alpha,2026-06-09 14:15:00+05:30,1,3,-1.9380570109971034,0.9780638979777954
ridge_fixed_alpha,2026-06-09 14:15:00+05:30,2,3,-0.7549117201124387,0.5417660003542344
ridge_fixed_alpha,2026-06-09 14:15:00+05:30,3,3,-1.1763414156809036,-0.30478236006718307
ridge_fixed_alpha,2026-06-09 14:15:00+05:30,4,3,0.23455690174271454,1.5546533171323005
ridge_fixed_alpha,2026-06-09 14:15:00+05:30,5,3,3.634753245047732,-0.02331078490295591
ridge_fixed_alpha,2026-06-09 14:20:00+05:30,1,3,0.3091913849624368,2.965244458200233
ridge_fixed_alpha,2026-06-09 14:20:00+05:30,2,3,0.5634355524615215,0.8981764087996331
ridge_fixed_alpha,2026-06-09 14:20:00+05:30,3,3,4.0558153318766,5.773227924682045
ridge_fixed_alpha,2026-06-09 14:20:00+05:30,4,3,-0.5317032968858997,0.8619934317206641
ridge_fixed_alpha,2026-06-09 14:20:00+05:30,5,3,-4.39673897241466,5.833760027498913
ridge_fixed_alpha,2026-06-09 14:25:00+05:30,1,3,-2.060087080347476,-3.6739216667625767
ridge_fixed_alpha,2026-06-09 14:25:00+05:30,2,3,6.32644210049745,5.1201589914261865
ridge_fixed_alpha,2026-06-09 14:25:00+05:30,3,3,-1.8402216322285594,-1.4421561268019485
ridge_fixed_alpha,2026-06-09 14:25:00+05:30,4,3,0.876307887223445,1.7339543905380654
ridge_fixed_alpha,2026-06-09 14:25:00+05:30,5,3,-3.302441275144859,1.6520093419069386
ridge_fixed_alpha,2026-06-09 14:30:00+05:30,1,3,1.4322052723372272,1.8687465113478288
ridge_fixed_alpha,2026-06-09 14:30:00+05:30,2,3,6.345545302571289,2.7423467632594614
ridge_fixed_alpha,2026-06-09 14:30:00+05:30,3,3,-5.0091850346916855,-5.597135113698305
ridge_fixed_alpha,2026-06-09 14:30:00+05:30,4,3,2.0342428830376247,-2.3804043299255904
ridge_fixed_alpha,2026-06-09 14:30:00+05:30,5,3,-4.8028084232544614,-6.9425040405266545
ridge_fixed_alpha,2026-06-09 14:35:00+05:30,1,3,0.5431043862795063,2.792686834286462
ridge_fixed_alpha,2026-06-09 14:35:00+05:30,2,3,1.7075670871942914,2.1718381140212184
ridge_fixed_alpha,2026-06-09 14:35:00+05:30,3,3,0.24175707660371398,10.683125245828373
ridge_fixed_alpha,2026-06-09 14:35:00+05:30,4,3,1.1201837886857617,-3.9148675357092433
ridge_fixed_alpha,2026-06-09 14:35:00+05:30,5,3,-3.612612338763273,-2.2026150793308386
ridge_fixed_alpha,2026-06-09 14:40:00+05:30,1,3,-3.0600396045226876,-5.530173842086317
ridge_fixed_alpha,2026-06-09 14:40:00+05:30,2,3,1.639160391811482,4.496215176850393
ridge_fixed_alpha,2026-06-09 14:40:00+05:30,3,3,-3.3106764689595867,-3.2832041851524885
ridge_fixed_alpha,2026-06-09 14:40:00+05:30,4,3,1.0001148268296374,4.908133713075413
ridge_fixed_alpha,2026-06-09 14:40:00+05:30,5,3,3.7314408548411544,4.745574995448587
ridge_fixed_alpha,2026-06-09 14:45:00+05:30,1,3,-3.1463940467360754,-4.502930533475317
ridge_fixed_alpha,2026-06-09 14:45:00+05:30,2,3,-9.246209852169063,-12.371950378231503
ridge_fixed_alpha,2026-06-09 14:45:00+05:30,3,3,-2.3762557943691758,-2.311223567980007
ridge_fixed_alpha,2026-06-09 14:45:00+05:30,4,3,10.26387312247549,15.262299531891918
ridge_fixed_alpha,2026-06-09 14:45:00+05:30,5,3,4.504986570798822,0.5567815304020245
ridge_fixed_alpha,2026-06-09 14:50:00+05:30,1,3,3.7246747417973847,10.039232573246792
ridge_fixed_alpha,2026-06-09 14:50:00+05:30,2,3,-3.9660040391387152,-10.548334912535706
ridge_fixed_alpha,2026-06-09 14:50:00+05:30,3,3,-0.34811111645753157,-2.000199032716754
ridge_fixed_alpha,2026-06-09 14:50:00+05:30,4,3,-5.650451244351892,-1.878430093733563
ridge_fixed_alpha,2026-06-09 14:50:00+05:30,5,3,6.2398916581507535,6.8182288667384405
ridge_fixed_alpha,2026-06-09 14:55:00+05:30,1,3,-3.8755429536825314,-1.4707357492415403
ridge_fixed_alpha,2026-06-09 14:55:00+05:30,2,3,15.40334507953478,15.698072403173077
ridge_fixed_alpha,2026-06-09 14:55:00+05:30,3,3,-4.903042272933404,-4.469168128062788
ridge_fixed_alpha,2026-06-09 14:55:00+05:30,4,3,-11.136717330504661,-10.53244757831188
ridge_fixed_alpha,2026-06-09 14:55:00+05:30,5,3,4.511957477585815,11.767254793109213
ridge_fixed_alpha,2026-06-09 15:00:00+05:30,1,3,8.719069647824465,6.170160558217915
ridge_fixed_alpha,2026-06-09 15:00:00+05:30,2,3,3.980181893438849,8.754783390411433
ridge_fixed_alpha,2026-06-09 15:00:00+05:30,3,3,2.4784664410581283,2.961826526843033
ridge_fixed_alpha,2026-06-09 15:00:00+05:30,4,3,-12.149626988669764,-16.029957797117614
ridge_fixed_alpha,2026-06-09 15:00:00+05:30,5,3,-3.028090993651682,-3.18567943519669
ridge_fixed_alpha,2026-06-09 15:05:00+05:30,1,3,-9.035645715418447,-10.322970081762788
ridge_fixed_alpha,2026-06-09 15:05:00+05:30,2,3,-3.170312700820984,-4.8652431822712545
ridge_fixed_alpha,2026-06-09 15:05:00+05:30,3,3,2.708764552671623,-0.256342305941774
ridge_fixed_alpha,2026-06-09 15:05:00+05:30,4,3,11.9882254368134,16.163066791248532
ridge_fixed_alpha,2026-06-09 15:05:00+05:30,5,3,-2.4910315732455954,5.5366652390856546
ridge_fixed_alpha,2026-06-09 15:10:00+05:30,1,3,-2.7150158481982576,2.033319668301855
ridge_fixed_alpha,2026-06-09 15:10:00+05:30,2,3,-5.504631668928672,-10.037596347507597
ridge_fixed_alpha,2026-06-09 15:10:00+05:30,3,3,0.01743537585922478,0.5352049710381687
ridge_fixed_alpha,2026-06-09 15:10:00+05:30,4,3,4.12027286168352,3.6868193308579786
ridge_fixed_alpha,2026-06-09 15:10:00+05:30,5,3,4.081939279584187,0.5723864262029051
ridge_fixed_alpha,2026-06-09 15:15:00+05:30,1,3,-5.864510653236749,-0.008003637843738464
ridge_fixed_alpha,2026-06-09 15:15:00+05:30,2,3,5.975767163630537,1.311355189421566
ridge_fixed_alpha,2026-06-09 15:15:00+05:30,3,3,1.9016456752221071,5.896851868041193
ridge_fixed_alpha,2026-06-09 15:15:00+05:30,4,3,5.75524145230899,4.246157094111987
ridge_fixed_alpha,2026-06-09 15:15:00+05:30,5,3,-7.768143637924885,-10.863897952386884
ridge_fixed_alpha,2026-06-09 15:20:00+05:30,1,3,-4.9608680748836065,-6.968598273603041
ridge_fixed_alpha,2026-06-09 15:20:00+05:30,2,3,-5.556365925837304,-6.8717555522475795
ridge_fixed_alpha,2026-06-09 15:20:00+05:30,3,3,-0.020783952733676152,4.43456372933119
ridge_fixed_alpha,2026-06-09 15:20:00+05:30,4,3,1.3352934912724812,0.978310085834414
ridge_fixed_alpha,2026-06-09 15:20:00+05:30,5,3,9.202724462182102,6.087553899830992
